item,truth
0,0
1,4
2,1
3,2
4,7
5,9
6,7
7,1
8,1
9,7
10,1
11,3
12,4
13,2
14,6
15,4
16,6
17,7
18,3
19,3
20,7
21,0
22,5
23,7
24,6
25,5
26,6
27,4
28,7
29,4
30,3
31,5
32,0
33,1
34,4
35,6
36,3
37,9
38,4
39,5
40,8
41,0
42,9
43,6
44,0
45,9
46,7
47,5
48,7
49,1
50,0
51,1
52,3
53,5
54,5
55,0
56,5
57,0
58,0
59,3
60,7
61,5
62,1
63,8
64,4
65,5
66,2
67,8
68,2
69,4
70,4
71,4
72,3
73,4
74,3
75,4
76,5
77,0
78,8
79,4
80,0
81,5
82,2
83,0
84,4
85,9
86,7
87,2
88,1
89,5
90,1
91,0
92,7
93,5
94,4
95,0
96,4
97,4
98,7
99,8
100,7
101,1
102,3
103,7
104,0
105,8
106,0
107,8
108,2
109,9
110,1
111,9
112,3
113,6
114,6
115,6
116,4
117,2
118,4
119,1
120,8
121,0
122,2
123,1
124,1
125,1
126,6
127,4
128,9
129,3
130,3
131,2
132,3
133,8
134,9
135,6
136,7
137,0
138,8
139,3
140,1
141,8
142,3
143,7
144,0
145,5
146,9
147,1
148,2
149,3
150,4
151,5
152,7
153,0
154,3
155,0
156,7
157,1
158,9
159,2
160,7
161,3
162,2
163,5
164,5
165,5
166,6
167,1
168,8
169,8
170,1
171,3
172,1
173,9
174,2
175,6
176,5
177,7
178,5
179,3
180,4
181,7
182,9
183,1
184,8
185,3
186,1
187,7
188,0
189,8
190,8
191,2
192,5
193,4
194,4
195,5
196,6
197,8
198,1
199,6
200,1
201,6
202,1
203,4
204,8
205,8
206,7
207,0
208,7
209,3
210,6
211,4
212,0
213,3
214,1
215,4
216,6
217,4
218,7
219,5
220,0
221,1
222,7
223,9
224,9
225,9
226,9
227,8
228,8
229,7
230,6
231,3
232,9
233,2
234,6
235,3
236,7
237,8
238,4
239,7
240,2
241,8
242,3
243,8
244,3
245,2
246,4
247,0
248,6
249,0
250,8
251,9
252,7
253,7
254,8
255,0
256,3
257,3
258,4
259,8
260,4
261,7
262,4
263,4
264,3
265,4
266,3
267,6
268,8
269,4
270,8
271,4
272,7
273,9
274,0
275,2
276,8
277,0
278,2
279,2
280,6
281,4
282,2
283,8
284,3
285,6
286,5
287,9
288,7
289,3
290,0
291,4
292,3
293,0
294,9
295,2
296,0
297,2
298,5
299,3
300,1
301,3
302,1
303,9
304,6
305,4
306,1
307,8
308,2
309,2
310,7
311,5
312,7
313,6
314,8
315,6
316,8
317,3
318,2
319,2
320,2
321,8
322,8
323,0
324,7
325,7
326,9
327,8
328,8
329,4
330,3
331,9
332,3
333,3
334,8
335,8
336,7
337,3
338,6
339,6
340,9
341,1
342,8
343,7
344,2
345,4
346,7
347,9
348,5
349,8
350,3
351,4
352,2
353,7
354,3
355,1
356,7
357,2
358,3
359,9
360,0
361,7
362,5
363,9
364,3
365,0
366,8
367,0
368,2
369,3
370,7
371,6
372,4
373,7
374,8
375,4
376,4
377,7
378,4
379,5
380,3
381,9
382,2
383,5
384,9
385,8
386,7
387,6
388,4
389,1
390,1
391,6
392,5
393,6
394,8
395,1
396,3
397,7
398,1
399,1
400,1
401,5
402,8
403,9
404,5
405,6
406,0
407,8
408,4
409,6
410,7
411,2
412,9
413,7
414,8
415,5
416,2
417,7
418,0
419,3
420,7
421,6
422,3
423,5
424,6
425,5
426,5
427,8
428,2
429,9
430,0
431,2
432,4
433,3
434,1
435,2
436,8
437,8
438,0
439,2
440,9
441,5
442,5
443,8
444,8
445,0
446,8
447,1
448,8
449,7
450,3
451,5
452,9
453,7
454,0
455,7
456,1
457,4
458,0
459,2
460,9
461,9
462,2
463,8
464,3
465,6
466,6
467,8
468,6
469,8
470,5
471,2
472,1
473,1
474,7
475,1
476,3
477,2
478,2
479,5
480,8
481,9
482,0
483,9
484,4
485,4
486,2
487,2
488,8
489,7
490,4
491,0
492,0
493,4
494,5
495,0
496,0
497,0
498,9
499,5
500,1
501,8
502,7
503,9
504,3
505,4
506,4
507,4
508,7
509,7
510,1
511,9
512,6
513,1
514,9
515,6
516,3
517,2
518,1
519,5
520,0
521,2
522,4
523,9
524,3
525,4
526,1
527,7
528,3
529,2
530,6
531,6
532,7
533,2
534,7
535,3
536,1
537,4
538,7
539,8
540,2
541,6
542,3
543,5
544,9
545,6
546,7
547,9
548,2
549,6
550,0
551,6
552,3
553,3
554,6
555,7
556,1
557,8
558,2
559,3
560,1
561,1
562,3
563,6
564,1
565,9
566,9
567,9
568,3
569,1
570,6
571,8
572,3
573,2
574,0
575,7
576,8
577,5
578,1
579,9
580,1
581,8
582,1
583,5
584,8
585,1
586,2
587,6
588,8
589,0
590,6
591,9
592,7
593,0
594,5
595,2
596,6
597,5
598,7
599,7
600,3
601,4
602,2
603,7
604,9
605,5
606,6
607,7
608,6
609,6
610,3
611,7
612,6
613,1
614,1
615,1
616,9
617,4
618,3
619,8
620,6
621,8
622,6
623,2
624,9
625,7
626,8
627,2
628,6
629,0
630,1
631,3
632,7
633,0
634,3
635,8
636,7
637,6
638,8
639,7
640,3
641,0
642,4
643,1
644,8
645,7
646,9
647,9
648,3
649,9
650,7
651,1
652,1
653,3
654,8
655,9
656,6
657,3
658,0
659,0
660,0
661,7
662,2
663,2
664,3
665,4
666,1
667,2
668,8
669,3
670,4
671,7
672,8
673,3
674,8
675,3
676,3
677,8
678,8
679,4
680,5
681,5
682,8
683,4
684,3
685,9
686,1
687,7
688,6
689,7
690,7
691,0
692,6
693,7
694,1
695,5
696,3
697,6
698,8
699,4
700,8
701,5
702,7
703,9
704,8
705,2
706,6
707,7
708,6
709,8
710,5
711,4
712,0
713,6
714,5
715,7
716,2
717,6
718,8
719,2
720,7
721,1
722,9
723,4
724,5
725,8
726,4
727,9
728,3
729,7
730,3
731,6
732,9
733,8
734,7
735,8
736,6
737,4
738,3
739,1
740,9
741,1
742,8
743,9
744,8
745,8
746,8
747,8
748,0
749,8
750,5
751,1
752,1
753,1
754,5
755,8
756,3
757,6
758,2
759,5
760,9
761,0
762,2
763,7
764,0
765,1
766,8
767,4
768,3
769,6
770,7
771,0
772,5
773,2
774,2
775,6
776,6
777,9
778,2
779,6
780,7
781,7
782,7
783,4
784,1
785,0
786,5
787,8
788,7
789,1
790,9
791,9
792,1
793,2
794,7
795,9
796,8
797,5
798,8
799,8
800,6
801,5
802,5
803,5
804,9
805,1
806,0
807,9
808,1
809,1
810,6
811,0
812,6
813,2
814,9
815,3
816,5
817,1
818,3
819,5
820,9
821,8
822,8
823,9
824,8
825,2
826,2
827,6
828,0
829,1
830,8
831,7
832,6
833,8
834,2
835,9
836,5
837,6
838,4
839,0
840,8
841,6
842,0
843,6
844,6
845,4
846,9
847,6
848,2
849,4
850,5
851,2
852,2
853,3
854,2
855,0
856,8
857,2
858,6
859,6
860,7
861,8
862,8
863,3
864,5
865,0
866,7
867,7
868,4
869,1
870,6
871,1
872,3
873,8
874,7
875,5
876,1
877,5
878,9
879,6
880,7
881,3
882,4
883,6
884,6
885,0
886,3
887,5
888,2
889,2
890,6
891,6
892,9
893,7
894,3
895,7
896,7
897,5
898,7
899,0
900,4
901,3
902,2
903,3
904,6
905,3
906,6
907,8
908,0
909,7
910,8
911,9
912,2
913,6
914,8
915,0
916,9
917,9
918,0
919,4
920,8
921,1
922,9
923,3
924,4
925,8
926,4
927,3
928,2
929,1
930,8
931,8
932,5
933,3
934,7
935,9
936,6
937,8
938,2
939,6
940,5
941,9
942,5
943,7
944,9
945,4
946,6
947,6
948,0
949,4
950,9
951,5
952,9
953,4
954,0
955,8
956,5
957,2
958,0
959,5
960,1
961,7
962,1
963,5
964,9
965,1
966,8
967,6
968,1
969,7
970,4
971,6
972,0
973,0
974,4
975,3
976,4
977,0
978,0
979,1
980,0
981,2
982,9
983,4
984,7
985,4
986,9
987,2
988,4
989,2
990,4
991,6
992,4
993,9
994,6
995,4
996,0
997,0
998,8
999,0
1000,1
1001,7
1002,3
1003,3
1004,5
1005,1
1006,9
1007,7
1008,2
1009,8
1010,2
1011,0
1012,7
1013,0
1014,1
1015,1
1016,7
1017,2
1018,4
1019,9
1020,2
1021,3
1022,9
1023,7
1024,3
1025,6
1026,6
1027,5
1028,8
1029,9
1030,4
1031,9
1032,8
1033,8
1034,3
1035,6
1036,5
1037,8
1038,8
1039,0
1040,1
1041,6
1042,7
1043,1
1044,9
1045,8
1046,6
1047,7
1048,4
1049,5
1050,3
1051,9
1052,1
1053,4
1054,3
1055,8
1056,6
1057,8
1058,8
1059,9
1060,3
1061,4
1062,4
1063,2
1064,3
1065,8
1066,6
1067,3
1068,9
1069,2
1070,9
1071,7
1072,1
1073,1
1074,5
1075,7
1076,9
1077,5
1078,1
1079,2
1080,5
1081,2
1082,6
1083,0
1084,3
1085,8
1086,2
1087,8
1088,3
1089,1
1090,6
1091,1
1092,2
1093,8
1094,4
1095,9
1096,1
1097,4
1098,1
1099,3
1100,0
1101,1
1102,2
1103,8
1104,9
1105,1
1106,1
1107,0
1108,1
1109,6
1110,2
1111,6
1112,4
1113,7
1114,8
1115,1
1116,6
1117,0
1118,0
1119,0
1120,7
1121,0
1122,6
1123,1
1124,9
1125,2
1126,2
1127,7
1128,0
1129,7
1130,0
1131,5
1132,0
1133,2
1134,0
1135,7
1136,2
1137,2
1138,7
1139,7
1140,9
1141,1
1142,2
1143,7
1144,8
1145,2
1146,7
1147,0
1148,5
1149,7
1150,0
1151,5
1152,4
1153,4
1154,6
1155,2
1156,1
1157,1
1158,1
1159,8
1160,7
1161,1
1162,3
1163,0
1164,8
1165,4
1166,6
1167,1
1168,4
1169,3
1170,5
1171,1
1172,9
1173,1
1174,0
1175,2
1176,4
1177,0
1178,2
1179,9
1180,9
1181,5
1182,0
1183,3
1184,9
1185,8
1186,8
1187,1
1188,9
1189,8
1190,9
1191,2
1192,5
1193,1
1194,6
1195,7
1196,5
1197,4
1198,9
1199,0
1200,0
1201,4
1202,5
1203,8
1204,2
1205,0
1206,6
1207,9
1208,2
1209,1
1210,1
1211,2
1212,2
1213,6
1214,4
1215,1
1216,9
1217,0
1218,3
1219,5
1220,9
1221,3
1222,4
1223,3
1224,6
1225,5
1226,9
1227,2
1228,0
1229,7
1230,0
1231,1
1232,4
1233,6
1234,7
1235,1
1236,0
1237,6
1238,2
1239,5
1240,1
1241,4
1242,2
1243,7
1244,9
1245,6
1246,1
1247,9
1248,7
1249,2
1250,9
1251,4
1252,2
1253,8
1254,1
1255,4
1256,1
1257,7
1258,2
1259,1
1260,2
1261,1
1262,4
1263,4
1264,4
1265,0
1266,7
1267,7
1268,7
1269,7
1270,1
1271,7
1272,4
1273,1
1274,3
1275,2
1276,3
1277,9
1278,2
1279,4
1280,8
1281,6
1282,1
1283,8
1284,6
1285,1
1286,1
1287,2
1288,2
1289,7
1290,5
1291,2
1292,0
1293,2
1294,8
1295,9
1296,8
1297,6
1298,2
1299,0
1300,4
1301,5
1302,2
1303,8
1304,0
1305,0
1306,9
1307,1
1308,9
1309,1
1310,0
1311,2
1312,2
1313,0
1314,3
1315,4
1316,1
1317,0
1318,9
1319,2
1320,9
1321,6
1322,1
1323,4
1324,6
1325,0
1326,8
1327,1
1328,1
1329,1
1330,6
1331,5
1332,4
1333,3
1334,8
1335,5
1336,2
1337,2
1338,7
1339,8
1340,4
1341,0
1342,8
1343,1
1344,0
1345,8
1346,8
1347,6
1348,1
1349,9
1350,6
1351,0
1352,7
1353,2
1354,9
1355,9
1356,8
1357,1
1358,1
1359,2
1360,9
1361,6
1362,2
1363,1
1364,3
1365,4
1366,0
1367,4
1368,0
1369,7
1370,9
1371,9
1372,2
1373,2
1374,4
1375,2
1376,7
1377,7
1378,1
1379,5
1380,3
1381,7
1382,1
1383,4
1384,3
1385,7
1386,7
1387,1
1388,2
1389,2
1390,1
1391,8
1392,9
1393,7
1394,4
1395,5
1396,0
1397,4
1398,9
1399,7
1400,8
1401,7
1402,1
1403,6
1404,5
1405,2
1406,0
1407,0
1408,0
1409,4
1410,2
1411,2
1412,7
1413,2
1414,0
1415,2
1416,4
1417,2
1418,7
1419,3
1420,8
1421,2
1422,0
1423,1
1424,2
1425,3
1426,3
1427,4
1428,8
1429,5
1430,4
1431,7
1432,5
1433,1
1434,6
1435,8
1436,5
1437,4
1438,4
1439,9
1440,0
1441,2
1442,2
1443,3
1444,5
1445,4
1446,8
1447,8
1448,7
1449,6
1450,2
1451,7
1452,9
1453,3
1454,6
1455,5
1456,1
1457,4
1458,2
1459,4
1460,9
1461,4
1462,0
1463,7
1464,9
1465,0
1466,3
1467,3
1468,6
1469,1
1470,3
1471,3
1472,4
1473,9
1474,3
1475,4
1476,6
1477,1
1478,2
1479,1
1480,6
1481,1
1482,9
1483,5
1484,9
1485,6
1486,9
1487,5
1488,0
1489,9
1490,3
1491,0
1492,7
1493,8
1494,3
1495,6
1496,3
1497,0
1498,1
1499,1
1500,7
1501,5
1502,9
1503,5
1504,8
1505,1
1506,4
1507,4
1508,1
1509,7
1510,7
1511,2
1512,6
1513,6
1514,1
1515,0
1516,9
1517,0
1518,0
1519,9
1520,5
1521,4
1522,1
1523,0
1524,8
1525,4
1526,2
1527,8
1528,9
1529,8
1530,7
1531,8
1532,7
1533,6
1534,6
1535,1
1536,3
1537,4
1538,6
1539,3
1540,2
1541,0
1542,0
1543,7
1544,2
1545,1
1546,8
1547,5
1548,5
1549,2
1550,3
1551,0
1552,1
1553,5
1554,9
1555,6
1556,5
1557,0
1558,6
1559,8
1560,9
1561,5
1562,1
1563,1
1564,2
1565,5
1566,7
1567,3
1568,7
1569,8
1570,7
1571,4
1572,4
1573,8
1574,7
1575,2
1576,0
1577,4
1578,0
1579,1
1580,8
1581,5
1582,0
1583,4
1584,6
1585,7
1586,1
1587,0
1588,9
1589,2
1590,7
1591,2
1592,4
1593,3
1594,7
1595,7
1596,3
1597,7
1598,9
1599,1
1600,5
1601,9
1602,0
1603,5
1604,5
1605,2
1606,2
1607,6
1608,6
1609,8
1610,7
1611,4
1612,3
1613,5
1614,5
1615,6
1616,3
1617,6
1618,4
1619,3
1620,8
1621,9
1622,0
1623,8
1624,5
1625,7
1626,0
1627,5
1628,1
1629,7
1630,1
1631,2
1632,1
1633,6
1634,0
1635,9
1636,0
1637,6
1638,2
1639,7
1640,5
1641,2
1642,9
1643,4
1644,8
1645,0
1646,3
1647,5
1648,5
1649,0
1650,5
1651,9
1652,2
1653,9
1654,7
1655,3
1656,1
1657,7
1658,2
1659,2
1660,4
1661,5
1662,9
1663,0
1664,7
1665,9
1666,2
1667,8
1668,1
1669,5
1670,5
1671,1
1672,3
1673,5
1674,9
1675,8
1676,1
1677,6
1678,3
1679,3
1680,7
1681,8
1682,6
1683,6
1684,8
1685,5
1686,3
1687,7
1688,0
1689,1
1690,4
1691,7
1692,2
1693,0
1694,9
1695,0
1696,8
1697,5
1698,3
1699,0
1700,9
1701,7
1702,9
1703,0
1704,7
1705,6
1706,2
1707,3
1708,6
1709,0
1710,7
1711,9
1712,2
1713,9
1714,0
1715,5
1716,9
1717,7
1718,0
1719,5
1720,2
1721,2
1722,6
1723,4
1724,2
1725,3
1726,0
1727,5
1728,5
1729,9
1730,2
1731,9
1732,9
1733,1
1734,0
1735,9
1736,1
1737,4
1738,0
1739,2
1740,0
1741,7
1742,1
1743,0
1744,4
1745,1
1746,9
1747,5
1748,0
1749,6
1750,7
1751,9
1752,1
1753,9
1754,3
1755,7
1756,1
1757,8
1758,3
1759,9
1760,0
1761,7
1762,4
1763,1
1764,4
1765,4
1766,8
1767,7
1768,2
1769,2
1770,8
1771,6
1772,3
1773,4
1774,8
1775,2
1776,6
1777,6
1778,9
1779,7
1780,9
1781,1
1782,8
1783,1
1784,9
1785,3
1786,4
1787,4
1788,6
1789,3
1790,2
1791,3
1792,6
1793,1
1794,1
1795,6
1796,1
1797,1
1798,9
1799,7
1800,4
1801,1
1802,8
1803,5
1804,4
1805,1
1806,0
1807,4
1808,7
1809,6
1810,7
1811,0
1812,8
1813,7
1814,8
1815,5
1816,4
1817,1
1818,1
1819,3
1820,7
1821,3
1822,2
1823,1
1824,3
1825,8
1826,0
1827,8
1828,9
1829,3
1830,6
1831,6
1832,8
1833,0
1834,3
1835,7
1836,5
1837,0
1838,1
1839,9
1840,9
1841,2
1842,7
1843,1
1844,9
1845,1
1846,4
1847,8
1848,6
1849,8
1850,7
1851,5
1852,1
1853,4
1854,5
1855,5
1856,9
1857,5
1858,6
1859,9
1860,8
1861,1
1862,4
1863,2
1864,8
1865,5
1866,2
1867,3
1868,2
1869,2
1870,7
1871,5
1872,4
1873,0
1874,6
1875,8
1876,9
1877,9
1878,4
1879,4
1880,4
1881,0
1882,2
1883,7
1884,1
1885,0
1886,7
1887,6
1888,4
1889,2
1890,2
1891,2
1892,4
1893,9
1894,9
1895,3
1896,0
1897,5
1898,2
1899,0
1900,2
1901,8
1902,3
1903,2
1904,7
1905,0
1906,0
1907,9
1908,2
1909,4
1910,2
1911,1
1912,8
1913,1
1914,7
1915,8
1916,2
1917,9
1918,8
1919,3
1920,5
1921,6
1922,0
1923,8
1924,7
1925,6
1926,4
1927,1
1928,7
1929,8
1930,6
1931,6
1932,9
1933,1
1934,3
1935,4
1936,9
1937,0
1938,0
1939,6
1940,7
1941,1
1942,3
1943,7
1944,2
1945,6
1946,1
1947,2
1948,5
1949,2
1950,8
1951,0
1952,6
1953,9
1954,0
1955,9
1956,7
1957,6
1958,0
1959,2
1960,4
1961,3
1962,8
1963,9
1964,2
1965,5
1966,8
1967,8
1968,1
1969,0
1970,9
1971,7
1972,2
1973,3
1974,6
1975,9
1976,5
1977,8
1978,5
1979,5
1980,4
1981,7
1982,9
1983,0
1984,0
1985,1
1986,4
1987,8
1988,7
1989,8
1990,9
1991,8
1992,8
1993,9
1994,9
1995,0
1996,6
1997,8
1998,7
1999,2
2000,7
2001,8
2002,1
2003,9
2004,3
2005,7
2006,9
2007,4
2008,9
2009,6
2010,9
2011,3
2012,0
2013,3
2014,7
2015,1
2016,4
2017,3
2018,2
2019,2
2020,6
2021,6
2022,2
2023,7
2024,4
2025,9
2026,4
2027,3
2028,5
2029,3
2030,5
2031,8
2032,8
2033,2
2034,2
2035,6
2036,0
2037,3
2038,4
2039,2
2040,8
2041,0
2042,1
2043,6
2044,0
2045,6
2046,4
2047,7
2048,1
2049,4
2050,8
2051,3
2052,1
2053,3
2054,2
2055,9
2056,5
2057,6
2058,8
2059,4
2060,9
2061,7
2062,7
2063,2
2064,7
2065,2
2066,9
2067,7
2068,0
2069,8
2070,0
2071,2
2072,1
2073,1
2074,6
2075,7
2076,4
2077,3
2078,9
2079,1
2080,9
2081,1
2082,0
2083,7
2084,3
2085,8
2086,4
2087,0
2088,6
2089,1
2090,0
2091,9
2092,1
2093,9
2094,5
2095,2
2096,9
2097,9
2098,7
2099,4
2100,2
2101,5
2102,6
2103,0
2104,0
2105,9
2106,5
2107,9
2108,6
2109,4
2110,9
2111,7
2112,6
2113,7
2114,4
2115,2
2116,6
2117,9
2118,1
2119,8
2120,9
2121,6
2122,8
2123,2
2124,7
2125,3
2126,8
2127,2
2128,6
2129,9
2130,1
2131,2
2132,4
2133,5
2134,1
2135,8
2136,4
2137,2
2138,9
2139,6
2140,9
2141,9
2142,9
2143,7
2144,6
2145,4
2146,8
2147,1
2148,7
2149,0
2150,1
2151,2
2152,9
2153,5
2154,2
2155,6
2156,1
2157,9
2158,7
2159,3
2160,1
2161,7
2162,4
2163,6
2164,0
2165,7
2166,2
2167,6
2168,0
2169,0
2170,0
2171,4
2172,8
2173,6
2174,2
2175,5
2176,5
2177,3
2178,0
2179,7
2180,0
2181,1
2182,8
2183,0
2184,2
2185,7
2186,2
2187,0
2188,5
2189,1
2190,2
2191,0
2192,3
2193,1
2194,6
2195,5
2196,0
2197,7
2198,3
2199,0
2200,5
2201,8
2202,7
2203,2
2204,8
2205,8
2206,4
2207,4
2208,8
2209,0
2210,0
2211,0
2212,3
2213,8
2214,7
2215,9
2216,9
2217,9
2218,4
2219,7
2220,5
2221,1
2222,7
2223,7
2224,0
2225,4
2226,6
2227,3
2228,4
2229,8
2230,0
2231,8
2232,8
2233,6
2234,2
2235,7
2236,9
2237,2
2238,1
2239,6
2240,6
2241,3
2242,4
2243,3
2244,8
2245,7
2246,1
2247,7
2248,2
2249,0
2250,0
2251,2
2252,3
2253,1
2254,6
2255,6
2256,8
2257,4
2258,0
2259,0
2260,6
2261,4
2262,0
2263,3
2264,1
2265,8
2266,1
2267,3
2268,9
2269,6
2270,8
2271,5
2272,0
2273,7
2274,3
2275,5
2276,7
2277,3
2278,8
2279,1
2280,4
2281,7
2282,5
2283,3
2284,8
2285,4
2286,6
2287,3
2288,1
2289,9
2290,2
2291,6
2292,1
2293,0
2294,5
2295,4
2296,9
2297,7
2298,2
2299,0
2300,9
2301,2
2302,8
2303,5
2304,4
2305,2
2306,6
2307,4
2308,7
2309,5
2310,9
2311,6
2312,0
2313,6
2314,7
2315,7
2316,2
2317,6
2318,7
2319,7
2320,7
2321,8
2322,0
2323,5
2324,9
2325,3
2326,6
2327,7
2328,1
2329,3
2330,0
2331,5
2332,7
2333,6
2334,0
2335,1
2336,9
2337,4
2338,6
2339,7
2340,2
2341,1
2342,8
2343,4
2344,5
2345,1
2346,4
2347,6
2348,8
2349,8
2350,0
2351,3
2352,1
2353,7
2354,5
2355,9
2356,6
2357,6
2358,1
2359,7
2360,8
2361,3
2362,9
2363,1
2364,4
2365,8
2366,3
2367,9
2368,3
2369,0
2370,5
2371,2
2372,9
2373,2
2374,3
2375,4
2376,4
2377,0
2378,9
2379,0
2380,8
2381,2
2382,4
2383,3
2384,9
2385,4
2386,3
2387,9
2388,1
2389,7
2390,4
2391,1
2392,1
2393,5
2394,2
2395,5
2396,6
2397,8
2398,0
2399,4
2400,9
2401,1
2402,2
2403,5
2404,8
2405,4
2406,1
2407,8
2408,0
2409,6
2410,0
2411,0
2412,7
2413,5
2414,5
2415,8
2416,8
2417,0
2418,3
2419,1
2420,0
2421,0
2422,6
2423,4
2424,2
2425,0
2426,1
2427,9
2428,1
2429,3
2430,1
2431,1
2432,1
2433,2
2434,6
2435,3
2436,9
2437,4
2438,2
2439,6
2440,3
2441,0
2442,1
2443,3
2444,6
2445,1
2446,5
2447,2
2448,0
2449,7
2450,7
2451,4
2452,7
2453,5
2454,0
2455,7
2456,0
2457,1
2458,3
2459,2
2460,3
2461,5
2462,4
2463,1
2464,1
2465,4
2466,2
2467,1
2468,7
2469,9
2470,6
2471,7
2472,5
2473,2
2474,8
2475,1
2476,5
2477,5
2478,4
2479,6
2480,1
2481,1
2482,4
2483,9
2484,9
2485,1
2486,0
2487,5
2488,6
2489,3
2490,5
2491,7
2492,5
2493,9
2494,5
2495,0
2496,1
2497,0
2498,9
2499,9
2500,4
2501,2
2502,1
2503,7
2504,6
2505,4
2506,9
2507,4
2508,7
2509,2
2510,8
2511,5
2512,3
2513,1
2514,8
2515,8
2516,9
2517,7
2518,1
2519,9
2520,0
2521,6
2522,4
2523,2
2524,7
2525,7
2526,8
2527,4
2528,0
2529,5
2530,2
2531,0
2532,2
2533,3
2534,3
2535,5
2536,4
2537,1
2538,2
2539,0
2540,9
2541,4
2542,3
2543,4
2544,8
2545,7
2546,3
2547,0
2548,1
2549,5
2550,5
2551,7
2552,1
2553,3
2554,0
2555,1
2556,7
2557,2
2558,2
2559,2
2560,3
2561,7
2562,0
2563,3
2564,0
2565,3
2566,0
2567,9
2568,0
2569,8
2570,8
2571,1
2572,5
2573,1
2574,7
2575,7
2576,4
2577,1
2578,7
2579,7
2580,1
2581,4
2582,3
2583,9
2584,8
2585,4
2586,4
2587,9
2588,1
2589,9
2590,9
2591,2
2592,2
2593,8
2594,5
2595,3
2596,6
2597,8
2598,3
2599,8
2600,7
2601,0
2602,0
2603,6
2604,3
2605,4
2606,3
2607,4
2608,8
2609,5
2610,1
2611,6
2612,1
2613,3
2614,0
2615,0
2616,8
2617,2
2618,5
2619,6
2620,9
2621,9
2622,4
2623,3
2624,3
2625,2
2626,1
2627,6
2628,9
2629,1
2630,0
2631,1
2632,1
2633,6
2634,1
2635,7
2636,8
2637,6
2638,1
2639,0
2640,4
2641,0
2642,5
2643,7
2644,8
2645,4
2646,6
2647,1
2648,8
2649,6
2650,7
2651,7
2652,5
2653,3
2654,0
2655,8
2656,1
2657,5
2658,6
2659,0
2660,3
2661,6
2662,6
2663,7
2664,3
2665,6
2666,5
2667,2
2668,1
2669,0
2670,1
2671,4
2672,0
2673,0
2674,9
2675,8
2676,2
2677,4
2678,3
2679,1
2680,1
2681,6
2682,1
2683,0
2684,0
2685,7
2686,1
2687,3
2688,1
2689,1
2690,6
2691,6
2692,1
2693,5
2694,9
2695,3
2696,2
2697,4
2698,7
2699,8
2700,1
2701,3
2702,6
2703,9
2704,3
2705,6
2706,2
2707,3
2708,9
2709,2
2710,6
2711,6
2712,7
2713,9
2714,8
2715,5
2716,6
2717,6
2718,5
2719,9
2720,1
2721,8
2722,8
2723,4
2724,4
2725,4
2726,5
2727,9
2728,7
2729,0
2730,5
2731,6
2732,1
2733,4
2734,1
2735,6
2736,8
2737,2
2738,4
2739,1
2740,8
2741,7
2742,2
2743,9
2744,4
2745,1
2746,6
2747,6
2748,1
2749,3
2750,8
2751,6
2752,5
2753,5
2754,3
2755,7
2756,3
2757,3
2758,8
2759,1
2760,8
2761,4
2762,4
2763,1
2764,2
2765,3
2766,8
2767,9
2768,7
2769,0
2770,9
2771,7
2772,8
2773,7
2774,0
2775,8
2776,0
2777,1
2778,1
2779,5
2780,5
2781,1
2782,3
2783,9
2784,4
2785,4
2786,7
2787,8
2788,3
2789,3
2790,7
2791,3
2792,5
2793,1
2794,6
2795,6
2796,9
2797,2
2798,8
2799,4
2800,4
2801,4
2802,0
2803,1
2804,4
2805,4
2806,4
2807,8
2808,4
2809,6
2810,7
2811,8
2812,4
2813,4
2814,3
2815,4
2816,0
2817,0
2818,7
2819,3
2820,5
2821,3
2822,1
2823,6
2824,1
2825,9
2826,4
2827,1
2828,4
2829,8
2830,1
2831,3
2832,8
2833,8
2834,8
2835,6
2836,5
2837,0
2838,7
2839,7
2840,0
2841,7
2842,6
2843,8
2844,9
2845,4
2846,5
2847,3
2848,6
2849,5
2850,9
2851,5
2852,3
2853,6
2854,2
2855,7
2856,3
2857,1
2858,2
2859,0
2860,9
2861,2
2862,7
2863,9
2864,1
2865,9
2866,0
2867,0
2868,2
2869,4
2870,5
2871,7
2872,4
2873,9
2874,3
2875,3
2876,2
2877,9
2878,4
2879,0
2880,3
2881,2
2882,8
2883,4
2884,8
2885,3
2886,2
2887,2
2888,5
2889,6
2890,0
2891,2
2892,1
2893,1
2894,8
2895,0
2896,5
2897,3
2898,6
2899,0
2900,0
2901,7
2902,9
2903,9
2904,1
2905,6
2906,9
2907,3
2908,3
2909,9
2910,9
2911,5
2912,7
2913,9
2914,5
2915,9
2916,0
2917,8
2918,9
2919,8
2920,2
2921,8
2922,9
2923,5
2924,6
2925,7
2926,8
2927,0
2928,1
2929,4
2930,4
2931,3
2932,7
2933,2
2934,4
2935,4
2936,7
2937,2
2938,7
2939,1
2940,8
2941,3
2942,1
2943,4
2944,4
2945,3
2946,2
2947,5
2948,5
2949,4
2950,6
2951,1
2952,8
2953,7
2954,0
2955,8
2956,6
2957,0
2958,0
2959,6
2960,3
2961,2
2962,1
2963,4
2964,7
2965,2
2966,0
2967,3
2968,4
2969,3
2970,5
2971,5
2972,7
2973,1
2974,6
2975,4
2976,1
2977,6
2978,8
2979,6
2980,3
2981,0
2982,3
2983,9
2984,7
2985,6
2986,3
2987,0
2988,3
2989,4
2990,3
2991,0
2992,9
2993,5
2994,7
2995,2
2996,5
2997,6
2998,1
2999,1
3000,6
3001,1
3002,8
3003,0
3004,0
3005,3
3006,5
3007,9
3008,3
3009,2
3010,2
3011,8
3012,4
3013,2
3014,5
3015,8
3016,4
3017,8
3018,6
3019,2
3020,4
3021,1
3022,9
3023,3
3024,4
3025,1
3026,4
3027,1
3028,7
3029,8
3030,1
3031,1
3032,4
3033,1
3034,9
3035,3
3036,2
3037,3
3038,5
3039,4
3040,3
3041,7
3042,1
3043,3
3044,9
3045,3
3046,1
3047,8
3048,9
3049,8
3050,7
3051,3
3052,4
3053,0
3054,1
3055,7
3056,4
3057,6
3058,8
3059,7
3060,5
3061,3
3062,1
3063,3
3064,3
3065,9
3066,5
3067,9
3068,8
3069,0
3070,2
3071,1
3072,3
3073,0
3074,7
3075,5
3076,1
3077,3
3078,9
3079,3
3080,6
3081,6
3082,3
3083,2
3084,6
3085,6
3086,6
3087,1
3088,6
3089,1
3090,8
3091,5
3092,8
3093,8
3094,6
3095,0
3096,5
3097,2
3098,4
3099,7
3100,5
3101,3
3102,4
3103,8
3104,8
3105,6
3106,6
3107,5
3108,6
3109,8
3110,1
3111,7
3112,7
3113,7
3114,2
3115,2
3116,6
3117,6
3118,2
3119,5
3120,9
3121,4
3122,3
3123,1
3124,9
3125,6
3126,4
3127,1
3128,1
3129,9
3130,5
3131,8
3132,0
3133,0
3134,8
3135,1
3136,2
3137,9
3138,3
3139,4
3140,4
3141,9
3142,7
3143,1
3144,2
3145,7
3146,4
3147,8
3148,4
3149,5
3150,5
3151,7
3152,1
3153,8
3154,5
3155,4
3156,9
3157,6
3158,0
3159,6
3160,4
3161,3
3162,3
3163,1
3164,5
3165,7
3166,3
3167,5
3168,6
3169,6
3170,2
3171,0
3172,9
3173,6
3174,2
3175,7
3176,7
3177,0
3178,5
3179,1
3180,3
3181,6
3182,7
3183,9
3184,6
3185,3
3186,8
3187,5
3188,9
3189,1
3190,2
3191,7
3192,2
3193,4
3194,5
3195,0
3196,7
3197,1
3198,9
3199,2
3200,1
3201,9
3202,4
3203,7
3204,9
3205,7
3206,8
3207,9
3208,8
3209,0
3210,4
3211,3
3212,1
3213,9
3214,6
3215,2
3216,9
3217,3
3218,2
3219,7
3220,4
3221,7
3222,5
3223,9
3224,2
3225,9
3226,1
3227,8
3228,2
3229,6
3230,5
3231,2
3232,4
3233,9
3234,2
3235,2
3236,3
3237,7
3238,6
3239,6
3240,6
3241,8
3242,5
3243,6
3244,9
3245,8
3246,9
3247,9
3248,1
3249,5
3250,7
3251,3
3252,1
3253,6
3254,9
3255,8
3256,7
3257,5
3258,7
3259,7
3260,2
3261,3
3262,7
3263,3
3264,2
3265,2
3266,5
3267,1
3268,8
3269,7
3270,9
3271,5
3272,7
3273,3
3274,7
3275,8
3276,4
3277,5
3278,2
3279,8
3280,4
3281,5
3282,0
3283,8
3284,3
3285,6
3286,9
3287,2
3288,1
3289,3
3290,1
3291,4
3292,6
3293,0
3294,3
3295,9
3296,3
3297,1
3298,1
3299,2
3300,2
3301,6
3302,3
3303,7
3304,0
3305,3
3306,1
3307,0
3308,8
3309,6
3310,2
3311,8
3312,9
3313,9
3314,1
3315,6
3316,9
3317,1
3318,1
3319,9
3320,2
3321,5
3322,2
3323,1
3324,3
3325,8
3326,3
3327,9
3328,4
3329,3
3330,9
3331,0
3332,1
3333,3
3334,9
3335,4
3336,5
3337,9
3338,4
3339,6
3340,3
3341,5
3342,7
3343,2
3344,4
3345,2
3346,7
3347,2
3348,7
3349,9
3350,5
3351,4
3352,2
3353,3
3354,0
3355,2
3356,4
3357,1
3358,2
3359,4
3360,7
3361,7
3362,3
3363,1
3364,2
3365,5
3366,8
3367,3
3368,0
3369,3
3370,9
3371,0
3372,1
3373,3
3374,7
3375,7
3376,8
3377,7
3378,0
3379,9
3380,2
3381,7
3382,3
3383,1
3384,2
3385,8
3386,6
3387,0
3388,0
3389,6
3390,1
3391,1
3392,7
3393,1
3394,6
3395,7
3396,8
3397,2
3398,2
3399,5
3400,1
3401,8
3402,1
3403,5
3404,7
3405,0
3406,8
3407,5
3408,7
3409,0
3410,7
3411,3
3412,2
3413,1
3414,8
3415,2
3416,3
3417,6
3418,2
3419,7
3420,8
3421,4
3422,5
3423,0
3424,0
3425,6
3426,1
3427,3
3428,8
3429,0
3430,6
3431,5
3432,5
3433,9
3434,4
3435,8
3436,6
3437,3
3438,0
3439,9
3440,5
3441,4
3442,7
3443,7
3444,6
3445,7
3446,5
3447,1
3448,1
3449,5
3450,1
3451,0
3452,1
3453,0
3454,3
3455,6
3456,6
3457,3
3458,1
3459,1
3460,0
3461,1
3462,2
3463,4
3464,0
3465,3
3466,3
3467,7
3468,7
3469,2
3470,3
3471,3
3472,5
3473,0
3474,9
3475,1
3476,3
3477,1
3478,5
3479,5
3480,3
3481,6
3482,3
3483,0
3484,0
3485,8
3486,0
3487,6
3488,3
3489,3
3490,6
3491,5
3492,3
3493,8
3494,2
3495,2
3496,6
3497,8
3498,5
3499,5
3500,6
3501,1
3502,6
3503,0
3504,7
3505,0
3506,0
3507,9
3508,5
3509,0
3510,8
3511,3
3512,7
3513,8
3514,6
3515,0
3516,8
3517,5
3518,7
3519,7
3520,4
3521,6
3522,2
3523,5
3524,3
3525,2
3526,2
3527,6
3528,0
3529,8
3530,8
3531,6
3532,8
3533,2
3534,8
3535,6
3536,2
3537,0
3538,1
3539,0
3540,1
3541,5
3542,4
3543,9
3544,7
3545,9
3546,1
3547,7
3548,2
3549,6
3550,6
3551,9
3552,0
3553,4
3554,8
3555,7
3556,4
3557,5
3558,2
3559,0
3560,6
3561,9
3562,4
3563,2
3564,1
3565,0
3566,7
3567,2
3568,1
3569,0
3570,5
3571,9
3572,7
3573,1
3574,2
3575,5
3576,8
3577,5
3578,1
3579,4
3580,0
3581,1
3582,5
3583,8
3584,1
3585,9
3586,7
3587,5
3588,2
3589,7
3590,9
3591,6
3592,5
3593,9
3594,5
3595,4
3596,2
3597,1
3598,0
3599,3
3600,7
3601,1
3602,3
3603,8
3604,3
3605,4
3606,3
3607,6
3608,0
3609,9
3610,6
3611,2
3612,6
3613,4
3614,9
3615,2
3616,8
3617,4
3618,0
3619,8
3620,1
3621,9
3622,0
3623,7
3624,0
3625,9
3626,5
3627,3
3628,0
3629,6
3630,9
3631,4
3632,2
3633,2
3634,5
3635,6
3636,5
3637,8
3638,7
3639,0
3640,6
3641,6
3642,4
3643,7
3644,1
3645,7
3646,2
3647,6
3648,6
3649,8
3650,4
3651,0
3652,9
3653,5
3654,1
3655,8
3656,5
3657,0
3658,9
3659,8
3660,9
3661,9
3662,4
3663,3
3664,0
3665,7
3666,4
3667,7
3668,8
3669,4
3670,1
3671,4
3672,3
3673,7
3674,9
3675,3
3676,9
3677,3
3678,4
3679,3
3680,7
3681,1
3682,2
3683,4
3684,1
3685,8
3686,6
3687,6
3688,4
3689,9
3690,0
3691,7
3692,0
3693,7
3694,1
3695,0
3696,1
3697,5
3698,4
3699,4
3700,7
3701,6
3702,2
3703,6
3704,7
3705,3
3706,5
3707,1
3708,2
3709,5
3710,7
3711,1
3712,9
3713,9
3714,9
3715,8
3716,4
3717,1
3718,5
3719,7
3720,0
3721,1
3722,4
3723,1
3724,5
3725,4
3726,3
3727,8
3728,0
3729,3
3730,5
3731,8
3732,4
3733,1
3734,0
3735,2
3736,6
3737,7
3738,5
3739,3
3740,7
3741,8
3742,7
3743,8
3744,0
3745,2
3746,4
3747,1
3748,5
3749,9
3750,7
3751,3
3752,7
3753,1
3754,3
3755,6
3756,6
3757,4
3758,4
3759,0
3760,3
3761,6
3762,3
3763,9
3764,4
3765,6
3766,0
3767,9
3768,2
3769,1
3770,4
3771,2
3772,1
3773,1
3774,0
3775,6
3776,9
3777,7
3778,0
3779,8
3780,7
3781,8
3782,0
3783,9
3784,4
3785,8
3786,9
3787,2
3788,2
3789,1
3790,0
3791,0
3792,4
3793,0
3794,8
3795,7
3796,3
3797,9
3798,2
3799,9
3800,5
3801,6
3802,9
3803,9
3804,8
3805,3
3806,8
3807,7
3808,2
3809,0
3810,4
3811,5
3812,8
3813,9
3814,8
3815,2
3816,6
3817,6
3818,0
3819,6
3820,6
3821,8
3822,4
3823,9
3824,3
3825,9
3826,2
3827,5
3828,2
3829,7
3830,3
3831,3
3832,7
3833,1
3834,7
3835,1
3836,9
3837,7
3838,7
3839,2
3840,1
3841,8
3842,1
3843,6
3844,9
3845,3
3846,3
3847,4
3848,7
3849,5
3850,0
3851,5
3852,0
3853,8
3854,7
3855,6
3856,5
3857,3
3858,8
3859,2
3860,7
3861,0
3862,6
3863,1
3864,3
3865,9
3866,3
3867,0
3868,4
3869,8
3870,4
3871,2
3872,7
3873,3
3874,9
3875,0
3876,7
3877,8
3878,9
3879,8
3880,3
3881,8
3882,0
3883,6
3884,4
3885,9
3886,5
3887,1
3888,0
3889,7
3890,3
3891,8
3892,0
3893,9
3894,2
3895,9
3896,5
3897,9
3898,7
3899,2
3900,6
3901,5
3902,7
3903,7
3904,2
3905,7
3906,1
3907,8
3908,4
3909,8
3910,4
3911,6
3912,8
3913,3
3914,2
3915,9
3916,0
3917,9
3918,1
3919,7
3920,4
3921,8
3922,9
3923,6
3924,5
3925,7
3926,5
3927,2
3928,6
3929,9
3930,3
3931,9
3932,5
3933,1
3934,9
3935,1
3936,7
3937,1
3938,7
3939,0
3940,0
3941,6
3942,1
3943,4
3944,6
3945,2
3946,8
3947,9
3948,3
3949,2
3950,5
3951,7
3952,8
3953,7
3954,7
3955,9
3956,1
3957,0
3958,6
3959,5
3960,0
3961,4
3962,7
3963,0
3964,7
3965,3
3966,0
3967,3
3968,0
3969,0
3970,9
3971,4
3972,3
3973,0
3974,7
3975,1
3976,4
3977,2
3978,9
3979,6
3980,5
3981,4
3982,1
3983,1
3984,6
3985,3
3986,5
3987,5
3988,0
3989,9
3990,2
3991,7
3992,2
3993,3
3994,2
3995,3
3996,0
3997,2
3998,7
3999,2
4000,4
4001,6
4002,5
4003,1
4004,5
4005,2
4006,5
4007,3
4008,5
4009,9
4010,8
4011,6
4012,2
4013,3
4014,1
4015,1
4016,7
4017,3
4018,7
4019,9
4020,1
4021,2
4022,2
4023,9
4024,8
4025,9
4026,2
4027,9
4028,8
4029,1
4030,1
4031,3
4032,0
4033,9
4034,1
4035,9
4036,8
4037,1
4038,2
4039,9
4040,0
4041,9
4042,4
4043,4
4044,9
4045,2
4046,4
4047,9
4048,6
4049,5
4050,4
4051,1
4052,2
4053,2
4054,2
4055,5
4056,7
4057,4
4058,2
4059,5
4060,3
4061,4
4062,5
4063,5
4064,1
4065,2
4066,0
4067,0
4068,4
4069,1
4070,2
4071,4
4072,0
4073,0
4074,7
4075,7
4076,7
4077,0
4078,5
4079,8
4080,3
4081,3
4082,0
4083,8
4084,6
4085,9
4086,3
4087,4
4088,1
4089,1
4090,8
4091,4
4092,9
4093,5
4094,9
4095,2
4096,4
4097,1
4098,1
4099,5
4100,5
4101,9
4102,4
4103,1
4104,8
4105,8
4106,7
4107,1
4108,0
4109,6
4110,1
4111,2
4112,3
4113,5
4114,5
4115,7
4116,8
4117,4
4118,7
4119,8
4120,5
4121,3
4122,8
4123,3
4124,3
4125,3
4126,0
4127,9
4128,1
4129,1
4130,7
4131,3
4132,0
4133,1
4134,9
4135,1
4136,3
4137,6
4138,2
4139,9
4140,0
4141,1
4142,7
4143,0
4144,9
4145,7
4146,5
4147,1
4148,6
4149,7
4150,0
4151,9
4152,3
4153,1
4154,1
4155,9
4156,2
4157,4
4158,2
4159,5
4160,6
4161,9
4162,8
4163,5
4164,2
4165,2
4166,0
4167,4
4168,0
4169,6
4170,1
4171,2
4172,3
4173,3
4174,3
4175,0
4176,6
4177,6
4178,1
4179,6
4180,0
4181,6
4182,9
4183,3
4184,7
4185,2
4186,0
4187,0
4188,6
4189,2
4190,6
4191,8
4192,9
4193,1
4194,2
4195,8
4196,0
4197,1
4198,5
4199,8
4200,0
4201,6
4202,4
4203,1
4204,7
4205,2
4206,4
4207,4
4208,8
4209,7
4210,1
4211,5
4212,1
4213,8
4214,3
4215,9
4216,5
4217,9
4218,2
4219,5
4220,6
4221,1
4222,4
4223,6
4224,5
4225,0
4226,8
4227,0
4228,0
4229,3
4230,1
4231,9
4232,4
4233,2
4234,9
4235,8
4236,0
4237,6
4238,7
4239,2
4240,8
4241,4
4242,2
4243,5
4244,6
4245,9
4246,0
4247,1
4248,9
4249,9
4250,4
4251,1
4252,5
4253,7
4254,5
4255,5
4256,5
4257,4
4258,4
4259,8
4260,1
4261,6
4262,1
4263,1
4264,2
4265,5
4266,0
4267,1
4268,0
4269,1
4270,1
4271,3
4272,9
4273,4
4274,8
4275,7
4276,6
4277,8
4278,7
4279,9
4280,7
4281,1
4282,2
4283,0
4284,7
4285,9
4286,7
4287,3
4288,9
4289,3
4290,2
4291,3
4292,5
4293,1
4294,8
4295,0
4296,0
4297,3
4298,1
4299,8
4300,5
4301,4
4302,8
4303,5
4304,9
4305,9
4306,1
4307,5
4308,0
4309,4
4310,6
4311,6
4312,3
4313,8
4314,7
4315,2
4316,4
4317,4
4318,6
4319,0
4320,1
4321,9
4322,8
4323,3
4324,0
4325,6
4326,3
4327,7
4328,5
4329,0
4330,7
4331,3
4332,8
4333,6
4334,0
4335,4
4336,0
4337,4
4338,8
4339,5
4340,5
4341,3
4342,0
4343,1
4344,1
4345,9
4346,7
4347,3
4348,9
4349,3
4350,7
4351,7
4352,4
4353,8
4354,7
4355,2
4356,6
4357,9
4358,2
4359,7
4360,9
4361,6
4362,4
4363,8
4364,2
4365,5
4366,6
4367,7
4368,9
4369,8
4370,0
4371,5
4372,7
4373,7
4374,4
4375,1
4376,9
4377,5
4378,4
4379,9
4380,9
4381,1
4382,1
4383,6
4384,8
4385,6
4386,5
4387,4
4388,1
4389,6
4390,7
4391,6
4392,1
4393,4
4394,6
4395,4
4396,9
4397,4
4398,0
4399,3
4400,1
4401,1
4402,5
4403,7
4404,9
4405,3
4406,9
4407,9
4408,6
4409,5
4410,9
4411,6
4412,8
4413,1
4414,7
4415,1
4416,8
4417,1
4418,1
4419,0
4420,9
4421,1
4422,9
4423,2
4424,5
4425,6
4426,5
4427,0
4428,3
4429,7
4430,8
4431,8
4432,5
4433,0
4434,1
4435,9
4436,7
4437,8
4438,9
4439,7
4440,1
4441,4
4442,4
4443,7
4444,3
4445,5
4446,3
4447,9
4448,4
4449,5
4450,5
4451,9
4452,2
4453,3
4454,2
4455,7
4456,3
4457,5
4458,3
4459,0
4460,1
4461,3
4462,3
4463,2
4464,9
4465,1
4466,3
4467,6
4468,3
4469,0
4470,6
4471,1
4472,3
4473,4
4474,3
4475,9
4476,3
4477,7
4478,2
4479,4
4480,0
4481,1
4482,3
4483,5
4484,4
4485,6
4486,0
4487,9
4488,7
4489,6
4490,5
4491,0
4492,9
4493,3
4494,3
4495,9
4496,6
4497,5
4498,9
4499,7
4500,9
4501,3
4502,9
4503,7
4504,5
4505,8
4506,9
4507,9
4508,7
4509,0
4510,8
4511,0
4512,1
4513,4
4514,6
4515,8
4516,2
4517,8
4518,7
4519,7
4520,2
4521,4
4522,3
4523,7
4524,3
4525,4
4526,0
4527,8
4528,3
4529,4
4530,2
4531,9
4532,6
4533,4
4534,9
4535,9
4536,2
4537,4
4538,2
4539,8
4540,7
4541,3
4542,3
4543,8
4544,7
4545,2
4546,7
4547,7
4548,3
4549,3
4550,9
4551,0
4552,6
4553,7
4554,2
4555,9
4556,7
4557,6
4558,3
4559,4
4560,3
4561,8
4562,9
4563,4
4564,1
4565,9
4566,3
4567,7
4568,0
4569,1
4570,4
4571,8
4572,8
4573,2
4574,3
4575,5
4576,2
4577,2
4578,4
4579,0
4580,2
4581,6
4582,9
4583,2
4584,2
4585,9
4586,3
4587,7
4588,7
4589,4
4590,6
4591,6
4592,9
4593,3
4594,9
4595,3
4596,2
4597,0
4598,6
4599,6
4600,0
4601,0
4602,1
4603,1
4604,1
4605,3
4606,8
4607,4
4608,7
4609,7
4610,6
4611,3
4612,1
4613,0
4614,9
4615,3
4616,0
4617,0
4618,7
4619,3
4620,2
4621,7
4622,2
4623,7
4624,4
4625,2
4626,1
4627,3
4628,4
4629,0
4630,3
4631,9
4632,7
4633,9
4634,9
4635,5
4636,2
4637,4
4638,2
4639,6
4640,6
4641,1
4642,0
4643,2
4644,5
4645,4
4646,3
4647,3
4648,5
4649,1
4650,8
4651,3
4652,5
4653,4
4654,6
4655,9
4656,0
4657,5
4658,1
4659,2
4660,2
4661,7
4662,0
4663,3
4664,7
4665,1
4666,3
4667,8
4668,2
4669,9
4670,0
4671,1
4672,2
4673,6
4674,0
4675,1
4676,2
4677,7
4678,6
4679,2
4680,5
4681,8
4682,4
4683,8
4684,4
4685,1
4686,1
4687,1
4688,7
4689,8
4690,4
4691,3
4692,7
4693,9
4694,2
4695,7
4696,4
4697,1
4698,3
4699,2
4700,2
4701,7
4702,7
4703,4
4704,9
4705,1
4706,4
4707,9
4708,5
4709,2
4710,4
4711,2
4712,1
4713,3
4714,4
4715,4
4716,7
4717,1
4718,8
4719,3
4720,1
4721,0
4722,3
4723,0
4724,5
4725,1
4726,1
4727,8
4728,9
4729,7
4730,5
4731,5
4732,2
4733,0
4734,8
4735,0
4736,8
4737,4
4738,3
4739,7
4740,7
4741,3
4742,3
4743,3
4744,5
4745,1
4746,1
4747,1
4748,8
4749,7
4750,5
4751,6
4752,6
4753,1
4754,2
4755,7
4756,2
4757,1
4758,1
4759,0
4760,8
4761,6
4762,7
4763,6
4764,7
4765,1
4766,4
4767,9
4768,6
4769,8
4770,7
4771,4
4772,7
4773,9
4774,2
4775,9
4776,2
4777,2
4778,9
4779,7
4780,7
4781,0
4782,8
4783,6
4784,8
4785,0
4786,9
4787,5
4788,3
4789,4
4790,9
4791,4
4792,7
4793,8
4794,8
4795,6
4796,8
4797,0
4798,8
4799,5
4800,9
4801,5
4802,0
4803,8
4804,1
4805,3
4806,1
4807,9
4808,5
4809,1
4810,7
4811,4
4812,6
4813,8
4814,6
4815,8
4816,8
4817,7
4818,8
4819,2
4820,2
4821,7
4822,6
4823,3
4824,6
4825,1
4826,7
4827,0
4828,5
4829,8
4830,0
4831,2
4832,2
4833,0
4834,5
4835,4
4836,8
4837,2
4838,4
4839,5
4840,1
4841,5
4842,6
4843,4
4844,0
4845,0
4846,6
4847,7
4848,2
4849,9
4850,9
4851,4
4852,5
4853,4
4854,9
4855,8
4856,1
4857,3
4858,8
4859,0
4860,7
4861,5
4862,8
4863,7
4864,9
4865,8
4866,0
4867,8
4868,1
4869,9
4870,9
4871,3
4872,6
4873,5
4874,5
4875,3
4876,4
4877,4
4878,5
4879,2
4880,4
4881,1
4882,5
4883,8
4884,9
4885,6
4886,6
4887,7
4888,2
4889,6
4890,6
4891,0
4892,4
4893,9
4894,1
4895,6
4896,3
4897,6
4898,2
4899,8
4900,4
4901,9
4902,9
4903,2
4904,1
4905,0
4906,2
4907,5
4908,7
4909,3
4910,1
4911,0
4912,5
4913,8
4914,1
4915,1
4916,4
4917,8
4918,8
4919,9
4920,1
4921,1
4922,7
4923,8
4924,1
4925,1
4926,3
4927,6
4928,5
4929,7
4930,4
4931,7
4932,3
4933,0
4934,8
4935,3
4936,5
4937,3
4938,7
4939,7
4940,6
4941,1
4942,8
4943,2
4944,7
4945,4
4946,5
4947,0
4948,7
4949,8
4950,6
4951,7
4952,3
4953,1
4954,7
4955,0
4956,8
4957,0
4958,0
4959,2
4960,3
4961,8
4962,8
4963,0
4964,8
4965,5
4966,2
4967,1
4968,8
4969,3
4970,7
4971,7
4972,1
4973,8
4974,6
4975,8
4976,7
4977,0
4978,2
4979,4
4980,2
4981,3
4982,9
4983,8
4984,9
4985,5
4986,9
4987,3
4988,6
4989,2
4990,9
4991,3
4992,2
4993,1
4994,8
4995,6
4996,8
4997,2
4998,5
4999,4
5000,2
5001,8
5002,4
5003,4
5004,9
5005,2
5006,3
5007,0
5008,6
5009,1
5010,0
5011,8
5012,9
5013,1
5014,5
5015,2
5016,9
5017,4
5018,1
5019,6
5020,2
5021,5
5022,6
5023,4
5024,8
5025,8
5026,7
5027,1
5028,9
5029,9
5030,5
5031,6
5032,2
5033,6
5034,8
5035,7
5036,4
5037,1
5038,6
5039,5
5040,5
5041,3
5042,5
5043,3
5044,1
5045,7
5046,3
5047,8
5048,7
5049,3
5050,3
5051,4
5052,7
5053,1
5054,2
5055,6
5056,0
5057,6
5058,5
5059,3
5060,8
5061,6
5062,4
5063,9
5064,2
5065,8
5066,1
5067,2
5068,7
5069,4
5070,7
5071,6
5072,2
5073,0
5074,4
5075,2
5076,2
5077,7
5078,7
5079,9
5080,9
5081,0
5082,8
5083,5
5084,2
5085,3
5086,5
5087,1
5088,0
5089,8
5090,1
5091,3
5092,6
5093,8
5094,7
5095,6
5096,9
5097,4
5098,0
5099,6
5100,1
5101,0
5102,2
5103,0
5104,1
5105,9
5106,4
5107,7
5108,6
5109,8
5110,1
5111,5
5112,9
5113,6
5114,9
5115,2
5116,3
5117,3
5118,8
5119,6
5120,4
5121,2
5122,7
5123,8
5124,4
5125,1
5126,7
5127,1
5128,7
5129,3
5130,2
5131,7
5132,3
5133,4
5134,6
5135,3
5136,3
5137,4
5138,7
5139,0
5140,4
5141,7
5142,1
5143,2
5144,0
5145,8
5146,5
5147,7
5148,2
5149,2
5150,9
5151,2
5152,4
5153,5
5154,2
5155,5
5156,9
5157,3
5158,9
5159,1
5160,6
5161,4
5162,4
5163,9
5164,3
5165,0
5166,8
5167,1
5168,3
5169,2
5170,7
5171,2
5172,4
5173,1
5174,6
5175,6
5176,7
5177,8
5178,0
5179,0
5180,8
5181,9
5182,8
5183,5
5184,1
5185,2
5186,2
5187,2
5188,3
5189,8
5190,1
5191,6
5192,2
5193,5
5194,4
5195,2
5196,0
5197,3
5198,3
5199,1
5200,1
5201,3
5202,3
5203,4
5204,0
5205,3
5206,8
5207,7
5208,0
5209,5
5210,4
5211,2
5212,0
5213,4
5214,0
5215,6
5216,1
5217,8
5218,1
5219,3
5220,6
5221,7
5222,8
5223,7
5224,7
5225,4
5226,0
5227,7
5228,9
5229,6
5230,4
5231,3
5232,4
5233,0
5234,7
5235,9
5236,6
5237,8
5238,0
5239,1
5240,5
5241,0
5242,6
5243,3
5244,2
5245,8
5246,1
5247,3
5248,2
5249,1
5250,9
5251,3
5252,1
5253,6
5254,8
5255,0
5256,7
5257,9
5258,1
5259,2
5260,8
5261,2
5262,1
5263,8
5264,0
5265,7
5266,3
5267,5
5268,4
5269,0
5270,2
5271,3
5272,0
5273,8
5274,3
5275,9
5276,9
5277,7
5278,5
5279,5
5280,9
5281,9
5282,4
5283,6
5284,1
5285,7
5286,3
5287,1
5288,4
5289,2
5290,2
5291,7
5292,2
5293,9
5294,4
5295,1
5296,2
5297,2
5298,9
5299,5
5300,9
5301,4
5302,3
5303,2
5304,0
5305,2
5306,8
5307,9
5308,4
5309,5
5310,6
5311,1
5312,5
5313,4
5314,4
5315,0
5316,8
5317,5
5318,5
5319,3
5320,6
5321,8
5322,1
5323,6
5324,3
5325,4
5326,4
5327,7
5328,1
5329,3
5330,9
5331,2
5332,1
5333,1
5334,5
5335,0
5336,0
5337,0
5338,2
5339,6
5340,7
5341,2
5342,9
5343,7
5344,5
5345,5
5346,7
5347,8
5348,0
5349,9
5350,4
5351,2
5352,3
5353,8
5354,7
5355,3
5356,4
5357,3
5358,1
5359,2
5360,1
5361,1
5362,8
5363,3
5364,1
5365,4
5366,1
5367,9
5368,2
5369,5
5370,6
5371,7
5372,2
5373,6
5374,2
5375,6
5376,6
5377,8
5378,6
5379,9
5380,5
5381,2
5382,0
5383,9
5384,1
5385,4
5386,8
5387,4
5388,0
5389,6
5390,2
5391,7
5392,0
5393,5
5394,1
5395,2
5396,9
5397,4
5398,1
5399,2
5400,8
5401,8
5402,9
5403,3
5404,8
5405,6
5406,2
5407,1
5408,4
5409,7
5410,5
5411,2
5412,3
5413,0
5414,1
5415,0
5416,8
5417,0
5418,7
5419,6
5420,0
5421,1
5422,1
5423,4
5424,1
5425,0
5426,0
5427,3
5428,5
5429,8
5430,6
5431,1
5432,9
5433,5
5434,8
5435,7
5436,6
5437,3
5438,0
5439,0
5440,9
5441,7
5442,7
5443,1
5444,1
5445,5
5446,0
5447,1
5448,1
5449,0
5450,5
5451,0
5452,7
5453,6
5454,1
5455,2
5456,9
5457,8
5458,1
5459,1
5460,2
5461,6
5462,9
5463,6
5464,8
5465,5
5466,9
5467,3
5468,4
5469,7
5470,4
5471,5
5472,9
5473,1
5474,9
5475,0
5476,7
5477,5
5478,4
5479,3
5480,8
5481,4
5482,2
5483,8
5484,0
5485,0
5486,5
5487,6
5488,1
5489,9
5490,8
5491,2
5492,3
5493,5
5494,7
5495,8
5496,5
5497,1
5498,1
5499,0
5500,6
5501,1
5502,7
5503,9
5504,6
5505,8
5506,6
5507,5
5508,9
5509,3
5510,8
5511,0
5512,6
5513,9
5514,7
5515,0
5516,1
5517,3
5518,4
5519,7
5520,3
5521,4
5522,1
5523,8
5524,1
5525,6
5526,7
5527,0
5528,9
5529,9
5530,8
5531,1
5532,1
5533,6
5534,4
5535,0
5536,9
5537,7
5538,8
5539,6
5540,7
5541,5
5542,4
5543,5
5544,7
5545,1
5546,5
5547,1
5548,1
5549,4
5550,0
5551,4
5552,2
5553,7
5554,1
5555,2
5556,8
5557,5
5558,5
5559,5
5560,1
5561,4
5562,0
5563,5
5564,8
5565,2
5566,1
5567,3
5568,5
5569,7
5570,0
5571,6
5572,9
5573,1
5574,9
5575,4
5576,3
5577,4
5578,1
5579,2
5580,0
5581,1
5582,2
5583,6
5584,8
5585,9
5586,6
5587,6
5588,8
5589,0
5590,2
5591,3
5592,1
5593,9
5594,1
5595,6
5596,0
5597,1
5598,8
5599,3
5600,1
5601,3
5602,1
5603,3
5604,6
5605,6
5606,4
5607,5
5608,7
5609,9
5610,2
5611,1
5612,2
5613,3
5614,7
5615,1
5616,1
5617,5
5618,2
5619,4
5620,0
5621,7
5622,8
5623,9
5624,1
5625,3
5626,8
5627,3
5628,4
5629,8
5630,0
5631,2
5632,9
5633,9
5634,6
5635,1
5636,0
5637,2
5638,9
5639,3
5640,7
5641,6
5642,3
5643,4
5644,2
5645,2
5646,4
5647,8
5648,4
5649,2
5650,2
5651,6
5652,5
5653,0
5654,7
5655,3
5656,7
5657,0
5658,6
5659,0
5660,1
5661,3
5662,7
5663,0
5664,7
5665,4
5666,6
5667,5
5668,0
5669,6
5670,8
5671,9
5672,2
5673,3
5674,1
5675,5
5676,5
5677,8
5678,1
5679,7
5680,3
5681,6
5682,2
5683,5
5684,2
5685,0
5686,5
5687,6
5688,2
5689,1
5690,6
5691,7
5692,7
5693,0
5694,4
5695,3
5696,9
5697,1
5698,4
5699,1
5700,9
5701,5
5702,8
5703,0
5704,1
5705,4
5706,7
5707,1
5708,7
5709,5
5710,0
5711,2
5712,1
5713,2
5714,2
5715,5
5716,3
5717,7
5718,4
5719,3
5720,0
5721,5
5722,4
5723,8
5724,1
5725,0
5726,8
5727,8
5728,6
5729,9
5730,1
5731,8
5732,2
5733,1
5734,8
5735,4
5736,2
5737,6
5738,0
5739,8
5740,9
5741,9
5742,1
5743,4
5744,0
5745,3
5746,8
5747,3
5748,0
5749,2
5750,2
5751,3
5752,0
5753,1
5754,1
5755,3
5756,2
5757,7
5758,7
5759,1
5760,1
5761,9
5762,2
5763,1
5764,4
5765,6
5766,0
5767,2
5768,9
5769,1
5770,1
5771,3
5772,4
5773,0
5774,8
5775,1
5776,6
5777,5
5778,1
5779,0
5780,9
5781,7
5782,2
5783,9
5784,6
5785,7
5786,7
5787,0
5788,2
5789,5
5790,8
5791,8
5792,0
5793,3
5794,9
5795,4
5796,3
5797,9
5798,4
5799,7
5800,2
5801,9
5802,6
5803,3
5804,0
5805,3
5806,6
5807,0
5808,8
5809,9
5810,4
5811,7
5812,6
5813,6
5814,6
5815,5
5816,9
5817,9
5818,1
5819,1
5820,6
5821,3
5822,2
5823,2
5824,4
5825,0
5826,9
5827,3
5828,9
5829,8
5830,8
5831,4
5832,5
5833,7
5834,4
5835,8
5836,0
5837,2
5838,8
5839,5
5840,4
5841,7
5842,3
5843,6
5844,0
5845,0
5846,6
5847,8
5848,2
5849,4
5850,1
5851,3
5852,5
5853,9
5854,5
5855,3
5856,8
5857,4
5858,1
5859,2
5860,0
5861,7
5862,2
5863,9
5864,8
5865,7
5866,2
5867,5
5868,3
5869,8
5870,0
5871,5
5872,6
5873,3
5874,0
5875,7
5876,9
5877,8
5878,5
5879,2
5880,1
5881,3
5882,9
5883,7
5884,2
5885,1
5886,2
5887,9
5888,2
5889,9
5890,5
5891,9
5892,7
5893,8
5894,2
5895,7
5896,0
5897,6
5898,1
5899,2
5900,4
5901,9
5902,2
5903,7
5904,8
5905,7
5906,6
5907,8
5908,5
5909,7
5910,4
5911,1
5912,8
5913,5
5914,4
5915,0
5916,2
5917,3
5918,6
5919,2
5920,6
5921,7
5922,4
5923,1
5924,1
5925,4
5926,9
5927,9
5928,9
5929,8
5930,0
5931,1
5932,6
5933,4
5934,3
5935,7
5936,4
5937,5
5938,4
5939,7
5940,8
5941,1
5942,5
5943,8
5944,1
5945,4
5946,0
5947,0
5948,8
5949,9
5950,9
5951,3
5952,7
5953,1
5954,3
5955,6
5956,6
5957,4
5958,1
5959,8
5960,6
5961,3
5962,8
5963,7
5964,8
5965,2
5966,4
5967,9
5968,3
5969,8
5970,1
5971,1
5972,8
5973,7
5974,1
5975,3
5976,9
5977,9
5978,1
5979,4
5980,6
5981,6
5982,0
5983,6
5984,2
5985,5
5986,9
5987,6
5988,2
5989,9
5990,9
5991,9
5992,7
5993,7
5994,9
5995,4
5996,9
5997,8
5998,4
5999,5
6000,4
6001,6
6002,2
6003,0
6004,8
6005,4
6006,0
6007,5
6008,9
6009,7
6010,0
6011,1
6012,1
6013,3
6014,5
6015,0
6016,4
6017,2
6018,5
6019,3
6020,8
6021,0
6022,6
6023,8
6024,1
6025,7
6026,1
6027,5
6028,7
6029,7
6030,9
6031,0
6032,3
6033,1
6034,9
6035,3
6036,0
6037,3
6038,7
6039,3
6040,3
6041,7
6042,0
6043,3
6044,3
6045,5
6046,4
6047,5
6048,8
6049,9
6050,1
6051,1
6052,9
6053,6
6054,7
6055,0
6056,2
6057,6
6058,6
6059,1
6060,0
6061,1
6062,3
6063,5
6064,5
6065,3
6066,1
6067,5
6068,6
6069,0
6070,1
6071,8
6072,6
6073,7
6074,6
6075,9
6076,6
6077,7
6078,6
6079,7
6080,2
6081,6
6082,7
6083,7
6084,1
6085,7
6086,7
6087,9
6088,1
6089,1
6090,1
6091,8
6092,5
6093,7
6094,7
6095,8
6096,6
6097,7
6098,3
6099,1
6100,2
6101,4
6102,2
6103,9
6104,7
6105,7
6106,2
6107,7
6108,4
6109,5
6110,3
6111,5
6112,3
6113,8
6114,6
6115,9
6116,2
6117,0
6118,6
6119,6
6120,2
6121,6
6122,9
6123,3
6124,2
6125,2
6126,4
6127,9
6128,4
6129,3
6130,7
6131,9
6132,7
6133,3
6134,0
6135,0
6136,6
6137,3
6138,9
6139,5
6140,8
6141,4
6142,4
6143,1
6144,4
6145,2
6146,1
6147,9
6148,4
6149,1
6150,5
6151,0
6152,1
6153,2
6154,7
6155,8
6156,4
6157,3
6158,7
6159,7
6160,5
6161,4
6162,1
6163,4
6164,3
6165,5
6166,1
6167,9
6168,7
6169,3
6170,2
6171,0
6172,0
6173,7
6174,4
6175,7
6176,3
6177,2
6178,6
6179,2
6180,4
6181,3
6182,0
6183,1
6184,4
6185,0
6186,1
6187,2
6188,5
6189,6
6190,4
6191,5
6192,7
6193,8
6194,4
6195,6
6196,6
6197,5
6198,8
6199,4
6200,4
6201,7
6202,1
6203,5
6204,8
6205,9
6206,3
6207,5
6208,2
6209,2
6210,0
6211,1
6212,5
6213,7
6214,4
6215,3
6216,3
6217,5
6218,1
6219,8
6220,7
6221,6
6222,2
6223,1
6224,6
6225,0
6226,2
6227,4
6228,1
6229,2
6230,7
6231,8
6232,4
6233,6
6234,8
6235,6
6236,4
6237,4
6238,8
6239,6
6240,4
6241,0
6242,0
6243,7
6244,0
6245,5
6246,2
6247,2
6248,1
6249,4
6250,7
6251,7
6252,8
6253,1
6254,2
6255,6
6256,6
6257,8
6258,9
6259,7
6260,6
6261,8
6262,1
6263,3
6264,6
6265,3
6266,9
6267,6
6268,3
6269,1
6270,2
6271,8
6272,2
6273,6
6274,1
6275,6
6276,6
6277,2
6278,3
6279,5
6280,9
6281,1
6282,2
6283,1
6284,1
6285,4
6286,8
6287,8
6288,5
6289,5
6290,8
6291,7
6292,4
6293,7
6294,4
6295,8
6296,4
6297,2
6298,2
6299,9
6300,2
6301,1
6302,4
6303,6
6304,1
6305,7
6306,3
6307,7
6308,4
6309,0
6310,4
6311,2
6312,5
6313,1
6314,4
6315,7
6316,3
6317,2
6318,4
6319,5
6320,1
6321,7
6322,4
6323,0
6324,5
6325,8
6326,1
6327,0
6328,2
6329,8
6330,6
6331,8
6332,0
6333,8
6334,8
6335,5
6336,6
6337,2
6338,0
6339,1
6340,2
6341,6
6342,5
6343,9
6344,9
6345,7
6346,8
6347,3
6348,4
6349,5
6350,0
6351,9
6352,8
6353,8
6354,0
6355,3
6356,9
6357,5
6358,2
6359,8
6360,2
6361,8
6362,7
6363,1
6364,2
6365,4
6366,5
6367,5
6368,8
6369,1
6370,3
6371,0
6372,6
6373,4
6374,9
6375,4
6376,4
6377,8
6378,6
6379,0
6380,2
6381,9
6382,2
6383,6
6384,7
6385,2
6386,6
6387,5
6388,3
6389,3
6390,5
6391,2
6392,3
6393,2
6394,6
6395,6
6396,9
6397,9
6398,6
6399,1
6400,6
6401,9
6402,5
6403,7
6404,2
6405,2
6406,4
6407,3
6408,9
6409,7
6410,4
6411,1
6412,7
6413,4
6414,5
6415,7
6416,5
6417,0
6418,5
6419,1
6420,6
6421,2
6422,9
6423,5
6424,5
6425,3
6426,0
6427,3
6428,3
6429,9
6430,3
6431,6
6432,2
6433,8
6434,9
6435,2
6436,3
6437,2
6438,0
6439,6
6440,0
6441,4
6442,6
6443,0
6444,1
6445,6
6446,5
6447,9
6448,2
6449,1
6450,0
6451,1
6452,7
6453,1
6454,3
6455,4
6456,9
6457,5
6458,8
6459,0
6460,7
6461,6
6462,8
6463,1
6464,5
6465,0
6466,6
6467,3
6468,4
6469,7
6470,9
6471,8
6472,7
6473,3
6474,7
6475,7
6476,0
6477,3
6478,0
6479,6
6480,7
6481,0
6482,7
6483,7
6484,9
6485,9
6486,6
6487,6
6488,3
6489,5
6490,3
6491,1
6492,3
6493,5
6494,2
6495,1
6496,1
6497,3
6498,7
6499,0
6500,9
6501,7
6502,2
6503,6
6504,4
6505,3
6506,6
6507,6
6508,4
6509,4
6510,4
6511,0
6512,0
6513,5
6514,9
6515,9
6516,6
6517,0
6518,8
6519,9
6520,6
6521,3
6522,1
6523,2
6524,4
6525,1
6526,1
6527,9
6528,3
6529,5
6530,6
6531,5
6532,2
6533,8
6534,6
6535,4
6536,0
6537,9
6538,9
6539,2
6540,2
6541,5
6542,9
6543,4
6544,6
6545,3
6546,2
6547,0
6548,1
6549,9
6550,8
6551,4
6552,2
6553,7
6554,2
6555,2
6556,3
6557,4
6558,0
6559,0
6560,1
6561,6
6562,7
6563,4
6564,0
6565,7
6566,8
6567,0
6568,1
6569,6
6570,1
6571,5
6572,9
6573,1
6574,2
6575,1
6576,5
6577,3
6578,9
6579,0
6580,2
6581,6
6582,5
6583,4
6584,4
6585,5
6586,2
6587,1
6588,6
6589,1
6590,0
6591,9
6592,0
6593,6
6594,3
6595,0
6596,2
6597,6
6598,5
6599,1
6600,0
6601,3
6602,8
6603,1
6604,0
6605,2
6606,1
6607,0
6608,0
6609,5
6610,9
6611,2
6612,7
6613,9
6614,6
6615,8
6616,7
6617,1
6618,9
6619,2
6620,5
6621,1
6622,7
6623,8
6624,6
6625,9
6626,1
6627,2
6628,1
6629,6
6630,5
6631,4
6632,8
6633,6
6634,9
6635,0
6636,7
6637,9
6638,9
6639,6
6640,3
6641,2
6642,6
6643,6
6644,0
6645,3
6646,5
6647,8
6648,4
6649,7
6650,4
6651,3
6652,9
6653,0
6654,3
6655,6
6656,0
6657,7
6658,5
6659,9
6660,7
6661,1
6662,5
6663,1
6664,9
6665,1
6666,0
6667,3
6668,6
6669,1
6670,4
6671,1
6672,4
6673,1
6674,8
6675,8
6676,8
6677,7
6678,1
6679,2
6680,2
6681,2
6682,9
6683,2
6684,4
6685,6
6686,3
6687,4
6688,6
6689,1
6690,0
6691,3
6692,8
6693,0
6694,3
6695,5
6696,7
6697,6
6698,8
6699,7
6700,0
6701,2
6702,0
6703,3
6704,4
6705,8
6706,0
6707,4
6708,5
6709,7
6710,3
6711,2
6712,9
6713,9
6714,4
6715,8
6716,3
6717,5
6718,5
6719,3
6720,6
6721,7
6722,0
6723,9
6724,0
6725,9
6726,3
6727,9
6728,3
6729,2
6730,7
6731,5
6732,6
6733,1
6734,6
6735,3
6736,7
6737,8
6738,1
6739,5
6740,3
6741,5
6742,6
6743,8
6744,5
6745,1
6746,0
6747,0
6748,0
6749,2
6750,5
6751,1
6752,4
6753,5
6754,8
6755,2
6756,6
6757,6
6758,0
6759,5
6760,3
6761,5
6762,8
6763,7
6764,8
6765,6
6766,1
6767,0
6768,6
6769,1
6770,0
6771,3
6772,1
6773,7
6774,5
6775,7
6776,2
6777,8
6778,8
6779,6
6780,8
6781,9
6782,4
6783,1
6784,1
6785,1
6786,5
6787,8
6788,2
6789,2
6790,7
6791,2
6792,7
6793,2
6794,8
6795,1
6796,5
6797,7
6798,2
6799,1
6800,5
6801,1
6802,5
6803,3
6804,2
6805,6
6806,4
6807,0
6808,5
6809,3
6810,6
6811,1
6812,6
6813,7
6814,4
6815,8
6816,7
6817,7
6818,3
6819,5
6820,9
6821,3
6822,9
6823,3
6824,6
6825,8
6826,7
6827,2
6828,3
6829,6
6830,2
6831,5
6832,6
6833,0
6834,5
6835,9
6836,9
6837,8
6838,5
6839,7
6840,5
6841,5
6842,3
6843,3
6844,2
6845,0
6846,5
6847,7
6848,1
6849,4
6850,9
6851,1
6852,2
6853,2
6854,3
6855,2
6856,8
6857,8
6858,0
6859,7
6860,0
6861,8
6862,7
6863,0
6864,0
6865,0
6866,1
6867,8
6868,8
6869,0
6870,2
6871,8
6872,5
6873,3
6874,5
6875,8
6876,7
6877,1
6878,7
6879,7
6880,2
6881,3
6882,0
6883,5
6884,8
6885,8
6886,8
6887,5
6888,4
6889,6
6890,9
6891,4
6892,4
6893,3
6894,4
6895,1
6896,1
6897,8
6898,4
6899,6
6900,6
6901,3
6902,5
6903,7
6904,3
6905,8
6906,7
6907,1
6908,1
6909,7
6910,9
6911,0
6912,7
6913,6
6914,2
6915,0
6916,6
6917,9
6918,4
6919,4
6920,7
6921,9
6922,1
6923,0
6924,9
6925,1
6926,0
6927,7
6928,8
6929,1
6930,0
6931,2
6932,9
6933,8
6934,7
6935,5
6936,6
6937,1
6938,3
6939,0
6940,0
6941,7
6942,0
6943,4
6944,0
6945,7
6946,7
6947,9
6948,1
6949,7
6950,0
6951,4
6952,6
6953,4
6954,8
6955,2
6956,0
6957,2
6958,3
6959,5
6960,9
6961,0
6962,7
6963,7
6964,8
6965,6
6966,7
6967,8
6968,6
6969,5
6970,1
6971,5
6972,3
6973,9
6974,2
6975,2
6976,8
6977,9
6978,7
6979,5
6980,7
6981,7
6982,0
6983,4
6984,6
6985,7
6986,7
6987,7
6988,8
6989,5
6990,2
6991,1
6992,5
6993,1
6994,2
6995,3
6996,0
6997,3
6998,4
6999,0
7000,8
7001,8
7002,0
7003,5
7004,9
7005,3
7006,7
7007,7
7008,0
7009,6
7010,1
7011,9
7012,6
7013,6
7014,7
7015,3
7016,0
7017,3
7018,8
7019,4
7020,2
7021,2
7022,2
7023,8
7024,1
7025,9
7026,2
7027,2
7028,2
7029,9
7030,3
7031,7
7032,2
7033,5
7034,3
7035,0
7036,3
7037,0
7038,8
7039,4
7040,4
7041,8
7042,8
7043,8
7044,3
7045,5
7046,1
7047,3
7048,5
7049,2
7050,2
7051,3
7052,8
7053,6
7054,8
7055,4
7056,4
7057,5
7058,3
7059,4
7060,1
7061,2
7062,7
7063,3
7064,1
7065,1
7066,7
7067,9
7068,1
7069,2
7070,6
7071,7
7072,1
7073,9
7074,3
7075,0
7076,9
7077,7
7078,2
7079,5
7080,2
7081,0
7082,8
7083,2
7084,1
7085,8
7086,8
7087,3
7088,1
7089,2
7090,6
7091,0
7092,1
7093,0
7094,7
7095,4
7096,9
7097,7
7098,8
7099,0
7100,1
7101,3
7102,6
7103,8
7104,1
7105,9
7106,4
7107,2
7108,5
7109,1
7110,4
7111,6
7112,0
7113,5
7114,7
7115,8
7116,4
7117,2
7118,3
7119,0
7120,5
7121,0
7122,0
7123,7
7124,5
7125,0
7126,3
7127,2
7128,7
7129,7
7130,1
7131,5
7132,6
7133,0
7134,6
7135,7
7136,6
7137,6
7138,1
7139,9
7140,7
7141,4
7142,6
7143,1
7144,8
7145,4
7146,0
7147,1
7148,0
7149,8
7150,8
7151,1
7152,6
7153,3
7154,7
7155,0
7156,2
7157,4
7158,7
7159,1
7160,3
7161,6
7162,2
7163,3
7164,4
7165,0
7166,5
7167,7
7168,8
7169,6
7170,3
7171,3
7172,2
7173,6
7174,7
7175,5
7176,0
7177,8
7178,0
7179,2
7180,3
7181,8
7182,6
7183,3
7184,9
7185,9
7186,1
7187,6
7188,9
7189,7
7190,8
7191,5
7192,6
7193,6
7194,8
7195,7
7196,2
7197,4
7198,2
7199,6
7200,1
7201,1
7202,8
7203,5
7204,6
7205,6
7206,3
7207,9
7208,6
7209,6
7210,2
7211,2
7212,6
7213,2
7214,7
7215,2
7216,4
7217,6
7218,4
7219,4
7220,2
7221,5
7222,0
7223,9
7224,2
7225,8
7226,6
7227,1
7228,0
7229,0
7230,2
7231,7
7232,2
7233,4
7234,4
7235,7
7236,4
7237,7
7238,5
7239,7
7240,6
7241,2
7242,3
7243,9
7244,7
7245,1
7246,3
7247,1
7248,2
7249,8
7250,4
7251,1
7252,5
7253,1
7254,0
7255,2
7256,3
7257,2
7258,6
7259,5
7260,2
7261,3
7262,6
7263,5
7264,4
7265,8
7266,3
7267,4
7268,0
7269,6
7270,2
7271,8
7272,1
7273,3
7274,0
7275,0
7276,7
7277,0
7278,4
7279,5
7280,6
7281,6
7282,4
7283,0
7284,0
7285,1
7286,8
7287,1
7288,5
7289,7
7290,2
7291,8
7292,8
7293,4
7294,2
7295,7
7296,4
7297,9
7298,1
7299,2
7300,9
7301,2
7302,6
7303,9
7304,0
7305,7
7306,7
7307,6
7308,1
7309,5
7310,6
7311,7
7312,3
7313,8
7314,3
7315,8
7316,1
7317,3
7318,2
7319,8
7320,6
7321,8
7322,2
7323,4
7324,4
7325,3
7326,7
7327,1
7328,7
7329,9
7330,6
7331,6
7332,0
7333,9
7334,3
7335,1
7336,7
7337,4
7338,8
7339,0
7340,6
7341,6
7342,1
7343,9
7344,4
7345,2
7346,3
7347,2
7348,8
7349,5
7350,8
7351,5
7352,0
7353,3
7354,6
7355,9
7356,1
7357,3
7358,2
7359,6
7360,2
7361,2
7362,0
7363,8
7364,6
7365,7
7366,8
7367,1
7368,6
7369,1
7370,7
7371,2
7372,0
7373,5
7374,1
7375,7
7376,2
7377,0
7378,2
7379,8
7380,8
7381,9
7382,5
7383,2
7384,1
7385,6
7386,5
7387,8
7388,1
7389,8
7390,2
7391,1
7392,2
7393,6
7394,7
7395,3
7396,7
7397,1
7398,2
7399,1
7400,6
7401,6
7402,5
7403,8
7404,6
7405,5
7406,3
7407,6
7408,5
7409,3
7410,4
7411,3
7412,3
7413,7
7414,0
7415,4
7416,7
7417,2
7418,6
7419,9
7420,7
7421,4
7422,4
7423,0
7424,0
7425,0
7426,9
7427,9
7428,2
7429,4
7430,9
7431,3
7432,4
7433,6
7434,4
7435,2
7436,4
7437,3
7438,2
7439,8
7440,0
7441,4
7442,6
7443,4
7444,7
7445,9
7446,9
7447,4
7448,1
7449,1
7450,0
7451,6
7452,6
7453,3
7454,4
7455,4
7456,5
7457,1
7458,2
7459,4
7460,2
7461,7
7462,7
7463,6
7464,6
7465,8
7466,3
7467,9
7468,9
7469,2
7470,2
7471,6
7472,5
7473,4
7474,5
7475,2
7476,4
7477,1
7478,2
7479,5
7480,7
7481,0
7482,9
7483,0
7484,1
7485,0
7486,4
7487,5
7488,8
7489,9
7490,3
7491,4
7492,5
7493,2
7494,6
7495,2
7496,2
7497,0
7498,6
7499,7
7500,6
7501,7
7502,4
7503,9
7504,0
7505,3
7506,8
7507,0
7508,9
7509,4
7510,1
7511,1
7512,3
7513,7
7514,0
7515,2
7516,3
7517,4
7518,6
7519,5
7520,7
7521,7
7522,1
7523,3
7524,2
7525,6
7526,4
7527,1
7528,7
7529,1
7530,5
7531,6
7532,0
7533,5
7534,3
7535,2
7536,1
7537,9
7538,5
7539,9
7540,2
7541,4
7542,6
7543,3
7544,1
7545,4
7546,8
7547,8
7548,5
7549,3
7550,1
7551,3
7552,4
7553,5
7554,3
7555,0
7556,2
7557,3
7558,1
7559,8
7560,2
7561,9
7562,4
7563,3
7564,5
7565,4
7566,9
7567,5
7568,6
7569,3
7570,0
7571,6
7572,3
7573,7
7574,9
7575,2
7576,4
7577,0
7578,5
7579,4
7580,6
7581,6
7582,2
7583,1
7584,1
7585,7
7586,0
7587,4
7588,8
7589,4
7590,3
7591,3
7592,5
7593,2
7594,9
7595,8
7596,7
7597,9
7598,0
7599,6
7600,3
7601,0
7602,0
7603,9
7604,8
7605,4
7606,8
7607,1
7608,8
7609,0
7610,7
7611,2
7612,9
7613,0
7614,4
7615,9
7616,9
7617,5
7618,1
7619,2
7620,4
7621,0
7622,4
7623,0
7624,0
7625,3
7626,0
7627,2
7628,8
7629,7
7630,4
7631,2
7632,3
7633,5
7634,7
7635,8
7636,7
7637,0
7638,9
7639,7
7640,5
7641,5
7642,2
7643,3
7644,9
7645,7
7646,5
7647,1
7648,6
7649,6
7650,1
7651,7
7652,9
7653,4
7654,2
7655,7
7656,0
7657,5
7658,3
7659,6
7660,7
7661,1
7662,6
7663,4
7664,0
7665,1
7666,2
7667,9
7668,3
7669,7
7670,2
7671,2
7672,8
7673,0
7674,0
7675,2
7676,9
7677,5
7678,4
7679,7
7680,0
7681,9
7682,7
7683,2
7684,9
7685,3
7686,2
7687,5
7688,2
7689,1
7690,1
7691,4
7692,3
7693,6
7694,4
7695,9
7696,8
7697,9
7698,2
7699,4
7700,4
7701,1
7702,0
7703,6
7704,4
7705,4
7706,9
7707,1
7708,7
7709,7
7710,1
7711,4
7712,4
7713,1
7714,9
7715,4
7716,0
7717,1
7718,3
7719,7
7720,7
7721,0
7722,9
7723,3
7724,3
7725,3
7726,5
7727,1
7728,3
7729,0
7730,2
7731,5
7732,6
7733,4
7734,2
7735,1
7736,4
7737,9
7738,3
7739,6
7740,5
7741,6
7742,5
7743,3
7744,5
7745,9
7746,2
7747,3
7748,1
7749,5
7750,5
7751,2
7752,6
7753,1
7754,0
7755,2
7756,1
7757,7
7758,7
7759,6
7760,7
7761,6
7762,3
7763,3
7764,8
7765,6
7766,3
7767,5
7768,0
7769,0
7770,7
7771,5
7772,8
7773,1
7774,3
7775,4
7776,0
7777,6
7778,1
7779,1
7780,7
7781,9
7782,1
7783,8
7784,3
7785,9
7786,7
7787,0
7788,5
7789,7
7790,0
7791,5
7792,9
7793,7
7794,9
7795,0
7796,8
7797,8
7798,7
7799,2
7800,5
7801,5
7802,1
7803,0
7804,2
7805,5
7806,4
7807,5
7808,6
7809,1
7810,4
7811,8
7812,7
7813,1
7814,4
7815,9
7816,3
7817,6
7818,2
7819,0
7820,9
7821,7
7822,6
7823,6
7824,0
7825,3
7826,7
7827,2
7828,4
7829,8
7830,2
7831,0
7832,7
7833,7
7834,9
7835,0
7836,9
7837,6
7838,3
7839,1
7840,0
7841,3
7842,0
7843,7
7844,1
7845,7
7846,6
7847,2
7848,0
7849,0
7850,6
7851,8
7852,2
7853,7
7854,7
7855,0
7856,6
7857,7
7858,9
7859,0
7860,2
7861,4
7862,3
7863,0
7864,1
7865,0
7866,3
7867,3
7868,7
7869,7
7870,4
7871,7
7872,9
7873,4
7874,2
7875,7
7876,0
7877,7
7878,7
7879,2
7880,7
7881,2
7882,3
7883,8
7884,3
7885,9
7886,1
7887,5
7888,0
7889,7
7890,3
7891,5
7892,6
7893,9
7894,2
7895,8
7896,5
7897,3
7898,9
7899,5
7900,9
7901,0
7902,8
7903,4
7904,8
7905,6
7906,5
7907,0
7908,0
7909,7
7910,3
7911,9
7912,9
7913,3
7914,7
7915,9
7916,4
7917,4
7918,0
7919,2
7920,9
7921,8
7922,7
7923,2
7924,5
7925,6
7926,9
7927,0
7928,2
7929,2
7930,4
7931,3
7932,4
7933,4
7934,3
7935,3
7936,0
7937,2
7938,0
7939,9
7940,5
7941,0
7942,6
7943,2
7944,9
7945,8
7946,2
7947,8
7948,4
7949,8
7950,2
7951,3
7952,9
7953,7
7954,5
7955,0
7956,3
7957,3
7958,3
7959,8
7960,5
7961,8
7962,2
7963,2
7964,8
7965,3
7966,8
7967,1
7968,9
7969,6
7970,9
7971,6
7972,8
7973,6
7974,0
7975,4
7976,3
7977,3
7978,3
7979,4
7980,0
7981,8
7982,4
7983,3
7984,3
7985,6
7986,9
7987,7
7988,2
7989,2
7990,2
7991,0
7992,6
7993,6
7994,1
7995,3
7996,9
7997,3
7998,5
7999,8
8000,1
8001,3
8002,9
8003,6
8004,7
8005,4
8006,8
8007,2
8008,9
8009,6
8010,9
8011,8
8012,2
8013,4
8014,4
8015,4
8016,3
8017,2
8018,3
8019,7
8020,6
8021,1
8022,1
8023,7
8024,0
8025,4
8026,4
8027,0
8028,1
8029,2
8030,2
8031,3
8032,7
8033,2
8034,6
8035,5
8036,4
8037,5
8038,0
8039,4
8040,8
8041,4
8042,1
8043,2
8044,7
8045,1
8046,1
8047,1
8048,8
8049,0
8050,8
8051,8
8052,8
8053,9
8054,6
8055,9
8056,6
8057,6
8058,2
8059,2
8060,7
8061,5
8062,2
8063,9
8064,2
8065,6
8066,7
8067,4
8068,8
8069,6
8070,9
8071,5
8072,1
8073,0
8074,6
8075,5
8076,4
8077,9
8078,5
8079,3
8080,2
8081,3
8082,5
8083,2
8084,9
8085,3
8086,5
8087,7
8088,8
8089,4
8090,6
8091,6
8092,5
8093,7
8094,2
8095,4
8096,7
8097,8
8098,5
8099,8
8100,5
8101,7
8102,5
8103,6
8104,1
8105,7
8106,3
8107,0
8108,7
8109,5
8110,3
8111,4
8112,5
8113,1
8114,4
8115,4
8116,1
8117,0
8118,0
8119,0
8120,9
8121,1
8122,2
8123,4
8124,8
8125,5
8126,9
8127,5
8128,6
8129,4
8130,6
8131,5
8132,6
8133,9
8134,3
8135,7
8136,4
8137,7
8138,2
8139,4
8140,4
8141,6
8142,1
8143,1
8144,4
8145,4
8146,9
8147,0
8148,3
8149,5
8150,3
8151,9
8152,3
8153,0
8154,0
8155,6
8156,0
8157,8
8158,1
8159,3
8160,6
8161,6
8162,5
8163,0
8164,0
8165,9
8166,4
8167,1
8168,8
8169,5
8170,3
8171,2
8172,8
8173,6
8174,8
8175,8
8176,6
8177,5
8178,6
8179,9
8180,7
8181,6
8182,9
8183,4
8184,8
8185,9
8186,9
8187,8
8188,3
8189,8
8190,2
8191,6
8192,1
8193,8
8194,7
8195,7
8196,8
8197,0
8198,6
8199,0
8200,7
8201,4
8202,2
8203,7
8204,6
8205,0
8206,6
8207,4
8208,9
8209,3
8210,7
8211,0
8212,0
8213,3
8214,8
8215,1
8216,6
8217,6
8218,6
8219,7
8220,8
8221,5
8222,4
8223,6
8224,1
8225,6
8226,4
8227,0
8228,1
8229,2
8230,2
8231,2
8232,2
8233,7
8234,0
8235,7
8236,5
8237,2
8238,5
8239,9
8240,4
8241,1
8242,6
8243,9
8244,6
8245,1
8246,7
8247,4
8248,9
8249,3
8250,3
8251,3
8252,3
8253,3
8254,2
8255,9
8256,6
8257,2
8258,1
8259,3
8260,7
8261,9
8262,8
8263,8
8264,5
8265,8
8266,1
8267,6
8268,6
8269,8
8270,1
8271,1
8272,1
8273,8
8274,3
8275,4
8276,9
8277,3
8278,2
8279,1
8280,2
8281,2
8282,1
8283,9
8284,9
8285,6
8286,6
8287,8
8288,0
8289,1
8290,4
8291,3
8292,9
8293,2
8294,8
8295,6
8296,5
8297,5
8298,4
8299,6
8300,1
8301,1
8302,7
8303,7
8304,1
8305,6
8306,6
8307,1
8308,8
8309,3
8310,7
8311,2
8312,3
8313,7
8314,7
8315,3
8316,1
8317,3
8318,2
8319,4
8320,6
8321,2
8322,4
8323,6
8324,4
8325,8
8326,4
8327,8
8328,3
8329,8
8330,6
8331,6
8332,0
8333,3
8334,9
8335,5
8336,2
8337,2
8338,7
8339,9
8340,0
8341,3
8342,5
8343,2
8344,1
8345,0
8346,0
8347,7
8348,2
8349,4
8350,3
8351,1
8352,9
8353,8
8354,1
8355,7
8356,8
8357,3
8358,5
8359,4
8360,1
8361,7
8362,6
8363,5
8364,4
8365,4
8366,0
8367,4
8368,1
8369,0
8370,9
8371,9
8372,6
8373,4
8374,1
8375,9
8376,7
8377,1
8378,6
8379,9
8380,2
8381,2
8382,9
8383,5
8384,0
8385,2
8386,2
8387,4
8388,7
8389,9
8390,4
8391,1
8392,0
8393,5
8394,3
8395,6
8396,9
8397,1
8398,4
8399,6
8400,4
8401,0
8402,0
8403,6
8404,2
8405,4
8406,2
8407,9
8408,4
8409,1
8410,1
8411,0
8412,0
8413,1
8414,5
8415,3
8416,1
8417,2
8418,1
8419,1
8420,8
8421,7
8422,5
8423,5
8424,1
8425,3
8426,4
8427,1
8428,0
8429,4
8430,4
8431,9
8432,1
8433,3
8434,4
8435,1
8436,6
8437,3
8438,9
8439,5
8440,1
8441,8
8442,6
8443,7
8444,8
8445,8
8446,3
8447,6
8448,0
8449,6
8450,8
8451,7
8452,2
8453,2
8454,4
8455,6
8456,7
8457,1
8458,9
8459,0
8460,2
8461,1
8462,9
8463,3
8464,5
8465,2
8466,0
8467,1
8468,4
8469,6
8470,7
8471,6
8472,1
8473,4
8474,3
8475,3
8476,2
8477,1
8478,7
8479,4
8480,3
8481,1
8482,9
8483,0
8484,5
8485,4
8486,4
8487,1
8488,4
8489,2
8490,4
8491,9
8492,9
8493,5
8494,6
8495,0
8496,6
8497,9
8498,4
8499,6
8500,1
8501,0
8502,5
8503,6
8504,7
8505,0
8506,3
8507,0
8508,4
8509,3
8510,3
8511,1
8512,0
8513,9
8514,9
8515,5
8516,6
8517,3
8518,4
8519,5
8520,9
8521,5
8522,7
8523,7
8524,9
8525,4
8526,9
8527,9
8528,2
8529,3
8530,1
8531,7
8532,6
8533,8
8534,1
8535,0
8536,8
8537,0
8538,8
8539,0
8540,5
8541,8
8542,1
8543,7
8544,3
8545,8
8546,7
8547,2
8548,2
8549,3
8550,1
8551,4
8552,1
8553,6
8554,3
8555,1
8556,4
8557,8
8558,2
8559,6
8560,2
8561,6
8562,9
8563,1
8564,0
8565,0
8566,0
8567,0
8568,3
8569,0
8570,0
8571,9
8572,6
8573,7
8574,2
8575,3
8576,8
8577,1
8578,7
8579,0
8580,1
8581,1
8582,0
8583,1
8584,6
8585,3
8586,3
8587,7
8588,9
8589,0
8590,4
8591,7
8592,0
8593,2
8594,4
8595,1
8596,7
8597,9
8598,9
8599,7
8600,0
8601,3
8602,1
8603,8
8604,4
8605,0
8606,1
8607,8
8608,0
8609,1
8610,8
8611,6
8612,4
8613,7
8614,2
8615,1
8616,8
8617,6
8618,7
8619,8
8620,5
8621,3
8622,3
8623,1
8624,3
8625,2
8626,9
8627,6
8628,5
8629,1
8630,3
8631,7
8632,0
8633,2
8634,9
8635,9
8636,2
8637,3
8638,7
8639,9
8640,3
8641,0
8642,5
8643,5
8644,2
8645,8
8646,9
8647,2
8648,2
8649,9
8650,9
8651,1
8652,7
8653,5
8654,9
8655,0
8656,4
8657,8
8658,2
8659,7
8660,9
8661,7
8662,7
8663,2
8664,1
8665,8
8666,7
8667,6
8668,9
8669,1
8670,2
8671,6
8672,1
8673,1
8674,5
8675,9
8676,4
8677,2
8678,2
8679,2
8680,0
8681,6
8682,0
8683,7
8684,0
8685,1
8686,7
8687,6
8688,2
8689,8
8690,8
8691,4
8692,0
8693,5
8694,6
8695,8
8696,6
8697,9
8698,6
8699,7
8700,8
8701,1
8702,1
8703,1
8704,2
8705,8
8706,3
8707,5
8708,4
8709,7
8710,9
8711,6
8712,3
8713,4
8714,2
8715,6
8716,4
8717,2
8718,2
8719,1
8720,7
8721,9
8722,6
8723,4
8724,1
8725,9
8726,7
8727,3
8728,3
8729,2
8730,7
8731,4
8732,4
8733,6
8734,9
8735,1
8736,6
8737,6
8738,9
8739,1
8740,9
8741,8
8742,8
8743,0
8744,3
8745,1
8746,9
8747,7
8748,5
8749,7
8750,4
8751,4
8752,7
8753,3
8754,5
8755,1
8756,7
8757,1
8758,3
8759,1
8760,5
8761,1
8762,9
8763,1
8764,0
8765,0
8766,7
8767,1
8768,0
8769,5
8770,9
8771,3
8772,4
8773,3
8774,7
8775,8
8776,2
8777,3
8778,4
8779,2
8780,6
8781,4
8782,1
8783,3
8784,8
8785,3
8786,3
8787,5
8788,9
8789,2
8790,1
8791,6
8792,7
8793,0
8794,2
8795,3
8796,7
8797,6
8798,2
8799,6
8800,0
8801,4
8802,2
8803,1
8804,1
8805,8
8806,9
8807,4
8808,6
8809,7
8810,2
8811,3
8812,1
8813,9
8814,5
8815,1
8816,2
8817,6
8818,3
8819,1
8820,7
8821,7
8822,4
8823,2
8824,8
8825,5
8826,7
8827,9
8828,9
8829,4
8830,7
8831,0
8832,8
8833,7
8834,4
8835,0
8836,8
8837,5
8838,6
8839,5
8840,2
8841,3
8842,5
8843,7
8844,2
8845,1
8846,9
8847,9
8848,5
8849,2
8850,1
8851,9
8852,8
8853,4
8854,9
8855,1
8856,1
8857,6
8858,2
8859,7
8860,3
8861,2
8862,0
8863,7
8864,5
8865,4
8866,4
8867,3
8868,4
8869,5
8870,5
8871,9
8872,2
8873,6
8874,3
8875,7
8876,1
8877,8
8878,7
8879,4
8880,3
8881,1
8882,1
8883,8
8884,7
8885,5
8886,7
8887,0
8888,2
8889,2
8890,7
8891,5
8892,9
8893,7
8894,0
8895,2
8896,5
8897,5
8898,0
8899,8
8900,5
8901,0
8902,0
8903,6
8904,6
8905,3
8906,3
8907,0
8908,5
8909,4
8910,1
8911,4
8912,3
8913,4
8914,7
8915,1
8916,2
8917,8
8918,8
8919,7
8920,1
8921,7
8922,1
8923,7
8924,9
8925,7
8926,5
8927,3
8928,8
8929,6
8930,3
8931,1
8932,5
8933,9
8934,9
8935,9
8936,4
8937,5
8938,8
8939,2
8940,1
8941,3
8942,2
8943,7
8944,4
8945,0
8946,9
8947,9
8948,2
8949,9
8950,4
8951,8
8952,7
8953,3
8954,6
8955,7
8956,3
8957,1
8958,4
8959,1
8960,8
8961,3
8962,0
8963,7
8964,6
8965,6
8966,6
8967,1
8968,0
8969,8
8970,5
8971,5
8972,4
8973,4
8974,0
8975,4
8976,0
8977,7
8978,9
8979,0
8980,9
8981,6
8982,4
8983,1
8984,0
8985,5
8986,7
8987,1
8988,1
8989,2
8990,4
8991,6
8992,8
8993,0
8994,2
8995,8
8996,7
8997,3
8998,9
8999,2
9000,8
9001,6
9002,1
9003,2
9004,3
9005,3
9006,8
9007,1
9008,3
9009,6
9010,8
9011,4
9012,0
9013,6
9014,3
9015,4
9016,0
9017,7
9018,0
9019,9
9020,9
9021,1
9022,4
9023,5
9024,0
9025,1
9026,1
9027,7
9028,1
9029,7
9030,0
9031,3
9032,9
9033,7
9034,7
9035,7
9036,6
9037,3
9038,5
9039,2
9040,2
9041,2
9042,2
9043,7
9044,6
9045,3
9046,6
9047,7
9048,6
9049,5
9050,7
9051,7
9052,7
9053,8
9054,3
9055,4
9056,6
9057,2
9058,7
9059,7
9060,3
9061,4
9062,4
9063,1
9064,8
9065,9
9066,2
9067,5
9068,9
9069,8
9070,9
9071,1
9072,0
9073,8
9074,7
9075,4
9076,1
9077,2
9078,2
9079,1
9080,8
9081,6
9082,2
9083,8
9084,8
9085,2
9086,7
9087,9
9088,3
9089,5
9090,9
9091,9
9092,6
9093,5
9094,1
9095,5
9096,8
9097,8
9098,6
9099,3
9100,7
9101,7
9102,1
9103,8
9104,8
9105,2
9106,7
9107,3
9108,0
9109,0
9110,3
9111,2
9112,0
9113,6
9114,6
9115,4
9116,9
9117,5
9118,1
9119,5
9120,3
9121,5
9122,0
9123,1
9124,3
9125,2
9126,5
9127,3
9128,2
9129,4
9130,0
9131,8
9132,5
9133,9
9134,3
9135,3
9136,9
9137,8
9138,8
9139,4
9140,3
9141,8
9142,1
9143,6
9144,0
9145,2
9146,8
9147,4
9148,0
9149,6
9150,1
9151,6
9152,6
9153,0
9154,4
9155,0
9156,0
9157,0
9158,9
9159,7
9160,8
9161,8
9162,6
9163,1
9164,2
9165,3
9166,7
9167,4
9168,4
9169,6
9170,6
9171,5
9172,5
9173,9
9174,0
9175,0
9176,1
9177,2
9178,4
9179,3
9180,5
9181,4
9182,3
9183,6
9184,0
9185,0
9186,7
9187,5
9188,4
9189,9
9190,0
9191,5
9192,5
9193,1
9194,1
9195,8
9196,4
9197,6
9198,3
9199,9
9200,8
9201,3
9202,5
9203,9
9204,4
9205,6
9206,5
9207,8
9208,3
9209,8
9210,4
9211,9
9212,7
9213,6
9214,0
9215,6
9216,4
9217,2
9218,4
9219,5
9220,9
9221,2
9222,5
9223,6
9224,5
9225,4
9226,4
9227,8
9228,5
9229,2
9230,9
9231,7
9232,4
9233,7
9234,2
9235,2
9236,7
9237,7
9238,8
9239,3
9240,1
9241,1
9242,6
9243,0
9244,7
9245,3
9246,1
9247,4
9248,9
9249,4
9250,4
9251,9
9252,6
9253,7
9254,4
9255,1
9256,8
9257,6
9258,7
9259,3
9260,2
9261,6
9262,2
9263,6
9264,9
9265,3
9266,3
9267,5
9268,2
9269,4
9270,8
9271,6
9272,0
9273,1
9274,6
9275,8
9276,8
9277,5
9278,7
9279,6
9280,9
9281,7
9282,2
9283,2
9284,1
9285,9
9286,2
9287,4
9288,7
9289,4
9290,2
9291,0
9292,8
9293,8
9294,9
9295,6
9296,1
9297,8
9298,0
9299,6
9300,6
9301,6
9302,3
9303,0
9304,1
9305,3
9306,3
9307,8
9308,9
9309,5
9310,5
9311,2
9312,3
9313,0
9314,2
9315,6
9316,1
9317,0
9318,8
9319,4
9320,7
9321,0
9322,3
9323,6
9324,4
9325,4
9326,0
9327,2
9328,3
9329,7
9330,4
9331,9
9332,1
9333,0
9334,1
9335,5
9336,5
9337,7
9338,5
9339,6
9340,5
9341,1
9342,8
9343,2
9344,2
9345,1
9346,2
9347,5
9348,5
9349,8
9350,1
9351,2
9352,4
9353,9
9354,6
9355,3
9356,9
9357,4
9358,2
9359,6
9360,1
9361,3
9362,8
9363,8
9364,5
9365,3
9366,1
9367,0
9368,1
9369,8
9370,5
9371,4
9372,6
9373,5
9374,9
9375,6
9376,3
9377,4
9378,3
9379,0
9380,9
9381,9
9382,3
9383,5
9384,9
9385,9
9386,2
9387,5
9388,3
9389,3
9390,8
9391,2
9392,1
9393,6
9394,3
9395,0
9396,3
9397,0
9398,4
9399,8
9400,8
9401,4
9402,2
9403,3
9404,7
9405,9
9406,8
9407,5
9408,9
9409,6
9410,1
9411,3
9412,8
9413,5
9414,9
9415,1
9416,1
9417,3
9418,4
9419,5
9420,9
9421,3
9422,5
9423,9
9424,3
9425,5
9426,1
9427,5
9428,4
9429,8
9430,1
9431,3
9432,6
9433,7
9434,3
9435,3
9436,5
9437,6
9438,1
9439,3
9440,7
9441,3
9442,7
9443,5
9444,6
9445,2
9446,6
9447,2
9448,0
9449,5
9450,0
9451,2
9452,6
9453,2
9454,1
9455,8
9456,2
9457,3
9458,8
9459,1
9460,9
9461,6
9462,5
9463,0
9464,9
9465,9
9466,5
9467,6
9468,2
9469,1
9470,6
9471,2
9472,4
9473,0
9474,2
9475,7
9476,0
9477,8
9478,4
9479,4
9480,0
9481,5
9482,2
9483,2
9484,6
9485,5
9486,8
9487,7
9488,9
9489,7
9490,0
9491,1
9492,0
9493,6
9494,3
9495,9
9496,3
9497,7
9498,8
9499,8
9500,1
9501,2
9502,2
9503,1
9504,8
9505,3
9506,7
9507,7
9508,3
9509,6
9510,9
9511,5
9512,6
9513,6
9514,3
9515,0
9516,3
9517,1
9518,3
9519,5
9520,6
9521,0
9522,7
9523,7
9524,6
9525,2
9526,3
9527,5
9528,2
9529,1
9530,2
9531,4
9532,5
9533,2
9534,5
9535,6
9536,7
9537,2
9538,3
9539,4
9540,6
9541,4
9542,7
9543,6
9544,9
9545,1
9546,6
9547,2
9548,3
9549,2
9550,3
9551,8
9552,7
9553,3
9554,2
9555,9
9556,8
9557,3
9558,3
9559,6
9560,2
9561,0
9562,2
9563,8
9564,3
9565,8
9566,3
9567,9
9568,3
9569,6
9570,1
9571,4
9572,0
9573,3
9574,4
9575,3
9576,6
9577,8
9578,1
9579,2
9580,3
9581,6
9582,3
9583,9
9584,6
9585,0
9586,5
9587,8
9588,1
9589,4
9590,6
9591,8
9592,0
9593,7
9594,1
9595,0
9596,7
9597,7
9598,4
9599,6
9600,3
9601,3
9602,7
9603,8
9604,9
9605,2
9606,1
9607,5
9608,8
9609,8
9610,2
9611,1
9612,3
9613,7
9614,1
9615,3
9616,5
9617,9
9618,3
9619,6
9620,1
9621,5
9622,3
9623,0
9624,8
9625,9
9626,7
9627,9
9628,2
9629,5
9630,0
9631,6
9632,4
9633,9
9634,4
9635,0
9636,0
9637,7
9638,3
9639,4
9640,0
9641,4
9642,1
9643,2
9644,3
9645,3
9646,0
9647,4
9648,3
9649,7
9650,1
9651,1
9652,5
9653,4
9654,7
9655,0
9656,3
9657,8
9658,5
9659,0
9660,3
9661,8
9662,7
9663,5
9664,9
9665,8
9666,9
9667,4
9668,7
9669,6
9670,2
9671,1
9672,5
9673,5
9674,1
9675,1
9676,9
9677,4
9678,5
9679,1
9680,0
9681,0
9682,2
9683,5
9684,9
9685,2
9686,0
9687,7
9688,6
9689,4
9690,1
9691,4
9692,9
9693,5
9694,0
9695,0
9696,4
9697,1
9698,8
9699,2
9700,3
9701,8
9702,9
9703,6
9704,9
9705,6
9706,0
9707,3
9708,1
9709,5
9710,9
9711,3
9712,9
9713,3
9714,6
9715,5
9716,5
9717,4
9718,3
9719,5
9720,5
9721,7
9722,1
9723,9
9724,0
9725,0
9726,1
9727,1
9728,5
9729,4
9730,9
9731,4
9732,7
9733,1
9734,9
9735,9
9736,0
9737,5
9738,1
9739,4
9740,8
9741,4
9742,5
9743,4
9744,1
9745,5
9746,0
9747,8
9748,3
9749,4
9750,0
9751,3
9752,9
9753,9
9754,0
9755,2
9756,4
9757,7
9758,8
9759,8
9760,1
9761,4
9762,5
9763,7
9764,0
9765,8
9766,6
9767,1
9768,3
9769,7
9770,1
9771,2
9772,8
9773,6
9774,0
9775,3
9776,0
9777,6
9778,0
9779,5
9780,8
9781,3
9782,8
9783,4
9784,8
9785,0
9786,1
9787,9
9788,5
9789,2
9790,1
9791,4
9792,1
9793,0
9794,7
9795,2
9796,2
9797,6
9798,2
9799,3
9800,1
9801,7
9802,4
9803,9
9804,3
9805,2
9806,0
9807,2
9808,4
9809,8
9810,3
9811,3
9812,7
9813,6
9814,9
9815,7
9816,3
9817,6
9818,4
9819,2
9820,7
9821,1
9822,1
9823,6
9824,7
9825,2
9826,2
9827,8
9828,7
9829,4
9830,2
9831,3
9832,4
9833,2
9834,1
9835,5
9836,7
9837,8
9838,8
9839,7
9840,6
9841,5
9842,0
9843,8
9844,5
9845,4
9846,6
9847,1
9848,8
9849,6
9850,3
9851,1
9852,4
9853,4
9854,3
9855,6
9856,7
9857,5
9858,1
9859,2
9860,7
9861,1
9862,6
9863,9
9864,0
9865,3
9866,8
9867,3
9868,2
9869,6
9870,8
9871,6
9872,7
9873,1
9874,2
9875,2
9876,3
9877,6
9878,7
9879,8
9880,2
9881,7
9882,1
9883,7
9884,4
9885,5
9886,1
9887,3
9888,6
9889,9
9890,8
9891,0
9892,5
9893,6
9894,4
9895,9
9896,8
9897,2
9898,8
9899,3
9900,8
9901,2
9902,9
9903,2
9904,5
9905,8
9906,2
9907,6
9908,8
9909,2
9910,9
9911,8
9912,4
9913,4
9914,7
9915,7
9916,0
9917,7
9918,4
9919,5
9920,0
9921,2
9922,7
9923,2
9924,7
9925,2
9926,3
9927,9
9928,4
9929,2
9930,2
9931,2
9932,7
9933,8
9934,9
9935,5
9936,3
9937,2
9938,2
9939,2
9940,0
9941,9
9942,6
9943,9
9944,5
9945,5
9946,1
9947,3
9948,1
9949,2
9950,7
9951,0
9952,4
9953,6
9954,0
9955,2
9956,5
9957,8
9958,2
9959,8
9960,3
9961,3
9962,3
9963,4
9964,6
9965,0
9966,8
9967,2
9968,8
9969,5
9970,7
9971,0
9972,6
9973,1
9974,6
9975,7
9976,5
9977,4
9978,3
9979,1
9980,8
9981,5
9982,2
9983,9
9984,2
9985,1
9986,5
9987,5
9988,8
9989,9
9990,1
9991,9
9992,1
9993,1
9994,1
9995,7
9996,6
9997,1
9998,3
9999,0
10000,7
10001,3
10002,0
10003,1
10004,2
10005,0
10006,7
10007,6
10008,5
10009,5
10010,8
10011,2
10012,7
10013,6
10014,8
10015,1
10016,8
10017,5
10018,0
10019,1
10020,8
10021,4
10022,7
10023,3
10024,9
10025,4
10026,5
10027,9
10028,8
10029,1
10030,1
10031,1
10032,7
10033,2
10034,4
10035,0
10036,6
10037,4
10038,5
10039,1
10040,9
10041,4
10042,9
10043,0
10044,1
10045,5
10046,9
10047,1
10048,6
10049,4
10050,1
10051,1
10052,5
10053,8
10054,7
10055,7
10056,7
10057,0
10058,3
10059,7
10060,1
10061,5
10062,7
10063,9
10064,2
10065,4
10066,0
10067,5
10068,5
10069,8
10070,7
10071,6
10072,0
10073,8
10074,0
10075,9
10076,1
10077,3
10078,4
10079,7
10080,7
10081,6
10082,8
10083,0
10084,2
10085,5
10086,0
10087,2
10088,9
10089,5
10090,8
10091,2
10092,3
10093,6
10094,8
10095,0
10096,2
10097,7
10098,3
10099,3
10100,8
10101,2
10102,5
10103,7
10104,9
10105,4
10106,8
10107,7
10108,9
10109,0
10110,8
10111,6
10112,4
10113,5
10114,6
10115,0
10116,2
10117,7
10118,8
10119,0
10120,0
10121,6
10122,9
10123,0
10124,1
10125,0
10126,5
10127,5
10128,8
10129,2
10130,8
10131,0
10132,8
10133,9
10134,7
10135,1
10136,6
10137,9
10138,4
10139,8
10140,3
10141,2
10142,6
10143,4
10144,5
10145,2
10146,8
10147,1
10148,3
10149,3
10150,1
10151,6
10152,2
10153,4
10154,9
10155,0
10156,1
10157,0
10158,4
10159,1
10160,5
10161,1
10162,0
10163,3
10164,3
10165,7
10166,0
10167,6
10168,0
10169,7
10170,2
10171,2
10172,2
10173,3
10174,5
10175,6
10176,6
10177,4
10178,9
10179,1
10180,6
10181,9
10182,9
10183,5
10184,2
10185,1
10186,5
10187,3
10188,0
10189,7
10190,9
10191,9
10192,8
10193,2
10194,8
10195,3
10196,7
10197,7
10198,3
10199,5
10200,9
10201,3
10202,7
10203,9
10204,5
10205,1
10206,9
10207,8
10208,5
10209,7
10210,8
10211,6
10212,5
10213,7
10214,5
10215,7
10216,2
10217,6
10218,1
10219,7
10220,4
10221,0
10222,2
10223,5
10224,1
10225,1
10226,6
10227,5
10228,3
10229,2
10230,6
10231,2
10232,4
10233,1
10234,1
10235,5
10236,6
10237,5
10238,3
10239,2
10240,4
10241,7
10242,6
10243,8
10244,0
10245,2
10246,8
10247,5
10248,5
10249,4
10250,0
10251,4
10252,0
10253,3
10254,6
10255,1
10256,7
10257,9
10258,0
10259,8
10260,2
10261,3
10262,9
10263,7
10264,3
10265,4
10266,6
10267,1
10268,4
10269,8
10270,1
10271,2
10272,6
10273,3
10274,0
10275,9
10276,9
10277,1
10278,4
10279,8
10280,7
10281,7
10282,5
10283,7
10284,3
10285,8
10286,2
10287,0
10288,0
10289,1
10290,5
10291,3
10292,3
10293,7
10294,5
10295,0
10296,1
10297,7
10298,7
10299,9
10300,5
10301,3
10302,9
10303,5
10304,6
10305,6
10306,9
10307,2
10308,3
10309,0
10310,9
10311,8
10312,2
10313,6
10314,2
10315,0
10316,1
10317,9
10318,5
10319,0
10320,4
10321,0
10322,1
10323,6
10324,1
10325,0
10326,2
10327,4
10328,2
10329,8
10330,6
10331,3
10332,9
10333,8
10334,4
10335,1
10336,6
10337,8
10338,3
10339,5
10340,2
10341,6
10342,9
10343,5
10344,7
10345,3
10346,4
10347,0
10348,3
10349,7
10350,6
10351,4
10352,6
10353,2
10354,6
10355,7
10356,0
10357,2
10358,1
10359,6
10360,6
10361,5
10362,8
10363,5
10364,8
10365,9
10366,5
10367,7
10368,2
10369,9
10370,4
10371,8
10372,5
10373,8
10374,6
10375,4
10376,2
10377,2
10378,3
10379,5
10380,7
10381,2
10382,9
10383,1
10384,6
10385,0
10386,3
10387,5
10388,0
10389,5
10390,0
10391,5
10392,7
10393,5
10394,7
10395,9
10396,1
10397,5
10398,8
10399,1
10400,4
10401,7
10402,6
10403,5
10404,2
10405,7
10406,8
10407,6
10408,9
10409,4
10410,7
10411,2
10412,7
10413,7
10414,2
10415,4
10416,9
10417,6
10418,4
10419,2
10420,0
10421,7
10422,0
10423,8
10424,2
10425,0
10426,6
10427,8
10428,7
10429,4
10430,5
10431,6
10432,6
10433,5
10434,1
10435,2
10436,6
10437,3
10438,6
10439,6
10440,1
10441,6
10442,1
10443,7
10444,5
10445,0
10446,4
10447,5
10448,6
10449,8
10450,5
10451,3
10452,2
10453,0
10454,4
10455,9
10456,0
10457,0
10458,8
10459,3
10460,8
10461,4
10462,2
10463,2
10464,1
10465,5
10466,3
10467,7
10468,8
10469,1
10470,9
10471,1
10472,9
10473,5
10474,0
10475,7
10476,4
10477,5
10478,6
10479,9
10480,1
10481,0
10482,4
10483,1
10484,6
10485,0
10486,5
10487,6
10488,7
10489,5
10490,8
10491,7
10492,0
10493,3
10494,2
10495,1
10496,0
10497,2
10498,4
10499,2
10500,1
10501,9
10502,1
10503,8
10504,5
10505,9
10506,1
10507,3
10508,3
10509,7
10510,2
10511,6
10512,8
10513,6
10514,9
10515,7
10516,3
10517,7
10518,2
10519,3
10520,6
10521,1
10522,9
10523,7
10524,4
10525,9
10526,9
10527,3
10528,8
10529,7
10530,4
10531,6
10532,3
10533,8
10534,8
10535,8
10536,2
10537,2
10538,7
10539,8
10540,4
10541,9
10542,0
10543,1
10544,9
10545,8
10546,5
10547,7
10548,7
10549,7
10550,3
10551,8
10552,3
10553,1
10554,3
10555,4
10556,2
10557,3
10558,3
10559,8
10560,9
10561,4
10562,0
10563,5
10564,1
10565,6
10566,3
10567,8
10568,2
10569,7
10570,7
10571,9
10572,9
10573,4
10574,1
10575,5
10576,9
10577,8
10578,4
10579,9
10580,1
10581,1
10582,5
10583,1
10584,6
10585,4
10586,8
10587,7
10588,9
10589,2
10590,0
10591,0
10592,5
10593,5
10594,6
10595,1
10596,7
10597,6
10598,0
10599,7
10600,3
10601,3
10602,2
10603,4
10604,8
10605,6
10606,7
10607,8
10608,6
10609,5
10610,5
10611,5
10612,5
10613,2
10614,4
10615,7
10616,6
10617,7
10618,4
10619,6
10620,5
10621,0
10622,8
10623,6
10624,7
10625,0
10626,8
10627,0
10628,3
10629,7
10630,8
10631,6
10632,2
10633,2
10634,1
10635,2
10636,3
10637,1
10638,7
10639,4
10640,4
10641,3
10642,5
10643,2
10644,0
10645,0
10646,7
10647,6
10648,7
10649,0
10650,4
10651,2
10652,8
10653,6
10654,4
10655,9
10656,8
10657,9
10658,7
10659,4
10660,1
10661,7
10662,9
10663,2
10664,8
10665,6
10666,1
10667,1
10668,3
10669,6
10670,4
10671,7
10672,7
10673,3
10674,4
10675,2
10676,9
10677,6
10678,0
10679,7
10680,6
10681,6
10682,3
10683,3
10684,7
10685,4
10686,5
10687,9
10688,5
10689,0
10690,9
10691,5
10692,3
10693,2
10694,9
10695,8
10696,3
10697,6
10698,0
10699,8
10700,5
10701,4
10702,0
10703,3
10704,1
10705,8
10706,6
10707,3
10708,7
10709,9
10710,7
10711,6
10712,2
10713,7
10714,1
10715,8
10716,8
10717,6
10718,1
10719,5
10720,7
10721,6
10722,5
10723,3
10724,9
10725,2
10726,3
10727,1
10728,9
10729,9
10730,9
10731,0
10732,1
10733,4
10734,4
10735,7
10736,7
10737,9
10738,9
10739,4
10740,3
10741,7
10742,9
10743,6
10744,2
10745,5
10746,4
10747,6
10748,8
10749,1
10750,8
10751,2
10752,4
10753,1
10754,6
10755,0
10756,8
10757,6
10758,6
10759,1
10760,1
10761,7
10762,7
10763,3
10764,4
10765,5
10766,3
10767,4
10768,5
10769,8
10770,6
10771,9
10772,0
10773,7
10774,3
10775,6
10776,7
10777,0
10778,8
10779,9
10780,2
10781,4
10782,3
10783,5
10784,5
10785,3
10786,3
10787,1
10788,7
10789,6
10790,2
10791,5
10792,3
10793,4
10794,1
10795,7
10796,9
10797,4
10798,8
10799,9
10800,4
10801,4
10802,0
10803,8
10804,9
10805,3
10806,4
10807,6
10808,4
10809,9
10810,8
10811,7
10812,1
10813,3
10814,8
10815,4
10816,5
10817,9
10818,3
10819,1
10820,1
10821,4
10822,7
10823,0
10824,6
10825,2
10826,8
10827,5
10828,9
10829,2
10830,1
10831,2
10832,7
10833,8
10834,9
10835,3
10836,6
10837,4
10838,8
10839,5
10840,8
10841,0
10842,9
10843,5
10844,4
10845,8
10846,1
10847,2
10848,2
10849,9
10850,6
10851,3
10852,9
10853,2
10854,2
10855,6
10856,6
10857,1
10858,0
10859,1
10860,9
10861,4
10862,4
10863,4
10864,4
10865,9
10866,5
10867,6
10868,1
10869,3
10870,5
10871,1
10872,7
10873,5
10874,7
10875,9
10876,4
10877,8
10878,3
10879,3
10880,3
10881,2
10882,8
10883,6
10884,5
10885,6
10886,2
10887,8
10888,8
10889,9
10890,5
10891,9
10892,7
10893,1
10894,8
10895,4
10896,9
10897,3
10898,8
10899,5
10900,2
10901,3
10902,0
10903,0
10904,8
10905,3
10906,3
10907,7
10908,7
10909,6
10910,1
10911,0
10912,4
10913,3
10914,7
10915,2
10916,5
10917,0
10918,7
10919,1
10920,4
10921,7
10922,0
10923,3
10924,0
10925,8
10926,5
10927,4
10928,1
10929,8
10930,7
10931,5
10932,2
10933,4
10934,0
10935,5
10936,4
10937,1
10938,7
10939,4
10940,4
10941,4
10942,0
10943,6
10944,1
10945,5
10946,3
10947,2
10948,4
10949,8
10950,0
10951,9
10952,5
10953,5
10954,7
10955,2
10956,4
10957,9
10958,8
10959,7
10960,7
10961,6
10962,2
10963,5
10964,3
10965,6
10966,8
10967,3
10968,6
10969,8
10970,0
10971,9
10972,7
10973,3
10974,6
10975,5
10976,5
10977,3
10978,6
10979,4
10980,6
10981,8
10982,6
10983,1
10984,5
10985,2
10986,7
10987,9
10988,9
10989,7
10990,2
10991,3
10992,8
10993,3
10994,2
10995,4
10996,1
10997,7
10998,1
10999,5
11000,3
11001,8
11002,0
11003,4
11004,8
11005,4
11006,2
11007,0
11008,2
11009,6
11010,9
11011,9
11012,5
11013,1
11014,4
11015,0
11016,2
11017,8
11018,0
11019,4
11020,1
11021,0
11022,0
11023,1
11024,8
11025,3
11026,5
11027,1
11028,7
11029,8
11030,3
11031,4
11032,9
11033,0
11034,6
11035,2
11036,2
11037,6
11038,8
11039,3
11040,2
11041,8
11042,5
11043,8
11044,3
11045,4
11046,7
11047,2
11048,7
11049,8
11050,6
11051,2
11052,7
11053,9
11054,3
11055,6
11056,5
11057,1
11058,4
11059,9
11060,8
11061,4
11062,1
11063,8
11064,7
11065,5
11066,5
11067,1
11068,5
11069,7
11070,9
11071,2
11072,2
11073,3
11074,0
11075,9
11076,4
11077,0
11078,0
11079,6
11080,5
11081,3
11082,8
11083,6
11084,2
11085,6
11086,8
11087,0
11088,0
11089,0
11090,4
11091,7
11092,1
11093,1
11094,7
11095,5
11096,9
11097,3
11098,6
11099,5
11100,2
11101,6
11102,2
11103,0
11104,5
11105,6
11106,0
11107,0
11108,2
11109,6
11110,7
11111,5
11112,1
11113,1
11114,7
11115,7
11116,7
11117,3
11118,3
11119,6
11120,9
11121,8
11122,7
11123,0
11124,3
11125,3
11126,7
11127,3
11128,5
11129,1
11130,6
11131,0
11132,0
11133,8
11134,5
11135,0
11136,1
11137,1
11138,2
11139,5
11140,1
11141,9
11142,1
11143,8
11144,2
11145,1
11146,6
11147,0
11148,5
11149,3
11150,1
11151,2
11152,6
11153,9
11154,9
11155,5
11156,4
11157,8
11158,6
11159,0
11160,5
11161,2
11162,2
11163,3
11164,5
11165,8
11166,8
11167,9
11168,4
11169,7
11170,6
11171,6
11172,7
11173,3
11174,5
11175,5
11176,3
11177,4
11178,9
11179,3
11180,2
11181,2
11182,3
11183,6
11184,3
11185,3
11186,6
11187,0
11188,8
11189,6
11190,3
11191,1
11192,7
11193,5
11194,7
11195,9
11196,2
11197,6
11198,9
11199,7
11200,6
11201,1
11202,3
11203,6
11204,2
11205,2
11206,1
11207,2
11208,1
11209,8
11210,0
11211,1
11212,9
11213,2
11214,6
11215,2
11216,3
11217,8
11218,3
11219,7
11220,3
11221,7
11222,0
11223,9
11224,5
11225,3
11226,4
11227,2
11228,4
11229,1
11230,7
11231,9
11232,8
11233,0
11234,3
11235,6
11236,2
11237,7
11238,9
11239,0
11240,8
11241,7
11242,7
11243,5
11244,7
11245,7
11246,2
11247,7
11248,1
11249,6
11250,8
11251,7
11252,7
11253,3
11254,0
11255,8
11256,0
11257,1
11258,0
11259,3
11260,7
11261,8
11262,3
11263,4
11264,1
11265,3
11266,4
11267,1
11268,2
11269,6
11270,2
11271,9
11272,2
11273,4
11274,7
11275,9
11276,1
11277,5
11278,0
11279,2
11280,4
11281,3
11282,1
11283,1
11284,9
11285,2
11286,4
11287,4
11288,9
11289,4
11290,2
11291,7
11292,0
11293,1
11294,9
11295,3
11296,3
11297,5
11298,5
11299,3
11300,5
11301,1
11302,5
11303,8
11304,6
11305,0
11306,7
11307,4
11308,4
11309,2
11310,9
11311,1
11312,4
11313,8
11314,1
11315,9
11316,5
11317,7
11318,1
11319,1
11320,9
11321,7
11322,9
11323,4
11324,8
11325,5
11326,0
11327,3
11328,7
11329,0
11330,1
11331,1
11332,4
11333,8
11334,1
11335,4
11336,8
11337,5
11338,6
11339,6
11340,7
11341,1
11342,5
11343,1
11344,2
11345,2
11346,0
11347,1
11348,4
11349,9
11350,8
11351,9
11352,0
11353,5
11354,1
11355,8
11356,0
11357,2
11358,7
11359,5
11360,3
11361,6
11362,0
11363,9
11364,1
11365,9
11366,6
11367,7
11368,7
11369,4
11370,7
11371,1
11372,7
11373,1
11374,3
11375,3
11376,2
11377,1
11378,9
11379,1
11380,0
11381,3
11382,8
11383,2
11384,3
11385,7
11386,4
11387,0
11388,8
11389,9
11390,9
11391,3
11392,7
11393,7
11394,4
11395,5
11396,2
11397,0
11398,6
11399,1
11400,5
11401,0
11402,7
11403,2
11404,5
11405,2
11406,5
11407,8
11408,8
11409,9
11410,3
11411,6
11412,5
11413,1
11414,3
11415,8
11416,0
11417,2
11418,4
11419,5
11420,5
11421,8
11422,8
11423,4
11424,0
11425,2
11426,2
11427,9
11428,8
11429,4
11430,3
11431,0
11432,0
11433,9
11434,0
11435,7
11436,7
11437,4
11438,5
11439,4
11440,4
11441,1
11442,2
11443,1
11444,4
11445,5
11446,9
11447,5
11448,9
11449,9
11450,0
11451,6
11452,7
11453,0
11454,2
11455,0
11456,0
11457,8
11458,6
11459,3
11460,8
11461,7
11462,2
11463,4
11464,0
11465,6
11466,7
11467,1
11468,0
11469,0
11470,4
11471,6
11472,8
11473,1
11474,7
11475,6
11476,0
11477,5
11478,6
11479,8
11480,6
11481,1
11482,0
11483,7
11484,1
11485,3
11486,2
11487,7
11488,2
11489,0
11490,6
11491,1
11492,8
11493,9
11494,2
11495,5
11496,5
11497,0
11498,4
11499,1
11500,4
11501,4
11502,3
11503,3
11504,3
11505,9
11506,5
11507,0
11508,7
11509,0
11510,9
11511,1
11512,8
11513,5
11514,9
11515,9
11516,1
11517,2
11518,1
11519,3
11520,9
11521,4
11522,8
11523,0
11524,6
11525,3
11526,3
11527,9
11528,6
11529,9
11530,2
11531,3
11532,1
11533,3
11534,7
11535,3
11536,9
11537,8
11538,3
11539,7
11540,1
11541,6
11542,3
11543,7
11544,6
11545,4
11546,0
11547,3
11548,9
11549,4
11550,0
11551,1
11552,3
11553,6
11554,0
11555,2
11556,5
11557,4
11558,7
11559,1
11560,1
11561,6
11562,4
11563,1
11564,5
11565,9
11566,9
11567,8
11568,9
11569,9
11570,3
11571,4
11572,7
11573,4
11574,9
11575,3
11576,1
11577,9
11578,2
11579,2
11580,5
11581,6
11582,8
11583,0
11584,6
11585,0
11586,0
11587,4
11588,8
11589,3
11590,5
11591,0
11592,2
11593,4
11594,2
11595,2
11596,3
11597,1
11598,9
11599,1
11600,3
11601,7
11602,3
11603,0
11604,6
11605,9
11606,2
11607,1
11608,8
11609,4
11610,1
11611,4
11612,0
11613,3
11614,1
11615,9
11616,4
11617,9
11618,2
11619,7
11620,4
11621,0
11622,2
11623,0
11624,7
11625,5
11626,8
11627,6
11628,3
11629,0
11630,4
11631,8
11632,7
11633,9
11634,4
11635,5
11636,1
11637,2
11638,7
11639,9
11640,4
11641,7
11642,5
11643,3
11644,1
11645,0
11646,9
11647,3
11648,7
11649,6
11650,0
11651,0
11652,8
11653,7
11654,2
11655,8
11656,7
11657,7
11658,7
11659,7
11660,0
11661,8
11662,7
11663,7
11664,5
11665,0
11666,8
11667,0
11668,8
11669,0
11670,0
11671,0
11672,5
11673,3
11674,8
11675,5
11676,3
11677,6
11678,2
11679,2
11680,8
11681,9
11682,2
11683,0
11684,2
11685,3
11686,0
11687,6
11688,2
11689,6
11690,8
11691,1
11692,0
11693,2
11694,1
11695,6
11696,3
11697,3
11698,9
11699,9
11700,2
11701,6
11702,0
11703,8
11704,0
11705,4
11706,1
11707,1
11708,5
11709,4
11710,1
11711,4
11712,9
11713,5
11714,1
11715,3
11716,9
11717,6
11718,2
11719,3
11720,4
11721,1
11722,0
11723,9
11724,6
11725,7
11726,0
11727,1
11728,4
11729,0
11730,4
11731,9
11732,7
11733,9
11734,9
11735,2
11736,2
11737,1
11738,3
11739,3
11740,4
11741,2
11742,5
11743,8
11744,3
11745,5
11746,7
11747,2
11748,3
11749,2
11750,4
11751,6
11752,9
11753,7
11754,3
11755,3
11756,3
11757,4
11758,6
11759,0
11760,8
11761,5
11762,2
11763,5
11764,2
11765,5
11766,2
11767,2
11768,0
11769,5
11770,9
11771,3
11772,7
11773,4
11774,9
11775,7
11776,1
11777,5
11778,1
11779,0
11780,8
11781,2
11782,0
11783,2
11784,2
11785,9
11786,2
11787,4
11788,8
11789,8
11790,1
11791,6
11792,5
11793,2
11794,9
11795,8
11796,4
11797,3
11798,8
11799,2
11800,9
11801,1
11802,1
11803,3
11804,5
11805,7
11806,5
11807,8
11808,8
11809,6
11810,5
11811,0
11812,1
11813,6
11814,4
11815,1
11816,1
11817,9
11818,7
11819,1
11820,6
11821,5
11822,3
11823,3
11824,0
11825,1
11826,7
11827,3
11828,5
11829,2
11830,0
11831,2
11832,6
11833,7
11834,4
11835,2
11836,6
11837,3
11838,3
11839,3
11840,6
11841,3
11842,6
11843,8
11844,8
11845,4
11846,2
11847,0
11848,0
11849,1
11850,9
11851,0
11852,2
11853,0
11854,9
11855,7
11856,2
11857,9
11858,9
11859,2
11860,5
11861,4
11862,9
11863,4
11864,2
11865,9
11866,2
11867,2
11868,7
11869,4
11870,9
11871,6
11872,4
11873,7
11874,0
11875,0
11876,1
11877,0
11878,0
11879,5
11880,1
11881,4
11882,4
11883,6
11884,6
11885,9
11886,0
11887,7
11888,7
11889,9
11890,0
11891,3
11892,0
11893,4
11894,6
11895,8
11896,9
11897,2
11898,1
11899,5
11900,7
11901,0
11902,7
11903,1
11904,5
11905,9
11906,6
11907,6
11908,3
11909,3
11910,2
11911,2
11912,4
11913,0
11914,3
11915,1
11916,6
11917,1
11918,4
11919,1
11920,0
11921,3
11922,3
11923,3
11924,5
11925,8
11926,4
11927,7
11928,7
11929,7
11930,8
11931,4
11932,2
11933,2
11934,9
11935,2
11936,4
11937,5
11938,2
11939,1
11940,0
11941,5
11942,1
11943,3
11944,1
11945,9
11946,3
11947,6
11948,3
11949,8
11950,5
11951,9
11952,5
11953,9
11954,9
11955,8
11956,8
11957,1
11958,2
11959,2
11960,9
11961,6
11962,4
11963,0
11964,8
11965,0
11966,3
11967,5
11968,1
11969,6
11970,5
11971,2
11972,9
11973,3
11974,3
11975,3
11976,7
11977,1
11978,7
11979,1
11980,6
11981,7
11982,0
11983,7
11984,8
11985,5
11986,9
11987,3
11988,5
11989,7
11990,7
11991,3
11992,8
11993,6
11994,5
11995,1
11996,3
11997,5
11998,5
11999,8
12000,3
12001,9
12002,7
12003,0
12004,1
12005,5
12006,5
12007,2
12008,5
12009,1
12010,5
12011,1
12012,2
12013,4
12014,2
12015,0
12016,5
12017,8
12018,0
12019,0
12020,1
12021,3
12022,2
12023,6
12024,1
12025,1
12026,6
12027,2
12028,3
12029,3
12030,9
12031,9
12032,6
12033,6
12034,9
12035,0
12036,6
12037,5
12038,9
12039,5
12040,9
12041,8
12042,5
12043,5
12044,3
12045,7
12046,0
12047,1
12048,7
12049,5
12050,0
12051,7
12052,4
12053,8
12054,6
12055,6
12056,8
12057,7
12058,8
12059,0
12060,4
12061,0
12062,0
12063,7
12064,3
12065,4
12066,0
12067,1
12068,8
12069,1
12070,8
12071,9
12072,3
12073,8
12074,2
12075,8
12076,7
12077,0
12078,2
12079,3
12080,7
12081,4
12082,6
12083,9
12084,5
12085,2
12086,3
12087,9
12088,2
12089,8
12090,1
12091,9
12092,3
12093,4
12094,2
12095,4
12096,1
12097,1
12098,0
12099,4
12100,4
12101,5
12102,7
12103,8
12104,3
12105,4
12106,6
12107,0
12108,3
12109,0
12110,2
12111,6
12112,4
12113,9
12114,6
12115,1
12116,2
12117,0
12118,6
12119,3
12120,7
12121,0
12122,5
12123,9
12124,4
12125,1
12126,4
12127,2
12128,5
12129,3
12130,5
12131,4
12132,8
12133,5
12134,1
12135,7
12136,9
12137,6
12138,8
12139,8
12140,1
12141,4
12142,8
12143,4
12144,7
12145,7
12146,4
12147,6
12148,5
12149,6
12150,6
12151,9
12152,1
12153,7
12154,6
12155,3
12156,3
12157,5
12158,5
12159,0
12160,3
12161,6
12162,0
12163,8
12164,7
12165,8
12166,8
12167,9
12168,1
12169,6
12170,3
12171,4
12172,6
12173,8
12174,1
12175,3
12176,5
12177,3
12178,9
12179,4
12180,2
12181,3
12182,3
12183,6
12184,8
12185,4
12186,4
12187,0
12188,1
12189,9
12190,5
12191,9
12192,9
12193,4
12194,1
12195,6
12196,6
12197,9
12198,4
12199,2
12200,1
12201,1
12202,2
12203,7
12204,5
12205,1
12206,8
12207,3
12208,9
12209,0
12210,2
12211,2
12212,7
12213,7
12214,3
12215,6
12216,8
12217,4
12218,9
12219,6
12220,4
12221,3
12222,6
12223,2
12224,7
12225,8
12226,8
12227,2
12228,9
12229,1
12230,3
12231,1
12232,9
12233,9
12234,8
12235,3
12236,4
12237,4
12238,5
12239,7
12240,3
12241,7
12242,7
12243,3
12244,6
12245,3
12246,5
12247,0
12248,3
12249,9
12250,2
12251,7
12252,7
12253,0
12254,9
12255,9
12256,8
12257,5
12258,9
12259,3
12260,9
12261,4
12262,7
12263,0
12264,7
12265,2
12266,3
12267,7
12268,8
12269,2
12270,1
12271,4
12272,4
12273,3
12274,3
12275,5
12276,3
12277,7
12278,7
12279,7
12280,6
12281,9
12282,5
12283,5
12284,8
12285,8
12286,3
12287,3
12288,0
12289,5
12290,2
12291,6
12292,5
12293,7
12294,8
12295,9
12296,2
12297,8
12298,5
12299,7
12300,0
12301,3
12302,9
12303,5
12304,8
12305,5
12306,7
12307,8
12308,0
12309,0
12310,9
12311,3
12312,9
12313,6
12314,6
12315,0
12316,1
12317,8
12318,5
12319,0
12320,1
12321,3
12322,7
12323,5
12324,8
12325,8
12326,7
12327,7
12328,2
12329,2
12330,1
12331,7
12332,2
12333,2
12334,2
12335,3
12336,8
12337,1
12338,7
12339,5
12340,8
12341,1
12342,2
12343,9
12344,6
12345,3
12346,6
12347,2
12348,1
12349,6
12350,6
12351,6
12352,6
12353,8
12354,3
12355,1
12356,9
12357,6
12358,5
12359,3
12360,9
12361,1
12362,4
12363,2
12364,2
12365,9
12366,8
12367,4
12368,8
12369,4
12370,8
12371,6
12372,9
12373,6
12374,4
12375,7
12376,0
12377,7
12378,4
12379,5
12380,8
12381,8
12382,2
12383,9
12384,0
12385,3
12386,4
12387,2
12388,7
12389,4
12390,3
12391,3
12392,2
12393,1
12394,1
12395,0
12396,5
12397,0
12398,3
12399,2
12400,6
12401,1
12402,7
12403,9
12404,0
12405,4
12406,2
12407,5
12408,8
12409,7
12410,1
12411,7
12412,3
12413,1
12414,6
12415,9
12416,8
12417,2
12418,4
12419,0
12420,8
12421,4
12422,2
12423,1
12424,1
12425,8
12426,1
12427,9
12428,0
12429,1
12430,4
12431,8
12432,6
12433,5
12434,4
12435,0
12436,3
12437,2
12438,1
12439,4
12440,9
12441,3
12442,3
12443,9
12444,2
12445,7
12446,8
12447,8
12448,1
12449,0
12450,9
12451,2
12452,0
12453,1
12454,7
12455,6
12456,2
12457,2
12458,4
12459,1
12460,3
12461,5
12462,1
12463,5
12464,9
12465,6
12466,3
12467,3
12468,6
12469,5
12470,6
12471,9
12472,5
12473,5
12474,2
12475,5
12476,3
12477,9
12478,9
12479,8
12480,1
12481,2
12482,0
12483,7
12484,4
12485,0
12486,4
12487,4
12488,9
12489,7
12490,6
12491,4
12492,1
12493,3
12494,8
12495,8
12496,8
12497,5
12498,2
12499,5
12500,3
12501,4
12502,0
12503,7
12504,6
12505,1
12506,4
12507,1
12508,4
12509,2
12510,6
12511,8
12512,0
12513,6
12514,4
12515,8
12516,6
12517,4
12518,6
12519,1
12520,7
12521,0
12522,1
12523,1
12524,6
12525,1
12526,2
12527,4
12528,0
12529,0
12530,2
12531,8
12532,2
12533,2
12534,3
12535,4
12536,7
12537,8
12538,4
12539,9
12540,4
12541,4
12542,8
12543,8
12544,7
12545,6
12546,4
12547,7
12548,3
12549,9
12550,4
12551,8
12552,4
12553,8
12554,5
12555,1
12556,1
12557,5
12558,6
12559,5
12560,1
12561,3
12562,2
12563,6
12564,6
12565,9
12566,7
12567,5
12568,9
12569,0
12570,1
12571,8
12572,4
12573,6
12574,8
12575,7
12576,7
12577,5
12578,9
12579,8
12580,6
12581,4
12582,4
12583,3
12584,2
12585,2
12586,9
12587,8
12588,0
12589,5
12590,6
12591,6
12592,1
12593,8
12594,7
12595,6
12596,3
12597,8
12598,6
12599,4
12600,4
12601,1
12602,3
12603,2
12604,0
12605,8
12606,4
12607,0
12608,0
12609,6
12610,7
12611,1
12612,3
12613,8
12614,4
12615,8
12616,3
12617,8
12618,2
12619,1
12620,2
12621,2
12622,7
12623,2
12624,6
12625,0
12626,4
12627,4
12628,4
12629,2
12630,2
12631,3
12632,0
12633,2
12634,1
12635,6
12636,6
12637,3
12638,3
12639,1
12640,7
12641,4
12642,6
12643,4
12644,6
12645,1
12646,2
12647,3
12648,3
12649,2
12650,5
12651,1
12652,3
12653,4
12654,8
12655,2
12656,0
12657,7
12658,3
12659,9
12660,1
12661,7
12662,4
12663,0
12664,3
12665,6
12666,1
12667,5
12668,5
12669,2
12670,1
12671,4
12672,3
12673,1
12674,6
12675,1
12676,7
12677,0
12678,8
12679,9
12680,6
12681,4
12682,7
12683,4
12684,9
12685,7
12686,3
12687,4
12688,9
12689,6
12690,2
12691,4
12692,0
12693,3
12694,8
12695,1
12696,7
12697,6
12698,7
12699,9
12700,7
12701,5
12702,2
12703,2
12704,8
12705,5
12706,2
12707,9
12708,1
12709,8
12710,4
12711,8
12712,8
12713,3
12714,6
12715,3
12716,3
12717,2
12718,9
12719,6
12720,7
12721,7
12722,0
12723,1
12724,4
12725,1
12726,9
12727,5
12728,0
12729,8
12730,2
12731,3
12732,3
12733,4
12734,0
12735,3
12736,0
12737,9
12738,4
12739,8
12740,9
12741,7
12742,1
12743,7
12744,7
12745,0
12746,2
12747,7
12748,3
12749,5
12750,2
12751,1
12752,8
12753,8
12754,2
12755,2
12756,0
12757,1
12758,3
12759,7
12760,9
12761,6
12762,8
12763,4
12764,2
12765,1
12766,7
12767,1
12768,1
12769,9
12770,7
12771,2
12772,6
12773,6
12774,4
12775,3
12776,2
12777,7
12778,7
12779,2
12780,3
12781,0
12782,2
12783,1
12784,3
12785,3
12786,8
12787,2
12788,2
12789,8
12790,9
12791,6
12792,3
12793,6
12794,3
12795,8
12796,5
12797,8
12798,8
12799,3
12800,0
12801,6
12802,6
12803,1
12804,1
12805,3
12806,5
12807,7
12808,5
12809,4
12810,8
12811,5
12812,4
12813,3
12814,5
12815,3
12816,1
12817,9
12818,4
12819,9
12820,0
12821,4
12822,9
12823,7
12824,4
12825,9
12826,9
12827,8
12828,1
12829,6
12830,6
12831,6
12832,0
12833,6
12834,9
12835,9
12836,7
12837,0
12838,3
12839,1
12840,1
12841,4
12842,3
12843,9
12844,6
12845,5
12846,7
12847,0
12848,5
12849,7
12850,4
12851,3
12852,1
12853,2
12854,0
12855,0
12856,6
12857,6
12858,6
12859,7
12860,4
12861,7
12862,5
12863,1
12864,1
12865,6
12866,3
12867,2
12868,7
12869,3
12870,1
12871,5
12872,3
12873,5
12874,4
12875,1
12876,3
12877,5
12878,5
12879,1
12880,2
12881,9
12882,6
12883,8
12884,7
12885,9
12886,8
12887,4
12888,1
12889,1
12890,0
12891,1
12892,8
12893,6
12894,3
12895,7
12896,7
12897,4
12898,7
12899,1
12900,0
12901,6
12902,7
12903,1
12904,7
12905,6
12906,6
12907,9
12908,1
12909,3
12910,3
12911,8
12912,4
12913,9
12914,0
12915,6
12916,1
12917,1
12918,4
12919,6
12920,0
12921,6
12922,4
12923,1
12924,1
12925,9
12926,6
12927,7
12928,3
12929,1
12930,8
12931,1
12932,0
12933,0
12934,0
12935,1
12936,0
12937,1
12938,0
12939,8
12940,1
12941,8
12942,5
12943,7
12944,8
12945,1
12946,1
12947,9
12948,7
12949,4
12950,9
12951,0
12952,5
12953,3
12954,4
12955,1
12956,8
12957,2
12958,6
12959,2
12960,3
12961,8
12962,4
12963,4
12964,3
12965,1
12966,9
12967,2
12968,0
12969,8
12970,9
12971,8
12972,0
12973,6
12974,0
12975,9
12976,3
12977,4
12978,8
12979,8
12980,0
12981,5
12982,2
12983,9
12984,5
12985,1
12986,4
12987,4
12988,5
12989,9
12990,1
12991,4
12992,3
12993,6
12994,6
12995,5
12996,1
12997,7
12998,6
12999,1
13000,0
13001,6
13002,1
13003,8
13004,3
13005,6
13006,2
13007,2
13008,3
13009,9
13010,1
13011,3
13012,0
13013,6
13014,6
13015,8
13016,8
13017,4
13018,0
13019,5
13020,7
13021,1
13022,5
13023,2
13024,9
13025,5
13026,5
13027,8
13028,1
13029,0
13030,0
13031,7
13032,5
13033,1
13034,3
13035,7
13036,5
13037,7
13038,8
13039,8
13040,4
13041,9
13042,4
13043,5
13044,7
13045,9
13046,5
13047,7
13048,4
13049,5
13050,8
13051,1
13052,4
13053,4
13054,9
13055,7
13056,7
13057,5
13058,0
13059,1
13060,8
13061,9
13062,3
13063,0
13064,4
13065,6
13066,6
13067,2
13068,8
13069,1
13070,3
13071,3
13072,9
13073,7
13074,2
13075,7
13076,1
13077,9
13078,2
13079,0
13080,5
13081,6
13082,8
13083,8
13084,7
13085,3
13086,2
13087,2
13088,8
13089,1
13090,5
13091,1
13092,9
13093,3
13094,8
13095,1
13096,5
13097,1
13098,2
13099,1
13100,3
13101,0
13102,0
13103,2
13104,9
13105,4
13106,0
13107,3
13108,6
13109,7
13110,0
13111,4
13112,8
13113,3
13114,1
13115,9
13116,5
13117,2
13118,4
13119,0
13120,6
13121,0
13122,6
13123,1
13124,1
13125,1
13126,8
13127,3
13128,1
13129,8
13130,9
13131,1
13132,4
13133,3
13134,5
13135,4
13136,4
13137,8
13138,5
13139,0
13140,2
13141,1
13142,4
13143,9
13144,3
13145,4
13146,6
13147,8
13148,5
13149,9
13150,4
13151,4
13152,4
13153,0
13154,7
13155,0
13156,0
13157,4
13158,9
13159,3
13160,4
13161,9
13162,2
13163,1
13164,2
13165,4
13166,0
13167,3
13168,0
13169,5
13170,4
13171,8
13172,3
13173,1
13174,1
13175,8
13176,8
13177,3
13178,5
13179,9
13180,9
13181,9
13182,7
13183,3
13184,2
13185,8
13186,1
13187,9
13188,8
13189,6
13190,0
13191,0
13192,1
13193,4
13194,8
13195,2
13196,6
13197,8
13198,8
13199,1
13200,9
13201,1
13202,3
13203,4
13204,3
13205,7
13206,4
13207,4
13208,9
13209,6
13210,6
13211,3
13212,4
13213,2
13214,3
13215,2
13216,6
13217,0
13218,2
13219,1
13220,4
13221,7
13222,9
13223,4
13224,3
13225,8
13226,8
13227,2
13228,3
13229,8
13230,9
13231,8
13232,2
13233,0
13234,6
13235,4
13236,7
13237,3
13238,4
13239,0
13240,2
13241,7
13242,3
13243,1
13244,4
13245,8
13246,1
13247,2
13248,1
13249,2
13250,9
13251,2
13252,9
13253,6
13254,3
13255,1
13256,6
13257,6
13258,4
13259,8
13260,1
13261,6
13262,2
13263,7
13264,1
13265,3
13266,2
13267,9
13268,9
13269,2
13270,8
13271,8
13272,6
13273,2
13274,9
13275,5
13276,2
13277,6
13278,0
13279,0
13280,5
13281,0
13282,2
13283,1
13284,4
13285,4
13286,0
13287,5
13288,4
13289,6
13290,9
13291,3
13292,6
13293,7
13294,7
13295,3
13296,8
13297,9
13298,5
13299,6
13300,6
13301,3
13302,3
13303,4
13304,6
13305,1
13306,9
13307,9
13308,2
13309,1
13310,3
13311,1
13312,5
13313,4
13314,3
13315,2
13316,1
13317,2
13318,8
13319,3
13320,1
13321,8
13322,9
13323,5
13324,8
13325,5
13326,6
13327,1
13328,7
13329,8
13330,3
13331,6
13332,2
13333,1
13334,2
13335,3
13336,7
13337,8
13338,3
13339,6
13340,0
13341,0
13342,3
13343,8
13344,2
13345,1
13346,2
13347,4
13348,6
13349,2
13350,1
13351,4
13352,5
13353,0
13354,8
13355,7
13356,9
13357,9
13358,2
13359,6
13360,0
13361,8
13362,6
13363,4
13364,4
13365,4
13366,1
13367,9
13368,4
13369,8
13370,5
13371,1
13372,5
13373,0
13374,1
13375,9
13376,5
13377,3
13378,9
13379,4
13380,7
13381,3
13382,8
13383,8
13384,3
13385,8
13386,0
13387,0
13388,8
13389,5
13390,0
13391,7
13392,6
13393,4
13394,1
13395,1
13396,2
13397,5
13398,0
13399,9
13400,2
13401,9
13402,2
13403,6
13404,8
13405,5
13406,7
13407,7
13408,2
13409,5
13410,2
13411,5
13412,2
13413,6
13414,2
13415,9
13416,8
13417,9
13418,4
13419,3
13420,5
13421,3
13422,4
13423,8
13424,6
13425,3
13426,4
13427,8
13428,2
13429,3
13430,3
13431,6
13432,5
13433,8
13434,7
13435,6
13436,7
13437,8
13438,5
13439,9
13440,8
13441,0
13442,8
13443,8
13444,5
13445,4
13446,6
13447,5
13448,3
13449,8
13450,6
13451,5
13452,9
13453,7
13454,9
13455,5
13456,8
13457,8
13458,4
13459,9
13460,0
13461,8
13462,0
13463,5
13464,5
13465,2
13466,6
13467,1
13468,4
13469,4
13470,4
13471,3
13472,4
13473,1
13474,9
13475,6
13476,0
13477,1
13478,0
13479,2
13480,1
13481,2
13482,2
13483,3
13484,0
13485,6
13486,2
13487,6
13488,6
13489,2
13490,8
13491,3
13492,2
13493,1
13494,3
13495,2
13496,7
13497,1
13498,6
13499,7
13500,8
13501,9
13502,6
13503,1
13504,1
13505,9
13506,8
13507,5
13508,6
13509,2
13510,3
13511,9
13512,4
13513,7
13514,9
13515,1
13516,0
13517,4
13518,8
13519,2
13520,6
13521,2
13522,6
13523,0
13524,1
13525,4
13526,0
13527,6
13528,7
13529,8
13530,7
13531,0
13532,0
13533,0
13534,2
13535,7
13536,1
13537,4
13538,0
13539,9
13540,5
13541,1
13542,0
13543,6
13544,9
13545,2
13546,1
13547,9
13548,7
13549,4
13550,4
13551,2
13552,4
13553,0
13554,4
13555,8
13556,4
13557,1
13558,7
13559,2
13560,5
13561,6
13562,7
13563,8
13564,2
13565,9
13566,8
13567,3
13568,7
13569,0
13570,6
13571,1
13572,9
13573,6
13574,3
13575,6
13576,0
13577,8
13578,3
13579,0
13580,4
13581,2
13582,7
13583,3
13584,9
13585,9
13586,6
13587,2
13588,3
13589,3
13590,3
13591,1
13592,9
13593,1
13594,1
13595,1
13596,7
13597,5
13598,4
13599,9
13600,0
13601,2
13602,2
13603,4
13604,5
13605,0
13606,9
13607,5
13608,1
13609,0
13610,0
13611,8
13612,9
13613,8
13614,8
13615,8
13616,9
13617,0
13618,0
13619,5
13620,2
13621,3
13622,0
13623,2
13624,8
13625,4
13626,2
13627,8
13628,9
13629,2
13630,2
13631,0
13632,0
13633,1
13634,8
13635,6
13636,6
13637,3
13638,7
13639,0
13640,6
13641,9
13642,3
13643,5
13644,9
13645,5
13646,9
13647,4
13648,1
13649,9
13650,8
13651,9
13652,2
13653,5
13654,6
13655,7
13656,1
13657,8
13658,5
13659,4
13660,2
13661,7
13662,2
13663,5
13664,0
13665,6
13666,4
13667,1
13668,6
13669,0
13670,2
13671,9
13672,0
13673,0
13674,2
13675,1
13676,9
13677,5
13678,9
13679,1
13680,0
13681,6
13682,8
13683,5
13684,0
13685,8
13686,6
13687,8
13688,5
13689,7
13690,3
13691,1
13692,0
13693,5
13694,3
13695,6
13696,2
13697,2
13698,3
13699,1
13700,1
13701,7
13702,1
13703,2
13704,0
13705,9
13706,9
13707,8
13708,3
13709,4
13710,8
13711,0
13712,0
13713,1
13714,9
13715,2
13716,3
13717,6
13718,5
13719,5
13720,3
13721,2
13722,5
13723,1
13724,2
13725,2
13726,2
13727,1
13728,7
13729,5
13730,8
13731,2
13732,0
13733,4
13734,4
13735,9
13736,6
13737,9
13738,5
13739,8
13740,0
13741,2
13742,7
13743,3
13744,7
13745,7
13746,7
13747,3
13748,4
13749,1
13750,2
13751,4
13752,5
13753,8
13754,9
13755,1
13756,4
13757,6
13758,8
13759,6
13760,8
13761,6
13762,5
13763,9
13764,0
13765,6
13766,6
13767,8
13768,6
13769,6
13770,8
13771,3
13772,3
13773,3
13774,9
13775,0
13776,3
13777,4
13778,7
13779,5
13780,1
13781,0
13782,9
13783,9
13784,7
13785,0
13786,9
13787,6
13788,0
13789,4
13790,8
13791,3
13792,1
13793,7
13794,1
13795,3
13796,6
13797,0
13798,1
13799,2
13800,8
13801,9
13802,6
13803,6
13804,0
13805,8
13806,9
13807,7
13808,3
13809,2
13810,4
13811,8
13812,2
13813,6
13814,1
13815,7
13816,1
13817,7
13818,4
13819,5
13820,8
13821,3
13822,0
13823,3
13824,3
13825,8
13826,5
13827,5
13828,8
13829,3
13830,0
13831,7
13832,7
13833,7
13834,6
13835,3
13836,8
13837,7
13838,0
13839,7
13840,9
13841,4
13842,1
13843,5
13844,1
13845,9
13846,8
13847,2
13848,3
13849,0
13850,7
13851,7
13852,8
13853,3
13854,1
13855,9
13856,1
13857,0
13858,6
13859,9
13860,6
13861,3
13862,7
13863,6
13864,9
13865,6
13866,0
13867,9
13868,8
13869,6
13870,5
13871,3
13872,2
13873,5
13874,7
13875,0
13876,5
13877,3
13878,4
13879,0
13880,1
13881,5
13882,9
13883,9
13884,7
13885,3
13886,1
13887,6
13888,1
13889,5
13890,6
13891,8
13892,2
13893,8
13894,0
13895,9
13896,0
13897,1
13898,6
13899,7
13900,6
13901,1
13902,5
13903,9
13904,6
13905,6
13906,5
13907,1
13908,2
13909,4
13910,7
13911,5
13912,1
13913,1
13914,8
13915,3
13916,7
13917,1
13918,1
13919,3
13920,2
13921,6
13922,4
13923,5
13924,5
13925,3
13926,3
13927,5
13928,1
13929,8
13930,1
13931,2
13932,6
13933,2
13934,7
13935,9
13936,4
13937,9
13938,2
13939,8
13940,6
13941,4
13942,1
13943,2
13944,8
13945,5
13946,9
13947,4
13948,3
13949,7
13950,2
13951,3
13952,5
13953,9
13954,5
13955,2
13956,8
13957,9
13958,4
13959,6
13960,0
13961,6
13962,3
13963,7
13964,2
13965,0
13966,3
13967,4
13968,8
13969,4
13970,4
13971,9
13972,9
13973,0
13974,7
13975,7
13976,9
13977,9
13978,6
13979,1
13980,3
13981,5
13982,0
13983,5
13984,1
13985,2
13986,2
13987,7
13988,4
13989,1
13990,8
13991,5
13992,9
13993,4
13994,0
13995,3
13996,2
13997,7
13998,4
13999,6
14000,4
14001,9
14002,6
14003,7
14004,5
14005,1
14006,9
14007,6
14008,7
14009,9
14010,2
14011,9
14012,4
14013,1
14014,3
14015,8
14016,7
14017,7
14018,5
14019,1
14020,5
14021,7
14022,9
14023,8
14024,6
14025,8
14026,8
14027,4
14028,9
14029,9
14030,7
14031,2
14032,8
14033,9
14034,4
14035,1
14036,5
14037,5
14038,6
14039,2
14040,7
14041,5
14042,2
14043,8
14044,2
14045,7
14046,9
14047,8
14048,2
14049,3
14050,0
14051,8
14052,2
14053,3
14054,4
14055,3
14056,1
14057,6
14058,9
14059,7
14060,9
14061,8
14062,1
14063,7
14064,8
14065,5
14066,7
14067,7
14068,4
14069,4
14070,4
14071,9
14072,0
14073,1
14074,4
14075,2
14076,4
14077,2
14078,2
14079,6
14080,7
14081,6
14082,8
14083,5
14084,4
14085,7
14086,0
14087,6
14088,1
14089,6
14090,4
14091,0
14092,3
14093,7
14094,6
14095,2
14096,8
14097,3
14098,8
14099,1
14100,1
14101,5
14102,1
14103,4
14104,3
14105,6
14106,7
14107,7
14108,1
14109,8
14110,9
14111,7
14112,5
14113,1
14114,0
14115,7
14116,5
14117,9
14118,4
14119,8
14120,1
14121,9
14122,4
14123,3
14124,3
14125,0
14126,0
14127,1
14128,5
14129,6
14130,6
14131,0
14132,5
14133,5
14134,6
14135,6
14136,6
14137,0
14138,9
14139,2
14140,2
14141,3
14142,7
14143,1
14144,3
14145,0
14146,1
14147,8
14148,6
14149,8
14150,5
14151,9
14152,9
14153,6
14154,0
14155,5
14156,2
14157,5
14158,4
14159,6
14160,3
14161,4
14162,3
14163,1
14164,7
14165,9
14166,0
14167,1
14168,1
14169,6
14170,5
14171,4
14172,7
14173,6
14174,6
14175,4
14176,5
14177,2
14178,6
14179,3
14180,5
14181,8
14182,5
14183,5
14184,0
14185,1
14186,2
14187,6
14188,2
14189,1
14190,1
14191,0
14192,4
14193,0
14194,0
14195,2
14196,7
14197,5
14198,9
14199,2
14200,5
14201,1
14202,2
14203,7
14204,0
14205,1
14206,3
14207,2
14208,1
14209,4
14210,2
14211,8
14212,5
14213,7
14214,3
14215,0
14216,9
14217,7
14218,9
14219,1
14220,1
14221,8
14222,0
14223,8
14224,8
14225,8
14226,4
14227,1
14228,4
14229,4
14230,3
14231,7
14232,2
14233,5
14234,4
14235,7
14236,8
14237,5
14238,6
14239,8
14240,8
14241,4
14242,7
14243,3
14244,4
14245,0
14246,0
14247,1
14248,2
14249,5
14250,8
14251,4
14252,2
14253,6
14254,9
14255,2
14256,1
14257,7
14258,2
14259,0
14260,2
14261,7
14262,2
14263,7
14264,5
14265,0
14266,1
14267,2
14268,0
14269,3
14270,6
14271,1
14272,0
14273,8
14274,9
14275,2
14276,2
14277,1
14278,6
14279,9
14280,3
14281,2
14282,5
14283,1
14284,5
14285,3
14286,1
14287,5
14288,3
14289,2
14290,6
14291,7
14292,2
14293,0
14294,6
14295,2
14296,9
14297,4
14298,3
14299,5
14300,1
14301,2
14302,6
14303,3
14304,2
14305,4
14306,7
14307,1
14308,1
14309,8
14310,7
14311,4
14312,2
14313,6
14314,6
14315,1
14316,1
14317,9
14318,3
14319,3
14320,2
14321,7
14322,3
14323,9
14324,9
14325,8
14326,0
14327,3
14328,7
14329,0
14330,9
14331,5
14332,7
14333,9
14334,4
14335,5
14336,4
14337,1
14338,0
14339,0
14340,6
14341,5
14342,9
14343,3
14344,9
14345,5
14346,7
14347,6
14348,4
14349,0
14350,2
14351,4
14352,2
14353,2
14354,3
14355,9
14356,9
14357,9
14358,2
14359,9
14360,5
14361,0
14362,4
14363,8
14364,5
14365,0
14366,3
14367,1
14368,6
14369,0
14370,0
14371,2
14372,0
14373,3
14374,8
14375,8
14376,4
14377,6
14378,1
14379,8
14380,3
14381,3
14382,0
14383,9
14384,3
14385,2
14386,4
14387,7
14388,2
14389,2
14390,3
14391,4
14392,9
14393,4
14394,0
14395,4
14396,2
14397,9
14398,8
14399,0
14400,2
14401,1
14402,3
14403,6
14404,1
14405,8
14406,8
14407,0
14408,0
14409,2
14410,1
14411,5
14412,9
14413,5
14414,5
14415,2
14416,5
14417,3
14418,4
14419,3
14420,8
14421,9
14422,2
14423,1
14424,9
14425,6
14426,7
14427,0
14428,2
14429,3
14430,1
14431,9
14432,2
14433,0
14434,4
14435,1
14436,8
14437,9
14438,9
14439,0
14440,4
14441,3
14442,2
14443,7
14444,3
14445,7
14446,2
14447,1
14448,3
14449,9
14450,1
14451,0
14452,6
14453,4
14454,3
14455,8
14456,9
14457,9
14458,6
14459,3
14460,5
14461,3
14462,3
14463,9
14464,6
14465,6
14466,5
14467,3
14468,2
14469,8
14470,2
14471,9
14472,5
14473,8
14474,4
14475,5
14476,9
14477,7
14478,2
14479,2
14480,1
14481,0
14482,0
14483,4
14484,3
14485,0
14486,7
14487,4
14488,3
14489,6
14490,7
14491,2
14492,0
14493,9
14494,0
14495,2
14496,2
14497,7
14498,1
14499,3
14500,2
14501,0
14502,7
14503,0
14504,8
14505,2
14506,1
14507,3
14508,6
14509,5
14510,3
14511,9
14512,2
14513,9
14514,5
14515,9
14516,3
14517,4
14518,0
14519,2
14520,5
14521,1
14522,6
14523,8
14524,0
14525,4
14526,7
14527,8
14528,8
14529,8
14530,3
14531,5
14532,2
14533,0
14534,9
14535,3
14536,3
14537,4
14538,9
14539,6
14540,9
14541,6
14542,2
14543,5
14544,0
14545,6
14546,2
14547,7
14548,7
14549,5
14550,0
14551,1
14552,7
14553,1
14554,2
14555,8
14556,3
14557,1
14558,0
14559,3
14560,4
14561,5
14562,0
14563,1
14564,2
14565,7
14566,0
14567,0
14568,0
14569,1
14570,5
14571,6
14572,7
14573,6
14574,1
14575,9
14576,1
14577,5
14578,3
14579,3
14580,5
14581,0
14582,0
14583,5
14584,3
14585,0
14586,2
14587,1
14588,6
14589,7
14590,2
14591,6
14592,3
14593,7
14594,5
14595,0
14596,6
14597,6
14598,9
14599,6
14600,0
14601,0
14602,6
14603,7
14604,4
14605,9
14606,8
14607,8
14608,7
14609,5
14610,3
14611,6
14612,4
14613,6
14614,6
14615,0
14616,4
14617,5
14618,9
14619,0
14620,8
14621,0
14622,7
14623,8
14624,4
14625,4
14626,3
14627,7
14628,1
14629,0
14630,3
14631,3
14632,3
14633,9
14634,6
14635,5
14636,7
14637,8
14638,5
14639,8
14640,6
14641,2
14642,6
14643,8
14644,5
14645,3
14646,9
14647,2
14648,9
14649,4
14650,1
14651,9
14652,1
14653,3
14654,4
14655,7
14656,8
14657,1
14658,5
14659,8
14660,2
14661,6
14662,5
14663,1
14664,4
14665,1
14666,5
14667,2
14668,7
14669,8
14670,8
14671,9
14672,0
14673,0
14674,7
14675,4
14676,9
14677,6
14678,8
14679,0
14680,5
14681,7
14682,9
14683,1
14684,0
14685,7
14686,3
14687,1
14688,4
14689,9
14690,7
14691,9
14692,1
14693,6
14694,3
14695,9
14696,7
14697,9
14698,7
14699,2
14700,5
14701,8
14702,9
14703,6
14704,4
14705,5
14706,3
14707,6
14708,3
14709,2
14710,4
14711,9
14712,7
14713,8
14714,0
14715,3
14716,4
14717,0
14718,5
14719,8
14720,9
14721,4
14722,9
14723,7
14724,0
14725,8
14726,6
14727,3
14728,7
14729,3
14730,9
14731,8
14732,7
14733,9
14734,6
14735,7
14736,6
14737,3
14738,2
14739,3
14740,6
14741,4
14742,5
14743,0
14744,1
14745,2
14746,0
14747,3
14748,7
14749,6
14750,4
14751,6
14752,3
14753,0
14754,8
14755,1
14756,8
14757,2
14758,6
14759,3
14760,7
14761,8
14762,7
14763,8
14764,4
14765,1
14766,6
14767,3
14768,6
14769,5
14770,8
14771,0
14772,7
14773,9
14774,1
14775,7
14776,5
14777,8
14778,9
14779,0
14780,3
14781,4
14782,9
14783,1
14784,0
14785,4
14786,3
14787,8
14788,1
14789,7
14790,2
14791,9
14792,9
14793,5
14794,2
14795,4
14796,0
14797,3
14798,8
14799,3
14800,9
14801,7
14802,5
14803,2
14804,6
14805,6
14806,7
14807,4
14808,7
14809,8
14810,0
14811,7
14812,2
14813,3
14814,0
14815,7
14816,0
14817,2
14818,3
14819,1
14820,2
14821,5
14822,5
14823,8
14824,3
14825,0
14826,8
14827,9
14828,5
14829,8
14830,9
14831,0
14832,2
14833,3
14834,5
14835,7
14836,3
14837,4
14838,1
14839,0
14840,3
14841,5
14842,5
14843,5
14844,8
14845,2
14846,3
14847,8
14848,6
14849,6
14850,6
14851,3
14852,5
14853,0
14854,6
14855,0
14856,2
14857,3
14858,5
14859,0
14860,1
14861,6
14862,9
14863,7
14864,6
14865,6
14866,2
14867,9
14868,7
14869,9
14870,1
14871,7
14872,6
14873,0
14874,8
14875,8
14876,5
14877,9
14878,6
14879,1
14880,7
14881,6
14882,1
14883,3
14884,0
14885,7
14886,1
14887,0
14888,7
14889,2
14890,9
14891,5
14892,5
14893,3
14894,2
14895,5
14896,7
14897,0
14898,3
14899,4
14900,6
14901,7
14902,5
14903,7
14904,5
14905,8
14906,3
14907,5
14908,4
14909,6
14910,8
14911,8
14912,1
14913,2
14914,8
14915,0
14916,9
14917,8
14918,5
14919,1
14920,6
14921,1
14922,6
14923,2
14924,8
14925,4
14926,6
14927,4
14928,2
14929,2
14930,2
14931,1
14932,2
14933,8
14934,0
14935,7
14936,3
14937,7
14938,1
14939,5
14940,1
14941,1
14942,7
14943,7
14944,4
14945,8
14946,4
14947,1
14948,5
14949,5
14950,0
14951,6
14952,4
14953,8
14954,5
14955,5
14956,7
14957,9
14958,5
14959,1
14960,4
14961,8
14962,2
14963,3
14964,6
14965,4
14966,8
14967,1
14968,5
14969,8
14970,9
14971,2
14972,7
14973,1
14974,7
14975,6
14976,7
14977,5
14978,5
14979,7
14980,4
14981,3
14982,2
14983,9
14984,6
14985,9
14986,7
14987,8
14988,1
14989,8
14990,6
14991,0
14992,6
14993,1
14994,3
14995,7
14996,0
14997,4
14998,7
14999,5
15000,0
15001,1
15002,4
15003,8
15004,2
15005,8
15006,1
15007,8
15008,1
15009,3
15010,1
15011,9
15012,8
15013,4
15014,8
15015,8
15016,9
15017,1
15018,1
15019,6
15020,1
15021,0
15022,3
15023,5
15024,5
15025,9
15026,1
15027,9
15028,0
15029,9
15030,1
15031,6
15032,1
15033,2
15034,6
15035,2
15036,1
15037,6
15038,6
15039,4
15040,9
15041,3
15042,0
15043,6
15044,0
15045,1
15046,4
15047,0
15048,2
15049,8
15050,1
15051,2
15052,0
15053,3
15054,2
15055,1
15056,2
15057,2
15058,3
15059,2
15060,4
15061,4
15062,1
15063,2
15064,5
15065,2
15066,8
15067,5
15068,9
15069,4
15070,5
15071,5
15072,3
15073,3
15074,2
15075,7
15076,1
15077,0
15078,4
15079,7
15080,3
15081,6
15082,4
15083,1
15084,6
15085,9
15086,6
15087,5
15088,4
15089,1
15090,2
15091,3
15092,1
15093,5
15094,0
15095,1
15096,9
15097,3
15098,4
15099,4
15100,0
15101,0
15102,2
15103,2
15104,5
15105,1
15106,2
15107,7
15108,3
15109,0
15110,0
15111,4
15112,3
15113,5
15114,2
15115,2
15116,3
15117,3
15118,8
15119,3
15120,0
15121,8
15122,9
15123,5
15124,7
15125,8
15126,2
15127,0
15128,3
15129,2
15130,4
15131,1
15132,4
15133,6
15134,7
15135,2
15136,4
15137,6
15138,6
15139,2
15140,4
15141,1
15142,3
15143,9
15144,2
15145,4
15146,1
15147,3
15148,5
15149,1
15150,7
15151,5
15152,3
15153,1
15154,2
15155,3
15156,0
15157,9
15158,2
15159,2
15160,6
15161,3
15162,2
15163,9
15164,0
15165,5
15166,9
15167,1
15168,0
15169,5
15170,9
15171,4
15172,4
15173,6
15174,2
15175,2
15176,8
15177,7
15178,0
15179,1
15180,7
15181,9
15182,0
15183,8
15184,2
15185,1
15186,0
15187,4
15188,5
15189,3
15190,4
15191,5
15192,0
15193,3
15194,2
15195,4
15196,6
15197,8
15198,8
15199,2
15200,6
15201,2
15202,5
15203,4
15204,1
15205,8
15206,5
15207,3
15208,7
15209,4
15210,0
15211,1
15212,3
15213,9
15214,3
15215,0
15216,0
15217,9
15218,0
15219,6
15220,7
15221,8
15222,2
15223,6
15224,3
15225,6
15226,6
15227,1
15228,2
15229,7
15230,7
15231,5
15232,4
15233,0
15234,5
15235,6
15236,4
15237,1
15238,7
15239,2
15240,5
15241,8
15242,1
15243,9
15244,7
15245,3
15246,9
15247,5
15248,1
15249,9
15250,1
15251,1
15252,2
15253,9
15254,7
15255,9
15256,5
15257,1
15258,2
15259,7
15260,5
15261,7
15262,8
15263,8
15264,8
15265,1
15266,1
15267,0
15268,2
15269,9
15270,5
15271,5
15272,1
15273,5
15274,8
15275,4
15276,6
15277,6
15278,0
15279,7
15280,5
15281,3
15282,0
15283,6
15284,7
15285,9
15286,5
15287,5
15288,4
15289,6
15290,6
15291,6
15292,4
15293,5
15294,4
15295,3
15296,5
15297,9
15298,9
15299,9
15300,9
15301,5
15302,1
15303,4
15304,2
15305,2
15306,6
15307,5
15308,1
15309,8
15310,7
15311,1
15312,9
15313,2
15314,1
15315,4
15316,5
15317,6
15318,8
15319,5
15320,6
15321,1
15322,8
15323,3
15324,5
15325,4
15326,3
15327,3
15328,6
15329,0
15330,8
15331,7
15332,4
15333,9
15334,1
15335,0
15336,2
15337,9
15338,7
15339,7
15340,3
15341,3
15342,6
15343,7
15344,1
15345,5
15346,1
15347,5
15348,4
15349,0
15350,3
15351,8
15352,5
15353,1
15354,3
15355,0
15356,4
15357,8
15358,7
15359,9
15360,7
15361,3
15362,9
15363,7
15364,0
15365,0
15366,6
15367,3
15368,2
15369,1
15370,1
15371,8
15372,1
15373,8
15374,7
15375,9
15376,2
15377,9
15378,2
15379,3
15380,2
15381,0
15382,9
15383,3
15384,2
15385,2
15386,3
15387,8
15388,8
15389,5
15390,1
15391,9
15392,9
15393,1
15394,4
15395,2
15396,2
15397,5
15398,3
15399,8
15400,0
15401,9
15402,8
15403,6
15404,8
15405,3
15406,3
15407,4
15408,0
15409,4
15410,5
15411,6
15412,3
15413,9
15414,0
15415,2
15416,9
15417,6
15418,9
15419,7
15420,1
15421,1
15422,8
15423,3
15424,3
15425,0
15426,9
15427,1
15428,0
15429,5
15430,1
15431,1
15432,0
15433,7
15434,7
15435,3
15436,7
15437,2
15438,9
15439,8
15440,5
15441,5
15442,7
15443,1
15444,9
15445,9
15446,5
15447,6
15448,5
15449,9
15450,7
15451,4
15452,3
15453,5
15454,4
15455,5
15456,7
15457,1
15458,1
15459,1
15460,6
15461,8
15462,4
15463,3
15464,2
15465,5
15466,2
15467,9
15468,5
15469,8
15470,3
15471,8
15472,5
15473,1
15474,5
15475,3
15476,3
15477,9
15478,0
15479,9
15480,4
15481,0
15482,6
15483,6
15484,8
15485,0
15486,5
15487,0
15488,5
15489,4
15490,6
15491,3
15492,9
15493,0
15494,4
15495,1
15496,0
15497,2
15498,0
15499,5
15500,1
15501,6
15502,4
15503,1
15504,8
15505,3
15506,8
15507,0
15508,5
15509,3
15510,6
15511,6
15512,9
15513,1
15514,0
15515,8
15516,8
15517,9
15518,0
15519,4
15520,5
15521,5
15522,9
15523,2
15524,1
15525,3
15526,5
15527,2
15528,0
15529,5
15530,1
15531,6
15532,0
15533,3
15534,4
15535,7
15536,9
15537,9
15538,5
15539,2
15540,7
15541,2
15542,2
15543,8
15544,3
15545,0
15546,7
15547,6
15548,8
15549,5
15550,1
15551,9
15552,5
15553,7
15554,8
15555,6
15556,1
15557,9
15558,8
15559,7
15560,8
15561,2
15562,5
15563,6
15564,3
15565,1
15566,3
15567,5
15568,4
15569,9
15570,1
15571,2
15572,1
15573,0
15574,7
15575,7
15576,3
15577,0
15578,9
15579,7
15580,1
15581,2
15582,1
15583,8
15584,3
15585,2
15586,5
15587,9
15588,3
15589,7
15590,4
15591,9
15592,4
15593,7
15594,1
15595,3
15596,6
15597,7
15598,7
15599,3
15600,0
15601,9
15602,0
15603,0
15604,8
15605,7
15606,9
15607,7
15608,8
15609,8
15610,7
15611,1
15612,4
15613,1
15614,8
15615,7
15616,4
15617,3
15618,3
15619,8
15620,3
15621,6
15622,7
15623,0
15624,0
15625,0
15626,0
15627,0
15628,3
15629,6
15630,9
15631,5
15632,5
15633,0
15634,9
15635,0
15636,8
15637,6
15638,8
15639,3
15640,8
15641,0
15642,0
15643,3
15644,7
15645,2
15646,6
15647,3
15648,3
15649,9
15650,8
15651,5
15652,0
15653,8
15654,6
15655,0
15656,5
15657,9
15658,8
15659,5
15660,8
15661,1
15662,5
15663,1
15664,4
15665,1
15666,3
15667,1
15668,4
15669,6
15670,1
15671,3
15672,7
15673,6
15674,3
15675,5
15676,2
15677,4
15678,7
15679,2
15680,6
15681,9
15682,2
15683,6
15684,5
15685,3
15686,8
15687,4
15688,5
15689,5
15690,1
15691,7
15692,5
15693,9
15694,5
15695,4
15696,3
15697,6
15698,3
15699,8
15700,1
15701,9
15702,9
15703,4
15704,6
15705,4
15706,4
15707,0
15708,2
15709,4
15710,1
15711,6
15712,3
15713,4
15714,2
15715,8
15716,7
15717,4
15718,7
15719,2
15720,6
15721,2
15722,3
15723,7
15724,2
15725,1
15726,4
15727,0
15728,3
15729,3
15730,4
15731,5
15732,0
15733,7
15734,1
15735,3
15736,9
15737,4
15738,4
15739,6
15740,7
15741,3
15742,1
15743,3
15744,3
15745,4
15746,1
15747,0
15748,6
15749,4
15750,7
15751,5
15752,6
15753,7
15754,7
15755,3
15756,8
15757,6
15758,0
15759,7
15760,7
15761,1
15762,5
15763,8
15764,3
15765,1
15766,5
15767,2
15768,7
15769,6
15770,9
15771,4
15772,9
15773,4
15774,1
15775,1
15776,9
15777,6
15778,8
15779,7
15780,6
15781,5
15782,2
15783,0
15784,2
15785,4
15786,4
15787,7
15788,7
15789,3
15790,6
15791,1
15792,2
15793,0
15794,1
15795,9
15796,4
15797,7
15798,7
15799,9
15800,4
15801,5
15802,7
15803,1
15804,1
15805,2
15806,4
15807,0
15808,0
15809,4
15810,3
15811,7
15812,3
15813,3
15814,8
15815,7
15816,5
15817,8
15818,9
15819,9
15820,9
15821,4
15822,0
15823,9
15824,3
15825,3
15826,2
15827,8
15828,4
15829,8
15830,4
15831,6
15832,7
15833,7
15834,8
15835,2
15836,5
15837,7
15838,5
15839,8
15840,8
15841,2
15842,2
15843,6
15844,5
15845,7
15846,6
15847,9
15848,9
15849,7
15850,4
15851,5
15852,5
15853,7
15854,4
15855,3
15856,1
15857,9
15858,1
15859,7
15860,6
15861,8
15862,1
15863,2
15864,5
15865,6
15866,4
15867,7
15868,2
15869,2
15870,3
15871,1
15872,3
15873,4
15874,4
15875,0
15876,6
15877,6
15878,5
15879,8
15880,5
15881,1
15882,7
15883,3
15884,2
15885,4
15886,1
15887,8
15888,4
15889,9
15890,0
15891,4
15892,6
15893,8
15894,6
15895,9
15896,6
15897,5
15898,8
15899,6
15900,4
15901,7
15902,3
15903,4
15904,9
15905,9
15906,4
15907,9
15908,9
15909,3
15910,1
15911,2
15912,2
15913,6
15914,0
15915,8
15916,9
15917,8
15918,5
15919,0
15920,9
15921,8
15922,0
15923,2
15924,6
15925,5
15926,8
15927,6
15928,9
15929,1
15930,2
15931,9
15932,5
15933,7
15934,6
15935,9
15936,8
15937,5
15938,7
15939,5
15940,8
15941,3
15942,0
15943,1
15944,9
15945,7
15946,7
15947,4
15948,2
15949,2
15950,3
15951,1
15952,1
15953,2
15954,7
15955,2
15956,1
15957,3
15958,0
15959,0
15960,1
15961,9
15962,5
15963,9
15964,3
15965,1
15966,9
15967,0
15968,9
15969,8
15970,6
15971,1
15972,9
15973,5
15974,5
15975,5
15976,2
15977,5
15978,0
15979,6
15980,6
15981,1
15982,5
15983,9
15984,2
15985,1
15986,2
15987,5
15988,5
15989,8
15990,6
15991,1
15992,9
15993,5
15994,9
15995,6
15996,8
15997,8
15998,4
15999,2
16000,8
16001,2
16002,5
16003,4
16004,6
16005,8
16006,4
16007,5
16008,7
16009,6
16010,7
16011,1
16012,6
16013,3
16014,3
16015,8
16016,5
16017,0
16018,5
16019,7
16020,9
16021,4
16022,9
16023,9
16024,3
16025,0
16026,2
16027,3
16028,8
16029,4
16030,6
16031,2
16032,9
16033,8
16034,4
16035,8
16036,1
16037,3
16038,4
16039,9
16040,6
16041,9
16042,0
16043,1
16044,7
16045,2
16046,6
16047,5
16048,8
16049,8
16050,3
16051,6
16052,7
16053,1
16054,9
16055,2
16056,5
16057,7
16058,9
16059,5
16060,6
16061,5
16062,0
16063,4
16064,9
16065,3
16066,6
16067,7
16068,7
16069,7
16070,5
16071,3
16072,3
16073,0
16074,9
16075,6
16076,1
16077,4
16078,0
16079,8
16080,4
16081,2
16082,1
16083,7
16084,5
16085,7
16086,2
16087,3
16088,7
16089,7
16090,1
16091,3
16092,2
16093,3
16094,6
16095,6
16096,8
16097,3
16098,1
16099,4
16100,1
16101,7
16102,2
16103,2
16104,4
16105,6
16106,1
16107,4
16108,8
16109,6
16110,2
16111,0
16112,4
16113,2
16114,8
16115,0
16116,4
16117,4
16118,3
16119,6
16120,8
16121,1
16122,0
16123,2
16124,5
16125,9
16126,2
16127,9
16128,9
16129,7
16130,1
16131,7
16132,5
16133,5
16134,2
16135,3
16136,3
16137,8
16138,2
16139,1
16140,9
16141,9
16142,5
16143,5
16144,5
16145,3
16146,7
16147,6
16148,9
16149,8
16150,2
16151,7
16152,1
16153,3
16154,6
16155,9
16156,6
16157,9
16158,7
16159,5
16160,9
16161,3
16162,9
16163,1
16164,4
16165,7
16166,2
16167,4
16168,1
16169,1
16170,5
16171,5
16172,9
16173,9
16174,3
16175,0
16176,0
16177,3
16178,3
16179,4
16180,1
16181,5
16182,4
16183,5
16184,4
16185,3
16186,7
16187,5
16188,8
16189,9
16190,6
16191,4
16192,7
16193,1
16194,6
16195,7
16196,1
16197,8
16198,8
16199,2
16200,3
16201,1
16202,0
16203,6
16204,2
16205,5
16206,1
16207,8
16208,9
16209,4
16210,1
16211,5
16212,9
16213,5
16214,4
16215,9
16216,9
16217,7
16218,1
16219,5
16220,7
16221,2
16222,2
16223,7
16224,0
16225,4
16226,0
16227,1
16228,7
16229,0
16230,5
16231,2
16232,6
16233,7
16234,1
16235,5
16236,8
16237,5
16238,6
16239,8
16240,9
16241,6
16242,7
16243,0
16244,8
16245,7
16246,5
16247,1
16248,5
16249,1
16250,8
16251,2
16252,6
16253,5
16254,6
16255,8
16256,2
16257,0
16258,5
16259,7
16260,4
16261,7
16262,9
16263,7
16264,0
16265,6
16266,5
16267,4
16268,8
16269,8
16270,3
16271,7
16272,6
16273,6
16274,9
16275,9
16276,8
16277,9
16278,0
16279,7
16280,7
16281,3
16282,3
16283,4
16284,5
16285,4
16286,6
16287,5
16288,5
16289,9
16290,1
16291,0
16292,4
16293,6
16294,3
16295,0
16296,9
16297,2
16298,7
16299,4
16300,7
16301,5
16302,9
16303,9
16304,4
16305,3
16306,8
16307,0
16308,7
16309,1
16310,1
16311,8
16312,8
16313,7
16314,6
16315,7
16316,7
16317,0
16318,3
16319,9
16320,8
16321,9
16322,7
16323,0
16324,3
16325,9
16326,3
16327,7
16328,2
16329,0
16330,6
16331,9
16332,4
16333,3
16334,8
16335,2
16336,9
16337,8
16338,1
16339,6
16340,8
16341,5
16342,4
16343,1
16344,6
16345,3
16346,7
16347,6
16348,4
16349,7
16350,0
16351,5
16352,1
16353,7
16354,0
16355,2
16356,0
16357,5
16358,4
16359,5
16360,8
16361,2
16362,1
16363,8
16364,0
16365,3
16366,0
16367,4
16368,3
16369,6
16370,1
16371,5
16372,9
16373,9
16374,8
16375,1
16376,1
16377,1
16378,0
16379,3
16380,0
16381,9
16382,9
16383,8
16384,0
16385,2
16386,4
16387,7
16388,8
16389,7
16390,1
16391,9
16392,6
16393,4
16394,5
16395,7
16396,3
16397,6
16398,9
16399,7
16400,3
16401,9
16402,1
16403,7
16404,2
16405,6
16406,9
16407,6
16408,7
16409,7
16410,2
16411,4
16412,4
16413,1
16414,6
16415,2
16416,6
16417,1
16418,2
16419,1
16420,1
16421,3
16422,5
16423,7
16424,5
16425,3
16426,5
16427,2
16428,7
16429,6
16430,1
16431,3
16432,6
16433,4
16434,8
16435,1
16436,7
16437,7
16438,5
16439,0
16440,8
16441,8
16442,8
16443,7
16444,9
16445,3
16446,3
16447,4
16448,0
16449,4
16450,0
16451,3
16452,4
16453,8
16454,4
16455,7
16456,7
16457,3
16458,1
16459,9
16460,6
16461,5
16462,9
16463,9
16464,4
16465,7
16466,0
16467,3
16468,9
16469,7
16470,7
16471,9
16472,3
16473,8
16474,3
16475,1
16476,9
16477,9
16478,1
16479,3
16480,1
16481,2
16482,8
16483,8
16484,6
16485,2
16486,8
16487,4
16488,9
16489,7
16490,4
16491,1
16492,4
16493,1
16494,9
16495,1
16496,7
16497,9
16498,5
16499,1
16500,7
16501,2
16502,8
16503,1
16504,8
16505,2
16506,2
16507,2
16508,7
16509,5
16510,1
16511,2
16512,6
16513,7
16514,1
16515,6
16516,9
16517,9
16518,5
16519,7
16520,1
16521,8
16522,9
16523,4
16524,1
16525,7
16526,2
16527,5
16528,1
16529,6
16530,7
16531,2
16532,5
16533,1
16534,3
16535,6
16536,5
16537,7
16538,7
16539,1
16540,4
16541,5
16542,4
16543,5
16544,0
16545,2
16546,7
16547,8
16548,0
16549,4
16550,4
16551,0
16552,7
16553,8
16554,3
16555,2
16556,0
16557,6
16558,4
16559,1
16560,8
16561,1
16562,6
16563,7
16564,4
16565,2
16566,6
16567,6
16568,1
16569,0
16570,0
16571,0
16572,6
16573,2
16574,3
16575,9
16576,4
16577,1
16578,9
16579,2
16580,2
16581,7
16582,9
16583,4
16584,2
16585,8
16586,5
16587,8
16588,6
16589,9
16590,9
16591,0
16592,8
16593,7
16594,9
16595,8
16596,8
16597,7
16598,9
16599,7
16600,1
16601,0
16602,7
16603,0
16604,0
16605,1
16606,7
16607,4
16608,1
16609,5
16610,2
16611,8
16612,8
16613,5
16614,4
16615,4
16616,4
16617,1
16618,7
16619,4
16620,4
16621,7
16622,2
16623,4
16624,8
16625,1
16626,3
16627,6
16628,7
16629,9
16630,9
16631,0
16632,8
16633,2
16634,2
16635,5
16636,4
16637,6
16638,4
16639,9
16640,6
16641,7
16642,1
16643,1
16644,0
16645,9
16646,5
16647,6
16648,9
16649,8
16650,2
16651,0
16652,1
16653,5
16654,9
16655,1
16656,6
16657,9
16658,3
16659,8
16660,5
16661,1
16662,7
16663,1
16664,8
16665,7
16666,7
16667,2
16668,5
16669,8
16670,4
16671,7
16672,5
16673,0
16674,7
16675,1
16676,7
16677,8
16678,1
16679,8
16680,9
16681,7
16682,7
16683,6
16684,5
16685,1
16686,1
16687,1
16688,0
16689,8
16690,6
16691,0
16692,7
16693,9
16694,4
16695,1
16696,1
16697,1
16698,2
16699,0
16700,7
16701,7
16702,9
16703,6
16704,0
16705,3
16706,3
16707,5
16708,1
16709,9
16710,0
16711,7
16712,3
16713,2
16714,6
16715,9
16716,2
16717,2
16718,2
16719,7
16720,2
16721,7
16722,9
16723,3
16724,5
16725,5
16726,4
16727,5
16728,8
16729,6
16730,0
16731,5
16732,6
16733,4
16734,4
16735,4
16736,6
16737,3
16738,4
16739,2
16740,1
16741,3
16742,0
16743,1
16744,9
16745,9
16746,0
16747,2
16748,2
16749,0
16750,9
16751,3
16752,6
16753,7
16754,4
16755,2
16756,3
16757,7
16758,0
16759,6
16760,5
16761,7
16762,9
16763,2
16764,1
16765,8
16766,4
16767,1
16768,2
16769,2
16770,7
16771,0
16772,8
16773,6
16774,6
16775,8
16776,2
16777,3
16778,2
16779,0
16780,8
16781,9
16782,0
16783,5
16784,1
16785,2
16786,3
16787,1
16788,6
16789,8
16790,6
16791,7
16792,2
16793,4
16794,7
16795,1
16796,6
16797,6
16798,1
16799,8
16800,3
16801,4
16802,5
16803,7
16804,7
16805,9
16806,0
16807,0
16808,3
16809,1
16810,9
16811,3
16812,2
16813,5
16814,7
16815,8
16816,4
16817,6
16818,8
16819,9
16820,1
16821,3
16822,4
16823,0
16824,0
16825,2
16826,5
16827,9
16828,8
16829,9
16830,7
16831,4
16832,6
16833,2
16834,3
16835,1
16836,3
16837,1
16838,4
16839,2
16840,0
16841,4
16842,2
16843,6
16844,6
16845,5
16846,7
16847,7
16848,7
16849,9
16850,4
16851,8
16852,9
16853,3
16854,5
16855,6
16856,8
16857,0
16858,6
16859,4
16860,8
16861,0
16862,4
16863,8
16864,8
16865,3
16866,3
16867,8
16868,1
16869,8
16870,2
16871,1
16872,8
16873,6
16874,8
16875,2
16876,4
16877,2
16878,1
16879,7
16880,8
16881,1
16882,0
16883,6
16884,5
16885,5
16886,9
16887,7
16888,4
16889,0
16890,4
16891,9
16892,8
16893,0
16894,0
16895,3
16896,5
16897,9
16898,7
16899,7
16900,7
16901,5
16902,4
16903,9
16904,5
16905,0
16906,2
16907,8
16908,5
16909,3
16910,2
16911,6
16912,3
16913,0
16914,1
16915,6
16916,9
16917,8
16918,5
16919,2
16920,3
16921,5
16922,1
16923,2
16924,1
16925,0
16926,1
16927,7
16928,8
16929,5
16930,6
16931,6
16932,8
16933,2
16934,0
16935,5
16936,2
16937,6
16938,2
16939,3
16940,2
16941,4
16942,8
16943,0
16944,1
16945,5
16946,0
16947,1
16948,5
16949,2
16950,7
16951,7
16952,3
16953,6
16954,2
16955,8
16956,4
16957,7
16958,8
16959,6
16960,1
16961,0
16962,5
16963,5
16964,3
16965,7
16966,8
16967,6
16968,7
16969,3
16970,8
16971,1
16972,9
16973,0
16974,7
16975,8
16976,9
16977,4
16978,0
16979,0
16980,9
16981,7
16982,1
16983,4
16984,5
16985,6
16986,1
16987,7
16988,5
16989,1
16990,4
16991,6
16992,1
16993,4
16994,9
16995,3
16996,0
16997,7
16998,3
16999,3
17000,1
17001,7
17002,9
17003,5
17004,8
17005,7
17006,9
17007,7
17008,5
17009,3
17010,3
17011,6
17012,1
17013,0
17014,2
17015,7
17016,6
17017,8
17018,1
17019,2
17020,9
17021,9
17022,0
17023,2
17024,2
17025,8
17026,1
17027,8
17028,9
17029,5
17030,8
17031,5
17032,8
17033,6
17034,0
17035,7
17036,1
17037,7
17038,9
17039,7
17040,5
17041,2
17042,6
17043,6
17044,2
17045,5
17046,0
17047,1
17048,4
17049,7
17050,9
17051,9
17052,1
17053,4
17054,1
17055,2
17056,7
17057,6
17058,1
17059,0
17060,9
17061,4
17062,8
17063,9
17064,2
17065,1
17066,9
17067,7
17068,2
17069,8
17070,2
17071,2
17072,7
17073,8
17074,1
17075,1
17076,5
17077,5
17078,8
17079,7
17080,9
17081,3
17082,0
17083,0
17084,4
17085,6
17086,5
17087,3
17088,1
17089,3
17090,3
17091,8
17092,9
17093,7
17094,0
17095,7
17096,7
17097,0
17098,5
17099,5
17100,9
17101,6
17102,5
17103,4
17104,4
17105,1
17106,0
17107,9
17108,7
17109,6
17110,1
17111,8
17112,5
17113,6
17114,7
17115,2
17116,6
17117,8
17118,3
17119,8
17120,4
17121,9
17122,8
17123,9
17124,0
17125,9
17126,2
17127,9
17128,0
17129,5
17130,2
17131,2
17132,4
17133,8
17134,9
17135,8
17136,3
17137,4
17138,5
17139,1
17140,7
17141,4
17142,0
17143,5
17144,1
17145,1
17146,2
17147,4
17148,6
17149,9
17150,0
17151,8
17152,0
17153,1
17154,2
17155,4
17156,9
17157,5
17158,2
17159,8
17160,4
17161,5
17162,7
17163,7
17164,0
17165,8
17166,3
17167,4
17168,3
17169,2
17170,5
17171,3
17172,1
17173,1
17174,2
17175,8
17176,6
17177,1
17178,1
17179,1
17180,7
17181,1
17182,4
17183,5
17184,2
17185,9
17186,9
17187,8
17188,5
17189,4
17190,9
17191,1
17192,3
17193,0
17194,7
17195,0
17196,9
17197,0
17198,1
17199,3
17200,9
17201,9
17202,7
17203,5
17204,2
17205,2
17206,6
17207,5
17208,2
17209,4
17210,0
17211,8
17212,4
17213,5
17214,5
17215,3
17216,6
17217,8
17218,2
17219,5
17220,8
17221,4
17222,4
17223,3
17224,4
17225,9
17226,0
17227,5
17228,0
17229,0
17230,5
17231,4
17232,4
17233,3
17234,2
17235,1
17236,8
17237,7
17238,8
17239,5
17240,5
17241,6
17242,4
17243,5
17244,5
17245,3
17246,8
17247,3
17248,3
17249,7
17250,8
17251,1
17252,9
17253,6
17254,4
17255,7
17256,4
17257,3
17258,1
17259,5
17260,8
17261,7
17262,4
17263,9
17264,2
17265,9
17266,0
17267,7
17268,2
17269,6
17270,9
17271,8
17272,5
17273,4
17274,2
17275,9
17276,0
17277,7
17278,4
17279,8
17280,8
17281,9
17282,7
17283,8
17284,6
17285,6
17286,6
17287,0
17288,4
17289,0
17290,4
17291,8
17292,5
17293,5
17294,7
17295,7
17296,4
17297,9
17298,1
17299,1
17300,4
17301,6
17302,9
17303,4
17304,8
17305,5
17306,0
17307,2
17308,3
17309,7
17310,9
17311,3
17312,1
17313,4
17314,3
17315,9
17316,6
17317,4
17318,4
17319,5
17320,1
17321,3
17322,6
17323,4
17324,1
17325,9
17326,4
17327,0
17328,7
17329,2
17330,0
17331,6
17332,7
17333,8
17334,6
17335,6
17336,6
17337,2
17338,1
17339,7
17340,7
17341,9
17342,9
17343,9
17344,6
17345,0
17346,9
17347,4
17348,9
17349,9
17350,9
17351,9
17352,1
17353,9
17354,0
17355,3
17356,1
17357,1
17358,2
17359,8
17360,9
17361,0
17362,9
17363,6
17364,3
17365,7
17366,0
17367,5
17368,3
17369,0
17370,0
17371,4
17372,1
17373,9
17374,8
17375,9
17376,1
17377,9
17378,1
17379,8
17380,6
17381,8
17382,7
17383,6
17384,8
17385,1
17386,4
17387,9
17388,5
17389,8
17390,7
17391,1
17392,8
17393,4
17394,8
17395,1
17396,2
17397,5
17398,7
17399,3
17400,0
17401,0
17402,9
17403,8
17404,4
17405,6
17406,2
17407,0
17408,5
17409,7
17410,5
17411,9
17412,8
17413,7
17414,1
17415,5
17416,9
17417,6
17418,9
17419,0
17420,7
17421,8
17422,7
17423,7
17424,6
17425,8
17426,1
17427,9
17428,7
17429,0
17430,1
17431,9
17432,2
17433,1
17434,7
17435,9
17436,4
17437,7
17438,0
17439,0
17440,6
17441,8
17442,5
17443,2
17444,7
17445,1
17446,3
17447,6
17448,7
17449,1
17450,5
17451,1
17452,5
17453,0
17454,5
17455,2
17456,4
17457,7
17458,9
17459,1
17460,3
17461,9
17462,0
17463,9
17464,4
17465,5
17466,7
17467,2
17468,2
17469,8
17470,8
17471,8
17472,3
17473,1
17474,3
17475,2
17476,5
17477,5
17478,4
17479,4
17480,2
17481,2
17482,8
17483,1
17484,8
17485,4
17486,1
17487,1
17488,9
17489,8
17490,6
17491,8
17492,2
17493,8
17494,1
17495,2
17496,5
17497,5
17498,9
17499,2
17500,6
17501,9
17502,1
17503,6
17504,3
17505,7
17506,3
17507,2
17508,7
17509,5
17510,0
17511,2
17512,1
17513,2
17514,9
17515,0
17516,8
17517,0
17518,2
17519,4
17520,4
17521,7
17522,1
17523,6
17524,9
17525,3
17526,9
17527,8
17528,4
17529,3
17530,7
17531,2
17532,4
17533,7
17534,4
17535,4
17536,5
17537,0
17538,1
17539,1
17540,1
17541,7
17542,6
17543,6
17544,2
17545,6
17546,0
17547,0
17548,3
17549,9
17550,2
17551,8
17552,4
17553,5
17554,2
17555,6
17556,2
17557,9
17558,5
17559,5
17560,9
17561,2
17562,4
17563,1
17564,6
17565,0
17566,8
17567,1
17568,3
17569,1
17570,9
17571,7
17572,2
17573,2
17574,1
17575,9
17576,2
17577,7
17578,5
17579,4
17580,8
17581,9
17582,6
17583,3
17584,0
17585,3
17586,5
17587,3
17588,1
17589,6
17590,7
17591,9
17592,7
17593,6
17594,0
17595,2
17596,1
17597,5
17598,5
17599,1
17600,7
17601,7
17602,5
17603,9
17604,9
17605,3
17606,9
17607,2
17608,5
17609,3
17610,9
17611,0
17612,3
17613,1
17614,2
17615,2
17616,7
17617,4
17618,6
17619,6
17620,7
17621,0
17622,1
17623,5
17624,0
17625,2
17626,5
17627,3
17628,4
17629,8
17630,7
17631,4
17632,7
17633,5
17634,5
17635,6
17636,7
17637,9
17638,5
17639,5
17640,2
17641,3
17642,3
17643,1
17644,8
17645,6
17646,9
17647,3
17648,0
17649,5
17650,2
17651,2
17652,6
17653,3
17654,0
17655,0
17656,2
17657,9
17658,6
17659,9
17660,2
17661,6
17662,5
17663,0
17664,3
17665,0
17666,7
17667,1
17668,2
17669,1
17670,9
17671,2
17672,6
17673,3
17674,8
17675,3
17676,0
17677,5
17678,7
17679,8
17680,2
17681,9
17682,9
17683,7
17684,9
17685,2
17686,3
17687,1
17688,9
17689,4
17690,8
17691,9
17692,8
17693,9
17694,6
17695,5
17696,0
17697,8
17698,9
17699,6
17700,8
17701,7
17702,0
17703,9
17704,9
17705,2
17706,3
17707,7
17708,5
17709,6
17710,1
17711,1
17712,4
17713,0
17714,3
17715,5
17716,5
17717,5
17718,7
17719,1
17720,5
17721,0
17722,8
17723,2
17724,7
17725,5
17726,0
17727,3
17728,1
17729,1
17730,5
17731,0
17732,5
17733,3
17734,6
17735,1
17736,6
17737,3
17738,8
17739,9
17740,0
17741,3
17742,3
17743,4
17744,4
17745,6
17746,5
17747,8
17748,7
17749,2
17750,3
17751,8
17752,6
17753,7
17754,4
17755,8
17756,9
17757,4
17758,3
17759,9
17760,7
17761,4
17762,3
17763,8
17764,9
17765,3
17766,2
17767,5
17768,3
17769,1
17770,0
17771,1
17772,3
17773,8
17774,4
17775,0
17776,4
17777,7
17778,9
17779,6
17780,4
17781,5
17782,4
17783,1
17784,4
17785,8
17786,6
17787,3
17788,4
17789,7
17790,6
17791,1
17792,7
17793,6
17794,5
17795,7
17796,6
17797,7
17798,7
17799,0
17800,7
17801,3
17802,5
17803,7
17804,1
17805,8
17806,6
17807,7
17808,9
17809,3
17810,6
17811,4
17812,1
17813,5
17814,9
17815,7
17816,2
17817,0
17818,4
17819,6
17820,9
17821,3
17822,1
17823,8
17824,4
17825,2
17826,3
17827,9
17828,8
17829,9
17830,5
17831,4
17832,2
17833,6
17834,4
17835,8
17836,2
17837,1
17838,4
17839,0
17840,9
17841,2
17842,4
17843,8
17844,8
17845,2
17846,2
17847,6
17848,9
17849,9
17850,3
17851,5
17852,5
17853,8
17854,1
17855,9
17856,1
17857,1
17858,2
17859,5
17860,6
17861,4
17862,9
17863,8
17864,7
17865,2
17866,8
17867,8
17868,5
17869,8
17870,0
17871,6
17872,8
17873,3
17874,8
17875,7
17876,7
17877,4
17878,5
17879,9
17880,8
17881,9
17882,3
17883,0
17884,5
17885,0
17886,0
17887,0
17888,3
17889,3
17890,7
17891,2
17892,0
17893,6
17894,9
17895,0
17896,6
17897,9
17898,0
17899,2
17900,0
17901,2
17902,4
17903,5
17904,9
17905,9
17906,0
17907,6
17908,7
17909,8
17910,8
17911,6
17912,6
17913,4
17914,6
17915,2
17916,3
17917,9
17918,3
17919,9
17920,2
17921,5
17922,0
17923,4
17924,1
17925,2
17926,4
17927,4
17928,2
17929,3
17930,2
17931,2
17932,5
17933,8
17934,5
17935,3
17936,5
17937,9
17938,3
17939,6
17940,4
17941,6
17942,7
17943,5
17944,0
17945,1
17946,4
17947,5
17948,8
17949,6
17950,7
17951,4
17952,1
17953,6
17954,9
17955,6
17956,3
17957,7
17958,5
17959,1
17960,0
17961,4
17962,0
17963,0
17964,4
17965,9
17966,7
17967,0
17968,0
17969,1
17970,7
17971,3
17972,7
17973,9
17974,7
17975,1
17976,5
17977,7
17978,1
17979,8
17980,9
17981,2
17982,9
17983,6
17984,2
17985,1
17986,2
17987,2
17988,9
17989,9
17990,4
17991,5
17992,7
17993,4
17994,4
17995,9
17996,1
17997,1
17998,4
17999,4
18000,5
18001,1
18002,7
18003,5
18004,9
18005,8
18006,3
18007,3
18008,1
18009,9
18010,8
18011,2
18012,4
18013,1
18014,7
18015,5
18016,9
18017,3
18018,6
18019,4
18020,9
18021,5
18022,1
18023,0
18024,4
18025,9
18026,1
18027,4
18028,3
18029,7
18030,6
18031,9
18032,7
18033,4
18034,9
18035,4
18036,6
18037,1
18038,6
18039,0
18040,3
18041,7
18042,4
18043,7
18044,5
18045,8
18046,0
18047,4
18048,6
18049,7
18050,6
18051,0
18052,0
18053,4
18054,2
18055,1
18056,5
18057,1
18058,4
18059,2
18060,7
18061,4
18062,2
18063,8
18064,6
18065,5
18066,8
18067,8
18068,8
18069,0
18070,7
18071,5
18072,1
18073,8
18074,3
18075,2
18076,3
18077,7
18078,8
18079,2
18080,5
18081,3
18082,9
18083,3
18084,3
18085,2
18086,8
18087,6
18088,5
18089,6
18090,9
18091,8
18092,5
18093,4
18094,0
18095,2
18096,5
18097,6
18098,5
18099,5
18100,9
18101,7
18102,1
18103,0
18104,4
18105,7
18106,2
18107,6
18108,3
18109,2
18110,2
18111,7
18112,1
18113,5
18114,2
18115,1
18116,6
18117,4
18118,4
18119,7
18120,8
18121,3
18122,1
18123,2
18124,6
18125,5
18126,2
18127,0
18128,3
18129,0
18130,5
18131,8
18132,5
18133,0
18134,1
18135,1
18136,2
18137,5
18138,6
18139,3
18140,1
18141,0
18142,0
18143,1
18144,3
18145,0
18146,7
18147,6
18148,9
18149,9
18150,4
18151,2
18152,8
18153,4
18154,8
18155,4
18156,3
18157,9
18158,7
18159,7
18160,2
18161,7
18162,0
18163,9
18164,1
18165,1
18166,2
18167,0
18168,7
18169,9
18170,9
18171,6
18172,2
18173,3
18174,3
18175,3
18176,7
18177,2
18178,1
18179,0
18180,5
18181,4
18182,5
18183,7
18184,4
18185,9
18186,0
18187,7
18188,6
18189,4
18190,5
18191,6
18192,3
18193,5
18194,6
18195,3
18196,0
18197,6
18198,9
18199,2
18200,7
18201,0
18202,1
18203,8
18204,8
18205,1
18206,0
18207,2
18208,9
18209,5
18210,9
18211,5
18212,3
18213,6
18214,8
18215,8
18216,8
18217,5
18218,7
18219,3
18220,1
18221,1
18222,6
18223,6
18224,9
18225,3
18226,1
18227,1
18228,1
18229,7
18230,7
18231,8
18232,2
18233,7
18234,6
18235,9
18236,6
18237,7
18238,7
18239,2
18240,8
18241,0
18242,6
18243,6
18244,9
18245,8
18246,0
18247,3
18248,7
18249,9
18250,2
18251,6
18252,2
18253,2
18254,1
18255,3
18256,2
18257,6
18258,8
18259,5
18260,5
18261,8
18262,0
18263,0
18264,6
18265,8
18266,5
18267,3
18268,3
18269,6
18270,1
18271,8
18272,8
18273,0
18274,5
18275,8
18276,4
18277,9
18278,0
18279,9
18280,2
18281,6
18282,2
18283,4
18284,2
18285,6
18286,6
18287,7
18288,3
18289,8
18290,5
18291,4
18292,6
18293,1
18294,9
18295,5
18296,8
18297,0
18298,8
18299,0
18300,4
18301,1
18302,7
18303,9
18304,8
18305,7
18306,2
18307,6
18308,6
18309,9
18310,7
18311,1
18312,1
18313,7
18314,8
18315,6
18316,7
18317,7
18318,4
18319,3
18320,2
18321,4
18322,0
18323,4
18324,8
18325,6
18326,2
18327,3
18328,4
18329,6
18330,9
18331,8
18332,3
18333,8
18334,8
18335,6
18336,2
18337,4
18338,4
18339,9
18340,0
18341,6
18342,8
18343,1
18344,4
18345,6
18346,1
18347,5
18348,2
18349,9
18350,0
18351,0
18352,8
18353,9
18354,2
18355,7
18356,5
18357,5
18358,2
18359,3
18360,1
18361,0
18362,0
18363,9
18364,6
18365,8
18366,1
18367,1
18368,4
18369,7
18370,4
18371,6
18372,9
18373,8
18374,5
18375,6
18376,0
18377,9
18378,6
18379,4
18380,6
18381,1
18382,1
18383,0
18384,4
18385,5
18386,5
18387,7
18388,8
18389,1
18390,7
18391,8
18392,5
18393,7
18394,9
18395,2
18396,1
18397,2
18398,0
18399,3
18400,4
18401,7
18402,9
18403,9
18404,6
18405,4
18406,7
18407,9
18408,5
18409,0
18410,1
18411,5
18412,0
18413,4
18414,4
18415,1
18416,9
18417,6
18418,8
18419,9
18420,3
18421,5
18422,7
18423,1
18424,1
18425,9
18426,2
18427,4
18428,6
18429,5
18430,7
18431,0
18432,9
18433,8
18434,3
18435,8
18436,2
18437,8
18438,2
18439,8
18440,9
18441,3
18442,3
18443,9
18444,6
18445,3
18446,6
18447,7
18448,5
18449,3
18450,8
18451,9
18452,3
18453,4
18454,2
18455,9
18456,7
18457,9
18458,5
18459,6
18460,3
18461,7
18462,9
18463,2
18464,5
18465,2
18466,2
18467,9
18468,8
18469,4
18470,0
18471,1
18472,2
18473,7
18474,1
18475,5
18476,7
18477,4
18478,1
18479,0
18480,3
18481,0
18482,6
18483,7
18484,1
18485,1
18486,3
18487,3
18488,9
18489,3
18490,9
18491,3
18492,4
18493,4
18494,1
18495,8
18496,4
18497,1
18498,3
18499,4
18500,9
18501,2
18502,4
18503,6
18504,1
18505,9
18506,3
18507,1
18508,2
18509,1
18510,4
18511,0
18512,4
18513,1
18514,1
18515,4
18516,1
18517,7
18518,5
18519,4
18520,7
18521,1
18522,3
18523,0
18524,1
18525,0
18526,3
18527,8
18528,2
18529,8
18530,4
18531,8
18532,9
18533,6
18534,9
18535,0
18536,7
18537,2
18538,5
18539,5
18540,1
18541,5
18542,9
18543,4
18544,9
18545,0
18546,2
18547,3
18548,8
18549,0
18550,9
18551,2
18552,5
18553,2
18554,4
18555,0
18556,8
18557,9
18558,0
18559,8
18560,6
18561,9
18562,7
18563,1
18564,9
18565,8
18566,6
18567,1
18568,3
18569,6
18570,0
18571,2
18572,7
18573,8
18574,8
18575,3
18576,0
18577,3
18578,2
18579,8
18580,4
18581,4
18582,5
18583,4
18584,1
18585,5
18586,1
18587,3
18588,3
18589,4
18590,1
18591,8
18592,3
18593,8
18594,6
18595,3
18596,8
18597,0
18598,7
18599,2
18600,9
18601,9
18602,8
18603,4
18604,0
18605,6
18606,2
18607,7
18608,6
18609,1
18610,3
18611,0
18612,1
18613,1
18614,9
18615,3
18616,5
18617,9
18618,9
18619,5
18620,0
18621,4
18622,1
18623,9
18624,8
18625,9
18626,2
18627,2
18628,1
18629,0
18630,3
18631,9
18632,4
18633,3
18634,4
18635,4
18636,1
18637,5
18638,5
18639,6
18640,1
18641,4
18642,3
18643,0
18644,6
18645,9
18646,1
18647,8
18648,6
18649,8
18650,1
18651,5
18652,1
18653,7
18654,8
18655,6
18656,6
18657,4
18658,8
18659,7
18660,7
18661,5
18662,1
18663,1
18664,7
18665,1
18666,2
18667,1
18668,6
18669,0
18670,0
18671,0
18672,3
18673,9
18674,5
18675,5
18676,1
18677,1
18678,9
18679,3
18680,0
18681,1
18682,4
18683,9
18684,9
18685,6
18686,8
18687,3
18688,4
18689,0
18690,7
18691,6
18692,6
18693,8
18694,5
18695,9
18696,5
18697,7
18698,4
18699,1
18700,3
18701,4
18702,0
18703,7
18704,4
18705,9
18706,8
18707,7
18708,4
18709,1
18710,4
18711,5
18712,0
18713,6
18714,0
18715,3
18716,5
18717,2
18718,3
18719,6
18720,3
18721,2
18722,3
18723,5
18724,5
18725,0
18726,9
18727,1
18728,5
18729,9
18730,7
18731,1
18732,3
18733,9
18734,4
18735,1
18736,8
18737,2
18738,1
18739,3
18740,7
18741,6
18742,6
18743,9
18744,8
18745,8
18746,6
18747,3
18748,5
18749,3
18750,0
18751,5
18752,7
18753,9
18754,1
18755,0
18756,0
18757,5
18758,2
18759,0
18760,0
18761,1
18762,5
18763,1
18764,1
18765,5
18766,2
18767,3
18768,9
18769,0
18770,9
18771,7
18772,1
18773,1
18774,3
18775,7
18776,4
18777,0
18778,5
18779,7
18780,0
18781,3
18782,1
18783,0
18784,8
18785,5
18786,1
18787,5
18788,8
18789,6
18790,3
18791,9
18792,4
18793,9
18794,1
18795,3
18796,2
18797,1
18798,8
18799,2
18800,4
18801,0
18802,9
18803,2
18804,8
18805,2
18806,9
18807,3
18808,5
18809,2
18810,9
18811,6
18812,5
18813,8
18814,2
18815,5
18816,9
18817,0
18818,4
18819,2
18820,0
18821,9
18822,5
18823,7
18824,6
18825,0
18826,1
18827,4
18828,9
18829,8
18830,3
18831,4
18832,5
18833,3
18834,6
18835,7
18836,2
18837,6
18838,5
18839,9
18840,1
18841,0
18842,5
18843,2
18844,3
18845,8
18846,1
18847,5
18848,0
18849,9
18850,1
18851,0
18852,6
18853,5
18854,1
18855,4
18856,3
18857,9
18858,3
18859,3
18860,2
18861,8
18862,4
18863,0
18864,7
18865,6
18866,5
18867,7
18868,4
18869,1
18870,4
18871,9
18872,7
18873,2
18874,8
18875,4
18876,8
18877,3
18878,2
18879,3
18880,6
18881,0
18882,8
18883,8
18884,8
18885,3
18886,1
18887,7
18888,0
18889,6
18890,0
18891,3
18892,6
18893,4
18894,2
18895,4
18896,9
18897,8
18898,1
18899,9
18900,2
18901,7
18902,8
18903,1
18904,9
18905,4
18906,0
18907,3
18908,5
18909,1
18910,7
18911,4
18912,0
18913,7
18914,2
18915,9
18916,7
18917,8
18918,9
18919,3
18920,6
18921,5
18922,4
18923,4
18924,9
18925,0
18926,8
18927,9
18928,2
18929,6
18930,0
18931,0
18932,2
18933,5
18934,5
18935,4
18936,9
18937,0
18938,0
18939,6
18940,9
18941,7
18942,4
18943,7
18944,3
18945,2
18946,5
18947,4
18948,2
18949,1
18950,0
18951,8
18952,9
18953,4
18954,8
18955,3
18956,8
18957,1
18958,5
18959,7
18960,9
18961,6
18962,1
18963,8
18964,9
18965,4
18966,0
18967,8
18968,0
18969,5
18970,1
18971,9
18972,6
18973,1
18974,7
18975,5
18976,9
18977,6
18978,0
18979,2
18980,6
18981,8
18982,7
18983,8
18984,3
18985,9
18986,5
18987,4
18988,2
18989,6
18990,1
18991,1
18992,1
18993,1
18994,0
18995,1
18996,7
18997,4
18998,9
18999,7
19000,8
19001,4
19002,8
19003,8
19004,7
19005,0
19006,3
19007,5
19008,7
19009,7
19010,9
19011,7
19012,4
19013,0
19014,0
19015,6
19016,1
19017,6
19018,6
19019,7
19020,7
19021,5
19022,5
19023,7
19024,6
19025,7
19026,4
19027,5
19028,2
19029,7
19030,7
19031,3
19032,3
19033,3
19034,9
19035,3
19036,5
19037,4
19038,5
19039,8
19040,3
19041,6
19042,8
19043,7
19044,1
19045,9
19046,3
19047,4
19048,1
19049,3
19050,0
19051,4
19052,2
19053,4
19054,1
19055,9
19056,8
19057,5
19058,8
19059,9
19060,0
19061,8
19062,0
19063,8
19064,6
19065,9
19066,0
19067,0
19068,4
19069,2
19070,5
19071,3
19072,3
19073,5
19074,3
19075,8
19076,9
19077,3
19078,9
19079,0
19080,7
19081,6
19082,9
19083,8
19084,3
19085,5
19086,4
19087,0
19088,7
19089,0
19090,4
19091,6
19092,9
19093,4
19094,1
19095,8
19096,9
19097,8
19098,1
19099,4
19100,9
19101,6
19102,1
19103,9
19104,7
19105,7
19106,4
19107,4
19108,6
19109,0
19110,3
19111,9
19112,7
19113,9
19114,2
19115,7
19116,4
19117,1
19118,1
19119,6
19120,6
19121,6
19122,2
19123,1
19124,2
19125,9
19126,8
19127,1
19128,0
19129,4
19130,0
19131,4
19132,1
19133,8
19134,7
19135,3
19136,1
19137,9
19138,1
19139,6
19140,9
19141,6
19142,9
19143,4
19144,7
19145,7
19146,6
19147,7
19148,4
19149,3
19150,5
19151,7
19152,6
19153,6
19154,4
19155,5
19156,9
19157,3
19158,9
19159,7
19160,9
19161,5
19162,8
19163,3
19164,1
19165,8
19166,0
19167,7
19168,7
19169,7
19170,3
19171,6
19172,1
19173,1
19174,2
19175,8
19176,2
19177,7
19178,9
19179,6
19180,2
19181,2
19182,6
19183,2
19184,9
19185,5
19186,3
19187,1
19188,0
19189,6
19190,5
19191,8
19192,5
19193,6
19194,4
19195,1
19196,3
19197,7
19198,3
19199,9
19200,7
19201,2
19202,4
19203,4
19204,7
19205,1
19206,7
19207,1
19208,0
19209,0
19210,9
19211,0
19212,3
19213,3
19214,8
19215,6
19216,5
19217,2
19218,1
19219,1
19220,1
19221,6
19222,0
19223,0
19224,9
19225,0
19226,3
19227,3
19228,9
19229,6
19230,3
19231,2
19232,5
19233,6
19234,2
19235,6
19236,5
19237,3
19238,1
19239,9
19240,1
19241,3
19242,1
19243,9
19244,8
19245,8
19246,9
19247,6
19248,8
19249,8
19250,9
19251,5
19252,0
19253,0
19254,5
19255,6
19256,7
19257,8
19258,6
19259,2
19260,7
19261,9
19262,9
19263,3
19264,5
19265,3
19266,4
19267,4
19268,6
19269,0
19270,4
19271,5
19272,9
19273,7
19274,7
19275,4
19276,6
19277,3
19278,5
19279,6
19280,7
19281,7
19282,9
19283,8
19284,0
19285,7
19286,3
19287,9
19288,6
19289,7
19290,8
19291,7
19292,2
19293,1
19294,9
19295,3
19296,7
19297,9
19298,8
19299,1
19300,8
19301,1
19302,9
19303,4
19304,6
19305,5
19306,1
19307,9
19308,4
19309,6
19310,6
19311,7
19312,1
19313,6
19314,3
19315,6
19316,9
19317,5
19318,9
19319,9
19320,1
19321,4
19322,1
19323,4
19324,7
19325,7
19326,1
19327,1
19328,6
19329,2
19330,7
19331,7
19332,8
19333,5
19334,1
19335,9
19336,5
19337,7
19338,4
19339,3
19340,0
19341,5
19342,8
19343,1
19344,9
19345,3
19346,1
19347,1
19348,5
19349,1
19350,5
19351,6
19352,7
19353,5
19354,3
19355,3
19356,6
19357,6
19358,0
19359,7
19360,7
19361,5
19362,3
19363,6
19364,6
19365,3
19366,0
19367,0
19368,2
19369,6
19370,7
19371,0
19372,5
19373,5
19374,6
19375,7
19376,2
19377,3
19378,5
19379,1
19380,2
19381,1
19382,1
19383,5
19384,2
19385,5
19386,7
19387,7
19388,3
19389,1
19390,9
19391,9
19392,8
19393,1
19394,1
19395,8
19396,0
19397,2
19398,8
19399,5
19400,3
19401,7
19402,5
19403,7
19404,4
19405,3
19406,3
19407,2
19408,7
19409,2
19410,2
19411,8
19412,1
19413,3
19414,9
19415,6
19416,3
19417,7
19418,1
19419,1
19420,1
19421,1
19422,8
19423,9
19424,3
19425,2
19426,2
19427,9
19428,1
19429,4
19430,9
19431,6
19432,1
19433,3
19434,9
19435,8
19436,2
19437,1
19438,1
19439,9
19440,5
19441,8
19442,5
19443,2
19444,4
19445,8
19446,9
19447,4
19448,2
19449,9
19450,4
19451,2
19452,9
19453,1
19454,5
19455,7
19456,8
19457,7
19458,6
19459,6
19460,8
19461,6
19462,9
19463,2
19464,8
19465,6
19466,1
19467,5
19468,7
19469,9
19470,0
19471,8
19472,6
19473,0
19474,6
19475,7
19476,6
19477,3
19478,6
19479,0
19480,4
19481,5
19482,6
19483,6
19484,0
19485,9
19486,2
19487,2
19488,0
19489,4
19490,3
19491,0
19492,2
19493,8
19494,5
19495,3
19496,5
19497,1
19498,1
19499,4
19500,8
19501,3
19502,0
19503,3
19504,3
19505,2
19506,9
19507,2
19508,3
19509,7
19510,8
19511,9
19512,7
19513,3
19514,9
19515,7
19516,1
19517,2
19518,2
19519,8
19520,2
19521,0
19522,9
19523,1
19524,1
19525,9
19526,7
19527,1
19528,2
19529,6
19530,1
19531,0
19532,9
19533,0
19534,0
19535,8
19536,1
19537,2
19538,3
19539,7
19540,4
19541,8
19542,9
19543,0
19544,0
19545,6
19546,2
19547,9
19548,0
19549,1
19550,9
19551,3
19552,3
19553,9
19554,3
19555,3
19556,6
19557,1
19558,4
19559,4
19560,1
19561,3
19562,5
19563,3
19564,5
19565,9
19566,8
19567,6
19568,4
19569,9
19570,7
19571,7
19572,3
19573,4
19574,5
19575,8
19576,9
19577,2
19578,6
19579,2
19580,0
19581,1
19582,2
19583,7
19584,7
19585,8
19586,7
19587,0
19588,0
19589,0
19590,2
19591,1
19592,9
19593,4
19594,2
19595,5
19596,2
19597,0
19598,0
19599,2
19600,1
19601,6
19602,9
19603,7
19604,6
19605,4
19606,0
19607,6
19608,2
19609,1
19610,0
19611,5
19612,5
19613,3
19614,3
19615,2
19616,9
19617,0
19618,2
19619,0
19620,5
19621,1
19622,1
19623,0
19624,0
19625,0
19626,7
19627,2
19628,1
19629,4
19630,2
19631,7
19632,8
19633,4
19634,5
19635,7
19636,7
19637,4
19638,9
19639,6
19640,1
19641,7
19642,1
19643,0
19644,6
19645,8
19646,4
19647,0
19648,1
19649,9
19650,9
19651,7
19652,1
19653,5
19654,9
19655,6
19656,2
19657,6
19658,0
19659,4
19660,4
19661,6
19662,2
19663,0
19664,5
19665,0
19666,3
19667,3
19668,5
19669,3
19670,2
19671,8
19672,5
19673,6
19674,4
19675,5
19676,8
19677,1
19678,6
19679,0
19680,6
19681,0
19682,3
19683,7
19684,2
19685,1
19686,3
19687,9
19688,4
19689,4
19690,5
19691,3
19692,3
19693,6
19694,4
19695,4
19696,7
19697,6
19698,5
19699,7
19700,5
19701,5
19702,6
19703,2
19704,1
19705,8
19706,3
19707,9
19708,0
19709,8
19710,4
19711,3
19712,7
19713,4
19714,1
19715,1
19716,5
19717,4
19718,2
19719,8
19720,6
19721,0
19722,4
19723,3
19724,1
19725,2
19726,7
19727,6
19728,7
19729,7
19730,4
19731,0
19732,4
19733,4
19734,7
19735,1
19736,7
19737,2
19738,7
19739,2
19740,1
19741,2
19742,2
19743,3
19744,9
19745,6
19746,4
19747,3
19748,6
19749,9
19750,3
19751,8
19752,1
19753,2
19754,9
19755,1
19756,1
19757,5
19758,1
19759,2
19760,1
19761,3
19762,1
19763,9
19764,9
19765,5
19766,5
19767,6
19768,4
19769,1
19770,0
19771,7
19772,8
19773,7
19774,1
19775,6
19776,6
19777,0
19778,4
19779,0
19780,0
19781,1
19782,1
19783,2
19784,9
19785,1
19786,1
19787,5
19788,5
19789,7
19790,8
19791,0
19792,2
19793,7
19794,7
19795,1
19796,2
19797,4
19798,3
19799,2
19800,2
19801,2
19802,5
19803,3
19804,6
19805,1
19806,5
19807,7
19808,0
19809,5
19810,1
19811,3
19812,7
19813,1
19814,1
19815,6
19816,7
19817,2
19818,2
19819,2
19820,4
19821,8
19822,1
19823,1
19824,3
19825,0
19826,7
19827,4
19828,6
19829,0
19830,3
19831,5
19832,2
19833,4
19834,4
19835,8
19836,8
19837,4
19838,1
19839,8
19840,9
19841,8
19842,5
19843,6
19844,7
19845,0
19846,4
19847,5
19848,1
19849,8
19850,5
19851,5
19852,5
19853,6
19854,8
19855,8
19856,0
19857,3
19858,9
19859,6
19860,0
19861,5
19862,1
19863,4
19864,6
19865,9
19866,5
19867,7
19868,6
19869,2
19870,8
19871,0
19872,0
19873,1
19874,0
19875,5
19876,7
19877,1
19878,0
19879,5
19880,0
19881,7
19882,4
19883,9
19884,7
19885,3
19886,9
19887,2
19888,0
19889,5
19890,0
19891,3
19892,8
19893,9
19894,4
19895,1
19896,6
19897,8
19898,5
19899,7
19900,8
19901,3
19902,3
19903,2
19904,9
19905,3
19906,9
19907,0
19908,8
19909,2
19910,9
19911,8
19912,1
19913,8
19914,0
19915,1
19916,8
19917,1
19918,6
19919,1
19920,3
19921,1
19922,4
19923,8
19924,7
19925,4
19926,0
19927,1
19928,2
19929,0
19930,0
19931,2
19932,1
19933,8
19934,8
19935,0
19936,6
19937,3
19938,2
19939,8
19940,1
19941,2
19942,6
19943,4
19944,9
19945,3
19946,9
19947,8
19948,9
19949,1
19950,6
19951,7
19952,1
19953,7
19954,1
19955,4
19956,6
19957,3
19958,3
19959,8
19960,4
19961,3
19962,7
19963,0
19964,4
19965,4
19966,9
19967,3
19968,2
19969,3
19970,9
19971,6
19972,8
19973,4
19974,6
19975,9
19976,4
19977,6
19978,9
19979,8
19980,7
19981,7
19982,7
19983,6
19984,9
19985,5
19986,1
19987,7
19988,2
19989,4
19990,6
19991,0
19992,2
19993,7
19994,3
19995,3
19996,1
19997,2
19998,4
19999,6
20000,8
20001,0
20002,2
20003,9
20004,0
20005,3
20006,8
20007,1
20008,1
20009,4
20010,0
20011,4
20012,6
20013,7
20014,5
20015,1
20016,5
20017,3
20018,3
20019,1
20020,9
20021,7
20022,4
20023,2
20024,8
20025,0
20026,5
20027,6
20028,9
20029,3
20030,0
20031,0
20032,9
20033,3
20034,9
20035,0
20036,8
20037,8
20038,1
20039,3
20040,2
20041,0
20042,3
20043,6
20044,9
20045,8
20046,3
20047,8
20048,6
20049,1
20050,3
20051,8
20052,2
20053,2
20054,7
20055,7
20056,0
20057,8
20058,4
20059,5
20060,9
20061,3
20062,7
20063,4
20064,2
20065,7
20066,9
20067,1
20068,5
20069,8
20070,9
20071,1
20072,9
20073,9
20074,4
20075,0
20076,3
20077,8
20078,4
20079,5
20080,3
20081,8
20082,0
20083,4
20084,6
20085,9
20086,1
20087,9
20088,9
20089,8
20090,1
20091,3
20092,2
20093,2
20094,9
20095,3
20096,3
20097,0
20098,4
20099,8
20100,3
20101,2
20102,0
20103,3
20104,0
20105,9
20106,1
20107,4
20108,3
20109,0
20110,3
20111,0
20112,5
20113,0
20114,4
20115,3
20116,7
20117,4
20118,6
20119,7
20120,5
20121,9
20122,0
20123,6
20124,1
20125,1
20126,7
20127,7
20128,9
20129,9
20130,1
20131,4
20132,9
20133,2
20134,0
20135,3
20136,6
20137,0
20138,5
20139,5
20140,2
20141,9
20142,9
20143,6
20144,3
20145,4
20146,0
20147,5
20148,4
20149,0
20150,1
20151,7
20152,1
20153,6
20154,8
20155,7
20156,8
20157,1
20158,1
20159,1
20160,6
20161,5
20162,3
20163,3
20164,5
20165,7
20166,2
20167,7
20168,0
20169,3
20170,1
20171,1
20172,1
20173,1
20174,1
20175,1
20176,5
20177,6
20178,8
20179,9
20180,7
20181,4
20182,9
20183,7
20184,1
20185,0
20186,9
20187,6
20188,0
20189,9
20190,0
20191,8
20192,1
20193,2
20194,4
20195,0
20196,3
20197,3
20198,0
20199,9
20200,6
20201,2
20202,8
20203,0
20204,2
20205,4
20206,6
20207,4
20208,2
20209,3
20210,8
20211,3
20212,2
20213,7
20214,1
20215,0
20216,2
20217,2
20218,9
20219,8
20220,8
20221,4
20222,0
20223,3
20224,4
20225,8
20226,1
20227,0
20228,0
20229,8
20230,2
20231,6
20232,0
20233,9
20234,4
20235,7
20236,1
20237,5
20238,4
20239,5
20240,6
20241,6
20242,9
20243,9
20244,6
20245,7
20246,9
20247,2
20248,1
20249,0
20250,3
20251,6
20252,8
20253,0
20254,5
20255,9
20256,6
20257,3
20258,9
20259,7
20260,2
20261,4
20262,7
20263,8
20264,4
20265,8
20266,5
20267,3
20268,2
20269,0
20270,2
20271,9
20272,0
20273,6
20274,3
20275,0
20276,3
20277,3
20278,0
20279,5
20280,5
20281,2
20282,4
20283,9
20284,6
20285,4
20286,7
20287,0
20288,7
20289,0
20290,4
20291,0
20292,2
20293,9
20294,1
20295,4
20296,1
20297,0
20298,0
20299,7
20300,5
20301,5
20302,7
20303,6
20304,9
20305,5
20306,2
20307,7
20308,9
20309,2
20310,6
20311,8
20312,8
20313,0
20314,8
20315,0
20316,1
20317,9
20318,1
20319,1
20320,3
20321,9
20322,1
20323,7
20324,7
20325,3
20326,1
20327,7
20328,3
20329,2
20330,5
20331,6
20332,4
20333,8
20334,2
20335,4
20336,1
20337,4
20338,0
20339,5
20340,8
20341,4
20342,0
20343,4
20344,8
20345,2
20346,2
20347,9
20348,8
20349,4
20350,7
20351,8
20352,8
20353,6
20354,9
20355,9
20356,4
20357,1
20358,1
20359,8
20360,6
20361,7
20362,0
20363,6
20364,4
20365,8
20366,9
20367,4
20368,3
20369,2
20370,7
20371,2
20372,0
20373,4
20374,8
20375,7
20376,3
20377,6
20378,1
20379,1
20380,3
20381,0
20382,0
20383,7
20384,5
20385,8
20386,3
20387,4
20388,9
20389,0
20390,0
20391,5
20392,4
20393,2
20394,1
20395,8
20396,0
20397,4
20398,7
20399,8
20400,6
20401,1
20402,5
20403,0
20404,6
20405,9
20406,8
20407,1
20408,6
20409,9
20410,1
20411,0
20412,0
20413,3
20414,3
20415,2
20416,8
20417,2
20418,8
20419,2
20420,9
20421,9
20422,6
20423,8
20424,0
20425,7
20426,0
20427,8
20428,5
20429,7
20430,2
20431,5
20432,1
20433,0
20434,8
20435,9
20436,5
20437,6
20438,9
20439,0
20440,4
20441,6
20442,1
20443,7
20444,9
20445,4
20446,6
20447,9
20448,5
20449,8
20450,8
20451,6
20452,5
20453,8
20454,2
20455,2
20456,4
20457,4
20458,0
20459,2
20460,2
20461,9
20462,7
20463,7
20464,0
20465,7
20466,6
20467,5
20468,5
20469,5
20470,2
20471,5
20472,9
20473,5
20474,8
20475,9
20476,4
20477,7
20478,7
20479,2
20480,0
20481,4
20482,3
20483,0
20484,2
20485,5
20486,0
20487,9
20488,6
20489,0
20490,5
20491,8
20492,1
20493,2
20494,7
20495,5
20496,5
20497,1
20498,4
20499,1
20500,9
20501,7
20502,6
20503,1
20504,8
20505,0
20506,7
20507,6
20508,3
20509,6
20510,0
20511,9
20512,8
20513,3
20514,1
20515,9
20516,3
20517,1
20518,4
20519,0
20520,6
20521,2
20522,2
20523,7
20524,9
20525,5
20526,7
20527,1
20528,0
20529,5
20530,1
20531,7
20532,1
20533,6
20534,2
20535,3
20536,3
20537,0
20538,7
20539,8
20540,4
20541,8
20542,7
20543,9
20544,2
20545,7
20546,1
20547,6
20548,4
20549,9
20550,3
20551,2
20552,0
20553,1
20554,6
20555,8
20556,6
20557,4
20558,0
20559,9
20560,6
20561,6
20562,4
20563,5
20564,1
20565,3
20566,3
20567,0
20568,2
20569,0
20570,1
20571,4
20572,0
20573,2
20574,2
20575,2
20576,9
20577,9
20578,8
20579,4
20580,5
20581,3
20582,5
20583,2
20584,1
20585,7
20586,0
20587,7
20588,2
20589,9
20590,6
20591,3
20592,9
20593,1
20594,8
20595,3
20596,6
20597,1
20598,6
20599,3
20600,1
20601,5
20602,5
20603,4
20604,0
20605,3
20606,7
20607,8
20608,5
20609,6
20610,6
20611,1
20612,6
20613,1
20614,8
20615,8
20616,8
20617,1
20618,4
20619,4
20620,1
20621,5
20622,5
20623,1
20624,1
20625,8
20626,5
20627,6
20628,9
20629,8
20630,1
20631,6
20632,7
20633,8
20634,0
20635,1
20636,8
20637,7
20638,7
20639,1
20640,8
20641,0
20642,2
20643,8
20644,9
20645,8
20646,9
20647,2
20648,4
20649,8
20650,1
20651,3
20652,6
20653,1
20654,0
20655,0
20656,4
20657,3
20658,6
20659,5
20660,3
20661,0
20662,1
20663,8
20664,3
20665,9
20666,6
20667,1
20668,7
20669,2
20670,9
20671,6
20672,7
20673,3
20674,4
20675,8
20676,8
20677,9
20678,4
20679,1
20680,4
20681,6
20682,4
20683,2
20684,5
20685,5
20686,8
20687,1
20688,4
20689,0
20690,8
20691,2
20692,4
20693,9
20694,3
20695,3
20696,8
20697,1
20698,3
20699,1
20700,6
20701,9
20702,3
20703,1
20704,1
20705,0
20706,7
20707,8
20708,7
20709,9
20710,1
20711,8
20712,6
20713,5
20714,1
20715,5
20716,9
20717,5
20718,3
20719,0
20720,1
20721,7
20722,4
20723,7
20724,1
20725,1
20726,1
20727,2
20728,0
20729,5
20730,3
20731,9
20732,9
20733,8
20734,1
20735,5
20736,4
20737,5
20738,9
20739,8
20740,0
20741,1
20742,2
20743,7
20744,3
20745,7
20746,9
20747,1
20748,2
20749,3
20750,8
20751,3
20752,2
20753,8
20754,5
20755,0
20756,1
20757,5
20758,9
20759,1
20760,8
20761,0
20762,3
20763,9
20764,9
20765,2
20766,2
20767,8
20768,3
20769,7
20770,2
20771,3
20772,7
20773,1
20774,0
20775,5
20776,5
20777,0
20778,0
20779,8
20780,6
20781,1
20782,0
20783,3
20784,8
20785,1
20786,9
20787,4
20788,6
20789,1
20790,3
20791,4
20792,0
20793,2
20794,5
20795,3
20796,3
20797,1
20798,9
20799,2
20800,9
20801,5
20802,7
20803,1
20804,2
20805,3
20806,9
20807,2
20808,1
20809,1
20810,7
20811,9
20812,7
20813,1
20814,3
20815,1
20816,4
20817,0
20818,3
20819,1
20820,9
20821,2
20822,0
20823,8
20824,6
20825,9
20826,5
20827,0
20828,4
20829,2
20830,8
20831,2
20832,1
20833,7
20834,7
20835,4
20836,4
20837,8
20838,7
20839,9
20840,0
20841,1
20842,2
20843,2
20844,2
20845,7
20846,2
20847,2
20848,6
20849,3
20850,1
20851,8
20852,3
20853,0
20854,3
20855,0
20856,0
20857,2
20858,6
20859,8
20860,9
20861,2
20862,7
20863,7
20864,7
20865,3
20866,1
20867,0
20868,9
20869,3
20870,7
20871,0
20872,7
20873,2
20874,7
20875,4
20876,8
20877,7
20878,6
20879,6
20880,3
20881,7
20882,4
20883,0
20884,7
20885,1
20886,4
20887,0
20888,9
20889,4
20890,8
20891,3
20892,3
20893,6
20894,6
20895,8
20896,3
20897,4
20898,3
20899,8
20900,4
20901,6
20902,9
20903,2
20904,9
20905,9
20906,6
20907,7
20908,7
20909,3
20910,3
20911,1
20912,2
20913,7
20914,1
20915,4
20916,7
20917,6
20918,9
20919,1
20920,3
20921,4
20922,8
20923,7
20924,3
20925,6
20926,9
20927,9
20928,6
20929,3
20930,4
20931,4
20932,7
20933,5
20934,6
20935,0
20936,0
20937,2
20938,9
20939,0
20940,7
20941,8
20942,2
20943,0
20944,2
20945,5
20946,2
20947,7
20948,8
20949,3
20950,2
20951,8
20952,3
20953,4
20954,2
20955,6
20956,5
20957,7
20958,7
20959,1
20960,1
20961,6
20962,2
20963,9
20964,2
20965,0
20966,7
20967,9
20968,3
20969,0
20970,5
20971,1
20972,0
20973,4
20974,4
20975,4
20976,8
20977,6
20978,9
20979,4
20980,7
20981,2
20982,0
20983,1
20984,7
20985,3
20986,9
20987,1
20988,1
20989,9
20990,6
20991,7
20992,3
20993,4
20994,2
20995,9
20996,0
20997,9
20998,0
20999,1
21000,6
21001,7
21002,0
21003,6
21004,0
21005,7
21006,9
21007,4
21008,7
21009,3
21010,8
21011,4
21012,9
21013,9
21014,5
21015,9
21016,7
21017,3
21018,9
21019,1
21020,3
21021,0
21022,6
21023,2
21024,0
21025,8
21026,2
21027,1
21028,1
21029,7
21030,2
21031,6
21032,2
21033,2
21034,7
21035,0
21036,1
21037,1
21038,3
21039,5
21040,5
21041,9
21042,4
21043,3
21044,6
21045,7
21046,3
21047,2
21048,6
21049,4
21050,9
21051,2
21052,7
21053,6
21054,0
21055,2
21056,1
21057,7
21058,9
21059,8
21060,5
21061,0
21062,7
21063,9
21064,7
21065,2
21066,2
21067,6
21068,9
21069,4
21070,0
21071,5
21072,9
21073,1
21074,2
21075,6
21076,9
21077,7
21078,5
21079,2
21080,2
21081,1
21082,1
21083,7
21084,5
21085,3
21086,6
21087,9
21088,2
21089,7
21090,2
21091,7
21092,1
21093,6
21094,9
21095,6
21096,4
21097,5
21098,8
21099,3
21100,6
21101,4
21102,0
21103,3
21104,0
21105,3
21106,0
21107,9
21108,2
21109,3
21110,4
21111,9
21112,6
21113,4
21114,7
21115,4
21116,1
21117,4
21118,3
21119,6
21120,8
21121,8
21122,0
21123,5
21124,7
21125,5
21126,7
21127,7
21128,4
21129,6
21130,8
21131,6
21132,3
21133,6
21134,7
21135,0
21136,7
21137,8
21138,1
21139,4
21140,3
21141,2
21142,1
21143,1
21144,1
21145,4
21146,5
21147,6
21148,0
21149,4
21150,1
21151,8
21152,9
21153,1
21154,8
21155,8
21156,0
21157,9
21158,9
21159,5
21160,3
21161,8
21162,0
21163,9
21164,0
21165,3
21166,9
21167,1
21168,2
21169,5
21170,3
21171,6
21172,1
21173,7
21174,8
21175,3
21176,3
21177,5
21178,5
21179,1
21180,9
21181,1
21182,1
21183,9
21184,0
21185,5
21186,1
21187,4
21188,3
21189,9
21190,8
21191,7
21192,7
21193,1
21194,6
21195,6
21196,6
21197,9
21198,1
21199,0
21200,7
21201,8
21202,1
21203,2
21204,8
21205,9
21206,1
21207,6
21208,9
21209,7
21210,1
21211,0
21212,9
21213,1
21214,8
21215,4
21216,2
21217,2
21218,4
21219,0
21220,3
21221,1
21222,0
21223,1
21224,7
21225,6
21226,7
21227,1
21228,6
21229,3
21230,1
21231,3
21232,1
21233,3
21234,3
21235,6
21236,1
21237,7
21238,6
21239,7
21240,3
21241,2
21242,8
21243,3
21244,6
21245,7
21246,2
21247,9
21248,0
21249,8
21250,8
21251,3
21252,5
21253,8
21254,8
21255,0
21256,9
21257,9
21258,3
21259,5
21260,1
21261,1
21262,8
21263,4
21264,2
21265,7
21266,3
21267,5
21268,5
21269,4
21270,0
21271,5
21272,1
21273,9
21274,0
21275,4
21276,7
21277,0
21278,8
21279,1
21280,5
21281,1
21282,9
21283,8
21284,9
21285,7
21286,6
21287,3
21288,1
21289,7
21290,6
21291,1
21292,9
21293,9
21294,0
21295,6
21296,1
21297,6
21298,5
21299,1
21300,3
21301,0
21302,0
21303,1
21304,0
21305,5
21306,6
21307,4
21308,0
21309,3
21310,6
21311,7
21312,6
21313,9
21314,2
21315,8
21316,0
21317,8
21318,8
21319,1
21320,7
21321,2
21322,1
21323,9
21324,3
21325,0
21326,9
21327,3
21328,3
21329,5
21330,2
21331,9
21332,5
21333,3
21334,9
21335,2
21336,0
21337,7
21338,4
21339,7
21340,8
21341,3
21342,7
21343,8
21344,3
21345,3
21346,2
21347,8
21348,0
21349,4
21350,0
21351,1
21352,3
21353,5
21354,9
21355,6
21356,9
21357,9
21358,3
21359,3
21360,5
21361,6
21362,5
21363,8
21364,2
21365,7
21366,4
21367,0
21368,1
21369,7
21370,0
21371,5
21372,4
21373,1
21374,0
21375,9
21376,7
21377,9
21378,7
21379,9
21380,4
21381,5
21382,2
21383,9
21384,9
21385,3
21386,9
21387,2
21388,3
21389,7
21390,8
21391,2
21392,8
21393,0
21394,6
21395,0
21396,5
21397,7
21398,0
21399,8
21400,0
21401,3
21402,5
21403,3
21404,4
21405,7
21406,0
21407,3
21408,2
21409,1
21410,4
21411,8
21412,1
21413,8
21414,9
21415,1
21416,3
21417,7
21418,6
21419,1
21420,3
21421,8
21422,9
21423,3
21424,6
21425,4
21426,2
21427,2
21428,8
21429,6
21430,3
21431,7
21432,0
21433,3
21434,1
21435,5
21436,1
21437,1
21438,1
21439,8
21440,7
21441,5
21442,0
21443,1
21444,1
21445,6
21446,1
21447,4
21448,6
21449,1
21450,3
21451,8
21452,0
21453,7
21454,9
21455,0
21456,9
21457,9
21458,4
21459,2
21460,3
21461,7
21462,8
21463,9
21464,7
21465,9
21466,2
21467,7
21468,7
21469,3
21470,5
21471,9
21472,0
21473,6
21474,1
21475,6
21476,6
21477,6
21478,9
21479,3
21480,1
21481,0
21482,6
21483,9
21484,6
21485,8
21486,4
21487,2
21488,7
21489,8
21490,4
21491,9
21492,4
21493,2
21494,6
21495,6
21496,5
21497,4
21498,1
21499,8
21500,5
21501,9
21502,5
21503,9
21504,7
21505,1
21506,4
21507,6
21508,8
21509,2
21510,3
21511,5
21512,5
21513,6
21514,5
21515,3
21516,5
21517,3
21518,2
21519,4
21520,1
21521,8
21522,9
21523,8
21524,9
21525,3
21526,7
21527,2
21528,2
21529,4
21530,8
21531,3
21532,1
21533,1
21534,8
21535,4
21536,2
21537,8
21538,6
21539,1
21540,3
21541,6
21542,0
21543,7
21544,7
21545,4
21546,9
21547,7
21548,0
21549,4
21550,5
21551,0
21552,6
21553,3
21554,1
21555,6
21556,9
21557,5
21558,2
21559,0
21560,9
21561,5
21562,6
21563,6
21564,5
21565,0
21566,3
21567,5
21568,4
21569,5
21570,5
21571,1
21572,0
21573,2
21574,1
21575,5
21576,6
21577,1
21578,2
21579,7
21580,6
21581,2
21582,3
21583,4
21584,0
21585,0
21586,7
21587,8
21588,1
21589,4
21590,6
21591,8
21592,9
21593,3
21594,0
21595,9
21596,2
21597,0
21598,8
21599,4
21600,1
21601,5
21602,3
21603,8
21604,4
21605,5
21606,0
21607,3
21608,3
21609,3
21610,5
21611,8
21612,6
21613,9
21614,4
21615,2
21616,9
21617,3
21618,0
21619,9
21620,4
21621,9
21622,0
21623,8
21624,9
21625,0
21626,3
21627,5
21628,1
21629,7
21630,1
21631,1
21632,7
21633,9
21634,5
21635,0
21636,4
21637,3
21638,9
21639,6
21640,7
21641,5
21642,6
21643,8
21644,5
21645,1
21646,5
21647,4
21648,7
21649,7
21650,3
21651,2
21652,8
21653,6
21654,5
21655,3
21656,3
21657,9
21658,1
21659,1
21660,9
21661,8
21662,5
21663,4
21664,6
21665,7
21666,1
21667,0
21668,2
21669,6
21670,4
21671,3
21672,9
21673,0
21674,0
21675,6
21676,6
21677,0
21678,9
21679,3
21680,6
21681,3
21682,0
21683,3
21684,6
21685,9
21686,9
21687,5
21688,6
21689,7
21690,4
21691,4
21692,3
21693,1
21694,2
21695,8
21696,2
21697,5
21698,3
21699,6
21700,8
21701,8
21702,7
21703,5
21704,4
21705,0
21706,6
21707,1
21708,5
21709,7
21710,5
21711,1
21712,2
21713,5
21714,9
21715,3
21716,1
21717,9
21718,2
21719,8
21720,9
21721,0
21722,9
21723,5
21724,3
21725,4
21726,6
21727,4
21728,9
21729,8
21730,0
21731,4
21732,6
21733,4
21734,5
21735,9
21736,3
21737,6
21738,7
21739,6
21740,0
21741,2
21742,0
21743,7
21744,1
21745,8
21746,8
21747,3
21748,9
21749,3
21750,9
21751,7
21752,5
21753,8
21754,4
21755,1
21756,7
21757,0
21758,8
21759,1
21760,6
21761,6
21762,6
21763,7
21764,2
21765,2
21766,5
21767,3
21768,1
21769,3
21770,2
21771,3
21772,0
21773,0
21774,8
21775,6
21776,1
21777,1
21778,9
21779,8
21780,0
21781,8
21782,0
21783,6
21784,1
21785,0
21786,8
21787,8
21788,2
21789,3
21790,2
21791,5
21792,9
21793,2
21794,3
21795,3
21796,1
21797,3
21798,4
21799,8
21800,2
21801,9
21802,0
21803,9
21804,4
21805,8
21806,8
21807,8
21808,7
21809,1
21810,9
21811,2
21812,0
21813,8
21814,6
21815,4
21816,6
21817,6
21818,9
21819,5
21820,1
21821,0
21822,6
21823,2
21824,5
21825,0
21826,4
21827,9
21828,8
21829,1
21830,4
21831,5
21832,7
21833,1
21834,1
21835,7
21836,2
21837,6
21838,1
21839,3
21840,5
21841,6
21842,4
21843,1
21844,9
21845,1
21846,2
21847,2
21848,0
21849,0
21850,7
21851,7
21852,7
21853,2
21854,3
21855,7
21856,2
21857,2
21858,8
21859,3
21860,3
21861,3
21862,2
21863,9
21864,1
21865,8
21866,3
21867,9
21868,1
21869,3
21870,4
21871,3
21872,9
21873,0
21874,5
21875,5
21876,1
21877,4
21878,5
21879,8
21880,0
21881,2
21882,4
21883,3
21884,5
21885,5
21886,5
21887,4
21888,1
21889,7
21890,0
21891,3
21892,6
21893,1
21894,4
21895,1
21896,3
21897,1
21898,8
21899,3
21900,4
21901,1
21902,8
21903,4
21904,4
21905,1
21906,0
21907,8
21908,5
21909,4
21910,2
21911,9
21912,1
21913,7
21914,1
21915,2
21916,2
21917,5
21918,8
21919,0
21920,8
21921,1
21922,0
21923,0
21924,0
21925,0
21926,1
21927,5
21928,3
21929,1
21930,8
21931,3
21932,3
21933,2
21934,3
21935,9
21936,7
21937,7
21938,8
21939,4
21940,2
21941,7
21942,8
21943,5
21944,0
21945,5
21946,9
21947,5
21948,3
21949,5
21950,6
21951,3
21952,0
21953,4
21954,4
21955,6
21956,9
21957,1
21958,6
21959,6
21960,4
21961,8
21962,5
21963,4
21964,3
21965,5
21966,0
21967,1
21968,4
21969,2
21970,6
21971,7
21972,3
21973,5
21974,7
21975,5
21976,0
21977,7
21978,4
21979,3
21980,4
21981,0
21982,3
21983,3
21984,7
21985,9
21986,8
21987,8
21988,2
21989,2
21990,7
21991,0
21992,9
21993,2
21994,1
21995,2
21996,0
21997,7
21998,4
21999,7
22000,8
22001,6
22002,0
22003,0
22004,6
22005,3
22006,0
22007,1
22008,7
22009,2
22010,8
22011,4
22012,6
22013,5
22014,4
22015,7
22016,6
22017,3
22018,5
22019,2
22020,7
22021,7
22022,3
22023,0
22024,8
22025,4
22026,4
22027,0
22028,5
22029,9
22030,3
22031,4
22032,8
22033,4
22034,7
22035,0
22036,8
22037,3
22038,7
22039,4
22040,8
22041,8
22042,9
22043,8
22044,8
22045,9
22046,9
22047,6
22048,5
22049,6
22050,9
22051,5
22052,9
22053,4
22054,5
22055,5
22056,9
22057,1
22058,7
22059,5
22060,0
22061,9
22062,0
22063,0
22064,4
22065,2
22066,2
22067,4
22068,1
22069,0
22070,0
22071,1
22072,4
22073,0
22074,5
22075,2
22076,5
22077,3
22078,8
22079,7
22080,5
22081,4
22082,5
22083,2
22084,6
22085,5
22086,1
22087,8
22088,6
22089,4
22090,0
22091,6
22092,0
22093,4
22094,6
22095,7
22096,0
22097,3
22098,1
22099,8
22100,5
22101,6
22102,1
22103,2
22104,8
22105,5
22106,5
22107,7
22108,0
22109,2
22110,1
22111,0
22112,4
22113,3
22114,6
22115,8
22116,3
22117,6
22118,4
22119,3
22120,4
22121,7
22122,1
22123,1
22124,5
22125,1
22126,0
22127,2
22128,6
22129,7
22130,4
22131,4
22132,4
22133,9
22134,8
22135,2
22136,3
22137,5
22138,1
22139,6
22140,1
22141,9
22142,4
22143,3
22144,1
22145,4
22146,1
22147,0
22148,5
22149,4
22150,9
22151,1
22152,7
22153,8
22154,8
22155,1
22156,0
22157,3
22158,2
22159,6
22160,1
22161,3
22162,7
22163,3
22164,7
22165,3
22166,8
22167,9
22168,6
22169,7
22170,7
22171,5
22172,4
22173,0
22174,6
22175,7
22176,2
22177,7
22178,0
22179,8
22180,6
22181,8
22182,5
22183,1
22184,3
22185,2
22186,3
22187,9
22188,7
22189,4
22190,7
22191,2
22192,0
22193,6
22194,2
22195,1
22196,3
22197,8
22198,5
22199,0
22200,9
22201,3
22202,0
22203,1
22204,5
22205,1
22206,2
22207,7
22208,8
22209,6
22210,1
22211,3
22212,0
22213,6
22214,5
22215,0
22216,6
22217,7
22218,0
22219,3
22220,4
22221,8
22222,9
22223,1
22224,0
22225,3
22226,8
22227,1
22228,2
22229,6
22230,3
22231,0
22232,6
22233,7
22234,7
22235,2
22236,4
22237,7
22238,8
22239,2
22240,6
22241,9
22242,0
22243,7
22244,8
22245,6
22246,3
22247,9
22248,1
22249,9
22250,0
22251,9
22252,0
22253,6
22254,9
22255,4
22256,0
22257,5
22258,2
22259,5
22260,4
22261,1
22262,3
22263,8
22264,4
22265,9
22266,1
22267,0
22268,0
22269,8
22270,0
22271,6
22272,3
22273,2
22274,9
22275,5
22276,1
22277,0
22278,7
22279,3
22280,7
22281,3
22282,3
22283,9
22284,3
22285,8
22286,4
22287,7
22288,9
22289,5
22290,3
22291,2
22292,6
22293,3
22294,8
22295,2
22296,3
22297,4
22298,0
22299,2
22300,9
22301,1
22302,7
22303,9
22304,2
22305,5
22306,1
22307,7
22308,4
22309,6
22310,6
22311,0
22312,2
22313,3
22314,2
22315,1
22316,6
22317,8
22318,9
22319,7
22320,0
22321,4
22322,9
22323,2
22324,6
22325,2
22326,0
22327,1
22328,7
22329,8
22330,6
22331,7
22332,9
22333,8
22334,9
22335,2
22336,8
22337,5
22338,3
22339,5
22340,8
22341,0
22342,3
22343,9
22344,0
22345,6
22346,2
22347,2
22348,1
22349,3
22350,3
22351,8
22352,8
22353,7
22354,4
22355,8
22356,7
22357,8
22358,1
22359,3
22360,9
22361,4
22362,7
22363,9
22364,7
22365,8
22366,2
22367,2
22368,5
22369,2
22370,4
22371,5
22372,5
22373,8
22374,9
22375,7
22376,9
22377,6
22378,7
22379,4
22380,8
22381,4
22382,0
22383,7
22384,6
22385,4
22386,1
22387,6
22388,0
22389,3
22390,3
22391,6
22392,6
22393,5
22394,1
22395,3
22396,0
22397,8
22398,1
22399,0
22400,4
22401,3
22402,4
22403,2
22404,1
22405,6
22406,3
22407,2
22408,9
22409,0
22410,3
22411,0
22412,3
22413,1
22414,2
22415,7
22416,7
22417,1
22418,3
22419,6
22420,7
22421,8
22422,7
22423,4
22424,7
22425,3
22426,2
22427,4
22428,8
22429,5
22430,3
22431,7
22432,1
22433,6
22434,7
22435,2
22436,7
22437,1
22438,7
22439,8
22440,0
22441,2
22442,8
22443,1
22444,1
22445,0
22446,1
22447,7
22448,3
22449,3
22450,1
22451,7
22452,3
22453,7
22454,1
22455,5
22456,9
22457,8
22458,1
22459,6
22460,8
22461,6
22462,5
22463,2
22464,0
22465,5
22466,6
22467,4
22468,9
22469,7
22470,1
22471,0
22472,4
22473,5
22474,3
22475,2
22476,2
22477,6
22478,0
22479,0
22480,8
22481,9
22482,1
22483,4
22484,7
22485,7
22486,8
22487,2
22488,7
22489,4
22490,6
22491,7
22492,3
22493,7
22494,2
22495,7
22496,0
22497,5
22498,1
22499,2
22500,2
22501,9
22502,5
22503,3
22504,9
22505,8
22506,2
22507,7
22508,1
22509,2
22510,9
22511,4
22512,9
22513,9
22514,8
22515,4
22516,3
22517,4
22518,9
22519,9
22520,7
22521,1
22522,4
22523,7
22524,5
22525,1
22526,2
22527,0
22528,1
22529,1
22530,1
22531,8
22532,9
22533,1
22534,1
22535,4
22536,6
22537,7
22538,6
22539,8
22540,8
22541,6
22542,7
22543,7
22544,3
22545,1
22546,3
22547,3
22548,7
22549,2
22550,9
22551,0
22552,4
22553,1
22554,5
22555,7
22556,6
22557,2
22558,2
22559,0
22560,9
22561,2
22562,4
22563,7
22564,7
22565,5
22566,5
22567,5
22568,4
22569,1
22570,7
22571,4
22572,2
22573,3
22574,2
22575,4
22576,5
22577,7
22578,3
22579,3
22580,2
22581,3
22582,3
22583,7
22584,0
22585,0
22586,0
22587,4
22588,9
22589,3
22590,1
22591,8
22592,9
22593,5
22594,2
22595,1
22596,7
22597,3
22598,5
22599,3
22600,0
22601,8
22602,9
22603,5
22604,1
22605,1
22606,9
22607,9
22608,7
22609,6
22610,8
22611,5
22612,7
22613,4
22614,3
22615,8
22616,0
22617,2
22618,9
22619,2
22620,2
22621,2
22622,2
22623,4
22624,4
22625,8
22626,8
22627,1
22628,1
22629,7
22630,3
22631,7
22632,0
22633,1
22634,4
22635,7
22636,1
22637,7
22638,3
22639,0
22640,7
22641,9
22642,2
22643,1
22644,7
22645,3
22646,2
22647,0
22648,1
22649,5
22650,9
22651,2
22652,1
22653,2
22654,6
22655,8
22656,7
22657,9
22658,8
22659,7
22660,5
22661,5
22662,7
22663,8
22664,8
22665,6
22666,1
22667,8
22668,0
22669,5
22670,9
22671,5
22672,3
22673,7
22674,0
22675,1
22676,3
22677,5
22678,4
22679,5
22680,8
22681,4
22682,8
22683,6
22684,3
22685,0
22686,3
22687,3
22688,3
22689,1
22690,4
22691,1
22692,9
22693,4
22694,6
22695,4
22696,6
22697,1
22698,8
22699,6
22700,1
22701,9
22702,9
22703,2
22704,0
22705,3
22706,7
22707,5
22708,0
22709,3
22710,2
22711,9
22712,4
22713,9
22714,0
22715,6
22716,7
22717,4
22718,3
22719,6
22720,7
22721,1
22722,8
22723,3
22724,0
22725,8
22726,2
22727,0
22728,6
22729,7
22730,1
22731,8
22732,0
22733,9
22734,4
22735,4
22736,7
22737,7
22738,9
22739,4
22740,1
22741,4
22742,7
22743,6
22744,4
22745,2
22746,0
22747,0
22748,5
22749,7
22750,3
22751,1
22752,0
22753,4
22754,7
22755,8
22756,2
22757,2
22758,7
22759,6
22760,8
22761,3
22762,6
22763,2
22764,9
22765,2
22766,9
22767,0
22768,1
22769,2
22770,7
22771,3
22772,0
22773,8
22774,7
22775,3
22776,0
22777,1
22778,8
22779,7
22780,4
22781,1
22782,7
22783,1
22784,0
22785,9
22786,7
22787,2
22788,8
22789,2
22790,8
22791,0
22792,9
22793,3
22794,3
22795,1
22796,0
22797,1
22798,4
22799,1
22800,6
22801,0
22802,2
22803,1
22804,9
22805,4
22806,1
22807,6
22808,0
22809,0
22810,3
22811,7
22812,6
22813,9
22814,7
22815,6
22816,3
22817,7
22818,3
22819,4
22820,3
22821,1
22822,7
22823,1
22824,5
22825,3
22826,7
22827,0
22828,3
22829,5
22830,3
22831,4
22832,6
22833,9
22834,6
22835,0
22836,1
22837,9
22838,5
22839,8
22840,7
22841,9
22842,9
22843,8
22844,9
22845,8
22846,4
22847,9
22848,8
22849,0
22850,0
22851,1
22852,3
22853,2
22854,0
22855,4
22856,8
22857,5
22858,8
22859,5
22860,2
22861,3
22862,4
22863,2
22864,2
22865,7
22866,1
22867,9
22868,3
22869,3
22870,0
22871,3
22872,9
22873,0
22874,9
22875,6
22876,7
22877,4
22878,0
22879,3
22880,5
22881,7
22882,9
22883,4
22884,9
22885,8
22886,2
22887,4
22888,9
22889,6
22890,4
22891,5
22892,3
22893,5
22894,3
22895,9
22896,4
22897,5
22898,6
22899,3
22900,2
22901,7
22902,7
22903,6
22904,1
22905,1
22906,1
22907,2
22908,7
22909,2
22910,6
22911,2
22912,4
22913,6
22914,2
22915,4
22916,1
22917,5
22918,9
22919,7
22920,7
22921,9
22922,2
22923,9
22924,0
22925,5
22926,5
22927,7
22928,6
22929,2
22930,9
22931,3
22932,9
22933,6
22934,0
22935,6
22936,6
22937,9
22938,7
22939,0
22940,9
22941,3
22942,7
22943,2
22944,2
22945,1
22946,0
22947,0
22948,7
22949,7
22950,8
22951,1
22952,2
22953,6
22954,5
22955,5
22956,2
22957,2
22958,3
22959,2
22960,8
22961,1
22962,0
22963,1
22964,1
22965,6
22966,7
22967,7
22968,6
22969,2
22970,2
22971,7
22972,9
22973,1
22974,4
22975,3
22976,9
22977,8
22978,2
22979,7
22980,2
22981,2
22982,9
22983,1
22984,1
22985,1
22986,0
22987,5
22988,9
22989,1
22990,8
22991,1
22992,4
22993,5
22994,5
22995,1
22996,0
22997,0
22998,2
22999,7
23000,1
23001,6
23002,9
23003,2
23004,0
23005,3
23006,7
23007,4
23008,4
23009,1
23010,2
23011,0
23012,7
23013,4
23014,6
23015,0
23016,0
23017,6
23018,9
23019,1
23020,7
23021,1
23022,6
23023,7
23024,3
23025,6
23026,8
23027,6
23028,5
23029,0
23030,9
23031,1
23032,2
23033,2
23034,6
23035,6
23036,2
23037,5
23038,7
23039,5
23040,4
23041,9
23042,0
23043,1
23044,6
23045,1
23046,1
23047,7
23048,8
23049,2
23050,1
23051,2
23052,9
23053,6
23054,3
23055,7
23056,8
23057,3
23058,8
23059,4
23060,1
23061,6
23062,8
23063,7
23064,6
23065,8
23066,1
23067,9
23068,7
23069,0
23070,9
23071,7
23072,1
23073,2
23074,0
23075,4
23076,6
23077,4
23078,5
23079,3
23080,0
23081,3
23082,5
23083,5
23084,5
23085,9
23086,2
23087,4
23088,2
23089,1
23090,4
23091,6
23092,8
23093,1
23094,5
23095,8
23096,7
23097,2
23098,9
23099,9
23100,9
23101,8
23102,9
23103,4
23104,0
23105,8
23106,5
23107,0
23108,7
23109,7
23110,7
23111,4
23112,9
23113,5
23114,4
23115,4
23116,6
23117,3
23118,4
23119,4
23120,6
23121,6
23122,4
23123,1
23124,0
23125,3
23126,8
23127,6
23128,2
23129,1
23130,5
23131,5
23132,1
23133,5
23134,7
23135,1
23136,8
23137,6
23138,1
23139,0
23140,1
23141,2
23142,1
23143,0
23144,7
23145,3
23146,4
23147,3
23148,4
23149,9
23150,7
23151,1
23152,9
23153,6
23154,8
23155,7
23156,4
23157,6
23158,0
23159,9
23160,4
23161,1
23162,8
23163,2
23164,5
23165,2
23166,3
23167,6
23168,6
23169,7
23170,7
23171,1
23172,6
23173,2
23174,3
23175,8
23176,3
23177,0
23178,8
23179,3
23180,2
23181,2
23182,3
23183,1
23184,7
23185,5
23186,6
23187,1
23188,1
23189,7
23190,6
23191,4
23192,2
23193,6
23194,5
23195,5
23196,8
23197,3
23198,3
23199,4
23200,7
23201,6
23202,1
23203,7
23204,7
23205,6
23206,6
23207,7
23208,1
23209,6
23210,9
23211,9
23212,0
23213,8
23214,6
23215,5
23216,5
23217,2
23218,2
23219,2
23220,7
23221,7
23222,1
23223,4
23224,9
23225,0
23226,8
23227,6
23228,8
23229,2
23230,6
23231,9
23232,4
23233,2
23234,6
23235,6
23236,2
23237,0
23238,2
23239,4
23240,7
23241,8
23242,7
23243,9
23244,5
23245,0
23246,7
23247,0
23248,4
23249,3
23250,6
23251,6
23252,3
23253,5
23254,4
23255,9
23256,1
23257,3
23258,2
23259,0
23260,4
23261,3
23262,5
23263,2
23264,3
23265,9
23266,1
23267,0
23268,8
23269,4
23270,0
23271,0
23272,5
23273,6
23274,1
23275,7
23276,6
23277,9
23278,0
23279,1
23280,4
23281,2
23282,7
23283,4
23284,3
23285,6
23286,6
23287,1
23288,5
23289,4
23290,5
23291,6
23292,5
23293,6
23294,2
23295,0
23296,8
23297,3
23298,0
23299,3
23300,4
23301,2
23302,3
23303,0
23304,8
23305,6
23306,1
23307,4
23308,0
23309,3
23310,1
23311,4
23312,2
23313,4
23314,8
23315,5
23316,5
23317,0
23318,1
23319,5
23320,1
23321,1
23322,1
23323,1
23324,6
23325,8
23326,0
23327,2
23328,2
23329,2
23330,4
23331,1
23332,7
23333,2
23334,9
23335,1
23336,3
23337,2
23338,3
23339,7
23340,0
23341,4
23342,4
23343,7
23344,2
23345,7
23346,6
23347,8
23348,6
23349,4
23350,5
23351,7
23352,7
23353,6
23354,2
23355,5
23356,8
23357,8
23358,2
23359,8
23360,0
23361,8
23362,4
23363,9
23364,9
23365,2
23366,9
23367,9
23368,2
23369,6
23370,6
23371,2
23372,6
23373,0
23374,9
23375,5
23376,5
23377,4
23378,3
23379,0
23380,3
23381,1
23382,1
23383,2
23384,8
23385,4
23386,3
23387,3
23388,0
23389,1
23390,4
23391,7
23392,0
23393,0
23394,8
23395,9
23396,0
23397,3
23398,6
23399,0
23400,1
23401,2
23402,1
23403,4
23404,3
23405,7
23406,2
23407,3
23408,8
23409,6
23410,2
23411,6
23412,0
23413,7
23414,8
23415,9
23416,8
23417,4
23418,3
23419,4
23420,1
23421,7
23422,3
23423,1
23424,1
23425,9
23426,1
23427,9
23428,0
23429,0
23430,4
23431,2
23432,7
23433,7
23434,1
23435,3
23436,1
23437,3
23438,4
23439,2
23440,0
23441,8
23442,4
23443,1
23444,3
23445,5
23446,2
23447,8
23448,7
23449,0
23450,0
23451,9
23452,3
23453,2
23454,7
23455,9
23456,6
23457,5
23458,9
23459,8
23460,0
23461,4
23462,5
23463,5
23464,1
23465,9
23466,8
23467,8
23468,1
23469,0
23470,9
23471,6
23472,2
23473,6
23474,9
23475,1
23476,2
23477,1
23478,0
23479,6
23480,8
23481,0
23482,6
23483,6
23484,8
23485,3
23486,5
23487,8
23488,6
23489,4
23490,6
23491,8
23492,5
23493,0
23494,2
23495,3
23496,5
23497,7
23498,0
23499,7
23500,9
23501,1
23502,0
23503,3
23504,4
23505,0
23506,2
23507,2
23508,6
23509,8
23510,3
23511,3
23512,4
23513,0
23514,8
23515,6
23516,9
23517,3
23518,3
23519,3
23520,7
23521,9
23522,2
23523,3
23524,2
23525,4
23526,6
23527,3
23528,3
23529,1
23530,5
23531,6
23532,5
23533,2
23534,1
23535,7
23536,6
23537,8
23538,8
23539,6
23540,9
23541,6
23542,3
23543,2
23544,1
23545,2
23546,4
23547,7
23548,8
23549,7
23550,8
23551,4
23552,1
23553,9
23554,0
23555,6
23556,2
23557,9
23558,5
23559,9
23560,8
23561,0
23562,5
23563,9
23564,7
23565,5
23566,4
23567,0
23568,2
23569,3
23570,8
23571,9
23572,6
23573,8
23574,2
23575,0
23576,1
23577,8
23578,6
23579,4
23580,2
23581,4
23582,7
23583,6
23584,1
23585,2
23586,8
23587,4
23588,2
23589,2
23590,0
23591,3
23592,4
23593,9
23594,6
23595,5
23596,8
23597,3
23598,5
23599,4
23600,8
23601,2
23602,8
23603,6
23604,0
23605,3
23606,0
23607,9
23608,0
23609,1
23610,6
23611,9
23612,6
23613,1
23614,0
23615,4
23616,7
23617,5
23618,4
23619,1
23620,0
23621,3
23622,0
23623,2
23624,3
23625,1
23626,7
23627,8
23628,1
23629,7
23630,0
23631,0
23632,1
23633,8
23634,7
23635,1
23636,2
23637,9
23638,5
23639,5
23640,7
23641,2
23642,0
23643,7
23644,9
23645,6
23646,8
23647,6
23648,7
23649,6
23650,9
23651,8
23652,8
23653,9
23654,3
23655,2
23656,1
23657,1
23658,9
23659,8
23660,2
23661,4
23662,0
23663,2
23664,7
23665,8
23666,2
23667,5
23668,7
23669,6
23670,6
23671,9
23672,4
23673,4
23674,5
23675,2
23676,9
23677,4
23678,1
23679,3
23680,3
23681,8
23682,0
23683,1
23684,2
23685,1
23686,6
23687,8
23688,0
23689,9
23690,0
23691,5
23692,0
23693,6
23694,5
23695,4
23696,0
23697,6
23698,6
23699,1
23700,3
23701,5
23702,3
23703,6
23704,8
23705,5
23706,3
23707,3
23708,9
23709,0
23710,9
23711,8
23712,5
23713,5
23714,4
23715,0
23716,5
23717,9
23718,1
23719,9
23720,4
23721,7
23722,0
23723,1
23724,7
23725,5
23726,1
23727,1
23728,6
23729,9
23730,0
23731,8
23732,3
23733,2
23734,8
23735,3
23736,4
23737,8
23738,9
23739,0
23740,9
23741,0
23742,9
23743,2
23744,4
23745,0
23746,7
23747,0
23748,4
23749,1
23750,8
23751,8
23752,6
23753,7
23754,3
23755,7
23756,7
23757,3
23758,8
23759,0
23760,7
23761,6
23762,6
23763,4
23764,1
23765,6
23766,9
23767,8
23768,5
23769,5
23770,7
23771,9
23772,3
23773,7
23774,1
23775,7
23776,3
23777,4
23778,3
23779,8
23780,3
23781,9
23782,2
23783,9
23784,9
23785,1
23786,4
23787,8
23788,6
23789,0
23790,7
23791,1
23792,4
23793,9
23794,4
23795,6
23796,6
23797,2
23798,7
23799,9
23800,2
23801,9
23802,5
23803,8
23804,4
23805,1
23806,0
23807,6
23808,7
23809,2
23810,0
23811,1
23812,3
23813,9
23814,7
23815,2
23816,1
23817,3
23818,3
23819,8
23820,5
23821,2
23822,9
23823,0
23824,9
23825,0
23826,6
23827,7
23828,0
23829,1
23830,5
23831,1
23832,5
23833,3
23834,8
23835,8
23836,5
23837,8
23838,6
23839,0
23840,9
23841,0
23842,1
23843,8
23844,7
23845,2
23846,7
23847,4
23848,5
23849,5
23850,7
23851,4
23852,8
23853,0
23854,5
23855,1
23856,9
23857,8
23858,1
23859,7
23860,2
23861,8
23862,5
23863,9
23864,8
23865,0
23866,6
23867,0
23868,5
23869,9
23870,9
23871,8
23872,6
23873,1
23874,6
23875,1
23876,8
23877,9
23878,0
23879,6
23880,4
23881,1
23882,3
23883,1
23884,5
23885,0
23886,3
23887,3
23888,8
23889,9
23890,7
23891,4
23892,0
23893,2
23894,1
23895,6
23896,4
23897,4
23898,1
23899,5
23900,9
23901,9
23902,5
23903,2
23904,8
23905,8
23906,5
23907,9
23908,3
23909,8
23910,0
23911,9
23912,3
23913,7
23914,2
23915,3
23916,4
23917,0
23918,9
23919,3
23920,2
23921,6
23922,6
23923,7
23924,1
23925,7
23926,5
23927,7
23928,8
23929,8
23930,7
23931,1
23932,1
23933,6
23934,7
23935,2
23936,3
23937,2
23938,6
23939,7
23940,8
23941,1
23942,2
23943,7
23944,8
23945,6
23946,2
23947,2
23948,4
23949,8
23950,8
23951,7
23952,9
23953,6
23954,8
23955,2
23956,9
23957,5
23958,0
23959,1
23960,5
23961,3
23962,9
23963,2
23964,5
23965,0
23966,7
23967,0
23968,9
23969,1
23970,1
23971,2
23972,2
23973,5
23974,4
23975,8
23976,7
23977,5
23978,5
23979,7
23980,2
23981,8
23982,3
23983,0
23984,5
23985,0
23986,4
23987,8
23988,2
23989,9
23990,1
23991,2
23992,6
23993,9
23994,0
23995,0
23996,1
23997,7
23998,9
23999,8
24000,7
24001,8
24002,8
24003,5
24004,2
24005,0
24006,3
24007,4
24008,8
24009,9
24010,8
24011,5
24012,2
24013,6
24014,8
24015,1
24016,4
24017,5
24018,2
24019,3
24020,5
24021,3
24022,9
24023,4
24024,7
24025,6
24026,5
24027,0
24028,1
24029,2
24030,1
24031,1
24032,1
24033,9
24034,5
24035,8
24036,4
24037,2
24038,5
24039,0
24040,9
24041,9
24042,9
24043,3
24044,4
24045,0
24046,8
24047,3
24048,6
24049,9
24050,3
24051,0
24052,6
24053,9
24054,4
24055,4
24056,9
24057,0
24058,0
24059,7
24060,9
24061,5
24062,6
24063,8
24064,5
24065,1
24066,4
24067,0
24068,3
24069,5
24070,8
24071,3
24072,1
24073,9
24074,6
24075,8
24076,3
24077,9
24078,8
24079,8
24080,8
24081,4
24082,5
24083,1
24084,3
24085,1
24086,9
24087,2
24088,7
24089,7
24090,3
24091,6
24092,6
24093,7
24094,0
24095,8
24096,8
24097,0
24098,1
24099,1
24100,7
24101,3
24102,1
24103,2
24104,8
24105,1
24106,1
24107,2
24108,8
24109,3
24110,6
24111,1
24112,5
24113,8
24114,2
24115,3
24116,6
24117,8
24118,3
24119,8
24120,6
24121,9
24122,9
24123,9
24124,7
24125,2
24126,5
24127,1
24128,1
24129,4
24130,1
24131,7
24132,1
24133,6
24134,3
24135,4
24136,1
24137,9
24138,2
24139,7
24140,1
24141,2
24142,0
24143,6
24144,2
24145,2
24146,2
24147,7
24148,4
24149,7
24150,6
24151,6
24152,6
24153,1
24154,7
24155,8
24156,3
24157,2
24158,4
24159,0
24160,5
24161,7
24162,1
24163,8
24164,5
24165,1
24166,6
24167,9
24168,5
24169,9
24170,0
24171,5
24172,6
24173,8
24174,2
24175,4
24176,7
24177,9
24178,9
24179,5
24180,9
24181,4
24182,3
24183,2
24184,0
24185,8
24186,7
24187,0
24188,5
24189,3
24190,1
24191,2
24192,6
24193,4
24194,7
24195,5
24196,0
24197,1
24198,0
24199,6
24200,4
24201,2
24202,5
24203,7
24204,0
24205,6
24206,3
24207,0
24208,7
24209,2
24210,8
24211,5
24212,3
24213,3
24214,3
24215,1
24216,7
24217,1
24218,8
24219,2
24220,8
24221,1
24222,3
24223,5
24224,0
24225,1
24226,8
24227,9
24228,2
24229,0
24230,7
24231,6
24232,8
24233,6
24234,9
24235,1
24236,1
24237,5
24238,9
24239,1
24240,3
24241,8
24242,4
24243,7
24244,9
24245,1
24246,8
24247,8
24248,1
24249,8
24250,7
24251,1
24252,1
24253,9
24254,1
24255,9
24256,7
24257,2
24258,2
24259,4
24260,9
24261,8
24262,3
24263,3
24264,2
24265,9
24266,7
24267,0
24268,1
24269,3
24270,2
24271,5
24272,9
24273,6
24274,7
24275,0
24276,2
24277,0
24278,7
24279,1
24280,9
24281,5
24282,2
24283,6
24284,2
24285,2
24286,4
24287,9
24288,5
24289,5
24290,7
24291,0
24292,1
24293,3
24294,8
24295,0
24296,2
24297,5
24298,3
24299,2
24300,6
24301,6
24302,0
24303,4
24304,5
24305,1
24306,4
24307,7
24308,7
24309,6
24310,1
24311,6
24312,5
24313,3
24314,5
24315,4
24316,3
24317,5
24318,3
24319,5
24320,1
24321,7
24322,0
24323,5
24324,8
24325,9
24326,0
24327,3
24328,1
24329,4
24330,0
24331,2
24332,3
24333,6
24334,6
24335,0
24336,7
24337,4
24338,6
24339,2
24340,7
24341,7
24342,1
24343,5
24344,5
24345,9
24346,5
24347,7
24348,4
24349,8
24350,1
24351,3
24352,2
24353,8
24354,5
24355,8
24356,6
24357,8
24358,8
24359,3
24360,7
24361,1
24362,1
24363,9
24364,4
24365,6
24366,8
24367,6
24368,7
24369,1
24370,3
24371,1
24372,9
24373,1
24374,7
24375,3
24376,2
24377,0
24378,3
24379,5
24380,7
24381,5
24382,2
24383,5
24384,7
24385,8
24386,4
24387,4
24388,4
24389,3
24390,1
24391,3
24392,6
24393,4
24394,9
24395,7
24396,1
24397,7
24398,3
24399,1
24400,4
24401,2
24402,1
24403,8
24404,4
24405,4
24406,0
24407,7
24408,2
24409,0
24410,6
24411,6
24412,0
24413,3
24414,4
24415,8
24416,0
24417,6
24418,3
24419,1
24420,6
24421,8
24422,4
24423,3
24424,2
24425,8
24426,6
24427,2
24428,8
24429,0
24430,2
24431,8
24432,6
24433,9
24434,8
24435,7
24436,0
24437,5
24438,5
24439,5
24440,4
24441,6
24442,4
24443,6
24444,2
24445,7
24446,4
24447,8
24448,4
24449,1
24450,5
24451,0
24452,5
24453,8
24454,1
24455,3
24456,6
24457,3
24458,9
24459,3
24460,7
24461,1
24462,9
24463,5
24464,2
24465,1
24466,8
24467,9
24468,8
24469,1
24470,1
24471,7
24472,6
24473,2
24474,5
24475,8
24476,0
24477,3
24478,9
24479,3
24480,4
24481,1
24482,0
24483,1
24484,2
24485,3
24486,2
24487,3
24488,4
24489,7
24490,0
24491,7
24492,6
24493,0
24494,3
24495,8
24496,0
24497,4
24498,0
24499,3
24500,9
24501,3
24502,7
24503,4
24504,8
24505,2
24506,5
24507,3
24508,3
24509,1
24510,7
24511,0
24512,9
24513,3
24514,8
24515,9
24516,6
24517,1
24518,3
24519,6
24520,5
24521,4
24522,7
24523,7
24524,1
24525,1
24526,4
24527,3
24528,7
24529,0
24530,9
24531,1
24532,4
24533,8
24534,5
24535,7
24536,9
24537,8
24538,7
24539,1
24540,5
24541,5
24542,1
24543,0
24544,6
24545,0
24546,3
24547,3
24548,5
24549,6
24550,0
24551,9
24552,4
24553,7
24554,5
24555,2
24556,4
24557,9
24558,4
24559,7
24560,0
24561,4
24562,4
24563,5
24564,8
24565,6
24566,8
24567,5
24568,8
24569,6
24570,6
24571,4
24572,3
24573,9
24574,1
24575,0
24576,2
24577,0
24578,5
24579,6
24580,2
24581,1
24582,2
24583,0
24584,5
24585,9
24586,3
24587,7
24588,7
24589,0
24590,3
24591,5
24592,1
24593,5
24594,5
24595,5
24596,2
24597,0
24598,8
24599,7
24600,8
24601,2
24602,9
24603,1
24604,6
24605,0
24606,9
24607,6
24608,3
24609,9
24610,7
24611,4
24612,7
24613,4
24614,0
24615,2
24616,0
24617,3
24618,7
24619,9
24620,8
24621,7
24622,9
24623,2
24624,8
24625,2
24626,3
24627,2
24628,8
24629,0
24630,9
24631,7
24632,7
24633,4
24634,2
24635,2
24636,2
24637,6
24638,5
24639,3
24640,7
24641,2
24642,2
24643,3
24644,3
24645,2
24646,9
24647,5
24648,1
24649,6
24650,3
24651,7
24652,9
24653,3
24654,3
24655,6
24656,7
24657,9
24658,3
24659,6
24660,7
24661,3
24662,5
24663,3
24664,0
24665,5
24666,3
24667,3
24668,5
24669,9
24670,9
24671,6
24672,3
24673,8
24674,8
24675,2
24676,5
24677,2
24678,5
24679,5
24680,8
24681,2
24682,1
24683,3
24684,9
24685,2
24686,8
24687,0
24688,0
24689,3
24690,0
24691,9
24692,6
24693,5
24694,9
24695,4
24696,6
24697,1
24698,6
24699,7
24700,7
24701,8
24702,8
24703,4
24704,9
24705,9
24706,2
24707,7
24708,6
24709,6
24710,9
24711,5
24712,1
24713,7
24714,9
24715,3
24716,0
24717,6
24718,4
24719,1
24720,3
24721,5
24722,6
24723,0
24724,3
24725,3
24726,2
24727,5
24728,4
24729,4
24730,0
24731,4
24732,7
24733,1
24734,8
24735,2
24736,0
24737,2
24738,6
24739,3
24740,0
24741,6
24742,5
24743,7
24744,2
24745,8
24746,8
24747,1
24748,0
24749,4
24750,1
24751,4
24752,8
24753,6
24754,6
24755,0
24756,0
24757,6
24758,1
24759,1
24760,9
24761,5
24762,0
24763,4
24764,3
24765,1
24766,0
24767,6
24768,3
24769,6
24770,8
24771,4
24772,0
24773,8
24774,9
24775,5
24776,0
24777,8
24778,5
24779,2
24780,6
24781,0
24782,3
24783,7
24784,4
24785,9
24786,8
24787,8
24788,3
24789,1
24790,1
24791,1
24792,8
24793,5
24794,0
24795,9
24796,3
24797,0
24798,2
24799,2
24800,7
24801,7
24802,6
24803,5
24804,5
24805,0
24806,1
24807,1
24808,1
24809,7
24810,3
24811,1
24812,6
24813,2
24814,7
24815,5
24816,0
24817,4
24818,5
24819,6
24820,6
24821,7
24822,4
24823,5
24824,6
24825,3
24826,1
24827,3
24828,1
24829,8
24830,0
24831,2
24832,2
24833,1
24834,4
24835,3
24836,1
24837,2
24838,5
24839,9
24840,6
24841,6
24842,1
24843,2
24844,6
24845,4
24846,1
24847,1
24848,9
24849,1
24850,0
24851,2
24852,8
24853,8
24854,5
24855,1
24856,9
24857,8
24858,1
24859,9
24860,6
24861,7
24862,7
24863,7
24864,5
24865,6
24866,7
24867,8
24868,1
24869,9
24870,1
24871,1
24872,0
24873,6
24874,7
24875,4
24876,0
24877,8
24878,3
24879,9
24880,4
24881,7
24882,8
24883,9
24884,3
24885,7
24886,8
24887,2
24888,6
24889,2
24890,3
24891,7
24892,5
24893,4
24894,1
24895,3
24896,4
24897,2
24898,2
24899,5
24900,4
24901,3
24902,7
24903,4
24904,6
24905,0
24906,9
24907,3
24908,5
24909,4
24910,9
24911,1
24912,5
24913,4
24914,1
24915,9
24916,3
24917,8
24918,7
24919,8
24920,5
24921,2
24922,4
24923,4
24924,0
24925,8
24926,0
24927,3
24928,8
24929,0
24930,6
24931,2
24932,1
24933,7
24934,4
24935,7
24936,0
24937,3
24938,4
24939,0
24940,2
24941,8
24942,7
24943,4
24944,1
24945,0
24946,4
24947,7
24948,3
24949,0
24950,6
24951,5
24952,2
24953,0
24954,0
24955,1
24956,8
24957,6
24958,8
24959,0
24960,6
24961,2
24962,3
24963,3
24964,1
24965,0
24966,7
24967,9
24968,6
24969,7
24970,2
24971,1
24972,9
24973,2
24974,4
24975,1
24976,9
24977,7
24978,3
24979,4
24980,7
24981,0
24982,8
24983,0
24984,4
24985,1
24986,1
24987,4
24988,0
24989,6
24990,5
24991,0
24992,2
24993,8
24994,4
24995,3
24996,4
24997,9
24998,6
24999,6
25000,7
25001,6
25002,9
25003,7
25004,4
25005,4
25006,0
25007,0
25008,3
25009,4
25010,2
25011,6
25012,9
25013,9
25014,5
25015,9
25016,4
25017,6
25018,6
25019,8
25020,0
25021,0
25022,1
25023,2
25024,0
25025,1
25026,4
25027,5
25028,5
25029,6
25030,9
25031,1
25032,4
25033,3
25034,4
25035,0
25036,6
25037,4
25038,4
25039,3
25040,7
25041,8
25042,5
25043,5
25044,4
25045,6
25046,4
25047,7
25048,5
25049,7
25050,1
25051,4
25052,5
25053,5
25054,2
25055,6
25056,8
25057,2
25058,9
25059,7
25060,5
25061,1
25062,8
25063,3
25064,6
25065,0
25066,2
25067,8
25068,6
25069,5
25070,5
25071,5
25072,2
25073,6
25074,2
25075,1
25076,4
25077,0
25078,7
25079,1
25080,7
25081,6
25082,1
25083,0
25084,3
25085,7
25086,9
25087,4
25088,6
25089,0
25090,0
25091,8
25092,9
25093,6
25094,4
25095,1
25096,1
25097,5
25098,9
25099,0
25100,9
25101,2
25102,8
25103,6
25104,1
25105,5
25106,3
25107,9
25108,3
25109,9
25110,7
25111,9
25112,9
25113,2
25114,9
25115,0
25116,6
25117,4
25118,1
25119,4
25120,6
25121,7
25122,6
25123,2
25124,0
25125,4
25126,9
25127,3
25128,3
25129,7
25130,9
25131,7
25132,0
25133,6
25134,1
25135,4
25136,8
25137,1
25138,0
25139,0
25140,4
25141,1
25142,1
25143,5
25144,9
25145,1
25146,0
25147,4
25148,0
25149,9
25150,4
25151,4
25152,2
25153,5
25154,4
25155,3
25156,2
25157,6
25158,3
25159,0
25160,2
25161,7
25162,3
25163,8
25164,8
25165,9
25166,0
25167,6
25168,4
25169,3
25170,6
25171,0
25172,4
25173,0
25174,2
25175,1
25176,9
25177,4
25178,0
25179,3
25180,8
25181,9
25182,9
25183,0
25184,6
25185,3
25186,0
25187,5
25188,1
25189,9
25190,1
25191,9
25192,6
25193,3
25194,0
25195,7
25196,8
25197,3
25198,1
25199,2
25200,6
25201,5
25202,8
25203,8
25204,3
25205,3
25206,4
25207,0
25208,3
25209,5
25210,7
25211,3
25212,1
25213,6
25214,7
25215,7
25216,0
25217,0
25218,8
25219,8
25220,9
25221,8
25222,1
25223,0
25224,7
25225,5
25226,5
25227,8
25228,5
25229,3
25230,0
25231,8
25232,0
25233,6
25234,8
25235,6
25236,1
25237,1
25238,0
25239,6
25240,3
25241,7
25242,7
25243,1
25244,0
25245,0
25246,1
25247,7
25248,7
25249,6
25250,4
25251,8
25252,9
25253,2
25254,1
25255,0
25256,0
25257,1
25258,9
25259,3
25260,4
25261,6
25262,0
25263,1
25264,7
25265,8
25266,9
25267,6
25268,1
25269,7
25270,9
25271,8
25272,9
25273,2
25274,2
25275,5
25276,8
25277,4
25278,3
25279,8
25280,3
25281,7
25282,4
25283,4
25284,8
25285,7
25286,0
25287,8
25288,3
25289,8
25290,9
25291,9
25292,8
25293,2
25294,6
25295,4
25296,9
25297,9
25298,1
25299,5
25300,0
25301,5
25302,7
25303,9
25304,5
25305,2
25306,9
25307,2
25308,4
25309,7
25310,4
25311,4
25312,5
25313,5
25314,2
25315,8
25316,3
25317,1
25318,2
25319,6
25320,4
25321,1
25322,7
25323,6
25324,4
25325,5
25326,0
25327,5
25328,6
25329,4
25330,6
25331,1
25332,6
25333,8
25334,8
25335,8
25336,9
25337,4
25338,0
25339,7
25340,1
25341,2
25342,0
25343,5
25344,7
25345,1
25346,1
25347,0
25348,5
25349,6
25350,3
25351,5
25352,8
25353,6
25354,0
25355,8
25356,0
25357,5
25358,1
25359,1
25360,7
25361,2
25362,5
25363,4
25364,1
25365,9
25366,1
25367,4
25368,9
25369,1
25370,4
25371,4
25372,9
25373,0
25374,0
25375,7
25376,3
25377,3
25378,9
25379,2
25380,0
25381,7
25382,8
25383,6
25384,6
25385,5
25386,4
25387,5
25388,3
25389,8
25390,9
25391,1
25392,4
25393,2
25394,2
25395,9
25396,9
25397,7
25398,7
25399,1
25400,8
25401,0
25402,5
25403,0
25404,2
25405,8
25406,5
25407,2
25408,9
25409,1
25410,2
25411,6
25412,5
25413,9
25414,6
25415,1
25416,6
25417,2
25418,8
25419,2
25420,8
25421,1
25422,8
25423,0
25424,6
25425,6
25426,2
25427,8
25428,8
25429,7
25430,3
25431,9
25432,4
25433,3
25434,7
25435,8
25436,0
25437,0
25438,7
25439,1
25440,9
25441,7
25442,0
25443,2
25444,9
25445,8
25446,6
25447,0
25448,4
25449,9
25450,6
25451,9
25452,5
25453,5
25454,6
25455,6
25456,2
25457,5
25458,8
25459,9
25460,8
25461,3
25462,6
25463,6
25464,1
25465,5
25466,6
25467,2
25468,2
25469,8
25470,9
25471,0
25472,8
25473,5
25474,1
25475,1
25476,7
25477,8
25478,0
25479,5
25480,8
25481,5
25482,4
25483,4
25484,1
25485,9
25486,0
25487,4
25488,6
25489,4
25490,1
25491,1
25492,0
25493,5
25494,5
25495,7
25496,6
25497,7
25498,2
25499,5
25500,0
25501,0
25502,6
25503,3
25504,5
25505,2
25506,3
25507,5
25508,4
25509,7
25510,6
25511,1
25512,4
25513,8
25514,8
25515,7
25516,5
25517,4
25518,0
25519,6
25520,3
25521,1
25522,1
25523,7
25524,5
25525,2
25526,3
25527,7
25528,0
25529,0
25530,7
25531,8
25532,0
25533,2
25534,3
25535,1
25536,4
25537,0
25538,1
25539,8
25540,3
25541,0
25542,7
25543,0
25544,2
25545,5
25546,0
25547,6
25548,3
25549,4
25550,7
25551,7
25552,7
25553,5
25554,1
25555,8
25556,4
25557,9
25558,4
25559,9
25560,2
25561,7
25562,6
25563,9
25564,0
25565,9
25566,4
25567,2
25568,2
25569,3
25570,7
25571,5
25572,0
25573,1
25574,0
25575,1
25576,6
25577,2
25578,5
25579,3
25580,2
25581,1
25582,6
25583,0
25584,9
25585,1
25586,1
25587,4
25588,4
25589,2
25590,6
25591,7
25592,7
25593,6
25594,3
25595,6
25596,3
25597,9
25598,8
25599,7
25600,9
25601,9
25602,1
25603,6
25604,1
25605,6
25606,9
25607,3
25608,0
25609,6
25610,1
25611,8
25612,7
25613,6
25614,1
25615,9
25616,3
25617,7
25618,2
25619,4
25620,0
25621,1
25622,7
25623,5
25624,4
25625,8
25626,8
25627,4
25628,3
25629,9
25630,7
25631,5
25632,7
25633,7
25634,9
25635,7
25636,0
25637,9
25638,7
25639,3
25640,0
25641,3
25642,8
25643,4
25644,5
25645,2
25646,0
25647,8
25648,7
25649,7
25650,9
25651,6
25652,0
25653,6
25654,5
25655,4
25656,4
25657,0
25658,9
25659,1
25660,4
25661,4
25662,2
25663,7
25664,0
25665,4
25666,4
25667,6
25668,8
25669,0
25670,1
25671,9
25672,0
25673,8
25674,1
25675,5
25676,7
25677,5
25678,3
25679,3
25680,3
25681,2
25682,6
25683,8
25684,0
25685,8
25686,2
25687,2
25688,7
25689,7
25690,1
25691,6
25692,6
25693,2
25694,6
25695,9
25696,1
25697,4
25698,2
25699,6
25700,5
25701,5
25702,1
25703,7
25704,3
25705,6
25706,9
25707,6
25708,9
25709,4
25710,9
25711,6
25712,5
25713,3
25714,2
25715,4
25716,3
25717,8
25718,6
25719,9
25720,6
25721,4
25722,6
25723,2
25724,6
25725,4
25726,7
25727,4
25728,2
25729,0
25730,4
25731,1
25732,6
25733,2
25734,9
25735,1
25736,3
25737,1
25738,1
25739,6
25740,9
25741,2
25742,7
25743,0
25744,0
25745,6
25746,4
25747,4
25748,9
25749,1
25750,9
25751,4
25752,3
25753,5
25754,2
25755,9
25756,9
25757,7
25758,3
25759,9
25760,4
25761,4
25762,9
25763,0
25764,2
25765,7
25766,1
25767,5
25768,1
25769,5
25770,4
25771,7
25772,2
25773,5
25774,1
25775,7
25776,0
25777,3
25778,2
25779,9
25780,2
25781,1
25782,2
25783,9
25784,1
25785,7
25786,0
25787,2
25788,6
25789,2
25790,3
25791,7
25792,1
25793,3
25794,4
25795,5
25796,3
25797,2
25798,9
25799,4
25800,8
25801,6
25802,0
25803,5
25804,7
25805,9
25806,5
25807,4
25808,6
25809,4
25810,4
25811,2
25812,2
25813,9
25814,4
25815,0
25816,7
25817,3
25818,1
25819,7
25820,4
25821,3
25822,4
25823,0
25824,5
25825,8
25826,3
25827,8
25828,1
25829,3
25830,1
25831,9
25832,8
25833,6
25834,7
25835,0
25836,3
25837,7
25838,5
25839,8
25840,3
25841,2
25842,5
25843,6
25844,9
25845,3
25846,7
25847,7
25848,7
25849,3
25850,2
25851,5
25852,1
25853,9
25854,0
25855,2
25856,2
25857,7
25858,9
25859,9
25860,6
25861,1
25862,4
25863,9
25864,4
25865,1
25866,8
25867,5
25868,4
25869,0
25870,3
25871,9
25872,3
25873,7
25874,9
25875,0
25876,9
25877,3
25878,2
25879,2
25880,0
25881,8
25882,9
25883,0
25884,4
25885,8
25886,7
25887,4
25888,9
25889,3
25890,1
25891,1
25892,4
25893,3
25894,5
25895,1
25896,8
25897,0
25898,9
25899,3
25900,3
25901,2
25902,2
25903,1
25904,0
25905,8
25906,1
25907,0
25908,5
25909,9
25910,3
25911,3
25912,8
25913,5
25914,7
25915,0
25916,6
25917,3
25918,7
25919,2
25920,3
25921,2
25922,1
25923,9
25924,6
25925,0
25926,1
25927,5
25928,3
25929,2
25930,9
25931,1
25932,3
25933,0
25934,1
25935,9
25936,6
25937,4
25938,5
25939,7
25940,3
25941,6
25942,8
25943,2
25944,8
25945,2
25946,7
25947,4
25948,9
25949,4
25950,6
25951,9
25952,1
25953,9
25954,3
25955,0
25956,6
25957,4
25958,4
25959,5
25960,6
25961,7
25962,6
25963,5
25964,8
25965,0
25966,4
25967,6
25968,9
25969,9
25970,7
25971,0
25972,4
25973,5
25974,8
25975,1
25976,1
25977,6
25978,1
25979,9
25980,7
25981,2
25982,4
25983,3
25984,0
25985,0
25986,7
25987,9
25988,5
25989,3
25990,4
25991,7
25992,9
25993,7
25994,3
25995,0
25996,1
25997,7
25998,9
25999,3
26000,3
26001,7
26002,0
26003,9
26004,6
26005,6
26006,8
26007,5
26008,3
26009,4
26010,9
26011,7
26012,3
26013,8
26014,5
26015,3
26016,7
26017,7
26018,0
26019,3
26020,3
26021,3
26022,0
26023,1
26024,5
26025,3
26026,1
26027,5
26028,2
26029,9
26030,4
26031,1
26032,7
26033,1
26034,3
26035,9
26036,0
26037,2
26038,2
26039,2
26040,4
26041,1
26042,8
26043,0
26044,9
26045,5
26046,8
26047,8
26048,4
26049,9
26050,0
26051,8
26052,1
26053,7
26054,6
26055,1
26056,1
26057,6
26058,3
26059,5
26060,3
26061,0
26062,9
26063,1
26064,6
26065,2
26066,4
26067,7
26068,7
26069,5
26070,3
26071,5
26072,3
26073,1
26074,7
26075,1
26076,9
26077,3
26078,1
26079,7
26080,2
26081,3
26082,1
26083,4
26084,4
26085,7
26086,9
26087,4
26088,7
26089,1
26090,4
26091,0
26092,4
26093,6
26094,0
26095,1
26096,4
26097,8
26098,5
26099,4
26100,1
26101,1
26102,4
26103,3
26104,8
26105,3
26106,0
26107,8
26108,1
26109,2
26110,3
26111,3
26112,1
26113,4
26114,2
26115,2
26116,0
26117,6
26118,2
26119,0
26120,7
26121,1
26122,4
26123,4
26124,2
26125,2
26126,9
26127,9
26128,7
26129,9
26130,1
26131,6
26132,1
26133,7
26134,3
26135,5
26136,4
26137,6
26138,0
26139,9
26140,5
26141,6
26142,7
26143,5
26144,6
26145,2
26146,1
26147,4
26148,4
26149,1
26150,4
26151,7
26152,8
26153,6
26154,0
26155,9
26156,1
26157,1
26158,9
26159,8
26160,1
26161,2
26162,4
26163,7
26164,7
26165,9
26166,6
26167,4
26168,7
26169,2
26170,2
26171,8
26172,9
26173,1
26174,4
26175,5
26176,1
26177,8
26178,4
26179,8
26180,0
26181,2
26182,5
26183,8
26184,1
26185,0
26186,1
26187,3
26188,2
26189,5
26190,4
26191,2
26192,8
26193,7
26194,5
26195,7
26196,1
26197,9
26198,3
26199,8
26200,1
26201,6
26202,9
26203,1
26204,5
26205,7
26206,9
26207,7
26208,9
26209,5
26210,6
26211,0
26212,4
26213,9
26214,7
26215,2
26216,3
26217,2
26218,3
26219,8
26220,3
26221,5
26222,6
26223,7
26224,7
26225,4
26226,0
26227,1
26228,2
26229,0
26230,1
26231,8
26232,7
26233,9
26234,3
26235,0
26236,8
26237,3
26238,9
26239,6
26240,3
26241,4
26242,4
26243,3
26244,7
26245,9
26246,0
26247,2
26248,4
26249,2
26250,7
26251,5
26252,5
26253,0
26254,7
26255,2
26256,6
26257,4
26258,5
26259,5
26260,7
26261,3
26262,1
26263,6
26264,2
26265,5
26266,6
26267,1
26268,6
26269,3
26270,9
26271,9
26272,9
26273,6
26274,6
26275,5
26276,3
26277,2
26278,5
26279,4
26280,0
26281,1
26282,8
26283,7
26284,5
26285,1
26286,7
26287,4
26288,9
26289,2
26290,6
26291,8
26292,6
26293,0
26294,0
26295,8
26296,0
26297,2
26298,8
26299,7
26300,6
26301,4
26302,3
26303,9
26304,1
26305,0
26306,0
26307,5
26308,9
26309,1
26310,6
26311,1
26312,4
26313,5
26314,4
26315,6
26316,8
26317,1
26318,0
26319,1
26320,5
26321,5
26322,3
26323,0
26324,2
26325,4
26326,9
26327,4
26328,0
26329,6
26330,3
26331,3
26332,9
26333,5
26334,7
26335,3
26336,6
26337,4
26338,8
26339,8
26340,0
26341,5
26342,1
26343,6
26344,3
26345,5
26346,6
26347,5
26348,3
26349,1
26350,4
26351,5
26352,4
26353,9
26354,9
26355,1
26356,1
26357,7
26358,8
26359,4
26360,2
26361,4
26362,8
26363,5
26364,4
26365,0
26366,0
26367,5
26368,6
26369,5
26370,3
26371,7
26372,6
26373,5
26374,1
26375,6
26376,1
26377,5
26378,4
26379,4
26380,7
26381,0
26382,2
26383,2
26384,3
26385,7
26386,1
26387,0
26388,0
26389,4
26390,1
26391,2
26392,7
26393,0
26394,6
26395,4
26396,0
26397,0
26398,0
26399,1
26400,2
26401,4
26402,7
26403,1
26404,8
26405,0
26406,2
26407,9
26408,1
26409,2
26410,9
26411,8
26412,3
26413,2
26414,6
26415,3
26416,5
26417,1
26418,4
26419,9
26420,3
26421,6
26422,8
26423,2
26424,7
26425,8
26426,4
26427,1
26428,8
26429,7
26430,7
26431,6
26432,9
26433,4
26434,9
26435,9
26436,2
26437,7
26438,2
26439,1
26440,1
26441,6
26442,0
26443,2
26444,2
26445,0
26446,6
26447,9
26448,2
26449,3
26450,6
26451,6
26452,0
26453,1
26454,2
26455,7
26456,7
26457,0
26458,4
26459,4
26460,6
26461,4
26462,1
26463,0
26464,7
26465,0
26466,4
26467,3
26468,9
26469,9
26470,1
26471,8
26472,9
26473,1
26474,9
26475,0
26476,4
26477,8
26478,5
26479,1
26480,0
26481,7
26482,7
26483,4
26484,3
26485,4
26486,6
26487,2
26488,6
26489,9
26490,4
26491,2
26492,7
26493,5
26494,2
26495,8
26496,6
26497,3
26498,6
26499,1
26500,6
26501,4
26502,8
26503,4
26504,8
26505,0
26506,7
26507,4
26508,8
26509,7
26510,0
26511,9
26512,0
26513,1
26514,9
26515,1
26516,8
26517,5
26518,2
26519,6
26520,6
26521,7
26522,1
26523,5
26524,0
26525,2
26526,5
26527,0
26528,4
26529,2
26530,5
26531,0
26532,8
26533,8
26534,0
26535,7
26536,0
26537,1
26538,6
26539,6
26540,4
26541,3
26542,9
26543,9
26544,4
26545,2
26546,5
26547,1
26548,6
26549,3
26550,0
26551,8
26552,5
26553,9
26554,6
26555,4
26556,7
26557,7
26558,0
26559,0
26560,8
26561,9
26562,6
26563,2
26564,8
26565,0
26566,5
26567,8
26568,8
26569,4
26570,6
26571,7
26572,5
26573,4
26574,1
26575,2
26576,6
26577,6
26578,9
26579,7
26580,4
26581,6
26582,3
26583,7
26584,3
26585,2
26586,2
26587,4
26588,5
26589,6
26590,5
26591,6
26592,2
26593,4
26594,5
26595,9
26596,1
26597,9
26598,1
26599,5
26600,0
26601,3
26602,2
26603,6
26604,9
26605,6
26606,0
26607,9
26608,9
26609,2
26610,8
26611,4
26612,8
26613,7
26614,2
26615,7
26616,2
26617,3
26618,5
26619,2
26620,2
26621,3
26622,7
26623,9
26624,8
26625,4
26626,9
26627,2
26628,6
26629,5
26630,1
26631,8
26632,0
26633,5
26634,3
26635,1
26636,5
26637,2
26638,3
26639,8
26640,2
26641,1
26642,4
26643,6
26644,3
26645,1
26646,6
26647,9
26648,4
26649,2
26650,4
26651,8
26652,5
26653,9
26654,6
26655,0
26656,2
26657,8
26658,7
26659,5
26660,9
26661,0
26662,4
26663,1
26664,6
26665,9
26666,4
26667,0
26668,5
26669,0
26670,4
26671,5
26672,7
26673,0
26674,8
26675,3
26676,0
26677,3
26678,9
26679,4
26680,4
26681,4
26682,8
26683,2
26684,8
26685,4
26686,2
26687,6
26688,3
26689,2
26690,3
26691,1
26692,9
26693,4
26694,4
26695,1
26696,9
26697,5
26698,9
26699,6
26700,0
26701,6
26702,4
26703,2
26704,9
26705,4
26706,3
26707,3
26708,9
26709,4
26710,2
26711,3
26712,2
26713,1
26714,4
26715,9
26716,2
26717,7
26718,7
26719,8
26720,9
26721,7
26722,7
26723,7
26724,7
26725,1
26726,1
26727,5
26728,3
26729,8
26730,5
26731,9
26732,5
26733,6
26734,3
26735,9
26736,0
26737,7
26738,6
26739,5
26740,3
26741,3
26742,2
26743,0
26744,2
26745,9
26746,3
26747,3
26748,4
26749,0
26750,8
26751,5
26752,8
26753,8
26754,0
26755,6
26756,0
26757,6
26758,3
26759,3
26760,4
26761,9
26762,3
26763,4
26764,3
26765,2
26766,6
26767,4
26768,8
26769,1
26770,4
26771,1
26772,2
26773,0
26774,0
26775,5
26776,3
26777,0
26778,8
26779,3
26780,0
26781,6
26782,9
26783,8
26784,8
26785,6
26786,8
26787,3
26788,8
26789,9
26790,3
26791,6
26792,9
26793,4
26794,1
26795,1
26796,9
26797,9
26798,7
26799,6
26800,2
26801,1
26802,0
26803,0
26804,2
26805,0
26806,8
26807,2
26808,4
26809,0
26810,5
26811,9
26812,1
26813,2
26814,8
26815,8
26816,3
26817,7
26818,7
26819,0
26820,5
26821,1
26822,5
26823,2
26824,7
26825,1
26826,7
26827,4
26828,8
26829,2
26830,6
26831,1
26832,7
26833,5
26834,4
26835,7
26836,8
26837,2
26838,8
26839,3
26840,0
26841,8
26842,2
26843,6
26844,2
26845,8
26846,2
26847,8
26848,1
26849,5
26850,1
26851,4
26852,4
26853,7
26854,3
26855,9
26856,2
26857,2
26858,2
26859,8
26860,9
26861,6
26862,9
26863,0
26864,7
26865,9
26866,2
26867,7
26868,2
26869,6
26870,2
26871,5
26872,3
26873,6
26874,8
26875,4
26876,5
26877,8
26878,3
26879,1
26880,9
26881,8
26882,1
26883,1
26884,1
26885,7
26886,3
26887,8
26888,6
26889,2
26890,2
26891,1
26892,2
26893,2
26894,4
26895,9
26896,9
26897,5
26898,3
26899,5
26900,9
26901,1
26902,5
26903,7
26904,1
26905,1
26906,7
26907,3
26908,4
26909,8
26910,4
26911,5
26912,5
26913,2
26914,1
26915,4
26916,6
26917,2
26918,5
26919,9
26920,7
26921,1
26922,7
26923,6
26924,9
26925,7
26926,0
26927,0
26928,9
26929,0
26930,6
26931,0
26932,7
26933,3
26934,2
26935,0
26936,7
26937,4
26938,1
26939,9
26940,9
26941,3
26942,9
26943,3
26944,5
26945,3
26946,0
26947,0
26948,3
26949,0
26950,5
26951,1
26952,6
26953,6
26954,2
26955,3
26956,8
26957,3
26958,1
26959,8
26960,8
26961,1
26962,6
26963,0
26964,8
26965,7
26966,4
26967,4
26968,6
26969,5
26970,6
26971,6
26972,6
26973,8
26974,8
26975,4
26976,9
26977,0
26978,7
26979,7
26980,6
26981,2
26982,8
26983,8
26984,7
26985,5
26986,1
26987,9
26988,0
26989,1
26990,4
26991,6
26992,1
26993,2
26994,8
26995,6
26996,6
26997,3
26998,2
26999,4
27000,7
27001,8
27002,1
27003,4
27004,0
27005,5
27006,4
27007,5
27008,3
27009,3
27010,5
27011,0
27012,9
27013,5
27014,6
27015,6
27016,4
27017,7
27018,4
27019,9
27020,2
27021,0
27022,5
27023,8
27024,1
27025,7
27026,4
27027,0
27028,1
27029,0
27030,3
27031,3
27032,1
27033,7
27034,5
27035,3
27036,4
27037,4
27038,9
27039,8
27040,5
27041,7
27042,1
27043,0
27044,1
27045,1
27046,9
27047,1
27048,7
27049,5
27050,8
27051,8
27052,0
27053,0
27054,3
27055,1
27056,0
27057,0
27058,7
27059,2
27060,5
27061,1
27062,9
27063,3
27064,5
27065,4
27066,7
27067,2
27068,2
27069,0
27070,7
27071,1
27072,9
27073,8
27074,4
27075,5
27076,1
27077,5
27078,7
27079,6
27080,1
27081,3
27082,0
27083,7
27084,0
27085,5
27086,4
27087,7
27088,2
27089,9
27090,9
27091,1
27092,0
27093,4
27094,2
27095,0
27096,6
27097,1
27098,4
27099,5
27100,5
27101,2
27102,5
27103,8
27104,4
27105,7
27106,8
27107,5
27108,3
27109,8
27110,8
27111,7
27112,7
27113,9
27114,8
27115,7
27116,6
27117,4
27118,5
27119,0
27120,6
27121,0
27122,9
27123,6
27124,8
27125,8
27126,5
27127,5
27128,1
27129,3
27130,3
27131,9
27132,0
27133,2
27134,7
27135,5
27136,4
27137,9
27138,6
27139,9
27140,0
27141,9
27142,9
27143,4
27144,7
27145,3
27146,4
27147,7
27148,9
27149,2
27150,0
27151,8
27152,3
27153,9
27154,6
27155,1
27156,8
27157,9
27158,7
27159,5
27160,8
27161,5
27162,6
27163,6
27164,1
27165,3
27166,0
27167,5
27168,5
27169,2
27170,3
27171,8
27172,9
27173,4
27174,7
27175,0
27176,6
27177,5
27178,5
27179,6
27180,6
27181,9
27182,3
27183,0
27184,6
27185,4
27186,2
27187,7
27188,2
27189,2
27190,4
27191,2
27192,3
27193,3
27194,8
27195,2
27196,0
27197,2
27198,1
27199,7
27200,2
27201,2
27202,3
27203,6
27204,7
27205,2
27206,4
27207,4
27208,4
27209,7
27210,8
27211,0
27212,8
27213,8
27214,4
27215,4
27216,5
27217,7
27218,1
27219,4
27220,3
27221,8
27222,7
27223,2
27224,9
27225,2
27226,4
27227,0
27228,6
27229,7
27230,2
27231,7
27232,2
27233,2
27234,2
27235,3
27236,1
27237,4
27238,0
27239,6
27240,0
27241,2
27242,3
27243,7
27244,4
27245,2
27246,1
27247,6
27248,9
27249,9
27250,7
27251,3
27252,1
27253,8
27254,0
27255,8
27256,6
27257,4
27258,5
27259,5
27260,7
27261,9
27262,0
27263,7
27264,5
27265,2
27266,4
27267,6
27268,3
27269,1
27270,6
27271,1
27272,2
27273,3
27274,0
27275,7
27276,8
27277,9
27278,9
27279,2
27280,3
27281,6
27282,5
27283,1
27284,4
27285,8
27286,2
27287,3
27288,4
27289,9
27290,5
27291,0
27292,0
27293,8
27294,1
27295,7
27296,9
27297,2
27298,6
27299,0
27300,9
27301,9
27302,0
27303,8
27304,5
27305,6
27306,7
27307,7
27308,0
27309,7
27310,0
27311,8
27312,0
27313,7
27314,3
27315,1
27316,1
27317,7
27318,5
27319,7
27320,9
27321,4
27322,6
27323,3
27324,6
27325,6
27326,4
27327,1
27328,0
27329,2
27330,5
27331,6
27332,8
27333,2
27334,7
27335,6
27336,5
27337,6
27338,2
27339,7
27340,5
27341,6
27342,0
27343,8
27344,2
27345,9
27346,6
27347,4
27348,6
27349,4
27350,9
27351,3
27352,9
27353,5
27354,1
27355,1
27356,8
27357,0
27358,0
27359,1
27360,5
27361,8
27362,7
27363,8
27364,4
27365,1
27366,6
27367,3
27368,2
27369,7
27370,6
27371,0
27372,0
27373,5
27374,5
27375,6
27376,0
27377,8
27378,5
27379,9
27380,9
27381,2
27382,7
27383,6
27384,1
27385,7
27386,0
27387,0
27388,7
27389,6
27390,1
27391,3
27392,6
27393,1
27394,1
27395,0
27396,8
27397,6
27398,4
27399,6
27400,8
27401,3
27402,8
27403,2
27404,6
27405,9
27406,5
27407,3
27408,6
27409,4
27410,3
27411,8
27412,8
27413,9
27414,0
27415,2
27416,2
27417,4
27418,8
27419,3
27420,8
27421,0
27422,2
27423,0
27424,6
27425,6
27426,4
27427,2
27428,3
27429,9
27430,6
27431,9
27432,8
27433,1
27434,7
27435,5
27436,0
27437,3
27438,8
27439,5
27440,7
27441,3
27442,1
27443,8
27444,0
27445,6
27446,2
27447,8
27448,2
27449,8
27450,3
27451,6
27452,1
27453,0
27454,5
27455,4
27456,4
27457,3
27458,9
27459,5
27460,7
27461,1
27462,0
27463,9
27464,0
27465,0
27466,1
27467,6
27468,3
27469,6
27470,3
27471,3
27472,0
27473,0
27474,3
27475,6
27476,7
27477,3
27478,7
27479,0
27480,8
27481,1
27482,4
27483,8
27484,0
27485,1
27486,9
27487,8
27488,6
27489,3
27490,3
27491,1
27492,1
27493,3
27494,8
27495,6
27496,8
27497,2
27498,4
27499,7
27500,1
27501,3
27502,4
27503,0
27504,5
27505,1
27506,0
27507,8
27508,1
27509,1
27510,5
27511,6
27512,0
27513,1
27514,4
27515,5
27516,9
27517,6
27518,8
27519,6
27520,9
27521,3
27522,7
27523,2
27524,9
27525,2
27526,4
27527,3
27528,1
27529,5
27530,9
27531,4
27532,2
27533,4
27534,5
27535,7
27536,1
27537,7
27538,1
27539,7
27540,2
27541,2
27542,7
27543,2
27544,2
27545,5
27546,3
27547,3
27548,0
27549,3
27550,5
27551,7
27552,1
27553,6
27554,2
27555,5
27556,4
27557,7
27558,9
27559,1
27560,1
27561,3
27562,1
27563,1
27564,6
27565,7
27566,5
27567,2
27568,0
27569,4
27570,2
27571,4
27572,1
27573,4
27574,9
27575,9
27576,9
27577,9
27578,9
27579,7
27580,8
27581,3
27582,2
27583,4
27584,4
27585,6
27586,5
27587,1
27588,9
27589,6
27590,7
27591,4
27592,2
27593,4
27594,1
27595,8
27596,6
27597,6
27598,4
27599,3
27600,3
27601,0
27602,6
27603,1
27604,1
27605,4
27606,7
27607,1
27608,3
27609,5
27610,7
27611,0
27612,4
27613,7
27614,7
27615,4
27616,5
27617,3
27618,7
27619,1
27620,3
27621,2
27622,9
27623,1
27624,9
27625,0
27626,6
27627,5
27628,6
27629,7
27630,5
27631,7
27632,1
27633,8
27634,8
27635,3
27636,7
27637,8
27638,9
27639,3
27640,1
27641,4
27642,3
27643,8
27644,7
27645,0
27646,6
27647,7
27648,7
27649,9
27650,0
27651,2
27652,8
27653,7
27654,8
27655,8
27656,2
27657,8
27658,9
27659,1
27660,1
27661,6
27662,4
27663,0
27664,0
27665,9
27666,6
27667,8
27668,5
27669,2
27670,1
27671,7
27672,7
27673,1
27674,6
27675,6
27676,4
27677,2
27678,6
27679,8
27680,9
27681,9
27682,2
27683,4
27684,9
27685,8
27686,0
27687,8
27688,2
27689,0
27690,3
27691,5
27692,7
27693,3
27694,7
27695,9
27696,6
27697,7
27698,7
27699,8
27700,1
27701,7
27702,9
27703,6
27704,8
27705,3
27706,6
27707,5
27708,0
27709,4
27710,1
27711,0
27712,4
27713,2
27714,5
27715,9
27716,7
27717,2
27718,9
27719,7
27720,3
27721,7
27722,2
27723,1
27724,7
27725,6
27726,1
27727,8
27728,8
27729,1
27730,5
27731,0
27732,7
27733,3
27734,8
27735,2
27736,8
27737,2
27738,1
27739,5
27740,7
27741,8
27742,5
27743,0
27744,2
27745,9
27746,2
27747,1
27748,9
27749,8
27750,2
27751,3
27752,8
27753,5
27754,9
27755,4
27756,8
27757,1
27758,5
27759,3
27760,8
27761,4
27762,1
27763,6
27764,5
27765,3
27766,1
27767,1
27768,6
27769,9
27770,1
27771,6
27772,6
27773,8
27774,2
27775,7
27776,8
27777,0
27778,4
27779,5
27780,6
27781,8
27782,4
27783,8
27784,1
27785,7
27786,4
27787,8
27788,9
27789,5
27790,6
27791,1
27792,3
27793,2
27794,2
27795,6
27796,7
27797,1
27798,9
27799,5
27800,3
27801,7
27802,0
27803,1
27804,8
27805,8
27806,4
27807,0
27808,4
27809,0
27810,9
27811,9
27812,4
27813,7
27814,5
27815,9
27816,1
27817,0
27818,0
27819,7
27820,2
27821,6
27822,4
27823,1
27824,7
27825,0
27826,7
27827,8
27828,9
27829,8
27830,7
27831,1
27832,5
27833,2
27834,5
27835,5
27836,7
27837,6
27838,8
27839,7
27840,6
27841,0
27842,9
27843,5
27844,8
27845,3
27846,9
27847,5
27848,0
27849,4
27850,0
27851,4
27852,0
27853,1
27854,7
27855,4
27856,1
27857,8
27858,2
27859,0
27860,1
27861,6
27862,5
27863,4
27864,0
27865,4
27866,0
27867,9
27868,3
27869,8
27870,2
27871,0
27872,1
27873,7
27874,4
27875,5
27876,4
27877,1
27878,6
27879,7
27880,0
27881,6
27882,0
27883,3
27884,2
27885,4
27886,5
27887,7
27888,7
27889,2
27890,4
27891,9
27892,6
27893,2
27894,2
27895,2
27896,3
27897,5
27898,5
27899,8
27900,0
27901,6
27902,0
27903,8
27904,1
27905,9
27906,9
27907,1
27908,4
27909,6
27910,8
27911,9
27912,0
27913,1
27914,5
27915,5
27916,4
27917,5
27918,8
27919,5
27920,8
27921,2
27922,3
27923,6
27924,0
27925,1
27926,1
27927,8
27928,1
27929,3
27930,2
27931,6
27932,8
27933,3
27934,2
27935,2
27936,4
27937,7
27938,7
27939,5
27940,7
27941,2
27942,1
27943,7
27944,1
27945,8
27946,5
27947,9
27948,4
27949,9
27950,9
27951,7
27952,3
27953,8
27954,1
27955,9
27956,5
27957,7
27958,7
27959,5
27960,1
27961,8
27962,0
27963,0
27964,0
27965,9
27966,0
27967,9
27968,6
27969,9
27970,8
27971,3
27972,7
27973,7
27974,9
27975,7
27976,6
27977,8
27978,9
27979,3
27980,4
27981,6
27982,9
27983,5
27984,7
27985,4
27986,7
27987,7
27988,1
27989,6
27990,7
27991,3
27992,6
27993,1
27994,8
27995,7
27996,5
27997,2
27998,8
27999,8
28000,3
28001,5
28002,3
28003,1
28004,3
28005,1
28006,7
28007,1
28008,8
28009,6
28010,2
28011,8
28012,8
28013,7
28014,2
28015,0
28016,4
28017,9
28018,3
28019,5
28020,4
28021,3
28022,5
28023,6
28024,6
28025,7
28026,3
28027,0
28028,6
28029,0
28030,6
28031,2
28032,2
28033,2
28034,7
28035,0
28036,4
28037,1
28038,8
28039,4
28040,2
28041,4
28042,6
28043,0
28044,7
28045,5
28046,9
28047,1
28048,5
28049,4
28050,3
28051,7
28052,4
28053,1
28054,2
28055,4
28056,8
28057,7
28058,0
28059,1
28060,7
28061,8
28062,3
28063,8
28064,1
28065,0
28066,3
28067,4
28068,2
28069,7
28070,3
28071,5
28072,3
28073,1
28074,6
28075,0
28076,7
28077,3
28078,1
28079,1
28080,4
28081,6
28082,1
28083,2
28084,6
28085,3
28086,3
28087,7
28088,5
28089,1
28090,5
28091,3
28092,6
28093,9
28094,9
28095,1
28096,0
28097,7
28098,1
28099,8
28100,1
28101,6
28102,8
28103,2
28104,9
28105,9
28106,1
28107,1
28108,1
28109,5
28110,2
28111,4
28112,3
28113,6
28114,8
28115,8
28116,4
28117,8
28118,8
28119,9
28120,4
28121,2
28122,4
28123,3
28124,2
28125,5
28126,6
28127,4
28128,6
28129,3
28130,1
28131,7
28132,2
28133,3
28134,8
28135,2
28136,4
28137,5
28138,2
28139,9
28140,0
28141,8
28142,8
28143,8
28144,4
28145,9
28146,0
28147,0
28148,6
28149,8
28150,1
28151,3
28152,3
28153,6
28154,7
28155,0
28156,6
28157,2
28158,3
28159,3
28160,4
28161,9
28162,8
28163,0
28164,7
28165,5
28166,8
28167,5
28168,5
28169,5
28170,5
28171,7
28172,2
28173,8
28174,4
28175,2
28176,4
28177,3
28178,9
28179,2
28180,7
28181,3
28182,8
28183,1
28184,1
28185,0
28186,9
28187,7
28188,6
28189,4
28190,6
28191,3
28192,0
28193,1
28194,6
28195,6
28196,1
28197,3
28198,8
28199,4
28200,6
28201,7
28202,7
28203,2
28204,3
28205,0
28206,4
28207,9
28208,0
28209,5
28210,6
28211,9
28212,7
28213,4
28214,5
28215,6
28216,2
28217,6
28218,1
28219,7
28220,3
28221,1
28222,4
28223,6
28224,7
28225,1
28226,5
28227,1
28228,1
28229,7
28230,2
28231,8
28232,7
28233,9
28234,4
28235,0
28236,4
28237,6
28238,9
28239,9
28240,6
28241,6
28242,3
28243,2
28244,2
28245,0
28246,5
28247,7
28248,0
28249,3
28250,2
28251,6
28252,0
28253,0
28254,5
28255,5
28256,4
28257,4
28258,1
28259,5
28260,1
28261,2
28262,2
28263,3
28264,3
28265,7
28266,5
28267,3
28268,9
28269,5
28270,4
28271,7
28272,6
28273,4
28274,0
28275,9
28276,0
28277,4
28278,3
28279,7
28280,0
28281,4
28282,0
28283,5
28284,3
28285,3
28286,1
28287,1
28288,6
28289,7
28290,1
28291,1
28292,1
28293,3
28294,7
28295,5
28296,2
28297,2
28298,2
28299,3
28300,7
28301,8
28302,3
28303,0
28304,3
28305,1
28306,5
28307,6
28308,9
28309,6
28310,4
28311,2
28312,5
28313,4
28314,6
28315,3
28316,4
28317,0
28318,1
28319,8
28320,0
28321,2
28322,6
28323,5
28324,9
28325,4
28326,1
28327,7
28328,3
28329,2
28330,8
28331,1
28332,5
28333,8
28334,1
28335,1
28336,4
28337,2
28338,3
28339,0
28340,2
28341,3
28342,0
28343,6
28344,5
28345,6
28346,9
28347,6
28348,9
28349,7
28350,9
28351,1
28352,9
28353,1
28354,9
28355,8
28356,7
28357,1
28358,4
28359,3
28360,0
28361,2
28362,1
28363,4
28364,1
28365,2
28366,0
28367,7
28368,8
28369,5
28370,8
28371,1
28372,6
28373,2
28374,5
28375,4
28376,6
28377,1
28378,2
28379,4
28380,4
28381,8
28382,5
28383,5
28384,1
28385,7
28386,0
28387,0
28388,8
28389,1
28390,5
28391,3
28392,7
28393,2
28394,3
28395,8
28396,6
28397,8
28398,8
28399,9
28400,2
28401,2
28402,6
28403,2
28404,3
28405,5
28406,0
28407,1
28408,9
28409,9
28410,2
28411,2
28412,4
28413,1
28414,7
28415,0
28416,1
28417,2
28418,5
28419,7
28420,2
28421,8
28422,7
28423,0
28424,8
28425,5
28426,4
28427,1
28428,2
28429,4
28430,0
28431,0
28432,3
28433,5
28434,4
28435,6
28436,4
28437,8
28438,8
28439,8
28440,0
28441,8
28442,4
28443,5
28444,7
28445,6
28446,7
28447,3
28448,1
28449,5
28450,8
28451,9
28452,9
28453,0
28454,7
28455,3
28456,7
28457,7
28458,2
28459,7
28460,9
28461,4
28462,4
28463,1
28464,7
28465,9
28466,0
28467,1
28468,1
28469,2
28470,7
28471,4
28472,8
28473,0
28474,9
28475,3
28476,6
28477,3
28478,2
28479,4
28480,4
28481,4
28482,5
28483,3
28484,4
28485,3
28486,3
28487,4
28488,9
28489,9
28490,0
28491,9
28492,6
28493,6
28494,9
28495,8
28496,0
28497,0
28498,9
28499,2
28500,4
28501,3
28502,4
28503,0
28504,3
28505,1
28506,1
28507,2
28508,3
28509,1
28510,5
28511,7
28512,2
28513,9
28514,7
28515,3
28516,0
28517,7
28518,1
28519,7
28520,6
28521,3
28522,5
28523,0
28524,5
28525,6
28526,2
28527,6
28528,1
28529,6
28530,2
28531,9
28532,0
28533,2
28534,5
28535,9
28536,6
28537,3
28538,8
28539,1
28540,8
28541,2
28542,0
28543,9
28544,5
28545,9
28546,2
28547,0
28548,3
28549,2
28550,3
28551,9
28552,2
28553,1
28554,2
28555,1
28556,5
28557,8
28558,1
28559,2
28560,8
28561,8
28562,0
28563,1
28564,6
28565,9
28566,0
28567,6
28568,8
28569,4
28570,5
28571,7
28572,6
28573,1
28574,4
28575,4
28576,8
28577,2
28578,5
28579,5
28580,7
28581,5
28582,4
28583,6
28584,3
28585,3
28586,9
28587,0
28588,1
28589,5
28590,6
28591,6
28592,4
28593,1
28594,7
28595,2
28596,1
28597,0
28598,6
28599,7
28600,5
28601,7
28602,1
28603,5
28604,5
28605,3
28606,8
28607,8
28608,3
28609,3
28610,2
28611,5
28612,2
28613,9
28614,5
28615,9
28616,8
28617,9
28618,5
28619,2
28620,2
28621,0
28622,2
28623,9
28624,8
28625,2
28626,8
28627,1
28628,8
28629,0
28630,9
28631,4
28632,7
28633,2
28634,2
28635,7
28636,7
28637,9
28638,2
28639,1
28640,6
28641,7
28642,9
28643,4
28644,2
28645,3
28646,8
28647,4
28648,1
28649,7
28650,7
28651,0
28652,3
28653,1
28654,8
28655,5
28656,5
28657,7
28658,3
28659,1
28660,4
28661,2
28662,2
28663,7
28664,8
28665,8
28666,6
28667,1
28668,6
28669,2
28670,9
28671,7
28672,7
28673,9
28674,4
28675,6
28676,9
28677,7
28678,5
28679,4
28680,1
28681,3
28682,9
28683,7
28684,1
28685,2
28686,5
28687,7
28688,0
28689,9
28690,4
28691,0
28692,3
28693,3
28694,8
28695,8
28696,8
28697,0
28698,4
28699,4
28700,4
28701,1
28702,2
28703,9
28704,5
28705,7
28706,1
28707,2
28708,3
28709,6
28710,7
28711,1
28712,5
28713,1
28714,4
28715,5
28716,1
28717,1
28718,7
28719,5
28720,2
28721,1
28722,3
28723,2
28724,5
28725,1
28726,7
28727,2
28728,2
28729,0
28730,2
28731,3
28732,9
28733,4
28734,3
28735,1
28736,7
28737,4
28738,6
28739,3
28740,7
28741,4
28742,5
28743,7
28744,0
28745,4
28746,9
28747,4
28748,4
28749,3
28750,9
28751,8
28752,0
28753,7
28754,1
28755,0
28756,1
28757,8
28758,2
28759,8
28760,7
28761,7
28762,2
28763,6
28764,6
28765,6
28766,7
28767,3
28768,9
28769,1
28770,3
28771,6
28772,4
28773,0
28774,4
28775,2
28776,7
28777,2
28778,7
28779,0
28780,3
28781,1
28782,8
28783,6
28784,1
28785,5
28786,5
28787,0
28788,9
28789,8
28790,4
28791,2
28792,6
28793,9
28794,4
28795,3
28796,1
28797,2
28798,6
28799,5
28800,7
28801,8
28802,4
28803,8
28804,6
28805,4
28806,3
28807,0
28808,2
28809,1
28810,4
28811,5
28812,1
28813,6
28814,5
28815,5
28816,1
28817,5
28818,8
28819,6
28820,1
28821,0
28822,9
28823,7
28824,2
28825,4
28826,3
28827,0
28828,9
28829,4
28830,5
28831,7
28832,8
28833,7
28834,8
28835,9
28836,0
28837,1
28838,9
28839,5
28840,4
28841,6
28842,4
28843,2
28844,5
28845,6
28846,5
28847,4
28848,1
28849,5
28850,7
28851,0
28852,0
28853,6
28854,9
28855,6
28856,6
28857,6
28858,8
28859,7
28860,5
28861,1
28862,5
28863,6
28864,3
28865,0
28866,6
28867,7
28868,9
28869,2
28870,9
28871,5
28872,3
28873,9
28874,4
28875,9
28876,8
28877,3
28878,0
28879,0
28880,6
28881,3
28882,8
28883,1
28884,7
28885,8
28886,9
28887,5
28888,3
28889,8
28890,0
28891,1
28892,2
28893,9
28894,9
28895,2
28896,5
28897,8
28898,0
28899,3
28900,2
28901,7
28902,8
28903,9
28904,0
28905,8
28906,9
28907,0
28908,2
28909,8
28910,0
28911,8
28912,4
28913,2
28914,0
28915,3
28916,8
28917,8
28918,5
28919,8
28920,6
28921,0
28922,7
28923,5
28924,0
28925,7
28926,2
28927,8
28928,8
28929,0
28930,0
28931,0
28932,5
28933,2
28934,4
28935,2
28936,9
28937,1
28938,2
28939,1
28940,5
28941,4
28942,7
28943,9
28944,6
28945,4
28946,4
28947,1
28948,4
28949,1
28950,3
28951,5
28952,9
28953,2
28954,3
28955,1
28956,0
28957,6
28958,9
28959,3
28960,9
28961,2
28962,9
28963,8
28964,7
28965,1
28966,8
28967,7
28968,5
28969,4
28970,5
28971,1
28972,4
28973,0
28974,7
28975,1
28976,9
28977,7
28978,7
28979,4
28980,6
28981,9
28982,7
28983,4
28984,0
28985,5
28986,4
28987,2
28988,2
28989,1
28990,9
28991,8
28992,0
28993,8
28994,3
28995,0
28996,6
28997,1
28998,4
28999,8
29000,0
29001,3
29002,1
29003,4
29004,7
29005,9
29006,6
29007,3
29008,1
29009,7
29010,8
29011,2
29012,5
29013,8
29014,1
29015,3
29016,2
29017,9
29018,0
29019,0
29020,1
29021,4
29022,0
29023,1
29024,5
29025,2
29026,9
29027,6
29028,1
29029,0
29030,7
29031,1
29032,8
29033,5
29034,4
29035,5
29036,8
29037,1
29038,1
29039,5
29040,4
29041,1
29042,5
29043,7
29044,7
29045,8
29046,7
29047,0
29048,8
29049,4
29050,6
29051,1
29052,4
29053,1
29054,6
29055,2
29056,9
29057,0
29058,4
29059,1
29060,5
29061,0
29062,1
29063,7
29064,1
29065,3
29066,7
29067,0
29068,3
29069,9
29070,1
29071,3
29072,1
29073,4
29074,2
29075,8
29076,8
29077,0
29078,0
29079,6
29080,6
29081,4
29082,2
29083,5
29084,0
29085,7
29086,3
29087,6
29088,9
29089,4
29090,2
29091,2
29092,4
29093,8
29094,6
29095,5
29096,1
29097,5
29098,9
29099,8
29100,2
29101,3
29102,0
29103,5
29104,9
29105,3
29106,9
29107,2
29108,1
29109,8
29110,9
29111,3
29112,9
29113,3
29114,0
29115,5
29116,0
29117,7
29118,0
29119,1
29120,6
29121,6
29122,1
29123,8
29124,1
29125,7
29126,5
29127,1
29128,1
29129,1
29130,9
29131,1
29132,9
29133,7
29134,9
29135,4
29136,5
29137,1
29138,1
29139,2
29140,3
29141,6
29142,6
29143,4
29144,0
29145,6
29146,7
29147,3
29148,1
29149,3
29150,5
29151,0
29152,4
29153,1
29154,7
29155,1
29156,1
29157,1
29158,0
29159,0
29160,6
29161,4
29162,3
29163,1
29164,0
29165,3
29166,9
29167,3
29168,2
29169,8
29170,7
29171,2
29172,3
29173,0
29174,4
29175,1
29176,6
29177,4
29178,8
29179,9
29180,0
29181,4
29182,2
29183,4
29184,9
29185,6
29186,4
29187,1
29188,7
29189,8
29190,6
29191,0
29192,0
29193,2
29194,4
29195,9
29196,4
29197,3
29198,2
29199,8
29200,5
29201,0
29202,7
29203,4
29204,3
29205,9
29206,8
29207,0
29208,8
29209,9
29210,8
29211,1
29212,4
29213,7
29214,6
29215,8
29216,0
29217,9
29218,5
29219,3
29220,7
29221,1
29222,4
29223,0
29224,5
29225,0
29226,2
29227,2
29228,2
29229,2
29230,6
29231,1
29232,9
29233,6
29234,4
29235,4
29236,8
29237,5
29238,7
29239,3
29240,6
29241,1
29242,5
29243,3
29244,9
29245,1
29246,5
29247,8
29248,1
29249,1
29250,4
29251,5
29252,4
29253,7
29254,3
29255,6
29256,4
29257,3
29258,9
29259,7
29260,2
29261,2
29262,6
29263,3
29264,9
29265,0
29266,2
29267,4
29268,3
29269,5
29270,0
29271,8
29272,0
29273,0
29274,8
29275,9
29276,4
29277,3
29278,2
29279,7
29280,7
29281,7
29282,5
29283,1
29284,5
29285,0
29286,5
29287,6
29288,9
29289,1
29290,0
29291,0
29292,3
29293,0
29294,8
29295,6
29296,9
29297,7
29298,2
29299,7
29300,7
29301,0
29302,5
29303,7
29304,2
29305,2
29306,5
29307,2
29308,3
29309,3
29310,8
29311,2
29312,2
29313,1
29314,6
29315,2
29316,1
29317,0
29318,7
29319,2
29320,9
29321,4
29322,0
29323,0
29324,3
29325,1
29326,7
29327,3
29328,7
29329,4
29330,4
29331,2
29332,2
29333,0
29334,7
29335,7
29336,0
29337,7
29338,5
29339,8
29340,4
29341,1
29342,2
29343,3
29344,5
29345,3
29346,0
29347,9
29348,7
29349,7
29350,7
29351,7
29352,4
29353,7
29354,1
29355,2
29356,1
29357,8
29358,8
29359,4
29360,5
29361,4
29362,4
29363,8
29364,2
29365,1
29366,1
29367,0
29368,9
29369,3
29370,7
29371,4
29372,6
29373,5
29374,7
29375,5
29376,4
29377,8
29378,8
29379,9
29380,0
29381,9
29382,2
29383,0
29384,1
29385,5
29386,6
29387,2
29388,1
29389,7
29390,4
29391,6
29392,2
29393,4
29394,6
29395,2
29396,1
29397,0
29398,8
29399,3
29400,9
29401,5
29402,3
29403,2
29404,3
29405,4
29406,2
29407,0
29408,7
29409,9
29410,2
29411,0
29412,9
29413,0
29414,1
29415,1
29416,5
29417,7
29418,3
29419,1
29420,9
29421,6
29422,5
29423,3
29424,6
29425,4
29426,2
29427,8
29428,6
29429,3
29430,3
29431,3
29432,9
29433,1
29434,5
29435,0
29436,6
29437,2
29438,2
29439,2
29440,1
29441,1
29442,6
29443,3
29444,9
29445,8
29446,6
29447,5
29448,4
29449,3
29450,2
29451,7
29452,2
29453,7
29454,8
29455,0
29456,3
29457,4
29458,7
29459,9
29460,6
29461,5
29462,6
29463,7
29464,8
29465,8
29466,0
29467,8
29468,4
29469,9
29470,5
29471,9
29472,0
29473,7
29474,9
29475,5
29476,9
29477,1
29478,5
29479,9
29480,4
29481,3
29482,5
29483,7
29484,1
29485,1
29486,8
29487,6
29488,5
29489,2
29490,6
29491,2
29492,1
29493,8
29494,5
29495,2
29496,2
29497,6
29498,9
29499,1
29500,4
29501,6
29502,5
29503,7
29504,9
29505,5
29506,5
29507,5
29508,8
29509,0
29510,2
29511,7
29512,3
29513,3
29514,7
29515,0
29516,4
29517,4
29518,9
29519,1
29520,1
29521,8
29522,5
29523,3
29524,7
29525,8
29526,7
29527,1
29528,9
29529,8
29530,1
29531,1
29532,5
29533,2
29534,6
29535,3
29536,5
29537,3
29538,7
29539,3
29540,1
29541,4
29542,8
29543,3
29544,7
29545,6
29546,6
29547,9
29548,1
29549,6
29550,1
29551,5
29552,5
29553,9
29554,7
29555,0
29556,6
29557,8
29558,6
29559,0
29560,1
29561,7
29562,5
29563,2
29564,5
29565,0
29566,8
29567,6
29568,5
29569,2
29570,8
29571,5
29572,5
29573,9
29574,3
29575,7
29576,2
29577,1
29578,8
29579,4
29580,7
29581,9
29582,0
29583,1
29584,1
29585,6
29586,4
29587,0
29588,2
29589,4
29590,3
29591,0
29592,7
29593,7
29594,1
29595,8
29596,5
29597,7
29598,5
29599,2
29600,6
29601,5
29602,2
29603,3
29604,3
29605,5
29606,4
29607,5
29608,9
29609,4
29610,7
29611,5
29612,7
29613,1
29614,1
29615,3
29616,1
29617,7
29618,6
29619,8
29620,9
29621,5
29622,5
29623,1
29624,6
29625,9
29626,8
29627,3
29628,0
29629,6
29630,2
29631,5
29632,8
29633,0
29634,5
29635,4
29636,2
29637,3
29638,3
29639,5
29640,7
29641,5
29642,0
29643,8
29644,9
29645,8
29646,5
29647,8
29648,8
29649,2
29650,9
29651,9
29652,0
29653,6
29654,4
29655,8
29656,3
29657,4
29658,2
29659,2
29660,0
29661,8
29662,9
29663,6
29664,8
29665,7
29666,0
29667,5
29668,8
29669,2
29670,7
29671,7
29672,8
29673,5
29674,8
29675,4
29676,1
29677,0
29678,8
29679,3
29680,0
29681,9
29682,1
29683,5
29684,3
29685,9
29686,0
29687,5
29688,1
29689,7
29690,1
29691,5
29692,8
29693,5
29694,8
29695,2
29696,0
29697,7
29698,3
29699,2
29700,2
29701,5
29702,2
29703,1
29704,8
29705,0
29706,7
29707,1
29708,1
29709,6
29710,9
29711,1
29712,3
29713,7
29714,3
29715,0
29716,4
29717,7
29718,0
29719,3
29720,0
29721,4
29722,6
29723,4
29724,3
29725,9
29726,8
29727,6
29728,6
29729,2
29730,0
29731,1
29732,0
29733,0
29734,6
29735,1
29736,5
29737,0
29738,1
29739,1
29740,6
29741,9
29742,2
29743,1
29744,8
29745,1
29746,1
29747,2
29748,6
29749,0
29750,0
29751,2
29752,1
29753,5
29754,1
29755,4
29756,3
29757,0
29758,2
29759,6
29760,3
29761,6
29762,6
29763,2
29764,5
29765,7
29766,7
29767,8
29768,2
29769,7
29770,3
29771,9
29772,1
29773,7
29774,1
29775,6
29776,9
29777,9
29778,4
29779,1
29780,0
29781,7
29782,7
29783,2
29784,7
29785,2
29786,7
29787,7
29788,1
29789,7
29790,3
29791,1
29792,7
29793,4
29794,3
29795,2
29796,7
29797,7
29798,6
29799,1
29800,7
29801,9
29802,4
29803,8
29804,8
29805,3
29806,7
29807,6
29808,4
29809,6
29810,1
29811,6
29812,2
29813,8
29814,6
29815,6
29816,5
29817,7
29818,9
29819,8
29820,9
29821,3
29822,6
29823,8
29824,2
29825,9
29826,6
29827,4
29828,8
29829,2
29830,4
29831,2
29832,1
29833,4
29834,8
29835,3
29836,4
29837,0
29838,0
29839,7
29840,5
29841,1
29842,1
29843,8
29844,3
29845,6
29846,9
29847,7
29848,0
29849,4
29850,5
29851,3
29852,0
29853,6
29854,4
29855,0
29856,9
29857,7
29858,2
29859,1
29860,2
29861,4
29862,4
29863,4
29864,2
29865,0
29866,2
29867,2
29868,9
29869,9
29870,9
29871,8
29872,0
29873,1
29874,1
29875,7
29876,4
29877,3
29878,3
29879,0
29880,7
29881,0
29882,7
29883,5
29884,1
29885,7
29886,6
29887,6
29888,5
29889,9
29890,8
29891,2
29892,8
29893,7
29894,1
29895,0
29896,1
29897,2
29898,0
29899,1
29900,2
29901,3
29902,9
29903,7
29904,9
29905,3
29906,2
29907,0
29908,9
29909,7
29910,3
29911,5
29912,3
29913,3
29914,4
29915,1
29916,1
29917,2
29918,6
29919,0
29920,8
29921,5
29922,8
29923,7
29924,1
29925,2
29926,9
29927,3
29928,4
29929,5
29930,4
29931,3
29932,7
29933,4
29934,1
29935,6
29936,3
29937,4
29938,4
29939,3
29940,0
29941,0
29942,3
29943,7
29944,4
29945,2
29946,7
29947,7
29948,0
29949,6
29950,7
29951,5
29952,4
29953,6
29954,3
29955,8
29956,8
29957,4
29958,2
29959,4
29960,3
29961,1
29962,1
29963,6
29964,3
29965,6
29966,3
29967,2
29968,4
29969,3
29970,0
29971,5
29972,5
29973,3
29974,8
29975,8
29976,0
29977,6
29978,6
29979,5
29980,9
29981,9
29982,1
29983,3
29984,3
29985,3
29986,0
29987,5
29988,3
29989,6
29990,8
29991,8
29992,9
29993,3
29994,5
29995,5
29996,1
29997,6
29998,1
29999,4
30000,5
30001,9
30002,7
30003,1
30004,7
30005,8
30006,5
30007,4
30008,2
30009,8
30010,1
30011,1
30012,3
30013,4
30014,0
30015,1
30016,4
30017,0
30018,5
30019,2
30020,7
30021,9
30022,4
30023,5
30024,8
30025,2
30026,2
30027,7
30028,5
30029,2
30030,6
30031,8
30032,8
30033,9
30034,6
30035,6
30036,6
30037,6
30038,5
30039,5
30040,3
30041,3
30042,8
30043,1
30044,8
30045,8
30046,3
30047,0
30048,4
30049,2
30050,0
30051,3
30052,3
30053,3
30054,2
30055,8
30056,2
30057,6
30058,0
30059,2
30060,9
30061,3
30062,5
30063,3
30064,1
30065,3
30066,4
30067,3
30068,1
30069,6
30070,8
30071,3
30072,6
30073,2
30074,9
30075,9
30076,7
30077,9
30078,3
30079,3
30080,6
30081,0
30082,2
30083,5
30084,0
30085,9
30086,8
30087,7
30088,5
30089,7
30090,3
30091,9
30092,2
30093,3
30094,6
30095,4
30096,7
30097,5
30098,5
30099,1
30100,7
30101,0
30102,9
30103,0
30104,3
30105,9
30106,8
30107,2
30108,6
30109,7
30110,7
30111,2
30112,4
30113,4
30114,0
30115,3
30116,2
30117,1
30118,1
30119,1
30120,5
30121,8
30122,9
30123,6
30124,3
30125,9
30126,8
30127,7
30128,5
30129,8
30130,1
30131,6
30132,7
30133,2
30134,7
30135,6
30136,8
30137,7
30138,2
30139,4
30140,6
30141,3
30142,5
30143,8
30144,3
30145,8
30146,4
30147,4
30148,0
30149,2
30150,5
30151,3
30152,8
30153,6
30154,2
30155,4
30156,3
30157,6
30158,9
30159,6
30160,6
30161,4
30162,3
30163,7
30164,8
30165,6
30166,4
30167,5
30168,7
30169,8
30170,0
30171,9
30172,5
30173,2
30174,0
30175,3
30176,0
30177,3
30178,9
30179,3
30180,4
30181,7
30182,3
30183,6
30184,8
30185,2
30186,2
30187,1
30188,0
30189,3
30190,7
30191,8
30192,1
30193,6
30194,6
30195,5
30196,4
30197,7
30198,0
30199,6
30200,0
30201,0
30202,7
30203,3
30204,3
30205,0
30206,7
30207,3
30208,5
30209,3
30210,7
30211,4
30212,4
30213,7
30214,1
30215,0
30216,9
30217,1
30218,9
30219,0
30220,9
30221,6
30222,5
30223,2
30224,6
30225,0
30226,7
30227,9
30228,1
30229,5
30230,8
30231,1
30232,5
30233,1
30234,0
30235,8
30236,5
30237,0
30238,4
30239,2
30240,0
30241,4
30242,7
30243,3
30244,1
30245,0
30246,6
30247,2
30248,6
30249,0
30250,3
30251,0
30252,6
30253,2
30254,0
30255,8
30256,5
30257,4
30258,3
30259,1
30260,4
30261,1
30262,7
30263,7
30264,2
30265,3
30266,4
30267,7
30268,3
30269,8
30270,3
30271,5
30272,2
30273,2
30274,8
30275,1
30276,6
30277,8
30278,7
30279,3
30280,0
30281,5
30282,8
30283,0
30284,1
30285,8
30286,6
30287,8
30288,4
30289,5
30290,1
30291,3
30292,8
30293,3
30294,0
30295,4
30296,1
30297,2
30298,7
30299,1
30300,7
30301,8
30302,0
30303,4
30304,4
30305,1
30306,9
30307,8
30308,1
30309,2
30310,0
30311,1
30312,1
30313,1
30314,7
30315,3
30316,3
30317,9
30318,9
30319,8
30320,0
30321,9
30322,1
30323,5
30324,2
30325,7
30326,8
30327,0
30328,9
30329,0
30330,7
30331,0
30332,1
30333,1
30334,4
30335,3
30336,1
30337,4
30338,1
30339,6
30340,1
30341,7
30342,1
30343,9
30344,9
30345,7
30346,5
30347,5
30348,8
30349,9
30350,0
30351,9
30352,1
30353,6
30354,5
30355,7
30356,5
30357,9
30358,1
30359,0
30360,0
30361,3
30362,9
30363,4
30364,0
30365,8
30366,8
30367,6
30368,0
30369,2
30370,0
30371,9
30372,3
30373,2
30374,8
30375,9
30376,8
30377,9
30378,8
30379,9
30380,9
30381,9
30382,7
30383,2
30384,9
30385,4
30386,1
30387,6
30388,3
30389,8
30390,3
30391,1
30392,8
30393,0
30394,8
30395,4
30396,2
30397,4
30398,5
30399,2
30400,8
30401,8
30402,4
30403,9
30404,0
30405,9
30406,8
30407,4
30408,3
30409,4
30410,1
30411,5
30412,7
30413,7
30414,1
30415,7
30416,8
30417,6
30418,0
30419,6
30420,3
30421,9
30422,7
30423,1
30424,5
30425,7
30426,9
30427,9
30428,4
30429,1
30430,3
30431,6
30432,5
30433,3
30434,2
30435,9
30436,2
30437,4
30438,8
30439,6
30440,6
30441,6
30442,1
30443,8
30444,3
30445,7
30446,0
30447,3
30448,0
30449,0
30450,2
30451,8
30452,0
30453,5
30454,6
30455,4
30456,3
30457,2
30458,3
30459,8
30460,6
30461,4
30462,6
30463,0
30464,0
30465,8
30466,5
30467,0
30468,9
30469,7
30470,7
30471,0
30472,5
30473,2
30474,9
30475,6
30476,9
30477,2
30478,9
30479,1
30480,5
30481,0
30482,9
30483,2
30484,5
30485,9
30486,6
30487,3
30488,4
30489,9
30490,7
30491,9
30492,1
30493,7
30494,2
30495,1
30496,5
30497,6
30498,6
30499,4
30500,9
30501,2
30502,7
30503,7
30504,8
30505,3
30506,4
30507,1
30508,1
30509,4
30510,5
30511,6
30512,8
30513,9
30514,7
30515,1
30516,4
30517,5
30518,3
30519,9
30520,1
30521,4
30522,1
30523,7
30524,5
30525,0
30526,5
30527,8
30528,4
30529,6
30530,4
30531,3
30532,3
30533,5
30534,7
30535,5
30536,2
30537,5
30538,0
30539,8
30540,6
30541,3
30542,3
30543,2
30544,7
30545,3
30546,6
30547,2
30548,0
30549,2
30550,9
30551,9
30552,4
30553,9
30554,9
30555,9
30556,8
30557,3
30558,9
30559,2
30560,4
30561,3
30562,2
30563,0
30564,2
30565,0
30566,8
30567,6
30568,3
30569,5
30570,7
30571,8
30572,3
30573,7
30574,9
30575,0
30576,0
30577,4
30578,8
30579,0
30580,5
30581,6
30582,2
30583,9
30584,9
30585,2
30586,9
30587,2
30588,5
30589,5
30590,7
30591,3
30592,7
30593,0
30594,9
30595,8
30596,1
30597,0
30598,0
30599,2
30600,0
30601,7
30602,0
30603,2
30604,6
30605,9
30606,1
30607,3
30608,0
30609,4
30610,8
30611,9
30612,7
30613,6
30614,2
30615,4
30616,7
30617,9
30618,3
30619,1
30620,4
30621,1
30622,0
30623,1
30624,9
30625,1
30626,8
30627,5
30628,8
30629,4
30630,7
30631,7
30632,4
30633,9
30634,6
30635,0
30636,0
30637,1
30638,4
30639,7
30640,1
30641,7
30642,6
30643,1
30644,2
30645,8
30646,3
30647,8
30648,4
30649,3
30650,0
30651,9
30652,0
30653,4
30654,6
30655,8
30656,2
30657,7
30658,3
30659,1
30660,4
30661,4
30662,9
30663,3
30664,4
30665,2
30666,6
30667,0
30668,0
30669,7
30670,5
30671,0
30672,1
30673,2
30674,8
30675,8
30676,0
30677,3
30678,4
30679,6
30680,7
30681,1
30682,6
30683,5
30684,1
30685,9
30686,7
30687,0
30688,6
30689,8
30690,3
30691,5
30692,4
30693,3
30694,8
30695,9
30696,2
30697,7
30698,9
30699,8
30700,7
30701,6
30702,3
30703,5
30704,0
30705,8
30706,2
30707,5
30708,8
30709,2
30710,2
30711,2
30712,2
30713,1
30714,7
30715,3
30716,3
30717,8
30718,3
30719,6
30720,0
30721,7
30722,8
30723,4
30724,4
30725,4
30726,6
30727,0
30728,0
30729,0
30730,6
30731,9
30732,6
30733,8
30734,6
30735,9
30736,4
30737,3
30738,1
30739,3
30740,9
30741,5
30742,6
30743,4
30744,4
30745,4
30746,9
30747,9
30748,7
30749,9
30750,7
30751,0
30752,7
30753,6
30754,4
30755,4
30756,3
30757,7
30758,6
30759,2
30760,0
30761,8
30762,4
30763,3
30764,0
30765,0
30766,6
30767,2
30768,5
30769,3
30770,3
30771,6
30772,0
30773,1
30774,6
30775,6
30776,0
30777,9
30778,1
30779,0
30780,7
30781,8
30782,5
30783,9
30784,8
30785,9
30786,4
30787,7
30788,7
30789,7
30790,7
30791,4
30792,1
30793,9
30794,2
30795,5
30796,8
30797,8
30798,2
30799,4
30800,5
30801,6
30802,5
30803,8
30804,4
30805,3
30806,0
30807,5
30808,8
30809,7
30810,2
30811,0
30812,8
30813,5
30814,9
30815,1
30816,1
30817,6
30818,7
30819,6
30820,2
30821,6
30822,8
30823,7
30824,1
30825,2
30826,9
30827,9
30828,6
30829,7
30830,5
30831,9
30832,5
30833,4
30834,4
30835,3
30836,4
30837,3
30838,4
30839,9
30840,4
30841,0
30842,8
30843,2
30844,0
30845,4
30846,6
30847,6
30848,0
30849,4
30850,2
30851,0
30852,1
30853,3
30854,7
30855,4
30856,8
30857,5
30858,9
30859,3
30860,7
30861,8
30862,3
30863,3
30864,5
30865,1
30866,7
30867,3
30868,7
30869,3
30870,7
30871,4
30872,2
30873,1
30874,9
30875,8
30876,0
30877,3
30878,8
30879,4
30880,1
30881,6
30882,8
30883,6
30884,5
30885,4
30886,7
30887,7
30888,9
30889,0
30890,1
30891,9
30892,3
30893,7
30894,1
30895,4
30896,1
30897,9
30898,2
30899,6
30900,8
30901,3
30902,7
30903,7
30904,1
30905,4
30906,3
30907,1
30908,4
30909,2
30910,9
30911,3
30912,3
30913,3
30914,1
30915,5
30916,6
30917,3
30918,5
30919,4
30920,4
30921,0
30922,6
30923,6
30924,1
30925,5
30926,0
30927,7
30928,5
30929,8
30930,9
30931,8
30932,6
30933,7
30934,1
30935,0
30936,8
30937,1
30938,5
30939,7
30940,3
30941,0
30942,7
30943,1
30944,3
30945,5
30946,9
30947,2
30948,0
30949,6
30950,8
30951,6
30952,2
30953,9
30954,1
30955,5
30956,9
30957,1
30958,2
30959,1
30960,1
30961,5
30962,1
30963,6
30964,1
30965,5
30966,2
30967,8
30968,5
30969,9
30970,1
30971,1
30972,1
30973,5
30974,2
30975,1
30976,0
30977,9
30978,7
30979,4
30980,6
30981,9
30982,6
30983,4
30984,7
30985,6
30986,7
30987,0
30988,6
30989,6
30990,9
30991,1
30992,0
30993,7
30994,1
30995,8
30996,7
30997,9
30998,4
30999,4
31000,6
31001,4
31002,3
31003,9
31004,6
31005,2
31006,0
31007,2
31008,3
31009,9
31010,7
31011,4
31012,1
31013,8
31014,1
31015,7
31016,9
31017,3
31018,6
31019,3
31020,3
31021,3
31022,9
31023,0
31024,0
31025,5
31026,7
31027,1
31028,1
31029,4
31030,4
31031,5
31032,6
31033,3
31034,7
31035,4
31036,1
31037,8
31038,7
31039,1
31040,6
31041,9
31042,0
31043,0
31044,1
31045,1
31046,0
31047,2
31048,4
31049,8
31050,8
31051,8
31052,7
31053,8
31054,6
31055,3
31056,1
31057,4
31058,9
31059,0
31060,3
31061,7
31062,7
31063,6
31064,1
31065,5
31066,6
31067,7
31068,5
31069,2
31070,4
31071,0
31072,2
31073,9
31074,2
31075,3
31076,2
31077,2
31078,0
31079,9
31080,5
31081,5
31082,2
31083,5
31084,1
31085,9
31086,9
31087,0
31088,7
31089,5
31090,1
31091,1
31092,8
31093,6
31094,1
31095,9
31096,1
31097,3
31098,7
31099,1
31100,1
31101,0
31102,9
31103,9
31104,7
31105,8
31106,2
31107,1
31108,1
31109,4
31110,1
31111,2
31112,4
31113,5
31114,7
31115,9
31116,7
31117,7
31118,6
31119,1
31120,3
31121,5
31122,2
31123,7
31124,5
31125,4
31126,9
31127,4
31128,3
31129,5
31130,1
31131,4
31132,7
31133,3
31134,3
31135,0
31136,7
31137,9
31138,0
31139,4
31140,0
31141,3
31142,8
31143,3
31144,2
31145,4
31146,2
31147,6
31148,9
31149,7
31150,8
31151,9
31152,3
31153,2
31154,1
31155,9
31156,0
31157,0
31158,2
31159,6
31160,4
31161,2
31162,4
31163,3
31164,6
31165,3
31166,4
31167,4
31168,4
31169,9
31170,7
31171,9
31172,0
31173,0
31174,9
31175,8
31176,9
31177,8
31178,0
31179,4
31180,1
31181,5
31182,7
31183,1
31184,0
31185,7
31186,2
31187,7
31188,6
31189,7
31190,6
31191,1
31192,9
31193,9
31194,6
31195,2
31196,8
31197,2
31198,0
31199,5
31200,5
31201,8
31202,1
31203,5
31204,1
31205,5
31206,6
31207,9
31208,6
31209,7
31210,4
31211,6
31212,5
31213,5
31214,2
31215,3
31216,2
31217,8
31218,1
31219,5
31220,7
31221,9
31222,2
31223,8
31224,5
31225,5
31226,8
31227,9
31228,0
31229,6
31230,4
31231,3
31232,6
31233,2
31234,9
31235,8
31236,2
31237,8
31238,3
31239,0
31240,4
31241,6
31242,6
31243,4
31244,2
31245,0
31246,0
31247,0
31248,7
31249,6
31250,4
31251,2
31252,9
31253,8
31254,7
31255,1
31256,2
31257,2
31258,1
31259,6
31260,0
31261,0
31262,5
31263,5
31264,5
31265,3
31266,5
31267,0
31268,3
31269,3
31270,7
31271,8
31272,5
31273,1
31274,4
31275,6
31276,3
31277,6
31278,5
31279,3
31280,0
31281,0
31282,6
31283,5
31284,7
31285,9
31286,8
31287,0
31288,8
31289,3
31290,4
31291,3
31292,2
31293,8
31294,6
31295,5
31296,8
31297,1
31298,0
31299,7
31300,1
31301,9
31302,0
31303,4
31304,7
31305,9
31306,3
31307,0
31308,9
31309,9
31310,1
31311,2
31312,7
31313,8
31314,6
31315,1
31316,6
31317,1
31318,6
31319,4
31320,2
31321,3
31322,5
31323,4
31324,3
31325,1
31326,9
31327,4
31328,3
31329,3
31330,7
31331,8
31332,5
31333,4
31334,3
31335,7
31336,4
31337,4
31338,0
31339,5
31340,8
31341,8
31342,3
31343,6
31344,9
31345,2
31346,0
31347,2
31348,7
31349,8
31350,1
31351,1
31352,6
31353,8
31354,7
31355,7
31356,2
31357,1
31358,1
31359,6
31360,6
31361,0
31362,1
31363,3
31364,6
31365,3
31366,6
31367,8
31368,2
31369,4
31370,0
31371,0
31372,0
31373,8
31374,2
31375,6
31376,3
31377,8
31378,7
31379,0
31380,4
31381,8
31382,7
31383,3
31384,1
31385,2
31386,5
31387,1
31388,4
31389,8
31390,3
31391,4
31392,9
31393,3
31394,0
31395,4
31396,6
31397,7
31398,8
31399,3
31400,7
31401,0
31402,4
31403,8
31404,3
31405,1
31406,5
31407,0
31408,1
31409,2
31410,9
31411,9
31412,3
31413,8
31414,5
31415,5
31416,0
31417,2
31418,1
31419,5
31420,7
31421,7
31422,7
31423,0
31424,2
31425,6
31426,2
31427,7
31428,0
31429,4
31430,0
31431,6
31432,7
31433,7
31434,6
31435,5
31436,6
31437,8
31438,4
31439,9
31440,5
31441,8
31442,9
31443,2
31444,7
31445,4
31446,2
31447,8
31448,6
31449,5
31450,0
31451,3
31452,4
31453,3
31454,1
31455,0
31456,6
31457,4
31458,1
31459,2
31460,6
31461,3
31462,3
31463,5
31464,4
31465,4
31466,9
31467,6
31468,2
31469,9
31470,3
31471,5
31472,1
31473,2
31474,0
31475,8
31476,5
31477,8
31478,0
31479,1
31480,4
31481,2
31482,7
31483,3
31484,2
31485,7
31486,1
31487,8
31488,2
31489,5
31490,0
31491,3
31492,1
31493,6
31494,4
31495,6
31496,9
31497,7
31498,9
31499,6
31500,9
31501,9
31502,3
31503,2
31504,2
31505,0
31506,8
31507,5
31508,1
31509,9
31510,2
31511,7
31512,0
31513,3
31514,9
31515,0
31516,7
31517,5
31518,7
31519,2
31520,3
31521,7
31522,1
31523,1
31524,1
31525,2
31526,8
31527,3
31528,7
31529,0
31530,2
31531,9
31532,7
31533,8
31534,5
31535,1
31536,8
31537,0
31538,3
31539,2
31540,1
31541,8
31542,1
31543,3
31544,4
31545,8
31546,7
31547,1
31548,2
31549,3
31550,2
31551,3
31552,2
31553,4
31554,8
31555,0
31556,4
31557,4
31558,1
31559,1
31560,8
31561,2
31562,3
31563,3
31564,6
31565,6
31566,1
31567,9
31568,2
31569,1
31570,7
31571,7
31572,2
31573,5
31574,4
31575,0
31576,6
31577,9
31578,1
31579,6
31580,4
31581,7
31582,5
31583,2
31584,8
31585,2
31586,0
31587,8
31588,9
31589,3
31590,9
31591,0
31592,0
31593,0
31594,5
31595,7
31596,1
31597,3
31598,2
31599,3
31600,3
31601,0
31602,8
31603,8
31604,1
31605,2
31606,2
31607,1
31608,9
31609,2
31610,0
31611,7
31612,2
31613,0
31614,2
31615,5
31616,4
31617,1
31618,8
31619,5
31620,7
31621,7
31622,4
31623,1
31624,6
31625,6
31626,4
31627,2
31628,6
31629,3
31630,3
31631,3
31632,3
31633,1
31634,1
31635,7
31636,3
31637,6
31638,9
31639,5
31640,6
31641,3
31642,1
31643,1
31644,3
31645,0
31646,9
31647,3
31648,8
31649,9
31650,1
31651,3
31652,3
31653,9
31654,3
31655,2
31656,9
31657,0
31658,4
31659,1
31660,1
31661,6
31662,3
31663,0
31664,3
31665,5
31666,5
31667,8
31668,8
31669,2
31670,3
31671,9
31672,3
31673,7
31674,3
31675,5
31676,2
31677,6
31678,8
31679,9
31680,3
31681,6
31682,0
31683,5
31684,1
31685,4
31686,3
31687,9
31688,1
31689,9
31690,9
31691,8
31692,7
31693,1
31694,8
31695,9
31696,5
31697,8
31698,1
31699,2
31700,4
31701,8
31702,9
31703,5
31704,2
31705,0
31706,0
31707,3
31708,2
31709,7
31710,2
31711,1
31712,8
31713,8
31714,3
31715,8
31716,9
31717,3
31718,6
31719,3
31720,4
31721,4
31722,5
31723,7
31724,5
31725,9
31726,1
31727,6
31728,9
31729,6
31730,4
31731,9
31732,6
31733,1
31734,3
31735,2
31736,6
31737,0
31738,5
31739,9
31740,6
31741,9
31742,7
31743,6
31744,7
31745,7
31746,1
31747,7
31748,1
31749,4
31750,0
31751,6
31752,7
31753,0
31754,2
31755,8
31756,0
31757,5
31758,9
31759,1
31760,5
31761,1
31762,3
31763,5
31764,2
31765,4
31766,0
31767,9
31768,1
31769,5
31770,1
31771,7
31772,4
31773,5
31774,1
31775,1
31776,1
31777,8
31778,2
31779,2
31780,2
31781,0
31782,9
31783,0
31784,0
31785,3
31786,1
31787,3
31788,6
31789,6
31790,6
31791,6
31792,2
31793,9
31794,1
31795,0
31796,2
31797,9
31798,9
31799,3
31800,7
31801,3
31802,5
31803,5
31804,8
31805,2
31806,8
31807,4
31808,0
31809,3
31810,6
31811,6
31812,6
31813,3
31814,8
31815,9
31816,4
31817,3
31818,4
31819,4
31820,5
31821,1
31822,8
31823,8
31824,1
31825,4
31826,7
31827,6
31828,2
31829,5
31830,4
31831,4
31832,6
31833,9
31834,7
31835,0
31836,6
31837,4
31838,9
31839,8
31840,2
31841,1
31842,9
31843,9
31844,6
31845,3
31846,5
31847,7
31848,4
31849,3
31850,9
31851,8
31852,4
31853,3
31854,0
31855,6
31856,2
31857,4
31858,2
31859,3
31860,6
31861,2
31862,8
31863,4
31864,2
31865,7
31866,1
31867,8
31868,7
31869,7
31870,9
31871,1
31872,4
31873,9
31874,2
31875,8
31876,3
31877,3
31878,7
31879,7
31880,1
31881,1
31882,1
31883,2
31884,8
31885,3
31886,9
31887,5
31888,7
31889,4
31890,7
31891,3
31892,7
31893,6
31894,3
31895,9
31896,7
31897,4
31898,6
31899,4
31900,6
31901,6
31902,5
31903,7
31904,9
31905,4
31906,0
31907,7
31908,2
31909,9
31910,4
31911,6
31912,7
31913,3
31914,7
31915,6
31916,7
31917,2
31918,6
31919,4
31920,5
31921,2
31922,0
31923,8
31924,4
31925,3
31926,7
31927,8
31928,9
31929,1
31930,3
31931,6
31932,0
31933,0
31934,8
31935,5
31936,2
31937,3
31938,5
31939,4
31940,0
31941,5
31942,1
31943,0
31944,8
31945,9
31946,1
31947,5
31948,2
31949,8
31950,3
31951,7
31952,5
31953,1
31954,1
31955,8
31956,4
31957,5
31958,7
31959,5
31960,5
31961,9
31962,6
31963,2
31964,6
31965,0
31966,9
31967,1
31968,9
31969,7
31970,6
31971,6
31972,1
31973,3
31974,9
31975,8
31976,3
31977,4
31978,9
31979,9
31980,8
31981,7
31982,4
31983,8
31984,9
31985,8
31986,6
31987,4
31988,8
31989,2
31990,6
31991,1
31992,6
31993,0
31994,1
31995,3
31996,6
31997,0
31998,8
31999,0
32000,6
32001,7
32002,1
32003,1
32004,9
32005,0
32006,8
32007,1
32008,8
32009,0
32010,5
32011,5
32012,1
32013,7
32014,9
32015,8
32016,9
32017,6
32018,3
32019,0
32020,9
32021,4
32022,2
32023,0
32024,7
32025,3
32026,4
32027,8
32028,7
32029,9
32030,5
32031,8
32032,2
32033,1
32034,3
32035,0
32036,3
32037,3
32038,1
32039,0
32040,7
32041,4
32042,7
32043,6
32044,1
32045,8
32046,6
32047,4
32048,2
32049,0
32050,0
32051,5
32052,0
32053,0
32054,3
32055,2
32056,3
32057,7
32058,9
32059,0
32060,8
32061,3
32062,3
32063,0
32064,8
32065,8
32066,8
32067,9
32068,2
32069,4
32070,8
32071,7
32072,3
32073,1
32074,8
32075,6
32076,3
32077,4
32078,0
32079,9
32080,5
32081,1
32082,6
32083,2
32084,0
32085,1
32086,7
32087,3
32088,3
32089,2
32090,4
32091,4
32092,3
32093,9
32094,0
32095,9
32096,1
32097,0
32098,3
32099,0
32100,7
32101,3
32102,2
32103,4
32104,3
32105,9
32106,1
32107,6
32108,8
32109,6
32110,4
32111,2
32112,8
32113,0
32114,2
32115,5
32116,5
32117,8
32118,5
32119,2
32120,7
32121,3
32122,1
32123,5
32124,5
32125,0
32126,0
32127,5
32128,4
32129,9
32130,6
32131,0
32132,8
32133,4
32134,2
32135,7
32136,9
32137,6
32138,1
32139,7
32140,4
32141,3
32142,2
32143,7
32144,4
32145,2
32146,4
32147,0
32148,3
32149,5
32150,0
32151,5
32152,2
32153,3
32154,6
32155,8
32156,1
32157,5
32158,5
32159,6
32160,4
32161,7
32162,0
32163,5
32164,9
32165,2
32166,6
32167,7
32168,2
32169,1
32170,6
32171,5
32172,9
32173,2
32174,1
32175,5
32176,3
32177,8
32178,5
32179,7
32180,4
32181,5
32182,4
32183,8
32184,0
32185,5
32186,1
32187,0
32188,4
32189,1
32190,6
32191,8
32192,7
32193,8
32194,6
32195,7
32196,9
32197,1
32198,9
32199,6
32200,1
32201,7
32202,9
32203,1
32204,1
32205,1
32206,8
32207,9
32208,3
32209,4
32210,0
32211,8
32212,2
32213,2
32214,9
32215,1
32216,8
32217,7
32218,7
32219,6
32220,2
32221,9
32222,9
32223,2
32224,9
32225,3
32226,9
32227,0
32228,0
32229,2
32230,8
32231,8
32232,5
32233,8
32234,1
32235,7
32236,0
32237,8
32238,2
32239,7
32240,3
32241,4
32242,2
32243,8
32244,4
32245,6
32246,8
32247,8
32248,2
32249,9
32250,6
32251,7
32252,1
32253,3
32254,8
32255,4
32256,0
32257,6
32258,5
32259,7
32260,1
32261,6
32262,8
32263,3
32264,7
32265,6
32266,8
32267,2
32268,2
32269,2
32270,2
32271,7
32272,5
32273,8
32274,3
32275,6
32276,6
32277,2
32278,7
32279,3
32280,2
32281,8
32282,6
32283,8
32284,6
32285,1
32286,9
32287,7
32288,5
32289,8
32290,4
32291,2
32292,1
32293,8
32294,1
32295,7
32296,7
32297,5
32298,1
32299,1
32300,9
32301,5
32302,0
32303,6
32304,8
32305,3
32306,2
32307,2
32308,0
32309,4
32310,0
32311,4
32312,4
32313,1
32314,7
32315,4
32316,7
32317,6
32318,7
32319,3
32320,9
32321,1
32322,9
32323,4
32324,8
32325,1
32326,9
32327,5
32328,2
32329,6
32330,6
32331,1
32332,0
32333,5
32334,6
32335,2
32336,9
32337,0
32338,7
32339,4
32340,2
32341,7
32342,5
32343,5
32344,9
32345,9
32346,0
32347,8
32348,1
32349,4
32350,4
32351,5
32352,0
32353,8
32354,9
32355,4
32356,5
32357,0
32358,6
32359,6
32360,2
32361,0
32362,7
32363,6
32364,9
32365,7
32366,4
32367,3
32368,3
32369,3
32370,4
32371,3
32372,7
32373,6
32374,8
32375,2
32376,3
32377,0
32378,0
32379,8
32380,8
32381,8
32382,1
32383,4
32384,9
32385,7
32386,7
32387,7
32388,0
32389,2
32390,9
32391,8
32392,7
32393,4
32394,4
32395,1
32396,7
32397,8
32398,3
32399,6
32400,0
32401,4
32402,6
32403,4
32404,2
32405,0
32406,3
32407,7
32408,8
32409,6
32410,0
32411,4
32412,4
32413,3
32414,0
32415,9
32416,4
32417,2
32418,4
32419,2
32420,1
32421,9
32422,4
32423,9
32424,8
32425,0
32426,1
32427,6
32428,7
32429,8
32430,7
32431,6
32432,6
32433,2
32434,4
32435,9
32436,1
32437,2
32438,4
32439,9
32440,3
32441,2
32442,3
32443,3
32444,3
32445,6
32446,5
32447,5
32448,9
32449,7
32450,1
32451,1
32452,5
32453,3
32454,1
32455,9
32456,0
32457,8
32458,1
32459,3
32460,3
32461,1
32462,2
32463,3
32464,4
32465,2
32466,9
32467,9
32468,5
32469,7
32470,1
32471,0
32472,7
32473,5
32474,4
32475,5
32476,6
32477,1
32478,6
32479,6
32480,6
32481,9
32482,1
32483,6
32484,2
32485,6
32486,0
32487,9
32488,7
32489,8
32490,5
32491,8
32492,8
32493,1
32494,7
32495,7
32496,6
32497,9
32498,8
32499,8
32500,6
32501,8
32502,7
32503,2
32504,3
32505,6
32506,9
32507,3
32508,6
32509,3
32510,1
32511,9
32512,4
32513,8
32514,3
32515,7
32516,4
32517,0
32518,5
32519,9
32520,0
32521,4
32522,0
32523,6
32524,4
32525,5
32526,4
32527,9
32528,1
32529,5
32530,9
32531,9
32532,1
32533,9
32534,7
32535,7
32536,3
32537,9
32538,3
32539,6
32540,6
32541,6
32542,9
32543,5
32544,4
32545,3
32546,9
32547,6
32548,2
32549,5
32550,5
32551,9
32552,9
32553,2
32554,0
32555,7
32556,0
32557,5
32558,4
32559,0
32560,8
32561,7
32562,2
32563,2
32564,0
32565,8
32566,8
32567,8
32568,3
32569,5
32570,9
32571,6
32572,8
32573,1
32574,3
32575,5
32576,2
32577,1
32578,2
32579,4
32580,7
32581,1
32582,6
32583,7
32584,4
32585,1
32586,4
32587,2
32588,5
32589,6
32590,0
32591,9
32592,2
32593,5
32594,3
32595,8
32596,1
32597,6
32598,7
32599,1
32600,7
32601,7
32602,9
32603,6
32604,9
32605,5
32606,2
32607,1
32608,7
32609,9
32610,6
32611,8
32612,6
32613,8
32614,6
32615,0
32616,5
32617,9
32618,0
32619,0
32620,0
32621,1
32622,7
32623,8
32624,7
32625,4
32626,3
32627,4
32628,7
32629,3
32630,8
32631,1
32632,8
32633,3
32634,1
32635,0
32636,5
32637,6
32638,3
32639,8
32640,0
32641,0
32642,1
32643,6
32644,1
32645,2
32646,9
32647,1
32648,6
32649,9
32650,8
32651,7
32652,2
32653,3
32654,0
32655,3
32656,3
32657,2
32658,2
32659,4
32660,0
32661,1
32662,0
32663,4
32664,1
32665,0
32666,8
32667,3
32668,4
32669,1
32670,7
32671,4
32672,3
32673,0
32674,0
32675,3
32676,3
32677,7
32678,8
32679,2
32680,4
32681,5
32682,4
32683,7
32684,5
32685,7
32686,4
32687,1
32688,0
32689,3
32690,9
32691,9
32692,6
32693,9
32694,5
32695,0
32696,3
32697,7
32698,5
32699,0
32700,4
32701,8
32702,7
32703,0
32704,1
32705,9
32706,5
32707,6
32708,7
32709,7
32710,3
32711,4
32712,2
32713,3
32714,4
32715,7
32716,2
32717,2
32718,5
32719,3
32720,8
32721,4
32722,6
32723,0
32724,1
32725,5
32726,9
32727,3
32728,2
32729,6
32730,6
32731,6
32732,1
32733,7
32734,9
32735,0
32736,0
32737,8
32738,7
32739,4
32740,8
32741,8
32742,7
32743,0
32744,0
32745,0
32746,8
32747,1
32748,4
32749,8
32750,9
32751,0
32752,5
32753,7
32754,7
32755,4
32756,8
32757,1
32758,8
32759,1
32760,3
32761,9
32762,2
32763,6
32764,9
32765,8
32766,5
32767,2
32768,7
32769,7
32770,4
32771,6
32772,2
32773,5
32774,4
32775,1
32776,4
32777,5
32778,9
32779,3
32780,4
32781,1
32782,4
32783,8
32784,4
32785,1
32786,6
32787,2
32788,9
32789,8
32790,9
32791,8
32792,1
32793,5
32794,7
32795,5
32796,1
32797,9
32798,0
32799,2
32800,0
32801,7
32802,8
32803,6
32804,1
32805,5
32806,7
32807,9
32808,5
32809,2
32810,1
32811,5
32812,3
32813,8
32814,0
32815,5
32816,6
32817,0
32818,7
32819,7
32820,8
32821,7
32822,4
32823,0
32824,8
32825,9
32826,0
32827,3
32828,6
32829,7
32830,9
32831,9
32832,0
32833,0
32834,7
32835,4
32836,2
32837,2
32838,9
32839,7
32840,7
32841,7
32842,3
32843,4
32844,5
32845,0
32846,8
32847,1
32848,2
32849,6
32850,5
32851,0
32852,2
32853,1
32854,2
32855,3
32856,9
32857,6
32858,6
32859,6
32860,3
32861,7
32862,4
32863,0
32864,9
32865,3
32866,2
32867,9
32868,3
32869,7
32870,1
32871,1
32872,4
32873,3
32874,4
32875,6
32876,8
32877,5
32878,3
32879,6
32880,4
32881,6
32882,3
32883,0
32884,5
32885,4
32886,9
32887,0
32888,1
32889,8
32890,1
32891,0
32892,1
32893,1
32894,3
32895,4
32896,0
32897,9
32898,1
32899,9
32900,0
32901,9
32902,0
32903,0
32904,9
32905,2
32906,7
32907,1
32908,9
32909,3
32910,4
32911,9
32912,1
32913,8
32914,8
32915,6
32916,3
32917,2
32918,7
32919,1
32920,5
32921,0
32922,4
32923,9
32924,2
32925,9
32926,5
32927,1
32928,5
32929,7
32930,5
32931,1
32932,8
32933,4
32934,9
32935,2
32936,9
32937,3
32938,9
32939,4
32940,4
32941,2
32942,8
32943,8
32944,9
32945,8
32946,5
32947,4
32948,4
32949,8
32950,2
32951,2
32952,8
32953,6
32954,3
32955,0
32956,9
32957,4
32958,4
32959,0
32960,8
32961,6
32962,5
32963,3
32964,6
32965,1
32966,1
32967,4
32968,9
32969,3
32970,8
32971,7
32972,3
32973,2
32974,8
32975,9
32976,2
32977,5
32978,1
32979,6
32980,7
32981,3
32982,0
32983,2
32984,5
32985,0
32986,4
32987,0
32988,0
32989,0
32990,0
32991,9
32992,4
32993,1
32994,3
32995,8
32996,1
32997,4
32998,6
32999,1
33000,6
33001,4
33002,2
33003,6
33004,9
33005,2
33006,9
33007,0
33008,6
33009,5
33010,4
33011,4
33012,6
33013,5
33014,9
33015,2
33016,8
33017,9
33018,0
33019,6
33020,1
33021,9
33022,3
33023,9
33024,6
33025,4
33026,1
33027,6
33028,1
33029,6
33030,2
33031,2
33032,2
33033,5
33034,4
33035,9
33036,0
33037,3
33038,2
33039,7
33040,4
33041,8
33042,5
33043,3
33044,4
33045,9
33046,3
33047,3
33048,7
33049,0
33050,7
33051,9
33052,2
33053,0
33054,5
33055,5
33056,2
33057,5
33058,4
33059,9
33060,1
33061,7
33062,8
33063,9
33064,7
33065,9
33066,3
33067,4
33068,9
33069,4
33070,3
33071,4
33072,4
33073,0
33074,0
33075,0
33076,2
33077,6
33078,3
33079,7
33080,3
33081,3
33082,6
33083,6
33084,1
33085,4
33086,0
33087,3
33088,9
33089,0
33090,1
33091,4
33092,0
33093,9
33094,9
33095,2
33096,1
33097,6
33098,6
33099,1
33100,1
33101,9
33102,0
33103,6
33104,4
33105,5
33106,5
33107,6
33108,7
33109,9
33110,8
33111,6
33112,2
33113,2
33114,2
33115,4
33116,2
33117,0
33118,2
33119,3
33120,2
33121,5
33122,0
33123,5
33124,7
33125,9
33126,8
33127,7
33128,9
33129,8
33130,0
33131,8
33132,9
33133,8
33134,8
33135,9
33136,5
33137,3
33138,4
33139,4
33140,6
33141,5
33142,1
33143,1
33144,6
33145,9
33146,7
33147,9
33148,8
33149,1
33150,5
33151,2
33152,3
33153,3
33154,6
33155,0
33156,2
33157,7
33158,2
33159,4
33160,4
33161,0
33162,5
33163,4
33164,1
33165,5
33166,8
33167,3
33168,9
33169,0
33170,2
33171,9
33172,5
33173,3
33174,9
33175,0
33176,1
33177,5
33178,1
33179,9
33180,7
33181,5
33182,4
33183,5
33184,0
33185,9
33186,6
33187,5
33188,4
33189,2
33190,4
33191,4
33192,4
33193,2
33194,4
33195,5
33196,0
33197,3
33198,1
33199,2
33200,0
33201,1
33202,6
33203,3
33204,3
33205,0
33206,0
33207,7
33208,5
33209,1
33210,9
33211,7
33212,3
33213,2
33214,1
33215,2
33216,6
33217,7
33218,7
33219,5
33220,2
33221,9
33222,4
33223,5
33224,9
33225,0
33226,3
33227,0
33228,3
33229,4
33230,4
33231,4
33232,0
33233,3
33234,5
33235,2
33236,7
33237,4
33238,4
33239,5
33240,8
33241,2
33242,3
33243,4
33244,3
33245,9
33246,0
33247,4
33248,6
33249,1
33250,8
33251,8
33252,7
33253,0
33254,1
33255,3
33256,8
33257,0
33258,7
33259,0
33260,4
33261,1
33262,0
33263,8
33264,4
33265,8
33266,7
33267,0
33268,0
33269,0
33270,0
33271,1
33272,8
33273,1
33274,0
33275,3
33276,8
33277,0
33278,5
33279,1
33280,0
33281,0
33282,8
33283,1
33284,9
33285,7
33286,5
33287,6
33288,0
33289,7
33290,9
33291,9
33292,9
33293,5
33294,2
33295,7
33296,1
33297,5
33298,3
33299,5
33300,7
33301,0
33302,8
33303,0
33304,8
33305,4
33306,1
33307,9
33308,9
33309,6
33310,6
33311,7
33312,8
33313,7
33314,4
33315,4
33316,8
33317,3
33318,5
33319,5
33320,0
33321,3
33322,9
33323,6
33324,9
33325,4
33326,3
33327,4
33328,9
33329,2
33330,3
33331,9
33332,7
33333,9
33334,0
33335,1
33336,9
33337,8
33338,8
33339,9
33340,5
33341,3
33342,1
33343,1
33344,9
33345,8
33346,6
33347,3
33348,0
33349,0
33350,5
33351,7
33352,1
33353,2
33354,9
33355,1
33356,4
33357,8
33358,4
33359,1
33360,3
33361,7
33362,3
33363,6
33364,3
33365,6
33366,7
33367,9
33368,7
33369,3
33370,3
33371,5
33372,0
33373,9
33374,8
33375,2
33376,4
33377,0
33378,4
33379,4
33380,2
33381,7
33382,3
33383,6
33384,9
33385,3
33386,7
33387,1
33388,1
33389,3
33390,8
33391,8
33392,7
33393,4
33394,5
33395,4
33396,0
33397,9
33398,9
33399,3
33400,2
33401,1
33402,4
33403,2
33404,2
33405,3
33406,7
33407,2
33408,2
33409,0
33410,6
33411,4
33412,0
33413,2
33414,9
33415,1
33416,9
33417,0
33418,6
33419,8
33420,1
33421,8
33422,6
33423,2
33424,6
33425,9
33426,2
33427,8
33428,1
33429,1
33430,7
33431,9
33432,3
33433,7
33434,9
33435,3
33436,9
33437,2
33438,3
33439,8
33440,6
33441,7
33442,8
33443,5
33444,2
33445,7
33446,5
33447,5
33448,7
33449,0
33450,5
33451,6
33452,2
33453,4
33454,8
33455,7
33456,2
33457,2
33458,0
33459,9
33460,8
33461,7
33462,7
33463,7
33464,2
33465,6
33466,9
33467,0
33468,5
33469,5
33470,6
33471,9
33472,7
33473,6
33474,1
33475,9
33476,2
33477,1
33478,7
33479,4
33480,3
33481,2
33482,1
33483,2
33484,4
33485,4
33486,3
33487,0
33488,2
33489,1
33490,2
33491,6
33492,1
33493,8
33494,0
33495,3
33496,8
33497,3
33498,2
33499,1
33500,5
33501,5
33502,5
33503,0
33504,1
33505,4
33506,6
33507,3
33508,6
33509,1
33510,7
33511,8
33512,8
33513,4
33514,8
33515,8
33516,6
33517,0
33518,8
33519,7
33520,4
33521,0
33522,6
33523,0
33524,4
33525,3
33526,0
33527,4
33528,3
33529,1
33530,3
33531,5
33532,2
33533,5
33534,9
33535,3
33536,5
33537,7
33538,7
33539,0
33540,2
33541,0
33542,0
33543,4
33544,5
33545,2
33546,3
33547,2
33548,3
33549,2
33550,7
33551,5
33552,9
33553,2
33554,2
33555,6
33556,6
33557,4
33558,3
33559,7
33560,9
33561,2
33562,4
33563,8
33564,1
33565,7
33566,3
33567,2
33568,5
33569,4
33570,2
33571,5
33572,2
33573,9
33574,9
33575,7
33576,2
33577,1
33578,0
33579,0
33580,3
33581,8
33582,8
33583,4
33584,8
33585,8
33586,0
33587,1
33588,2
33589,8
33590,4
33591,2
33592,1
33593,8
33594,2
33595,8
33596,2
33597,4
33598,5
33599,1
33600,6
33601,3
33602,9
33603,1
33604,0
33605,6
33606,8
33607,5
33608,6
33609,6
33610,1
33611,3
33612,9
33613,6
33614,7
33615,5
33616,3
33617,2
33618,4
33619,1
33620,8
33621,6
33622,1
33623,8
33624,1
33625,4
33626,7
33627,6
33628,4
33629,6
33630,1
33631,4
33632,1
33633,0
33634,3
33635,8
33636,7
33637,6
33638,1
33639,7
33640,1
33641,6
33642,7
33643,2
33644,0
33645,3
33646,0
33647,2
33648,3
33649,7
33650,3
33651,4
33652,8
33653,8
33654,0
33655,8
33656,5
33657,1
33658,9
33659,6
33660,6
33661,5
33662,8
33663,2
33664,6
33665,9
33666,5
33667,2
33668,0
33669,1
33670,4
33671,1
33672,9
33673,9
33674,4
33675,9
33676,2
33677,0
33678,6
33679,7
33680,7
33681,5
33682,7
33683,6
33684,4
33685,8
33686,3
33687,0
33688,4
33689,1
33690,8
33691,6
33692,8
33693,7
33694,8
33695,3
33696,7
33697,7
33698,7
33699,7
33700,9
33701,3
33702,1
33703,6
33704,3
33705,6
33706,2
33707,2
33708,0
33709,2
33710,1
33711,6
33712,4
33713,4
33714,8
33715,6
33716,2
33717,1
33718,8
33719,4
33720,8
33721,4
33722,6
33723,7
33724,4
33725,3
33726,3
33727,0
33728,4
33729,5
33730,1
33731,2
33732,7
33733,3
33734,8
33735,8
33736,2
33737,3
33738,6
33739,9
33740,7
33741,4
33742,0
33743,0
33744,4
33745,1
33746,3
33747,1
33748,6
33749,0
33750,0
33751,7
33752,7
33753,2
33754,7
33755,4
33756,5
33757,2
33758,1
33759,0
33760,4
33761,0
33762,6
33763,4
33764,2
33765,8
33766,3
33767,8
33768,1
33769,7
33770,1
33771,2
33772,5
33773,8
33774,0
33775,1
33776,1
33777,7
33778,0
33779,8
33780,0
33781,8
33782,1
33783,2
33784,6
33785,0
33786,8
33787,9
33788,3
33789,4
33790,6
33791,7
33792,4
33793,9
33794,9
33795,5
33796,6
33797,8
33798,8
33799,0
33800,3
33801,7
33802,4
33803,0
33804,3
33805,5
33806,7
33807,1
33808,5
33809,1
33810,0
33811,1
33812,7
33813,8
33814,5
33815,1
33816,6
33817,5
33818,7
33819,4
33820,8
33821,0
33822,6
33823,8
33824,1
33825,8
33826,6
33827,4
33828,3
33829,5
33830,4
33831,8
33832,6
33833,9
33834,3
33835,0
33836,7
33837,4
33838,6
33839,6
33840,7
33841,0
33842,1
33843,1
33844,0
33845,0
33846,4
33847,1
33848,1
33849,9
33850,8
33851,8
33852,1
33853,0
33854,9
33855,3
33856,4
33857,1
33858,8
33859,4
33860,7
33861,8
33862,5
33863,9
33864,7
33865,0
33866,8
33867,3
33868,8
33869,0
33870,1
33871,0
33872,0
33873,7
33874,5
33875,4
33876,1
33877,9
33878,7
33879,2
33880,2
33881,7
33882,0
33883,9
33884,0
33885,6
33886,3
33887,5
33888,2
33889,9
33890,9
33891,6
33892,4
33893,3
33894,2
33895,8
33896,0
33897,9
33898,5
33899,2
33900,4
33901,7
33902,9
33903,6
33904,9
33905,2
33906,4
33907,3
33908,9
33909,3
33910,5
33911,6
33912,7
33913,0
33914,1
33915,4
33916,3
33917,7
33918,8
33919,4
33920,4
33921,9
33922,2
33923,9
33924,5
33925,2
33926,0
33927,8
33928,6
33929,1
33930,0
33931,9
33932,9
33933,3
33934,3
33935,2
33936,8
33937,6
33938,0
33939,7
33940,3
33941,5
33942,8
33943,8
33944,4
33945,3
33946,9
33947,2
33948,7
33949,3
33950,1
33951,9
33952,8
33953,4
33954,9
33955,0
33956,8
33957,1
33958,0
33959,7
33960,8
33961,0
33962,4
33963,0
33964,4
33965,0
33966,9
33967,3
33968,9
33969,4
33970,6
33971,9
33972,9
33973,5
33974,9
33975,5
33976,5
33977,0
33978,2
33979,2
33980,2
33981,1
33982,8
33983,9
33984,4
33985,3
33986,9
33987,6
33988,4
33989,6
33990,9
33991,2
33992,7
33993,5
33994,6
33995,6
33996,0
33997,4
33998,4
33999,7
34000,7
34001,4
34002,5
34003,3
34004,7
34005,8
34006,9
34007,8
34008,8
34009,3
34010,5
34011,6
34012,8
34013,6
34014,1
34015,1
34016,4
34017,6
34018,2
34019,6
34020,0
34021,6
34022,3
34023,1
34024,5
34025,8
34026,3
34027,7
34028,9
34029,5
34030,7
34031,0
34032,1
34033,4
34034,4
34035,5
34036,7
34037,9
34038,9
34039,2
34040,1
34041,2
34042,5
34043,9
34044,6
34045,3
34046,3
34047,6
34048,3
34049,6
34050,7
34051,9
34052,7
34053,8
34054,4
34055,0
34056,2
34057,4
34058,4
34059,3
34060,3
34061,9
34062,7
34063,8
34064,4
34065,9
34066,7
34067,8
34068,6
34069,7
34070,0
34071,9
34072,2
34073,4
34074,3
34075,0
34076,5
34077,4
34078,5
34079,0
34080,1
34081,7
34082,9
34083,2
34084,4
34085,3
34086,2
34087,3
34088,5
34089,1
34090,6
34091,5
34092,0
34093,2
34094,3
34095,4
34096,8
34097,0
34098,1
34099,2
34100,6
34101,9
34102,8
34103,5
34104,6
34105,1
34106,8
34107,8
34108,6
34109,1
34110,6
34111,2
34112,5
34113,0
34114,8
34115,3
34116,3
34117,2
34118,1
34119,3
34120,1
34121,6
34122,5
34123,0
34124,0
34125,4
34126,9
34127,4
34128,3
34129,5
34130,1
34131,5
34132,7
34133,8
34134,9
34135,7
34136,3
34137,2
34138,9
34139,7
34140,8
34141,7
34142,5
34143,9
34144,6
34145,5
34146,1
34147,8
34148,2
34149,0
34150,5
34151,0
34152,0
34153,7
34154,3
34155,1
34156,3
34157,7
34158,4
34159,6
34160,3
34161,2
34162,9
34163,8
34164,3
34165,3
34166,5
34167,5
34168,3
34169,4
34170,7
34171,2
34172,4
34173,1
34174,2
34175,7
34176,3
34177,8
34178,3
34179,2
34180,5
34181,0
34182,7
34183,2
34184,1
34185,9
34186,3
34187,6
34188,5
34189,8
34190,1
34191,5
34192,7
34193,4
34194,9
34195,7
34196,7
34197,7
34198,1
34199,0
34200,6
34201,0
34202,1
34203,2
34204,4
34205,7
34206,4
34207,2
34208,1
34209,4
34210,2
34211,5
34212,9
34213,7
34214,3
34215,9
34216,4
34217,3
34218,9
34219,4
34220,2
34221,5
34222,7
34223,9
34224,1
34225,6
34226,9
34227,0
34228,3
34229,9
34230,3
34231,2
34232,6
34233,5
34234,8
34235,2
34236,8
34237,3
34238,3
34239,9
34240,1
34241,0
34242,2
34243,5
34244,3
34245,9
34246,7
34247,1
34248,2
34249,7
34250,2
34251,4
34252,9
34253,5
34254,1
34255,5
34256,1
34257,4
34258,4
34259,7
34260,8
34261,1
34262,0
34263,4
34264,2
34265,7
34266,3
34267,0
34268,5
34269,0
34270,7
34271,7
34272,0
34273,6
34274,6
34275,0
34276,0
34277,3
34278,6
34279,1
34280,6
34281,4
34282,6
34283,9
34284,3
34285,3
34286,4
34287,1
34288,1
34289,3
34290,1
34291,0
34292,5
34293,6
34294,5
34295,5
34296,2
34297,3
34298,1
34299,6
34300,1
34301,7
34302,2
34303,5
34304,6
34305,9
34306,5
34307,9
34308,7
34309,3
34310,5
34311,5
34312,7
34313,5
34314,1
34315,2
34316,0
34317,8
34318,4
34319,8
34320,0
34321,4
34322,4
34323,7
34324,9
34325,4
34326,0
34327,0
34328,1
34329,7
34330,2
34331,2
34332,3
34333,1
34334,4
34335,2
34336,6
34337,6
34338,6
34339,1
34340,5
34341,4
34342,4
34343,5
34344,2
34345,4
34346,2
34347,5
34348,0
34349,6
34350,4
34351,3
34352,9
34353,0
34354,3
34355,5
34356,5
34357,2
34358,0
34359,0
34360,0
34361,5
34362,8
34363,3
34364,5
34365,2
34366,5
34367,8
34368,7
34369,4
34370,1
34371,6
34372,9
34373,7
34374,9
34375,4
34376,0
34377,5
34378,0
34379,7
34380,0
34381,9
34382,6
34383,0
34384,2
34385,0
34386,7
34387,7
34388,0
34389,8
34390,8
34391,0
34392,1
34393,6
34394,8
34395,6
34396,5
34397,2
34398,4
34399,2
34400,2
34401,3
34402,9
34403,7
34404,9
34405,2
34406,8
34407,7
34408,1
34409,9
34410,8
34411,4
34412,3
34413,5
34414,1
34415,4
34416,6
34417,1
34418,7
34419,0
34420,3
34421,9
34422,9
34423,8
34424,5
34425,7
34426,3
34427,5
34428,3
34429,5
34430,1
34431,7
34432,9
34433,7
34434,5
34435,1
34436,2
34437,9
34438,4
34439,8
34440,2
34441,1
34442,4
34443,7
34444,8
34445,9
34446,1
34447,5
34448,1
34449,7
34450,0
34451,7
34452,4
34453,3
34454,2
34455,3
34456,7
34457,4
34458,6
34459,5
34460,0
34461,7
34462,4
34463,3
34464,6
34465,2
34466,8
34467,4
34468,5
34469,3
34470,9
34471,3
34472,8
34473,7
34474,0
34475,2
34476,3
34477,9
34478,7
34479,6
34480,7
34481,2
34482,2
34483,2
34484,8
34485,1
34486,9
34487,6
34488,0
34489,2
34490,6
34491,0
34492,9
34493,1
34494,4
34495,4
34496,6
34497,8
34498,0
34499,9
34500,2
34501,9
34502,4
34503,6
34504,5
34505,6
34506,6
34507,9
34508,9
34509,8
34510,7
34511,9
34512,0
34513,5
34514,6
34515,1
34516,3
34517,8
34518,9
34519,1
34520,7
34521,3
34522,1
34523,3
34524,4
34525,0
34526,2
34527,3
34528,6
34529,1
34530,9
34531,9
34532,1
34533,6
34534,3
34535,3
34536,0
34537,3
34538,2
34539,0
34540,4
34541,5
34542,0
34543,5
34544,5
34545,3
34546,4
34547,7
34548,2
34549,2
34550,2
34551,9
34552,3
34553,8
34554,1
34555,2
34556,4
34557,4
34558,2
34559,8
34560,0
34561,8
34562,2
34563,4
34564,8
34565,4
34566,2
34567,7
34568,1
34569,3
34570,7
34571,3
34572,0
34573,1
34574,3
34575,6
34576,4
34577,9
34578,2
34579,6
34580,0
34581,9
34582,7
34583,7
34584,9
34585,1
34586,4
34587,0
34588,2
34589,7
34590,5
34591,8
34592,4
34593,5
34594,5
34595,3
34596,4
34597,0
34598,2
34599,3
34600,6
34601,4
34602,8
34603,9
34604,4
34605,0
34606,6
34607,3
34608,9
34609,3
34610,2
34611,1
34612,5
34613,0
34614,3
34615,5
34616,6
34617,5
34618,1
34619,5
34620,7
34621,8
34622,0
34623,8
34624,7
34625,3
34626,1
34627,4
34628,7
34629,6
34630,1
34631,4
34632,3
34633,5
34634,7
34635,7
34636,8
34637,4
34638,7
34639,8
34640,0
34641,9
34642,4
34643,6
34644,7
34645,8
34646,4
34647,8
34648,9
34649,3
34650,1
34651,0
34652,7
34653,7
34654,9
34655,9
34656,7
34657,1
34658,3
34659,1
34660,8
34661,4
34662,8
34663,2
34664,9
34665,5
34666,8
34667,4
34668,3
34669,2
34670,9
34671,3
34672,4
34673,3
34674,5
34675,7
34676,0
34677,6
34678,1
34679,7
34680,3
34681,9
34682,3
34683,9
34684,1
34685,1
34686,5
34687,5
34688,0
34689,3
34690,5
34691,1
34692,6
34693,9
34694,0
34695,8
34696,3
34697,8
34698,1
34699,9
34700,5
34701,6
34702,0
34703,9
34704,1
34705,7
34706,0
34707,4
34708,3
34709,8
34710,5
34711,8
34712,5
34713,2
34714,3
34715,2
34716,3
34717,7
34718,8
34719,6
34720,1
34721,3
34722,8
34723,1
34724,1
34725,6
34726,0
34727,3
34728,4
34729,7
34730,3
34731,9
34732,4
34733,4
34734,1
34735,0
34736,7
34737,2
34738,2
34739,5
34740,5
34741,8
34742,8
34743,4
34744,4
34745,6
34746,7
34747,8
34748,5
34749,2
34750,6
34751,2
34752,8
34753,7
34754,0
34755,1
34756,2
34757,6
34758,4
34759,0
34760,6
34761,0
34762,7
34763,4
34764,6
34765,4
34766,1
34767,1
34768,9
34769,5
34770,0
34771,8
34772,0
34773,2
34774,7
34775,3
34776,3
34777,2
34778,9
34779,0
34780,2
34781,5
34782,5
34783,7
34784,5
34785,1
34786,7
34787,9
34788,1
34789,5
34790,9
34791,5
34792,4
34793,2
34794,0
34795,1
34796,7
34797,3
34798,5
34799,6
34800,2
34801,1
34802,1
34803,8
34804,8
34805,6
34806,5
34807,0
34808,3
34809,1
34810,0
34811,8
34812,4
34813,9
34814,2
34815,5
34816,7
34817,1
34818,2
34819,7
34820,5
34821,6
34822,7
34823,4
34824,7
34825,0
34826,8
34827,6
34828,8
34829,6
34830,7
34831,1
34832,9
34833,4
34834,7
34835,8
34836,5
34837,1
34838,8
34839,6
34840,5
34841,3
34842,1
34843,9
34844,6
34845,7
34846,5
34847,5
34848,5
34849,5
34850,4
34851,1
34852,5
34853,6
34854,9
34855,2
34856,3
34857,2
34858,8
34859,7
34860,4
34861,5
34862,4
34863,3
34864,3
34865,3
34866,7
34867,2
34868,1
34869,8
34870,9
34871,8
34872,4
34873,8
34874,3
34875,3
34876,0
34877,1
34878,5
34879,6
34880,9
34881,4
34882,4
34883,4
34884,0
34885,1
34886,3
34887,8
34888,3
34889,1
34890,6
34891,1
34892,9
34893,6
34894,2
34895,1
34896,6
34897,5
34898,7
34899,1
34900,2
34901,0
34902,5
34903,9
34904,4
34905,8
34906,1
34907,2
34908,6
34909,5
34910,2
34911,5
34912,3
34913,0
34914,5
34915,2
34916,3
34917,4
34918,4
34919,9
34920,0
34921,5
34922,5
34923,6
34924,8
34925,0
34926,4
34927,0
34928,1
34929,2
34930,7
34931,7
34932,0
34933,8
34934,4
34935,8
34936,5
34937,8
34938,9
34939,1
34940,4
34941,9
34942,1
34943,5
34944,9
34945,3
34946,1
34947,2
34948,6
34949,2
34950,0
34951,8
34952,2
34953,7
34954,0
34955,7
34956,9
34957,1
34958,7
34959,4
34960,1
34961,7
34962,7
34963,7
34964,1
34965,3
34966,2
34967,9
34968,6
34969,6
34970,1
34971,1
34972,5
34973,1
34974,6
34975,8
34976,8
34977,3
34978,8
34979,6
34980,9
34981,9
34982,1
34983,6
34984,9
34985,4
34986,3
34987,7
34988,3
34989,3
34990,8
34991,7
34992,9
34993,0
34994,1
34995,1
34996,2
34997,2
34998,8
34999,1
35000,1
35001,6
35002,0
35003,9
35004,9
35005,1
35006,3
35007,0
35008,8
35009,8
35010,3
35011,8
35012,3
35013,1
35014,4
35015,3
35016,5
35017,5
35018,3
35019,6
35020,6
35021,6
35022,0
35023,6
35024,1
35025,1
35026,0
35027,4
35028,9
35029,8
35030,7
35031,8
35032,1
35033,2
35034,0
35035,7
35036,3
35037,2
35038,7
35039,2
35040,0
35041,7
35042,4
35043,0
35044,1
35045,3
35046,2
35047,3
35048,2
35049,2
35050,8
35051,1
35052,7
35053,4
35054,4
35055,8
35056,2
35057,0
35058,0
35059,4
35060,6
35061,7
35062,4
35063,7
35064,8
35065,4
35066,8
35067,7
35068,6
35069,8
35070,6
35071,3
35072,5
35073,5
35074,8
35075,8
35076,5
35077,1
35078,5
35079,9
35080,1
35081,8
35082,9
35083,5
35084,1
35085,7
35086,4
35087,0
35088,8
35089,8
35090,2
35091,2
35092,9
35093,8
35094,1
35095,2
35096,5
35097,3
35098,9
35099,8
35100,7
35101,9
35102,2
35103,3
35104,6
35105,4
35106,9
35107,1
35108,7
35109,0
35110,8
35111,9
35112,5
35113,7
35114,1
35115,9
35116,7
35117,2
35118,3
35119,6
35120,8
35121,7
35122,0
35123,9
35124,8
35125,2
35126,0
35127,5
35128,4
35129,9
35130,4
35131,6
35132,2
35133,3
35134,3
35135,8
35136,3
35137,2
35138,8
35139,1
35140,3
35141,9
35142,2
35143,1
35144,5
35145,5
35146,8
35147,1
35148,3
35149,3
35150,2
35151,4
35152,2
35153,3
35154,4
35155,4
35156,8
35157,1
35158,6
35159,9
35160,5
35161,1
35162,0
35163,3
35164,0
35165,7
35166,8
35167,2
35168,1
35169,7
35170,3
35171,0
35172,2
35173,1
35174,4
35175,6
35176,4
35177,0
35178,2
35179,5
35180,3
35181,8
35182,6
35183,6
35184,0
35185,3
35186,4
35187,9
35188,8
35189,2
35190,3
35191,7
35192,2
35193,6
35194,0
35195,7
35196,4
35197,6
35198,2
35199,1
35200,1
35201,7
35202,6
35203,0
35204,3
35205,7
35206,7
35207,9
35208,1
35209,6
35210,4
35211,2
35212,3
35213,5
35214,8
35215,9
35216,3
35217,2
35218,2
35219,9
35220,7
35221,9
35222,9
35223,7
35224,5
35225,8
35226,2
35227,1
35228,7
35229,7
35230,2
35231,9
35232,3
35233,8
35234,1
35235,6
35236,8
35237,7
35238,0
35239,7
35240,2
35241,6
35242,8
35243,5
35244,5
35245,4
35246,8
35247,2
35248,6
35249,9
35250,8
35251,3
35252,5
35253,6
35254,2
35255,7
35256,3
35257,4
35258,3
35259,4
35260,9
35261,9
35262,4
35263,6
35264,9
35265,8
35266,3
35267,1
35268,6
35269,3
35270,7
35271,8
35272,5
35273,1
35274,4
35275,4
35276,3
35277,8
35278,8
35279,5
35280,7
35281,7
35282,6
35283,3
35284,7
35285,7
35286,8
35287,6
35288,9
35289,9
35290,2
35291,8
35292,5
35293,1
35294,5
35295,2
35296,1
35297,4
35298,0
35299,2
35300,7
35301,3
35302,0
35303,2
35304,5
35305,8
35306,8
35307,7
35308,1
35309,6
35310,9
35311,6
35312,1
35313,3
35314,6
35315,9
35316,5
35317,5
35318,9
35319,6
35320,3
35321,3
35322,4
35323,4
35324,3
35325,1
35326,5
35327,0
35328,7
35329,0
35330,9
35331,3
35332,1
35333,0
35334,3
35335,5
35336,7
35337,5
35338,2
35339,0
35340,0
35341,4
35342,9
35343,6
35344,0
35345,8
35346,0
35347,2
35348,0
35349,1
35350,0
35351,9
35352,8
35353,0
35354,1
35355,3
35356,1
35357,3
35358,3
35359,9
35360,0
35361,5
35362,1
35363,0
35364,3
35365,3
35366,3
35367,7
35368,2
35369,2
35370,2
35371,6
35372,0
35373,3
35374,4
35375,0
35376,2
35377,7
35378,9
35379,8
35380,9
35381,6
35382,0
35383,5
35384,6
35385,9
35386,2
35387,9
35388,1
35389,0
35390,5
35391,6
35392,3
35393,0
35394,7
35395,7
35396,1
35397,8
35398,3
35399,1
35400,4
35401,5
35402,4
35403,2
35404,0
35405,0
35406,9
35407,3
35408,5
35409,2
35410,6
35411,5
35412,0
35413,5
35414,2
35415,0
35416,2
35417,2
35418,3
35419,1
35420,6
35421,4
35422,8
35423,6
35424,8
35425,3
35426,7
35427,7
35428,7
35429,9
35430,8
35431,1
35432,4
35433,8
35434,1
35435,0
35436,4
35437,0
35438,5
35439,4
35440,2
35441,3
35442,6
35443,9
35444,7
35445,7
35446,2
35447,3
35448,4
35449,4
35450,1
35451,2
35452,8
35453,2
35454,4
35455,4
35456,6
35457,3
35458,0
35459,0
35460,1
35461,2
35462,1
35463,0
35464,7
35465,6
35466,3
35467,0
35468,1
35469,4
35470,2
35471,5
35472,2
35473,1
35474,8
35475,2
35476,8
35477,6
35478,1
35479,9
35480,1
35481,8
35482,1
35483,2
35484,8
35485,5
35486,4
35487,2
35488,6
35489,6
35490,9
35491,0
35492,3
35493,9
35494,1
35495,6
35496,4
35497,0
35498,8
35499,6
35500,1
35501,0
35502,1
35503,6
35504,1
35505,5
35506,3
35507,6
35508,4
35509,1
35510,5
35511,4
35512,0
35513,6
35514,0
35515,5
35516,2
35517,5
35518,0
35519,6
35520,5
35521,9
35522,7
35523,8
35524,1
35525,3
35526,1
35527,8
35528,4
35529,2
35530,3
35531,0
35532,9
35533,1
35534,3
35535,0
35536,0
35537,5
35538,3
35539,0
35540,0
35541,8
35542,7
35543,8
35544,3
35545,0
35546,3
35547,6
35548,5
35549,1
35550,4
35551,0
35552,1
35553,1
35554,6
35555,2
35556,4
35557,3
35558,3
35559,8
35560,7
35561,5
35562,2
35563,4
35564,3
35565,1
35566,8
35567,7
35568,7
35569,0
35570,4
35571,5
35572,1
35573,2
35574,4
35575,0
35576,7
35577,8
35578,4
35579,3
35580,4
35581,6
35582,1
35583,7
35584,2
35585,5
35586,1
35587,5
35588,2
35589,2
35590,5
35591,5
35592,5
35593,0
35594,3
35595,9
35596,0
35597,7
35598,2
35599,0
35600,9
35601,5
35602,2
35603,5
35604,3
35605,5
35606,6
35607,4
35608,6
35609,8
35610,6
35611,6
35612,6
35613,1
35614,7
35615,0
35616,3
35617,3
35618,1
35619,3
35620,9
35621,6
35622,9
35623,1
35624,0
35625,3
35626,4
35627,8
35628,8
35629,3
35630,0
35631,7
35632,8
35633,7
35634,3
35635,5
35636,9
35637,0
35638,2
35639,9
35640,0
35641,5
35642,7
35643,7
35644,1
35645,4
35646,4
35647,7
35648,3
35649,3
35650,7
35651,8
35652,0
35653,9
35654,4
35655,2
35656,5
35657,6
35658,4
35659,2
35660,8
35661,7
35662,6
35663,3
35664,5
35665,9
35666,0
35667,6
35668,4
35669,2
35670,2
35671,3
35672,0
35673,0
35674,4
35675,7
35676,3
35677,3
35678,6
35679,7
35680,2
35681,9
35682,9
35683,6
35684,6
35685,2
35686,2
35687,3
35688,4
35689,8
35690,8
35691,2
35692,2
35693,0
35694,5
35695,7
35696,9
35697,7
35698,3
35699,6
35700,0
35701,0
35702,4
35703,0
35704,4
35705,3
35706,2
35707,9
35708,6
35709,8
35710,5
35711,4
35712,5
35713,0
35714,2
35715,5
35716,6
35717,2
35718,5
35719,3
35720,7
35721,4
35722,3
35723,4
35724,7
35725,7
35726,0
35727,9
35728,9
35729,9
35730,4
35731,6
35732,7
35733,4
35734,2
35735,4
35736,3
35737,7
35738,8
35739,5
35740,3
35741,0
35742,5
35743,1
35744,7
35745,6
35746,5
35747,4
35748,5
35749,0
35750,2
35751,7
35752,6
35753,7
35754,3
35755,4
35756,5
35757,0
35758,8
35759,5
35760,1
35761,8
35762,4
35763,5
35764,7
35765,7
35766,9
35767,8
35768,1
35769,2
35770,5
35771,4
35772,6
35773,0
35774,3
35775,7
35776,3
35777,4
35778,6
35779,5
35780,6
35781,9
35782,2
35783,1
35784,1
35785,9
35786,9
35787,5
35788,4
35789,8
35790,7
35791,5
35792,4
35793,8
35794,9
35795,3
35796,3
35797,1
35798,3
35799,8
35800,7
35801,3
35802,6
35803,9
35804,3
35805,6
35806,0
35807,0
35808,9
35809,6
35810,4
35811,4
35812,2
35813,9
35814,8
35815,1
35816,9
35817,4
35818,9
35819,5
35820,2
35821,7
35822,1
35823,7
35824,7
35825,5
35826,4
35827,0
35828,7
35829,0
35830,9
35831,0
35832,9
35833,8
35834,6
35835,4
35836,2
35837,2
35838,9
35839,3
35840,4
35841,1
35842,1
35843,6
35844,3
35845,1
35846,1
35847,7
35848,0
35849,8
35850,3
35851,0
35852,9
35853,3
35854,5
35855,9
35856,4
35857,0
35858,9
35859,5
35860,4
35861,0
35862,6
35863,3
35864,0
35865,2
35866,7
35867,0
35868,8
35869,0
35870,2
35871,3
35872,0
35873,8
35874,3
35875,3
35876,6
35877,4
35878,1
35879,2
35880,0
35881,0
35882,4
35883,7
35884,3
35885,0
35886,9
35887,6
35888,0
35889,1
35890,1
35891,6
35892,4
35893,4
35894,8
35895,8
35896,0
35897,4
35898,2
35899,8
35900,6
35901,9
35902,2
35903,1
35904,5
35905,0
35906,9
35907,2
35908,2
35909,4
35910,4
35911,9
35912,4
35913,7
35914,9
35915,0
35916,3
35917,4
35918,0
35919,3
35920,1
35921,4
35922,4
35923,1
35924,1
35925,0
35926,1
35927,0
35928,3
35929,3
35930,8
35931,8
35932,9
35933,9
35934,3
35935,1
35936,3
35937,8
35938,8
35939,7
35940,8
35941,2
35942,6
35943,9
35944,1
35945,4
35946,0
35947,8
35948,3
35949,2
35950,0
35951,7
35952,3
35953,1
35954,0
35955,8
35956,4
35957,1
35958,5
35959,4
35960,5
35961,0
35962,1
35963,3
35964,5
35965,7
35966,2
35967,2
35968,2
35969,6
35970,8
35971,2
35972,3
35973,8
35974,9
35975,6
35976,4
35977,3
35978,0
35979,2
35980,6
35981,7
35982,4
35983,6
35984,1
35985,5
35986,1
35987,8
35988,4
35989,1
35990,0
35991,0
35992,5
35993,7
35994,2
35995,3
35996,1
35997,2
35998,2
35999,1
36000,3
36001,6
36002,9
36003,2
36004,3
36005,7
36006,1
36007,2
36008,0
36009,5
36010,6
36011,9
36012,3
36013,2
36014,7
36015,1
36016,1
36017,6
36018,2
36019,0
36020,0
36021,4
36022,3
36023,0
36024,9
36025,9
36026,7
36027,0
36028,8
36029,2
36030,7
36031,6
36032,6
36033,1
36034,1
36035,2
36036,3
36037,3
36038,8
36039,7
36040,3
36041,9
36042,9
36043,6
36044,1
36045,3
36046,6
36047,3
36048,4
36049,6
36050,5
36051,6
36052,3
36053,6
36054,1
36055,6
36056,9
36057,0
36058,2
36059,1
36060,9
36061,9
36062,4
36063,5
36064,5
36065,6
36066,5
36067,3
36068,2
36069,5
36070,1
36071,9
36072,7
36073,1
36074,8
36075,6
36076,9
36077,5
36078,8
36079,3
36080,4
36081,7
36082,0
36083,4
36084,2
36085,6
36086,2
36087,3
36088,3
36089,8
36090,4
36091,2
36092,8
36093,9
36094,0
36095,0
36096,6
36097,8
36098,4
36099,5
36100,6
36101,9
36102,7
36103,1
36104,4
36105,4
36106,5
36107,5
36108,3
36109,9
36110,0
36111,8
36112,0
36113,9
36114,0
36115,2
36116,9
36117,8
36118,1
36119,9
36120,3
36121,1
36122,9
36123,0
36124,9
36125,6
36126,8
36127,6
36128,8
36129,7
36130,8
36131,2
36132,6
36133,1
36134,9
36135,5
36136,4
36137,2
36138,6
36139,6
36140,6
36141,7
36142,9
36143,7
36144,3
36145,7
36146,6
36147,2
36148,7
36149,9
36150,3
36151,4
36152,6
36153,9
36154,7
36155,7
36156,4
36157,5
36158,4
36159,5
36160,1
36161,5
36162,8
36163,3
36164,2
36165,7
36166,6
36167,3
36168,1
36169,7
36170,8
36171,6
36172,1
36173,0
36174,0
36175,1
36176,3
36177,1
36178,3
36179,4
36180,3
36181,2
36182,6
36183,8
36184,3
36185,3
36186,1
36187,7
36188,9
36189,3
36190,6
36191,3
36192,6
36193,5
36194,4
36195,5
36196,9
36197,9
36198,2
36199,5
36200,8
36201,8
36202,5
36203,0
36204,5
36205,8
36206,7
36207,6
36208,5
36209,4
36210,4
36211,8
36212,6
36213,8
36214,7
36215,8
36216,1
36217,9
36218,4
36219,0
36220,1
36221,8
36222,6
36223,7
36224,7
36225,1
36226,5
36227,1
36228,7
36229,6
36230,0
36231,2
36232,5
36233,7
36234,6
36235,7
36236,5
36237,9
36238,6
36239,3
36240,9
36241,1
36242,8
36243,1
36244,8
36245,8
36246,0
36247,6
36248,0
36249,0
36250,0
36251,2
36252,7
36253,5
36254,6
36255,1
36256,2
36257,2
36258,2
36259,8
36260,2
36261,1
36262,6
36263,6
36264,5
36265,9
36266,1
36267,4
36268,2
36269,0
36270,5
36271,0
36272,2
36273,9
36274,5
36275,6
36276,6
36277,7
36278,0
36279,9
36280,9
36281,3
36282,7
36283,2
36284,3
36285,1
36286,2
36287,6
36288,5
36289,1
36290,7
36291,9
36292,6
36293,4
36294,6
36295,9
36296,3
36297,2
36298,7
36299,4
36300,9
36301,4
36302,1
36303,1
36304,2
36305,3
36306,6
36307,9
36308,5
36309,4
36310,0
36311,3
36312,9
36313,2
36314,1
36315,6
36316,8
36317,2
36318,6
36319,8
36320,6
36321,7
36322,3
36323,2
36324,9
36325,0
36326,0
36327,4
36328,6
36329,2
36330,7
36331,3
36332,6
36333,2
36334,1
36335,5
36336,4
36337,3
36338,6
36339,7
36340,5
36341,9
36342,7
36343,7
36344,6
36345,0
36346,9
36347,1
36348,4
36349,4
36350,6
36351,0
36352,7
36353,6
36354,9
36355,8
36356,4
36357,8
36358,8
36359,2
36360,5
36361,3
36362,5
36363,4
36364,6
36365,5
36366,5
36367,4
36368,3
36369,4
36370,7
36371,2
36372,0
36373,6
36374,0
36375,6
36376,9
36377,9
36378,9
36379,5
36380,6
36381,4
36382,0
36383,1
36384,3
36385,2
36386,5
36387,0
36388,8
36389,4
36390,7
36391,0
36392,7
36393,3
36394,6
36395,7
36396,5
36397,3
36398,8
36399,1
36400,6
36401,1
36402,3
36403,2
36404,8
36405,5
36406,1
36407,3
36408,1
36409,9
36410,8
36411,2
36412,3
36413,8
36414,0
36415,5
36416,8
36417,6
36418,2
36419,9
36420,9
36421,2
36422,2
36423,1
36424,1
36425,0
36426,2
36427,2
36428,0
36429,7
36430,8
36431,4
36432,2
36433,5
36434,3
36435,9
36436,4
36437,6
36438,7
36439,9
36440,2
36441,7
36442,4
36443,7
36444,4
36445,0
36446,4
36447,6
36448,3
36449,7
36450,8
36451,8
36452,5
36453,3
36454,0
36455,7
36456,6
36457,3
36458,7
36459,4
36460,1
36461,9
36462,4
36463,7
36464,5
36465,0
36466,1
36467,0
36468,6
36469,6
36470,2
36471,7
36472,9
36473,3
36474,5
36475,0
36476,1
36477,8
36478,8
36479,0
36480,5
36481,1
36482,3
36483,8
36484,7
36485,0
36486,5
36487,8
36488,0
36489,1
36490,1
36491,0
36492,9
36493,2
36494,0
36495,3
36496,4
36497,3
36498,4
36499,4
36500,5
36501,3
36502,3
36503,2
36504,3
36505,6
36506,8
36507,5
36508,0
36509,2
36510,9
36511,7
36512,0
36513,2
36514,7
36515,9
36516,9
36517,0
36518,1
36519,4
36520,1
36521,6
36522,1
36523,2
36524,3
36525,5
36526,7
36527,8
36528,7
36529,2
36530,2
36531,3
36532,2
36533,3
36534,7
36535,5
36536,5
36537,0
36538,1
36539,6
36540,1
36541,6
36542,4
36543,5
36544,7
36545,4
36546,4
36547,9
36548,1
36549,8
36550,2
36551,7
36552,8
36553,3
36554,8
36555,1
36556,2
36557,6
36558,5
36559,2
36560,8
36561,4
36562,2
36563,1
36564,0
36565,8
36566,4
36567,9
36568,6
36569,6
36570,6
36571,7
36572,8
36573,1
36574,2
36575,3
36576,3
36577,2
36578,8
36579,2
36580,3
36581,9
36582,3
36583,7
36584,5
36585,7
36586,2
36587,9
36588,0
36589,0
36590,6
36591,5
36592,2
36593,2
36594,1
36595,6
36596,2
36597,6
36598,4
36599,4
36600,4
36601,9
36602,7
36603,9
36604,3
36605,8
36606,8
36607,0
36608,6
36609,4
36610,2
36611,3
36612,4
36613,5
36614,6
36615,3
36616,6
36617,1
36618,7
36619,0
36620,6
36621,6
36622,2
36623,7
36624,0
36625,1
36626,3
36627,9
36628,5
36629,7
36630,9
36631,0
36632,8
36633,3
36634,5
36635,1
36636,6
36637,0
36638,1
36639,2
36640,8
36641,0
36642,8
36643,1
36644,5
36645,8
36646,1
36647,9
36648,2
36649,6
36650,2
36651,2
36652,7
36653,6
36654,9
36655,1
36656,1
36657,8
36658,0
36659,9
36660,1
36661,8
36662,3
36663,1
36664,7
36665,2
36666,8
36667,2
36668,6
36669,2
36670,9
36671,0
36672,5
36673,3
36674,3
36675,6
36676,1
36677,9
36678,9
36679,7
36680,0
36681,9
36682,2
36683,6
36684,9
36685,5
36686,6
36687,4
36688,6
36689,8
36690,6
36691,6
36692,7
36693,4
36694,1
36695,9
36696,6
36697,1
36698,9
36699,0
36700,1
36701,0
36702,9
36703,5
36704,0
36705,8
36706,0
36707,6
36708,6
36709,4
36710,7
36711,6
36712,0
36713,8
36714,0
36715,9
36716,1
36717,1
36718,2
36719,8
36720,5
36721,3
36722,9
36723,0
36724,3
36725,2
36726,2
36727,5
36728,0
36729,2
36730,1
36731,9
36732,9
36733,2
36734,2
36735,0
36736,4
36737,3
36738,3
36739,9
36740,9
36741,9
36742,2
36743,4
36744,8
36745,8
36746,7
36747,0
36748,7
36749,0
36750,9
36751,0
36752,2
36753,0
36754,2
36755,1
36756,3
36757,9
36758,9
36759,5
36760,8
36761,1
36762,5
36763,4
36764,0
36765,7
36766,4
36767,9
36768,2
36769,1
36770,7
36771,8
36772,4
36773,2
36774,5
36775,3
36776,7
36777,9
36778,8
36779,3
36780,1
36781,4
36782,8
36783,5
36784,6
36785,9
36786,7
36787,1
36788,0
36789,2
36790,7
36791,0
36792,4
36793,3
36794,2
36795,4
36796,3
36797,9
36798,8
36799,0
36800,5
36801,5
36802,2
36803,7
36804,2
36805,3
36806,9
36807,3
36808,4
36809,9
36810,2
36811,8
36812,0
36813,1
36814,7
36815,4
36816,0
36817,3
36818,6
36819,9
36820,9
36821,0
36822,5
36823,9
36824,6
36825,2
36826,0
36827,7
36828,7
36829,4
36830,8
36831,0
36832,9
36833,2
36834,1
36835,9
36836,0
36837,4
36838,3
36839,3
36840,0
36841,8
36842,9
36843,9
36844,7
36845,8
36846,8
36847,3
36848,9
36849,7
36850,5
36851,5
36852,9
36853,2
36854,1
36855,2
36856,7
36857,2
36858,8
36859,7
36860,9
36861,0
36862,7
36863,1
36864,0
36865,8
36866,7
36867,0
36868,9
36869,5
36870,9
36871,0
36872,4
36873,5
36874,7
36875,4
36876,5
36877,1
36878,7
36879,2
36880,6
36881,6
36882,3
36883,4
36884,8
36885,4
36886,0
36887,8
36888,5
36889,5
36890,9
36891,7
36892,2
36893,5
36894,3
36895,7
36896,8
36897,0
36898,3
36899,6
36900,4
36901,0
36902,6
36903,5
36904,9
36905,4
36906,9
36907,6
36908,5
36909,9
36910,2
36911,8
36912,6
36913,3
36914,7
36915,1
36916,6
36917,9
36918,5
36919,3
36920,3
36921,8
36922,5
36923,7
36924,4
36925,0
36926,1
36927,9
36928,7
36929,2
36930,0
36931,3
36932,1
36933,5
36934,7
36935,2
36936,2
36937,0
36938,6
36939,4
36940,8
36941,1
36942,7
36943,3
36944,8
36945,8
36946,7
36947,6
36948,7
36949,5
36950,7
36951,3
36952,6
36953,1
36954,1
36955,2
36956,8
36957,8
36958,7
36959,4
36960,0
36961,2
36962,0
36963,6
36964,2
36965,8
36966,4
36967,9
36968,0
36969,4
36970,1
36971,1
36972,0
36973,6
36974,5
36975,2
36976,6
36977,0
36978,2
36979,2
36980,3
36981,3
36982,0
36983,5
36984,5
36985,3
36986,2
36987,2
36988,5
36989,7
36990,2
36991,6
36992,1
36993,5
36994,5
36995,4
36996,0
36997,0
36998,7
36999,8
37000,1
37001,5
37002,2
37003,2
37004,2
37005,7
37006,3
37007,1
37008,4
37009,0
37010,6
37011,4
37012,5
37013,6
37014,3
37015,1
37016,2
37017,8
37018,2
37019,9
37020,4
37021,7
37022,0
37023,3
37024,2
37025,2
37026,6
37027,2
37028,2
37029,3
37030,0
37031,6
37032,7
37033,8
37034,6
37035,6
37036,0
37037,5
37038,0
37039,5
37040,1
37041,0
37042,4
37043,5
37044,9
37045,8
37046,1
37047,1
37048,3
37049,4
37050,6
37051,3
37052,5
37053,4
37054,7
37055,5
37056,9
37057,1
37058,3
37059,9
37060,2
37061,7
37062,8
37063,4
37064,4
37065,2
37066,6
37067,6
37068,8
37069,7
37070,4
37071,1
37072,8
37073,9
37074,4
37075,6
37076,4
37077,5
37078,7
37079,7
37080,7
37081,2
37082,9
37083,0
37084,1
37085,8
37086,2
37087,7
37088,1
37089,1
37090,7
37091,0
37092,1
37093,6
37094,7
37095,7
37096,7
37097,6
37098,8
37099,0
37100,9
37101,8
37102,2
37103,9
37104,9
37105,4
37106,2
37107,8
37108,8
37109,4
37110,2
37111,2
37112,5
37113,5
37114,0
37115,0
37116,0
37117,0
37118,8
37119,2
37120,6
37121,3
37122,5
37123,9
37124,8
37125,1
37126,6
37127,4
37128,0
37129,1
37130,1
37131,7
37132,7
37133,1
37134,9
37135,3
37136,7
37137,8
37138,9
37139,6
37140,6
37141,9
37142,3
37143,5
37144,7
37145,4
37146,3
37147,6
37148,6
37149,9
37150,1
37151,7
37152,8
37153,1
37154,3
37155,9
37156,5
37157,3
37158,8
37159,5
37160,2
37161,2
37162,6
37163,9
37164,7
37165,4
37166,6
37167,1
37168,8
37169,1
37170,2
37171,1
37172,1
37173,1
37174,1
37175,6
37176,4
37177,4
37178,7
37179,6
37180,0
37181,7
37182,5
37183,9
37184,2
37185,5
37186,4
37187,0
37188,5
37189,3
37190,8
37191,8
37192,8
37193,1
37194,4
37195,6
37196,9
37197,2
37198,2
37199,1
37200,1
37201,8
37202,8
37203,6
37204,9
37205,2
37206,2
37207,5
37208,3
37209,4
37210,8
37211,0
37212,5
37213,5
37214,8
37215,6
37216,7
37217,7
37218,7
37219,0
37220,6
37221,2
37222,9
37223,7
37224,6
37225,9
37226,7
37227,0
37228,8
37229,2
37230,2
37231,7
37232,1
37233,8
37234,5
37235,0
37236,0
37237,6
37238,0
37239,5
37240,6
37241,0
37242,5
37243,3
37244,1
37245,3
37246,4
37247,7
37248,8
37249,4
37250,4
37251,2
37252,6
37253,0
37254,8
37255,7
37256,6
37257,6
37258,8
37259,3
37260,1
37261,4
37262,4
37263,6
37264,5
37265,2
37266,8
37267,2
37268,3
37269,0
37270,1
37271,0
37272,0
37273,8
37274,5
37275,3
37276,8
37277,9
37278,7
37279,2
37280,4
37281,5
37282,5
37283,7
37284,2
37285,4
37286,1
37287,7
37288,2
37289,9
37290,1
37291,7
37292,1
37293,7
37294,9
37295,7
37296,6
37297,0
37298,4
37299,6
37300,6
37301,0
37302,8
37303,4
37304,9
37305,4
37306,2
37307,1
37308,3
37309,2
37310,9
37311,5
37312,6
37313,3
37314,5
37315,0
37316,8
37317,7
37318,0
37319,5
37320,3
37321,5
37322,8
37323,5
37324,8
37325,8
37326,3
37327,2
37328,5
37329,0
37330,1
37331,8
37332,3
37333,5
37334,8
37335,7
37336,7
37337,5
37338,0
37339,1
37340,9
37341,1
37342,1
37343,2
37344,0
37345,2
37346,2
37347,9
37348,2
37349,2
37350,7
37351,0
37352,6
37353,5
37354,9
37355,0
37356,3
37357,7
37358,3
37359,7
37360,7
37361,4
37362,5
37363,6
37364,4
37365,5
37366,4
37367,0
37368,1
37369,3
37370,2
37371,6
37372,4
37373,3
37374,1
37375,3
37376,8
37377,5
37378,5
37379,2
37380,6
37381,0
37382,8
37383,4
37384,4
37385,9
37386,2
37387,0
37388,3
37389,0
37390,2
37391,1
37392,6
37393,2
37394,9
37395,0
37396,8
37397,9
37398,8
37399,6
37400,3
37401,2
37402,8
37403,8
37404,0
37405,6
37406,2
37407,5
37408,2
37409,9
37410,1
37411,2
37412,9
37413,0
37414,7
37415,7
37416,1
37417,6
37418,3
37419,8
37420,0
37421,2
37422,9
37423,8
37424,7
37425,0
37426,7
37427,9
37428,6
37429,3
37430,4
37431,2
37432,2
37433,1
37434,5
37435,6
37436,2
37437,3
37438,6
37439,2
37440,7
37441,7
37442,2
37443,6
37444,3
37445,1
37446,1
37447,9
37448,9
37449,2
37450,6
37451,8
37452,6
37453,3
37454,8
37455,0
37456,8
37457,2
37458,5
37459,2
37460,5
37461,0
37462,3
37463,7
37464,6
37465,4
37466,6
37467,1
37468,4
37469,6
37470,4
37471,4
37472,7
37473,0
37474,9
37475,4
37476,6
37477,8
37478,4
37479,3
37480,4
37481,2
37482,4
37483,8
37484,5
37485,3
37486,5
37487,9
37488,7
37489,1
37490,4
37491,2
37492,3
37493,8
37494,8
37495,7
37496,0
37497,1
37498,6
37499,9
37500,2
37501,6
37502,5
37503,0
37504,8
37505,1
37506,3
37507,2
37508,1
37509,3
37510,3
37511,6
37512,3
37513,2
37514,7
37515,9
37516,8
37517,0
37518,3
37519,0
37520,4
37521,4
37522,6
37523,6
37524,3
37525,3
37526,1
37527,3
37528,6
37529,2
37530,8
37531,1
37532,7
37533,8
37534,6
37535,8
37536,8
37537,4
37538,7
37539,3
37540,2
37541,2
37542,3
37543,6
37544,9
37545,8
37546,8
37547,0
37548,9
37549,5
37550,7
37551,1
37552,1
37553,9
37554,4
37555,5
37556,9
37557,7
37558,5
37559,2
37560,8
37561,8
37562,9
37563,6
37564,5
37565,3
37566,2
37567,7
37568,8
37569,9
37570,5
37571,5
37572,3
37573,6
37574,5
37575,8
37576,2
37577,8
37578,5
37579,8
37580,2
37581,0
37582,1
37583,6
37584,7
37585,4
37586,3
37587,9
37588,5
37589,3
37590,7
37591,2
37592,9
37593,1
37594,6
37595,0
37596,6
37597,4
37598,4
37599,2
37600,1
37601,1
37602,1
37603,3
37604,7
37605,9
37606,8
37607,1
37608,8
37609,8
37610,7
37611,7
37612,1
37613,2
37614,6
37615,9
37616,6
37617,1
37618,5
37619,1
37620,1
37621,7
37622,9
37623,2
37624,6
37625,5
37626,0
37627,9
37628,3
37629,0
37630,6
37631,2
37632,9
37633,8
37634,3
37635,9
37636,9
37637,8
37638,8
37639,2
37640,1
37641,4
37642,0
37643,3
37644,4
37645,3
37646,0
37647,0
37648,7
37649,8
37650,4
37651,7
37652,0
37653,4
37654,1
37655,6
37656,7
37657,6
37658,8
37659,3
37660,3
37661,9
37662,0
37663,2
37664,7
37665,2
37666,6
37667,3
37668,5
37669,1
37670,8
37671,0
37672,3
37673,6
37674,8
37675,4
37676,5
37677,3
37678,8
37679,6
37680,0
37681,4
37682,7
37683,1
37684,1
37685,8
37686,7
37687,1
37688,2
37689,1
37690,6
37691,1
37692,8
37693,4
37694,2
37695,2
37696,4
37697,7
37698,8
37699,6
37700,0
37701,2
37702,6
37703,8
37704,4
37705,6
37706,1
37707,2
37708,1
37709,7
37710,1
37711,9
37712,6
37713,7
37714,4
37715,0
37716,6
37717,6
37718,9
37719,0
37720,6
37721,9
37722,9
37723,8
37724,8
37725,3
37726,3
37727,7
37728,2
37729,1
37730,5
37731,7
37732,0
37733,4
37734,6
37735,5
37736,6
37737,8
37738,4
37739,9
37740,6
37741,4
37742,5
37743,0
37744,7
37745,9
37746,3
37747,0
37748,9
37749,9
37750,5
37751,3
37752,7
37753,7
37754,1
37755,1
37756,4
37757,8
37758,9
37759,5
37760,4
37761,1
37762,8
37763,8
37764,8
37765,4
37766,7
37767,8
37768,4
37769,3
37770,7
37771,0
37772,8
37773,6
37774,4
37775,2
37776,7
37777,6
37778,9
37779,4
37780,3
37781,1
37782,6
37783,7
37784,3
37785,0
37786,2
37787,9
37788,2
37789,2
37790,6
37791,0
37792,1
37793,3
37794,4
37795,9
37796,7
37797,1
37798,7
37799,3
37800,6
37801,7
37802,8
37803,2
37804,6
37805,7
37806,9
37807,7
37808,6
37809,9
37810,6
37811,0
37812,0
37813,8
37814,4
37815,3
37816,2
37817,5
37818,4
37819,7
37820,7
37821,8
37822,4
37823,0
37824,8
37825,9
37826,6
37827,7
37828,1
37829,1
37830,9
37831,8
37832,9
37833,9
37834,5
37835,9
37836,0
37837,2
37838,3
37839,5
37840,3
37841,5
37842,5
37843,1
37844,5
37845,7
37846,2
37847,6
37848,4
37849,6
37850,7
37851,9
37852,2
37853,8
37854,0
37855,5
37856,5
37857,4
37858,1
37859,7
37860,9
37861,2
37862,2
37863,1
37864,1
37865,3
37866,1
37867,5
37868,1
37869,8
37870,0
37871,0
37872,1
37873,0
37874,8
37875,7
37876,8
37877,0
37878,1
37879,9
37880,0
37881,0
37882,1
37883,8
37884,6
37885,2
37886,7
37887,8
37888,1
37889,3
37890,2
37891,6
37892,4
37893,9
37894,6
37895,2
37896,1
37897,9
37898,0
37899,5
37900,0
37901,0
37902,4
37903,1
37904,6
37905,6
37906,7
37907,8
37908,3
37909,3
37910,5
37911,7
37912,0
37913,8
37914,7
37915,0
37916,5
37917,8
37918,1
37919,8
37920,2
37921,5
37922,8
37923,6
37924,7
37925,4
37926,2
37927,4
37928,1
37929,3
37930,7
37931,6
37932,8
37933,8
37934,1
37935,3
37936,7
37937,7
37938,2
37939,6
37940,6
37941,6
37942,9
37943,6
37944,6
37945,0
37946,6
37947,0
37948,0
37949,2
37950,7
37951,9
37952,1
37953,5
37954,4
37955,3
37956,7
37957,0
37958,5
37959,0
37960,5
37961,1
37962,8
37963,1
37964,6
37965,2
37966,1
37967,7
37968,3
37969,5
37970,7
37971,7
37972,9
37973,2
37974,5
37975,1
37976,7
37977,3
37978,1
37979,2
37980,8
37981,5
37982,5
37983,7
37984,6
37985,1
37986,9
37987,7
37988,2
37989,5
37990,1
37991,9
37992,7
37993,7
37994,5
37995,1
37996,9
37997,5
37998,1
37999,6
38000,7
38001,2
38002,9
38003,9
38004,3
38005,7
38006,8
38007,0
38008,7
38009,0
38010,0
38011,7
38012,4
38013,6
38014,2
38015,4
38016,0
38017,9
38018,9
38019,4
38020,5
38021,3
38022,5
38023,3
38024,2
38025,7
38026,6
38027,3
38028,5
38029,5
38030,9
38031,2
38032,1
38033,5
38034,4
38035,1
38036,2
38037,6
38038,5
38039,3
38040,0
38041,9
38042,6
38043,3
38044,1
38045,7
38046,0
38047,3
38048,2
38049,6
38050,6
38051,0
38052,5
38053,2
38054,5
38055,7
38056,2
38057,0
38058,6
38059,5
38060,8
38061,8
38062,5
38063,7
38064,3
38065,4
38066,3
38067,1
38068,8
38069,2
38070,8
38071,1
38072,5
38073,3
38074,7
38075,5
38076,9
38077,4
38078,0
38079,6
38080,1
38081,4
38082,2
38083,2
38084,1
38085,8
38086,8
38087,9
38088,4
38089,6
38090,9
38091,9
38092,4
38093,6
38094,1
38095,1
38096,5
38097,7
38098,4
38099,3
38100,5
38101,6
38102,6
38103,4
38104,2
38105,6
38106,6
38107,1
38108,2
38109,8
38110,4
38111,7
38112,7
38113,9
38114,3
38115,6
38116,3
38117,2
38118,4
38119,3
38120,5
38121,2
38122,0
38123,3
38124,0
38125,2
38126,0
38127,5
38128,7
38129,3
38130,5
38131,5
38132,9
38133,2
38134,4
38135,8
38136,6
38137,3
38138,6
38139,6
38140,1
38141,7
38142,1
38143,7
38144,3
38145,7
38146,2
38147,7
38148,7
38149,6
38150,8
38151,2
38152,5
38153,9
38154,6
38155,5
38156,1
38157,4
38158,3
38159,4
38160,1
38161,3
38162,2
38163,3
38164,0
38165,1
38166,1
38167,2
38168,9
38169,8
38170,2
38171,2
38172,8
38173,0
38174,9
38175,7
38176,8
38177,2
38178,3
38179,3
38180,3
38181,6
38182,2
38183,1
38184,2
38185,8
38186,0
38187,1
38188,6
38189,4
38190,3
38191,0
38192,7
38193,6
38194,0
38195,6
38196,4
38197,6
38198,7
38199,5
38200,6
38201,6
38202,8
38203,2
38204,3
38205,4
38206,7
38207,3
38208,1
38209,3
38210,2
38211,4
38212,0
38213,0
38214,2
38215,6
38216,6
38217,4
38218,4
38219,1
38220,4
38221,7
38222,6
38223,3
38224,7
38225,0
38226,4
38227,0
38228,4
38229,9
38230,1
38231,2
38232,4
38233,3
38234,6
38235,7
38236,7
38237,9
38238,1
38239,7
38240,0
38241,1
38242,9
38243,7
38244,0
38245,4
38246,1
38247,0
38248,2
38249,8
38250,3
38251,3
38252,1
38253,9
38254,4
38255,4
38256,8
38257,0
38258,1
38259,1
38260,6
38261,8
38262,9
38263,4
38264,9
38265,9
38266,9
38267,6
38268,0
38269,1
38270,2
38271,4
38272,9
38273,2
38274,6
38275,1
38276,5
38277,0
38278,8
38279,5
38280,6
38281,8
38282,2
38283,6
38284,6
38285,0
38286,9
38287,5
38288,2
38289,4
38290,1
38291,2
38292,1
38293,2
38294,1
38295,9
38296,6
38297,2
38298,4
38299,8
38300,1
38301,5
38302,0
38303,7
38304,8
38305,5
38306,7
38307,9
38308,3
38309,3
38310,2
38311,6
38312,7
38313,3
38314,6
38315,5
38316,0
38317,9
38318,6
38319,7
38320,9
38321,1
38322,5
38323,9
38324,5
38325,0
38326,2
38327,8
38328,4
38329,5
38330,5
38331,6
38332,0
38333,1
38334,9
38335,5
38336,6
38337,7
38338,8
38339,7
38340,6
38341,4
38342,4
38343,6
38344,3
38345,7
38346,6
38347,6
38348,2
38349,4
38350,7
38351,0
38352,4
38353,6
38354,2
38355,2
38356,0
38357,3
38358,1
38359,0
38360,1
38361,3
38362,5
38363,0
38364,3
38365,7
38366,2
38367,8
38368,4
38369,3
38370,1
38371,4
38372,6
38373,4
38374,9
38375,3
38376,4
38377,4
38378,2
38379,3
38380,0
38381,9
38382,2
38383,7
38384,6
38385,9
38386,8
38387,0
38388,7
38389,7
38390,3
38391,6
38392,9
38393,0
38394,7
38395,4
38396,1
38397,9
38398,1
38399,1
38400,4
38401,6
38402,7
38403,4
38404,8
38405,2
38406,7
38407,2
38408,9
38409,3
38410,7
38411,4
38412,9
38413,5
38414,9
38415,0
38416,5
38417,4
38418,1
38419,0
38420,6
38421,4
38422,1
38423,6
38424,3
38425,8
38426,4
38427,5
38428,5
38429,0
38430,7
38431,3
38432,4
38433,1
38434,6
38435,7
38436,1
38437,1
38438,2
38439,3
38440,1
38441,8
38442,7
38443,3
38444,1
38445,2
38446,0
38447,3
38448,3
38449,1
38450,7
38451,4
38452,2
38453,2
38454,9
38455,7
38456,9
38457,7
38458,4
38459,9
38460,6
38461,4
38462,0
38463,8
38464,7
38465,7
38466,8
38467,9
38468,3
38469,6
38470,9
38471,8
38472,8
38473,8
38474,4
38475,5
38476,7
38477,9
38478,7
38479,3
38480,4
38481,3
38482,0
38483,4
38484,2
38485,7
38486,9
38487,2
38488,7
38489,8
38490,6
38491,4
38492,3
38493,9
38494,5
38495,0
38496,9
38497,8
38498,2
38499,8
38500,2
38501,7
38502,7
38503,5
38504,5
38505,2
38506,4
38507,3
38508,0
38509,8
38510,1
38511,8
38512,1
38513,9
38514,3
38515,2
38516,0
38517,6
38518,0
38519,5
38520,5
38521,7
38522,8
38523,3
38524,3
38525,0
38526,3
38527,3
38528,3
38529,6
38530,7
38531,4
38532,0
38533,3
38534,3
38535,9
38536,6
38537,3
38538,8
38539,3
38540,0
38541,3
38542,7
38543,7
38544,5
38545,0
38546,9
38547,9
38548,1
38549,6
38550,7
38551,7
38552,8
38553,4
38554,9
38555,5
38556,5
38557,7
38558,6
38559,1
38560,1
38561,3
38562,8
38563,6
38564,5
38565,3
38566,5
38567,3
38568,8
38569,1
38570,8
38571,2
38572,5
38573,9
38574,1
38575,0
38576,8
38577,1
38578,2
38579,7
38580,6
38581,3
38582,8
38583,5
38584,0
38585,2
38586,5
38587,7
38588,7
38589,4
38590,8
38591,4
38592,1
38593,3
38594,8
38595,1
38596,7
38597,1
38598,3
38599,3
38600,4
38601,3
38602,3
38603,4
38604,8
38605,1
38606,2
38607,7
38608,9
38609,2
38610,5
38611,8
38612,6
38613,2
38614,0
38615,8
38616,2
38617,6
38618,3
38619,4
38620,4
38621,4
38622,8
38623,1
38624,5
38625,8
38626,2
38627,4
38628,8
38629,4
38630,1
38631,1
38632,3
38633,4
38634,5
38635,5
38636,8
38637,4
38638,7
38639,0
38640,4
38641,0
38642,5
38643,4
38644,1
38645,4
38646,8
38647,8
38648,0
38649,4
38650,8
38651,3
38652,3
38653,1
38654,2
38655,4
38656,6
38657,2
38658,4
38659,0
38660,0
38661,8
38662,1
38663,3
38664,8
38665,2
38666,7
38667,6
38668,9
38669,9
38670,8
38671,8
38672,7
38673,5
38674,6
38675,1
38676,4
38677,3
38678,8
38679,4
38680,4
38681,5
38682,5
38683,1
38684,1
38685,9
38686,7
38687,9
38688,9
38689,9
38690,6
38691,8
38692,8
38693,6
38694,7
38695,6
38696,6
38697,0
38698,0
38699,1
38700,2
38701,1
38702,8
38703,4
38704,3
38705,1
38706,7
38707,8
38708,8
38709,9
38710,1
38711,5
38712,0
38713,8
38714,4
38715,6
38716,6
38717,0
38718,9
38719,6
38720,6
38721,0
38722,3
38723,6
38724,3
38725,6
38726,2
38727,1
38728,1
38729,0
38730,7
38731,0
38732,9
38733,6
38734,3
38735,7
38736,9
38737,9
38738,0
38739,2
38740,9
38741,1
38742,6
38743,2
38744,7
38745,6
38746,0
38747,8
38748,3
38749,0
38750,8
38751,8
38752,2
38753,5
38754,1
38755,9
38756,4
38757,3
38758,1
38759,6
38760,6
38761,7
38762,3
38763,0
38764,3
38765,1
38766,4
38767,4
38768,9
38769,0
38770,7
38771,9
38772,9
38773,1
38774,8
38775,3
38776,4
38777,2
38778,9
38779,4
38780,5
38781,4
38782,4
38783,4
38784,2
38785,8
38786,9
38787,0
38788,1
38789,7
38790,4
38791,3
38792,2
38793,1
38794,7
38795,7
38796,6
38797,7
38798,3
38799,6
38800,7
38801,1
38802,8
38803,3
38804,6
38805,2
38806,2
38807,6
38808,7
38809,4
38810,4
38811,1
38812,9
38813,4
38814,6
38815,3
38816,5
38817,0
38818,3
38819,3
38820,7
38821,6
38822,0
38823,6
38824,2
38825,9
38826,4
38827,2
38828,6
38829,2
38830,1
38831,4
38832,1
38833,1
38834,7
38835,3
38836,7
38837,6
38838,8
38839,7
38840,1
38841,6
38842,3
38843,8
38844,9
38845,5
38846,7
38847,7
38848,6
38849,1
38850,9
38851,7
38852,3
38853,9
38854,0
38855,6
38856,1
38857,2
38858,1
38859,7
38860,4
38861,2
38862,5
38863,7
38864,8
38865,5
38866,9
38867,4
38868,2
38869,1
38870,8
38871,5
38872,8
38873,1
38874,6
38875,8
38876,9
38877,7
38878,1
38879,8
38880,4
38881,4
38882,6
38883,1
38884,0
38885,1
38886,6
38887,2
38888,7
38889,3
38890,9
38891,7
38892,0
38893,4
38894,1
38895,8
38896,9
38897,2
38898,9
38899,2
38900,7
38901,9
38902,3
38903,5
38904,9
38905,3
38906,3
38907,2
38908,8
38909,7
38910,9
38911,2
38912,5
38913,4
38914,2
38915,1
38916,7
38917,1
38918,4
38919,2
38920,5
38921,4
38922,4
38923,0
38924,7
38925,7
38926,3
38927,2
38928,4
38929,9
38930,1
38931,8
38932,6
38933,0
38934,7
38935,4
38936,6
38937,7
38938,5
38939,0
38940,0
38941,7
38942,6
38943,9
38944,3
38945,2
38946,6
38947,1
38948,2
38949,0
38950,8
38951,3
38952,7
38953,4
38954,2
38955,5
38956,8
38957,4
38958,1
38959,1
38960,5
38961,6
38962,4
38963,6
38964,4
38965,6
38966,0
38967,6
38968,9
38969,4
38970,8
38971,0
38972,5
38973,8
38974,2
38975,7
38976,5
38977,0
38978,3
38979,5
38980,1
38981,7
38982,0
38983,4
38984,9
38985,5
38986,7
38987,2
38988,3
38989,6
38990,0
38991,1
38992,6
38993,1
38994,3
38995,2
38996,8
38997,7
38998,8
38999,1
39000,9
39001,7
39002,2
39003,2
39004,0
39005,7
39006,7
39007,5
39008,2
39009,8
39010,9
39011,3
39012,6
39013,8
39014,9
39015,7
39016,5
39017,3
39018,5
39019,5
39020,6
39021,9
39022,7
39023,2
39024,7
39025,9
39026,4
39027,3
39028,3
39029,6
39030,9
39031,8
39032,2
39033,1
39034,0
39035,9
39036,4
39037,4
39038,8
39039,7
39040,9
39041,8
39042,8
39043,3
39044,0
39045,6
39046,2
39047,9
39048,1
39049,3
39050,3
39051,6
39052,8
39053,6
39054,2
39055,0
39056,5
39057,3
39058,1
39059,0
39060,3
39061,6
39062,2
39063,6
39064,7
39065,3
39066,9
39067,2
39068,9
39069,6
39070,3
39071,7
39072,5
39073,0
39074,2
39075,0
39076,7
39077,9
39078,9
39079,5
39080,3
39081,5
39082,6
39083,2
39084,7
39085,7
39086,1
39087,3
39088,7
39089,1
39090,2
39091,1
39092,8
39093,9
39094,1
39095,1
39096,7
39097,1
39098,7
39099,9
39100,8
39101,9
39102,8
39103,8
39104,3
39105,0
39106,0
39107,3
39108,4
39109,3
39110,7
39111,7
39112,7
39113,3
39114,2
39115,9
39116,4
39117,9
39118,3
39119,5
39120,6
39121,3
39122,6
39123,2
39124,4
39125,1
39126,4
39127,4
39128,9
39129,6
39130,6
39131,2
39132,2
39133,9
39134,7
39135,0
39136,1
39137,8
39138,6
39139,6
39140,4
39141,5
39142,4
39143,5
39144,1
39145,0
39146,6
39147,7
39148,3
39149,3
39150,5
39151,8
39152,0
39153,0
39154,7
39155,4
39156,3
39157,2
39158,7
39159,5
39160,2
39161,0
39162,9
39163,3
39164,0
39165,1
39166,5
39167,6
39168,6
39169,9
39170,0
39171,6
39172,1
39173,8
39174,8
39175,4
39176,1
39177,4
39178,5
39179,1
39180,5
39181,1
39182,3
39183,2
39184,1
39185,2
39186,3
39187,0
39188,8
39189,9
39190,3
39191,6
39192,2
39193,6
39194,2
39195,6
39196,0
39197,7
39198,1
39199,5
39200,3
39201,0
39202,8
39203,6
39204,4
39205,8
39206,4
39207,8
39208,7
39209,6
39210,9
39211,2
39212,2
39213,8
39214,6
39215,4
39216,1
39217,5
39218,7
39219,4
39220,6
39221,4
39222,1
39223,4
39224,7
39225,4
39226,4
39227,3
39228,4
39229,7
39230,2
39231,1
39232,6
39233,2
39234,6
39235,4
39236,9
39237,8
39238,8
39239,2
39240,1
39241,1
39242,3
39243,0
39244,2
39245,4
39246,1
39247,1
39248,2
39249,6
39250,0
39251,7
39252,1
39253,5
39254,2
39255,2
39256,3
39257,6
39258,8
39259,5
39260,2
39261,2
39262,1
39263,8
39264,4
39265,9
39266,1
39267,1
39268,8
39269,9
39270,7
39271,7
39272,1
39273,1
39274,5
39275,2
39276,2
39277,2
39278,4
39279,4
39280,2
39281,0
39282,1
39283,0
39284,9
39285,1
39286,6
39287,3
39288,5
39289,0
39290,9
39291,5
39292,7
39293,2
39294,2
39295,9
39296,4
39297,6
39298,5
39299,4
39300,0
39301,5
39302,2
39303,4
39304,7
39305,4
39306,0
39307,7
39308,1
39309,2
39310,6
39311,3
39312,7
39313,7
39314,9
39315,4
39316,1
39317,4
39318,1
39319,2
39320,4
39321,9
39322,0
39323,3
39324,9
39325,9
39326,6
39327,4
39328,9
39329,6
39330,8
39331,7
39332,3
39333,2
39334,5
39335,9
39336,6
39337,0
39338,9
39339,4
39340,0
39341,0
39342,9
39343,2
39344,0
39345,4
39346,9
39347,2
39348,5
39349,2
39350,9
39351,2
39352,9
39353,4
39354,3
39355,9
39356,3
39357,4
39358,9
39359,6
39360,2
39361,7
39362,9
39363,6
39364,7
39365,0
39366,7
39367,6
39368,7
39369,5
39370,0
39371,6
39372,6
39373,1
39374,8
39375,8
39376,1
39377,2
39378,5
39379,7
39380,8
39381,8
39382,4
39383,6
39384,3
39385,5
39386,2
39387,5
39388,3
39389,7
39390,2
39391,5
39392,5
39393,0
39394,4
39395,3
39396,4
39397,6
39398,4
39399,0
39400,1
39401,8
39402,7
39403,1
39404,8
39405,8
39406,1
39407,9
39408,6
39409,1
39410,8
39411,6
39412,3
39413,2
39414,0
39415,4
39416,3
39417,4
39418,1
39419,4
39420,5
39421,5
39422,5
39423,1
39424,9
39425,4
39426,4
39427,9
39428,7
39429,4
39430,4
39431,9
39432,9
39433,8
39434,2
39435,4
39436,0
39437,3
39438,3
39439,7
39440,4
39441,3
39442,1
39443,9
39444,6
39445,5
39446,2
39447,6
39448,3
39449,0
39450,4
39451,5
39452,1
39453,9
39454,0
39455,5
39456,3
39457,2
39458,0
39459,6
39460,2
39461,1
39462,3
39463,5
39464,8
39465,6
39466,7
39467,3
39468,8
39469,2
39470,4
39471,1
39472,7
39473,4
39474,0
39475,3
39476,4
39477,3
39478,4
39479,7
39480,9
39481,8
39482,4
39483,9
39484,9
39485,4
39486,0
39487,7
39488,8
39489,8
39490,9
39491,4
39492,4
39493,9
39494,9
39495,5
39496,3
39497,5
39498,2
39499,2
39500,0
39501,6
39502,0
39503,1
39504,2
39505,2
39506,4
39507,1
39508,2
39509,6
39510,5
39511,1
39512,9
39513,2
39514,5
39515,7
39516,5
39517,6
39518,6
39519,8
39520,1
39521,8
39522,4
39523,7
39524,3
39525,1
39526,1
39527,0
39528,7
39529,8
39530,0
39531,5
39532,1
39533,9
39534,0
39535,8
39536,3
39537,0
39538,8
39539,9
39540,1
39541,0
39542,3
39543,3
39544,9
39545,6
39546,7
39547,7
39548,9
39549,9
39550,6
39551,8
39552,8
39553,9
39554,8
39555,5
39556,7
39557,0
39558,0
39559,0
39560,2
39561,6
39562,5
39563,9
39564,7
39565,5
39566,1
39567,1
39568,5
39569,0
39570,4
39571,8
39572,2
39573,6
39574,2
39575,1
39576,8
39577,2
39578,5
39579,3
39580,8
39581,2
39582,7
39583,0
39584,5
39585,5
39586,0
39587,2
39588,8
39589,1
39590,5
39591,3
39592,3
39593,5
39594,9
39595,2
39596,1
39597,7
39598,9
39599,6
39600,8
39601,7
39602,0
39603,6
39604,8
39605,6
39606,2
39607,1
39608,0
39609,3
39610,5
39611,7
39612,1
39613,9
39614,6
39615,1
39616,5
39617,5
39618,7
39619,7
39620,7
39621,6
39622,5
39623,4
39624,7
39625,9
39626,4
39627,6
39628,2
39629,9
39630,0
39631,6
39632,8
39633,1
39634,4
39635,8
39636,8
39637,7
39638,9
39639,2
39640,9
39641,7
39642,4
39643,8
39644,8
39645,6
39646,7
39647,9
39648,2
39649,4
39650,9
39651,1
39652,3
39653,3
39654,1
39655,0
39656,6
39657,9
39658,0
39659,1
39660,1
39661,6
39662,9
39663,2
39664,4
39665,8
39666,5
39667,4
39668,5
39669,9
39670,1
39671,7
39672,8
39673,3
39674,3
39675,5
39676,0
39677,4
39678,8
39679,7
39680,8
39681,5
39682,2
39683,6
39684,4
39685,3
39686,7
39687,0
39688,7
39689,4
39690,1
39691,4
39692,7
39693,7
39694,0
39695,7
39696,8
39697,7
39698,1
39699,1
39700,6
39701,4
39702,1
39703,9
39704,5
39705,2
39706,0
39707,2
39708,0
39709,8
39710,7
39711,9
39712,5
39713,7
39714,0
39715,1
39716,2
39717,1
39718,9
39719,4
39720,2
39721,4
39722,7
39723,8
39724,0
39725,3
39726,0
39727,8
39728,0
39729,3
39730,2
39731,3
39732,1
39733,3
39734,8
39735,3
39736,4
39737,2
39738,7
39739,8
39740,0
39741,5
39742,3
39743,4
39744,1
39745,7
39746,0
39747,6
39748,8
39749,2
39750,5
39751,5
39752,0
39753,4
39754,7
39755,0
39756,1
39757,6
39758,8
39759,0
39760,3
39761,8
39762,3
39763,7
39764,1
39765,8
39766,7
39767,9
39768,1
39769,2
39770,4
39771,2
39772,3
39773,0
39774,4
39775,0
39776,1
39777,8
39778,1
39779,4
39780,8
39781,4
39782,3
39783,9
39784,4
39785,0
39786,1
39787,2
39788,4
39789,6
39790,7
39791,5
39792,8
39793,0
39794,2
39795,0
39796,9
39797,3
39798,6
39799,7
39800,3
39801,9
39802,8
39803,9
39804,2
39805,8
39806,4
39807,2
39808,5
39809,7
39810,2
39811,1
39812,0
39813,0
39814,8
39815,0
39816,8
39817,3
39818,9
39819,0
39820,1
39821,3
39822,8
39823,6
39824,0
39825,9
39826,3
39827,4
39828,9
39829,9
39830,8
39831,7
39832,3
39833,0
39834,2
39835,3
39836,9
39837,1
39838,5
39839,7
39840,3
39841,8
39842,5
39843,8
39844,5
39845,5
39846,1
39847,8
39848,3
39849,9
39850,7
39851,3
39852,3
39853,6
39854,6
39855,8
39856,9
39857,2
39858,6
39859,2
39860,2
39861,6
39862,8
39863,8
39864,9
39865,3
39866,9
39867,2
39868,0
39869,0
39870,5
39871,0
39872,3
39873,0
39874,0
39875,5
39876,1
39877,1
39878,1
39879,5
39880,1
39881,4
39882,3
39883,1
39884,7
39885,3
39886,6
39887,4
39888,0
39889,3
39890,8
39891,9
39892,1
39893,6
39894,8
39895,2
39896,0
39897,2
39898,1
39899,6
39900,6
39901,3
39902,8
39903,0
39904,3
39905,1
39906,8
39907,3
39908,5
39909,5
39910,0
39911,9
39912,6
39913,2
39914,2
39915,7
39916,8
39917,3
39918,1
39919,0
39920,5
39921,0
39922,5
39923,4
39924,2
39925,9
39926,9
39927,2
39928,9
39929,5
39930,9
39931,1
39932,7
39933,5
39934,2
39935,9
39936,2
39937,2
39938,6
39939,8
39940,3
39941,5
39942,3
39943,7
39944,8
39945,0
39946,0
39947,8
39948,1
39949,6
39950,2
39951,0
39952,8
39953,7
39954,4
39955,8
39956,5
39957,5
39958,3
39959,6
39960,3
39961,2
39962,2
39963,7
39964,3
39965,4
39966,5
39967,9
39968,0
39969,3
39970,5
39971,7
39972,8
39973,9
39974,3
39975,8
39976,9
39977,1
39978,2
39979,3
39980,7
39981,8
39982,4
39983,9
39984,4
39985,0
39986,2
39987,7
39988,1
39989,1
39990,3
39991,9
39992,6
39993,3
39994,4
39995,4
39996,0
39997,4
39998,1
39999,0
40000,1
40001,7
40002,9
40003,9
40004,9
40005,6
40006,9
40007,9
40008,0
40009,1
40010,0
40011,2
40012,1
40013,4
40014,1
40015,0
40016,3
40017,2
40018,7
40019,4
40020,5
40021,3
40022,4
40023,1
40024,8
40025,0
40026,8
40027,8
40028,7
40029,5
40030,5
40031,8
40032,2
40033,3
40034,8
40035,2
40036,7
40037,1
40038,2
40039,1
40040,8
40041,2
40042,1
40043,2
40044,9
40045,1
40046,5
40047,2
40048,2
40049,8
40050,6
40051,5
40052,4
40053,0
40054,1
40055,8
40056,9
40057,0
40058,0
40059,2
40060,9
40061,1
40062,4
40063,5
40064,4
40065,5
40066,8
40067,7
40068,0
40069,2
40070,1
40071,6
40072,7
40073,0
40074,7
40075,3
40076,7
40077,3
40078,5
40079,2
40080,0
40081,0
40082,0
40083,5
40084,1
40085,0
40086,8
40087,1
40088,1
40089,4
40090,9
40091,7
40092,7
40093,7
40094,2
40095,1
40096,2
40097,6
40098,9
40099,9
40100,5
40101,2
40102,4
40103,3
40104,1
40105,1
40106,7
40107,8
40108,9
40109,1
40110,3
40111,9
40112,6
40113,0
40114,2
40115,5
40116,8
40117,8
40118,0
40119,4
40120,1
40121,8
40122,0
40123,0
40124,0
40125,1
40126,8
40127,5
40128,9
40129,3
40130,5
40131,1
40132,6
40133,9
40134,2
40135,6
40136,6
40137,9
40138,7
40139,1
40140,2
40141,6
40142,1
40143,7
40144,3
40145,7
40146,3
40147,2
40148,4
40149,6
40150,1
40151,5
40152,1
40153,9
40154,0
40155,2
40156,4
40157,0
40158,3
40159,4
40160,5
40161,0
40162,5
40163,0
40164,3
40165,3
40166,0
40167,7
40168,1
40169,2
40170,7
40171,0
40172,9
40173,3
40174,5
40175,1
40176,2
40177,3
40178,9
40179,7
40180,4
40181,5
40182,3
40183,3
40184,5
40185,0
40186,6
40187,1
40188,9
40189,3
40190,3
40191,5
40192,2
40193,3
40194,8
40195,3
40196,6
40197,4
40198,1
40199,6
40200,4
40201,7
40202,2
40203,0
40204,7
40205,9
40206,2
40207,3
40208,0
40209,8
40210,0
40211,6
40212,1
40213,7
40214,6
40215,2
40216,7
40217,9
40218,1
40219,8
40220,6
40221,9
40222,8
40223,2
40224,5
40225,7
40226,0
40227,9
40228,7
40229,8
40230,4
40231,4
40232,2
40233,2
40234,8
40235,2
40236,2
40237,1
40238,1
40239,5
40240,1
40241,8
40242,9
40243,6
40244,0
40245,2
40246,1
40247,2
40248,2
40249,2
40250,2
40251,3
40252,2
40253,1
40254,4
40255,6
40256,1
40257,0
40258,8
40259,2
40260,1
40261,6
40262,4
40263,1
40264,7
40265,2
40266,0
40267,3
40268,3
40269,0
40270,8
40271,5
40272,6
40273,2
40274,2
40275,9
40276,3
40277,5
40278,2
40279,4
40280,1
40281,5
40282,6
40283,2
40284,0
40285,8
40286,9
40287,9
40288,1
40289,5
40290,3
40291,3
40292,7
40293,5
40294,4
40295,2
40296,7
40297,7
40298,4
40299,2
40300,0
40301,5
40302,6
40303,6
40304,2
40305,2
40306,1
40307,3
40308,2
40309,6
40310,7
40311,0
40312,6
40313,5
40314,5
40315,1
40316,6
40317,1
40318,8
40319,1
40320,2
40321,2
40322,9
40323,6
40324,6
40325,9
40326,3
40327,4
40328,8
40329,2
40330,3
40331,0
40332,6
40333,1
40334,0
40335,8
40336,3
40337,5
40338,0
40339,6
40340,8
40341,9
40342,7
40343,7
40344,6
40345,5
40346,1
40347,5
40348,7
40349,3
40350,1
40351,9
40352,2
40353,4
40354,2
40355,0
40356,3
40357,0
40358,3
40359,3
40360,8
40361,5
40362,4
40363,1
40364,2
40365,8
40366,9
40367,7
40368,0
40369,7
40370,3
40371,7
40372,9
40373,4
40374,2
40375,5
40376,1
40377,9
40378,7
40379,5
40380,8
40381,1
40382,1
40383,4
40384,5
40385,6
40386,6
40387,8
40388,9
40389,4
40390,8
40391,4
40392,8
40393,9
40394,9
40395,3
40396,1
40397,7
40398,1
40399,4
40400,4
40401,8
40402,9
40403,3
40404,2
40405,3
40406,4
40407,9
40408,4
40409,6
40410,3
40411,2
40412,6
40413,1
40414,0
40415,5
40416,8
40417,8
40418,6
40419,5
40420,2
40421,4
40422,5
40423,5
40424,7
40425,3
40426,0
40427,5
40428,9
40429,3
40430,0
40431,9
40432,0
40433,6
40434,7
40435,3
40436,0
40437,4
40438,9
40439,9
40440,9
40441,3
40442,5
40443,3
40444,2
40445,9
40446,6
40447,1
40448,4
40449,0
40450,2
40451,6
40452,0
40453,8
40454,1
40455,6
40456,3
40457,6
40458,9
40459,8
40460,6
40461,4
40462,0
40463,8
40464,9
40465,9
40466,1
40467,7
40468,9
40469,2
40470,4
40471,7
40472,9
40473,9
40474,7
40475,1
40476,7
40477,8
40478,4
40479,0
40480,3
40481,9
40482,9
40483,8
40484,6
40485,4
40486,8
40487,3
40488,4
40489,3
40490,0
40491,9
40492,2
40493,0
40494,6
40495,7
40496,7
40497,8
40498,0
40499,2
40500,2
40501,5
40502,8
40503,4
40504,9
40505,3
40506,7
40507,0
40508,9
40509,4
40510,5
40511,6
40512,8
40513,6
40514,5
40515,4
40516,3
40517,6
40518,6
40519,4
40520,3
40521,0
40522,9
40523,4
40524,7
40525,8
40526,4
40527,9
40528,0
40529,1
40530,3
40531,9
40532,0
40533,5
40534,5
40535,4
40536,9
40537,0
40538,5
40539,7
40540,7
40541,8
40542,9
40543,3
40544,0
40545,9
40546,8
40547,8
40548,1
40549,1
40550,2
40551,9
40552,2
40553,7
40554,8
40555,0
40556,4
40557,6
40558,9
40559,4
40560,1
40561,0
40562,2
40563,2
40564,8
40565,7
40566,8
40567,7
40568,8
40569,6
40570,1
40571,0
40572,5
40573,8
40574,2
40575,2
40576,6
40577,6
40578,1
40579,4
40580,4
40581,8
40582,6
40583,7
40584,4
40585,2
40586,3
40587,2
40588,3
40589,3
40590,4
40591,4
40592,7
40593,9
40594,8
40595,8
40596,7
40597,6
40598,2
40599,5
40600,4
40601,2
40602,5
40603,8
40604,9
40605,3
40606,2
40607,3
40608,9
40609,0
40610,4
40611,8
40612,1
40613,4
40614,8
40615,2
40616,8
40617,0
40618,7
40619,0
40620,7
40621,8
40622,9
40623,0
40624,6
40625,6
40626,8
40627,6
40628,2
40629,4
40630,6
40631,1
40632,6
40633,4
40634,9
40635,9
40636,5
40637,0
40638,4
40639,3
40640,1
40641,0
40642,2
40643,1
40644,3
40645,9
40646,2
40647,0
40648,7
40649,7
40650,6
40651,8
40652,3
40653,9
40654,4
40655,3
40656,7
40657,7
40658,4
40659,5
40660,0
40661,2
40662,8
40663,9
40664,6
40665,6
40666,2
40667,2
40668,8
40669,8
40670,3
40671,1
40672,7
40673,9
40674,5
40675,8
40676,7
40677,8
40678,3
40679,5
40680,6
40681,1
40682,7
40683,9
40684,7
40685,2
40686,6
40687,7
40688,1
40689,4
40690,6
40691,1
40692,8
40693,8
40694,9
40695,9
40696,5
40697,2
40698,2
40699,5
40700,9
40701,9
40702,7
40703,3
40704,4
40705,7
40706,3
40707,4
40708,3
40709,2
40710,6
40711,7
40712,4
40713,5
40714,0
40715,9
40716,1
40717,4
40718,6
40719,1
40720,5
40721,7
40722,9
40723,9
40724,9
40725,3
40726,9
40727,7
40728,9
40729,8
40730,4
40731,0
40732,6
40733,8
40734,4
40735,5
40736,0
40737,6
40738,3
40739,4
40740,4
40741,9
40742,1
40743,4
40744,1
40745,1
40746,7
40747,8
40748,2
40749,0
40750,4
40751,2
40752,4
40753,8
40754,3
40755,7
40756,9
40757,2
40758,6
40759,3
40760,8
40761,3
40762,3
40763,4
40764,0
40765,0
40766,0
40767,8
40768,0
40769,6
40770,0
40771,3
40772,2
40773,5
40774,1
40775,1
40776,5
40777,0
40778,7
40779,3
40780,1
40781,5
40782,5
40783,1
40784,6
40785,4
40786,8
40787,8
40788,6
40789,3
40790,2
40791,0
40792,0
40793,2
40794,9
40795,5
40796,2
40797,3
40798,1
40799,1
40800,9
40801,8
40802,4
40803,3
40804,1
40805,4
40806,6
40807,3
40808,1
40809,0
40810,3
40811,5
40812,6
40813,4
40814,4
40815,2
40816,8
40817,1
40818,2
40819,0
40820,3
40821,2
40822,9
40823,8
40824,3
40825,9
40826,1
40827,9
40828,7
40829,1
40830,0
40831,3
40832,4
40833,6
40834,9
40835,7
40836,8
40837,4
40838,7
40839,7
40840,2
40841,0
40842,7
40843,7
40844,3
40845,2
40846,3
40847,4
40848,3
40849,0
40850,1
40851,6
40852,0
40853,5
40854,6
40855,3
40856,6
40857,7
40858,8
40859,5
40860,7
40861,2
40862,4
40863,6
40864,2
40865,7
40866,2
40867,8
40868,6
40869,6
40870,5
40871,2
40872,0
40873,2
40874,4
40875,2
40876,6
40877,6
40878,1
40879,9
40880,9
40881,1
40882,4
40883,5
40884,1
40885,8
40886,4
40887,3
40888,1
40889,8
40890,1
40891,6
40892,6
40893,2
40894,2
40895,9
40896,1
40897,9
40898,5
40899,8
40900,2
40901,3
40902,1
40903,7
40904,8
40905,6
40906,4
40907,1
40908,1
40909,8
40910,5
40911,0
40912,8
40913,1
40914,8
40915,9
40916,3
40917,9
40918,9
40919,1
40920,2
40921,9
40922,3
40923,5
40924,3
40925,6
40926,4
40927,5
40928,6
40929,3
40930,3
40931,5
40932,7
40933,7
40934,2
40935,3
40936,4
40937,3
40938,5
40939,9
40940,9
40941,1
40942,5
40943,5
40944,6
40945,7
40946,1
40947,5
40948,3
40949,7
40950,9
40951,7
40952,2
40953,1
40954,4
40955,5
40956,7
40957,9
40958,5
40959,6
40960,0
40961,1
40962,4
40963,5
40964,8
40965,3
40966,6
40967,7
40968,6
40969,4
40970,2
40971,9
40972,9
40973,6
40974,3
40975,3
40976,2
40977,4
40978,6
40979,6
40980,0
40981,6
40982,8
40983,7
40984,4
40985,6
40986,5
40987,5
40988,0
40989,3
40990,8
40991,1
40992,7
40993,2
40994,1
40995,7
40996,7
40997,1
40998,0
40999,9
41000,5
41001,0
41002,0
41003,1
41004,6
41005,9
41006,3
41007,9
41008,5
41009,4
41010,1
41011,9
41012,6
41013,7
41014,3
41015,0
41016,8
41017,2
41018,3
41019,8
41020,4
41021,2
41022,2
41023,5
41024,3
41025,4
41026,7
41027,9
41028,1
41029,4
41030,2
41031,3
41032,1
41033,9
41034,4
41035,1
41036,7
41037,5
41038,1
41039,9
41040,2
41041,9
41042,8
41043,1
41044,8
41045,0
41046,5
41047,3
41048,8
41049,1
41050,5
41051,6
41052,9
41053,3
41054,8
41055,2
41056,0
41057,3
41058,8
41059,7
41060,9
41061,0
41062,4
41063,3
41064,6
41065,6
41066,5
41067,0
41068,7
41069,0
41070,1
41071,0
41072,0
41073,7
41074,7
41075,0
41076,2
41077,7
41078,6
41079,0
41080,7
41081,5
41082,6
41083,7
41084,1
41085,0
41086,6
41087,5
41088,4
41089,5
41090,0
41091,6
41092,7
41093,7
41094,6
41095,8
41096,6
41097,5
41098,4
41099,0
41100,7
41101,8
41102,8
41103,1
41104,9
41105,6
41106,7
41107,9
41108,0
41109,8
41110,4
41111,4
41112,2
41113,2
41114,8
41115,0
41116,8
41117,0
41118,2
41119,2
41120,2
41121,3
41122,7
41123,0
41124,1
41125,1
41126,6
41127,9
41128,4
41129,7
41130,1
41131,1
41132,5
41133,7
41134,7
41135,0
41136,0
41137,3
41138,0
41139,4
41140,5
41141,8
41142,0
41143,5
41144,3
41145,7
41146,9
41147,4
41148,1
41149,8
41150,9
41151,3
41152,6
41153,6
41154,6
41155,4
41156,2
41157,6
41158,9
41159,1
41160,2
41161,1
41162,5
41163,6
41164,6
41165,9
41166,9
41167,2
41168,5
41169,0
41170,6
41171,7
41172,8
41173,1
41174,8
41175,4
41176,9
41177,9
41178,0
41179,1
41180,6
41181,4
41182,6
41183,3
41184,2
41185,8
41186,3
41187,4
41188,7
41189,4
41190,4
41191,9
41192,1
41193,9
41194,4
41195,9
41196,0
41197,1
41198,0
41199,6
41200,1
41201,9
41202,6
41203,0
41204,1
41205,0
41206,1
41207,1
41208,1
41209,7
41210,1
41211,4
41212,3
41213,6
41214,2
41215,2
41216,2
41217,1
41218,5
41219,0
41220,1
41221,4
41222,8
41223,6
41224,4
41225,4
41226,7
41227,3
41228,3
41229,4
41230,0
41231,4
41232,1
41233,2
41234,7
41235,9
41236,4
41237,9
41238,6
41239,6
41240,4
41241,3
41242,7
41243,3
41244,9
41245,6
41246,1
41247,0
41248,5
41249,7
41250,8
41251,8
41252,8
41253,9
41254,8
41255,5
41256,5
41257,1
41258,6
41259,1
41260,2
41261,2
41262,2
41263,2
41264,3
41265,2
41266,1
41267,8
41268,7
41269,8
41270,4
41271,8
41272,9
41273,4
41274,6
41275,7
41276,8
41277,9
41278,2
41279,1
41280,7
41281,3
41282,1
41283,8
41284,6
41285,2
41286,1
41287,0
41288,0
41289,9
41290,4
41291,0
41292,6
41293,7
41294,1
41295,7
41296,8
41297,6
41298,5
41299,5
41300,3
41301,0
41302,3
41303,7
41304,9
41305,3
41306,1
41307,2
41308,0
41309,7
41310,9
41311,3
41312,0
41313,2
41314,7
41315,3
41316,7
41317,5
41318,6
41319,5
41320,6
41321,3
41322,3
41323,1
41324,3
41325,1
41326,2
41327,4
41328,1
41329,1
41330,6
41331,0
41332,5
41333,6
41334,4
41335,5
41336,9
41337,1
41338,7
41339,0
41340,0
41341,1
41342,3
41343,9
41344,9
41345,4
41346,0
41347,9
41348,2
41349,3
41350,0
41351,0
41352,9
41353,1
41354,8
41355,2
41356,5
41357,7
41358,3
41359,8
41360,1
41361,8
41362,5
41363,9
41364,6
41365,3
41366,3
41367,8
41368,8
41369,6
41370,5
41371,4
41372,2
41373,1
41374,0
41375,4
41376,2
41377,7
41378,2
41379,4
41380,2
41381,3
41382,8
41383,9
41384,0
41385,0
41386,7
41387,9
41388,1
41389,8
41390,4
41391,9
41392,8
41393,8
41394,2
41395,8
41396,0
41397,2
41398,7
41399,6
41400,9
41401,7
41402,1
41403,6
41404,7
41405,7
41406,3
41407,8
41408,1
41409,7
41410,5
41411,8
41412,0
41413,6
41414,0
41415,7
41416,9
41417,5
41418,9
41419,6
41420,1
41421,3
41422,4
41423,1
41424,2
41425,6
41426,1
41427,7
41428,1
41429,6
41430,3
41431,3
41432,2
41433,9
41434,9
41435,0
41436,6
41437,7
41438,5
41439,4
41440,2
41441,3
41442,9
41443,6
41444,6
41445,0
41446,3
41447,1
41448,3
41449,6
41450,9
41451,1
41452,9
41453,7
41454,6
41455,7
41456,8
41457,6
41458,2
41459,2
41460,0
41461,9
41462,1
41463,3
41464,3
41465,2
41466,6
41467,3
41468,4
41469,1
41470,3
41471,0
41472,7
41473,5
41474,8
41475,4
41476,2
41477,4
41478,1
41479,6
41480,7
41481,5
41482,4
41483,1
41484,1
41485,7
41486,6
41487,3
41488,3
41489,7
41490,7
41491,1
41492,5
41493,8
41494,5
41495,9
41496,8
41497,4
41498,3
41499,1
41500,1
41501,2
41502,7
41503,7
41504,4
41505,7
41506,5
41507,7
41508,4
41509,7
41510,8
41511,5
41512,1
41513,1
41514,0
41515,4
41516,1
41517,6
41518,8
41519,9
41520,0
41521,7
41522,8
41523,1
41524,8
41525,4
41526,7
41527,9
41528,2
41529,6
41530,7
41531,6
41532,6
41533,6
41534,8
41535,0
41536,8
41537,8
41538,0
41539,3
41540,1
41541,6
41542,2
41543,2
41544,2
41545,9
41546,1
41547,9
41548,9
41549,3
41550,9
41551,7
41552,4
41553,4
41554,4
41555,2
41556,9
41557,1
41558,7
41559,8
41560,4
41561,1
41562,0
41563,1
41564,4
41565,9
41566,4
41567,4
41568,0
41569,8
41570,1
41571,5
41572,7
41573,9
41574,3
41575,1
41576,1
41577,9
41578,7
41579,3
41580,7
41581,9
41582,1
41583,6
41584,8
41585,6
41586,1
41587,4
41588,2
41589,9
41590,7
41591,1
41592,1
41593,4
41594,7
41595,9
41596,4
41597,9
41598,7
41599,4
41600,6
41601,4
41602,6
41603,7
41604,1
41605,7
41606,7
41607,9
41608,5
41609,6
41610,9
41611,0
41612,0
41613,4
41614,5
41615,4
41616,4
41617,1
41618,2
41619,6
41620,7
41621,3
41622,3
41623,8
41624,7
41625,4
41626,5
41627,7
41628,3
41629,9
41630,3
41631,1
41632,5
41633,2
41634,4
41635,6
41636,1
41637,3
41638,7
41639,2
41640,8
41641,5
41642,2
41643,2
41644,2
41645,0
41646,4
41647,0
41648,5
41649,1
41650,4
41651,0
41652,9
41653,3
41654,2
41655,6
41656,5
41657,2
41658,5
41659,1
41660,9
41661,7
41662,8
41663,4
41664,6
41665,0
41666,8
41667,0
41668,4
41669,0
41670,7
41671,6
41672,9
41673,1
41674,0
41675,4
41676,3
41677,6
41678,0
41679,9
41680,2
41681,0
41682,2
41683,4
41684,1
41685,1
41686,8
41687,9
41688,2
41689,3
41690,8
41691,0
41692,3
41693,6
41694,2
41695,0
41696,0
41697,7
41698,1
41699,0
41700,1
41701,6
41702,0
41703,5
41704,6
41705,6
41706,7
41707,7
41708,4
41709,6
41710,7
41711,9
41712,0
41713,7
41714,1
41715,9
41716,8
41717,2
41718,1
41719,8
41720,5
41721,9
41722,1
41723,7
41724,2
41725,0
41726,8
41727,8
41728,1
41729,5
41730,8
41731,5
41732,5
41733,7
41734,1
41735,6
41736,9
41737,8
41738,2
41739,5
41740,2
41741,3
41742,6
41743,9
41744,0
41745,1
41746,0
41747,8
41748,1
41749,4
41750,6
41751,3
41752,9
41753,9
41754,8
41755,4
41756,9
41757,9
41758,8
41759,2
41760,2
41761,6
41762,7
41763,0
41764,1
41765,3
41766,5
41767,2
41768,9
41769,4
41770,5
41771,6
41772,4
41773,0
41774,0
41775,0
41776,1
41777,5
41778,5
41779,3
41780,3
41781,3
41782,4
41783,7
41784,2
41785,4
41786,5
41787,9
41788,5
41789,7
41790,5
41791,2
41792,3
41793,5
41794,7
41795,8
41796,0
41797,8
41798,9
41799,1
41800,5
41801,4
41802,8
41803,4
41804,2
41805,7
41806,4
41807,7
41808,4
41809,6
41810,2
41811,4
41812,7
41813,0
41814,0
41815,8
41816,8
41817,6
41818,1
41819,5
41820,8
41821,5
41822,5
41823,7
41824,4
41825,0
41826,9
41827,5
41828,0
41829,8
41830,3
41831,8
41832,5
41833,0
41834,1
41835,0
41836,4
41837,5
41838,3
41839,3
41840,4
41841,3
41842,7
41843,1
41844,4
41845,7
41846,7
41847,4
41848,1
41849,1
41850,3
41851,6
41852,4
41853,7
41854,8
41855,5
41856,3
41857,3
41858,4
41859,5
41860,8
41861,9
41862,9
41863,2
41864,3
41865,1
41866,2
41867,8
41868,0
41869,6
41870,4
41871,9
41872,5
41873,4
41874,9
41875,7
41876,6
41877,6
41878,7
41879,7
41880,1
41881,2
41882,6
41883,7
41884,3
41885,9
41886,8
41887,7
41888,4
41889,5
41890,9
41891,0
41892,5
41893,5
41894,7
41895,2
41896,8
41897,0
41898,3
41899,7
41900,1
41901,5
41902,4
41903,0
41904,8
41905,7
41906,7
41907,5
41908,5
41909,9
41910,1
41911,1
41912,3
41913,8
41914,5
41915,1
41916,2
41917,6
41918,3
41919,7
41920,1
41921,5
41922,7
41923,9
41924,7
41925,5
41926,7
41927,6
41928,5
41929,4
41930,9
41931,3
41932,1
41933,1
41934,3
41935,0
41936,4
41937,7
41938,7
41939,6
41940,3
41941,7
41942,0
41943,5
41944,3
41945,6
41946,1
41947,7
41948,5
41949,3
41950,6
41951,6
41952,7
41953,1
41954,5
41955,4
41956,4
41957,1
41958,6
41959,1
41960,3
41961,7
41962,8
41963,8
41964,5
41965,6
41966,1
41967,2
41968,0
41969,1
41970,4
41971,2
41972,4
41973,7
41974,1
41975,1
41976,5
41977,1
41978,1
41979,1
41980,4
41981,5
41982,6
41983,5
41984,1
41985,9
41986,1
41987,3
41988,4
41989,8
41990,2
41991,7
41992,7
41993,2
41994,9
41995,4
41996,4
41997,4
41998,3
41999,0
42000,9
42001,4
42002,1
42003,2
42004,3
42005,1
42006,2
42007,9
42008,0
42009,1
42010,7
42011,4
42012,6
42013,6
42014,3
42015,8
42016,4
42017,5
42018,9
42019,7
42020,6
42021,3
42022,7
42023,0
42024,4
42025,3
42026,5
42027,2
42028,0
42029,7
42030,6
42031,9
42032,1
42033,4
42034,9
42035,3
42036,8
42037,1
42038,0
42039,1
42040,9
42041,2
42042,3
42043,2
42044,1
42045,0
42046,8
42047,3
42048,1
42049,4
42050,0
42051,7
42052,7
42053,9
42054,4
42055,6
42056,4
42057,7
42058,7
42059,8
42060,5
42061,2
42062,3
42063,6
42064,9
42065,6
42066,9
42067,8
42068,2
42069,4
42070,9
42071,6
42072,0
42073,2
42074,2
42075,2
42076,7
42077,5
42078,6
42079,3
42080,4
42081,3
42082,0
42083,1
42084,5
42085,6
42086,7
42087,7
42088,4
42089,1
42090,5
42091,1
42092,8
42093,6
42094,4
42095,3
42096,4
42097,5
42098,6
42099,1
42100,1
42101,1
42102,3
42103,8
42104,0
42105,7
42106,8
42107,2
42108,6
42109,7
42110,7
42111,6
42112,8
42113,1
42114,6
42115,7
42116,9
42117,1
42118,0
42119,8
42120,4
42121,1
42122,7
42123,7
42124,5
42125,5
42126,9
42127,0
42128,1
42129,6
42130,3
42131,0
42132,1
42133,1
42134,9
42135,3
42136,2
42137,9
42138,6
42139,3
42140,0
42141,5
42142,0
42143,6
42144,0
42145,7
42146,3
42147,9
42148,9
42149,2
42150,3
42151,4
42152,6
42153,1
42154,3
42155,8
42156,5
42157,3
42158,4
42159,8
42160,9
42161,5
42162,2
42163,2
42164,7
42165,0
42166,0
42167,4
42168,0
42169,0
42170,3
42171,3
42172,7
42173,9
42174,8
42175,4
42176,9
42177,3
42178,4
42179,7
42180,1
42181,6
42182,9
42183,2
42184,5
42185,2
42186,9
42187,7
42188,4
42189,2
42190,0
42191,6
42192,8
42193,5
42194,8
42195,5
42196,2
42197,4
42198,9
42199,2
42200,5
42201,1
42202,0
42203,5
42204,7
42205,1
42206,4
42207,1
42208,9
42209,5
42210,3
42211,2
42212,2
42213,1
42214,9
42215,8
42216,3
42217,9
42218,5
42219,3
42220,9
42221,4
42222,1
42223,3
42224,3
42225,9
42226,2
42227,1
42228,2
42229,3
42230,7
42231,8
42232,1
42233,2
42234,5
42235,3
42236,1
42237,3
42238,5
42239,4
42240,5
42241,0
42242,7
42243,7
42244,1
42245,4
42246,3
42247,3
42248,5
42249,7
42250,7
42251,2
42252,8
42253,5
42254,7
42255,3
42256,2
42257,6
42258,4
42259,0
42260,7
42261,5
42262,7
42263,1
42264,7
42265,7
42266,9
42267,4
42268,1
42269,8
42270,3
42271,4
42272,8
42273,7
42274,9
42275,9
42276,8
42277,7
42278,3
42279,7
42280,8
42281,6
42282,9
42283,1
42284,2
42285,0
42286,2
42287,3
42288,1
42289,9
42290,1
42291,0
42292,5
42293,1
42294,2
42295,1
42296,7
42297,9
42298,6
42299,4
42300,9
42301,5
42302,3
42303,9
42304,3
42305,0
42306,2
42307,9
42308,5
42309,2
42310,9
42311,6
42312,9
42313,4
42314,5
42315,5
42316,7
42317,3
42318,3
42319,7
42320,1
42321,3
42322,1
42323,7
42324,1
42325,4
42326,4
42327,5
42328,6
42329,1
42330,8
42331,1
42332,7
42333,9
42334,1
42335,1
42336,9
42337,7
42338,3
42339,8
42340,6
42341,6
42342,7
42343,4
42344,6
42345,7
42346,7
42347,8
42348,7
42349,6
42350,8
42351,7
42352,4
42353,0
42354,4
42355,3
42356,2
42357,9
42358,9
42359,2
42360,2
42361,7
42362,1
42363,6
42364,3
42365,9
42366,6
42367,8
42368,6
42369,7
42370,9
42371,8
42372,2
42373,1
42374,7
42375,1
42376,5
42377,6
42378,9
42379,3
42380,3
42381,1
42382,7
42383,2
42384,6
42385,0
42386,6
42387,3
42388,1
42389,3
42390,1
42391,7
42392,9
42393,1
42394,7
42395,3
42396,8
42397,2
42398,6
42399,3
42400,2
42401,0
42402,1
42403,7
42404,9
42405,9
42406,0
42407,0
42408,0
42409,1
42410,2
42411,8
42412,0
42413,9
42414,8
42415,0
42416,6
42417,5
42418,2
42419,2
42420,0
42421,6
42422,6
42423,6
42424,9
42425,9
42426,7
42427,4
42428,7
42429,7
42430,8
42431,4
42432,4
42433,2
42434,6
42435,7
42436,1
42437,6
42438,8
42439,5
42440,1
42441,0
42442,8
42443,9
42444,7
42445,9
42446,4
42447,7
42448,1
42449,9
42450,4
42451,5
42452,5
42453,0
42454,4
42455,6
42456,1
42457,4
42458,9
42459,8
42460,1
42461,1
42462,6
42463,2
42464,0
42465,8
42466,4
42467,1
42468,1
42469,8
42470,3
42471,6
42472,6
42473,4
42474,7
42475,0
42476,9
42477,3
42478,2
42479,7
42480,7
42481,6
42482,2
42483,1
42484,2
42485,7
42486,5
42487,9
42488,2
42489,1
42490,2
42491,4
42492,7
42493,3
42494,2
42495,1
42496,8
42497,1
42498,0
42499,3
42500,0
42501,7
42502,8
42503,8
42504,6
42505,1
42506,3
42507,3
42508,4
42509,8
42510,2
42511,1
42512,4
42513,7
42514,4
42515,3
42516,7
42517,7
42518,7
42519,9
42520,2
42521,6
42522,2
42523,0
42524,4
42525,5
42526,0
42527,4
42528,8
42529,8
42530,0
42531,1
42532,4
42533,1
42534,1
42535,4
42536,5
42537,1
42538,8
42539,1
42540,6
42541,5
42542,4
42543,2
42544,3
42545,1
42546,2
42547,7
42548,0
42549,4
42550,5
42551,2
42552,3
42553,3
42554,3
42555,6
42556,7
42557,4
42558,3
42559,3
42560,9
42561,7
42562,7
42563,8
42564,4
42565,9
42566,4
42567,0
42568,3
42569,0
42570,0
42571,1
42572,6
42573,5
42574,1
42575,7
42576,7
42577,2
42578,5
42579,5
42580,9
42581,5
42582,0
42583,6
42584,5
42585,4
42586,5
42587,4
42588,5
42589,3
42590,6
42591,9
42592,5
42593,0
42594,4
42595,4
42596,1
42597,4
42598,6
42599,0
42600,4
42601,1
42602,5
42603,9
42604,8
42605,9
42606,5
42607,1
42608,5
42609,2
42610,1
42611,1
42612,3
42613,6
42614,6
42615,1
42616,9
42617,5
42618,8
42619,6
42620,1
42621,7
42622,7
42623,9
42624,0
42625,9
42626,1
42627,5
42628,2
42629,5
42630,9
42631,6
42632,9
42633,0
42634,1
42635,5
42636,5
42637,4
42638,0
42639,0
42640,6
42641,1
42642,7
42643,6
42644,4
42645,9
42646,6
42647,4
42648,9
42649,1
42650,9
42651,8
42652,1
42653,1
42654,7
42655,1
42656,4
42657,9
42658,5
42659,4
42660,9
42661,6
42662,9
42663,0
42664,1
42665,7
42666,7
42667,3
42668,5
42669,4
42670,2
42671,9
42672,7
42673,1
42674,4
42675,3
42676,8
42677,8
42678,1
42679,7
42680,6
42681,1
42682,7
42683,9
42684,4
42685,6
42686,5
42687,5
42688,9
42689,4
42690,4
42691,6
42692,3
42693,1
42694,4
42695,9
42696,3
42697,9
42698,8
42699,0
42700,1
42701,9
42702,0
42703,8
42704,9
42705,2
42706,0
42707,4
42708,2
42709,7
42710,0
42711,5
42712,1
42713,0
42714,2
42715,4
42716,7
42717,6
42718,1
42719,8
42720,9
42721,9
42722,8
42723,9
42724,2
42725,4
42726,8
42727,9
42728,8
42729,2
42730,6
42731,1
42732,8
42733,7
42734,9
42735,5
42736,1
42737,3
42738,4
42739,0
42740,3
42741,1
42742,4
42743,5
42744,9
42745,4
42746,2
42747,7
42748,3
42749,2
42750,1
42751,5
42752,6
42753,5
42754,6
42755,1
42756,5
42757,6
42758,9
42759,4
42760,9
42761,4
42762,3
42763,9
42764,6
42765,7
42766,6
42767,1
42768,7
42769,9
42770,9
42771,2
42772,5
42773,2
42774,4
42775,8
42776,9
42777,8
42778,4
42779,0
42780,5
42781,1
42782,7
42783,9
42784,9
42785,1
42786,2
42787,9
42788,9
42789,2
42790,3
42791,8
42792,5
42793,1
42794,7
42795,1
42796,6
42797,3
42798,2
42799,3
42800,6
42801,8
42802,3
42803,5
42804,7
42805,4
42806,2
42807,2
42808,6
42809,1
42810,0
42811,0
42812,8
42813,1
42814,7
42815,2
42816,4
42817,9
42818,4
42819,7
42820,2
42821,4
42822,7
42823,0
42824,1
42825,9
42826,3
42827,7
42828,8
42829,7
42830,8
42831,6
42832,3
42833,2
42834,0
42835,7
42836,1
42837,5
42838,3
42839,5
42840,2
42841,5
42842,4
42843,5
42844,0
42845,6
42846,7
42847,1
42848,1
42849,5
42850,3
42851,7
42852,7
42853,2
42854,8
42855,8
42856,6
42857,1
42858,7
42859,4
42860,4
42861,4
42862,1
42863,4
42864,6
42865,8
42866,9
42867,1
42868,1
42869,0
42870,0
42871,6
42872,1
42873,5
42874,0
42875,3
42876,4
42877,0
42878,6
42879,5
42880,7
42881,4
42882,1
42883,2
42884,0
42885,1
42886,9
42887,6
42888,3
42889,0
42890,9
42891,7
42892,6
42893,4
42894,1
42895,9
42896,6
42897,5
42898,8
42899,0
42900,4
42901,8
42902,4
42903,3
42904,8
42905,0
42906,6
42907,2
42908,7
42909,8
42910,6
42911,2
42912,0
42913,5
42914,5
42915,2
42916,1
42917,9
42918,2
42919,6
42920,0
42921,8
42922,9
42923,7
42924,3
42925,3
42926,8
42927,4
42928,6
42929,0
42930,0
42931,7
42932,9
42933,2
42934,0
42935,9
42936,5
42937,5
42938,4
42939,6
42940,0
42941,2
42942,8
42943,3
42944,9
42945,9
42946,2
42947,2
42948,3
42949,0
42950,0
42951,0
42952,1
42953,9
42954,4
42955,2
42956,4
42957,7
42958,0
42959,7
42960,4
42961,7
42962,6
42963,7
42964,6
42965,8
42966,2
42967,5
42968,3
42969,8
42970,8
42971,1
42972,7
42973,5
42974,0
42975,0
42976,5
42977,2
42978,8
42979,8
42980,8
42981,1
42982,1
42983,2
42984,8
42985,0
42986,5
42987,3
42988,4
42989,9
42990,8
42991,1
42992,2
42993,9
42994,5
42995,0
42996,8
42997,1
42998,2
42999,5
43000,0
43001,8
43002,3
43003,6
43004,4
43005,9
43006,5
43007,6
43008,7
43009,7
43010,4
43011,5
43012,4
43013,8
43014,1
43015,4
43016,4
43017,7
43018,7
43019,0
43020,9
43021,1
43022,1
43023,6
43024,8
43025,3
43026,8
43027,1
43028,6
43029,8
43030,7
43031,9
43032,7
43033,5
43034,1
43035,4
43036,9
43037,8
43038,6
43039,1
43040,7
43041,2
43042,5
43043,1
43044,6
43045,1
43046,7
43047,1
43048,0
43049,6
43050,5
43051,4
43052,3
43053,5
43054,3
43055,7
43056,7
43057,6
43058,1
43059,9
43060,5
43061,5
43062,3
43063,6
43064,3
43065,5
43066,2
43067,8
43068,2
43069,1
43070,0
43071,0
43072,5
43073,0
43074,8
43075,2
43076,3
43077,5
43078,7
43079,5
43080,7
43081,2
43082,1
43083,6
43084,6
43085,7
43086,1
43087,0
43088,7
43089,8
43090,7
43091,0
43092,9
43093,7
43094,3
43095,8
43096,8
43097,5
43098,1
43099,0
43100,0
43101,4
43102,7
43103,3
43104,1
43105,5
43106,5
43107,4
43108,0
43109,9
43110,4
43111,6
43112,7
43113,7
43114,8
43115,1
43116,6
43117,7
43118,7
43119,2
43120,8
43121,1
43122,9
43123,7
43124,9
43125,5
43126,2
43127,6
43128,6
43129,2
43130,7
43131,2
43132,4
43133,4
43134,0
43135,7
43136,3
43137,6
43138,4
43139,0
43140,6
43141,1
43142,1
43143,6
43144,1
43145,6
43146,0
43147,5
43148,7
43149,7
43150,9
43151,9
43152,4
43153,2
43154,8
43155,3
43156,5
43157,6
43158,4
43159,5
43160,6
43161,4
43162,3
43163,7
43164,8
43165,8
43166,0
43167,1
43168,4
43169,3
43170,5
43171,3
43172,7
43173,3
43174,9
43175,8
43176,8
43177,1
43178,3
43179,9
43180,0
43181,8
43182,9
43183,0
43184,8
43185,3
43186,4
43187,5
43188,6
43189,8
43190,0
43191,3
43192,5
43193,6
43194,9
43195,9
43196,1
43197,9
43198,0
43199,1
43200,8
43201,4
43202,2
43203,9
43204,1
43205,7
43206,3
43207,1
43208,9
43209,5
43210,2
43211,2
43212,3
43213,1
43214,1
43215,9
43216,6
43217,2
43218,9
43219,7
43220,5
43221,8
43222,8
43223,8
43224,6
43225,9
43226,3
43227,4
43228,4
43229,4
43230,4
43231,3
43232,2
43233,3
43234,7
43235,1
43236,2
43237,8
43238,7
43239,5
43240,1
43241,9
43242,0
43243,6
43244,8
43245,7
43246,3
43247,8
43248,3
43249,1
43250,9
43251,6
43252,5
43253,2
43254,3
43255,1
43256,7
43257,3
43258,4
43259,6
43260,7
43261,0
43262,3
43263,2
43264,9
43265,1
43266,8
43267,2
43268,1
43269,3
43270,9
43271,7
43272,2
43273,9
43274,1
43275,0
43276,7
43277,8
43278,6
43279,2
43280,4
43281,7
43282,5
43283,8
43284,6
43285,0
43286,4
43287,9
43288,1
43289,1
43290,9
43291,3
43292,8
43293,7
43294,8
43295,2
43296,0
43297,8
43298,4
43299,1
43300,2
43301,1
43302,1
43303,4
43304,9
43305,3
43306,2
43307,2
43308,6
43309,9
43310,9
43311,3
43312,5
43313,0
43314,5
43315,7
43316,0
43317,0
43318,0
43319,3
43320,4
43321,8
43322,7
43323,9
43324,8
43325,4
43326,2
43327,1
43328,4
43329,8
43330,2
43331,1
43332,3
43333,5
43334,4
43335,4
43336,9
43337,2
43338,9
43339,5
43340,3
43341,8
43342,6
43343,1
43344,2
43345,1
43346,6
43347,5
43348,2
43349,0
43350,3
43351,0
43352,2
43353,5
43354,0
43355,2
43356,9
43357,9
43358,0
43359,7
43360,4
43361,6
43362,5
43363,3
43364,4
43365,2
43366,2
43367,4
43368,8
43369,4
43370,9
43371,0
43372,5
43373,7
43374,3
43375,7
43376,1
43377,7
43378,9
43379,6
43380,2
43381,1
43382,0
43383,3
43384,2
43385,2
43386,1
43387,6
43388,8
43389,4
43390,5
43391,5
43392,2
43393,6
43394,6
43395,6
43396,3
43397,2
43398,9
43399,8
43400,8
43401,0
43402,6
43403,5
43404,1
43405,2
43406,7
43407,5
43408,9
43409,9
43410,7
43411,1
43412,6
43413,1
43414,4
43415,7
43416,9
43417,6
43418,9
43419,4
43420,3
43421,2
43422,4
43423,3
43424,2
43425,0
43426,9
43427,8
43428,2
43429,2
43430,0
43431,9
43432,3
43433,9
43434,0
43435,7
43436,3
43437,9
43438,9
43439,1
43440,2
43441,2
43442,4
43443,8
43444,6
43445,4
43446,4
43447,7
43448,9
43449,0
43450,2
43451,5
43452,1
43453,9
43454,4
43455,3
43456,0
43457,1
43458,0
43459,9
43460,3
43461,2
43462,2
43463,0
43464,5
43465,2
43466,2
43467,7
43468,1
43469,3
43470,7
43471,5
43472,3
43473,9
43474,6
43475,9
43476,5
43477,4
43478,8
43479,4
43480,4
43481,8
43482,9
43483,1
43484,6
43485,6
43486,1
43487,4
43488,1
43489,3
43490,2
43491,6
43492,0
43493,0
43494,6
43495,0
43496,8
43497,4
43498,5
43499,3
43500,1
43501,2
43502,7
43503,0
43504,8
43505,9
43506,2
43507,0
43508,9
43509,9
43510,7
43511,6
43512,1
43513,8
43514,6
43515,7
43516,3
43517,0
43518,1
43519,5
43520,3
43521,3
43522,4
43523,8
43524,2
43525,7
43526,4
43527,4
43528,9
43529,5
43530,8
43531,0
43532,8
43533,4
43534,7
43535,7
43536,1
43537,6
43538,4
43539,9
43540,1
43541,8
43542,6
43543,3
43544,3
43545,9
43546,6
43547,7
43548,0
43549,4
43550,7
43551,8
43552,8
43553,9
43554,1
43555,4
43556,7
43557,5
43558,1
43559,2
43560,0
43561,3
43562,2
43563,6
43564,0
43565,1
43566,4
43567,2
43568,1
43569,1
43570,2
43571,2
43572,0
43573,5
43574,9
43575,1
43576,6
43577,4
43578,5
43579,5
43580,0
43581,7
43582,5
43583,3
43584,8
43585,3
43586,8
43587,9
43588,3
43589,8
43590,2
43591,3
43592,0
43593,5
43594,4
43595,5
43596,8
43597,0
43598,2
43599,5
43600,4
43601,5
43602,3
43603,0
43604,7
43605,3
43606,9
43607,6
43608,7
43609,6
43610,1
43611,6
43612,1
43613,7
43614,8
43615,4
43616,9
43617,0
43618,9
43619,7
43620,5
43621,5
43622,7
43623,4
43624,7
43625,1
43626,8
43627,7
43628,8
43629,5
43630,4
43631,8
43632,4
43633,1
43634,5
43635,8
43636,1
43637,8
43638,2
43639,4
43640,8
43641,7
43642,7
43643,2
43644,4
43645,4
43646,4
43647,9
43648,3
43649,5
43650,8
43651,0
43652,3
43653,4
43654,1
43655,2
43656,9
43657,9
43658,8
43659,2
43660,9
43661,0
43662,2
43663,2
43664,5
43665,8
43666,7
43667,1
43668,9
43669,3
43670,0
43671,0
43672,4
43673,9
43674,0
43675,7
43676,7
43677,1
43678,5
43679,9
43680,0
43681,4
43682,3
43683,5
43684,4
43685,1
43686,3
43687,4
43688,3
43689,8
43690,9
43691,0
43692,2
43693,6
43694,3
43695,3
43696,8
43697,2
43698,4
43699,6
43700,8
43701,8
43702,7
43703,0
43704,4
43705,5
43706,0
43707,4
43708,4
43709,4
43710,5
43711,6
43712,2
43713,1
43714,6
43715,1
43716,3
43717,3
43718,0
43719,8
43720,2
43721,2
43722,5
43723,3
43724,0
43725,2
43726,3
43727,9
43728,3
43729,6
43730,5
43731,2
43732,1
43733,9
43734,3
43735,9
43736,8
43737,5
43738,5
43739,0
43740,1
43741,5
43742,6
43743,6
43744,2
43745,6
43746,7
43747,4
43748,9
43749,1
43750,9
43751,8
43752,0
43753,0
43754,4
43755,1
43756,3
43757,3
43758,8
43759,6
43760,5
43761,5
43762,6
43763,3
43764,2
43765,5
43766,9
43767,8
43768,9
43769,9
43770,1
43771,1
43772,9
43773,3
43774,3
43775,4
43776,4
43777,9
43778,5
43779,9
43780,5
43781,4
43782,6
43783,8
43784,0
43785,3
43786,1
43787,3
43788,1
43789,8
43790,2
43791,3
43792,2
43793,9
43794,1
43795,1
43796,8
43797,3
43798,0
43799,1
43800,5
43801,1
43802,1
43803,7
43804,1
43805,5
43806,3
43807,5
43808,4
43809,5
43810,1
43811,1
43812,0
43813,9
43814,6
43815,3
43816,7
43817,7
43818,6
43819,3
43820,0
43821,2
43822,7
43823,9
43824,8
43825,0
43826,1
43827,9
43828,2
43829,4
43830,8
43831,6
43832,6
43833,8
43834,9
43835,7
43836,0
43837,3
43838,4
43839,0
43840,4
43841,4
43842,7
43843,0
43844,9
43845,6
43846,3
43847,9
43848,1
43849,8
43850,9
43851,7
43852,6
43853,9
43854,4
43855,7
43856,5
43857,1
43858,3
43859,3
43860,1
43861,0
43862,5
43863,6
43864,2
43865,0
43866,2
43867,7
43868,3
43869,1
43870,4
43871,2
43872,0
43873,0
43874,9
43875,3
43876,8
43877,0
43878,1
43879,8
43880,0
43881,5
43882,0
43883,3
43884,4
43885,7
43886,7
43887,9
43888,3
43889,8
43890,7
43891,4
43892,2
43893,8
43894,9
43895,5
43896,9
43897,0
43898,9
43899,1
43900,3
43901,2
43902,1
43903,5
43904,2
43905,2
43906,3
43907,2
43908,7
43909,5
43910,0
43911,2
43912,6
43913,9
43914,9
43915,9
43916,0
43917,9
43918,9
43919,0
43920,7
43921,9
43922,7
43923,9
43924,1
43925,8
43926,7
43927,4
43928,8
43929,0
43930,1
43931,3
43932,0
43933,0
43934,7
43935,2
43936,3
43937,4
43938,8
43939,0
43940,9
43941,6
43942,3
43943,1
43944,3
43945,8
43946,1
43947,2
43948,4
43949,3
43950,6
43951,0
43952,8
43953,7
43954,1
43955,5
43956,7
43957,1
43958,2
43959,3
43960,9
43961,2
43962,7
43963,3
43964,4
43965,7
43966,8
43967,1
43968,3
43969,6
43970,6
43971,8
43972,4
43973,9
43974,4
43975,8
43976,4
43977,3
43978,9
43979,5
43980,5
43981,9
43982,0
43983,2
43984,2
43985,2
43986,1
43987,5
43988,6
43989,1
43990,7
43991,5
43992,1
43993,9
43994,4
43995,9
43996,3
43997,7
43998,1
43999,2
44000,2
44001,9
44002,8
44003,4
44004,0
44005,1
44006,1
44007,7
44008,5
44009,2
44010,4
44011,9
44012,1
44013,7
44014,1
44015,3
44016,1
44017,2
44018,7
44019,0
44020,2
44021,7
44022,7
44023,5
44024,1
44025,6
44026,0
44027,1
44028,7
44029,2
44030,9
44031,7
44032,8
44033,2
44034,8
44035,2
44036,1
44037,5
44038,3
44039,4
44040,2
44041,1
44042,9
44043,1
44044,7
44045,3
44046,0
44047,9
44048,3
44049,6
44050,0
44051,2
44052,1
44053,2
44054,9
44055,8
44056,2
44057,8
44058,8
44059,1
44060,5
44061,8
44062,5
44063,1
44064,5
44065,6
44066,1
44067,7
44068,1
44069,8
44070,1
44071,6
44072,8
44073,5
44074,8
44075,7
44076,4
44077,1
44078,3
44079,4
44080,6
44081,1
44082,7
44083,0
44084,9
44085,2
44086,7
44087,7
44088,4
44089,8
44090,9
44091,9
44092,9
44093,3
44094,8
44095,0
44096,3
44097,7
44098,8
44099,0
44100,2
44101,6
44102,7
44103,9
44104,1
44105,8
44106,1
44107,0
44108,2
44109,8
44110,9
44111,7
44112,2
44113,1
44114,7
44115,6
44116,3
44117,3
44118,3
44119,2
44120,7
44121,6
44122,0
44123,0
44124,0
44125,0
44126,3
44127,4
44128,6
44129,7
44130,4
44131,9
44132,2
44133,2
44134,4
44135,7
44136,9
44137,3
44138,0
44139,7
44140,5
44141,7
44142,5
44143,1
44144,4
44145,8
44146,0
44147,7
44148,4
44149,3
44150,2
44151,7
44152,0
44153,8
44154,5
44155,1
44156,6
44157,7
44158,1
44159,4
44160,2
44161,6
44162,5
44163,7
44164,3
44165,7
44166,7
44167,9
44168,7
44169,1
44170,0
44171,7
44172,9
44173,1
44174,6
44175,0
44176,6
44177,5
44178,4
44179,1
44180,2
44181,4
44182,7
44183,2
44184,6
44185,6
44186,2
44187,6
44188,0
44189,9
44190,5
44191,0
44192,5
44193,6
44194,2
44195,9
44196,7
44197,7
44198,1
44199,0
44200,6
44201,4
44202,2
44203,1
44204,9
44205,9
44206,4
44207,4
44208,3
44209,9
44210,2
44211,8
44212,6
44213,9
44214,2
44215,6
44216,5
44217,9
44218,0
44219,6
44220,7
44221,7
44222,5
44223,1
44224,8
44225,8
44226,4
44227,7
44228,6
44229,5
44230,9
44231,4
44232,6
44233,1
44234,0
44235,4
44236,7
44237,2
44238,4
44239,9
44240,8
44241,8
44242,0
44243,8
44244,5
44245,3
44246,1
44247,5
44248,2
44249,4
44250,1
44251,7
44252,3
44253,8
44254,9
44255,2
44256,9
44257,1
44258,9
44259,4
44260,9
44261,9
44262,3
44263,9
44264,0
44265,1
44266,2
44267,8
44268,9
44269,3
44270,5
44271,5
44272,9
44273,4
44274,9
44275,4
44276,1
44277,9
44278,6
44279,9
44280,2
44281,9
44282,7
44283,4
44284,6
44285,8
44286,9
44287,7
44288,1
44289,3
44290,5
44291,5
44292,1
44293,8
44294,0
44295,0
44296,2
44297,0
44298,1
44299,0
44300,6
44301,4
44302,3
44303,3
44304,9
44305,0
44306,1
44307,2
44308,1
44309,4
44310,4
44311,9
44312,5
44313,9
44314,2
44315,2
44316,4
44317,2
44318,2
44319,8
44320,1
44321,5
44322,6
44323,4
44324,4
44325,8
44326,6
44327,5
44328,3
44329,8
44330,7
44331,4
44332,1
44333,8
44334,2
44335,1
44336,6
44337,1
44338,8
44339,2
44340,1
44341,4
44342,0
44343,6
44344,2
44345,3
44346,9
44347,8
44348,4
44349,7
44350,5
44351,5
44352,0
44353,7
44354,4
44355,0
44356,8
44357,3
44358,7
44359,1
44360,3
44361,8
44362,7
44363,4
44364,9
44365,2
44366,3
44367,1
44368,9
44369,8
44370,5
44371,3
44372,1
44373,6
44374,0
44375,3
44376,8
44377,4
44378,1
44379,4
44380,9
44381,1
44382,0
44383,9
44384,7
44385,8
44386,8
44387,5
44388,6
44389,6
44390,9
44391,1
44392,2
44393,9
44394,2
44395,9
44396,7
44397,8
44398,8
44399,3
44400,0
44401,8
44402,7
44403,1
44404,2
44405,2
44406,7
44407,3
44408,7
44409,1
44410,7
44411,1
44412,7
44413,9
44414,6
44415,5
44416,6
44417,6
44418,8
44419,7
44420,4
44421,6
44422,3
44423,4
44424,5
44425,9
44426,2
44427,9
44428,5
44429,4
44430,2
44431,2
44432,6
44433,6
44434,3
44435,9
44436,8
44437,6
44438,5
44439,5
44440,3
44441,4
44442,9
44443,3
44444,6
44445,8
44446,5
44447,0
44448,1
44449,0
44450,6
44451,0
44452,4
44453,9
44454,2
44455,7
44456,5
44457,7
44458,0
44459,6
44460,7
44461,1
44462,8
44463,2
44464,2
44465,0
44466,2
44467,1
44468,9
44469,1
44470,4
44471,4
44472,7
44473,2
44474,7
44475,4
44476,7
44477,4
44478,3
44479,9
44480,4
44481,0
44482,5
44483,1
44484,0
44485,4
44486,2
44487,4
44488,8
44489,6
44490,8
44491,4
44492,3
44493,9
44494,5
44495,3
44496,1
44497,3
44498,2
44499,5
44500,1
44501,5
44502,7
44503,2
44504,8
44505,2
44506,1
44507,6
44508,4
44509,4
44510,9
44511,2
44512,7
44513,0
44514,2
44515,8
44516,1
44517,8
44518,7
44519,2
44520,9
44521,1
44522,0
44523,9
44524,4
44525,1
44526,0
44527,5
44528,6
44529,4
44530,1
44531,8
44532,9
44533,8
44534,9
44535,1
44536,6
44537,8
44538,1
44539,3
44540,3
44541,2
44542,0
44543,4
44544,1
44545,0
44546,5
44547,7
44548,5
44549,6
44550,1
44551,8
44552,0
44553,6
44554,8
44555,6
44556,8
44557,3
44558,3
44559,3
44560,9
44561,5
44562,1
44563,5
44564,4
44565,4
44566,1
44567,6
44568,8
44569,3
44570,8
44571,5
44572,5
44573,3
44574,3
44575,3
44576,8
44577,8
44578,5
44579,3
44580,8
44581,5
44582,7
44583,5
44584,5
44585,3
44586,1
44587,1
44588,8
44589,5
44590,6
44591,0
44592,6
44593,1
44594,1
44595,0
44596,4
44597,6
44598,2
44599,6
44600,2
44601,4
44602,4
44603,3
44604,4
44605,3
44606,9
44607,9
44608,0
44609,6
44610,1
44611,4
44612,2
44613,7
44614,7
44615,2
44616,2
44617,8
44618,0
44619,1
44620,1
44621,2
44622,3
44623,5
44624,6
44625,4
44626,2
44627,5
44628,3
44629,4
44630,7
44631,4
44632,2
44633,6
44634,8
44635,5
44636,0
44637,7
44638,6
44639,0
44640,2
44641,8
44642,8
44643,9
44644,1
44645,2
44646,0
44647,3
44648,3
44649,0
44650,7
44651,2
44652,2
44653,5
44654,5
44655,4
44656,6
44657,4
44658,6
44659,7
44660,1
44661,6
44662,1
44663,8
44664,3
44665,2
44666,8
44667,8
44668,4
44669,9
44670,2
44671,7
44672,5
44673,2
44674,1
44675,2
44676,3
44677,5
44678,0
44679,3
44680,2
44681,0
44682,3
44683,5
44684,8
44685,3
44686,3
44687,0
44688,6
44689,3
44690,2
44691,5
44692,9
44693,6
44694,3
44695,5
44696,3
44697,3
44698,0
44699,9
44700,3
44701,4
44702,1
44703,0
44704,3
44705,0
44706,8
44707,2
44708,5
44709,2
44710,5
44711,8
44712,7
44713,9
44714,7
44715,2
44716,1
44717,9
44718,2
44719,5
44720,2
44721,3
44722,4
44723,5
44724,8
44725,1
44726,2
44727,9
44728,9
44729,5
44730,4
44731,2
44732,8
44733,5
44734,5
44735,5
44736,9
44737,6
44738,6
44739,9
44740,7
44741,3
44742,4
44743,8
44744,6
44745,7
44746,4
44747,1
44748,7
44749,8
44750,1
44751,8
44752,8
44753,3
44754,4
44755,7
44756,7
44757,8
44758,9
44759,0
44760,9
44761,9
44762,6
44763,9
44764,6
44765,6
44766,3
44767,2
44768,4
44769,2
44770,0
44771,5
44772,8
44773,4
44774,5
44775,4
44776,2
44777,1
44778,8
44779,1
44780,7
44781,5
44782,6
44783,1
44784,0
44785,8
44786,0
44787,0
44788,1
44789,7
44790,3
44791,5
44792,4
44793,3
44794,6
44795,7
44796,1
44797,1
44798,1
44799,2
44800,3
44801,5
44802,6
44803,0
44804,4
44805,7
44806,2
44807,2
44808,3
44809,8
44810,7
44811,6
44812,0
44813,3
44814,4
44815,9
44816,3
44817,3
44818,4
44819,7
44820,6
44821,2
44822,7
44823,2
44824,9
44825,2
44826,8
44827,2
44828,4
44829,4
44830,9
44831,5
44832,6
44833,0
44834,2
44835,9
44836,3
44837,8
44838,3
44839,2
44840,8
44841,8
44842,0
44843,3
44844,8
44845,5
44846,3
44847,1
44848,0
44849,3
44850,6
44851,6
44852,7
44853,9
44854,0
44855,7
44856,9
44857,2
44858,0
44859,2
44860,5
44861,7
44862,5
44863,9
44864,3
44865,4
44866,0
44867,1
44868,3
44869,0
44870,9
44871,6
44872,6
44873,5
44874,1
44875,8
44876,5
44877,8
44878,7
44879,7
44880,8
44881,4
44882,2
44883,9
44884,5
44885,6
44886,9
44887,7
44888,7
44889,3
44890,5
44891,3
44892,3
44893,7
44894,2
44895,3
44896,9
44897,9
44898,7
44899,4
44900,3
44901,2
44902,5
44903,9
44904,3
44905,1
44906,5
44907,0
44908,2
44909,4
44910,1
44911,5
44912,9
44913,0
44914,3
44915,8
44916,7
44917,6
44918,2
44919,3
44920,4
44921,1
44922,4
44923,8
44924,0
44925,0
44926,8
44927,0
44928,9
44929,3
44930,0
44931,8
44932,4
44933,5
44934,6
44935,9
44936,4
44937,4
44938,8
44939,1
44940,7
44941,1
44942,0
44943,7
44944,2
44945,4
44946,2
44947,6
44948,1
44949,7
44950,1
44951,9
44952,9
44953,4
44954,6
44955,1
44956,0
44957,2
44958,7
44959,6
44960,8
44961,5
44962,5
44963,0
44964,1
44965,4
44966,6
44967,7
44968,5
44969,3
44970,7
44971,5
44972,6
44973,4
44974,4
44975,5
44976,4
44977,1
44978,7
44979,9
44980,8
44981,4
44982,3
44983,3
44984,8
44985,2
44986,6
44987,8
44988,2
44989,9
44990,4
44991,2
44992,0
44993,9
44994,3
44995,5
44996,1
44997,6
44998,7
44999,0
45000,7
45001,9
45002,6
45003,4
45004,7
45005,8
45006,3
45007,2
45008,5
45009,2
45010,3
45011,1
45012,9
45013,8
45014,1
45015,5
45016,5
45017,0
45018,7
45019,5
45020,7
45021,6
45022,4
45023,2
45024,2
45025,0
45026,6
45027,1
45028,1
45029,0
45030,1
45031,3
45032,1
45033,5
45034,8
45035,3
45036,2
45037,3
45038,0
45039,7
45040,4
45041,6
45042,9
45043,9
45044,6
45045,0
45046,4
45047,3
45048,7
45049,3
45050,5
45051,6
45052,3
45053,6
45054,9
45055,2
45056,7
45057,8
45058,8
45059,6
45060,5
45061,8
45062,7
45063,2
45064,7
45065,1
45066,6
45067,0
45068,0
45069,8
45070,2
45071,6
45072,6
45073,9
45074,2
45075,3
45076,0
45077,0
45078,9
45079,9
45080,3
45081,2
45082,3
45083,3
45084,7
45085,3
45086,6
45087,8
45088,9
45089,0
45090,4
45091,0
45092,7
45093,2
45094,5
45095,3
45096,2
45097,4
45098,5
45099,0
45100,4
45101,4
45102,6
45103,1
45104,5
45105,1
45106,8
45107,5
45108,1
45109,6
45110,9
45111,1
45112,4
45113,2
45114,9
45115,9
45116,1
45117,1
45118,7
45119,5
45120,6
45121,4
45122,5
45123,2
45124,5
45125,3
45126,8
45127,8
45128,1
45129,3
45130,2
45131,6
45132,7
45133,1
45134,0
45135,5
45136,7
45137,9
45138,7
45139,1
45140,5
45141,1
45142,1
45143,1
45144,6
45145,3
45146,7
45147,9
45148,3
45149,1
45150,2
45151,9
45152,4
45153,6
45154,1
45155,1
45156,6
45157,0
45158,3
45159,0
45160,5
45161,2
45162,1
45163,3
45164,8
45165,7
45166,0
45167,7
45168,4
45169,6
45170,6
45171,7
45172,1
45173,3
45174,0
45175,5
45176,5
45177,7
45178,9
45179,3
45180,7
45181,2
45182,4
45183,6
45184,9
45185,5
45186,3
45187,2
45188,7
45189,8
45190,7
45191,3
45192,6
45193,3
45194,4
45195,3
45196,4
45197,2
45198,6
45199,1
45200,4
45201,4
45202,7
45203,8
45204,0
45205,7
45206,9
45207,4
45208,5
45209,0
45210,3
45211,9
45212,2
45213,6
45214,3
45215,8
45216,9
45217,6
45218,6
45219,0
45220,0
45221,9
45222,3
45223,8
45224,0
45225,4
45226,3
45227,3
45228,7
45229,0
45230,1
45231,2
45232,3
45233,6
45234,0
45235,6
45236,1
45237,1
45238,3
45239,3
45240,5
45241,1
45242,9
45243,7
45244,0
45245,6
45246,0
45247,1
45248,9
45249,7
45250,3
45251,1
45252,6
45253,4
45254,1
45255,1
45256,2
45257,3
45258,0
45259,2
45260,4
45261,7
45262,2
45263,5
45264,0
45265,6
45266,5
45267,4
45268,4
45269,7
45270,1
45271,2
45272,9
45273,2
45274,6
45275,9
45276,2
45277,1
45278,9
45279,2
45280,3
45281,3
45282,3
45283,0
45284,4
45285,0
45286,2
45287,7
45288,6
45289,4
45290,9
45291,0
45292,3
45293,4
45294,9
45295,8
45296,9
45297,1
45298,5
45299,1
45300,3
45301,3
45302,9
45303,0
45304,7
45305,5
45306,5
45307,1
45308,7
45309,9
45310,7
45311,8
45312,4
45313,1
45314,6
45315,8
45316,9
45317,9
45318,9
45319,0
45320,5
45321,4
45322,4
45323,0
45324,3
45325,1
45326,3
45327,4
45328,3
45329,6
45330,8
45331,5
45332,0
45333,2
45334,0
45335,5
45336,5
45337,3
45338,7
45339,2
45340,1
45341,7
45342,2
45343,7
45344,8
45345,3
45346,4
45347,2
45348,6
45349,0
45350,3
45351,6
45352,0
45353,5
45354,4
45355,9
45356,4
45357,8
45358,2
45359,5
45360,4
45361,0
45362,5
45363,8
45364,5
45365,1
45366,4
45367,9
45368,6
45369,3
45370,9
45371,3
45372,2
45373,3
45374,3
45375,8
45376,7
45377,1
45378,7
45379,7
45380,1
45381,5
45382,6
45383,0
45384,0
45385,1
45386,4
45387,0
45388,5
45389,0
45390,5
45391,3
45392,7
45393,8
45394,9
45395,9
45396,9
45397,1
45398,1
45399,0
45400,6
45401,8
45402,6
45403,3
45404,4
45405,9
45406,8
45407,6
45408,7
45409,9
45410,8
45411,2
45412,4
45413,9
45414,0
45415,0
45416,7
45417,6
45418,4
45419,8
45420,6
45421,5
45422,5
45423,3
45424,4
45425,1
45426,3
45427,6
45428,4
45429,2
45430,4
45431,5
45432,4
45433,1
45434,0
45435,7
45436,3
45437,0
45438,4
45439,7
45440,1
45441,7
45442,4
45443,8
45444,1
45445,4
45446,1
45447,2
45448,1
45449,3
45450,3
45451,7
45452,3
45453,2
45454,7
45455,4
45456,5
45457,4
45458,0
45459,7
45460,5
45461,8
45462,1
45463,4
45464,8
45465,7
45466,1
45467,4
45468,5
45469,9
45470,0
45471,0
45472,3
45473,4
45474,7
45475,3
45476,4
45477,8
45478,0
45479,8
45480,5
45481,4
45482,3
45483,7
45484,0
45485,8
45486,7
45487,8
45488,2
45489,4
45490,6
45491,6
45492,7
45493,4
45494,6
45495,1
45496,3
45497,6
45498,4
45499,6
45500,3
45501,9
45502,8
45503,6
45504,8
45505,2
45506,1
45507,8
45508,6
45509,6
45510,4
45511,7
45512,4
45513,9
45514,2
45515,9
45516,3
45517,3
45518,6
45519,3
45520,9
45521,7
45522,9
45523,1
45524,4
45525,7
45526,1
45527,1
45528,4
45529,8
45530,9
45531,8
45532,2
45533,3
45534,7
45535,5
45536,1
45537,8
45538,4
45539,1
45540,9
45541,0
45542,0
45543,9
45544,1
45545,2
45546,4
45547,7
45548,8
45549,8
45550,0
45551,5
45552,2
45553,1
45554,5
45555,5
45556,1
45557,8
45558,1
45559,9
45560,1
45561,2
45562,4
45563,7
45564,2
45565,6
45566,0
45567,7
45568,4
45569,1
45570,7
45571,1
45572,9
45573,6
45574,8
45575,6
45576,9
45577,9
45578,1
45579,8
45580,9
45581,9
45582,6
45583,1
45584,2
45585,1
45586,6
45587,5
45588,5
45589,0
45590,1
45591,4
45592,5
45593,4
45594,6
45595,6
45596,2
45597,0
45598,1
45599,6
45600,7
45601,5
45602,3
45603,0
45604,4
45605,4
45606,6
45607,6
45608,2
45609,1
45610,0
45611,1
45612,6
45613,3
45614,9
45615,9
45616,8
45617,1
45618,6
45619,8
45620,8
45621,6
45622,4
45623,7
45624,0
45625,8
45626,9
45627,6
45628,9
45629,7
45630,8
45631,8
45632,8
45633,8
45634,2
45635,3
45636,2
45637,7
45638,4
45639,1
45640,5
45641,5
45642,4
45643,0
45644,6
45645,6
45646,2
45647,4
45648,8
45649,1
45650,8
45651,6
45652,9
45653,9
45654,1
45655,7
45656,2
45657,2
45658,3
45659,5
45660,2
45661,9
45662,0
45663,3
45664,5
45665,9
45666,1
45667,2
45668,6
45669,8
45670,4
45671,3
45672,8
45673,7
45674,2
45675,8
45676,8
45677,0
45678,1
45679,0
45680,9
45681,8
45682,8
45683,0
45684,6
45685,5
45686,0
45687,3
45688,2
45689,0
45690,2
45691,9
45692,6
45693,3
45694,9
45695,9
45696,6
45697,1
45698,8
45699,6
45700,9
45701,0
45702,6
45703,6
45704,9
45705,0
45706,3
45707,7
45708,1
45709,3
45710,8
45711,1
45712,0
45713,4
45714,1
45715,1
45716,4
45717,6
45718,8
45719,4
45720,7
45721,8
45722,4
45723,0
45724,1
45725,6
45726,0
45727,0
45728,1
45729,0
45730,8
45731,7
45732,4
45733,1
45734,0
45735,3
45736,5
45737,4
45738,6
45739,9
45740,4
45741,6
45742,9
45743,3
45744,4
45745,9
45746,4
45747,1
45748,4
45749,5
45750,1
45751,6
45752,2
45753,8
45754,9
45755,8
45756,1
45757,0
45758,9
45759,2
45760,0
45761,0
45762,7
45763,6
45764,1
45765,9
45766,1
45767,5
45768,3
45769,8
45770,0
45771,9
45772,7
45773,9
45774,5
45775,6
45776,0
45777,7
45778,0
45779,3
45780,9
45781,3
45782,1
45783,2
45784,8
45785,1
45786,1
45787,9
45788,8
45789,8
45790,6
45791,7
45792,5
45793,3
45794,3
45795,3
45796,2
45797,8
45798,0
45799,8
45800,2
45801,3
45802,0
45803,8
45804,8
45805,3
45806,8
45807,8
45808,2
45809,5
45810,9
45811,8
45812,0
45813,1
45814,3
45815,3
45816,7
45817,1
45818,0
45819,8
45820,6
45821,4
45822,2
45823,4
45824,4
45825,3
45826,1
45827,0
45828,8
45829,0
45830,7
45831,5
45832,6
45833,6
45834,7
45835,0
45836,4
45837,4
45838,0
45839,8
45840,7
45841,0
45842,4
45843,8
45844,2
45845,7
45846,2
45847,3
45848,5
45849,7
45850,4
45851,5
45852,8
45853,1
45854,0
45855,6
45856,5
45857,3
45858,7
45859,2
45860,0
45861,6
45862,3
45863,0
45864,3
45865,7
45866,5
45867,1
45868,3
45869,6
45870,9
45871,1
45872,6
45873,0
45874,0
45875,0
45876,3
45877,9
45878,8
45879,2
45880,1
45881,6
45882,6
45883,5
45884,0
45885,1
45886,4
45887,2
45888,7
45889,4
45890,2
45891,4
45892,4
45893,2
45894,7
45895,3
45896,5
45897,5
45898,5
45899,9
45900,7
45901,0
45902,1
45903,9
45904,5
45905,0
45906,2
45907,9
45908,9
45909,2
45910,9
45911,2
45912,8
45913,8
45914,4
45915,7
45916,3
45917,3
45918,0
45919,2
45920,2
45921,6
45922,6
45923,7
45924,8
45925,1
45926,1
45927,3
45928,4
45929,8
45930,4
45931,1
45932,5
45933,2
45934,0
45935,6
45936,2
45937,8
45938,7
45939,2
45940,3
45941,8
45942,2
45943,1
45944,4
45945,4
45946,3
45947,4
45948,4
45949,3
45950,8
45951,8
45952,4
45953,3
45954,3
45955,1
45956,9
45957,4
45958,3
45959,5
45960,6
45961,5
45962,8
45963,0
45964,0
45965,1
45966,8
45967,6
45968,0
45969,8
45970,4
45971,9
45972,7
45973,3
45974,1
45975,4
45976,9
45977,5
45978,6
45979,1
45980,6
45981,6
45982,3
45983,1
45984,6
45985,2
45986,2
45987,0
45988,0
45989,3
45990,2
45991,8
45992,1
45993,5
45994,4
45995,7
45996,4
45997,1
45998,3
45999,0
46000,5
46001,9
46002,3
46003,1
46004,6
46005,3
46006,6
46007,4
46008,8
46009,3
46010,1
46011,8
46012,2
46013,8
46014,4
46015,3
46016,2
46017,0
46018,2
46019,5
46020,6
46021,3
46022,0
46023,0
46024,7
46025,1
46026,2
46027,9
46028,3
46029,6
46030,1
46031,7
46032,8
46033,2
46034,0
46035,9
46036,3
46037,9
46038,8
46039,9
46040,7
46041,6
46042,0
46043,5
46044,7
46045,5
46046,5
46047,4
46048,9
46049,2
46050,2
46051,5
46052,5
46053,1
46054,1
46055,1
46056,3
46057,4
46058,4
46059,0
46060,9
46061,3
46062,3
46063,7
46064,0
46065,0
46066,0
46067,0
46068,3
46069,9
46070,2
46071,2
46072,1
46073,6
46074,5
46075,2
46076,8
46077,4
46078,2
46079,7
46080,0
46081,3
46082,0
46083,1
46084,2
46085,1
46086,4
46087,8
46088,3
46089,4
46090,8
46091,2
46092,5
46093,3
46094,8
46095,1
46096,0
46097,9
46098,9
46099,0
46100,8
46101,0
46102,6
46103,3
46104,8
46105,3
46106,6
46107,4
46108,4
46109,1
46110,6
46111,6
46112,2
46113,5
46114,8
46115,2
46116,1
46117,9
46118,7
46119,8
46120,4
46121,9
46122,3
46123,6
46124,6
46125,3
46126,7
46127,2
46128,7
46129,4
46130,2
46131,7
46132,1
46133,8
46134,5
46135,1
46136,7
46137,1
46138,6
46139,4
46140,4
46141,3
46142,2
46143,4
46144,7
46145,3
46146,5
46147,9
46148,4
46149,1
46150,2
46151,8
46152,9
46153,2
46154,0
46155,4
46156,5
46157,0
46158,7
46159,0
46160,3
46161,9
46162,2
46163,3
46164,2
46165,3
46166,3
46167,6
46168,6
46169,0
46170,1
46171,4
46172,7
46173,3
46174,5
46175,7
46176,3
46177,6
46178,1
46179,7
46180,4
46181,3
46182,9
46183,8
46184,4
46185,2
46186,4
46187,8
46188,9
46189,2
46190,9
46191,6
46192,5
46193,2
46194,4
46195,9
46196,5
46197,7
46198,9
46199,4
46200,7
46201,8
46202,4
46203,7
46204,9
46205,5
46206,0
46207,5
46208,8
46209,8
46210,0
46211,3
46212,5
46213,2
46214,4
46215,7
46216,4
46217,6
46218,6
46219,0
46220,1
46221,8
46222,1
46223,5
46224,9
46225,0
46226,9
46227,9
46228,1
46229,2
46230,2
46231,0
46232,8
46233,5
46234,3
46235,3
46236,4
46237,1
46238,3
46239,9
46240,7
46241,0
46242,7
46243,7
46244,0
46245,1
46246,3
46247,6
46248,1
46249,4
46250,2
46251,7
46252,9
46253,5
46254,9
46255,6
46256,8
46257,4
46258,3
46259,7
46260,8
46261,6
46262,2
46263,3
46264,6
46265,4
46266,7
46267,6
46268,6
46269,5
46270,3
46271,1
46272,0
46273,7
46274,1
46275,1
46276,5
46277,6
46278,4
46279,7
46280,2
46281,2
46282,7
46283,0
46284,9
46285,3
46286,3
46287,9
46288,6
46289,7
46290,6
46291,0
46292,2
46293,9
46294,8
46295,9
46296,7
46297,7
46298,9
46299,6
46300,1
46301,1
46302,7
46303,2
46304,9
46305,5
46306,2
46307,8
46308,6
46309,4
46310,5
46311,9
46312,2
46313,3
46314,7
46315,4
46316,0
46317,7
46318,3
46319,5
46320,7
46321,3
46322,9
46323,1
46324,3
46325,1
46326,1
46327,7
46328,7
46329,4
46330,6
46331,6
46332,9
46333,1
46334,6
46335,6
46336,4
46337,4
46338,4
46339,6
46340,5
46341,6
46342,7
46343,8
46344,5
46345,5
46346,8
46347,2
46348,0
46349,5
46350,9
46351,2
46352,3
46353,1
46354,3
46355,1
46356,1
46357,1
46358,3
46359,0
46360,6
46361,4
46362,4
46363,3
46364,9
46365,8
46366,6
46367,6
46368,9
46369,0
46370,2
46371,4
46372,2
46373,7
46374,8
46375,4
46376,3
46377,9
46378,7
46379,4
46380,8
46381,8
46382,2
46383,9
46384,5
46385,4
46386,7
46387,2
46388,2
46389,8
46390,7
46391,2
46392,4
46393,6
46394,4
46395,2
46396,8
46397,5
46398,7
46399,3
46400,0
46401,6
46402,2
46403,1
46404,8
46405,0
46406,5
46407,8
46408,1
46409,2
46410,2
46411,2
46412,9
46413,3
46414,6
46415,6
46416,5
46417,1
46418,7
46419,1
46420,0
46421,8
46422,7
46423,9
46424,6
46425,0
46426,1
46427,8
46428,7
46429,7
46430,1
46431,5
46432,1
46433,1
46434,7
46435,1
46436,9
46437,4
46438,5
46439,1
46440,0
46441,9
46442,7
46443,2
46444,3
46445,6
46446,7
46447,1
46448,6
46449,1
46450,5
46451,1
46452,4
46453,7
46454,3
46455,6
46456,4
46457,7
46458,9
46459,7
46460,0
46461,6
46462,7
46463,8
46464,7
46465,2
46466,3
46467,5
46468,4
46469,1
46470,0
46471,3
46472,0
46473,7
46474,5
46475,7
46476,2
46477,6
46478,6
46479,5
46480,3
46481,4
46482,7
46483,3
46484,9
46485,0
46486,2
46487,1
46488,5
46489,9
46490,5
46491,1
46492,3
46493,3
46494,6
46495,3
46496,5
46497,2
46498,2
46499,2
46500,5
46501,8
46502,8
46503,6
46504,2
46505,3
46506,7
46507,0
46508,6
46509,1
46510,4
46511,2
46512,1
46513,2
46514,1
46515,3
46516,8
46517,9
46518,1
46519,0
46520,7
46521,3
46522,3
46523,8
46524,0
46525,2
46526,3
46527,1
46528,3
46529,6
46530,1
46531,1
46532,0
46533,7
46534,8
46535,1
46536,3
46537,0
46538,1
46539,4
46540,8
46541,6
46542,3
46543,8
46544,6
46545,1
46546,3
46547,3
46548,8
46549,2
46550,0
46551,1
46552,5
46553,7
46554,5
46555,9
46556,9
46557,8
46558,3
46559,0
46560,7
46561,5
46562,7
46563,5
46564,8
46565,0
46566,1
46567,9
46568,8
46569,9
46570,5
46571,1
46572,3
46573,6
46574,1
46575,2
46576,3
46577,2
46578,1
46579,0
46580,1
46581,7
46582,6
46583,4
46584,2
46585,9
46586,1
46587,7
46588,3
46589,8
46590,5
46591,2
46592,5
46593,1
46594,2
46595,7
46596,1
46597,9
46598,8
46599,0
46600,0
46601,6
46602,7
46603,1
46604,5
46605,8
46606,1
46607,8
46608,3
46609,0
46610,1
46611,6
46612,4
46613,9
46614,4
46615,9
46616,7
46617,2
46618,9
46619,6
46620,1
46621,1
46622,5
46623,4
46624,8
46625,2
46626,9
46627,6
46628,4
46629,1
46630,3
46631,5
46632,6
46633,8
46634,3
46635,8
46636,9
46637,4
46638,6
46639,3
46640,1
46641,5
46642,0
46643,8
46644,3
46645,5
46646,3
46647,1
46648,2
46649,8
46650,6
46651,3
46652,0
46653,2
46654,2
46655,4
46656,1
46657,3
46658,0
46659,6
46660,3
46661,3
46662,0
46663,5
46664,8
46665,1
46666,0
46667,9
46668,2
46669,0
46670,5
46671,2
46672,1
46673,0
46674,9
46675,4
46676,5
46677,9
46678,1
46679,8
46680,9
46681,8
46682,1
46683,6
46684,2
46685,2
46686,4
46687,8
46688,2
46689,9
46690,7
46691,7
46692,6
46693,0
46694,7
46695,6
46696,9
46697,5
46698,7
46699,1
46700,5
46701,5
46702,0
46703,8
46704,8
46705,2
46706,0
46707,2
46708,1
46709,1
46710,8
46711,7
46712,2
46713,9
46714,9
46715,2
46716,9
46717,0
46718,5
46719,7
46720,1
46721,7
46722,0
46723,0
46724,0
46725,2
46726,1
46727,1
46728,0
46729,9
46730,6
46731,9
46732,2
46733,5
46734,4
46735,1
46736,5
46737,0
46738,7
46739,7
46740,3
46741,6
46742,8
46743,7
46744,5
46745,7
46746,4
46747,2
46748,9
46749,8
46750,5
46751,4
46752,1
46753,0
46754,6
46755,7
46756,6
46757,4
46758,1
46759,6
46760,1
46761,6
46762,1
46763,2
46764,8
46765,1
46766,6
46767,0
46768,6
46769,6
46770,5
46771,8
46772,1
46773,2
46774,3
46775,7
46776,2
46777,9
46778,9
46779,5
46780,9
46781,8
46782,2
46783,0
46784,9
46785,2
46786,3
46787,4
46788,7
46789,7
46790,7
46791,0
46792,8
46793,8
46794,5
46795,2
46796,2
46797,2
46798,4
46799,0
46800,6
46801,6
46802,6
46803,9
46804,9
46805,4
46806,5
46807,4
46808,9
46809,5
46810,7
46811,3
46812,8
46813,8
46814,9
46815,5
46816,6
46817,1
46818,2
46819,2
46820,4
46821,0
46822,6
46823,3
46824,4
46825,4
46826,1
46827,9
46828,5
46829,4
46830,7
46831,5
46832,3
46833,2
46834,5
46835,1
46836,9
46837,1
46838,8
46839,5
46840,1
46841,2
46842,1
46843,2
46844,9
46845,5
46846,4
46847,3
46848,5
46849,2
46850,6
46851,2
46852,2
46853,3
46854,1
46855,1
46856,8
46857,7
46858,0
46859,9
46860,8
46861,4
46862,0
46863,6
46864,2
46865,6
46866,3
46867,4
46868,5
46869,3
46870,1
46871,8
46872,5
46873,4
46874,1
46875,7
46876,9
46877,4
46878,1
46879,4
46880,8
46881,8
46882,8
46883,0
46884,9
46885,2
46886,8
46887,6
46888,4
46889,4
46890,6
46891,6
46892,2
46893,8
46894,6
46895,8
46896,0
46897,4
46898,0
46899,3
46900,8
46901,8
46902,0
46903,0
46904,6
46905,2
46906,5
46907,6
46908,6
46909,8
46910,4
46911,2
46912,1
46913,5
46914,6
46915,4
46916,9
46917,3
46918,3
46919,4
46920,4
46921,3
46922,6
46923,0
46924,9
46925,4
46926,8
46927,4
46928,5
46929,9
46930,3
46931,1
46932,8
46933,5
46934,6
46935,3
46936,5
46937,8
46938,6
46939,9
46940,6
46941,2
46942,0
46943,4
46944,3
46945,7
46946,9
46947,5
46948,3
46949,1
46950,0
46951,6
46952,0
46953,8
46954,3
46955,3
46956,8
46957,9
46958,5
46959,6
46960,4
46961,0
46962,3
46963,7
46964,3
46965,2
46966,6
46967,3
46968,8
46969,6
46970,5
46971,6
46972,0
46973,1
46974,1
46975,2
46976,3
46977,1
46978,1
46979,1
46980,5
46981,7
46982,2
46983,2
46984,1
46985,2
46986,3
46987,9
46988,3
46989,6
46990,8
46991,7
46992,8
46993,2
46994,1
46995,7
46996,9
46997,7
46998,6
46999,6
47000,0
47001,2
47002,1
47003,5
47004,5
47005,8
47006,6
47007,8
47008,7
47009,3
47010,5
47011,1
47012,8
47013,6
47014,3
47015,7
47016,6
47017,5
47018,6
47019,2
47020,9
47021,8
47022,1
47023,4
47024,6
47025,4
47026,2
47027,8
47028,3
47029,8
47030,5
47031,4
47032,9
47033,9
47034,4
47035,1
47036,1
47037,0
47038,8
47039,8
47040,7
47041,8
47042,6
47043,5
47044,8
47045,7
47046,2
47047,2
47048,8
47049,9
47050,1
47051,1
47052,7
47053,2
47054,4
47055,1
47056,1
47057,5
47058,5
47059,9
47060,0
47061,0
47062,8
47063,1
47064,7
47065,0
47066,5
47067,6
47068,1
47069,1
47070,8
47071,4
47072,8
47073,9
47074,8
47075,4
47076,4
47077,3
47078,5
47079,8
47080,6
47081,3
47082,9
47083,4
47084,5
47085,0
47086,6
47087,5
47088,0
47089,9
47090,8
47091,0
47092,4
47093,8
47094,3
47095,8
47096,6
47097,1
47098,0
47099,1
47100,9
47101,5
47102,8
47103,5
47104,8
47105,4
47106,1
47107,3
47108,6
47109,2
47110,3
47111,3
47112,2
47113,1
47114,0
47115,5
47116,2
47117,3
47118,8
47119,6
47120,7
47121,7
47122,0
47123,1
47124,8
47125,5
47126,0
47127,9
47128,7
47129,8
47130,3
47131,6
47132,0
47133,4
47134,3
47135,4
47136,3
47137,3
47138,2
47139,2
47140,2
47141,1
47142,9
47143,6
47144,1
47145,0
47146,3
47147,7
47148,3
47149,3
47150,6
47151,6
47152,2
47153,3
47154,4
47155,3
47156,7
47157,3
47158,0
47159,4
47160,3
47161,3
47162,0
47163,3
47164,9
47165,3
47166,8
47167,9
47168,7
47169,6
47170,8
47171,4
47172,4
47173,1
47174,1
47175,0
47176,6
47177,3
47178,9
47179,9
47180,0
47181,9
47182,2
47183,2
47184,1
47185,2
47186,6
47187,9
47188,3
47189,7
47190,0
47191,0
47192,8
47193,9
47194,0
47195,9
47196,1
47197,0
47198,3
47199,2
47200,8
47201,2
47202,1
47203,9
47204,2
47205,6
47206,8
47207,7
47208,7
47209,9
47210,8
47211,3
47212,4
47213,5
47214,8
47215,9
47216,7
47217,6
47218,6
47219,2
47220,4
47221,6
47222,3
47223,5
47224,6
47225,4
47226,0
47227,6
47228,8
47229,2
47230,8
47231,7
47232,8
47233,6
47234,0
47235,1
47236,3
47237,3
47238,9
47239,7
47240,6
47241,3
47242,1
47243,3
47244,7
47245,5
47246,8
47247,6
47248,8
47249,7
47250,7
47251,0
47252,2
47253,1
47254,8
47255,2
47256,3
47257,6
47258,5
47259,0
47260,8
47261,7
47262,6
47263,2
47264,6
47265,6
47266,1
47267,0
47268,5
47269,3
47270,1
47271,6
47272,9
47273,7
47274,8
47275,3
47276,1
47277,7
47278,6
47279,3
47280,7
47281,4
47282,5
47283,9
47284,8
47285,6
47286,0
47287,3
47288,7
47289,7
47290,6
47291,2
47292,2
47293,0
47294,3
47295,7
47296,1
47297,5
47298,8
47299,3
47300,8
47301,8
47302,7
47303,5
47304,7
47305,7
47306,1
47307,9
47308,7
47309,1
47310,5
47311,4
47312,1
47313,1
47314,8
47315,9
47316,3
47317,7
47318,2
47319,3
47320,5
47321,4
47322,1
47323,4
47324,2
47325,1
47326,2
47327,5
47328,9
47329,4
47330,0
47331,7
47332,0
47333,4
47334,4
47335,5
47336,7
47337,1
47338,6
47339,3
47340,6
47341,5
47342,4
47343,2
47344,1
47345,6
47346,0
47347,2
47348,6
47349,5
47350,0
47351,4
47352,1
47353,0
47354,7
47355,3
47356,7
47357,7
47358,9
47359,0
47360,1
47361,1
47362,3
47363,1
47364,5
47365,3
47366,7
47367,7
47368,4
47369,2
47370,1
47371,9
47372,4
47373,1
47374,9
47375,1
47376,6
47377,4
47378,1
47379,1
47380,8
47381,3
47382,5
47383,7
47384,9
47385,9
47386,5
47387,1
47388,8
47389,3
47390,9
47391,1
47392,6
47393,8
47394,0
47395,0
47396,0
47397,7
47398,6
47399,7
47400,6
47401,6
47402,8
47403,4
47404,1
47405,6
47406,0
47407,8
47408,4
47409,0
47410,3
47411,5
47412,8
47413,9
47414,6
47415,8
47416,6
47417,0
47418,7
47419,2
47420,3
47421,8
47422,8
47423,1
47424,1
47425,3
47426,0
47427,8
47428,9
47429,0
47430,1
47431,0
47432,0
47433,4
47434,9
47435,4
47436,0
47437,2
47438,7
47439,0
47440,9
47441,8
47442,7
47443,0
47444,3
47445,4
47446,5
47447,1
47448,6
47449,5
47450,6
47451,7
47452,2
47453,0
47454,0
47455,8
47456,1
47457,8
47458,6
47459,8
47460,6
47461,6
47462,1
47463,9
47464,4
47465,2
47466,8
47467,1
47468,4
47469,6
47470,4
47471,8
47472,4
47473,0
47474,1
47475,7
47476,8
47477,5
47478,5
47479,0
47480,7
47481,5
47482,9
47483,9
47484,5
47485,1
47486,8
47487,5
47488,3
47489,8
47490,0
47491,0
47492,3
47493,4
47494,7
47495,4
47496,4
47497,1
47498,0
47499,1
47500,1
47501,4
47502,1
47503,6
47504,7
47505,2
47506,2
47507,0
47508,4
47509,0
47510,1
47511,1
47512,6
47513,0
47514,8
47515,1
47516,7
47517,4
47518,6
47519,2
47520,4
47521,3
47522,8
47523,4
47524,1
47525,9
47526,4
47527,6
47528,5
47529,8
47530,3
47531,1
47532,3
47533,7
47534,3
47535,5
47536,7
47537,2
47538,0
47539,1
47540,7
47541,6
47542,8
47543,4
47544,6
47545,1
47546,5
47547,2
47548,7
47549,7
47550,1
47551,7
47552,1
47553,7
47554,7
47555,8
47556,2
47557,1
47558,7
47559,8
47560,9
47561,5
47562,5
47563,9
47564,3
47565,7
47566,2
47567,9
47568,6
47569,2
47570,4
47571,3
47572,6
47573,6
47574,4
47575,0
47576,0
47577,8
47578,6
47579,3
47580,2
47581,9
47582,4
47583,5
47584,9
47585,5
47586,7
47587,9
47588,9
47589,3
47590,2
47591,5
47592,3
47593,7
47594,7
47595,3
47596,1
47597,4
47598,0
47599,6
47600,8
47601,8
47602,8
47603,7
47604,1
47605,0
47606,2
47607,0
47608,1
47609,7
47610,7
47611,9
47612,2
47613,1
47614,4
47615,1
47616,5
47617,7
47618,2
47619,7
47620,0
47621,5
47622,6
47623,7
47624,0
47625,3
47626,3
47627,2
47628,6
47629,0
47630,4
47631,1
47632,6
47633,2
47634,3
47635,9
47636,8
47637,9
47638,2
47639,5
47640,3
47641,4
47642,3
47643,7
47644,8
47645,7
47646,0
47647,0
47648,8
47649,1
47650,6
47651,5
47652,0
47653,1
47654,8
47655,1
47656,7
47657,8
47658,8
47659,1
47660,4
47661,3
47662,0
47663,8
47664,0
47665,3
47666,6
47667,8
47668,9
47669,2
47670,1
47671,7
47672,2
47673,2
47674,4
47675,1
47676,9
47677,6
47678,3
47679,1
47680,9
47681,5
47682,9
47683,0
47684,1
47685,5
47686,9
47687,3
47688,6
47689,1
47690,9
47691,8
47692,6
47693,9
47694,2
47695,4
47696,6
47697,1
47698,7
47699,5
47700,6
47701,9
47702,8
47703,1
47704,3
47705,1
47706,7
47707,3
47708,9
47709,4
47710,6
47711,7
47712,5
47713,5
47714,9
47715,2
47716,1
47717,4
47718,4
47719,2
47720,6
47721,6
47722,9
47723,5
47724,1
47725,2
47726,8
47727,6
47728,0
47729,9
47730,8
47731,2
47732,9
47733,8
47734,2
47735,3
47736,1
47737,4
47738,7
47739,5
47740,1
47741,2
47742,4
47743,0
47744,8
47745,1
47746,7
47747,0
47748,3
47749,8
47750,3
47751,1
47752,0
47753,3
47754,0
47755,3
47756,1
47757,5
47758,2
47759,5
47760,6
47761,6
47762,7
47763,1
47764,4
47765,2
47766,9
47767,2
47768,5
47769,3
47770,6
47771,4
47772,3
47773,9
47774,4
47775,2
47776,0
47777,0
47778,8
47779,8
47780,3
47781,5
47782,9
47783,9
47784,2
47785,0
47786,4
47787,9
47788,3
47789,6
47790,1
47791,4
47792,5
47793,9
47794,1
47795,3
47796,9
47797,6
47798,9
47799,2
47800,5
47801,8
47802,2
47803,4
47804,3
47805,1
47806,0
47807,8
47808,1
47809,8
47810,1
47811,4
47812,7
47813,1
47814,2
47815,9
47816,2
47817,6
47818,1
47819,0
47820,3
47821,4
47822,5
47823,4
47824,8
47825,6
47826,1
47827,8
47828,6
47829,1
47830,9
47831,2
47832,1
47833,4
47834,2
47835,1
47836,6
47837,2
47838,3
47839,0
47840,3
47841,9
47842,8
47843,0
47844,3
47845,5
47846,8
47847,6
47848,5
47849,6
47850,4
47851,6
47852,4
47853,7
47854,4
47855,9
47856,9
47857,6
47858,4
47859,7
47860,5
47861,0
47862,4
47863,1
47864,6
47865,0
47866,4
47867,7
47868,1
47869,3
47870,0
47871,1
47872,7
47873,8
47874,0
47875,0
47876,2
47877,3
47878,1
47879,5
47880,6
47881,8
47882,9
47883,3
47884,7
47885,6
47886,1
47887,8
47888,9
47889,2
47890,1
47891,3
47892,7
47893,2
47894,9
47895,0
47896,6
47897,8
47898,2
47899,4
47900,8
47901,3
47902,5
47903,3
47904,8
47905,0
47906,0
47907,5
47908,8
47909,5
47910,8
47911,3
47912,4
47913,2
47914,3
47915,3
47916,6
47917,0
47918,3
47919,0
47920,3
47921,2
47922,8
47923,2
47924,9
47925,3
47926,2
47927,9
47928,9
47929,0
47930,3
47931,4
47932,5
47933,8
47934,3
47935,7
47936,2
47937,5
47938,5
47939,1
47940,3
47941,6
47942,7
47943,3
47944,4
47945,2
47946,8
47947,1
47948,0
47949,0
47950,4
47951,4
47952,7
47953,6
47954,8
47955,0
47956,2
47957,4
47958,1
47959,0
47960,6
47961,6
47962,1
47963,6
47964,3
47965,0
47966,2
47967,2
47968,4
47969,8
47970,2
47971,0
47972,1
47973,4
47974,3
47975,1
47976,6
47977,6
47978,4
47979,2
47980,3
47981,8
47982,0
47983,2
47984,9
47985,8
47986,8
47987,9
47988,3
47989,0
47990,1
47991,6
47992,4
47993,3
47994,4
47995,8
47996,6
47997,1
47998,0
47999,7
48000,7
48001,3
48002,2
48003,3
48004,4
48005,8
48006,2
48007,0
48008,9
48009,6
48010,5
48011,2
48012,1
48013,9
48014,7
48015,6
48016,2
48017,9
48018,9
48019,5
48020,2
48021,9
48022,6
48023,8
