Q0,A0
Q1,A0
Q2,A0
Q3,A0
Q4,A0
Q5,A0
Q6,A0
Q7,A0
Q8,A0
Q9,A0
Q10,A0
Q11,A0
Q12,A0
Q13,A0
Q14,A0
Q15,A0
Q16,A0
Q17,A0
Q18,A0
Q19,A0
Q20,A0
Q21,A0
Q22,A0
Q23,A0
Q24,A0
Q25,A0
Q26,A0
Q27,A0
Q28,A0
Q29,A0
Q30,A0
Q31,A0
Q32,A0
Q33,A0
Q34,A0
Q35,A0
Q36,A0
Q37,A0
Q38,A0
Q39,A0
Q40,A0
Q41,A0
Q42,A0
Q43,A0
Q44,A0
Q45,A0
Q46,A0
Q47,A0
Q48,A0
Q49,A0
Q50,A0
Q51,A0
Q52,A0
Q53,A0
Q54,A0
Q55,A0
Q56,A0
Q57,A0
Q58,A0
Q59,A0
Q60,A0
Q61,A0
Q62,A0
Q63,A0
Q64,A0
Q65,A0
Q66,A0
Q67,A0
Q68,A0
Q69,A0
Q70,A0
Q71,A0
Q72,A0
Q73,A0
Q74,A0
Q75,A0
Q76,A0
Q77,A0
Q78,A0
Q79,A0
Q80,A0
Q81,A0
Q82,A0
Q83,A0
Q84,A0
Q85,A0
Q86,A0
Q87,A0
Q88,A0
Q89,A0
Q90,A0
Q91,A0
Q92,A0
Q93,A0
Q94,A0
Q95,A0
Q96,A0
Q97,A0
Q98,A0
Q99,A0
Q100,A0
Q101,A0
Q102,A0
Q103,A0
Q104,A0
Q105,A0
Q106,A0
Q107,A0
Q108,A0
Q109,A0
Q110,A0
Q111,A0
Q112,A0
Q113,A0
Q114,A0
Q115,A0
Q116,A0
Q117,A0
Q118,A0
Q119,A0
Q120,A0
Q121,A0
Q122,A0
Q123,A0
Q124,A0
Q125,A0
Q126,A0
Q127,A0
Q128,A0
Q129,A0
Q130,A0
Q131,A0
Q132,A0
Q133,A0
Q134,A0
Q135,A0
Q136,A0
Q137,A0
Q138,A0
Q139,A0
Q140,A0
Q141,A0
Q142,A0
Q143,A0
Q144,A0
Q145,A0
Q146,A0
Q147,A0
Q148,A0
Q149,A0
Q150,A0
Q151,A0
Q152,A0
Q153,A0
Q154,A0
Q155,A0
Q156,A0
Q157,A0
Q158,A0
Q159,A0
Q160,A0
Q161,A0
Q162,A0
Q163,A0
Q164,A0
Q165,A0
Q166,A0
Q167,A0
Q168,A0
Q169,A0
Q170,A0
Q171,A0
Q172,A0
Q173,A0
Q174,A0
Q175,A0
Q176,A0
Q177,A0
Q178,A0
Q179,A0
Q180,A0
Q181,A0
Q182,A0
Q183,A0
Q184,A0
Q185,A0
Q186,A0
Q187,A0
Q188,A0
Q189,A0
Q190,A0
Q191,A0
Q192,A0
Q193,A0
Q194,A0
Q195,A0
Q196,A0
Q197,A0
Q198,A0
Q199,A0
Q200,A0
Q201,A0
Q202,A0
Q203,A0
Q204,A0
Q205,A0
Q206,A0
Q207,A0
Q208,A0
Q209,A0
Q210,A0
Q211,A0
Q212,A0
Q213,A0
Q214,A0
Q215,A0
Q216,A0
Q217,A0
Q218,A0
Q219,A0
Q220,A0
Q221,A0
Q222,A0
Q223,A0
Q224,A0
Q225,A0
Q226,A0
Q227,A0
Q228,A0
Q229,A0
Q230,A0
Q231,A0
Q232,A0
Q233,A0
Q234,A0
Q235,A0
Q236,A0
Q237,A0
Q238,A0
Q239,A0
Q240,A0
Q241,A0
Q242,A0
Q243,A0
Q244,A0
Q245,A0
Q246,A0
Q247,A0
Q248,A0
Q249,A0
Q250,A0
Q251,A0
Q252,A0
Q253,A0
Q254,A0
Q255,A0
Q256,A0
Q257,A0
Q258,A0
Q259,A0
Q260,A0
Q261,A0
Q262,A0
Q263,A0
Q264,A0
Q265,A0
Q266,A0
Q267,A0
Q268,A0
Q269,A0
Q270,A0
Q271,A0
Q272,A0
Q273,A0
Q274,A0
Q275,A0
Q276,A0
Q277,A0
Q278,A0
Q279,A0
Q280,A0
Q281,A0
Q282,A0
Q283,A0
Q284,A0
Q285,A0
Q286,A0
Q287,A0
Q288,A0
Q289,A0
Q290,A0
Q291,A0
Q292,A0
Q293,A0
Q294,A0
Q295,A0
Q296,A0
Q297,A0
Q298,A0
Q299,A0
Q300,A0
Q301,A0
Q302,A0
Q303,A0
Q304,A0
Q305,A0
Q306,A0
Q307,A0
Q308,A0
Q309,A0
Q310,A0
Q311,A0
Q312,A0
Q313,A0
Q314,A0
Q315,A0
Q316,A0
Q317,A0
Q318,A0
Q319,A0
Q320,A0
Q321,A0
Q322,A0
Q323,A0
Q324,A0
Q325,A0
Q326,A0
Q327,A0
Q328,A0
Q329,A0
Q330,A0
Q331,A0
Q332,A0
Q333,A0
Q334,A0
Q335,A0
Q336,A0
Q337,A0
Q338,A0
Q339,A0
Q340,A0
Q341,A0
Q342,A0
Q343,A0
Q344,A0
Q345,A0
Q346,A0
Q347,A0
Q348,A0
Q349,A0
Q350,A0
Q351,A0
Q352,A0
Q353,A0
Q354,A0
Q355,A0
Q356,A0
Q357,A0
Q358,A0
Q359,A0
Q360,A0
Q361,A0
Q362,A0
Q363,A0
Q364,A0
Q365,A0
Q366,A0
Q367,A0
Q368,A0
Q369,A0
Q370,A0
Q371,A0
Q372,A0
Q373,A0
Q374,A0
Q375,A0
Q376,A0
Q377,A0
Q378,A0
Q379,A0
Q380,A0
Q381,A0
Q382,A0
Q383,A0
Q384,A0
Q385,A0
Q386,A0
Q387,A0
Q388,A0
Q389,A0
Q390,A0
Q391,A0
Q392,A0
Q393,A0
Q394,A0
Q395,A0
Q396,A0
Q397,A0
Q398,A0
Q399,A0
Q400,A0
Q401,A0
Q402,A0
Q403,A0
Q404,A0
Q405,A0
Q406,A0
Q407,A0
Q408,A0
Q409,A0
Q410,A0
Q411,A0
Q412,A0
Q413,A0
Q414,A0
Q415,A0
Q416,A0
Q417,A0
Q418,A0
Q419,A0
Q420,A0
Q421,A0
Q422,A0
Q423,A0
Q424,A0
Q425,A0
Q426,A0
Q427,A0
Q428,A0
Q429,A0
Q430,A0
Q431,A0
Q432,A0
Q433,A0
Q434,A0
Q435,A0
Q436,A0
Q437,A0
Q438,A0
Q439,A0
Q440,A0
Q441,A0
Q442,A0
Q443,A0
Q444,A0
Q445,A0
Q446,A0
Q447,A0
Q448,A0
Q449,A0
Q450,A0
Q451,A0
Q452,A0
Q453,A0
Q454,A0
Q455,A0
Q456,A0
Q457,A0
Q458,A0
Q459,A0
Q460,A0
Q461,A0
Q462,A0
Q463,A0
Q464,A0
Q465,A0
Q466,A0
Q467,A0
Q468,A0
Q469,A0
Q470,A0
Q471,A0
Q472,A0
Q473,A0
Q474,A0
Q475,A0
Q476,A0
Q477,A0
Q478,A0
Q479,A0
Q480,A0
Q481,A0
Q482,A0
Q483,A0
Q484,A0
Q485,A0
Q486,A0
Q487,A0
Q488,A0
Q489,A0
Q490,A0
Q491,A0
Q492,A0
Q493,A0
Q494,A0
Q495,A0
Q496,A0
Q497,A0
Q498,A0
Q499,A0
Q500,A0
Q501,A0
Q502,A0
Q503,A0
Q504,A0
Q505,A0
Q506,A0
Q507,A0
Q508,A0
Q509,A0
Q510,A0
Q511,A0
Q512,A0
Q513,A0
Q514,A0
Q515,A0
Q516,A0
Q517,A0
Q518,A0
Q519,A0
Q520,A0
Q521,A0
Q522,A0
Q523,A0
Q524,A0
Q525,A0
Q526,A0
Q527,A0
Q528,A0
Q529,A0
Q530,A0
Q531,A0
Q532,A0
Q533,A0
Q534,A0
Q535,A0
Q536,A0
Q537,A0
Q538,A0
Q539,A0
Q540,A0
Q541,A0
Q542,A0
Q543,A0
Q544,A0
Q545,A0
Q546,A0
Q547,A0
Q548,A0
Q549,A0
Q550,A0
Q551,A0
Q552,A0
Q553,A0
Q554,A0
Q555,A0
Q556,A0
Q557,A0
Q558,A0
Q559,A0
Q560,A0
Q561,A0
Q562,A0
Q563,A0
Q564,A0
Q565,A0
Q566,A0
Q567,A0
Q568,A0
Q569,A0
Q570,A0
Q571,A0
Q572,A0
Q573,A0
Q574,A0
Q575,A0
Q576,A0
Q577,A0
Q578,A0
Q579,A0
Q580,A0
Q581,A0
Q582,A0
Q583,A0
Q584,A0
Q585,A0
Q586,A0
Q587,A0
Q588,A0
Q589,A0
Q590,A0
Q591,A0
Q592,A0
Q593,A0
Q594,A0
Q595,A0
Q596,A0
Q597,A0
Q598,A0
Q599,A0
Q600,A0
Q601,A0
Q602,A0
Q603,A0
Q604,A0
Q605,A0
Q606,A0
Q607,A0
Q608,A0
Q609,A0
Q610,A0
Q611,A0
Q612,A0
Q613,A0
Q614,A0
Q615,A0
Q616,A0
Q617,A0
Q618,A0
Q619,A0
Q620,A0
Q621,A0
Q622,A0
Q623,A0
Q624,A0
Q625,A0
Q626,A0
Q627,A0
Q628,A0
Q629,A0
Q630,A0
Q631,A0
Q632,A0
Q633,A0
Q634,A0
Q635,A0
Q636,A0
Q637,A0
Q638,A0
Q639,A0
Q640,A0
Q641,A0
Q642,A0
Q643,A0
Q644,A0
Q645,A0
Q646,A0
Q647,A0
Q648,A0
Q649,A0
Q650,A0
Q651,A0
Q652,A0
Q653,A0
Q654,A0
Q655,A0
Q656,A0
Q657,A0
Q658,A0
Q659,A0
Q660,A0
Q661,A0
Q662,A0
Q663,A0
Q664,A0
Q665,A0
Q666,A0
Q667,A0
Q668,A0
Q669,A0
Q670,A0
Q671,A0
Q672,A0
Q673,A0
Q674,A0
Q675,A0
Q676,A0
Q677,A0
Q678,A0
Q679,A0
Q680,A0
Q681,A0
Q682,A0
Q683,A0
Q684,A0
Q685,A0
Q686,A0
Q687,A0
Q688,A0
Q689,A0
Q690,A0
Q691,A0
Q692,A0
Q693,A0
Q694,A0
Q695,A0
Q696,A0
Q697,A0
Q698,A0
Q699,A0
Q700,A0
Q701,A0
Q702,A0
Q703,A0
Q704,A0
Q705,A0
Q706,A0
Q707,A0
Q708,A0
Q709,A0
Q710,A0
Q711,A0
Q712,A0
Q713,A0
Q714,A0
Q715,A0
Q716,A0
Q717,A0
Q718,A0
Q719,A0
Q720,A0
Q721,A0
Q722,A0
Q723,A0
Q724,A0
Q725,A0
Q726,A0
Q727,A0
Q728,A0
Q729,A0
Q730,A0
Q731,A0
Q732,A0
Q733,A0
Q734,A0
Q735,A0
Q736,A0
Q737,A0
Q738,A0
Q739,A0
Q740,A0
Q741,A0
Q742,A0
Q743,A0
Q744,A0
Q745,A0
Q746,A0
Q747,A0
Q748,A0
Q749,A0
Q750,A0
Q751,A0
Q752,A0
Q753,A0
Q754,A0
Q755,A0
Q756,A0
Q757,A0
Q758,A0
Q759,A0
Q760,A0
Q761,A0
Q762,A0
Q763,A0
Q764,A0
Q765,A0
Q766,A0
Q767,A0
Q768,A0
Q769,A0
Q770,A0
Q771,A0
Q772,A0
Q773,A0
Q774,A0
Q775,A0
Q776,A0
Q777,A0
Q778,A0
Q779,A0
Q780,A0
Q781,A0
Q782,A0
Q783,A0
Q784,A0
Q785,A0
Q786,A0
Q787,A0
Q788,A0
Q789,A0
Q790,A0
Q791,A0
Q792,A0
Q793,A0
Q794,A0
Q795,A0
Q796,A0
Q797,A0
Q798,A0
Q799,A0
Q800,A0
Q801,A0
Q802,A0
Q803,A0
Q804,A0
Q805,A0
Q806,A0
Q807,A0
Q808,A0
Q809,A0
Q810,A0
Q811,A0
Q812,A0
Q813,A0
Q814,A0
Q815,A0
Q816,A0
Q817,A0
Q818,A0
Q819,A0
Q820,A0
Q821,A0
Q822,A0
Q823,A0
Q824,A0
Q825,A0
Q826,A0
Q827,A0
Q828,A0
Q829,A0
Q830,A0
Q831,A0
Q832,A0
Q833,A0
Q834,A0
Q835,A0
Q836,A0
Q837,A0
Q838,A0
Q839,A0
Q840,A0
Q841,A0
Q842,A0
Q843,A0
Q844,A0
Q845,A0
Q846,A0
Q847,A0
Q848,A0
Q849,A0
Q850,A0
Q851,A0
Q852,A0
Q853,A0
Q854,A0
Q855,A0
Q856,A0
Q857,A0
Q858,A0
Q859,A0
Q860,A0
Q861,A0
Q862,A0
Q863,A0
Q864,A0
Q865,A0
Q866,A0
Q867,A0
Q868,A0
Q869,A0
Q870,A0
Q871,A0
Q872,A0
Q873,A0
Q874,A0
Q875,A0
Q876,A0
Q877,A0
Q878,A0
Q879,A0
Q880,A0
Q881,A0
Q882,A0
Q883,A0
Q884,A0
Q885,A0
Q886,A0
Q887,A0
Q888,A0
Q889,A0
Q890,A0
Q891,A0
Q892,A0
Q893,A0
Q894,A0
Q895,A0
Q896,A0
Q897,A0
Q898,A0
Q899,A0
Q900,A0
Q901,A0
Q902,A0
Q903,A0
Q904,A0
Q905,A0
Q906,A0
Q907,A0
Q908,A0
Q909,A0
Q910,A0
Q911,A0
Q912,A0
Q913,A0
Q914,A0
Q915,A0
Q916,A0
Q917,A0
Q918,A0
Q919,A0
Q920,A0
Q921,A0
Q922,A0
Q923,A0
Q924,A0
Q925,A0
Q926,A0
Q927,A0
Q928,A0
Q929,A0
Q930,A0
Q931,A0
Q932,A0
Q933,A0
Q934,A0
Q935,A0
Q936,A0
Q937,A0
Q938,A0
Q939,A0
Q940,A0
Q941,A0
Q942,A0
Q943,A0
Q944,A0
Q945,A0
Q946,A0
Q947,A0
Q948,A0
Q949,A0
Q950,A0
Q951,A0
Q952,A0
Q953,A0
Q954,A0
Q955,A0
Q956,A0
Q957,A0
Q958,A0
Q959,A0
Q960,A0
Q961,A0
Q962,A0
Q963,A0
Q964,A0
Q965,A0
Q966,A0
Q967,A0
Q968,A0
Q969,A0
Q970,A0
Q971,A0
Q972,A0
Q973,A0
Q974,A0
Q975,A0
Q976,A0
Q977,A0
Q978,A0
Q979,A0
Q980,A0
Q981,A0
Q982,A0
Q983,A0
Q984,A0
Q985,A0
Q986,A0
Q987,A0
Q988,A0
Q989,A0
Q990,A0
Q991,A0
Q992,A0
Q993,A0
Q994,A0
Q995,A0
Q996,A0
Q997,A0
Q998,A0
Q999,A0
Q1000,A0
Q1001,A0
Q1002,A0
Q1003,A0
Q1004,A0
Q1005,A0
Q1006,A0
Q1007,A0
Q1008,A0
Q1009,A0
Q1010,A0
Q1011,A0
Q1012,A0
Q1013,A0
Q1014,A0
Q1015,A0
Q1016,A0
Q1017,A0
Q1018,A0
Q1019,A0
Q1020,A0
Q1021,A0
Q1022,A0
Q1023,A0
Q1024,A0
Q1025,A0
Q1026,A0
Q1027,A0
Q1028,A0
Q1029,A0
Q1030,A0
Q1031,A0
Q1032,A0
Q1033,A0
Q1034,A0
Q1035,A0
Q1036,A0
Q1037,A0
Q1038,A0
Q1039,A0
Q1040,A0
Q1041,A0
Q1042,A0
Q1043,A0
Q1044,A0
Q1045,A0
Q1046,A0
Q1047,A0
Q1048,A0
Q1049,A0
Q1050,A0
Q1051,A0
Q1052,A0
Q1053,A0
Q1054,A0
Q1055,A0
Q1056,A0
Q1057,A0
Q1058,A0
Q1059,A0
Q1060,A0
Q1061,A0
Q1062,A0
Q1063,A0
Q1064,A0
Q1065,A0
Q1066,A0
Q1067,A0
Q1068,A0
Q1069,A0
Q1070,A0
Q1071,A0
Q1072,A0
Q1073,A0
Q1074,A0
Q1075,A0
Q1076,A0
Q1077,A0
Q1078,A0
Q1079,A0
Q1080,A0
Q1081,A0
Q1082,A0
Q1083,A0
Q1084,A0
Q1085,A0
Q1086,A0
Q1087,A0
Q1088,A0
Q1089,A0
Q1090,A0
Q1091,A0
Q1092,A0
Q1093,A0
Q1094,A0
Q1095,A0
Q1096,A0
Q1097,A0
Q1098,A0
Q1099,A0
Q1100,A0
Q1101,A0
Q1102,A0
Q1103,A0
Q1104,A0
Q1105,A0
Q1106,A0
Q1107,A0
Q1108,A0
Q1109,A0
Q1110,A0
Q1111,A0
Q1112,A0
Q1113,A0
Q1114,A0
Q1115,A0
Q1116,A0
Q1117,A0
Q1118,A0
Q1119,A0
Q1120,A0
Q1121,A0
Q1122,A0
Q1123,A0
Q1124,A0
Q1125,A0
Q1126,A0
Q1127,A0
Q1128,A0
Q1129,A0
Q1130,A0
Q1131,A0
Q1132,A0
Q1133,A0
Q1134,A0
Q1135,A0
Q1136,A0
Q1137,A0
Q1138,A0
Q1139,A0
Q1140,A0
Q1141,A0
Q1142,A0
Q1143,A0
Q1144,A0
Q1145,A0
Q1146,A0
Q1147,A0
Q1148,A0
Q1149,A0
Q1150,A0
Q1151,A0
Q1152,A0
Q1153,A0
Q1154,A0
Q1155,A0
Q1156,A0
Q1157,A0
Q1158,A0
Q1159,A0
Q1160,A0
Q1161,A0
Q1162,A0
Q1163,A0
Q1164,A0
Q1165,A0
Q1166,A0
Q1167,A0
Q1168,A0
Q1169,A0
Q1170,A0
Q1171,A0
Q1172,A0
Q1173,A0
Q1174,A0
Q1175,A0
Q1176,A0
Q1177,A0
Q1178,A0
Q1179,A0
Q1180,A0
Q1181,A0
Q1182,A0
Q1183,A0
Q1184,A0
Q1185,A0
Q1186,A0
Q1187,A0
Q1188,A0
Q1189,A0
Q1190,A0
Q1191,A0
Q1192,A0
Q1193,A0
Q1194,A0
Q1195,A0
Q1196,A0
Q1197,A0
Q1198,A0
Q1199,A0
Q1200,A0
Q1201,A0
Q1202,A0
Q1203,A0
Q1204,A0
Q1205,A0
Q1206,A0
Q1207,A0
Q1208,A0
Q1209,A0
Q1210,A0
Q1211,A0
Q1212,A0
Q1213,A0
Q1214,A0
Q1215,A0
Q1216,A0
Q1217,A0
Q1218,A0
Q1219,A0
Q1220,A0
Q1221,A0
Q1222,A0
Q1223,A0
Q1224,A0
Q1225,A0
Q1226,A0
Q1227,A0
Q1228,A0
Q1229,A0
Q1230,A0
Q1231,A0
Q1232,A0
Q1233,A0
Q1234,A0
Q1235,A0
Q1236,A0
Q1237,A0
Q1238,A0
Q1239,A0
Q1240,A0
Q1241,A0
Q1242,A0
Q1243,A0
Q1244,A0
Q1245,A0
Q1246,A0
Q1247,A0
Q1248,A0
Q1249,A0
Q1250,A0
Q1251,A0
Q1252,A0
Q1253,A0
Q1254,A0
Q1255,A0
Q1256,A0
Q1257,A0
Q1258,A0
Q1259,A0
Q1260,A0
Q1261,A0
Q1262,A0
Q1263,A0
Q1264,A0
Q1265,A0
Q1266,A0
Q1267,A0
Q1268,A0
Q1269,A0
Q1270,A0
Q1271,A0
Q1272,A0
Q1273,A0
Q1274,A0
Q1275,A0
Q1276,A0
Q1277,A0
Q1278,A0
Q1279,A0
Q1280,A0
Q1281,A0
Q1282,A0
Q1283,A0
Q1284,A0
Q1285,A0
Q1286,A0
Q1287,A0
Q1288,A0
Q1289,A0
Q1290,A0
Q1291,A0
Q1292,A0
Q1293,A0
Q1294,A0
Q1295,A0
Q1296,A0
Q1297,A0
Q1298,A0
Q1299,A0
Q1300,A0
Q1301,A0
Q1302,A0
Q1303,A0
Q1304,A0
Q1305,A0
Q1306,A0
Q1307,A0
Q1308,A0
Q1309,A0
Q1310,A0
Q1311,A0
Q1312,A0
Q1313,A0
Q1314,A0
Q1315,A0
Q1316,A0
Q1317,A0
Q1318,A0
Q1319,A0
Q1320,A0
Q1321,A0
Q1322,A0
Q1323,A0
Q1324,A0
Q1325,A0
Q1326,A0
Q1327,A0
Q1328,A0
Q1329,A0
Q1330,A0
Q1331,A0
Q1332,A0
Q1333,A0
Q1334,A0
Q1335,A0
Q1336,A0
Q1337,A0
Q1338,A0
Q1339,A0
Q1340,A0
Q1341,A0
Q1342,A0
Q1343,A0
Q1344,A0
Q1345,A0
Q1346,A0
Q1347,A0
Q1348,A0
Q1349,A0
Q1350,A0
Q1351,A0
Q1352,A0
Q1353,A0
Q1354,A0
Q1355,A0
Q1356,A0
Q1357,A0
Q1358,A0
Q1359,A0
Q1360,A0
Q1361,A0
Q1362,A0
Q1363,A0
Q1364,A0
Q1365,A0
Q1366,A0
Q1367,A0
Q1368,A0
Q1369,A0
Q1370,A0
Q1371,A0
Q1372,A0
Q1373,A0
Q1374,A0
Q1375,A0
Q1376,A0
Q1377,A0
Q1378,A0
Q1379,A0
Q1380,A0
Q1381,A0
Q1382,A0
Q1383,A0
Q1384,A0
Q1385,A0
Q1386,A0
Q1387,A0
Q1388,A0
Q1389,A0
Q1390,A0
Q1391,A0
Q1392,A0
Q1393,A0
Q1394,A0
Q1395,A0
Q1396,A0
Q1397,A0
Q1398,A0
Q1399,A0
Q1400,A0
Q1401,A0
Q1402,A0
Q1403,A0
Q1404,A0
Q1405,A0
Q1406,A0
Q1407,A0
Q1408,A0
Q1409,A0
Q1410,A0
Q1411,A0
Q1412,A0
Q1413,A0
Q1414,A0
Q1415,A0
Q1416,A0
Q1417,A0
Q1418,A0
Q1419,A0
Q1420,A0
Q1421,A0
Q1422,A0
Q1423,A0
Q1424,A0
Q1425,A0
Q1426,A0
Q1427,A0
Q1428,A0
Q1429,A0
Q1430,A0
Q1431,A0
Q1432,A0
Q1433,A0
Q1434,A0
Q1435,A0
Q1436,A0
Q1437,A0
Q1438,A0
Q1439,A0
Q1440,A0
Q1441,A0
Q1442,A0
Q1443,A0
Q1444,A0
Q1445,A0
Q1446,A0
Q1447,A0
Q1448,A0
Q1449,A0
Q1450,A0
Q1451,A0
Q1452,A0
Q1453,A0
Q1454,A0
Q1455,A0
Q1456,A0
Q1457,A0
Q1458,A0
Q1459,A0
Q1460,A0
Q1461,A0
Q1462,A0
Q1463,A0
Q1464,A0
Q1465,A0
Q1466,A0
Q1467,A0
Q1468,A0
Q1469,A0
Q1470,A0
Q1471,A0
Q1472,A0
Q1473,A0
Q1474,A0
Q1475,A0
Q1476,A0
Q1477,A0
Q1478,A0
Q1479,A0
Q1480,A0
Q1481,A0
Q1482,A0
Q1483,A0
Q1484,A0
Q1485,A0
Q1486,A0
Q1487,A0
Q1488,A0
Q1489,A0
Q1490,A0
Q1491,A0
Q1492,A0
Q1493,A0
Q1494,A0
Q1495,A0
Q1496,A0
Q1497,A0
Q1498,A0
Q1499,A0
Q1500,A0
Q1501,A0
Q1502,A0
Q1503,A0
Q1504,A0
Q1505,A0
Q1506,A0
Q1507,A0
Q1508,A0
Q1509,A0
Q1510,A0
Q1511,A0
Q1512,A0
Q1513,A0
Q1514,A0
Q1515,A0
Q1516,A0
Q1517,A0
Q1518,A0
Q1519,A0
Q1520,A0
Q1521,A0
Q1522,A0
Q1523,A0
Q1524,A0
Q1525,A0
Q1526,A0
Q1527,A0
Q1528,A0
Q1529,A0
Q1530,A0
Q1531,A0
Q1532,A0
Q1533,A0
Q1534,A0
Q1535,A0
Q1536,A0
Q1537,A0
Q1538,A0
Q1539,A0
Q1540,A0
Q1541,A0
Q1542,A0
Q1543,A0
Q1544,A0
Q1545,A0
Q1546,A0
Q1547,A0
Q1548,A0
Q1549,A0
Q1550,A0
Q1551,A0
Q1552,A0
Q1553,A0
Q1554,A0
Q1555,A0
Q1556,A0
Q1557,A0
Q1558,A0
Q1559,A0
Q1560,A0
Q1561,A0
Q1562,A0
Q1563,A0
Q1564,A0
Q1565,A0
Q1566,A0
Q1567,A0
Q1568,A0
Q1569,A0
Q1570,A0
Q1571,A0
Q1572,A0
Q1573,A0
Q1574,A0
Q1575,A0
Q1576,A0
Q1577,A0
Q1578,A0
Q1579,A0
Q1580,A0
Q1581,A0
Q1582,A0
Q1583,A0
Q1584,A0
Q1585,A0
Q1586,A0
Q1587,A0
Q1588,A0
Q1589,A0
Q1590,A0
Q1591,A0
Q1592,A0
Q1593,A0
Q1594,A0
Q1595,A0
Q1596,A0
Q1597,A0
Q1598,A0
Q1599,A0
Q1600,A0
Q1601,A0
Q1602,A0
Q1603,A0
Q1604,A0
Q1605,A0
Q1606,A0
Q1607,A0
Q1608,A0
Q1609,A0
Q1610,A0
Q1611,A0
Q1612,A0
Q1613,A0
Q1614,A0
Q1615,A0
Q1616,A0
Q1617,A0
Q1618,A0
Q1619,A0
Q1620,A0
Q1621,A0
Q1622,A0
Q1623,A0
Q1624,A0
Q1625,A0
Q1626,A0
Q1627,A0
Q1628,A0
Q1629,A0
Q1630,A0
Q1631,A0
Q1632,A0
Q1633,A0
Q1634,A0
Q1635,A0
Q1636,A0
Q1637,A0
Q1638,A0
Q1639,A0
Q1640,A0
Q1641,A0
Q1642,A0
Q1643,A0
Q1644,A0
Q1645,A0
Q1646,A0
Q1647,A0
Q1648,A0
Q1649,A0
Q1650,A0
Q1651,A0
Q1652,A0
Q1653,A0
Q1654,A0
Q1655,A0
Q1656,A0
Q1657,A0
Q1658,A0
Q1659,A0
Q1660,A0
Q1661,A0
Q1662,A0
Q1663,A0
Q1664,A0
Q1665,A0
Q1666,A0
Q1667,A0
Q1668,A0
Q1669,A0
Q1670,A0
Q1671,A0
Q1672,A0
Q1673,A0
Q1674,A0
Q1675,A0
Q1676,A0
Q1677,A0
Q1678,A0
Q1679,A0
Q1680,A0
Q1681,A0
Q1682,A0
Q1683,A0
Q1684,A0
Q1685,A0
Q1686,A0
Q1687,A0
Q1688,A0
Q1689,A0
Q1690,A0
Q1691,A0
Q1692,A0
Q1693,A0
Q1694,A0
Q1695,A0
Q1696,A0
Q1697,A0
Q1698,A0
Q1699,A0
Q1700,A0
Q1701,A0
Q1702,A0
Q1703,A0
Q1704,A0
Q1705,A0
Q1706,A0
Q1707,A0
Q1708,A0
Q1709,A0
Q1710,A0
Q1711,A0
Q1712,A0
Q1713,A0
Q1714,A0
Q1715,A0
Q1716,A0
Q1717,A0
Q1718,A0
Q1719,A0
Q1720,A0
Q1721,A0
Q1722,A0
Q1723,A0
Q1724,A0
Q1725,A0
Q1726,A0
Q1727,A0
Q1728,A0
Q1729,A0
Q1730,A0
Q1731,A0
Q1732,A0
Q1733,A0
Q1734,A0
Q1735,A0
Q1736,A0
Q1737,A0
Q1738,A0
Q1739,A0
Q1740,A0
Q1741,A0
Q1742,A0
Q1743,A0
Q1744,A0
Q1745,A0
Q1746,A0
Q1747,A0
Q1748,A0
Q1749,A0
Q1750,A0
Q1751,A0
Q1752,A0
Q1753,A0
Q1754,A0
Q1755,A0
Q1756,A0
Q1757,A0
Q1758,A0
Q1759,A0
Q1760,A0
Q1761,A0
Q1762,A0
Q1763,A0
Q1764,A0
Q1765,A0
Q1766,A0
Q1767,A0
Q1768,A0
Q1769,A0
Q1770,A0
Q1771,A0
Q1772,A0
Q1773,A0
Q1774,A0
Q1775,A0
Q1776,A0
Q1777,A0
Q1778,A0
Q1779,A0
Q1780,A0
Q1781,A0
Q1782,A0
Q1783,A0
Q1784,A0
Q1785,A0
Q1786,A0
Q1787,A0
Q1788,A0
Q1789,A0
Q1790,A0
Q1791,A0
Q1792,A0
Q1793,A0
Q1794,A0
Q1795,A0
Q1796,A0
Q1797,A0
Q1798,A0
Q1799,A0
Q1800,A0
Q1801,A0
Q1802,A0
Q1803,A0
Q1804,A0
Q1805,A0
Q1806,A0
Q1807,A0
Q1808,A0
Q1809,A0
Q1810,A0
Q1811,A0
Q1812,A0
Q1813,A0
Q1814,A0
Q1815,A0
Q1816,A0
Q1817,A0
Q1818,A0
Q1819,A0
Q1820,A0
Q1821,A0
Q1822,A0
Q1823,A0
Q1824,A0
Q1825,A0
Q1826,A0
Q1827,A0
Q1828,A0
Q1829,A0
Q1830,A0
Q1831,A0
Q1832,A0
Q1833,A0
Q1834,A0
Q1835,A0
Q1836,A0
Q1837,A0
Q1838,A0
Q1839,A0
Q1840,A0
Q1841,A0
Q1842,A0
Q1843,A0
Q1844,A0
Q1845,A0
Q1846,A0
Q1847,A0
Q1848,A0
Q1849,A0
Q1850,A0
Q1851,A0
Q1852,A0
Q1853,A0
Q1854,A0
Q1855,A0
Q1856,A0
Q1857,A0
Q1858,A0
Q1859,A0
Q1860,A0
Q1861,A0
Q1862,A0
Q1863,A0
Q1864,A0
Q1865,A0
Q1866,A0
Q1867,A0
Q1868,A0
Q1869,A0
Q1870,A0
Q1871,A0
Q1872,A0
Q1873,A0
Q1874,A0
Q1875,A0
Q1876,A0
Q1877,A0
Q1878,A0
Q1879,A0
Q1880,A0
Q1881,A0
Q1882,A0
Q1883,A0
Q1884,A0
Q1885,A0
Q1886,A0
Q1887,A0
Q1888,A0
Q1889,A0
Q1890,A0
Q1891,A0
Q1892,A0
Q1893,A0
Q1894,A0
Q1895,A0
Q1896,A0
Q1897,A0
Q1898,A0
Q1899,A0
Q1900,A0
Q1901,A0
Q1902,A0
Q1903,A0
Q1904,A0
Q1905,A0
Q1906,A0
Q1907,A0
Q1908,A0
Q1909,A0
Q1910,A0
Q1911,A0
Q1912,A0
Q1913,A0
Q1914,A0
Q1915,A0
Q1916,A0
Q1917,A0
Q1918,A0
Q1919,A0
Q1920,A0
Q1921,A0
Q1922,A0
Q1923,A0
Q1924,A0
Q1925,A0
Q1926,A0
Q1927,A0
Q1928,A0
Q1929,A0
Q1930,A0
Q1931,A0
Q1932,A0
Q1933,A0
Q1934,A0
Q1935,A0
Q1936,A0
Q1937,A0
Q1938,A0
Q1939,A0
Q1940,A0
Q1941,A0
Q1942,A0
Q1943,A0
Q1944,A0
Q1945,A0
Q1946,A0
Q1947,A0
Q1948,A0
Q1949,A0
Q1950,A0
Q1951,A0
Q1952,A0
Q1953,A0
Q1954,A0
Q1955,A0
Q1956,A0
Q1957,A0
Q1958,A0
Q1959,A0
Q1960,A0
Q1961,A0
Q1962,A0
Q1963,A0
Q1964,A0
Q1965,A0
Q1966,A0
Q1967,A0
Q1968,A0
Q1969,A0
Q1970,A0
Q1971,A0
Q1972,A0
Q1973,A0
Q1974,A0
Q1975,A0
Q1976,A0
Q1977,A0
Q1978,A0
Q1979,A0
Q1980,A0
Q1981,A0
Q1982,A0
Q1983,A0
Q1984,A0
Q1985,A0
Q1986,A0
Q1987,A0
Q1988,A0
Q1989,A0
Q1990,A0
Q1991,A0
Q1992,A0
Q1993,A0
Q1994,A0
Q1995,A0
Q1996,A0
Q1997,A0
Q1998,A0
Q1999,A0
Q2000,A0
Q2001,A0
Q2002,A0
Q2003,A0
Q2004,A0
Q2005,A0
Q2006,A0
Q2007,A0
Q2008,A0
Q2009,A0
Q2010,A0
Q2011,A0
Q2012,A0
Q2013,A0
Q2014,A0
Q2015,A0
Q2016,A0
Q2017,A0
Q2018,A0
Q2019,A0
Q2020,A0
Q2021,A0
Q2022,A0
Q2023,A0
Q2024,A0
Q2025,A0
Q2026,A0
Q2027,A0
Q2028,A0
Q2029,A0
Q2030,A0
Q2031,A0
Q2032,A0
Q2033,A0
Q2034,A0
Q2035,A0
Q2036,A0
Q2037,A0
Q2038,A0
Q2039,A0
Q2040,A0
Q2041,A0
Q2042,A0
Q2043,A0
Q2044,A0
Q2045,A0
Q2046,A0
Q2047,A0
Q2048,A0
Q2049,A0
Q2050,A0
Q2051,A0
Q2052,A0
Q2053,A0
Q2054,A0
Q2055,A0
Q2056,A0
Q2057,A0
Q2058,A0
Q2059,A0
Q2060,A0
Q2061,A0
Q2062,A0
Q2063,A0
Q2064,A0
Q2065,A0
Q2066,A0
Q2067,A0
Q2068,A0
Q2069,A0
Q2070,A0
Q2071,A0
Q2072,A0
Q2073,A0
Q2074,A0
Q2075,A0
Q2076,A0
Q2077,A0
Q2078,A0
Q2079,A0
Q2080,A0
Q2081,A0
Q2082,A0
Q2083,A0
Q2084,A0
Q2085,A0
Q2086,A0
Q2087,A0
Q2088,A0
Q2089,A0
Q2090,A0
Q2091,A0
Q2092,A0
Q2093,A0
Q2094,A0
Q2095,A0
Q2096,A0
Q2097,A0
Q2098,A0
Q2099,A0
Q2100,A0
Q2101,A0
Q2102,A0
Q2103,A0
Q2104,A0
Q2105,A0
Q2106,A0
Q2107,A0
Q2108,A0
Q2109,A0
Q2110,A0
Q2111,A0
Q2112,A0
Q2113,A0
Q2114,A0
Q2115,A0
Q2116,A0
Q2117,A0
Q2118,A0
Q2119,A0
Q2120,A0
Q2121,A0
Q2122,A0
Q2123,A0
Q2124,A0
Q2125,A0
Q2126,A0
Q2127,A0
Q2128,A0
Q2129,A0
Q2130,A0
Q2131,A0
Q2132,A0
Q2133,A0
Q2134,A0
Q2135,A0
Q2136,A0
Q2137,A0
Q2138,A0
Q2139,A0
Q2140,A0
Q2141,A0
Q2142,A0
Q2143,A0
Q2144,A0
Q2145,A0
Q2146,A0
Q2147,A0
Q2148,A0
Q2149,A0
Q2150,A0
Q2151,A0
Q2152,A0
Q2153,A0
Q2154,A0
Q2155,A0
Q2156,A0
Q2157,A0
Q2158,A0
Q2159,A0
Q2160,A0
Q2161,A0
Q2162,A0
Q2163,A0
Q2164,A0
Q2165,A0
Q2166,A0
Q2167,A0
Q2168,A0
Q2169,A0
Q2170,A0
Q2171,A0
Q2172,A0
Q2173,A0
Q2174,A0
Q2175,A0
Q2176,A0
Q2177,A0
Q2178,A0
Q2179,A0
Q2180,A0
Q2181,A0
Q2182,A0
Q2183,A0
Q2184,A0
Q2185,A0
Q2186,A0
Q2187,A0
Q2188,A0
Q2189,A0
Q2190,A0
Q2191,A0
Q2192,A0
Q2193,A0
Q2194,A0
Q2195,A0
Q2196,A0
Q2197,A0
Q2198,A0
Q2199,A0
Q2200,A0
Q2201,A0
Q2202,A0
Q2203,A0
Q2204,A0
Q2205,A0
Q2206,A0
Q2207,A0
Q2208,A0
Q2209,A0
Q2210,A0
Q2211,A0
Q2212,A0
Q2213,A0
Q2214,A0
Q2215,A0
Q2216,A0
Q2217,A0
Q2218,A0
Q2219,A0
Q2220,A0
Q2221,A0
Q2222,A0
Q2223,A0
Q2224,A0
Q2225,A0
Q2226,A0
Q2227,A0
Q2228,A0
Q2229,A0
Q2230,A0
Q2231,A0
Q2232,A0
Q2233,A0
Q2234,A0
Q2235,A0
Q2236,A0
Q2237,A0
Q2238,A0
Q2239,A0
Q2240,A0
Q2241,A0
Q2242,A0
Q2243,A0
Q2244,A0
Q2245,A0
Q2246,A0
Q2247,A0
Q2248,A0
Q2249,A0
Q2250,A0
Q2251,A0
Q2252,A0
Q2253,A0
Q2254,A0
Q2255,A0
Q2256,A0
Q2257,A0
Q2258,A0
Q2259,A0
Q2260,A0
Q2261,A0
Q2262,A0
Q2263,A0
Q2264,A0
Q2265,A0
Q2266,A0
Q2267,A0
Q2268,A0
Q2269,A0
Q2270,A0
Q2271,A0
Q2272,A0
Q2273,A0
Q2274,A0
Q2275,A0
Q2276,A0
Q2277,A0
Q2278,A0
Q2279,A0
Q2280,A0
Q2281,A0
Q2282,A0
Q2283,A0
Q2284,A0
Q2285,A0
Q2286,A0
Q2287,A0
Q2288,A0
Q2289,A0
Q2290,A0
Q2291,A0
Q2292,A0
Q2293,A0
Q2294,A0
Q2295,A0
Q2296,A0
Q2297,A0
Q2298,A0
Q2299,A0
Q2300,A0
Q2301,A0
Q2302,A0
Q2303,A0
Q2304,A0
Q2305,A0
Q2306,A0
Q2307,A0
Q2308,A0
Q2309,A0
Q2310,A0
Q2311,A0
Q2312,A0
Q2313,A0
Q2314,A0
Q2315,A0
Q2316,A0
Q2317,A0
Q2318,A0
Q2319,A0
Q2320,A0
Q2321,A0
Q2322,A0
Q2323,A0
Q2324,A0
Q2325,A0
Q2326,A0
Q2327,A0
Q2328,A0
Q2329,A0
Q2330,A0
Q2331,A0
Q2332,A0
Q2333,A0
Q2334,A0
Q2335,A0
Q2336,A0
Q2337,A0
Q2338,A0
Q2339,A0
Q2340,A0
Q2341,A0
Q2342,A0
Q2343,A0
Q2344,A0
Q2345,A0
Q2346,A0
Q2347,A0
Q2348,A0
Q2349,A0
Q2350,A0
Q2351,A0
Q2352,A0
Q2353,A0
Q2354,A0
Q2355,A0
Q2356,A0
Q2357,A0
Q2358,A0
Q2359,A0
Q2360,A0
Q2361,A0
Q2362,A0
Q2363,A0
Q2364,A0
Q2365,A0
Q2366,A0
Q2367,A0
Q2368,A0
Q2369,A0
Q2370,A0
Q2371,A0
Q2372,A0
Q2373,A0
Q2374,A0
Q2375,A0
Q2376,A0
Q2377,A0
Q2378,A0
Q2379,A0
Q2380,A0
Q2381,A0
Q2382,A0
Q2383,A0
Q2384,A0
Q2385,A0
Q2386,A0
Q2387,A0
Q2388,A0
Q2389,A0
Q2390,A0
Q2391,A0
Q2392,A0
Q2393,A0
Q2394,A0
Q2395,A0
Q2396,A0
Q2397,A0
Q2398,A0
Q2399,A0
Q2400,A0
Q2401,A0
Q2402,A0
Q2403,A0
Q2404,A0
Q2405,A0
Q2406,A0
Q2407,A0
Q2408,A0
Q2409,A0
Q2410,A0
Q2411,A0
Q2412,A0
Q2413,A0
Q2414,A0
Q2415,A0
Q2416,A0
Q2417,A0
Q2418,A0
Q2419,A0
Q2420,A0
Q2421,A0
Q2422,A0
Q2423,A0
Q2424,A0
Q2425,A0
Q2426,A0
Q2427,A0
Q2428,A0
Q2429,A0
Q2430,A0
Q2431,A0
Q2432,A0
Q2433,A0
Q2434,A0
Q2435,A0
Q2436,A0
Q2437,A0
Q2438,A0
Q2439,A0
Q2440,A0
Q2441,A0
Q2442,A0
Q2443,A0
Q2444,A0
Q2445,A0
Q2446,A0
Q2447,A0
Q2448,A0
Q2449,A0
Q2450,A0
Q2451,A0
Q2452,A0
Q2453,A0
Q2454,A0
Q2455,A0
Q2456,A0
Q2457,A0
Q2458,A0
Q2459,A0
Q2460,A0
Q2461,A0
Q2462,A0
Q2463,A0
Q2464,A0
Q2465,A0
Q2466,A0
Q2467,A0
Q2468,A0
Q2469,A0
Q2470,A0
Q2471,A0
Q2472,A0
Q2473,A0
Q2474,A0
Q2475,A0
Q2476,A0
Q2477,A0
Q2478,A0
Q2479,A0
Q2480,A0
Q2481,A0
Q2482,A0
Q2483,A0
Q2484,A0
Q2485,A0
Q2486,A0
Q2487,A0
Q2488,A0
Q2489,A0
Q2490,A0
Q2491,A0
Q2492,A0
Q2493,A0
Q2494,A0
Q2495,A0
Q2496,A0
Q2497,A0
Q2498,A0
Q2499,A0
Q2500,A0
Q2501,A0
Q2502,A0
Q2503,A0
Q2504,A0
Q2505,A0
Q2506,A0
Q2507,A0
Q2508,A0
Q2509,A0
Q2510,A0
Q2511,A0
Q2512,A0
Q2513,A0
Q2514,A0
Q2515,A0
Q2516,A0
Q2517,A0
Q2518,A0
Q2519,A0
Q2520,A0
Q2521,A0
Q2522,A0
Q2523,A0
Q2524,A0
Q2525,A0
Q2526,A0
Q2527,A0
Q2528,A0
Q2529,A0
Q2530,A0
Q2531,A0
Q2532,A0
Q2533,A0
Q2534,A0
Q2535,A0
Q2536,A0
Q2537,A0
Q2538,A0
Q2539,A0
Q2540,A0
Q2541,A0
Q2542,A0
Q2543,A0
Q2544,A0
Q2545,A0
Q2546,A0
Q2547,A0
Q2548,A0
Q2549,A0
Q2550,A0
Q2551,A0
Q2552,A0
Q2553,A0
Q2554,A0
Q2555,A0
Q2556,A0
Q2557,A0
Q2558,A0
Q2559,A0
Q2560,A0
Q2561,A0
Q2562,A0
Q2563,A0
Q2564,A0
Q2565,A0
Q2566,A0
Q2567,A0
Q2568,A0
Q2569,A0
Q2570,A0
Q2571,A0
Q2572,A0
Q2573,A0
Q2574,A0
Q2575,A0
Q2576,A0
Q2577,A0
Q2578,A0
Q2579,A0
Q2580,A0
Q2581,A0
Q2582,A0
Q2583,A0
Q2584,A0
Q2585,A0
Q2586,A0
Q2587,A0
Q2588,A0
Q2589,A0
Q2590,A0
Q2591,A0
Q2592,A0
Q2593,A0
Q2594,A0
Q2595,A0
Q2596,A0
Q2597,A0
Q2598,A0
Q2599,A0
Q2600,A0
Q2601,A0
Q2602,A0
Q2603,A0
Q2604,A0
Q2605,A0
Q2606,A0
Q2607,A0
Q2608,A0
Q2609,A0
Q2610,A0
Q2611,A0
Q2612,A0
Q2613,A0
Q2614,A0
Q2615,A0
Q2616,A0
Q2617,A0
Q2618,A0
Q2619,A0
Q2620,A0
Q2621,A0
Q2622,A0
Q2623,A0
Q2624,A0
Q2625,A0
Q2626,A0
Q2627,A0
Q2628,A0
Q2629,A0
Q2630,A0
Q2631,A0
Q2632,A0
Q2633,A0
Q2634,A0
Q2635,A0
Q2636,A0
Q2637,A0
Q2638,A0
Q2639,A0
Q2640,A0
Q2641,A0
Q2642,A0
Q2643,A0
Q2644,A0
Q2645,A0
Q2646,A0
Q2647,A0
Q2648,A0
Q2649,A0
Q2650,A0
Q2651,A0
Q2652,A0
Q2653,A0
Q2654,A0
Q2655,A0
Q2656,A0
Q2657,A0
Q2658,A0
Q2659,A0
Q2660,A0
Q2661,A0
Q2662,A0
Q2663,A0
Q2664,A0
Q2665,A0
Q2666,A0
Q2667,A0
Q2668,A0
Q2669,A0
Q2670,A0
Q2671,A0
Q2672,A0
Q2673,A0
Q2674,A0
Q2675,A0
Q2676,A0
Q2677,A0
Q2678,A0
Q2679,A0
Q2680,A0
Q2681,A0
Q2682,A0
Q2683,A0
Q2684,A0
Q2685,A0
Q2686,A0
Q2687,A0
Q2688,A0
Q2689,A0
Q2690,A0
Q2691,A0
Q2692,A0
Q2693,A0
Q2694,A0
Q2695,A0
Q2696,A0
Q2697,A0
Q2698,A0
Q2699,A0
Q2700,A0
Q2701,A0
Q2702,A0
Q2703,A0
Q2704,A0
Q2705,A0
Q2706,A0
Q2707,A0
Q2708,A0
Q2709,A0
Q2710,A0
Q2711,A0
Q2712,A0
Q2713,A0
Q2714,A0
Q2715,A0
Q2716,A0
Q2717,A0
Q2718,A0
Q2719,A0
Q2720,A0
Q2721,A0
Q2722,A0
Q2723,A0
Q2724,A0
Q2725,A0
Q2726,A0
Q2727,A0
Q2728,A0
Q2729,A0
Q2730,A0
Q2731,A0
Q2732,A0
Q2733,A0
Q2734,A0
Q2735,A0
Q2736,A0
Q2737,A0
Q2738,A0
Q2739,A0
Q2740,A0
Q2741,A0
Q2742,A0
Q2743,A0
Q2744,A0
Q2745,A0
Q2746,A0
Q2747,A0
Q2748,A0
Q2749,A0
Q2750,A0
Q2751,A0
Q2752,A0
Q2753,A0
Q2754,A0
Q2755,A0
Q2756,A0
Q2757,A0
Q2758,A0
Q2759,A0
Q2760,A0
Q2761,A0
Q2762,A0
Q2763,A0
Q2764,A0
Q2765,A0
Q2766,A0
Q2767,A0
Q2768,A0
Q2769,A0
Q2770,A0
Q2771,A0
Q2772,A0
Q2773,A0
Q2774,A0
Q2775,A0
Q2776,A0
Q2777,A0
Q2778,A0
Q2779,A0
Q2780,A0
Q2781,A0
Q2782,A0
Q2783,A0
Q2784,A0
Q2785,A0
Q2786,A0
Q2787,A0
Q2788,A0
Q2789,A0
Q2790,A0
Q2791,A0
Q2792,A0
Q2793,A0
Q2794,A0
Q2795,A0
Q2796,A0
Q2797,A0
Q2798,A0
Q2799,A0
Q2800,A0
Q2801,A0
Q2802,A0
Q2803,A0
Q2804,A0
Q2805,A0
Q2806,A0
Q2807,A0
Q2808,A0
Q2809,A0
Q2810,A0
Q2811,A0
Q2812,A0
Q2813,A0
Q2814,A0
Q2815,A0
Q2816,A0
Q2817,A0
Q2818,A0
Q2819,A0
Q2820,A0
Q2821,A0
Q2822,A0
Q2823,A0
Q2824,A0
Q2825,A0
Q2826,A0
Q2827,A0
Q2828,A0
Q2829,A0
Q2830,A0
Q2831,A0
Q2832,A0
Q2833,A0
Q2834,A0
Q2835,A0
Q2836,A0
Q2837,A0
Q2838,A0
Q2839,A0
Q2840,A0
Q2841,A0
Q2842,A0
Q2843,A0
Q2844,A0
Q2845,A0
Q2846,A0
Q2847,A0
Q2848,A0
Q2849,A0
Q2850,A0
Q2851,A0
Q2852,A0
Q2853,A0
Q2854,A0
Q2855,A0
Q2856,A0
Q2857,A0
Q2858,A0
Q2859,A0
Q2860,A0
Q2861,A0
Q2862,A0
Q2863,A0
Q2864,A0
Q2865,A0
Q2866,A0
Q2867,A0
Q2868,A0
Q2869,A0
Q2870,A0
Q2871,A0
Q2872,A0
Q2873,A0
Q2874,A0
Q2875,A0
Q2876,A0
Q2877,A0
Q2878,A0
Q2879,A0
Q2880,A0
Q2881,A0
Q2882,A0
Q2883,A0
Q2884,A0
Q2885,A0
Q2886,A0
Q2887,A0
Q2888,A0
Q2889,A0
Q2890,A0
Q2891,A0
Q2892,A0
Q2893,A0
Q2894,A0
Q2895,A0
Q2896,A0
Q2897,A0
Q2898,A0
Q2899,A0
Q2900,A0
Q2901,A0
Q2902,A0
Q2903,A0
Q2904,A0
Q2905,A0
Q2906,A0
Q2907,A0
Q2908,A0
Q2909,A0
Q2910,A0
Q2911,A0
Q2912,A0
Q2913,A0
Q2914,A0
Q2915,A0
Q2916,A0
Q2917,A0
Q2918,A0
Q2919,A0
Q2920,A0
Q2921,A0
Q2922,A0
Q2923,A0
Q2924,A0
Q2925,A0
Q2926,A0
Q2927,A0
Q2928,A0
Q2929,A0
Q2930,A0
Q2931,A0
Q2932,A0
Q2933,A0
Q2934,A0
Q2935,A0
Q2936,A0
Q2937,A0
Q2938,A0
Q2939,A0
Q2940,A0
Q2941,A0
Q2942,A0
Q2943,A0
Q2944,A0
Q2945,A0
Q2946,A0
Q2947,A0
Q2948,A0
Q2949,A0
Q2950,A0
Q2951,A0
Q2952,A0
Q2953,A0
Q2954,A0
Q2955,A0
Q2956,A0
Q2957,A0
Q2958,A0
Q2959,A0
Q2960,A0
Q2961,A0
Q2962,A0
Q2963,A0
Q2964,A0
Q2965,A0
Q2966,A0
Q2967,A0
Q2968,A0
Q2969,A0
Q2970,A0
Q2971,A0
Q2972,A0
Q2973,A0
Q2974,A0
Q2975,A0
Q2976,A0
Q2977,A0
Q2978,A0
Q2979,A0
Q2980,A0
Q2981,A0
Q2982,A0
Q2983,A0
Q2984,A0
Q2985,A0
Q2986,A0
Q2987,A0
Q2988,A0
Q2989,A0
Q2990,A0
Q2991,A0
Q2992,A0
Q2993,A0
Q2994,A0
Q2995,A0
Q2996,A0
Q2997,A0
Q2998,A0
Q2999,A0
Q3000,A0
Q3001,A0
Q3002,A0
Q3003,A0
Q3004,A0
Q3005,A0
Q3006,A0
Q3007,A0
Q3008,A0
Q3009,A0
Q3010,A0
Q3011,A0
Q3012,A0
Q3013,A0
Q3014,A0
Q3015,A0
Q3016,A0
Q3017,A0
Q3018,A0
Q3019,A0
Q3020,A0
Q3021,A0
Q3022,A0
Q3023,A0
Q3024,A0
Q3025,A0
Q3026,A0
Q3027,A0
Q3028,A0
Q3029,A0
Q3030,A0
Q3031,A0
Q3032,A0
Q3033,A0
Q3034,A0
Q3035,A0
Q3036,A0
Q3037,A0
Q3038,A0
Q3039,A0
Q3040,A0
Q3041,A0
Q3042,A0
Q3043,A0
Q3044,A0
Q3045,A0
Q3046,A0
Q3047,A0
Q3048,A0
Q3049,A0
Q3050,A0
Q3051,A0
Q3052,A0
Q3053,A0
Q3054,A0
Q3055,A0
Q3056,A0
Q3057,A0
Q3058,A0
Q3059,A0
Q3060,A0
Q3061,A0
Q3062,A0
Q3063,A0
Q3064,A0
Q3065,A0
Q3066,A0
Q3067,A0
Q3068,A0
Q3069,A0
Q3070,A0
Q3071,A0
Q3072,A0
Q3073,A0
Q3074,A0
Q3075,A0
Q3076,A0
Q3077,A0
Q3078,A0
Q3079,A0
Q3080,A0
Q3081,A0
Q3082,A0
Q3083,A0
Q3084,A0
Q3085,A0
Q3086,A0
Q3087,A0
Q3088,A0
Q3089,A0
Q3090,A0
Q3091,A0
Q3092,A0
Q3093,A0
Q3094,A0
Q3095,A0
Q3096,A0
Q3097,A0
Q3098,A0
Q3099,A0
Q3100,A0
Q3101,A0
Q3102,A0
Q3103,A0
Q3104,A0
Q3105,A0
Q3106,A0
Q3107,A0
Q3108,A0
Q3109,A0
Q3110,A0
Q3111,A0
Q3112,A0
Q3113,A0
Q3114,A0
Q3115,A0
Q3116,A0
Q3117,A0
Q3118,A0
Q3119,A0
Q3120,A0
Q3121,A0
Q3122,A0
Q3123,A0
Q3124,A0
Q3125,A0
Q3126,A0
Q3127,A0
Q3128,A0
Q3129,A0
Q3130,A0
Q3131,A0
Q3132,A0
Q3133,A0
Q3134,A0
Q3135,A0
Q3136,A0
Q3137,A0
Q3138,A0
Q3139,A0
Q3140,A0
Q3141,A0
Q3142,A0
Q3143,A0
Q3144,A0
Q3145,A0
Q3146,A0
Q3147,A0
Q3148,A0
Q3149,A0
Q3150,A0
Q3151,A0
Q3152,A0
Q3153,A0
Q3154,A0
Q3155,A0
Q3156,A0
Q3157,A0
Q3158,A0
Q3159,A0
Q3160,A0
Q3161,A0
Q3162,A0
Q3163,A0
Q3164,A0
Q3165,A0
Q3166,A0
Q3167,A0
Q3168,A0
Q3169,A0
Q3170,A0
Q3171,A0
Q3172,A0
Q3173,A0
Q3174,A0
Q3175,A0
Q3176,A0
Q3177,A0
Q3178,A0
Q3179,A0
Q3180,A0
Q3181,A0
Q3182,A0
Q3183,A0
Q3184,A0
Q3185,A0
Q3186,A0
Q3187,A0
Q3188,A0
Q3189,A0
Q3190,A0
Q3191,A0
Q3192,A0
Q3193,A0
Q3194,A0
Q3195,A0
Q3196,A0
Q3197,A0
Q3198,A0
Q3199,A0
Q3200,A0
Q3201,A0
Q3202,A0
Q3203,A0
Q3204,A0
Q3205,A0
Q3206,A0
Q3207,A0
Q3208,A0
Q3209,A0
Q3210,A0
Q3211,A0
Q3212,A0
Q3213,A0
Q3214,A0
Q3215,A0
Q3216,A0
Q3217,A0
Q3218,A0
Q3219,A0
Q3220,A0
Q3221,A0
Q3222,A0
Q3223,A0
Q3224,A0
Q3225,A0
Q3226,A0
Q3227,A0
Q3228,A0
Q3229,A0
Q3230,A0
Q3231,A0
Q3232,A0
Q3233,A0
Q3234,A0
Q3235,A0
Q3236,A0
Q3237,A0
Q3238,A0
Q3239,A0
Q3240,A0
Q3241,A0
Q3242,A0
Q3243,A0
Q3244,A0
Q3245,A0
Q3246,A0
Q3247,A0
Q3248,A0
Q3249,A0
Q3250,A0
Q3251,A0
Q3252,A0
Q3253,A0
Q3254,A0
Q3255,A0
Q3256,A0
Q3257,A0
Q3258,A0
Q3259,A0
Q3260,A0
Q3261,A0
Q3262,A0
Q3263,A0
Q3264,A0
Q3265,A0
Q3266,A0
Q3267,A0
Q3268,A0
Q3269,A0
Q3270,A0
Q3271,A0
Q3272,A0
Q3273,A0
Q3274,A0
Q3275,A0
Q3276,A0
Q3277,A0
Q3278,A0
Q3279,A0
Q3280,A0
Q3281,A0
Q3282,A0
Q3283,A0
Q3284,A0
Q3285,A0
Q3286,A0
Q3287,A0
Q3288,A0
Q3289,A0
Q3290,A0
Q3291,A0
Q3292,A0
Q3293,A0
Q3294,A0
Q3295,A0
Q3296,A0
Q3297,A0
Q3298,A0
Q3299,A0
Q3300,A0
Q3301,A0
Q3302,A0
Q3303,A0
Q3304,A0
Q3305,A0
Q3306,A0
Q3307,A0
Q3308,A0
Q3309,A0
Q3310,A0
Q3311,A0
Q3312,A0
Q3313,A0
Q3314,A0
Q3315,A0
Q3316,A0
Q3317,A0
Q3318,A0
Q3319,A0
Q3320,A0
Q3321,A0
Q3322,A0
Q3323,A0
Q3324,A0
Q3325,A0
Q3326,A0
Q3327,A0
Q3328,A0
Q3329,A0
Q3330,A0
Q3331,A0
Q3332,A0
Q3333,A0
Q3334,A0
Q3335,A0
Q3336,A0
Q3337,A0
Q3338,A0
Q3339,A0
Q3340,A0
Q3341,A0
Q3342,A0
Q3343,A0
Q3344,A0
Q3345,A0
Q3346,A0
Q3347,A0
Q3348,A0
Q3349,A0
Q3350,A0
Q3351,A0
Q3352,A0
Q3353,A0
Q3354,A0
Q3355,A0
Q3356,A0
Q3357,A0
Q3358,A0
Q3359,A0
Q3360,A0
Q3361,A0
Q3362,A0
Q3363,A0
Q3364,A0
Q3365,A0
Q3366,A0
Q3367,A0
Q3368,A0
Q3369,A0
Q3370,A0
Q3371,A0
Q3372,A0
Q3373,A0
Q3374,A0
Q3375,A0
Q3376,A0
Q3377,A0
Q3378,A0
Q3379,A0
Q3380,A0
Q3381,A0
Q3382,A0
Q3383,A0
Q3384,A0
Q3385,A0
Q3386,A0
Q3387,A0
Q3388,A0
Q3389,A0
Q3390,A0
Q3391,A0
Q3392,A0
Q3393,A0
Q3394,A0
Q3395,A0
Q3396,A0
Q3397,A0
Q3398,A0
Q3399,A0
Q3400,A0
Q3401,A0
Q3402,A0
Q3403,A0
Q3404,A0
Q3405,A0
Q3406,A0
Q3407,A0
Q3408,A0
Q3409,A0
Q3410,A0
Q3411,A0
Q3412,A0
Q3413,A0
Q3414,A0
Q3415,A0
Q3416,A0
Q3417,A0
Q3418,A0
Q3419,A0
Q3420,A0
Q3421,A0
Q3422,A0
Q3423,A0
Q3424,A0
Q3425,A0
Q3426,A0
Q3427,A0
Q3428,A0
Q3429,A0
Q3430,A0
Q3431,A0
Q3432,A0
Q3433,A0
Q3434,A0
Q3435,A0
Q3436,A0
Q3437,A0
Q3438,A0
Q3439,A0
Q3440,A0
Q3441,A0
Q3442,A0
Q3443,A0
Q3444,A0
Q3445,A0
Q3446,A0
Q3447,A0
Q3448,A0
Q3449,A0
Q3450,A0
Q3451,A0
Q3452,A0
Q3453,A0
Q3454,A0
Q3455,A0
Q3456,A0
Q3457,A0
Q3458,A0
Q3459,A0
Q3460,A0
Q3461,A0
Q3462,A0
Q3463,A0
Q3464,A0
Q3465,A0
Q3466,A0
Q3467,A0
Q3468,A0
Q3469,A0
Q3470,A0
Q3471,A0
Q3472,A0
Q3473,A0
Q3474,A0
Q3475,A0
Q3476,A0
Q3477,A0
Q3478,A0
Q3479,A0
Q3480,A0
Q3481,A0
Q3482,A0
Q3483,A0
Q3484,A0
Q3485,A0
Q3486,A0
Q3487,A0
Q3488,A0
Q3489,A0
Q3490,A0
Q3491,A0
Q3492,A0
Q3493,A0
Q3494,A0
Q3495,A0
Q3496,A0
Q3497,A0
Q3498,A0
Q3499,A0
Q3500,A0
Q3501,A0
Q3502,A0
Q3503,A0
Q3504,A0
Q3505,A0
Q3506,A0
Q3507,A0
Q3508,A0
Q3509,A0
Q3510,A0
Q3511,A0
Q3512,A0
Q3513,A0
Q3514,A0
Q3515,A0
Q3516,A0
Q3517,A0
Q3518,A0
Q3519,A0
Q3520,A0
Q3521,A0
Q3522,A0
Q3523,A0
Q3524,A0
Q3525,A0
Q3526,A0
Q3527,A0
Q3528,A0
Q3529,A0
Q3530,A0
Q3531,A0
Q3532,A0
Q3533,A0
Q3534,A0
Q3535,A0
Q3536,A0
Q3537,A0
Q3538,A0
Q3539,A0
Q3540,A0
Q3541,A0
Q3542,A0
Q3543,A0
Q3544,A0
Q3545,A0
Q3546,A0
Q3547,A0
Q3548,A0
Q3549,A0
Q3550,A0
Q3551,A0
Q3552,A0
Q3553,A0
Q3554,A0
Q3555,A0
Q3556,A0
Q3557,A0
Q3558,A0
Q3559,A0
Q3560,A0
Q3561,A0
Q3562,A0
Q3563,A0
Q3564,A0
Q3565,A0
Q3566,A0
Q3567,A0
Q3568,A0
Q3569,A0
Q3570,A0
Q3571,A0
Q3572,A0
Q3573,A0
Q3574,A0
Q3575,A0
Q3576,A0
Q3577,A0
Q3578,A0
Q3579,A0
Q3580,A0
Q3581,A0
Q3582,A0
Q3583,A0
Q3584,A0
Q3585,A0
Q3586,A0
Q3587,A0
Q3588,A0
Q3589,A0
Q3590,A0
Q3591,A0
Q3592,A0
Q3593,A0
Q3594,A0
Q3595,A0
Q3596,A0
Q3597,A0
Q3598,A0
Q3599,A0
Q3600,A0
Q3601,A0
Q3602,A0
Q3603,A0
Q3604,A0
Q3605,A0
Q3606,A0
Q3607,A0
Q3608,A0
Q3609,A0
Q3610,A0
Q3611,A0
Q3612,A0
Q3613,A0
Q3614,A0
Q3615,A0
Q3616,A0
Q3617,A0
Q3618,A0
Q3619,A0
Q3620,A0
Q3621,A0
Q3622,A0
Q3623,A0
Q3624,A0
Q3625,A0
Q3626,A0
Q3627,A0
Q3628,A0
Q3629,A0
Q3630,A0
Q3631,A0
Q3632,A0
Q3633,A0
Q3634,A0
Q3635,A1
Q3636,A1
Q3637,A1
Q3638,A1
Q3639,A1
Q3640,A1
Q3641,A1
Q3642,A1
Q3643,A1
Q3644,A1
Q3645,A1
Q3646,A1
Q3647,A1
Q3648,A1
Q3649,A1
Q3650,A1
Q3651,A1
Q3652,A1
Q3653,A1
Q3654,A1
Q3655,A1
Q3656,A1
Q3657,A1
Q3658,A1
Q3659,A1
Q3660,A1
Q3661,A1
Q3662,A1
Q3663,A1
Q3664,A1
Q3665,A1
Q3666,A1
Q3667,A1
Q3668,A1
Q3669,A1
Q3670,A1
Q3671,A1
Q3672,A1
Q3673,A1
Q3674,A1
Q3675,A1
Q3676,A1
Q3677,A1
Q3678,A1
Q3679,A1
Q3680,A1
Q3681,A1
Q3682,A1
Q3683,A1
Q3684,A1
Q3685,A1
Q3686,A1
Q3687,A1
Q3688,A1
Q3689,A1
Q3690,A1
Q3691,A1
Q3692,A1
Q3693,A1
Q3694,A1
Q3695,A1
Q3696,A1
Q3697,A1
Q3698,A1
Q3699,A1
Q3700,A1
Q3701,A1
Q3702,A1
Q3703,A1
Q3704,A1
Q3705,A1
Q3706,A1
Q3707,A1
Q3708,A1
Q3709,A1
Q3710,A1
Q3711,A1
Q3712,A1
Q3713,A1
Q3714,A1
Q3715,A1
Q3716,A1
Q3717,A1
Q3718,A1
Q3719,A1
Q3720,A1
Q3721,A1
Q3722,A1
Q3723,A1
Q3724,A1
Q3725,A1
Q3726,A1
Q3727,A1
Q3728,A1
Q3729,A1
Q3730,A1
Q3731,A1
Q3732,A1
Q3733,A1
Q3734,A1
Q3735,A1
Q3736,A1
Q3737,A1
Q3738,A1
Q3739,A1
Q3740,A1
Q3741,A1
Q3742,A1
Q3743,A1
Q3744,A1
Q3745,A1
Q3746,A1
Q3747,A1
Q3748,A1
Q3749,A1
Q3750,A1
Q3751,A1
Q3752,A1
Q3753,A1
Q3754,A1
Q3755,A1
Q3756,A1
Q3757,A1
Q3758,A1
Q3759,A1
Q3760,A1
Q3761,A1
Q3762,A1
Q3763,A1
Q3764,A1
Q3765,A1
Q3766,A1
Q3767,A1
Q3768,A1
Q3769,A1
Q3770,A1
Q3771,A1
Q3772,A1
Q3773,A1
Q3774,A1
Q3775,A1
Q3776,A1
Q3777,A1
Q3778,A1
Q3779,A1
Q3780,A1
Q3781,A1
Q3782,A1
Q3783,A1
Q3784,A1
Q3785,A1
Q3786,A1
Q3787,A1
Q3788,A1
Q3789,A1
Q3790,A1
Q3791,A1
Q3792,A1
Q3793,A1
Q3794,A1
Q3795,A1
Q3796,A1
Q3797,A1
Q3798,A1
Q3799,A1
Q3800,A1
Q3801,A1
Q3802,A1
Q3803,A1
Q3804,A1
Q3805,A1
Q3806,A1
Q3807,A1
Q3808,A1
Q3809,A1
Q3810,A1
Q3811,A1
Q3812,A1
Q3813,A1
Q3814,A1
Q3815,A1
Q3816,A1
Q3817,A1
Q3818,A1
Q3819,A1
Q3820,A1
Q3821,A1
Q3822,A1
Q3823,A1
Q3824,A1
Q3825,A1
Q3826,A1
Q3827,A1
Q3828,A1
Q3829,A1
Q3830,A1
Q3831,A1
Q3832,A1
Q3833,A1
Q3834,A1
Q3835,A1
Q3836,A1
Q3837,A1
Q3838,A1
Q3839,A1
Q3840,A1
Q3841,A1
Q3842,A1
Q3843,A1
Q3844,A1
Q3845,A1
Q3846,A1
Q3847,A1
Q3848,A1
Q3849,A1
Q3850,A1
Q3851,A1
Q3852,A1
Q3853,A1
Q3854,A1
Q3855,A1
Q3856,A1
Q3857,A1
Q3858,A1
Q3859,A1
Q3860,A1
Q3861,A1
Q3862,A1
Q3863,A1
Q3864,A1
Q3865,A1
Q3866,A1
Q3867,A1
Q3868,A1
Q3869,A1
Q3870,A1
Q3871,A1
Q3872,A1
Q3873,A1
Q3874,A1
Q3875,A1
Q3876,A1
Q3877,A1
Q3878,A1
Q3879,A1
Q3880,A1
Q3881,A1
Q3882,A1
Q3883,A1
Q3884,A1
Q3885,A1
Q3886,A1
Q3887,A1
Q3888,A1
Q3889,A1
Q3890,A1
Q3891,A1
Q3892,A1
Q3893,A1
Q3894,A1
Q3895,A1
Q3896,A1
Q3897,A1
Q3898,A1
Q3899,A1
Q3900,A1
Q3901,A1
Q3902,A1
Q3903,A1
Q3904,A1
Q3905,A1
Q3906,A1
Q3907,A1
Q3908,A1
Q3909,A1
Q3910,A1
Q3911,A1
Q3912,A1
Q3913,A1
Q3914,A1
Q3915,A1
Q3916,A1
Q3917,A1
Q3918,A1
Q3919,A1
Q3920,A1
Q3921,A1
Q3922,A1
Q3923,A1
Q3924,A1
Q3925,A1
Q3926,A1
Q3927,A1
Q3928,A1
Q3929,A1
Q3930,A1
Q3931,A1
Q3932,A1
Q3933,A1
Q3934,A1
Q3935,A1
Q3936,A1
Q3937,A1
Q3938,A1
Q3939,A1
Q3940,A1
Q3941,A1
Q3942,A1
Q3943,A1
Q3944,A1
Q3945,A1
Q3946,A1
Q3947,A1
Q3948,A1
Q3949,A1
Q3950,A1
Q3951,A1
Q3952,A1
Q3953,A1
Q3954,A1
Q3955,A1
Q3956,A1
Q3957,A1
Q3958,A1
Q3959,A1
Q3960,A1
Q3961,A1
Q3962,A1
Q3963,A1
Q3964,A1
Q3965,A1
Q3966,A1
Q3967,A1
Q3968,A1
Q3969,A1
Q3970,A1
Q3971,A1
Q3972,A1
Q3973,A1
Q3974,A1
Q3975,A1
Q3976,A1
Q3977,A1
Q3978,A1
Q3979,A1
Q3980,A1
Q3981,A1
Q3982,A1
Q3983,A1
Q3984,A1
Q3985,A1
Q3986,A1
Q3987,A1
Q3988,A1
Q3989,A1
Q3990,A1
Q3991,A1
Q3992,A1
Q3993,A1
Q3994,A1
Q3995,A1
Q3996,A1
Q3997,A1
Q3998,A1
Q3999,A1
Q4000,A1
Q4001,A1
Q4002,A1
Q4003,A1
Q4004,A1
Q4005,A1
Q4006,A1
Q4007,A1
Q4008,A1
Q4009,A1
Q4010,A1
Q4011,A1
Q4012,A1
Q4013,A1
Q4014,A1
Q4015,A1
Q4016,A1
Q4017,A1
Q4018,A1
Q4019,A1
Q4020,A1
Q4021,A1
Q4022,A1
Q4023,A1
Q4024,A1
Q4025,A1
Q4026,A1
Q4027,A1
Q4028,A1
Q4029,A1
Q4030,A1
Q4031,A1
Q4032,A1
Q4033,A1
Q4034,A1
Q4035,A1
Q4036,A1
Q4037,A1
Q4038,A1
Q4039,A1
Q4040,A1
Q4041,A1
Q4042,A1
Q4043,A1
Q4044,A1
Q4045,A1
Q4046,A1
Q4047,A1
Q4048,A1
Q4049,A1
Q4050,A1
Q4051,A1
Q4052,A1
Q4053,A1
Q4054,A1
Q4055,A1
Q4056,A1
Q4057,A1
Q4058,A1
Q4059,A1
Q4060,A1
Q4061,A1
Q4062,A1
Q4063,A1
Q4064,A1
Q4065,A1
Q4066,A1
Q4067,A1
Q4068,A1
Q4069,A1
Q4070,A1
Q4071,A1
Q4072,A1
Q4073,A1
Q4074,A1
Q4075,A1
Q4076,A1
Q4077,A1
Q4078,A1
Q4079,A1
Q4080,A1
Q4081,A1
Q4082,A1
Q4083,A1
Q4084,A1
Q4085,A1
Q4086,A1
Q4087,A1
Q4088,A1
Q4089,A1
Q4090,A1
Q4091,A1
Q4092,A1
Q4093,A1
Q4094,A1
Q4095,A1
Q4096,A1
Q4097,A1
Q4098,A1
Q4099,A1
Q4100,A1
Q4101,A1
Q4102,A1
Q4103,A1
Q4104,A1
Q4105,A1
Q4106,A1
Q4107,A1
Q4108,A1
Q4109,A1
Q4110,A1
Q4111,A1
Q4112,A1
Q4113,A1
Q4114,A1
Q4115,A1
Q4116,A1
Q4117,A1
Q4118,A1
Q4119,A1
Q4120,A1
Q4121,A1
Q4122,A1
Q4123,A1
Q4124,A1
Q4125,A1
Q4126,A1
Q4127,A1
Q4128,A1
Q4129,A1
Q4130,A1
Q4131,A1
Q4132,A1
Q4133,A1
Q4134,A1
Q4135,A1
Q4136,A1
Q4137,A1
Q4138,A1
Q4139,A1
Q4140,A1
Q4141,A1
Q4142,A1
Q4143,A1
Q4144,A1
Q4145,A1
Q4146,A1
Q4147,A1
Q4148,A1
Q4149,A1
Q4150,A1
Q4151,A1
Q4152,A1
Q4153,A1
Q4154,A1
Q4155,A1
Q4156,A1
Q4157,A1
Q4158,A1
Q4159,A1
Q4160,A1
Q4161,A1
Q4162,A1
Q4163,A1
Q4164,A1
Q4165,A1
Q4166,A1
Q4167,A1
Q4168,A1
Q4169,A1
Q4170,A1
Q4171,A1
Q4172,A1
Q4173,A1
Q4174,A1
Q4175,A1
Q4176,A1
Q4177,A1
Q4178,A1
Q4179,A1
Q4180,A1
Q4181,A1
Q4182,A1
Q4183,A1
Q4184,A1
Q4185,A1
Q4186,A1
Q4187,A1
Q4188,A1
Q4189,A1
Q4190,A1
Q4191,A1
Q4192,A1
Q4193,A1
Q4194,A1
Q4195,A1
Q4196,A1
Q4197,A1
Q4198,A1
Q4199,A1
Q4200,A1
Q4201,A1
Q4202,A1
Q4203,A1
Q4204,A1
Q4205,A1
Q4206,A1
Q4207,A1
Q4208,A1
Q4209,A1
Q4210,A1
Q4211,A1
Q4212,A1
Q4213,A1
Q4214,A1
Q4215,A1
Q4216,A1
Q4217,A1
Q4218,A1
Q4219,A1
Q4220,A1
Q4221,A1
Q4222,A1
Q4223,A1
Q4224,A1
Q4225,A1
Q4226,A1
Q4227,A1
Q4228,A1
Q4229,A1
Q4230,A1
Q4231,A1
Q4232,A1
Q4233,A1
Q4234,A1
Q4235,A1
Q4236,A1
Q4237,A1
Q4238,A1
Q4239,A1
Q4240,A1
Q4241,A1
Q4242,A1
Q4243,A1
Q4244,A1
Q4245,A1
Q4246,A1
Q4247,A1
Q4248,A1
Q4249,A1
Q4250,A1
Q4251,A1
Q4252,A1
Q4253,A1
Q4254,A1
Q4255,A1
Q4256,A1
Q4257,A1
Q4258,A1
Q4259,A1
Q4260,A1
Q4261,A1
Q4262,A1
Q4263,A1
Q4264,A1
Q4265,A1
Q4266,A1
Q4267,A1
Q4268,A1
Q4269,A1
Q4270,A1
Q4271,A1
Q4272,A1
Q4273,A1
Q4274,A1
Q4275,A1
Q4276,A1
Q4277,A1
Q4278,A1
Q4279,A1
Q4280,A1
Q4281,A1
Q4282,A1
Q4283,A1
Q4284,A1
Q4285,A1
Q4286,A1
Q4287,A1
Q4288,A1
Q4289,A1
Q4290,A1
Q4291,A1
Q4292,A1
Q4293,A1
Q4294,A1
Q4295,A1
Q4296,A1
Q4297,A1
Q4298,A1
Q4299,A1
Q4300,A1
Q4301,A1
Q4302,A1
Q4303,A1
Q4304,A1
Q4305,A1
Q4306,A1
Q4307,A1
Q4308,A1
Q4309,A1
Q4310,A1
Q4311,A1
Q4312,A1
Q4313,A1
Q4314,A1
Q4315,A1
Q4316,A1
Q4317,A1
Q4318,A1
Q4319,A1
Q4320,A1
Q4321,A1
Q4322,A1
Q4323,A1
Q4324,A1
Q4325,A1
Q4326,A1
Q4327,A1
Q4328,A1
Q4329,A1
Q4330,A1
Q4331,A1
Q4332,A1
Q4333,A1
Q4334,A1
Q4335,A1
Q4336,A1
Q4337,A1
Q4338,A1
Q4339,A1
Q4340,A1
Q4341,A1
Q4342,A1
Q4343,A1
Q4344,A1
Q4345,A1
Q4346,A1
Q4347,A1
Q4348,A1
Q4349,A1
Q4350,A1
Q4351,A1
Q4352,A1
Q4353,A1
Q4354,A1
Q4355,A1
Q4356,A1
Q4357,A1
Q4358,A1
Q4359,A1
Q4360,A1
Q4361,A1
Q4362,A1
Q4363,A1
Q4364,A1
Q4365,A1
Q4366,A1
Q4367,A1
Q4368,A1
Q4369,A1
Q4370,A1
Q4371,A1
Q4372,A1
Q4373,A1
Q4374,A1
Q4375,A1
Q4376,A1
Q4377,A1
Q4378,A1
Q4379,A1
Q4380,A1
Q4381,A1
Q4382,A1
Q4383,A1
Q4384,A1
Q4385,A1
Q4386,A1
Q4387,A1
Q4388,A1
Q4389,A1
Q4390,A1
Q4391,A1
Q4392,A1
Q4393,A1
Q4394,A1
Q4395,A1
Q4396,A1
Q4397,A1
Q4398,A1
Q4399,A1
Q4400,A1
Q4401,A1
Q4402,A1
Q4403,A1
Q4404,A1
Q4405,A1
Q4406,A1
Q4407,A1
Q4408,A1
Q4409,A1
Q4410,A1
Q4411,A1
Q4412,A1
Q4413,A1
Q4414,A1
Q4415,A1
Q4416,A1
Q4417,A1
Q4418,A1
Q4419,A1
Q4420,A1
Q4421,A1
Q4422,A1
Q4423,A1
Q4424,A1
Q4425,A1
Q4426,A1
Q4427,A1
Q4428,A1
Q4429,A1
Q4430,A1
Q4431,A1
Q4432,A1
Q4433,A1
Q4434,A1
Q4435,A1
Q4436,A1
Q4437,A1
Q4438,A1
Q4439,A1
Q4440,A1
Q4441,A1
Q4442,A1
Q4443,A1
Q4444,A1
Q4445,A1
Q4446,A1
Q4447,A1
Q4448,A1
Q4449,A1
Q4450,A1
Q4451,A1
Q4452,A1
Q4453,A1
Q4454,A1
Q4455,A1
Q4456,A1
Q4457,A1
Q4458,A1
Q4459,A1
Q4460,A1
Q4461,A1
Q4462,A1
Q4463,A1
Q4464,A1
Q4465,A1
Q4466,A1
Q4467,A1
Q4468,A1
Q4469,A1
Q4470,A1
Q4471,A1
Q4472,A1
Q4473,A1
Q4474,A1
Q4475,A1
Q4476,A1
Q4477,A1
Q4478,A1
Q4479,A1
Q4480,A1
Q4481,A1
Q4482,A1
Q4483,A1
Q4484,A1
Q4485,A1
Q4486,A1
Q4487,A1
Q4488,A1
Q4489,A1
Q4490,A1
Q4491,A1
Q4492,A1
Q4493,A1
Q4494,A1
Q4495,A1
Q4496,A1
Q4497,A1
Q4498,A1
Q4499,A1
Q4500,A1
Q4501,A1
Q4502,A1
Q4503,A1
Q4504,A1
Q4505,A1
Q4506,A1
Q4507,A1
Q4508,A1
Q4509,A1
Q4510,A1
Q4511,A1
Q4512,A1
Q4513,A1
Q4514,A1
Q4515,A1
Q4516,A1
Q4517,A1
Q4518,A1
Q4519,A1
Q4520,A1
Q4521,A1
Q4522,A1
Q4523,A1
Q4524,A1
Q4525,A1
Q4526,A1
Q4527,A1
Q4528,A1
Q4529,A1
Q4530,A1
Q4531,A1
Q4532,A1
Q4533,A1
Q4534,A1
Q4535,A1
Q4536,A1
Q4537,A1
Q4538,A1
Q4539,A1
Q4540,A1
Q4541,A1
Q4542,A1
Q4543,A1
Q4544,A1
Q4545,A1
Q4546,A1
Q4547,A1
Q4548,A1
Q4549,A1
Q4550,A1
Q4551,A1
Q4552,A1
Q4553,A1
Q4554,A1
Q4555,A1
Q4556,A1
Q4557,A1
Q4558,A1
Q4559,A1
Q4560,A1
Q4561,A1
Q4562,A1
Q4563,A1
Q4564,A1
Q4565,A1
Q4566,A1
Q4567,A1
Q4568,A1
Q4569,A1
Q4570,A1
Q4571,A1
Q4572,A1
Q4573,A1
Q4574,A1
Q4575,A1
Q4576,A1
Q4577,A1
Q4578,A1
Q4579,A1
Q4580,A1
Q4581,A1
Q4582,A1
Q4583,A1
Q4584,A1
Q4585,A1
Q4586,A1
Q4587,A1
Q4588,A1
Q4589,A1
Q4590,A1
Q4591,A2
Q4592,A2
Q4593,A2
Q4594,A2
Q4595,A2
Q4596,A2
Q4597,A2
Q4598,A2
Q4599,A2
Q4600,A2
Q4601,A2
Q4602,A2
Q4603,A2
Q4604,A2
Q4605,A2
Q4606,A2
Q4607,A2
Q4608,A2
Q4609,A2
Q4610,A2
Q4611,A2
Q4612,A2
Q4613,A2
Q4614,A2
Q4615,A2
Q4616,A2
Q4617,A2
Q4618,A2
Q4619,A2
Q4620,A2
Q4621,A2
Q4622,A2
Q4623,A2
Q4624,A2
Q4625,A2
Q4626,A2
Q4627,A2
Q4628,A2
Q4629,A2
Q4630,A2
Q4631,A2
Q4632,A2
Q4633,A2
Q4634,A2
Q4635,A2
Q4636,A2
Q4637,A2
Q4638,A2
Q4639,A2
Q4640,A2
Q4641,A2
Q4642,A2
Q4643,A2
Q4644,A2
Q4645,A2
Q4646,A2
Q4647,A2
Q4648,A2
Q4649,A2
Q4650,A2
Q4651,A2
Q4652,A2
Q4653,A2
Q4654,A2
Q4655,A2
Q4656,A2
Q4657,A2
Q4658,A2
Q4659,A2
Q4660,A2
Q4661,A2
Q4662,A2
Q4663,A2
Q4664,A2
Q4665,A2
Q4666,A2
Q4667,A2
Q4668,A2
Q4669,A2
Q4670,A2
Q4671,A2
Q4672,A2
Q4673,A2
Q4674,A2
Q4675,A2
Q4676,A2
Q4677,A2
Q4678,A2
Q4679,A2
Q4680,A2
Q4681,A2
Q4682,A2
Q4683,A2
Q4684,A2
Q4685,A2
Q4686,A2
Q4687,A2
Q4688,A2
Q4689,A2
Q4690,A2
Q4691,A2
Q4692,A2
Q4693,A2
Q4694,A2
Q4695,A2
Q4696,A2
Q4697,A2
Q4698,A2
Q4699,A2
Q4700,A2
Q4701,A2
Q4702,A2
Q4703,A2
Q4704,A2
Q4705,A2
Q4706,A2
Q4707,A2
Q4708,A2
Q4709,A2
Q4710,A2
Q4711,A2
Q4712,A2
Q4713,A2
Q4714,A2
Q4715,A2
Q4716,A2
Q4717,A2
Q4718,A2
Q4719,A2
Q4720,A2
Q4721,A2
Q4722,A2
Q4723,A2
Q4724,A2
Q4725,A2
Q4726,A2
Q4727,A2
Q4728,A2
Q4729,A2
Q4730,A2
Q4731,A2
Q4732,A2
Q4733,A2
Q4734,A2
Q4735,A2
Q4736,A2
Q4737,A2
Q4738,A2
Q4739,A2
Q4740,A2
Q4741,A2
Q4742,A2
Q4743,A2
Q4744,A2
Q4745,A2
Q4746,A2
Q4747,A2
Q4748,A2
Q4749,A2
Q4750,A2
Q4751,A2
Q4752,A2
Q4753,A2
Q4754,A2
Q4755,A2
Q4756,A2
Q4757,A2
Q4758,A2
Q4759,A2
Q4760,A2
Q4761,A2
Q4762,A2
Q4763,A2
Q4764,A2
Q4765,A2
Q4766,A2
Q4767,A2
Q4768,A2
Q4769,A2
Q4770,A2
Q4771,A2
Q4772,A2
Q4773,A2
Q4774,A2
Q4775,A2
Q4776,A2
Q4777,A2
Q4778,A2
Q4779,A2
Q4780,A2
Q4781,A2
Q4782,A2
Q4783,A2
Q4784,A2
Q4785,A2
Q4786,A2
Q4787,A2
Q4788,A2
Q4789,A2
Q4790,A2
Q4791,A2
Q4792,A2
Q4793,A2
Q4794,A2
Q4795,A2
Q4796,A2
Q4797,A2
Q4798,A2
Q4799,A2
Q4800,A2
Q4801,A2
Q4802,A2
Q4803,A2
Q4804,A2
Q4805,A2
Q4806,A2
Q4807,A2
Q4808,A2
Q4809,A2
Q4810,A2
Q4811,A2
Q4812,A2
Q4813,A2
Q4814,A2
Q4815,A2
Q4816,A2
Q4817,A2
Q4818,A2
Q4819,A2
Q4820,A2
Q4821,A2
Q4822,A2
Q4823,A2
Q4824,A2
Q4825,A2
Q4826,A2
Q4827,A2
Q4828,A2
Q4829,A2
Q4830,A2
Q4831,A2
Q4832,A2
Q4833,A2
Q4834,A2
Q4835,A2
Q4836,A2
Q4837,A2
Q4838,A2
Q4839,A2
Q4840,A2
Q4841,A2
Q4842,A2
Q4843,A2
Q4844,A2
Q4845,A2
Q4846,A2
Q4847,A2
Q4848,A2
Q4849,A2
Q4850,A2
Q4851,A2
Q4852,A2
Q4853,A2
Q4854,A2
Q4855,A2
Q4856,A2
Q4857,A2
Q4858,A2
Q4859,A2
Q4860,A2
Q4861,A2
Q4862,A2
Q4863,A2
Q4864,A2
Q4865,A2
Q4866,A2
Q4867,A2
Q4868,A2
Q4869,A2
Q4870,A2
Q4871,A2
Q4872,A2
Q4873,A2
Q4874,A2
Q4875,A2
Q4876,A2
Q4877,A2
Q4878,A2
Q4879,A2
Q4880,A2
Q4881,A2
Q4882,A2
Q4883,A2
Q4884,A2
Q4885,A2
Q4886,A2
Q4887,A2
Q4888,A2
Q4889,A2
Q4890,A2
Q4891,A2
Q4892,A2
Q4893,A2
Q4894,A2
Q4895,A2
Q4896,A2
Q4897,A2
Q4898,A2
Q4899,A2
Q4900,A2
Q4901,A2
Q4902,A2
Q4903,A2
Q4904,A2
Q4905,A2
Q4906,A2
Q4907,A2
Q4908,A2
Q4909,A2
Q4910,A2
Q4911,A2
Q4912,A2
Q4913,A2
Q4914,A2
Q4915,A2
Q4916,A2
Q4917,A2
Q4918,A2
Q4919,A2
Q4920,A2
Q4921,A2
Q4922,A2
Q4923,A2
Q4924,A2
Q4925,A2
Q4926,A2
Q4927,A2
Q4928,A2
Q4929,A2
Q4930,A2
Q4931,A2
Q4932,A2
Q4933,A2
Q4934,A2
Q4935,A2
Q4936,A2
Q4937,A2
Q4938,A2
Q4939,A2
Q4940,A2
Q4941,A2
Q4942,A2
Q4943,A2
Q4944,A2
Q4945,A2
Q4946,A2
Q4947,A2
Q4948,A2
Q4949,A2
Q4950,A2
Q4951,A2
Q4952,A2
Q4953,A2
Q4954,A2
Q4955,A2
Q4956,A2
Q4957,A2
Q4958,A2
Q4959,A2
Q4960,A2
Q4961,A2
Q4962,A2
Q4963,A2
Q4964,A2
Q4965,A2
Q4966,A2
Q4967,A2
Q4968,A2
Q4969,A2
Q4970,A2
Q4971,A2
Q4972,A2
Q4973,A2
Q4974,A2
Q4975,A2
Q4976,A2
Q4977,A2
Q4978,A2
Q4979,A2
Q4980,A2
Q4981,A2
Q4982,A2
Q4983,A2
Q4984,A2
Q4985,A2
Q4986,A2
Q4987,A2
Q4988,A2
Q4989,A2
Q4990,A2
Q4991,A2
Q4992,A2
Q4993,A2
Q4994,A2
Q4995,A2
Q4996,A2
Q4997,A2
Q4998,A2
Q4999,A2
Q5000,A2
Q5001,A2
Q5002,A2
Q5003,A2
Q5004,A2
Q5005,A2
Q5006,A2
Q5007,A2
Q5008,A2
Q5009,A2
Q5010,A2
Q5011,A2
Q5012,A2
Q5013,A2
Q5014,A2
Q5015,A2
Q5016,A2
Q5017,A2
Q5018,A2
Q5019,A2
Q5020,A2
Q5021,A2
Q5022,A2
Q5023,A2
Q5024,A2
Q5025,A2
Q5026,A2
Q5027,A2
Q5028,A2
Q5029,A2
Q5030,A2
Q5031,A2
Q5032,A2
Q5033,A2
Q5034,A2
Q5035,A2
Q5036,A2
Q5037,A2
Q5038,A2
Q5039,A2
Q5040,A2
Q5041,A2
Q5042,A2
Q5043,A2
Q5044,A2
Q5045,A2
Q5046,A2
Q5047,A2
Q5048,A2
Q5049,A2
Q5050,A2
Q5051,A2
Q5052,A2
Q5053,A2
Q5054,A2
Q5055,A2
Q5056,A2
Q5057,A2
Q5058,A2
Q5059,A2
Q5060,A2
Q5061,A2
Q5062,A2
Q5063,A2
Q5064,A2
Q5065,A2
Q5066,A2
Q5067,A2
Q5068,A2
Q5069,A2
Q5070,A2
Q5071,A2
Q5072,A2
Q5073,A2
Q5074,A2
Q5075,A2
Q5076,A2
Q5077,A2
Q5078,A2
Q5079,A0
Q5080,A0
Q5081,A0
Q5082,A0
Q5083,A0
Q5084,A0
Q5085,A0
Q5086,A0
Q5087,A0
Q5088,A0
Q5089,A0
Q5090,A0
Q5091,A0
Q5092,A0
Q5093,A0
Q5094,A0
Q5095,A0
Q5096,A0
Q5097,A0
Q5098,A0
Q5099,A0
Q5100,A0
Q5101,A0
Q5102,A0
Q5103,A0
Q5104,A0
Q5105,A0
Q5106,A0
Q5107,A0
Q5108,A0
Q5109,A0
Q5110,A0
Q5111,A0
Q5112,A0
Q5113,A0
Q5114,A0
Q5115,A0
Q5116,A0
Q5117,A0
Q5118,A0
Q5119,A0
Q5120,A0
Q5121,A0
Q5122,A0
Q5123,A0
Q5124,A0
Q5125,A0
Q5126,A0
Q5127,A0
Q5128,A0
Q5129,A0
Q5130,A0
Q5131,A0
Q5132,A0
Q5133,A0
Q5134,A0
Q5135,A0
Q5136,A0
Q5137,A0
Q5138,A0
Q5139,A0
Q5140,A0
Q5141,A0
Q5142,A0
Q5143,A0
Q5144,A0
Q5145,A0
Q5146,A0
Q5147,A0
Q5148,A0
Q5149,A0
Q5150,A0
Q5151,A0
Q5152,A0
Q5153,A0
Q5154,A0
Q5155,A0
Q5156,A0
Q5157,A0
Q5158,A0
Q5159,A0
Q5160,A0
Q5161,A0
Q5162,A0
Q5163,A0
Q5164,A0
Q5165,A0
Q5166,A0
Q5167,A0
Q5168,A0
Q5169,A0
Q5170,A0
Q5171,A0
Q5172,A0
Q5173,A0
Q5174,A0
Q5175,A0
Q5176,A0
Q5177,A0
Q5178,A0
Q5179,A0
Q5180,A0
Q5181,A0
Q5182,A0
Q5183,A0
Q5184,A0
Q5185,A0
Q5186,A0
Q5187,A0
Q5188,A0
Q5189,A0
Q5190,A0
Q5191,A0
Q5192,A0
Q5193,A0
Q5194,A0
Q5195,A0
Q5196,A0
Q5197,A0
Q5198,A0
Q5199,A0
Q5200,A0
Q5201,A0
Q5202,A0
Q5203,A0
Q5204,A0
Q5205,A0
Q5206,A0
Q5207,A0
Q5208,A0
Q5209,A0
Q5210,A0
Q5211,A0
Q5212,A0
Q5213,A0
Q5214,A0
Q5215,A0
Q5216,A0
Q5217,A0
Q5218,A0
Q5219,A0
Q5220,A0
Q5221,A0
Q5222,A0
Q5223,A0
Q5224,A0
Q5225,A0
Q5226,A0
Q5227,A0
Q5228,A0
Q5229,A0
Q5230,A0
Q5231,A0
Q5232,A0
Q5233,A0
Q5234,A0
Q5235,A0
Q5236,A0
Q5237,A0
Q5238,A0
Q5239,A0
Q5240,A0
Q5241,A0
Q5242,A0
Q5243,A0
Q5244,A0
Q5245,A0
Q5246,A0
Q5247,A0
Q5248,A0
Q5249,A0
Q5250,A0
Q5251,A0
Q5252,A0
Q5253,A0
Q5254,A0
Q5255,A0
Q5256,A0
Q5257,A0
Q5258,A0
Q5259,A0
Q5260,A0
Q5261,A0
Q5262,A0
Q5263,A0
Q5264,A0
Q5265,A0
Q5266,A0
Q5267,A0
Q5268,A0
Q5269,A0
Q5270,A0
Q5271,A0
Q5272,A0
Q5273,A0
Q5274,A0
Q5275,A0
Q5276,A0
Q5277,A0
Q5278,A0
Q5279,A0
Q5280,A0
Q5281,A0
Q5282,A0
Q5283,A0
Q5284,A0
Q5285,A0
Q5286,A0
Q5287,A0
Q5288,A0
Q5289,A0
Q5290,A0
Q5291,A0
Q5292,A0
Q5293,A0
Q5294,A0
Q5295,A0
Q5296,A0
Q5297,A0
Q5298,A0
Q5299,A0
Q5300,A0
Q5301,A0
Q5302,A0
Q5303,A0
Q5304,A0
Q5305,A0
Q5306,A0
Q5307,A0
Q5308,A0
Q5309,A0
Q5310,A0
Q5311,A0
Q5312,A0
Q5313,A0
Q5314,A0
Q5315,A0
Q5316,A0
Q5317,A0
Q5318,A0
Q5319,A0
Q5320,A0
Q5321,A0
Q5322,A0
Q5323,A0
Q5324,A0
Q5325,A0
Q5326,A0
Q5327,A0
Q5328,A0
Q5329,A0
Q5330,A0
Q5331,A0
Q5332,A0
Q5333,A0
Q5334,A0
Q5335,A0
Q5336,A0
Q5337,A0
Q5338,A0
Q5339,A0
Q5340,A0
Q5341,A0
Q5342,A0
Q5343,A0
Q5344,A0
Q5345,A0
Q5346,A0
Q5347,A0
Q5348,A0
Q5349,A0
Q5350,A0
Q5351,A0
Q5352,A0
Q5353,A0
Q5354,A0
Q5355,A0
Q5356,A0
Q5357,A0
Q5358,A0
Q5359,A0
Q5360,A0
Q5361,A0
Q5362,A0
Q5363,A0
Q5364,A0
Q5365,A0
Q5366,A0
Q5367,A0
Q5368,A0
Q5369,A0
Q5370,A0
Q5371,A0
Q5372,A0
Q5373,A0
Q5374,A0
Q5375,A0
Q5376,A0
Q5377,A0
Q5378,A0
Q5379,A0
Q5380,A0
Q5381,A0
Q5382,A0
Q5383,A0
Q5384,A0
Q5385,A0
Q5386,A0
Q5387,A0
Q5388,A0
Q5389,A0
Q5390,A0
Q5391,A0
Q5392,A0
Q5393,A0
Q5394,A0
Q5395,A0
Q5396,A0
Q5397,A0
Q5398,A0
Q5399,A0
Q5400,A0
Q5401,A0
Q5402,A0
Q5403,A0
Q5404,A0
Q5405,A0
Q5406,A0
Q5407,A0
Q5408,A0
Q5409,A0
Q5410,A0
Q5411,A0
Q5412,A0
Q5413,A0
Q5414,A0
Q5415,A0
Q5416,A0
Q5417,A0
Q5418,A0
Q5419,A0
Q5420,A0
Q5421,A0
Q5422,A0
Q5423,A0
Q5424,A0
Q5425,A0
Q5426,A0
Q5427,A0
Q5428,A0
Q5429,A0
Q5430,A0
Q5431,A0
Q5432,A0
Q5433,A0
Q5434,A0
Q5435,A0
Q5436,A0
Q5437,A0
Q5438,A0
Q5439,A0
Q5440,A0
Q5441,A0
Q5442,A0
Q5443,A0
Q5444,A0
Q5445,A0
Q5446,A0
Q5447,A0
Q5448,A0
Q5449,A0
Q5450,A0
Q5451,A0
Q5452,A0
Q5453,A0
Q5454,A0
Q5455,A0
Q5456,A0
Q5457,A0
Q5458,A0
Q5459,A0
Q5460,A0
Q5461,A0
Q5462,A0
Q5463,A0
Q5464,A0
Q5465,A0
Q5466,A0
Q5467,A0
Q5468,A0
Q5469,A0
Q5470,A0
Q5471,A0
Q5472,A0
Q5473,A0
Q5474,A0
Q5475,A0
Q5476,A0
Q5477,A0
Q5478,A0
Q5479,A0
Q5480,A0
Q5481,A0
Q5482,A0
Q5483,A0
Q5484,A0
Q5485,A0
Q5486,A0
Q5487,A0
Q5488,A0
Q5489,A0
Q5490,A0
Q5491,A0
Q5492,A0
Q5493,A0
Q5494,A0
Q5495,A0
Q5496,A0
Q5497,A0
Q5498,A0
Q5499,A0
Q5500,A0
Q5501,A0
Q5502,A0
Q5503,A0
Q5504,A0
Q5505,A0
Q5506,A0
Q5507,A0
Q5508,A0
Q5509,A0
Q5510,A0
Q5511,A0
Q5512,A0
Q5513,A0
Q5514,A0
Q5515,A0
Q5516,A0
Q5517,A0
Q5518,A0
Q5519,A0
Q5520,A0
Q5521,A0
Q5522,A0
Q5523,A0
Q5524,A0
Q5525,A0
Q5526,A0
Q5527,A0
Q5528,A0
Q5529,A0
Q5530,A0
Q5531,A0
Q5532,A0
Q5533,A0
Q5534,A0
Q5535,A0
Q5536,A0
Q5537,A0
Q5538,A0
Q5539,A0
Q5540,A0
Q5541,A0
Q5542,A0
Q5543,A0
Q5544,A0
Q5545,A0
Q5546,A0
Q5547,A0
Q5548,A0
Q5549,A0
Q5550,A0
Q5551,A0
Q5552,A0
Q5553,A0
Q5554,A0
Q5555,A0
Q5556,A0
Q5557,A0
Q5558,A0
Q5559,A0
Q5560,A0
Q5561,A0
Q5562,A0
Q5563,A0
Q5564,A0
Q5565,A0
Q5566,A0
Q5567,A0
Q5568,A0
Q5569,A0
Q5570,A0
Q5571,A0
Q5572,A0
Q5573,A0
Q5574,A0
Q5575,A0
Q5576,A0
Q5577,A0
Q5578,A0
Q5579,A0
Q5580,A0
Q5581,A0
Q5582,A0
Q5583,A0
Q5584,A0
Q5585,A0
Q5586,A0
Q5587,A0
Q5588,A0
Q5589,A0
Q5590,A0
Q5591,A0
Q5592,A0
Q5593,A0
Q5594,A0
Q5595,A0
Q5596,A0
Q5597,A0
Q5598,A0
Q5599,A0
Q5600,A0
Q5601,A0
Q5602,A0
Q5603,A0
Q5604,A0
Q5605,A0
Q5606,A0
Q5607,A0
Q5608,A0
Q5609,A0
Q5610,A0
Q5611,A0
Q5612,A0
Q5613,A0
Q5614,A0
Q5615,A0
Q5616,A0
Q5617,A0
Q5618,A0
Q5619,A0
Q5620,A0
Q5621,A0
Q5622,A0
Q5623,A0
Q5624,A0
Q5625,A0
Q5626,A0
Q5627,A0
Q5628,A0
Q5629,A0
Q5630,A0
Q5631,A0
Q5632,A0
Q5633,A0
Q5634,A0
Q5635,A0
Q5636,A0
Q5637,A0
Q5638,A0
Q5639,A0
Q5640,A0
Q5641,A0
Q5642,A0
Q5643,A0
Q5644,A0
Q5645,A0
Q5646,A0
Q5647,A0
Q5648,A0
Q5649,A0
Q5650,A0
Q5651,A0
Q5652,A0
Q5653,A0
Q5654,A0
Q5655,A0
Q5656,A0
Q5657,A0
Q5658,A0
Q5659,A0
Q5660,A0
Q5661,A0
Q5662,A0
Q5663,A0
Q5664,A0
Q5665,A0
Q5666,A0
Q5667,A0
Q5668,A0
Q5669,A0
Q5670,A0
Q5671,A0
Q5672,A0
Q5673,A0
Q5674,A0
Q5675,A0
Q5676,A0
Q5677,A0
Q5678,A0
Q5679,A0
Q5680,A0
Q5681,A0
Q5682,A0
Q5683,A0
Q5684,A0
Q5685,A0
Q5686,A0
Q5687,A0
Q5688,A0
Q5689,A0
Q5690,A0
Q5691,A0
Q5692,A0
Q5693,A0
Q5694,A0
Q5695,A0
Q5696,A0
Q5697,A0
Q5698,A0
Q5699,A0
Q5700,A0
Q5701,A0
Q5702,A0
Q5703,A0
Q5704,A0
Q5705,A0
Q5706,A0
Q5707,A0
Q5708,A0
Q5709,A0
Q5710,A0
Q5711,A0
Q5712,A0
Q5713,A0
Q5714,A0
Q5715,A0
Q5716,A0
Q5717,A0
Q5718,A0
Q5719,A0
Q5720,A0
Q5721,A0
Q5722,A0
Q5723,A0
Q5724,A0
Q5725,A0
Q5726,A0
Q5727,A0
Q5728,A0
Q5729,A0
Q5730,A0
Q5731,A0
Q5732,A0
Q5733,A0
Q5734,A0
Q5735,A0
Q5736,A0
Q5737,A0
Q5738,A0
Q5739,A0
Q5740,A0
Q5741,A0
Q5742,A0
Q5743,A0
Q5744,A0
Q5745,A0
Q5746,A0
Q5747,A0
Q5748,A0
Q5749,A0
Q5750,A0
Q5751,A0
Q5752,A0
Q5753,A0
Q5754,A0
Q5755,A0
Q5756,A0
Q5757,A0
Q5758,A0
Q5759,A0
Q5760,A0
Q5761,A0
Q5762,A0
Q5763,A0
Q5764,A0
Q5765,A0
Q5766,A0
Q5767,A0
Q5768,A0
Q5769,A0
Q5770,A0
Q5771,A0
Q5772,A0
Q5773,A0
Q5774,A0
Q5775,A0
Q5776,A0
Q5777,A0
Q5778,A0
Q5779,A0
Q5780,A0
Q5781,A0
Q5782,A0
Q5783,A0
Q5784,A0
Q5785,A0
Q5786,A0
Q5787,A0
Q5788,A0
Q5789,A0
Q5790,A0
Q5791,A0
Q5792,A0
Q5793,A0
Q5794,A0
Q5795,A0
Q5796,A0
Q5797,A0
Q5798,A0
Q5799,A0
Q5800,A0
Q5801,A0
Q5802,A0
Q5803,A0
Q5804,A0
Q5805,A0
Q5806,A0
Q5807,A0
Q5808,A0
Q5809,A0
Q5810,A0
Q5811,A0
Q5812,A0
Q5813,A0
Q5814,A0
Q5815,A0
Q5816,A0
Q5817,A0
Q5818,A0
Q5819,A0
Q5820,A0
Q5821,A0
Q5822,A0
Q5823,A0
Q5824,A0
Q5825,A0
Q5826,A0
Q5827,A0
Q5828,A0
Q5829,A0
Q5830,A0
Q5831,A0
Q5832,A0
Q5833,A0
Q5834,A0
Q5835,A0
Q5836,A0
Q5837,A0
Q5838,A0
Q5839,A0
Q5840,A0
Q5841,A0
Q5842,A0
Q5843,A0
Q5844,A0
Q5845,A0
Q5846,A0
Q5847,A0
Q5848,A0
Q5849,A0
Q5850,A0
Q5851,A0
Q5852,A0
Q5853,A0
Q5854,A0
Q5855,A0
Q5856,A0
Q5857,A0
Q5858,A0
Q5859,A0
Q5860,A0
Q5861,A0
Q5862,A0
Q5863,A0
Q5864,A0
Q5865,A0
Q5866,A0
Q5867,A0
Q5868,A0
Q5869,A0
Q5870,A0
Q5871,A0
Q5872,A0
Q5873,A0
Q5874,A0
Q5875,A0
Q5876,A0
Q5877,A0
Q5878,A0
Q5879,A0
Q5880,A0
Q5881,A0
Q5882,A0
Q5883,A0
Q5884,A0
Q5885,A0
Q5886,A0
Q5887,A0
Q5888,A0
Q5889,A0
Q5890,A0
Q5891,A0
Q5892,A0
Q5893,A0
Q5894,A0
Q5895,A0
Q5896,A0
Q5897,A0
Q5898,A0
Q5899,A0
Q5900,A0
Q5901,A0
Q5902,A0
Q5903,A0
Q5904,A0
Q5905,A0
Q5906,A0
Q5907,A0
Q5908,A0
Q5909,A0
Q5910,A0
Q5911,A0
Q5912,A0
Q5913,A0
Q5914,A0
Q5915,A0
Q5916,A0
Q5917,A0
Q5918,A0
Q5919,A0
Q5920,A0
Q5921,A0
Q5922,A0
Q5923,A0
Q5924,A0
Q5925,A0
Q5926,A0
Q5927,A0
Q5928,A0
Q5929,A0
Q5930,A0
Q5931,A0
Q5932,A0
Q5933,A0
Q5934,A0
Q5935,A0
Q5936,A0
Q5937,A0
Q5938,A0
Q5939,A0
Q5940,A0
Q5941,A0
Q5942,A0
Q5943,A0
Q5944,A0
Q5945,A0
Q5946,A0
Q5947,A0
Q5948,A0
Q5949,A0
Q5950,A0
Q5951,A0
Q5952,A0
Q5953,A0
Q5954,A0
Q5955,A0
Q5956,A0
Q5957,A0
Q5958,A0
Q5959,A0
Q5960,A0
Q5961,A0
Q5962,A0
Q5963,A0
Q5964,A0
Q5965,A0
Q5966,A0
Q5967,A0
Q5968,A0
Q5969,A0
Q5970,A0
Q5971,A0
Q5972,A0
Q5973,A0
Q5974,A0
Q5975,A0
Q5976,A0
Q5977,A0
Q5978,A0
Q5979,A0
Q5980,A0
Q5981,A0
Q5982,A0
Q5983,A0
Q5984,A0
Q5985,A0
Q5986,A0
Q5987,A0
Q5988,A0
Q5989,A0
Q5990,A0
Q5991,A0
Q5992,A0
Q5993,A0
Q5994,A0
Q5995,A0
Q5996,A0
Q5997,A0
Q5998,A0
Q5999,A0
Q6000,A0
Q6001,A0
Q6002,A0
Q6003,A0
Q6004,A0
Q6005,A0
Q6006,A0
Q6007,A0
Q6008,A0
Q6009,A0
Q6010,A0
Q6011,A0
Q6012,A0
Q6013,A0
Q6014,A0
Q6015,A0
Q6016,A0
Q6017,A0
Q6018,A0
Q6019,A0
Q6020,A0
Q6021,A0
Q6022,A0
Q6023,A0
Q6024,A0
Q6025,A0
Q6026,A0
Q6027,A0
Q6028,A0
Q6029,A0
Q6030,A0
Q6031,A0
Q6032,A0
Q6033,A0
Q6034,A0
Q6035,A0
Q6036,A0
Q6037,A0
Q6038,A0
Q6039,A0
Q6040,A0
Q6041,A0
Q6042,A0
Q6043,A0
Q6044,A0
Q6045,A0
Q6046,A0
Q6047,A0
Q6048,A0
Q6049,A0
Q6050,A0
Q6051,A0
Q6052,A0
Q6053,A0
Q6054,A0
Q6055,A0
Q6056,A0
Q6057,A0
Q6058,A0
Q6059,A0
Q6060,A0
Q6061,A0
Q6062,A0
Q6063,A0
Q6064,A0
Q6065,A0
Q6066,A0
Q6067,A0
Q6068,A0
Q6069,A0
Q6070,A0
Q6071,A0
Q6072,A0
Q6073,A0
Q6074,A0
Q6075,A0
Q6076,A0
Q6077,A0
Q6078,A0
Q6079,A0
Q6080,A0
Q6081,A0
Q6082,A0
Q6083,A0
Q6084,A0
Q6085,A0
Q6086,A0
Q6087,A0
Q6088,A0
Q6089,A0
Q6090,A0
Q6091,A0
Q6092,A0
Q6093,A0
Q6094,A0
Q6095,A0
Q6096,A0
Q6097,A0
Q6098,A0
Q6099,A0
Q6100,A0
Q6101,A0
Q6102,A0
Q6103,A0
Q6104,A0
Q6105,A0
Q6106,A0
Q6107,A0
Q6108,A0
Q6109,A0
Q6110,A0
Q6111,A0
Q6112,A0
Q6113,A0
Q6114,A0
Q6115,A0
Q6116,A0
Q6117,A0
Q6118,A0
Q6119,A0
Q6120,A0
Q6121,A0
Q6122,A0
Q6123,A0
Q6124,A0
Q6125,A0
Q6126,A0
Q6127,A0
Q6128,A0
Q6129,A0
Q6130,A0
Q6131,A0
Q6132,A0
Q6133,A0
Q6134,A0
Q6135,A0
Q6136,A0
Q6137,A0
Q6138,A0
Q6139,A0
Q6140,A0
Q6141,A0
Q6142,A0
Q6143,A0
Q6144,A0
Q6145,A0
Q6146,A0
Q6147,A0
Q6148,A0
Q6149,A0
Q6150,A0
Q6151,A0
Q6152,A0
Q6153,A0
Q6154,A0
Q6155,A0
Q6156,A0
Q6157,A0
Q6158,A0
Q6159,A0
Q6160,A0
Q6161,A0
Q6162,A0
Q6163,A0
Q6164,A0
Q6165,A0
Q6166,A0
Q6167,A0
Q6168,A0
Q6169,A0
Q6170,A0
Q6171,A0
Q6172,A0
Q6173,A0
Q6174,A0
Q6175,A0
Q6176,A0
Q6177,A0
Q6178,A0
Q6179,A0
Q6180,A0
Q6181,A0
Q6182,A0
Q6183,A0
Q6184,A0
Q6185,A0
Q6186,A0
Q6187,A0
Q6188,A0
Q6189,A0
Q6190,A0
Q6191,A0
Q6192,A0
Q6193,A0
Q6194,A0
Q6195,A0
Q6196,A0
Q6197,A0
Q6198,A0
Q6199,A0
Q6200,A0
Q6201,A0
Q6202,A0
Q6203,A0
Q6204,A0
Q6205,A0
Q6206,A0
Q6207,A0
Q6208,A0
Q6209,A0
Q6210,A0
Q6211,A0
Q6212,A0
Q6213,A0
Q6214,A0
Q6215,A0
Q6216,A0
Q6217,A0
Q6218,A0
Q6219,A0
Q6220,A0
Q6221,A0
Q6222,A0
Q6223,A0
Q6224,A0
Q6225,A0
Q6226,A0
Q6227,A0
Q6228,A0
Q6229,A0
Q6230,A0
Q6231,A0
Q6232,A0
Q6233,A0
Q6234,A0
Q6235,A0
Q6236,A0
Q6237,A0
Q6238,A0
Q6239,A0
Q6240,A0
Q6241,A0
Q6242,A0
Q6243,A0
Q6244,A0
Q6245,A0
Q6246,A0
Q6247,A0
Q6248,A0
Q6249,A0
Q6250,A0
Q6251,A0
Q6252,A0
Q6253,A0
Q6254,A0
Q6255,A0
Q6256,A0
Q6257,A0
Q6258,A0
Q6259,A0
Q6260,A0
Q6261,A0
Q6262,A0
Q6263,A0
Q6264,A0
Q6265,A0
Q6266,A0
Q6267,A0
Q6268,A0
Q6269,A0
Q6270,A0
Q6271,A0
Q6272,A0
Q6273,A0
Q6274,A0
Q6275,A0
Q6276,A0
Q6277,A0
Q6278,A0
Q6279,A0
Q6280,A0
Q6281,A0
Q6282,A0
Q6283,A0
Q6284,A0
Q6285,A0
Q6286,A0
Q6287,A0
Q6288,A0
Q6289,A0
Q6290,A0
Q6291,A0
Q6292,A0
Q6293,A0
Q6294,A0
Q6295,A0
Q6296,A0
Q6297,A0
Q6298,A0
Q6299,A0
Q6300,A0
Q6301,A0
Q6302,A0
Q6303,A0
Q6304,A0
Q6305,A0
Q6306,A0
Q6307,A0
Q6308,A0
Q6309,A0
Q6310,A0
Q6311,A0
Q6312,A0
Q6313,A0
Q6314,A0
Q6315,A0
Q6316,A0
Q6317,A0
Q6318,A0
Q6319,A0
Q6320,A0
Q6321,A0
Q6322,A0
Q6323,A0
Q6324,A0
Q6325,A0
Q6326,A0
Q6327,A0
Q6328,A0
Q6329,A0
Q6330,A0
Q6331,A0
Q6332,A0
Q6333,A0
Q6334,A0
Q6335,A0
Q6336,A0
Q6337,A0
Q6338,A0
Q6339,A0
Q6340,A0
Q6341,A0
Q6342,A0
Q6343,A0
Q6344,A0
Q6345,A0
Q6346,A0
Q6347,A0
Q6348,A0
Q6349,A0
Q6350,A0
Q6351,A0
Q6352,A0
Q6353,A0
Q6354,A0
Q6355,A0
Q6356,A0
Q6357,A0
Q6358,A0
Q6359,A0
Q6360,A0
Q6361,A0
Q6362,A0
Q6363,A0
Q6364,A0
Q6365,A0
Q6366,A0
Q6367,A0
Q6368,A0
Q6369,A0
Q6370,A0
Q6371,A0
Q6372,A0
Q6373,A0
Q6374,A0
Q6375,A0
Q6376,A0
Q6377,A0
Q6378,A0
Q6379,A0
Q6380,A0
Q6381,A0
Q6382,A0
Q6383,A0
Q6384,A0
Q6385,A0
Q6386,A0
Q6387,A0
Q6388,A0
Q6389,A0
Q6390,A0
Q6391,A0
Q6392,A0
Q6393,A0
Q6394,A0
Q6395,A0
Q6396,A0
Q6397,A0
Q6398,A0
Q6399,A0
Q6400,A0
Q6401,A0
Q6402,A0
Q6403,A0
Q6404,A0
Q6405,A0
Q6406,A0
Q6407,A0
Q6408,A0
Q6409,A0
Q6410,A0
Q6411,A0
Q6412,A0
Q6413,A0
Q6414,A0
Q6415,A0
Q6416,A0
Q6417,A0
Q6418,A0
Q6419,A0
Q6420,A0
Q6421,A0
Q6422,A0
Q6423,A0
Q6424,A0
Q6425,A0
Q6426,A0
Q6427,A0
Q6428,A0
Q6429,A0
Q6430,A0
Q6431,A0
Q6432,A0
Q6433,A0
Q6434,A0
Q6435,A0
Q6436,A0
Q6437,A0
Q6438,A0
Q6439,A0
Q6440,A0
Q6441,A0
Q6442,A0
Q6443,A0
Q6444,A0
Q6445,A0
Q6446,A0
Q6447,A0
Q6448,A0
Q6449,A0
Q6450,A0
Q6451,A0
Q6452,A0
Q6453,A0
Q6454,A0
Q6455,A0
Q6456,A0
Q6457,A0
Q6458,A0
Q6459,A0
Q6460,A0
Q6461,A0
Q6462,A0
Q6463,A0
Q6464,A0
Q6465,A0
Q6466,A0
Q6467,A0
Q6468,A0
Q6469,A0
Q6470,A0
Q6471,A0
Q6472,A0
Q6473,A0
Q6474,A0
Q6475,A0
Q6476,A0
Q6477,A0
Q6478,A0
Q6479,A0
Q6480,A0
Q6481,A0
Q6482,A0
Q6483,A0
Q6484,A0
Q6485,A0
Q6486,A0
Q6487,A0
Q6488,A0
Q6489,A0
Q6490,A0
Q6491,A0
Q6492,A0
Q6493,A0
Q6494,A0
Q6495,A0
Q6496,A0
Q6497,A0
Q6498,A0
Q6499,A0
Q6500,A0
Q6501,A0
Q6502,A0
Q6503,A0
Q6504,A0
Q6505,A0
Q6506,A0
Q6507,A0
Q6508,A0
Q6509,A0
Q6510,A0
Q6511,A0
Q6512,A0
Q6513,A0
Q6514,A0
Q6515,A0
Q6516,A0
Q6517,A0
Q6518,A0
Q6519,A0
Q6520,A0
Q6521,A0
Q6522,A0
Q6523,A0
Q6524,A0
Q6525,A0
Q6526,A0
Q6527,A0
Q6528,A0
Q6529,A0
Q6530,A0
Q6531,A0
Q6532,A0
Q6533,A0
Q6534,A0
Q6535,A0
Q6536,A0
Q6537,A0
Q6538,A0
Q6539,A0
Q6540,A0
Q6541,A0
Q6542,A0
Q6543,A0
Q6544,A0
Q6545,A0
Q6546,A0
Q6547,A0
Q6548,A0
Q6549,A0
Q6550,A0
Q6551,A0
Q6552,A0
Q6553,A0
Q6554,A0
Q6555,A0
Q6556,A0
Q6557,A0
Q6558,A0
Q6559,A0
Q6560,A0
Q6561,A0
Q6562,A0
Q6563,A0
Q6564,A0
Q6565,A0
Q6566,A0
Q6567,A0
Q6568,A0
Q6569,A0
Q6570,A0
Q6571,A0
Q6572,A0
Q6573,A0
Q6574,A0
Q6575,A0
Q6576,A0
Q6577,A0
Q6578,A0
Q6579,A0
Q6580,A0
Q6581,A0
Q6582,A0
Q6583,A0
Q6584,A0
Q6585,A0
Q6586,A0
Q6587,A0
Q6588,A0
Q6589,A0
Q6590,A0
Q6591,A0
Q6592,A0
Q6593,A0
Q6594,A0
Q6595,A0
Q6596,A0
Q6597,A0
Q6598,A0
Q6599,A0
Q6600,A0
Q6601,A0
Q6602,A0
Q6603,A0
Q6604,A0
Q6605,A0
Q6606,A0
Q6607,A0
Q6608,A0
Q6609,A0
Q6610,A0
Q6611,A0
Q6612,A0
Q6613,A0
Q6614,A0
Q6615,A0
Q6616,A0
Q6617,A0
Q6618,A0
Q6619,A0
Q6620,A0
Q6621,A0
Q6622,A0
Q6623,A0
Q6624,A0
Q6625,A0
Q6626,A0
Q6627,A0
Q6628,A0
Q6629,A0
Q6630,A0
Q6631,A0
Q6632,A0
Q6633,A0
Q6634,A0
Q6635,A0
Q6636,A0
Q6637,A0
Q6638,A0
Q6639,A0
Q6640,A0
Q6641,A0
Q6642,A0
Q6643,A0
Q6644,A0
Q6645,A0
Q6646,A0
Q6647,A0
Q6648,A0
Q6649,A0
Q6650,A0
Q6651,A0
Q6652,A0
Q6653,A0
Q6654,A0
Q6655,A0
Q6656,A0
Q6657,A0
Q6658,A0
Q6659,A0
Q6660,A0
Q6661,A0
Q6662,A0
Q6663,A0
Q6664,A0
Q6665,A0
Q6666,A0
Q6667,A0
Q6668,A0
Q6669,A0
Q6670,A0
Q6671,A0
Q6672,A0
Q6673,A0
Q6674,A0
Q6675,A0
Q6676,A0
Q6677,A0
Q6678,A0
Q6679,A0
Q6680,A0
Q6681,A0
Q6682,A0
Q6683,A0
Q6684,A0
Q6685,A0
Q6686,A0
Q6687,A0
Q6688,A0
Q6689,A0
Q6690,A0
Q6691,A0
Q6692,A0
Q6693,A0
Q6694,A0
Q6695,A0
Q6696,A0
Q6697,A0
Q6698,A0
Q6699,A0
Q6700,A0
Q6701,A0
Q6702,A0
Q6703,A0
Q6704,A0
Q6705,A0
Q6706,A0
Q6707,A0
Q6708,A0
Q6709,A0
Q6710,A0
Q6711,A0
Q6712,A0
Q6713,A0
Q6714,A0
Q6715,A0
Q6716,A0
Q6717,A0
Q6718,A0
Q6719,A0
Q6720,A0
Q6721,A0
Q6722,A0
Q6723,A0
Q6724,A0
Q6725,A0
Q6726,A0
Q6727,A0
Q6728,A0
Q6729,A0
Q6730,A0
Q6731,A0
Q6732,A0
Q6733,A0
Q6734,A0
Q6735,A0
Q6736,A0
Q6737,A0
Q6738,A0
Q6739,A0
Q6740,A0
Q6741,A0
Q6742,A0
Q6743,A0
Q6744,A0
Q6745,A0
Q6746,A0
Q6747,A0
Q6748,A0
Q6749,A0
Q6750,A0
Q6751,A0
Q6752,A0
Q6753,A0
Q6754,A0
Q6755,A0
Q6756,A0
Q6757,A0
Q6758,A0
Q6759,A0
Q6760,A0
Q6761,A0
Q6762,A0
Q6763,A0
Q6764,A0
Q6765,A0
Q6766,A0
Q6767,A0
Q6768,A0
Q6769,A0
Q6770,A0
Q6771,A0
Q6772,A0
Q6773,A0
Q6774,A0
Q6775,A0
Q6776,A0
Q6777,A0
Q6778,A0
Q6779,A0
Q6780,A0
Q6781,A0
Q6782,A0
Q6783,A0
Q6784,A0
Q6785,A0
Q6786,A0
Q6787,A0
Q6788,A0
Q6789,A0
Q6790,A0
Q6791,A0
Q6792,A0
Q6793,A0
Q6794,A0
Q6795,A0
Q6796,A0
Q6797,A0
Q6798,A0
Q6799,A0
Q6800,A0
Q6801,A0
Q6802,A0
Q6803,A0
Q6804,A0
Q6805,A0
Q6806,A0
Q6807,A0
Q6808,A0
Q6809,A0
Q6810,A0
Q6811,A0
Q6812,A0
Q6813,A0
Q6814,A0
Q6815,A0
Q6816,A0
Q6817,A0
Q6818,A0
Q6819,A0
Q6820,A0
Q6821,A0
Q6822,A0
Q6823,A0
Q6824,A0
Q6825,A0
Q6826,A0
Q6827,A0
Q6828,A0
Q6829,A0
Q6830,A0
Q6831,A0
Q6832,A0
Q6833,A0
Q6834,A0
Q6835,A0
Q6836,A0
Q6837,A0
Q6838,A0
Q6839,A0
Q6840,A0
Q6841,A0
Q6842,A0
Q6843,A0
Q6844,A0
Q6845,A0
Q6846,A0
Q6847,A0
Q6848,A0
Q6849,A0
Q6850,A0
Q6851,A0
Q6852,A0
Q6853,A0
Q6854,A0
Q6855,A0
Q6856,A0
Q6857,A0
Q6858,A0
Q6859,A0
Q6860,A0
Q6861,A0
Q6862,A0
Q6863,A0
Q6864,A0
Q6865,A0
Q6866,A0
Q6867,A0
Q6868,A0
Q6869,A0
Q6870,A0
Q6871,A0
Q6872,A0
Q6873,A0
Q6874,A0
Q6875,A0
Q6876,A0
Q6877,A0
Q6878,A0
Q6879,A0
Q6880,A0
Q6881,A0
Q6882,A0
Q6883,A0
Q6884,A0
Q6885,A0
Q6886,A0
Q6887,A0
Q6888,A0
Q6889,A0
Q6890,A0
Q6891,A0
Q6892,A0
Q6893,A0
Q6894,A0
Q6895,A0
Q6896,A0
Q6897,A0
Q6898,A0
Q6899,A0
Q6900,A0
Q6901,A0
Q6902,A0
Q6903,A0
Q6904,A0
Q6905,A0
Q6906,A0
Q6907,A0
Q6908,A0
Q6909,A0
Q6910,A0
Q6911,A0
Q6912,A0
Q6913,A0
Q6914,A0
Q6915,A0
Q6916,A0
Q6917,A0
Q6918,A0
Q6919,A0
Q6920,A0
Q6921,A0
Q6922,A0
Q6923,A0
Q6924,A0
Q6925,A0
Q6926,A0
Q6927,A0
Q6928,A0
Q6929,A0
Q6930,A0
Q6931,A0
Q6932,A0
Q6933,A0
Q6934,A0
Q6935,A0
Q6936,A0
Q6937,A0
Q6938,A0
Q6939,A0
Q6940,A0
Q6941,A0
Q6942,A0
Q6943,A0
Q6944,A0
Q6945,A0
Q6946,A0
Q6947,A0
Q6948,A0
Q6949,A0
Q6950,A0
Q6951,A0
Q6952,A0
Q6953,A0
Q6954,A0
Q6955,A0
Q6956,A0
Q6957,A0
Q6958,A0
Q6959,A0
Q6960,A0
Q6961,A0
Q6962,A0
Q6963,A0
Q6964,A0
Q6965,A0
Q6966,A0
Q6967,A0
Q6968,A0
Q6969,A0
Q6970,A0
Q6971,A0
Q6972,A0
Q6973,A0
Q6974,A0
Q6975,A0
Q6976,A0
Q6977,A0
Q6978,A0
Q6979,A0
Q6980,A0
Q6981,A0
Q6982,A0
Q6983,A0
Q6984,A0
Q6985,A0
Q6986,A0
Q6987,A0
Q6988,A0
Q6989,A0
Q6990,A0
Q6991,A0
Q6992,A0
Q6993,A0
Q6994,A0
Q6995,A0
Q6996,A0
Q6997,A0
Q6998,A0
Q6999,A0
Q7000,A0
Q7001,A0
Q7002,A0
Q7003,A0
Q7004,A0
Q7005,A0
Q7006,A0
Q7007,A0
Q7008,A0
Q7009,A0
Q7010,A0
Q7011,A0
Q7012,A0
Q7013,A0
Q7014,A0
Q7015,A0
Q7016,A0
Q7017,A0
Q7018,A0
Q7019,A0
Q7020,A0
Q7021,A0
Q7022,A0
Q7023,A0
Q7024,A0
Q7025,A0
Q7026,A0
Q7027,A0
Q7028,A0
Q7029,A0
Q7030,A0
Q7031,A0
Q7032,A0
Q7033,A0
Q7034,A0
Q7035,A0
Q7036,A0
Q7037,A0
Q7038,A0
Q7039,A0
Q7040,A0
Q7041,A0
Q7042,A0
Q7043,A0
Q7044,A0
Q7045,A0
Q7046,A0
Q7047,A0
Q7048,A0
Q7049,A0
Q7050,A0
Q7051,A0
Q7052,A0
Q7053,A0
Q7054,A0
Q7055,A0
Q7056,A0
Q7057,A0
Q7058,A0
Q7059,A0
Q7060,A0
Q7061,A0
Q7062,A0
Q7063,A0
Q7064,A0
Q7065,A0
Q7066,A0
Q7067,A0
Q7068,A0
Q7069,A0
Q7070,A0
Q7071,A0
Q7072,A0
Q7073,A0
Q7074,A0
Q7075,A0
Q7076,A0
Q7077,A0
Q7078,A0
Q7079,A0
Q7080,A0
Q7081,A0
Q7082,A0
Q7083,A0
Q7084,A0
Q7085,A0
Q7086,A0
Q7087,A0
Q7088,A0
Q7089,A0
Q7090,A0
Q7091,A0
Q7092,A0
Q7093,A0
Q7094,A0
Q7095,A0
Q7096,A0
Q7097,A0
Q7098,A0
Q7099,A0
Q7100,A0
Q7101,A0
Q7102,A0
Q7103,A0
Q7104,A0
Q7105,A0
Q7106,A0
Q7107,A0
Q7108,A0
Q7109,A0
Q7110,A0
Q7111,A0
Q7112,A0
Q7113,A0
Q7114,A0
Q7115,A0
Q7116,A0
Q7117,A0
Q7118,A0
Q7119,A0
Q7120,A0
Q7121,A0
Q7122,A0
Q7123,A0
Q7124,A0
Q7125,A0
Q7126,A0
Q7127,A0
Q7128,A0
Q7129,A0
Q7130,A0
Q7131,A0
Q7132,A0
Q7133,A0
Q7134,A0
Q7135,A0
Q7136,A0
Q7137,A0
Q7138,A0
Q7139,A0
Q7140,A0
Q7141,A0
Q7142,A0
Q7143,A0
Q7144,A0
Q7145,A0
Q7146,A0
Q7147,A0
Q7148,A0
Q7149,A0
Q7150,A0
Q7151,A0
Q7152,A0
Q7153,A0
Q7154,A0
Q7155,A0
Q7156,A0
Q7157,A0
Q7158,A0
Q7159,A0
Q7160,A0
Q7161,A0
Q7162,A0
Q7163,A0
Q7164,A0
Q7165,A0
Q7166,A0
Q7167,A0
Q7168,A0
Q7169,A0
Q7170,A0
Q7171,A0
Q7172,A0
Q7173,A0
Q7174,A0
Q7175,A0
Q7176,A0
Q7177,A0
Q7178,A0
Q7179,A0
Q7180,A0
Q7181,A0
Q7182,A0
Q7183,A0
Q7184,A0
Q7185,A0
Q7186,A0
Q7187,A0
Q7188,A0
Q7189,A0
Q7190,A0
Q7191,A0
Q7192,A0
Q7193,A0
Q7194,A0
Q7195,A0
Q7196,A0
Q7197,A0
Q7198,A0
Q7199,A0
Q7200,A0
Q7201,A0
Q7202,A0
Q7203,A0
Q7204,A0
Q7205,A0
Q7206,A0
Q7207,A0
Q7208,A0
Q7209,A0
Q7210,A0
Q7211,A0
Q7212,A0
Q7213,A0
Q7214,A0
Q7215,A0
Q7216,A0
Q7217,A0
Q7218,A0
Q7219,A0
Q7220,A0
Q7221,A0
Q7222,A0
Q7223,A0
Q7224,A0
Q7225,A0
Q7226,A0
Q7227,A0
Q7228,A0
Q7229,A0
Q7230,A0
Q7231,A0
Q7232,A0
Q7233,A0
Q7234,A0
Q7235,A0
Q7236,A0
Q7237,A0
Q7238,A0
Q7239,A0
Q7240,A0
Q7241,A0
Q7242,A0
Q7243,A0
Q7244,A0
Q7245,A0
Q7246,A0
Q7247,A0
Q7248,A0
Q7249,A0
Q7250,A0
Q7251,A0
Q7252,A0
Q7253,A0
Q7254,A0
Q7255,A0
Q7256,A0
Q7257,A0
Q7258,A0
Q7259,A0
Q7260,A0
Q7261,A0
Q7262,A0
Q7263,A0
Q7264,A0
Q7265,A0
Q7266,A0
Q7267,A0
Q7268,A0
Q7269,A0
Q7270,A0
Q7271,A0
Q7272,A0
Q7273,A0
Q7274,A0
Q7275,A0
Q7276,A0
Q7277,A0
Q7278,A0
Q7279,A0
Q7280,A0
Q7281,A0
Q7282,A0
Q7283,A0
Q7284,A0
Q7285,A0
Q7286,A0
Q7287,A0
Q7288,A0
Q7289,A0
Q7290,A0
Q7291,A0
Q7292,A0
Q7293,A0
Q7294,A0
Q7295,A0
Q7296,A0
Q7297,A0
Q7298,A0
Q7299,A0
Q7300,A0
Q7301,A0
Q7302,A0
Q7303,A0
Q7304,A0
Q7305,A0
Q7306,A0
Q7307,A0
Q7308,A0
Q7309,A0
Q7310,A0
Q7311,A0
Q7312,A0
Q7313,A0
Q7314,A0
Q7315,A0
Q7316,A0
Q7317,A0
Q7318,A0
Q7319,A0
Q7320,A0
Q7321,A0
Q7322,A0
Q7323,A0
Q7324,A0
Q7325,A0
Q7326,A0
Q7327,A0
Q7328,A0
Q7329,A0
Q7330,A0
Q7331,A0
Q7332,A0
Q7333,A0
Q7334,A0
Q7335,A0
Q7336,A0
Q7337,A0
Q7338,A0
Q7339,A0
Q7340,A0
Q7341,A0
Q7342,A0
Q7343,A0
Q7344,A0
Q7345,A0
Q7346,A0
Q7347,A0
Q7348,A0
Q7349,A0
Q7350,A0
Q7351,A0
Q7352,A0
Q7353,A0
Q7354,A0
Q7355,A0
Q7356,A0
Q7357,A0
Q7358,A0
Q7359,A0
Q7360,A0
Q7361,A0
Q7362,A0
Q7363,A0
Q7364,A0
Q7365,A0
Q7366,A0
Q7367,A0
Q7368,A0
Q7369,A0
Q7370,A0
Q7371,A0
Q7372,A0
Q7373,A0
Q7374,A0
Q7375,A0
Q7376,A0
Q7377,A0
Q7378,A0
Q7379,A0
Q7380,A0
Q7381,A0
Q7382,A0
Q7383,A0
Q7384,A0
Q7385,A0
Q7386,A0
Q7387,A0
Q7388,A0
Q7389,A0
Q7390,A0
Q7391,A0
Q7392,A0
Q7393,A0
Q7394,A0
Q7395,A0
Q7396,A0
Q7397,A0
Q7398,A0
Q7399,A0
Q7400,A0
Q7401,A0
Q7402,A0
Q7403,A0
Q7404,A0
Q7405,A0
Q7406,A0
Q7407,A0
Q7408,A0
Q7409,A0
Q7410,A0
Q7411,A0
Q7412,A0
Q7413,A0
Q7414,A0
Q7415,A0
Q7416,A0
Q7417,A0
Q7418,A0
Q7419,A0
Q7420,A0
Q7421,A0
Q7422,A0
Q7423,A0
Q7424,A0
Q7425,A0
Q7426,A0
Q7427,A0
Q7428,A0
Q7429,A0
Q7430,A0
Q7431,A0
Q7432,A0
Q7433,A0
Q7434,A0
Q7435,A0
Q7436,A0
Q7437,A0
Q7438,A0
Q7439,A0
Q7440,A0
Q7441,A0
Q7442,A0
Q7443,A0
Q7444,A0
Q7445,A0
Q7446,A0
Q7447,A0
Q7448,A0
Q7449,A0
Q7450,A0
Q7451,A0
Q7452,A0
Q7453,A0
Q7454,A0
Q7455,A0
Q7456,A0
Q7457,A0
Q7458,A0
Q7459,A0
Q7460,A0
Q7461,A0
Q7462,A0
Q7463,A0
Q7464,A0
Q7465,A0
Q7466,A0
Q7467,A0
Q7468,A0
Q7469,A0
Q7470,A0
Q7471,A0
Q7472,A0
Q7473,A0
Q7474,A0
Q7475,A0
Q7476,A0
Q7477,A0
Q7478,A0
Q7479,A0
Q7480,A0
Q7481,A0
Q7482,A0
Q7483,A0
Q7484,A0
Q7485,A0
Q7486,A0
Q7487,A0
Q7488,A0
Q7489,A0
Q7490,A0
Q7491,A0
Q7492,A0
Q7493,A0
Q7494,A0
Q7495,A0
Q7496,A0
Q7497,A0
Q7498,A0
Q7499,A0
Q7500,A0
Q7501,A0
Q7502,A0
Q7503,A0
Q7504,A0
Q7505,A0
Q7506,A0
Q7507,A0
Q7508,A0
Q7509,A0
Q7510,A0
Q7511,A0
Q7512,A0
Q7513,A0
Q7514,A0
Q7515,A0
Q7516,A0
Q7517,A0
Q7518,A0
Q7519,A0
Q7520,A0
Q7521,A0
Q7522,A0
Q7523,A0
Q7524,A0
Q7525,A0
Q7526,A0
Q7527,A0
Q7528,A0
Q7529,A0
Q7530,A0
Q7531,A0
Q7532,A0
Q7533,A0
Q7534,A0
Q7535,A0
Q7536,A0
Q7537,A0
Q7538,A0
Q7539,A0
Q7540,A0
Q7541,A0
Q7542,A0
Q7543,A0
Q7544,A0
Q7545,A0
Q7546,A0
Q7547,A0
Q7548,A0
Q7549,A0
Q7550,A0
Q7551,A0
Q7552,A0
Q7553,A0
Q7554,A0
Q7555,A0
Q7556,A0
Q7557,A0
Q7558,A0
Q7559,A0
Q7560,A0
Q7561,A0
Q7562,A0
Q7563,A0
Q7564,A0
Q7565,A0
Q7566,A0
Q7567,A0
Q7568,A0
Q7569,A0
Q7570,A0
Q7571,A0
Q7572,A0
Q7573,A0
Q7574,A0
Q7575,A0
Q7576,A0
Q7577,A0
Q7578,A0
Q7579,A0
Q7580,A0
Q7581,A0
Q7582,A0
Q7583,A0
Q7584,A0
Q7585,A0
Q7586,A0
Q7587,A0
Q7588,A0
Q7589,A0
Q7590,A0
Q7591,A0
Q7592,A0
Q7593,A0
Q7594,A0
Q7595,A0
Q7596,A0
Q7597,A0
Q7598,A0
Q7599,A0
Q7600,A0
Q7601,A0
Q7602,A0
Q7603,A0
Q7604,A0
Q7605,A0
Q7606,A0
Q7607,A0
Q7608,A0
Q7609,A0
Q7610,A0
Q7611,A0
Q7612,A0
Q7613,A0
Q7614,A0
Q7615,A0
Q7616,A0
Q7617,A0
Q7618,A0
Q7619,A0
Q7620,A0
Q7621,A0
Q7622,A0
Q7623,A0
Q7624,A0
Q7625,A0
Q7626,A0
Q7627,A0
Q7628,A0
Q7629,A0
Q7630,A0
Q7631,A0
Q7632,A0
Q7633,A0
Q7634,A0
Q7635,A0
Q7636,A0
Q7637,A0
Q7638,A0
Q7639,A0
Q7640,A0
Q7641,A0
Q7642,A0
Q7643,A0
Q7644,A0
Q7645,A0
Q7646,A0
Q7647,A0
Q7648,A0
Q7649,A0
Q7650,A0
Q7651,A0
Q7652,A0
Q7653,A0
Q7654,A0
Q7655,A0
Q7656,A0
Q7657,A0
Q7658,A0
Q7659,A0
Q7660,A0
Q7661,A0
Q7662,A0
Q7663,A0
Q7664,A0
Q7665,A0
Q7666,A0
Q7667,A0
Q7668,A0
Q7669,A0
Q7670,A0
Q7671,A0
Q7672,A0
Q7673,A0
Q7674,A0
Q7675,A0
Q7676,A0
Q7677,A0
Q7678,A0
Q7679,A0
Q7680,A0
Q7681,A0
Q7682,A0
Q7683,A0
Q7684,A0
Q7685,A0
Q7686,A0
Q7687,A0
Q7688,A0
Q7689,A0
Q7690,A0
Q7691,A0
Q7692,A0
Q7693,A0
Q7694,A0
Q7695,A0
Q7696,A0
Q7697,A0
Q7698,A0
Q7699,A0
Q7700,A0
Q7701,A0
Q7702,A0
Q7703,A0
Q7704,A0
Q7705,A0
Q7706,A0
Q7707,A0
Q7708,A0
Q7709,A0
Q7710,A0
Q7711,A0
Q7712,A0
Q7713,A0
Q7714,A0
Q7715,A0
Q7716,A0
Q7717,A0
Q7718,A0
Q7719,A0
Q7720,A0
Q7721,A0
Q7722,A0
Q7723,A0
Q7724,A0
Q7725,A0
Q7726,A0
Q7727,A0
Q7728,A0
Q7729,A0
Q7730,A0
Q7731,A0
Q7732,A0
Q7733,A0
Q7734,A0
Q7735,A0
Q7736,A0
Q7737,A0
Q7738,A0
Q7739,A0
Q7740,A0
Q7741,A0
Q7742,A0
Q7743,A0
Q7744,A0
Q7745,A0
Q7746,A0
Q7747,A0
Q7748,A0
Q7749,A0
Q7750,A0
Q7751,A0
Q7752,A0
Q7753,A0
Q7754,A0
Q7755,A0
Q7756,A0
Q7757,A0
Q7758,A0
Q7759,A0
Q7760,A0
Q7761,A0
Q7762,A0
Q7763,A0
Q7764,A0
Q7765,A0
Q7766,A0
Q7767,A0
Q7768,A0
Q7769,A0
Q7770,A0
Q7771,A0
Q7772,A0
Q7773,A0
Q7774,A0
Q7775,A0
Q7776,A0
Q7777,A0
Q7778,A0
Q7779,A0
Q7780,A0
Q7781,A0
Q7782,A0
Q7783,A0
Q7784,A0
Q7785,A0
Q7786,A0
Q7787,A0
Q7788,A0
Q7789,A0
Q7790,A0
Q7791,A0
Q7792,A0
Q7793,A0
Q7794,A0
Q7795,A0
Q7796,A0
Q7797,A0
Q7798,A0
Q7799,A0
Q7800,A0
Q7801,A0
Q7802,A0
Q7803,A0
Q7804,A0
Q7805,A0
Q7806,A0
Q7807,A0
Q7808,A0
Q7809,A0
Q7810,A0
Q7811,A0
Q7812,A0
Q7813,A0
Q7814,A0
Q7815,A0
Q7816,A0
Q7817,A0
Q7818,A0
Q7819,A0
Q7820,A0
Q7821,A0
Q7822,A0
Q7823,A0
Q7824,A0
Q7825,A0
Q7826,A0
Q7827,A0
Q7828,A0
Q7829,A0
Q7830,A0
Q7831,A0
Q7832,A0
Q7833,A0
Q7834,A0
Q7835,A0
Q7836,A0
Q7837,A0
Q7838,A0
Q7839,A0
Q7840,A0
Q7841,A0
Q7842,A0
Q7843,A0
Q7844,A0
Q7845,A0
Q7846,A0
Q7847,A0
Q7848,A0
Q7849,A0
Q7850,A0
Q7851,A0
Q7852,A0
Q7853,A0
Q7854,A0
Q7855,A0
Q7856,A0
Q7857,A0
Q7858,A0
Q7859,A0
Q7860,A0
Q7861,A0
Q7862,A0
Q7863,A0
Q7864,A0
Q7865,A0
Q7866,A0
Q7867,A0
Q7868,A0
Q7869,A0
Q7870,A0
Q7871,A0
Q7872,A0
Q7873,A0
Q7874,A0
Q7875,A0
Q7876,A0
Q7877,A0
Q7878,A0
Q7879,A0
Q7880,A0
Q7881,A0
Q7882,A0
Q7883,A0
Q7884,A0
Q7885,A0
Q7886,A0
Q7887,A0
Q7888,A0
Q7889,A0
Q7890,A0
Q7891,A0
Q7892,A0
Q7893,A0
Q7894,A0
Q7895,A0
Q7896,A0
Q7897,A0
Q7898,A0
Q7899,A0
Q7900,A0
Q7901,A0
Q7902,A0
Q7903,A0
Q7904,A0
Q7905,A0
Q7906,A0
Q7907,A0
Q7908,A0
Q7909,A0
Q7910,A0
Q7911,A0
Q7912,A0
Q7913,A0
Q7914,A0
Q7915,A0
Q7916,A0
Q7917,A0
Q7918,A0
Q7919,A0
Q7920,A0
Q7921,A0
Q7922,A0
Q7923,A0
Q7924,A0
Q7925,A0
Q7926,A0
Q7927,A0
Q7928,A0
Q7929,A0
Q7930,A0
Q7931,A0
Q7932,A0
Q7933,A0
Q7934,A0
Q7935,A0
Q7936,A0
Q7937,A0
Q7938,A0
Q7939,A0
Q7940,A0
Q7941,A0
Q7942,A0
Q7943,A0
Q7944,A0
Q7945,A0
Q7946,A0
Q7947,A0
Q7948,A0
Q7949,A0
Q7950,A0
Q7951,A0
Q7952,A0
Q7953,A0
Q7954,A0
Q7955,A0
Q7956,A0
Q7957,A0
Q7958,A0
Q7959,A0
Q7960,A0
Q7961,A0
Q7962,A0
Q7963,A0
Q7964,A0
Q7965,A0
Q7966,A0
Q7967,A0
Q7968,A0
Q7969,A0
Q7970,A0
Q7971,A0
Q7972,A0
Q7973,A0
Q7974,A0
Q7975,A0
Q7976,A0
Q7977,A0
Q7978,A0
Q7979,A0
Q7980,A0
Q7981,A0
Q7982,A0
Q7983,A0
Q7984,A0
Q7985,A0
Q7986,A0
Q7987,A0
Q7988,A0
Q7989,A0
Q7990,A0
Q7991,A0
Q7992,A0
Q7993,A0
Q7994,A0
Q7995,A0
Q7996,A0
Q7997,A0
Q7998,A0
Q7999,A0
Q8000,A0
Q8001,A0
Q8002,A0
Q8003,A0
Q8004,A0
Q8005,A0
Q8006,A0
Q8007,A0
Q8008,A0
Q8009,A0
Q8010,A0
Q8011,A0
Q8012,A0
Q8013,A0
Q8014,A0
Q8015,A0
Q8016,A0
Q8017,A0
Q8018,A0
Q8019,A0
Q8020,A0
Q8021,A0
Q8022,A0
Q8023,A0
Q8024,A0
Q8025,A0
Q8026,A0
Q8027,A0
Q8028,A0
Q8029,A0
Q8030,A0
Q8031,A0
Q8032,A0
Q8033,A0
Q8034,A0
Q8035,A0
Q8036,A0
Q8037,A0
Q8038,A0
Q8039,A0
Q8040,A0
Q8041,A0
Q8042,A0
Q8043,A0
Q8044,A0
Q8045,A0
Q8046,A0
Q8047,A0
Q8048,A0
Q8049,A0
Q8050,A0
Q8051,A0
Q8052,A0
Q8053,A0
Q8054,A0
Q8055,A0
Q8056,A0
Q8057,A0
Q8058,A0
Q8059,A0
Q8060,A0
Q8061,A0
Q8062,A0
Q8063,A0
Q8064,A0
Q8065,A0
Q8066,A0
Q8067,A0
Q8068,A0
Q8069,A0
Q8070,A0
Q8071,A0
Q8072,A0
Q8073,A0
Q8074,A0
Q8075,A0
Q8076,A0
Q8077,A0
Q8078,A0
Q8079,A0
Q8080,A0
Q8081,A0
Q8082,A0
Q8083,A0
Q8084,A0
Q8085,A0
Q8086,A0
Q8087,A0
Q8088,A0
Q8089,A0
Q8090,A0
Q8091,A0
Q8092,A0
Q8093,A0
Q8094,A0
Q8095,A0
Q8096,A0
Q8097,A0
Q8098,A0
Q8099,A0
Q8100,A0
Q8101,A0
Q8102,A0
Q8103,A0
Q8104,A0
Q8105,A0
Q8106,A0
Q8107,A0
Q8108,A0
Q8109,A0
Q8110,A0
Q8111,A0
Q8112,A0
Q8113,A0
Q8114,A0
Q8115,A0
Q8116,A0
Q8117,A0
Q8118,A0
Q8119,A0
Q8120,A0
Q8121,A0
Q8122,A0
Q8123,A0
Q8124,A0
Q8125,A0
Q8126,A0
Q8127,A0
Q8128,A0
Q8129,A0
Q8130,A0
Q8131,A0
Q8132,A0
Q8133,A0
Q8134,A0
Q8135,A0
Q8136,A0
Q8137,A0
Q8138,A0
Q8139,A0
Q8140,A0
Q8141,A0
Q8142,A0
Q8143,A0
Q8144,A0
Q8145,A0
Q8146,A0
Q8147,A0
Q8148,A0
Q8149,A0
Q8150,A0
Q8151,A0
Q8152,A0
Q8153,A0
Q8154,A0
Q8155,A0
Q8156,A0
Q8157,A0
Q8158,A0
Q8159,A0
Q8160,A0
Q8161,A0
Q8162,A0
Q8163,A0
Q8164,A0
Q8165,A0
Q8166,A0
Q8167,A0
Q8168,A0
Q8169,A0
Q8170,A0
Q8171,A0
Q8172,A0
Q8173,A0
Q8174,A0
Q8175,A0
Q8176,A0
Q8177,A0
Q8178,A0
Q8179,A0
Q8180,A0
Q8181,A0
Q8182,A0
Q8183,A0
Q8184,A0
Q8185,A0
Q8186,A0
Q8187,A0
Q8188,A0
Q8189,A0
Q8190,A0
Q8191,A0
Q8192,A0
Q8193,A0
Q8194,A0
Q8195,A0
Q8196,A0
Q8197,A0
Q8198,A0
Q8199,A0
Q8200,A0
Q8201,A0
Q8202,A0
Q8203,A0
Q8204,A0
Q8205,A0
Q8206,A0
Q8207,A0
Q8208,A0
Q8209,A0
Q8210,A0
Q8211,A0
Q8212,A0
Q8213,A0
Q8214,A0
Q8215,A0
Q8216,A0
Q8217,A0
Q8218,A0
Q8219,A0
Q8220,A0
Q8221,A0
Q8222,A0
Q8223,A0
Q8224,A0
Q8225,A0
Q8226,A0
Q8227,A0
Q8228,A0
Q8229,A0
Q8230,A0
Q8231,A0
Q8232,A0
Q8233,A0
Q8234,A0
Q8235,A0
Q8236,A0
Q8237,A0
Q8238,A0
Q8239,A0
Q8240,A0
Q8241,A0
Q8242,A0
Q8243,A0
Q8244,A0
Q8245,A0
Q8246,A0
Q8247,A0
Q8248,A0
Q8249,A0
Q8250,A0
Q8251,A0
Q8252,A0
Q8253,A0
Q8254,A0
Q8255,A0
Q8256,A0
Q8257,A0
Q8258,A0
Q8259,A0
Q8260,A0
Q8261,A0
Q8262,A0
Q8263,A0
Q8264,A0
Q8265,A0
Q8266,A0
Q8267,A0
Q8268,A0
Q8269,A0
Q8270,A0
Q8271,A0
Q8272,A0
Q8273,A0
Q8274,A0
Q8275,A0
Q8276,A0
Q8277,A0
Q8278,A0
Q8279,A0
Q8280,A0
Q8281,A0
Q8282,A0
Q8283,A0
Q8284,A0
Q8285,A0
Q8286,A0
Q8287,A0
Q8288,A0
Q8289,A0
Q8290,A0
Q8291,A0
Q8292,A0
Q8293,A0
Q8294,A0
Q8295,A0
Q8296,A0
Q8297,A0
Q8298,A0
Q8299,A0
Q8300,A0
Q8301,A0
Q8302,A0
Q8303,A0
Q8304,A0
Q8305,A0
Q8306,A0
Q8307,A0
Q8308,A0
Q8309,A0
Q8310,A0
Q8311,A0
Q8312,A0
Q8313,A0
Q8314,A0
Q8315,A0
Q8316,A0
Q8317,A0
Q8318,A0
Q8319,A0
Q8320,A0
Q8321,A0
Q8322,A0
Q8323,A0
Q8324,A0
Q8325,A0
Q8326,A0
Q8327,A0
Q8328,A0
Q8329,A0
Q8330,A0
Q8331,A0
Q8332,A0
Q8333,A0
Q8334,A0
Q8335,A0
Q8336,A0
Q8337,A0
Q8338,A0
Q8339,A0
Q8340,A0
Q8341,A0
Q8342,A0
Q8343,A0
Q8344,A0
Q8345,A0
Q8346,A0
Q8347,A0
Q8348,A0
Q8349,A0
Q8350,A0
Q8351,A0
Q8352,A0
Q8353,A0
Q8354,A0
Q8355,A0
Q8356,A0
Q8357,A0
Q8358,A0
Q8359,A0
Q8360,A0
Q8361,A0
Q8362,A0
Q8363,A0
Q8364,A0
Q8365,A0
Q8366,A0
Q8367,A0
Q8368,A0
Q8369,A0
Q8370,A0
Q8371,A0
Q8372,A0
Q8373,A0
Q8374,A0
Q8375,A0
Q8376,A0
Q8377,A0
Q8378,A0
Q8379,A0
Q8380,A0
Q8381,A0
Q8382,A0
Q8383,A0
Q8384,A0
Q8385,A0
Q8386,A0
Q8387,A0
Q8388,A0
Q8389,A0
Q8390,A0
Q8391,A0
Q8392,A0
Q8393,A0
Q8394,A0
Q8395,A0
Q8396,A0
Q8397,A0
Q8398,A0
Q8399,A0
Q8400,A0
Q8401,A0
Q8402,A0
Q8403,A0
Q8404,A0
Q8405,A0
Q8406,A0
Q8407,A0
Q8408,A0
Q8409,A0
Q8410,A0
Q8411,A0
Q8412,A0
Q8413,A0
Q8414,A0
Q8415,A0
Q8416,A0
Q8417,A0
Q8418,A0
Q8419,A0
Q8420,A0
Q8421,A0
Q8422,A0
Q8423,A0
Q8424,A0
Q8425,A0
Q8426,A0
Q8427,A0
Q8428,A0
Q8429,A0
Q8430,A0
Q8431,A0
Q8432,A0
Q8433,A0
Q8434,A0
Q8435,A0
Q8436,A0
Q8437,A0
Q8438,A0
Q8439,A0
Q8440,A0
Q8441,A0
Q8442,A0
Q8443,A0
Q8444,A0
Q8445,A0
Q8446,A0
Q8447,A0
Q8448,A0
Q8449,A0
Q8450,A0
Q8451,A0
Q8452,A0
Q8453,A0
Q8454,A0
Q8455,A0
Q8456,A0
Q8457,A0
Q8458,A0
Q8459,A0
Q8460,A0
Q8461,A0
Q8462,A0
Q8463,A0
Q8464,A0
Q8465,A0
Q8466,A0
Q8467,A0
Q8468,A0
Q8469,A0
Q8470,A0
Q8471,A0
Q8472,A0
Q8473,A0
Q8474,A0
Q8475,A0
Q8476,A0
Q8477,A0
Q8478,A0
Q8479,A0
Q8480,A0
Q8481,A0
Q8482,A0
Q8483,A0
Q8484,A0
Q8485,A0
Q8486,A0
Q8487,A0
Q8488,A0
Q8489,A0
Q8490,A0
Q8491,A0
Q8492,A0
Q8493,A0
Q8494,A0
Q8495,A0
Q8496,A0
Q8497,A0
Q8498,A0
Q8499,A0
Q8500,A0
Q8501,A0
Q8502,A0
Q8503,A0
Q8504,A0
Q8505,A0
Q8506,A0
Q8507,A0
Q8508,A0
Q8509,A0
Q8510,A0
Q8511,A0
Q8512,A0
Q8513,A0
Q8514,A0
Q8515,A0
Q8516,A0
Q8517,A0
Q8518,A0
Q8519,A0
Q8520,A0
Q8521,A0
Q8522,A0
Q8523,A0
Q8524,A0
Q8525,A0
Q8526,A0
Q8527,A0
Q8528,A0
Q8529,A0
Q8530,A0
Q8531,A0
Q8532,A0
Q8533,A0
Q8534,A0
Q8535,A0
Q8536,A0
Q8537,A0
Q8538,A0
Q8539,A0
Q8540,A0
Q8541,A0
Q8542,A0
Q8543,A0
Q8544,A0
Q8545,A0
Q8546,A0
Q8547,A0
Q8548,A0
Q8549,A0
Q8550,A0
Q8551,A0
Q8552,A0
Q8553,A0
Q8554,A0
Q8555,A0
Q8556,A0
Q8557,A0
Q8558,A0
Q8559,A0
Q8560,A0
Q8561,A0
Q8562,A0
Q8563,A0
Q8564,A0
Q8565,A0
Q8566,A0
Q8567,A0
Q8568,A0
Q8569,A0
Q8570,A0
Q8571,A0
Q8572,A0
Q8573,A0
Q8574,A0
Q8575,A0
Q8576,A0
Q8577,A0
Q8578,A0
Q8579,A0
Q8580,A0
Q8581,A0
Q8582,A0
Q8583,A0
Q8584,A0
Q8585,A0
Q8586,A0
Q8587,A0
Q8588,A0
Q8589,A0
Q8590,A0
Q8591,A0
Q8592,A0
Q8593,A0
Q8594,A0
Q8595,A0
Q8596,A0
Q8597,A0
Q8598,A0
Q8599,A0
Q8600,A0
Q8601,A0
Q8602,A0
Q8603,A0
Q8604,A0
Q8605,A0
Q8606,A0
Q8607,A0
Q8608,A0
Q8609,A0
Q8610,A0
Q8611,A0
Q8612,A0
Q8613,A0
Q8614,A0
Q8615,A0
Q8616,A0
Q8617,A0
Q8618,A0
Q8619,A0
Q8620,A0
Q8621,A0
Q8622,A0
Q8623,A0
Q8624,A0
Q8625,A0
Q8626,A0
Q8627,A0
Q8628,A0
Q8629,A0
Q8630,A0
Q8631,A0
Q8632,A0
Q8633,A0
Q8634,A0
Q8635,A0
Q8636,A0
Q8637,A0
Q8638,A0
Q8639,A0
Q8640,A0
Q8641,A0
Q8642,A0
Q8643,A0
Q8644,A0
Q8645,A0
Q8646,A0
Q8647,A0
Q8648,A0
Q8649,A0
Q8650,A0
Q8651,A0
Q8652,A0
Q8653,A0
Q8654,A0
Q8655,A0
Q8656,A0
Q8657,A0
Q8658,A0
Q8659,A0
Q8660,A0
Q8661,A0
Q8662,A0
Q8663,A0
Q8664,A0
Q8665,A0
Q8666,A0
Q8667,A0
Q8668,A0
Q8669,A0
Q8670,A0
Q8671,A0
Q8672,A0
Q8673,A0
Q8674,A0
Q8675,A0
Q8676,A0
Q8677,A0
Q8678,A0
Q8679,A0
Q8680,A0
Q8681,A0
Q8682,A0
Q8683,A0
Q8684,A0
Q8685,A0
Q8686,A0
Q8687,A0
Q8688,A0
Q8689,A0
Q8690,A0
Q8691,A0
Q8692,A0
Q8693,A0
Q8694,A0
Q8695,A0
Q8696,A0
Q8697,A0
Q8698,A0
Q8699,A0
Q8700,A0
Q8701,A0
Q8702,A0
Q8703,A0
Q8704,A0
Q8705,A0
Q8706,A0
Q8707,A0
Q8708,A0
Q8709,A0
Q8710,A0
Q8711,A0
Q8712,A0
Q8713,A0
Q8714,A1
Q8715,A1
Q8716,A1
Q8717,A1
Q8718,A1
Q8719,A1
Q8720,A1
Q8721,A1
Q8722,A1
Q8723,A1
Q8724,A1
Q8725,A1
Q8726,A1
Q8727,A1
Q8728,A1
Q8729,A1
Q8730,A1
Q8731,A1
Q8732,A1
Q8733,A1
Q8734,A1
Q8735,A1
Q8736,A1
Q8737,A1
Q8738,A1
Q8739,A1
Q8740,A1
Q8741,A1
Q8742,A1
Q8743,A1
Q8744,A1
Q8745,A1
Q8746,A1
Q8747,A1
Q8748,A1
Q8749,A1
Q8750,A1
Q8751,A1
Q8752,A1
Q8753,A1
Q8754,A1
Q8755,A1
Q8756,A1
Q8757,A1
Q8758,A1
Q8759,A1
Q8760,A1
Q8761,A1
Q8762,A1
Q8763,A1
Q8764,A1
Q8765,A1
Q8766,A1
Q8767,A1
Q8768,A1
Q8769,A1
Q8770,A1
Q8771,A1
Q8772,A1
Q8773,A1
Q8774,A1
Q8775,A1
Q8776,A1
Q8777,A1
Q8778,A1
Q8779,A1
Q8780,A1
Q8781,A1
Q8782,A1
Q8783,A1
Q8784,A1
Q8785,A1
Q8786,A1
Q8787,A1
Q8788,A1
Q8789,A1
Q8790,A1
Q8791,A1
Q8792,A1
Q8793,A1
Q8794,A1
Q8795,A1
Q8796,A1
Q8797,A1
Q8798,A1
Q8799,A1
Q8800,A1
Q8801,A1
Q8802,A1
Q8803,A1
Q8804,A1
Q8805,A1
Q8806,A1
Q8807,A1
Q8808,A1
Q8809,A1
Q8810,A1
Q8811,A1
Q8812,A1
Q8813,A1
Q8814,A1
Q8815,A1
Q8816,A1
Q8817,A1
Q8818,A1
Q8819,A1
Q8820,A1
Q8821,A1
Q8822,A1
Q8823,A1
Q8824,A1
Q8825,A1
Q8826,A1
Q8827,A1
Q8828,A1
Q8829,A1
Q8830,A1
Q8831,A1
Q8832,A1
Q8833,A1
Q8834,A1
Q8835,A1
Q8836,A1
Q8837,A1
Q8838,A1
Q8839,A1
Q8840,A1
Q8841,A1
Q8842,A1
Q8843,A1
Q8844,A1
Q8845,A1
Q8846,A1
Q8847,A1
Q8848,A1
Q8849,A1
Q8850,A1
Q8851,A1
Q8852,A1
Q8853,A1
Q8854,A1
Q8855,A1
Q8856,A1
Q8857,A1
Q8858,A1
Q8859,A1
Q8860,A1
Q8861,A1
Q8862,A1
Q8863,A1
Q8864,A1
Q8865,A1
Q8866,A1
Q8867,A1
Q8868,A1
Q8869,A1
Q8870,A1
Q8871,A1
Q8872,A1
Q8873,A1
Q8874,A1
Q8875,A1
Q8876,A1
Q8877,A1
Q8878,A1
Q8879,A1
Q8880,A1
Q8881,A1
Q8882,A1
Q8883,A1
Q8884,A1
Q8885,A1
Q8886,A1
Q8887,A1
Q8888,A1
Q8889,A1
Q8890,A1
Q8891,A1
Q8892,A1
Q8893,A1
Q8894,A1
Q8895,A1
Q8896,A1
Q8897,A1
Q8898,A1
Q8899,A1
Q8900,A1
Q8901,A1
Q8902,A1
Q8903,A1
Q8904,A1
Q8905,A1
Q8906,A1
Q8907,A1
Q8908,A1
Q8909,A1
Q8910,A1
Q8911,A1
Q8912,A1
Q8913,A1
Q8914,A1
Q8915,A1
Q8916,A1
Q8917,A1
Q8918,A1
Q8919,A1
Q8920,A1
Q8921,A1
Q8922,A1
Q8923,A1
Q8924,A1
Q8925,A1
Q8926,A1
Q8927,A1
Q8928,A1
Q8929,A1
Q8930,A1
Q8931,A1
Q8932,A1
Q8933,A1
Q8934,A1
Q8935,A1
Q8936,A1
Q8937,A1
Q8938,A1
Q8939,A1
Q8940,A1
Q8941,A1
Q8942,A1
Q8943,A1
Q8944,A1
Q8945,A1
Q8946,A1
Q8947,A1
Q8948,A1
Q8949,A1
Q8950,A1
Q8951,A1
Q8952,A1
Q8953,A1
Q8954,A1
Q8955,A1
Q8956,A1
Q8957,A1
Q8958,A1
Q8959,A1
Q8960,A1
Q8961,A1
Q8962,A1
Q8963,A1
Q8964,A1
Q8965,A1
Q8966,A1
Q8967,A1
Q8968,A1
Q8969,A1
Q8970,A1
Q8971,A1
Q8972,A1
Q8973,A1
Q8974,A1
Q8975,A1
Q8976,A1
Q8977,A1
Q8978,A1
Q8979,A1
Q8980,A1
Q8981,A1
Q8982,A1
Q8983,A1
Q8984,A1
Q8985,A1
Q8986,A1
Q8987,A1
Q8988,A1
Q8989,A1
Q8990,A1
Q8991,A1
Q8992,A1
Q8993,A1
Q8994,A1
Q8995,A1
Q8996,A1
Q8997,A1
Q8998,A1
Q8999,A1
Q9000,A1
Q9001,A1
Q9002,A1
Q9003,A1
Q9004,A1
Q9005,A1
Q9006,A1
Q9007,A1
Q9008,A1
Q9009,A1
Q9010,A1
Q9011,A1
Q9012,A1
Q9013,A1
Q9014,A1
Q9015,A1
Q9016,A1
Q9017,A1
Q9018,A1
Q9019,A1
Q9020,A1
Q9021,A1
Q9022,A1
Q9023,A1
Q9024,A1
Q9025,A1
Q9026,A1
Q9027,A1
Q9028,A1
Q9029,A1
Q9030,A1
Q9031,A1
Q9032,A1
Q9033,A1
Q9034,A1
Q9035,A1
Q9036,A1
Q9037,A1
Q9038,A1
Q9039,A1
Q9040,A1
Q9041,A1
Q9042,A1
Q9043,A1
Q9044,A1
Q9045,A1
Q9046,A1
Q9047,A1
Q9048,A1
Q9049,A1
Q9050,A1
Q9051,A1
Q9052,A1
Q9053,A1
Q9054,A1
Q9055,A1
Q9056,A1
Q9057,A1
Q9058,A1
Q9059,A1
Q9060,A1
Q9061,A1
Q9062,A1
Q9063,A1
Q9064,A1
Q9065,A1
Q9066,A1
Q9067,A1
Q9068,A1
Q9069,A1
Q9070,A1
Q9071,A1
Q9072,A1
Q9073,A1
Q9074,A1
Q9075,A1
Q9076,A1
Q9077,A1
Q9078,A1
Q9079,A1
Q9080,A1
Q9081,A1
Q9082,A1
Q9083,A1
Q9084,A1
Q9085,A1
Q9086,A1
Q9087,A1
Q9088,A1
Q9089,A1
Q9090,A1
Q9091,A1
Q9092,A1
Q9093,A1
Q9094,A1
Q9095,A1
Q9096,A1
Q9097,A1
Q9098,A1
Q9099,A1
Q9100,A1
Q9101,A1
Q9102,A1
Q9103,A1
Q9104,A1
Q9105,A1
Q9106,A1
Q9107,A1
Q9108,A1
Q9109,A1
Q9110,A1
Q9111,A1
Q9112,A1
Q9113,A1
Q9114,A1
Q9115,A1
Q9116,A1
Q9117,A1
Q9118,A1
Q9119,A1
Q9120,A1
Q9121,A1
Q9122,A1
Q9123,A1
Q9124,A1
Q9125,A1
Q9126,A1
Q9127,A1
Q9128,A1
Q9129,A1
Q9130,A1
Q9131,A1
Q9132,A1
Q9133,A1
Q9134,A1
Q9135,A1
Q9136,A1
Q9137,A1
Q9138,A1
Q9139,A1
Q9140,A1
Q9141,A1
Q9142,A1
Q9143,A1
Q9144,A1
Q9145,A1
Q9146,A1
Q9147,A1
Q9148,A1
Q9149,A1
Q9150,A1
Q9151,A1
Q9152,A1
Q9153,A1
Q9154,A1
Q9155,A1
Q9156,A1
Q9157,A1
Q9158,A1
Q9159,A1
Q9160,A1
Q9161,A1
Q9162,A1
Q9163,A1
Q9164,A1
Q9165,A1
Q9166,A1
Q9167,A1
Q9168,A1
Q9169,A1
Q9170,A1
Q9171,A1
Q9172,A1
Q9173,A1
Q9174,A1
Q9175,A1
Q9176,A1
Q9177,A1
Q9178,A1
Q9179,A1
Q9180,A1
Q9181,A1
Q9182,A1
Q9183,A1
Q9184,A1
Q9185,A1
Q9186,A1
Q9187,A1
Q9188,A1
Q9189,A1
Q9190,A1
Q9191,A1
Q9192,A1
Q9193,A1
Q9194,A1
Q9195,A1
Q9196,A1
Q9197,A1
Q9198,A1
Q9199,A1
Q9200,A1
Q9201,A1
Q9202,A1
Q9203,A1
Q9204,A1
Q9205,A1
Q9206,A1
Q9207,A1
Q9208,A1
Q9209,A1
Q9210,A1
Q9211,A1
Q9212,A1
Q9213,A1
Q9214,A1
Q9215,A1
Q9216,A1
Q9217,A1
Q9218,A1
Q9219,A1
Q9220,A1
Q9221,A1
Q9222,A1
Q9223,A1
Q9224,A1
Q9225,A1
Q9226,A1
Q9227,A1
Q9228,A1
Q9229,A1
Q9230,A1
Q9231,A1
Q9232,A1
Q9233,A1
Q9234,A1
Q9235,A1
Q9236,A1
Q9237,A1
Q9238,A1
Q9239,A1
Q9240,A1
Q9241,A1
Q9242,A1
Q9243,A1
Q9244,A1
Q9245,A1
Q9246,A1
Q9247,A1
Q9248,A1
Q9249,A1
Q9250,A1
Q9251,A1
Q9252,A1
Q9253,A1
Q9254,A1
Q9255,A1
Q9256,A1
Q9257,A1
Q9258,A1
Q9259,A1
Q9260,A1
Q9261,A1
Q9262,A1
Q9263,A1
Q9264,A1
Q9265,A1
Q9266,A1
Q9267,A1
Q9268,A1
Q9269,A1
Q9270,A1
Q9271,A1
Q9272,A1
Q9273,A1
Q9274,A1
Q9275,A1
Q9276,A1
Q9277,A1
Q9278,A1
Q9279,A1
Q9280,A1
Q9281,A1
Q9282,A1
Q9283,A1
Q9284,A1
Q9285,A1
Q9286,A1
Q9287,A1
Q9288,A1
Q9289,A1
Q9290,A1
Q9291,A1
Q9292,A1
Q9293,A1
Q9294,A1
Q9295,A1
Q9296,A1
Q9297,A1
Q9298,A1
Q9299,A1
Q9300,A1
Q9301,A1
Q9302,A1
Q9303,A1
Q9304,A1
Q9305,A1
Q9306,A1
Q9307,A1
Q9308,A1
Q9309,A1
Q9310,A1
Q9311,A1
Q9312,A1
Q9313,A1
Q9314,A1
Q9315,A1
Q9316,A1
Q9317,A1
Q9318,A1
Q9319,A1
Q9320,A1
Q9321,A1
Q9322,A1
Q9323,A1
Q9324,A1
Q9325,A1
Q9326,A1
Q9327,A1
Q9328,A1
Q9329,A1
Q9330,A1
Q9331,A1
Q9332,A1
Q9333,A1
Q9334,A1
Q9335,A1
Q9336,A1
Q9337,A1
Q9338,A1
Q9339,A1
Q9340,A1
Q9341,A1
Q9342,A1
Q9343,A1
Q9344,A1
Q9345,A1
Q9346,A1
Q9347,A1
Q9348,A1
Q9349,A1
Q9350,A1
Q9351,A1
Q9352,A1
Q9353,A1
Q9354,A1
Q9355,A1
Q9356,A1
Q9357,A1
Q9358,A1
Q9359,A1
Q9360,A1
Q9361,A1
Q9362,A1
Q9363,A1
Q9364,A1
Q9365,A1
Q9366,A1
Q9367,A1
Q9368,A1
Q9369,A1
Q9370,A1
Q9371,A1
Q9372,A1
Q9373,A1
Q9374,A1
Q9375,A1
Q9376,A1
Q9377,A1
Q9378,A1
Q9379,A1
Q9380,A1
Q9381,A1
Q9382,A1
Q9383,A1
Q9384,A1
Q9385,A1
Q9386,A1
Q9387,A1
Q9388,A1
Q9389,A1
Q9390,A1
Q9391,A1
Q9392,A1
Q9393,A1
Q9394,A1
Q9395,A1
Q9396,A1
Q9397,A1
Q9398,A1
Q9399,A1
Q9400,A1
Q9401,A1
Q9402,A1
Q9403,A1
Q9404,A1
Q9405,A1
Q9406,A1
Q9407,A1
Q9408,A1
Q9409,A1
Q9410,A1
Q9411,A1
Q9412,A1
Q9413,A1
Q9414,A1
Q9415,A1
Q9416,A1
Q9417,A1
Q9418,A1
Q9419,A1
Q9420,A1
Q9421,A1
Q9422,A1
Q9423,A1
Q9424,A1
Q9425,A1
Q9426,A1
Q9427,A1
Q9428,A1
Q9429,A1
Q9430,A1
Q9431,A1
Q9432,A1
Q9433,A1
Q9434,A1
Q9435,A1
Q9436,A1
Q9437,A1
Q9438,A1
Q9439,A1
Q9440,A1
Q9441,A1
Q9442,A1
Q9443,A1
Q9444,A1
Q9445,A1
Q9446,A1
Q9447,A1
Q9448,A1
Q9449,A1
Q9450,A1
Q9451,A1
Q9452,A1
Q9453,A1
Q9454,A1
Q9455,A1
Q9456,A1
Q9457,A1
Q9458,A1
Q9459,A1
Q9460,A1
Q9461,A1
Q9462,A1
Q9463,A1
Q9464,A1
Q9465,A1
Q9466,A1
Q9467,A1
Q9468,A1
Q9469,A1
Q9470,A1
Q9471,A1
Q9472,A1
Q9473,A1
Q9474,A1
Q9475,A1
Q9476,A1
Q9477,A1
Q9478,A1
Q9479,A1
Q9480,A1
Q9481,A1
Q9482,A1
Q9483,A1
Q9484,A1
Q9485,A1
Q9486,A1
Q9487,A1
Q9488,A1
Q9489,A1
Q9490,A1
Q9491,A1
Q9492,A1
Q9493,A1
Q9494,A1
Q9495,A1
Q9496,A1
Q9497,A1
Q9498,A1
Q9499,A1
Q9500,A1
Q9501,A1
Q9502,A1
Q9503,A1
Q9504,A1
Q9505,A1
Q9506,A1
Q9507,A1
Q9508,A1
Q9509,A1
Q9510,A1
Q9511,A1
Q9512,A1
Q9513,A1
Q9514,A1
Q9515,A1
Q9516,A1
Q9517,A1
Q9518,A1
Q9519,A1
Q9520,A1
Q9521,A1
Q9522,A1
Q9523,A1
Q9524,A1
Q9525,A1
Q9526,A1
Q9527,A1
Q9528,A1
Q9529,A1
Q9530,A1
Q9531,A1
Q9532,A1
Q9533,A1
Q9534,A1
Q9535,A1
Q9536,A1
Q9537,A1
Q9538,A1
Q9539,A1
Q9540,A1
Q9541,A1
Q9542,A1
Q9543,A1
Q9544,A1
Q9545,A1
Q9546,A1
Q9547,A1
Q9548,A1
Q9549,A1
Q9550,A1
Q9551,A1
Q9552,A1
Q9553,A1
Q9554,A1
Q9555,A1
Q9556,A1
Q9557,A1
Q9558,A1
Q9559,A1
Q9560,A1
Q9561,A1
Q9562,A1
Q9563,A1
Q9564,A1
Q9565,A1
Q9566,A1
Q9567,A1
Q9568,A1
Q9569,A1
Q9570,A1
Q9571,A1
Q9572,A1
Q9573,A1
Q9574,A1
Q9575,A1
Q9576,A1
Q9577,A1
Q9578,A1
Q9579,A1
Q9580,A1
Q9581,A1
Q9582,A1
Q9583,A1
Q9584,A1
Q9585,A1
Q9586,A1
Q9587,A1
Q9588,A1
Q9589,A1
Q9590,A1
Q9591,A1
Q9592,A1
Q9593,A1
Q9594,A1
Q9595,A1
Q9596,A1
Q9597,A1
Q9598,A1
Q9599,A1
Q9600,A1
Q9601,A1
Q9602,A1
Q9603,A1
Q9604,A1
Q9605,A1
Q9606,A1
Q9607,A1
Q9608,A1
Q9609,A1
Q9610,A1
Q9611,A1
Q9612,A1
Q9613,A1
Q9614,A1
Q9615,A1
Q9616,A1
Q9617,A1
Q9618,A1
Q9619,A1
Q9620,A1
Q9621,A1
Q9622,A1
Q9623,A1
Q9624,A1
Q9625,A1
Q9626,A1
Q9627,A1
Q9628,A1
Q9629,A1
Q9630,A1
Q9631,A1
Q9632,A1
Q9633,A1
Q9634,A1
Q9635,A1
Q9636,A1
Q9637,A1
Q9638,A1
Q9639,A1
Q9640,A1
Q9641,A1
Q9642,A1
Q9643,A1
Q9644,A1
Q9645,A1
Q9646,A1
Q9647,A1
Q9648,A1
Q9649,A1
Q9650,A1
Q9651,A1
Q9652,A1
Q9653,A1
Q9654,A1
Q9655,A1
Q9656,A1
Q9657,A1
Q9658,A1
Q9659,A1
Q9660,A1
Q9661,A1
Q9662,A1
Q9663,A1
Q9664,A1
Q9665,A1
Q9666,A1
Q9667,A1
Q9668,A1
Q9669,A1
Q9670,A2
Q9671,A2
Q9672,A2
Q9673,A2
Q9674,A2
Q9675,A2
Q9676,A2
Q9677,A2
Q9678,A2
Q9679,A2
Q9680,A2
Q9681,A2
Q9682,A2
Q9683,A2
Q9684,A2
Q9685,A2
Q9686,A2
Q9687,A2
Q9688,A2
Q9689,A2
Q9690,A2
Q9691,A2
Q9692,A2
Q9693,A2
Q9694,A2
Q9695,A2
Q9696,A2
Q9697,A2
Q9698,A2
Q9699,A2
Q9700,A2
Q9701,A2
Q9702,A2
Q9703,A2
Q9704,A2
Q9705,A2
Q9706,A2
Q9707,A2
Q9708,A2
Q9709,A2
Q9710,A2
Q9711,A2
Q9712,A2
Q9713,A2
Q9714,A2
Q9715,A2
Q9716,A2
Q9717,A2
Q9718,A2
Q9719,A2
Q9720,A2
Q9721,A2
Q9722,A2
Q9723,A2
Q9724,A2
Q9725,A2
Q9726,A2
Q9727,A2
Q9728,A2
Q9729,A2
Q9730,A2
Q9731,A2
Q9732,A2
Q9733,A2
Q9734,A2
Q9735,A2
Q9736,A2
Q9737,A2
Q9738,A2
Q9739,A2
Q9740,A2
Q9741,A2
Q9742,A2
Q9743,A2
Q9744,A2
Q9745,A2
Q9746,A2
Q9747,A2
Q9748,A2
Q9749,A2
Q9750,A2
Q9751,A2
Q9752,A2
Q9753,A2
Q9754,A2
Q9755,A2
Q9756,A2
Q9757,A2
Q9758,A2
Q9759,A2
Q9760,A2
Q9761,A2
Q9762,A2
Q9763,A2
Q9764,A2
Q9765,A2
Q9766,A2
Q9767,A2
Q9768,A2
Q9769,A2
Q9770,A2
Q9771,A2
Q9772,A2
Q9773,A2
Q9774,A2
Q9775,A2
Q9776,A2
Q9777,A2
Q9778,A2
Q9779,A2
Q9780,A2
Q9781,A2
Q9782,A2
Q9783,A2
Q9784,A2
Q9785,A2
Q9786,A2
Q9787,A2
Q9788,A2
Q9789,A2
Q9790,A2
Q9791,A2
Q9792,A2
Q9793,A2
Q9794,A2
Q9795,A2
Q9796,A2
Q9797,A2
Q9798,A2
Q9799,A2
Q9800,A2
Q9801,A2
Q9802,A2
Q9803,A2
Q9804,A2
Q9805,A2
Q9806,A2
Q9807,A2
Q9808,A2
Q9809,A2
Q9810,A2
Q9811,A2
Q9812,A2
Q9813,A2
Q9814,A2
Q9815,A2
Q9816,A2
Q9817,A2
Q9818,A2
Q9819,A2
Q9820,A2
Q9821,A2
Q9822,A2
Q9823,A2
Q9824,A2
Q9825,A2
Q9826,A2
Q9827,A2
Q9828,A2
Q9829,A2
Q9830,A2
Q9831,A2
Q9832,A2
Q9833,A2
Q9834,A2
Q9835,A2
Q9836,A2
Q9837,A2
Q9838,A2
Q9839,A2
Q9840,A2
Q9841,A2
Q9842,A2
Q9843,A2
Q9844,A2
Q9845,A2
Q9846,A2
Q9847,A2
Q9848,A2
Q9849,A2
Q9850,A2
Q9851,A2
Q9852,A2
Q9853,A2
Q9854,A2
Q9855,A2
Q9856,A2
Q9857,A2
Q9858,A2
Q9859,A2
Q9860,A2
Q9861,A2
Q9862,A2
Q9863,A2
Q9864,A2
Q9865,A2
Q9866,A2
Q9867,A2
Q9868,A2
Q9869,A2
Q9870,A2
Q9871,A2
Q9872,A2
Q9873,A2
Q9874,A2
Q9875,A2
Q9876,A2
Q9877,A2
Q9878,A2
Q9879,A2
Q9880,A2
Q9881,A2
Q9882,A2
Q9883,A2
Q9884,A2
Q9885,A2
Q9886,A2
Q9887,A2
Q9888,A2
Q9889,A2
Q9890,A2
Q9891,A2
Q9892,A2
Q9893,A2
Q9894,A2
Q9895,A2
Q9896,A2
Q9897,A2
Q9898,A2
Q9899,A2
Q9900,A2
Q9901,A2
Q9902,A2
Q9903,A2
Q9904,A2
Q9905,A2
Q9906,A2
Q9907,A2
Q9908,A2
Q9909,A2
Q9910,A2
Q9911,A2
Q9912,A2
Q9913,A2
Q9914,A2
Q9915,A2
Q9916,A2
Q9917,A2
Q9918,A2
Q9919,A2
Q9920,A2
Q9921,A2
Q9922,A2
Q9923,A2
Q9924,A2
Q9925,A2
Q9926,A2
Q9927,A2
Q9928,A2
Q9929,A2
Q9930,A2
Q9931,A2
Q9932,A2
Q9933,A2
Q9934,A2
Q9935,A2
Q9936,A2
Q9937,A2
Q9938,A2
Q9939,A2
Q9940,A2
Q9941,A2
Q9942,A2
Q9943,A2
Q9944,A2
Q9945,A2
Q9946,A2
Q9947,A2
Q9948,A2
Q9949,A2
Q9950,A2
Q9951,A2
Q9952,A2
Q9953,A2
Q9954,A2
Q9955,A2
Q9956,A2
Q9957,A2
Q9958,A2
Q9959,A2
Q9960,A2
Q9961,A2
Q9962,A2
Q9963,A2
Q9964,A2
Q9965,A2
Q9966,A2
Q9967,A2
Q9968,A2
Q9969,A2
Q9970,A2
Q9971,A2
Q9972,A2
Q9973,A2
Q9974,A2
Q9975,A2
Q9976,A2
Q9977,A2
Q9978,A2
Q9979,A2
Q9980,A2
Q9981,A2
Q9982,A2
Q9983,A2
Q9984,A2
Q9985,A2
Q9986,A2
Q9987,A2
Q9988,A2
Q9989,A2
Q9990,A2
Q9991,A2
Q9992,A2
Q9993,A2
Q9994,A2
Q9995,A2
Q9996,A2
Q9997,A2
Q9998,A2
Q9999,A2
Q10000,A2
Q10001,A2
Q10002,A2
Q10003,A2
Q10004,A2
Q10005,A2
Q10006,A2
Q10007,A2
Q10008,A2
Q10009,A2
Q10010,A2
Q10011,A2
Q10012,A2
Q10013,A2
Q10014,A2
Q10015,A2
Q10016,A2
Q10017,A2
Q10018,A2
Q10019,A2
Q10020,A2
Q10021,A2
Q10022,A2
Q10023,A2
Q10024,A2
Q10025,A2
Q10026,A2
Q10027,A2
Q10028,A2
Q10029,A2
Q10030,A2
Q10031,A2
Q10032,A2
Q10033,A2
Q10034,A2
Q10035,A2
Q10036,A2
Q10037,A2
Q10038,A2
Q10039,A2
Q10040,A2
Q10041,A2
Q10042,A2
Q10043,A2
Q10044,A2
Q10045,A2
Q10046,A2
Q10047,A2
Q10048,A2
Q10049,A2
Q10050,A2
Q10051,A2
Q10052,A2
Q10053,A2
Q10054,A2
Q10055,A2
Q10056,A2
Q10057,A2
Q10058,A2
Q10059,A2
Q10060,A2
Q10061,A2
Q10062,A2
Q10063,A2
Q10064,A2
Q10065,A2
Q10066,A2
Q10067,A2
Q10068,A2
Q10069,A2
Q10070,A2
Q10071,A2
Q10072,A2
Q10073,A2
Q10074,A2
Q10075,A2
Q10076,A2
Q10077,A2
Q10078,A2
Q10079,A2
Q10080,A2
Q10081,A2
Q10082,A2
Q10083,A2
Q10084,A2
Q10085,A2
Q10086,A2
Q10087,A2
Q10088,A2
Q10089,A2
Q10090,A2
Q10091,A2
Q10092,A2
Q10093,A2
Q10094,A2
Q10095,A2
Q10096,A2
Q10097,A2
Q10098,A2
Q10099,A2
Q10100,A2
Q10101,A2
Q10102,A2
Q10103,A2
Q10104,A2
Q10105,A2
Q10106,A2
Q10107,A2
Q10108,A2
Q10109,A2
Q10110,A2
Q10111,A2
Q10112,A2
Q10113,A2
Q10114,A2
Q10115,A2
Q10116,A2
Q10117,A2
Q10118,A2
Q10119,A2
Q10120,A2
Q10121,A2
Q10122,A2
Q10123,A2
Q10124,A2
Q10125,A2
Q10126,A2
Q10127,A2
Q10128,A2
Q10129,A2
Q10130,A2
Q10131,A2
Q10132,A2
Q10133,A2
Q10134,A2
Q10135,A2
Q10136,A2
Q10137,A2
Q10138,A2
Q10139,A2
Q10140,A2
Q10141,A2
Q10142,A2
Q10143,A2
Q10144,A2
Q10145,A2
Q10146,A2
Q10147,A2
Q10148,A2
Q10149,A2
Q10150,A2
Q10151,A2
Q10152,A2
Q10153,A2
Q10154,A2
Q10155,A2
Q10156,A2
Q10157,A2
Q10158,A0
Q10159,A0
Q10160,A0
Q10161,A0
Q10162,A0
Q10163,A0
Q10164,A0
Q10165,A0
Q10166,A0
Q10167,A0
Q10168,A0
Q10169,A0
Q10170,A0
Q10171,A0
Q10172,A0
Q10173,A0
Q10174,A0
Q10175,A0
Q10176,A0
Q10177,A0
Q10178,A0
Q10179,A0
Q10180,A0
Q10181,A0
Q10182,A0
Q10183,A0
Q10184,A0
Q10185,A0
Q10186,A0
Q10187,A0
Q10188,A0
Q10189,A0
Q10190,A0
Q10191,A0
Q10192,A0
Q10193,A0
Q10194,A0
Q10195,A0
Q10196,A0
Q10197,A0
Q10198,A0
Q10199,A0
Q10200,A0
Q10201,A0
Q10202,A0
Q10203,A0
Q10204,A0
Q10205,A0
Q10206,A0
Q10207,A0
Q10208,A0
Q10209,A0
Q10210,A0
Q10211,A0
Q10212,A0
Q10213,A0
Q10214,A0
Q10215,A0
Q10216,A0
Q10217,A0
Q10218,A0
Q10219,A0
Q10220,A0
Q10221,A0
Q10222,A0
Q10223,A0
Q10224,A0
Q10225,A0
Q10226,A0
Q10227,A0
Q10228,A0
Q10229,A0
Q10230,A0
Q10231,A0
Q10232,A0
Q10233,A0
Q10234,A0
Q10235,A0
Q10236,A0
Q10237,A0
Q10238,A0
Q10239,A0
Q10240,A0
Q10241,A0
Q10242,A0
Q10243,A0
Q10244,A0
Q10245,A0
Q10246,A0
Q10247,A0
Q10248,A0
Q10249,A0
Q10250,A0
Q10251,A0
Q10252,A0
Q10253,A0
Q10254,A0
Q10255,A0
Q10256,A0
Q10257,A0
Q10258,A0
Q10259,A0
Q10260,A0
Q10261,A0
Q10262,A0
Q10263,A0
Q10264,A0
Q10265,A0
Q10266,A0
Q10267,A0
Q10268,A0
Q10269,A0
Q10270,A0
Q10271,A0
Q10272,A0
Q10273,A0
Q10274,A0
Q10275,A0
Q10276,A0
Q10277,A0
Q10278,A0
Q10279,A0
Q10280,A0
Q10281,A0
Q10282,A0
Q10283,A0
Q10284,A0
Q10285,A0
Q10286,A0
Q10287,A0
Q10288,A0
Q10289,A0
Q10290,A0
Q10291,A0
Q10292,A0
Q10293,A0
Q10294,A0
Q10295,A0
Q10296,A0
Q10297,A0
Q10298,A0
Q10299,A0
Q10300,A0
Q10301,A0
Q10302,A0
Q10303,A0
Q10304,A0
Q10305,A0
Q10306,A0
Q10307,A0
Q10308,A0
Q10309,A0
Q10310,A0
Q10311,A0
Q10312,A0
Q10313,A0
Q10314,A0
Q10315,A0
Q10316,A0
Q10317,A0
Q10318,A0
Q10319,A0
Q10320,A0
Q10321,A0
Q10322,A0
Q10323,A0
Q10324,A0
Q10325,A0
Q10326,A0
Q10327,A0
Q10328,A0
Q10329,A0
Q10330,A0
Q10331,A0
Q10332,A0
Q10333,A0
Q10334,A0
Q10335,A0
Q10336,A0
Q10337,A0
Q10338,A0
Q10339,A0
Q10340,A0
Q10341,A0
Q10342,A0
Q10343,A0
Q10344,A0
Q10345,A0
Q10346,A0
Q10347,A0
Q10348,A0
Q10349,A0
Q10350,A0
Q10351,A0
Q10352,A0
Q10353,A0
Q10354,A0
Q10355,A0
Q10356,A0
Q10357,A0
Q10358,A0
Q10359,A0
Q10360,A0
Q10361,A0
Q10362,A0
Q10363,A0
Q10364,A0
Q10365,A0
Q10366,A0
Q10367,A0
Q10368,A0
Q10369,A0
Q10370,A0
Q10371,A0
Q10372,A0
Q10373,A0
Q10374,A0
Q10375,A0
Q10376,A0
Q10377,A0
Q10378,A0
Q10379,A0
Q10380,A0
Q10381,A0
Q10382,A0
Q10383,A0
Q10384,A0
Q10385,A0
Q10386,A0
Q10387,A0
Q10388,A0
Q10389,A0
Q10390,A0
Q10391,A0
Q10392,A0
Q10393,A0
Q10394,A0
Q10395,A0
Q10396,A0
Q10397,A0
Q10398,A0
Q10399,A0
Q10400,A0
Q10401,A0
Q10402,A0
Q10403,A0
Q10404,A0
Q10405,A0
Q10406,A0
Q10407,A0
Q10408,A0
Q10409,A0
Q10410,A0
Q10411,A0
Q10412,A0
Q10413,A0
Q10414,A0
Q10415,A0
Q10416,A0
Q10417,A0
Q10418,A0
Q10419,A0
Q10420,A0
Q10421,A0
Q10422,A0
Q10423,A0
Q10424,A0
Q10425,A0
Q10426,A0
Q10427,A0
Q10428,A0
Q10429,A0
Q10430,A0
Q10431,A0
Q10432,A0
Q10433,A0
Q10434,A0
Q10435,A0
Q10436,A0
Q10437,A0
Q10438,A0
Q10439,A0
Q10440,A0
Q10441,A0
Q10442,A0
Q10443,A0
Q10444,A0
Q10445,A0
Q10446,A0
Q10447,A0
Q10448,A0
Q10449,A0
Q10450,A0
Q10451,A0
Q10452,A0
Q10453,A0
Q10454,A0
Q10455,A0
Q10456,A0
Q10457,A0
Q10458,A0
Q10459,A0
Q10460,A0
Q10461,A0
Q10462,A0
Q10463,A0
Q10464,A0
Q10465,A0
Q10466,A0
Q10467,A0
Q10468,A0
Q10469,A0
Q10470,A0
Q10471,A0
Q10472,A0
Q10473,A0
Q10474,A0
Q10475,A0
Q10476,A0
Q10477,A0
Q10478,A0
Q10479,A0
Q10480,A0
Q10481,A0
Q10482,A0
Q10483,A0
Q10484,A0
Q10485,A0
Q10486,A0
Q10487,A0
Q10488,A0
Q10489,A0
Q10490,A0
Q10491,A0
Q10492,A0
Q10493,A0
Q10494,A0
Q10495,A0
Q10496,A0
Q10497,A0
Q10498,A0
Q10499,A0
Q10500,A0
Q10501,A0
Q10502,A0
Q10503,A0
Q10504,A0
Q10505,A0
Q10506,A0
Q10507,A0
Q10508,A0
Q10509,A0
Q10510,A0
Q10511,A0
Q10512,A0
Q10513,A0
Q10514,A0
Q10515,A0
Q10516,A0
Q10517,A0
Q10518,A0
Q10519,A0
Q10520,A0
Q10521,A0
Q10522,A0
Q10523,A0
Q10524,A0
Q10525,A0
Q10526,A0
Q10527,A0
Q10528,A0
Q10529,A0
Q10530,A0
Q10531,A0
Q10532,A0
Q10533,A0
Q10534,A0
Q10535,A0
Q10536,A0
Q10537,A0
Q10538,A0
Q10539,A0
Q10540,A0
Q10541,A0
Q10542,A0
Q10543,A0
Q10544,A0
Q10545,A0
Q10546,A0
Q10547,A0
Q10548,A0
Q10549,A0
Q10550,A0
Q10551,A0
Q10552,A0
Q10553,A0
Q10554,A0
Q10555,A0
Q10556,A0
Q10557,A0
Q10558,A0
Q10559,A0
Q10560,A0
Q10561,A0
Q10562,A0
Q10563,A0
Q10564,A0
Q10565,A0
Q10566,A0
Q10567,A0
Q10568,A0
Q10569,A0
Q10570,A0
Q10571,A0
Q10572,A0
Q10573,A0
Q10574,A0
Q10575,A0
Q10576,A0
Q10577,A0
Q10578,A0
Q10579,A0
Q10580,A0
Q10581,A0
Q10582,A0
Q10583,A0
Q10584,A0
Q10585,A0
Q10586,A0
Q10587,A0
Q10588,A0
Q10589,A0
Q10590,A0
Q10591,A0
Q10592,A0
Q10593,A0
Q10594,A0
Q10595,A0
Q10596,A0
Q10597,A0
Q10598,A0
Q10599,A0
Q10600,A0
Q10601,A0
Q10602,A0
Q10603,A0
Q10604,A0
Q10605,A0
Q10606,A0
Q10607,A0
Q10608,A0
Q10609,A0
Q10610,A0
Q10611,A0
Q10612,A0
Q10613,A0
Q10614,A0
Q10615,A0
Q10616,A0
Q10617,A0
Q10618,A0
Q10619,A0
Q10620,A0
Q10621,A0
Q10622,A0
Q10623,A0
Q10624,A0
Q10625,A0
Q10626,A0
Q10627,A0
Q10628,A0
Q10629,A0
Q10630,A0
Q10631,A0
Q10632,A0
Q10633,A0
Q10634,A0
Q10635,A0
Q10636,A0
Q10637,A0
Q10638,A0
Q10639,A0
Q10640,A0
Q10641,A0
Q10642,A0
Q10643,A0
Q10644,A0
Q10645,A0
Q10646,A0
Q10647,A0
Q10648,A0
Q10649,A0
Q10650,A0
Q10651,A0
Q10652,A0
Q10653,A0
Q10654,A0
Q10655,A0
Q10656,A0
Q10657,A0
Q10658,A0
Q10659,A0
Q10660,A0
Q10661,A0
Q10662,A0
Q10663,A0
Q10664,A0
Q10665,A0
Q10666,A0
Q10667,A0
Q10668,A0
Q10669,A0
Q10670,A0
Q10671,A0
Q10672,A0
Q10673,A0
Q10674,A0
Q10675,A0
Q10676,A0
Q10677,A0
Q10678,A0
Q10679,A0
Q10680,A0
Q10681,A0
Q10682,A0
Q10683,A0
Q10684,A0
Q10685,A0
Q10686,A0
Q10687,A0
Q10688,A0
Q10689,A0
Q10690,A0
Q10691,A0
Q10692,A0
Q10693,A0
Q10694,A0
Q10695,A0
Q10696,A0
Q10697,A0
Q10698,A0
Q10699,A0
Q10700,A0
Q10701,A0
Q10702,A0
Q10703,A0
Q10704,A0
Q10705,A0
Q10706,A0
Q10707,A0
Q10708,A0
Q10709,A0
Q10710,A0
Q10711,A0
Q10712,A0
Q10713,A0
Q10714,A0
Q10715,A0
Q10716,A0
Q10717,A0
Q10718,A0
Q10719,A0
Q10720,A0
Q10721,A0
Q10722,A0
Q10723,A0
Q10724,A0
Q10725,A0
Q10726,A0
Q10727,A0
Q10728,A0
Q10729,A0
Q10730,A0
Q10731,A0
Q10732,A0
Q10733,A0
Q10734,A0
Q10735,A0
Q10736,A0
Q10737,A0
Q10738,A0
Q10739,A0
Q10740,A0
Q10741,A0
Q10742,A0
Q10743,A0
Q10744,A0
Q10745,A0
Q10746,A0
Q10747,A0
Q10748,A0
Q10749,A0
Q10750,A0
Q10751,A0
Q10752,A0
Q10753,A0
Q10754,A0
Q10755,A0
Q10756,A0
Q10757,A0
Q10758,A0
Q10759,A0
Q10760,A0
Q10761,A0
Q10762,A0
Q10763,A0
Q10764,A0
Q10765,A0
Q10766,A0
Q10767,A0
Q10768,A0
Q10769,A0
Q10770,A0
Q10771,A0
Q10772,A0
Q10773,A0
Q10774,A0
Q10775,A0
Q10776,A0
Q10777,A0
Q10778,A0
Q10779,A0
Q10780,A0
Q10781,A0
Q10782,A0
Q10783,A0
Q10784,A0
Q10785,A0
Q10786,A0
Q10787,A0
Q10788,A0
Q10789,A0
Q10790,A0
Q10791,A0
Q10792,A0
Q10793,A0
Q10794,A0
Q10795,A0
Q10796,A0
Q10797,A0
Q10798,A0
Q10799,A0
Q10800,A0
Q10801,A0
Q10802,A0
Q10803,A0
Q10804,A0
Q10805,A0
Q10806,A0
Q10807,A0
Q10808,A0
Q10809,A0
Q10810,A0
Q10811,A0
Q10812,A0
Q10813,A0
Q10814,A0
Q10815,A0
Q10816,A0
Q10817,A0
Q10818,A0
Q10819,A0
Q10820,A0
Q10821,A0
Q10822,A0
Q10823,A0
Q10824,A0
Q10825,A0
Q10826,A0
Q10827,A0
Q10828,A0
Q10829,A0
Q10830,A0
Q10831,A0
Q10832,A0
Q10833,A0
Q10834,A0
Q10835,A0
Q10836,A0
Q10837,A0
Q10838,A0
Q10839,A0
Q10840,A0
Q10841,A0
Q10842,A0
Q10843,A0
Q10844,A0
Q10845,A0
Q10846,A0
Q10847,A0
Q10848,A0
Q10849,A0
Q10850,A0
Q10851,A0
Q10852,A0
Q10853,A0
Q10854,A0
Q10855,A0
Q10856,A0
Q10857,A0
Q10858,A0
Q10859,A0
Q10860,A0
Q10861,A0
Q10862,A0
Q10863,A0
Q10864,A0
Q10865,A0
Q10866,A0
Q10867,A0
Q10868,A0
Q10869,A0
Q10870,A0
Q10871,A0
Q10872,A0
Q10873,A0
Q10874,A0
Q10875,A0
Q10876,A0
Q10877,A0
Q10878,A0
Q10879,A0
Q10880,A0
Q10881,A0
Q10882,A0
Q10883,A0
Q10884,A0
Q10885,A0
Q10886,A0
Q10887,A0
Q10888,A0
Q10889,A0
Q10890,A0
Q10891,A0
Q10892,A0
Q10893,A0
Q10894,A0
Q10895,A0
Q10896,A0
Q10897,A0
Q10898,A0
Q10899,A0
Q10900,A0
Q10901,A0
Q10902,A0
Q10903,A0
Q10904,A0
Q10905,A0
Q10906,A0
Q10907,A0
Q10908,A0
Q10909,A0
Q10910,A0
Q10911,A0
Q10912,A0
Q10913,A0
Q10914,A0
Q10915,A0
Q10916,A0
Q10917,A0
Q10918,A0
Q10919,A0
Q10920,A0
Q10921,A0
Q10922,A0
Q10923,A0
Q10924,A0
Q10925,A0
Q10926,A0
Q10927,A0
Q10928,A0
Q10929,A0
Q10930,A0
Q10931,A0
Q10932,A0
Q10933,A0
Q10934,A0
Q10935,A0
Q10936,A0
Q10937,A0
Q10938,A0
Q10939,A0
Q10940,A0
Q10941,A0
Q10942,A0
Q10943,A0
Q10944,A0
Q10945,A0
Q10946,A0
Q10947,A0
Q10948,A0
Q10949,A0
Q10950,A0
Q10951,A0
Q10952,A0
Q10953,A0
Q10954,A0
Q10955,A0
Q10956,A0
Q10957,A0
Q10958,A0
Q10959,A0
Q10960,A0
Q10961,A0
Q10962,A0
Q10963,A0
Q10964,A0
Q10965,A0
Q10966,A0
Q10967,A0
Q10968,A0
Q10969,A0
Q10970,A0
Q10971,A0
Q10972,A0
Q10973,A0
Q10974,A0
Q10975,A0
Q10976,A0
Q10977,A0
Q10978,A0
Q10979,A0
Q10980,A0
Q10981,A0
Q10982,A0
Q10983,A0
Q10984,A0
Q10985,A0
Q10986,A0
Q10987,A0
Q10988,A0
Q10989,A0
Q10990,A0
Q10991,A0
Q10992,A0
Q10993,A0
Q10994,A0
Q10995,A0
Q10996,A0
Q10997,A0
Q10998,A0
Q10999,A0
Q11000,A0
Q11001,A0
Q11002,A0
Q11003,A0
Q11004,A0
Q11005,A0
Q11006,A0
Q11007,A0
Q11008,A0
Q11009,A0
Q11010,A0
Q11011,A0
Q11012,A0
Q11013,A0
Q11014,A0
Q11015,A0
Q11016,A0
Q11017,A0
Q11018,A0
Q11019,A0
Q11020,A0
Q11021,A0
Q11022,A0
Q11023,A0
Q11024,A0
Q11025,A0
Q11026,A0
Q11027,A0
Q11028,A0
Q11029,A0
Q11030,A0
Q11031,A0
Q11032,A0
Q11033,A0
Q11034,A0
Q11035,A0
Q11036,A0
Q11037,A0
Q11038,A0
Q11039,A0
Q11040,A0
Q11041,A0
Q11042,A0
Q11043,A0
Q11044,A0
Q11045,A0
Q11046,A0
Q11047,A0
Q11048,A0
Q11049,A0
Q11050,A0
Q11051,A0
Q11052,A0
Q11053,A0
Q11054,A0
Q11055,A0
Q11056,A0
Q11057,A0
Q11058,A0
Q11059,A0
Q11060,A0
Q11061,A0
Q11062,A0
Q11063,A0
Q11064,A0
Q11065,A0
Q11066,A0
Q11067,A0
Q11068,A0
Q11069,A0
Q11070,A0
Q11071,A0
Q11072,A0
Q11073,A0
Q11074,A0
Q11075,A0
Q11076,A0
Q11077,A0
Q11078,A0
Q11079,A0
Q11080,A0
Q11081,A0
Q11082,A0
Q11083,A0
Q11084,A0
Q11085,A0
Q11086,A0
Q11087,A0
Q11088,A0
Q11089,A0
Q11090,A0
Q11091,A0
Q11092,A0
Q11093,A0
Q11094,A0
Q11095,A0
Q11096,A0
Q11097,A0
Q11098,A0
Q11099,A0
Q11100,A0
Q11101,A0
Q11102,A0
Q11103,A0
Q11104,A0
Q11105,A0
Q11106,A0
Q11107,A0
Q11108,A0
Q11109,A0
Q11110,A0
Q11111,A0
Q11112,A0
Q11113,A0
Q11114,A0
Q11115,A0
Q11116,A0
Q11117,A0
Q11118,A0
Q11119,A0
Q11120,A0
Q11121,A0
Q11122,A0
Q11123,A0
Q11124,A0
Q11125,A0
Q11126,A0
Q11127,A0
Q11128,A0
Q11129,A0
Q11130,A0
Q11131,A0
Q11132,A0
Q11133,A0
Q11134,A0
Q11135,A0
Q11136,A0
Q11137,A0
Q11138,A0
Q11139,A0
Q11140,A0
Q11141,A0
Q11142,A0
Q11143,A0
Q11144,A0
Q11145,A0
Q11146,A0
Q11147,A0
Q11148,A0
Q11149,A0
Q11150,A0
Q11151,A0
Q11152,A0
Q11153,A0
Q11154,A0
Q11155,A0
Q11156,A0
Q11157,A0
Q11158,A0
Q11159,A0
Q11160,A0
Q11161,A0
Q11162,A0
Q11163,A0
Q11164,A0
Q11165,A0
Q11166,A0
Q11167,A0
Q11168,A0
Q11169,A0
Q11170,A0
Q11171,A0
Q11172,A0
Q11173,A0
Q11174,A0
Q11175,A0
Q11176,A0
Q11177,A0
Q11178,A0
Q11179,A0
Q11180,A0
Q11181,A0
Q11182,A0
Q11183,A0
Q11184,A0
Q11185,A0
Q11186,A0
Q11187,A0
Q11188,A0
Q11189,A0
Q11190,A0
Q11191,A0
Q11192,A0
Q11193,A0
Q11194,A0
Q11195,A0
Q11196,A0
Q11197,A0
Q11198,A0
Q11199,A0
Q11200,A0
Q11201,A0
Q11202,A0
Q11203,A0
Q11204,A0
Q11205,A0
Q11206,A0
Q11207,A0
Q11208,A0
Q11209,A0
Q11210,A0
Q11211,A0
Q11212,A0
Q11213,A0
Q11214,A0
Q11215,A0
Q11216,A0
Q11217,A0
Q11218,A0
Q11219,A0
Q11220,A0
Q11221,A0
Q11222,A0
Q11223,A0
Q11224,A0
Q11225,A0
Q11226,A0
Q11227,A0
Q11228,A0
Q11229,A0
Q11230,A0
Q11231,A0
Q11232,A0
Q11233,A0
Q11234,A0
Q11235,A0
Q11236,A0
Q11237,A0
Q11238,A0
Q11239,A0
Q11240,A0
Q11241,A0
Q11242,A0
Q11243,A0
Q11244,A0
Q11245,A0
Q11246,A0
Q11247,A0
Q11248,A0
Q11249,A0
Q11250,A0
Q11251,A0
Q11252,A0
Q11253,A0
Q11254,A0
Q11255,A0
Q11256,A0
Q11257,A0
Q11258,A0
Q11259,A0
Q11260,A0
Q11261,A0
Q11262,A0
Q11263,A0
Q11264,A0
Q11265,A0
Q11266,A0
Q11267,A0
Q11268,A0
Q11269,A0
Q11270,A0
Q11271,A0
Q11272,A0
Q11273,A0
Q11274,A0
Q11275,A0
Q11276,A0
Q11277,A0
Q11278,A0
Q11279,A0
Q11280,A0
Q11281,A0
Q11282,A0
Q11283,A0
Q11284,A0
Q11285,A0
Q11286,A0
Q11287,A0
Q11288,A0
Q11289,A0
Q11290,A0
Q11291,A0
Q11292,A0
Q11293,A0
Q11294,A0
Q11295,A0
Q11296,A0
Q11297,A0
Q11298,A0
Q11299,A0
Q11300,A0
Q11301,A0
Q11302,A0
Q11303,A0
Q11304,A0
Q11305,A0
Q11306,A0
Q11307,A0
Q11308,A0
Q11309,A0
Q11310,A0
Q11311,A0
Q11312,A0
Q11313,A0
Q11314,A0
Q11315,A0
Q11316,A0
Q11317,A0
Q11318,A0
Q11319,A0
Q11320,A0
Q11321,A0
Q11322,A0
Q11323,A0
Q11324,A0
Q11325,A0
Q11326,A0
Q11327,A0
Q11328,A0
Q11329,A0
Q11330,A0
Q11331,A0
Q11332,A0
Q11333,A0
Q11334,A0
Q11335,A0
Q11336,A0
Q11337,A0
Q11338,A0
Q11339,A0
Q11340,A0
Q11341,A0
Q11342,A0
Q11343,A0
Q11344,A0
Q11345,A0
Q11346,A0
Q11347,A0
Q11348,A0
Q11349,A0
Q11350,A0
Q11351,A0
Q11352,A0
Q11353,A0
Q11354,A0
Q11355,A0
Q11356,A0
Q11357,A0
Q11358,A0
Q11359,A0
Q11360,A0
Q11361,A0
Q11362,A0
Q11363,A0
Q11364,A0
Q11365,A0
Q11366,A0
Q11367,A0
Q11368,A0
Q11369,A0
Q11370,A0
Q11371,A0
Q11372,A0
Q11373,A0
Q11374,A0
Q11375,A0
Q11376,A0
Q11377,A0
Q11378,A0
Q11379,A0
Q11380,A0
Q11381,A0
Q11382,A0
Q11383,A0
Q11384,A0
Q11385,A0
Q11386,A0
Q11387,A0
Q11388,A0
Q11389,A0
Q11390,A0
Q11391,A0
Q11392,A0
Q11393,A0
Q11394,A0
Q11395,A0
Q11396,A0
Q11397,A0
Q11398,A0
Q11399,A0
Q11400,A0
Q11401,A0
Q11402,A0
Q11403,A0
Q11404,A0
Q11405,A0
Q11406,A0
Q11407,A0
Q11408,A0
Q11409,A0
Q11410,A0
Q11411,A0
Q11412,A0
Q11413,A0
Q11414,A0
Q11415,A0
Q11416,A0
Q11417,A0
Q11418,A0
Q11419,A0
Q11420,A0
Q11421,A0
Q11422,A0
Q11423,A0
Q11424,A0
Q11425,A0
Q11426,A0
Q11427,A0
Q11428,A0
Q11429,A0
Q11430,A0
Q11431,A0
Q11432,A0
Q11433,A0
Q11434,A0
Q11435,A0
Q11436,A0
Q11437,A0
Q11438,A0
Q11439,A0
Q11440,A0
Q11441,A0
Q11442,A0
Q11443,A0
Q11444,A0
Q11445,A0
Q11446,A0
Q11447,A0
Q11448,A0
Q11449,A0
Q11450,A0
Q11451,A0
Q11452,A0
Q11453,A0
Q11454,A0
Q11455,A0
Q11456,A0
Q11457,A0
Q11458,A0
Q11459,A0
Q11460,A0
Q11461,A0
Q11462,A0
Q11463,A0
Q11464,A0
Q11465,A0
Q11466,A0
Q11467,A0
Q11468,A0
Q11469,A0
Q11470,A0
Q11471,A0
Q11472,A0
Q11473,A0
Q11474,A0
Q11475,A0
Q11476,A0
Q11477,A0
Q11478,A0
Q11479,A0
Q11480,A0
Q11481,A0
Q11482,A0
Q11483,A0
Q11484,A0
Q11485,A0
Q11486,A0
Q11487,A0
Q11488,A0
Q11489,A0
Q11490,A0
Q11491,A0
Q11492,A0
Q11493,A0
Q11494,A0
Q11495,A0
Q11496,A0
Q11497,A0
Q11498,A0
Q11499,A0
Q11500,A0
Q11501,A0
Q11502,A0
Q11503,A0
Q11504,A0
Q11505,A0
Q11506,A0
Q11507,A0
Q11508,A0
Q11509,A0
Q11510,A0
Q11511,A0
Q11512,A0
Q11513,A0
Q11514,A0
Q11515,A0
Q11516,A0
Q11517,A0
Q11518,A0
Q11519,A0
Q11520,A0
Q11521,A0
Q11522,A0
Q11523,A0
Q11524,A0
Q11525,A0
Q11526,A0
Q11527,A0
Q11528,A0
Q11529,A0
Q11530,A0
Q11531,A0
Q11532,A0
Q11533,A0
Q11534,A0
Q11535,A0
Q11536,A0
Q11537,A0
Q11538,A0
Q11539,A0
Q11540,A0
Q11541,A0
Q11542,A0
Q11543,A0
Q11544,A0
Q11545,A0
Q11546,A0
Q11547,A0
Q11548,A0
Q11549,A0
Q11550,A0
Q11551,A0
Q11552,A0
Q11553,A0
Q11554,A0
Q11555,A0
Q11556,A0
Q11557,A0
Q11558,A0
Q11559,A0
Q11560,A0
Q11561,A0
Q11562,A0
Q11563,A0
Q11564,A0
Q11565,A0
Q11566,A0
Q11567,A0
Q11568,A0
Q11569,A0
Q11570,A0
Q11571,A0
Q11572,A0
Q11573,A0
Q11574,A0
Q11575,A0
Q11576,A0
Q11577,A0
Q11578,A0
Q11579,A0
Q11580,A0
Q11581,A0
Q11582,A0
Q11583,A0
Q11584,A0
Q11585,A0
Q11586,A0
Q11587,A0
Q11588,A0
Q11589,A0
Q11590,A0
Q11591,A0
Q11592,A0
Q11593,A0
Q11594,A0
Q11595,A0
Q11596,A0
Q11597,A0
Q11598,A0
Q11599,A0
Q11600,A0
Q11601,A0
Q11602,A0
Q11603,A0
Q11604,A0
Q11605,A0
Q11606,A0
Q11607,A0
Q11608,A0
Q11609,A0
Q11610,A0
Q11611,A0
Q11612,A0
Q11613,A0
Q11614,A0
Q11615,A0
Q11616,A0
Q11617,A0
Q11618,A0
Q11619,A0
Q11620,A0
Q11621,A0
Q11622,A0
Q11623,A0
Q11624,A0
Q11625,A0
Q11626,A0
Q11627,A0
Q11628,A0
Q11629,A0
Q11630,A0
Q11631,A0
Q11632,A0
Q11633,A0
Q11634,A0
Q11635,A0
Q11636,A0
Q11637,A0
Q11638,A0
Q11639,A0
Q11640,A0
Q11641,A0
Q11642,A0
Q11643,A0
Q11644,A0
Q11645,A0
Q11646,A0
Q11647,A0
Q11648,A0
Q11649,A0
Q11650,A0
Q11651,A0
Q11652,A0
Q11653,A0
Q11654,A0
Q11655,A0
Q11656,A0
Q11657,A0
Q11658,A0
Q11659,A0
Q11660,A0
Q11661,A0
Q11662,A0
Q11663,A0
Q11664,A0
Q11665,A0
Q11666,A0
Q11667,A0
Q11668,A0
Q11669,A0
Q11670,A0
Q11671,A0
Q11672,A0
Q11673,A0
Q11674,A0
Q11675,A0
Q11676,A0
Q11677,A0
Q11678,A0
Q11679,A0
Q11680,A0
Q11681,A0
Q11682,A0
Q11683,A0
Q11684,A0
Q11685,A0
Q11686,A0
Q11687,A0
Q11688,A0
Q11689,A0
Q11690,A0
Q11691,A0
Q11692,A0
Q11693,A0
Q11694,A0
Q11695,A0
Q11696,A0
Q11697,A0
Q11698,A0
Q11699,A0
Q11700,A0
Q11701,A0
Q11702,A0
Q11703,A0
Q11704,A0
Q11705,A0
Q11706,A0
Q11707,A0
Q11708,A0
Q11709,A0
Q11710,A0
Q11711,A0
Q11712,A0
Q11713,A0
Q11714,A0
Q11715,A0
Q11716,A0
Q11717,A0
Q11718,A0
Q11719,A0
Q11720,A0
Q11721,A0
Q11722,A0
Q11723,A0
Q11724,A0
Q11725,A0
Q11726,A0
Q11727,A0
Q11728,A0
Q11729,A0
Q11730,A0
Q11731,A0
Q11732,A0
Q11733,A0
Q11734,A0
Q11735,A0
Q11736,A0
Q11737,A0
Q11738,A0
Q11739,A0
Q11740,A0
Q11741,A0
Q11742,A0
Q11743,A0
Q11744,A0
Q11745,A0
Q11746,A0
Q11747,A0
Q11748,A0
Q11749,A0
Q11750,A0
Q11751,A0
Q11752,A0
Q11753,A0
Q11754,A0
Q11755,A0
Q11756,A0
Q11757,A0
Q11758,A0
Q11759,A0
Q11760,A0
Q11761,A0
Q11762,A0
Q11763,A0
Q11764,A0
Q11765,A0
Q11766,A0
Q11767,A0
Q11768,A0
Q11769,A0
Q11770,A0
Q11771,A0
Q11772,A0
Q11773,A0
Q11774,A0
Q11775,A0
Q11776,A0
Q11777,A0
Q11778,A0
Q11779,A0
Q11780,A0
Q11781,A0
Q11782,A0
Q11783,A0
Q11784,A0
Q11785,A0
Q11786,A0
Q11787,A0
Q11788,A0
Q11789,A0
Q11790,A0
Q11791,A0
Q11792,A0
Q11793,A0
Q11794,A0
Q11795,A0
Q11796,A0
Q11797,A0
Q11798,A0
Q11799,A0
Q11800,A0
Q11801,A0
Q11802,A0
Q11803,A0
Q11804,A0
Q11805,A0
Q11806,A0
Q11807,A0
Q11808,A0
Q11809,A0
Q11810,A0
Q11811,A0
Q11812,A0
Q11813,A0
Q11814,A0
Q11815,A0
Q11816,A0
Q11817,A0
Q11818,A0
Q11819,A0
Q11820,A0
Q11821,A0
Q11822,A0
Q11823,A0
Q11824,A0
Q11825,A0
Q11826,A0
Q11827,A0
Q11828,A0
Q11829,A0
Q11830,A0
Q11831,A0
Q11832,A0
Q11833,A0
Q11834,A0
Q11835,A0
Q11836,A0
Q11837,A0
Q11838,A0
Q11839,A0
Q11840,A0
Q11841,A0
Q11842,A0
Q11843,A0
Q11844,A0
Q11845,A0
Q11846,A0
Q11847,A0
Q11848,A0
Q11849,A0
Q11850,A0
Q11851,A0
Q11852,A0
Q11853,A0
Q11854,A0
Q11855,A0
Q11856,A0
Q11857,A0
Q11858,A0
Q11859,A0
Q11860,A0
Q11861,A0
Q11862,A0
Q11863,A0
Q11864,A0
Q11865,A0
Q11866,A0
Q11867,A0
Q11868,A0
Q11869,A0
Q11870,A0
Q11871,A0
Q11872,A0
Q11873,A0
Q11874,A0
Q11875,A0
Q11876,A0
Q11877,A0
Q11878,A0
Q11879,A0
Q11880,A0
Q11881,A0
Q11882,A0
Q11883,A0
Q11884,A0
Q11885,A0
Q11886,A0
Q11887,A0
Q11888,A0
Q11889,A0
Q11890,A0
Q11891,A0
Q11892,A0
Q11893,A0
Q11894,A0
Q11895,A0
Q11896,A0
Q11897,A0
Q11898,A0
Q11899,A0
Q11900,A0
Q11901,A0
Q11902,A0
Q11903,A0
Q11904,A0
Q11905,A0
Q11906,A0
Q11907,A0
Q11908,A0
Q11909,A0
Q11910,A0
Q11911,A0
Q11912,A0
Q11913,A0
Q11914,A0
Q11915,A0
Q11916,A0
Q11917,A0
Q11918,A0
Q11919,A0
Q11920,A0
Q11921,A0
Q11922,A0
Q11923,A0
Q11924,A0
Q11925,A0
Q11926,A0
Q11927,A0
Q11928,A0
Q11929,A0
Q11930,A0
Q11931,A0
Q11932,A0
Q11933,A0
Q11934,A0
Q11935,A0
Q11936,A0
Q11937,A0
Q11938,A0
Q11939,A0
Q11940,A0
Q11941,A0
Q11942,A0
Q11943,A0
Q11944,A0
Q11945,A0
Q11946,A0
Q11947,A0
Q11948,A0
Q11949,A0
Q11950,A0
Q11951,A0
Q11952,A0
Q11953,A0
Q11954,A0
Q11955,A0
Q11956,A0
Q11957,A0
Q11958,A0
Q11959,A0
Q11960,A0
Q11961,A0
Q11962,A0
Q11963,A0
Q11964,A0
Q11965,A0
Q11966,A0
Q11967,A0
Q11968,A0
Q11969,A0
Q11970,A0
Q11971,A0
Q11972,A0
Q11973,A0
Q11974,A0
Q11975,A0
Q11976,A0
Q11977,A0
Q11978,A0
Q11979,A0
Q11980,A0
Q11981,A0
Q11982,A0
Q11983,A0
Q11984,A0
Q11985,A0
Q11986,A0
Q11987,A0
Q11988,A0
Q11989,A0
Q11990,A0
Q11991,A0
Q11992,A0
Q11993,A0
Q11994,A0
Q11995,A0
Q11996,A0
Q11997,A0
Q11998,A0
Q11999,A0
Q12000,A0
Q12001,A0
Q12002,A0
Q12003,A0
Q12004,A0
Q12005,A0
Q12006,A0
Q12007,A0
Q12008,A0
Q12009,A0
Q12010,A0
Q12011,A0
Q12012,A0
Q12013,A0
Q12014,A0
Q12015,A0
Q12016,A0
Q12017,A0
Q12018,A0
Q12019,A0
Q12020,A0
Q12021,A0
Q12022,A0
Q12023,A0
Q12024,A0
Q12025,A0
Q12026,A0
Q12027,A0
Q12028,A0
Q12029,A0
Q12030,A0
Q12031,A0
Q12032,A0
Q12033,A0
Q12034,A0
Q12035,A0
Q12036,A0
Q12037,A0
Q12038,A0
Q12039,A0
Q12040,A0
Q12041,A0
Q12042,A0
Q12043,A0
Q12044,A0
Q12045,A0
Q12046,A0
Q12047,A0
Q12048,A0
Q12049,A0
Q12050,A0
Q12051,A0
Q12052,A0
Q12053,A0
Q12054,A0
Q12055,A0
Q12056,A0
Q12057,A0
Q12058,A0
Q12059,A0
Q12060,A0
Q12061,A0
Q12062,A0
Q12063,A0
Q12064,A0
Q12065,A0
Q12066,A0
Q12067,A0
Q12068,A0
Q12069,A0
Q12070,A0
Q12071,A0
Q12072,A0
Q12073,A0
Q12074,A0
Q12075,A0
Q12076,A0
Q12077,A0
Q12078,A0
Q12079,A0
Q12080,A0
Q12081,A0
Q12082,A0
Q12083,A0
Q12084,A0
Q12085,A0
Q12086,A0
Q12087,A0
Q12088,A0
Q12089,A0
Q12090,A0
Q12091,A0
Q12092,A0
Q12093,A0
Q12094,A0
Q12095,A0
Q12096,A0
Q12097,A0
Q12098,A0
Q12099,A0
Q12100,A0
Q12101,A0
Q12102,A0
Q12103,A0
Q12104,A0
Q12105,A0
Q12106,A0
Q12107,A0
Q12108,A0
Q12109,A0
Q12110,A0
Q12111,A0
Q12112,A0
Q12113,A0
Q12114,A0
Q12115,A0
Q12116,A0
Q12117,A0
Q12118,A0
Q12119,A0
Q12120,A0
Q12121,A0
Q12122,A0
Q12123,A0
Q12124,A0
Q12125,A0
Q12126,A0
Q12127,A0
Q12128,A0
Q12129,A0
Q12130,A0
Q12131,A0
Q12132,A0
Q12133,A0
Q12134,A0
Q12135,A0
Q12136,A0
Q12137,A0
Q12138,A0
Q12139,A0
Q12140,A0
Q12141,A0
Q12142,A0
Q12143,A0
Q12144,A0
Q12145,A0
Q12146,A0
Q12147,A0
Q12148,A0
Q12149,A0
Q12150,A0
Q12151,A0
Q12152,A0
Q12153,A0
Q12154,A0
Q12155,A0
Q12156,A0
Q12157,A0
Q12158,A0
Q12159,A0
Q12160,A0
Q12161,A0
Q12162,A0
Q12163,A0
Q12164,A0
Q12165,A0
Q12166,A0
Q12167,A0
Q12168,A0
Q12169,A0
Q12170,A0
Q12171,A0
Q12172,A0
Q12173,A0
Q12174,A0
Q12175,A0
Q12176,A0
Q12177,A0
Q12178,A0
Q12179,A0
Q12180,A0
Q12181,A0
Q12182,A0
Q12183,A0
Q12184,A0
Q12185,A0
Q12186,A0
Q12187,A0
Q12188,A0
Q12189,A0
Q12190,A0
Q12191,A0
Q12192,A0
Q12193,A0
Q12194,A0
Q12195,A0
Q12196,A0
Q12197,A0
Q12198,A0
Q12199,A0
Q12200,A0
Q12201,A0
Q12202,A0
Q12203,A0
Q12204,A0
Q12205,A0
Q12206,A0
Q12207,A0
Q12208,A0
Q12209,A0
Q12210,A0
Q12211,A0
Q12212,A0
Q12213,A0
Q12214,A0
Q12215,A0
Q12216,A0
Q12217,A0
Q12218,A0
Q12219,A0
Q12220,A0
Q12221,A0
Q12222,A0
Q12223,A0
Q12224,A0
Q12225,A0
Q12226,A0
Q12227,A0
Q12228,A0
Q12229,A0
Q12230,A0
Q12231,A0
Q12232,A0
Q12233,A0
Q12234,A0
Q12235,A0
Q12236,A0
Q12237,A0
Q12238,A0
Q12239,A0
Q12240,A0
Q12241,A0
Q12242,A0
Q12243,A0
Q12244,A0
Q12245,A0
Q12246,A0
Q12247,A0
Q12248,A0
Q12249,A0
Q12250,A0
Q12251,A0
Q12252,A0
Q12253,A0
Q12254,A0
Q12255,A0
Q12256,A0
Q12257,A0
Q12258,A0
Q12259,A0
Q12260,A0
Q12261,A0
Q12262,A0
Q12263,A0
Q12264,A0
Q12265,A0
Q12266,A0
Q12267,A0
Q12268,A0
Q12269,A0
Q12270,A0
Q12271,A0
Q12272,A0
Q12273,A0
Q12274,A0
Q12275,A0
Q12276,A0
Q12277,A0
Q12278,A0
Q12279,A0
Q12280,A0
Q12281,A0
Q12282,A0
Q12283,A0
Q12284,A0
Q12285,A0
Q12286,A0
Q12287,A0
Q12288,A0
Q12289,A0
Q12290,A0
Q12291,A0
Q12292,A0
Q12293,A0
Q12294,A0
Q12295,A0
Q12296,A0
Q12297,A0
Q12298,A0
Q12299,A0
Q12300,A0
Q12301,A0
Q12302,A0
Q12303,A0
Q12304,A0
Q12305,A0
Q12306,A0
Q12307,A0
Q12308,A0
Q12309,A0
Q12310,A0
Q12311,A0
Q12312,A0
Q12313,A0
Q12314,A0
Q12315,A0
Q12316,A0
Q12317,A0
Q12318,A0
Q12319,A0
Q12320,A0
Q12321,A0
Q12322,A0
Q12323,A0
Q12324,A0
Q12325,A0
Q12326,A0
Q12327,A0
Q12328,A0
Q12329,A0
Q12330,A0
Q12331,A0
Q12332,A0
Q12333,A0
Q12334,A0
Q12335,A0
Q12336,A0
Q12337,A0
Q12338,A0
Q12339,A0
Q12340,A0
Q12341,A0
Q12342,A0
Q12343,A0
Q12344,A0
Q12345,A0
Q12346,A0
Q12347,A0
Q12348,A0
Q12349,A0
Q12350,A0
Q12351,A0
Q12352,A0
Q12353,A0
Q12354,A0
Q12355,A0
Q12356,A0
Q12357,A0
Q12358,A0
Q12359,A0
Q12360,A0
Q12361,A0
Q12362,A0
Q12363,A0
Q12364,A0
Q12365,A0
Q12366,A0
Q12367,A0
Q12368,A0
Q12369,A0
Q12370,A0
Q12371,A0
Q12372,A0
Q12373,A0
Q12374,A0
Q12375,A0
Q12376,A0
Q12377,A0
Q12378,A0
Q12379,A0
Q12380,A0
Q12381,A0
Q12382,A0
Q12383,A0
Q12384,A0
Q12385,A0
Q12386,A0
Q12387,A0
Q12388,A0
Q12389,A0
Q12390,A0
Q12391,A0
Q12392,A0
Q12393,A0
Q12394,A0
Q12395,A0
Q12396,A0
Q12397,A0
Q12398,A0
Q12399,A0
Q12400,A0
Q12401,A0
Q12402,A0
Q12403,A0
Q12404,A0
Q12405,A0
Q12406,A0
Q12407,A0
Q12408,A0
Q12409,A0
Q12410,A0
Q12411,A0
Q12412,A0
Q12413,A0
Q12414,A0
Q12415,A0
Q12416,A0
Q12417,A0
Q12418,A0
Q12419,A0
Q12420,A0
Q12421,A0
Q12422,A0
Q12423,A0
Q12424,A0
Q12425,A0
Q12426,A0
Q12427,A0
Q12428,A0
Q12429,A0
Q12430,A0
Q12431,A0
Q12432,A0
Q12433,A0
Q12434,A0
Q12435,A0
Q12436,A0
Q12437,A0
Q12438,A0
Q12439,A0
Q12440,A0
Q12441,A0
Q12442,A0
Q12443,A0
Q12444,A0
Q12445,A0
Q12446,A0
Q12447,A0
Q12448,A0
Q12449,A0
Q12450,A0
Q12451,A0
Q12452,A0
Q12453,A0
Q12454,A0
Q12455,A0
Q12456,A0
Q12457,A0
Q12458,A0
Q12459,A0
Q12460,A0
Q12461,A0
Q12462,A0
Q12463,A0
Q12464,A0
Q12465,A0
Q12466,A0
Q12467,A0
Q12468,A0
Q12469,A0
Q12470,A0
Q12471,A0
Q12472,A0
Q12473,A0
Q12474,A0
Q12475,A0
Q12476,A0
Q12477,A0
Q12478,A0
Q12479,A0
Q12480,A0
Q12481,A0
Q12482,A0
Q12483,A0
Q12484,A0
Q12485,A0
Q12486,A0
Q12487,A0
Q12488,A0
Q12489,A0
Q12490,A0
Q12491,A0
Q12492,A0
Q12493,A0
Q12494,A0
Q12495,A0
Q12496,A0
Q12497,A0
Q12498,A0
Q12499,A0
Q12500,A0
Q12501,A0
Q12502,A0
Q12503,A0
Q12504,A0
Q12505,A0
Q12506,A0
Q12507,A0
Q12508,A0
Q12509,A0
Q12510,A0
Q12511,A0
Q12512,A0
Q12513,A0
Q12514,A0
Q12515,A0
Q12516,A0
Q12517,A0
Q12518,A0
Q12519,A0
Q12520,A0
Q12521,A0
Q12522,A0
Q12523,A0
Q12524,A0
Q12525,A0
Q12526,A0
Q12527,A0
Q12528,A0
Q12529,A0
Q12530,A0
Q12531,A0
Q12532,A0
Q12533,A0
Q12534,A0
Q12535,A0
Q12536,A0
Q12537,A0
Q12538,A0
Q12539,A0
Q12540,A0
Q12541,A0
Q12542,A0
Q12543,A0
Q12544,A0
Q12545,A0
Q12546,A0
Q12547,A0
Q12548,A0
Q12549,A0
Q12550,A0
Q12551,A0
Q12552,A0
Q12553,A0
Q12554,A0
Q12555,A0
Q12556,A0
Q12557,A0
Q12558,A0
Q12559,A0
Q12560,A0
Q12561,A0
Q12562,A0
Q12563,A0
Q12564,A0
Q12565,A0
Q12566,A0
Q12567,A0
Q12568,A0
Q12569,A0
Q12570,A0
Q12571,A0
Q12572,A0
Q12573,A0
Q12574,A0
Q12575,A0
Q12576,A0
Q12577,A0
Q12578,A0
Q12579,A0
Q12580,A0
Q12581,A0
Q12582,A0
Q12583,A0
Q12584,A0
Q12585,A0
Q12586,A0
Q12587,A0
Q12588,A0
Q12589,A0
Q12590,A0
Q12591,A0
Q12592,A0
Q12593,A0
Q12594,A0
Q12595,A0
Q12596,A0
Q12597,A0
Q12598,A0
Q12599,A0
Q12600,A0
Q12601,A0
Q12602,A0
Q12603,A0
Q12604,A0
Q12605,A0
Q12606,A0
Q12607,A0
Q12608,A0
Q12609,A0
Q12610,A0
Q12611,A0
Q12612,A0
Q12613,A0
Q12614,A0
Q12615,A0
Q12616,A0
Q12617,A0
Q12618,A0
Q12619,A0
Q12620,A0
Q12621,A0
Q12622,A0
Q12623,A0
Q12624,A0
Q12625,A0
Q12626,A0
Q12627,A0
Q12628,A0
Q12629,A0
Q12630,A0
Q12631,A0
Q12632,A0
Q12633,A0
Q12634,A0
Q12635,A0
Q12636,A0
Q12637,A0
Q12638,A0
Q12639,A0
Q12640,A0
Q12641,A0
Q12642,A0
Q12643,A0
Q12644,A0
Q12645,A0
Q12646,A0
Q12647,A0
Q12648,A0
Q12649,A0
Q12650,A0
Q12651,A0
Q12652,A0
Q12653,A0
Q12654,A0
Q12655,A0
Q12656,A0
Q12657,A0
Q12658,A0
Q12659,A0
Q12660,A0
Q12661,A0
Q12662,A0
Q12663,A0
Q12664,A0
Q12665,A0
Q12666,A0
Q12667,A0
Q12668,A0
Q12669,A0
Q12670,A0
Q12671,A0
Q12672,A0
Q12673,A0
Q12674,A0
Q12675,A0
Q12676,A0
Q12677,A0
Q12678,A0
Q12679,A0
Q12680,A0
Q12681,A0
Q12682,A0
Q12683,A0
Q12684,A0
Q12685,A0
Q12686,A0
Q12687,A0
Q12688,A0
Q12689,A0
Q12690,A0
Q12691,A0
Q12692,A0
Q12693,A0
Q12694,A0
Q12695,A0
Q12696,A0
Q12697,A0
Q12698,A0
Q12699,A0
Q12700,A0
Q12701,A0
Q12702,A0
Q12703,A0
Q12704,A0
Q12705,A0
Q12706,A0
Q12707,A0
Q12708,A0
Q12709,A0
Q12710,A0
Q12711,A0
Q12712,A0
Q12713,A0
Q12714,A0
Q12715,A0
Q12716,A0
Q12717,A0
Q12718,A0
Q12719,A0
Q12720,A0
Q12721,A0
Q12722,A0
Q12723,A0
Q12724,A0
Q12725,A0
Q12726,A0
Q12727,A0
Q12728,A0
Q12729,A0
Q12730,A0
Q12731,A0
Q12732,A0
Q12733,A0
Q12734,A0
Q12735,A0
Q12736,A0
Q12737,A0
Q12738,A0
Q12739,A0
Q12740,A0
Q12741,A0
Q12742,A0
Q12743,A0
Q12744,A0
Q12745,A0
Q12746,A0
Q12747,A0
Q12748,A0
Q12749,A0
Q12750,A0
Q12751,A0
Q12752,A0
Q12753,A0
Q12754,A0
Q12755,A0
Q12756,A0
Q12757,A0
Q12758,A0
Q12759,A0
Q12760,A0
Q12761,A0
Q12762,A0
Q12763,A0
Q12764,A0
Q12765,A0
Q12766,A0
Q12767,A0
Q12768,A0
Q12769,A0
Q12770,A0
Q12771,A0
Q12772,A0
Q12773,A0
Q12774,A0
Q12775,A0
Q12776,A0
Q12777,A0
Q12778,A0
Q12779,A0
Q12780,A0
Q12781,A0
Q12782,A0
Q12783,A0
Q12784,A0
Q12785,A0
Q12786,A0
Q12787,A0
Q12788,A0
Q12789,A0
Q12790,A0
Q12791,A0
Q12792,A0
Q12793,A0
Q12794,A0
Q12795,A0
Q12796,A0
Q12797,A0
Q12798,A0
Q12799,A0
Q12800,A0
Q12801,A0
Q12802,A0
Q12803,A0
Q12804,A0
Q12805,A0
Q12806,A0
Q12807,A0
Q12808,A0
Q12809,A0
Q12810,A0
Q12811,A0
Q12812,A0
Q12813,A0
Q12814,A0
Q12815,A0
Q12816,A0
Q12817,A0
Q12818,A0
Q12819,A0
Q12820,A0
Q12821,A0
Q12822,A0
Q12823,A0
Q12824,A0
Q12825,A0
Q12826,A0
Q12827,A0
Q12828,A0
Q12829,A0
Q12830,A0
Q12831,A0
Q12832,A0
Q12833,A0
Q12834,A0
Q12835,A0
Q12836,A0
Q12837,A0
Q12838,A0
Q12839,A0
Q12840,A0
Q12841,A0
Q12842,A0
Q12843,A0
Q12844,A0
Q12845,A0
Q12846,A0
Q12847,A0
Q12848,A0
Q12849,A0
Q12850,A0
Q12851,A0
Q12852,A0
Q12853,A0
Q12854,A0
Q12855,A0
Q12856,A0
Q12857,A0
Q12858,A0
Q12859,A0
Q12860,A0
Q12861,A0
Q12862,A0
Q12863,A0
Q12864,A0
Q12865,A0
Q12866,A0
Q12867,A0
Q12868,A0
Q12869,A0
Q12870,A0
Q12871,A0
Q12872,A0
Q12873,A0
Q12874,A0
Q12875,A0
Q12876,A0
Q12877,A0
Q12878,A0
Q12879,A0
Q12880,A0
Q12881,A0
Q12882,A0
Q12883,A0
Q12884,A0
Q12885,A0
Q12886,A0
Q12887,A0
Q12888,A0
Q12889,A0
Q12890,A0
Q12891,A0
Q12892,A0
Q12893,A0
Q12894,A0
Q12895,A0
Q12896,A0
Q12897,A0
Q12898,A0
Q12899,A0
Q12900,A0
Q12901,A0
Q12902,A0
Q12903,A0
Q12904,A0
Q12905,A0
Q12906,A0
Q12907,A0
Q12908,A0
Q12909,A0
Q12910,A0
Q12911,A0
Q12912,A0
Q12913,A0
Q12914,A0
Q12915,A0
Q12916,A0
Q12917,A0
Q12918,A0
Q12919,A0
Q12920,A0
Q12921,A0
Q12922,A0
Q12923,A0
Q12924,A0
Q12925,A0
Q12926,A0
Q12927,A0
Q12928,A0
Q12929,A0
Q12930,A0
Q12931,A0
Q12932,A0
Q12933,A0
Q12934,A0
Q12935,A0
Q12936,A0
Q12937,A0
Q12938,A0
Q12939,A0
Q12940,A0
Q12941,A0
Q12942,A0
Q12943,A0
Q12944,A0
Q12945,A0
Q12946,A0
Q12947,A0
Q12948,A0
Q12949,A0
Q12950,A0
Q12951,A0
Q12952,A0
Q12953,A0
Q12954,A0
Q12955,A0
Q12956,A0
Q12957,A0
Q12958,A0
Q12959,A0
Q12960,A0
Q12961,A0
Q12962,A0
Q12963,A0
Q12964,A0
Q12965,A0
Q12966,A0
Q12967,A0
Q12968,A0
Q12969,A0
Q12970,A0
Q12971,A0
Q12972,A0
Q12973,A0
Q12974,A0
Q12975,A0
Q12976,A0
Q12977,A0
Q12978,A0
Q12979,A0
Q12980,A0
Q12981,A0
Q12982,A0
Q12983,A0
Q12984,A0
Q12985,A0
Q12986,A0
Q12987,A0
Q12988,A0
Q12989,A0
Q12990,A0
Q12991,A0
Q12992,A0
Q12993,A0
Q12994,A0
Q12995,A0
Q12996,A0
Q12997,A0
Q12998,A0
Q12999,A0
Q13000,A0
Q13001,A0
Q13002,A0
Q13003,A0
Q13004,A0
Q13005,A0
Q13006,A0
Q13007,A0
Q13008,A0
Q13009,A0
Q13010,A0
Q13011,A0
Q13012,A0
Q13013,A0
Q13014,A0
Q13015,A0
Q13016,A0
Q13017,A0
Q13018,A0
Q13019,A0
Q13020,A0
Q13021,A0
Q13022,A0
Q13023,A0
Q13024,A0
Q13025,A0
Q13026,A0
Q13027,A0
Q13028,A0
Q13029,A0
Q13030,A0
Q13031,A0
Q13032,A0
Q13033,A0
Q13034,A0
Q13035,A0
Q13036,A0
Q13037,A0
Q13038,A0
Q13039,A0
Q13040,A0
Q13041,A0
Q13042,A0
Q13043,A0
Q13044,A0
Q13045,A0
Q13046,A0
Q13047,A0
Q13048,A0
Q13049,A0
Q13050,A0
Q13051,A0
Q13052,A0
Q13053,A0
Q13054,A0
Q13055,A0
Q13056,A0
Q13057,A0
Q13058,A0
Q13059,A0
Q13060,A0
Q13061,A0
Q13062,A0
Q13063,A0
Q13064,A0
Q13065,A0
Q13066,A0
Q13067,A0
Q13068,A0
Q13069,A0
Q13070,A0
Q13071,A0
Q13072,A0
Q13073,A0
Q13074,A0
Q13075,A0
Q13076,A0
Q13077,A0
Q13078,A0
Q13079,A0
Q13080,A0
Q13081,A0
Q13082,A0
Q13083,A0
Q13084,A0
Q13085,A0
Q13086,A0
Q13087,A0
Q13088,A0
Q13089,A0
Q13090,A0
Q13091,A0
Q13092,A0
Q13093,A0
Q13094,A0
Q13095,A0
Q13096,A0
Q13097,A0
Q13098,A0
Q13099,A0
Q13100,A0
Q13101,A0
Q13102,A0
Q13103,A0
Q13104,A0
Q13105,A0
Q13106,A0
Q13107,A0
Q13108,A0
Q13109,A0
Q13110,A0
Q13111,A0
Q13112,A0
Q13113,A0
Q13114,A0
Q13115,A0
Q13116,A0
Q13117,A0
Q13118,A0
Q13119,A0
Q13120,A0
Q13121,A0
Q13122,A0
Q13123,A0
Q13124,A0
Q13125,A0
Q13126,A0
Q13127,A0
Q13128,A0
Q13129,A0
Q13130,A0
Q13131,A0
Q13132,A0
Q13133,A0
Q13134,A0
Q13135,A0
Q13136,A0
Q13137,A0
Q13138,A0
Q13139,A0
Q13140,A0
Q13141,A0
Q13142,A0
Q13143,A0
Q13144,A0
Q13145,A0
Q13146,A0
Q13147,A0
Q13148,A0
Q13149,A0
Q13150,A0
Q13151,A0
Q13152,A0
Q13153,A0
Q13154,A0
Q13155,A0
Q13156,A0
Q13157,A0
Q13158,A0
Q13159,A0
Q13160,A0
Q13161,A0
Q13162,A0
Q13163,A0
Q13164,A0
Q13165,A0
Q13166,A0
Q13167,A0
Q13168,A0
Q13169,A0
Q13170,A0
Q13171,A0
Q13172,A0
Q13173,A0
Q13174,A0
Q13175,A0
Q13176,A0
Q13177,A0
Q13178,A0
Q13179,A0
Q13180,A0
Q13181,A0
Q13182,A0
Q13183,A0
Q13184,A0
Q13185,A0
Q13186,A0
Q13187,A0
Q13188,A0
Q13189,A0
Q13190,A0
Q13191,A0
Q13192,A0
Q13193,A0
Q13194,A0
Q13195,A0
Q13196,A0
Q13197,A0
Q13198,A0
Q13199,A0
Q13200,A0
Q13201,A0
Q13202,A0
Q13203,A0
Q13204,A0
Q13205,A0
Q13206,A0
Q13207,A0
Q13208,A0
Q13209,A0
Q13210,A0
Q13211,A0
Q13212,A0
Q13213,A0
Q13214,A0
Q13215,A0
Q13216,A0
Q13217,A0
Q13218,A0
Q13219,A0
Q13220,A0
Q13221,A0
Q13222,A0
Q13223,A0
Q13224,A0
Q13225,A0
Q13226,A0
Q13227,A0
Q13228,A0
Q13229,A0
Q13230,A0
Q13231,A0
Q13232,A0
Q13233,A0
Q13234,A0
Q13235,A0
Q13236,A0
Q13237,A0
Q13238,A0
Q13239,A0
Q13240,A0
Q13241,A0
Q13242,A0
Q13243,A0
Q13244,A0
Q13245,A0
Q13246,A0
Q13247,A0
Q13248,A0
Q13249,A0
Q13250,A0
Q13251,A0
Q13252,A0
Q13253,A0
Q13254,A0
Q13255,A0
Q13256,A0
Q13257,A0
Q13258,A0
Q13259,A0
Q13260,A0
Q13261,A0
Q13262,A0
Q13263,A0
Q13264,A0
Q13265,A0
Q13266,A0
Q13267,A0
Q13268,A0
Q13269,A0
Q13270,A0
Q13271,A0
Q13272,A0
Q13273,A0
Q13274,A0
Q13275,A0
Q13276,A0
Q13277,A0
Q13278,A0
Q13279,A0
Q13280,A0
Q13281,A0
Q13282,A0
Q13283,A0
Q13284,A0
Q13285,A0
Q13286,A0
Q13287,A0
Q13288,A0
Q13289,A0
Q13290,A0
Q13291,A0
Q13292,A0
Q13293,A0
Q13294,A0
Q13295,A0
Q13296,A0
Q13297,A0
Q13298,A0
Q13299,A0
Q13300,A0
Q13301,A0
Q13302,A0
Q13303,A0
Q13304,A0
Q13305,A0
Q13306,A0
Q13307,A0
Q13308,A0
Q13309,A0
Q13310,A0
Q13311,A0
Q13312,A0
Q13313,A0
Q13314,A0
Q13315,A0
Q13316,A0
Q13317,A0
Q13318,A0
Q13319,A0
Q13320,A0
Q13321,A0
Q13322,A0
Q13323,A0
Q13324,A0
Q13325,A0
Q13326,A0
Q13327,A0
Q13328,A0
Q13329,A0
Q13330,A0
Q13331,A0
Q13332,A0
Q13333,A0
Q13334,A0
Q13335,A0
Q13336,A0
Q13337,A0
Q13338,A0
Q13339,A0
Q13340,A0
Q13341,A0
Q13342,A0
Q13343,A0
Q13344,A0
Q13345,A0
Q13346,A0
Q13347,A0
Q13348,A0
Q13349,A0
Q13350,A0
Q13351,A0
Q13352,A0
Q13353,A0
Q13354,A0
Q13355,A0
Q13356,A0
Q13357,A0
Q13358,A0
Q13359,A0
Q13360,A0
Q13361,A0
Q13362,A0
Q13363,A0
Q13364,A0
Q13365,A0
Q13366,A0
Q13367,A0
Q13368,A0
Q13369,A0
Q13370,A0
Q13371,A0
Q13372,A0
Q13373,A0
Q13374,A0
Q13375,A0
Q13376,A0
Q13377,A0
Q13378,A0
Q13379,A0
Q13380,A0
Q13381,A0
Q13382,A0
Q13383,A0
Q13384,A0
Q13385,A0
Q13386,A0
Q13387,A0
Q13388,A0
Q13389,A0
Q13390,A0
Q13391,A0
Q13392,A0
Q13393,A0
Q13394,A0
Q13395,A0
Q13396,A0
Q13397,A0
Q13398,A0
Q13399,A0
Q13400,A0
Q13401,A0
Q13402,A0
Q13403,A0
Q13404,A0
Q13405,A0
Q13406,A0
Q13407,A0
Q13408,A0
Q13409,A0
Q13410,A0
Q13411,A0
Q13412,A0
Q13413,A0
Q13414,A0
Q13415,A0
Q13416,A0
Q13417,A0
Q13418,A0
Q13419,A0
Q13420,A0
Q13421,A0
Q13422,A0
Q13423,A0
Q13424,A0
Q13425,A0
Q13426,A0
Q13427,A0
Q13428,A0
Q13429,A0
Q13430,A0
Q13431,A0
Q13432,A0
Q13433,A0
Q13434,A0
Q13435,A0
Q13436,A0
Q13437,A0
Q13438,A0
Q13439,A0
Q13440,A0
Q13441,A0
Q13442,A0
Q13443,A0
Q13444,A0
Q13445,A0
Q13446,A0
Q13447,A0
Q13448,A0
Q13449,A0
Q13450,A0
Q13451,A0
Q13452,A0
Q13453,A0
Q13454,A0
Q13455,A0
Q13456,A0
Q13457,A0
Q13458,A0
Q13459,A0
Q13460,A0
Q13461,A0
Q13462,A0
Q13463,A0
Q13464,A0
Q13465,A0
Q13466,A0
Q13467,A0
Q13468,A0
Q13469,A0
Q13470,A0
Q13471,A0
Q13472,A0
Q13473,A0
Q13474,A0
Q13475,A0
Q13476,A0
Q13477,A0
Q13478,A0
Q13479,A0
Q13480,A0
Q13481,A0
Q13482,A0
Q13483,A0
Q13484,A0
Q13485,A0
Q13486,A0
Q13487,A0
Q13488,A0
Q13489,A0
Q13490,A0
Q13491,A0
Q13492,A0
Q13493,A0
Q13494,A0
Q13495,A0
Q13496,A0
Q13497,A0
Q13498,A0
Q13499,A0
Q13500,A0
Q13501,A0
Q13502,A0
Q13503,A0
Q13504,A0
Q13505,A0
Q13506,A0
Q13507,A0
Q13508,A0
Q13509,A0
Q13510,A0
Q13511,A0
Q13512,A0
Q13513,A0
Q13514,A0
Q13515,A0
Q13516,A0
Q13517,A0
Q13518,A0
Q13519,A0
Q13520,A0
Q13521,A0
Q13522,A0
Q13523,A0
Q13524,A0
Q13525,A0
Q13526,A0
Q13527,A0
Q13528,A0
Q13529,A0
Q13530,A0
Q13531,A0
Q13532,A0
Q13533,A0
Q13534,A0
Q13535,A0
Q13536,A0
Q13537,A0
Q13538,A0
Q13539,A0
Q13540,A0
Q13541,A0
Q13542,A0
Q13543,A0
Q13544,A0
Q13545,A0
Q13546,A0
Q13547,A0
Q13548,A0
Q13549,A0
Q13550,A0
Q13551,A0
Q13552,A0
Q13553,A0
Q13554,A0
Q13555,A0
Q13556,A0
Q13557,A0
Q13558,A0
Q13559,A0
Q13560,A0
Q13561,A0
Q13562,A0
Q13563,A0
Q13564,A0
Q13565,A0
Q13566,A0
Q13567,A0
Q13568,A0
Q13569,A0
Q13570,A0
Q13571,A0
Q13572,A0
Q13573,A0
Q13574,A0
Q13575,A0
Q13576,A0
Q13577,A0
Q13578,A0
Q13579,A0
Q13580,A0
Q13581,A0
Q13582,A0
Q13583,A0
Q13584,A0
Q13585,A0
Q13586,A0
Q13587,A0
Q13588,A0
Q13589,A0
Q13590,A0
Q13591,A0
Q13592,A0
Q13593,A0
Q13594,A0
Q13595,A0
Q13596,A0
Q13597,A0
Q13598,A0
Q13599,A0
Q13600,A0
Q13601,A0
Q13602,A0
Q13603,A0
Q13604,A0
Q13605,A0
Q13606,A0
Q13607,A0
Q13608,A0
Q13609,A0
Q13610,A0
Q13611,A0
Q13612,A0
Q13613,A0
Q13614,A0
Q13615,A0
Q13616,A0
Q13617,A0
Q13618,A0
Q13619,A0
Q13620,A0
Q13621,A0
Q13622,A0
Q13623,A0
Q13624,A0
Q13625,A0
Q13626,A0
Q13627,A0
Q13628,A0
Q13629,A0
Q13630,A0
Q13631,A0
Q13632,A0
Q13633,A0
Q13634,A0
Q13635,A0
Q13636,A0
Q13637,A0
Q13638,A0
Q13639,A0
Q13640,A0
Q13641,A0
Q13642,A0
Q13643,A0
Q13644,A0
Q13645,A0
Q13646,A0
Q13647,A0
Q13648,A0
Q13649,A0
Q13650,A0
Q13651,A0
Q13652,A0
Q13653,A0
Q13654,A0
Q13655,A0
Q13656,A0
Q13657,A0
Q13658,A0
Q13659,A0
Q13660,A0
Q13661,A0
Q13662,A0
Q13663,A0
Q13664,A0
Q13665,A0
Q13666,A0
Q13667,A0
Q13668,A0
Q13669,A0
Q13670,A0
Q13671,A0
Q13672,A0
Q13673,A0
Q13674,A0
Q13675,A0
Q13676,A0
Q13677,A0
Q13678,A0
Q13679,A0
Q13680,A0
Q13681,A0
Q13682,A0
Q13683,A0
Q13684,A0
Q13685,A0
Q13686,A0
Q13687,A0
Q13688,A0
Q13689,A0
Q13690,A0
Q13691,A0
Q13692,A0
Q13693,A0
Q13694,A0
Q13695,A0
Q13696,A0
Q13697,A0
Q13698,A0
Q13699,A0
Q13700,A0
Q13701,A0
Q13702,A0
Q13703,A0
Q13704,A0
Q13705,A0
Q13706,A0
Q13707,A0
Q13708,A0
Q13709,A0
Q13710,A0
Q13711,A0
Q13712,A0
Q13713,A0
Q13714,A0
Q13715,A0
Q13716,A0
Q13717,A0
Q13718,A0
Q13719,A0
Q13720,A0
Q13721,A0
Q13722,A0
Q13723,A0
Q13724,A0
Q13725,A0
Q13726,A0
Q13727,A0
Q13728,A0
Q13729,A0
Q13730,A0
Q13731,A0
Q13732,A0
Q13733,A0
Q13734,A0
Q13735,A0
Q13736,A0
Q13737,A0
Q13738,A0
Q13739,A0
Q13740,A0
Q13741,A0
Q13742,A0
Q13743,A0
Q13744,A0
Q13745,A0
Q13746,A0
Q13747,A0
Q13748,A0
Q13749,A0
Q13750,A0
Q13751,A0
Q13752,A0
Q13753,A0
Q13754,A0
Q13755,A0
Q13756,A0
Q13757,A0
Q13758,A0
Q13759,A0
Q13760,A0
Q13761,A0
Q13762,A0
Q13763,A0
Q13764,A0
Q13765,A0
Q13766,A0
Q13767,A0
Q13768,A0
Q13769,A0
Q13770,A0
Q13771,A0
Q13772,A0
Q13773,A0
Q13774,A0
Q13775,A0
Q13776,A0
Q13777,A0
Q13778,A0
Q13779,A0
Q13780,A0
Q13781,A0
Q13782,A0
Q13783,A0
Q13784,A0
Q13785,A0
Q13786,A0
Q13787,A0
Q13788,A0
Q13789,A0
Q13790,A0
Q13791,A0
Q13792,A0
Q13793,A1
Q13794,A1
Q13795,A1
Q13796,A1
Q13797,A1
Q13798,A1
Q13799,A1
Q13800,A1
Q13801,A1
Q13802,A1
Q13803,A1
Q13804,A1
Q13805,A1
Q13806,A1
Q13807,A1
Q13808,A1
Q13809,A1
Q13810,A1
Q13811,A1
Q13812,A1
Q13813,A1
Q13814,A1
Q13815,A1
Q13816,A1
Q13817,A1
Q13818,A1
Q13819,A1
Q13820,A1
Q13821,A1
Q13822,A1
Q13823,A1
Q13824,A1
Q13825,A1
Q13826,A1
Q13827,A1
Q13828,A1
Q13829,A1
Q13830,A1
Q13831,A1
Q13832,A1
Q13833,A1
Q13834,A1
Q13835,A1
Q13836,A1
Q13837,A1
Q13838,A1
Q13839,A1
Q13840,A1
Q13841,A1
Q13842,A1
Q13843,A1
Q13844,A1
Q13845,A1
Q13846,A1
Q13847,A1
Q13848,A1
Q13849,A1
Q13850,A1
Q13851,A1
Q13852,A1
Q13853,A1
Q13854,A1
Q13855,A1
Q13856,A1
Q13857,A1
Q13858,A1
Q13859,A1
Q13860,A1
Q13861,A1
Q13862,A1
Q13863,A1
Q13864,A1
Q13865,A1
Q13866,A1
Q13867,A1
Q13868,A1
Q13869,A1
Q13870,A1
Q13871,A1
Q13872,A1
Q13873,A1
Q13874,A1
Q13875,A1
Q13876,A1
Q13877,A1
Q13878,A1
Q13879,A1
Q13880,A1
Q13881,A1
Q13882,A1
Q13883,A1
Q13884,A1
Q13885,A1
Q13886,A1
Q13887,A1
Q13888,A1
Q13889,A1
Q13890,A1
Q13891,A1
Q13892,A1
Q13893,A1
Q13894,A1
Q13895,A1
Q13896,A1
Q13897,A1
Q13898,A1
Q13899,A1
Q13900,A1
Q13901,A1
Q13902,A1
Q13903,A1
Q13904,A1
Q13905,A1
Q13906,A1
Q13907,A1
Q13908,A1
Q13909,A1
Q13910,A1
Q13911,A1
Q13912,A1
Q13913,A1
Q13914,A1
Q13915,A1
Q13916,A1
Q13917,A1
Q13918,A1
Q13919,A1
Q13920,A1
Q13921,A1
Q13922,A1
Q13923,A1
Q13924,A1
Q13925,A1
Q13926,A1
Q13927,A1
Q13928,A1
Q13929,A1
Q13930,A1
Q13931,A1
Q13932,A1
Q13933,A1
Q13934,A1
Q13935,A1
Q13936,A1
Q13937,A1
Q13938,A1
Q13939,A1
Q13940,A1
Q13941,A1
Q13942,A1
Q13943,A1
Q13944,A1
Q13945,A1
Q13946,A1
Q13947,A1
Q13948,A1
Q13949,A1
Q13950,A1
Q13951,A1
Q13952,A1
Q13953,A1
Q13954,A1
Q13955,A1
Q13956,A1
Q13957,A1
Q13958,A1
Q13959,A1
Q13960,A1
Q13961,A1
Q13962,A1
Q13963,A1
Q13964,A1
Q13965,A1
Q13966,A1
Q13967,A1
Q13968,A1
Q13969,A1
Q13970,A1
Q13971,A1
Q13972,A1
Q13973,A1
Q13974,A1
Q13975,A1
Q13976,A1
Q13977,A1
Q13978,A1
Q13979,A1
Q13980,A1
Q13981,A1
Q13982,A1
Q13983,A1
Q13984,A1
Q13985,A1
Q13986,A1
Q13987,A1
Q13988,A1
Q13989,A1
Q13990,A1
Q13991,A1
Q13992,A1
Q13993,A1
Q13994,A1
Q13995,A1
Q13996,A1
Q13997,A1
Q13998,A1
Q13999,A1
Q14000,A1
Q14001,A1
Q14002,A1
Q14003,A1
Q14004,A1
Q14005,A1
Q14006,A1
Q14007,A1
Q14008,A1
Q14009,A1
Q14010,A1
Q14011,A1
Q14012,A1
Q14013,A1
Q14014,A1
Q14015,A1
Q14016,A1
Q14017,A1
Q14018,A1
Q14019,A1
Q14020,A1
Q14021,A1
Q14022,A1
Q14023,A1
Q14024,A1
Q14025,A1
Q14026,A1
Q14027,A1
Q14028,A1
Q14029,A1
Q14030,A1
Q14031,A1
Q14032,A1
Q14033,A1
Q14034,A1
Q14035,A1
Q14036,A1
Q14037,A1
Q14038,A1
Q14039,A1
Q14040,A1
Q14041,A1
Q14042,A1
Q14043,A1
Q14044,A1
Q14045,A1
Q14046,A1
Q14047,A1
Q14048,A1
Q14049,A1
Q14050,A1
Q14051,A1
Q14052,A1
Q14053,A1
Q14054,A1
Q14055,A1
Q14056,A1
Q14057,A1
Q14058,A1
Q14059,A1
Q14060,A1
Q14061,A1
Q14062,A1
Q14063,A1
Q14064,A1
Q14065,A1
Q14066,A1
Q14067,A1
Q14068,A1
Q14069,A1
Q14070,A1
Q14071,A1
Q14072,A1
Q14073,A1
Q14074,A1
Q14075,A1
Q14076,A1
Q14077,A1
Q14078,A1
Q14079,A1
Q14080,A1
Q14081,A1
Q14082,A1
Q14083,A1
Q14084,A1
Q14085,A1
Q14086,A1
Q14087,A1
Q14088,A1
Q14089,A1
Q14090,A1
Q14091,A1
Q14092,A1
Q14093,A1
Q14094,A1
Q14095,A1
Q14096,A1
Q14097,A1
Q14098,A1
Q14099,A1
Q14100,A1
Q14101,A1
Q14102,A1
Q14103,A1
Q14104,A1
Q14105,A1
Q14106,A1
Q14107,A1
Q14108,A1
Q14109,A1
Q14110,A1
Q14111,A1
Q14112,A1
Q14113,A1
Q14114,A1
Q14115,A1
Q14116,A1
Q14117,A1
Q14118,A1
Q14119,A1
Q14120,A1
Q14121,A1
Q14122,A1
Q14123,A1
Q14124,A1
Q14125,A1
Q14126,A1
Q14127,A1
Q14128,A1
Q14129,A1
Q14130,A1
Q14131,A1
Q14132,A1
Q14133,A1
Q14134,A1
Q14135,A1
Q14136,A1
Q14137,A1
Q14138,A1
Q14139,A1
Q14140,A1
Q14141,A1
Q14142,A1
Q14143,A1
Q14144,A1
Q14145,A1
Q14146,A1
Q14147,A1
Q14148,A1
Q14149,A1
Q14150,A1
Q14151,A1
Q14152,A1
Q14153,A1
Q14154,A1
Q14155,A1
Q14156,A1
Q14157,A1
Q14158,A1
Q14159,A1
Q14160,A1
Q14161,A1
Q14162,A1
Q14163,A1
Q14164,A1
Q14165,A1
Q14166,A1
Q14167,A1
Q14168,A1
Q14169,A1
Q14170,A1
Q14171,A1
Q14172,A1
Q14173,A1
Q14174,A1
Q14175,A1
Q14176,A1
Q14177,A1
Q14178,A1
Q14179,A1
Q14180,A1
Q14181,A1
Q14182,A1
Q14183,A1
Q14184,A1
Q14185,A1
Q14186,A1
Q14187,A1
Q14188,A1
Q14189,A1
Q14190,A1
Q14191,A1
Q14192,A1
Q14193,A1
Q14194,A1
Q14195,A1
Q14196,A1
Q14197,A1
Q14198,A1
Q14199,A1
Q14200,A1
Q14201,A1
Q14202,A1
Q14203,A1
Q14204,A1
Q14205,A1
Q14206,A1
Q14207,A1
Q14208,A1
Q14209,A1
Q14210,A1
Q14211,A1
Q14212,A1
Q14213,A1
Q14214,A1
Q14215,A1
Q14216,A1
Q14217,A1
Q14218,A1
Q14219,A1
Q14220,A1
Q14221,A1
Q14222,A1
Q14223,A1
Q14224,A1
Q14225,A1
Q14226,A1
Q14227,A1
Q14228,A1
Q14229,A1
Q14230,A1
Q14231,A1
Q14232,A1
Q14233,A1
Q14234,A1
Q14235,A1
Q14236,A1
Q14237,A1
Q14238,A1
Q14239,A1
Q14240,A1
Q14241,A1
Q14242,A1
Q14243,A1
Q14244,A1
Q14245,A1
Q14246,A1
Q14247,A1
Q14248,A1
Q14249,A1
Q14250,A1
Q14251,A1
Q14252,A1
Q14253,A1
Q14254,A1
Q14255,A1
Q14256,A1
Q14257,A1
Q14258,A1
Q14259,A1
Q14260,A1
Q14261,A1
Q14262,A1
Q14263,A1
Q14264,A1
Q14265,A1
Q14266,A1
Q14267,A1
Q14268,A1
Q14269,A1
Q14270,A1
Q14271,A1
Q14272,A1
Q14273,A1
Q14274,A1
Q14275,A1
Q14276,A1
Q14277,A1
Q14278,A1
Q14279,A1
Q14280,A1
Q14281,A1
Q14282,A1
Q14283,A1
Q14284,A1
Q14285,A1
Q14286,A1
Q14287,A1
Q14288,A1
Q14289,A1
Q14290,A1
Q14291,A1
Q14292,A1
Q14293,A1
Q14294,A1
Q14295,A1
Q14296,A1
Q14297,A1
Q14298,A1
Q14299,A1
Q14300,A1
Q14301,A1
Q14302,A1
Q14303,A1
Q14304,A1
Q14305,A1
Q14306,A1
Q14307,A1
Q14308,A1
Q14309,A1
Q14310,A1
Q14311,A1
Q14312,A1
Q14313,A1
Q14314,A1
Q14315,A1
Q14316,A1
Q14317,A1
Q14318,A1
Q14319,A1
Q14320,A1
Q14321,A1
Q14322,A1
Q14323,A1
Q14324,A1
Q14325,A1
Q14326,A1
Q14327,A1
Q14328,A1
Q14329,A1
Q14330,A1
Q14331,A1
Q14332,A1
Q14333,A1
Q14334,A1
Q14335,A1
Q14336,A1
Q14337,A1
Q14338,A1
Q14339,A1
Q14340,A1
Q14341,A1
Q14342,A1
Q14343,A1
Q14344,A1
Q14345,A1
Q14346,A1
Q14347,A1
Q14348,A1
Q14349,A1
Q14350,A1
Q14351,A1
Q14352,A1
Q14353,A1
Q14354,A1
Q14355,A1
Q14356,A1
Q14357,A1
Q14358,A1
Q14359,A1
Q14360,A1
Q14361,A1
Q14362,A1
Q14363,A1
Q14364,A1
Q14365,A1
Q14366,A1
Q14367,A1
Q14368,A1
Q14369,A1
Q14370,A1
Q14371,A1
Q14372,A1
Q14373,A1
Q14374,A1
Q14375,A1
Q14376,A1
Q14377,A1
Q14378,A1
Q14379,A1
Q14380,A1
Q14381,A1
Q14382,A1
Q14383,A1
Q14384,A1
Q14385,A1
Q14386,A1
Q14387,A1
Q14388,A1
Q14389,A1
Q14390,A1
Q14391,A1
Q14392,A1
Q14393,A1
Q14394,A1
Q14395,A1
Q14396,A1
Q14397,A1
Q14398,A1
Q14399,A1
Q14400,A1
Q14401,A1
Q14402,A1
Q14403,A1
Q14404,A1
Q14405,A1
Q14406,A1
Q14407,A1
Q14408,A1
Q14409,A1
Q14410,A1
Q14411,A1
Q14412,A1
Q14413,A1
Q14414,A1
Q14415,A1
Q14416,A1
Q14417,A1
Q14418,A1
Q14419,A1
Q14420,A1
Q14421,A1
Q14422,A1
Q14423,A1
Q14424,A1
Q14425,A1
Q14426,A1
Q14427,A1
Q14428,A1
Q14429,A1
Q14430,A1
Q14431,A1
Q14432,A1
Q14433,A1
Q14434,A1
Q14435,A1
Q14436,A1
Q14437,A1
Q14438,A1
Q14439,A1
Q14440,A1
Q14441,A1
Q14442,A1
Q14443,A1
Q14444,A1
Q14445,A1
Q14446,A1
Q14447,A1
Q14448,A1
Q14449,A1
Q14450,A1
Q14451,A1
Q14452,A1
Q14453,A1
Q14454,A1
Q14455,A1
Q14456,A1
Q14457,A1
Q14458,A1
Q14459,A1
Q14460,A1
Q14461,A1
Q14462,A1
Q14463,A1
Q14464,A1
Q14465,A1
Q14466,A1
Q14467,A1
Q14468,A1
Q14469,A1
Q14470,A1
Q14471,A1
Q14472,A1
Q14473,A1
Q14474,A1
Q14475,A1
Q14476,A1
Q14477,A1
Q14478,A1
Q14479,A1
Q14480,A1
Q14481,A1
Q14482,A1
Q14483,A1
Q14484,A1
Q14485,A1
Q14486,A1
Q14487,A1
Q14488,A1
Q14489,A1
Q14490,A1
Q14491,A1
Q14492,A1
Q14493,A1
Q14494,A1
Q14495,A1
Q14496,A1
Q14497,A1
Q14498,A1
Q14499,A1
Q14500,A1
Q14501,A1
Q14502,A1
Q14503,A1
Q14504,A1
Q14505,A1
Q14506,A1
Q14507,A1
Q14508,A1
Q14509,A1
Q14510,A1
Q14511,A1
Q14512,A1
Q14513,A1
Q14514,A1
Q14515,A1
Q14516,A1
Q14517,A1
Q14518,A1
Q14519,A1
Q14520,A1
Q14521,A1
Q14522,A1
Q14523,A1
Q14524,A1
Q14525,A1
Q14526,A1
Q14527,A1
Q14528,A1
Q14529,A1
Q14530,A1
Q14531,A1
Q14532,A1
Q14533,A1
Q14534,A1
Q14535,A1
Q14536,A1
Q14537,A1
Q14538,A1
Q14539,A1
Q14540,A1
Q14541,A1
Q14542,A1
Q14543,A1
Q14544,A1
Q14545,A1
Q14546,A1
Q14547,A1
Q14548,A1
Q14549,A1
Q14550,A1
Q14551,A1
Q14552,A1
Q14553,A1
Q14554,A1
Q14555,A1
Q14556,A1
Q14557,A1
Q14558,A1
Q14559,A1
Q14560,A1
Q14561,A1
Q14562,A1
Q14563,A1
Q14564,A1
Q14565,A1
Q14566,A1
Q14567,A1
Q14568,A1
Q14569,A1
Q14570,A1
Q14571,A1
Q14572,A1
Q14573,A1
Q14574,A1
Q14575,A1
Q14576,A1
Q14577,A1
Q14578,A1
Q14579,A1
Q14580,A1
Q14581,A1
Q14582,A1
Q14583,A1
Q14584,A1
Q14585,A1
Q14586,A1
Q14587,A1
Q14588,A1
Q14589,A1
Q14590,A1
Q14591,A1
Q14592,A1
Q14593,A1
Q14594,A1
Q14595,A1
Q14596,A1
Q14597,A1
Q14598,A1
Q14599,A1
Q14600,A1
Q14601,A1
Q14602,A1
Q14603,A1
Q14604,A1
Q14605,A1
Q14606,A1
Q14607,A1
Q14608,A1
Q14609,A1
Q14610,A1
Q14611,A1
Q14612,A1
Q14613,A1
Q14614,A1
Q14615,A1
Q14616,A1
Q14617,A1
Q14618,A1
Q14619,A1
Q14620,A1
Q14621,A1
Q14622,A1
Q14623,A1
Q14624,A1
Q14625,A1
Q14626,A1
Q14627,A1
Q14628,A1
Q14629,A1
Q14630,A1
Q14631,A1
Q14632,A1
Q14633,A1
Q14634,A1
Q14635,A1
Q14636,A1
Q14637,A1
Q14638,A1
Q14639,A1
Q14640,A1
Q14641,A1
Q14642,A1
Q14643,A1
Q14644,A1
Q14645,A1
Q14646,A1
Q14647,A1
Q14648,A1
Q14649,A1
Q14650,A1
Q14651,A1
Q14652,A1
Q14653,A1
Q14654,A1
Q14655,A1
Q14656,A1
Q14657,A1
Q14658,A1
Q14659,A1
Q14660,A1
Q14661,A1
Q14662,A1
Q14663,A1
Q14664,A1
Q14665,A1
Q14666,A1
Q14667,A1
Q14668,A1
Q14669,A1
Q14670,A1
Q14671,A1
Q14672,A1
Q14673,A1
Q14674,A1
Q14675,A1
Q14676,A1
Q14677,A1
Q14678,A1
Q14679,A1
Q14680,A1
Q14681,A1
Q14682,A1
Q14683,A1
Q14684,A1
Q14685,A1
Q14686,A1
Q14687,A1
Q14688,A1
Q14689,A1
Q14690,A1
Q14691,A1
Q14692,A1
Q14693,A1
Q14694,A1
Q14695,A1
Q14696,A1
Q14697,A1
Q14698,A1
Q14699,A1
Q14700,A1
Q14701,A1
Q14702,A1
Q14703,A1
Q14704,A1
Q14705,A1
Q14706,A1
Q14707,A1
Q14708,A1
Q14709,A1
Q14710,A1
Q14711,A1
Q14712,A1
Q14713,A1
Q14714,A1
Q14715,A1
Q14716,A1
Q14717,A1
Q14718,A1
Q14719,A1
Q14720,A1
Q14721,A1
Q14722,A1
Q14723,A1
Q14724,A1
Q14725,A1
Q14726,A1
Q14727,A1
Q14728,A1
Q14729,A1
Q14730,A1
Q14731,A1
Q14732,A1
Q14733,A1
Q14734,A1
Q14735,A1
Q14736,A1
Q14737,A1
Q14738,A1
Q14739,A1
Q14740,A1
Q14741,A1
Q14742,A1
Q14743,A1
Q14744,A1
Q14745,A1
Q14746,A1
Q14747,A1
Q14748,A1
Q14749,A2
Q14750,A2
Q14751,A2
Q14752,A2
Q14753,A2
Q14754,A2
Q14755,A2
Q14756,A2
Q14757,A2
Q14758,A2
Q14759,A2
Q14760,A2
Q14761,A2
Q14762,A2
Q14763,A2
Q14764,A2
Q14765,A2
Q14766,A2
Q14767,A2
Q14768,A2
Q14769,A2
Q14770,A2
Q14771,A2
Q14772,A2
Q14773,A2
Q14774,A2
Q14775,A2
Q14776,A2
Q14777,A2
Q14778,A2
Q14779,A2
Q14780,A2
Q14781,A2
Q14782,A2
Q14783,A2
Q14784,A2
Q14785,A2
Q14786,A2
Q14787,A2
Q14788,A2
Q14789,A2
Q14790,A2
Q14791,A2
Q14792,A2
Q14793,A2
Q14794,A2
Q14795,A2
Q14796,A2
Q14797,A2
Q14798,A2
Q14799,A2
Q14800,A2
Q14801,A2
Q14802,A2
Q14803,A2
Q14804,A2
Q14805,A2
Q14806,A2
Q14807,A2
Q14808,A2
Q14809,A2
Q14810,A2
Q14811,A2
Q14812,A2
Q14813,A2
Q14814,A2
Q14815,A2
Q14816,A2
Q14817,A2
Q14818,A2
Q14819,A2
Q14820,A2
Q14821,A2
Q14822,A2
Q14823,A2
Q14824,A2
Q14825,A2
Q14826,A2
Q14827,A2
Q14828,A2
Q14829,A2
Q14830,A2
Q14831,A2
Q14832,A2
Q14833,A2
Q14834,A2
Q14835,A2
Q14836,A2
Q14837,A2
Q14838,A2
Q14839,A2
Q14840,A2
Q14841,A2
Q14842,A2
Q14843,A2
Q14844,A2
Q14845,A2
Q14846,A2
Q14847,A2
Q14848,A2
Q14849,A2
Q14850,A2
Q14851,A2
Q14852,A2
Q14853,A2
Q14854,A2
Q14855,A2
Q14856,A2
Q14857,A2
Q14858,A2
Q14859,A2
Q14860,A2
Q14861,A2
Q14862,A2
Q14863,A2
Q14864,A2
Q14865,A2
Q14866,A2
Q14867,A2
Q14868,A2
Q14869,A2
Q14870,A2
Q14871,A2
Q14872,A2
Q14873,A2
Q14874,A2
Q14875,A2
Q14876,A2
Q14877,A2
Q14878,A2
Q14879,A2
Q14880,A2
Q14881,A2
Q14882,A2
Q14883,A2
Q14884,A2
Q14885,A2
Q14886,A2
Q14887,A2
Q14888,A2
Q14889,A2
Q14890,A2
Q14891,A2
Q14892,A2
Q14893,A2
Q14894,A2
Q14895,A2
Q14896,A2
Q14897,A2
Q14898,A2
Q14899,A2
Q14900,A2
Q14901,A2
Q14902,A2
Q14903,A2
Q14904,A2
Q14905,A2
Q14906,A2
Q14907,A2
Q14908,A2
Q14909,A2
Q14910,A2
Q14911,A2
Q14912,A2
Q14913,A2
Q14914,A2
Q14915,A2
Q14916,A2
Q14917,A2
Q14918,A2
Q14919,A2
Q14920,A2
Q14921,A2
Q14922,A2
Q14923,A2
Q14924,A2
Q14925,A2
Q14926,A2
Q14927,A2
Q14928,A2
Q14929,A2
Q14930,A2
Q14931,A2
Q14932,A2
Q14933,A2
Q14934,A2
Q14935,A2
Q14936,A2
Q14937,A2
Q14938,A2
Q14939,A2
Q14940,A2
Q14941,A2
Q14942,A2
Q14943,A2
Q14944,A2
Q14945,A2
Q14946,A2
Q14947,A2
Q14948,A2
Q14949,A2
Q14950,A2
Q14951,A2
Q14952,A2
Q14953,A2
Q14954,A2
Q14955,A2
Q14956,A2
Q14957,A2
Q14958,A2
Q14959,A2
Q14960,A2
Q14961,A2
Q14962,A2
Q14963,A2
Q14964,A2
Q14965,A2
Q14966,A2
Q14967,A2
Q14968,A2
Q14969,A2
Q14970,A2
Q14971,A2
Q14972,A2
Q14973,A2
Q14974,A2
Q14975,A2
Q14976,A2
Q14977,A2
Q14978,A2
Q14979,A2
Q14980,A2
Q14981,A2
Q14982,A2
Q14983,A2
Q14984,A2
Q14985,A2
Q14986,A2
Q14987,A2
Q14988,A2
Q14989,A2
Q14990,A2
Q14991,A2
Q14992,A2
Q14993,A2
Q14994,A2
Q14995,A2
Q14996,A2
Q14997,A2
Q14998,A2
Q14999,A2
Q15000,A2
Q15001,A2
Q15002,A2
Q15003,A2
Q15004,A2
Q15005,A2
Q15006,A2
Q15007,A2
Q15008,A2
Q15009,A2
Q15010,A2
Q15011,A2
Q15012,A2
Q15013,A2
Q15014,A2
Q15015,A2
Q15016,A2
Q15017,A2
Q15018,A2
Q15019,A2
Q15020,A2
Q15021,A2
Q15022,A2
Q15023,A2
Q15024,A2
Q15025,A2
Q15026,A2
Q15027,A2
Q15028,A2
Q15029,A2
Q15030,A2
Q15031,A2
Q15032,A2
Q15033,A2
Q15034,A2
Q15035,A2
Q15036,A2
Q15037,A2
Q15038,A2
Q15039,A2
Q15040,A2
Q15041,A2
Q15042,A2
Q15043,A2
Q15044,A2
Q15045,A2
Q15046,A2
Q15047,A2
Q15048,A2
Q15049,A2
Q15050,A2
Q15051,A2
Q15052,A2
Q15053,A2
Q15054,A2
Q15055,A2
Q15056,A2
Q15057,A2
Q15058,A2
Q15059,A2
Q15060,A2
Q15061,A2
Q15062,A2
Q15063,A2
Q15064,A2
Q15065,A2
Q15066,A2
Q15067,A2
Q15068,A2
Q15069,A2
Q15070,A2
Q15071,A2
Q15072,A2
Q15073,A2
Q15074,A2
Q15075,A2
Q15076,A2
Q15077,A2
Q15078,A2
Q15079,A2
Q15080,A2
Q15081,A2
Q15082,A2
Q15083,A2
Q15084,A2
Q15085,A2
Q15086,A2
Q15087,A2
Q15088,A2
Q15089,A2
Q15090,A2
Q15091,A2
Q15092,A2
Q15093,A2
Q15094,A2
Q15095,A2
Q15096,A2
Q15097,A2
Q15098,A2
Q15099,A2
Q15100,A2
Q15101,A2
Q15102,A2
Q15103,A2
Q15104,A2
Q15105,A2
Q15106,A2
Q15107,A2
Q15108,A2
Q15109,A2
Q15110,A2
Q15111,A2
Q15112,A2
Q15113,A2
Q15114,A2
Q15115,A2
Q15116,A2
Q15117,A2
Q15118,A2
Q15119,A2
Q15120,A2
Q15121,A2
Q15122,A2
Q15123,A2
Q15124,A2
Q15125,A2
Q15126,A2
Q15127,A2
Q15128,A2
Q15129,A2
Q15130,A2
Q15131,A2
Q15132,A2
Q15133,A2
Q15134,A2
Q15135,A2
Q15136,A2
Q15137,A2
Q15138,A2
Q15139,A2
Q15140,A2
Q15141,A2
Q15142,A2
Q15143,A2
Q15144,A2
Q15145,A2
Q15146,A2
Q15147,A2
Q15148,A2
Q15149,A2
Q15150,A2
Q15151,A2
Q15152,A2
Q15153,A2
Q15154,A2
Q15155,A2
Q15156,A2
Q15157,A2
Q15158,A2
Q15159,A2
Q15160,A2
Q15161,A2
Q15162,A2
Q15163,A2
Q15164,A2
Q15165,A2
Q15166,A2
Q15167,A2
Q15168,A2
Q15169,A2
Q15170,A2
Q15171,A2
Q15172,A2
Q15173,A2
Q15174,A2
Q15175,A2
Q15176,A2
Q15177,A2
Q15178,A2
Q15179,A2
Q15180,A2
Q15181,A2
Q15182,A2
Q15183,A2
Q15184,A2
Q15185,A2
Q15186,A2
Q15187,A2
Q15188,A2
Q15189,A2
Q15190,A2
Q15191,A2
Q15192,A2
Q15193,A2
Q15194,A2
Q15195,A2
Q15196,A2
Q15197,A2
Q15198,A2
Q15199,A2
Q15200,A2
Q15201,A2
Q15202,A2
Q15203,A2
Q15204,A2
Q15205,A2
Q15206,A2
Q15207,A2
Q15208,A2
Q15209,A2
Q15210,A2
Q15211,A2
Q15212,A2
Q15213,A2
Q15214,A2
Q15215,A2
Q15216,A2
Q15217,A2
Q15218,A2
Q15219,A2
Q15220,A2
Q15221,A2
Q15222,A2
Q15223,A2
Q15224,A2
Q15225,A2
Q15226,A2
Q15227,A2
Q15228,A2
Q15229,A2
Q15230,A2
Q15231,A2
Q15232,A2
Q15233,A2
Q15234,A2
Q15235,A2
Q15236,A2
Q15237,A0
Q15238,A0
Q15239,A0
Q15240,A0
Q15241,A0
Q15242,A0
Q15243,A0
Q15244,A0
Q15245,A0
Q15246,A0
Q15247,A0
Q15248,A0
Q15249,A0
Q15250,A0
Q15251,A0
Q15252,A0
Q15253,A0
Q15254,A0
Q15255,A0
Q15256,A0
Q15257,A0
Q15258,A0
Q15259,A0
Q15260,A0
Q15261,A0
Q15262,A0
Q15263,A0
Q15264,A0
Q15265,A0
Q15266,A0
Q15267,A0
Q15268,A0
Q15269,A0
Q15270,A0
Q15271,A0
Q15272,A0
Q15273,A0
Q15274,A0
Q15275,A0
Q15276,A0
Q15277,A0
Q15278,A0
Q15279,A0
Q15280,A0
Q15281,A0
Q15282,A0
Q15283,A0
Q15284,A0
Q15285,A0
Q15286,A0
Q15287,A0
Q15288,A0
Q15289,A0
Q15290,A0
Q15291,A0
Q15292,A0
Q15293,A0
Q15294,A0
Q15295,A0
Q15296,A0
Q15297,A0
Q15298,A0
Q15299,A0
Q15300,A0
Q15301,A0
Q15302,A0
Q15303,A0
Q15304,A0
Q15305,A0
Q15306,A0
Q15307,A0
Q15308,A0
Q15309,A0
Q15310,A0
Q15311,A0
Q15312,A0
Q15313,A0
Q15314,A0
Q15315,A0
Q15316,A0
Q15317,A0
Q15318,A0
Q15319,A0
Q15320,A0
Q15321,A0
Q15322,A0
Q15323,A0
Q15324,A0
Q15325,A0
Q15326,A0
Q15327,A0
Q15328,A0
Q15329,A0
Q15330,A0
Q15331,A0
Q15332,A0
Q15333,A0
Q15334,A0
Q15335,A0
Q15336,A0
Q15337,A0
Q15338,A0
Q15339,A0
Q15340,A0
Q15341,A0
Q15342,A0
Q15343,A0
Q15344,A0
Q15345,A0
Q15346,A0
Q15347,A0
Q15348,A0
Q15349,A0
Q15350,A0
Q15351,A0
Q15352,A0
Q15353,A0
Q15354,A0
Q15355,A0
Q15356,A0
Q15357,A0
Q15358,A0
Q15359,A0
Q15360,A0
Q15361,A0
Q15362,A0
Q15363,A0
Q15364,A0
Q15365,A0
Q15366,A0
Q15367,A0
Q15368,A0
Q15369,A0
Q15370,A0
Q15371,A0
Q15372,A0
Q15373,A0
Q15374,A0
Q15375,A0
Q15376,A0
Q15377,A0
Q15378,A0
Q15379,A0
Q15380,A0
Q15381,A0
Q15382,A0
Q15383,A0
Q15384,A0
Q15385,A0
Q15386,A0
Q15387,A0
Q15388,A0
Q15389,A0
Q15390,A0
Q15391,A0
Q15392,A0
Q15393,A0
Q15394,A0
Q15395,A0
Q15396,A0
Q15397,A0
Q15398,A0
Q15399,A0
Q15400,A0
Q15401,A0
Q15402,A0
Q15403,A0
Q15404,A0
Q15405,A0
Q15406,A0
Q15407,A0
Q15408,A0
Q15409,A0
Q15410,A0
Q15411,A0
Q15412,A0
Q15413,A0
Q15414,A0
Q15415,A0
Q15416,A0
Q15417,A0
Q15418,A0
Q15419,A0
Q15420,A0
Q15421,A0
Q15422,A0
Q15423,A0
Q15424,A0
Q15425,A0
Q15426,A0
Q15427,A0
Q15428,A0
Q15429,A0
Q15430,A0
Q15431,A0
Q15432,A0
Q15433,A0
Q15434,A0
Q15435,A0
Q15436,A0
Q15437,A0
Q15438,A0
Q15439,A0
Q15440,A0
Q15441,A0
Q15442,A0
Q15443,A0
Q15444,A0
Q15445,A0
Q15446,A0
Q15447,A0
Q15448,A0
Q15449,A0
Q15450,A0
Q15451,A0
Q15452,A0
Q15453,A0
Q15454,A0
Q15455,A0
Q15456,A0
Q15457,A0
Q15458,A0
Q15459,A0
Q15460,A0
Q15461,A0
Q15462,A0
Q15463,A0
Q15464,A0
Q15465,A0
Q15466,A0
Q15467,A0
Q15468,A0
Q15469,A0
Q15470,A0
Q15471,A0
Q15472,A0
Q15473,A0
Q15474,A0
Q15475,A0
Q15476,A0
Q15477,A0
Q15478,A0
Q15479,A0
Q15480,A0
Q15481,A0
Q15482,A0
Q15483,A0
Q15484,A0
Q15485,A0
Q15486,A0
Q15487,A0
Q15488,A0
Q15489,A0
Q15490,A0
Q15491,A0
Q15492,A0
Q15493,A0
Q15494,A0
Q15495,A0
Q15496,A0
Q15497,A0
Q15498,A0
Q15499,A0
Q15500,A0
Q15501,A0
Q15502,A0
Q15503,A0
Q15504,A0
Q15505,A0
Q15506,A0
Q15507,A0
Q15508,A0
Q15509,A0
Q15510,A0
Q15511,A0
Q15512,A0
Q15513,A0
Q15514,A0
Q15515,A0
Q15516,A0
Q15517,A0
Q15518,A0
Q15519,A0
Q15520,A0
Q15521,A0
Q15522,A0
Q15523,A0
Q15524,A0
Q15525,A0
Q15526,A0
Q15527,A0
Q15528,A0
Q15529,A0
Q15530,A0
Q15531,A0
Q15532,A0
Q15533,A0
Q15534,A0
Q15535,A0
Q15536,A0
Q15537,A0
Q15538,A0
Q15539,A0
Q15540,A0
Q15541,A0
Q15542,A0
Q15543,A0
Q15544,A0
Q15545,A0
Q15546,A0
Q15547,A0
Q15548,A0
Q15549,A0
Q15550,A0
Q15551,A0
Q15552,A0
Q15553,A0
Q15554,A0
Q15555,A0
Q15556,A0
Q15557,A0
Q15558,A0
Q15559,A0
Q15560,A0
Q15561,A0
Q15562,A0
Q15563,A0
Q15564,A0
Q15565,A0
Q15566,A0
Q15567,A0
Q15568,A0
Q15569,A0
Q15570,A0
Q15571,A0
Q15572,A0
Q15573,A0
Q15574,A0
Q15575,A0
Q15576,A0
Q15577,A0
Q15578,A0
Q15579,A0
Q15580,A0
Q15581,A0
Q15582,A0
Q15583,A0
Q15584,A0
Q15585,A0
Q15586,A0
Q15587,A0
Q15588,A0
Q15589,A0
Q15590,A0
Q15591,A0
Q15592,A0
Q15593,A0
Q15594,A0
Q15595,A0
Q15596,A0
Q15597,A0
Q15598,A0
Q15599,A0
Q15600,A0
Q15601,A0
Q15602,A0
Q15603,A0
Q15604,A0
Q15605,A0
Q15606,A0
Q15607,A0
Q15608,A0
Q15609,A0
Q15610,A0
Q15611,A0
Q15612,A0
Q15613,A0
Q15614,A0
Q15615,A0
Q15616,A0
Q15617,A0
Q15618,A0
Q15619,A0
Q15620,A0
Q15621,A0
Q15622,A0
Q15623,A0
Q15624,A0
Q15625,A0
Q15626,A0
Q15627,A0
Q15628,A0
Q15629,A0
Q15630,A0
Q15631,A0
Q15632,A0
Q15633,A0
Q15634,A0
Q15635,A0
Q15636,A0
Q15637,A0
Q15638,A0
Q15639,A0
Q15640,A0
Q15641,A0
Q15642,A0
Q15643,A0
Q15644,A0
Q15645,A0
Q15646,A0
Q15647,A0
Q15648,A0
Q15649,A0
Q15650,A0
Q15651,A0
Q15652,A0
Q15653,A0
Q15654,A0
Q15655,A0
Q15656,A0
Q15657,A0
Q15658,A0
Q15659,A0
Q15660,A0
Q15661,A0
Q15662,A0
Q15663,A0
Q15664,A0
Q15665,A0
Q15666,A0
Q15667,A0
Q15668,A0
Q15669,A0
Q15670,A0
Q15671,A0
Q15672,A0
Q15673,A0
Q15674,A0
Q15675,A0
Q15676,A0
Q15677,A0
Q15678,A0
Q15679,A0
Q15680,A0
Q15681,A0
Q15682,A0
Q15683,A0
Q15684,A0
Q15685,A0
Q15686,A0
Q15687,A0
Q15688,A0
Q15689,A0
Q15690,A0
Q15691,A0
Q15692,A0
Q15693,A0
Q15694,A0
Q15695,A0
Q15696,A0
Q15697,A0
Q15698,A0
Q15699,A0
Q15700,A0
Q15701,A0
Q15702,A0
Q15703,A0
Q15704,A0
Q15705,A0
Q15706,A0
Q15707,A0
Q15708,A0
Q15709,A0
Q15710,A0
Q15711,A0
Q15712,A0
Q15713,A0
Q15714,A0
Q15715,A0
Q15716,A0
Q15717,A0
Q15718,A0
Q15719,A0
Q15720,A0
Q15721,A0
Q15722,A0
Q15723,A0
Q15724,A0
Q15725,A0
Q15726,A0
Q15727,A0
Q15728,A0
Q15729,A0
Q15730,A0
Q15731,A0
Q15732,A0
Q15733,A0
Q15734,A0
Q15735,A0
Q15736,A0
Q15737,A0
Q15738,A0
Q15739,A0
Q15740,A0
Q15741,A0
Q15742,A0
Q15743,A0
Q15744,A0
Q15745,A0
Q15746,A0
Q15747,A0
Q15748,A0
Q15749,A0
Q15750,A0
Q15751,A0
Q15752,A0
Q15753,A0
Q15754,A0
Q15755,A0
Q15756,A0
Q15757,A0
Q15758,A0
Q15759,A0
Q15760,A0
Q15761,A0
Q15762,A0
Q15763,A0
Q15764,A0
Q15765,A0
Q15766,A0
Q15767,A0
Q15768,A0
Q15769,A0
Q15770,A0
Q15771,A0
Q15772,A0
Q15773,A0
Q15774,A0
Q15775,A0
Q15776,A0
Q15777,A0
Q15778,A0
Q15779,A0
Q15780,A0
Q15781,A0
Q15782,A0
Q15783,A0
Q15784,A0
Q15785,A0
Q15786,A0
Q15787,A0
Q15788,A0
Q15789,A0
Q15790,A0
Q15791,A0
Q15792,A0
Q15793,A0
Q15794,A0
Q15795,A0
Q15796,A0
Q15797,A0
Q15798,A0
Q15799,A0
Q15800,A0
Q15801,A0
Q15802,A0
Q15803,A0
Q15804,A0
Q15805,A0
Q15806,A0
Q15807,A0
Q15808,A0
Q15809,A0
Q15810,A0
Q15811,A0
Q15812,A0
Q15813,A0
Q15814,A0
Q15815,A0
Q15816,A0
Q15817,A0
Q15818,A0
Q15819,A0
Q15820,A0
Q15821,A0
Q15822,A0
Q15823,A0
Q15824,A0
Q15825,A0
Q15826,A0
Q15827,A0
Q15828,A0
Q15829,A0
Q15830,A0
Q15831,A0
Q15832,A0
Q15833,A0
Q15834,A0
Q15835,A0
Q15836,A0
Q15837,A0
Q15838,A0
Q15839,A0
Q15840,A0
Q15841,A0
Q15842,A0
Q15843,A0
Q15844,A0
Q15845,A0
Q15846,A0
Q15847,A0
Q15848,A0
Q15849,A0
Q15850,A0
Q15851,A0
Q15852,A0
Q15853,A0
Q15854,A0
Q15855,A0
Q15856,A0
Q15857,A0
Q15858,A0
Q15859,A0
Q15860,A0
Q15861,A0
Q15862,A0
Q15863,A0
Q15864,A0
Q15865,A0
Q15866,A0
Q15867,A0
Q15868,A0
Q15869,A0
Q15870,A0
Q15871,A0
Q15872,A0
Q15873,A0
Q15874,A0
Q15875,A0
Q15876,A0
Q15877,A0
Q15878,A0
Q15879,A0
Q15880,A0
Q15881,A0
Q15882,A0
Q15883,A0
Q15884,A0
Q15885,A0
Q15886,A0
Q15887,A0
Q15888,A0
Q15889,A0
Q15890,A0
Q15891,A0
Q15892,A0
Q15893,A0
Q15894,A0
Q15895,A0
Q15896,A0
Q15897,A0
Q15898,A0
Q15899,A0
Q15900,A0
Q15901,A0
Q15902,A0
Q15903,A0
Q15904,A0
Q15905,A0
Q15906,A0
Q15907,A0
Q15908,A0
Q15909,A0
Q15910,A0
Q15911,A0
Q15912,A0
Q15913,A0
Q15914,A0
Q15915,A0
Q15916,A0
Q15917,A0
Q15918,A0
Q15919,A0
Q15920,A0
Q15921,A0
Q15922,A0
Q15923,A0
Q15924,A0
Q15925,A0
Q15926,A0
Q15927,A0
Q15928,A0
Q15929,A0
Q15930,A0
Q15931,A0
Q15932,A0
Q15933,A0
Q15934,A0
Q15935,A0
Q15936,A0
Q15937,A0
Q15938,A0
Q15939,A0
Q15940,A0
Q15941,A0
Q15942,A0
Q15943,A0
Q15944,A0
Q15945,A0
Q15946,A0
Q15947,A0
Q15948,A0
Q15949,A0
Q15950,A0
Q15951,A0
Q15952,A0
Q15953,A0
Q15954,A0
Q15955,A0
Q15956,A0
Q15957,A0
Q15958,A0
Q15959,A0
Q15960,A0
Q15961,A0
Q15962,A0
Q15963,A0
Q15964,A0
Q15965,A0
Q15966,A0
Q15967,A0
Q15968,A0
Q15969,A0
Q15970,A0
Q15971,A0
Q15972,A0
Q15973,A0
Q15974,A0
Q15975,A0
Q15976,A0
Q15977,A0
Q15978,A0
Q15979,A0
Q15980,A0
Q15981,A0
Q15982,A0
Q15983,A0
Q15984,A0
Q15985,A0
Q15986,A0
Q15987,A0
Q15988,A0
Q15989,A0
Q15990,A0
Q15991,A0
Q15992,A0
Q15993,A0
Q15994,A0
Q15995,A0
Q15996,A0
Q15997,A0
Q15998,A0
Q15999,A0
Q16000,A0
Q16001,A0
Q16002,A0
Q16003,A0
Q16004,A0
Q16005,A0
Q16006,A0
Q16007,A0
Q16008,A0
Q16009,A0
Q16010,A0
Q16011,A0
Q16012,A0
Q16013,A0
Q16014,A0
Q16015,A0
Q16016,A0
Q16017,A0
Q16018,A0
Q16019,A0
Q16020,A0
Q16021,A0
Q16022,A0
Q16023,A0
Q16024,A0
Q16025,A0
Q16026,A0
Q16027,A0
Q16028,A0
Q16029,A0
Q16030,A0
Q16031,A0
Q16032,A0
Q16033,A0
Q16034,A0
Q16035,A0
Q16036,A0
Q16037,A0
Q16038,A0
Q16039,A0
Q16040,A0
Q16041,A0
Q16042,A0
Q16043,A0
Q16044,A0
Q16045,A0
Q16046,A0
Q16047,A0
Q16048,A0
Q16049,A0
Q16050,A0
Q16051,A0
Q16052,A0
Q16053,A0
Q16054,A0
Q16055,A0
Q16056,A0
Q16057,A0
Q16058,A0
Q16059,A0
Q16060,A0
Q16061,A0
Q16062,A0
Q16063,A0
Q16064,A0
Q16065,A0
Q16066,A0
Q16067,A0
Q16068,A0
Q16069,A0
Q16070,A0
Q16071,A0
Q16072,A0
Q16073,A0
Q16074,A0
Q16075,A0
Q16076,A0
Q16077,A0
Q16078,A0
Q16079,A0
Q16080,A0
Q16081,A0
Q16082,A0
Q16083,A0
Q16084,A0
Q16085,A0
Q16086,A0
Q16087,A0
Q16088,A0
Q16089,A0
Q16090,A0
Q16091,A0
Q16092,A0
Q16093,A0
Q16094,A0
Q16095,A0
Q16096,A0
Q16097,A0
Q16098,A0
Q16099,A0
Q16100,A0
Q16101,A0
Q16102,A0
Q16103,A0
Q16104,A0
Q16105,A0
Q16106,A0
Q16107,A0
Q16108,A0
Q16109,A0
Q16110,A0
Q16111,A0
Q16112,A0
Q16113,A0
Q16114,A0
Q16115,A0
Q16116,A0
Q16117,A0
Q16118,A0
Q16119,A0
Q16120,A0
Q16121,A0
Q16122,A0
Q16123,A0
Q16124,A0
Q16125,A0
Q16126,A0
Q16127,A0
Q16128,A0
Q16129,A0
Q16130,A0
Q16131,A0
Q16132,A0
Q16133,A0
Q16134,A0
Q16135,A0
Q16136,A0
Q16137,A0
Q16138,A0
Q16139,A0
Q16140,A0
Q16141,A0
Q16142,A0
Q16143,A0
Q16144,A0
Q16145,A0
Q16146,A0
Q16147,A0
Q16148,A0
Q16149,A0
Q16150,A0
Q16151,A0
Q16152,A0
Q16153,A0
Q16154,A0
Q16155,A0
Q16156,A0
Q16157,A0
Q16158,A0
Q16159,A0
Q16160,A0
Q16161,A0
Q16162,A0
Q16163,A0
Q16164,A0
Q16165,A0
Q16166,A0
Q16167,A0
Q16168,A0
Q16169,A0
Q16170,A0
Q16171,A0
Q16172,A0
Q16173,A0
Q16174,A0
Q16175,A0
Q16176,A0
Q16177,A0
Q16178,A0
Q16179,A0
Q16180,A0
Q16181,A0
Q16182,A0
Q16183,A0
Q16184,A0
Q16185,A0
Q16186,A0
Q16187,A0
Q16188,A0
Q16189,A0
Q16190,A0
Q16191,A0
Q16192,A0
Q16193,A0
Q16194,A0
Q16195,A0
Q16196,A0
Q16197,A0
Q16198,A0
Q16199,A0
Q16200,A0
Q16201,A0
Q16202,A0
Q16203,A0
Q16204,A0
Q16205,A0
Q16206,A0
Q16207,A0
Q16208,A0
Q16209,A0
Q16210,A0
Q16211,A0
Q16212,A0
Q16213,A0
Q16214,A0
Q16215,A0
Q16216,A0
Q16217,A0
Q16218,A0
Q16219,A0
Q16220,A0
Q16221,A0
Q16222,A0
Q16223,A0
Q16224,A0
Q16225,A0
Q16226,A0
Q16227,A0
Q16228,A0
Q16229,A0
Q16230,A0
Q16231,A0
Q16232,A0
Q16233,A0
Q16234,A0
Q16235,A0
Q16236,A0
Q16237,A0
Q16238,A0
Q16239,A0
Q16240,A0
Q16241,A0
Q16242,A0
Q16243,A0
Q16244,A0
Q16245,A0
Q16246,A0
Q16247,A0
Q16248,A0
Q16249,A0
Q16250,A0
Q16251,A0
Q16252,A0
Q16253,A0
Q16254,A0
Q16255,A0
Q16256,A0
Q16257,A0
Q16258,A0
Q16259,A0
Q16260,A0
Q16261,A0
Q16262,A0
Q16263,A0
Q16264,A0
Q16265,A0
Q16266,A0
Q16267,A0
Q16268,A0
Q16269,A0
Q16270,A0
Q16271,A0
Q16272,A0
Q16273,A0
Q16274,A0
Q16275,A0
Q16276,A0
Q16277,A0
Q16278,A0
Q16279,A0
Q16280,A0
Q16281,A0
Q16282,A0
Q16283,A0
Q16284,A0
Q16285,A0
Q16286,A0
Q16287,A0
Q16288,A0
Q16289,A0
Q16290,A0
Q16291,A0
Q16292,A0
Q16293,A0
Q16294,A0
Q16295,A0
Q16296,A0
Q16297,A0
Q16298,A0
Q16299,A0
Q16300,A0
Q16301,A0
Q16302,A0
Q16303,A0
Q16304,A0
Q16305,A0
Q16306,A0
Q16307,A0
Q16308,A0
Q16309,A0
Q16310,A0
Q16311,A0
Q16312,A0
Q16313,A0
Q16314,A0
Q16315,A0
Q16316,A0
Q16317,A0
Q16318,A0
Q16319,A0
Q16320,A0
Q16321,A0
Q16322,A0
Q16323,A0
Q16324,A0
Q16325,A0
Q16326,A0
Q16327,A0
Q16328,A0
Q16329,A0
Q16330,A0
Q16331,A0
Q16332,A0
Q16333,A0
Q16334,A0
Q16335,A0
Q16336,A0
Q16337,A0
Q16338,A0
Q16339,A0
Q16340,A0
Q16341,A0
Q16342,A0
Q16343,A0
Q16344,A0
Q16345,A0
Q16346,A0
Q16347,A0
Q16348,A0
Q16349,A0
Q16350,A0
Q16351,A0
Q16352,A0
Q16353,A0
Q16354,A0
Q16355,A0
Q16356,A0
Q16357,A0
Q16358,A0
Q16359,A0
Q16360,A0
Q16361,A0
Q16362,A0
Q16363,A0
Q16364,A0
Q16365,A0
Q16366,A0
Q16367,A0
Q16368,A0
Q16369,A0
Q16370,A0
Q16371,A0
Q16372,A0
Q16373,A0
Q16374,A0
Q16375,A0
Q16376,A0
Q16377,A0
Q16378,A0
Q16379,A0
Q16380,A0
Q16381,A0
Q16382,A0
Q16383,A0
Q16384,A0
Q16385,A0
Q16386,A0
Q16387,A0
Q16388,A0
Q16389,A0
Q16390,A0
Q16391,A0
Q16392,A0
Q16393,A0
Q16394,A0
Q16395,A0
Q16396,A0
Q16397,A0
Q16398,A0
Q16399,A0
Q16400,A0
Q16401,A0
Q16402,A0
Q16403,A0
Q16404,A0
Q16405,A0
Q16406,A0
Q16407,A0
Q16408,A0
Q16409,A0
Q16410,A0
Q16411,A0
Q16412,A0
Q16413,A0
Q16414,A0
Q16415,A0
Q16416,A0
Q16417,A0
Q16418,A0
Q16419,A0
Q16420,A0
Q16421,A0
Q16422,A0
Q16423,A0
Q16424,A0
Q16425,A0
Q16426,A0
Q16427,A0
Q16428,A0
Q16429,A0
Q16430,A0
Q16431,A0
Q16432,A0
Q16433,A0
Q16434,A0
Q16435,A0
Q16436,A0
Q16437,A0
Q16438,A0
Q16439,A0
Q16440,A0
Q16441,A0
Q16442,A0
Q16443,A0
Q16444,A0
Q16445,A0
Q16446,A0
Q16447,A0
Q16448,A0
Q16449,A0
Q16450,A0
Q16451,A0
Q16452,A0
Q16453,A0
Q16454,A0
Q16455,A0
Q16456,A0
Q16457,A0
Q16458,A0
Q16459,A0
Q16460,A0
Q16461,A0
Q16462,A0
Q16463,A0
Q16464,A0
Q16465,A0
Q16466,A0
Q16467,A0
Q16468,A0
Q16469,A0
Q16470,A0
Q16471,A0
Q16472,A0
Q16473,A0
Q16474,A0
Q16475,A0
Q16476,A0
Q16477,A0
Q16478,A0
Q16479,A0
Q16480,A0
Q16481,A0
Q16482,A0
Q16483,A0
Q16484,A0
Q16485,A0
Q16486,A0
Q16487,A0
Q16488,A0
Q16489,A0
Q16490,A0
Q16491,A0
Q16492,A0
Q16493,A0
Q16494,A0
Q16495,A0
Q16496,A0
Q16497,A0
Q16498,A0
Q16499,A0
Q16500,A0
Q16501,A0
Q16502,A0
Q16503,A0
Q16504,A0
Q16505,A0
Q16506,A0
Q16507,A0
Q16508,A0
Q16509,A0
Q16510,A0
Q16511,A0
Q16512,A0
Q16513,A0
Q16514,A0
Q16515,A0
Q16516,A0
Q16517,A0
Q16518,A0
Q16519,A0
Q16520,A0
Q16521,A0
Q16522,A0
Q16523,A0
Q16524,A0
Q16525,A0
Q16526,A0
Q16527,A0
Q16528,A0
Q16529,A0
Q16530,A0
Q16531,A0
Q16532,A0
Q16533,A0
Q16534,A0
Q16535,A0
Q16536,A0
Q16537,A0
Q16538,A0
Q16539,A0
Q16540,A0
Q16541,A0
Q16542,A0
Q16543,A0
Q16544,A0
Q16545,A0
Q16546,A0
Q16547,A0
Q16548,A0
Q16549,A0
Q16550,A0
Q16551,A0
Q16552,A0
Q16553,A0
Q16554,A0
Q16555,A0
Q16556,A0
Q16557,A0
Q16558,A0
Q16559,A0
Q16560,A0
Q16561,A0
Q16562,A0
Q16563,A0
Q16564,A0
Q16565,A0
Q16566,A0
Q16567,A0
Q16568,A0
Q16569,A0
Q16570,A0
Q16571,A0
Q16572,A0
Q16573,A0
Q16574,A0
Q16575,A0
Q16576,A0
Q16577,A0
Q16578,A0
Q16579,A0
Q16580,A0
Q16581,A0
Q16582,A0
Q16583,A0
Q16584,A0
Q16585,A0
Q16586,A0
Q16587,A0
Q16588,A0
Q16589,A0
Q16590,A0
Q16591,A0
Q16592,A0
Q16593,A0
Q16594,A0
Q16595,A0
Q16596,A0
Q16597,A0
Q16598,A0
Q16599,A0
Q16600,A0
Q16601,A0
Q16602,A0
Q16603,A0
Q16604,A0
Q16605,A0
Q16606,A0
Q16607,A0
Q16608,A0
Q16609,A0
Q16610,A0
Q16611,A0
Q16612,A0
Q16613,A0
Q16614,A0
Q16615,A0
Q16616,A0
Q16617,A0
Q16618,A0
Q16619,A0
Q16620,A0
Q16621,A0
Q16622,A0
Q16623,A0
Q16624,A0
Q16625,A0
Q16626,A0
Q16627,A0
Q16628,A0
Q16629,A0
Q16630,A0
Q16631,A0
Q16632,A0
Q16633,A0
Q16634,A0
Q16635,A0
Q16636,A0
Q16637,A0
Q16638,A0
Q16639,A0
Q16640,A0
Q16641,A0
Q16642,A0
Q16643,A0
Q16644,A0
Q16645,A0
Q16646,A0
Q16647,A0
Q16648,A0
Q16649,A0
Q16650,A0
Q16651,A0
Q16652,A0
Q16653,A0
Q16654,A0
Q16655,A0
Q16656,A0
Q16657,A0
Q16658,A0
Q16659,A0
Q16660,A0
Q16661,A0
Q16662,A0
Q16663,A0
Q16664,A0
Q16665,A0
Q16666,A0
Q16667,A0
Q16668,A0
Q16669,A0
Q16670,A0
Q16671,A0
Q16672,A0
Q16673,A0
Q16674,A0
Q16675,A0
Q16676,A0
Q16677,A0
Q16678,A0
Q16679,A0
Q16680,A0
Q16681,A0
Q16682,A0
Q16683,A0
Q16684,A0
Q16685,A0
Q16686,A0
Q16687,A0
Q16688,A0
Q16689,A0
Q16690,A0
Q16691,A0
Q16692,A0
Q16693,A0
Q16694,A0
Q16695,A0
Q16696,A0
Q16697,A0
Q16698,A0
Q16699,A0
Q16700,A0
Q16701,A0
Q16702,A0
Q16703,A0
Q16704,A0
Q16705,A0
Q16706,A0
Q16707,A0
Q16708,A0
Q16709,A0
Q16710,A0
Q16711,A0
Q16712,A0
Q16713,A0
Q16714,A0
Q16715,A0
Q16716,A0
Q16717,A0
Q16718,A0
Q16719,A0
Q16720,A0
Q16721,A0
Q16722,A0
Q16723,A0
Q16724,A0
Q16725,A0
Q16726,A0
Q16727,A0
Q16728,A0
Q16729,A0
Q16730,A0
Q16731,A0
Q16732,A0
Q16733,A0
Q16734,A0
Q16735,A0
Q16736,A0
Q16737,A0
Q16738,A0
Q16739,A0
Q16740,A0
Q16741,A0
Q16742,A0
Q16743,A0
Q16744,A0
Q16745,A0
Q16746,A0
Q16747,A0
Q16748,A0
Q16749,A0
Q16750,A0
Q16751,A0
Q16752,A0
Q16753,A0
Q16754,A0
Q16755,A0
Q16756,A0
Q16757,A0
Q16758,A0
Q16759,A0
Q16760,A0
Q16761,A0
Q16762,A0
Q16763,A0
Q16764,A0
Q16765,A0
Q16766,A0
Q16767,A0
Q16768,A0
Q16769,A0
Q16770,A0
Q16771,A0
Q16772,A0
Q16773,A0
Q16774,A0
Q16775,A0
Q16776,A0
Q16777,A0
Q16778,A0
Q16779,A0
Q16780,A0
Q16781,A0
Q16782,A0
Q16783,A0
Q16784,A0
Q16785,A0
Q16786,A0
Q16787,A0
Q16788,A0
Q16789,A0
Q16790,A0
Q16791,A0
Q16792,A0
Q16793,A0
Q16794,A0
Q16795,A0
Q16796,A0
Q16797,A0
Q16798,A0
Q16799,A0
Q16800,A0
Q16801,A0
Q16802,A0
Q16803,A0
Q16804,A0
Q16805,A0
Q16806,A0
Q16807,A0
Q16808,A0
Q16809,A0
Q16810,A0
Q16811,A0
Q16812,A0
Q16813,A0
Q16814,A0
Q16815,A0
Q16816,A0
Q16817,A0
Q16818,A0
Q16819,A0
Q16820,A0
Q16821,A0
Q16822,A0
Q16823,A0
Q16824,A0
Q16825,A0
Q16826,A0
Q16827,A0
Q16828,A0
Q16829,A0
Q16830,A0
Q16831,A0
Q16832,A0
Q16833,A0
Q16834,A0
Q16835,A0
Q16836,A0
Q16837,A0
Q16838,A0
Q16839,A0
Q16840,A0
Q16841,A0
Q16842,A0
Q16843,A0
Q16844,A0
Q16845,A0
Q16846,A0
Q16847,A0
Q16848,A0
Q16849,A0
Q16850,A0
Q16851,A0
Q16852,A0
Q16853,A0
Q16854,A0
Q16855,A0
Q16856,A0
Q16857,A0
Q16858,A0
Q16859,A0
Q16860,A0
Q16861,A0
Q16862,A0
Q16863,A0
Q16864,A0
Q16865,A0
Q16866,A0
Q16867,A0
Q16868,A0
Q16869,A0
Q16870,A0
Q16871,A0
Q16872,A0
Q16873,A0
Q16874,A0
Q16875,A0
Q16876,A0
Q16877,A0
Q16878,A0
Q16879,A0
Q16880,A0
Q16881,A0
Q16882,A0
Q16883,A0
Q16884,A0
Q16885,A0
Q16886,A0
Q16887,A0
Q16888,A0
Q16889,A0
Q16890,A0
Q16891,A0
Q16892,A0
Q16893,A0
Q16894,A0
Q16895,A0
Q16896,A0
Q16897,A0
Q16898,A0
Q16899,A0
Q16900,A0
Q16901,A0
Q16902,A0
Q16903,A0
Q16904,A0
Q16905,A0
Q16906,A0
Q16907,A0
Q16908,A0
Q16909,A0
Q16910,A0
Q16911,A0
Q16912,A0
Q16913,A0
Q16914,A0
Q16915,A0
Q16916,A0
Q16917,A0
Q16918,A0
Q16919,A0
Q16920,A0
Q16921,A0
Q16922,A0
Q16923,A0
Q16924,A0
Q16925,A0
Q16926,A0
Q16927,A0
Q16928,A0
Q16929,A0
Q16930,A0
Q16931,A0
Q16932,A0
Q16933,A0
Q16934,A0
Q16935,A0
Q16936,A0
Q16937,A0
Q16938,A0
Q16939,A0
Q16940,A0
Q16941,A0
Q16942,A0
Q16943,A0
Q16944,A0
Q16945,A0
Q16946,A0
Q16947,A0
Q16948,A0
Q16949,A0
Q16950,A0
Q16951,A0
Q16952,A0
Q16953,A0
Q16954,A0
Q16955,A0
Q16956,A0
Q16957,A0
Q16958,A0
Q16959,A0
Q16960,A0
Q16961,A0
Q16962,A0
Q16963,A0
Q16964,A0
Q16965,A0
Q16966,A0
Q16967,A0
Q16968,A0
Q16969,A0
Q16970,A0
Q16971,A0
Q16972,A0
Q16973,A0
Q16974,A0
Q16975,A0
Q16976,A0
Q16977,A0
Q16978,A0
Q16979,A0
Q16980,A0
Q16981,A0
Q16982,A0
Q16983,A0
Q16984,A0
Q16985,A0
Q16986,A0
Q16987,A0
Q16988,A0
Q16989,A0
Q16990,A0
Q16991,A0
Q16992,A0
Q16993,A0
Q16994,A0
Q16995,A0
Q16996,A0
Q16997,A0
Q16998,A0
Q16999,A0
Q17000,A0
Q17001,A0
Q17002,A0
Q17003,A0
Q17004,A0
Q17005,A0
Q17006,A0
Q17007,A0
Q17008,A0
Q17009,A0
Q17010,A0
Q17011,A0
Q17012,A0
Q17013,A0
Q17014,A0
Q17015,A0
Q17016,A0
Q17017,A0
Q17018,A0
Q17019,A0
Q17020,A0
Q17021,A0
Q17022,A0
Q17023,A0
Q17024,A0
Q17025,A0
Q17026,A0
Q17027,A0
Q17028,A0
Q17029,A0
Q17030,A0
Q17031,A0
Q17032,A0
Q17033,A0
Q17034,A0
Q17035,A0
Q17036,A0
Q17037,A0
Q17038,A0
Q17039,A0
Q17040,A0
Q17041,A0
Q17042,A0
Q17043,A0
Q17044,A0
Q17045,A0
Q17046,A0
Q17047,A0
Q17048,A0
Q17049,A0
Q17050,A0
Q17051,A0
Q17052,A0
Q17053,A0
Q17054,A0
Q17055,A0
Q17056,A0
Q17057,A0
Q17058,A0
Q17059,A0
Q17060,A0
Q17061,A0
Q17062,A0
Q17063,A0
Q17064,A0
Q17065,A0
Q17066,A0
Q17067,A0
Q17068,A0
Q17069,A0
Q17070,A0
Q17071,A0
Q17072,A0
Q17073,A0
Q17074,A0
Q17075,A0
Q17076,A0
Q17077,A0
Q17078,A0
Q17079,A0
Q17080,A0
Q17081,A0
Q17082,A0
Q17083,A0
Q17084,A0
Q17085,A0
Q17086,A0
Q17087,A0
Q17088,A0
Q17089,A0
Q17090,A0
Q17091,A0
Q17092,A0
Q17093,A0
Q17094,A0
Q17095,A0
Q17096,A0
Q17097,A0
Q17098,A0
Q17099,A0
Q17100,A0
Q17101,A0
Q17102,A0
Q17103,A0
Q17104,A0
Q17105,A0
Q17106,A0
Q17107,A0
Q17108,A0
Q17109,A0
Q17110,A0
Q17111,A0
Q17112,A0
Q17113,A0
Q17114,A0
Q17115,A0
Q17116,A0
Q17117,A0
Q17118,A0
Q17119,A0
Q17120,A0
Q17121,A0
Q17122,A0
Q17123,A0
Q17124,A0
Q17125,A0
Q17126,A0
Q17127,A0
Q17128,A0
Q17129,A0
Q17130,A0
Q17131,A0
Q17132,A0
Q17133,A0
Q17134,A0
Q17135,A0
Q17136,A0
Q17137,A0
Q17138,A0
Q17139,A0
Q17140,A0
Q17141,A0
Q17142,A0
Q17143,A0
Q17144,A0
Q17145,A0
Q17146,A0
Q17147,A0
Q17148,A0
Q17149,A0
Q17150,A0
Q17151,A0
Q17152,A0
Q17153,A0
Q17154,A0
Q17155,A0
Q17156,A0
Q17157,A0
Q17158,A0
Q17159,A0
Q17160,A0
Q17161,A0
Q17162,A0
Q17163,A0
Q17164,A0
Q17165,A0
Q17166,A0
Q17167,A0
Q17168,A0
Q17169,A0
Q17170,A0
Q17171,A0
Q17172,A0
Q17173,A0
Q17174,A0
Q17175,A0
Q17176,A0
Q17177,A0
Q17178,A0
Q17179,A0
Q17180,A0
Q17181,A0
Q17182,A0
Q17183,A0
Q17184,A0
Q17185,A0
Q17186,A0
Q17187,A0
Q17188,A0
Q17189,A0
Q17190,A0
Q17191,A0
Q17192,A0
Q17193,A0
Q17194,A0
Q17195,A0
Q17196,A0
Q17197,A0
Q17198,A0
Q17199,A0
Q17200,A0
Q17201,A0
Q17202,A0
Q17203,A0
Q17204,A0
Q17205,A0
Q17206,A0
Q17207,A0
Q17208,A0
Q17209,A0
Q17210,A0
Q17211,A0
Q17212,A0
Q17213,A0
Q17214,A0
Q17215,A0
Q17216,A0
Q17217,A0
Q17218,A0
Q17219,A0
Q17220,A0
Q17221,A0
Q17222,A0
Q17223,A0
Q17224,A0
Q17225,A0
Q17226,A0
Q17227,A0
Q17228,A0
Q17229,A0
Q17230,A0
Q17231,A0
Q17232,A0
Q17233,A0
Q17234,A0
Q17235,A0
Q17236,A0
Q17237,A0
Q17238,A0
Q17239,A0
Q17240,A0
Q17241,A0
Q17242,A0
Q17243,A0
Q17244,A0
Q17245,A0
Q17246,A0
Q17247,A0
Q17248,A0
Q17249,A0
Q17250,A0
Q17251,A0
Q17252,A0
Q17253,A0
Q17254,A0
Q17255,A0
Q17256,A0
Q17257,A0
Q17258,A0
Q17259,A0
Q17260,A0
Q17261,A0
Q17262,A0
Q17263,A0
Q17264,A0
Q17265,A0
Q17266,A0
Q17267,A0
Q17268,A0
Q17269,A0
Q17270,A0
Q17271,A0
Q17272,A0
Q17273,A0
Q17274,A0
Q17275,A0
Q17276,A0
Q17277,A0
Q17278,A0
Q17279,A0
Q17280,A0
Q17281,A0
Q17282,A0
Q17283,A0
Q17284,A0
Q17285,A0
Q17286,A0
Q17287,A0
Q17288,A0
Q17289,A0
Q17290,A0
Q17291,A0
Q17292,A0
Q17293,A0
Q17294,A0
Q17295,A0
Q17296,A0
Q17297,A0
Q17298,A0
Q17299,A0
Q17300,A0
Q17301,A0
Q17302,A0
Q17303,A0
Q17304,A0
Q17305,A0
Q17306,A0
Q17307,A0
Q17308,A0
Q17309,A0
Q17310,A0
Q17311,A0
Q17312,A0
Q17313,A0
Q17314,A0
Q17315,A0
Q17316,A0
Q17317,A0
Q17318,A0
Q17319,A0
Q17320,A0
Q17321,A0
Q17322,A0
Q17323,A0
Q17324,A0
Q17325,A0
Q17326,A0
Q17327,A0
Q17328,A0
Q17329,A0
Q17330,A0
Q17331,A0
Q17332,A0
Q17333,A0
Q17334,A0
Q17335,A0
Q17336,A0
Q17337,A0
Q17338,A0
Q17339,A0
Q17340,A0
Q17341,A0
Q17342,A0
Q17343,A0
Q17344,A0
Q17345,A0
Q17346,A0
Q17347,A0
Q17348,A0
Q17349,A0
Q17350,A0
Q17351,A0
Q17352,A0
Q17353,A0
Q17354,A0
Q17355,A0
Q17356,A0
Q17357,A0
Q17358,A0
Q17359,A0
Q17360,A0
Q17361,A0
Q17362,A0
Q17363,A0
Q17364,A0
Q17365,A0
Q17366,A0
Q17367,A0
Q17368,A0
Q17369,A0
Q17370,A0
Q17371,A0
Q17372,A0
Q17373,A0
Q17374,A0
Q17375,A0
Q17376,A0
Q17377,A0
Q17378,A0
Q17379,A0
Q17380,A0
Q17381,A0
Q17382,A0
Q17383,A0
Q17384,A0
Q17385,A0
Q17386,A0
Q17387,A0
Q17388,A0
Q17389,A0
Q17390,A0
Q17391,A0
Q17392,A0
Q17393,A0
Q17394,A0
Q17395,A0
Q17396,A0
Q17397,A0
Q17398,A0
Q17399,A0
Q17400,A0
Q17401,A0
Q17402,A0
Q17403,A0
Q17404,A0
Q17405,A0
Q17406,A0
Q17407,A0
Q17408,A0
Q17409,A0
Q17410,A0
Q17411,A0
Q17412,A0
Q17413,A0
Q17414,A0
Q17415,A0
Q17416,A0
Q17417,A0
Q17418,A0
Q17419,A0
Q17420,A0
Q17421,A0
Q17422,A0
Q17423,A0
Q17424,A0
Q17425,A0
Q17426,A0
Q17427,A0
Q17428,A0
Q17429,A0
Q17430,A0
Q17431,A0
Q17432,A0
Q17433,A0
Q17434,A0
Q17435,A0
Q17436,A0
Q17437,A0
Q17438,A0
Q17439,A0
Q17440,A0
Q17441,A0
Q17442,A0
Q17443,A0
Q17444,A0
Q17445,A0
Q17446,A0
Q17447,A0
Q17448,A0
Q17449,A0
Q17450,A0
Q17451,A0
Q17452,A0
Q17453,A0
Q17454,A0
Q17455,A0
Q17456,A0
Q17457,A0
Q17458,A0
Q17459,A0
Q17460,A0
Q17461,A0
Q17462,A0
Q17463,A0
Q17464,A0
Q17465,A0
Q17466,A0
Q17467,A0
Q17468,A0
Q17469,A0
Q17470,A0
Q17471,A0
Q17472,A0
Q17473,A0
Q17474,A0
Q17475,A0
Q17476,A0
Q17477,A0
Q17478,A0
Q17479,A0
Q17480,A0
Q17481,A0
Q17482,A0
Q17483,A0
Q17484,A0
Q17485,A0
Q17486,A0
Q17487,A0
Q17488,A0
Q17489,A0
Q17490,A0
Q17491,A0
Q17492,A0
Q17493,A0
Q17494,A0
Q17495,A0
Q17496,A0
Q17497,A0
Q17498,A0
Q17499,A0
Q17500,A0
Q17501,A0
Q17502,A0
Q17503,A0
Q17504,A0
Q17505,A0
Q17506,A0
Q17507,A0
Q17508,A0
Q17509,A0
Q17510,A0
Q17511,A0
Q17512,A0
Q17513,A0
Q17514,A0
Q17515,A0
Q17516,A0
Q17517,A0
Q17518,A0
Q17519,A0
Q17520,A0
Q17521,A0
Q17522,A0
Q17523,A0
Q17524,A0
Q17525,A0
Q17526,A0
Q17527,A0
Q17528,A0
Q17529,A0
Q17530,A0
Q17531,A0
Q17532,A0
Q17533,A0
Q17534,A0
Q17535,A0
Q17536,A0
Q17537,A0
Q17538,A0
Q17539,A0
Q17540,A0
Q17541,A0
Q17542,A0
Q17543,A0
Q17544,A0
Q17545,A0
Q17546,A0
Q17547,A0
Q17548,A0
Q17549,A0
Q17550,A0
Q17551,A0
Q17552,A0
Q17553,A0
Q17554,A0
Q17555,A0
Q17556,A0
Q17557,A0
Q17558,A0
Q17559,A0
Q17560,A0
Q17561,A0
Q17562,A0
Q17563,A0
Q17564,A0
Q17565,A0
Q17566,A0
Q17567,A0
Q17568,A0
Q17569,A0
Q17570,A0
Q17571,A0
Q17572,A0
Q17573,A0
Q17574,A0
Q17575,A0
Q17576,A0
Q17577,A0
Q17578,A0
Q17579,A0
Q17580,A0
Q17581,A0
Q17582,A0
Q17583,A0
Q17584,A0
Q17585,A0
Q17586,A0
Q17587,A0
Q17588,A0
Q17589,A0
Q17590,A0
Q17591,A0
Q17592,A0
Q17593,A0
Q17594,A0
Q17595,A0
Q17596,A0
Q17597,A0
Q17598,A0
Q17599,A0
Q17600,A0
Q17601,A0
Q17602,A0
Q17603,A0
Q17604,A0
Q17605,A0
Q17606,A0
Q17607,A0
Q17608,A0
Q17609,A0
Q17610,A0
Q17611,A0
Q17612,A0
Q17613,A0
Q17614,A0
Q17615,A0
Q17616,A0
Q17617,A0
Q17618,A0
Q17619,A0
Q17620,A0
Q17621,A0
Q17622,A0
Q17623,A0
Q17624,A0
Q17625,A0
Q17626,A0
Q17627,A0
Q17628,A0
Q17629,A0
Q17630,A0
Q17631,A0
Q17632,A0
Q17633,A0
Q17634,A0
Q17635,A0
Q17636,A0
Q17637,A0
Q17638,A0
Q17639,A0
Q17640,A0
Q17641,A0
Q17642,A0
Q17643,A0
Q17644,A0
Q17645,A0
Q17646,A0
Q17647,A0
Q17648,A0
Q17649,A0
Q17650,A0
Q17651,A0
Q17652,A0
Q17653,A0
Q17654,A0
Q17655,A0
Q17656,A0
Q17657,A0
Q17658,A0
Q17659,A0
Q17660,A0
Q17661,A0
Q17662,A0
Q17663,A0
Q17664,A0
Q17665,A0
Q17666,A0
Q17667,A0
Q17668,A0
Q17669,A0
Q17670,A0
Q17671,A0
Q17672,A0
Q17673,A0
Q17674,A0
Q17675,A0
Q17676,A0
Q17677,A0
Q17678,A0
Q17679,A0
Q17680,A0
Q17681,A0
Q17682,A0
Q17683,A0
Q17684,A0
Q17685,A0
Q17686,A0
Q17687,A0
Q17688,A0
Q17689,A0
Q17690,A0
Q17691,A0
Q17692,A0
Q17693,A0
Q17694,A0
Q17695,A0
Q17696,A0
Q17697,A0
Q17698,A0
Q17699,A0
Q17700,A0
Q17701,A0
Q17702,A0
Q17703,A0
Q17704,A0
Q17705,A0
Q17706,A0
Q17707,A0
Q17708,A0
Q17709,A0
Q17710,A0
Q17711,A0
Q17712,A0
Q17713,A0
Q17714,A0
Q17715,A0
Q17716,A0
Q17717,A0
Q17718,A0
Q17719,A0
Q17720,A0
Q17721,A0
Q17722,A0
Q17723,A0
Q17724,A0
Q17725,A0
Q17726,A0
Q17727,A0
Q17728,A0
Q17729,A0
Q17730,A0
Q17731,A0
Q17732,A0
Q17733,A0
Q17734,A0
Q17735,A0
Q17736,A0
Q17737,A0
Q17738,A0
Q17739,A0
Q17740,A0
Q17741,A0
Q17742,A0
Q17743,A0
Q17744,A0
Q17745,A0
Q17746,A0
Q17747,A0
Q17748,A0
Q17749,A0
Q17750,A0
Q17751,A0
Q17752,A0
Q17753,A0
Q17754,A0
Q17755,A0
Q17756,A0
Q17757,A0
Q17758,A0
Q17759,A0
Q17760,A0
Q17761,A0
Q17762,A0
Q17763,A0
Q17764,A0
Q17765,A0
Q17766,A0
Q17767,A0
Q17768,A0
Q17769,A0
Q17770,A0
Q17771,A0
Q17772,A0
Q17773,A0
Q17774,A0
Q17775,A0
Q17776,A0
Q17777,A0
Q17778,A0
Q17779,A0
Q17780,A0
Q17781,A0
Q17782,A0
Q17783,A0
Q17784,A0
Q17785,A0
Q17786,A0
Q17787,A0
Q17788,A0
Q17789,A0
Q17790,A0
Q17791,A0
Q17792,A0
Q17793,A0
Q17794,A0
Q17795,A0
Q17796,A0
Q17797,A0
Q17798,A0
Q17799,A0
Q17800,A0
Q17801,A0
Q17802,A0
Q17803,A0
Q17804,A0
Q17805,A0
Q17806,A0
Q17807,A0
Q17808,A0
Q17809,A0
Q17810,A0
Q17811,A0
Q17812,A0
Q17813,A0
Q17814,A0
Q17815,A0
Q17816,A0
Q17817,A0
Q17818,A0
Q17819,A0
Q17820,A0
Q17821,A0
Q17822,A0
Q17823,A0
Q17824,A0
Q17825,A0
Q17826,A0
Q17827,A0
Q17828,A0
Q17829,A0
Q17830,A0
Q17831,A0
Q17832,A0
Q17833,A0
Q17834,A0
Q17835,A0
Q17836,A0
Q17837,A0
Q17838,A0
Q17839,A0
Q17840,A0
Q17841,A0
Q17842,A0
Q17843,A0
Q17844,A0
Q17845,A0
Q17846,A0
Q17847,A0
Q17848,A0
Q17849,A0
Q17850,A0
Q17851,A0
Q17852,A0
Q17853,A0
Q17854,A0
Q17855,A0
Q17856,A0
Q17857,A0
Q17858,A0
Q17859,A0
Q17860,A0
Q17861,A0
Q17862,A0
Q17863,A0
Q17864,A0
Q17865,A0
Q17866,A0
Q17867,A0
Q17868,A0
Q17869,A0
Q17870,A0
Q17871,A0
Q17872,A0
Q17873,A0
Q17874,A0
Q17875,A0
Q17876,A0
Q17877,A0
Q17878,A0
Q17879,A0
Q17880,A0
Q17881,A0
Q17882,A0
Q17883,A0
Q17884,A0
Q17885,A0
Q17886,A0
Q17887,A0
Q17888,A0
Q17889,A0
Q17890,A0
Q17891,A0
Q17892,A0
Q17893,A0
Q17894,A0
Q17895,A0
Q17896,A0
Q17897,A0
Q17898,A0
Q17899,A0
Q17900,A0
Q17901,A0
Q17902,A0
Q17903,A0
Q17904,A0
Q17905,A0
Q17906,A0
Q17907,A0
Q17908,A0
Q17909,A0
Q17910,A0
Q17911,A0
Q17912,A0
Q17913,A0
Q17914,A0
Q17915,A0
Q17916,A0
Q17917,A0
Q17918,A0
Q17919,A0
Q17920,A0
Q17921,A0
Q17922,A0
Q17923,A0
Q17924,A0
Q17925,A0
Q17926,A0
Q17927,A0
Q17928,A0
Q17929,A0
Q17930,A0
Q17931,A0
Q17932,A0
Q17933,A0
Q17934,A0
Q17935,A0
Q17936,A0
Q17937,A0
Q17938,A0
Q17939,A0
Q17940,A0
Q17941,A0
Q17942,A0
Q17943,A0
Q17944,A0
Q17945,A0
Q17946,A0
Q17947,A0
Q17948,A0
Q17949,A0
Q17950,A0
Q17951,A0
Q17952,A0
Q17953,A0
Q17954,A0
Q17955,A0
Q17956,A0
Q17957,A0
Q17958,A0
Q17959,A0
Q17960,A0
Q17961,A0
Q17962,A0
Q17963,A0
Q17964,A0
Q17965,A0
Q17966,A0
Q17967,A0
Q17968,A0
Q17969,A0
Q17970,A0
Q17971,A0
Q17972,A0
Q17973,A0
Q17974,A0
Q17975,A0
Q17976,A0
Q17977,A0
Q17978,A0
Q17979,A0
Q17980,A0
Q17981,A0
Q17982,A0
Q17983,A0
Q17984,A0
Q17985,A0
Q17986,A0
Q17987,A0
Q17988,A0
Q17989,A0
Q17990,A0
Q17991,A0
Q17992,A0
Q17993,A0
Q17994,A0
Q17995,A0
Q17996,A0
Q17997,A0
Q17998,A0
Q17999,A0
Q18000,A0
Q18001,A0
Q18002,A0
Q18003,A0
Q18004,A0
Q18005,A0
Q18006,A0
Q18007,A0
Q18008,A0
Q18009,A0
Q18010,A0
Q18011,A0
Q18012,A0
Q18013,A0
Q18014,A0
Q18015,A0
Q18016,A0
Q18017,A0
Q18018,A0
Q18019,A0
Q18020,A0
Q18021,A0
Q18022,A0
Q18023,A0
Q18024,A0
Q18025,A0
Q18026,A0
Q18027,A0
Q18028,A0
Q18029,A0
Q18030,A0
Q18031,A0
Q18032,A0
Q18033,A0
Q18034,A0
Q18035,A0
Q18036,A0
Q18037,A0
Q18038,A0
Q18039,A0
Q18040,A0
Q18041,A0
Q18042,A0
Q18043,A0
Q18044,A0
Q18045,A0
Q18046,A0
Q18047,A0
Q18048,A0
Q18049,A0
Q18050,A0
Q18051,A0
Q18052,A0
Q18053,A0
Q18054,A0
Q18055,A0
Q18056,A0
Q18057,A0
Q18058,A0
Q18059,A0
Q18060,A0
Q18061,A0
Q18062,A0
Q18063,A0
Q18064,A0
Q18065,A0
Q18066,A0
Q18067,A0
Q18068,A0
Q18069,A0
Q18070,A0
Q18071,A0
Q18072,A0
Q18073,A0
Q18074,A0
Q18075,A0
Q18076,A0
Q18077,A0
Q18078,A0
Q18079,A0
Q18080,A0
Q18081,A0
Q18082,A0
Q18083,A0
Q18084,A0
Q18085,A0
Q18086,A0
Q18087,A0
Q18088,A0
Q18089,A0
Q18090,A0
Q18091,A0
Q18092,A0
Q18093,A0
Q18094,A0
Q18095,A0
Q18096,A0
Q18097,A0
Q18098,A0
Q18099,A0
Q18100,A0
Q18101,A0
Q18102,A0
Q18103,A0
Q18104,A0
Q18105,A0
Q18106,A0
Q18107,A0
Q18108,A0
Q18109,A0
Q18110,A0
Q18111,A0
Q18112,A0
Q18113,A0
Q18114,A0
Q18115,A0
Q18116,A0
Q18117,A0
Q18118,A0
Q18119,A0
Q18120,A0
Q18121,A0
Q18122,A0
Q18123,A0
Q18124,A0
Q18125,A0
Q18126,A0
Q18127,A0
Q18128,A0
Q18129,A0
Q18130,A0
Q18131,A0
Q18132,A0
Q18133,A0
Q18134,A0
Q18135,A0
Q18136,A0
Q18137,A0
Q18138,A0
Q18139,A0
Q18140,A0
Q18141,A0
Q18142,A0
Q18143,A0
Q18144,A0
Q18145,A0
Q18146,A0
Q18147,A0
Q18148,A0
Q18149,A0
Q18150,A0
Q18151,A0
Q18152,A0
Q18153,A0
Q18154,A0
Q18155,A0
Q18156,A0
Q18157,A0
Q18158,A0
Q18159,A0
Q18160,A0
Q18161,A0
Q18162,A0
Q18163,A0
Q18164,A0
Q18165,A0
Q18166,A0
Q18167,A0
Q18168,A0
Q18169,A0
Q18170,A0
Q18171,A0
Q18172,A0
Q18173,A0
Q18174,A0
Q18175,A0
Q18176,A0
Q18177,A0
Q18178,A0
Q18179,A0
Q18180,A0
Q18181,A0
Q18182,A0
Q18183,A0
Q18184,A0
Q18185,A0
Q18186,A0
Q18187,A0
Q18188,A0
Q18189,A0
Q18190,A0
Q18191,A0
Q18192,A0
Q18193,A0
Q18194,A0
Q18195,A0
Q18196,A0
Q18197,A0
Q18198,A0
Q18199,A0
Q18200,A0
Q18201,A0
Q18202,A0
Q18203,A0
Q18204,A0
Q18205,A0
Q18206,A0
Q18207,A0
Q18208,A0
Q18209,A0
Q18210,A0
Q18211,A0
Q18212,A0
Q18213,A0
Q18214,A0
Q18215,A0
Q18216,A0
Q18217,A0
Q18218,A0
Q18219,A0
Q18220,A0
Q18221,A0
Q18222,A0
Q18223,A0
Q18224,A0
Q18225,A0
Q18226,A0
Q18227,A0
Q18228,A0
Q18229,A0
Q18230,A0
Q18231,A0
Q18232,A0
Q18233,A0
Q18234,A0
Q18235,A0
Q18236,A0
Q18237,A0
Q18238,A0
Q18239,A0
Q18240,A0
Q18241,A0
Q18242,A0
Q18243,A0
Q18244,A0
Q18245,A0
Q18246,A0
Q18247,A0
Q18248,A0
Q18249,A0
Q18250,A0
Q18251,A0
Q18252,A0
Q18253,A0
Q18254,A0
Q18255,A0
Q18256,A0
Q18257,A0
Q18258,A0
Q18259,A0
Q18260,A0
Q18261,A0
Q18262,A0
Q18263,A0
Q18264,A0
Q18265,A0
Q18266,A0
Q18267,A0
Q18268,A0
Q18269,A0
Q18270,A0
Q18271,A0
Q18272,A0
Q18273,A0
Q18274,A0
Q18275,A0
Q18276,A0
Q18277,A0
Q18278,A0
Q18279,A0
Q18280,A0
Q18281,A0
Q18282,A0
Q18283,A0
Q18284,A0
Q18285,A0
Q18286,A0
Q18287,A0
Q18288,A0
Q18289,A0
Q18290,A0
Q18291,A0
Q18292,A0
Q18293,A0
Q18294,A0
Q18295,A0
Q18296,A0
Q18297,A0
Q18298,A0
Q18299,A0
Q18300,A0
Q18301,A0
Q18302,A0
Q18303,A0
Q18304,A0
Q18305,A0
Q18306,A0
Q18307,A0
Q18308,A0
Q18309,A0
Q18310,A0
Q18311,A0
Q18312,A0
Q18313,A0
Q18314,A0
Q18315,A0
Q18316,A0
Q18317,A0
Q18318,A0
Q18319,A0
Q18320,A0
Q18321,A0
Q18322,A0
Q18323,A0
Q18324,A0
Q18325,A0
Q18326,A0
Q18327,A0
Q18328,A0
Q18329,A0
Q18330,A0
Q18331,A0
Q18332,A0
Q18333,A0
Q18334,A0
Q18335,A0
Q18336,A0
Q18337,A0
Q18338,A0
Q18339,A0
Q18340,A0
Q18341,A0
Q18342,A0
Q18343,A0
Q18344,A0
Q18345,A0
Q18346,A0
Q18347,A0
Q18348,A0
Q18349,A0
Q18350,A0
Q18351,A0
Q18352,A0
Q18353,A0
Q18354,A0
Q18355,A0
Q18356,A0
Q18357,A0
Q18358,A0
Q18359,A0
Q18360,A0
Q18361,A0
Q18362,A0
Q18363,A0
Q18364,A0
Q18365,A0
Q18366,A0
Q18367,A0
Q18368,A0
Q18369,A0
Q18370,A0
Q18371,A0
Q18372,A0
Q18373,A0
Q18374,A0
Q18375,A0
Q18376,A0
Q18377,A0
Q18378,A0
Q18379,A0
Q18380,A0
Q18381,A0
Q18382,A0
Q18383,A0
Q18384,A0
Q18385,A0
Q18386,A0
Q18387,A0
Q18388,A0
Q18389,A0
Q18390,A0
Q18391,A0
Q18392,A0
Q18393,A0
Q18394,A0
Q18395,A0
Q18396,A0
Q18397,A0
Q18398,A0
Q18399,A0
Q18400,A0
Q18401,A0
Q18402,A0
Q18403,A0
Q18404,A0
Q18405,A0
Q18406,A0
Q18407,A0
Q18408,A0
Q18409,A0
Q18410,A0
Q18411,A0
Q18412,A0
Q18413,A0
Q18414,A0
Q18415,A0
Q18416,A0
Q18417,A0
Q18418,A0
Q18419,A0
Q18420,A0
Q18421,A0
Q18422,A0
Q18423,A0
Q18424,A0
Q18425,A0
Q18426,A0
Q18427,A0
Q18428,A0
Q18429,A0
Q18430,A0
Q18431,A0
Q18432,A0
Q18433,A0
Q18434,A0
Q18435,A0
Q18436,A0
Q18437,A0
Q18438,A0
Q18439,A0
Q18440,A0
Q18441,A0
Q18442,A0
Q18443,A0
Q18444,A0
Q18445,A0
Q18446,A0
Q18447,A0
Q18448,A0
Q18449,A0
Q18450,A0
Q18451,A0
Q18452,A0
Q18453,A0
Q18454,A0
Q18455,A0
Q18456,A0
Q18457,A0
Q18458,A0
Q18459,A0
Q18460,A0
Q18461,A0
Q18462,A0
Q18463,A0
Q18464,A0
Q18465,A0
Q18466,A0
Q18467,A0
Q18468,A0
Q18469,A0
Q18470,A0
Q18471,A0
Q18472,A0
Q18473,A0
Q18474,A0
Q18475,A0
Q18476,A0
Q18477,A0
Q18478,A0
Q18479,A0
Q18480,A0
Q18481,A0
Q18482,A0
Q18483,A0
Q18484,A0
Q18485,A0
Q18486,A0
Q18487,A0
Q18488,A0
Q18489,A0
Q18490,A0
Q18491,A0
Q18492,A0
Q18493,A0
Q18494,A0
Q18495,A0
Q18496,A0
Q18497,A0
Q18498,A0
Q18499,A0
Q18500,A0
Q18501,A0
Q18502,A0
Q18503,A0
Q18504,A0
Q18505,A0
Q18506,A0
Q18507,A0
Q18508,A0
Q18509,A0
Q18510,A0
Q18511,A0
Q18512,A0
Q18513,A0
Q18514,A0
Q18515,A0
Q18516,A0
Q18517,A0
Q18518,A0
Q18519,A0
Q18520,A0
Q18521,A0
Q18522,A0
Q18523,A0
Q18524,A0
Q18525,A0
Q18526,A0
Q18527,A0
Q18528,A0
Q18529,A0
Q18530,A0
Q18531,A0
Q18532,A0
Q18533,A0
Q18534,A0
Q18535,A0
Q18536,A0
Q18537,A0
Q18538,A0
Q18539,A0
Q18540,A0
Q18541,A0
Q18542,A0
Q18543,A0
Q18544,A0
Q18545,A0
Q18546,A0
Q18547,A0
Q18548,A0
Q18549,A0
Q18550,A0
Q18551,A0
Q18552,A0
Q18553,A0
Q18554,A0
Q18555,A0
Q18556,A0
Q18557,A0
Q18558,A0
Q18559,A0
Q18560,A0
Q18561,A0
Q18562,A0
Q18563,A0
Q18564,A0
Q18565,A0
Q18566,A0
Q18567,A0
Q18568,A0
Q18569,A0
Q18570,A0
Q18571,A0
Q18572,A0
Q18573,A0
Q18574,A0
Q18575,A0
Q18576,A0
Q18577,A0
Q18578,A0
Q18579,A0
Q18580,A0
Q18581,A0
Q18582,A0
Q18583,A0
Q18584,A0
Q18585,A0
Q18586,A0
Q18587,A0
Q18588,A0
Q18589,A0
Q18590,A0
Q18591,A0
Q18592,A0
Q18593,A0
Q18594,A0
Q18595,A0
Q18596,A0
Q18597,A0
Q18598,A0
Q18599,A0
Q18600,A0
Q18601,A0
Q18602,A0
Q18603,A0
Q18604,A0
Q18605,A0
Q18606,A0
Q18607,A0
Q18608,A0
Q18609,A0
Q18610,A0
Q18611,A0
Q18612,A0
Q18613,A0
Q18614,A0
Q18615,A0
Q18616,A0
Q18617,A0
Q18618,A0
Q18619,A0
Q18620,A0
Q18621,A0
Q18622,A0
Q18623,A0
Q18624,A0
Q18625,A0
Q18626,A0
Q18627,A0
Q18628,A0
Q18629,A0
Q18630,A0
Q18631,A0
Q18632,A0
Q18633,A0
Q18634,A0
Q18635,A0
Q18636,A0
Q18637,A0
Q18638,A0
Q18639,A0
Q18640,A0
Q18641,A0
Q18642,A0
Q18643,A0
Q18644,A0
Q18645,A0
Q18646,A0
Q18647,A0
Q18648,A0
Q18649,A0
Q18650,A0
Q18651,A0
Q18652,A0
Q18653,A0
Q18654,A0
Q18655,A0
Q18656,A0
Q18657,A0
Q18658,A0
Q18659,A0
Q18660,A0
Q18661,A0
Q18662,A0
Q18663,A0
Q18664,A0
Q18665,A0
Q18666,A0
Q18667,A0
Q18668,A0
Q18669,A0
Q18670,A0
Q18671,A0
Q18672,A0
Q18673,A0
Q18674,A0
Q18675,A0
Q18676,A0
Q18677,A0
Q18678,A0
Q18679,A0
Q18680,A0
Q18681,A0
Q18682,A0
Q18683,A0
Q18684,A0
Q18685,A0
Q18686,A0
Q18687,A0
Q18688,A0
Q18689,A0
Q18690,A0
Q18691,A0
Q18692,A0
Q18693,A0
Q18694,A0
Q18695,A0
Q18696,A0
Q18697,A0
Q18698,A0
Q18699,A0
Q18700,A0
Q18701,A0
Q18702,A0
Q18703,A0
Q18704,A0
Q18705,A0
Q18706,A0
Q18707,A0
Q18708,A0
Q18709,A0
Q18710,A0
Q18711,A0
Q18712,A0
Q18713,A0
Q18714,A0
Q18715,A0
Q18716,A0
Q18717,A0
Q18718,A0
Q18719,A0
Q18720,A0
Q18721,A0
Q18722,A0
Q18723,A0
Q18724,A0
Q18725,A0
Q18726,A0
Q18727,A0
Q18728,A0
Q18729,A0
Q18730,A0
Q18731,A0
Q18732,A0
Q18733,A0
Q18734,A0
Q18735,A0
Q18736,A0
Q18737,A0
Q18738,A0
Q18739,A0
Q18740,A0
Q18741,A0
Q18742,A0
Q18743,A0
Q18744,A0
Q18745,A0
Q18746,A0
Q18747,A0
Q18748,A0
Q18749,A0
Q18750,A0
Q18751,A0
Q18752,A0
Q18753,A0
Q18754,A0
Q18755,A0
Q18756,A0
Q18757,A0
Q18758,A0
Q18759,A0
Q18760,A0
Q18761,A0
Q18762,A0
Q18763,A0
Q18764,A0
Q18765,A0
Q18766,A0
Q18767,A0
Q18768,A0
Q18769,A0
Q18770,A0
Q18771,A0
Q18772,A0
Q18773,A0
Q18774,A0
Q18775,A0
Q18776,A0
Q18777,A0
Q18778,A0
Q18779,A0
Q18780,A0
Q18781,A0
Q18782,A0
Q18783,A0
Q18784,A0
Q18785,A0
Q18786,A0
Q18787,A0
Q18788,A0
Q18789,A0
Q18790,A0
Q18791,A0
Q18792,A0
Q18793,A0
Q18794,A0
Q18795,A0
Q18796,A0
Q18797,A0
Q18798,A0
Q18799,A0
Q18800,A0
Q18801,A0
Q18802,A0
Q18803,A0
Q18804,A0
Q18805,A0
Q18806,A0
Q18807,A0
Q18808,A0
Q18809,A0
Q18810,A0
Q18811,A0
Q18812,A0
Q18813,A0
Q18814,A0
Q18815,A0
Q18816,A0
Q18817,A0
Q18818,A0
Q18819,A0
Q18820,A0
Q18821,A0
Q18822,A0
Q18823,A0
Q18824,A0
Q18825,A0
Q18826,A0
Q18827,A0
Q18828,A0
Q18829,A0
Q18830,A0
Q18831,A0
Q18832,A0
Q18833,A0
Q18834,A0
Q18835,A0
Q18836,A0
Q18837,A0
Q18838,A0
Q18839,A0
Q18840,A0
Q18841,A0
Q18842,A0
Q18843,A0
Q18844,A0
Q18845,A0
Q18846,A0
Q18847,A0
Q18848,A0
Q18849,A0
Q18850,A0
Q18851,A0
Q18852,A0
Q18853,A0
Q18854,A0
Q18855,A0
Q18856,A0
Q18857,A0
Q18858,A0
Q18859,A0
Q18860,A0
Q18861,A0
Q18862,A0
Q18863,A0
Q18864,A0
Q18865,A0
Q18866,A0
Q18867,A0
Q18868,A0
Q18869,A0
Q18870,A0
Q18871,A0
Q18872,A1
Q18873,A1
Q18874,A1
Q18875,A1
Q18876,A1
Q18877,A1
Q18878,A1
Q18879,A1
Q18880,A1
Q18881,A1
Q18882,A1
Q18883,A1
Q18884,A1
Q18885,A1
Q18886,A1
Q18887,A1
Q18888,A1
Q18889,A1
Q18890,A1
Q18891,A1
Q18892,A1
Q18893,A1
Q18894,A1
Q18895,A1
Q18896,A1
Q18897,A1
Q18898,A1
Q18899,A1
Q18900,A1
Q18901,A1
Q18902,A1
Q18903,A1
Q18904,A1
Q18905,A1
Q18906,A1
Q18907,A1
Q18908,A1
Q18909,A1
Q18910,A1
Q18911,A1
Q18912,A1
Q18913,A1
Q18914,A1
Q18915,A1
Q18916,A1
Q18917,A1
Q18918,A1
Q18919,A1
Q18920,A1
Q18921,A1
Q18922,A1
Q18923,A1
Q18924,A1
Q18925,A1
Q18926,A1
Q18927,A1
Q18928,A1
Q18929,A1
Q18930,A1
Q18931,A1
Q18932,A1
Q18933,A1
Q18934,A1
Q18935,A1
Q18936,A1
Q18937,A1
Q18938,A1
Q18939,A1
Q18940,A1
Q18941,A1
Q18942,A1
Q18943,A1
Q18944,A1
Q18945,A1
Q18946,A1
Q18947,A1
Q18948,A1
Q18949,A1
Q18950,A1
Q18951,A1
Q18952,A1
Q18953,A1
Q18954,A1
Q18955,A1
Q18956,A1
Q18957,A1
Q18958,A1
Q18959,A1
Q18960,A1
Q18961,A1
Q18962,A1
Q18963,A1
Q18964,A1
Q18965,A1
Q18966,A1
Q18967,A1
Q18968,A1
Q18969,A1
Q18970,A1
Q18971,A1
Q18972,A1
Q18973,A1
Q18974,A1
Q18975,A1
Q18976,A1
Q18977,A1
Q18978,A1
Q18979,A1
Q18980,A1
Q18981,A1
Q18982,A1
Q18983,A1
Q18984,A1
Q18985,A1
Q18986,A1
Q18987,A1
Q18988,A1
Q18989,A1
Q18990,A1
Q18991,A1
Q18992,A1
Q18993,A1
Q18994,A1
Q18995,A1
Q18996,A1
Q18997,A1
Q18998,A1
Q18999,A1
Q19000,A1
Q19001,A1
Q19002,A1
Q19003,A1
Q19004,A1
Q19005,A1
Q19006,A1
Q19007,A1
Q19008,A1
Q19009,A1
Q19010,A1
Q19011,A1
Q19012,A1
Q19013,A1
Q19014,A1
Q19015,A1
Q19016,A1
Q19017,A1
Q19018,A1
Q19019,A1
Q19020,A1
Q19021,A1
Q19022,A1
Q19023,A1
Q19024,A1
Q19025,A1
Q19026,A1
Q19027,A1
Q19028,A1
Q19029,A1
Q19030,A1
Q19031,A1
Q19032,A1
Q19033,A1
Q19034,A1
Q19035,A1
Q19036,A1
Q19037,A1
Q19038,A1
Q19039,A1
Q19040,A1
Q19041,A1
Q19042,A1
Q19043,A1
Q19044,A1
Q19045,A1
Q19046,A1
Q19047,A1
Q19048,A1
Q19049,A1
Q19050,A1
Q19051,A1
Q19052,A1
Q19053,A1
Q19054,A1
Q19055,A1
Q19056,A1
Q19057,A1
Q19058,A1
Q19059,A1
Q19060,A1
Q19061,A1
Q19062,A1
Q19063,A1
Q19064,A1
Q19065,A1
Q19066,A1
Q19067,A1
Q19068,A1
Q19069,A1
Q19070,A1
Q19071,A1
Q19072,A1
Q19073,A1
Q19074,A1
Q19075,A1
Q19076,A1
Q19077,A1
Q19078,A1
Q19079,A1
Q19080,A1
Q19081,A1
Q19082,A1
Q19083,A1
Q19084,A1
Q19085,A1
Q19086,A1
Q19087,A1
Q19088,A1
Q19089,A1
Q19090,A1
Q19091,A1
Q19092,A1
Q19093,A1
Q19094,A1
Q19095,A1
Q19096,A1
Q19097,A1
Q19098,A1
Q19099,A1
Q19100,A1
Q19101,A1
Q19102,A1
Q19103,A1
Q19104,A1
Q19105,A1
Q19106,A1
Q19107,A1
Q19108,A1
Q19109,A1
Q19110,A1
Q19111,A1
Q19112,A1
Q19113,A1
Q19114,A1
Q19115,A1
Q19116,A1
Q19117,A1
Q19118,A1
Q19119,A1
Q19120,A1
Q19121,A1
Q19122,A1
Q19123,A1
Q19124,A1
Q19125,A1
Q19126,A1
Q19127,A1
Q19128,A1
Q19129,A1
Q19130,A1
Q19131,A1
Q19132,A1
Q19133,A1
Q19134,A1
Q19135,A1
Q19136,A1
Q19137,A1
Q19138,A1
Q19139,A1
Q19140,A1
Q19141,A1
Q19142,A1
Q19143,A1
Q19144,A1
Q19145,A1
Q19146,A1
Q19147,A1
Q19148,A1
Q19149,A1
Q19150,A1
Q19151,A1
Q19152,A1
Q19153,A1
Q19154,A1
Q19155,A1
Q19156,A1
Q19157,A1
Q19158,A1
Q19159,A1
Q19160,A1
Q19161,A1
Q19162,A1
Q19163,A1
Q19164,A1
Q19165,A1
Q19166,A1
Q19167,A1
Q19168,A1
Q19169,A1
Q19170,A1
Q19171,A1
Q19172,A1
Q19173,A1
Q19174,A1
Q19175,A1
Q19176,A1
Q19177,A1
Q19178,A1
Q19179,A1
Q19180,A1
Q19181,A1
Q19182,A1
Q19183,A1
Q19184,A1
Q19185,A1
Q19186,A1
Q19187,A1
Q19188,A1
Q19189,A1
Q19190,A1
Q19191,A1
Q19192,A1
Q19193,A1
Q19194,A1
Q19195,A1
Q19196,A1
Q19197,A1
Q19198,A1
Q19199,A1
Q19200,A1
Q19201,A1
Q19202,A1
Q19203,A1
Q19204,A1
Q19205,A1
Q19206,A1
Q19207,A1
Q19208,A1
Q19209,A1
Q19210,A1
Q19211,A1
Q19212,A1
Q19213,A1
Q19214,A1
Q19215,A1
Q19216,A1
Q19217,A1
Q19218,A1
Q19219,A1
Q19220,A1
Q19221,A1
Q19222,A1
Q19223,A1
Q19224,A1
Q19225,A1
Q19226,A1
Q19227,A1
Q19228,A1
Q19229,A1
Q19230,A1
Q19231,A1
Q19232,A1
Q19233,A1
Q19234,A1
Q19235,A1
Q19236,A1
Q19237,A1
Q19238,A1
Q19239,A1
Q19240,A1
Q19241,A1
Q19242,A1
Q19243,A1
Q19244,A1
Q19245,A1
Q19246,A1
Q19247,A1
Q19248,A1
Q19249,A1
Q19250,A1
Q19251,A1
Q19252,A1
Q19253,A1
Q19254,A1
Q19255,A1
Q19256,A1
Q19257,A1
Q19258,A1
Q19259,A1
Q19260,A1
Q19261,A1
Q19262,A1
Q19263,A1
Q19264,A1
Q19265,A1
Q19266,A1
Q19267,A1
Q19268,A1
Q19269,A1
Q19270,A1
Q19271,A1
Q19272,A1
Q19273,A1
Q19274,A1
Q19275,A1
Q19276,A1
Q19277,A1
Q19278,A1
Q19279,A1
Q19280,A1
Q19281,A1
Q19282,A1
Q19283,A1
Q19284,A1
Q19285,A1
Q19286,A1
Q19287,A1
Q19288,A1
Q19289,A1
Q19290,A1
Q19291,A1
Q19292,A1
Q19293,A1
Q19294,A1
Q19295,A1
Q19296,A1
Q19297,A1
Q19298,A1
Q19299,A1
Q19300,A1
Q19301,A1
Q19302,A1
Q19303,A1
Q19304,A1
Q19305,A1
Q19306,A1
Q19307,A1
Q19308,A1
Q19309,A1
Q19310,A1
Q19311,A1
Q19312,A1
Q19313,A1
Q19314,A1
Q19315,A1
Q19316,A1
Q19317,A1
Q19318,A1
Q19319,A1
Q19320,A1
Q19321,A1
Q19322,A1
Q19323,A1
Q19324,A1
Q19325,A1
Q19326,A1
Q19327,A1
Q19328,A1
Q19329,A1
Q19330,A1
Q19331,A1
Q19332,A1
Q19333,A1
Q19334,A1
Q19335,A1
Q19336,A1
Q19337,A1
Q19338,A1
Q19339,A1
Q19340,A1
Q19341,A1
Q19342,A1
Q19343,A1
Q19344,A1
Q19345,A1
Q19346,A1
Q19347,A1
Q19348,A1
Q19349,A1
Q19350,A1
Q19351,A1
Q19352,A1
Q19353,A1
Q19354,A1
Q19355,A1
Q19356,A1
Q19357,A1
Q19358,A1
Q19359,A1
Q19360,A1
Q19361,A1
Q19362,A1
Q19363,A1
Q19364,A1
Q19365,A1
Q19366,A1
Q19367,A1
Q19368,A1
Q19369,A1
Q19370,A1
Q19371,A1
Q19372,A1
Q19373,A1
Q19374,A1
Q19375,A1
Q19376,A1
Q19377,A1
Q19378,A1
Q19379,A1
Q19380,A1
Q19381,A1
Q19382,A1
Q19383,A1
Q19384,A1
Q19385,A1
Q19386,A1
Q19387,A1
Q19388,A1
Q19389,A1
Q19390,A1
Q19391,A1
Q19392,A1
Q19393,A1
Q19394,A1
Q19395,A1
Q19396,A1
Q19397,A1
Q19398,A1
Q19399,A1
Q19400,A1
Q19401,A1
Q19402,A1
Q19403,A1
Q19404,A1
Q19405,A1
Q19406,A1
Q19407,A1
Q19408,A1
Q19409,A1
Q19410,A1
Q19411,A1
Q19412,A1
Q19413,A1
Q19414,A1
Q19415,A1
Q19416,A1
Q19417,A1
Q19418,A1
Q19419,A1
Q19420,A1
Q19421,A1
Q19422,A1
Q19423,A1
Q19424,A1
Q19425,A1
Q19426,A1
Q19427,A1
Q19428,A1
Q19429,A1
Q19430,A1
Q19431,A1
Q19432,A1
Q19433,A1
Q19434,A1
Q19435,A1
Q19436,A1
Q19437,A1
Q19438,A1
Q19439,A1
Q19440,A1
Q19441,A1
Q19442,A1
Q19443,A1
Q19444,A1
Q19445,A1
Q19446,A1
Q19447,A1
Q19448,A1
Q19449,A1
Q19450,A1
Q19451,A1
Q19452,A1
Q19453,A1
Q19454,A1
Q19455,A1
Q19456,A1
Q19457,A1
Q19458,A1
Q19459,A1
Q19460,A1
Q19461,A1
Q19462,A1
Q19463,A1
Q19464,A1
Q19465,A1
Q19466,A1
Q19467,A1
Q19468,A1
Q19469,A1
Q19470,A1
Q19471,A1
Q19472,A1
Q19473,A1
Q19474,A1
Q19475,A1
Q19476,A1
Q19477,A1
Q19478,A1
Q19479,A1
Q19480,A1
Q19481,A1
Q19482,A1
Q19483,A1
Q19484,A1
Q19485,A1
Q19486,A1
Q19487,A1
Q19488,A1
Q19489,A1
Q19490,A1
Q19491,A1
Q19492,A1
Q19493,A1
Q19494,A1
Q19495,A1
Q19496,A1
Q19497,A1
Q19498,A1
Q19499,A1
Q19500,A1
Q19501,A1
Q19502,A1
Q19503,A1
Q19504,A1
Q19505,A1
Q19506,A1
Q19507,A1
Q19508,A1
Q19509,A1
Q19510,A1
Q19511,A1
Q19512,A1
Q19513,A1
Q19514,A1
Q19515,A1
Q19516,A1
Q19517,A1
Q19518,A1
Q19519,A1
Q19520,A1
Q19521,A1
Q19522,A1
Q19523,A1
Q19524,A1
Q19525,A1
Q19526,A1
Q19527,A1
Q19528,A1
Q19529,A1
Q19530,A1
Q19531,A1
Q19532,A1
Q19533,A1
Q19534,A1
Q19535,A1
Q19536,A1
Q19537,A1
Q19538,A1
Q19539,A1
Q19540,A1
Q19541,A1
Q19542,A1
Q19543,A1
Q19544,A1
Q19545,A1
Q19546,A1
Q19547,A1
Q19548,A1
Q19549,A1
Q19550,A1
Q19551,A1
Q19552,A1
Q19553,A1
Q19554,A1
Q19555,A1
Q19556,A1
Q19557,A1
Q19558,A1
Q19559,A1
Q19560,A1
Q19561,A1
Q19562,A1
Q19563,A1
Q19564,A1
Q19565,A1
Q19566,A1
Q19567,A1
Q19568,A1
Q19569,A1
Q19570,A1
Q19571,A1
Q19572,A1
Q19573,A1
Q19574,A1
Q19575,A1
Q19576,A1
Q19577,A1
Q19578,A1
Q19579,A1
Q19580,A1
Q19581,A1
Q19582,A1
Q19583,A1
Q19584,A1
Q19585,A1
Q19586,A1
Q19587,A1
Q19588,A1
Q19589,A1
Q19590,A1
Q19591,A1
Q19592,A1
Q19593,A1
Q19594,A1
Q19595,A1
Q19596,A1
Q19597,A1
Q19598,A1
Q19599,A1
Q19600,A1
Q19601,A1
Q19602,A1
Q19603,A1
Q19604,A1
Q19605,A1
Q19606,A1
Q19607,A1
Q19608,A1
Q19609,A1
Q19610,A1
Q19611,A1
Q19612,A1
Q19613,A1
Q19614,A1
Q19615,A1
Q19616,A1
Q19617,A1
Q19618,A1
Q19619,A1
Q19620,A1
Q19621,A1
Q19622,A1
Q19623,A1
Q19624,A1
Q19625,A1
Q19626,A1
Q19627,A1
Q19628,A1
Q19629,A1
Q19630,A1
Q19631,A1
Q19632,A1
Q19633,A1
Q19634,A1
Q19635,A1
Q19636,A1
Q19637,A1
Q19638,A1
Q19639,A1
Q19640,A1
Q19641,A1
Q19642,A1
Q19643,A1
Q19644,A1
Q19645,A1
Q19646,A1
Q19647,A1
Q19648,A1
Q19649,A1
Q19650,A1
Q19651,A1
Q19652,A1
Q19653,A1
Q19654,A1
Q19655,A1
Q19656,A1
Q19657,A1
Q19658,A1
Q19659,A1
Q19660,A1
Q19661,A1
Q19662,A1
Q19663,A1
Q19664,A1
Q19665,A1
Q19666,A1
Q19667,A1
Q19668,A1
Q19669,A1
Q19670,A1
Q19671,A1
Q19672,A1
Q19673,A1
Q19674,A1
Q19675,A1
Q19676,A1
Q19677,A1
Q19678,A1
Q19679,A1
Q19680,A1
Q19681,A1
Q19682,A1
Q19683,A1
Q19684,A1
Q19685,A1
Q19686,A1
Q19687,A1
Q19688,A1
Q19689,A1
Q19690,A1
Q19691,A1
Q19692,A1
Q19693,A1
Q19694,A1
Q19695,A1
Q19696,A1
Q19697,A1
Q19698,A1
Q19699,A1
Q19700,A1
Q19701,A1
Q19702,A1
Q19703,A1
Q19704,A1
Q19705,A1
Q19706,A1
Q19707,A1
Q19708,A1
Q19709,A1
Q19710,A1
Q19711,A1
Q19712,A1
Q19713,A1
Q19714,A1
Q19715,A1
Q19716,A1
Q19717,A1
Q19718,A1
Q19719,A1
Q19720,A1
Q19721,A1
Q19722,A1
Q19723,A1
Q19724,A1
Q19725,A1
Q19726,A1
Q19727,A1
Q19728,A1
Q19729,A1
Q19730,A1
Q19731,A1
Q19732,A1
Q19733,A1
Q19734,A1
Q19735,A1
Q19736,A1
Q19737,A1
Q19738,A1
Q19739,A1
Q19740,A1
Q19741,A1
Q19742,A1
Q19743,A1
Q19744,A1
Q19745,A1
Q19746,A1
Q19747,A1
Q19748,A1
Q19749,A1
Q19750,A1
Q19751,A1
Q19752,A1
Q19753,A1
Q19754,A1
Q19755,A1
Q19756,A1
Q19757,A1
Q19758,A1
Q19759,A1
Q19760,A1
Q19761,A1
Q19762,A1
Q19763,A1
Q19764,A1
Q19765,A1
Q19766,A1
Q19767,A1
Q19768,A1
Q19769,A1
Q19770,A1
Q19771,A1
Q19772,A1
Q19773,A1
Q19774,A1
Q19775,A1
Q19776,A1
Q19777,A1
Q19778,A1
Q19779,A1
Q19780,A1
Q19781,A1
Q19782,A1
Q19783,A1
Q19784,A1
Q19785,A1
Q19786,A1
Q19787,A1
Q19788,A1
Q19789,A1
Q19790,A1
Q19791,A1
Q19792,A1
Q19793,A1
Q19794,A1
Q19795,A1
Q19796,A1
Q19797,A1
Q19798,A1
Q19799,A1
Q19800,A1
Q19801,A1
Q19802,A1
Q19803,A1
Q19804,A1
Q19805,A1
Q19806,A1
Q19807,A1
Q19808,A1
Q19809,A1
Q19810,A1
Q19811,A1
Q19812,A1
Q19813,A1
Q19814,A1
Q19815,A1
Q19816,A1
Q19817,A1
Q19818,A1
Q19819,A1
Q19820,A1
Q19821,A1
Q19822,A1
Q19823,A1
Q19824,A1
Q19825,A1
Q19826,A1
Q19827,A1
Q19828,A2
Q19829,A2
Q19830,A2
Q19831,A2
Q19832,A2
Q19833,A2
Q19834,A2
Q19835,A2
Q19836,A2
Q19837,A2
Q19838,A2
Q19839,A2
Q19840,A2
Q19841,A2
Q19842,A2
Q19843,A2
Q19844,A2
Q19845,A2
Q19846,A2
Q19847,A2
Q19848,A2
Q19849,A2
Q19850,A2
Q19851,A2
Q19852,A2
Q19853,A2
Q19854,A2
Q19855,A2
Q19856,A2
Q19857,A2
Q19858,A2
Q19859,A2
Q19860,A2
Q19861,A2
Q19862,A2
Q19863,A2
Q19864,A2
Q19865,A2
Q19866,A2
Q19867,A2
Q19868,A2
Q19869,A2
Q19870,A2
Q19871,A2
Q19872,A2
Q19873,A2
Q19874,A2
Q19875,A2
Q19876,A2
Q19877,A2
Q19878,A2
Q19879,A2
Q19880,A2
Q19881,A2
Q19882,A2
Q19883,A2
Q19884,A2
Q19885,A2
Q19886,A2
Q19887,A2
Q19888,A2
Q19889,A2
Q19890,A2
Q19891,A2
Q19892,A2
Q19893,A2
Q19894,A2
Q19895,A2
Q19896,A2
Q19897,A2
Q19898,A2
Q19899,A2
Q19900,A2
Q19901,A2
Q19902,A2
Q19903,A2
Q19904,A2
Q19905,A2
Q19906,A2
Q19907,A2
Q19908,A2
Q19909,A2
Q19910,A2
Q19911,A2
Q19912,A2
Q19913,A2
Q19914,A2
Q19915,A2
Q19916,A2
Q19917,A2
Q19918,A2
Q19919,A2
Q19920,A2
Q19921,A2
Q19922,A2
Q19923,A2
Q19924,A2
Q19925,A2
Q19926,A2
Q19927,A2
Q19928,A2
Q19929,A2
Q19930,A2
Q19931,A2
Q19932,A2
Q19933,A2
Q19934,A2
Q19935,A2
Q19936,A2
Q19937,A2
Q19938,A2
Q19939,A2
Q19940,A2
Q19941,A2
Q19942,A2
Q19943,A2
Q19944,A2
Q19945,A2
Q19946,A2
Q19947,A2
Q19948,A2
Q19949,A2
Q19950,A2
Q19951,A2
Q19952,A2
Q19953,A2
Q19954,A2
Q19955,A2
Q19956,A2
Q19957,A2
Q19958,A2
Q19959,A2
Q19960,A2
Q19961,A2
Q19962,A2
Q19963,A2
Q19964,A2
Q19965,A2
Q19966,A2
Q19967,A2
Q19968,A2
Q19969,A2
Q19970,A2
Q19971,A2
Q19972,A2
Q19973,A2
Q19974,A2
Q19975,A2
Q19976,A2
Q19977,A2
Q19978,A2
Q19979,A2
Q19980,A2
Q19981,A2
Q19982,A2
Q19983,A2
Q19984,A2
Q19985,A2
Q19986,A2
Q19987,A2
Q19988,A2
Q19989,A2
Q19990,A2
Q19991,A2
Q19992,A2
Q19993,A2
Q19994,A2
Q19995,A2
Q19996,A2
Q19997,A2
Q19998,A2
Q19999,A2
Q20000,A2
Q20001,A2
Q20002,A2
Q20003,A2
Q20004,A2
Q20005,A2
Q20006,A2
Q20007,A2
Q20008,A2
Q20009,A2
Q20010,A2
Q20011,A2
Q20012,A2
Q20013,A2
Q20014,A2
Q20015,A2
Q20016,A2
Q20017,A2
Q20018,A2
Q20019,A2
Q20020,A2
Q20021,A2
Q20022,A2
Q20023,A2
Q20024,A2
Q20025,A2
Q20026,A2
Q20027,A2
Q20028,A2
Q20029,A2
Q20030,A2
Q20031,A2
Q20032,A2
Q20033,A2
Q20034,A2
Q20035,A2
Q20036,A2
Q20037,A2
Q20038,A2
Q20039,A2
Q20040,A2
Q20041,A2
Q20042,A2
Q20043,A2
Q20044,A2
Q20045,A2
Q20046,A2
Q20047,A2
Q20048,A2
Q20049,A2
Q20050,A2
Q20051,A2
Q20052,A2
Q20053,A2
Q20054,A2
Q20055,A2
Q20056,A2
Q20057,A2
Q20058,A2
Q20059,A2
Q20060,A2
Q20061,A2
Q20062,A2
Q20063,A2
Q20064,A2
Q20065,A2
Q20066,A2
Q20067,A2
Q20068,A2
Q20069,A2
Q20070,A2
Q20071,A2
Q20072,A2
Q20073,A2
Q20074,A2
Q20075,A2
Q20076,A2
Q20077,A2
Q20078,A2
Q20079,A2
Q20080,A2
Q20081,A2
Q20082,A2
Q20083,A2
Q20084,A2
Q20085,A2
Q20086,A2
Q20087,A2
Q20088,A2
Q20089,A2
Q20090,A2
Q20091,A2
Q20092,A2
Q20093,A2
Q20094,A2
Q20095,A2
Q20096,A2
Q20097,A2
Q20098,A2
Q20099,A2
Q20100,A2
Q20101,A2
Q20102,A2
Q20103,A2
Q20104,A2
Q20105,A2
Q20106,A2
Q20107,A2
Q20108,A2
Q20109,A2
Q20110,A2
Q20111,A2
Q20112,A2
Q20113,A2
Q20114,A2
Q20115,A2
Q20116,A2
Q20117,A2
Q20118,A2
Q20119,A2
Q20120,A2
Q20121,A2
Q20122,A2
Q20123,A2
Q20124,A2
Q20125,A2
Q20126,A2
Q20127,A2
Q20128,A2
Q20129,A2
Q20130,A2
Q20131,A2
Q20132,A2
Q20133,A2
Q20134,A2
Q20135,A2
Q20136,A2
Q20137,A2
Q20138,A2
Q20139,A2
Q20140,A2
Q20141,A2
Q20142,A2
Q20143,A2
Q20144,A2
Q20145,A2
Q20146,A2
Q20147,A2
Q20148,A2
Q20149,A2
Q20150,A2
Q20151,A2
Q20152,A2
Q20153,A2
Q20154,A2
Q20155,A2
Q20156,A2
Q20157,A2
Q20158,A2
Q20159,A2
Q20160,A2
Q20161,A2
Q20162,A2
Q20163,A2
Q20164,A2
Q20165,A2
Q20166,A2
Q20167,A2
Q20168,A2
Q20169,A2
Q20170,A2
Q20171,A2
Q20172,A2
Q20173,A2
Q20174,A2
Q20175,A2
Q20176,A2
Q20177,A2
Q20178,A2
Q20179,A2
Q20180,A2
Q20181,A2
Q20182,A2
Q20183,A2
Q20184,A2
Q20185,A2
Q20186,A2
Q20187,A2
Q20188,A2
Q20189,A2
Q20190,A2
Q20191,A2
Q20192,A2
Q20193,A2
Q20194,A2
Q20195,A2
Q20196,A2
Q20197,A2
Q20198,A2
Q20199,A2
Q20200,A2
Q20201,A2
Q20202,A2
Q20203,A2
Q20204,A2
Q20205,A2
Q20206,A2
Q20207,A2
Q20208,A2
Q20209,A2
Q20210,A2
Q20211,A2
Q20212,A2
Q20213,A2
Q20214,A2
Q20215,A2
Q20216,A2
Q20217,A2
Q20218,A2
Q20219,A2
Q20220,A2
Q20221,A2
Q20222,A2
Q20223,A2
Q20224,A2
Q20225,A2
Q20226,A2
Q20227,A2
Q20228,A2
Q20229,A2
Q20230,A2
Q20231,A2
Q20232,A2
Q20233,A2
Q20234,A2
Q20235,A2
Q20236,A2
Q20237,A2
Q20238,A2
Q20239,A2
Q20240,A2
Q20241,A2
Q20242,A2
Q20243,A2
Q20244,A2
Q20245,A2
Q20246,A2
Q20247,A2
Q20248,A2
Q20249,A2
Q20250,A2
Q20251,A2
Q20252,A2
Q20253,A2
Q20254,A2
Q20255,A2
Q20256,A2
Q20257,A2
Q20258,A2
Q20259,A2
Q20260,A2
Q20261,A2
Q20262,A2
Q20263,A2
Q20264,A2
Q20265,A2
Q20266,A2
Q20267,A2
Q20268,A2
Q20269,A2
Q20270,A2
Q20271,A2
Q20272,A2
Q20273,A2
Q20274,A2
Q20275,A2
Q20276,A2
Q20277,A2
Q20278,A2
Q20279,A2
Q20280,A2
Q20281,A2
Q20282,A2
Q20283,A2
Q20284,A2
Q20285,A2
Q20286,A2
Q20287,A2
Q20288,A2
Q20289,A2
Q20290,A2
Q20291,A2
Q20292,A2
Q20293,A2
Q20294,A2
Q20295,A2
Q20296,A2
Q20297,A2
Q20298,A2
Q20299,A2
Q20300,A2
Q20301,A2
Q20302,A2
Q20303,A2
Q20304,A2
Q20305,A2
Q20306,A2
Q20307,A2
Q20308,A2
Q20309,A2
Q20310,A2
Q20311,A2
Q20312,A2
Q20313,A2
Q20314,A2
Q20315,A2
Q20316,A0
Q20317,A0
Q20318,A0
Q20319,A0
Q20320,A0
Q20321,A0
Q20322,A0
Q20323,A0
Q20324,A0
Q20325,A0
Q20326,A0
Q20327,A0
Q20328,A0
Q20329,A0
Q20330,A0
Q20331,A0
Q20332,A0
Q20333,A0
Q20334,A0
Q20335,A0
Q20336,A0
Q20337,A0
Q20338,A0
Q20339,A0
Q20340,A0
Q20341,A0
Q20342,A0
Q20343,A0
Q20344,A0
Q20345,A0
Q20346,A0
Q20347,A0
Q20348,A0
Q20349,A0
Q20350,A0
Q20351,A0
Q20352,A0
Q20353,A0
Q20354,A0
Q20355,A0
Q20356,A0
Q20357,A0
Q20358,A0
Q20359,A0
Q20360,A0
Q20361,A0
Q20362,A0
Q20363,A0
Q20364,A0
Q20365,A0
Q20366,A0
Q20367,A0
Q20368,A0
Q20369,A0
Q20370,A0
Q20371,A0
Q20372,A0
Q20373,A0
Q20374,A0
Q20375,A0
Q20376,A0
Q20377,A0
Q20378,A0
Q20379,A0
Q20380,A0
Q20381,A0
Q20382,A0
Q20383,A0
Q20384,A0
Q20385,A0
Q20386,A0
Q20387,A0
Q20388,A0
Q20389,A0
Q20390,A0
Q20391,A0
Q20392,A0
Q20393,A0
Q20394,A0
Q20395,A0
Q20396,A0
Q20397,A0
Q20398,A0
Q20399,A0
Q20400,A0
Q20401,A0
Q20402,A0
Q20403,A0
Q20404,A0
Q20405,A0
Q20406,A0
Q20407,A0
Q20408,A0
Q20409,A0
Q20410,A0
Q20411,A0
Q20412,A0
Q20413,A0
Q20414,A0
Q20415,A0
Q20416,A0
Q20417,A0
Q20418,A0
Q20419,A0
Q20420,A0
Q20421,A0
Q20422,A0
Q20423,A0
Q20424,A0
Q20425,A0
Q20426,A0
Q20427,A0
Q20428,A0
Q20429,A0
Q20430,A0
Q20431,A0
Q20432,A0
Q20433,A0
Q20434,A0
Q20435,A0
Q20436,A0
Q20437,A0
Q20438,A0
Q20439,A0
Q20440,A0
Q20441,A0
Q20442,A0
Q20443,A0
Q20444,A0
Q20445,A0
Q20446,A0
Q20447,A0
Q20448,A0
Q20449,A0
Q20450,A0
Q20451,A0
Q20452,A0
Q20453,A0
Q20454,A0
Q20455,A0
Q20456,A0
Q20457,A0
Q20458,A0
Q20459,A0
Q20460,A0
Q20461,A0
Q20462,A0
Q20463,A0
Q20464,A0
Q20465,A0
Q20466,A0
Q20467,A0
Q20468,A0
Q20469,A0
Q20470,A0
Q20471,A0
Q20472,A0
Q20473,A0
Q20474,A0
Q20475,A0
Q20476,A0
Q20477,A0
Q20478,A0
Q20479,A0
Q20480,A0
Q20481,A0
Q20482,A0
Q20483,A0
Q20484,A0
Q20485,A0
Q20486,A0
Q20487,A0
Q20488,A0
Q20489,A0
Q20490,A0
Q20491,A0
Q20492,A0
Q20493,A0
Q20494,A0
Q20495,A0
Q20496,A0
Q20497,A0
Q20498,A0
Q20499,A0
Q20500,A0
Q20501,A0
Q20502,A0
Q20503,A0
Q20504,A0
Q20505,A0
Q20506,A0
Q20507,A0
Q20508,A0
Q20509,A0
Q20510,A0
Q20511,A0
Q20512,A0
Q20513,A0
Q20514,A0
Q20515,A0
Q20516,A0
Q20517,A0
Q20518,A0
Q20519,A0
Q20520,A0
Q20521,A0
Q20522,A0
Q20523,A0
Q20524,A0
Q20525,A0
Q20526,A0
Q20527,A0
Q20528,A0
Q20529,A0
Q20530,A0
Q20531,A0
Q20532,A0
Q20533,A0
Q20534,A0
Q20535,A0
Q20536,A0
Q20537,A0
Q20538,A0
Q20539,A0
Q20540,A0
Q20541,A0
Q20542,A0
Q20543,A0
Q20544,A0
Q20545,A0
Q20546,A0
Q20547,A0
Q20548,A0
Q20549,A0
Q20550,A0
Q20551,A0
Q20552,A0
Q20553,A0
Q20554,A0
Q20555,A0
Q20556,A0
Q20557,A0
Q20558,A0
Q20559,A0
Q20560,A0
Q20561,A0
Q20562,A0
Q20563,A0
Q20564,A0
Q20565,A0
Q20566,A0
Q20567,A0
Q20568,A0
Q20569,A0
Q20570,A0
Q20571,A0
Q20572,A0
Q20573,A0
Q20574,A0
Q20575,A0
Q20576,A0
Q20577,A0
Q20578,A0
Q20579,A0
Q20580,A0
Q20581,A0
Q20582,A0
Q20583,A0
Q20584,A0
Q20585,A0
Q20586,A0
Q20587,A0
Q20588,A0
Q20589,A0
Q20590,A0
Q20591,A0
Q20592,A0
Q20593,A0
Q20594,A0
Q20595,A0
Q20596,A0
Q20597,A0
Q20598,A0
Q20599,A0
Q20600,A0
Q20601,A0
Q20602,A0
Q20603,A0
Q20604,A0
Q20605,A0
Q20606,A0
Q20607,A0
Q20608,A0
Q20609,A0
Q20610,A0
Q20611,A0
Q20612,A0
Q20613,A0
Q20614,A0
Q20615,A0
Q20616,A0
Q20617,A0
Q20618,A0
Q20619,A0
Q20620,A0
Q20621,A0
Q20622,A0
Q20623,A0
Q20624,A0
Q20625,A0
Q20626,A0
Q20627,A0
Q20628,A0
Q20629,A0
Q20630,A0
Q20631,A0
Q20632,A0
Q20633,A0
Q20634,A0
Q20635,A0
Q20636,A0
Q20637,A0
Q20638,A0
Q20639,A0
Q20640,A0
Q20641,A0
Q20642,A0
Q20643,A0
Q20644,A0
Q20645,A0
Q20646,A0
Q20647,A0
Q20648,A0
Q20649,A0
Q20650,A0
Q20651,A0
Q20652,A0
Q20653,A0
Q20654,A0
Q20655,A0
Q20656,A0
Q20657,A0
Q20658,A0
Q20659,A0
Q20660,A0
Q20661,A0
Q20662,A0
Q20663,A0
Q20664,A0
Q20665,A0
Q20666,A0
Q20667,A0
Q20668,A0
Q20669,A0
Q20670,A0
Q20671,A0
Q20672,A0
Q20673,A0
Q20674,A0
Q20675,A0
Q20676,A0
Q20677,A0
Q20678,A0
Q20679,A0
Q20680,A0
Q20681,A0
Q20682,A0
Q20683,A0
Q20684,A0
Q20685,A0
Q20686,A0
Q20687,A0
Q20688,A0
Q20689,A0
Q20690,A0
Q20691,A0
Q20692,A0
Q20693,A0
Q20694,A0
Q20695,A0
Q20696,A0
Q20697,A0
Q20698,A0
Q20699,A0
Q20700,A0
Q20701,A0
Q20702,A0
Q20703,A0
Q20704,A0
Q20705,A0
Q20706,A0
Q20707,A0
Q20708,A0
Q20709,A0
Q20710,A0
Q20711,A0
Q20712,A0
Q20713,A0
Q20714,A0
Q20715,A0
Q20716,A0
Q20717,A0
Q20718,A0
Q20719,A0
Q20720,A0
Q20721,A0
Q20722,A0
Q20723,A0
Q20724,A0
Q20725,A0
Q20726,A0
Q20727,A0
Q20728,A0
Q20729,A0
Q20730,A0
Q20731,A0
Q20732,A0
Q20733,A0
Q20734,A0
Q20735,A0
Q20736,A0
Q20737,A0
Q20738,A0
Q20739,A0
Q20740,A0
Q20741,A0
Q20742,A0
Q20743,A0
Q20744,A0
Q20745,A0
Q20746,A0
Q20747,A0
Q20748,A0
Q20749,A0
Q20750,A0
Q20751,A0
Q20752,A0
Q20753,A0
Q20754,A0
Q20755,A0
Q20756,A0
Q20757,A0
Q20758,A0
Q20759,A0
Q20760,A0
Q20761,A0
Q20762,A0
Q20763,A0
Q20764,A0
Q20765,A0
Q20766,A0
Q20767,A0
Q20768,A0
Q20769,A0
Q20770,A0
Q20771,A0
Q20772,A0
Q20773,A0
Q20774,A0
Q20775,A0
Q20776,A0
Q20777,A0
Q20778,A0
Q20779,A0
Q20780,A0
Q20781,A0
Q20782,A0
Q20783,A0
Q20784,A0
Q20785,A0
Q20786,A0
Q20787,A0
Q20788,A0
Q20789,A0
Q20790,A0
Q20791,A0
Q20792,A0
Q20793,A0
Q20794,A0
Q20795,A0
Q20796,A0
Q20797,A0
Q20798,A0
Q20799,A0
Q20800,A0
Q20801,A0
Q20802,A0
Q20803,A0
Q20804,A0
Q20805,A0
Q20806,A0
Q20807,A0
Q20808,A0
Q20809,A0
Q20810,A0
Q20811,A0
Q20812,A0
Q20813,A0
Q20814,A0
Q20815,A0
Q20816,A0
Q20817,A0
Q20818,A0
Q20819,A0
Q20820,A0
Q20821,A0
Q20822,A0
Q20823,A0
Q20824,A0
Q20825,A0
Q20826,A0
Q20827,A0
Q20828,A0
Q20829,A0
Q20830,A0
Q20831,A0
Q20832,A0
Q20833,A0
Q20834,A0
Q20835,A0
Q20836,A0
Q20837,A0
Q20838,A0
Q20839,A0
Q20840,A0
Q20841,A0
Q20842,A0
Q20843,A0
Q20844,A0
Q20845,A0
Q20846,A0
Q20847,A0
Q20848,A0
Q20849,A0
Q20850,A0
Q20851,A0
Q20852,A0
Q20853,A0
Q20854,A0
Q20855,A0
Q20856,A0
Q20857,A0
Q20858,A0
Q20859,A0
Q20860,A0
Q20861,A0
Q20862,A0
Q20863,A0
Q20864,A0
Q20865,A0
Q20866,A0
Q20867,A0
Q20868,A0
Q20869,A0
Q20870,A0
Q20871,A0
Q20872,A0
Q20873,A0
Q20874,A0
Q20875,A0
Q20876,A0
Q20877,A0
Q20878,A0
Q20879,A0
Q20880,A0
Q20881,A0
Q20882,A0
Q20883,A0
Q20884,A0
Q20885,A0
Q20886,A0
Q20887,A0
Q20888,A0
Q20889,A0
Q20890,A0
Q20891,A0
Q20892,A0
Q20893,A0
Q20894,A0
Q20895,A0
Q20896,A0
Q20897,A0
Q20898,A0
Q20899,A0
Q20900,A0
Q20901,A0
Q20902,A0
Q20903,A0
Q20904,A0
Q20905,A0
Q20906,A0
Q20907,A0
Q20908,A0
Q20909,A0
Q20910,A0
Q20911,A0
Q20912,A0
Q20913,A0
Q20914,A0
Q20915,A0
Q20916,A0
Q20917,A0
Q20918,A0
Q20919,A0
Q20920,A0
Q20921,A0
Q20922,A0
Q20923,A0
Q20924,A0
Q20925,A0
Q20926,A0
Q20927,A0
Q20928,A0
Q20929,A0
Q20930,A0
Q20931,A0
Q20932,A0
Q20933,A0
Q20934,A0
Q20935,A0
Q20936,A0
Q20937,A0
Q20938,A0
Q20939,A0
Q20940,A0
Q20941,A0
Q20942,A0
Q20943,A0
Q20944,A0
Q20945,A0
Q20946,A0
Q20947,A0
Q20948,A0
Q20949,A0
Q20950,A0
Q20951,A0
Q20952,A0
Q20953,A0
Q20954,A0
Q20955,A0
Q20956,A0
Q20957,A0
Q20958,A0
Q20959,A0
Q20960,A0
Q20961,A0
Q20962,A0
Q20963,A0
Q20964,A0
Q20965,A0
Q20966,A0
Q20967,A0
Q20968,A0
Q20969,A0
Q20970,A0
Q20971,A0
Q20972,A0
Q20973,A0
Q20974,A0
Q20975,A0
Q20976,A0
Q20977,A0
Q20978,A0
Q20979,A0
Q20980,A0
Q20981,A0
Q20982,A0
Q20983,A0
Q20984,A0
Q20985,A0
Q20986,A0
Q20987,A0
Q20988,A0
Q20989,A0
Q20990,A0
Q20991,A0
Q20992,A0
Q20993,A0
Q20994,A0
Q20995,A0
Q20996,A0
Q20997,A0
Q20998,A0
Q20999,A0
Q21000,A0
Q21001,A0
Q21002,A0
Q21003,A0
Q21004,A0
Q21005,A0
Q21006,A0
Q21007,A0
Q21008,A0
Q21009,A0
Q21010,A0
Q21011,A0
Q21012,A0
Q21013,A0
Q21014,A0
Q21015,A0
Q21016,A0
Q21017,A0
Q21018,A0
Q21019,A0
Q21020,A0
Q21021,A0
Q21022,A0
Q21023,A0
Q21024,A0
Q21025,A0
Q21026,A0
Q21027,A0
Q21028,A0
Q21029,A0
Q21030,A0
Q21031,A0
Q21032,A0
Q21033,A0
Q21034,A0
Q21035,A0
Q21036,A0
Q21037,A0
Q21038,A0
Q21039,A0
Q21040,A0
Q21041,A0
Q21042,A0
Q21043,A0
Q21044,A0
Q21045,A0
Q21046,A0
Q21047,A0
Q21048,A0
Q21049,A0
Q21050,A0
Q21051,A0
Q21052,A0
Q21053,A0
Q21054,A0
Q21055,A0
Q21056,A0
Q21057,A0
Q21058,A0
Q21059,A0
Q21060,A0
Q21061,A0
Q21062,A0
Q21063,A0
Q21064,A0
Q21065,A0
Q21066,A0
Q21067,A0
Q21068,A0
Q21069,A0
Q21070,A0
Q21071,A0
Q21072,A0
Q21073,A0
Q21074,A0
Q21075,A0
Q21076,A0
Q21077,A0
Q21078,A0
Q21079,A0
Q21080,A0
Q21081,A0
Q21082,A0
Q21083,A0
Q21084,A0
Q21085,A0
Q21086,A0
Q21087,A0
Q21088,A0
Q21089,A0
Q21090,A0
Q21091,A0
Q21092,A0
Q21093,A0
Q21094,A0
Q21095,A0
Q21096,A0
Q21097,A0
Q21098,A0
Q21099,A0
Q21100,A0
Q21101,A0
Q21102,A0
Q21103,A0
Q21104,A0
Q21105,A0
Q21106,A0
Q21107,A0
Q21108,A0
Q21109,A0
Q21110,A0
Q21111,A0
Q21112,A0
Q21113,A0
Q21114,A0
Q21115,A0
Q21116,A0
Q21117,A0
Q21118,A0
Q21119,A0
Q21120,A0
Q21121,A0
Q21122,A0
Q21123,A0
Q21124,A0
Q21125,A0
Q21126,A0
Q21127,A0
Q21128,A0
Q21129,A0
Q21130,A0
Q21131,A0
Q21132,A0
Q21133,A0
Q21134,A0
Q21135,A0
Q21136,A0
Q21137,A0
Q21138,A0
Q21139,A0
Q21140,A0
Q21141,A0
Q21142,A0
Q21143,A0
Q21144,A0
Q21145,A0
Q21146,A0
Q21147,A0
Q21148,A0
Q21149,A0
Q21150,A0
Q21151,A0
Q21152,A0
Q21153,A0
Q21154,A0
Q21155,A0
Q21156,A0
Q21157,A0
Q21158,A0
Q21159,A0
Q21160,A0
Q21161,A0
Q21162,A0
Q21163,A0
Q21164,A0
Q21165,A0
Q21166,A0
Q21167,A0
Q21168,A0
Q21169,A0
Q21170,A0
Q21171,A0
Q21172,A0
Q21173,A0
Q21174,A0
Q21175,A0
Q21176,A0
Q21177,A0
Q21178,A0
Q21179,A0
Q21180,A0
Q21181,A0
Q21182,A0
Q21183,A0
Q21184,A0
Q21185,A0
Q21186,A0
Q21187,A0
Q21188,A0
Q21189,A0
Q21190,A0
Q21191,A0
Q21192,A0
Q21193,A0
Q21194,A0
Q21195,A0
Q21196,A0
Q21197,A0
Q21198,A0
Q21199,A0
Q21200,A0
Q21201,A0
Q21202,A0
Q21203,A0
Q21204,A0
Q21205,A0
Q21206,A0
Q21207,A0
Q21208,A0
Q21209,A0
Q21210,A0
Q21211,A0
Q21212,A0
Q21213,A0
Q21214,A0
Q21215,A0
Q21216,A0
Q21217,A0
Q21218,A0
Q21219,A0
Q21220,A0
Q21221,A0
Q21222,A0
Q21223,A0
Q21224,A0
Q21225,A0
Q21226,A0
Q21227,A0
Q21228,A0
Q21229,A0
Q21230,A0
Q21231,A0
Q21232,A0
Q21233,A0
Q21234,A0
Q21235,A0
Q21236,A0
Q21237,A0
Q21238,A0
Q21239,A0
Q21240,A0
Q21241,A0
Q21242,A0
Q21243,A0
Q21244,A0
Q21245,A0
Q21246,A0
Q21247,A0
Q21248,A0
Q21249,A0
Q21250,A0
Q21251,A0
Q21252,A0
Q21253,A0
Q21254,A0
Q21255,A0
Q21256,A0
Q21257,A0
Q21258,A0
Q21259,A0
Q21260,A0
Q21261,A0
Q21262,A0
Q21263,A0
Q21264,A0
Q21265,A0
Q21266,A0
Q21267,A0
Q21268,A0
Q21269,A0
Q21270,A0
Q21271,A0
Q21272,A0
Q21273,A0
Q21274,A0
Q21275,A0
Q21276,A0
Q21277,A0
Q21278,A0
Q21279,A0
Q21280,A0
Q21281,A0
Q21282,A0
Q21283,A0
Q21284,A0
Q21285,A0
Q21286,A0
Q21287,A0
Q21288,A0
Q21289,A0
Q21290,A0
Q21291,A0
Q21292,A0
Q21293,A0
Q21294,A0
Q21295,A0
Q21296,A0
Q21297,A0
Q21298,A0
Q21299,A0
Q21300,A0
Q21301,A0
Q21302,A0
Q21303,A0
Q21304,A0
Q21305,A0
Q21306,A0
Q21307,A0
Q21308,A0
Q21309,A0
Q21310,A0
Q21311,A0
Q21312,A0
Q21313,A0
Q21314,A0
Q21315,A0
Q21316,A0
Q21317,A0
Q21318,A0
Q21319,A0
Q21320,A0
Q21321,A0
Q21322,A0
Q21323,A0
Q21324,A0
Q21325,A0
Q21326,A0
Q21327,A0
Q21328,A0
Q21329,A0
Q21330,A0
Q21331,A0
Q21332,A0
Q21333,A0
Q21334,A0
Q21335,A0
Q21336,A0
Q21337,A0
Q21338,A0
Q21339,A0
Q21340,A0
Q21341,A0
Q21342,A0
Q21343,A0
Q21344,A0
Q21345,A0
Q21346,A0
Q21347,A0
Q21348,A0
Q21349,A0
Q21350,A0
Q21351,A0
Q21352,A0
Q21353,A0
Q21354,A0
Q21355,A0
Q21356,A0
Q21357,A0
Q21358,A0
Q21359,A0
Q21360,A0
Q21361,A0
Q21362,A0
Q21363,A0
Q21364,A0
Q21365,A0
Q21366,A0
Q21367,A0
Q21368,A0
Q21369,A0
Q21370,A0
Q21371,A0
Q21372,A0
Q21373,A0
Q21374,A0
Q21375,A0
Q21376,A0
Q21377,A0
Q21378,A0
Q21379,A0
Q21380,A0
Q21381,A0
Q21382,A0
Q21383,A0
Q21384,A0
Q21385,A0
Q21386,A0
Q21387,A0
Q21388,A0
Q21389,A0
Q21390,A0
Q21391,A0
Q21392,A0
Q21393,A0
Q21394,A0
Q21395,A0
Q21396,A0
Q21397,A0
Q21398,A0
Q21399,A0
Q21400,A0
Q21401,A0
Q21402,A0
Q21403,A0
Q21404,A0
Q21405,A0
Q21406,A0
Q21407,A0
Q21408,A0
Q21409,A0
Q21410,A0
Q21411,A0
Q21412,A0
Q21413,A0
Q21414,A0
Q21415,A0
Q21416,A0
Q21417,A0
Q21418,A0
Q21419,A0
Q21420,A0
Q21421,A0
Q21422,A0
Q21423,A0
Q21424,A0
Q21425,A0
Q21426,A0
Q21427,A0
Q21428,A0
Q21429,A0
Q21430,A0
Q21431,A0
Q21432,A0
Q21433,A0
Q21434,A0
Q21435,A0
Q21436,A0
Q21437,A0
Q21438,A0
Q21439,A0
Q21440,A0
Q21441,A0
Q21442,A0
Q21443,A0
Q21444,A0
Q21445,A0
Q21446,A0
Q21447,A0
Q21448,A0
Q21449,A0
Q21450,A0
Q21451,A0
Q21452,A0
Q21453,A0
Q21454,A0
Q21455,A0
Q21456,A0
Q21457,A0
Q21458,A0
Q21459,A0
Q21460,A0
Q21461,A0
Q21462,A0
Q21463,A0
Q21464,A0
Q21465,A0
Q21466,A0
Q21467,A0
Q21468,A0
Q21469,A0
Q21470,A0
Q21471,A0
Q21472,A0
Q21473,A0
Q21474,A0
Q21475,A0
Q21476,A0
Q21477,A0
Q21478,A0
Q21479,A0
Q21480,A0
Q21481,A0
Q21482,A0
Q21483,A0
Q21484,A0
Q21485,A0
Q21486,A0
Q21487,A0
Q21488,A0
Q21489,A0
Q21490,A0
Q21491,A0
Q21492,A0
Q21493,A0
Q21494,A0
Q21495,A0
Q21496,A0
Q21497,A0
Q21498,A0
Q21499,A0
Q21500,A0
Q21501,A0
Q21502,A0
Q21503,A0
Q21504,A0
Q21505,A0
Q21506,A0
Q21507,A0
Q21508,A0
Q21509,A0
Q21510,A0
Q21511,A0
Q21512,A0
Q21513,A0
Q21514,A0
Q21515,A0
Q21516,A0
Q21517,A0
Q21518,A0
Q21519,A0
Q21520,A0
Q21521,A0
Q21522,A0
Q21523,A0
Q21524,A0
Q21525,A0
Q21526,A0
Q21527,A0
Q21528,A0
Q21529,A0
Q21530,A0
Q21531,A0
Q21532,A0
Q21533,A0
Q21534,A0
Q21535,A0
Q21536,A0
Q21537,A0
Q21538,A0
Q21539,A0
Q21540,A0
Q21541,A0
Q21542,A0
Q21543,A0
Q21544,A0
Q21545,A0
Q21546,A0
Q21547,A0
Q21548,A0
Q21549,A0
Q21550,A0
Q21551,A0
Q21552,A0
Q21553,A0
Q21554,A0
Q21555,A0
Q21556,A0
Q21557,A0
Q21558,A0
Q21559,A0
Q21560,A0
Q21561,A0
Q21562,A0
Q21563,A0
Q21564,A0
Q21565,A0
Q21566,A0
Q21567,A0
Q21568,A0
Q21569,A0
Q21570,A0
Q21571,A0
Q21572,A0
Q21573,A0
Q21574,A0
Q21575,A0
Q21576,A0
Q21577,A0
Q21578,A0
Q21579,A0
Q21580,A0
Q21581,A0
Q21582,A0
Q21583,A0
Q21584,A0
Q21585,A0
Q21586,A0
Q21587,A0
Q21588,A0
Q21589,A0
Q21590,A0
Q21591,A0
Q21592,A0
Q21593,A0
Q21594,A0
Q21595,A0
Q21596,A0
Q21597,A0
Q21598,A0
Q21599,A0
Q21600,A0
Q21601,A0
Q21602,A0
Q21603,A0
Q21604,A0
Q21605,A0
Q21606,A0
Q21607,A0
Q21608,A0
Q21609,A0
Q21610,A0
Q21611,A0
Q21612,A0
Q21613,A0
Q21614,A0
Q21615,A0
Q21616,A0
Q21617,A0
Q21618,A0
Q21619,A0
Q21620,A0
Q21621,A0
Q21622,A0
Q21623,A0
Q21624,A0
Q21625,A0
Q21626,A0
Q21627,A0
Q21628,A0
Q21629,A0
Q21630,A0
Q21631,A0
Q21632,A0
Q21633,A0
Q21634,A0
Q21635,A0
Q21636,A0
Q21637,A0
Q21638,A0
Q21639,A0
Q21640,A0
Q21641,A0
Q21642,A0
Q21643,A0
Q21644,A0
Q21645,A0
Q21646,A0
Q21647,A0
Q21648,A0
Q21649,A0
Q21650,A0
Q21651,A0
Q21652,A0
Q21653,A0
Q21654,A0
Q21655,A0
Q21656,A0
Q21657,A0
Q21658,A0
Q21659,A0
Q21660,A0
Q21661,A0
Q21662,A0
Q21663,A0
Q21664,A0
Q21665,A0
Q21666,A0
Q21667,A0
Q21668,A0
Q21669,A0
Q21670,A0
Q21671,A0
Q21672,A0
Q21673,A0
Q21674,A0
Q21675,A0
Q21676,A0
Q21677,A0
Q21678,A0
Q21679,A0
Q21680,A0
Q21681,A0
Q21682,A0
Q21683,A0
Q21684,A0
Q21685,A0
Q21686,A0
Q21687,A0
Q21688,A0
Q21689,A0
Q21690,A0
Q21691,A0
Q21692,A0
Q21693,A0
Q21694,A0
Q21695,A0
Q21696,A0
Q21697,A0
Q21698,A0
Q21699,A0
Q21700,A0
Q21701,A0
Q21702,A0
Q21703,A0
Q21704,A0
Q21705,A0
Q21706,A0
Q21707,A0
Q21708,A0
Q21709,A0
Q21710,A0
Q21711,A0
Q21712,A0
Q21713,A0
Q21714,A0
Q21715,A0
Q21716,A0
Q21717,A0
Q21718,A0
Q21719,A0
Q21720,A0
Q21721,A0
Q21722,A0
Q21723,A0
Q21724,A0
Q21725,A0
Q21726,A0
Q21727,A0
Q21728,A0
Q21729,A0
Q21730,A0
Q21731,A0
Q21732,A0
Q21733,A0
Q21734,A0
Q21735,A0
Q21736,A0
Q21737,A0
Q21738,A0
Q21739,A0
Q21740,A0
Q21741,A0
Q21742,A0
Q21743,A0
Q21744,A0
Q21745,A0
Q21746,A0
Q21747,A0
Q21748,A0
Q21749,A0
Q21750,A0
Q21751,A0
Q21752,A0
Q21753,A0
Q21754,A0
Q21755,A0
Q21756,A0
Q21757,A0
Q21758,A0
Q21759,A0
Q21760,A0
Q21761,A0
Q21762,A0
Q21763,A0
Q21764,A0
Q21765,A0
Q21766,A0
Q21767,A0
Q21768,A0
Q21769,A0
Q21770,A0
Q21771,A0
Q21772,A0
Q21773,A0
Q21774,A0
Q21775,A0
Q21776,A0
Q21777,A0
Q21778,A0
Q21779,A0
Q21780,A0
Q21781,A0
Q21782,A0
Q21783,A0
Q21784,A0
Q21785,A0
Q21786,A0
Q21787,A0
Q21788,A0
Q21789,A0
Q21790,A0
Q21791,A0
Q21792,A0
Q21793,A0
Q21794,A0
Q21795,A0
Q21796,A0
Q21797,A0
Q21798,A0
Q21799,A0
Q21800,A0
Q21801,A0
Q21802,A0
Q21803,A0
Q21804,A0
Q21805,A0
Q21806,A0
Q21807,A0
Q21808,A0
Q21809,A0
Q21810,A0
Q21811,A0
Q21812,A0
Q21813,A0
Q21814,A0
Q21815,A0
Q21816,A0
Q21817,A0
Q21818,A0
Q21819,A0
Q21820,A0
Q21821,A0
Q21822,A0
Q21823,A0
Q21824,A0
Q21825,A0
Q21826,A0
Q21827,A0
Q21828,A0
Q21829,A0
Q21830,A0
Q21831,A0
Q21832,A0
Q21833,A0
Q21834,A0
Q21835,A0
Q21836,A0
Q21837,A0
Q21838,A0
Q21839,A0
Q21840,A0
Q21841,A0
Q21842,A0
Q21843,A0
Q21844,A0
Q21845,A0
Q21846,A0
Q21847,A0
Q21848,A0
Q21849,A0
Q21850,A0
Q21851,A0
Q21852,A0
Q21853,A0
Q21854,A0
Q21855,A0
Q21856,A0
Q21857,A0
Q21858,A0
Q21859,A0
Q21860,A0
Q21861,A0
Q21862,A0
Q21863,A0
Q21864,A0
Q21865,A0
Q21866,A0
Q21867,A0
Q21868,A0
Q21869,A0
Q21870,A0
Q21871,A0
Q21872,A0
Q21873,A0
Q21874,A0
Q21875,A0
Q21876,A0
Q21877,A0
Q21878,A0
Q21879,A0
Q21880,A0
Q21881,A0
Q21882,A0
Q21883,A0
Q21884,A0
Q21885,A0
Q21886,A0
Q21887,A0
Q21888,A0
Q21889,A0
Q21890,A0
Q21891,A0
Q21892,A0
Q21893,A0
Q21894,A0
Q21895,A0
Q21896,A0
Q21897,A0
Q21898,A0
Q21899,A0
Q21900,A0
Q21901,A0
Q21902,A0
Q21903,A0
Q21904,A0
Q21905,A0
Q21906,A0
Q21907,A0
Q21908,A0
Q21909,A0
Q21910,A0
Q21911,A0
Q21912,A0
Q21913,A0
Q21914,A0
Q21915,A0
Q21916,A0
Q21917,A0
Q21918,A0
Q21919,A0
Q21920,A0
Q21921,A0
Q21922,A0
Q21923,A0
Q21924,A0
Q21925,A0
Q21926,A0
Q21927,A0
Q21928,A0
Q21929,A0
Q21930,A0
Q21931,A0
Q21932,A0
Q21933,A0
Q21934,A0
Q21935,A0
Q21936,A0
Q21937,A0
Q21938,A0
Q21939,A0
Q21940,A0
Q21941,A0
Q21942,A0
Q21943,A0
Q21944,A0
Q21945,A0
Q21946,A0
Q21947,A0
Q21948,A0
Q21949,A0
Q21950,A0
Q21951,A0
Q21952,A0
Q21953,A0
Q21954,A0
Q21955,A0
Q21956,A0
Q21957,A0
Q21958,A0
Q21959,A0
Q21960,A0
Q21961,A0
Q21962,A0
Q21963,A0
Q21964,A0
Q21965,A0
Q21966,A0
Q21967,A0
Q21968,A0
Q21969,A0
Q21970,A0
Q21971,A0
Q21972,A0
Q21973,A0
Q21974,A0
Q21975,A0
Q21976,A0
Q21977,A0
Q21978,A0
Q21979,A0
Q21980,A0
Q21981,A0
Q21982,A0
Q21983,A0
Q21984,A0
Q21985,A0
Q21986,A0
Q21987,A0
Q21988,A0
Q21989,A0
Q21990,A0
Q21991,A0
Q21992,A0
Q21993,A0
Q21994,A0
Q21995,A0
Q21996,A0
Q21997,A0
Q21998,A0
Q21999,A0
Q22000,A0
Q22001,A0
Q22002,A0
Q22003,A0
Q22004,A0
Q22005,A0
Q22006,A0
Q22007,A0
Q22008,A0
Q22009,A0
Q22010,A0
Q22011,A0
Q22012,A0
Q22013,A0
Q22014,A0
Q22015,A0
Q22016,A0
Q22017,A0
Q22018,A0
Q22019,A0
Q22020,A0
Q22021,A0
Q22022,A0
Q22023,A0
Q22024,A0
Q22025,A0
Q22026,A0
Q22027,A0
Q22028,A0
Q22029,A0
Q22030,A0
Q22031,A0
Q22032,A0
Q22033,A0
Q22034,A0
Q22035,A0
Q22036,A0
Q22037,A0
Q22038,A0
Q22039,A0
Q22040,A0
Q22041,A0
Q22042,A0
Q22043,A0
Q22044,A0
Q22045,A0
Q22046,A0
Q22047,A0
Q22048,A0
Q22049,A0
Q22050,A0
Q22051,A0
Q22052,A0
Q22053,A0
Q22054,A0
Q22055,A0
Q22056,A0
Q22057,A0
Q22058,A0
Q22059,A0
Q22060,A0
Q22061,A0
Q22062,A0
Q22063,A0
Q22064,A0
Q22065,A0
Q22066,A0
Q22067,A0
Q22068,A0
Q22069,A0
Q22070,A0
Q22071,A0
Q22072,A0
Q22073,A0
Q22074,A0
Q22075,A0
Q22076,A0
Q22077,A0
Q22078,A0
Q22079,A0
Q22080,A0
Q22081,A0
Q22082,A0
Q22083,A0
Q22084,A0
Q22085,A0
Q22086,A0
Q22087,A0
Q22088,A0
Q22089,A0
Q22090,A0
Q22091,A0
Q22092,A0
Q22093,A0
Q22094,A0
Q22095,A0
Q22096,A0
Q22097,A0
Q22098,A0
Q22099,A0
Q22100,A0
Q22101,A0
Q22102,A0
Q22103,A0
Q22104,A0
Q22105,A0
Q22106,A0
Q22107,A0
Q22108,A0
Q22109,A0
Q22110,A0
Q22111,A0
Q22112,A0
Q22113,A0
Q22114,A0
Q22115,A0
Q22116,A0
Q22117,A0
Q22118,A0
Q22119,A0
Q22120,A0
Q22121,A0
Q22122,A0
Q22123,A0
Q22124,A0
Q22125,A0
Q22126,A0
Q22127,A0
Q22128,A0
Q22129,A0
Q22130,A0
Q22131,A0
Q22132,A0
Q22133,A0
Q22134,A0
Q22135,A0
Q22136,A0
Q22137,A0
Q22138,A0
Q22139,A0
Q22140,A0
Q22141,A0
Q22142,A0
Q22143,A0
Q22144,A0
Q22145,A0
Q22146,A0
Q22147,A0
Q22148,A0
Q22149,A0
Q22150,A0
Q22151,A0
Q22152,A0
Q22153,A0
Q22154,A0
Q22155,A0
Q22156,A0
Q22157,A0
Q22158,A0
Q22159,A0
Q22160,A0
Q22161,A0
Q22162,A0
Q22163,A0
Q22164,A0
Q22165,A0
Q22166,A0
Q22167,A0
Q22168,A0
Q22169,A0
Q22170,A0
Q22171,A0
Q22172,A0
Q22173,A0
Q22174,A0
Q22175,A0
Q22176,A0
Q22177,A0
Q22178,A0
Q22179,A0
Q22180,A0
Q22181,A0
Q22182,A0
Q22183,A0
Q22184,A0
Q22185,A0
Q22186,A0
Q22187,A0
Q22188,A0
Q22189,A0
Q22190,A0
Q22191,A0
Q22192,A0
Q22193,A0
Q22194,A0
Q22195,A0
Q22196,A0
Q22197,A0
Q22198,A0
Q22199,A0
Q22200,A0
Q22201,A0
Q22202,A0
Q22203,A0
Q22204,A0
Q22205,A0
Q22206,A0
Q22207,A0
Q22208,A0
Q22209,A0
Q22210,A0
Q22211,A0
Q22212,A0
Q22213,A0
Q22214,A0
Q22215,A0
Q22216,A0
Q22217,A0
Q22218,A0
Q22219,A0
Q22220,A0
Q22221,A0
Q22222,A0
Q22223,A0
Q22224,A0
Q22225,A0
Q22226,A0
Q22227,A0
Q22228,A0
Q22229,A0
Q22230,A0
Q22231,A0
Q22232,A0
Q22233,A0
Q22234,A0
Q22235,A0
Q22236,A0
Q22237,A0
Q22238,A0
Q22239,A0
Q22240,A0
Q22241,A0
Q22242,A0
Q22243,A0
Q22244,A0
Q22245,A0
Q22246,A0
Q22247,A0
Q22248,A0
Q22249,A0
Q22250,A0
Q22251,A0
Q22252,A0
Q22253,A0
Q22254,A0
Q22255,A0
Q22256,A0
Q22257,A0
Q22258,A0
Q22259,A0
Q22260,A0
Q22261,A0
Q22262,A0
Q22263,A0
Q22264,A0
Q22265,A0
Q22266,A0
Q22267,A0
Q22268,A0
Q22269,A0
Q22270,A0
Q22271,A0
Q22272,A0
Q22273,A0
Q22274,A0
Q22275,A0
Q22276,A0
Q22277,A0
Q22278,A0
Q22279,A0
Q22280,A0
Q22281,A0
Q22282,A0
Q22283,A0
Q22284,A0
Q22285,A0
Q22286,A0
Q22287,A0
Q22288,A0
Q22289,A0
Q22290,A0
Q22291,A0
Q22292,A0
Q22293,A0
Q22294,A0
Q22295,A0
Q22296,A0
Q22297,A0
Q22298,A0
Q22299,A0
Q22300,A0
Q22301,A0
Q22302,A0
Q22303,A0
Q22304,A0
Q22305,A0
Q22306,A0
Q22307,A0
Q22308,A0
Q22309,A0
Q22310,A0
Q22311,A0
Q22312,A0
Q22313,A0
Q22314,A0
Q22315,A0
Q22316,A0
Q22317,A0
Q22318,A0
Q22319,A0
Q22320,A0
Q22321,A0
Q22322,A0
Q22323,A0
Q22324,A0
Q22325,A0
Q22326,A0
Q22327,A0
Q22328,A0
Q22329,A0
Q22330,A0
Q22331,A0
Q22332,A0
Q22333,A0
Q22334,A0
Q22335,A0
Q22336,A0
Q22337,A0
Q22338,A0
Q22339,A0
Q22340,A0
Q22341,A0
Q22342,A0
Q22343,A0
Q22344,A0
Q22345,A0
Q22346,A0
Q22347,A0
Q22348,A0
Q22349,A0
Q22350,A0
Q22351,A0
Q22352,A0
Q22353,A0
Q22354,A0
Q22355,A0
Q22356,A0
Q22357,A0
Q22358,A0
Q22359,A0
Q22360,A0
Q22361,A0
Q22362,A0
Q22363,A0
Q22364,A0
Q22365,A0
Q22366,A0
Q22367,A0
Q22368,A0
Q22369,A0
Q22370,A0
Q22371,A0
Q22372,A0
Q22373,A0
Q22374,A0
Q22375,A0
Q22376,A0
Q22377,A0
Q22378,A0
Q22379,A0
Q22380,A0
Q22381,A0
Q22382,A0
Q22383,A0
Q22384,A0
Q22385,A0
Q22386,A0
Q22387,A0
Q22388,A0
Q22389,A0
Q22390,A0
Q22391,A0
Q22392,A0
Q22393,A0
Q22394,A0
Q22395,A0
Q22396,A0
Q22397,A0
Q22398,A0
Q22399,A0
Q22400,A0
Q22401,A0
Q22402,A0
Q22403,A0
Q22404,A0
Q22405,A0
Q22406,A0
Q22407,A0
Q22408,A0
Q22409,A0
Q22410,A0
Q22411,A0
Q22412,A0
Q22413,A0
Q22414,A0
Q22415,A0
Q22416,A0
Q22417,A0
Q22418,A0
Q22419,A0
Q22420,A0
Q22421,A0
Q22422,A0
Q22423,A0
Q22424,A0
Q22425,A0
Q22426,A0
Q22427,A0
Q22428,A0
Q22429,A0
Q22430,A0
Q22431,A0
Q22432,A0
Q22433,A0
Q22434,A0
Q22435,A0
Q22436,A0
Q22437,A0
Q22438,A0
Q22439,A0
Q22440,A0
Q22441,A0
Q22442,A0
Q22443,A0
Q22444,A0
Q22445,A0
Q22446,A0
Q22447,A0
Q22448,A0
Q22449,A0
Q22450,A0
Q22451,A0
Q22452,A0
Q22453,A0
Q22454,A0
Q22455,A0
Q22456,A0
Q22457,A0
Q22458,A0
Q22459,A0
Q22460,A0
Q22461,A0
Q22462,A0
Q22463,A0
Q22464,A0
Q22465,A0
Q22466,A0
Q22467,A0
Q22468,A0
Q22469,A0
Q22470,A0
Q22471,A0
Q22472,A0
Q22473,A0
Q22474,A0
Q22475,A0
Q22476,A0
Q22477,A0
Q22478,A0
Q22479,A0
Q22480,A0
Q22481,A0
Q22482,A0
Q22483,A0
Q22484,A0
Q22485,A0
Q22486,A0
Q22487,A0
Q22488,A0
Q22489,A0
Q22490,A0
Q22491,A0
Q22492,A0
Q22493,A0
Q22494,A0
Q22495,A0
Q22496,A0
Q22497,A0
Q22498,A0
Q22499,A0
Q22500,A0
Q22501,A0
Q22502,A0
Q22503,A0
Q22504,A0
Q22505,A0
Q22506,A0
Q22507,A0
Q22508,A0
Q22509,A0
Q22510,A0
Q22511,A0
Q22512,A0
Q22513,A0
Q22514,A0
Q22515,A0
Q22516,A0
Q22517,A0
Q22518,A0
Q22519,A0
Q22520,A0
Q22521,A0
Q22522,A0
Q22523,A0
Q22524,A0
Q22525,A0
Q22526,A0
Q22527,A0
Q22528,A0
Q22529,A0
Q22530,A0
Q22531,A0
Q22532,A0
Q22533,A0
Q22534,A0
Q22535,A0
Q22536,A0
Q22537,A0
Q22538,A0
Q22539,A0
Q22540,A0
Q22541,A0
Q22542,A0
Q22543,A0
Q22544,A0
Q22545,A0
Q22546,A0
Q22547,A0
Q22548,A0
Q22549,A0
Q22550,A0
Q22551,A0
Q22552,A0
Q22553,A0
Q22554,A0
Q22555,A0
Q22556,A0
Q22557,A0
Q22558,A0
Q22559,A0
Q22560,A0
Q22561,A0
Q22562,A0
Q22563,A0
Q22564,A0
Q22565,A0
Q22566,A0
Q22567,A0
Q22568,A0
Q22569,A0
Q22570,A0
Q22571,A0
Q22572,A0
Q22573,A0
Q22574,A0
Q22575,A0
Q22576,A0
Q22577,A0
Q22578,A0
Q22579,A0
Q22580,A0
Q22581,A0
Q22582,A0
Q22583,A0
Q22584,A0
Q22585,A0
Q22586,A0
Q22587,A0
Q22588,A0
Q22589,A0
Q22590,A0
Q22591,A0
Q22592,A0
Q22593,A0
Q22594,A0
Q22595,A0
Q22596,A0
Q22597,A0
Q22598,A0
Q22599,A0
Q22600,A0
Q22601,A0
Q22602,A0
Q22603,A0
Q22604,A0
Q22605,A0
Q22606,A0
Q22607,A0
Q22608,A0
Q22609,A0
Q22610,A0
Q22611,A0
Q22612,A0
Q22613,A0
Q22614,A0
Q22615,A0
Q22616,A0
Q22617,A0
Q22618,A0
Q22619,A0
Q22620,A0
Q22621,A0
Q22622,A0
Q22623,A0
Q22624,A0
Q22625,A0
Q22626,A0
Q22627,A0
Q22628,A0
Q22629,A0
Q22630,A0
Q22631,A0
Q22632,A0
Q22633,A0
Q22634,A0
Q22635,A0
Q22636,A0
Q22637,A0
Q22638,A0
Q22639,A0
Q22640,A0
Q22641,A0
Q22642,A0
Q22643,A0
Q22644,A0
Q22645,A0
Q22646,A0
Q22647,A0
Q22648,A0
Q22649,A0
Q22650,A0
Q22651,A0
Q22652,A0
Q22653,A0
Q22654,A0
Q22655,A0
Q22656,A0
Q22657,A0
Q22658,A0
Q22659,A0
Q22660,A0
Q22661,A0
Q22662,A0
Q22663,A0
Q22664,A0
Q22665,A0
Q22666,A0
Q22667,A0
Q22668,A0
Q22669,A0
Q22670,A0
Q22671,A0
Q22672,A0
Q22673,A0
Q22674,A0
Q22675,A0
Q22676,A0
Q22677,A0
Q22678,A0
Q22679,A0
Q22680,A0
Q22681,A0
Q22682,A0
Q22683,A0
Q22684,A0
Q22685,A0
Q22686,A0
Q22687,A0
Q22688,A0
Q22689,A0
Q22690,A0
Q22691,A0
Q22692,A0
Q22693,A0
Q22694,A0
Q22695,A0
Q22696,A0
Q22697,A0
Q22698,A0
Q22699,A0
Q22700,A0
Q22701,A0
Q22702,A0
Q22703,A0
Q22704,A0
Q22705,A0
Q22706,A0
Q22707,A0
Q22708,A0
Q22709,A0
Q22710,A0
Q22711,A0
Q22712,A0
Q22713,A0
Q22714,A0
Q22715,A0
Q22716,A0
Q22717,A0
Q22718,A0
Q22719,A0
Q22720,A0
Q22721,A0
Q22722,A0
Q22723,A0
Q22724,A0
Q22725,A0
Q22726,A0
Q22727,A0
Q22728,A0
Q22729,A0
Q22730,A0
Q22731,A0
Q22732,A0
Q22733,A0
Q22734,A0
Q22735,A0
Q22736,A0
Q22737,A0
Q22738,A0
Q22739,A0
Q22740,A0
Q22741,A0
Q22742,A0
Q22743,A0
Q22744,A0
Q22745,A0
Q22746,A0
Q22747,A0
Q22748,A0
Q22749,A0
Q22750,A0
Q22751,A0
Q22752,A0
Q22753,A0
Q22754,A0
Q22755,A0
Q22756,A0
Q22757,A0
Q22758,A0
Q22759,A0
Q22760,A0
Q22761,A0
Q22762,A0
Q22763,A0
Q22764,A0
Q22765,A0
Q22766,A0
Q22767,A0
Q22768,A0
Q22769,A0
Q22770,A0
Q22771,A0
Q22772,A0
Q22773,A0
Q22774,A0
Q22775,A0
Q22776,A0
Q22777,A0
Q22778,A0
Q22779,A0
Q22780,A0
Q22781,A0
Q22782,A0
Q22783,A0
Q22784,A0
Q22785,A0
Q22786,A0
Q22787,A0
Q22788,A0
Q22789,A0
Q22790,A0
Q22791,A0
Q22792,A0
Q22793,A0
Q22794,A0
Q22795,A0
Q22796,A0
Q22797,A0
Q22798,A0
Q22799,A0
Q22800,A0
Q22801,A0
Q22802,A0
Q22803,A0
Q22804,A0
Q22805,A0
Q22806,A0
Q22807,A0
Q22808,A0
Q22809,A0
Q22810,A0
Q22811,A0
Q22812,A0
Q22813,A0
Q22814,A0
Q22815,A0
Q22816,A0
Q22817,A0
Q22818,A0
Q22819,A0
Q22820,A0
Q22821,A0
Q22822,A0
Q22823,A0
Q22824,A0
Q22825,A0
Q22826,A0
Q22827,A0
Q22828,A0
Q22829,A0
Q22830,A0
Q22831,A0
Q22832,A0
Q22833,A0
Q22834,A0
Q22835,A0
Q22836,A0
Q22837,A0
Q22838,A0
Q22839,A0
Q22840,A0
Q22841,A0
Q22842,A0
Q22843,A0
Q22844,A0
Q22845,A0
Q22846,A0
Q22847,A0
Q22848,A0
Q22849,A0
Q22850,A0
Q22851,A0
Q22852,A0
Q22853,A0
Q22854,A0
Q22855,A0
Q22856,A0
Q22857,A0
Q22858,A0
Q22859,A0
Q22860,A0
Q22861,A0
Q22862,A0
Q22863,A0
Q22864,A0
Q22865,A0
Q22866,A0
Q22867,A0
Q22868,A0
Q22869,A0
Q22870,A0
Q22871,A0
Q22872,A0
Q22873,A0
Q22874,A0
Q22875,A0
Q22876,A0
Q22877,A0
Q22878,A0
Q22879,A0
Q22880,A0
Q22881,A0
Q22882,A0
Q22883,A0
Q22884,A0
Q22885,A0
Q22886,A0
Q22887,A0
Q22888,A0
Q22889,A0
Q22890,A0
Q22891,A0
Q22892,A0
Q22893,A0
Q22894,A0
Q22895,A0
Q22896,A0
Q22897,A0
Q22898,A0
Q22899,A0
Q22900,A0
Q22901,A0
Q22902,A0
Q22903,A0
Q22904,A0
Q22905,A0
Q22906,A0
Q22907,A0
Q22908,A0
Q22909,A0
Q22910,A0
Q22911,A0
Q22912,A0
Q22913,A0
Q22914,A0
Q22915,A0
Q22916,A0
Q22917,A0
Q22918,A0
Q22919,A0
Q22920,A0
Q22921,A0
Q22922,A0
Q22923,A0
Q22924,A0
Q22925,A0
Q22926,A0
Q22927,A0
Q22928,A0
Q22929,A0
Q22930,A0
Q22931,A0
Q22932,A0
Q22933,A0
Q22934,A0
Q22935,A0
Q22936,A0
Q22937,A0
Q22938,A0
Q22939,A0
Q22940,A0
Q22941,A0
Q22942,A0
Q22943,A0
Q22944,A0
Q22945,A0
Q22946,A0
Q22947,A0
Q22948,A0
Q22949,A0
Q22950,A0
Q22951,A0
Q22952,A0
Q22953,A0
Q22954,A0
Q22955,A0
Q22956,A0
Q22957,A0
Q22958,A0
Q22959,A0
Q22960,A0
Q22961,A0
Q22962,A0
Q22963,A0
Q22964,A0
Q22965,A0
Q22966,A0
Q22967,A0
Q22968,A0
Q22969,A0
Q22970,A0
Q22971,A0
Q22972,A0
Q22973,A0
Q22974,A0
Q22975,A0
Q22976,A0
Q22977,A0
Q22978,A0
Q22979,A0
Q22980,A0
Q22981,A0
Q22982,A0
Q22983,A0
Q22984,A0
Q22985,A0
Q22986,A0
Q22987,A0
Q22988,A0
Q22989,A0
Q22990,A0
Q22991,A0
Q22992,A0
Q22993,A0
Q22994,A0
Q22995,A0
Q22996,A0
Q22997,A0
Q22998,A0
Q22999,A0
Q23000,A0
Q23001,A0
Q23002,A0
Q23003,A0
Q23004,A0
Q23005,A0
Q23006,A0
Q23007,A0
Q23008,A0
Q23009,A0
Q23010,A0
Q23011,A0
Q23012,A0
Q23013,A0
Q23014,A0
Q23015,A0
Q23016,A0
Q23017,A0
Q23018,A0
Q23019,A0
Q23020,A0
Q23021,A0
Q23022,A0
Q23023,A0
Q23024,A0
Q23025,A0
Q23026,A0
Q23027,A0
Q23028,A0
Q23029,A0
Q23030,A0
Q23031,A0
Q23032,A0
Q23033,A0
Q23034,A0
Q23035,A0
Q23036,A0
Q23037,A0
Q23038,A0
Q23039,A0
Q23040,A0
Q23041,A0
Q23042,A0
Q23043,A0
Q23044,A0
Q23045,A0
Q23046,A0
Q23047,A0
Q23048,A0
Q23049,A0
Q23050,A0
Q23051,A0
Q23052,A0
Q23053,A0
Q23054,A0
Q23055,A0
Q23056,A0
Q23057,A0
Q23058,A0
Q23059,A0
Q23060,A0
Q23061,A0
Q23062,A0
Q23063,A0
Q23064,A0
Q23065,A0
Q23066,A0
Q23067,A0
Q23068,A0
Q23069,A0
Q23070,A0
Q23071,A0
Q23072,A0
Q23073,A0
Q23074,A0
Q23075,A0
Q23076,A0
Q23077,A0
Q23078,A0
Q23079,A0
Q23080,A0
Q23081,A0
Q23082,A0
Q23083,A0
Q23084,A0
Q23085,A0
Q23086,A0
Q23087,A0
Q23088,A0
Q23089,A0
Q23090,A0
Q23091,A0
Q23092,A0
Q23093,A0
Q23094,A0
Q23095,A0
Q23096,A0
Q23097,A0
Q23098,A0
Q23099,A0
Q23100,A0
Q23101,A0
Q23102,A0
Q23103,A0
Q23104,A0
Q23105,A0
Q23106,A0
Q23107,A0
Q23108,A0
Q23109,A0
Q23110,A0
Q23111,A0
Q23112,A0
Q23113,A0
Q23114,A0
Q23115,A0
Q23116,A0
Q23117,A0
Q23118,A0
Q23119,A0
Q23120,A0
Q23121,A0
Q23122,A0
Q23123,A0
Q23124,A0
Q23125,A0
Q23126,A0
Q23127,A0
Q23128,A0
Q23129,A0
Q23130,A0
Q23131,A0
Q23132,A0
Q23133,A0
Q23134,A0
Q23135,A0
Q23136,A0
Q23137,A0
Q23138,A0
Q23139,A0
Q23140,A0
Q23141,A0
Q23142,A0
Q23143,A0
Q23144,A0
Q23145,A0
Q23146,A0
Q23147,A0
Q23148,A0
Q23149,A0
Q23150,A0
Q23151,A0
Q23152,A0
Q23153,A0
Q23154,A0
Q23155,A0
Q23156,A0
Q23157,A0
Q23158,A0
Q23159,A0
Q23160,A0
Q23161,A0
Q23162,A0
Q23163,A0
Q23164,A0
Q23165,A0
Q23166,A0
Q23167,A0
Q23168,A0
Q23169,A0
Q23170,A0
Q23171,A0
Q23172,A0
Q23173,A0
Q23174,A0
Q23175,A0
Q23176,A0
Q23177,A0
Q23178,A0
Q23179,A0
Q23180,A0
Q23181,A0
Q23182,A0
Q23183,A0
Q23184,A0
Q23185,A0
Q23186,A0
Q23187,A0
Q23188,A0
Q23189,A0
Q23190,A0
Q23191,A0
Q23192,A0
Q23193,A0
Q23194,A0
Q23195,A0
Q23196,A0
Q23197,A0
Q23198,A0
Q23199,A0
Q23200,A0
Q23201,A0
Q23202,A0
Q23203,A0
Q23204,A0
Q23205,A0
Q23206,A0
Q23207,A0
Q23208,A0
Q23209,A0
Q23210,A0
Q23211,A0
Q23212,A0
Q23213,A0
Q23214,A0
Q23215,A0
Q23216,A0
Q23217,A0
Q23218,A0
Q23219,A0
Q23220,A0
Q23221,A0
Q23222,A0
Q23223,A0
Q23224,A0
Q23225,A0
Q23226,A0
Q23227,A0
Q23228,A0
Q23229,A0
Q23230,A0
Q23231,A0
Q23232,A0
Q23233,A0
Q23234,A0
Q23235,A0
Q23236,A0
Q23237,A0
Q23238,A0
Q23239,A0
Q23240,A0
Q23241,A0
Q23242,A0
Q23243,A0
Q23244,A0
Q23245,A0
Q23246,A0
Q23247,A0
Q23248,A0
Q23249,A0
Q23250,A0
Q23251,A0
Q23252,A0
Q23253,A0
Q23254,A0
Q23255,A0
Q23256,A0
Q23257,A0
Q23258,A0
Q23259,A0
Q23260,A0
Q23261,A0
Q23262,A0
Q23263,A0
Q23264,A0
Q23265,A0
Q23266,A0
Q23267,A0
Q23268,A0
Q23269,A0
Q23270,A0
Q23271,A0
Q23272,A0
Q23273,A0
Q23274,A0
Q23275,A0
Q23276,A0
Q23277,A0
Q23278,A0
Q23279,A0
Q23280,A0
Q23281,A0
Q23282,A0
Q23283,A0
Q23284,A0
Q23285,A0
Q23286,A0
Q23287,A0
Q23288,A0
Q23289,A0
Q23290,A0
Q23291,A0
Q23292,A0
Q23293,A0
Q23294,A0
Q23295,A0
Q23296,A0
Q23297,A0
Q23298,A0
Q23299,A0
Q23300,A0
Q23301,A0
Q23302,A0
Q23303,A0
Q23304,A0
Q23305,A0
Q23306,A0
Q23307,A0
Q23308,A0
Q23309,A0
Q23310,A0
Q23311,A0
Q23312,A0
Q23313,A0
Q23314,A0
Q23315,A0
Q23316,A0
Q23317,A0
Q23318,A0
Q23319,A0
Q23320,A0
Q23321,A0
Q23322,A0
Q23323,A0
Q23324,A0
Q23325,A0
Q23326,A0
Q23327,A0
Q23328,A0
Q23329,A0
Q23330,A0
Q23331,A0
Q23332,A0
Q23333,A0
Q23334,A0
Q23335,A0
Q23336,A0
Q23337,A0
Q23338,A0
Q23339,A0
Q23340,A0
Q23341,A0
Q23342,A0
Q23343,A0
Q23344,A0
Q23345,A0
Q23346,A0
Q23347,A0
Q23348,A0
Q23349,A0
Q23350,A0
Q23351,A0
Q23352,A0
Q23353,A0
Q23354,A0
Q23355,A0
Q23356,A0
Q23357,A0
Q23358,A0
Q23359,A0
Q23360,A0
Q23361,A0
Q23362,A0
Q23363,A0
Q23364,A0
Q23365,A0
Q23366,A0
Q23367,A0
Q23368,A0
Q23369,A0
Q23370,A0
Q23371,A0
Q23372,A0
Q23373,A0
Q23374,A0
Q23375,A0
Q23376,A0
Q23377,A0
Q23378,A0
Q23379,A0
Q23380,A0
Q23381,A0
Q23382,A0
Q23383,A0
Q23384,A0
Q23385,A0
Q23386,A0
Q23387,A0
Q23388,A0
Q23389,A0
Q23390,A0
Q23391,A0
Q23392,A0
Q23393,A0
Q23394,A0
Q23395,A0
Q23396,A0
Q23397,A0
Q23398,A0
Q23399,A0
Q23400,A0
Q23401,A0
Q23402,A0
Q23403,A0
Q23404,A0
Q23405,A0
Q23406,A0
Q23407,A0
Q23408,A0
Q23409,A0
Q23410,A0
Q23411,A0
Q23412,A0
Q23413,A0
Q23414,A0
Q23415,A0
Q23416,A0
Q23417,A0
Q23418,A0
Q23419,A0
Q23420,A0
Q23421,A0
Q23422,A0
Q23423,A0
Q23424,A0
Q23425,A0
Q23426,A0
Q23427,A0
Q23428,A0
Q23429,A0
Q23430,A0
Q23431,A0
Q23432,A0
Q23433,A0
Q23434,A0
Q23435,A0
Q23436,A0
Q23437,A0
Q23438,A0
Q23439,A0
Q23440,A0
Q23441,A0
Q23442,A0
Q23443,A0
Q23444,A0
Q23445,A0
Q23446,A0
Q23447,A0
Q23448,A0
Q23449,A0
Q23450,A0
Q23451,A0
Q23452,A0
Q23453,A0
Q23454,A0
Q23455,A0
Q23456,A0
Q23457,A0
Q23458,A0
Q23459,A0
Q23460,A0
Q23461,A0
Q23462,A0
Q23463,A0
Q23464,A0
Q23465,A0
Q23466,A0
Q23467,A0
Q23468,A0
Q23469,A0
Q23470,A0
Q23471,A0
Q23472,A0
Q23473,A0
Q23474,A0
Q23475,A0
Q23476,A0
Q23477,A0
Q23478,A0
Q23479,A0
Q23480,A0
Q23481,A0
Q23482,A0
Q23483,A0
Q23484,A0
Q23485,A0
Q23486,A0
Q23487,A0
Q23488,A0
Q23489,A0
Q23490,A0
Q23491,A0
Q23492,A0
Q23493,A0
Q23494,A0
Q23495,A0
Q23496,A0
Q23497,A0
Q23498,A0
Q23499,A0
Q23500,A0
Q23501,A0
Q23502,A0
Q23503,A0
Q23504,A0
Q23505,A0
Q23506,A0
Q23507,A0
Q23508,A0
Q23509,A0
Q23510,A0
Q23511,A0
Q23512,A0
Q23513,A0
Q23514,A0
Q23515,A0
Q23516,A0
Q23517,A0
Q23518,A0
Q23519,A0
Q23520,A0
Q23521,A0
Q23522,A0
Q23523,A0
Q23524,A0
Q23525,A0
Q23526,A0
Q23527,A0
Q23528,A0
Q23529,A0
Q23530,A0
Q23531,A0
Q23532,A0
Q23533,A0
Q23534,A0
Q23535,A0
Q23536,A0
Q23537,A0
Q23538,A0
Q23539,A0
Q23540,A0
Q23541,A0
Q23542,A0
Q23543,A0
Q23544,A0
Q23545,A0
Q23546,A0
Q23547,A0
Q23548,A0
Q23549,A0
Q23550,A0
Q23551,A0
Q23552,A0
Q23553,A0
Q23554,A0
Q23555,A0
Q23556,A0
Q23557,A0
Q23558,A0
Q23559,A0
Q23560,A0
Q23561,A0
Q23562,A0
Q23563,A0
Q23564,A0
Q23565,A0
Q23566,A0
Q23567,A0
Q23568,A0
Q23569,A0
Q23570,A0
Q23571,A0
Q23572,A0
Q23573,A0
Q23574,A0
Q23575,A0
Q23576,A0
Q23577,A0
Q23578,A0
Q23579,A0
Q23580,A0
Q23581,A0
Q23582,A0
Q23583,A0
Q23584,A0
Q23585,A0
Q23586,A0
Q23587,A0
Q23588,A0
Q23589,A0
Q23590,A0
Q23591,A0
Q23592,A0
Q23593,A0
Q23594,A0
Q23595,A0
Q23596,A0
Q23597,A0
Q23598,A0
Q23599,A0
Q23600,A0
Q23601,A0
Q23602,A0
Q23603,A0
Q23604,A0
Q23605,A0
Q23606,A0
Q23607,A0
Q23608,A0
Q23609,A0
Q23610,A0
Q23611,A0
Q23612,A0
Q23613,A0
Q23614,A0
Q23615,A0
Q23616,A0
Q23617,A0
Q23618,A0
Q23619,A0
Q23620,A0
Q23621,A0
Q23622,A0
Q23623,A0
Q23624,A0
Q23625,A0
Q23626,A0
Q23627,A0
Q23628,A0
Q23629,A0
Q23630,A0
Q23631,A0
Q23632,A0
Q23633,A0
Q23634,A0
Q23635,A0
Q23636,A0
Q23637,A0
Q23638,A0
Q23639,A0
Q23640,A0
Q23641,A0
Q23642,A0
Q23643,A0
Q23644,A0
Q23645,A0
Q23646,A0
Q23647,A0
Q23648,A0
Q23649,A0
Q23650,A0
Q23651,A0
Q23652,A0
Q23653,A0
Q23654,A0
Q23655,A0
Q23656,A0
Q23657,A0
Q23658,A0
Q23659,A0
Q23660,A0
Q23661,A0
Q23662,A0
Q23663,A0
Q23664,A0
Q23665,A0
Q23666,A0
Q23667,A0
Q23668,A0
Q23669,A0
Q23670,A0
Q23671,A0
Q23672,A0
Q23673,A0
Q23674,A0
Q23675,A0
Q23676,A0
Q23677,A0
Q23678,A0
Q23679,A0
Q23680,A0
Q23681,A0
Q23682,A0
Q23683,A0
Q23684,A0
Q23685,A0
Q23686,A0
Q23687,A0
Q23688,A0
Q23689,A0
Q23690,A0
Q23691,A0
Q23692,A0
Q23693,A0
Q23694,A0
Q23695,A0
Q23696,A0
Q23697,A0
Q23698,A0
Q23699,A0
Q23700,A0
Q23701,A0
Q23702,A0
Q23703,A0
Q23704,A0
Q23705,A0
Q23706,A0
Q23707,A0
Q23708,A0
Q23709,A0
Q23710,A0
Q23711,A0
Q23712,A0
Q23713,A0
Q23714,A0
Q23715,A0
Q23716,A0
Q23717,A0
Q23718,A0
Q23719,A0
Q23720,A0
Q23721,A0
Q23722,A0
Q23723,A0
Q23724,A0
Q23725,A0
Q23726,A0
Q23727,A0
Q23728,A0
Q23729,A0
Q23730,A0
Q23731,A0
Q23732,A0
Q23733,A0
Q23734,A0
Q23735,A0
Q23736,A0
Q23737,A0
Q23738,A0
Q23739,A0
Q23740,A0
Q23741,A0
Q23742,A0
Q23743,A0
Q23744,A0
Q23745,A0
Q23746,A0
Q23747,A0
Q23748,A0
Q23749,A0
Q23750,A0
Q23751,A0
Q23752,A0
Q23753,A0
Q23754,A0
Q23755,A0
Q23756,A0
Q23757,A0
Q23758,A0
Q23759,A0
Q23760,A0
Q23761,A0
Q23762,A0
Q23763,A0
Q23764,A0
Q23765,A0
Q23766,A0
Q23767,A0
Q23768,A0
Q23769,A0
Q23770,A0
Q23771,A0
Q23772,A0
Q23773,A0
Q23774,A0
Q23775,A0
Q23776,A0
Q23777,A0
Q23778,A0
Q23779,A0
Q23780,A0
Q23781,A0
Q23782,A0
Q23783,A0
Q23784,A0
Q23785,A0
Q23786,A0
Q23787,A0
Q23788,A0
Q23789,A0
Q23790,A0
Q23791,A0
Q23792,A0
Q23793,A0
Q23794,A0
Q23795,A0
Q23796,A0
Q23797,A0
Q23798,A0
Q23799,A0
Q23800,A0
Q23801,A0
Q23802,A0
Q23803,A0
Q23804,A0
Q23805,A0
Q23806,A0
Q23807,A0
Q23808,A0
Q23809,A0
Q23810,A0
Q23811,A0
Q23812,A0
Q23813,A0
Q23814,A0
Q23815,A0
Q23816,A0
Q23817,A0
Q23818,A0
Q23819,A0
Q23820,A0
Q23821,A0
Q23822,A0
Q23823,A0
Q23824,A0
Q23825,A0
Q23826,A0
Q23827,A0
Q23828,A0
Q23829,A0
Q23830,A0
Q23831,A0
Q23832,A0
Q23833,A0
Q23834,A0
Q23835,A0
Q23836,A0
Q23837,A0
Q23838,A0
Q23839,A0
Q23840,A0
Q23841,A0
Q23842,A0
Q23843,A0
Q23844,A0
Q23845,A0
Q23846,A0
Q23847,A0
Q23848,A0
Q23849,A0
Q23850,A0
Q23851,A0
Q23852,A0
Q23853,A0
Q23854,A0
Q23855,A0
Q23856,A0
Q23857,A0
Q23858,A0
Q23859,A0
Q23860,A0
Q23861,A0
Q23862,A0
Q23863,A0
Q23864,A0
Q23865,A0
Q23866,A0
Q23867,A0
Q23868,A0
Q23869,A0
Q23870,A0
Q23871,A0
Q23872,A0
Q23873,A0
Q23874,A0
Q23875,A0
Q23876,A0
Q23877,A0
Q23878,A0
Q23879,A0
Q23880,A0
Q23881,A0
Q23882,A0
Q23883,A0
Q23884,A0
Q23885,A0
Q23886,A0
Q23887,A0
Q23888,A0
Q23889,A0
Q23890,A0
Q23891,A0
Q23892,A0
Q23893,A0
Q23894,A0
Q23895,A0
Q23896,A0
Q23897,A0
Q23898,A0
Q23899,A0
Q23900,A0
Q23901,A0
Q23902,A0
Q23903,A0
Q23904,A0
Q23905,A0
Q23906,A0
Q23907,A0
Q23908,A0
Q23909,A0
Q23910,A0
Q23911,A0
Q23912,A0
Q23913,A0
Q23914,A0
Q23915,A0
Q23916,A0
Q23917,A0
Q23918,A0
Q23919,A0
Q23920,A0
Q23921,A0
Q23922,A0
Q23923,A0
Q23924,A0
Q23925,A0
Q23926,A0
Q23927,A0
Q23928,A0
Q23929,A0
Q23930,A0
Q23931,A0
Q23932,A0
Q23933,A0
Q23934,A0
Q23935,A0
Q23936,A0
Q23937,A0
Q23938,A0
Q23939,A0
Q23940,A0
Q23941,A0
Q23942,A0
Q23943,A0
Q23944,A0
Q23945,A0
Q23946,A0
Q23947,A0
Q23948,A0
Q23949,A0
Q23950,A0
Q23951,A1
Q23952,A1
Q23953,A1
Q23954,A1
Q23955,A1
Q23956,A1
Q23957,A1
Q23958,A1
Q23959,A1
Q23960,A1
Q23961,A1
Q23962,A1
Q23963,A1
Q23964,A1
Q23965,A1
Q23966,A1
Q23967,A1
Q23968,A1
Q23969,A1
Q23970,A1
Q23971,A1
Q23972,A1
Q23973,A1
Q23974,A1
Q23975,A1
Q23976,A1
Q23977,A1
Q23978,A1
Q23979,A1
Q23980,A1
Q23981,A1
Q23982,A1
Q23983,A1
Q23984,A1
Q23985,A1
Q23986,A1
Q23987,A1
Q23988,A1
Q23989,A1
Q23990,A1
Q23991,A1
Q23992,A1
Q23993,A1
Q23994,A1
Q23995,A1
Q23996,A1
Q23997,A1
Q23998,A1
Q23999,A1
Q24000,A1
Q24001,A1
Q24002,A1
Q24003,A1
Q24004,A1
Q24005,A1
Q24006,A1
Q24007,A1
Q24008,A1
Q24009,A1
Q24010,A1
Q24011,A1
Q24012,A1
Q24013,A1
Q24014,A1
Q24015,A1
Q24016,A1
Q24017,A1
Q24018,A1
Q24019,A1
Q24020,A1
Q24021,A1
Q24022,A1
Q24023,A1
Q24024,A1
Q24025,A1
Q24026,A1
Q24027,A1
Q24028,A1
Q24029,A1
Q24030,A1
Q24031,A1
Q24032,A1
Q24033,A1
Q24034,A1
Q24035,A1
Q24036,A1
Q24037,A1
Q24038,A1
Q24039,A1
Q24040,A1
Q24041,A1
Q24042,A1
Q24043,A1
Q24044,A1
Q24045,A1
Q24046,A1
Q24047,A1
Q24048,A1
Q24049,A1
Q24050,A1
Q24051,A1
Q24052,A1
Q24053,A1
Q24054,A1
Q24055,A1
Q24056,A1
Q24057,A1
Q24058,A1
Q24059,A1
Q24060,A1
Q24061,A1
Q24062,A1
Q24063,A1
Q24064,A1
Q24065,A1
Q24066,A1
Q24067,A1
Q24068,A1
Q24069,A1
Q24070,A1
Q24071,A1
Q24072,A1
Q24073,A1
Q24074,A1
Q24075,A1
Q24076,A1
Q24077,A1
Q24078,A1
Q24079,A1
Q24080,A1
Q24081,A1
Q24082,A1
Q24083,A1
Q24084,A1
Q24085,A1
Q24086,A1
Q24087,A1
Q24088,A1
Q24089,A1
Q24090,A1
Q24091,A1
Q24092,A1
Q24093,A1
Q24094,A1
Q24095,A1
Q24096,A1
Q24097,A1
Q24098,A1
Q24099,A1
Q24100,A1
Q24101,A1
Q24102,A1
Q24103,A1
Q24104,A1
Q24105,A1
Q24106,A1
Q24107,A1
Q24108,A1
Q24109,A1
Q24110,A1
Q24111,A1
Q24112,A1
Q24113,A1
Q24114,A1
Q24115,A1
Q24116,A1
Q24117,A1
Q24118,A1
Q24119,A1
Q24120,A1
Q24121,A1
Q24122,A1
Q24123,A1
Q24124,A1
Q24125,A1
Q24126,A1
Q24127,A1
Q24128,A1
Q24129,A1
Q24130,A1
Q24131,A1
Q24132,A1
Q24133,A1
Q24134,A1
Q24135,A1
Q24136,A1
Q24137,A1
Q24138,A1
Q24139,A1
Q24140,A1
Q24141,A1
Q24142,A1
Q24143,A1
Q24144,A1
Q24145,A1
Q24146,A1
Q24147,A1
Q24148,A1
Q24149,A1
Q24150,A1
Q24151,A1
Q24152,A1
Q24153,A1
Q24154,A1
Q24155,A1
Q24156,A1
Q24157,A1
Q24158,A1
Q24159,A1
Q24160,A1
Q24161,A1
Q24162,A1
Q24163,A1
Q24164,A1
Q24165,A1
Q24166,A1
Q24167,A1
Q24168,A1
Q24169,A1
Q24170,A1
Q24171,A1
Q24172,A1
Q24173,A1
Q24174,A1
Q24175,A1
Q24176,A1
Q24177,A1
Q24178,A1
Q24179,A1
Q24180,A1
Q24181,A1
Q24182,A1
Q24183,A1
Q24184,A1
Q24185,A1
Q24186,A1
Q24187,A1
Q24188,A1
Q24189,A1
Q24190,A1
Q24191,A1
Q24192,A1
Q24193,A1
Q24194,A1
Q24195,A1
Q24196,A1
Q24197,A1
Q24198,A1
Q24199,A1
Q24200,A1
Q24201,A1
Q24202,A1
Q24203,A1
Q24204,A1
Q24205,A1
Q24206,A1
Q24207,A1
Q24208,A1
Q24209,A1
Q24210,A1
Q24211,A1
Q24212,A1
Q24213,A1
Q24214,A1
Q24215,A1
Q24216,A1
Q24217,A1
Q24218,A1
Q24219,A1
Q24220,A1
Q24221,A1
Q24222,A1
Q24223,A1
Q24224,A1
Q24225,A1
Q24226,A1
Q24227,A1
Q24228,A1
Q24229,A1
Q24230,A1
Q24231,A1
Q24232,A1
Q24233,A1
Q24234,A1
Q24235,A1
Q24236,A1
Q24237,A1
Q24238,A1
Q24239,A1
Q24240,A1
Q24241,A1
Q24242,A1
Q24243,A1
Q24244,A1
Q24245,A1
Q24246,A1
Q24247,A1
Q24248,A1
Q24249,A1
Q24250,A1
Q24251,A1
Q24252,A1
Q24253,A1
Q24254,A1
Q24255,A1
Q24256,A1
Q24257,A1
Q24258,A1
Q24259,A1
Q24260,A1
Q24261,A1
Q24262,A1
Q24263,A1
Q24264,A1
Q24265,A1
Q24266,A1
Q24267,A1
Q24268,A1
Q24269,A1
Q24270,A1
Q24271,A1
Q24272,A1
Q24273,A1
Q24274,A1
Q24275,A1
Q24276,A1
Q24277,A1
Q24278,A1
Q24279,A1
Q24280,A1
Q24281,A1
Q24282,A1
Q24283,A1
Q24284,A1
Q24285,A1
Q24286,A1
Q24287,A1
Q24288,A1
Q24289,A1
Q24290,A1
Q24291,A1
Q24292,A1
Q24293,A1
Q24294,A1
Q24295,A1
Q24296,A1
Q24297,A1
Q24298,A1
Q24299,A1
Q24300,A1
Q24301,A1
Q24302,A1
Q24303,A1
Q24304,A1
Q24305,A1
Q24306,A1
Q24307,A1
Q24308,A1
Q24309,A1
Q24310,A1
Q24311,A1
Q24312,A1
Q24313,A1
Q24314,A1
Q24315,A1
Q24316,A1
Q24317,A1
Q24318,A1
Q24319,A1
Q24320,A1
Q24321,A1
Q24322,A1
Q24323,A1
Q24324,A1
Q24325,A1
Q24326,A1
Q24327,A1
Q24328,A1
Q24329,A1
Q24330,A1
Q24331,A1
Q24332,A1
Q24333,A1
Q24334,A1
Q24335,A1
Q24336,A1
Q24337,A1
Q24338,A1
Q24339,A1
Q24340,A1
Q24341,A1
Q24342,A1
Q24343,A1
Q24344,A1
Q24345,A1
Q24346,A1
Q24347,A1
Q24348,A1
Q24349,A1
Q24350,A1
Q24351,A1
Q24352,A1
Q24353,A1
Q24354,A1
Q24355,A1
Q24356,A1
Q24357,A1
Q24358,A1
Q24359,A1
Q24360,A1
Q24361,A1
Q24362,A1
Q24363,A1
Q24364,A1
Q24365,A1
Q24366,A1
Q24367,A1
Q24368,A1
Q24369,A1
Q24370,A1
Q24371,A1
Q24372,A1
Q24373,A1
Q24374,A1
Q24375,A1
Q24376,A1
Q24377,A1
Q24378,A1
Q24379,A1
Q24380,A1
Q24381,A1
Q24382,A1
Q24383,A1
Q24384,A1
Q24385,A1
Q24386,A1
Q24387,A1
Q24388,A1
Q24389,A1
Q24390,A1
Q24391,A1
Q24392,A1
Q24393,A1
Q24394,A1
Q24395,A1
Q24396,A1
Q24397,A1
Q24398,A1
Q24399,A1
Q24400,A1
Q24401,A1
Q24402,A1
Q24403,A1
Q24404,A1
Q24405,A1
Q24406,A1
Q24407,A1
Q24408,A1
Q24409,A1
Q24410,A1
Q24411,A1
Q24412,A1
Q24413,A1
Q24414,A1
Q24415,A1
Q24416,A1
Q24417,A1
Q24418,A1
Q24419,A1
Q24420,A1
Q24421,A1
Q24422,A1
Q24423,A1
Q24424,A1
Q24425,A1
Q24426,A1
Q24427,A1
Q24428,A1
Q24429,A1
Q24430,A1
Q24431,A1
Q24432,A1
Q24433,A1
Q24434,A1
Q24435,A1
Q24436,A1
Q24437,A1
Q24438,A1
Q24439,A1
Q24440,A1
Q24441,A1
Q24442,A1
Q24443,A1
Q24444,A1
Q24445,A1
Q24446,A1
Q24447,A1
Q24448,A1
Q24449,A1
Q24450,A1
Q24451,A1
Q24452,A1
Q24453,A1
Q24454,A1
Q24455,A1
Q24456,A1
Q24457,A1
Q24458,A1
Q24459,A1
Q24460,A1
Q24461,A1
Q24462,A1
Q24463,A1
Q24464,A1
Q24465,A1
Q24466,A1
Q24467,A1
Q24468,A1
Q24469,A1
Q24470,A1
Q24471,A1
Q24472,A1
Q24473,A1
Q24474,A1
Q24475,A1
Q24476,A1
Q24477,A1
Q24478,A1
Q24479,A1
Q24480,A1
Q24481,A1
Q24482,A1
Q24483,A1
Q24484,A1
Q24485,A1
Q24486,A1
Q24487,A1
Q24488,A1
Q24489,A1
Q24490,A1
Q24491,A1
Q24492,A1
Q24493,A1
Q24494,A1
Q24495,A1
Q24496,A1
Q24497,A1
Q24498,A1
Q24499,A1
Q24500,A1
Q24501,A1
Q24502,A1
Q24503,A1
Q24504,A1
Q24505,A1
Q24506,A1
Q24507,A1
Q24508,A1
Q24509,A1
Q24510,A1
Q24511,A1
Q24512,A1
Q24513,A1
Q24514,A1
Q24515,A1
Q24516,A1
Q24517,A1
Q24518,A1
Q24519,A1
Q24520,A1
Q24521,A1
Q24522,A1
Q24523,A1
Q24524,A1
Q24525,A1
Q24526,A1
Q24527,A1
Q24528,A1
Q24529,A1
Q24530,A1
Q24531,A1
Q24532,A1
Q24533,A1
Q24534,A1
Q24535,A1
Q24536,A1
Q24537,A1
Q24538,A1
Q24539,A1
Q24540,A1
Q24541,A1
Q24542,A1
Q24543,A1
Q24544,A1
Q24545,A1
Q24546,A1
Q24547,A1
Q24548,A1
Q24549,A1
Q24550,A1
Q24551,A1
Q24552,A1
Q24553,A1
Q24554,A1
Q24555,A1
Q24556,A1
Q24557,A1
Q24558,A1
Q24559,A1
Q24560,A1
Q24561,A1
Q24562,A1
Q24563,A1
Q24564,A1
Q24565,A1
Q24566,A1
Q24567,A1
Q24568,A1
Q24569,A1
Q24570,A1
Q24571,A1
Q24572,A1
Q24573,A1
Q24574,A1
Q24575,A1
Q24576,A1
Q24577,A1
Q24578,A1
Q24579,A1
Q24580,A1
Q24581,A1
Q24582,A1
Q24583,A1
Q24584,A1
Q24585,A1
Q24586,A1
Q24587,A1
Q24588,A1
Q24589,A1
Q24590,A1
Q24591,A1
Q24592,A1
Q24593,A1
Q24594,A1
Q24595,A1
Q24596,A1
Q24597,A1
Q24598,A1
Q24599,A1
Q24600,A1
Q24601,A1
Q24602,A1
Q24603,A1
Q24604,A1
Q24605,A1
Q24606,A1
Q24607,A1
Q24608,A1
Q24609,A1
Q24610,A1
Q24611,A1
Q24612,A1
Q24613,A1
Q24614,A1
Q24615,A1
Q24616,A1
Q24617,A1
Q24618,A1
Q24619,A1
Q24620,A1
Q24621,A1
Q24622,A1
Q24623,A1
Q24624,A1
Q24625,A1
Q24626,A1
Q24627,A1
Q24628,A1
Q24629,A1
Q24630,A1
Q24631,A1
Q24632,A1
Q24633,A1
Q24634,A1
Q24635,A1
Q24636,A1
Q24637,A1
Q24638,A1
Q24639,A1
Q24640,A1
Q24641,A1
Q24642,A1
Q24643,A1
Q24644,A1
Q24645,A1
Q24646,A1
Q24647,A1
Q24648,A1
Q24649,A1
Q24650,A1
Q24651,A1
Q24652,A1
Q24653,A1
Q24654,A1
Q24655,A1
Q24656,A1
Q24657,A1
Q24658,A1
Q24659,A1
Q24660,A1
Q24661,A1
Q24662,A1
Q24663,A1
Q24664,A1
Q24665,A1
Q24666,A1
Q24667,A1
Q24668,A1
Q24669,A1
Q24670,A1
Q24671,A1
Q24672,A1
Q24673,A1
Q24674,A1
Q24675,A1
Q24676,A1
Q24677,A1
Q24678,A1
Q24679,A1
Q24680,A1
Q24681,A1
Q24682,A1
Q24683,A1
Q24684,A1
Q24685,A1
Q24686,A1
Q24687,A1
Q24688,A1
Q24689,A1
Q24690,A1
Q24691,A1
Q24692,A1
Q24693,A1
Q24694,A1
Q24695,A1
Q24696,A1
Q24697,A1
Q24698,A1
Q24699,A1
Q24700,A1
Q24701,A1
Q24702,A1
Q24703,A1
Q24704,A1
Q24705,A1
Q24706,A1
Q24707,A1
Q24708,A1
Q24709,A1
Q24710,A1
Q24711,A1
Q24712,A1
Q24713,A1
Q24714,A1
Q24715,A1
Q24716,A1
Q24717,A1
Q24718,A1
Q24719,A1
Q24720,A1
Q24721,A1
Q24722,A1
Q24723,A1
Q24724,A1
Q24725,A1
Q24726,A1
Q24727,A1
Q24728,A1
Q24729,A1
Q24730,A1
Q24731,A1
Q24732,A1
Q24733,A1
Q24734,A1
Q24735,A1
Q24736,A1
Q24737,A1
Q24738,A1
Q24739,A1
Q24740,A1
Q24741,A1
Q24742,A1
Q24743,A1
Q24744,A1
Q24745,A1
Q24746,A1
Q24747,A1
Q24748,A1
Q24749,A1
Q24750,A1
Q24751,A1
Q24752,A1
Q24753,A1
Q24754,A1
Q24755,A1
Q24756,A1
Q24757,A1
Q24758,A1
Q24759,A1
Q24760,A1
Q24761,A1
Q24762,A1
Q24763,A1
Q24764,A1
Q24765,A1
Q24766,A1
Q24767,A1
Q24768,A1
Q24769,A1
Q24770,A1
Q24771,A1
Q24772,A1
Q24773,A1
Q24774,A1
Q24775,A1
Q24776,A1
Q24777,A1
Q24778,A1
Q24779,A1
Q24780,A1
Q24781,A1
Q24782,A1
Q24783,A1
Q24784,A1
Q24785,A1
Q24786,A1
Q24787,A1
Q24788,A1
Q24789,A1
Q24790,A1
Q24791,A1
Q24792,A1
Q24793,A1
Q24794,A1
Q24795,A1
Q24796,A1
Q24797,A1
Q24798,A1
Q24799,A1
Q24800,A1
Q24801,A1
Q24802,A1
Q24803,A1
Q24804,A1
Q24805,A1
Q24806,A1
Q24807,A1
Q24808,A1
Q24809,A1
Q24810,A1
Q24811,A1
Q24812,A1
Q24813,A1
Q24814,A1
Q24815,A1
Q24816,A1
Q24817,A1
Q24818,A1
Q24819,A1
Q24820,A1
Q24821,A1
Q24822,A1
Q24823,A1
Q24824,A1
Q24825,A1
Q24826,A1
Q24827,A1
Q24828,A1
Q24829,A1
Q24830,A1
Q24831,A1
Q24832,A1
Q24833,A1
Q24834,A1
Q24835,A1
Q24836,A1
Q24837,A1
Q24838,A1
Q24839,A1
Q24840,A1
Q24841,A1
Q24842,A1
Q24843,A1
Q24844,A1
Q24845,A1
Q24846,A1
Q24847,A1
Q24848,A1
Q24849,A1
Q24850,A1
Q24851,A1
Q24852,A1
Q24853,A1
Q24854,A1
Q24855,A1
Q24856,A1
Q24857,A1
Q24858,A1
Q24859,A1
Q24860,A1
Q24861,A1
Q24862,A1
Q24863,A1
Q24864,A1
Q24865,A1
Q24866,A1
Q24867,A1
Q24868,A1
Q24869,A1
Q24870,A1
Q24871,A1
Q24872,A1
Q24873,A1
Q24874,A1
Q24875,A1
Q24876,A1
Q24877,A1
Q24878,A1
Q24879,A1
Q24880,A1
Q24881,A1
Q24882,A1
Q24883,A1
Q24884,A1
Q24885,A1
Q24886,A1
Q24887,A1
Q24888,A1
Q24889,A1
Q24890,A1
Q24891,A1
Q24892,A1
Q24893,A1
Q24894,A1
Q24895,A1
Q24896,A1
Q24897,A1
Q24898,A1
Q24899,A1
Q24900,A1
Q24901,A1
Q24902,A1
Q24903,A1
Q24904,A1
Q24905,A1
Q24906,A1
Q24907,A2
Q24908,A2
Q24909,A2
Q24910,A2
Q24911,A2
Q24912,A2
Q24913,A2
Q24914,A2
Q24915,A2
Q24916,A2
Q24917,A2
Q24918,A2
Q24919,A2
Q24920,A2
Q24921,A2
Q24922,A2
Q24923,A2
Q24924,A2
Q24925,A2
Q24926,A2
Q24927,A2
Q24928,A2
Q24929,A2
Q24930,A2
Q24931,A2
Q24932,A2
Q24933,A2
Q24934,A2
Q24935,A2
Q24936,A2
Q24937,A2
Q24938,A2
Q24939,A2
Q24940,A2
Q24941,A2
Q24942,A2
Q24943,A2
Q24944,A2
Q24945,A2
Q24946,A2
Q24947,A2
Q24948,A2
Q24949,A2
Q24950,A2
Q24951,A2
Q24952,A2
Q24953,A2
Q24954,A2
Q24955,A2
Q24956,A2
Q24957,A2
Q24958,A2
Q24959,A2
Q24960,A2
Q24961,A2
Q24962,A2
Q24963,A2
Q24964,A2
Q24965,A2
Q24966,A2
Q24967,A2
Q24968,A2
Q24969,A2
Q24970,A2
Q24971,A2
Q24972,A2
Q24973,A2
Q24974,A2
Q24975,A2
Q24976,A2
Q24977,A2
Q24978,A2
Q24979,A2
Q24980,A2
Q24981,A2
Q24982,A2
Q24983,A2
Q24984,A2
Q24985,A2
Q24986,A2
Q24987,A2
Q24988,A2
Q24989,A2
Q24990,A2
Q24991,A2
Q24992,A2
Q24993,A2
Q24994,A2
Q24995,A2
Q24996,A2
Q24997,A2
Q24998,A2
Q24999,A2
Q25000,A2
Q25001,A2
Q25002,A2
Q25003,A2
Q25004,A2
Q25005,A2
Q25006,A2
Q25007,A2
Q25008,A2
Q25009,A2
Q25010,A2
Q25011,A2
Q25012,A2
Q25013,A2
Q25014,A2
Q25015,A2
Q25016,A2
Q25017,A2
Q25018,A2
Q25019,A2
Q25020,A2
Q25021,A2
Q25022,A2
Q25023,A2
Q25024,A2
Q25025,A2
Q25026,A2
Q25027,A2
Q25028,A2
Q25029,A2
Q25030,A2
Q25031,A2
Q25032,A2
Q25033,A2
Q25034,A2
Q25035,A2
Q25036,A2
Q25037,A2
Q25038,A2
Q25039,A2
Q25040,A2
Q25041,A2
Q25042,A2
Q25043,A2
Q25044,A2
Q25045,A2
Q25046,A2
Q25047,A2
Q25048,A2
Q25049,A2
Q25050,A2
Q25051,A2
Q25052,A2
Q25053,A2
Q25054,A2
Q25055,A2
Q25056,A2
Q25057,A2
Q25058,A2
Q25059,A2
Q25060,A2
Q25061,A2
Q25062,A2
Q25063,A2
Q25064,A2
Q25065,A2
Q25066,A2
Q25067,A2
Q25068,A2
Q25069,A2
Q25070,A2
Q25071,A2
Q25072,A2
Q25073,A2
Q25074,A2
Q25075,A2
Q25076,A2
Q25077,A2
Q25078,A2
Q25079,A2
Q25080,A2
Q25081,A2
Q25082,A2
Q25083,A2
Q25084,A2
Q25085,A2
Q25086,A2
Q25087,A2
Q25088,A2
Q25089,A2
Q25090,A2
Q25091,A2
Q25092,A2
Q25093,A2
Q25094,A2
Q25095,A2
Q25096,A2
Q25097,A2
Q25098,A2
Q25099,A2
Q25100,A2
Q25101,A2
Q25102,A2
Q25103,A2
Q25104,A2
Q25105,A2
Q25106,A2
Q25107,A2
Q25108,A2
Q25109,A2
Q25110,A2
Q25111,A2
Q25112,A2
Q25113,A2
Q25114,A2
Q25115,A2
Q25116,A2
Q25117,A2
Q25118,A2
Q25119,A2
Q25120,A2
Q25121,A2
Q25122,A2
Q25123,A2
Q25124,A2
Q25125,A2
Q25126,A2
Q25127,A2
Q25128,A2
Q25129,A2
Q25130,A2
Q25131,A2
Q25132,A2
Q25133,A2
Q25134,A2
Q25135,A2
Q25136,A2
Q25137,A2
Q25138,A2
Q25139,A2
Q25140,A2
Q25141,A2
Q25142,A2
Q25143,A2
Q25144,A2
Q25145,A2
Q25146,A2
Q25147,A2
Q25148,A2
Q25149,A2
Q25150,A2
Q25151,A2
Q25152,A2
Q25153,A2
Q25154,A2
Q25155,A2
Q25156,A2
Q25157,A2
Q25158,A2
Q25159,A2
Q25160,A2
Q25161,A2
Q25162,A2
Q25163,A2
Q25164,A2
Q25165,A2
Q25166,A2
Q25167,A2
Q25168,A2
Q25169,A2
Q25170,A2
Q25171,A2
Q25172,A2
Q25173,A2
Q25174,A2
Q25175,A2
Q25176,A2
Q25177,A2
Q25178,A2
Q25179,A2
Q25180,A2
Q25181,A2
Q25182,A2
Q25183,A2
Q25184,A2
Q25185,A2
Q25186,A2
Q25187,A2
Q25188,A2
Q25189,A2
Q25190,A2
Q25191,A2
Q25192,A2
Q25193,A2
Q25194,A2
Q25195,A2
Q25196,A2
Q25197,A2
Q25198,A2
Q25199,A2
Q25200,A2
Q25201,A2
Q25202,A2
Q25203,A2
Q25204,A2
Q25205,A2
Q25206,A2
Q25207,A2
Q25208,A2
Q25209,A2
Q25210,A2
Q25211,A2
Q25212,A2
Q25213,A2
Q25214,A2
Q25215,A2
Q25216,A2
Q25217,A2
Q25218,A2
Q25219,A2
Q25220,A2
Q25221,A2
Q25222,A2
Q25223,A2
Q25224,A2
Q25225,A2
Q25226,A2
Q25227,A2
Q25228,A2
Q25229,A2
Q25230,A2
Q25231,A2
Q25232,A2
Q25233,A2
Q25234,A2
Q25235,A2
Q25236,A2
Q25237,A2
Q25238,A2
Q25239,A2
Q25240,A2
Q25241,A2
Q25242,A2
Q25243,A2
Q25244,A2
Q25245,A2
Q25246,A2
Q25247,A2
Q25248,A2
Q25249,A2
Q25250,A2
Q25251,A2
Q25252,A2
Q25253,A2
Q25254,A2
Q25255,A2
Q25256,A2
Q25257,A2
Q25258,A2
Q25259,A2
Q25260,A2
Q25261,A2
Q25262,A2
Q25263,A2
Q25264,A2
Q25265,A2
Q25266,A2
Q25267,A2
Q25268,A2
Q25269,A2
Q25270,A2
Q25271,A2
Q25272,A2
Q25273,A2
Q25274,A2
Q25275,A2
Q25276,A2
Q25277,A2
Q25278,A2
Q25279,A2
Q25280,A2
Q25281,A2
Q25282,A2
Q25283,A2
Q25284,A2
Q25285,A2
Q25286,A2
Q25287,A2
Q25288,A2
Q25289,A2
Q25290,A2
Q25291,A2
Q25292,A2
Q25293,A2
Q25294,A2
Q25295,A2
Q25296,A2
Q25297,A2
Q25298,A2
Q25299,A2
Q25300,A2
Q25301,A2
Q25302,A2
Q25303,A2
Q25304,A2
Q25305,A2
Q25306,A2
Q25307,A2
Q25308,A2
Q25309,A2
Q25310,A2
Q25311,A2
Q25312,A2
Q25313,A2
Q25314,A2
Q25315,A2
Q25316,A2
Q25317,A2
Q25318,A2
Q25319,A2
Q25320,A2
Q25321,A2
Q25322,A2
Q25323,A2
Q25324,A2
Q25325,A2
Q25326,A2
Q25327,A2
Q25328,A2
Q25329,A2
Q25330,A2
Q25331,A2
Q25332,A2
Q25333,A2
Q25334,A2
Q25335,A2
Q25336,A2
Q25337,A2
Q25338,A2
Q25339,A2
Q25340,A2
Q25341,A2
Q25342,A2
Q25343,A2
Q25344,A2
Q25345,A2
Q25346,A2
Q25347,A2
Q25348,A2
Q25349,A2
Q25350,A2
Q25351,A2
Q25352,A2
Q25353,A2
Q25354,A2
Q25355,A2
Q25356,A2
Q25357,A2
Q25358,A2
Q25359,A2
Q25360,A2
Q25361,A2
Q25362,A2
Q25363,A2
Q25364,A2
Q25365,A2
Q25366,A2
Q25367,A2
Q25368,A2
Q25369,A2
Q25370,A2
Q25371,A2
Q25372,A2
Q25373,A2
Q25374,A2
Q25375,A2
Q25376,A2
Q25377,A2
Q25378,A2
Q25379,A2
Q25380,A2
Q25381,A2
Q25382,A2
Q25383,A2
Q25384,A2
Q25385,A2
Q25386,A2
Q25387,A2
Q25388,A2
Q25389,A2
Q25390,A2
Q25391,A2
Q25392,A2
Q25393,A2
Q25394,A2
Q25395,A0
Q25396,A0
Q25397,A0
Q25398,A0
Q25399,A0
Q25400,A0
Q25401,A0
Q25402,A0
Q25403,A0
Q25404,A0
Q25405,A0
Q25406,A0
Q25407,A0
Q25408,A0
Q25409,A0
Q25410,A0
Q25411,A0
Q25412,A0
Q25413,A0
Q25414,A0
Q25415,A0
Q25416,A0
Q25417,A0
Q25418,A0
Q25419,A0
Q25420,A0
Q25421,A0
Q25422,A0
Q25423,A0
Q25424,A0
Q25425,A0
Q25426,A0
Q25427,A0
Q25428,A0
Q25429,A0
Q25430,A0
Q25431,A0
Q25432,A0
Q25433,A0
Q25434,A0
Q25435,A0
Q25436,A0
Q25437,A0
Q25438,A0
Q25439,A0
Q25440,A0
Q25441,A0
Q25442,A0
Q25443,A0
Q25444,A0
Q25445,A0
Q25446,A0
Q25447,A0
Q25448,A0
Q25449,A0
Q25450,A0
Q25451,A0
Q25452,A0
Q25453,A0
Q25454,A0
Q25455,A0
Q25456,A0
Q25457,A0
Q25458,A0
Q25459,A0
Q25460,A0
Q25461,A0
Q25462,A0
Q25463,A0
Q25464,A0
Q25465,A0
Q25466,A0
Q25467,A0
Q25468,A0
Q25469,A0
Q25470,A0
Q25471,A0
Q25472,A0
Q25473,A0
Q25474,A0
Q25475,A0
Q25476,A0
Q25477,A0
Q25478,A0
Q25479,A0
Q25480,A0
Q25481,A0
Q25482,A0
Q25483,A0
Q25484,A0
Q25485,A0
Q25486,A0
Q25487,A0
Q25488,A0
Q25489,A0
Q25490,A0
Q25491,A0
Q25492,A0
Q25493,A0
Q25494,A0
Q25495,A0
Q25496,A0
Q25497,A0
Q25498,A0
Q25499,A0
Q25500,A0
Q25501,A0
Q25502,A0
Q25503,A0
Q25504,A0
Q25505,A0
Q25506,A0
Q25507,A0
Q25508,A0
Q25509,A0
Q25510,A0
Q25511,A0
Q25512,A0
Q25513,A0
Q25514,A0
Q25515,A0
Q25516,A0
Q25517,A0
Q25518,A0
Q25519,A0
Q25520,A0
Q25521,A0
Q25522,A0
Q25523,A0
Q25524,A0
Q25525,A0
Q25526,A0
Q25527,A0
Q25528,A0
Q25529,A0
Q25530,A0
Q25531,A0
Q25532,A0
Q25533,A0
Q25534,A0
Q25535,A0
Q25536,A0
Q25537,A0
Q25538,A0
Q25539,A0
Q25540,A0
Q25541,A0
Q25542,A0
Q25543,A0
Q25544,A0
Q25545,A0
Q25546,A0
Q25547,A0
Q25548,A0
Q25549,A0
Q25550,A0
Q25551,A0
Q25552,A0
Q25553,A0
Q25554,A0
Q25555,A0
Q25556,A0
Q25557,A0
Q25558,A0
Q25559,A0
Q25560,A0
Q25561,A0
Q25562,A0
Q25563,A0
Q25564,A0
Q25565,A0
Q25566,A0
Q25567,A0
Q25568,A0
Q25569,A0
Q25570,A0
Q25571,A0
Q25572,A0
Q25573,A0
Q25574,A0
Q25575,A0
Q25576,A0
Q25577,A0
Q25578,A0
Q25579,A0
Q25580,A0
Q25581,A0
Q25582,A0
Q25583,A0
Q25584,A0
Q25585,A0
Q25586,A0
Q25587,A0
Q25588,A0
Q25589,A0
Q25590,A0
Q25591,A0
Q25592,A0
Q25593,A0
Q25594,A0
Q25595,A0
Q25596,A0
Q25597,A0
Q25598,A0
Q25599,A0
Q25600,A0
Q25601,A0
Q25602,A0
Q25603,A0
Q25604,A0
Q25605,A0
Q25606,A0
Q25607,A0
Q25608,A0
Q25609,A0
Q25610,A0
Q25611,A0
Q25612,A0
Q25613,A0
Q25614,A0
Q25615,A0
Q25616,A0
Q25617,A0
Q25618,A0
Q25619,A0
Q25620,A0
Q25621,A0
Q25622,A0
Q25623,A0
Q25624,A0
Q25625,A0
Q25626,A0
Q25627,A0
Q25628,A0
Q25629,A0
Q25630,A0
Q25631,A0
Q25632,A0
Q25633,A0
Q25634,A0
Q25635,A0
Q25636,A0
Q25637,A0
Q25638,A0
Q25639,A0
Q25640,A0
Q25641,A0
Q25642,A0
Q25643,A0
Q25644,A0
Q25645,A0
Q25646,A0
Q25647,A0
Q25648,A0
Q25649,A0
Q25650,A0
Q25651,A0
Q25652,A0
Q25653,A0
Q25654,A0
Q25655,A0
Q25656,A0
Q25657,A0
Q25658,A0
Q25659,A0
Q25660,A0
Q25661,A0
Q25662,A0
Q25663,A0
Q25664,A0
Q25665,A0
Q25666,A0
Q25667,A0
Q25668,A0
Q25669,A0
Q25670,A0
Q25671,A0
Q25672,A0
Q25673,A0
Q25674,A0
Q25675,A0
Q25676,A0
Q25677,A0
Q25678,A0
Q25679,A0
Q25680,A0
Q25681,A0
Q25682,A0
Q25683,A0
Q25684,A0
Q25685,A0
Q25686,A0
Q25687,A0
Q25688,A0
Q25689,A0
Q25690,A0
Q25691,A0
Q25692,A0
Q25693,A0
Q25694,A0
Q25695,A0
Q25696,A0
Q25697,A0
Q25698,A0
Q25699,A0
Q25700,A0
Q25701,A0
Q25702,A0
Q25703,A0
Q25704,A0
Q25705,A0
Q25706,A0
Q25707,A0
Q25708,A0
Q25709,A0
Q25710,A0
Q25711,A0
Q25712,A0
Q25713,A0
Q25714,A0
Q25715,A0
Q25716,A0
Q25717,A0
Q25718,A0
Q25719,A0
Q25720,A0
Q25721,A0
Q25722,A0
Q25723,A0
Q25724,A0
Q25725,A0
Q25726,A0
Q25727,A0
Q25728,A0
Q25729,A0
Q25730,A0
Q25731,A0
Q25732,A0
Q25733,A0
Q25734,A0
Q25735,A0
Q25736,A0
Q25737,A0
Q25738,A0
Q25739,A0
Q25740,A0
Q25741,A0
Q25742,A0
Q25743,A0
Q25744,A0
Q25745,A0
Q25746,A0
Q25747,A0
Q25748,A0
Q25749,A0
Q25750,A0
Q25751,A0
Q25752,A0
Q25753,A0
Q25754,A0
Q25755,A0
Q25756,A0
Q25757,A0
Q25758,A0
Q25759,A0
Q25760,A0
Q25761,A0
Q25762,A0
Q25763,A0
Q25764,A0
Q25765,A0
Q25766,A0
Q25767,A0
Q25768,A0
Q25769,A0
Q25770,A0
Q25771,A0
Q25772,A0
Q25773,A0
Q25774,A0
Q25775,A0
Q25776,A0
Q25777,A0
Q25778,A0
Q25779,A0
Q25780,A0
Q25781,A0
Q25782,A0
Q25783,A0
Q25784,A0
Q25785,A0
Q25786,A0
Q25787,A0
Q25788,A0
Q25789,A0
Q25790,A0
Q25791,A0
Q25792,A0
Q25793,A0
Q25794,A0
Q25795,A0
Q25796,A0
Q25797,A0
Q25798,A0
Q25799,A0
Q25800,A0
Q25801,A0
Q25802,A0
Q25803,A0
Q25804,A0
Q25805,A0
Q25806,A0
Q25807,A0
Q25808,A0
Q25809,A0
Q25810,A0
Q25811,A0
Q25812,A0
Q25813,A0
Q25814,A0
Q25815,A0
Q25816,A0
Q25817,A0
Q25818,A0
Q25819,A0
Q25820,A0
Q25821,A0
Q25822,A0
Q25823,A0
Q25824,A0
Q25825,A0
Q25826,A0
Q25827,A0
Q25828,A0
Q25829,A0
Q25830,A0
Q25831,A0
Q25832,A0
Q25833,A0
Q25834,A0
Q25835,A0
Q25836,A0
Q25837,A0
Q25838,A0
Q25839,A0
Q25840,A0
Q25841,A0
Q25842,A0
Q25843,A0
Q25844,A0
Q25845,A0
Q25846,A0
Q25847,A0
Q25848,A0
Q25849,A0
Q25850,A0
Q25851,A0
Q25852,A0
Q25853,A0
Q25854,A0
Q25855,A0
Q25856,A0
Q25857,A0
Q25858,A0
Q25859,A0
Q25860,A0
Q25861,A0
Q25862,A0
Q25863,A0
Q25864,A0
Q25865,A0
Q25866,A0
Q25867,A0
Q25868,A0
Q25869,A0
Q25870,A0
Q25871,A0
Q25872,A0
Q25873,A0
Q25874,A0
Q25875,A0
Q25876,A0
Q25877,A0
Q25878,A0
Q25879,A0
Q25880,A0
Q25881,A0
Q25882,A0
Q25883,A0
Q25884,A0
Q25885,A0
Q25886,A0
Q25887,A0
Q25888,A0
Q25889,A0
Q25890,A0
Q25891,A0
Q25892,A0
Q25893,A0
Q25894,A0
Q25895,A0
Q25896,A0
Q25897,A0
Q25898,A0
Q25899,A0
Q25900,A0
Q25901,A0
Q25902,A0
Q25903,A0
Q25904,A0
Q25905,A0
Q25906,A0
Q25907,A0
Q25908,A0
Q25909,A0
Q25910,A0
Q25911,A0
Q25912,A0
Q25913,A0
Q25914,A0
Q25915,A0
Q25916,A0
Q25917,A0
Q25918,A0
Q25919,A0
Q25920,A0
Q25921,A0
Q25922,A0
Q25923,A0
Q25924,A0
Q25925,A0
Q25926,A0
Q25927,A0
Q25928,A0
Q25929,A0
Q25930,A0
Q25931,A0
Q25932,A0
Q25933,A0
Q25934,A0
Q25935,A0
Q25936,A0
Q25937,A0
Q25938,A0
Q25939,A0
Q25940,A0
Q25941,A0
Q25942,A0
Q25943,A0
Q25944,A0
Q25945,A0
Q25946,A0
Q25947,A0
Q25948,A0
Q25949,A0
Q25950,A0
Q25951,A0
Q25952,A0
Q25953,A0
Q25954,A0
Q25955,A0
Q25956,A0
Q25957,A0
Q25958,A0
Q25959,A0
Q25960,A0
Q25961,A0
Q25962,A0
Q25963,A0
Q25964,A0
Q25965,A0
Q25966,A0
Q25967,A0
Q25968,A0
Q25969,A0
Q25970,A0
Q25971,A0
Q25972,A0
Q25973,A0
Q25974,A0
Q25975,A0
Q25976,A0
Q25977,A0
Q25978,A0
Q25979,A0
Q25980,A0
Q25981,A0
Q25982,A0
Q25983,A0
Q25984,A0
Q25985,A0
Q25986,A0
Q25987,A0
Q25988,A0
Q25989,A0
Q25990,A0
Q25991,A0
Q25992,A0
Q25993,A0
Q25994,A0
Q25995,A0
Q25996,A0
Q25997,A0
Q25998,A0
Q25999,A0
Q26000,A0
Q26001,A0
Q26002,A0
Q26003,A0
Q26004,A0
Q26005,A0
Q26006,A0
Q26007,A0
Q26008,A0
Q26009,A0
Q26010,A0
Q26011,A0
Q26012,A0
Q26013,A0
Q26014,A0
Q26015,A0
Q26016,A0
Q26017,A0
Q26018,A0
Q26019,A0
Q26020,A0
Q26021,A0
Q26022,A0
Q26023,A0
Q26024,A0
Q26025,A0
Q26026,A0
Q26027,A0
Q26028,A0
Q26029,A0
Q26030,A0
Q26031,A0
Q26032,A0
Q26033,A0
Q26034,A0
Q26035,A0
Q26036,A0
Q26037,A0
Q26038,A0
Q26039,A0
Q26040,A0
Q26041,A0
Q26042,A0
Q26043,A0
Q26044,A0
Q26045,A0
Q26046,A0
Q26047,A0
Q26048,A0
Q26049,A0
Q26050,A0
Q26051,A0
Q26052,A0
Q26053,A0
Q26054,A0
Q26055,A0
Q26056,A0
Q26057,A0
Q26058,A0
Q26059,A0
Q26060,A0
Q26061,A0
Q26062,A0
Q26063,A0
Q26064,A0
Q26065,A0
Q26066,A0
Q26067,A0
Q26068,A0
Q26069,A0
Q26070,A0
Q26071,A0
Q26072,A0
Q26073,A0
Q26074,A0
Q26075,A0
Q26076,A0
Q26077,A0
Q26078,A0
Q26079,A0
Q26080,A0
Q26081,A0
Q26082,A0
Q26083,A0
Q26084,A0
Q26085,A0
Q26086,A0
Q26087,A0
Q26088,A0
Q26089,A0
Q26090,A0
Q26091,A0
Q26092,A0
Q26093,A0
Q26094,A0
Q26095,A0
Q26096,A0
Q26097,A0
Q26098,A0
Q26099,A0
Q26100,A0
Q26101,A0
Q26102,A0
Q26103,A0
Q26104,A0
Q26105,A0
Q26106,A0
Q26107,A0
Q26108,A0
Q26109,A0
Q26110,A0
Q26111,A0
Q26112,A0
Q26113,A0
Q26114,A0
Q26115,A0
Q26116,A0
Q26117,A0
Q26118,A0
Q26119,A0
Q26120,A0
Q26121,A0
Q26122,A0
Q26123,A0
Q26124,A0
Q26125,A0
Q26126,A0
Q26127,A0
Q26128,A0
Q26129,A0
Q26130,A0
Q26131,A0
Q26132,A0
Q26133,A0
Q26134,A0
Q26135,A0
Q26136,A0
Q26137,A0
Q26138,A0
Q26139,A0
Q26140,A0
Q26141,A0
Q26142,A0
Q26143,A0
Q26144,A0
Q26145,A0
Q26146,A0
Q26147,A0
Q26148,A0
Q26149,A0
Q26150,A0
Q26151,A0
Q26152,A0
Q26153,A0
Q26154,A0
Q26155,A0
Q26156,A0
Q26157,A0
Q26158,A0
Q26159,A0
Q26160,A0
Q26161,A0
Q26162,A0
Q26163,A0
Q26164,A0
Q26165,A0
Q26166,A0
Q26167,A0
Q26168,A0
Q26169,A0
Q26170,A0
Q26171,A0
Q26172,A0
Q26173,A0
Q26174,A0
Q26175,A0
Q26176,A0
Q26177,A0
Q26178,A0
Q26179,A0
Q26180,A0
Q26181,A0
Q26182,A0
Q26183,A0
Q26184,A0
Q26185,A0
Q26186,A0
Q26187,A0
Q26188,A0
Q26189,A0
Q26190,A0
Q26191,A0
Q26192,A0
Q26193,A0
Q26194,A0
Q26195,A0
Q26196,A0
Q26197,A0
Q26198,A0
Q26199,A0
Q26200,A0
Q26201,A0
Q26202,A0
Q26203,A0
Q26204,A0
Q26205,A0
Q26206,A0
Q26207,A0
Q26208,A0
Q26209,A0
Q26210,A0
Q26211,A0
Q26212,A0
Q26213,A0
Q26214,A0
Q26215,A0
Q26216,A0
Q26217,A0
Q26218,A0
Q26219,A0
Q26220,A0
Q26221,A0
Q26222,A0
Q26223,A0
Q26224,A0
Q26225,A0
Q26226,A0
Q26227,A0
Q26228,A0
Q26229,A0
Q26230,A0
Q26231,A0
Q26232,A0
Q26233,A0
Q26234,A0
Q26235,A0
Q26236,A0
Q26237,A0
Q26238,A0
Q26239,A0
Q26240,A0
Q26241,A0
Q26242,A0
Q26243,A0
Q26244,A0
Q26245,A0
Q26246,A0
Q26247,A0
Q26248,A0
Q26249,A0
Q26250,A0
Q26251,A0
Q26252,A0
Q26253,A0
Q26254,A0
Q26255,A0
Q26256,A0
Q26257,A0
Q26258,A0
Q26259,A0
Q26260,A0
Q26261,A0
Q26262,A0
Q26263,A0
Q26264,A0
Q26265,A0
Q26266,A0
Q26267,A0
Q26268,A0
Q26269,A0
Q26270,A0
Q26271,A0
Q26272,A0
Q26273,A0
Q26274,A0
Q26275,A0
Q26276,A0
Q26277,A0
Q26278,A0
Q26279,A0
Q26280,A0
Q26281,A0
Q26282,A0
Q26283,A0
Q26284,A0
Q26285,A0
Q26286,A0
Q26287,A0
Q26288,A0
Q26289,A0
Q26290,A0
Q26291,A0
Q26292,A0
Q26293,A0
Q26294,A0
Q26295,A0
Q26296,A0
Q26297,A0
Q26298,A0
Q26299,A0
Q26300,A0
Q26301,A0
Q26302,A0
Q26303,A0
Q26304,A0
Q26305,A0
Q26306,A0
Q26307,A0
Q26308,A0
Q26309,A0
Q26310,A0
Q26311,A0
Q26312,A0
Q26313,A0
Q26314,A0
Q26315,A0
Q26316,A0
Q26317,A0
Q26318,A0
Q26319,A0
Q26320,A0
Q26321,A0
Q26322,A0
Q26323,A0
Q26324,A0
Q26325,A0
Q26326,A0
Q26327,A0
Q26328,A0
Q26329,A0
Q26330,A0
Q26331,A0
Q26332,A0
Q26333,A0
Q26334,A0
Q26335,A0
Q26336,A0
Q26337,A0
Q26338,A0
Q26339,A0
Q26340,A0
Q26341,A0
Q26342,A0
Q26343,A0
Q26344,A0
Q26345,A0
Q26346,A0
Q26347,A0
Q26348,A0
Q26349,A0
Q26350,A0
Q26351,A0
Q26352,A0
Q26353,A0
Q26354,A0
Q26355,A0
Q26356,A0
Q26357,A0
Q26358,A0
Q26359,A0
Q26360,A0
Q26361,A0
Q26362,A0
Q26363,A0
Q26364,A0
Q26365,A0
Q26366,A0
Q26367,A0
Q26368,A0
Q26369,A0
Q26370,A0
Q26371,A0
Q26372,A0
Q26373,A0
Q26374,A0
Q26375,A0
Q26376,A0
Q26377,A0
Q26378,A0
Q26379,A0
Q26380,A0
Q26381,A0
Q26382,A0
Q26383,A0
Q26384,A0
Q26385,A0
Q26386,A0
Q26387,A0
Q26388,A0
Q26389,A0
Q26390,A0
Q26391,A0
Q26392,A0
Q26393,A0
Q26394,A0
Q26395,A0
Q26396,A0
Q26397,A0
Q26398,A0
Q26399,A0
Q26400,A0
Q26401,A0
Q26402,A0
Q26403,A0
Q26404,A0
Q26405,A0
Q26406,A0
Q26407,A0
Q26408,A0
Q26409,A0
Q26410,A0
Q26411,A0
Q26412,A0
Q26413,A0
Q26414,A0
Q26415,A0
Q26416,A0
Q26417,A0
Q26418,A0
Q26419,A0
Q26420,A0
Q26421,A0
Q26422,A0
Q26423,A0
Q26424,A0
Q26425,A0
Q26426,A0
Q26427,A0
Q26428,A0
Q26429,A0
Q26430,A0
Q26431,A0
Q26432,A0
Q26433,A0
Q26434,A0
Q26435,A0
Q26436,A0
Q26437,A0
Q26438,A0
Q26439,A0
Q26440,A0
Q26441,A0
Q26442,A0
Q26443,A0
Q26444,A0
Q26445,A0
Q26446,A0
Q26447,A0
Q26448,A0
Q26449,A0
Q26450,A0
Q26451,A0
Q26452,A0
Q26453,A0
Q26454,A0
Q26455,A0
Q26456,A0
Q26457,A0
Q26458,A0
Q26459,A0
Q26460,A0
Q26461,A0
Q26462,A0
Q26463,A0
Q26464,A0
Q26465,A0
Q26466,A0
Q26467,A0
Q26468,A0
Q26469,A0
Q26470,A0
Q26471,A0
Q26472,A0
Q26473,A0
Q26474,A0
Q26475,A0
Q26476,A0
Q26477,A0
Q26478,A0
Q26479,A0
Q26480,A0
Q26481,A0
Q26482,A0
Q26483,A0
Q26484,A0
Q26485,A0
Q26486,A0
Q26487,A0
Q26488,A0
Q26489,A0
Q26490,A0
Q26491,A0
Q26492,A0
Q26493,A0
Q26494,A0
Q26495,A0
Q26496,A0
Q26497,A0
Q26498,A0
Q26499,A0
Q26500,A0
Q26501,A0
Q26502,A0
Q26503,A0
Q26504,A0
Q26505,A0
Q26506,A0
Q26507,A0
Q26508,A0
Q26509,A0
Q26510,A0
Q26511,A0
Q26512,A0
Q26513,A0
Q26514,A0
Q26515,A0
Q26516,A0
Q26517,A0
Q26518,A0
Q26519,A0
Q26520,A0
Q26521,A0
Q26522,A0
Q26523,A0
Q26524,A0
Q26525,A0
Q26526,A0
Q26527,A0
Q26528,A0
Q26529,A0
Q26530,A0
Q26531,A0
Q26532,A0
Q26533,A0
Q26534,A0
Q26535,A0
Q26536,A0
Q26537,A0
Q26538,A0
Q26539,A0
Q26540,A0
Q26541,A0
Q26542,A0
Q26543,A0
Q26544,A0
Q26545,A0
Q26546,A0
Q26547,A0
Q26548,A0
Q26549,A0
Q26550,A0
Q26551,A0
Q26552,A0
Q26553,A0
Q26554,A0
Q26555,A0
Q26556,A0
Q26557,A0
Q26558,A0
Q26559,A0
Q26560,A0
Q26561,A0
Q26562,A0
Q26563,A0
Q26564,A0
Q26565,A0
Q26566,A0
Q26567,A0
Q26568,A0
Q26569,A0
Q26570,A0
Q26571,A0
Q26572,A0
Q26573,A0
Q26574,A0
Q26575,A0
Q26576,A0
Q26577,A0
Q26578,A0
Q26579,A0
Q26580,A0
Q26581,A0
Q26582,A0
Q26583,A0
Q26584,A0
Q26585,A0
Q26586,A0
Q26587,A0
Q26588,A0
Q26589,A0
Q26590,A0
Q26591,A0
Q26592,A0
Q26593,A0
Q26594,A0
Q26595,A0
Q26596,A0
Q26597,A0
Q26598,A0
Q26599,A0
Q26600,A0
Q26601,A0
Q26602,A0
Q26603,A0
Q26604,A0
Q26605,A0
Q26606,A0
Q26607,A0
Q26608,A0
Q26609,A0
Q26610,A0
Q26611,A0
Q26612,A0
Q26613,A0
Q26614,A0
Q26615,A0
Q26616,A0
Q26617,A0
Q26618,A0
Q26619,A0
Q26620,A0
Q26621,A0
Q26622,A0
Q26623,A0
Q26624,A0
Q26625,A0
Q26626,A0
Q26627,A0
Q26628,A0
Q26629,A0
Q26630,A0
Q26631,A0
Q26632,A0
Q26633,A0
Q26634,A0
Q26635,A0
Q26636,A0
Q26637,A0
Q26638,A0
Q26639,A0
Q26640,A0
Q26641,A0
Q26642,A0
Q26643,A0
Q26644,A0
Q26645,A0
Q26646,A0
Q26647,A0
Q26648,A0
Q26649,A0
Q26650,A0
Q26651,A0
Q26652,A0
Q26653,A0
Q26654,A0
Q26655,A0
Q26656,A0
Q26657,A0
Q26658,A0
Q26659,A0
Q26660,A0
Q26661,A0
Q26662,A0
Q26663,A0
Q26664,A0
Q26665,A0
Q26666,A0
Q26667,A0
Q26668,A0
Q26669,A0
Q26670,A0
Q26671,A0
Q26672,A0
Q26673,A0
Q26674,A0
Q26675,A0
Q26676,A0
Q26677,A0
Q26678,A0
Q26679,A0
Q26680,A0
Q26681,A0
Q26682,A0
Q26683,A0
Q26684,A0
Q26685,A0
Q26686,A0
Q26687,A0
Q26688,A0
Q26689,A0
Q26690,A0
Q26691,A0
Q26692,A0
Q26693,A0
Q26694,A0
Q26695,A0
Q26696,A0
Q26697,A0
Q26698,A0
Q26699,A0
Q26700,A0
Q26701,A0
Q26702,A0
Q26703,A0
Q26704,A0
Q26705,A0
Q26706,A0
Q26707,A0
Q26708,A0
Q26709,A0
Q26710,A0
Q26711,A0
Q26712,A0
Q26713,A0
Q26714,A0
Q26715,A0
Q26716,A0
Q26717,A0
Q26718,A0
Q26719,A0
Q26720,A0
Q26721,A0
Q26722,A0
Q26723,A0
Q26724,A0
Q26725,A0
Q26726,A0
Q26727,A0
Q26728,A0
Q26729,A0
Q26730,A0
Q26731,A0
Q26732,A0
Q26733,A0
Q26734,A0
Q26735,A0
Q26736,A0
Q26737,A0
Q26738,A0
Q26739,A0
Q26740,A0
Q26741,A0
Q26742,A0
Q26743,A0
Q26744,A0
Q26745,A0
Q26746,A0
Q26747,A0
Q26748,A0
Q26749,A0
Q26750,A0
Q26751,A0
Q26752,A0
Q26753,A0
Q26754,A0
Q26755,A0
Q26756,A0
Q26757,A0
Q26758,A0
Q26759,A0
Q26760,A0
Q26761,A0
Q26762,A0
Q26763,A0
Q26764,A0
Q26765,A0
Q26766,A0
Q26767,A0
Q26768,A0
Q26769,A0
Q26770,A0
Q26771,A0
Q26772,A0
Q26773,A0
Q26774,A0
Q26775,A0
Q26776,A0
Q26777,A0
Q26778,A0
Q26779,A0
Q26780,A0
Q26781,A0
Q26782,A0
Q26783,A0
Q26784,A0
Q26785,A0
Q26786,A0
Q26787,A0
Q26788,A0
Q26789,A0
Q26790,A0
Q26791,A0
Q26792,A0
Q26793,A0
Q26794,A0
Q26795,A0
Q26796,A0
Q26797,A0
Q26798,A0
Q26799,A0
Q26800,A0
Q26801,A0
Q26802,A0
Q26803,A0
Q26804,A0
Q26805,A0
Q26806,A0
Q26807,A0
Q26808,A0
Q26809,A0
Q26810,A0
Q26811,A0
Q26812,A0
Q26813,A0
Q26814,A0
Q26815,A0
Q26816,A0
Q26817,A0
Q26818,A0
Q26819,A0
Q26820,A0
Q26821,A0
Q26822,A0
Q26823,A0
Q26824,A0
Q26825,A0
Q26826,A0
Q26827,A0
Q26828,A0
Q26829,A0
Q26830,A0
Q26831,A0
Q26832,A0
Q26833,A0
Q26834,A0
Q26835,A0
Q26836,A0
Q26837,A0
Q26838,A0
Q26839,A0
Q26840,A0
Q26841,A0
Q26842,A0
Q26843,A0
Q26844,A0
Q26845,A0
Q26846,A0
Q26847,A0
Q26848,A0
Q26849,A0
Q26850,A0
Q26851,A0
Q26852,A0
Q26853,A0
Q26854,A0
Q26855,A0
Q26856,A0
Q26857,A0
Q26858,A0
Q26859,A0
Q26860,A0
Q26861,A0
Q26862,A0
Q26863,A0
Q26864,A0
Q26865,A0
Q26866,A0
Q26867,A0
Q26868,A0
Q26869,A0
Q26870,A0
Q26871,A0
Q26872,A0
Q26873,A0
Q26874,A0
Q26875,A0
Q26876,A0
Q26877,A0
Q26878,A0
Q26879,A0
Q26880,A0
Q26881,A0
Q26882,A0
Q26883,A0
Q26884,A0
Q26885,A0
Q26886,A0
Q26887,A0
Q26888,A0
Q26889,A0
Q26890,A0
Q26891,A0
Q26892,A0
Q26893,A0
Q26894,A0
Q26895,A0
Q26896,A0
Q26897,A0
Q26898,A0
Q26899,A0
Q26900,A0
Q26901,A0
Q26902,A0
Q26903,A0
Q26904,A0
Q26905,A0
Q26906,A0
Q26907,A0
Q26908,A0
Q26909,A0
Q26910,A0
Q26911,A0
Q26912,A0
Q26913,A0
Q26914,A0
Q26915,A0
Q26916,A0
Q26917,A0
Q26918,A0
Q26919,A0
Q26920,A0
Q26921,A0
Q26922,A0
Q26923,A0
Q26924,A0
Q26925,A0
Q26926,A0
Q26927,A0
Q26928,A0
Q26929,A0
Q26930,A0
Q26931,A0
Q26932,A0
Q26933,A0
Q26934,A0
Q26935,A0
Q26936,A0
Q26937,A0
Q26938,A0
Q26939,A0
Q26940,A0
Q26941,A0
Q26942,A0
Q26943,A0
Q26944,A0
Q26945,A0
Q26946,A0
Q26947,A0
Q26948,A0
Q26949,A0
Q26950,A0
Q26951,A0
Q26952,A0
Q26953,A0
Q26954,A0
Q26955,A0
Q26956,A0
Q26957,A0
Q26958,A0
Q26959,A0
Q26960,A0
Q26961,A0
Q26962,A0
Q26963,A0
Q26964,A0
Q26965,A0
Q26966,A0
Q26967,A0
Q26968,A0
Q26969,A0
Q26970,A0
Q26971,A0
Q26972,A0
Q26973,A0
Q26974,A0
Q26975,A0
Q26976,A0
Q26977,A0
Q26978,A0
Q26979,A0
Q26980,A0
Q26981,A0
Q26982,A0
Q26983,A0
Q26984,A0
Q26985,A0
Q26986,A0
Q26987,A0
Q26988,A0
Q26989,A0
Q26990,A0
Q26991,A0
Q26992,A0
Q26993,A0
Q26994,A0
Q26995,A0
Q26996,A0
Q26997,A0
Q26998,A0
Q26999,A0
Q27000,A0
Q27001,A0
Q27002,A0
Q27003,A0
Q27004,A0
Q27005,A0
Q27006,A0
Q27007,A0
Q27008,A0
Q27009,A0
Q27010,A0
Q27011,A0
Q27012,A0
Q27013,A0
Q27014,A0
Q27015,A0
Q27016,A0
Q27017,A0
Q27018,A0
Q27019,A0
Q27020,A0
Q27021,A0
Q27022,A0
Q27023,A0
Q27024,A0
Q27025,A0
Q27026,A0
Q27027,A0
Q27028,A0
Q27029,A0
Q27030,A0
Q27031,A0
Q27032,A0
Q27033,A0
Q27034,A0
Q27035,A0
Q27036,A0
Q27037,A0
Q27038,A0
Q27039,A0
Q27040,A0
Q27041,A0
Q27042,A0
Q27043,A0
Q27044,A0
Q27045,A0
Q27046,A0
Q27047,A0
Q27048,A0
Q27049,A0
Q27050,A0
Q27051,A0
Q27052,A0
Q27053,A0
Q27054,A0
Q27055,A0
Q27056,A0
Q27057,A0
Q27058,A0
Q27059,A0
Q27060,A0
Q27061,A0
Q27062,A0
Q27063,A0
Q27064,A0
Q27065,A0
Q27066,A0
Q27067,A0
Q27068,A0
Q27069,A0
Q27070,A0
Q27071,A0
Q27072,A0
Q27073,A0
Q27074,A0
Q27075,A0
Q27076,A0
Q27077,A0
Q27078,A0
Q27079,A0
Q27080,A0
Q27081,A0
Q27082,A0
Q27083,A0
Q27084,A0
Q27085,A0
Q27086,A0
Q27087,A0
Q27088,A0
Q27089,A0
Q27090,A0
Q27091,A0
Q27092,A0
Q27093,A0
Q27094,A0
Q27095,A0
Q27096,A0
Q27097,A0
Q27098,A0
Q27099,A0
Q27100,A0
Q27101,A0
Q27102,A0
Q27103,A0
Q27104,A0
Q27105,A0
Q27106,A0
Q27107,A0
Q27108,A0
Q27109,A0
Q27110,A0
Q27111,A0
Q27112,A0
Q27113,A0
Q27114,A0
Q27115,A0
Q27116,A0
Q27117,A0
Q27118,A0
Q27119,A0
Q27120,A0
Q27121,A0
Q27122,A0
Q27123,A0
Q27124,A0
Q27125,A0
Q27126,A0
Q27127,A0
Q27128,A0
Q27129,A0
Q27130,A0
Q27131,A0
Q27132,A0
Q27133,A0
Q27134,A0
Q27135,A0
Q27136,A0
Q27137,A0
Q27138,A0
Q27139,A0
Q27140,A0
Q27141,A0
Q27142,A0
Q27143,A0
Q27144,A0
Q27145,A0
Q27146,A0
Q27147,A0
Q27148,A0
Q27149,A0
Q27150,A0
Q27151,A0
Q27152,A0
Q27153,A0
Q27154,A0
Q27155,A0
Q27156,A0
Q27157,A0
Q27158,A0
Q27159,A0
Q27160,A0
Q27161,A0
Q27162,A0
Q27163,A0
Q27164,A0
Q27165,A0
Q27166,A0
Q27167,A0
Q27168,A0
Q27169,A0
Q27170,A0
Q27171,A0
Q27172,A0
Q27173,A0
Q27174,A0
Q27175,A0
Q27176,A0
Q27177,A0
Q27178,A0
Q27179,A0
Q27180,A0
Q27181,A0
Q27182,A0
Q27183,A0
Q27184,A0
Q27185,A0
Q27186,A0
Q27187,A0
Q27188,A0
Q27189,A0
Q27190,A0
Q27191,A0
Q27192,A0
Q27193,A0
Q27194,A0
Q27195,A0
Q27196,A0
Q27197,A0
Q27198,A0
Q27199,A0
Q27200,A0
Q27201,A0
Q27202,A0
Q27203,A0
Q27204,A0
Q27205,A0
Q27206,A0
Q27207,A0
Q27208,A0
Q27209,A0
Q27210,A0
Q27211,A0
Q27212,A0
Q27213,A0
Q27214,A0
Q27215,A0
Q27216,A0
Q27217,A0
Q27218,A0
Q27219,A0
Q27220,A0
Q27221,A0
Q27222,A0
Q27223,A0
Q27224,A0
Q27225,A0
Q27226,A0
Q27227,A0
Q27228,A0
Q27229,A0
Q27230,A0
Q27231,A0
Q27232,A0
Q27233,A0
Q27234,A0
Q27235,A0
Q27236,A0
Q27237,A0
Q27238,A0
Q27239,A0
Q27240,A0
Q27241,A0
Q27242,A0
Q27243,A0
Q27244,A0
Q27245,A0
Q27246,A0
Q27247,A0
Q27248,A0
Q27249,A0
Q27250,A0
Q27251,A0
Q27252,A0
Q27253,A0
Q27254,A0
Q27255,A0
Q27256,A0
Q27257,A0
Q27258,A0
Q27259,A0
Q27260,A0
Q27261,A0
Q27262,A0
Q27263,A0
Q27264,A0
Q27265,A0
Q27266,A0
Q27267,A0
Q27268,A0
Q27269,A0
Q27270,A0
Q27271,A0
Q27272,A0
Q27273,A0
Q27274,A0
Q27275,A0
Q27276,A0
Q27277,A0
Q27278,A0
Q27279,A0
Q27280,A0
Q27281,A0
Q27282,A0
Q27283,A0
Q27284,A0
Q27285,A0
Q27286,A0
Q27287,A0
Q27288,A0
Q27289,A0
Q27290,A0
Q27291,A0
Q27292,A0
Q27293,A0
Q27294,A0
Q27295,A0
Q27296,A0
Q27297,A0
Q27298,A0
Q27299,A0
Q27300,A0
Q27301,A0
Q27302,A0
Q27303,A0
Q27304,A0
Q27305,A0
Q27306,A0
Q27307,A0
Q27308,A0
Q27309,A0
Q27310,A0
Q27311,A0
Q27312,A0
Q27313,A0
Q27314,A0
Q27315,A0
Q27316,A0
Q27317,A0
Q27318,A0
Q27319,A0
Q27320,A0
Q27321,A0
Q27322,A0
Q27323,A0
Q27324,A0
Q27325,A0
Q27326,A0
Q27327,A0
Q27328,A0
Q27329,A0
Q27330,A0
Q27331,A0
Q27332,A0
Q27333,A0
Q27334,A0
Q27335,A0
Q27336,A0
Q27337,A0
Q27338,A0
Q27339,A0
Q27340,A0
Q27341,A0
Q27342,A0
Q27343,A0
Q27344,A0
Q27345,A0
Q27346,A0
Q27347,A0
Q27348,A0
Q27349,A0
Q27350,A0
Q27351,A0
Q27352,A0
Q27353,A0
Q27354,A0
Q27355,A0
Q27356,A0
Q27357,A0
Q27358,A0
Q27359,A0
Q27360,A0
Q27361,A0
Q27362,A0
Q27363,A0
Q27364,A0
Q27365,A0
Q27366,A0
Q27367,A0
Q27368,A0
Q27369,A0
Q27370,A0
Q27371,A0
Q27372,A0
Q27373,A0
Q27374,A0
Q27375,A0
Q27376,A0
Q27377,A0
Q27378,A0
Q27379,A0
Q27380,A0
Q27381,A0
Q27382,A0
Q27383,A0
Q27384,A0
Q27385,A0
Q27386,A0
Q27387,A0
Q27388,A0
Q27389,A0
Q27390,A0
Q27391,A0
Q27392,A0
Q27393,A0
Q27394,A0
Q27395,A0
Q27396,A0
Q27397,A0
Q27398,A0
Q27399,A0
Q27400,A0
Q27401,A0
Q27402,A0
Q27403,A0
Q27404,A0
Q27405,A0
Q27406,A0
Q27407,A0
Q27408,A0
Q27409,A0
Q27410,A0
Q27411,A0
Q27412,A0
Q27413,A0
Q27414,A0
Q27415,A0
Q27416,A0
Q27417,A0
Q27418,A0
Q27419,A0
Q27420,A0
Q27421,A0
Q27422,A0
Q27423,A0
Q27424,A0
Q27425,A0
Q27426,A0
Q27427,A0
Q27428,A0
Q27429,A0
Q27430,A0
Q27431,A0
Q27432,A0
Q27433,A0
Q27434,A0
Q27435,A0
Q27436,A0
Q27437,A0
Q27438,A0
Q27439,A0
Q27440,A0
Q27441,A0
Q27442,A0
Q27443,A0
Q27444,A0
Q27445,A0
Q27446,A0
Q27447,A0
Q27448,A0
Q27449,A0
Q27450,A0
Q27451,A0
Q27452,A0
Q27453,A0
Q27454,A0
Q27455,A0
Q27456,A0
Q27457,A0
Q27458,A0
Q27459,A0
Q27460,A0
Q27461,A0
Q27462,A0
Q27463,A0
Q27464,A0
Q27465,A0
Q27466,A0
Q27467,A0
Q27468,A0
Q27469,A0
Q27470,A0
Q27471,A0
Q27472,A0
Q27473,A0
Q27474,A0
Q27475,A0
Q27476,A0
Q27477,A0
Q27478,A0
Q27479,A0
Q27480,A0
Q27481,A0
Q27482,A0
Q27483,A0
Q27484,A0
Q27485,A0
Q27486,A0
Q27487,A0
Q27488,A0
Q27489,A0
Q27490,A0
Q27491,A0
Q27492,A0
Q27493,A0
Q27494,A0
Q27495,A0
Q27496,A0
Q27497,A0
Q27498,A0
Q27499,A0
Q27500,A0
Q27501,A0
Q27502,A0
Q27503,A0
Q27504,A0
Q27505,A0
Q27506,A0
Q27507,A0
Q27508,A0
Q27509,A0
Q27510,A0
Q27511,A0
Q27512,A0
Q27513,A0
Q27514,A0
Q27515,A0
Q27516,A0
Q27517,A0
Q27518,A0
Q27519,A0
Q27520,A0
Q27521,A0
Q27522,A0
Q27523,A0
Q27524,A0
Q27525,A0
Q27526,A0
Q27527,A0
Q27528,A0
Q27529,A0
Q27530,A0
Q27531,A0
Q27532,A0
Q27533,A0
Q27534,A0
Q27535,A0
Q27536,A0
Q27537,A0
Q27538,A0
Q27539,A0
Q27540,A0
Q27541,A0
Q27542,A0
Q27543,A0
Q27544,A0
Q27545,A0
Q27546,A0
Q27547,A0
Q27548,A0
Q27549,A0
Q27550,A0
Q27551,A0
Q27552,A0
Q27553,A0
Q27554,A0
Q27555,A0
Q27556,A0
Q27557,A0
Q27558,A0
Q27559,A0
Q27560,A0
Q27561,A0
Q27562,A0
Q27563,A0
Q27564,A0
Q27565,A0
Q27566,A0
Q27567,A0
Q27568,A0
Q27569,A0
Q27570,A0
Q27571,A0
Q27572,A0
Q27573,A0
Q27574,A0
Q27575,A0
Q27576,A0
Q27577,A0
Q27578,A0
Q27579,A0
Q27580,A0
Q27581,A0
Q27582,A0
Q27583,A0
Q27584,A0
Q27585,A0
Q27586,A0
Q27587,A0
Q27588,A0
Q27589,A0
Q27590,A0
Q27591,A0
Q27592,A0
Q27593,A0
Q27594,A0
Q27595,A0
Q27596,A0
Q27597,A0
Q27598,A0
Q27599,A0
Q27600,A0
Q27601,A0
Q27602,A0
Q27603,A0
Q27604,A0
Q27605,A0
Q27606,A0
Q27607,A0
Q27608,A0
Q27609,A0
Q27610,A0
Q27611,A0
Q27612,A0
Q27613,A0
Q27614,A0
Q27615,A0
Q27616,A0
Q27617,A0
Q27618,A0
Q27619,A0
Q27620,A0
Q27621,A0
Q27622,A0
Q27623,A0
Q27624,A0
Q27625,A0
Q27626,A0
Q27627,A0
Q27628,A0
Q27629,A0
Q27630,A0
Q27631,A0
Q27632,A0
Q27633,A0
Q27634,A0
Q27635,A0
Q27636,A0
Q27637,A0
Q27638,A0
Q27639,A0
Q27640,A0
Q27641,A0
Q27642,A0
Q27643,A0
Q27644,A0
Q27645,A0
Q27646,A0
Q27647,A0
Q27648,A0
Q27649,A0
Q27650,A0
Q27651,A0
Q27652,A0
Q27653,A0
Q27654,A0
Q27655,A0
Q27656,A0
Q27657,A0
Q27658,A0
Q27659,A0
Q27660,A0
Q27661,A0
Q27662,A0
Q27663,A0
Q27664,A0
Q27665,A0
Q27666,A0
Q27667,A0
Q27668,A0
Q27669,A0
Q27670,A0
Q27671,A0
Q27672,A0
Q27673,A0
Q27674,A0
Q27675,A0
Q27676,A0
Q27677,A0
Q27678,A0
Q27679,A0
Q27680,A0
Q27681,A0
Q27682,A0
Q27683,A0
Q27684,A0
Q27685,A0
Q27686,A0
Q27687,A0
Q27688,A0
Q27689,A0
Q27690,A0
Q27691,A0
Q27692,A0
Q27693,A0
Q27694,A0
Q27695,A0
Q27696,A0
Q27697,A0
Q27698,A0
Q27699,A0
Q27700,A0
Q27701,A0
Q27702,A0
Q27703,A0
Q27704,A0
Q27705,A0
Q27706,A0
Q27707,A0
Q27708,A0
Q27709,A0
Q27710,A0
Q27711,A0
Q27712,A0
Q27713,A0
Q27714,A0
Q27715,A0
Q27716,A0
Q27717,A0
Q27718,A0
Q27719,A0
Q27720,A0
Q27721,A0
Q27722,A0
Q27723,A0
Q27724,A0
Q27725,A0
Q27726,A0
Q27727,A0
Q27728,A0
Q27729,A0
Q27730,A0
Q27731,A0
Q27732,A0
Q27733,A0
Q27734,A0
Q27735,A0
Q27736,A0
Q27737,A0
Q27738,A0
Q27739,A0
Q27740,A0
Q27741,A0
Q27742,A0
Q27743,A0
Q27744,A0
Q27745,A0
Q27746,A0
Q27747,A0
Q27748,A0
Q27749,A0
Q27750,A0
Q27751,A0
Q27752,A0
Q27753,A0
Q27754,A0
Q27755,A0
Q27756,A0
Q27757,A0
Q27758,A0
Q27759,A0
Q27760,A0
Q27761,A0
Q27762,A0
Q27763,A0
Q27764,A0
Q27765,A0
Q27766,A0
Q27767,A0
Q27768,A0
Q27769,A0
Q27770,A0
Q27771,A0
Q27772,A0
Q27773,A0
Q27774,A0
Q27775,A0
Q27776,A0
Q27777,A0
Q27778,A0
Q27779,A0
Q27780,A0
Q27781,A0
Q27782,A0
Q27783,A0
Q27784,A0
Q27785,A0
Q27786,A0
Q27787,A0
Q27788,A0
Q27789,A0
Q27790,A0
Q27791,A0
Q27792,A0
Q27793,A0
Q27794,A0
Q27795,A0
Q27796,A0
Q27797,A0
Q27798,A0
Q27799,A0
Q27800,A0
Q27801,A0
Q27802,A0
Q27803,A0
Q27804,A0
Q27805,A0
Q27806,A0
Q27807,A0
Q27808,A0
Q27809,A0
Q27810,A0
Q27811,A0
Q27812,A0
Q27813,A0
Q27814,A0
Q27815,A0
Q27816,A0
Q27817,A0
Q27818,A0
Q27819,A0
Q27820,A0
Q27821,A0
Q27822,A0
Q27823,A0
Q27824,A0
Q27825,A0
Q27826,A0
Q27827,A0
Q27828,A0
Q27829,A0
Q27830,A0
Q27831,A0
Q27832,A0
Q27833,A0
Q27834,A0
Q27835,A0
Q27836,A0
Q27837,A0
Q27838,A0
Q27839,A0
Q27840,A0
Q27841,A0
Q27842,A0
Q27843,A0
Q27844,A0
Q27845,A0
Q27846,A0
Q27847,A0
Q27848,A0
Q27849,A0
Q27850,A0
Q27851,A0
Q27852,A0
Q27853,A0
Q27854,A0
Q27855,A0
Q27856,A0
Q27857,A0
Q27858,A0
Q27859,A0
Q27860,A0
Q27861,A0
Q27862,A0
Q27863,A0
Q27864,A0
Q27865,A0
Q27866,A0
Q27867,A0
Q27868,A0
Q27869,A0
Q27870,A0
Q27871,A0
Q27872,A0
Q27873,A0
Q27874,A0
Q27875,A0
Q27876,A0
Q27877,A0
Q27878,A0
Q27879,A0
Q27880,A0
Q27881,A0
Q27882,A0
Q27883,A0
Q27884,A0
Q27885,A0
Q27886,A0
Q27887,A0
Q27888,A0
Q27889,A0
Q27890,A0
Q27891,A0
Q27892,A0
Q27893,A0
Q27894,A0
Q27895,A0
Q27896,A0
Q27897,A0
Q27898,A0
Q27899,A0
Q27900,A0
Q27901,A0
Q27902,A0
Q27903,A0
Q27904,A0
Q27905,A0
Q27906,A0
Q27907,A0
Q27908,A0
Q27909,A0
Q27910,A0
Q27911,A0
Q27912,A0
Q27913,A0
Q27914,A0
Q27915,A0
Q27916,A0
Q27917,A0
Q27918,A0
Q27919,A0
Q27920,A0
Q27921,A0
Q27922,A0
Q27923,A0
Q27924,A0
Q27925,A0
Q27926,A0
Q27927,A0
Q27928,A0
Q27929,A0
Q27930,A0
Q27931,A0
Q27932,A0
Q27933,A0
Q27934,A0
Q27935,A0
Q27936,A0
Q27937,A0
Q27938,A0
Q27939,A0
Q27940,A0
Q27941,A0
Q27942,A0
Q27943,A0
Q27944,A0
Q27945,A0
Q27946,A0
Q27947,A0
Q27948,A0
Q27949,A0
Q27950,A0
Q27951,A0
Q27952,A0
Q27953,A0
Q27954,A0
Q27955,A0
Q27956,A0
Q27957,A0
Q27958,A0
Q27959,A0
Q27960,A0
Q27961,A0
Q27962,A0
Q27963,A0
Q27964,A0
Q27965,A0
Q27966,A0
Q27967,A0
Q27968,A0
Q27969,A0
Q27970,A0
Q27971,A0
Q27972,A0
Q27973,A0
Q27974,A0
Q27975,A0
Q27976,A0
Q27977,A0
Q27978,A0
Q27979,A0
Q27980,A0
Q27981,A0
Q27982,A0
Q27983,A0
Q27984,A0
Q27985,A0
Q27986,A0
Q27987,A0
Q27988,A0
Q27989,A0
Q27990,A0
Q27991,A0
Q27992,A0
Q27993,A0
Q27994,A0
Q27995,A0
Q27996,A0
Q27997,A0
Q27998,A0
Q27999,A0
Q28000,A0
Q28001,A0
Q28002,A0
Q28003,A0
Q28004,A0
Q28005,A0
Q28006,A0
Q28007,A0
Q28008,A0
Q28009,A0
Q28010,A0
Q28011,A0
Q28012,A0
Q28013,A0
Q28014,A0
Q28015,A0
Q28016,A0
Q28017,A0
Q28018,A0
Q28019,A0
Q28020,A0
Q28021,A0
Q28022,A0
Q28023,A0
Q28024,A0
Q28025,A0
Q28026,A0
Q28027,A0
Q28028,A0
Q28029,A0
Q28030,A0
Q28031,A0
Q28032,A0
Q28033,A0
Q28034,A0
Q28035,A0
Q28036,A0
Q28037,A0
Q28038,A0
Q28039,A0
Q28040,A0
Q28041,A0
Q28042,A0
Q28043,A0
Q28044,A0
Q28045,A0
Q28046,A0
Q28047,A0
Q28048,A0
Q28049,A0
Q28050,A0
Q28051,A0
Q28052,A0
Q28053,A0
Q28054,A0
Q28055,A0
Q28056,A0
Q28057,A0
Q28058,A0
Q28059,A0
Q28060,A0
Q28061,A0
Q28062,A0
Q28063,A0
Q28064,A0
Q28065,A0
Q28066,A0
Q28067,A0
Q28068,A0
Q28069,A0
Q28070,A0
Q28071,A0
Q28072,A0
Q28073,A0
Q28074,A0
Q28075,A0
Q28076,A0
Q28077,A0
Q28078,A0
Q28079,A0
Q28080,A0
Q28081,A0
Q28082,A0
Q28083,A0
Q28084,A0
Q28085,A0
Q28086,A0
Q28087,A0
Q28088,A0
Q28089,A0
Q28090,A0
Q28091,A0
Q28092,A0
Q28093,A0
Q28094,A0
Q28095,A0
Q28096,A0
Q28097,A0
Q28098,A0
Q28099,A0
Q28100,A0
Q28101,A0
Q28102,A0
Q28103,A0
Q28104,A0
Q28105,A0
Q28106,A0
Q28107,A0
Q28108,A0
Q28109,A0
Q28110,A0
Q28111,A0
Q28112,A0
Q28113,A0
Q28114,A0
Q28115,A0
Q28116,A0
Q28117,A0
Q28118,A0
Q28119,A0
Q28120,A0
Q28121,A0
Q28122,A0
Q28123,A0
Q28124,A0
Q28125,A0
Q28126,A0
Q28127,A0
Q28128,A0
Q28129,A0
Q28130,A0
Q28131,A0
Q28132,A0
Q28133,A0
Q28134,A0
Q28135,A0
Q28136,A0
Q28137,A0
Q28138,A0
Q28139,A0
Q28140,A0
Q28141,A0
Q28142,A0
Q28143,A0
Q28144,A0
Q28145,A0
Q28146,A0
Q28147,A0
Q28148,A0
Q28149,A0
Q28150,A0
Q28151,A0
Q28152,A0
Q28153,A0
Q28154,A0
Q28155,A0
Q28156,A0
Q28157,A0
Q28158,A0
Q28159,A0
Q28160,A0
Q28161,A0
Q28162,A0
Q28163,A0
Q28164,A0
Q28165,A0
Q28166,A0
Q28167,A0
Q28168,A0
Q28169,A0
Q28170,A0
Q28171,A0
Q28172,A0
Q28173,A0
Q28174,A0
Q28175,A0
Q28176,A0
Q28177,A0
Q28178,A0
Q28179,A0
Q28180,A0
Q28181,A0
Q28182,A0
Q28183,A0
Q28184,A0
Q28185,A0
Q28186,A0
Q28187,A0
Q28188,A0
Q28189,A0
Q28190,A0
Q28191,A0
Q28192,A0
Q28193,A0
Q28194,A0
Q28195,A0
Q28196,A0
Q28197,A0
Q28198,A0
Q28199,A0
Q28200,A0
Q28201,A0
Q28202,A0
Q28203,A0
Q28204,A0
Q28205,A0
Q28206,A0
Q28207,A0
Q28208,A0
Q28209,A0
Q28210,A0
Q28211,A0
Q28212,A0
Q28213,A0
Q28214,A0
Q28215,A0
Q28216,A0
Q28217,A0
Q28218,A0
Q28219,A0
Q28220,A0
Q28221,A0
Q28222,A0
Q28223,A0
Q28224,A0
Q28225,A0
Q28226,A0
Q28227,A0
Q28228,A0
Q28229,A0
Q28230,A0
Q28231,A0
Q28232,A0
Q28233,A0
Q28234,A0
Q28235,A0
Q28236,A0
Q28237,A0
Q28238,A0
Q28239,A0
Q28240,A0
Q28241,A0
Q28242,A0
Q28243,A0
Q28244,A0
Q28245,A0
Q28246,A0
Q28247,A0
Q28248,A0
Q28249,A0
Q28250,A0
Q28251,A0
Q28252,A0
Q28253,A0
Q28254,A0
Q28255,A0
Q28256,A0
Q28257,A0
Q28258,A0
Q28259,A0
Q28260,A0
Q28261,A0
Q28262,A0
Q28263,A0
Q28264,A0
Q28265,A0
Q28266,A0
Q28267,A0
Q28268,A0
Q28269,A0
Q28270,A0
Q28271,A0
Q28272,A0
Q28273,A0
Q28274,A0
Q28275,A0
Q28276,A0
Q28277,A0
Q28278,A0
Q28279,A0
Q28280,A0
Q28281,A0
Q28282,A0
Q28283,A0
Q28284,A0
Q28285,A0
Q28286,A0
Q28287,A0
Q28288,A0
Q28289,A0
Q28290,A0
Q28291,A0
Q28292,A0
Q28293,A0
Q28294,A0
Q28295,A0
Q28296,A0
Q28297,A0
Q28298,A0
Q28299,A0
Q28300,A0
Q28301,A0
Q28302,A0
Q28303,A0
Q28304,A0
Q28305,A0
Q28306,A0
Q28307,A0
Q28308,A0
Q28309,A0
Q28310,A0
Q28311,A0
Q28312,A0
Q28313,A0
Q28314,A0
Q28315,A0
Q28316,A0
Q28317,A0
Q28318,A0
Q28319,A0
Q28320,A0
Q28321,A0
Q28322,A0
Q28323,A0
Q28324,A0
Q28325,A0
Q28326,A0
Q28327,A0
Q28328,A0
Q28329,A0
Q28330,A0
Q28331,A0
Q28332,A0
Q28333,A0
Q28334,A0
Q28335,A0
Q28336,A0
Q28337,A0
Q28338,A0
Q28339,A0
Q28340,A0
Q28341,A0
Q28342,A0
Q28343,A0
Q28344,A0
Q28345,A0
Q28346,A0
Q28347,A0
Q28348,A0
Q28349,A0
Q28350,A0
Q28351,A0
Q28352,A0
Q28353,A0
Q28354,A0
Q28355,A0
Q28356,A0
Q28357,A0
Q28358,A0
Q28359,A0
Q28360,A0
Q28361,A0
Q28362,A0
Q28363,A0
Q28364,A0
Q28365,A0
Q28366,A0
Q28367,A0
Q28368,A0
Q28369,A0
Q28370,A0
Q28371,A0
Q28372,A0
Q28373,A0
Q28374,A0
Q28375,A0
Q28376,A0
Q28377,A0
Q28378,A0
Q28379,A0
Q28380,A0
Q28381,A0
Q28382,A0
Q28383,A0
Q28384,A0
Q28385,A0
Q28386,A0
Q28387,A0
Q28388,A0
Q28389,A0
Q28390,A0
Q28391,A0
Q28392,A0
Q28393,A0
Q28394,A0
Q28395,A0
Q28396,A0
Q28397,A0
Q28398,A0
Q28399,A0
Q28400,A0
Q28401,A0
Q28402,A0
Q28403,A0
Q28404,A0
Q28405,A0
Q28406,A0
Q28407,A0
Q28408,A0
Q28409,A0
Q28410,A0
Q28411,A0
Q28412,A0
Q28413,A0
Q28414,A0
Q28415,A0
Q28416,A0
Q28417,A0
Q28418,A0
Q28419,A0
Q28420,A0
Q28421,A0
Q28422,A0
Q28423,A0
Q28424,A0
Q28425,A0
Q28426,A0
Q28427,A0
Q28428,A0
Q28429,A0
Q28430,A0
Q28431,A0
Q28432,A0
Q28433,A0
Q28434,A0
Q28435,A0
Q28436,A0
Q28437,A0
Q28438,A0
Q28439,A0
Q28440,A0
Q28441,A0
Q28442,A0
Q28443,A0
Q28444,A0
Q28445,A0
Q28446,A0
Q28447,A0
Q28448,A0
Q28449,A0
Q28450,A0
Q28451,A0
Q28452,A0
Q28453,A0
Q28454,A0
Q28455,A0
Q28456,A0
Q28457,A0
Q28458,A0
Q28459,A0
Q28460,A0
Q28461,A0
Q28462,A0
Q28463,A0
Q28464,A0
Q28465,A0
Q28466,A0
Q28467,A0
Q28468,A0
Q28469,A0
Q28470,A0
Q28471,A0
Q28472,A0
Q28473,A0
Q28474,A0
Q28475,A0
Q28476,A0
Q28477,A0
Q28478,A0
Q28479,A0
Q28480,A0
Q28481,A0
Q28482,A0
Q28483,A0
Q28484,A0
Q28485,A0
Q28486,A0
Q28487,A0
Q28488,A0
Q28489,A0
Q28490,A0
Q28491,A0
Q28492,A0
Q28493,A0
Q28494,A0
Q28495,A0
Q28496,A0
Q28497,A0
Q28498,A0
Q28499,A0
Q28500,A0
Q28501,A0
Q28502,A0
Q28503,A0
Q28504,A0
Q28505,A0
Q28506,A0
Q28507,A0
Q28508,A0
Q28509,A0
Q28510,A0
Q28511,A0
Q28512,A0
Q28513,A0
Q28514,A0
Q28515,A0
Q28516,A0
Q28517,A0
Q28518,A0
Q28519,A0
Q28520,A0
Q28521,A0
Q28522,A0
Q28523,A0
Q28524,A0
Q28525,A0
Q28526,A0
Q28527,A0
Q28528,A0
Q28529,A0
Q28530,A0
Q28531,A0
Q28532,A0
Q28533,A0
Q28534,A0
Q28535,A0
Q28536,A0
Q28537,A0
Q28538,A0
Q28539,A0
Q28540,A0
Q28541,A0
Q28542,A0
Q28543,A0
Q28544,A0
Q28545,A0
Q28546,A0
Q28547,A0
Q28548,A0
Q28549,A0
Q28550,A0
Q28551,A0
Q28552,A0
Q28553,A0
Q28554,A0
Q28555,A0
Q28556,A0
Q28557,A0
Q28558,A0
Q28559,A0
Q28560,A0
Q28561,A0
Q28562,A0
Q28563,A0
Q28564,A0
Q28565,A0
Q28566,A0
Q28567,A0
Q28568,A0
Q28569,A0
Q28570,A0
Q28571,A0
Q28572,A0
Q28573,A0
Q28574,A0
Q28575,A0
Q28576,A0
Q28577,A0
Q28578,A0
Q28579,A0
Q28580,A0
Q28581,A0
Q28582,A0
Q28583,A0
Q28584,A0
Q28585,A0
Q28586,A0
Q28587,A0
Q28588,A0
Q28589,A0
Q28590,A0
Q28591,A0
Q28592,A0
Q28593,A0
Q28594,A0
Q28595,A0
Q28596,A0
Q28597,A0
Q28598,A0
Q28599,A0
Q28600,A0
Q28601,A0
Q28602,A0
Q28603,A0
Q28604,A0
Q28605,A0
Q28606,A0
Q28607,A0
Q28608,A0
Q28609,A0
Q28610,A0
Q28611,A0
Q28612,A0
Q28613,A0
Q28614,A0
Q28615,A0
Q28616,A0
Q28617,A0
Q28618,A0
Q28619,A0
Q28620,A0
Q28621,A0
Q28622,A0
Q28623,A0
Q28624,A0
Q28625,A0
Q28626,A0
Q28627,A0
Q28628,A0
Q28629,A0
Q28630,A0
Q28631,A0
Q28632,A0
Q28633,A0
Q28634,A0
Q28635,A0
Q28636,A0
Q28637,A0
Q28638,A0
Q28639,A0
Q28640,A0
Q28641,A0
Q28642,A0
Q28643,A0
Q28644,A0
Q28645,A0
Q28646,A0
Q28647,A0
Q28648,A0
Q28649,A0
Q28650,A0
Q28651,A0
Q28652,A0
Q28653,A0
Q28654,A0
Q28655,A0
Q28656,A0
Q28657,A0
Q28658,A0
Q28659,A0
Q28660,A0
Q28661,A0
Q28662,A0
Q28663,A0
Q28664,A0
Q28665,A0
Q28666,A0
Q28667,A0
Q28668,A0
Q28669,A0
Q28670,A0
Q28671,A0
Q28672,A0
Q28673,A0
Q28674,A0
Q28675,A0
Q28676,A0
Q28677,A0
Q28678,A0
Q28679,A0
Q28680,A0
Q28681,A0
Q28682,A0
Q28683,A0
Q28684,A0
Q28685,A0
Q28686,A0
Q28687,A0
Q28688,A0
Q28689,A0
Q28690,A0
Q28691,A0
Q28692,A0
Q28693,A0
Q28694,A0
Q28695,A0
Q28696,A0
Q28697,A0
Q28698,A0
Q28699,A0
Q28700,A0
Q28701,A0
Q28702,A0
Q28703,A0
Q28704,A0
Q28705,A0
Q28706,A0
Q28707,A0
Q28708,A0
Q28709,A0
Q28710,A0
Q28711,A0
Q28712,A0
Q28713,A0
Q28714,A0
Q28715,A0
Q28716,A0
Q28717,A0
Q28718,A0
Q28719,A0
Q28720,A0
Q28721,A0
Q28722,A0
Q28723,A0
Q28724,A0
Q28725,A0
Q28726,A0
Q28727,A0
Q28728,A0
Q28729,A0
Q28730,A0
Q28731,A0
Q28732,A0
Q28733,A0
Q28734,A0
Q28735,A0
Q28736,A0
Q28737,A0
Q28738,A0
Q28739,A0
Q28740,A0
Q28741,A0
Q28742,A0
Q28743,A0
Q28744,A0
Q28745,A0
Q28746,A0
Q28747,A0
Q28748,A0
Q28749,A0
Q28750,A0
Q28751,A0
Q28752,A0
Q28753,A0
Q28754,A0
Q28755,A0
Q28756,A0
Q28757,A0
Q28758,A0
Q28759,A0
Q28760,A0
Q28761,A0
Q28762,A0
Q28763,A0
Q28764,A0
Q28765,A0
Q28766,A0
Q28767,A0
Q28768,A0
Q28769,A0
Q28770,A0
Q28771,A0
Q28772,A0
Q28773,A0
Q28774,A0
Q28775,A0
Q28776,A0
Q28777,A0
Q28778,A0
Q28779,A0
Q28780,A0
Q28781,A0
Q28782,A0
Q28783,A0
Q28784,A0
Q28785,A0
Q28786,A0
Q28787,A0
Q28788,A0
Q28789,A0
Q28790,A0
Q28791,A0
Q28792,A0
Q28793,A0
Q28794,A0
Q28795,A0
Q28796,A0
Q28797,A0
Q28798,A0
Q28799,A0
Q28800,A0
Q28801,A0
Q28802,A0
Q28803,A0
Q28804,A0
Q28805,A0
Q28806,A0
Q28807,A0
Q28808,A0
Q28809,A0
Q28810,A0
Q28811,A0
Q28812,A0
Q28813,A0
Q28814,A0
Q28815,A0
Q28816,A0
Q28817,A0
Q28818,A0
Q28819,A0
Q28820,A0
Q28821,A0
Q28822,A0
Q28823,A0
Q28824,A0
Q28825,A0
Q28826,A0
Q28827,A0
Q28828,A0
Q28829,A0
Q28830,A0
Q28831,A0
Q28832,A0
Q28833,A0
Q28834,A0
Q28835,A0
Q28836,A0
Q28837,A0
Q28838,A0
Q28839,A0
Q28840,A0
Q28841,A0
Q28842,A0
Q28843,A0
Q28844,A0
Q28845,A0
Q28846,A0
Q28847,A0
Q28848,A0
Q28849,A0
Q28850,A0
Q28851,A0
Q28852,A0
Q28853,A0
Q28854,A0
Q28855,A0
Q28856,A0
Q28857,A0
Q28858,A0
Q28859,A0
Q28860,A0
Q28861,A0
Q28862,A0
Q28863,A0
Q28864,A0
Q28865,A0
Q28866,A0
Q28867,A0
Q28868,A0
Q28869,A0
Q28870,A0
Q28871,A0
Q28872,A0
Q28873,A0
Q28874,A0
Q28875,A0
Q28876,A0
Q28877,A0
Q28878,A0
Q28879,A0
Q28880,A0
Q28881,A0
Q28882,A0
Q28883,A0
Q28884,A0
Q28885,A0
Q28886,A0
Q28887,A0
Q28888,A0
Q28889,A0
Q28890,A0
Q28891,A0
Q28892,A0
Q28893,A0
Q28894,A0
Q28895,A0
Q28896,A0
Q28897,A0
Q28898,A0
Q28899,A0
Q28900,A0
Q28901,A0
Q28902,A0
Q28903,A0
Q28904,A0
Q28905,A0
Q28906,A0
Q28907,A0
Q28908,A0
Q28909,A0
Q28910,A0
Q28911,A0
Q28912,A0
Q28913,A0
Q28914,A0
Q28915,A0
Q28916,A0
Q28917,A0
Q28918,A0
Q28919,A0
Q28920,A0
Q28921,A0
Q28922,A0
Q28923,A0
Q28924,A0
Q28925,A0
Q28926,A0
Q28927,A0
Q28928,A0
Q28929,A0
Q28930,A0
Q28931,A0
Q28932,A0
Q28933,A0
Q28934,A0
Q28935,A0
Q28936,A0
Q28937,A0
Q28938,A0
Q28939,A0
Q28940,A0
Q28941,A0
Q28942,A0
Q28943,A0
Q28944,A0
Q28945,A0
Q28946,A0
Q28947,A0
Q28948,A0
Q28949,A0
Q28950,A0
Q28951,A0
Q28952,A0
Q28953,A0
Q28954,A0
Q28955,A0
Q28956,A0
Q28957,A0
Q28958,A0
Q28959,A0
Q28960,A0
Q28961,A0
Q28962,A0
Q28963,A0
Q28964,A0
Q28965,A0
Q28966,A0
Q28967,A0
Q28968,A0
Q28969,A0
Q28970,A0
Q28971,A0
Q28972,A0
Q28973,A0
Q28974,A0
Q28975,A0
Q28976,A0
Q28977,A0
Q28978,A0
Q28979,A0
Q28980,A0
Q28981,A0
Q28982,A0
Q28983,A0
Q28984,A0
Q28985,A0
Q28986,A0
Q28987,A0
Q28988,A0
Q28989,A0
Q28990,A0
Q28991,A0
Q28992,A0
Q28993,A0
Q28994,A0
Q28995,A0
Q28996,A0
Q28997,A0
Q28998,A0
Q28999,A0
Q29000,A0
Q29001,A0
Q29002,A0
Q29003,A0
Q29004,A0
Q29005,A0
Q29006,A0
Q29007,A0
Q29008,A0
Q29009,A0
Q29010,A0
Q29011,A0
Q29012,A0
Q29013,A0
Q29014,A0
Q29015,A0
Q29016,A0
Q29017,A0
Q29018,A0
Q29019,A0
Q29020,A0
Q29021,A0
Q29022,A0
Q29023,A0
Q29024,A0
Q29025,A0
Q29026,A0
Q29027,A0
Q29028,A0
Q29029,A0
Q29030,A1
Q29031,A1
Q29032,A1
Q29033,A1
Q29034,A1
Q29035,A1
Q29036,A1
Q29037,A1
Q29038,A1
Q29039,A1
Q29040,A1
Q29041,A1
Q29042,A1
Q29043,A1
Q29044,A1
Q29045,A1
Q29046,A1
Q29047,A1
Q29048,A1
Q29049,A1
Q29050,A1
Q29051,A1
Q29052,A1
Q29053,A1
Q29054,A1
Q29055,A1
Q29056,A1
Q29057,A1
Q29058,A1
Q29059,A1
Q29060,A1
Q29061,A1
Q29062,A1
Q29063,A1
Q29064,A1
Q29065,A1
Q29066,A1
Q29067,A1
Q29068,A1
Q29069,A1
Q29070,A1
Q29071,A1
Q29072,A1
Q29073,A1
Q29074,A1
Q29075,A1
Q29076,A1
Q29077,A1
Q29078,A1
Q29079,A1
Q29080,A1
Q29081,A1
Q29082,A1
Q29083,A1
Q29084,A1
Q29085,A1
Q29086,A1
Q29087,A1
Q29088,A1
Q29089,A1
Q29090,A1
Q29091,A1
Q29092,A1
Q29093,A1
Q29094,A1
Q29095,A1
Q29096,A1
Q29097,A1
Q29098,A1
Q29099,A1
Q29100,A1
Q29101,A1
Q29102,A1
Q29103,A1
Q29104,A1
Q29105,A1
Q29106,A1
Q29107,A1
Q29108,A1
Q29109,A1
Q29110,A1
Q29111,A1
Q29112,A1
Q29113,A1
Q29114,A1
Q29115,A1
Q29116,A1
Q29117,A1
Q29118,A1
Q29119,A1
Q29120,A1
Q29121,A1
Q29122,A1
Q29123,A1
Q29124,A1
Q29125,A1
Q29126,A1
Q29127,A1
Q29128,A1
Q29129,A1
Q29130,A1
Q29131,A1
Q29132,A1
Q29133,A1
Q29134,A1
Q29135,A1
Q29136,A1
Q29137,A1
Q29138,A1
Q29139,A1
Q29140,A1
Q29141,A1
Q29142,A1
Q29143,A1
Q29144,A1
Q29145,A1
Q29146,A1
Q29147,A1
Q29148,A1
Q29149,A1
Q29150,A1
Q29151,A1
Q29152,A1
Q29153,A1
Q29154,A1
Q29155,A1
Q29156,A1
Q29157,A1
Q29158,A1
Q29159,A1
Q29160,A1
Q29161,A1
Q29162,A1
Q29163,A1
Q29164,A1
Q29165,A1
Q29166,A1
Q29167,A1
Q29168,A1
Q29169,A1
Q29170,A1
Q29171,A1
Q29172,A1
Q29173,A1
Q29174,A1
Q29175,A1
Q29176,A1
Q29177,A1
Q29178,A1
Q29179,A1
Q29180,A1
Q29181,A1
Q29182,A1
Q29183,A1
Q29184,A1
Q29185,A1
Q29186,A1
Q29187,A1
Q29188,A1
Q29189,A1
Q29190,A1
Q29191,A1
Q29192,A1
Q29193,A1
Q29194,A1
Q29195,A1
Q29196,A1
Q29197,A1
Q29198,A1
Q29199,A1
Q29200,A1
Q29201,A1
Q29202,A1
Q29203,A1
Q29204,A1
Q29205,A1
Q29206,A1
Q29207,A1
Q29208,A1
Q29209,A1
Q29210,A1
Q29211,A1
Q29212,A1
Q29213,A1
Q29214,A1
Q29215,A1
Q29216,A1
Q29217,A1
Q29218,A1
Q29219,A1
Q29220,A1
Q29221,A1
Q29222,A1
Q29223,A1
Q29224,A1
Q29225,A1
Q29226,A1
Q29227,A1
Q29228,A1
Q29229,A1
Q29230,A1
Q29231,A1
Q29232,A1
Q29233,A1
Q29234,A1
Q29235,A1
Q29236,A1
Q29237,A1
Q29238,A1
Q29239,A1
Q29240,A1
Q29241,A1
Q29242,A1
Q29243,A1
Q29244,A1
Q29245,A1
Q29246,A1
Q29247,A1
Q29248,A1
Q29249,A1
Q29250,A1
Q29251,A1
Q29252,A1
Q29253,A1
Q29254,A1
Q29255,A1
Q29256,A1
Q29257,A1
Q29258,A1
Q29259,A1
Q29260,A1
Q29261,A1
Q29262,A1
Q29263,A1
Q29264,A1
Q29265,A1
Q29266,A1
Q29267,A1
Q29268,A1
Q29269,A1
Q29270,A1
Q29271,A1
Q29272,A1
Q29273,A1
Q29274,A1
Q29275,A1
Q29276,A1
Q29277,A1
Q29278,A1
Q29279,A1
Q29280,A1
Q29281,A1
Q29282,A1
Q29283,A1
Q29284,A1
Q29285,A1
Q29286,A1
Q29287,A1
Q29288,A1
Q29289,A1
Q29290,A1
Q29291,A1
Q29292,A1
Q29293,A1
Q29294,A1
Q29295,A1
Q29296,A1
Q29297,A1
Q29298,A1
Q29299,A1
Q29300,A1
Q29301,A1
Q29302,A1
Q29303,A1
Q29304,A1
Q29305,A1
Q29306,A1
Q29307,A1
Q29308,A1
Q29309,A1
Q29310,A1
Q29311,A1
Q29312,A1
Q29313,A1
Q29314,A1
Q29315,A1
Q29316,A1
Q29317,A1
Q29318,A1
Q29319,A1
Q29320,A1
Q29321,A1
Q29322,A1
Q29323,A1
Q29324,A1
Q29325,A1
Q29326,A1
Q29327,A1
Q29328,A1
Q29329,A1
Q29330,A1
Q29331,A1
Q29332,A1
Q29333,A1
Q29334,A1
Q29335,A1
Q29336,A1
Q29337,A1
Q29338,A1
Q29339,A1
Q29340,A1
Q29341,A1
Q29342,A1
Q29343,A1
Q29344,A1
Q29345,A1
Q29346,A1
Q29347,A1
Q29348,A1
Q29349,A1
Q29350,A1
Q29351,A1
Q29352,A1
Q29353,A1
Q29354,A1
Q29355,A1
Q29356,A1
Q29357,A1
Q29358,A1
Q29359,A1
Q29360,A1
Q29361,A1
Q29362,A1
Q29363,A1
Q29364,A1
Q29365,A1
Q29366,A1
Q29367,A1
Q29368,A1
Q29369,A1
Q29370,A1
Q29371,A1
Q29372,A1
Q29373,A1
Q29374,A1
Q29375,A1
Q29376,A1
Q29377,A1
Q29378,A1
Q29379,A1
Q29380,A1
Q29381,A1
Q29382,A1
Q29383,A1
Q29384,A1
Q29385,A1
Q29386,A1
Q29387,A1
Q29388,A1
Q29389,A1
Q29390,A1
Q29391,A1
Q29392,A1
Q29393,A1
Q29394,A1
Q29395,A1
Q29396,A1
Q29397,A1
Q29398,A1
Q29399,A1
Q29400,A1
Q29401,A1
Q29402,A1
Q29403,A1
Q29404,A1
Q29405,A1
Q29406,A1
Q29407,A1
Q29408,A1
Q29409,A1
Q29410,A1
Q29411,A1
Q29412,A1
Q29413,A1
Q29414,A1
Q29415,A1
Q29416,A1
Q29417,A1
Q29418,A1
Q29419,A1
Q29420,A1
Q29421,A1
Q29422,A1
Q29423,A1
Q29424,A1
Q29425,A1
Q29426,A1
Q29427,A1
Q29428,A1
Q29429,A1
Q29430,A1
Q29431,A1
Q29432,A1
Q29433,A1
Q29434,A1
Q29435,A1
Q29436,A1
Q29437,A1
Q29438,A1
Q29439,A1
Q29440,A1
Q29441,A1
Q29442,A1
Q29443,A1
Q29444,A1
Q29445,A1
Q29446,A1
Q29447,A1
Q29448,A1
Q29449,A1
Q29450,A1
Q29451,A1
Q29452,A1
Q29453,A1
Q29454,A1
Q29455,A1
Q29456,A1
Q29457,A1
Q29458,A1
Q29459,A1
Q29460,A1
Q29461,A1
Q29462,A1
Q29463,A1
Q29464,A1
Q29465,A1
Q29466,A1
Q29467,A1
Q29468,A1
Q29469,A1
Q29470,A1
Q29471,A1
Q29472,A1
Q29473,A1
Q29474,A1
Q29475,A1
Q29476,A1
Q29477,A1
Q29478,A1
Q29479,A1
Q29480,A1
Q29481,A1
Q29482,A1
Q29483,A1
Q29484,A1
Q29485,A1
Q29486,A1
Q29487,A1
Q29488,A1
Q29489,A1
Q29490,A1
Q29491,A1
Q29492,A1
Q29493,A1
Q29494,A1
Q29495,A1
Q29496,A1
Q29497,A1
Q29498,A1
Q29499,A1
Q29500,A1
Q29501,A1
Q29502,A1
Q29503,A1
Q29504,A1
Q29505,A1
Q29506,A1
Q29507,A1
Q29508,A1
Q29509,A1
Q29510,A1
Q29511,A1
Q29512,A1
Q29513,A1
Q29514,A1
Q29515,A1
Q29516,A1
Q29517,A1
Q29518,A1
Q29519,A1
Q29520,A1
Q29521,A1
Q29522,A1
Q29523,A1
Q29524,A1
Q29525,A1
Q29526,A1
Q29527,A1
Q29528,A1
Q29529,A1
Q29530,A1
Q29531,A1
Q29532,A1
Q29533,A1
Q29534,A1
Q29535,A1
Q29536,A1
Q29537,A1
Q29538,A1
Q29539,A1
Q29540,A1
Q29541,A1
Q29542,A1
Q29543,A1
Q29544,A1
Q29545,A1
Q29546,A1
Q29547,A1
Q29548,A1
Q29549,A1
Q29550,A1
Q29551,A1
Q29552,A1
Q29553,A1
Q29554,A1
Q29555,A1
Q29556,A1
Q29557,A1
Q29558,A1
Q29559,A1
Q29560,A1
Q29561,A1
Q29562,A1
Q29563,A1
Q29564,A1
Q29565,A1
Q29566,A1
Q29567,A1
Q29568,A1
Q29569,A1
Q29570,A1
Q29571,A1
Q29572,A1
Q29573,A1
Q29574,A1
Q29575,A1
Q29576,A1
Q29577,A1
Q29578,A1
Q29579,A1
Q29580,A1
Q29581,A1
Q29582,A1
Q29583,A1
Q29584,A1
Q29585,A1
Q29586,A1
Q29587,A1
Q29588,A1
Q29589,A1
Q29590,A1
Q29591,A1
Q29592,A1
Q29593,A1
Q29594,A1
Q29595,A1
Q29596,A1
Q29597,A1
Q29598,A1
Q29599,A1
Q29600,A1
Q29601,A1
Q29602,A1
Q29603,A1
Q29604,A1
Q29605,A1
Q29606,A1
Q29607,A1
Q29608,A1
Q29609,A1
Q29610,A1
Q29611,A1
Q29612,A1
Q29613,A1
Q29614,A1
Q29615,A1
Q29616,A1
Q29617,A1
Q29618,A1
Q29619,A1
Q29620,A1
Q29621,A1
Q29622,A1
Q29623,A1
Q29624,A1
Q29625,A1
Q29626,A1
Q29627,A1
Q29628,A1
Q29629,A1
Q29630,A1
Q29631,A1
Q29632,A1
Q29633,A1
Q29634,A1
Q29635,A1
Q29636,A1
Q29637,A1
Q29638,A1
Q29639,A1
Q29640,A1
Q29641,A1
Q29642,A1
Q29643,A1
Q29644,A1
Q29645,A1
Q29646,A1
Q29647,A1
Q29648,A1
Q29649,A1
Q29650,A1
Q29651,A1
Q29652,A1
Q29653,A1
Q29654,A1
Q29655,A1
Q29656,A1
Q29657,A1
Q29658,A1
Q29659,A1
Q29660,A1
Q29661,A1
Q29662,A1
Q29663,A1
Q29664,A1
Q29665,A1
Q29666,A1
Q29667,A1
Q29668,A1
Q29669,A1
Q29670,A1
Q29671,A1
Q29672,A1
Q29673,A1
Q29674,A1
Q29675,A1
Q29676,A1
Q29677,A1
Q29678,A1
Q29679,A1
Q29680,A1
Q29681,A1
Q29682,A1
Q29683,A1
Q29684,A1
Q29685,A1
Q29686,A1
Q29687,A1
Q29688,A1
Q29689,A1
Q29690,A1
Q29691,A1
Q29692,A1
Q29693,A1
Q29694,A1
Q29695,A1
Q29696,A1
Q29697,A1
Q29698,A1
Q29699,A1
Q29700,A1
Q29701,A1
Q29702,A1
Q29703,A1
Q29704,A1
Q29705,A1
Q29706,A1
Q29707,A1
Q29708,A1
Q29709,A1
Q29710,A1
Q29711,A1
Q29712,A1
Q29713,A1
Q29714,A1
Q29715,A1
Q29716,A1
Q29717,A1
Q29718,A1
Q29719,A1
Q29720,A1
Q29721,A1
Q29722,A1
Q29723,A1
Q29724,A1
Q29725,A1
Q29726,A1
Q29727,A1
Q29728,A1
Q29729,A1
Q29730,A1
Q29731,A1
Q29732,A1
Q29733,A1
Q29734,A1
Q29735,A1
Q29736,A1
Q29737,A1
Q29738,A1
Q29739,A1
Q29740,A1
Q29741,A1
Q29742,A1
Q29743,A1
Q29744,A1
Q29745,A1
Q29746,A1
Q29747,A1
Q29748,A1
Q29749,A1
Q29750,A1
Q29751,A1
Q29752,A1
Q29753,A1
Q29754,A1
Q29755,A1
Q29756,A1
Q29757,A1
Q29758,A1
Q29759,A1
Q29760,A1
Q29761,A1
Q29762,A1
Q29763,A1
Q29764,A1
Q29765,A1
Q29766,A1
Q29767,A1
Q29768,A1
Q29769,A1
Q29770,A1
Q29771,A1
Q29772,A1
Q29773,A1
Q29774,A1
Q29775,A1
Q29776,A1
Q29777,A1
Q29778,A1
Q29779,A1
Q29780,A1
Q29781,A1
Q29782,A1
Q29783,A1
Q29784,A1
Q29785,A1
Q29786,A1
Q29787,A1
Q29788,A1
Q29789,A1
Q29790,A1
Q29791,A1
Q29792,A1
Q29793,A1
Q29794,A1
Q29795,A1
Q29796,A1
Q29797,A1
Q29798,A1
Q29799,A1
Q29800,A1
Q29801,A1
Q29802,A1
Q29803,A1
Q29804,A1
Q29805,A1
Q29806,A1
Q29807,A1
Q29808,A1
Q29809,A1
Q29810,A1
Q29811,A1
Q29812,A1
Q29813,A1
Q29814,A1
Q29815,A1
Q29816,A1
Q29817,A1
Q29818,A1
Q29819,A1
Q29820,A1
Q29821,A1
Q29822,A1
Q29823,A1
Q29824,A1
Q29825,A1
Q29826,A1
Q29827,A1
Q29828,A1
Q29829,A1
Q29830,A1
Q29831,A1
Q29832,A1
Q29833,A1
Q29834,A1
Q29835,A1
Q29836,A1
Q29837,A1
Q29838,A1
Q29839,A1
Q29840,A1
Q29841,A1
Q29842,A1
Q29843,A1
Q29844,A1
Q29845,A1
Q29846,A1
Q29847,A1
Q29848,A1
Q29849,A1
Q29850,A1
Q29851,A1
Q29852,A1
Q29853,A1
Q29854,A1
Q29855,A1
Q29856,A1
Q29857,A1
Q29858,A1
Q29859,A1
Q29860,A1
Q29861,A1
Q29862,A1
Q29863,A1
Q29864,A1
Q29865,A1
Q29866,A1
Q29867,A1
Q29868,A1
Q29869,A1
Q29870,A1
Q29871,A1
Q29872,A1
Q29873,A1
Q29874,A1
Q29875,A1
Q29876,A1
Q29877,A1
Q29878,A1
Q29879,A1
Q29880,A1
Q29881,A1
Q29882,A1
Q29883,A1
Q29884,A1
Q29885,A1
Q29886,A1
Q29887,A1
Q29888,A1
Q29889,A1
Q29890,A1
Q29891,A1
Q29892,A1
Q29893,A1
Q29894,A1
Q29895,A1
Q29896,A1
Q29897,A1
Q29898,A1
Q29899,A1
Q29900,A1
Q29901,A1
Q29902,A1
Q29903,A1
Q29904,A1
Q29905,A1
Q29906,A1
Q29907,A1
Q29908,A1
Q29909,A1
Q29910,A1
Q29911,A1
Q29912,A1
Q29913,A1
Q29914,A1
Q29915,A1
Q29916,A1
Q29917,A1
Q29918,A1
Q29919,A1
Q29920,A1
Q29921,A1
Q29922,A1
Q29923,A1
Q29924,A1
Q29925,A1
Q29926,A1
Q29927,A1
Q29928,A1
Q29929,A1
Q29930,A1
Q29931,A1
Q29932,A1
Q29933,A1
Q29934,A1
Q29935,A1
Q29936,A1
Q29937,A1
Q29938,A1
Q29939,A1
Q29940,A1
Q29941,A1
Q29942,A1
Q29943,A1
Q29944,A1
Q29945,A1
Q29946,A1
Q29947,A1
Q29948,A1
Q29949,A1
Q29950,A1
Q29951,A1
Q29952,A1
Q29953,A1
Q29954,A1
Q29955,A1
Q29956,A1
Q29957,A1
Q29958,A1
Q29959,A1
Q29960,A1
Q29961,A1
Q29962,A1
Q29963,A1
Q29964,A1
Q29965,A1
Q29966,A1
Q29967,A1
Q29968,A1
Q29969,A1
Q29970,A1
Q29971,A1
Q29972,A1
Q29973,A1
Q29974,A1
Q29975,A1
Q29976,A1
Q29977,A1
Q29978,A1
Q29979,A1
Q29980,A1
Q29981,A1
Q29982,A1
Q29983,A1
Q29984,A1
Q29985,A1
Q29986,A2
Q29987,A2
Q29988,A2
Q29989,A2
Q29990,A2
Q29991,A2
Q29992,A2
Q29993,A2
Q29994,A2
Q29995,A2
Q29996,A2
Q29997,A2
Q29998,A2
Q29999,A2
Q30000,A2
Q30001,A2
Q30002,A2
Q30003,A2
Q30004,A2
Q30005,A2
Q30006,A2
Q30007,A2
Q30008,A2
Q30009,A2
Q30010,A2
Q30011,A2
Q30012,A2
Q30013,A2
Q30014,A2
Q30015,A2
Q30016,A2
Q30017,A2
Q30018,A2
Q30019,A2
Q30020,A2
Q30021,A2
Q30022,A2
Q30023,A2
Q30024,A2
Q30025,A2
Q30026,A2
Q30027,A2
Q30028,A2
Q30029,A2
Q30030,A2
Q30031,A2
Q30032,A2
Q30033,A2
Q30034,A2
Q30035,A2
Q30036,A2
Q30037,A2
Q30038,A2
Q30039,A2
Q30040,A2
Q30041,A2
Q30042,A2
Q30043,A2
Q30044,A2
Q30045,A2
Q30046,A2
Q30047,A2
Q30048,A2
Q30049,A2
Q30050,A2
Q30051,A2
Q30052,A2
Q30053,A2
Q30054,A2
Q30055,A2
Q30056,A2
Q30057,A2
Q30058,A2
Q30059,A2
Q30060,A2
Q30061,A2
Q30062,A2
Q30063,A2
Q30064,A2
Q30065,A2
Q30066,A2
Q30067,A2
Q30068,A2
Q30069,A2
Q30070,A2
Q30071,A2
Q30072,A2
Q30073,A2
Q30074,A2
Q30075,A2
Q30076,A2
Q30077,A2
Q30078,A2
Q30079,A2
Q30080,A2
Q30081,A2
Q30082,A2
Q30083,A2
Q30084,A2
Q30085,A2
Q30086,A2
Q30087,A2
Q30088,A2
Q30089,A2
Q30090,A2
Q30091,A2
Q30092,A2
Q30093,A2
Q30094,A2
Q30095,A2
Q30096,A2
Q30097,A2
Q30098,A2
Q30099,A2
Q30100,A2
Q30101,A2
Q30102,A2
Q30103,A2
Q30104,A2
Q30105,A2
Q30106,A2
Q30107,A2
Q30108,A2
Q30109,A2
Q30110,A2
Q30111,A2
Q30112,A2
Q30113,A2
Q30114,A2
Q30115,A2
Q30116,A2
Q30117,A2
Q30118,A2
Q30119,A2
Q30120,A2
Q30121,A2
Q30122,A2
Q30123,A2
Q30124,A2
Q30125,A2
Q30126,A2
Q30127,A2
Q30128,A2
Q30129,A2
Q30130,A2
Q30131,A2
Q30132,A2
Q30133,A2
Q30134,A2
Q30135,A2
Q30136,A2
Q30137,A2
Q30138,A2
Q30139,A2
Q30140,A2
Q30141,A2
Q30142,A2
Q30143,A2
Q30144,A2
Q30145,A2
Q30146,A2
Q30147,A2
Q30148,A2
Q30149,A2
Q30150,A2
Q30151,A2
Q30152,A2
Q30153,A2
Q30154,A2
Q30155,A2
Q30156,A2
Q30157,A2
Q30158,A2
Q30159,A2
Q30160,A2
Q30161,A2
Q30162,A2
Q30163,A2
Q30164,A2
Q30165,A2
Q30166,A2
Q30167,A2
Q30168,A2
Q30169,A2
Q30170,A2
Q30171,A2
Q30172,A2
Q30173,A2
Q30174,A2
Q30175,A2
Q30176,A2
Q30177,A2
Q30178,A2
Q30179,A2
Q30180,A2
Q30181,A2
Q30182,A2
Q30183,A2
Q30184,A2
Q30185,A2
Q30186,A2
Q30187,A2
Q30188,A2
Q30189,A2
Q30190,A2
Q30191,A2
Q30192,A2
Q30193,A2
Q30194,A2
Q30195,A2
Q30196,A2
Q30197,A2
Q30198,A2
Q30199,A2
Q30200,A2
Q30201,A2
Q30202,A2
Q30203,A2
Q30204,A2
Q30205,A2
Q30206,A2
Q30207,A2
Q30208,A2
Q30209,A2
Q30210,A2
Q30211,A2
Q30212,A2
Q30213,A2
Q30214,A2
Q30215,A2
Q30216,A2
Q30217,A2
Q30218,A2
Q30219,A2
Q30220,A2
Q30221,A2
Q30222,A2
Q30223,A2
Q30224,A2
Q30225,A2
Q30226,A2
Q30227,A2
Q30228,A2
Q30229,A2
Q30230,A2
Q30231,A2
Q30232,A2
Q30233,A2
Q30234,A2
Q30235,A2
Q30236,A2
Q30237,A2
Q30238,A2
Q30239,A2
Q30240,A2
Q30241,A2
Q30242,A2
Q30243,A2
Q30244,A2
Q30245,A2
Q30246,A2
Q30247,A2
Q30248,A2
Q30249,A2
Q30250,A2
Q30251,A2
Q30252,A2
Q30253,A2
Q30254,A2
Q30255,A2
Q30256,A2
Q30257,A2
Q30258,A2
Q30259,A2
Q30260,A2
Q30261,A2
Q30262,A2
Q30263,A2
Q30264,A2
Q30265,A2
Q30266,A2
Q30267,A2
Q30268,A2
Q30269,A2
Q30270,A2
Q30271,A2
Q30272,A2
Q30273,A2
Q30274,A2
Q30275,A2
Q30276,A2
Q30277,A2
Q30278,A2
Q30279,A2
Q30280,A2
Q30281,A2
Q30282,A2
Q30283,A2
Q30284,A2
Q30285,A2
Q30286,A2
Q30287,A2
Q30288,A2
Q30289,A2
Q30290,A2
Q30291,A2
Q30292,A2
Q30293,A2
Q30294,A2
Q30295,A2
Q30296,A2
Q30297,A2
Q30298,A2
Q30299,A2
Q30300,A2
Q30301,A2
Q30302,A2
Q30303,A2
Q30304,A2
Q30305,A2
Q30306,A2
Q30307,A2
Q30308,A2
Q30309,A2
Q30310,A2
Q30311,A2
Q30312,A2
Q30313,A2
Q30314,A2
Q30315,A2
Q30316,A2
Q30317,A2
Q30318,A2
Q30319,A2
Q30320,A2
Q30321,A2
Q30322,A2
Q30323,A2
Q30324,A2
Q30325,A2
Q30326,A2
Q30327,A2
Q30328,A2
Q30329,A2
Q30330,A2
Q30331,A2
Q30332,A2
Q30333,A2
Q30334,A2
Q30335,A2
Q30336,A2
Q30337,A2
Q30338,A2
Q30339,A2
Q30340,A2
Q30341,A2
Q30342,A2
Q30343,A2
Q30344,A2
Q30345,A2
Q30346,A2
Q30347,A2
Q30348,A2
Q30349,A2
Q30350,A2
Q30351,A2
Q30352,A2
Q30353,A2
Q30354,A2
Q30355,A2
Q30356,A2
Q30357,A2
Q30358,A2
Q30359,A2
Q30360,A2
Q30361,A2
Q30362,A2
Q30363,A2
Q30364,A2
Q30365,A2
Q30366,A2
Q30367,A2
Q30368,A2
Q30369,A2
Q30370,A2
Q30371,A2
Q30372,A2
Q30373,A2
Q30374,A2
Q30375,A2
Q30376,A2
Q30377,A2
Q30378,A2
Q30379,A2
Q30380,A2
Q30381,A2
Q30382,A2
Q30383,A2
Q30384,A2
Q30385,A2
Q30386,A2
Q30387,A2
Q30388,A2
Q30389,A2
Q30390,A2
Q30391,A2
Q30392,A2
Q30393,A2
Q30394,A2
Q30395,A2
Q30396,A2
Q30397,A2
Q30398,A2
Q30399,A2
Q30400,A2
Q30401,A2
Q30402,A2
Q30403,A2
Q30404,A2
Q30405,A2
Q30406,A2
Q30407,A2
Q30408,A2
Q30409,A2
Q30410,A2
Q30411,A2
Q30412,A2
Q30413,A2
Q30414,A2
Q30415,A2
Q30416,A2
Q30417,A2
Q30418,A2
Q30419,A2
Q30420,A2
Q30421,A2
Q30422,A2
Q30423,A2
Q30424,A2
Q30425,A2
Q30426,A2
Q30427,A2
Q30428,A2
Q30429,A2
Q30430,A2
Q30431,A2
Q30432,A2
Q30433,A2
Q30434,A2
Q30435,A2
Q30436,A2
Q30437,A2
Q30438,A2
Q30439,A2
Q30440,A2
Q30441,A2
Q30442,A2
Q30443,A2
Q30444,A2
Q30445,A2
Q30446,A2
Q30447,A2
Q30448,A2
Q30449,A2
Q30450,A2
Q30451,A2
Q30452,A2
Q30453,A2
Q30454,A2
Q30455,A2
Q30456,A2
Q30457,A2
Q30458,A2
Q30459,A2
Q30460,A2
Q30461,A2
Q30462,A2
Q30463,A2
Q30464,A2
Q30465,A2
Q30466,A2
Q30467,A2
Q30468,A2
Q30469,A2
Q30470,A2
Q30471,A2
Q30472,A2
Q30473,A2
Q30474,A0
Q30475,A0
Q30476,A0
Q30477,A0
Q30478,A0
Q30479,A0
Q30480,A0
Q30481,A0
Q30482,A0
Q30483,A0
Q30484,A0
Q30485,A0
Q30486,A0
Q30487,A0
Q30488,A0
Q30489,A0
Q30490,A0
Q30491,A0
Q30492,A0
Q30493,A0
Q30494,A0
Q30495,A0
Q30496,A0
Q30497,A0
Q30498,A0
Q30499,A0
Q30500,A0
Q30501,A0
Q30502,A0
Q30503,A0
Q30504,A0
Q30505,A0
Q30506,A0
Q30507,A0
Q30508,A0
Q30509,A0
Q30510,A0
Q30511,A0
Q30512,A0
Q30513,A0
Q30514,A0
Q30515,A0
Q30516,A0
Q30517,A0
Q30518,A0
Q30519,A0
Q30520,A0
Q30521,A0
Q30522,A0
Q30523,A0
Q30524,A0
Q30525,A0
Q30526,A0
Q30527,A0
Q30528,A0
Q30529,A0
Q30530,A0
Q30531,A0
Q30532,A0
Q30533,A0
Q30534,A0
Q30535,A0
Q30536,A0
Q30537,A0
Q30538,A0
Q30539,A0
Q30540,A0
Q30541,A0
Q30542,A0
Q30543,A0
Q30544,A0
Q30545,A0
Q30546,A0
Q30547,A0
Q30548,A0
Q30549,A0
Q30550,A0
Q30551,A0
Q30552,A0
Q30553,A0
Q30554,A0
Q30555,A0
Q30556,A0
Q30557,A0
Q30558,A0
Q30559,A0
Q30560,A0
Q30561,A0
Q30562,A0
Q30563,A0
Q30564,A0
Q30565,A0
Q30566,A0
Q30567,A0
Q30568,A0
Q30569,A0
Q30570,A0
Q30571,A0
Q30572,A0
Q30573,A0
Q30574,A0
Q30575,A0
Q30576,A0
Q30577,A0
Q30578,A0
Q30579,A0
Q30580,A0
Q30581,A0
Q30582,A0
Q30583,A0
Q30584,A0
Q30585,A0
Q30586,A0
Q30587,A0
Q30588,A0
Q30589,A0
Q30590,A0
Q30591,A0
Q30592,A0
Q30593,A0
Q30594,A0
Q30595,A0
Q30596,A0
Q30597,A0
Q30598,A0
Q30599,A0
Q30600,A0
Q30601,A0
Q30602,A0
Q30603,A0
Q30604,A0
Q30605,A0
Q30606,A0
Q30607,A0
Q30608,A0
Q30609,A0
Q30610,A0
Q30611,A0
Q30612,A0
Q30613,A0
Q30614,A0
Q30615,A0
Q30616,A0
Q30617,A0
Q30618,A0
Q30619,A0
Q30620,A0
Q30621,A0
Q30622,A0
Q30623,A0
Q30624,A0
Q30625,A0
Q30626,A0
Q30627,A0
Q30628,A0
Q30629,A0
Q30630,A0
Q30631,A0
Q30632,A0
Q30633,A0
Q30634,A0
Q30635,A0
Q30636,A0
Q30637,A0
Q30638,A0
Q30639,A0
Q30640,A0
Q30641,A0
Q30642,A0
Q30643,A0
Q30644,A0
Q30645,A0
Q30646,A0
Q30647,A0
Q30648,A0
Q30649,A0
Q30650,A0
Q30651,A0
Q30652,A0
Q30653,A0
Q30654,A0
Q30655,A0
Q30656,A0
Q30657,A0
Q30658,A0
Q30659,A0
Q30660,A0
Q30661,A0
Q30662,A0
Q30663,A0
Q30664,A0
Q30665,A0
Q30666,A0
Q30667,A0
Q30668,A0
Q30669,A0
Q30670,A0
Q30671,A0
Q30672,A0
Q30673,A0
Q30674,A0
Q30675,A0
Q30676,A0
Q30677,A0
Q30678,A0
Q30679,A0
Q30680,A0
Q30681,A0
Q30682,A0
Q30683,A0
Q30684,A0
Q30685,A0
Q30686,A0
Q30687,A0
Q30688,A0
Q30689,A0
Q30690,A0
Q30691,A0
Q30692,A0
Q30693,A0
Q30694,A0
Q30695,A0
Q30696,A0
Q30697,A0
Q30698,A0
Q30699,A0
Q30700,A0
Q30701,A0
Q30702,A0
Q30703,A0
Q30704,A0
Q30705,A0
Q30706,A0
Q30707,A0
Q30708,A0
Q30709,A0
Q30710,A0
Q30711,A0
Q30712,A0
Q30713,A0
Q30714,A0
Q30715,A0
Q30716,A0
Q30717,A0
Q30718,A0
Q30719,A0
Q30720,A0
Q30721,A0
Q30722,A0
Q30723,A0
Q30724,A0
Q30725,A0
Q30726,A0
Q30727,A0
Q30728,A0
Q30729,A0
Q30730,A0
Q30731,A0
Q30732,A0
Q30733,A0
Q30734,A0
Q30735,A0
Q30736,A0
Q30737,A0
Q30738,A0
Q30739,A0
Q30740,A0
Q30741,A0
Q30742,A0
Q30743,A0
Q30744,A0
Q30745,A0
Q30746,A0
Q30747,A0
Q30748,A0
Q30749,A0
Q30750,A0
Q30751,A0
Q30752,A0
Q30753,A0
Q30754,A0
Q30755,A0
Q30756,A0
Q30757,A0
Q30758,A0
Q30759,A0
Q30760,A0
Q30761,A0
Q30762,A0
Q30763,A0
Q30764,A0
Q30765,A0
Q30766,A0
Q30767,A0
Q30768,A0
Q30769,A0
Q30770,A0
Q30771,A0
Q30772,A0
Q30773,A0
Q30774,A0
Q30775,A0
Q30776,A0
Q30777,A0
Q30778,A0
Q30779,A0
Q30780,A0
Q30781,A0
Q30782,A0
Q30783,A0
Q30784,A0
Q30785,A0
Q30786,A0
Q30787,A0
Q30788,A0
Q30789,A0
Q30790,A0
Q30791,A0
Q30792,A0
Q30793,A0
Q30794,A0
Q30795,A0
Q30796,A0
Q30797,A0
Q30798,A0
Q30799,A0
Q30800,A0
Q30801,A0
Q30802,A0
Q30803,A0
Q30804,A0
Q30805,A0
Q30806,A0
Q30807,A0
Q30808,A0
Q30809,A0
Q30810,A0
Q30811,A0
Q30812,A0
Q30813,A0
Q30814,A0
Q30815,A0
Q30816,A0
Q30817,A0
Q30818,A0
Q30819,A0
Q30820,A0
Q30821,A0
Q30822,A0
Q30823,A0
Q30824,A0
Q30825,A0
Q30826,A0
Q30827,A0
Q30828,A0
Q30829,A0
Q30830,A0
Q30831,A0
Q30832,A0
Q30833,A0
Q30834,A0
Q30835,A0
Q30836,A0
Q30837,A0
Q30838,A0
Q30839,A0
Q30840,A0
Q30841,A0
Q30842,A0
Q30843,A0
Q30844,A0
Q30845,A0
Q30846,A0
Q30847,A0
Q30848,A0
Q30849,A0
Q30850,A0
Q30851,A0
Q30852,A0
Q30853,A0
Q30854,A0
Q30855,A0
Q30856,A0
Q30857,A0
Q30858,A0
Q30859,A0
Q30860,A0
Q30861,A0
Q30862,A0
Q30863,A0
Q30864,A0
Q30865,A0
Q30866,A0
Q30867,A0
Q30868,A0
Q30869,A0
Q30870,A0
Q30871,A0
Q30872,A0
Q30873,A0
Q30874,A0
Q30875,A0
Q30876,A0
Q30877,A0
Q30878,A0
Q30879,A0
Q30880,A0
Q30881,A0
Q30882,A0
Q30883,A0
Q30884,A0
Q30885,A0
Q30886,A0
Q30887,A0
Q30888,A0
Q30889,A0
Q30890,A0
Q30891,A0
Q30892,A0
Q30893,A0
Q30894,A0
Q30895,A0
Q30896,A0
Q30897,A0
Q30898,A0
Q30899,A0
Q30900,A0
Q30901,A0
Q30902,A0
Q30903,A0
Q30904,A0
Q30905,A0
Q30906,A0
Q30907,A0
Q30908,A0
Q30909,A0
Q30910,A0
Q30911,A0
Q30912,A0
Q30913,A0
Q30914,A0
Q30915,A0
Q30916,A0
Q30917,A0
Q30918,A0
Q30919,A0
Q30920,A0
Q30921,A0
Q30922,A0
Q30923,A0
Q30924,A0
Q30925,A0
Q30926,A0
Q30927,A0
Q30928,A0
Q30929,A0
Q30930,A0
Q30931,A0
Q30932,A0
Q30933,A0
Q30934,A0
Q30935,A0
Q30936,A0
Q30937,A0
Q30938,A0
Q30939,A0
Q30940,A0
Q30941,A0
Q30942,A0
Q30943,A0
Q30944,A0
Q30945,A0
Q30946,A0
Q30947,A0
Q30948,A0
Q30949,A0
Q30950,A0
Q30951,A0
Q30952,A0
Q30953,A0
Q30954,A0
Q30955,A0
Q30956,A0
Q30957,A0
Q30958,A0
Q30959,A0
Q30960,A0
Q30961,A0
Q30962,A0
Q30963,A0
Q30964,A0
Q30965,A0
Q30966,A0
Q30967,A0
Q30968,A0
Q30969,A0
Q30970,A0
Q30971,A0
Q30972,A0
Q30973,A0
Q30974,A0
Q30975,A0
Q30976,A0
Q30977,A0
Q30978,A0
Q30979,A0
Q30980,A0
Q30981,A0
Q30982,A0
Q30983,A0
Q30984,A0
Q30985,A0
Q30986,A0
Q30987,A0
Q30988,A0
Q30989,A0
Q30990,A0
Q30991,A0
Q30992,A0
Q30993,A0
Q30994,A0
Q30995,A0
Q30996,A0
Q30997,A0
Q30998,A0
Q30999,A0
Q31000,A0
Q31001,A0
Q31002,A0
Q31003,A0
Q31004,A0
Q31005,A0
Q31006,A0
Q31007,A0
Q31008,A0
Q31009,A0
Q31010,A0
Q31011,A0
Q31012,A0
Q31013,A0
Q31014,A0
Q31015,A0
Q31016,A0
Q31017,A0
Q31018,A0
Q31019,A0
Q31020,A0
Q31021,A0
Q31022,A0
Q31023,A0
Q31024,A0
Q31025,A0
Q31026,A0
Q31027,A0
Q31028,A0
Q31029,A0
Q31030,A0
Q31031,A0
Q31032,A0
Q31033,A0
Q31034,A0
Q31035,A0
Q31036,A0
Q31037,A0
Q31038,A0
Q31039,A0
Q31040,A0
Q31041,A0
Q31042,A0
Q31043,A0
Q31044,A0
Q31045,A0
Q31046,A0
Q31047,A0
Q31048,A0
Q31049,A0
Q31050,A0
Q31051,A0
Q31052,A0
Q31053,A0
Q31054,A0
Q31055,A0
Q31056,A0
Q31057,A0
Q31058,A0
Q31059,A0
Q31060,A0
Q31061,A0
Q31062,A0
Q31063,A0
Q31064,A0
Q31065,A0
Q31066,A0
Q31067,A0
Q31068,A0
Q31069,A0
Q31070,A0
Q31071,A0
Q31072,A0
Q31073,A0
Q31074,A0
Q31075,A0
Q31076,A0
Q31077,A0
Q31078,A0
Q31079,A0
Q31080,A0
Q31081,A0
Q31082,A0
Q31083,A0
Q31084,A0
Q31085,A0
Q31086,A0
Q31087,A0
Q31088,A0
Q31089,A0
Q31090,A0
Q31091,A0
Q31092,A0
Q31093,A0
Q31094,A0
Q31095,A0
Q31096,A0
Q31097,A0
Q31098,A0
Q31099,A0
Q31100,A0
Q31101,A0
Q31102,A0
Q31103,A0
Q31104,A0
Q31105,A0
Q31106,A0
Q31107,A0
Q31108,A0
Q31109,A0
Q31110,A0
Q31111,A0
Q31112,A0
Q31113,A0
Q31114,A0
Q31115,A0
Q31116,A0
Q31117,A0
Q31118,A0
Q31119,A0
Q31120,A0
Q31121,A0
Q31122,A0
Q31123,A0
Q31124,A0
Q31125,A0
Q31126,A0
Q31127,A0
Q31128,A0
Q31129,A0
Q31130,A0
Q31131,A0
Q31132,A0
Q31133,A0
Q31134,A0
Q31135,A0
Q31136,A0
Q31137,A0
Q31138,A0
Q31139,A0
Q31140,A0
Q31141,A0
Q31142,A0
Q31143,A0
Q31144,A0
Q31145,A0
Q31146,A0
Q31147,A0
Q31148,A0
Q31149,A0
Q31150,A0
Q31151,A0
Q31152,A0
Q31153,A0
Q31154,A0
Q31155,A0
Q31156,A0
Q31157,A0
Q31158,A0
Q31159,A0
Q31160,A0
Q31161,A0
Q31162,A0
Q31163,A0
Q31164,A0
Q31165,A0
Q31166,A0
Q31167,A0
Q31168,A0
Q31169,A0
Q31170,A0
Q31171,A0
Q31172,A0
Q31173,A0
Q31174,A0
Q31175,A0
Q31176,A0
Q31177,A0
Q31178,A0
Q31179,A0
Q31180,A0
Q31181,A0
Q31182,A0
Q31183,A0
Q31184,A0
Q31185,A0
Q31186,A0
Q31187,A0
Q31188,A0
Q31189,A0
Q31190,A0
Q31191,A0
Q31192,A0
Q31193,A0
Q31194,A0
Q31195,A0
Q31196,A0
Q31197,A0
Q31198,A0
Q31199,A0
Q31200,A0
Q31201,A0
Q31202,A0
Q31203,A0
Q31204,A0
Q31205,A0
Q31206,A0
Q31207,A0
Q31208,A0
Q31209,A0
Q31210,A0
Q31211,A0
Q31212,A0
Q31213,A0
Q31214,A0
Q31215,A0
Q31216,A0
Q31217,A0
Q31218,A0
Q31219,A0
Q31220,A0
Q31221,A0
Q31222,A0
Q31223,A0
Q31224,A0
Q31225,A0
Q31226,A0
Q31227,A0
Q31228,A0
Q31229,A0
Q31230,A0
Q31231,A0
Q31232,A0
Q31233,A0
Q31234,A0
Q31235,A0
Q31236,A0
Q31237,A0
Q31238,A0
Q31239,A0
Q31240,A0
Q31241,A0
Q31242,A0
Q31243,A0
Q31244,A0
Q31245,A0
Q31246,A0
Q31247,A0
Q31248,A0
Q31249,A0
Q31250,A0
Q31251,A0
Q31252,A0
Q31253,A0
Q31254,A0
Q31255,A0
Q31256,A0
Q31257,A0
Q31258,A0
Q31259,A0
Q31260,A0
Q31261,A0
Q31262,A0
Q31263,A0
Q31264,A0
Q31265,A0
Q31266,A0
Q31267,A0
Q31268,A0
Q31269,A0
Q31270,A0
Q31271,A0
Q31272,A0
Q31273,A0
Q31274,A0
Q31275,A0
Q31276,A0
Q31277,A0
Q31278,A0
Q31279,A0
Q31280,A0
Q31281,A0
Q31282,A0
Q31283,A0
Q31284,A0
Q31285,A0
Q31286,A0
Q31287,A0
Q31288,A0
Q31289,A0
Q31290,A0
Q31291,A0
Q31292,A0
Q31293,A0
Q31294,A0
Q31295,A0
Q31296,A0
Q31297,A0
Q31298,A0
Q31299,A0
Q31300,A0
Q31301,A0
Q31302,A0
Q31303,A0
Q31304,A0
Q31305,A0
Q31306,A0
Q31307,A0
Q31308,A0
Q31309,A0
Q31310,A0
Q31311,A0
Q31312,A0
Q31313,A0
Q31314,A0
Q31315,A0
Q31316,A0
Q31317,A0
Q31318,A0
Q31319,A0
Q31320,A0
Q31321,A0
Q31322,A0
Q31323,A0
Q31324,A0
Q31325,A0
Q31326,A0
Q31327,A0
Q31328,A0
Q31329,A0
Q31330,A0
Q31331,A0
Q31332,A0
Q31333,A0
Q31334,A0
Q31335,A0
Q31336,A0
Q31337,A0
Q31338,A0
Q31339,A0
Q31340,A0
Q31341,A0
Q31342,A0
Q31343,A0
Q31344,A0
Q31345,A0
Q31346,A0
Q31347,A0
Q31348,A0
Q31349,A0
Q31350,A0
Q31351,A0
Q31352,A0
Q31353,A0
Q31354,A0
Q31355,A0
Q31356,A0
Q31357,A0
Q31358,A0
Q31359,A0
Q31360,A0
Q31361,A0
Q31362,A0
Q31363,A0
Q31364,A0
Q31365,A0
Q31366,A0
Q31367,A0
Q31368,A0
Q31369,A0
Q31370,A0
Q31371,A0
Q31372,A0
Q31373,A0
Q31374,A0
Q31375,A0
Q31376,A0
Q31377,A0
Q31378,A0
Q31379,A0
Q31380,A0
Q31381,A0
Q31382,A0
Q31383,A0
Q31384,A0
Q31385,A0
Q31386,A0
Q31387,A0
Q31388,A0
Q31389,A0
Q31390,A0
Q31391,A0
Q31392,A0
Q31393,A0
Q31394,A0
Q31395,A0
Q31396,A0
Q31397,A0
Q31398,A0
Q31399,A0
Q31400,A0
Q31401,A0
Q31402,A0
Q31403,A0
Q31404,A0
Q31405,A0
Q31406,A0
Q31407,A0
Q31408,A0
Q31409,A0
Q31410,A0
Q31411,A0
Q31412,A0
Q31413,A0
Q31414,A0
Q31415,A0
Q31416,A0
Q31417,A0
Q31418,A0
Q31419,A0
Q31420,A0
Q31421,A0
Q31422,A0
Q31423,A0
Q31424,A0
Q31425,A0
Q31426,A0
Q31427,A0
Q31428,A0
Q31429,A0
Q31430,A0
Q31431,A0
Q31432,A0
Q31433,A0
Q31434,A0
Q31435,A0
Q31436,A0
Q31437,A0
Q31438,A0
Q31439,A0
Q31440,A0
Q31441,A0
Q31442,A0
Q31443,A0
Q31444,A0
Q31445,A0
Q31446,A0
Q31447,A0
Q31448,A0
Q31449,A0
Q31450,A0
Q31451,A0
Q31452,A0
Q31453,A0
Q31454,A0
Q31455,A0
Q31456,A0
Q31457,A0
Q31458,A0
Q31459,A0
Q31460,A0
Q31461,A0
Q31462,A0
Q31463,A0
Q31464,A0
Q31465,A0
Q31466,A0
Q31467,A0
Q31468,A0
Q31469,A0
Q31470,A0
Q31471,A0
Q31472,A0
Q31473,A0
Q31474,A0
Q31475,A0
Q31476,A0
Q31477,A0
Q31478,A0
Q31479,A0
Q31480,A0
Q31481,A0
Q31482,A0
Q31483,A0
Q31484,A0
Q31485,A0
Q31486,A0
Q31487,A0
Q31488,A0
Q31489,A0
Q31490,A0
Q31491,A0
Q31492,A0
Q31493,A0
Q31494,A0
Q31495,A0
Q31496,A0
Q31497,A0
Q31498,A0
Q31499,A0
Q31500,A0
Q31501,A0
Q31502,A0
Q31503,A0
Q31504,A0
Q31505,A0
Q31506,A0
Q31507,A0
Q31508,A0
Q31509,A0
Q31510,A0
Q31511,A0
Q31512,A0
Q31513,A0
Q31514,A0
Q31515,A0
Q31516,A0
Q31517,A0
Q31518,A0
Q31519,A0
Q31520,A0
Q31521,A0
Q31522,A0
Q31523,A0
Q31524,A0
Q31525,A0
Q31526,A0
Q31527,A0
Q31528,A0
Q31529,A0
Q31530,A0
Q31531,A0
Q31532,A0
Q31533,A0
Q31534,A0
Q31535,A0
Q31536,A0
Q31537,A0
Q31538,A0
Q31539,A0
Q31540,A0
Q31541,A0
Q31542,A0
Q31543,A0
Q31544,A0
Q31545,A0
Q31546,A0
Q31547,A0
Q31548,A0
Q31549,A0
Q31550,A0
Q31551,A0
Q31552,A0
Q31553,A0
Q31554,A0
Q31555,A0
Q31556,A0
Q31557,A0
Q31558,A0
Q31559,A0
Q31560,A0
Q31561,A0
Q31562,A0
Q31563,A0
Q31564,A0
Q31565,A0
Q31566,A0
Q31567,A0
Q31568,A0
Q31569,A0
Q31570,A0
Q31571,A0
Q31572,A0
Q31573,A0
Q31574,A0
Q31575,A0
Q31576,A0
Q31577,A0
Q31578,A0
Q31579,A0
Q31580,A0
Q31581,A0
Q31582,A0
Q31583,A0
Q31584,A0
Q31585,A0
Q31586,A0
Q31587,A0
Q31588,A0
Q31589,A0
Q31590,A0
Q31591,A0
Q31592,A0
Q31593,A0
Q31594,A0
Q31595,A0
Q31596,A0
Q31597,A0
Q31598,A0
Q31599,A0
Q31600,A0
Q31601,A0
Q31602,A0
Q31603,A0
Q31604,A0
Q31605,A0
Q31606,A0
Q31607,A0
Q31608,A0
Q31609,A0
Q31610,A0
Q31611,A0
Q31612,A0
Q31613,A0
Q31614,A0
Q31615,A0
Q31616,A0
Q31617,A0
Q31618,A0
Q31619,A0
Q31620,A0
Q31621,A0
Q31622,A0
Q31623,A0
Q31624,A0
Q31625,A0
Q31626,A0
Q31627,A0
Q31628,A0
Q31629,A0
Q31630,A0
Q31631,A0
Q31632,A0
Q31633,A0
Q31634,A0
Q31635,A0
Q31636,A0
Q31637,A0
Q31638,A0
Q31639,A0
Q31640,A0
Q31641,A0
Q31642,A0
Q31643,A0
Q31644,A0
Q31645,A0
Q31646,A0
Q31647,A0
Q31648,A0
Q31649,A0
Q31650,A0
Q31651,A0
Q31652,A0
Q31653,A0
Q31654,A0
Q31655,A0
Q31656,A0
Q31657,A0
Q31658,A0
Q31659,A0
Q31660,A0
Q31661,A0
Q31662,A0
Q31663,A0
Q31664,A0
Q31665,A0
Q31666,A0
Q31667,A0
Q31668,A0
Q31669,A0
Q31670,A0
Q31671,A0
Q31672,A0
Q31673,A0
Q31674,A0
Q31675,A0
Q31676,A0
Q31677,A0
Q31678,A0
Q31679,A0
Q31680,A0
Q31681,A0
Q31682,A0
Q31683,A0
Q31684,A0
Q31685,A0
Q31686,A0
Q31687,A0
Q31688,A0
Q31689,A0
Q31690,A0
Q31691,A0
Q31692,A0
Q31693,A0
Q31694,A0
Q31695,A0
Q31696,A0
Q31697,A0
Q31698,A0
Q31699,A0
Q31700,A0
Q31701,A0
Q31702,A0
Q31703,A0
Q31704,A0
Q31705,A0
Q31706,A0
Q31707,A0
Q31708,A0
Q31709,A0
Q31710,A0
Q31711,A0
Q31712,A0
Q31713,A0
Q31714,A0
Q31715,A0
Q31716,A0
Q31717,A0
Q31718,A0
Q31719,A0
Q31720,A0
Q31721,A0
Q31722,A0
Q31723,A0
Q31724,A0
Q31725,A0
Q31726,A0
Q31727,A0
Q31728,A0
Q31729,A0
Q31730,A0
Q31731,A0
Q31732,A0
Q31733,A0
Q31734,A0
Q31735,A0
Q31736,A0
Q31737,A0
Q31738,A0
Q31739,A0
Q31740,A0
Q31741,A0
Q31742,A0
Q31743,A0
Q31744,A0
Q31745,A0
Q31746,A0
Q31747,A0
Q31748,A0
Q31749,A0
Q31750,A0
Q31751,A0
Q31752,A0
Q31753,A0
Q31754,A0
Q31755,A0
Q31756,A0
Q31757,A0
Q31758,A0
Q31759,A0
Q31760,A0
Q31761,A0
Q31762,A0
Q31763,A0
Q31764,A0
Q31765,A0
Q31766,A0
Q31767,A0
Q31768,A0
Q31769,A0
Q31770,A0
Q31771,A0
Q31772,A0
Q31773,A0
Q31774,A0
Q31775,A0
Q31776,A0
Q31777,A0
Q31778,A0
Q31779,A0
Q31780,A0
Q31781,A0
Q31782,A0
Q31783,A0
Q31784,A0
Q31785,A0
Q31786,A0
Q31787,A0
Q31788,A0
Q31789,A0
Q31790,A0
Q31791,A0
Q31792,A0
Q31793,A0
Q31794,A0
Q31795,A0
Q31796,A0
Q31797,A0
Q31798,A0
Q31799,A0
Q31800,A0
Q31801,A0
Q31802,A0
Q31803,A0
Q31804,A0
Q31805,A0
Q31806,A0
Q31807,A0
Q31808,A0
Q31809,A0
Q31810,A0
Q31811,A0
Q31812,A0
Q31813,A0
Q31814,A0
Q31815,A0
Q31816,A0
Q31817,A0
Q31818,A0
Q31819,A0
Q31820,A0
Q31821,A0
Q31822,A0
Q31823,A0
Q31824,A0
Q31825,A0
Q31826,A0
Q31827,A0
Q31828,A0
Q31829,A0
Q31830,A0
Q31831,A0
Q31832,A0
Q31833,A0
Q31834,A0
Q31835,A0
Q31836,A0
Q31837,A0
Q31838,A0
Q31839,A0
Q31840,A0
Q31841,A0
Q31842,A0
Q31843,A0
Q31844,A0
Q31845,A0
Q31846,A0
Q31847,A0
Q31848,A0
Q31849,A0
Q31850,A0
Q31851,A0
Q31852,A0
Q31853,A0
Q31854,A0
Q31855,A0
Q31856,A0
Q31857,A0
Q31858,A0
Q31859,A0
Q31860,A0
Q31861,A0
Q31862,A0
Q31863,A0
Q31864,A0
Q31865,A0
Q31866,A0
Q31867,A0
Q31868,A0
Q31869,A0
Q31870,A0
Q31871,A0
Q31872,A0
Q31873,A0
Q31874,A0
Q31875,A0
Q31876,A0
Q31877,A0
Q31878,A0
Q31879,A0
Q31880,A0
Q31881,A0
Q31882,A0
Q31883,A0
Q31884,A0
Q31885,A0
Q31886,A0
Q31887,A0
Q31888,A0
Q31889,A0
Q31890,A0
Q31891,A0
Q31892,A0
Q31893,A0
Q31894,A0
Q31895,A0
Q31896,A0
Q31897,A0
Q31898,A0
Q31899,A0
Q31900,A0
Q31901,A0
Q31902,A0
Q31903,A0
Q31904,A0
Q31905,A0
Q31906,A0
Q31907,A0
Q31908,A0
Q31909,A0
Q31910,A0
Q31911,A0
Q31912,A0
Q31913,A0
Q31914,A0
Q31915,A0
Q31916,A0
Q31917,A0
Q31918,A0
Q31919,A0
Q31920,A0
Q31921,A0
Q31922,A0
Q31923,A0
Q31924,A0
Q31925,A0
Q31926,A0
Q31927,A0
Q31928,A0
Q31929,A0
Q31930,A0
Q31931,A0
Q31932,A0
Q31933,A0
Q31934,A0
Q31935,A0
Q31936,A0
Q31937,A0
Q31938,A0
Q31939,A0
Q31940,A0
Q31941,A0
Q31942,A0
Q31943,A0
Q31944,A0
Q31945,A0
Q31946,A0
Q31947,A0
Q31948,A0
Q31949,A0
Q31950,A0
Q31951,A0
Q31952,A0
Q31953,A0
Q31954,A0
Q31955,A0
Q31956,A0
Q31957,A0
Q31958,A0
Q31959,A0
Q31960,A0
Q31961,A0
Q31962,A0
Q31963,A0
Q31964,A0
Q31965,A0
Q31966,A0
Q31967,A0
Q31968,A0
Q31969,A0
Q31970,A0
Q31971,A0
Q31972,A0
Q31973,A0
Q31974,A0
Q31975,A0
Q31976,A0
Q31977,A0
Q31978,A0
Q31979,A0
Q31980,A0
Q31981,A0
Q31982,A0
Q31983,A0
Q31984,A0
Q31985,A0
Q31986,A0
Q31987,A0
Q31988,A0
Q31989,A0
Q31990,A0
Q31991,A0
Q31992,A0
Q31993,A0
Q31994,A0
Q31995,A0
Q31996,A0
Q31997,A0
Q31998,A0
Q31999,A0
Q32000,A0
Q32001,A0
Q32002,A0
Q32003,A0
Q32004,A0
Q32005,A0
Q32006,A0
Q32007,A0
Q32008,A0
Q32009,A0
Q32010,A0
Q32011,A0
Q32012,A0
Q32013,A0
Q32014,A0
Q32015,A0
Q32016,A0
Q32017,A0
Q32018,A0
Q32019,A0
Q32020,A0
Q32021,A0
Q32022,A0
Q32023,A0
Q32024,A0
Q32025,A0
Q32026,A0
Q32027,A0
Q32028,A0
Q32029,A0
Q32030,A0
Q32031,A0
Q32032,A0
Q32033,A0
Q32034,A0
Q32035,A0
Q32036,A0
Q32037,A0
Q32038,A0
Q32039,A0
Q32040,A0
Q32041,A0
Q32042,A0
Q32043,A0
Q32044,A0
Q32045,A0
Q32046,A0
Q32047,A0
Q32048,A0
Q32049,A0
Q32050,A0
Q32051,A0
Q32052,A0
Q32053,A0
Q32054,A0
Q32055,A0
Q32056,A0
Q32057,A0
Q32058,A0
Q32059,A0
Q32060,A0
Q32061,A0
Q32062,A0
Q32063,A0
Q32064,A0
Q32065,A0
Q32066,A0
Q32067,A0
Q32068,A0
Q32069,A0
Q32070,A0
Q32071,A0
Q32072,A0
Q32073,A0
Q32074,A0
Q32075,A0
Q32076,A0
Q32077,A0
Q32078,A0
Q32079,A0
Q32080,A0
Q32081,A0
Q32082,A0
Q32083,A0
Q32084,A0
Q32085,A0
Q32086,A0
Q32087,A0
Q32088,A0
Q32089,A0
Q32090,A0
Q32091,A0
Q32092,A0
Q32093,A0
Q32094,A0
Q32095,A0
Q32096,A0
Q32097,A0
Q32098,A0
Q32099,A0
Q32100,A0
Q32101,A0
Q32102,A0
Q32103,A0
Q32104,A0
Q32105,A0
Q32106,A0
Q32107,A0
Q32108,A0
Q32109,A0
Q32110,A0
Q32111,A0
Q32112,A0
Q32113,A0
Q32114,A0
Q32115,A0
Q32116,A0
Q32117,A0
Q32118,A0
Q32119,A0
Q32120,A0
Q32121,A0
Q32122,A0
Q32123,A0
Q32124,A0
Q32125,A0
Q32126,A0
Q32127,A0
Q32128,A0
Q32129,A0
Q32130,A0
Q32131,A0
Q32132,A0
Q32133,A0
Q32134,A0
Q32135,A0
Q32136,A0
Q32137,A0
Q32138,A0
Q32139,A0
Q32140,A0
Q32141,A0
Q32142,A0
Q32143,A0
Q32144,A0
Q32145,A0
Q32146,A0
Q32147,A0
Q32148,A0
Q32149,A0
Q32150,A0
Q32151,A0
Q32152,A0
Q32153,A0
Q32154,A0
Q32155,A0
Q32156,A0
Q32157,A0
Q32158,A0
Q32159,A0
Q32160,A0
Q32161,A0
Q32162,A0
Q32163,A0
Q32164,A0
Q32165,A0
Q32166,A0
Q32167,A0
Q32168,A0
Q32169,A0
Q32170,A0
Q32171,A0
Q32172,A0
Q32173,A0
Q32174,A0
Q32175,A0
Q32176,A0
Q32177,A0
Q32178,A0
Q32179,A0
Q32180,A0
Q32181,A0
Q32182,A0
Q32183,A0
Q32184,A0
Q32185,A0
Q32186,A0
Q32187,A0
Q32188,A0
Q32189,A0
Q32190,A0
Q32191,A0
Q32192,A0
Q32193,A0
Q32194,A0
Q32195,A0
Q32196,A0
Q32197,A0
Q32198,A0
Q32199,A0
Q32200,A0
Q32201,A0
Q32202,A0
Q32203,A0
Q32204,A0
Q32205,A0
Q32206,A0
Q32207,A0
Q32208,A0
Q32209,A0
Q32210,A0
Q32211,A0
Q32212,A0
Q32213,A0
Q32214,A0
Q32215,A0
Q32216,A0
Q32217,A0
Q32218,A0
Q32219,A0
Q32220,A0
Q32221,A0
Q32222,A0
Q32223,A0
Q32224,A0
Q32225,A0
Q32226,A0
Q32227,A0
Q32228,A0
Q32229,A0
Q32230,A0
Q32231,A0
Q32232,A0
Q32233,A0
Q32234,A0
Q32235,A0
Q32236,A0
Q32237,A0
Q32238,A0
Q32239,A0
Q32240,A0
Q32241,A0
Q32242,A0
Q32243,A0
Q32244,A0
Q32245,A0
Q32246,A0
Q32247,A0
Q32248,A0
Q32249,A0
Q32250,A0
Q32251,A0
Q32252,A0
Q32253,A0
Q32254,A0
Q32255,A0
Q32256,A0
Q32257,A0
Q32258,A0
Q32259,A0
Q32260,A0
Q32261,A0
Q32262,A0
Q32263,A0
Q32264,A0
Q32265,A0
Q32266,A0
Q32267,A0
Q32268,A0
Q32269,A0
Q32270,A0
Q32271,A0
Q32272,A0
Q32273,A0
Q32274,A0
Q32275,A0
Q32276,A0
Q32277,A0
Q32278,A0
Q32279,A0
Q32280,A0
Q32281,A0
Q32282,A0
Q32283,A0
Q32284,A0
Q32285,A0
Q32286,A0
Q32287,A0
Q32288,A0
Q32289,A0
Q32290,A0
Q32291,A0
Q32292,A0
Q32293,A0
Q32294,A0
Q32295,A0
Q32296,A0
Q32297,A0
Q32298,A0
Q32299,A0
Q32300,A0
Q32301,A0
Q32302,A0
Q32303,A0
Q32304,A0
Q32305,A0
Q32306,A0
Q32307,A0
Q32308,A0
Q32309,A0
Q32310,A0
Q32311,A0
Q32312,A0
Q32313,A0
Q32314,A0
Q32315,A0
Q32316,A0
Q32317,A0
Q32318,A0
Q32319,A0
Q32320,A0
Q32321,A0
Q32322,A0
Q32323,A0
Q32324,A0
Q32325,A0
Q32326,A0
Q32327,A0
Q32328,A0
Q32329,A0
Q32330,A0
Q32331,A0
Q32332,A0
Q32333,A0
Q32334,A0
Q32335,A0
Q32336,A0
Q32337,A0
Q32338,A0
Q32339,A0
Q32340,A0
Q32341,A0
Q32342,A0
Q32343,A0
Q32344,A0
Q32345,A0
Q32346,A0
Q32347,A0
Q32348,A0
Q32349,A0
Q32350,A0
Q32351,A0
Q32352,A0
Q32353,A0
Q32354,A0
Q32355,A0
Q32356,A0
Q32357,A0
Q32358,A0
Q32359,A0
Q32360,A0
Q32361,A0
Q32362,A0
Q32363,A0
Q32364,A0
Q32365,A0
Q32366,A0
Q32367,A0
Q32368,A0
Q32369,A0
Q32370,A0
Q32371,A0
Q32372,A0
Q32373,A0
Q32374,A0
Q32375,A0
Q32376,A0
Q32377,A0
Q32378,A0
Q32379,A0
Q32380,A0
Q32381,A0
Q32382,A0
Q32383,A0
Q32384,A0
Q32385,A0
Q32386,A0
Q32387,A0
Q32388,A0
Q32389,A0
Q32390,A0
Q32391,A0
Q32392,A0
Q32393,A0
Q32394,A0
Q32395,A0
Q32396,A0
Q32397,A0
Q32398,A0
Q32399,A0
Q32400,A0
Q32401,A0
Q32402,A0
Q32403,A0
Q32404,A0
Q32405,A0
Q32406,A0
Q32407,A0
Q32408,A0
Q32409,A0
Q32410,A0
Q32411,A0
Q32412,A0
Q32413,A0
Q32414,A0
Q32415,A0
Q32416,A0
Q32417,A0
Q32418,A0
Q32419,A0
Q32420,A0
Q32421,A0
Q32422,A0
Q32423,A0
Q32424,A0
Q32425,A0
Q32426,A0
Q32427,A0
Q32428,A0
Q32429,A0
Q32430,A0
Q32431,A0
Q32432,A0
Q32433,A0
Q32434,A0
Q32435,A0
Q32436,A0
Q32437,A0
Q32438,A0
Q32439,A0
Q32440,A0
Q32441,A0
Q32442,A0
Q32443,A0
Q32444,A0
Q32445,A0
Q32446,A0
Q32447,A0
Q32448,A0
Q32449,A0
Q32450,A0
Q32451,A0
Q32452,A0
Q32453,A0
Q32454,A0
Q32455,A0
Q32456,A0
Q32457,A0
Q32458,A0
Q32459,A0
Q32460,A0
Q32461,A0
Q32462,A0
Q32463,A0
Q32464,A0
Q32465,A0
Q32466,A0
Q32467,A0
Q32468,A0
Q32469,A0
Q32470,A0
Q32471,A0
Q32472,A0
Q32473,A0
Q32474,A0
Q32475,A0
Q32476,A0
Q32477,A0
Q32478,A0
Q32479,A0
Q32480,A0
Q32481,A0
Q32482,A0
Q32483,A0
Q32484,A0
Q32485,A0
Q32486,A0
Q32487,A0
Q32488,A0
Q32489,A0
Q32490,A0
Q32491,A0
Q32492,A0
Q32493,A0
Q32494,A0
Q32495,A0
Q32496,A0
Q32497,A0
Q32498,A0
Q32499,A0
Q32500,A0
Q32501,A0
Q32502,A0
Q32503,A0
Q32504,A0
Q32505,A0
Q32506,A0
Q32507,A0
Q32508,A0
Q32509,A0
Q32510,A0
Q32511,A0
Q32512,A0
Q32513,A0
Q32514,A0
Q32515,A0
Q32516,A0
Q32517,A0
Q32518,A0
Q32519,A0
Q32520,A0
Q32521,A0
Q32522,A0
Q32523,A0
Q32524,A0
Q32525,A0
Q32526,A0
Q32527,A0
Q32528,A0
Q32529,A0
Q32530,A0
Q32531,A0
Q32532,A0
Q32533,A0
Q32534,A0
Q32535,A0
Q32536,A0
Q32537,A0
Q32538,A0
Q32539,A0
Q32540,A0
Q32541,A0
Q32542,A0
Q32543,A0
Q32544,A0
Q32545,A0
Q32546,A0
Q32547,A0
Q32548,A0
Q32549,A0
Q32550,A0
Q32551,A0
Q32552,A0
Q32553,A0
Q32554,A0
Q32555,A0
Q32556,A0
Q32557,A0
Q32558,A0
Q32559,A0
Q32560,A0
Q32561,A0
Q32562,A0
Q32563,A0
Q32564,A0
Q32565,A0
Q32566,A0
Q32567,A0
Q32568,A0
Q32569,A0
Q32570,A0
Q32571,A0
Q32572,A0
Q32573,A0
Q32574,A0
Q32575,A0
Q32576,A0
Q32577,A0
Q32578,A0
Q32579,A0
Q32580,A0
Q32581,A0
Q32582,A0
Q32583,A0
Q32584,A0
Q32585,A0
Q32586,A0
Q32587,A0
Q32588,A0
Q32589,A0
Q32590,A0
Q32591,A0
Q32592,A0
Q32593,A0
Q32594,A0
Q32595,A0
Q32596,A0
Q32597,A0
Q32598,A0
Q32599,A0
Q32600,A0
Q32601,A0
Q32602,A0
Q32603,A0
Q32604,A0
Q32605,A0
Q32606,A0
Q32607,A0
Q32608,A0
Q32609,A0
Q32610,A0
Q32611,A0
Q32612,A0
Q32613,A0
Q32614,A0
Q32615,A0
Q32616,A0
Q32617,A0
Q32618,A0
Q32619,A0
Q32620,A0
Q32621,A0
Q32622,A0
Q32623,A0
Q32624,A0
Q32625,A0
Q32626,A0
Q32627,A0
Q32628,A0
Q32629,A0
Q32630,A0
Q32631,A0
Q32632,A0
Q32633,A0
Q32634,A0
Q32635,A0
Q32636,A0
Q32637,A0
Q32638,A0
Q32639,A0
Q32640,A0
Q32641,A0
Q32642,A0
Q32643,A0
Q32644,A0
Q32645,A0
Q32646,A0
Q32647,A0
Q32648,A0
Q32649,A0
Q32650,A0
Q32651,A0
Q32652,A0
Q32653,A0
Q32654,A0
Q32655,A0
Q32656,A0
Q32657,A0
Q32658,A0
Q32659,A0
Q32660,A0
Q32661,A0
Q32662,A0
Q32663,A0
Q32664,A0
Q32665,A0
Q32666,A0
Q32667,A0
Q32668,A0
Q32669,A0
Q32670,A0
Q32671,A0
Q32672,A0
Q32673,A0
Q32674,A0
Q32675,A0
Q32676,A0
Q32677,A0
Q32678,A0
Q32679,A0
Q32680,A0
Q32681,A0
Q32682,A0
Q32683,A0
Q32684,A0
Q32685,A0
Q32686,A0
Q32687,A0
Q32688,A0
Q32689,A0
Q32690,A0
Q32691,A0
Q32692,A0
Q32693,A0
Q32694,A0
Q32695,A0
Q32696,A0
Q32697,A0
Q32698,A0
Q32699,A0
Q32700,A0
Q32701,A0
Q32702,A0
Q32703,A0
Q32704,A0
Q32705,A0
Q32706,A0
Q32707,A0
Q32708,A0
Q32709,A0
Q32710,A0
Q32711,A0
Q32712,A0
Q32713,A0
Q32714,A0
Q32715,A0
Q32716,A0
Q32717,A0
Q32718,A0
Q32719,A0
Q32720,A0
Q32721,A0
Q32722,A0
Q32723,A0
Q32724,A0
Q32725,A0
Q32726,A0
Q32727,A0
Q32728,A0
Q32729,A0
Q32730,A0
Q32731,A0
Q32732,A0
Q32733,A0
Q32734,A0
Q32735,A0
Q32736,A0
Q32737,A0
Q32738,A0
Q32739,A0
Q32740,A0
Q32741,A0
Q32742,A0
Q32743,A0
Q32744,A0
Q32745,A0
Q32746,A0
Q32747,A0
Q32748,A0
Q32749,A0
Q32750,A0
Q32751,A0
Q32752,A0
Q32753,A0
Q32754,A0
Q32755,A0
Q32756,A0
Q32757,A0
Q32758,A0
Q32759,A0
Q32760,A0
Q32761,A0
Q32762,A0
Q32763,A0
Q32764,A0
Q32765,A0
Q32766,A0
Q32767,A0
Q32768,A0
Q32769,A0
Q32770,A0
Q32771,A0
Q32772,A0
Q32773,A0
Q32774,A0
Q32775,A0
Q32776,A0
Q32777,A0
Q32778,A0
Q32779,A0
Q32780,A0
Q32781,A0
Q32782,A0
Q32783,A0
Q32784,A0
Q32785,A0
Q32786,A0
Q32787,A0
Q32788,A0
Q32789,A0
Q32790,A0
Q32791,A0
Q32792,A0
Q32793,A0
Q32794,A0
Q32795,A0
Q32796,A0
Q32797,A0
Q32798,A0
Q32799,A0
Q32800,A0
Q32801,A0
Q32802,A0
Q32803,A0
Q32804,A0
Q32805,A0
Q32806,A0
Q32807,A0
Q32808,A0
Q32809,A0
Q32810,A0
Q32811,A0
Q32812,A0
Q32813,A0
Q32814,A0
Q32815,A0
Q32816,A0
Q32817,A0
Q32818,A0
Q32819,A0
Q32820,A0
Q32821,A0
Q32822,A0
Q32823,A0
Q32824,A0
Q32825,A0
Q32826,A0
Q32827,A0
Q32828,A0
Q32829,A0
Q32830,A0
Q32831,A0
Q32832,A0
Q32833,A0
Q32834,A0
Q32835,A0
Q32836,A0
Q32837,A0
Q32838,A0
Q32839,A0
Q32840,A0
Q32841,A0
Q32842,A0
Q32843,A0
Q32844,A0
Q32845,A0
Q32846,A0
Q32847,A0
Q32848,A0
Q32849,A0
Q32850,A0
Q32851,A0
Q32852,A0
Q32853,A0
Q32854,A0
Q32855,A0
Q32856,A0
Q32857,A0
Q32858,A0
Q32859,A0
Q32860,A0
Q32861,A0
Q32862,A0
Q32863,A0
Q32864,A0
Q32865,A0
Q32866,A0
Q32867,A0
Q32868,A0
Q32869,A0
Q32870,A0
Q32871,A0
Q32872,A0
Q32873,A0
Q32874,A0
Q32875,A0
Q32876,A0
Q32877,A0
Q32878,A0
Q32879,A0
Q32880,A0
Q32881,A0
Q32882,A0
Q32883,A0
Q32884,A0
Q32885,A0
Q32886,A0
Q32887,A0
Q32888,A0
Q32889,A0
Q32890,A0
Q32891,A0
Q32892,A0
Q32893,A0
Q32894,A0
Q32895,A0
Q32896,A0
Q32897,A0
Q32898,A0
Q32899,A0
Q32900,A0
Q32901,A0
Q32902,A0
Q32903,A0
Q32904,A0
Q32905,A0
Q32906,A0
Q32907,A0
Q32908,A0
Q32909,A0
Q32910,A0
Q32911,A0
Q32912,A0
Q32913,A0
Q32914,A0
Q32915,A0
Q32916,A0
Q32917,A0
Q32918,A0
Q32919,A0
Q32920,A0
Q32921,A0
Q32922,A0
Q32923,A0
Q32924,A0
Q32925,A0
Q32926,A0
Q32927,A0
Q32928,A0
Q32929,A0
Q32930,A0
Q32931,A0
Q32932,A0
Q32933,A0
Q32934,A0
Q32935,A0
Q32936,A0
Q32937,A0
Q32938,A0
Q32939,A0
Q32940,A0
Q32941,A0
Q32942,A0
Q32943,A0
Q32944,A0
Q32945,A0
Q32946,A0
Q32947,A0
Q32948,A0
Q32949,A0
Q32950,A0
Q32951,A0
Q32952,A0
Q32953,A0
Q32954,A0
Q32955,A0
Q32956,A0
Q32957,A0
Q32958,A0
Q32959,A0
Q32960,A0
Q32961,A0
Q32962,A0
Q32963,A0
Q32964,A0
Q32965,A0
Q32966,A0
Q32967,A0
Q32968,A0
Q32969,A0
Q32970,A0
Q32971,A0
Q32972,A0
Q32973,A0
Q32974,A0
Q32975,A0
Q32976,A0
Q32977,A0
Q32978,A0
Q32979,A0
Q32980,A0
Q32981,A0
Q32982,A0
Q32983,A0
Q32984,A0
Q32985,A0
Q32986,A0
Q32987,A0
Q32988,A0
Q32989,A0
Q32990,A0
Q32991,A0
Q32992,A0
Q32993,A0
Q32994,A0
Q32995,A0
Q32996,A0
Q32997,A0
Q32998,A0
Q32999,A0
Q33000,A0
Q33001,A0
Q33002,A0
Q33003,A0
Q33004,A0
Q33005,A0
Q33006,A0
Q33007,A0
Q33008,A0
Q33009,A0
Q33010,A0
Q33011,A0
Q33012,A0
Q33013,A0
Q33014,A0
Q33015,A0
Q33016,A0
Q33017,A0
Q33018,A0
Q33019,A0
Q33020,A0
Q33021,A0
Q33022,A0
Q33023,A0
Q33024,A0
Q33025,A0
Q33026,A0
Q33027,A0
Q33028,A0
Q33029,A0
Q33030,A0
Q33031,A0
Q33032,A0
Q33033,A0
Q33034,A0
Q33035,A0
Q33036,A0
Q33037,A0
Q33038,A0
Q33039,A0
Q33040,A0
Q33041,A0
Q33042,A0
Q33043,A0
Q33044,A0
Q33045,A0
Q33046,A0
Q33047,A0
Q33048,A0
Q33049,A0
Q33050,A0
Q33051,A0
Q33052,A0
Q33053,A0
Q33054,A0
Q33055,A0
Q33056,A0
Q33057,A0
Q33058,A0
Q33059,A0
Q33060,A0
Q33061,A0
Q33062,A0
Q33063,A0
Q33064,A0
Q33065,A0
Q33066,A0
Q33067,A0
Q33068,A0
Q33069,A0
Q33070,A0
Q33071,A0
Q33072,A0
Q33073,A0
Q33074,A0
Q33075,A0
Q33076,A0
Q33077,A0
Q33078,A0
Q33079,A0
Q33080,A0
Q33081,A0
Q33082,A0
Q33083,A0
Q33084,A0
Q33085,A0
Q33086,A0
Q33087,A0
Q33088,A0
Q33089,A0
Q33090,A0
Q33091,A0
Q33092,A0
Q33093,A0
Q33094,A0
Q33095,A0
Q33096,A0
Q33097,A0
Q33098,A0
Q33099,A0
Q33100,A0
Q33101,A0
Q33102,A0
Q33103,A0
Q33104,A0
Q33105,A0
Q33106,A0
Q33107,A0
Q33108,A0
Q33109,A0
Q33110,A0
Q33111,A0
Q33112,A0
Q33113,A0
Q33114,A0
Q33115,A0
Q33116,A0
Q33117,A0
Q33118,A0
Q33119,A0
Q33120,A0
Q33121,A0
Q33122,A0
Q33123,A0
Q33124,A0
Q33125,A0
Q33126,A0
Q33127,A0
Q33128,A0
Q33129,A0
Q33130,A0
Q33131,A0
Q33132,A0
Q33133,A0
Q33134,A0
Q33135,A0
Q33136,A0
Q33137,A0
Q33138,A0
Q33139,A0
Q33140,A0
Q33141,A0
Q33142,A0
Q33143,A0
Q33144,A0
Q33145,A0
Q33146,A0
Q33147,A0
Q33148,A0
Q33149,A0
Q33150,A0
Q33151,A0
Q33152,A0
Q33153,A0
Q33154,A0
Q33155,A0
Q33156,A0
Q33157,A0
Q33158,A0
Q33159,A0
Q33160,A0
Q33161,A0
Q33162,A0
Q33163,A0
Q33164,A0
Q33165,A0
Q33166,A0
Q33167,A0
Q33168,A0
Q33169,A0
Q33170,A0
Q33171,A0
Q33172,A0
Q33173,A0
Q33174,A0
Q33175,A0
Q33176,A0
Q33177,A0
Q33178,A0
Q33179,A0
Q33180,A0
Q33181,A0
Q33182,A0
Q33183,A0
Q33184,A0
Q33185,A0
Q33186,A0
Q33187,A0
Q33188,A0
Q33189,A0
Q33190,A0
Q33191,A0
Q33192,A0
Q33193,A0
Q33194,A0
Q33195,A0
Q33196,A0
Q33197,A0
Q33198,A0
Q33199,A0
Q33200,A0
Q33201,A0
Q33202,A0
Q33203,A0
Q33204,A0
Q33205,A0
Q33206,A0
Q33207,A0
Q33208,A0
Q33209,A0
Q33210,A0
Q33211,A0
Q33212,A0
Q33213,A0
Q33214,A0
Q33215,A0
Q33216,A0
Q33217,A0
Q33218,A0
Q33219,A0
Q33220,A0
Q33221,A0
Q33222,A0
Q33223,A0
Q33224,A0
Q33225,A0
Q33226,A0
Q33227,A0
Q33228,A0
Q33229,A0
Q33230,A0
Q33231,A0
Q33232,A0
Q33233,A0
Q33234,A0
Q33235,A0
Q33236,A0
Q33237,A0
Q33238,A0
Q33239,A0
Q33240,A0
Q33241,A0
Q33242,A0
Q33243,A0
Q33244,A0
Q33245,A0
Q33246,A0
Q33247,A0
Q33248,A0
Q33249,A0
Q33250,A0
Q33251,A0
Q33252,A0
Q33253,A0
Q33254,A0
Q33255,A0
Q33256,A0
Q33257,A0
Q33258,A0
Q33259,A0
Q33260,A0
Q33261,A0
Q33262,A0
Q33263,A0
Q33264,A0
Q33265,A0
Q33266,A0
Q33267,A0
Q33268,A0
Q33269,A0
Q33270,A0
Q33271,A0
Q33272,A0
Q33273,A0
Q33274,A0
Q33275,A0
Q33276,A0
Q33277,A0
Q33278,A0
Q33279,A0
Q33280,A0
Q33281,A0
Q33282,A0
Q33283,A0
Q33284,A0
Q33285,A0
Q33286,A0
Q33287,A0
Q33288,A0
Q33289,A0
Q33290,A0
Q33291,A0
Q33292,A0
Q33293,A0
Q33294,A0
Q33295,A0
Q33296,A0
Q33297,A0
Q33298,A0
Q33299,A0
Q33300,A0
Q33301,A0
Q33302,A0
Q33303,A0
Q33304,A0
Q33305,A0
Q33306,A0
Q33307,A0
Q33308,A0
Q33309,A0
Q33310,A0
Q33311,A0
Q33312,A0
Q33313,A0
Q33314,A0
Q33315,A0
Q33316,A0
Q33317,A0
Q33318,A0
Q33319,A0
Q33320,A0
Q33321,A0
Q33322,A0
Q33323,A0
Q33324,A0
Q33325,A0
Q33326,A0
Q33327,A0
Q33328,A0
Q33329,A0
Q33330,A0
Q33331,A0
Q33332,A0
Q33333,A0
Q33334,A0
Q33335,A0
Q33336,A0
Q33337,A0
Q33338,A0
Q33339,A0
Q33340,A0
Q33341,A0
Q33342,A0
Q33343,A0
Q33344,A0
Q33345,A0
Q33346,A0
Q33347,A0
Q33348,A0
Q33349,A0
Q33350,A0
Q33351,A0
Q33352,A0
Q33353,A0
Q33354,A0
Q33355,A0
Q33356,A0
Q33357,A0
Q33358,A0
Q33359,A0
Q33360,A0
Q33361,A0
Q33362,A0
Q33363,A0
Q33364,A0
Q33365,A0
Q33366,A0
Q33367,A0
Q33368,A0
Q33369,A0
Q33370,A0
Q33371,A0
Q33372,A0
Q33373,A0
Q33374,A0
Q33375,A0
Q33376,A0
Q33377,A0
Q33378,A0
Q33379,A0
Q33380,A0
Q33381,A0
Q33382,A0
Q33383,A0
Q33384,A0
Q33385,A0
Q33386,A0
Q33387,A0
Q33388,A0
Q33389,A0
Q33390,A0
Q33391,A0
Q33392,A0
Q33393,A0
Q33394,A0
Q33395,A0
Q33396,A0
Q33397,A0
Q33398,A0
Q33399,A0
Q33400,A0
Q33401,A0
Q33402,A0
Q33403,A0
Q33404,A0
Q33405,A0
Q33406,A0
Q33407,A0
Q33408,A0
Q33409,A0
Q33410,A0
Q33411,A0
Q33412,A0
Q33413,A0
Q33414,A0
Q33415,A0
Q33416,A0
Q33417,A0
Q33418,A0
Q33419,A0
Q33420,A0
Q33421,A0
Q33422,A0
Q33423,A0
Q33424,A0
Q33425,A0
Q33426,A0
Q33427,A0
Q33428,A0
Q33429,A0
Q33430,A0
Q33431,A0
Q33432,A0
Q33433,A0
Q33434,A0
Q33435,A0
Q33436,A0
Q33437,A0
Q33438,A0
Q33439,A0
Q33440,A0
Q33441,A0
Q33442,A0
Q33443,A0
Q33444,A0
Q33445,A0
Q33446,A0
Q33447,A0
Q33448,A0
Q33449,A0
Q33450,A0
Q33451,A0
Q33452,A0
Q33453,A0
Q33454,A0
Q33455,A0
Q33456,A0
Q33457,A0
Q33458,A0
Q33459,A0
Q33460,A0
Q33461,A0
Q33462,A0
Q33463,A0
Q33464,A0
Q33465,A0
Q33466,A0
Q33467,A0
Q33468,A0
Q33469,A0
Q33470,A0
Q33471,A0
Q33472,A0
Q33473,A0
Q33474,A0
Q33475,A0
Q33476,A0
Q33477,A0
Q33478,A0
Q33479,A0
Q33480,A0
Q33481,A0
Q33482,A0
Q33483,A0
Q33484,A0
Q33485,A0
Q33486,A0
Q33487,A0
Q33488,A0
Q33489,A0
Q33490,A0
Q33491,A0
Q33492,A0
Q33493,A0
Q33494,A0
Q33495,A0
Q33496,A0
Q33497,A0
Q33498,A0
Q33499,A0
Q33500,A0
Q33501,A0
Q33502,A0
Q33503,A0
Q33504,A0
Q33505,A0
Q33506,A0
Q33507,A0
Q33508,A0
Q33509,A0
Q33510,A0
Q33511,A0
Q33512,A0
Q33513,A0
Q33514,A0
Q33515,A0
Q33516,A0
Q33517,A0
Q33518,A0
Q33519,A0
Q33520,A0
Q33521,A0
Q33522,A0
Q33523,A0
Q33524,A0
Q33525,A0
Q33526,A0
Q33527,A0
Q33528,A0
Q33529,A0
Q33530,A0
Q33531,A0
Q33532,A0
Q33533,A0
Q33534,A0
Q33535,A0
Q33536,A0
Q33537,A0
Q33538,A0
Q33539,A0
Q33540,A0
Q33541,A0
Q33542,A0
Q33543,A0
Q33544,A0
Q33545,A0
Q33546,A0
Q33547,A0
Q33548,A0
Q33549,A0
Q33550,A0
Q33551,A0
Q33552,A0
Q33553,A0
Q33554,A0
Q33555,A0
Q33556,A0
Q33557,A0
Q33558,A0
Q33559,A0
Q33560,A0
Q33561,A0
Q33562,A0
Q33563,A0
Q33564,A0
Q33565,A0
Q33566,A0
Q33567,A0
Q33568,A0
Q33569,A0
Q33570,A0
Q33571,A0
Q33572,A0
Q33573,A0
Q33574,A0
Q33575,A0
Q33576,A0
Q33577,A0
Q33578,A0
Q33579,A0
Q33580,A0
Q33581,A0
Q33582,A0
Q33583,A0
Q33584,A0
Q33585,A0
Q33586,A0
Q33587,A0
Q33588,A0
Q33589,A0
Q33590,A0
Q33591,A0
Q33592,A0
Q33593,A0
Q33594,A0
Q33595,A0
Q33596,A0
Q33597,A0
Q33598,A0
Q33599,A0
Q33600,A0
Q33601,A0
Q33602,A0
Q33603,A0
Q33604,A0
Q33605,A0
Q33606,A0
Q33607,A0
Q33608,A0
Q33609,A0
Q33610,A0
Q33611,A0
Q33612,A0
Q33613,A0
Q33614,A0
Q33615,A0
Q33616,A0
Q33617,A0
Q33618,A0
Q33619,A0
Q33620,A0
Q33621,A0
Q33622,A0
Q33623,A0
Q33624,A0
Q33625,A0
Q33626,A0
Q33627,A0
Q33628,A0
Q33629,A0
Q33630,A0
Q33631,A0
Q33632,A0
Q33633,A0
Q33634,A0
Q33635,A0
Q33636,A0
Q33637,A0
Q33638,A0
Q33639,A0
Q33640,A0
Q33641,A0
Q33642,A0
Q33643,A0
Q33644,A0
Q33645,A0
Q33646,A0
Q33647,A0
Q33648,A0
Q33649,A0
Q33650,A0
Q33651,A0
Q33652,A0
Q33653,A0
Q33654,A0
Q33655,A0
Q33656,A0
Q33657,A0
Q33658,A0
Q33659,A0
Q33660,A0
Q33661,A0
Q33662,A0
Q33663,A0
Q33664,A0
Q33665,A0
Q33666,A0
Q33667,A0
Q33668,A0
Q33669,A0
Q33670,A0
Q33671,A0
Q33672,A0
Q33673,A0
Q33674,A0
Q33675,A0
Q33676,A0
Q33677,A0
Q33678,A0
Q33679,A0
Q33680,A0
Q33681,A0
Q33682,A0
Q33683,A0
Q33684,A0
Q33685,A0
Q33686,A0
Q33687,A0
Q33688,A0
Q33689,A0
Q33690,A0
Q33691,A0
Q33692,A0
Q33693,A0
Q33694,A0
Q33695,A0
Q33696,A0
Q33697,A0
Q33698,A0
Q33699,A0
Q33700,A0
Q33701,A0
Q33702,A0
Q33703,A0
Q33704,A0
Q33705,A0
Q33706,A0
Q33707,A0
Q33708,A0
Q33709,A0
Q33710,A0
Q33711,A0
Q33712,A0
Q33713,A0
Q33714,A0
Q33715,A0
Q33716,A0
Q33717,A0
Q33718,A0
Q33719,A0
Q33720,A0
Q33721,A0
Q33722,A0
Q33723,A0
Q33724,A0
Q33725,A0
Q33726,A0
Q33727,A0
Q33728,A0
Q33729,A0
Q33730,A0
Q33731,A0
Q33732,A0
Q33733,A0
Q33734,A0
Q33735,A0
Q33736,A0
Q33737,A0
Q33738,A0
Q33739,A0
Q33740,A0
Q33741,A0
Q33742,A0
Q33743,A0
Q33744,A0
Q33745,A0
Q33746,A0
Q33747,A0
Q33748,A0
Q33749,A0
Q33750,A0
Q33751,A0
Q33752,A0
Q33753,A0
Q33754,A0
Q33755,A0
Q33756,A0
Q33757,A0
Q33758,A0
Q33759,A0
Q33760,A0
Q33761,A0
Q33762,A0
Q33763,A0
Q33764,A0
Q33765,A0
Q33766,A0
Q33767,A0
Q33768,A0
Q33769,A0
Q33770,A0
Q33771,A0
Q33772,A0
Q33773,A0
Q33774,A0
Q33775,A0
Q33776,A0
Q33777,A0
Q33778,A0
Q33779,A0
Q33780,A0
Q33781,A0
Q33782,A0
Q33783,A0
Q33784,A0
Q33785,A0
Q33786,A0
Q33787,A0
Q33788,A0
Q33789,A0
Q33790,A0
Q33791,A0
Q33792,A0
Q33793,A0
Q33794,A0
Q33795,A0
Q33796,A0
Q33797,A0
Q33798,A0
Q33799,A0
Q33800,A0
Q33801,A0
Q33802,A0
Q33803,A0
Q33804,A0
Q33805,A0
Q33806,A0
Q33807,A0
Q33808,A0
Q33809,A0
Q33810,A0
Q33811,A0
Q33812,A0
Q33813,A0
Q33814,A0
Q33815,A0
Q33816,A0
Q33817,A0
Q33818,A0
Q33819,A0
Q33820,A0
Q33821,A0
Q33822,A0
Q33823,A0
Q33824,A0
Q33825,A0
Q33826,A0
Q33827,A0
Q33828,A0
Q33829,A0
Q33830,A0
Q33831,A0
Q33832,A0
Q33833,A0
Q33834,A0
Q33835,A0
Q33836,A0
Q33837,A0
Q33838,A0
Q33839,A0
Q33840,A0
Q33841,A0
Q33842,A0
Q33843,A0
Q33844,A0
Q33845,A0
Q33846,A0
Q33847,A0
Q33848,A0
Q33849,A0
Q33850,A0
Q33851,A0
Q33852,A0
Q33853,A0
Q33854,A0
Q33855,A0
Q33856,A0
Q33857,A0
Q33858,A0
Q33859,A0
Q33860,A0
Q33861,A0
Q33862,A0
Q33863,A0
Q33864,A0
Q33865,A0
Q33866,A0
Q33867,A0
Q33868,A0
Q33869,A0
Q33870,A0
Q33871,A0
Q33872,A0
Q33873,A0
Q33874,A0
Q33875,A0
Q33876,A0
Q33877,A0
Q33878,A0
Q33879,A0
Q33880,A0
Q33881,A0
Q33882,A0
Q33883,A0
Q33884,A0
Q33885,A0
Q33886,A0
Q33887,A0
Q33888,A0
Q33889,A0
Q33890,A0
Q33891,A0
Q33892,A0
Q33893,A0
Q33894,A0
Q33895,A0
Q33896,A0
Q33897,A0
Q33898,A0
Q33899,A0
Q33900,A0
Q33901,A0
Q33902,A0
Q33903,A0
Q33904,A0
Q33905,A0
Q33906,A0
Q33907,A0
Q33908,A0
Q33909,A0
Q33910,A0
Q33911,A0
Q33912,A0
Q33913,A0
Q33914,A0
Q33915,A0
Q33916,A0
Q33917,A0
Q33918,A0
Q33919,A0
Q33920,A0
Q33921,A0
Q33922,A0
Q33923,A0
Q33924,A0
Q33925,A0
Q33926,A0
Q33927,A0
Q33928,A0
Q33929,A0
Q33930,A0
Q33931,A0
Q33932,A0
Q33933,A0
Q33934,A0
Q33935,A0
Q33936,A0
Q33937,A0
Q33938,A0
Q33939,A0
Q33940,A0
Q33941,A0
Q33942,A0
Q33943,A0
Q33944,A0
Q33945,A0
Q33946,A0
Q33947,A0
Q33948,A0
Q33949,A0
Q33950,A0
Q33951,A0
Q33952,A0
Q33953,A0
Q33954,A0
Q33955,A0
Q33956,A0
Q33957,A0
Q33958,A0
Q33959,A0
Q33960,A0
Q33961,A0
Q33962,A0
Q33963,A0
Q33964,A0
Q33965,A0
Q33966,A0
Q33967,A0
Q33968,A0
Q33969,A0
Q33970,A0
Q33971,A0
Q33972,A0
Q33973,A0
Q33974,A0
Q33975,A0
Q33976,A0
Q33977,A0
Q33978,A0
Q33979,A0
Q33980,A0
Q33981,A0
Q33982,A0
Q33983,A0
Q33984,A0
Q33985,A0
Q33986,A0
Q33987,A0
Q33988,A0
Q33989,A0
Q33990,A0
Q33991,A0
Q33992,A0
Q33993,A0
Q33994,A0
Q33995,A0
Q33996,A0
Q33997,A0
Q33998,A0
Q33999,A0
Q34000,A0
Q34001,A0
Q34002,A0
Q34003,A0
Q34004,A0
Q34005,A0
Q34006,A0
Q34007,A0
Q34008,A0
Q34009,A0
Q34010,A0
Q34011,A0
Q34012,A0
Q34013,A0
Q34014,A0
Q34015,A0
Q34016,A0
Q34017,A0
Q34018,A0
Q34019,A0
Q34020,A0
Q34021,A0
Q34022,A0
Q34023,A0
Q34024,A0
Q34025,A0
Q34026,A0
Q34027,A0
Q34028,A0
Q34029,A0
Q34030,A0
Q34031,A0
Q34032,A0
Q34033,A0
Q34034,A0
Q34035,A0
Q34036,A0
Q34037,A0
Q34038,A0
Q34039,A0
Q34040,A0
Q34041,A0
Q34042,A0
Q34043,A0
Q34044,A0
Q34045,A0
Q34046,A0
Q34047,A0
Q34048,A0
Q34049,A0
Q34050,A0
Q34051,A0
Q34052,A0
Q34053,A0
Q34054,A0
Q34055,A0
Q34056,A0
Q34057,A0
Q34058,A0
Q34059,A0
Q34060,A0
Q34061,A0
Q34062,A0
Q34063,A0
Q34064,A0
Q34065,A0
Q34066,A0
Q34067,A0
Q34068,A0
Q34069,A0
Q34070,A0
Q34071,A0
Q34072,A0
Q34073,A0
Q34074,A0
Q34075,A0
Q34076,A0
Q34077,A0
Q34078,A0
Q34079,A0
Q34080,A0
Q34081,A0
Q34082,A0
Q34083,A0
Q34084,A0
Q34085,A0
Q34086,A0
Q34087,A0
Q34088,A0
Q34089,A0
Q34090,A0
Q34091,A0
Q34092,A0
Q34093,A0
Q34094,A0
Q34095,A0
Q34096,A0
Q34097,A0
Q34098,A0
Q34099,A0
Q34100,A0
Q34101,A0
Q34102,A0
Q34103,A0
Q34104,A0
Q34105,A0
Q34106,A0
Q34107,A0
Q34108,A0
Q34109,A1
Q34110,A1
Q34111,A1
Q34112,A1
Q34113,A1
Q34114,A1
Q34115,A1
Q34116,A1
Q34117,A1
Q34118,A1
Q34119,A1
Q34120,A1
Q34121,A1
Q34122,A1
Q34123,A1
Q34124,A1
Q34125,A1
Q34126,A1
Q34127,A1
Q34128,A1
Q34129,A1
Q34130,A1
Q34131,A1
Q34132,A1
Q34133,A1
Q34134,A1
Q34135,A1
Q34136,A1
Q34137,A1
Q34138,A1
Q34139,A1
Q34140,A1
Q34141,A1
Q34142,A1
Q34143,A1
Q34144,A1
Q34145,A1
Q34146,A1
Q34147,A1
Q34148,A1
Q34149,A1
Q34150,A1
Q34151,A1
Q34152,A1
Q34153,A1
Q34154,A1
Q34155,A1
Q34156,A1
Q34157,A1
Q34158,A1
Q34159,A1
Q34160,A1
Q34161,A1
Q34162,A1
Q34163,A1
Q34164,A1
Q34165,A1
Q34166,A1
Q34167,A1
Q34168,A1
Q34169,A1
Q34170,A1
Q34171,A1
Q34172,A1
Q34173,A1
Q34174,A1
Q34175,A1
Q34176,A1
Q34177,A1
Q34178,A1
Q34179,A1
Q34180,A1
Q34181,A1
Q34182,A1
Q34183,A1
Q34184,A1
Q34185,A1
Q34186,A1
Q34187,A1
Q34188,A1
Q34189,A1
Q34190,A1
Q34191,A1
Q34192,A1
Q34193,A1
Q34194,A1
Q34195,A1
Q34196,A1
Q34197,A1
Q34198,A1
Q34199,A1
Q34200,A1
Q34201,A1
Q34202,A1
Q34203,A1
Q34204,A1
Q34205,A1
Q34206,A1
Q34207,A1
Q34208,A1
Q34209,A1
Q34210,A1
Q34211,A1
Q34212,A1
Q34213,A1
Q34214,A1
Q34215,A1
Q34216,A1
Q34217,A1
Q34218,A1
Q34219,A1
Q34220,A1
Q34221,A1
Q34222,A1
Q34223,A1
Q34224,A1
Q34225,A1
Q34226,A1
Q34227,A1
Q34228,A1
Q34229,A1
Q34230,A1
Q34231,A1
Q34232,A1
Q34233,A1
Q34234,A1
Q34235,A1
Q34236,A1
Q34237,A1
Q34238,A1
Q34239,A1
Q34240,A1
Q34241,A1
Q34242,A1
Q34243,A1
Q34244,A1
Q34245,A1
Q34246,A1
Q34247,A1
Q34248,A1
Q34249,A1
Q34250,A1
Q34251,A1
Q34252,A1
Q34253,A1
Q34254,A1
Q34255,A1
Q34256,A1
Q34257,A1
Q34258,A1
Q34259,A1
Q34260,A1
Q34261,A1
Q34262,A1
Q34263,A1
Q34264,A1
Q34265,A1
Q34266,A1
Q34267,A1
Q34268,A1
Q34269,A1
Q34270,A1
Q34271,A1
Q34272,A1
Q34273,A1
Q34274,A1
Q34275,A1
Q34276,A1
Q34277,A1
Q34278,A1
Q34279,A1
Q34280,A1
Q34281,A1
Q34282,A1
Q34283,A1
Q34284,A1
Q34285,A1
Q34286,A1
Q34287,A1
Q34288,A1
Q34289,A1
Q34290,A1
Q34291,A1
Q34292,A1
Q34293,A1
Q34294,A1
Q34295,A1
Q34296,A1
Q34297,A1
Q34298,A1
Q34299,A1
Q34300,A1
Q34301,A1
Q34302,A1
Q34303,A1
Q34304,A1
Q34305,A1
Q34306,A1
Q34307,A1
Q34308,A1
Q34309,A1
Q34310,A1
Q34311,A1
Q34312,A1
Q34313,A1
Q34314,A1
Q34315,A1
Q34316,A1
Q34317,A1
Q34318,A1
Q34319,A1
Q34320,A1
Q34321,A1
Q34322,A1
Q34323,A1
Q34324,A1
Q34325,A1
Q34326,A1
Q34327,A1
Q34328,A1
Q34329,A1
Q34330,A1
Q34331,A1
Q34332,A1
Q34333,A1
Q34334,A1
Q34335,A1
Q34336,A1
Q34337,A1
Q34338,A1
Q34339,A1
Q34340,A1
Q34341,A1
Q34342,A1
Q34343,A1
Q34344,A1
Q34345,A1
Q34346,A1
Q34347,A1
Q34348,A1
Q34349,A1
Q34350,A1
Q34351,A1
Q34352,A1
Q34353,A1
Q34354,A1
Q34355,A1
Q34356,A1
Q34357,A1
Q34358,A1
Q34359,A1
Q34360,A1
Q34361,A1
Q34362,A1
Q34363,A1
Q34364,A1
Q34365,A1
Q34366,A1
Q34367,A1
Q34368,A1
Q34369,A1
Q34370,A1
Q34371,A1
Q34372,A1
Q34373,A1
Q34374,A1
Q34375,A1
Q34376,A1
Q34377,A1
Q34378,A1
Q34379,A1
Q34380,A1
Q34381,A1
Q34382,A1
Q34383,A1
Q34384,A1
Q34385,A1
Q34386,A1
Q34387,A1
Q34388,A1
Q34389,A1
Q34390,A1
Q34391,A1
Q34392,A1
Q34393,A1
Q34394,A1
Q34395,A1
Q34396,A1
Q34397,A1
Q34398,A1
Q34399,A1
Q34400,A1
Q34401,A1
Q34402,A1
Q34403,A1
Q34404,A1
Q34405,A1
Q34406,A1
Q34407,A1
Q34408,A1
Q34409,A1
Q34410,A1
Q34411,A1
Q34412,A1
Q34413,A1
Q34414,A1
Q34415,A1
Q34416,A1
Q34417,A1
Q34418,A1
Q34419,A1
Q34420,A1
Q34421,A1
Q34422,A1
Q34423,A1
Q34424,A1
Q34425,A1
Q34426,A1
Q34427,A1
Q34428,A1
Q34429,A1
Q34430,A1
Q34431,A1
Q34432,A1
Q34433,A1
Q34434,A1
Q34435,A1
Q34436,A1
Q34437,A1
Q34438,A1
Q34439,A1
Q34440,A1
Q34441,A1
Q34442,A1
Q34443,A1
Q34444,A1
Q34445,A1
Q34446,A1
Q34447,A1
Q34448,A1
Q34449,A1
Q34450,A1
Q34451,A1
Q34452,A1
Q34453,A1
Q34454,A1
Q34455,A1
Q34456,A1
Q34457,A1
Q34458,A1
Q34459,A1
Q34460,A1
Q34461,A1
Q34462,A1
Q34463,A1
Q34464,A1
Q34465,A1
Q34466,A1
Q34467,A1
Q34468,A1
Q34469,A1
Q34470,A1
Q34471,A1
Q34472,A1
Q34473,A1
Q34474,A1
Q34475,A1
Q34476,A1
Q34477,A1
Q34478,A1
Q34479,A1
Q34480,A1
Q34481,A1
Q34482,A1
Q34483,A1
Q34484,A1
Q34485,A1
Q34486,A1
Q34487,A1
Q34488,A1
Q34489,A1
Q34490,A1
Q34491,A1
Q34492,A1
Q34493,A1
Q34494,A1
Q34495,A1
Q34496,A1
Q34497,A1
Q34498,A1
Q34499,A1
Q34500,A1
Q34501,A1
Q34502,A1
Q34503,A1
Q34504,A1
Q34505,A1
Q34506,A1
Q34507,A1
Q34508,A1
Q34509,A1
Q34510,A1
Q34511,A1
Q34512,A1
Q34513,A1
Q34514,A1
Q34515,A1
Q34516,A1
Q34517,A1
Q34518,A1
Q34519,A1
Q34520,A1
Q34521,A1
Q34522,A1
Q34523,A1
Q34524,A1
Q34525,A1
Q34526,A1
Q34527,A1
Q34528,A1
Q34529,A1
Q34530,A1
Q34531,A1
Q34532,A1
Q34533,A1
Q34534,A1
Q34535,A1
Q34536,A1
Q34537,A1
Q34538,A1
Q34539,A1
Q34540,A1
Q34541,A1
Q34542,A1
Q34543,A1
Q34544,A1
Q34545,A1
Q34546,A1
Q34547,A1
Q34548,A1
Q34549,A1
Q34550,A1
Q34551,A1
Q34552,A1
Q34553,A1
Q34554,A1
Q34555,A1
Q34556,A1
Q34557,A1
Q34558,A1
Q34559,A1
Q34560,A1
Q34561,A1
Q34562,A1
Q34563,A1
Q34564,A1
Q34565,A1
Q34566,A1
Q34567,A1
Q34568,A1
Q34569,A1
Q34570,A1
Q34571,A1
Q34572,A1
Q34573,A1
Q34574,A1
Q34575,A1
Q34576,A1
Q34577,A1
Q34578,A1
Q34579,A1
Q34580,A1
Q34581,A1
Q34582,A1
Q34583,A1
Q34584,A1
Q34585,A1
Q34586,A1
Q34587,A1
Q34588,A1
Q34589,A1
Q34590,A1
Q34591,A1
Q34592,A1
Q34593,A1
Q34594,A1
Q34595,A1
Q34596,A1
Q34597,A1
Q34598,A1
Q34599,A1
Q34600,A1
Q34601,A1
Q34602,A1
Q34603,A1
Q34604,A1
Q34605,A1
Q34606,A1
Q34607,A1
Q34608,A1
Q34609,A1
Q34610,A1
Q34611,A1
Q34612,A1
Q34613,A1
Q34614,A1
Q34615,A1
Q34616,A1
Q34617,A1
Q34618,A1
Q34619,A1
Q34620,A1
Q34621,A1
Q34622,A1
Q34623,A1
Q34624,A1
Q34625,A1
Q34626,A1
Q34627,A1
Q34628,A1
Q34629,A1
Q34630,A1
Q34631,A1
Q34632,A1
Q34633,A1
Q34634,A1
Q34635,A1
Q34636,A1
Q34637,A1
Q34638,A1
Q34639,A1
Q34640,A1
Q34641,A1
Q34642,A1
Q34643,A1
Q34644,A1
Q34645,A1
Q34646,A1
Q34647,A1
Q34648,A1
Q34649,A1
Q34650,A1
Q34651,A1
Q34652,A1
Q34653,A1
Q34654,A1
Q34655,A1
Q34656,A1
Q34657,A1
Q34658,A1
Q34659,A1
Q34660,A1
Q34661,A1
Q34662,A1
Q34663,A1
Q34664,A1
Q34665,A1
Q34666,A1
Q34667,A1
Q34668,A1
Q34669,A1
Q34670,A1
Q34671,A1
Q34672,A1
Q34673,A1
Q34674,A1
Q34675,A1
Q34676,A1
Q34677,A1
Q34678,A1
Q34679,A1
Q34680,A1
Q34681,A1
Q34682,A1
Q34683,A1
Q34684,A1
Q34685,A1
Q34686,A1
Q34687,A1
Q34688,A1
Q34689,A1
Q34690,A1
Q34691,A1
Q34692,A1
Q34693,A1
Q34694,A1
Q34695,A1
Q34696,A1
Q34697,A1
Q34698,A1
Q34699,A1
Q34700,A1
Q34701,A1
Q34702,A1
Q34703,A1
Q34704,A1
Q34705,A1
Q34706,A1
Q34707,A1
Q34708,A1
Q34709,A1
Q34710,A1
Q34711,A1
Q34712,A1
Q34713,A1
Q34714,A1
Q34715,A1
Q34716,A1
Q34717,A1
Q34718,A1
Q34719,A1
Q34720,A1
Q34721,A1
Q34722,A1
Q34723,A1
Q34724,A1
Q34725,A1
Q34726,A1
Q34727,A1
Q34728,A1
Q34729,A1
Q34730,A1
Q34731,A1
Q34732,A1
Q34733,A1
Q34734,A1
Q34735,A1
Q34736,A1
Q34737,A1
Q34738,A1
Q34739,A1
Q34740,A1
Q34741,A1
Q34742,A1
Q34743,A1
Q34744,A1
Q34745,A1
Q34746,A1
Q34747,A1
Q34748,A1
Q34749,A1
Q34750,A1
Q34751,A1
Q34752,A1
Q34753,A1
Q34754,A1
Q34755,A1
Q34756,A1
Q34757,A1
Q34758,A1
Q34759,A1
Q34760,A1
Q34761,A1
Q34762,A1
Q34763,A1
Q34764,A1
Q34765,A1
Q34766,A1
Q34767,A1
Q34768,A1
Q34769,A1
Q34770,A1
Q34771,A1
Q34772,A1
Q34773,A1
Q34774,A1
Q34775,A1
Q34776,A1
Q34777,A1
Q34778,A1
Q34779,A1
Q34780,A1
Q34781,A1
Q34782,A1
Q34783,A1
Q34784,A1
Q34785,A1
Q34786,A1
Q34787,A1
Q34788,A1
Q34789,A1
Q34790,A1
Q34791,A1
Q34792,A1
Q34793,A1
Q34794,A1
Q34795,A1
Q34796,A1
Q34797,A1
Q34798,A1
Q34799,A1
Q34800,A1
Q34801,A1
Q34802,A1
Q34803,A1
Q34804,A1
Q34805,A1
Q34806,A1
Q34807,A1
Q34808,A1
Q34809,A1
Q34810,A1
Q34811,A1
Q34812,A1
Q34813,A1
Q34814,A1
Q34815,A1
Q34816,A1
Q34817,A1
Q34818,A1
Q34819,A1
Q34820,A1
Q34821,A1
Q34822,A1
Q34823,A1
Q34824,A1
Q34825,A1
Q34826,A1
Q34827,A1
Q34828,A1
Q34829,A1
Q34830,A1
Q34831,A1
Q34832,A1
Q34833,A1
Q34834,A1
Q34835,A1
Q34836,A1
Q34837,A1
Q34838,A1
Q34839,A1
Q34840,A1
Q34841,A1
Q34842,A1
Q34843,A1
Q34844,A1
Q34845,A1
Q34846,A1
Q34847,A1
Q34848,A1
Q34849,A1
Q34850,A1
Q34851,A1
Q34852,A1
Q34853,A1
Q34854,A1
Q34855,A1
Q34856,A1
Q34857,A1
Q34858,A1
Q34859,A1
Q34860,A1
Q34861,A1
Q34862,A1
Q34863,A1
Q34864,A1
Q34865,A1
Q34866,A1
Q34867,A1
Q34868,A1
Q34869,A1
Q34870,A1
Q34871,A1
Q34872,A1
Q34873,A1
Q34874,A1
Q34875,A1
Q34876,A1
Q34877,A1
Q34878,A1
Q34879,A1
Q34880,A1
Q34881,A1
Q34882,A1
Q34883,A1
Q34884,A1
Q34885,A1
Q34886,A1
Q34887,A1
Q34888,A1
Q34889,A1
Q34890,A1
Q34891,A1
Q34892,A1
Q34893,A1
Q34894,A1
Q34895,A1
Q34896,A1
Q34897,A1
Q34898,A1
Q34899,A1
Q34900,A1
Q34901,A1
Q34902,A1
Q34903,A1
Q34904,A1
Q34905,A1
Q34906,A1
Q34907,A1
Q34908,A1
Q34909,A1
Q34910,A1
Q34911,A1
Q34912,A1
Q34913,A1
Q34914,A1
Q34915,A1
Q34916,A1
Q34917,A1
Q34918,A1
Q34919,A1
Q34920,A1
Q34921,A1
Q34922,A1
Q34923,A1
Q34924,A1
Q34925,A1
Q34926,A1
Q34927,A1
Q34928,A1
Q34929,A1
Q34930,A1
Q34931,A1
Q34932,A1
Q34933,A1
Q34934,A1
Q34935,A1
Q34936,A1
Q34937,A1
Q34938,A1
Q34939,A1
Q34940,A1
Q34941,A1
Q34942,A1
Q34943,A1
Q34944,A1
Q34945,A1
Q34946,A1
Q34947,A1
Q34948,A1
Q34949,A1
Q34950,A1
Q34951,A1
Q34952,A1
Q34953,A1
Q34954,A1
Q34955,A1
Q34956,A1
Q34957,A1
Q34958,A1
Q34959,A1
Q34960,A1
Q34961,A1
Q34962,A1
Q34963,A1
Q34964,A1
Q34965,A1
Q34966,A1
Q34967,A1
Q34968,A1
Q34969,A1
Q34970,A1
Q34971,A1
Q34972,A1
Q34973,A1
Q34974,A1
Q34975,A1
Q34976,A1
Q34977,A1
Q34978,A1
Q34979,A1
Q34980,A1
Q34981,A1
Q34982,A1
Q34983,A1
Q34984,A1
Q34985,A1
Q34986,A1
Q34987,A1
Q34988,A1
Q34989,A1
Q34990,A1
Q34991,A1
Q34992,A1
Q34993,A1
Q34994,A1
Q34995,A1
Q34996,A1
Q34997,A1
Q34998,A1
Q34999,A1
Q35000,A1
Q35001,A1
Q35002,A1
Q35003,A1
Q35004,A1
Q35005,A1
Q35006,A1
Q35007,A1
Q35008,A1
Q35009,A1
Q35010,A1
Q35011,A1
Q35012,A1
Q35013,A1
Q35014,A1
Q35015,A1
Q35016,A1
Q35017,A1
Q35018,A1
Q35019,A1
Q35020,A1
Q35021,A1
Q35022,A1
Q35023,A1
Q35024,A1
Q35025,A1
Q35026,A1
Q35027,A1
Q35028,A1
Q35029,A1
Q35030,A1
Q35031,A1
Q35032,A1
Q35033,A1
Q35034,A1
Q35035,A1
Q35036,A1
Q35037,A1
Q35038,A1
Q35039,A1
Q35040,A1
Q35041,A1
Q35042,A1
Q35043,A1
Q35044,A1
Q35045,A1
Q35046,A1
Q35047,A1
Q35048,A1
Q35049,A1
Q35050,A1
Q35051,A1
Q35052,A1
Q35053,A1
Q35054,A1
Q35055,A1
Q35056,A1
Q35057,A1
Q35058,A1
Q35059,A1
Q35060,A1
Q35061,A1
Q35062,A1
Q35063,A1
Q35064,A2
Q35065,A2
Q35066,A2
Q35067,A2
Q35068,A2
Q35069,A2
Q35070,A2
Q35071,A2
Q35072,A2
Q35073,A2
Q35074,A2
Q35075,A2
Q35076,A2
Q35077,A2
Q35078,A2
Q35079,A2
Q35080,A2
Q35081,A2
Q35082,A2
Q35083,A2
Q35084,A2
Q35085,A2
Q35086,A2
Q35087,A2
Q35088,A2
Q35089,A2
Q35090,A2
Q35091,A2
Q35092,A2
Q35093,A2
Q35094,A2
Q35095,A2
Q35096,A2
Q35097,A2
Q35098,A2
Q35099,A2
Q35100,A2
Q35101,A2
Q35102,A2
Q35103,A2
Q35104,A2
Q35105,A2
Q35106,A2
Q35107,A2
Q35108,A2
Q35109,A2
Q35110,A2
Q35111,A2
Q35112,A2
Q35113,A2
Q35114,A2
Q35115,A2
Q35116,A2
Q35117,A2
Q35118,A2
Q35119,A2
Q35120,A2
Q35121,A2
Q35122,A2
Q35123,A2
Q35124,A2
Q35125,A2
Q35126,A2
Q35127,A2
Q35128,A2
Q35129,A2
Q35130,A2
Q35131,A2
Q35132,A2
Q35133,A2
Q35134,A2
Q35135,A2
Q35136,A2
Q35137,A2
Q35138,A2
Q35139,A2
Q35140,A2
Q35141,A2
Q35142,A2
Q35143,A2
Q35144,A2
Q35145,A2
Q35146,A2
Q35147,A2
Q35148,A2
Q35149,A2
Q35150,A2
Q35151,A2
Q35152,A2
Q35153,A2
Q35154,A2
Q35155,A2
Q35156,A2
Q35157,A2
Q35158,A2
Q35159,A2
Q35160,A2
Q35161,A2
Q35162,A2
Q35163,A2
Q35164,A2
Q35165,A2
Q35166,A2
Q35167,A2
Q35168,A2
Q35169,A2
Q35170,A2
Q35171,A2
Q35172,A2
Q35173,A2
Q35174,A2
Q35175,A2
Q35176,A2
Q35177,A2
Q35178,A2
Q35179,A2
Q35180,A2
Q35181,A2
Q35182,A2
Q35183,A2
Q35184,A2
Q35185,A2
Q35186,A2
Q35187,A2
Q35188,A2
Q35189,A2
Q35190,A2
Q35191,A2
Q35192,A2
Q35193,A2
Q35194,A2
Q35195,A2
Q35196,A2
Q35197,A2
Q35198,A2
Q35199,A2
Q35200,A2
Q35201,A2
Q35202,A2
Q35203,A2
Q35204,A2
Q35205,A2
Q35206,A2
Q35207,A2
Q35208,A2
Q35209,A2
Q35210,A2
Q35211,A2
Q35212,A2
Q35213,A2
Q35214,A2
Q35215,A2
Q35216,A2
Q35217,A2
Q35218,A2
Q35219,A2
Q35220,A2
Q35221,A2
Q35222,A2
Q35223,A2
Q35224,A2
Q35225,A2
Q35226,A2
Q35227,A2
Q35228,A2
Q35229,A2
Q35230,A2
Q35231,A2
Q35232,A2
Q35233,A2
Q35234,A2
Q35235,A2
Q35236,A2
Q35237,A2
Q35238,A2
Q35239,A2
Q35240,A2
Q35241,A2
Q35242,A2
Q35243,A2
Q35244,A2
Q35245,A2
Q35246,A2
Q35247,A2
Q35248,A2
Q35249,A2
Q35250,A2
Q35251,A2
Q35252,A2
Q35253,A2
Q35254,A2
Q35255,A2
Q35256,A2
Q35257,A2
Q35258,A2
Q35259,A2
Q35260,A2
Q35261,A2
Q35262,A2
Q35263,A2
Q35264,A2
Q35265,A2
Q35266,A2
Q35267,A2
Q35268,A2
Q35269,A2
Q35270,A2
Q35271,A2
Q35272,A2
Q35273,A2
Q35274,A2
Q35275,A2
Q35276,A2
Q35277,A2
Q35278,A2
Q35279,A2
Q35280,A2
Q35281,A2
Q35282,A2
Q35283,A2
Q35284,A2
Q35285,A2
Q35286,A2
Q35287,A2
Q35288,A2
Q35289,A2
Q35290,A2
Q35291,A2
Q35292,A2
Q35293,A2
Q35294,A2
Q35295,A2
Q35296,A2
Q35297,A2
Q35298,A2
Q35299,A2
Q35300,A2
Q35301,A2
Q35302,A2
Q35303,A2
Q35304,A2
Q35305,A2
Q35306,A2
Q35307,A2
Q35308,A2
Q35309,A2
Q35310,A2
Q35311,A2
Q35312,A2
Q35313,A2
Q35314,A2
Q35315,A2
Q35316,A2
Q35317,A2
Q35318,A2
Q35319,A2
Q35320,A2
Q35321,A2
Q35322,A2
Q35323,A2
Q35324,A2
Q35325,A2
Q35326,A2
Q35327,A2
Q35328,A2
Q35329,A2
Q35330,A2
Q35331,A2
Q35332,A2
Q35333,A2
Q35334,A2
Q35335,A2
Q35336,A2
Q35337,A2
Q35338,A2
Q35339,A2
Q35340,A2
Q35341,A2
Q35342,A2
Q35343,A2
Q35344,A2
Q35345,A2
Q35346,A2
Q35347,A2
Q35348,A2
Q35349,A2
Q35350,A2
Q35351,A2
Q35352,A2
Q35353,A2
Q35354,A2
Q35355,A2
Q35356,A2
Q35357,A2
Q35358,A2
Q35359,A2
Q35360,A2
Q35361,A2
Q35362,A2
Q35363,A2
Q35364,A2
Q35365,A2
Q35366,A2
Q35367,A2
Q35368,A2
Q35369,A2
Q35370,A2
Q35371,A2
Q35372,A2
Q35373,A2
Q35374,A2
Q35375,A2
Q35376,A2
Q35377,A2
Q35378,A2
Q35379,A2
Q35380,A2
Q35381,A2
Q35382,A2
Q35383,A2
Q35384,A2
Q35385,A2
Q35386,A2
Q35387,A2
Q35388,A2
Q35389,A2
Q35390,A2
Q35391,A2
Q35392,A2
Q35393,A2
Q35394,A2
Q35395,A2
Q35396,A2
Q35397,A2
Q35398,A2
Q35399,A2
Q35400,A2
Q35401,A2
Q35402,A2
Q35403,A2
Q35404,A2
Q35405,A2
Q35406,A2
Q35407,A2
Q35408,A2
Q35409,A2
Q35410,A2
Q35411,A2
Q35412,A2
Q35413,A2
Q35414,A2
Q35415,A2
Q35416,A2
Q35417,A2
Q35418,A2
Q35419,A2
Q35420,A2
Q35421,A2
Q35422,A2
Q35423,A2
Q35424,A2
Q35425,A2
Q35426,A2
Q35427,A2
Q35428,A2
Q35429,A2
Q35430,A2
Q35431,A2
Q35432,A2
Q35433,A2
Q35434,A2
Q35435,A2
Q35436,A2
Q35437,A2
Q35438,A2
Q35439,A2
Q35440,A2
Q35441,A2
Q35442,A2
Q35443,A2
Q35444,A2
Q35445,A2
Q35446,A2
Q35447,A2
Q35448,A2
Q35449,A2
Q35450,A2
Q35451,A2
Q35452,A2
Q35453,A2
Q35454,A2
Q35455,A2
Q35456,A2
Q35457,A2
Q35458,A2
Q35459,A2
Q35460,A2
Q35461,A2
Q35462,A2
Q35463,A2
Q35464,A2
Q35465,A2
Q35466,A2
Q35467,A2
Q35468,A2
Q35469,A2
Q35470,A2
Q35471,A2
Q35472,A2
Q35473,A2
Q35474,A2
Q35475,A2
Q35476,A2
Q35477,A2
Q35478,A2
Q35479,A2
Q35480,A2
Q35481,A2
Q35482,A2
Q35483,A2
Q35484,A2
Q35485,A2
Q35486,A2
Q35487,A2
Q35488,A2
Q35489,A2
Q35490,A2
Q35491,A2
Q35492,A2
Q35493,A2
Q35494,A2
Q35495,A2
Q35496,A2
Q35497,A2
Q35498,A2
Q35499,A2
Q35500,A2
Q35501,A2
Q35502,A2
Q35503,A2
Q35504,A2
Q35505,A2
Q35506,A2
Q35507,A2
Q35508,A2
Q35509,A2
Q35510,A2
Q35511,A2
Q35512,A2
Q35513,A2
Q35514,A2
Q35515,A2
Q35516,A2
Q35517,A2
Q35518,A2
Q35519,A2
Q35520,A2
Q35521,A2
Q35522,A2
Q35523,A2
Q35524,A2
Q35525,A2
Q35526,A2
Q35527,A2
Q35528,A2
Q35529,A2
Q35530,A2
Q35531,A2
Q35532,A2
Q35533,A2
Q35534,A2
Q35535,A2
Q35536,A2
Q35537,A2
Q35538,A2
Q35539,A2
Q35540,A2
Q35541,A2
Q35542,A2
Q35543,A2
Q35544,A2
Q35545,A2
Q35546,A2
Q35547,A2
Q35548,A2
Q35549,A2
Q35550,A2
Q35551,A2
Q35552,A2
Q35553,A0
Q35554,A0
Q35555,A0
Q35556,A0
Q35557,A0
Q35558,A0
Q35559,A0
Q35560,A0
Q35561,A0
Q35562,A0
Q35563,A0
Q35564,A0
Q35565,A0
Q35566,A0
Q35567,A0
Q35568,A0
Q35569,A0
Q35570,A0
Q35571,A0
Q35572,A0
Q35573,A0
Q35574,A0
Q35575,A0
Q35576,A0
Q35577,A0
Q35578,A0
Q35579,A0
Q35580,A0
Q35581,A0
Q35582,A0
Q35583,A0
Q35584,A0
Q35585,A0
Q35586,A0
Q35587,A0
Q35588,A0
Q35589,A0
Q35590,A0
Q35591,A0
Q35592,A0
Q35593,A0
Q35594,A0
Q35595,A0
Q35596,A0
Q35597,A0
Q35598,A0
Q35599,A0
Q35600,A0
Q35601,A0
Q35602,A0
Q35603,A0
Q35604,A0
Q35605,A0
Q35606,A0
Q35607,A0
Q35608,A0
Q35609,A0
Q35610,A0
Q35611,A0
Q35612,A0
Q35613,A0
Q35614,A0
Q35615,A0
Q35616,A0
Q35617,A0
Q35618,A0
Q35619,A0
Q35620,A0
Q35621,A0
Q35622,A0
Q35623,A0
Q35624,A0
Q35625,A0
Q35626,A0
Q35627,A0
Q35628,A0
Q35629,A0
Q35630,A0
Q35631,A0
Q35632,A0
Q35633,A0
Q35634,A0
Q35635,A0
Q35636,A0
Q35637,A0
Q35638,A0
Q35639,A0
Q35640,A0
Q35641,A0
Q35642,A0
Q35643,A0
Q35644,A0
Q35645,A0
Q35646,A0
Q35647,A0
Q35648,A0
Q35649,A0
Q35650,A0
Q35651,A0
Q35652,A0
Q35653,A0
Q35654,A0
Q35655,A0
Q35656,A0
Q35657,A0
Q35658,A0
Q35659,A0
Q35660,A0
Q35661,A0
Q35662,A0
Q35663,A0
Q35664,A0
Q35665,A0
Q35666,A0
Q35667,A0
Q35668,A0
Q35669,A0
Q35670,A0
Q35671,A0
Q35672,A0
Q35673,A0
Q35674,A0
Q35675,A0
Q35676,A0
Q35677,A0
Q35678,A0
Q35679,A0
Q35680,A0
Q35681,A0
Q35682,A0
Q35683,A0
Q35684,A0
Q35685,A0
Q35686,A0
Q35687,A0
Q35688,A0
Q35689,A0
Q35690,A0
Q35691,A0
Q35692,A0
Q35693,A0
Q35694,A0
Q35695,A0
Q35696,A0
Q35697,A0
Q35698,A0
Q35699,A0
Q35700,A0
Q35701,A0
Q35702,A0
Q35703,A0
Q35704,A0
Q35705,A0
Q35706,A0
Q35707,A0
Q35708,A0
Q35709,A0
Q35710,A0
Q35711,A0
Q35712,A0
Q35713,A0
Q35714,A0
Q35715,A0
Q35716,A0
Q35717,A0
Q35718,A0
Q35719,A0
Q35720,A0
Q35721,A0
Q35722,A0
Q35723,A0
Q35724,A0
Q35725,A0
Q35726,A0
Q35727,A0
Q35728,A0
Q35729,A0
Q35730,A0
Q35731,A0
Q35732,A0
Q35733,A0
Q35734,A0
Q35735,A0
Q35736,A0
Q35737,A0
Q35738,A0
Q35739,A0
Q35740,A0
Q35741,A0
Q35742,A0
Q35743,A0
Q35744,A0
Q35745,A0
Q35746,A0
Q35747,A0
Q35748,A0
Q35749,A0
Q35750,A0
Q35751,A0
Q35752,A0
Q35753,A0
Q35754,A0
Q35755,A0
Q35756,A0
Q35757,A0
Q35758,A0
Q35759,A0
Q35760,A0
Q35761,A0
Q35762,A0
Q35763,A0
Q35764,A0
Q35765,A0
Q35766,A0
Q35767,A0
Q35768,A0
Q35769,A0
Q35770,A0
Q35771,A0
Q35772,A0
Q35773,A0
Q35774,A0
Q35775,A0
Q35776,A0
Q35777,A0
Q35778,A0
Q35779,A0
Q35780,A0
Q35781,A0
Q35782,A0
Q35783,A0
Q35784,A0
Q35785,A0
Q35786,A0
Q35787,A0
Q35788,A0
Q35789,A0
Q35790,A0
Q35791,A0
Q35792,A0
Q35793,A0
Q35794,A0
Q35795,A0
Q35796,A0
Q35797,A0
Q35798,A0
Q35799,A0
Q35800,A0
Q35801,A0
Q35802,A0
Q35803,A0
Q35804,A0
Q35805,A0
Q35806,A0
Q35807,A0
Q35808,A0
Q35809,A0
Q35810,A0
Q35811,A0
Q35812,A0
Q35813,A0
Q35814,A0
Q35815,A0
Q35816,A0
Q35817,A0
Q35818,A0
Q35819,A0
Q35820,A0
Q35821,A0
Q35822,A0
Q35823,A0
Q35824,A0
Q35825,A0
Q35826,A0
Q35827,A0
Q35828,A0
Q35829,A0
Q35830,A0
Q35831,A0
Q35832,A0
Q35833,A0
Q35834,A0
Q35835,A0
Q35836,A0
Q35837,A0
Q35838,A0
Q35839,A0
Q35840,A0
Q35841,A0
Q35842,A0
Q35843,A0
Q35844,A0
Q35845,A0
Q35846,A0
Q35847,A0
Q35848,A0
Q35849,A0
Q35850,A0
Q35851,A0
Q35852,A0
Q35853,A0
Q35854,A0
Q35855,A0
Q35856,A0
Q35857,A0
Q35858,A0
Q35859,A0
Q35860,A0
Q35861,A0
Q35862,A0
Q35863,A0
Q35864,A0
Q35865,A0
Q35866,A0
Q35867,A0
Q35868,A0
Q35869,A0
Q35870,A0
Q35871,A0
Q35872,A0
Q35873,A0
Q35874,A0
Q35875,A0
Q35876,A0
Q35877,A0
Q35878,A0
Q35879,A0
Q35880,A0
Q35881,A0
Q35882,A0
Q35883,A0
Q35884,A0
Q35885,A0
Q35886,A0
Q35887,A0
Q35888,A0
Q35889,A0
Q35890,A0
Q35891,A0
Q35892,A0
Q35893,A0
Q35894,A0
Q35895,A0
Q35896,A0
Q35897,A0
Q35898,A0
Q35899,A0
Q35900,A0
Q35901,A0
Q35902,A0
Q35903,A0
Q35904,A0
Q35905,A0
Q35906,A0
Q35907,A0
Q35908,A0
Q35909,A0
Q35910,A0
Q35911,A0
Q35912,A0
Q35913,A0
Q35914,A0
Q35915,A0
Q35916,A0
Q35917,A0
Q35918,A0
Q35919,A0
Q35920,A0
Q35921,A0
Q35922,A0
Q35923,A0
Q35924,A0
Q35925,A0
Q35926,A0
Q35927,A0
Q35928,A0
Q35929,A0
Q35930,A0
Q35931,A0
Q35932,A0
Q35933,A0
Q35934,A0
Q35935,A0
Q35936,A0
Q35937,A0
Q35938,A0
Q35939,A0
Q35940,A0
Q35941,A0
Q35942,A0
Q35943,A0
Q35944,A0
Q35945,A0
Q35946,A0
Q35947,A0
Q35948,A0
Q35949,A0
Q35950,A0
Q35951,A0
Q35952,A0
Q35953,A0
Q35954,A0
Q35955,A0
Q35956,A0
Q35957,A0
Q35958,A0
Q35959,A0
Q35960,A0
Q35961,A0
Q35962,A0
Q35963,A0
Q35964,A0
Q35965,A0
Q35966,A0
Q35967,A0
Q35968,A0
Q35969,A0
Q35970,A0
Q35971,A0
Q35972,A0
Q35973,A0
Q35974,A0
Q35975,A0
Q35976,A0
Q35977,A0
Q35978,A0
Q35979,A0
Q35980,A0
Q35981,A0
Q35982,A0
Q35983,A0
Q35984,A0
Q35985,A0
Q35986,A0
Q35987,A0
Q35988,A0
Q35989,A0
Q35990,A0
Q35991,A0
Q35992,A0
Q35993,A0
Q35994,A0
Q35995,A0
Q35996,A0
Q35997,A0
Q35998,A0
Q35999,A0
Q36000,A0
Q36001,A0
Q36002,A0
Q36003,A0
Q36004,A0
Q36005,A0
Q36006,A0
Q36007,A0
Q36008,A0
Q36009,A0
Q36010,A0
Q36011,A0
Q36012,A0
Q36013,A0
Q36014,A0
Q36015,A0
Q36016,A0
Q36017,A0
Q36018,A0
Q36019,A0
Q36020,A0
Q36021,A0
Q36022,A0
Q36023,A0
Q36024,A0
Q36025,A0
Q36026,A0
Q36027,A0
Q36028,A0
Q36029,A0
Q36030,A0
Q36031,A0
Q36032,A0
Q36033,A0
Q36034,A0
Q36035,A0
Q36036,A0
Q36037,A0
Q36038,A0
Q36039,A0
Q36040,A0
Q36041,A0
Q36042,A0
Q36043,A0
Q36044,A0
Q36045,A0
Q36046,A0
Q36047,A0
Q36048,A0
Q36049,A0
Q36050,A0
Q36051,A0
Q36052,A0
Q36053,A0
Q36054,A0
Q36055,A0
Q36056,A0
Q36057,A0
Q36058,A0
Q36059,A0
Q36060,A0
Q36061,A0
Q36062,A0
Q36063,A0
Q36064,A0
Q36065,A0
Q36066,A0
Q36067,A0
Q36068,A0
Q36069,A0
Q36070,A0
Q36071,A0
Q36072,A0
Q36073,A0
Q36074,A0
Q36075,A0
Q36076,A0
Q36077,A0
Q36078,A0
Q36079,A0
Q36080,A0
Q36081,A0
Q36082,A0
Q36083,A0
Q36084,A0
Q36085,A0
Q36086,A0
Q36087,A0
Q36088,A0
Q36089,A0
Q36090,A0
Q36091,A0
Q36092,A0
Q36093,A0
Q36094,A0
Q36095,A0
Q36096,A0
Q36097,A0
Q36098,A0
Q36099,A0
Q36100,A0
Q36101,A0
Q36102,A0
Q36103,A0
Q36104,A0
Q36105,A0
Q36106,A0
Q36107,A0
Q36108,A0
Q36109,A0
Q36110,A0
Q36111,A0
Q36112,A0
Q36113,A0
Q36114,A0
Q36115,A0
Q36116,A0
Q36117,A0
Q36118,A0
Q36119,A0
Q36120,A0
Q36121,A0
Q36122,A0
Q36123,A0
Q36124,A0
Q36125,A0
Q36126,A0
Q36127,A0
Q36128,A0
Q36129,A0
Q36130,A0
Q36131,A0
Q36132,A0
Q36133,A0
Q36134,A0
Q36135,A0
Q36136,A0
Q36137,A0
Q36138,A0
Q36139,A0
Q36140,A0
Q36141,A0
Q36142,A0
Q36143,A0
Q36144,A0
Q36145,A0
Q36146,A0
Q36147,A0
Q36148,A0
Q36149,A0
Q36150,A0
Q36151,A0
Q36152,A0
Q36153,A0
Q36154,A0
Q36155,A0
Q36156,A0
Q36157,A0
Q36158,A0
Q36159,A0
Q36160,A0
Q36161,A0
Q36162,A0
Q36163,A0
Q36164,A0
Q36165,A0
Q36166,A0
Q36167,A0
Q36168,A0
Q36169,A0
Q36170,A0
Q36171,A0
Q36172,A0
Q36173,A0
Q36174,A0
Q36175,A0
Q36176,A0
Q36177,A0
Q36178,A0
Q36179,A0
Q36180,A0
Q36181,A0
Q36182,A0
Q36183,A0
Q36184,A0
Q36185,A0
Q36186,A0
Q36187,A0
Q36188,A0
Q36189,A0
Q36190,A0
Q36191,A0
Q36192,A0
Q36193,A0
Q36194,A0
Q36195,A0
Q36196,A0
Q36197,A0
Q36198,A0
Q36199,A0
Q36200,A0
Q36201,A0
Q36202,A0
Q36203,A0
Q36204,A0
Q36205,A0
Q36206,A0
Q36207,A0
Q36208,A0
Q36209,A0
Q36210,A0
Q36211,A0
Q36212,A0
Q36213,A0
Q36214,A0
Q36215,A0
Q36216,A0
Q36217,A0
Q36218,A0
Q36219,A0
Q36220,A0
Q36221,A0
Q36222,A0
Q36223,A0
Q36224,A0
Q36225,A0
Q36226,A0
Q36227,A0
Q36228,A0
Q36229,A0
Q36230,A0
Q36231,A0
Q36232,A0
Q36233,A0
Q36234,A0
Q36235,A0
Q36236,A0
Q36237,A0
Q36238,A0
Q36239,A0
Q36240,A0
Q36241,A0
Q36242,A0
Q36243,A0
Q36244,A0
Q36245,A0
Q36246,A0
Q36247,A0
Q36248,A0
Q36249,A0
Q36250,A0
Q36251,A0
Q36252,A0
Q36253,A0
Q36254,A0
Q36255,A0
Q36256,A0
Q36257,A0
Q36258,A0
Q36259,A0
Q36260,A0
Q36261,A0
Q36262,A0
Q36263,A0
Q36264,A0
Q36265,A0
Q36266,A0
Q36267,A0
Q36268,A0
Q36269,A0
Q36270,A0
Q36271,A0
Q36272,A0
Q36273,A0
Q36274,A0
Q36275,A0
Q36276,A0
Q36277,A0
Q36278,A0
Q36279,A0
Q36280,A0
Q36281,A0
Q36282,A0
Q36283,A0
Q36284,A0
Q36285,A0
Q36286,A0
Q36287,A0
Q36288,A0
Q36289,A0
Q36290,A0
Q36291,A0
Q36292,A0
Q36293,A0
Q36294,A0
Q36295,A0
Q36296,A0
Q36297,A0
Q36298,A0
Q36299,A0
Q36300,A0
Q36301,A0
Q36302,A0
Q36303,A0
Q36304,A0
Q36305,A0
Q36306,A0
Q36307,A0
Q36308,A0
Q36309,A0
Q36310,A0
Q36311,A0
Q36312,A0
Q36313,A0
Q36314,A0
Q36315,A0
Q36316,A0
Q36317,A0
Q36318,A0
Q36319,A0
Q36320,A0
Q36321,A0
Q36322,A0
Q36323,A0
Q36324,A0
Q36325,A0
Q36326,A0
Q36327,A0
Q36328,A0
Q36329,A0
Q36330,A0
Q36331,A0
Q36332,A0
Q36333,A0
Q36334,A0
Q36335,A0
Q36336,A0
Q36337,A0
Q36338,A0
Q36339,A0
Q36340,A0
Q36341,A0
Q36342,A0
Q36343,A0
Q36344,A0
Q36345,A0
Q36346,A0
Q36347,A0
Q36348,A0
Q36349,A0
Q36350,A0
Q36351,A0
Q36352,A0
Q36353,A0
Q36354,A0
Q36355,A0
Q36356,A0
Q36357,A0
Q36358,A0
Q36359,A0
Q36360,A0
Q36361,A0
Q36362,A0
Q36363,A0
Q36364,A0
Q36365,A0
Q36366,A0
Q36367,A0
Q36368,A0
Q36369,A0
Q36370,A0
Q36371,A0
Q36372,A0
Q36373,A0
Q36374,A0
Q36375,A0
Q36376,A0
Q36377,A0
Q36378,A0
Q36379,A0
Q36380,A0
Q36381,A0
Q36382,A0
Q36383,A0
Q36384,A0
Q36385,A0
Q36386,A0
Q36387,A0
Q36388,A0
Q36389,A0
Q36390,A0
Q36391,A0
Q36392,A0
Q36393,A0
Q36394,A0
Q36395,A0
Q36396,A0
Q36397,A0
Q36398,A0
Q36399,A0
Q36400,A0
Q36401,A0
Q36402,A0
Q36403,A0
Q36404,A0
Q36405,A0
Q36406,A0
Q36407,A0
Q36408,A0
Q36409,A0
Q36410,A0
Q36411,A0
Q36412,A0
Q36413,A0
Q36414,A0
Q36415,A0
Q36416,A0
Q36417,A0
Q36418,A0
Q36419,A0
Q36420,A0
Q36421,A0
Q36422,A0
Q36423,A0
Q36424,A0
Q36425,A0
Q36426,A0
Q36427,A0
Q36428,A0
Q36429,A0
Q36430,A0
Q36431,A0
Q36432,A0
Q36433,A0
Q36434,A0
Q36435,A0
Q36436,A0
Q36437,A0
Q36438,A0
Q36439,A0
Q36440,A0
Q36441,A0
Q36442,A0
Q36443,A0
Q36444,A0
Q36445,A0
Q36446,A0
Q36447,A0
Q36448,A0
Q36449,A0
Q36450,A0
Q36451,A0
Q36452,A0
Q36453,A0
Q36454,A0
Q36455,A0
Q36456,A0
Q36457,A0
Q36458,A0
Q36459,A0
Q36460,A0
Q36461,A0
Q36462,A0
Q36463,A0
Q36464,A0
Q36465,A0
Q36466,A0
Q36467,A0
Q36468,A0
Q36469,A0
Q36470,A0
Q36471,A0
Q36472,A0
Q36473,A0
Q36474,A0
Q36475,A0
Q36476,A0
Q36477,A0
Q36478,A0
Q36479,A0
Q36480,A0
Q36481,A0
Q36482,A0
Q36483,A0
Q36484,A0
Q36485,A0
Q36486,A0
Q36487,A0
Q36488,A0
Q36489,A0
Q36490,A0
Q36491,A0
Q36492,A0
Q36493,A0
Q36494,A0
Q36495,A0
Q36496,A0
Q36497,A0
Q36498,A0
Q36499,A0
Q36500,A0
Q36501,A0
Q36502,A0
Q36503,A0
Q36504,A0
Q36505,A0
Q36506,A0
Q36507,A0
Q36508,A0
Q36509,A0
Q36510,A0
Q36511,A0
Q36512,A0
Q36513,A0
Q36514,A0
Q36515,A0
Q36516,A0
Q36517,A0
Q36518,A0
Q36519,A0
Q36520,A0
Q36521,A0
Q36522,A0
Q36523,A0
Q36524,A0
Q36525,A0
Q36526,A0
Q36527,A0
Q36528,A0
Q36529,A0
Q36530,A0
Q36531,A0
Q36532,A0
Q36533,A0
Q36534,A0
Q36535,A0
Q36536,A0
Q36537,A0
Q36538,A0
Q36539,A0
Q36540,A0
Q36541,A0
Q36542,A0
Q36543,A0
Q36544,A0
Q36545,A0
Q36546,A0
Q36547,A0
Q36548,A0
Q36549,A0
Q36550,A0
Q36551,A0
Q36552,A0
Q36553,A0
Q36554,A0
Q36555,A0
Q36556,A0
Q36557,A0
Q36558,A0
Q36559,A0
Q36560,A0
Q36561,A0
Q36562,A0
Q36563,A0
Q36564,A0
Q36565,A0
Q36566,A0
Q36567,A0
Q36568,A0
Q36569,A0
Q36570,A0
Q36571,A0
Q36572,A0
Q36573,A0
Q36574,A0
Q36575,A0
Q36576,A0
Q36577,A0
Q36578,A0
Q36579,A0
Q36580,A0
Q36581,A0
Q36582,A0
Q36583,A0
Q36584,A0
Q36585,A0
Q36586,A0
Q36587,A0
Q36588,A0
Q36589,A0
Q36590,A0
Q36591,A0
Q36592,A0
Q36593,A0
Q36594,A0
Q36595,A0
Q36596,A0
Q36597,A0
Q36598,A0
Q36599,A0
Q36600,A0
Q36601,A0
Q36602,A0
Q36603,A0
Q36604,A0
Q36605,A0
Q36606,A0
Q36607,A0
Q36608,A0
Q36609,A0
Q36610,A0
Q36611,A0
Q36612,A0
Q36613,A0
Q36614,A0
Q36615,A0
Q36616,A0
Q36617,A0
Q36618,A0
Q36619,A0
Q36620,A0
Q36621,A0
Q36622,A0
Q36623,A0
Q36624,A0
Q36625,A0
Q36626,A0
Q36627,A0
Q36628,A0
Q36629,A0
Q36630,A0
Q36631,A0
Q36632,A0
Q36633,A0
Q36634,A0
Q36635,A0
Q36636,A0
Q36637,A0
Q36638,A0
Q36639,A0
Q36640,A0
Q36641,A0
Q36642,A0
Q36643,A0
Q36644,A0
Q36645,A0
Q36646,A0
Q36647,A0
Q36648,A0
Q36649,A0
Q36650,A0
Q36651,A0
Q36652,A0
Q36653,A0
Q36654,A0
Q36655,A0
Q36656,A0
Q36657,A0
Q36658,A0
Q36659,A0
Q36660,A0
Q36661,A0
Q36662,A0
Q36663,A0
Q36664,A0
Q36665,A0
Q36666,A0
Q36667,A0
Q36668,A0
Q36669,A0
Q36670,A0
Q36671,A0
Q36672,A0
Q36673,A0
Q36674,A0
Q36675,A0
Q36676,A0
Q36677,A0
Q36678,A0
Q36679,A0
Q36680,A0
Q36681,A0
Q36682,A0
Q36683,A0
Q36684,A0
Q36685,A0
Q36686,A0
Q36687,A0
Q36688,A0
Q36689,A0
Q36690,A0
Q36691,A0
Q36692,A0
Q36693,A0
Q36694,A0
Q36695,A0
Q36696,A0
Q36697,A0
Q36698,A0
Q36699,A0
Q36700,A0
Q36701,A0
Q36702,A0
Q36703,A0
Q36704,A0
Q36705,A0
Q36706,A0
Q36707,A0
Q36708,A0
Q36709,A0
Q36710,A0
Q36711,A0
Q36712,A0
Q36713,A0
Q36714,A0
Q36715,A0
Q36716,A0
Q36717,A0
Q36718,A0
Q36719,A0
Q36720,A0
Q36721,A0
Q36722,A0
Q36723,A0
Q36724,A0
Q36725,A0
Q36726,A0
Q36727,A0
Q36728,A0
Q36729,A0
Q36730,A0
Q36731,A0
Q36732,A0
Q36733,A0
Q36734,A0
Q36735,A0
Q36736,A0
Q36737,A0
Q36738,A0
Q36739,A0
Q36740,A0
Q36741,A0
Q36742,A0
Q36743,A0
Q36744,A0
Q36745,A0
Q36746,A0
Q36747,A0
Q36748,A0
Q36749,A0
Q36750,A0
Q36751,A0
Q36752,A0
Q36753,A0
Q36754,A0
Q36755,A0
Q36756,A0
Q36757,A0
Q36758,A0
Q36759,A0
Q36760,A0
Q36761,A0
Q36762,A0
Q36763,A0
Q36764,A0
Q36765,A0
Q36766,A0
Q36767,A0
Q36768,A0
Q36769,A0
Q36770,A0
Q36771,A0
Q36772,A0
Q36773,A0
Q36774,A0
Q36775,A0
Q36776,A0
Q36777,A0
Q36778,A0
Q36779,A0
Q36780,A0
Q36781,A0
Q36782,A0
Q36783,A0
Q36784,A0
Q36785,A0
Q36786,A0
Q36787,A0
Q36788,A0
Q36789,A0
Q36790,A0
Q36791,A0
Q36792,A0
Q36793,A0
Q36794,A0
Q36795,A0
Q36796,A0
Q36797,A0
Q36798,A0
Q36799,A0
Q36800,A0
Q36801,A0
Q36802,A0
Q36803,A0
Q36804,A0
Q36805,A0
Q36806,A0
Q36807,A0
Q36808,A0
Q36809,A0
Q36810,A0
Q36811,A0
Q36812,A0
Q36813,A0
Q36814,A0
Q36815,A0
Q36816,A0
Q36817,A0
Q36818,A0
Q36819,A0
Q36820,A0
Q36821,A0
Q36822,A0
Q36823,A0
Q36824,A0
Q36825,A0
Q36826,A0
Q36827,A0
Q36828,A0
Q36829,A0
Q36830,A0
Q36831,A0
Q36832,A0
Q36833,A0
Q36834,A0
Q36835,A0
Q36836,A0
Q36837,A0
Q36838,A0
Q36839,A0
Q36840,A0
Q36841,A0
Q36842,A0
Q36843,A0
Q36844,A0
Q36845,A0
Q36846,A0
Q36847,A0
Q36848,A0
Q36849,A0
Q36850,A0
Q36851,A0
Q36852,A0
Q36853,A0
Q36854,A0
Q36855,A0
Q36856,A0
Q36857,A0
Q36858,A0
Q36859,A0
Q36860,A0
Q36861,A0
Q36862,A0
Q36863,A0
Q36864,A0
Q36865,A0
Q36866,A0
Q36867,A0
Q36868,A0
Q36869,A0
Q36870,A0
Q36871,A0
Q36872,A0
Q36873,A0
Q36874,A0
Q36875,A0
Q36876,A0
Q36877,A0
Q36878,A0
Q36879,A0
Q36880,A0
Q36881,A0
Q36882,A0
Q36883,A0
Q36884,A0
Q36885,A0
Q36886,A0
Q36887,A0
Q36888,A0
Q36889,A0
Q36890,A0
Q36891,A0
Q36892,A0
Q36893,A0
Q36894,A0
Q36895,A0
Q36896,A0
Q36897,A0
Q36898,A0
Q36899,A0
Q36900,A0
Q36901,A0
Q36902,A0
Q36903,A0
Q36904,A0
Q36905,A0
Q36906,A0
Q36907,A0
Q36908,A0
Q36909,A0
Q36910,A0
Q36911,A0
Q36912,A0
Q36913,A0
Q36914,A0
Q36915,A0
Q36916,A0
Q36917,A0
Q36918,A0
Q36919,A0
Q36920,A0
Q36921,A0
Q36922,A0
Q36923,A0
Q36924,A0
Q36925,A0
Q36926,A0
Q36927,A0
Q36928,A0
Q36929,A0
Q36930,A0
Q36931,A0
Q36932,A0
Q36933,A0
Q36934,A0
Q36935,A0
Q36936,A0
Q36937,A0
Q36938,A0
Q36939,A0
Q36940,A0
Q36941,A0
Q36942,A0
Q36943,A0
Q36944,A0
Q36945,A0
Q36946,A0
Q36947,A0
Q36948,A0
Q36949,A0
Q36950,A0
Q36951,A0
Q36952,A0
Q36953,A0
Q36954,A0
Q36955,A0
Q36956,A0
Q36957,A0
Q36958,A0
Q36959,A0
Q36960,A0
Q36961,A0
Q36962,A0
Q36963,A0
Q36964,A0
Q36965,A0
Q36966,A0
Q36967,A0
Q36968,A0
Q36969,A0
Q36970,A0
Q36971,A0
Q36972,A0
Q36973,A0
Q36974,A0
Q36975,A0
Q36976,A0
Q36977,A0
Q36978,A0
Q36979,A0
Q36980,A0
Q36981,A0
Q36982,A0
Q36983,A0
Q36984,A0
Q36985,A0
Q36986,A0
Q36987,A0
Q36988,A0
Q36989,A0
Q36990,A0
Q36991,A0
Q36992,A0
Q36993,A0
Q36994,A0
Q36995,A0
Q36996,A0
Q36997,A0
Q36998,A0
Q36999,A0
Q37000,A0
Q37001,A0
Q37002,A0
Q37003,A0
Q37004,A0
Q37005,A0
Q37006,A0
Q37007,A0
Q37008,A0
Q37009,A0
Q37010,A0
Q37011,A0
Q37012,A0
Q37013,A0
Q37014,A0
Q37015,A0
Q37016,A0
Q37017,A0
Q37018,A0
Q37019,A0
Q37020,A0
Q37021,A0
Q37022,A0
Q37023,A0
Q37024,A0
Q37025,A0
Q37026,A0
Q37027,A0
Q37028,A0
Q37029,A0
Q37030,A0
Q37031,A0
Q37032,A0
Q37033,A0
Q37034,A0
Q37035,A0
Q37036,A0
Q37037,A0
Q37038,A0
Q37039,A0
Q37040,A0
Q37041,A0
Q37042,A0
Q37043,A0
Q37044,A0
Q37045,A0
Q37046,A0
Q37047,A0
Q37048,A0
Q37049,A0
Q37050,A0
Q37051,A0
Q37052,A0
Q37053,A0
Q37054,A0
Q37055,A0
Q37056,A0
Q37057,A0
Q37058,A0
Q37059,A0
Q37060,A0
Q37061,A0
Q37062,A0
Q37063,A0
Q37064,A0
Q37065,A0
Q37066,A0
Q37067,A0
Q37068,A0
Q37069,A0
Q37070,A0
Q37071,A0
Q37072,A0
Q37073,A0
Q37074,A0
Q37075,A0
Q37076,A0
Q37077,A0
Q37078,A0
Q37079,A0
Q37080,A0
Q37081,A0
Q37082,A0
Q37083,A0
Q37084,A0
Q37085,A0
Q37086,A0
Q37087,A0
Q37088,A0
Q37089,A0
Q37090,A0
Q37091,A0
Q37092,A0
Q37093,A0
Q37094,A0
Q37095,A0
Q37096,A0
Q37097,A0
Q37098,A0
Q37099,A0
Q37100,A0
Q37101,A0
Q37102,A0
Q37103,A0
Q37104,A0
Q37105,A0
Q37106,A0
Q37107,A0
Q37108,A0
Q37109,A0
Q37110,A0
Q37111,A0
Q37112,A0
Q37113,A0
Q37114,A0
Q37115,A0
Q37116,A0
Q37117,A0
Q37118,A0
Q37119,A0
Q37120,A0
Q37121,A0
Q37122,A0
Q37123,A0
Q37124,A0
Q37125,A0
Q37126,A0
Q37127,A0
Q37128,A0
Q37129,A0
Q37130,A0
Q37131,A0
Q37132,A0
Q37133,A0
Q37134,A0
Q37135,A0
Q37136,A0
Q37137,A0
Q37138,A0
Q37139,A0
Q37140,A0
Q37141,A0
Q37142,A0
Q37143,A0
Q37144,A0
Q37145,A0
Q37146,A0
Q37147,A0
Q37148,A0
Q37149,A0
Q37150,A0
Q37151,A0
Q37152,A0
Q37153,A0
Q37154,A0
Q37155,A0
Q37156,A0
Q37157,A0
Q37158,A0
Q37159,A0
Q37160,A0
Q37161,A0
Q37162,A0
Q37163,A0
Q37164,A0
Q37165,A0
Q37166,A0
Q37167,A0
Q37168,A0
Q37169,A0
Q37170,A0
Q37171,A0
Q37172,A0
Q37173,A0
Q37174,A0
Q37175,A0
Q37176,A0
Q37177,A0
Q37178,A0
Q37179,A0
Q37180,A0
Q37181,A0
Q37182,A0
Q37183,A0
Q37184,A0
Q37185,A0
Q37186,A0
Q37187,A0
Q37188,A0
Q37189,A0
Q37190,A0
Q37191,A0
Q37192,A0
Q37193,A0
Q37194,A0
Q37195,A0
Q37196,A0
Q37197,A0
Q37198,A0
Q37199,A0
Q37200,A0
Q37201,A0
Q37202,A0
Q37203,A0
Q37204,A0
Q37205,A0
Q37206,A0
Q37207,A0
Q37208,A0
Q37209,A0
Q37210,A0
Q37211,A0
Q37212,A0
Q37213,A0
Q37214,A0
Q37215,A0
Q37216,A0
Q37217,A0
Q37218,A0
Q37219,A0
Q37220,A0
Q37221,A0
Q37222,A0
Q37223,A0
Q37224,A0
Q37225,A0
Q37226,A0
Q37227,A0
Q37228,A0
Q37229,A0
Q37230,A0
Q37231,A0
Q37232,A0
Q37233,A0
Q37234,A0
Q37235,A0
Q37236,A0
Q37237,A0
Q37238,A0
Q37239,A0
Q37240,A0
Q37241,A0
Q37242,A0
Q37243,A0
Q37244,A0
Q37245,A0
Q37246,A0
Q37247,A0
Q37248,A0
Q37249,A0
Q37250,A0
Q37251,A0
Q37252,A0
Q37253,A0
Q37254,A0
Q37255,A0
Q37256,A0
Q37257,A0
Q37258,A0
Q37259,A0
Q37260,A0
Q37261,A0
Q37262,A0
Q37263,A0
Q37264,A0
Q37265,A0
Q37266,A0
Q37267,A0
Q37268,A0
Q37269,A0
Q37270,A0
Q37271,A0
Q37272,A0
Q37273,A0
Q37274,A0
Q37275,A0
Q37276,A0
Q37277,A0
Q37278,A0
Q37279,A0
Q37280,A0
Q37281,A0
Q37282,A0
Q37283,A0
Q37284,A0
Q37285,A0
Q37286,A0
Q37287,A0
Q37288,A0
Q37289,A0
Q37290,A0
Q37291,A0
Q37292,A0
Q37293,A0
Q37294,A0
Q37295,A0
Q37296,A0
Q37297,A0
Q37298,A0
Q37299,A0
Q37300,A0
Q37301,A0
Q37302,A0
Q37303,A0
Q37304,A0
Q37305,A0
Q37306,A0
Q37307,A0
Q37308,A0
Q37309,A0
Q37310,A0
Q37311,A0
Q37312,A0
Q37313,A0
Q37314,A0
Q37315,A0
Q37316,A0
Q37317,A0
Q37318,A0
Q37319,A0
Q37320,A0
Q37321,A0
Q37322,A0
Q37323,A0
Q37324,A0
Q37325,A0
Q37326,A0
Q37327,A0
Q37328,A0
Q37329,A0
Q37330,A0
Q37331,A0
Q37332,A0
Q37333,A0
Q37334,A0
Q37335,A0
Q37336,A0
Q37337,A0
Q37338,A0
Q37339,A0
Q37340,A0
Q37341,A0
Q37342,A0
Q37343,A0
Q37344,A0
Q37345,A0
Q37346,A0
Q37347,A0
Q37348,A0
Q37349,A0
Q37350,A0
Q37351,A0
Q37352,A0
Q37353,A0
Q37354,A0
Q37355,A0
Q37356,A0
Q37357,A0
Q37358,A0
Q37359,A0
Q37360,A0
Q37361,A0
Q37362,A0
Q37363,A0
Q37364,A0
Q37365,A0
Q37366,A0
Q37367,A0
Q37368,A0
Q37369,A0
Q37370,A0
Q37371,A0
Q37372,A0
Q37373,A0
Q37374,A0
Q37375,A0
Q37376,A0
Q37377,A0
Q37378,A0
Q37379,A0
Q37380,A0
Q37381,A0
Q37382,A0
Q37383,A0
Q37384,A0
Q37385,A0
Q37386,A0
Q37387,A0
Q37388,A0
Q37389,A0
Q37390,A0
Q37391,A0
Q37392,A0
Q37393,A0
Q37394,A0
Q37395,A0
Q37396,A0
Q37397,A0
Q37398,A0
Q37399,A0
Q37400,A0
Q37401,A0
Q37402,A0
Q37403,A0
Q37404,A0
Q37405,A0
Q37406,A0
Q37407,A0
Q37408,A0
Q37409,A0
Q37410,A0
Q37411,A0
Q37412,A0
Q37413,A0
Q37414,A0
Q37415,A0
Q37416,A0
Q37417,A0
Q37418,A0
Q37419,A0
Q37420,A0
Q37421,A0
Q37422,A0
Q37423,A0
Q37424,A0
Q37425,A0
Q37426,A0
Q37427,A0
Q37428,A0
Q37429,A0
Q37430,A0
Q37431,A0
Q37432,A0
Q37433,A0
Q37434,A0
Q37435,A0
Q37436,A0
Q37437,A0
Q37438,A0
Q37439,A0
Q37440,A0
Q37441,A0
Q37442,A0
Q37443,A0
Q37444,A0
Q37445,A0
Q37446,A0
Q37447,A0
Q37448,A0
Q37449,A0
Q37450,A0
Q37451,A0
Q37452,A0
Q37453,A0
Q37454,A0
Q37455,A0
Q37456,A0
Q37457,A0
Q37458,A0
Q37459,A0
Q37460,A0
Q37461,A0
Q37462,A0
Q37463,A0
Q37464,A0
Q37465,A0
Q37466,A0
Q37467,A0
Q37468,A0
Q37469,A0
Q37470,A0
Q37471,A0
Q37472,A0
Q37473,A0
Q37474,A0
Q37475,A0
Q37476,A0
Q37477,A0
Q37478,A0
Q37479,A0
Q37480,A0
Q37481,A0
Q37482,A0
Q37483,A0
Q37484,A0
Q37485,A0
Q37486,A0
Q37487,A0
Q37488,A0
Q37489,A0
Q37490,A0
Q37491,A0
Q37492,A0
Q37493,A0
Q37494,A0
Q37495,A0
Q37496,A0
Q37497,A0
Q37498,A0
Q37499,A0
Q37500,A0
Q37501,A0
Q37502,A0
Q37503,A0
Q37504,A0
Q37505,A0
Q37506,A0
Q37507,A0
Q37508,A0
Q37509,A0
Q37510,A0
Q37511,A0
Q37512,A0
Q37513,A0
Q37514,A0
Q37515,A0
Q37516,A0
Q37517,A0
Q37518,A0
Q37519,A0
Q37520,A0
Q37521,A0
Q37522,A0
Q37523,A0
Q37524,A0
Q37525,A0
Q37526,A0
Q37527,A0
Q37528,A0
Q37529,A0
Q37530,A0
Q37531,A0
Q37532,A0
Q37533,A0
Q37534,A0
Q37535,A0
Q37536,A0
Q37537,A0
Q37538,A0
Q37539,A0
Q37540,A0
Q37541,A0
Q37542,A0
Q37543,A0
Q37544,A0
Q37545,A0
Q37546,A0
Q37547,A0
Q37548,A0
Q37549,A0
Q37550,A0
Q37551,A0
Q37552,A0
Q37553,A0
Q37554,A0
Q37555,A0
Q37556,A0
Q37557,A0
Q37558,A0
Q37559,A0
Q37560,A0
Q37561,A0
Q37562,A0
Q37563,A0
Q37564,A0
Q37565,A0
Q37566,A0
Q37567,A0
Q37568,A0
Q37569,A0
Q37570,A0
Q37571,A0
Q37572,A0
Q37573,A0
Q37574,A0
Q37575,A0
Q37576,A0
Q37577,A0
Q37578,A0
Q37579,A0
Q37580,A0
Q37581,A0
Q37582,A0
Q37583,A0
Q37584,A0
Q37585,A0
Q37586,A0
Q37587,A0
Q37588,A0
Q37589,A0
Q37590,A0
Q37591,A0
Q37592,A0
Q37593,A0
Q37594,A0
Q37595,A0
Q37596,A0
Q37597,A0
Q37598,A0
Q37599,A0
Q37600,A0
Q37601,A0
Q37602,A0
Q37603,A0
Q37604,A0
Q37605,A0
Q37606,A0
Q37607,A0
Q37608,A0
Q37609,A0
Q37610,A0
Q37611,A0
Q37612,A0
Q37613,A0
Q37614,A0
Q37615,A0
Q37616,A0
Q37617,A0
Q37618,A0
Q37619,A0
Q37620,A0
Q37621,A0
Q37622,A0
Q37623,A0
Q37624,A0
Q37625,A0
Q37626,A0
Q37627,A0
Q37628,A0
Q37629,A0
Q37630,A0
Q37631,A0
Q37632,A0
Q37633,A0
Q37634,A0
Q37635,A0
Q37636,A0
Q37637,A0
Q37638,A0
Q37639,A0
Q37640,A0
Q37641,A0
Q37642,A0
Q37643,A0
Q37644,A0
Q37645,A0
Q37646,A0
Q37647,A0
Q37648,A0
Q37649,A0
Q37650,A0
Q37651,A0
Q37652,A0
Q37653,A0
Q37654,A0
Q37655,A0
Q37656,A0
Q37657,A0
Q37658,A0
Q37659,A0
Q37660,A0
Q37661,A0
Q37662,A0
Q37663,A0
Q37664,A0
Q37665,A0
Q37666,A0
Q37667,A0
Q37668,A0
Q37669,A0
Q37670,A0
Q37671,A0
Q37672,A0
Q37673,A0
Q37674,A0
Q37675,A0
Q37676,A0
Q37677,A0
Q37678,A0
Q37679,A0
Q37680,A0
Q37681,A0
Q37682,A0
Q37683,A0
Q37684,A0
Q37685,A0
Q37686,A0
Q37687,A0
Q37688,A0
Q37689,A0
Q37690,A0
Q37691,A0
Q37692,A0
Q37693,A0
Q37694,A0
Q37695,A0
Q37696,A0
Q37697,A0
Q37698,A0
Q37699,A0
Q37700,A0
Q37701,A0
Q37702,A0
Q37703,A0
Q37704,A0
Q37705,A0
Q37706,A0
Q37707,A0
Q37708,A0
Q37709,A0
Q37710,A0
Q37711,A0
Q37712,A0
Q37713,A0
Q37714,A0
Q37715,A0
Q37716,A0
Q37717,A0
Q37718,A0
Q37719,A0
Q37720,A0
Q37721,A0
Q37722,A0
Q37723,A0
Q37724,A0
Q37725,A0
Q37726,A0
Q37727,A0
Q37728,A0
Q37729,A0
Q37730,A0
Q37731,A0
Q37732,A0
Q37733,A0
Q37734,A0
Q37735,A0
Q37736,A0
Q37737,A0
Q37738,A0
Q37739,A0
Q37740,A0
Q37741,A0
Q37742,A0
Q37743,A0
Q37744,A0
Q37745,A0
Q37746,A0
Q37747,A0
Q37748,A0
Q37749,A0
Q37750,A0
Q37751,A0
Q37752,A0
Q37753,A0
Q37754,A0
Q37755,A0
Q37756,A0
Q37757,A0
Q37758,A0
Q37759,A0
Q37760,A0
Q37761,A0
Q37762,A0
Q37763,A0
Q37764,A0
Q37765,A0
Q37766,A0
Q37767,A0
Q37768,A0
Q37769,A0
Q37770,A0
Q37771,A0
Q37772,A0
Q37773,A0
Q37774,A0
Q37775,A0
Q37776,A0
Q37777,A0
Q37778,A0
Q37779,A0
Q37780,A0
Q37781,A0
Q37782,A0
Q37783,A0
Q37784,A0
Q37785,A0
Q37786,A0
Q37787,A0
Q37788,A0
Q37789,A0
Q37790,A0
Q37791,A0
Q37792,A0
Q37793,A0
Q37794,A0
Q37795,A0
Q37796,A0
Q37797,A0
Q37798,A0
Q37799,A0
Q37800,A0
Q37801,A0
Q37802,A0
Q37803,A0
Q37804,A0
Q37805,A0
Q37806,A0
Q37807,A0
Q37808,A0
Q37809,A0
Q37810,A0
Q37811,A0
Q37812,A0
Q37813,A0
Q37814,A0
Q37815,A0
Q37816,A0
Q37817,A0
Q37818,A0
Q37819,A0
Q37820,A0
Q37821,A0
Q37822,A0
Q37823,A0
Q37824,A0
Q37825,A0
Q37826,A0
Q37827,A0
Q37828,A0
Q37829,A0
Q37830,A0
Q37831,A0
Q37832,A0
Q37833,A0
Q37834,A0
Q37835,A0
Q37836,A0
Q37837,A0
Q37838,A0
Q37839,A0
Q37840,A0
Q37841,A0
Q37842,A0
Q37843,A0
Q37844,A0
Q37845,A0
Q37846,A0
Q37847,A0
Q37848,A0
Q37849,A0
Q37850,A0
Q37851,A0
Q37852,A0
Q37853,A0
Q37854,A0
Q37855,A0
Q37856,A0
Q37857,A0
Q37858,A0
Q37859,A0
Q37860,A0
Q37861,A0
Q37862,A0
Q37863,A0
Q37864,A0
Q37865,A0
Q37866,A0
Q37867,A0
Q37868,A0
Q37869,A0
Q37870,A0
Q37871,A0
Q37872,A0
Q37873,A0
Q37874,A0
Q37875,A0
Q37876,A0
Q37877,A0
Q37878,A0
Q37879,A0
Q37880,A0
Q37881,A0
Q37882,A0
Q37883,A0
Q37884,A0
Q37885,A0
Q37886,A0
Q37887,A0
Q37888,A0
Q37889,A0
Q37890,A0
Q37891,A0
Q37892,A0
Q37893,A0
Q37894,A0
Q37895,A0
Q37896,A0
Q37897,A0
Q37898,A0
Q37899,A0
Q37900,A0
Q37901,A0
Q37902,A0
Q37903,A0
Q37904,A0
Q37905,A0
Q37906,A0
Q37907,A0
Q37908,A0
Q37909,A0
Q37910,A0
Q37911,A0
Q37912,A0
Q37913,A0
Q37914,A0
Q37915,A0
Q37916,A0
Q37917,A0
Q37918,A0
Q37919,A0
Q37920,A0
Q37921,A0
Q37922,A0
Q37923,A0
Q37924,A0
Q37925,A0
Q37926,A0
Q37927,A0
Q37928,A0
Q37929,A0
Q37930,A0
Q37931,A0
Q37932,A0
Q37933,A0
Q37934,A0
Q37935,A0
Q37936,A0
Q37937,A0
Q37938,A0
Q37939,A0
Q37940,A0
Q37941,A0
Q37942,A0
Q37943,A0
Q37944,A0
Q37945,A0
Q37946,A0
Q37947,A0
Q37948,A0
Q37949,A0
Q37950,A0
Q37951,A0
Q37952,A0
Q37953,A0
Q37954,A0
Q37955,A0
Q37956,A0
Q37957,A0
Q37958,A0
Q37959,A0
Q37960,A0
Q37961,A0
Q37962,A0
Q37963,A0
Q37964,A0
Q37965,A0
Q37966,A0
Q37967,A0
Q37968,A0
Q37969,A0
Q37970,A0
Q37971,A0
Q37972,A0
Q37973,A0
Q37974,A0
Q37975,A0
Q37976,A0
Q37977,A0
Q37978,A0
Q37979,A0
Q37980,A0
Q37981,A0
Q37982,A0
Q37983,A0
Q37984,A0
Q37985,A0
Q37986,A0
Q37987,A0
Q37988,A0
Q37989,A0
Q37990,A0
Q37991,A0
Q37992,A0
Q37993,A0
Q37994,A0
Q37995,A0
Q37996,A0
Q37997,A0
Q37998,A0
Q37999,A0
Q38000,A0
Q38001,A0
Q38002,A0
Q38003,A0
Q38004,A0
Q38005,A0
Q38006,A0
Q38007,A0
Q38008,A0
Q38009,A0
Q38010,A0
Q38011,A0
Q38012,A0
Q38013,A0
Q38014,A0
Q38015,A0
Q38016,A0
Q38017,A0
Q38018,A0
Q38019,A0
Q38020,A0
Q38021,A0
Q38022,A0
Q38023,A0
Q38024,A0
Q38025,A0
Q38026,A0
Q38027,A0
Q38028,A0
Q38029,A0
Q38030,A0
Q38031,A0
Q38032,A0
Q38033,A0
Q38034,A0
Q38035,A0
Q38036,A0
Q38037,A0
Q38038,A0
Q38039,A0
Q38040,A0
Q38041,A0
Q38042,A0
Q38043,A0
Q38044,A0
Q38045,A0
Q38046,A0
Q38047,A0
Q38048,A0
Q38049,A0
Q38050,A0
Q38051,A0
Q38052,A0
Q38053,A0
Q38054,A0
Q38055,A0
Q38056,A0
Q38057,A0
Q38058,A0
Q38059,A0
Q38060,A0
Q38061,A0
Q38062,A0
Q38063,A0
Q38064,A0
Q38065,A0
Q38066,A0
Q38067,A0
Q38068,A0
Q38069,A0
Q38070,A0
Q38071,A0
Q38072,A0
Q38073,A0
Q38074,A0
Q38075,A0
Q38076,A0
Q38077,A0
Q38078,A0
Q38079,A0
Q38080,A0
Q38081,A0
Q38082,A0
Q38083,A0
Q38084,A0
Q38085,A0
Q38086,A0
Q38087,A0
Q38088,A0
Q38089,A0
Q38090,A0
Q38091,A0
Q38092,A0
Q38093,A0
Q38094,A0
Q38095,A0
Q38096,A0
Q38097,A0
Q38098,A0
Q38099,A0
Q38100,A0
Q38101,A0
Q38102,A0
Q38103,A0
Q38104,A0
Q38105,A0
Q38106,A0
Q38107,A0
Q38108,A0
Q38109,A0
Q38110,A0
Q38111,A0
Q38112,A0
Q38113,A0
Q38114,A0
Q38115,A0
Q38116,A0
Q38117,A0
Q38118,A0
Q38119,A0
Q38120,A0
Q38121,A0
Q38122,A0
Q38123,A0
Q38124,A0
Q38125,A0
Q38126,A0
Q38127,A0
Q38128,A0
Q38129,A0
Q38130,A0
Q38131,A0
Q38132,A0
Q38133,A0
Q38134,A0
Q38135,A0
Q38136,A0
Q38137,A0
Q38138,A0
Q38139,A0
Q38140,A0
Q38141,A0
Q38142,A0
Q38143,A0
Q38144,A0
Q38145,A0
Q38146,A0
Q38147,A0
Q38148,A0
Q38149,A0
Q38150,A0
Q38151,A0
Q38152,A0
Q38153,A0
Q38154,A0
Q38155,A0
Q38156,A0
Q38157,A0
Q38158,A0
Q38159,A0
Q38160,A0
Q38161,A0
Q38162,A0
Q38163,A0
Q38164,A0
Q38165,A0
Q38166,A0
Q38167,A0
Q38168,A0
Q38169,A0
Q38170,A0
Q38171,A0
Q38172,A0
Q38173,A0
Q38174,A0
Q38175,A0
Q38176,A0
Q38177,A0
Q38178,A0
Q38179,A0
Q38180,A0
Q38181,A0
Q38182,A0
Q38183,A0
Q38184,A0
Q38185,A0
Q38186,A0
Q38187,A0
Q38188,A0
Q38189,A0
Q38190,A0
Q38191,A0
Q38192,A0
Q38193,A0
Q38194,A0
Q38195,A0
Q38196,A0
Q38197,A0
Q38198,A0
Q38199,A0
Q38200,A0
Q38201,A0
Q38202,A0
Q38203,A0
Q38204,A0
Q38205,A0
Q38206,A0
Q38207,A0
Q38208,A0
Q38209,A0
Q38210,A0
Q38211,A0
Q38212,A0
Q38213,A0
Q38214,A0
Q38215,A0
Q38216,A0
Q38217,A0
Q38218,A0
Q38219,A0
Q38220,A0
Q38221,A0
Q38222,A0
Q38223,A0
Q38224,A0
Q38225,A0
Q38226,A0
Q38227,A0
Q38228,A0
Q38229,A0
Q38230,A0
Q38231,A0
Q38232,A0
Q38233,A0
Q38234,A0
Q38235,A0
Q38236,A0
Q38237,A0
Q38238,A0
Q38239,A0
Q38240,A0
Q38241,A0
Q38242,A0
Q38243,A0
Q38244,A0
Q38245,A0
Q38246,A0
Q38247,A0
Q38248,A0
Q38249,A0
Q38250,A0
Q38251,A0
Q38252,A0
Q38253,A0
Q38254,A0
Q38255,A0
Q38256,A0
Q38257,A0
Q38258,A0
Q38259,A0
Q38260,A0
Q38261,A0
Q38262,A0
Q38263,A0
Q38264,A0
Q38265,A0
Q38266,A0
Q38267,A0
Q38268,A0
Q38269,A0
Q38270,A0
Q38271,A0
Q38272,A0
Q38273,A0
Q38274,A0
Q38275,A0
Q38276,A0
Q38277,A0
Q38278,A0
Q38279,A0
Q38280,A0
Q38281,A0
Q38282,A0
Q38283,A0
Q38284,A0
Q38285,A0
Q38286,A0
Q38287,A0
Q38288,A0
Q38289,A0
Q38290,A0
Q38291,A0
Q38292,A0
Q38293,A0
Q38294,A0
Q38295,A0
Q38296,A0
Q38297,A0
Q38298,A0
Q38299,A0
Q38300,A0
Q38301,A0
Q38302,A0
Q38303,A0
Q38304,A0
Q38305,A0
Q38306,A0
Q38307,A0
Q38308,A0
Q38309,A0
Q38310,A0
Q38311,A0
Q38312,A0
Q38313,A0
Q38314,A0
Q38315,A0
Q38316,A0
Q38317,A0
Q38318,A0
Q38319,A0
Q38320,A0
Q38321,A0
Q38322,A0
Q38323,A0
Q38324,A0
Q38325,A0
Q38326,A0
Q38327,A0
Q38328,A0
Q38329,A0
Q38330,A0
Q38331,A0
Q38332,A0
Q38333,A0
Q38334,A0
Q38335,A0
Q38336,A0
Q38337,A0
Q38338,A0
Q38339,A0
Q38340,A0
Q38341,A0
Q38342,A0
Q38343,A0
Q38344,A0
Q38345,A0
Q38346,A0
Q38347,A0
Q38348,A0
Q38349,A0
Q38350,A0
Q38351,A0
Q38352,A0
Q38353,A0
Q38354,A0
Q38355,A0
Q38356,A0
Q38357,A0
Q38358,A0
Q38359,A0
Q38360,A0
Q38361,A0
Q38362,A0
Q38363,A0
Q38364,A0
Q38365,A0
Q38366,A0
Q38367,A0
Q38368,A0
Q38369,A0
Q38370,A0
Q38371,A0
Q38372,A0
Q38373,A0
Q38374,A0
Q38375,A0
Q38376,A0
Q38377,A0
Q38378,A0
Q38379,A0
Q38380,A0
Q38381,A0
Q38382,A0
Q38383,A0
Q38384,A0
Q38385,A0
Q38386,A0
Q38387,A0
Q38388,A0
Q38389,A0
Q38390,A0
Q38391,A0
Q38392,A0
Q38393,A0
Q38394,A0
Q38395,A0
Q38396,A0
Q38397,A0
Q38398,A0
Q38399,A0
Q38400,A0
Q38401,A0
Q38402,A0
Q38403,A0
Q38404,A0
Q38405,A0
Q38406,A0
Q38407,A0
Q38408,A0
Q38409,A0
Q38410,A0
Q38411,A0
Q38412,A0
Q38413,A0
Q38414,A0
Q38415,A0
Q38416,A0
Q38417,A0
Q38418,A0
Q38419,A0
Q38420,A0
Q38421,A0
Q38422,A0
Q38423,A0
Q38424,A0
Q38425,A0
Q38426,A0
Q38427,A0
Q38428,A0
Q38429,A0
Q38430,A0
Q38431,A0
Q38432,A0
Q38433,A0
Q38434,A0
Q38435,A0
Q38436,A0
Q38437,A0
Q38438,A0
Q38439,A0
Q38440,A0
Q38441,A0
Q38442,A0
Q38443,A0
Q38444,A0
Q38445,A0
Q38446,A0
Q38447,A0
Q38448,A0
Q38449,A0
Q38450,A0
Q38451,A0
Q38452,A0
Q38453,A0
Q38454,A0
Q38455,A0
Q38456,A0
Q38457,A0
Q38458,A0
Q38459,A0
Q38460,A0
Q38461,A0
Q38462,A0
Q38463,A0
Q38464,A0
Q38465,A0
Q38466,A0
Q38467,A0
Q38468,A0
Q38469,A0
Q38470,A0
Q38471,A0
Q38472,A0
Q38473,A0
Q38474,A0
Q38475,A0
Q38476,A0
Q38477,A0
Q38478,A0
Q38479,A0
Q38480,A0
Q38481,A0
Q38482,A0
Q38483,A0
Q38484,A0
Q38485,A0
Q38486,A0
Q38487,A0
Q38488,A0
Q38489,A0
Q38490,A0
Q38491,A0
Q38492,A0
Q38493,A0
Q38494,A0
Q38495,A0
Q38496,A0
Q38497,A0
Q38498,A0
Q38499,A0
Q38500,A0
Q38501,A0
Q38502,A0
Q38503,A0
Q38504,A0
Q38505,A0
Q38506,A0
Q38507,A0
Q38508,A0
Q38509,A0
Q38510,A0
Q38511,A0
Q38512,A0
Q38513,A0
Q38514,A0
Q38515,A0
Q38516,A0
Q38517,A0
Q38518,A0
Q38519,A0
Q38520,A0
Q38521,A0
Q38522,A0
Q38523,A0
Q38524,A0
Q38525,A0
Q38526,A0
Q38527,A0
Q38528,A0
Q38529,A0
Q38530,A0
Q38531,A0
Q38532,A0
Q38533,A0
Q38534,A0
Q38535,A0
Q38536,A0
Q38537,A0
Q38538,A0
Q38539,A0
Q38540,A0
Q38541,A0
Q38542,A0
Q38543,A0
Q38544,A0
Q38545,A0
Q38546,A0
Q38547,A0
Q38548,A0
Q38549,A0
Q38550,A0
Q38551,A0
Q38552,A0
Q38553,A0
Q38554,A0
Q38555,A0
Q38556,A0
Q38557,A0
Q38558,A0
Q38559,A0
Q38560,A0
Q38561,A0
Q38562,A0
Q38563,A0
Q38564,A0
Q38565,A0
Q38566,A0
Q38567,A0
Q38568,A0
Q38569,A0
Q38570,A0
Q38571,A0
Q38572,A0
Q38573,A0
Q38574,A0
Q38575,A0
Q38576,A0
Q38577,A0
Q38578,A0
Q38579,A0
Q38580,A0
Q38581,A0
Q38582,A0
Q38583,A0
Q38584,A0
Q38585,A0
Q38586,A0
Q38587,A0
Q38588,A0
Q38589,A0
Q38590,A0
Q38591,A0
Q38592,A0
Q38593,A0
Q38594,A0
Q38595,A0
Q38596,A0
Q38597,A0
Q38598,A0
Q38599,A0
Q38600,A0
Q38601,A0
Q38602,A0
Q38603,A0
Q38604,A0
Q38605,A0
Q38606,A0
Q38607,A0
Q38608,A0
Q38609,A0
Q38610,A0
Q38611,A0
Q38612,A0
Q38613,A0
Q38614,A0
Q38615,A0
Q38616,A0
Q38617,A0
Q38618,A0
Q38619,A0
Q38620,A0
Q38621,A0
Q38622,A0
Q38623,A0
Q38624,A0
Q38625,A0
Q38626,A0
Q38627,A0
Q38628,A0
Q38629,A0
Q38630,A0
Q38631,A0
Q38632,A0
Q38633,A0
Q38634,A0
Q38635,A0
Q38636,A0
Q38637,A0
Q38638,A0
Q38639,A0
Q38640,A0
Q38641,A0
Q38642,A0
Q38643,A0
Q38644,A0
Q38645,A0
Q38646,A0
Q38647,A0
Q38648,A0
Q38649,A0
Q38650,A0
Q38651,A0
Q38652,A0
Q38653,A0
Q38654,A0
Q38655,A0
Q38656,A0
Q38657,A0
Q38658,A0
Q38659,A0
Q38660,A0
Q38661,A0
Q38662,A0
Q38663,A0
Q38664,A0
Q38665,A0
Q38666,A0
Q38667,A0
Q38668,A0
Q38669,A0
Q38670,A0
Q38671,A0
Q38672,A0
Q38673,A0
Q38674,A0
Q38675,A0
Q38676,A0
Q38677,A0
Q38678,A0
Q38679,A0
Q38680,A0
Q38681,A0
Q38682,A0
Q38683,A0
Q38684,A0
Q38685,A0
Q38686,A0
Q38687,A0
Q38688,A0
Q38689,A0
Q38690,A0
Q38691,A0
Q38692,A0
Q38693,A0
Q38694,A0
Q38695,A0
Q38696,A0
Q38697,A0
Q38698,A0
Q38699,A0
Q38700,A0
Q38701,A0
Q38702,A0
Q38703,A0
Q38704,A0
Q38705,A0
Q38706,A0
Q38707,A0
Q38708,A0
Q38709,A0
Q38710,A0
Q38711,A0
Q38712,A0
Q38713,A0
Q38714,A0
Q38715,A0
Q38716,A0
Q38717,A0
Q38718,A0
Q38719,A0
Q38720,A0
Q38721,A0
Q38722,A0
Q38723,A0
Q38724,A0
Q38725,A0
Q38726,A0
Q38727,A0
Q38728,A0
Q38729,A0
Q38730,A0
Q38731,A0
Q38732,A0
Q38733,A0
Q38734,A0
Q38735,A0
Q38736,A0
Q38737,A0
Q38738,A0
Q38739,A0
Q38740,A0
Q38741,A0
Q38742,A0
Q38743,A0
Q38744,A0
Q38745,A0
Q38746,A0
Q38747,A0
Q38748,A0
Q38749,A0
Q38750,A0
Q38751,A0
Q38752,A0
Q38753,A0
Q38754,A0
Q38755,A0
Q38756,A0
Q38757,A0
Q38758,A0
Q38759,A0
Q38760,A0
Q38761,A0
Q38762,A0
Q38763,A0
Q38764,A0
Q38765,A0
Q38766,A0
Q38767,A0
Q38768,A0
Q38769,A0
Q38770,A0
Q38771,A0
Q38772,A0
Q38773,A0
Q38774,A0
Q38775,A0
Q38776,A0
Q38777,A0
Q38778,A0
Q38779,A0
Q38780,A0
Q38781,A0
Q38782,A0
Q38783,A0
Q38784,A0
Q38785,A0
Q38786,A0
Q38787,A0
Q38788,A0
Q38789,A0
Q38790,A0
Q38791,A0
Q38792,A0
Q38793,A0
Q38794,A0
Q38795,A0
Q38796,A0
Q38797,A0
Q38798,A0
Q38799,A0
Q38800,A0
Q38801,A0
Q38802,A0
Q38803,A0
Q38804,A0
Q38805,A0
Q38806,A0
Q38807,A0
Q38808,A0
Q38809,A0
Q38810,A0
Q38811,A0
Q38812,A0
Q38813,A0
Q38814,A0
Q38815,A0
Q38816,A0
Q38817,A0
Q38818,A0
Q38819,A0
Q38820,A0
Q38821,A0
Q38822,A0
Q38823,A0
Q38824,A0
Q38825,A0
Q38826,A0
Q38827,A0
Q38828,A0
Q38829,A0
Q38830,A0
Q38831,A0
Q38832,A0
Q38833,A0
Q38834,A0
Q38835,A0
Q38836,A0
Q38837,A0
Q38838,A0
Q38839,A0
Q38840,A0
Q38841,A0
Q38842,A0
Q38843,A0
Q38844,A0
Q38845,A0
Q38846,A0
Q38847,A0
Q38848,A0
Q38849,A0
Q38850,A0
Q38851,A0
Q38852,A0
Q38853,A0
Q38854,A0
Q38855,A0
Q38856,A0
Q38857,A0
Q38858,A0
Q38859,A0
Q38860,A0
Q38861,A0
Q38862,A0
Q38863,A0
Q38864,A0
Q38865,A0
Q38866,A0
Q38867,A0
Q38868,A0
Q38869,A0
Q38870,A0
Q38871,A0
Q38872,A0
Q38873,A0
Q38874,A0
Q38875,A0
Q38876,A0
Q38877,A0
Q38878,A0
Q38879,A0
Q38880,A0
Q38881,A0
Q38882,A0
Q38883,A0
Q38884,A0
Q38885,A0
Q38886,A0
Q38887,A0
Q38888,A0
Q38889,A0
Q38890,A0
Q38891,A0
Q38892,A0
Q38893,A0
Q38894,A0
Q38895,A0
Q38896,A0
Q38897,A0
Q38898,A0
Q38899,A0
Q38900,A0
Q38901,A0
Q38902,A0
Q38903,A0
Q38904,A0
Q38905,A0
Q38906,A0
Q38907,A0
Q38908,A0
Q38909,A0
Q38910,A0
Q38911,A0
Q38912,A0
Q38913,A0
Q38914,A0
Q38915,A0
Q38916,A0
Q38917,A0
Q38918,A0
Q38919,A0
Q38920,A0
Q38921,A0
Q38922,A0
Q38923,A0
Q38924,A0
Q38925,A0
Q38926,A0
Q38927,A0
Q38928,A0
Q38929,A0
Q38930,A0
Q38931,A0
Q38932,A0
Q38933,A0
Q38934,A0
Q38935,A0
Q38936,A0
Q38937,A0
Q38938,A0
Q38939,A0
Q38940,A0
Q38941,A0
Q38942,A0
Q38943,A0
Q38944,A0
Q38945,A0
Q38946,A0
Q38947,A0
Q38948,A0
Q38949,A0
Q38950,A0
Q38951,A0
Q38952,A0
Q38953,A0
Q38954,A0
Q38955,A0
Q38956,A0
Q38957,A0
Q38958,A0
Q38959,A0
Q38960,A0
Q38961,A0
Q38962,A0
Q38963,A0
Q38964,A0
Q38965,A0
Q38966,A0
Q38967,A0
Q38968,A0
Q38969,A0
Q38970,A0
Q38971,A0
Q38972,A0
Q38973,A0
Q38974,A0
Q38975,A0
Q38976,A0
Q38977,A0
Q38978,A0
Q38979,A0
Q38980,A0
Q38981,A0
Q38982,A0
Q38983,A0
Q38984,A0
Q38985,A0
Q38986,A0
Q38987,A0
Q38988,A0
Q38989,A0
Q38990,A0
Q38991,A0
Q38992,A0
Q38993,A0
Q38994,A0
Q38995,A0
Q38996,A0
Q38997,A0
Q38998,A0
Q38999,A0
Q39000,A0
Q39001,A0
Q39002,A0
Q39003,A0
Q39004,A0
Q39005,A0
Q39006,A0
Q39007,A0
Q39008,A0
Q39009,A0
Q39010,A0
Q39011,A0
Q39012,A0
Q39013,A0
Q39014,A0
Q39015,A0
Q39016,A0
Q39017,A0
Q39018,A0
Q39019,A0
Q39020,A0
Q39021,A0
Q39022,A0
Q39023,A0
Q39024,A0
Q39025,A0
Q39026,A0
Q39027,A0
Q39028,A0
Q39029,A0
Q39030,A0
Q39031,A0
Q39032,A0
Q39033,A0
Q39034,A0
Q39035,A0
Q39036,A0
Q39037,A0
Q39038,A0
Q39039,A0
Q39040,A0
Q39041,A0
Q39042,A0
Q39043,A0
Q39044,A0
Q39045,A0
Q39046,A0
Q39047,A0
Q39048,A0
Q39049,A0
Q39050,A0
Q39051,A0
Q39052,A0
Q39053,A0
Q39054,A0
Q39055,A0
Q39056,A0
Q39057,A0
Q39058,A0
Q39059,A0
Q39060,A0
Q39061,A0
Q39062,A0
Q39063,A0
Q39064,A0
Q39065,A0
Q39066,A0
Q39067,A0
Q39068,A0
Q39069,A0
Q39070,A0
Q39071,A0
Q39072,A0
Q39073,A0
Q39074,A0
Q39075,A0
Q39076,A0
Q39077,A0
Q39078,A0
Q39079,A0
Q39080,A0
Q39081,A0
Q39082,A0
Q39083,A0
Q39084,A0
Q39085,A0
Q39086,A0
Q39087,A0
Q39088,A0
Q39089,A0
Q39090,A0
Q39091,A0
Q39092,A0
Q39093,A0
Q39094,A0
Q39095,A0
Q39096,A0
Q39097,A0
Q39098,A0
Q39099,A0
Q39100,A0
Q39101,A0
Q39102,A0
Q39103,A0
Q39104,A0
Q39105,A0
Q39106,A0
Q39107,A0
Q39108,A0
Q39109,A0
Q39110,A0
Q39111,A0
Q39112,A0
Q39113,A0
Q39114,A0
Q39115,A0
Q39116,A0
Q39117,A0
Q39118,A0
Q39119,A0
Q39120,A0
Q39121,A0
Q39122,A0
Q39123,A0
Q39124,A0
Q39125,A0
Q39126,A0
Q39127,A0
Q39128,A0
Q39129,A0
Q39130,A0
Q39131,A0
Q39132,A0
Q39133,A0
Q39134,A0
Q39135,A0
Q39136,A0
Q39137,A0
Q39138,A0
Q39139,A0
Q39140,A0
Q39141,A0
Q39142,A0
Q39143,A0
Q39144,A0
Q39145,A0
Q39146,A0
Q39147,A0
Q39148,A0
Q39149,A0
Q39150,A0
Q39151,A0
Q39152,A0
Q39153,A0
Q39154,A0
Q39155,A0
Q39156,A0
Q39157,A0
Q39158,A0
Q39159,A0
Q39160,A0
Q39161,A0
Q39162,A0
Q39163,A0
Q39164,A0
Q39165,A0
Q39166,A0
Q39167,A0
Q39168,A0
Q39169,A0
Q39170,A0
Q39171,A0
Q39172,A0
Q39173,A0
Q39174,A0
Q39175,A0
Q39176,A0
Q39177,A0
Q39178,A0
Q39179,A0
Q39180,A0
Q39181,A0
Q39182,A0
Q39183,A0
Q39184,A0
Q39185,A0
Q39186,A0
Q39187,A0
Q39188,A1
Q39189,A1
Q39190,A1
Q39191,A1
Q39192,A1
Q39193,A1
Q39194,A1
Q39195,A1
Q39196,A1
Q39197,A1
Q39198,A1
Q39199,A1
Q39200,A1
Q39201,A1
Q39202,A1
Q39203,A1
Q39204,A1
Q39205,A1
Q39206,A1
Q39207,A1
Q39208,A1
Q39209,A1
Q39210,A1
Q39211,A1
Q39212,A1
Q39213,A1
Q39214,A1
Q39215,A1
Q39216,A1
Q39217,A1
Q39218,A1
Q39219,A1
Q39220,A1
Q39221,A1
Q39222,A1
Q39223,A1
Q39224,A1
Q39225,A1
Q39226,A1
Q39227,A1
Q39228,A1
Q39229,A1
Q39230,A1
Q39231,A1
Q39232,A1
Q39233,A1
Q39234,A1
Q39235,A1
Q39236,A1
Q39237,A1
Q39238,A1
Q39239,A1
Q39240,A1
Q39241,A1
Q39242,A1
Q39243,A1
Q39244,A1
Q39245,A1
Q39246,A1
Q39247,A1
Q39248,A1
Q39249,A1
Q39250,A1
Q39251,A1
Q39252,A1
Q39253,A1
Q39254,A1
Q39255,A1
Q39256,A1
Q39257,A1
Q39258,A1
Q39259,A1
Q39260,A1
Q39261,A1
Q39262,A1
Q39263,A1
Q39264,A1
Q39265,A1
Q39266,A1
Q39267,A1
Q39268,A1
Q39269,A1
Q39270,A1
Q39271,A1
Q39272,A1
Q39273,A1
Q39274,A1
Q39275,A1
Q39276,A1
Q39277,A1
Q39278,A1
Q39279,A1
Q39280,A1
Q39281,A1
Q39282,A1
Q39283,A1
Q39284,A1
Q39285,A1
Q39286,A1
Q39287,A1
Q39288,A1
Q39289,A1
Q39290,A1
Q39291,A1
Q39292,A1
Q39293,A1
Q39294,A1
Q39295,A1
Q39296,A1
Q39297,A1
Q39298,A1
Q39299,A1
Q39300,A1
Q39301,A1
Q39302,A1
Q39303,A1
Q39304,A1
Q39305,A1
Q39306,A1
Q39307,A1
Q39308,A1
Q39309,A1
Q39310,A1
Q39311,A1
Q39312,A1
Q39313,A1
Q39314,A1
Q39315,A1
Q39316,A1
Q39317,A1
Q39318,A1
Q39319,A1
Q39320,A1
Q39321,A1
Q39322,A1
Q39323,A1
Q39324,A1
Q39325,A1
Q39326,A1
Q39327,A1
Q39328,A1
Q39329,A1
Q39330,A1
Q39331,A1
Q39332,A1
Q39333,A1
Q39334,A1
Q39335,A1
Q39336,A1
Q39337,A1
Q39338,A1
Q39339,A1
Q39340,A1
Q39341,A1
Q39342,A1
Q39343,A1
Q39344,A1
Q39345,A1
Q39346,A1
Q39347,A1
Q39348,A1
Q39349,A1
Q39350,A1
Q39351,A1
Q39352,A1
Q39353,A1
Q39354,A1
Q39355,A1
Q39356,A1
Q39357,A1
Q39358,A1
Q39359,A1
Q39360,A1
Q39361,A1
Q39362,A1
Q39363,A1
Q39364,A1
Q39365,A1
Q39366,A1
Q39367,A1
Q39368,A1
Q39369,A1
Q39370,A1
Q39371,A1
Q39372,A1
Q39373,A1
Q39374,A1
Q39375,A1
Q39376,A1
Q39377,A1
Q39378,A1
Q39379,A1
Q39380,A1
Q39381,A1
Q39382,A1
Q39383,A1
Q39384,A1
Q39385,A1
Q39386,A1
Q39387,A1
Q39388,A1
Q39389,A1
Q39390,A1
Q39391,A1
Q39392,A1
Q39393,A1
Q39394,A1
Q39395,A1
Q39396,A1
Q39397,A1
Q39398,A1
Q39399,A1
Q39400,A1
Q39401,A1
Q39402,A1
Q39403,A1
Q39404,A1
Q39405,A1
Q39406,A1
Q39407,A1
Q39408,A1
Q39409,A1
Q39410,A1
Q39411,A1
Q39412,A1
Q39413,A1
Q39414,A1
Q39415,A1
Q39416,A1
Q39417,A1
Q39418,A1
Q39419,A1
Q39420,A1
Q39421,A1
Q39422,A1
Q39423,A1
Q39424,A1
Q39425,A1
Q39426,A1
Q39427,A1
Q39428,A1
Q39429,A1
Q39430,A1
Q39431,A1
Q39432,A1
Q39433,A1
Q39434,A1
Q39435,A1
Q39436,A1
Q39437,A1
Q39438,A1
Q39439,A1
Q39440,A1
Q39441,A1
Q39442,A1
Q39443,A1
Q39444,A1
Q39445,A1
Q39446,A1
Q39447,A1
Q39448,A1
Q39449,A1
Q39450,A1
Q39451,A1
Q39452,A1
Q39453,A1
Q39454,A1
Q39455,A1
Q39456,A1
Q39457,A1
Q39458,A1
Q39459,A1
Q39460,A1
Q39461,A1
Q39462,A1
Q39463,A1
Q39464,A1
Q39465,A1
Q39466,A1
Q39467,A1
Q39468,A1
Q39469,A1
Q39470,A1
Q39471,A1
Q39472,A1
Q39473,A1
Q39474,A1
Q39475,A1
Q39476,A1
Q39477,A1
Q39478,A1
Q39479,A1
Q39480,A1
Q39481,A1
Q39482,A1
Q39483,A1
Q39484,A1
Q39485,A1
Q39486,A1
Q39487,A1
Q39488,A1
Q39489,A1
Q39490,A1
Q39491,A1
Q39492,A1
Q39493,A1
Q39494,A1
Q39495,A1
Q39496,A1
Q39497,A1
Q39498,A1
Q39499,A1
Q39500,A1
Q39501,A1
Q39502,A1
Q39503,A1
Q39504,A1
Q39505,A1
Q39506,A1
Q39507,A1
Q39508,A1
Q39509,A1
Q39510,A1
Q39511,A1
Q39512,A1
Q39513,A1
Q39514,A1
Q39515,A1
Q39516,A1
Q39517,A1
Q39518,A1
Q39519,A1
Q39520,A1
Q39521,A1
Q39522,A1
Q39523,A1
Q39524,A1
Q39525,A1
Q39526,A1
Q39527,A1
Q39528,A1
Q39529,A1
Q39530,A1
Q39531,A1
Q39532,A1
Q39533,A1
Q39534,A1
Q39535,A1
Q39536,A1
Q39537,A1
Q39538,A1
Q39539,A1
Q39540,A1
Q39541,A1
Q39542,A1
Q39543,A1
Q39544,A1
Q39545,A1
Q39546,A1
Q39547,A1
Q39548,A1
Q39549,A1
Q39550,A1
Q39551,A1
Q39552,A1
Q39553,A1
Q39554,A1
Q39555,A1
Q39556,A1
Q39557,A1
Q39558,A1
Q39559,A1
Q39560,A1
Q39561,A1
Q39562,A1
Q39563,A1
Q39564,A1
Q39565,A1
Q39566,A1
Q39567,A1
Q39568,A1
Q39569,A1
Q39570,A1
Q39571,A1
Q39572,A1
Q39573,A1
Q39574,A1
Q39575,A1
Q39576,A1
Q39577,A1
Q39578,A1
Q39579,A1
Q39580,A1
Q39581,A1
Q39582,A1
Q39583,A1
Q39584,A1
Q39585,A1
Q39586,A1
Q39587,A1
Q39588,A1
Q39589,A1
Q39590,A1
Q39591,A1
Q39592,A1
Q39593,A1
Q39594,A1
Q39595,A1
Q39596,A1
Q39597,A1
Q39598,A1
Q39599,A1
Q39600,A1
Q39601,A1
Q39602,A1
Q39603,A1
Q39604,A1
Q39605,A1
Q39606,A1
Q39607,A1
Q39608,A1
Q39609,A1
Q39610,A1
Q39611,A1
Q39612,A1
Q39613,A1
Q39614,A1
Q39615,A1
Q39616,A1
Q39617,A1
Q39618,A1
Q39619,A1
Q39620,A1
Q39621,A1
Q39622,A1
Q39623,A1
Q39624,A1
Q39625,A1
Q39626,A1
Q39627,A1
Q39628,A1
Q39629,A1
Q39630,A1
Q39631,A1
Q39632,A1
Q39633,A1
Q39634,A1
Q39635,A1
Q39636,A1
Q39637,A1
Q39638,A1
Q39639,A1
Q39640,A1
Q39641,A1
Q39642,A1
Q39643,A1
Q39644,A1
Q39645,A1
Q39646,A1
Q39647,A1
Q39648,A1
Q39649,A1
Q39650,A1
Q39651,A1
Q39652,A1
Q39653,A1
Q39654,A1
Q39655,A1
Q39656,A1
Q39657,A1
Q39658,A1
Q39659,A1
Q39660,A1
Q39661,A1
Q39662,A1
Q39663,A1
Q39664,A1
Q39665,A1
Q39666,A1
Q39667,A1
Q39668,A1
Q39669,A1
Q39670,A1
Q39671,A1
Q39672,A1
Q39673,A1
Q39674,A1
Q39675,A1
Q39676,A1
Q39677,A1
Q39678,A1
Q39679,A1
Q39680,A1
Q39681,A1
Q39682,A1
Q39683,A1
Q39684,A1
Q39685,A1
Q39686,A1
Q39687,A1
Q39688,A1
Q39689,A1
Q39690,A1
Q39691,A1
Q39692,A1
Q39693,A1
Q39694,A1
Q39695,A1
Q39696,A1
Q39697,A1
Q39698,A1
Q39699,A1
Q39700,A1
Q39701,A1
Q39702,A1
Q39703,A1
Q39704,A1
Q39705,A1
Q39706,A1
Q39707,A1
Q39708,A1
Q39709,A1
Q39710,A1
Q39711,A1
Q39712,A1
Q39713,A1
Q39714,A1
Q39715,A1
Q39716,A1
Q39717,A1
Q39718,A1
Q39719,A1
Q39720,A1
Q39721,A1
Q39722,A1
Q39723,A1
Q39724,A1
Q39725,A1
Q39726,A1
Q39727,A1
Q39728,A1
Q39729,A1
Q39730,A1
Q39731,A1
Q39732,A1
Q39733,A1
Q39734,A1
Q39735,A1
Q39736,A1
Q39737,A1
Q39738,A1
Q39739,A1
Q39740,A1
Q39741,A1
Q39742,A1
Q39743,A1
Q39744,A1
Q39745,A1
Q39746,A1
Q39747,A1
Q39748,A1
Q39749,A1
Q39750,A1
Q39751,A1
Q39752,A1
Q39753,A1
Q39754,A1
Q39755,A1
Q39756,A1
Q39757,A1
Q39758,A1
Q39759,A1
Q39760,A1
Q39761,A1
Q39762,A1
Q39763,A1
Q39764,A1
Q39765,A1
Q39766,A1
Q39767,A1
Q39768,A1
Q39769,A1
Q39770,A1
Q39771,A1
Q39772,A1
Q39773,A1
Q39774,A1
Q39775,A1
Q39776,A1
Q39777,A1
Q39778,A1
Q39779,A1
Q39780,A1
Q39781,A1
Q39782,A1
Q39783,A1
Q39784,A1
Q39785,A1
Q39786,A1
Q39787,A1
Q39788,A1
Q39789,A1
Q39790,A1
Q39791,A1
Q39792,A1
Q39793,A1
Q39794,A1
Q39795,A1
Q39796,A1
Q39797,A1
Q39798,A1
Q39799,A1
Q39800,A1
Q39801,A1
Q39802,A1
Q39803,A1
Q39804,A1
Q39805,A1
Q39806,A1
Q39807,A1
Q39808,A1
Q39809,A1
Q39810,A1
Q39811,A1
Q39812,A1
Q39813,A1
Q39814,A1
Q39815,A1
Q39816,A1
Q39817,A1
Q39818,A1
Q39819,A1
Q39820,A1
Q39821,A1
Q39822,A1
Q39823,A1
Q39824,A1
Q39825,A1
Q39826,A1
Q39827,A1
Q39828,A1
Q39829,A1
Q39830,A1
Q39831,A1
Q39832,A1
Q39833,A1
Q39834,A1
Q39835,A1
Q39836,A1
Q39837,A1
Q39838,A1
Q39839,A1
Q39840,A1
Q39841,A1
Q39842,A1
Q39843,A1
Q39844,A1
Q39845,A1
Q39846,A1
Q39847,A1
Q39848,A1
Q39849,A1
Q39850,A1
Q39851,A1
Q39852,A1
Q39853,A1
Q39854,A1
Q39855,A1
Q39856,A1
Q39857,A1
Q39858,A1
Q39859,A1
Q39860,A1
Q39861,A1
Q39862,A1
Q39863,A1
Q39864,A1
Q39865,A1
Q39866,A1
Q39867,A1
Q39868,A1
Q39869,A1
Q39870,A1
Q39871,A1
Q39872,A1
Q39873,A1
Q39874,A1
Q39875,A1
Q39876,A1
Q39877,A1
Q39878,A1
Q39879,A1
Q39880,A1
Q39881,A1
Q39882,A1
Q39883,A1
Q39884,A1
Q39885,A1
Q39886,A1
Q39887,A1
Q39888,A1
Q39889,A1
Q39890,A1
Q39891,A1
Q39892,A1
Q39893,A1
Q39894,A1
Q39895,A1
Q39896,A1
Q39897,A1
Q39898,A1
Q39899,A1
Q39900,A1
Q39901,A1
Q39902,A1
Q39903,A1
Q39904,A1
Q39905,A1
Q39906,A1
Q39907,A1
Q39908,A1
Q39909,A1
Q39910,A1
Q39911,A1
Q39912,A1
Q39913,A1
Q39914,A1
Q39915,A1
Q39916,A1
Q39917,A1
Q39918,A1
Q39919,A1
Q39920,A1
Q39921,A1
Q39922,A1
Q39923,A1
Q39924,A1
Q39925,A1
Q39926,A1
Q39927,A1
Q39928,A1
Q39929,A1
Q39930,A1
Q39931,A1
Q39932,A1
Q39933,A1
Q39934,A1
Q39935,A1
Q39936,A1
Q39937,A1
Q39938,A1
Q39939,A1
Q39940,A1
Q39941,A1
Q39942,A1
Q39943,A1
Q39944,A1
Q39945,A1
Q39946,A1
Q39947,A1
Q39948,A1
Q39949,A1
Q39950,A1
Q39951,A1
Q39952,A1
Q39953,A1
Q39954,A1
Q39955,A1
Q39956,A1
Q39957,A1
Q39958,A1
Q39959,A1
Q39960,A1
Q39961,A1
Q39962,A1
Q39963,A1
Q39964,A1
Q39965,A1
Q39966,A1
Q39967,A1
Q39968,A1
Q39969,A1
Q39970,A1
Q39971,A1
Q39972,A1
Q39973,A1
Q39974,A1
Q39975,A1
Q39976,A1
Q39977,A1
Q39978,A1
Q39979,A1
Q39980,A1
Q39981,A1
Q39982,A1
Q39983,A1
Q39984,A1
Q39985,A1
Q39986,A1
Q39987,A1
Q39988,A1
Q39989,A1
Q39990,A1
Q39991,A1
Q39992,A1
Q39993,A1
Q39994,A1
Q39995,A1
Q39996,A1
Q39997,A1
Q39998,A1
Q39999,A1
Q40000,A1
Q40001,A1
Q40002,A1
Q40003,A1
Q40004,A1
Q40005,A1
Q40006,A1
Q40007,A1
Q40008,A1
Q40009,A1
Q40010,A1
Q40011,A1
Q40012,A1
Q40013,A1
Q40014,A1
Q40015,A1
Q40016,A1
Q40017,A1
Q40018,A1
Q40019,A1
Q40020,A1
Q40021,A1
Q40022,A1
Q40023,A1
Q40024,A1
Q40025,A1
Q40026,A1
Q40027,A1
Q40028,A1
Q40029,A1
Q40030,A1
Q40031,A1
Q40032,A1
Q40033,A1
Q40034,A1
Q40035,A1
Q40036,A1
Q40037,A1
Q40038,A1
Q40039,A1
Q40040,A1
Q40041,A1
Q40042,A1
Q40043,A1
Q40044,A1
Q40045,A1
Q40046,A1
Q40047,A1
Q40048,A1
Q40049,A1
Q40050,A1
Q40051,A1
Q40052,A1
Q40053,A1
Q40054,A1
Q40055,A1
Q40056,A1
Q40057,A1
Q40058,A1
Q40059,A1
Q40060,A1
Q40061,A1
Q40062,A1
Q40063,A1
Q40064,A1
Q40065,A1
Q40066,A1
Q40067,A1
Q40068,A1
Q40069,A1
Q40070,A1
Q40071,A1
Q40072,A1
Q40073,A1
Q40074,A1
Q40075,A1
Q40076,A1
Q40077,A1
Q40078,A1
Q40079,A1
Q40080,A1
Q40081,A1
Q40082,A1
Q40083,A1
Q40084,A1
Q40085,A1
Q40086,A1
Q40087,A1
Q40088,A1
Q40089,A1
Q40090,A1
Q40091,A1
Q40092,A1
Q40093,A1
Q40094,A1
Q40095,A1
Q40096,A1
Q40097,A1
Q40098,A1
Q40099,A1
Q40100,A1
Q40101,A1
Q40102,A1
Q40103,A1
Q40104,A1
Q40105,A1
Q40106,A1
Q40107,A1
Q40108,A1
Q40109,A1
Q40110,A1
Q40111,A1
Q40112,A1
Q40113,A1
Q40114,A1
Q40115,A1
Q40116,A1
Q40117,A1
Q40118,A1
Q40119,A1
Q40120,A1
Q40121,A1
Q40122,A1
Q40123,A1
Q40124,A1
Q40125,A1
Q40126,A1
Q40127,A1
Q40128,A1
Q40129,A1
Q40130,A1
Q40131,A1
Q40132,A1
Q40133,A1
Q40134,A1
Q40135,A1
Q40136,A1
Q40137,A1
Q40138,A1
Q40139,A1
Q40140,A1
Q40141,A1
Q40142,A1
Q40143,A2
Q40144,A2
Q40145,A2
Q40146,A2
Q40147,A2
Q40148,A2
Q40149,A2
Q40150,A2
Q40151,A2
Q40152,A2
Q40153,A2
Q40154,A2
Q40155,A2
Q40156,A2
Q40157,A2
Q40158,A2
Q40159,A2
Q40160,A2
Q40161,A2
Q40162,A2
Q40163,A2
Q40164,A2
Q40165,A2
Q40166,A2
Q40167,A2
Q40168,A2
Q40169,A2
Q40170,A2
Q40171,A2
Q40172,A2
Q40173,A2
Q40174,A2
Q40175,A2
Q40176,A2
Q40177,A2
Q40178,A2
Q40179,A2
Q40180,A2
Q40181,A2
Q40182,A2
Q40183,A2
Q40184,A2
Q40185,A2
Q40186,A2
Q40187,A2
Q40188,A2
Q40189,A2
Q40190,A2
Q40191,A2
Q40192,A2
Q40193,A2
Q40194,A2
Q40195,A2
Q40196,A2
Q40197,A2
Q40198,A2
Q40199,A2
Q40200,A2
Q40201,A2
Q40202,A2
Q40203,A2
Q40204,A2
Q40205,A2
Q40206,A2
Q40207,A2
Q40208,A2
Q40209,A2
Q40210,A2
Q40211,A2
Q40212,A2
Q40213,A2
Q40214,A2
Q40215,A2
Q40216,A2
Q40217,A2
Q40218,A2
Q40219,A2
Q40220,A2
Q40221,A2
Q40222,A2
Q40223,A2
Q40224,A2
Q40225,A2
Q40226,A2
Q40227,A2
Q40228,A2
Q40229,A2
Q40230,A2
Q40231,A2
Q40232,A2
Q40233,A2
Q40234,A2
Q40235,A2
Q40236,A2
Q40237,A2
Q40238,A2
Q40239,A2
Q40240,A2
Q40241,A2
Q40242,A2
Q40243,A2
Q40244,A2
Q40245,A2
Q40246,A2
Q40247,A2
Q40248,A2
Q40249,A2
Q40250,A2
Q40251,A2
Q40252,A2
Q40253,A2
Q40254,A2
Q40255,A2
Q40256,A2
Q40257,A2
Q40258,A2
Q40259,A2
Q40260,A2
Q40261,A2
Q40262,A2
Q40263,A2
Q40264,A2
Q40265,A2
Q40266,A2
Q40267,A2
Q40268,A2
Q40269,A2
Q40270,A2
Q40271,A2
Q40272,A2
Q40273,A2
Q40274,A2
Q40275,A2
Q40276,A2
Q40277,A2
Q40278,A2
Q40279,A2
Q40280,A2
Q40281,A2
Q40282,A2
Q40283,A2
Q40284,A2
Q40285,A2
Q40286,A2
Q40287,A2
Q40288,A2
Q40289,A2
Q40290,A2
Q40291,A2
Q40292,A2
Q40293,A2
Q40294,A2
Q40295,A2
Q40296,A2
Q40297,A2
Q40298,A2
Q40299,A2
Q40300,A2
Q40301,A2
Q40302,A2
Q40303,A2
Q40304,A2
Q40305,A2
Q40306,A2
Q40307,A2
Q40308,A2
Q40309,A2
Q40310,A2
Q40311,A2
Q40312,A2
Q40313,A2
Q40314,A2
Q40315,A2
Q40316,A2
Q40317,A2
Q40318,A2
Q40319,A2
Q40320,A2
Q40321,A2
Q40322,A2
Q40323,A2
Q40324,A2
Q40325,A2
Q40326,A2
Q40327,A2
Q40328,A2
Q40329,A2
Q40330,A2
Q40331,A2
Q40332,A2
Q40333,A2
Q40334,A2
Q40335,A2
Q40336,A2
Q40337,A2
Q40338,A2
Q40339,A2
Q40340,A2
Q40341,A2
Q40342,A2
Q40343,A2
Q40344,A2
Q40345,A2
Q40346,A2
Q40347,A2
Q40348,A2
Q40349,A2
Q40350,A2
Q40351,A2
Q40352,A2
Q40353,A2
Q40354,A2
Q40355,A2
Q40356,A2
Q40357,A2
Q40358,A2
Q40359,A2
Q40360,A2
Q40361,A2
Q40362,A2
Q40363,A2
Q40364,A2
Q40365,A2
Q40366,A2
Q40367,A2
Q40368,A2
Q40369,A2
Q40370,A2
Q40371,A2
Q40372,A2
Q40373,A2
Q40374,A2
Q40375,A2
Q40376,A2
Q40377,A2
Q40378,A2
Q40379,A2
Q40380,A2
Q40381,A2
Q40382,A2
Q40383,A2
Q40384,A2
Q40385,A2
Q40386,A2
Q40387,A2
Q40388,A2
Q40389,A2
Q40390,A2
Q40391,A2
Q40392,A2
Q40393,A2
Q40394,A2
Q40395,A2
Q40396,A2
Q40397,A2
Q40398,A2
Q40399,A2
Q40400,A2
Q40401,A2
Q40402,A2
Q40403,A2
Q40404,A2
Q40405,A2
Q40406,A2
Q40407,A2
Q40408,A2
Q40409,A2
Q40410,A2
Q40411,A2
Q40412,A2
Q40413,A2
Q40414,A2
Q40415,A2
Q40416,A2
Q40417,A2
Q40418,A2
Q40419,A2
Q40420,A2
Q40421,A2
Q40422,A2
Q40423,A2
Q40424,A2
Q40425,A2
Q40426,A2
Q40427,A2
Q40428,A2
Q40429,A2
Q40430,A2
Q40431,A2
Q40432,A2
Q40433,A2
Q40434,A2
Q40435,A2
Q40436,A2
Q40437,A2
Q40438,A2
Q40439,A2
Q40440,A2
Q40441,A2
Q40442,A2
Q40443,A2
Q40444,A2
Q40445,A2
Q40446,A2
Q40447,A2
Q40448,A2
Q40449,A2
Q40450,A2
Q40451,A2
Q40452,A2
Q40453,A2
Q40454,A2
Q40455,A2
Q40456,A2
Q40457,A2
Q40458,A2
Q40459,A2
Q40460,A2
Q40461,A2
Q40462,A2
Q40463,A2
Q40464,A2
Q40465,A2
Q40466,A2
Q40467,A2
Q40468,A2
Q40469,A2
Q40470,A2
Q40471,A2
Q40472,A2
Q40473,A2
Q40474,A2
Q40475,A2
Q40476,A2
Q40477,A2
Q40478,A2
Q40479,A2
Q40480,A2
Q40481,A2
Q40482,A2
Q40483,A2
Q40484,A2
Q40485,A2
Q40486,A2
Q40487,A2
Q40488,A2
Q40489,A2
Q40490,A2
Q40491,A2
Q40492,A2
Q40493,A2
Q40494,A2
Q40495,A2
Q40496,A2
Q40497,A2
Q40498,A2
Q40499,A2
Q40500,A2
Q40501,A2
Q40502,A2
Q40503,A2
Q40504,A2
Q40505,A2
Q40506,A2
Q40507,A2
Q40508,A2
Q40509,A2
Q40510,A2
Q40511,A2
Q40512,A2
Q40513,A2
Q40514,A2
Q40515,A2
Q40516,A2
Q40517,A2
Q40518,A2
Q40519,A2
Q40520,A2
Q40521,A2
Q40522,A2
Q40523,A2
Q40524,A2
Q40525,A2
Q40526,A2
Q40527,A2
Q40528,A2
Q40529,A2
Q40530,A2
Q40531,A2
Q40532,A2
Q40533,A2
Q40534,A2
Q40535,A2
Q40536,A2
Q40537,A2
Q40538,A2
Q40539,A2
Q40540,A2
Q40541,A2
Q40542,A2
Q40543,A2
Q40544,A2
Q40545,A2
Q40546,A2
Q40547,A2
Q40548,A2
Q40549,A2
Q40550,A2
Q40551,A2
Q40552,A2
Q40553,A2
Q40554,A2
Q40555,A2
Q40556,A2
Q40557,A2
Q40558,A2
Q40559,A2
Q40560,A2
Q40561,A2
Q40562,A2
Q40563,A2
Q40564,A2
Q40565,A2
Q40566,A2
Q40567,A2
Q40568,A2
Q40569,A2
Q40570,A2
Q40571,A2
Q40572,A2
Q40573,A2
Q40574,A2
Q40575,A2
Q40576,A2
Q40577,A2
Q40578,A2
Q40579,A2
Q40580,A2
Q40581,A2
Q40582,A2
Q40583,A2
Q40584,A2
Q40585,A2
Q40586,A2
Q40587,A2
Q40588,A2
Q40589,A2
Q40590,A2
Q40591,A2
Q40592,A2
Q40593,A2
Q40594,A2
Q40595,A2
Q40596,A2
Q40597,A2
Q40598,A2
Q40599,A2
Q40600,A2
Q40601,A2
Q40602,A2
Q40603,A2
Q40604,A2
Q40605,A2
Q40606,A2
Q40607,A2
Q40608,A2
Q40609,A2
Q40610,A2
Q40611,A2
Q40612,A2
Q40613,A2
Q40614,A2
Q40615,A2
Q40616,A2
Q40617,A2
Q40618,A2
Q40619,A2
Q40620,A2
Q40621,A2
Q40622,A2
Q40623,A2
Q40624,A2
Q40625,A2
Q40626,A2
Q40627,A2
Q40628,A2
Q40629,A2
Q40630,A2
Q40631,A2
Q40632,A0
Q40633,A0
Q40634,A0
Q40635,A0
Q40636,A0
Q40637,A0
Q40638,A0
Q40639,A0
Q40640,A0
Q40641,A0
Q40642,A0
Q40643,A0
Q40644,A0
Q40645,A0
Q40646,A0
Q40647,A0
Q40648,A0
Q40649,A0
Q40650,A0
Q40651,A0
Q40652,A0
Q40653,A0
Q40654,A0
Q40655,A0
Q40656,A0
Q40657,A0
Q40658,A0
Q40659,A0
Q40660,A0
Q40661,A0
Q40662,A0
Q40663,A0
Q40664,A0
Q40665,A0
Q40666,A0
Q40667,A0
Q40668,A0
Q40669,A0
Q40670,A0
Q40671,A0
Q40672,A0
Q40673,A0
Q40674,A0
Q40675,A0
Q40676,A0
Q40677,A0
Q40678,A0
Q40679,A0
Q40680,A0
Q40681,A0
Q40682,A0
Q40683,A0
Q40684,A0
Q40685,A0
Q40686,A0
Q40687,A0
Q40688,A0
Q40689,A0
Q40690,A0
Q40691,A0
Q40692,A0
Q40693,A0
Q40694,A0
Q40695,A0
Q40696,A0
Q40697,A0
Q40698,A0
Q40699,A0
Q40700,A0
Q40701,A0
Q40702,A0
Q40703,A0
Q40704,A0
Q40705,A0
Q40706,A0
Q40707,A0
Q40708,A0
Q40709,A0
Q40710,A0
Q40711,A0
Q40712,A0
Q40713,A0
Q40714,A0
Q40715,A0
Q40716,A0
Q40717,A0
Q40718,A0
Q40719,A0
Q40720,A0
Q40721,A0
Q40722,A0
Q40723,A0
Q40724,A0
Q40725,A0
Q40726,A0
Q40727,A0
Q40728,A0
Q40729,A0
Q40730,A0
Q40731,A0
Q40732,A0
Q40733,A0
Q40734,A0
Q40735,A0
Q40736,A0
Q40737,A0
Q40738,A0
Q40739,A0
Q40740,A0
Q40741,A0
Q40742,A0
Q40743,A0
Q40744,A0
Q40745,A0
Q40746,A0
Q40747,A0
Q40748,A0
Q40749,A0
Q40750,A0
Q40751,A0
Q40752,A0
Q40753,A0
Q40754,A0
Q40755,A0
Q40756,A0
Q40757,A0
Q40758,A0
Q40759,A0
Q40760,A0
Q40761,A0
Q40762,A0
Q40763,A0
Q40764,A0
Q40765,A0
Q40766,A0
Q40767,A0
Q40768,A0
Q40769,A0
Q40770,A0
Q40771,A0
Q40772,A0
Q40773,A0
Q40774,A0
Q40775,A0
Q40776,A0
Q40777,A0
Q40778,A0
Q40779,A0
Q40780,A0
Q40781,A0
Q40782,A0
Q40783,A0
Q40784,A0
Q40785,A0
Q40786,A0
Q40787,A0
Q40788,A0
Q40789,A0
Q40790,A0
Q40791,A0
Q40792,A0
Q40793,A0
Q40794,A0
Q40795,A0
Q40796,A0
Q40797,A0
Q40798,A0
Q40799,A0
Q40800,A0
Q40801,A0
Q40802,A0
Q40803,A0
Q40804,A0
Q40805,A0
Q40806,A0
Q40807,A0
Q40808,A0
Q40809,A0
Q40810,A0
Q40811,A0
Q40812,A0
Q40813,A0
Q40814,A0
Q40815,A0
Q40816,A0
Q40817,A0
Q40818,A0
Q40819,A0
Q40820,A0
Q40821,A0
Q40822,A0
Q40823,A0
Q40824,A0
Q40825,A0
Q40826,A0
Q40827,A0
Q40828,A0
Q40829,A0
Q40830,A0
Q40831,A0
Q40832,A0
Q40833,A0
Q40834,A0
Q40835,A0
Q40836,A0
Q40837,A0
Q40838,A0
Q40839,A0
Q40840,A0
Q40841,A0
Q40842,A0
Q40843,A0
Q40844,A0
Q40845,A0
Q40846,A0
Q40847,A0
Q40848,A0
Q40849,A0
Q40850,A0
Q40851,A0
Q40852,A0
Q40853,A0
Q40854,A0
Q40855,A0
Q40856,A0
Q40857,A0
Q40858,A0
Q40859,A0
Q40860,A0
Q40861,A0
Q40862,A0
Q40863,A0
Q40864,A0
Q40865,A0
Q40866,A0
Q40867,A0
Q40868,A0
Q40869,A0
Q40870,A0
Q40871,A0
Q40872,A0
Q40873,A0
Q40874,A0
Q40875,A0
Q40876,A0
Q40877,A0
Q40878,A0
Q40879,A0
Q40880,A0
Q40881,A0
Q40882,A0
Q40883,A0
Q40884,A0
Q40885,A0
Q40886,A0
Q40887,A0
Q40888,A0
Q40889,A0
Q40890,A0
Q40891,A0
Q40892,A0
Q40893,A0
Q40894,A0
Q40895,A0
Q40896,A0
Q40897,A0
Q40898,A0
Q40899,A0
Q40900,A0
Q40901,A0
Q40902,A0
Q40903,A0
Q40904,A0
Q40905,A0
Q40906,A0
Q40907,A0
Q40908,A0
Q40909,A0
Q40910,A0
Q40911,A0
Q40912,A0
Q40913,A0
Q40914,A0
Q40915,A0
Q40916,A0
Q40917,A0
Q40918,A0
Q40919,A0
Q40920,A0
Q40921,A0
Q40922,A0
Q40923,A0
Q40924,A0
Q40925,A0
Q40926,A0
Q40927,A0
Q40928,A0
Q40929,A0
Q40930,A0
Q40931,A0
Q40932,A0
Q40933,A0
Q40934,A0
Q40935,A0
Q40936,A0
Q40937,A0
Q40938,A0
Q40939,A0
Q40940,A0
Q40941,A0
Q40942,A0
Q40943,A0
Q40944,A0
Q40945,A0
Q40946,A0
Q40947,A0
Q40948,A0
Q40949,A0
Q40950,A0
Q40951,A0
Q40952,A0
Q40953,A0
Q40954,A0
Q40955,A0
Q40956,A0
Q40957,A0
Q40958,A0
Q40959,A0
Q40960,A0
Q40961,A0
Q40962,A0
Q40963,A0
Q40964,A0
Q40965,A0
Q40966,A0
Q40967,A0
Q40968,A0
Q40969,A0
Q40970,A0
Q40971,A0
Q40972,A0
Q40973,A0
Q40974,A0
Q40975,A0
Q40976,A0
Q40977,A0
Q40978,A0
Q40979,A0
Q40980,A0
Q40981,A0
Q40982,A0
Q40983,A0
Q40984,A0
Q40985,A0
Q40986,A0
Q40987,A0
Q40988,A0
Q40989,A0
Q40990,A0
Q40991,A0
Q40992,A0
Q40993,A0
Q40994,A0
Q40995,A0
Q40996,A0
Q40997,A0
Q40998,A0
Q40999,A0
Q41000,A0
Q41001,A0
Q41002,A0
Q41003,A0
Q41004,A0
Q41005,A0
Q41006,A0
Q41007,A0
Q41008,A0
Q41009,A0
Q41010,A0
Q41011,A0
Q41012,A0
Q41013,A0
Q41014,A0
Q41015,A0
Q41016,A0
Q41017,A0
Q41018,A0
Q41019,A0
Q41020,A0
Q41021,A0
Q41022,A0
Q41023,A0
Q41024,A0
Q41025,A0
Q41026,A0
Q41027,A0
Q41028,A0
Q41029,A0
Q41030,A0
Q41031,A0
Q41032,A0
Q41033,A0
Q41034,A0
Q41035,A0
Q41036,A0
Q41037,A0
Q41038,A0
Q41039,A0
Q41040,A0
Q41041,A0
Q41042,A0
Q41043,A0
Q41044,A0
Q41045,A0
Q41046,A0
Q41047,A0
Q41048,A0
Q41049,A0
Q41050,A0
Q41051,A0
Q41052,A0
Q41053,A0
Q41054,A0
Q41055,A0
Q41056,A0
Q41057,A0
Q41058,A0
Q41059,A0
Q41060,A0
Q41061,A0
Q41062,A0
Q41063,A0
Q41064,A0
Q41065,A0
Q41066,A0
Q41067,A0
Q41068,A0
Q41069,A0
Q41070,A0
Q41071,A0
Q41072,A0
Q41073,A0
Q41074,A0
Q41075,A0
Q41076,A0
Q41077,A0
Q41078,A0
Q41079,A0
Q41080,A0
Q41081,A0
Q41082,A0
Q41083,A0
Q41084,A0
Q41085,A0
Q41086,A0
Q41087,A0
Q41088,A0
Q41089,A0
Q41090,A0
Q41091,A0
Q41092,A0
Q41093,A0
Q41094,A0
Q41095,A0
Q41096,A0
Q41097,A0
Q41098,A0
Q41099,A0
Q41100,A0
Q41101,A0
Q41102,A0
Q41103,A0
Q41104,A0
Q41105,A0
Q41106,A0
Q41107,A0
Q41108,A0
Q41109,A0
Q41110,A0
Q41111,A0
Q41112,A0
Q41113,A0
Q41114,A0
Q41115,A0
Q41116,A0
Q41117,A0
Q41118,A0
Q41119,A0
Q41120,A0
Q41121,A0
Q41122,A0
Q41123,A0
Q41124,A0
Q41125,A0
Q41126,A0
Q41127,A0
Q41128,A0
Q41129,A0
Q41130,A0
Q41131,A0
Q41132,A0
Q41133,A0
Q41134,A0
Q41135,A0
Q41136,A0
Q41137,A0
Q41138,A0
