Q0,A0
Q1,A0
Q2,A0
Q3,A0
Q4,A0
Q5,A0
Q6,A0
Q7,A0
Q8,A0
Q9,A0
Q10,A0
Q11,A0
Q12,A0
Q13,A0
Q14,A0
Q15,A0
Q16,A0
Q17,A0
Q18,A0
Q19,A0
Q20,A0
Q21,A0
Q22,A0
Q23,A0
Q24,A0
Q25,A0
Q26,A0
Q27,A0
Q28,A0
Q29,A0
Q30,A0
Q31,A0
Q32,A0
Q33,A0
Q34,A0
Q35,A0
Q36,A0
Q37,A0
Q38,A0
Q39,A0
Q40,A0
Q41,A0
Q42,A0
Q43,A0
Q44,A0
Q45,A0
Q46,A0
Q47,A0
Q48,A0
Q49,A0
Q50,A0
Q51,A0
Q52,A0
Q53,A0
Q54,A0
Q55,A0
Q56,A0
Q57,A0
Q58,A0
Q59,A0
Q60,A0
Q61,A0
Q62,A0
Q63,A0
Q64,A0
Q65,A0
Q66,A0
Q67,A0
Q68,A0
Q69,A0
Q70,A0
Q71,A0
Q72,A0
Q73,A0
Q74,A0
Q75,A0
Q76,A0
Q77,A0
Q78,A0
Q79,A0
Q80,A0
Q81,A0
Q82,A0
Q83,A0
Q84,A0
Q85,A0
Q86,A0
Q87,A0
Q88,A0
Q89,A0
Q90,A0
Q91,A0
Q92,A0
Q93,A0
Q94,A0
Q95,A0
Q96,A0
Q97,A0
Q98,A0
Q99,A0
Q100,A0
Q101,A0
Q102,A0
Q103,A0
Q104,A0
Q105,A0
Q106,A0
Q107,A0
Q108,A0
Q109,A0
Q110,A0
Q111,A0
Q112,A0
Q113,A0
Q114,A0
Q115,A0
Q116,A0
Q117,A0
Q118,A0
Q119,A0
Q120,A0
Q121,A0
Q122,A0
Q123,A0
Q124,A0
Q125,A0
Q126,A0
Q127,A0
Q128,A0
Q129,A0
Q130,A0
Q131,A0
Q132,A0
Q133,A0
Q134,A0
Q135,A0
Q136,A0
Q137,A0
Q138,A0
Q139,A0
Q140,A0
Q141,A0
Q142,A0
Q143,A0
Q144,A0
Q145,A0
Q146,A0
Q147,A0
Q148,A0
Q149,A0
Q150,A0
Q151,A0
Q152,A0
Q153,A0
Q154,A0
Q155,A0
Q156,A0
Q157,A0
Q158,A0
Q159,A0
Q160,A0
Q161,A0
Q162,A0
Q163,A0
Q164,A0
Q165,A0
Q166,A0
Q167,A0
Q168,A0
Q169,A0
Q170,A0
Q171,A0
Q172,A0
Q173,A0
Q174,A0
Q175,A0
Q176,A0
Q177,A0
Q178,A0
Q179,A0
Q180,A0
Q181,A0
Q182,A0
Q183,A0
Q184,A0
Q185,A0
Q186,A0
Q187,A0
Q188,A0
Q189,A0
Q190,A0
Q191,A0
Q192,A0
Q193,A0
Q194,A0
Q195,A0
Q196,A0
Q197,A0
Q198,A0
Q199,A0
Q200,A0
Q201,A0
Q202,A0
Q203,A0
Q204,A0
Q205,A0
Q206,A0
Q207,A0
Q208,A0
Q209,A0
Q210,A0
Q211,A0
Q212,A0
Q213,A0
Q214,A0
Q215,A0
Q216,A0
Q217,A0
Q218,A0
Q219,A0
Q220,A0
Q221,A0
Q222,A0
Q223,A0
Q224,A0
Q225,A0
Q226,A0
Q227,A0
Q228,A0
Q229,A0
Q230,A0
Q231,A0
Q232,A0
Q233,A0
Q234,A0
Q235,A0
Q236,A0
Q237,A0
Q238,A0
Q239,A0
Q240,A0
Q241,A0
Q242,A0
Q243,A0
Q244,A0
Q245,A0
Q246,A0
Q247,A0
Q248,A0
Q249,A0
Q250,A0
Q251,A0
Q252,A0
Q253,A0
Q254,A0
Q255,A0
Q256,A0
Q257,A0
Q258,A0
Q259,A0
Q260,A0
Q261,A0
Q262,A0
Q263,A0
Q264,A0
Q265,A0
Q266,A0
Q267,A0
Q268,A0
Q269,A0
Q270,A0
Q271,A0
Q272,A0
Q273,A0
Q274,A0
Q275,A0
Q276,A0
Q277,A0
Q278,A0
Q279,A0
Q280,A0
Q281,A0
Q282,A0
Q283,A0
Q284,A0
Q285,A0
Q286,A0
Q287,A0
Q288,A0
Q289,A0
Q290,A0
Q291,A0
Q292,A0
Q293,A0
Q294,A0
Q295,A0
Q296,A0
Q297,A0
Q298,A0
Q299,A0
Q300,A0
Q301,A0
Q302,A0
Q303,A0
Q304,A0
Q305,A0
Q306,A0
Q307,A0
Q308,A0
Q309,A0
Q310,A0
Q311,A0
Q312,A0
Q313,A0
Q314,A0
Q315,A0
Q316,A0
Q317,A0
Q318,A0
Q319,A0
Q320,A0
Q321,A0
Q322,A0
Q323,A0
Q324,A0
Q325,A0
Q326,A0
Q327,A0
Q328,A0
Q329,A0
Q330,A0
Q331,A0
Q332,A0
Q333,A0
Q334,A0
Q335,A0
Q336,A0
Q337,A0
Q338,A0
Q339,A0
Q340,A0
Q341,A0
Q342,A0
Q343,A0
Q344,A0
Q345,A0
Q346,A0
Q347,A0
Q348,A0
Q349,A0
Q350,A0
Q351,A0
Q352,A0
Q353,A0
Q354,A0
Q355,A0
Q356,A0
Q357,A0
Q358,A0
Q359,A0
Q360,A0
Q361,A0
Q362,A0
Q363,A0
Q364,A0
Q365,A0
Q366,A0
Q367,A0
Q368,A0
Q369,A0
Q370,A0
Q371,A0
Q372,A0
Q373,A0
Q374,A0
Q375,A0
Q376,A0
Q377,A0
Q378,A0
Q379,A0
Q380,A0
Q381,A0
Q382,A0
Q383,A0
Q384,A0
Q385,A0
Q386,A0
Q387,A0
Q388,A0
Q389,A0
Q390,A0
Q391,A0
Q392,A0
Q393,A0
Q394,A0
Q395,A0
Q396,A0
Q397,A0
Q398,A0
Q399,A0
Q400,A0
Q401,A0
Q402,A0
Q403,A0
Q404,A0
Q405,A0
Q406,A0
Q407,A0
Q408,A0
Q409,A0
Q410,A0
Q411,A0
Q412,A0
Q413,A0
Q414,A0
Q415,A0
Q416,A0
Q417,A0
Q418,A0
Q419,A0
Q420,A0
Q421,A0
Q422,A0
Q423,A0
Q424,A0
Q425,A0
Q426,A0
Q427,A0
Q428,A0
Q429,A0
Q430,A0
Q431,A0
Q432,A0
Q433,A0
Q434,A0
Q435,A0
Q436,A0
Q437,A0
Q438,A0
Q439,A0
Q440,A0
Q441,A0
Q442,A0
Q443,A0
Q444,A0
Q445,A0
Q446,A0
Q447,A0
Q448,A0
Q449,A0
Q450,A0
Q451,A0
Q452,A0
Q453,A0
Q454,A0
Q455,A0
Q456,A0
Q457,A0
Q458,A0
Q459,A0
Q460,A0
Q461,A0
Q462,A0
Q463,A0
Q464,A0
Q465,A0
Q466,A0
Q467,A0
Q468,A0
Q469,A0
Q470,A0
Q471,A0
Q472,A0
Q473,A0
Q474,A0
Q475,A0
Q476,A0
Q477,A0
Q478,A0
Q479,A0
Q480,A0
Q481,A0
Q482,A0
Q483,A0
Q484,A0
Q485,A0
Q486,A0
Q487,A0
Q488,A0
Q489,A0
Q490,A0
Q491,A0
Q492,A0
Q493,A0
Q494,A0
Q495,A0
Q496,A0
Q497,A0
Q498,A0
Q499,A0
Q500,A0
Q501,A0
Q502,A0
Q503,A0
Q504,A0
Q505,A0
Q506,A0
Q507,A0
Q508,A0
Q509,A0
Q510,A0
Q511,A0
Q512,A0
Q513,A0
Q514,A0
Q515,A0
Q516,A0
Q517,A0
Q518,A0
Q519,A0
Q520,A0
Q521,A0
Q522,A0
Q523,A0
Q524,A0
Q525,A0
Q526,A0
Q527,A0
Q528,A0
Q529,A0
Q530,A0
Q531,A0
Q532,A0
Q533,A0
Q534,A0
Q535,A0
Q536,A0
Q537,A0
Q538,A0
Q539,A0
Q540,A0
Q541,A0
Q542,A0
Q543,A0
Q544,A0
Q545,A0
Q546,A0
Q547,A0
Q548,A0
Q549,A0
Q550,A0
Q551,A0
Q552,A0
Q553,A0
Q554,A0
Q555,A0
Q556,A0
Q557,A0
Q558,A0
Q559,A0
Q560,A0
Q561,A0
Q562,A0
Q563,A0
Q564,A0
Q565,A0
Q566,A0
Q567,A0
Q568,A0
Q569,A0
Q570,A0
Q571,A0
Q572,A0
Q573,A0
Q574,A0
Q575,A0
Q576,A0
Q577,A0
Q578,A0
Q579,A0
Q580,A0
Q581,A0
Q582,A0
Q583,A0
Q584,A0
Q585,A0
Q586,A0
Q587,A0
Q588,A0
Q589,A0
Q590,A0
Q591,A0
Q592,A0
Q593,A0
Q594,A0
Q595,A0
Q596,A0
Q597,A0
Q598,A0
Q599,A0
Q600,A0
Q601,A0
Q602,A0
Q603,A0
Q604,A0
Q605,A0
Q606,A0
Q607,A0
Q608,A0
Q609,A0
Q610,A0
Q611,A0
Q612,A0
Q613,A0
Q614,A0
Q615,A0
Q616,A0
Q617,A0
Q618,A0
Q619,A0
Q620,A0
Q621,A0
Q622,A0
Q623,A0
Q624,A0
Q625,A0
Q626,A0
Q627,A0
Q628,A0
Q629,A0
Q630,A0
Q631,A0
Q632,A0
Q633,A0
Q634,A0
Q635,A0
Q636,A0
Q637,A0
Q638,A0
Q639,A0
Q640,A0
Q641,A0
Q642,A0
Q643,A0
Q644,A0
Q645,A0
Q646,A0
Q647,A0
Q648,A0
Q649,A0
Q650,A0
Q651,A0
Q652,A0
Q653,A0
Q654,A0
Q655,A0
Q656,A0
Q657,A0
Q658,A0
Q659,A0
Q660,A0
Q661,A0
Q662,A0
Q663,A0
Q664,A0
Q665,A0
Q666,A0
Q667,A0
Q668,A0
Q669,A0
Q670,A0
Q671,A0
Q672,A0
Q673,A0
Q674,A0
Q675,A0
Q676,A0
Q677,A0
Q678,A0
Q679,A0
Q680,A0
Q681,A0
Q682,A0
Q683,A0
Q684,A0
Q685,A0
Q686,A0
Q687,A0
Q688,A0
Q689,A0
Q690,A0
Q691,A0
Q692,A0
Q693,A0
Q694,A0
Q695,A0
Q696,A0
Q697,A0
Q698,A0
Q699,A0
Q700,A0
Q701,A0
Q702,A0
Q703,A0
Q704,A0
Q705,A0
Q706,A0
Q707,A0
Q708,A0
Q709,A0
Q710,A0
Q711,A0
Q712,A0
Q713,A0
Q714,A0
Q715,A0
Q716,A0
Q717,A0
Q718,A0
Q719,A0
Q720,A0
Q721,A0
Q722,A0
Q723,A0
Q724,A0
Q725,A0
Q726,A0
Q727,A0
Q728,A0
Q729,A0
Q730,A0
Q731,A0
Q732,A0
Q733,A0
Q734,A0
Q735,A0
Q736,A0
Q737,A0
Q738,A0
Q739,A0
Q740,A0
Q741,A0
Q742,A0
Q743,A0
Q744,A0
Q745,A0
Q746,A0
Q747,A0
Q748,A0
Q749,A0
Q750,A0
Q751,A0
Q752,A0
Q753,A0
Q754,A0
Q755,A0
Q756,A0
Q757,A0
Q758,A0
Q759,A0
Q760,A0
Q761,A0
Q762,A0
Q763,A0
Q764,A0
Q765,A0
Q766,A0
Q767,A0
Q768,A0
Q769,A0
Q770,A0
Q771,A0
Q772,A0
Q773,A0
Q774,A0
Q775,A0
Q776,A0
Q777,A0
Q778,A0
Q779,A0
Q780,A0
Q781,A0
Q782,A0
Q783,A0
Q784,A0
Q785,A0
Q786,A0
Q787,A0
Q788,A0
Q789,A0
Q790,A0
Q791,A0
Q792,A0
Q793,A0
Q794,A0
Q795,A0
Q796,A0
Q797,A0
Q798,A0
Q799,A0
Q800,A0
Q801,A0
Q802,A0
Q803,A0
Q804,A0
Q805,A0
Q806,A0
Q807,A0
Q808,A0
Q809,A0
Q810,A0
Q811,A0
Q812,A0
Q813,A0
Q814,A0
Q815,A0
Q816,A0
Q817,A0
Q818,A0
Q819,A0
Q820,A0
Q821,A0
Q822,A0
Q823,A0
Q824,A0
Q825,A0
Q826,A0
Q827,A0
Q828,A0
Q829,A0
Q830,A0
Q831,A0
Q832,A0
Q833,A0
Q834,A0
Q835,A0
Q836,A0
Q837,A0
Q838,A0
Q839,A0
Q840,A0
Q841,A0
Q842,A0
Q843,A0
Q844,A0
Q845,A0
Q846,A0
Q847,A0
Q848,A0
Q849,A0
Q850,A0
Q851,A0
Q852,A0
Q853,A0
Q854,A0
Q855,A0
Q856,A0
Q857,A0
Q858,A0
Q859,A0
Q860,A0
Q861,A0
Q862,A0
Q863,A0
Q864,A0
Q865,A0
Q866,A0
Q867,A0
Q868,A0
Q869,A0
Q870,A0
Q871,A0
Q872,A0
Q873,A0
Q874,A0
Q875,A0
Q876,A0
Q877,A0
Q878,A0
Q879,A0
Q880,A0
Q881,A0
Q882,A0
Q883,A0
Q884,A0
Q885,A0
Q886,A0
Q887,A0
Q888,A0
Q889,A0
Q890,A0
Q891,A0
Q892,A0
Q893,A0
Q894,A0
Q895,A0
Q896,A0
Q897,A0
Q898,A0
Q899,A0
Q900,A0
Q901,A0
Q902,A0
Q903,A0
Q904,A0
Q905,A0
Q906,A0
Q907,A0
Q908,A0
Q909,A0
Q910,A0
Q911,A0
Q912,A0
Q913,A0
Q914,A0
Q915,A0
Q916,A0
Q917,A0
Q918,A0
Q919,A0
Q920,A0
Q921,A0
Q922,A0
Q923,A0
Q924,A0
Q925,A0
Q926,A0
Q927,A0
Q928,A0
Q929,A0
Q930,A0
Q931,A0
Q932,A0
Q933,A0
Q934,A0
Q935,A0
Q936,A0
Q937,A0
Q938,A0
Q939,A0
Q940,A0
Q941,A0
Q942,A0
Q943,A0
Q944,A0
Q945,A0
Q946,A0
Q947,A0
Q948,A0
Q949,A0
Q950,A0
Q951,A0
Q952,A0
Q953,A0
Q954,A0
Q955,A0
Q956,A0
Q957,A0
Q958,A0
Q959,A0
Q960,A0
Q961,A0
Q962,A0
Q963,A0
Q964,A0
Q965,A0
Q966,A0
Q967,A0
Q968,A0
Q969,A0
Q970,A0
Q971,A0
Q972,A0
Q973,A0
Q974,A0
Q975,A0
Q976,A0
Q977,A0
Q978,A0
Q979,A0
Q980,A0
Q981,A0
Q982,A0
Q983,A0
Q984,A0
Q985,A0
Q986,A0
Q987,A0
Q988,A0
Q989,A0
Q990,A0
Q991,A0
Q992,A0
Q993,A0
Q994,A0
Q995,A0
Q996,A0
Q997,A0
Q998,A0
Q999,A0
Q1000,A0
Q1001,A0
Q1002,A0
Q1003,A0
Q1004,A0
Q1005,A0
Q1006,A0
Q1007,A0
Q1008,A0
Q1009,A0
Q1010,A0
Q1011,A0
Q1012,A0
Q1013,A0
Q1014,A0
Q1015,A0
Q1016,A0
Q1017,A0
Q1018,A0
Q1019,A0
Q1020,A0
Q1021,A0
Q1022,A0
Q1023,A0
Q1024,A0
Q1025,A0
Q1026,A0
Q1027,A0
Q1028,A0
Q1029,A0
Q1030,A0
Q1031,A0
Q1032,A0
Q1033,A0
Q1034,A0
Q1035,A0
Q1036,A0
Q1037,A0
Q1038,A0
Q1039,A0
Q1040,A0
Q1041,A0
Q1042,A0
Q1043,A0
Q1044,A0
Q1045,A0
Q1046,A0
Q1047,A0
Q1048,A0
Q1049,A0
Q1050,A0
Q1051,A0
Q1052,A0
Q1053,A0
Q1054,A0
Q1055,A0
Q1056,A0
Q1057,A0
Q1058,A0
Q1059,A0
Q1060,A0
Q1061,A0
Q1062,A0
Q1063,A0
Q1064,A0
Q1065,A0
Q1066,A0
Q1067,A0
Q1068,A0
Q1069,A0
Q1070,A0
Q1071,A0
Q1072,A0
Q1073,A0
Q1074,A0
Q1075,A0
Q1076,A0
Q1077,A0
Q1078,A0
Q1079,A0
Q1080,A0
Q1081,A0
Q1082,A0
Q1083,A0
Q1084,A0
Q1085,A0
Q1086,A0
Q1087,A0
Q1088,A0
Q1089,A0
Q1090,A0
Q1091,A0
Q1092,A0
Q1093,A0
Q1094,A0
Q1095,A0
Q1096,A0
Q1097,A0
Q1098,A0
Q1099,A0
Q1100,A0
Q1101,A0
Q1102,A0
Q1103,A0
Q1104,A0
Q1105,A0
Q1106,A0
Q1107,A0
Q1108,A0
Q1109,A0
Q1110,A0
Q1111,A0
Q1112,A0
Q1113,A0
Q1114,A0
Q1115,A0
Q1116,A0
Q1117,A0
Q1118,A0
Q1119,A0
Q1120,A0
Q1121,A0
Q1122,A0
Q1123,A0
Q1124,A0
Q1125,A0
Q1126,A0
Q1127,A0
Q1128,A0
Q1129,A0
Q1130,A0
Q1131,A0
Q1132,A0
Q1133,A0
Q1134,A0
Q1135,A0
Q1136,A0
Q1137,A0
Q1138,A0
Q1139,A0
Q1140,A0
Q1141,A0
Q1142,A0
Q1143,A0
Q1144,A0
Q1145,A0
Q1146,A0
Q1147,A0
Q1148,A0
Q1149,A0
Q1150,A0
Q1151,A0
Q1152,A0
Q1153,A0
Q1154,A0
Q1155,A0
Q1156,A0
Q1157,A0
Q1158,A0
Q1159,A0
Q1160,A0
Q1161,A0
Q1162,A0
Q1163,A0
Q1164,A0
Q1165,A0
Q1166,A0
Q1167,A0
Q1168,A0
Q1169,A0
Q1170,A0
Q1171,A0
Q1172,A0
Q1173,A0
Q1174,A0
Q1175,A0
Q1176,A0
Q1177,A0
Q1178,A0
Q1179,A0
Q1180,A0
Q1181,A0
Q1182,A0
Q1183,A0
Q1184,A0
Q1185,A0
Q1186,A0
Q1187,A0
Q1188,A0
Q1189,A0
Q1190,A0
Q1191,A0
Q1192,A0
Q1193,A0
Q1194,A0
Q1195,A0
Q1196,A0
Q1197,A0
Q1198,A0
Q1199,A0
Q1200,A0
Q1201,A0
Q1202,A0
Q1203,A0
Q1204,A0
Q1205,A0
Q1206,A0
Q1207,A0
Q1208,A0
Q1209,A0
Q1210,A0
Q1211,A0
Q1212,A0
Q1213,A0
Q1214,A0
Q1215,A0
Q1216,A0
Q1217,A0
Q1218,A0
Q1219,A0
Q1220,A0
Q1221,A0
Q1222,A0
Q1223,A0
Q1224,A0
Q1225,A0
Q1226,A0
Q1227,A0
Q1228,A0
Q1229,A0
Q1230,A0
Q1231,A0
Q1232,A0
Q1233,A0
Q1234,A0
Q1235,A0
Q1236,A0
Q1237,A0
Q1238,A0
Q1239,A0
Q1240,A0
Q1241,A0
Q1242,A0
Q1243,A0
Q1244,A0
Q1245,A0
Q1246,A0
Q1247,A0
Q1248,A0
Q1249,A0
Q1250,A0
Q1251,A0
Q1252,A0
Q1253,A0
Q1254,A0
Q1255,A0
Q1256,A0
Q1257,A0
Q1258,A0
Q1259,A0
Q1260,A0
Q1261,A0
Q1262,A0
Q1263,A0
Q1264,A0
Q1265,A0
Q1266,A0
Q1267,A0
Q1268,A0
Q1269,A0
Q1270,A0
Q1271,A0
Q1272,A0
Q1273,A0
Q1274,A0
Q1275,A0
Q1276,A0
Q1277,A0
Q1278,A0
Q1279,A0
Q1280,A0
Q1281,A0
Q1282,A0
Q1283,A0
Q1284,A0
Q1285,A0
Q1286,A0
Q1287,A0
Q1288,A0
Q1289,A0
Q1290,A0
Q1291,A0
Q1292,A0
Q1293,A0
Q1294,A0
Q1295,A0
Q1296,A0
Q1297,A0
Q1298,A0
Q1299,A0
Q1300,A0
Q1301,A0
Q1302,A0
Q1303,A0
Q1304,A0
Q1305,A0
Q1306,A0
Q1307,A0
Q1308,A0
Q1309,A0
Q1310,A0
Q1311,A0
Q1312,A0
Q1313,A0
Q1314,A0
Q1315,A0
Q1316,A0
Q1317,A0
Q1318,A0
Q1319,A0
Q1320,A0
Q1321,A0
Q1322,A0
Q1323,A0
Q1324,A0
Q1325,A0
Q1326,A0
Q1327,A0
Q1328,A0
Q1329,A0
Q1330,A0
Q1331,A0
Q1332,A0
Q1333,A0
Q1334,A0
Q1335,A0
Q1336,A0
Q1337,A0
Q1338,A0
Q1339,A0
Q1340,A0
Q1341,A0
Q1342,A0
Q1343,A0
Q1344,A0
Q1345,A0
Q1346,A0
Q1347,A0
Q1348,A0
Q1349,A0
Q1350,A0
Q1351,A0
Q1352,A0
Q1353,A0
Q1354,A0
Q1355,A0
Q1356,A0
Q1357,A0
Q1358,A0
Q1359,A0
Q1360,A0
Q1361,A0
Q1362,A0
Q1363,A0
Q1364,A0
Q1365,A0
Q1366,A0
Q1367,A0
Q1368,A0
Q1369,A0
Q1370,A0
Q1371,A0
Q1372,A0
Q1373,A0
Q1374,A0
Q1375,A0
Q1376,A0
Q1377,A0
Q1378,A0
Q1379,A0
Q1380,A0
Q1381,A0
Q1382,A0
Q1383,A0
Q1384,A0
Q1385,A0
Q1386,A0
Q1387,A0
Q1388,A0
Q1389,A0
Q1390,A0
Q1391,A0
Q1392,A0
Q1393,A0
Q1394,A0
Q1395,A0
Q1396,A0
Q1397,A0
Q1398,A0
Q1399,A0
Q1400,A0
Q1401,A0
Q1402,A0
Q1403,A0
Q1404,A0
Q1405,A0
Q1406,A0
Q1407,A0
Q1408,A0
Q1409,A0
Q1410,A0
Q1411,A0
Q1412,A0
Q1413,A0
Q1414,A0
Q1415,A0
Q1416,A0
Q1417,A0
Q1418,A0
Q1419,A0
Q1420,A0
Q1421,A0
Q1422,A0
Q1423,A0
Q1424,A0
Q1425,A0
Q1426,A0
Q1427,A0
Q1428,A0
Q1429,A0
Q1430,A0
Q1431,A0
Q1432,A0
Q1433,A0
Q1434,A0
Q1435,A0
Q1436,A0
Q1437,A0
Q1438,A0
Q1439,A0
Q1440,A0
Q1441,A0
Q1442,A0
Q1443,A0
Q1444,A0
Q1445,A0
Q1446,A0
Q1447,A0
Q1448,A0
Q1449,A0
Q1450,A0
Q1451,A0
Q1452,A0
Q1453,A0
Q1454,A0
Q1455,A0
Q1456,A0
Q1457,A0
Q1458,A0
Q1459,A0
Q1460,A0
Q1461,A0
Q1462,A0
Q1463,A0
Q1464,A0
Q1465,A0
Q1466,A0
Q1467,A0
Q1468,A0
Q1469,A0
Q1470,A0
Q1471,A0
Q1472,A0
Q1473,A0
Q1474,A0
Q1475,A0
Q1476,A0
Q1477,A0
Q1478,A0
Q1479,A0
Q1480,A0
Q1481,A0
Q1482,A0
Q1483,A0
Q1484,A0
Q1485,A0
Q1486,A0
Q1487,A0
Q1488,A0
Q1489,A0
Q1490,A0
Q1491,A0
Q1492,A0
Q1493,A0
Q1494,A0
Q1495,A0
Q1496,A0
Q1497,A0
Q1498,A0
Q1499,A0
Q1500,A0
Q1501,A0
Q1502,A0
Q1503,A0
Q1504,A0
Q1505,A0
Q1506,A0
Q1507,A0
Q1508,A0
Q1509,A0
Q1510,A0
Q1511,A0
Q1512,A0
Q1513,A0
Q1514,A0
Q1515,A0
Q1516,A0
Q1517,A0
Q1518,A0
Q1519,A0
Q1520,A0
Q1521,A0
Q1522,A0
Q1523,A0
Q1524,A0
Q1525,A0
Q1526,A0
Q1527,A0
Q1528,A0
Q1529,A0
Q1530,A0
Q1531,A0
Q1532,A0
Q1533,A0
Q1534,A0
Q1535,A0
Q1536,A0
Q1537,A0
Q1538,A0
Q1539,A0
Q1540,A0
Q1541,A0
Q1542,A0
Q1543,A0
Q1544,A0
Q1545,A0
Q1546,A0
Q1547,A0
Q1548,A0
Q1549,A0
Q1550,A0
Q1551,A0
Q1552,A0
Q1553,A0
Q1554,A0
Q1555,A0
Q1556,A0
Q1557,A0
Q1558,A0
Q1559,A0
Q1560,A0
Q1561,A0
Q1562,A0
Q1563,A0
Q1564,A0
Q1565,A0
Q1566,A0
Q1567,A0
Q1568,A0
Q1569,A0
Q1570,A0
Q1571,A0
Q1572,A0
Q1573,A0
Q1574,A0
Q1575,A0
Q1576,A0
Q1577,A0
Q1578,A0
Q1579,A0
Q1580,A0
Q1581,A0
Q1582,A0
Q1583,A0
Q1584,A0
Q1585,A0
Q1586,A0
Q1587,A0
Q1588,A0
Q1589,A0
Q1590,A0
Q1591,A0
Q1592,A0
Q1593,A0
Q1594,A0
Q1595,A0
Q1596,A0
Q1597,A0
Q1598,A0
Q1599,A0
Q1600,A0
Q1601,A0
Q1602,A0
Q1603,A0
Q1604,A0
Q1605,A0
Q1606,A0
Q1607,A0
Q1608,A0
Q1609,A0
Q1610,A0
Q1611,A0
Q1612,A0
Q1613,A0
Q1614,A0
Q1615,A0
Q1616,A0
Q1617,A0
Q1618,A0
Q1619,A0
Q1620,A0
Q1621,A0
Q1622,A0
Q1623,A0
Q1624,A0
Q1625,A0
Q1626,A0
Q1627,A0
Q1628,A0
Q1629,A0
Q1630,A0
Q1631,A0
Q1632,A0
Q1633,A0
Q1634,A0
Q1635,A0
Q1636,A0
Q1637,A0
Q1638,A0
Q1639,A0
Q1640,A0
Q1641,A0
Q1642,A0
Q1643,A0
Q1644,A0
Q1645,A0
Q1646,A0
Q1647,A0
Q1648,A0
Q1649,A0
Q1650,A0
Q1651,A0
Q1652,A0
Q1653,A0
Q1654,A0
Q1655,A0
Q1656,A0
Q1657,A0
Q1658,A0
Q1659,A0
Q1660,A0
Q1661,A0
Q1662,A0
Q1663,A0
Q1664,A0
Q1665,A0
Q1666,A0
Q1667,A0
Q1668,A0
Q1669,A0
Q1670,A0
Q1671,A0
Q1672,A0
Q1673,A0
Q1674,A0
Q1675,A0
Q1676,A0
Q1677,A0
Q1678,A0
Q1679,A0
Q1680,A0
Q1681,A0
Q1682,A0
Q1683,A0
Q1684,A0
Q1685,A0
Q1686,A0
Q1687,A0
Q1688,A0
Q1689,A0
Q1690,A0
Q1691,A0
Q1692,A0
Q1693,A0
Q1694,A0
Q1695,A0
Q1696,A0
Q1697,A0
Q1698,A0
Q1699,A0
Q1700,A0
Q1701,A0
Q1702,A0
Q1703,A0
Q1704,A0
Q1705,A0
Q1706,A0
Q1707,A0
Q1708,A0
Q1709,A0
Q1710,A0
Q1711,A0
Q1712,A0
Q1713,A0
Q1714,A0
Q1715,A0
Q1716,A0
Q1717,A0
Q1718,A0
Q1719,A0
Q1720,A0
Q1721,A0
Q1722,A0
Q1723,A0
Q1724,A0
Q1725,A0
Q1726,A0
Q1727,A0
Q1728,A0
Q1729,A0
Q1730,A0
Q1731,A0
Q1732,A0
Q1733,A0
Q1734,A0
Q1735,A0
Q1736,A0
Q1737,A0
Q1738,A0
Q1739,A0
Q1740,A0
Q1741,A0
Q1742,A0
Q1743,A0
Q1744,A0
Q1745,A0
Q1746,A0
Q1747,A0
Q1748,A0
Q1749,A0
Q1750,A0
Q1751,A0
Q1752,A0
Q1753,A0
Q1754,A0
Q1755,A0
Q1756,A0
Q1757,A0
Q1758,A0
Q1759,A0
Q1760,A0
Q1761,A0
Q1762,A0
Q1763,A0
Q1764,A0
Q1765,A0
Q1766,A0
Q1767,A0
Q1768,A0
Q1769,A0
Q1770,A0
Q1771,A0
Q1772,A0
Q1773,A0
Q1774,A0
Q1775,A0
Q1776,A0
Q1777,A0
Q1778,A0
Q1779,A0
Q1780,A0
Q1781,A0
Q1782,A0
Q1783,A0
Q1784,A0
Q1785,A0
Q1786,A0
Q1787,A0
Q1788,A0
Q1789,A0
Q1790,A0
Q1791,A0
Q1792,A0
Q1793,A0
Q1794,A0
Q1795,A0
Q1796,A0
Q1797,A0
Q1798,A0
Q1799,A0
Q1800,A0
Q1801,A0
Q1802,A0
Q1803,A0
Q1804,A0
Q1805,A0
Q1806,A0
Q1807,A0
Q1808,A0
Q1809,A0
Q1810,A0
Q1811,A0
Q1812,A0
Q1813,A0
Q1814,A0
Q1815,A0
Q1816,A0
Q1817,A0
Q1818,A0
Q1819,A0
Q1820,A0
Q1821,A0
Q1822,A0
Q1823,A0
Q1824,A0
Q1825,A0
Q1826,A0
Q1827,A0
Q1828,A0
Q1829,A0
Q1830,A0
Q1831,A0
Q1832,A0
Q1833,A0
Q1834,A0
Q1835,A0
Q1836,A0
Q1837,A0
Q1838,A0
Q1839,A0
Q1840,A0
Q1841,A0
Q1842,A0
Q1843,A0
Q1844,A0
Q1845,A0
Q1846,A0
Q1847,A0
Q1848,A0
Q1849,A0
Q1850,A0
Q1851,A0
Q1852,A0
Q1853,A0
Q1854,A0
Q1855,A0
Q1856,A0
Q1857,A0
Q1858,A0
Q1859,A0
Q1860,A0
Q1861,A0
Q1862,A0
Q1863,A0
Q1864,A0
Q1865,A0
Q1866,A0
Q1867,A0
Q1868,A0
Q1869,A0
Q1870,A0
Q1871,A0
Q1872,A0
Q1873,A0
Q1874,A0
Q1875,A0
Q1876,A0
Q1877,A0
Q1878,A0
Q1879,A0
Q1880,A0
Q1881,A0
Q1882,A0
Q1883,A0
Q1884,A0
Q1885,A0
Q1886,A0
Q1887,A0
Q1888,A0
Q1889,A0
Q1890,A0
Q1891,A0
Q1892,A0
Q1893,A0
Q1894,A0
Q1895,A0
Q1896,A0
Q1897,A0
Q1898,A0
Q1899,A0
Q1900,A0
Q1901,A0
Q1902,A0
Q1903,A0
Q1904,A0
Q1905,A0
Q1906,A0
Q1907,A0
Q1908,A0
Q1909,A0
Q1910,A0
Q1911,A0
Q1912,A0
Q1913,A0
Q1914,A0
Q1915,A0
Q1916,A0
Q1917,A0
Q1918,A0
Q1919,A0
Q1920,A0
Q1921,A0
Q1922,A0
Q1923,A0
Q1924,A0
Q1925,A0
Q1926,A0
Q1927,A0
Q1928,A0
Q1929,A0
Q1930,A0
Q1931,A0
Q1932,A0
Q1933,A0
Q1934,A0
Q1935,A0
Q1936,A0
Q1937,A0
Q1938,A0
Q1939,A0
Q1940,A0
Q1941,A0
Q1942,A0
Q1943,A0
Q1944,A0
Q1945,A0
Q1946,A0
Q1947,A0
Q1948,A0
Q1949,A0
Q1950,A0
Q1951,A0
Q1952,A0
Q1953,A0
Q1954,A0
Q1955,A0
Q1956,A0
Q1957,A0
Q1958,A0
Q1959,A0
Q1960,A0
Q1961,A0
Q1962,A0
Q1963,A0
Q1964,A0
Q1965,A0
Q1966,A0
Q1967,A0
Q1968,A0
Q1969,A0
Q1970,A0
Q1971,A0
Q1972,A0
Q1973,A0
Q1974,A0
Q1975,A0
Q1976,A0
Q1977,A0
Q1978,A0
Q1979,A0
Q1980,A0
Q1981,A0
Q1982,A0
Q1983,A0
Q1984,A0
Q1985,A0
Q1986,A0
Q1987,A0
Q1988,A0
Q1989,A0
Q1990,A0
Q1991,A0
Q1992,A0
Q1993,A0
Q1994,A0
Q1995,A0
Q1996,A0
Q1997,A0
Q1998,A0
Q1999,A0
Q2000,A0
Q2001,A0
Q2002,A0
Q2003,A0
Q2004,A0
Q2005,A0
Q2006,A0
Q2007,A0
Q2008,A0
Q2009,A0
Q2010,A0
Q2011,A0
Q2012,A0
Q2013,A0
Q2014,A0
Q2015,A0
Q2016,A0
Q2017,A0
Q2018,A0
Q2019,A0
Q2020,A0
Q2021,A0
Q2022,A0
Q2023,A0
Q2024,A0
Q2025,A0
Q2026,A0
Q2027,A0
Q2028,A0
Q2029,A0
Q2030,A0
Q2031,A0
Q2032,A0
Q2033,A0
Q2034,A0
Q2035,A0
Q2036,A0
Q2037,A0
Q2038,A0
Q2039,A0
Q2040,A0
Q2041,A0
Q2042,A0
Q2043,A0
Q2044,A0
Q2045,A0
Q2046,A0
Q2047,A0
Q2048,A0
Q2049,A0
Q2050,A0
Q2051,A0
Q2052,A0
Q2053,A0
Q2054,A0
Q2055,A0
Q2056,A0
Q2057,A0
Q2058,A0
Q2059,A0
Q2060,A0
Q2061,A0
Q2062,A0
Q2063,A0
Q2064,A0
Q2065,A0
Q2066,A0
Q2067,A0
Q2068,A0
Q2069,A0
Q2070,A0
Q2071,A0
Q2072,A0
Q2073,A0
Q2074,A0
Q2075,A0
Q2076,A0
Q2077,A0
Q2078,A0
Q2079,A0
Q2080,A0
Q2081,A0
Q2082,A0
Q2083,A0
Q2084,A0
Q2085,A0
Q2086,A0
Q2087,A0
Q2088,A0
Q2089,A0
Q2090,A0
Q2091,A0
Q2092,A0
Q2093,A0
Q2094,A0
Q2095,A0
Q2096,A0
Q2097,A0
Q2098,A0
Q2099,A0
Q2100,A0
Q2101,A0
Q2102,A0
Q2103,A0
Q2104,A0
Q2105,A0
Q2106,A0
Q2107,A0
Q2108,A0
Q2109,A0
Q2110,A0
Q2111,A0
Q2112,A0
Q2113,A0
Q2114,A0
Q2115,A0
Q2116,A0
Q2117,A0
Q2118,A0
Q2119,A0
Q2120,A0
Q2121,A0
Q2122,A0
Q2123,A0
Q2124,A0
Q2125,A0
Q2126,A0
Q2127,A0
Q2128,A0
Q2129,A0
Q2130,A0
Q2131,A0
Q2132,A0
Q2133,A0
Q2134,A0
Q2135,A0
Q2136,A0
Q2137,A0
Q2138,A0
Q2139,A0
Q2140,A0
Q2141,A0
Q2142,A0
Q2143,A0
Q2144,A0
Q2145,A0
Q2146,A0
Q2147,A0
Q2148,A0
Q2149,A0
Q2150,A0
Q2151,A0
Q2152,A0
Q2153,A0
Q2154,A0
Q2155,A0
Q2156,A0
Q2157,A0
Q2158,A0
Q2159,A0
Q2160,A0
Q2161,A0
Q2162,A0
Q2163,A0
Q2164,A0
Q2165,A0
Q2166,A0
Q2167,A0
Q2168,A0
Q2169,A0
Q2170,A0
Q2171,A0
Q2172,A0
Q2173,A0
Q2174,A0
Q2175,A0
Q2176,A0
Q2177,A0
Q2178,A0
Q2179,A0
Q2180,A0
Q2181,A0
Q2182,A0
Q2183,A0
Q2184,A0
Q2185,A0
Q2186,A0
Q2187,A0
Q2188,A0
Q2189,A0
Q2190,A0
Q2191,A0
Q2192,A0
Q2193,A0
Q2194,A0
Q2195,A0
Q2196,A0
Q2197,A0
Q2198,A0
Q2199,A0
Q2200,A0
Q2201,A0
Q2202,A0
Q2203,A0
Q2204,A0
Q2205,A0
Q2206,A0
Q2207,A0
Q2208,A0
Q2209,A0
Q2210,A0
Q2211,A0
Q2212,A0
Q2213,A0
Q2214,A0
Q2215,A0
Q2216,A0
Q2217,A0
Q2218,A0
Q2219,A0
Q2220,A0
Q2221,A0
Q2222,A0
Q2223,A0
Q2224,A0
Q2225,A0
Q2226,A0
Q2227,A0
Q2228,A0
Q2229,A0
Q2230,A0
Q2231,A0
Q2232,A0
Q2233,A0
Q2234,A0
Q2235,A0
Q2236,A0
Q2237,A0
Q2238,A0
Q2239,A0
Q2240,A0
Q2241,A0
Q2242,A0
Q2243,A0
Q2244,A0
Q2245,A0
Q2246,A0
Q2247,A0
Q2248,A0
Q2249,A0
Q2250,A0
Q2251,A0
Q2252,A0
Q2253,A0
Q2254,A0
Q2255,A0
Q2256,A0
Q2257,A0
Q2258,A0
Q2259,A0
Q2260,A0
Q2261,A0
Q2262,A0
Q2263,A0
Q2264,A0
Q2265,A0
Q2266,A0
Q2267,A0
Q2268,A0
Q2269,A0
Q2270,A0
Q2271,A0
Q2272,A0
Q2273,A0
Q2274,A0
Q2275,A0
Q2276,A0
Q2277,A0
Q2278,A0
Q2279,A0
Q2280,A0
Q2281,A0
Q2282,A0
Q2283,A0
Q2284,A0
Q2285,A0
Q2286,A0
Q2287,A0
Q2288,A0
Q2289,A0
Q2290,A0
Q2291,A0
Q2292,A0
Q2293,A0
Q2294,A0
Q2295,A0
Q2296,A0
Q2297,A0
Q2298,A0
Q2299,A0
Q2300,A0
Q2301,A0
Q2302,A0
Q2303,A0
Q2304,A0
Q2305,A0
Q2306,A0
Q2307,A0
Q2308,A0
Q2309,A0
Q2310,A0
Q2311,A0
Q2312,A0
Q2313,A0
Q2314,A0
Q2315,A0
Q2316,A0
Q2317,A0
Q2318,A0
Q2319,A0
Q2320,A0
Q2321,A0
Q2322,A0
Q2323,A0
Q2324,A0
Q2325,A0
Q2326,A0
Q2327,A0
Q2328,A0
Q2329,A0
Q2330,A0
Q2331,A0
Q2332,A0
Q2333,A0
Q2334,A0
Q2335,A0
Q2336,A0
Q2337,A0
Q2338,A0
Q2339,A0
Q2340,A0
Q2341,A0
Q2342,A0
Q2343,A0
Q2344,A0
Q2345,A0
Q2346,A0
Q2347,A0
Q2348,A0
Q2349,A0
Q2350,A0
Q2351,A0
Q2352,A0
Q2353,A0
Q2354,A0
Q2355,A0
Q2356,A0
Q2357,A0
Q2358,A0
Q2359,A0
Q2360,A0
Q2361,A0
Q2362,A0
Q2363,A0
Q2364,A0
Q2365,A0
Q2366,A0
Q2367,A0
Q2368,A0
Q2369,A0
Q2370,A0
Q2371,A0
Q2372,A0
Q2373,A0
Q2374,A0
Q2375,A0
Q2376,A0
Q2377,A0
Q2378,A0
Q2379,A0
Q2380,A0
Q2381,A0
Q2382,A0
Q2383,A0
Q2384,A0
Q2385,A0
Q2386,A0
Q2387,A0
Q2388,A0
Q2389,A0
Q2390,A0
Q2391,A0
Q2392,A0
Q2393,A0
Q2394,A0
Q2395,A0
Q2396,A0
Q2397,A0
Q2398,A0
Q2399,A0
Q2400,A0
Q2401,A0
Q2402,A0
Q2403,A0
Q2404,A0
Q2405,A0
Q2406,A0
Q2407,A0
Q2408,A0
Q2409,A0
Q2410,A0
Q2411,A0
Q2412,A0
Q2413,A0
Q2414,A0
Q2415,A0
Q2416,A0
Q2417,A0
Q2418,A0
Q2419,A0
Q2420,A0
Q2421,A0
Q2422,A0
Q2423,A0
Q2424,A0
Q2425,A0
Q2426,A0
Q2427,A0
Q2428,A0
Q2429,A0
Q2430,A0
Q2431,A0
Q2432,A0
Q2433,A0
Q2434,A0
Q2435,A0
Q2436,A0
Q2437,A0
Q2438,A0
Q2439,A0
Q2440,A0
Q2441,A0
Q2442,A0
Q2443,A0
Q2444,A0
Q2445,A0
Q2446,A0
Q2447,A0
Q2448,A0
Q2449,A0
Q2450,A0
Q2451,A0
Q2452,A0
Q2453,A0
Q2454,A0
Q2455,A0
Q2456,A0
Q2457,A0
Q2458,A0
Q2459,A0
Q2460,A0
Q2461,A0
Q2462,A0
Q2463,A0
Q2464,A0
Q2465,A0
Q2466,A0
Q2467,A0
Q2468,A0
Q2469,A0
Q2470,A0
Q2471,A0
Q2472,A0
Q2473,A0
Q2474,A0
Q2475,A0
Q2476,A0
Q2477,A0
Q2478,A0
Q2479,A0
Q2480,A0
Q2481,A0
Q2482,A0
Q2483,A0
Q2484,A0
Q2485,A0
Q2486,A0
Q2487,A0
Q2488,A0
Q2489,A0
Q2490,A0
Q2491,A0
Q2492,A0
Q2493,A0
Q2494,A0
Q2495,A0
Q2496,A0
Q2497,A0
Q2498,A0
Q2499,A0
Q2500,A0
Q2501,A0
Q2502,A0
Q2503,A0
Q2504,A0
Q2505,A0
Q2506,A0
Q2507,A0
Q2508,A0
Q2509,A0
Q2510,A0
Q2511,A0
Q2512,A0
Q2513,A0
Q2514,A0
Q2515,A0
Q2516,A0
Q2517,A0
Q2518,A0
Q2519,A0
Q2520,A0
Q2521,A0
Q2522,A0
Q2523,A0
Q2524,A0
Q2525,A0
Q2526,A0
Q2527,A0
Q2528,A0
Q2529,A0
Q2530,A0
Q2531,A0
Q2532,A0
Q2533,A0
Q2534,A0
Q2535,A0
Q2536,A0
Q2537,A0
Q2538,A0
Q2539,A0
Q2540,A0
Q2541,A0
Q2542,A0
Q2543,A0
Q2544,A0
Q2545,A0
Q2546,A0
Q2547,A0
Q2548,A0
Q2549,A0
Q2550,A0
Q2551,A0
Q2552,A0
Q2553,A0
Q2554,A0
Q2555,A0
Q2556,A0
Q2557,A0
Q2558,A0
Q2559,A0
Q2560,A0
Q2561,A0
Q2562,A0
Q2563,A0
Q2564,A0
Q2565,A0
Q2566,A0
Q2567,A0
Q2568,A0
Q2569,A0
Q2570,A0
Q2571,A0
Q2572,A0
Q2573,A0
Q2574,A0
Q2575,A0
Q2576,A0
Q2577,A0
Q2578,A0
Q2579,A0
Q2580,A0
Q2581,A0
Q2582,A0
Q2583,A0
Q2584,A0
Q2585,A0
Q2586,A0
Q2587,A0
Q2588,A0
Q2589,A0
Q2590,A0
Q2591,A0
Q2592,A0
Q2593,A0
Q2594,A0
Q2595,A0
Q2596,A0
Q2597,A0
Q2598,A0
Q2599,A0
Q2600,A0
Q2601,A0
Q2602,A0
Q2603,A0
Q2604,A0
Q2605,A0
Q2606,A0
Q2607,A0
Q2608,A0
Q2609,A0
Q2610,A0
Q2611,A0
Q2612,A0
Q2613,A0
Q2614,A0
Q2615,A0
Q2616,A0
Q2617,A0
Q2618,A0
Q2619,A0
Q2620,A0
Q2621,A0
Q2622,A0
Q2623,A0
Q2624,A0
Q2625,A0
Q2626,A0
Q2627,A0
Q2628,A0
Q2629,A0
Q2630,A0
Q2631,A0
Q2632,A0
Q2633,A0
Q2634,A0
Q2635,A0
Q2636,A0
Q2637,A0
Q2638,A0
Q2639,A0
Q2640,A0
Q2641,A0
Q2642,A0
Q2643,A0
Q2644,A0
Q2645,A0
Q2646,A0
Q2647,A0
Q2648,A0
Q2649,A0
Q2650,A0
Q2651,A0
Q2652,A0
Q2653,A0
Q2654,A0
Q2655,A0
Q2656,A0
Q2657,A0
Q2658,A0
Q2659,A0
Q2660,A0
Q2661,A0
Q2662,A0
Q2663,A0
Q2664,A0
Q2665,A0
Q2666,A0
Q2667,A0
Q2668,A0
Q2669,A0
Q2670,A0
Q2671,A0
Q2672,A0
Q2673,A0
Q2674,A0
Q2675,A0
Q2676,A0
Q2677,A0
Q2678,A0
Q2679,A0
Q2680,A0
Q2681,A0
Q2682,A0
Q2683,A0
Q2684,A0
Q2685,A0
Q2686,A0
Q2687,A0
Q2688,A0
Q2689,A0
Q2690,A0
Q2691,A0
Q2692,A0
Q2693,A0
Q2694,A0
Q2695,A0
Q2696,A0
Q2697,A0
Q2698,A0
Q2699,A0
Q2700,A0
Q2701,A0
Q2702,A0
Q2703,A0
Q2704,A0
Q2705,A0
Q2706,A0
Q2707,A0
Q2708,A0
Q2709,A0
Q2710,A0
Q2711,A0
Q2712,A0
Q2713,A0
Q2714,A0
Q2715,A0
Q2716,A0
Q2717,A0
Q2718,A0
Q2719,A0
Q2720,A0
Q2721,A0
Q2722,A0
Q2723,A0
Q2724,A0
Q2725,A0
Q2726,A0
Q2727,A0
Q2728,A0
Q2729,A0
Q2730,A0
Q2731,A0
Q2732,A0
Q2733,A0
Q2734,A0
Q2735,A0
Q2736,A0
Q2737,A0
Q2738,A0
Q2739,A0
Q2740,A0
Q2741,A0
Q2742,A0
Q2743,A0
Q2744,A0
Q2745,A0
Q2746,A0
Q2747,A0
Q2748,A0
Q2749,A0
Q2750,A0
Q2751,A0
Q2752,A0
Q2753,A0
Q2754,A0
Q2755,A0
Q2756,A0
Q2757,A0
Q2758,A0
Q2759,A0
Q2760,A0
Q2761,A0
Q2762,A0
Q2763,A0
Q2764,A0
Q2765,A0
Q2766,A0
Q2767,A0
Q2768,A0
Q2769,A0
Q2770,A0
Q2771,A0
Q2772,A0
Q2773,A0
Q2774,A0
Q2775,A0
Q2776,A0
Q2777,A0
Q2778,A0
Q2779,A0
Q2780,A0
Q2781,A0
Q2782,A0
Q2783,A0
Q2784,A0
Q2785,A0
Q2786,A0
Q2787,A0
Q2788,A0
Q2789,A0
Q2790,A0
Q2791,A0
Q2792,A0
Q2793,A0
Q2794,A0
Q2795,A0
Q2796,A0
Q2797,A0
Q2798,A0
Q2799,A0
Q2800,A0
Q2801,A0
Q2802,A0
Q2803,A0
Q2804,A0
Q2805,A0
Q2806,A0
Q2807,A0
Q2808,A0
Q2809,A0
Q2810,A0
Q2811,A0
Q2812,A0
Q2813,A0
Q2814,A0
Q2815,A0
Q2816,A0
Q2817,A0
Q2818,A0
Q2819,A0
Q2820,A0
Q2821,A0
Q2822,A0
Q2823,A0
Q2824,A0
Q2825,A0
Q2826,A0
Q2827,A0
Q2828,A0
Q2829,A0
Q2830,A0
Q2831,A0
Q2832,A0
Q2833,A0
Q2834,A0
Q2835,A0
Q2836,A0
Q2837,A0
Q2838,A0
Q2839,A0
Q2840,A0
Q2841,A0
Q2842,A0
Q2843,A0
Q2844,A0
Q2845,A0
Q2846,A0
Q2847,A0
Q2848,A0
Q2849,A0
Q2850,A0
Q2851,A0
Q2852,A0
Q2853,A0
Q2854,A0
Q2855,A0
Q2856,A0
Q2857,A0
Q2858,A0
Q2859,A0
Q2860,A0
Q2861,A0
Q2862,A0
Q2863,A0
Q2864,A0
Q2865,A0
Q2866,A0
Q2867,A0
Q2868,A0
Q2869,A0
Q2870,A0
Q2871,A0
Q2872,A0
Q2873,A0
Q2874,A0
Q2875,A0
Q2876,A0
Q2877,A0
Q2878,A0
Q2879,A0
Q2880,A0
Q2881,A0
Q2882,A0
Q2883,A0
Q2884,A0
Q2885,A0
Q2886,A0
Q2887,A0
Q2888,A0
Q2889,A0
Q2890,A0
Q2891,A0
Q2892,A0
Q2893,A0
Q2894,A0
Q2895,A0
Q2896,A0
Q2897,A0
Q2898,A0
Q2899,A0
Q2900,A0
Q2901,A0
Q2902,A0
Q2903,A0
Q2904,A0
Q2905,A0
Q2906,A0
Q2907,A0
Q2908,A0
Q2909,A0
Q2910,A0
Q2911,A0
Q2912,A0
Q2913,A0
Q2914,A0
Q2915,A0
Q2916,A0
Q2917,A0
Q2918,A0
Q2919,A0
Q2920,A0
Q2921,A0
Q2922,A0
Q2923,A0
Q2924,A0
Q2925,A0
Q2926,A0
Q2927,A0
Q2928,A0
Q2929,A0
Q2930,A0
Q2931,A0
Q2932,A0
Q2933,A0
Q2934,A0
Q2935,A0
Q2936,A0
Q2937,A0
Q2938,A0
Q2939,A0
Q2940,A0
Q2941,A0
Q2942,A0
Q2943,A0
Q2944,A0
Q2945,A0
Q2946,A0
Q2947,A0
Q2948,A0
Q2949,A0
Q2950,A0
Q2951,A0
Q2952,A0
Q2953,A0
Q2954,A0
Q2955,A0
Q2956,A0
Q2957,A0
Q2958,A0
Q2959,A0
Q2960,A0
Q2961,A0
Q2962,A0
Q2963,A0
Q2964,A0
Q2965,A0
Q2966,A0
Q2967,A0
Q2968,A0
Q2969,A0
Q2970,A0
Q2971,A0
Q2972,A0
Q2973,A0
Q2974,A0
Q2975,A0
Q2976,A0
Q2977,A0
Q2978,A0
Q2979,A0
Q2980,A0
Q2981,A0
Q2982,A0
Q2983,A0
Q2984,A0
Q2985,A0
Q2986,A0
Q2987,A0
Q2988,A0
Q2989,A0
Q2990,A0
Q2991,A0
Q2992,A0
Q2993,A0
Q2994,A0
Q2995,A0
Q2996,A0
Q2997,A0
Q2998,A0
Q2999,A0
Q3000,A0
Q3001,A0
Q3002,A0
Q3003,A0
Q3004,A0
Q3005,A0
Q3006,A0
Q3007,A0
Q3008,A0
Q3009,A0
Q3010,A0
Q3011,A0
Q3012,A0
Q3013,A0
Q3014,A0
Q3015,A0
Q3016,A0
Q3017,A0
Q3018,A0
Q3019,A0
Q3020,A0
Q3021,A0
Q3022,A0
Q3023,A0
Q3024,A0
Q3025,A0
Q3026,A0
Q3027,A0
Q3028,A0
Q3029,A0
Q3030,A0
Q3031,A0
Q3032,A0
Q3033,A0
Q3034,A0
Q3035,A0
Q3036,A0
Q3037,A0
Q3038,A0
Q3039,A0
Q3040,A0
Q3041,A0
Q3042,A0
Q3043,A0
Q3044,A0
Q3045,A0
Q3046,A0
Q3047,A0
Q3048,A0
Q3049,A0
Q3050,A0
Q3051,A0
Q3052,A0
Q3053,A0
Q3054,A0
Q3055,A0
Q3056,A0
Q3057,A0
Q3058,A0
Q3059,A0
Q3060,A0
Q3061,A0
Q3062,A0
Q3063,A0
Q3064,A0
Q3065,A0
Q3066,A0
Q3067,A0
Q3068,A0
Q3069,A0
Q3070,A0
Q3071,A0
Q3072,A0
Q3073,A0
Q3074,A0
Q3075,A0
Q3076,A0
Q3077,A0
Q3078,A0
Q3079,A0
Q3080,A0
Q3081,A0
Q3082,A0
Q3083,A0
Q3084,A0
Q3085,A0
Q3086,A0
Q3087,A0
Q3088,A0
Q3089,A0
Q3090,A0
Q3091,A0
Q3092,A0
Q3093,A0
Q3094,A0
Q3095,A0
Q3096,A0
Q3097,A0
Q3098,A0
Q3099,A0
Q3100,A0
Q3101,A0
Q3102,A0
Q3103,A0
Q3104,A0
Q3105,A0
Q3106,A0
Q3107,A0
Q3108,A0
Q3109,A0
Q3110,A0
Q3111,A0
Q3112,A0
Q3113,A0
Q3114,A0
Q3115,A0
Q3116,A0
Q3117,A0
Q3118,A0
Q3119,A0
Q3120,A0
Q3121,A0
Q3122,A0
Q3123,A0
Q3124,A0
Q3125,A0
Q3126,A0
Q3127,A0
Q3128,A0
Q3129,A0
Q3130,A0
Q3131,A0
Q3132,A0
Q3133,A0
Q3134,A0
Q3135,A0
Q3136,A0
Q3137,A0
Q3138,A0
Q3139,A0
Q3140,A0
Q3141,A0
Q3142,A0
Q3143,A0
Q3144,A0
Q3145,A0
Q3146,A0
Q3147,A0
Q3148,A0
Q3149,A0
Q3150,A0
Q3151,A0
Q3152,A0
Q3153,A0
Q3154,A0
Q3155,A0
Q3156,A0
Q3157,A0
Q3158,A0
Q3159,A0
Q3160,A0
Q3161,A0
Q3162,A0
Q3163,A0
Q3164,A0
Q3165,A0
Q3166,A0
Q3167,A0
Q3168,A0
Q3169,A0
Q3170,A0
Q3171,A0
Q3172,A0
Q3173,A0
Q3174,A0
Q3175,A0
Q3176,A0
Q3177,A0
Q3178,A0
Q3179,A0
Q3180,A0
Q3181,A0
Q3182,A0
Q3183,A0
Q3184,A0
Q3185,A0
Q3186,A0
Q3187,A0
Q3188,A0
Q3189,A0
Q3190,A0
Q3191,A0
Q3192,A0
Q3193,A0
Q3194,A0
Q3195,A0
Q3196,A0
Q3197,A0
Q3198,A0
Q3199,A0
Q3200,A0
Q3201,A0
Q3202,A0
Q3203,A0
Q3204,A0
Q3205,A0
Q3206,A0
Q3207,A0
Q3208,A0
Q3209,A0
Q3210,A0
Q3211,A0
Q3212,A0
Q3213,A0
Q3214,A0
Q3215,A0
Q3216,A0
Q3217,A0
Q3218,A0
Q3219,A0
Q3220,A0
Q3221,A0
Q3222,A0
Q3223,A0
Q3224,A0
Q3225,A0
Q3226,A0
Q3227,A0
Q3228,A0
Q3229,A0
Q3230,A0
Q3231,A0
Q3232,A0
Q3233,A0
Q3234,A0
Q3235,A0
Q3236,A0
Q3237,A0
Q3238,A0
Q3239,A0
Q3240,A0
Q3241,A0
Q3242,A0
Q3243,A0
Q3244,A0
Q3245,A0
Q3246,A2
Q3247,A2
Q3248,A2
Q3249,A2
Q3250,A2
Q3251,A2
Q3252,A2
Q3253,A2
Q3254,A2
Q3255,A2
Q3256,A2
Q3257,A2
Q3258,A2
Q3259,A2
Q3260,A2
Q3261,A2
Q3262,A2
Q3263,A2
Q3264,A2
Q3265,A2
Q3266,A2
Q3267,A2
Q3268,A2
Q3269,A2
Q3270,A2
Q3271,A2
Q3272,A2
Q3273,A2
Q3274,A2
Q3275,A2
Q3276,A2
Q3277,A2
Q3278,A2
Q3279,A2
Q3280,A2
Q3281,A2
Q3282,A2
Q3283,A2
Q3284,A2
Q3285,A2
Q3286,A2
Q3287,A2
Q3288,A2
Q3289,A2
Q3290,A2
Q3291,A2
Q3292,A2
Q3293,A2
Q3294,A2
Q3295,A2
Q3296,A2
Q3297,A2
Q3298,A2
Q3299,A2
Q3300,A2
Q3301,A2
Q3302,A2
Q3303,A2
Q3304,A2
Q3305,A2
Q3306,A2
Q3307,A2
Q3308,A2
Q3309,A2
Q3310,A2
Q3311,A2
Q3312,A2
Q3313,A2
Q3314,A2
Q3315,A2
Q3316,A2
Q3317,A2
Q3318,A2
Q3319,A2
Q3320,A2
Q3321,A2
Q3322,A2
Q3323,A2
Q3324,A2
Q3325,A2
Q3326,A2
Q3327,A2
Q3328,A2
Q3329,A2
Q3330,A2
Q3331,A2
Q3332,A2
Q3333,A2
Q3334,A2
Q3335,A2
Q3336,A2
Q3337,A2
Q3338,A2
Q3339,A2
Q3340,A2
Q3341,A2
Q3342,A2
Q3343,A2
Q3344,A2
Q3345,A2
Q3346,A2
Q3347,A2
Q3348,A2
Q3349,A2
Q3350,A2
Q3351,A2
Q3352,A2
Q3353,A2
Q3354,A2
Q3355,A2
Q3356,A2
Q3357,A2
Q3358,A2
Q3359,A2
Q3360,A2
Q3361,A2
Q3362,A2
Q3363,A2
Q3364,A2
Q3365,A2
Q3366,A2
Q3367,A2
Q3368,A2
Q3369,A2
Q3370,A2
Q3371,A2
Q3372,A2
Q3373,A2
Q3374,A2
Q3375,A2
Q3376,A2
Q3377,A2
Q3378,A2
Q3379,A2
Q3380,A2
Q3381,A2
Q3382,A2
Q3383,A2
Q3384,A2
Q3385,A2
Q3386,A2
Q3387,A2
Q3388,A2
Q3389,A2
Q3390,A2
Q3391,A2
Q3392,A2
Q3393,A2
Q3394,A2
Q3395,A2
Q3396,A2
Q3397,A2
Q3398,A2
Q3399,A2
Q3400,A2
Q3401,A2
Q3402,A2
Q3403,A2
Q3404,A2
Q3405,A2
Q3406,A2
Q3407,A2
Q3408,A2
Q3409,A2
Q3410,A2
Q3411,A2
Q3412,A2
Q3413,A2
Q3414,A2
Q3415,A2
Q3416,A2
Q3417,A2
Q3418,A2
Q3419,A2
Q3420,A2
Q3421,A2
Q3422,A2
Q3423,A2
Q3424,A2
Q3425,A2
Q3426,A2
Q3427,A2
Q3428,A2
Q3429,A2
Q3430,A2
Q3431,A2
Q3432,A2
Q3433,A2
Q3434,A2
Q3435,A2
Q3436,A2
Q3437,A2
Q3438,A2
Q3439,A2
Q3440,A2
Q3441,A2
Q3442,A2
Q3443,A2
Q3444,A2
Q3445,A2
Q3446,A2
Q3447,A2
Q3448,A2
Q3449,A2
Q3450,A2
Q3451,A2
Q3452,A2
Q3453,A2
Q3454,A2
Q3455,A2
Q3456,A2
Q3457,A2
Q3458,A2
Q3459,A2
Q3460,A2
Q3461,A2
Q3462,A2
Q3463,A2
Q3464,A2
Q3465,A2
Q3466,A2
Q3467,A2
Q3468,A2
Q3469,A2
Q3470,A2
Q3471,A2
Q3472,A2
Q3473,A2
Q3474,A2
Q3475,A2
Q3476,A2
Q3477,A2
Q3478,A2
Q3479,A2
Q3480,A2
Q3481,A2
Q3482,A2
Q3483,A2
Q3484,A2
Q3485,A2
Q3486,A2
Q3487,A2
Q3488,A2
Q3489,A2
Q3490,A2
Q3491,A2
Q3492,A2
Q3493,A2
Q3494,A2
Q3495,A2
Q3496,A2
Q3497,A2
Q3498,A2
Q3499,A2
Q3500,A2
Q3501,A2
Q3502,A2
Q3503,A2
Q3504,A2
Q3505,A2
Q3506,A2
Q3507,A2
Q3508,A2
Q3509,A2
Q3510,A2
Q3511,A2
Q3512,A2
Q3513,A2
Q3514,A2
Q3515,A2
Q3516,A2
Q3517,A2
Q3518,A2
Q3519,A2
Q3520,A2
Q3521,A2
Q3522,A2
Q3523,A2
Q3524,A2
Q3525,A2
Q3526,A2
Q3527,A2
Q3528,A2
Q3529,A2
Q3530,A2
Q3531,A2
Q3532,A2
Q3533,A2
Q3534,A2
Q3535,A2
Q3536,A2
Q3537,A2
Q3538,A2
Q3539,A2
Q3540,A2
Q3541,A2
Q3542,A2
Q3543,A2
Q3544,A2
Q3545,A2
Q3546,A2
Q3547,A2
Q3548,A2
Q3549,A2
Q3550,A2
Q3551,A2
Q3552,A2
Q3553,A2
Q3554,A2
Q3555,A2
Q3556,A2
Q3557,A2
Q3558,A2
Q3559,A2
Q3560,A2
Q3561,A2
Q3562,A2
Q3563,A2
Q3564,A2
Q3565,A2
Q3566,A2
Q3567,A2
Q3568,A2
Q3569,A2
Q3570,A2
Q3571,A2
Q3572,A2
Q3573,A2
Q3574,A2
Q3575,A2
Q3576,A2
Q3577,A2
Q3578,A2
Q3579,A2
Q3580,A2
Q3581,A2
Q3582,A2
Q3583,A2
Q3584,A2
Q3585,A2
Q3586,A2
Q3587,A2
Q3588,A2
Q3589,A2
Q3590,A2
Q3591,A2
Q3592,A2
Q3593,A2
Q3594,A2
Q3595,A2
Q3596,A2
Q3597,A2
Q3598,A2
Q3599,A2
Q3600,A2
Q3601,A2
Q3602,A2
Q3603,A2
Q3604,A2
Q3605,A2
Q3606,A2
Q3607,A2
Q3608,A2
Q3609,A2
Q3610,A2
Q3611,A2
Q3612,A2
Q3613,A2
Q3614,A2
Q3615,A2
Q3616,A2
Q3617,A2
Q3618,A2
Q3619,A2
Q3620,A2
Q3621,A2
Q3622,A2
Q3623,A2
Q3624,A2
Q3625,A2
Q3626,A2
Q3627,A2
Q3628,A2
Q3629,A2
Q3630,A2
Q3631,A2
Q3632,A2
Q3633,A2
Q3634,A2
Q3635,A2
Q3636,A2
Q3637,A2
Q3638,A2
Q3639,A2
Q3640,A2
Q3641,A2
Q3642,A2
Q3643,A2
Q3644,A2
Q3645,A2
Q3646,A2
Q3647,A2
Q3648,A2
Q3649,A2
Q3650,A2
Q3651,A2
Q3652,A2
Q3653,A2
Q3654,A2
Q3655,A2
Q3656,A2
Q3657,A2
Q3658,A2
Q3659,A2
Q3660,A2
Q3661,A2
Q3662,A2
Q3663,A2
Q3664,A2
Q3665,A2
Q3666,A2
Q3667,A2
Q3668,A2
Q3669,A2
Q3670,A2
Q3671,A2
Q3672,A2
Q3673,A2
Q3674,A2
Q3675,A2
Q3676,A2
Q3677,A2
Q3678,A2
Q3679,A2
Q3680,A2
Q3681,A2
Q3682,A2
Q3683,A2
Q3684,A2
Q3685,A2
Q3686,A2
Q3687,A2
Q3688,A2
Q3689,A2
Q3690,A2
Q3691,A2
Q3692,A2
Q3693,A2
Q3694,A2
Q3695,A2
Q3696,A2
Q3697,A2
Q3698,A2
Q3699,A2
Q3700,A2
Q3701,A2
Q3702,A2
Q3703,A2
Q3704,A2
Q3705,A2
Q3706,A2
Q3707,A2
Q3708,A2
Q3709,A2
Q3710,A2
Q3711,A2
Q3712,A2
Q3713,A2
Q3714,A2
Q3715,A2
Q3716,A2
Q3717,A2
Q3718,A2
Q3719,A2
Q3720,A2
Q3721,A2
Q3722,A2
Q3723,A2
Q3724,A2
Q3725,A2
Q3726,A2
Q3727,A2
Q3728,A2
Q3729,A2
Q3730,A2
Q3731,A2
Q3732,A2
Q3733,A2
Q3734,A2
Q3735,A2
Q3736,A2
Q3737,A2
Q3738,A2
Q3739,A2
Q3740,A2
Q3741,A2
Q3742,A2
Q3743,A2
Q3744,A2
Q3745,A2
Q3746,A2
Q3747,A2
Q3748,A2
Q3749,A2
Q3750,A2
Q3751,A2
Q3752,A2
Q3753,A2
Q3754,A2
Q3755,A2
Q3756,A2
Q3757,A2
Q3758,A2
Q3759,A2
Q3760,A2
Q3761,A2
Q3762,A2
Q3763,A2
Q3764,A2
Q3765,A2
Q3766,A2
Q3767,A2
Q3768,A2
Q3769,A2
Q3770,A2
Q3771,A2
Q3772,A2
Q3773,A2
Q3774,A2
Q3775,A2
Q3776,A2
Q3777,A2
Q3778,A2
Q3779,A2
Q3780,A2
Q3781,A2
Q3782,A2
Q3783,A2
Q3784,A2
Q3785,A2
Q3786,A2
Q3787,A2
Q3788,A2
Q3789,A2
Q3790,A2
Q3791,A2
Q3792,A2
Q3793,A2
Q3794,A2
Q3795,A2
Q3796,A2
Q3797,A2
Q3798,A2
Q3799,A2
Q3800,A2
Q3801,A2
Q3802,A2
Q3803,A2
Q3804,A2
Q3805,A2
Q3806,A2
Q3807,A2
Q3808,A2
Q3809,A2
Q3810,A2
Q3811,A2
Q3812,A2
Q3813,A2
Q3814,A2
Q3815,A2
Q3816,A2
Q3817,A2
Q3818,A2
Q3819,A2
Q3820,A2
Q3821,A2
Q3822,A2
Q3823,A2
Q3824,A2
Q3825,A2
Q3826,A2
Q3827,A2
Q3828,A2
Q3829,A2
Q3830,A2
Q3831,A2
Q3832,A2
Q3833,A2
Q3834,A2
Q3835,A2
Q3836,A2
Q3837,A2
Q3838,A2
Q3839,A2
Q3840,A2
Q3841,A2
Q3842,A2
Q3843,A2
Q3844,A2
Q3845,A2
Q3846,A2
Q3847,A2
Q3848,A2
Q3849,A2
Q3850,A2
Q3851,A2
Q3852,A2
Q3853,A2
Q3854,A2
Q3855,A2
Q3856,A2
Q3857,A2
Q3858,A2
Q3859,A2
Q3860,A2
Q3861,A2
Q3862,A2
Q3863,A2
Q3864,A2
Q3865,A2
Q3866,A2
Q3867,A2
Q3868,A2
Q3869,A2
Q3870,A2
Q3871,A2
Q3872,A2
Q3873,A2
Q3874,A2
Q3875,A2
Q3876,A2
Q3877,A2
Q3878,A2
Q3879,A2
Q3880,A2
Q3881,A2
Q3882,A2
Q3883,A2
Q3884,A2
Q3885,A2
Q3886,A2
Q3887,A2
Q3888,A2
Q3889,A2
Q3890,A2
Q3891,A2
Q3892,A2
Q3893,A2
Q3894,A2
Q3895,A2
Q3896,A2
Q3897,A2
Q3898,A2
Q3899,A2
Q3900,A2
Q3901,A2
Q3902,A2
Q3903,A2
Q3904,A2
Q3905,A2
Q3906,A2
Q3907,A2
Q3908,A2
Q3909,A2
Q3910,A2
Q3911,A2
Q3912,A2
Q3913,A2
Q3914,A2
Q3915,A2
Q3916,A2
Q3917,A2
Q3918,A2
Q3919,A2
Q3920,A2
Q3921,A2
Q3922,A2
Q3923,A2
Q3924,A2
Q3925,A2
Q3926,A2
Q3927,A2
Q3928,A2
Q3929,A2
Q3930,A2
Q3931,A2
Q3932,A2
Q3933,A2
Q3934,A2
Q3935,A2
Q3936,A2
Q3937,A2
Q3938,A2
Q3939,A2
Q3940,A2
Q3941,A2
Q3942,A2
Q3943,A2
Q3944,A2
Q3945,A2
Q3946,A2
Q3947,A2
Q3948,A2
Q3949,A2
Q3950,A2
Q3951,A2
Q3952,A2
Q3953,A2
Q3954,A2
Q3955,A2
Q3956,A2
Q3957,A2
Q3958,A2
Q3959,A2
Q3960,A2
Q3961,A2
Q3962,A2
Q3963,A2
Q3964,A2
Q3965,A2
Q3966,A2
Q3967,A2
Q3968,A2
Q3969,A2
Q3970,A2
Q3971,A2
Q3972,A2
Q3973,A2
Q3974,A2
Q3975,A2
Q3976,A2
Q3977,A2
Q3978,A2
Q3979,A2
Q3980,A2
Q3981,A2
Q3982,A2
Q3983,A2
Q3984,A2
Q3985,A2
Q3986,A2
Q3987,A2
Q3988,A2
Q3989,A2
Q3990,A2
Q3991,A2
Q3992,A2
Q3993,A2
Q3994,A2
Q3995,A2
Q3996,A2
Q3997,A2
Q3998,A2
Q3999,A2
Q4000,A2
Q4001,A2
Q4002,A2
Q4003,A2
Q4004,A2
Q4005,A2
Q4006,A2
Q4007,A2
Q4008,A2
Q4009,A2
Q4010,A2
Q4011,A2
Q4012,A2
Q4013,A2
Q4014,A2
Q4015,A2
Q4016,A2
Q4017,A2
Q4018,A2
Q4019,A2
Q4020,A2
Q4021,A2
Q4022,A2
Q4023,A2
Q4024,A2
Q4025,A2
Q4026,A2
Q4027,A2
Q4028,A2
Q4029,A2
Q4030,A2
Q4031,A2
Q4032,A2
Q4033,A2
Q4034,A2
Q4035,A2
Q4036,A2
Q4037,A2
Q4038,A2
Q4039,A2
Q4040,A2
Q4041,A2
Q4042,A2
Q4043,A2
Q4044,A2
Q4045,A2
Q4046,A2
Q4047,A2
Q4048,A2
Q4049,A2
Q4050,A2
Q4051,A2
Q4052,A2
Q4053,A2
Q4054,A2
Q4055,A2
Q4056,A2
Q4057,A2
Q4058,A2
Q4059,A2
Q4060,A2
Q4061,A2
Q4062,A2
Q4063,A2
Q4064,A2
Q4065,A2
Q4066,A2
Q4067,A2
Q4068,A2
Q4069,A2
Q4070,A2
Q4071,A2
Q4072,A2
Q4073,A2
Q4074,A2
Q4075,A2
Q4076,A2
Q4077,A2
Q4078,A2
Q4079,A2
Q4080,A2
Q4081,A2
Q4082,A2
Q4083,A2
Q4084,A2
Q4085,A2
Q4086,A2
Q4087,A2
Q4088,A2
Q4089,A2
Q4090,A2
Q4091,A2
Q4092,A2
Q4093,A2
Q4094,A2
Q4095,A2
Q4096,A2
Q4097,A2
Q4098,A2
Q4099,A2
Q4100,A2
Q4101,A2
Q4102,A2
Q4103,A2
Q4104,A2
Q4105,A2
Q4106,A2
Q4107,A2
Q4108,A2
Q4109,A2
Q4110,A2
Q4111,A2
Q4112,A2
Q4113,A2
Q4114,A2
Q4115,A2
Q4116,A2
Q4117,A2
Q4118,A2
Q4119,A2
Q4120,A2
Q4121,A2
Q4122,A2
Q4123,A2
Q4124,A2
Q4125,A2
Q4126,A2
Q4127,A2
Q4128,A2
Q4129,A2
Q4130,A2
Q4131,A2
Q4132,A2
Q4133,A2
Q4134,A2
Q4135,A2
Q4136,A2
Q4137,A2
Q4138,A2
Q4139,A2
Q4140,A2
Q4141,A2
Q4142,A2
Q4143,A2
Q4144,A2
Q4145,A2
Q4146,A2
Q4147,A2
Q4148,A2
Q4149,A2
Q4150,A2
Q4151,A2
Q4152,A2
Q4153,A2
Q4154,A2
Q4155,A2
Q4156,A2
Q4157,A2
Q4158,A2
Q4159,A2
Q4160,A2
Q4161,A2
Q4162,A2
Q4163,A2
Q4164,A2
Q4165,A2
Q4166,A2
Q4167,A2
Q4168,A2
Q4169,A2
Q4170,A2
Q4171,A2
Q4172,A2
Q4173,A2
Q4174,A2
Q4175,A2
Q4176,A2
Q4177,A2
Q4178,A2
Q4179,A2
Q4180,A2
Q4181,A2
Q4182,A2
Q4183,A2
Q4184,A2
Q4185,A2
Q4186,A2
Q4187,A2
Q4188,A2
Q4189,A2
Q4190,A2
Q4191,A2
Q4192,A2
Q4193,A2
Q4194,A2
Q4195,A2
Q4196,A2
Q4197,A2
Q4198,A2
Q4199,A2
Q4200,A2
Q4201,A2
Q4202,A2
Q4203,A2
Q4204,A2
Q4205,A2
Q4206,A2
Q4207,A2
Q4208,A2
Q4209,A2
Q4210,A2
Q4211,A2
Q4212,A2
Q4213,A2
Q4214,A2
Q4215,A2
Q4216,A2
Q4217,A2
Q4218,A2
Q4219,A2
Q4220,A2
Q4221,A2
Q4222,A2
Q4223,A2
Q4224,A2
Q4225,A2
Q4226,A2
Q4227,A2
Q4228,A2
Q4229,A2
Q4230,A2
Q4231,A2
Q4232,A2
Q4233,A2
Q4234,A2
Q4235,A2
Q4236,A2
Q4237,A2
Q4238,A2
Q4239,A2
Q4240,A2
Q4241,A2
Q4242,A2
Q4243,A2
Q4244,A2
Q4245,A2
Q4246,A2
Q4247,A2
Q4248,A2
Q4249,A2
Q4250,A2
Q4251,A2
Q4252,A2
Q4253,A2
Q4254,A2
Q4255,A2
Q4256,A2
Q4257,A2
Q4258,A2
Q4259,A2
Q4260,A2
Q4261,A2
Q4262,A2
Q4263,A2
Q4264,A2
Q4265,A2
Q4266,A2
Q4267,A2
Q4268,A2
Q4269,A2
Q4270,A2
Q4271,A2
Q4272,A2
Q4273,A2
Q4274,A2
Q4275,A2
Q4276,A2
Q4277,A2
Q4278,A2
Q4279,A2
Q4280,A2
Q4281,A2
Q4282,A2
Q4283,A2
Q4284,A2
Q4285,A2
Q4286,A2
Q4287,A2
Q4288,A2
Q4289,A2
Q4290,A2
Q4291,A2
Q4292,A2
Q4293,A2
Q4294,A2
Q4295,A2
Q4296,A2
Q4297,A2
Q4298,A2
Q4299,A2
Q4300,A2
Q4301,A2
Q4302,A2
Q4303,A2
Q4304,A2
Q4305,A2
Q4306,A2
Q4307,A2
Q4308,A2
Q4309,A2
Q4310,A2
Q4311,A2
Q4312,A2
Q4313,A2
Q4314,A2
Q4315,A2
Q4316,A2
Q4317,A2
Q4318,A2
Q4319,A2
Q4320,A2
Q4321,A2
Q4322,A2
Q4323,A2
Q4324,A2
Q4325,A2
Q4326,A2
Q4327,A2
Q4328,A2
Q4329,A2
Q4330,A2
Q4331,A2
Q4332,A2
Q4333,A2
Q4334,A2
Q4335,A2
Q4336,A2
Q4337,A2
Q4338,A2
Q4339,A2
Q4340,A2
Q4341,A2
Q4342,A2
Q4343,A2
Q4344,A2
Q4345,A2
Q4346,A2
Q4347,A2
Q4348,A2
Q4349,A2
Q4350,A2
Q4351,A2
Q4352,A2
Q4353,A2
Q4354,A2
Q4355,A2
Q4356,A2
Q4357,A2
Q4358,A2
Q4359,A2
Q4360,A2
Q4361,A2
Q4362,A2
Q4363,A2
Q4364,A2
Q4365,A2
Q4366,A2
Q4367,A2
Q4368,A2
Q4369,A2
Q4370,A2
Q4371,A2
Q4372,A2
Q4373,A2
Q4374,A2
Q4375,A2
Q4376,A2
Q4377,A2
Q4378,A2
Q4379,A2
Q4380,A2
Q4381,A2
Q4382,A2
Q4383,A2
Q4384,A2
Q4385,A2
Q4386,A2
Q4387,A2
Q4388,A2
Q4389,A2
Q4390,A2
Q4391,A2
Q4392,A2
Q4393,A2
Q4394,A2
Q4395,A2
Q4396,A2
Q4397,A2
Q4398,A2
Q4399,A2
Q4400,A2
Q4401,A2
Q4402,A2
Q4403,A2
Q4404,A2
Q4405,A2
Q4406,A2
Q4407,A2
Q4408,A2
Q4409,A2
Q4410,A2
Q4411,A2
Q4412,A2
Q4413,A2
Q4414,A2
Q4415,A2
Q4416,A2
Q4417,A2
Q4418,A2
Q4419,A2
Q4420,A2
Q4421,A2
Q4422,A2
Q4423,A2
Q4424,A2
Q4425,A2
Q4426,A2
Q4427,A2
Q4428,A2
Q4429,A2
Q4430,A2
Q4431,A2
Q4432,A2
Q4433,A2
Q4434,A2
Q4435,A2
Q4436,A2
Q4437,A2
Q4438,A2
Q4439,A2
Q4440,A2
Q4441,A2
Q4442,A2
Q4443,A2
Q4444,A2
Q4445,A2
Q4446,A2
Q4447,A2
Q4448,A2
Q4449,A2
Q4450,A2
Q4451,A2
Q4452,A2
Q4453,A2
Q4454,A2
Q4455,A2
Q4456,A2
Q4457,A2
Q4458,A2
Q4459,A2
Q4460,A2
Q4461,A2
Q4462,A2
Q4463,A2
Q4464,A2
Q4465,A2
Q4466,A2
Q4467,A2
Q4468,A2
Q4469,A2
Q4470,A2
Q4471,A2
Q4472,A2
Q4473,A2
Q4474,A2
Q4475,A2
Q4476,A2
Q4477,A2
Q4478,A2
Q4479,A2
Q4480,A2
Q4481,A2
Q4482,A2
Q4483,A2
Q4484,A2
Q4485,A2
Q4486,A2
Q4487,A2
Q4488,A2
Q4489,A2
Q4490,A2
Q4491,A2
Q4492,A2
Q4493,A2
Q4494,A2
Q4495,A2
Q4496,A2
Q4497,A2
Q4498,A2
Q4499,A2
Q4500,A2
Q4501,A2
Q4502,A2
Q4503,A2
Q4504,A2
Q4505,A2
Q4506,A2
Q4507,A2
Q4508,A2
Q4509,A2
Q4510,A2
Q4511,A2
Q4512,A2
Q4513,A2
Q4514,A2
Q4515,A2
Q4516,A2
Q4517,A2
Q4518,A2
Q4519,A2
Q4520,A2
Q4521,A2
Q4522,A2
Q4523,A2
Q4524,A2
Q4525,A2
Q4526,A2
Q4527,A2
Q4528,A2
Q4529,A2
Q4530,A2
Q4531,A2
Q4532,A2
Q4533,A2
Q4534,A2
Q4535,A2
Q4536,A2
Q4537,A2
Q4538,A2
Q4539,A2
Q4540,A2
Q4541,A2
Q4542,A2
Q4543,A2
Q4544,A2
Q4545,A2
Q4546,A2
Q4547,A2
Q4548,A2
Q4549,A2
Q4550,A2
Q4551,A2
Q4552,A2
Q4553,A2
Q4554,A2
Q4555,A2
Q4556,A2
Q4557,A2
Q4558,A2
Q4559,A2
Q4560,A2
Q4561,A2
Q4562,A2
Q4563,A2
Q4564,A2
Q4565,A2
Q4566,A2
Q4567,A2
Q4568,A2
Q4569,A2
Q4570,A2
Q4571,A2
Q4572,A2
Q4573,A2
Q4574,A2
Q4575,A2
Q4576,A2
Q4577,A2
Q4578,A2
Q4579,A2
Q4580,A2
Q4581,A2
Q4582,A2
Q4583,A2
Q4584,A2
Q4585,A2
Q4586,A2
Q4587,A2
Q4588,A2
Q4589,A2
Q4590,A2
Q4591,A2
Q4592,A2
Q4593,A2
Q4594,A2
Q4595,A2
Q4596,A2
Q4597,A2
Q4598,A2
Q4599,A2
Q4600,A2
Q4601,A2
Q4602,A2
Q4603,A2
Q4604,A2
Q4605,A2
Q4606,A2
Q4607,A2
Q4608,A2
Q4609,A2
Q4610,A2
Q4611,A2
Q4612,A2
Q4613,A2
Q4614,A2
Q4615,A2
Q4616,A2
Q4617,A2
Q4618,A2
Q4619,A2
Q4620,A2
Q4621,A2
Q4622,A2
Q4623,A2
Q4624,A2
Q4625,A2
Q4626,A2
Q4627,A2
Q4628,A2
Q4629,A2
Q4630,A2
Q4631,A2
Q4632,A2
Q4633,A2
Q4634,A2
Q4635,A2
Q4636,A2
Q4637,A2
Q4638,A2
Q4639,A2
Q4640,A2
Q4641,A2
Q4642,A2
Q4643,A2
Q4644,A2
Q4645,A2
Q4646,A2
Q4647,A2
Q4648,A2
Q4649,A2
Q4650,A2
Q4651,A2
Q4652,A2
Q4653,A2
Q4654,A2
Q4655,A2
Q4656,A2
Q4657,A2
Q4658,A2
Q4659,A2
Q4660,A2
Q4661,A2
Q4662,A2
Q4663,A2
Q4664,A2
Q4665,A2
Q4666,A2
Q4667,A2
Q4668,A2
Q4669,A2
Q4670,A2
Q4671,A2
Q4672,A2
Q4673,A2
Q4674,A2
Q4675,A2
Q4676,A2
Q4677,A2
Q4678,A2
Q4679,A2
Q4680,A2
Q4681,A2
Q4682,A2
Q4683,A2
Q4684,A2
Q4685,A2
Q4686,A2
Q4687,A2
Q4688,A2
Q4689,A2
Q4690,A2
Q4691,A2
Q4692,A2
Q4693,A2
Q4694,A2
Q4695,A2
Q4696,A2
Q4697,A2
Q4698,A2
Q4699,A2
Q4700,A2
Q4701,A2
Q4702,A2
Q4703,A2
Q4704,A2
Q4705,A2
Q4706,A2
Q4707,A2
Q4708,A2
Q4709,A2
Q4710,A2
Q4711,A2
Q4712,A2
Q4713,A2
Q4714,A2
Q4715,A2
Q4716,A2
Q4717,A2
Q4718,A2
Q4719,A2
Q4720,A2
Q4721,A2
Q4722,A2
Q4723,A2
Q4724,A2
Q4725,A2
Q4726,A2
Q4727,A2
Q4728,A2
Q4729,A2
Q4730,A2
Q4731,A2
Q4732,A2
Q4733,A2
Q4734,A2
Q4735,A2
Q4736,A2
Q4737,A2
Q4738,A2
Q4739,A2
Q4740,A2
Q4741,A2
Q4742,A2
Q4743,A2
Q4744,A2
Q4745,A2
Q4746,A2
Q4747,A2
Q4748,A2
Q4749,A2
Q4750,A2
Q4751,A2
Q4752,A2
Q4753,A2
Q4754,A2
Q4755,A2
Q4756,A2
Q4757,A2
Q4758,A2
Q4759,A2
Q4760,A2
Q4761,A2
Q4762,A2
Q4763,A2
Q4764,A2
Q4765,A2
Q4766,A2
Q4767,A2
Q4768,A2
Q4769,A2
Q4770,A2
Q4771,A2
Q4772,A2
Q4773,A2
Q4774,A2
Q4775,A2
Q4776,A2
Q4777,A2
Q4778,A2
Q4779,A2
Q4780,A2
Q4781,A2
Q4782,A2
Q4783,A2
Q4784,A2
Q4785,A2
Q4786,A2
Q4787,A2
Q4788,A2
Q4789,A2
Q4790,A2
Q4791,A2
Q4792,A2
Q4793,A2
Q4794,A2
Q4795,A2
Q4796,A2
Q4797,A2
Q4798,A2
Q4799,A2
Q4800,A2
Q4801,A2
Q4802,A2
Q4803,A2
Q4804,A2
Q4805,A2
Q4806,A2
Q4807,A2
Q4808,A2
Q4809,A2
Q4810,A2
Q4811,A2
Q4812,A2
Q4813,A2
Q4814,A2
Q4815,A2
Q4816,A2
Q4817,A2
Q4818,A2
Q4819,A2
Q4820,A2
Q4821,A2
Q4822,A2
Q4823,A2
Q4824,A2
Q4825,A2
Q4826,A2
Q4827,A2
Q4828,A2
Q4829,A2
Q4830,A2
Q4831,A2
Q4832,A2
Q4833,A2
Q4834,A2
Q4835,A2
Q4836,A2
Q4837,A2
Q4838,A2
Q4839,A2
Q4840,A2
Q4841,A2
Q4842,A2
Q4843,A2
Q4844,A2
Q4845,A2
Q4846,A2
Q4847,A2
Q4848,A2
Q4849,A2
Q4850,A2
Q4851,A2
Q4852,A2
Q4853,A2
Q4854,A2
Q4855,A2
Q4856,A2
Q4857,A2
Q4858,A2
Q4859,A2
Q4860,A2
Q4861,A2
Q4862,A2
Q4863,A2
Q4864,A2
Q4865,A2
Q4866,A2
Q4867,A2
Q4868,A2
Q4869,A2
Q4870,A2
Q4871,A2
Q4872,A2
Q4873,A2
Q4874,A2
Q4875,A2
Q4876,A2
Q4877,A2
Q4878,A2
Q4879,A2
Q4880,A2
Q4881,A2
Q4882,A2
Q4883,A2
Q4884,A2
Q4885,A2
Q4886,A2
Q4887,A2
Q4888,A2
Q4889,A2
Q4890,A2
Q4891,A2
Q4892,A2
Q4893,A2
Q4894,A2
Q4895,A2
Q4896,A2
Q4897,A2
Q4898,A2
Q4899,A2
Q4900,A2
Q4901,A2
Q4902,A2
Q4903,A2
Q4904,A2
Q4905,A2
Q4906,A2
Q4907,A2
Q4908,A2
Q4909,A2
Q4910,A2
Q4911,A2
Q4912,A2
Q4913,A2
Q4914,A2
Q4915,A2
Q4916,A2
Q4917,A2
Q4918,A2
Q4919,A2
Q4920,A2
Q4921,A2
Q4922,A2
Q4923,A2
Q4924,A2
Q4925,A2
Q4926,A2
Q4927,A2
Q4928,A2
Q4929,A2
Q4930,A2
Q4931,A2
Q4932,A2
Q4933,A2
Q4934,A2
Q4935,A2
Q4936,A2
Q4937,A2
Q4938,A2
Q4939,A2
Q4940,A2
Q4941,A2
Q4942,A2
Q4943,A2
Q4944,A2
Q4945,A2
Q4946,A2
Q4947,A2
Q4948,A2
Q4949,A2
Q4950,A2
Q4951,A2
Q4952,A2
Q4953,A2
Q4954,A2
Q4955,A2
Q4956,A2
Q4957,A2
Q4958,A2
Q4959,A2
Q4960,A2
Q4961,A2
Q4962,A2
Q4963,A2
Q4964,A2
Q4965,A2
Q4966,A2
Q4967,A2
Q4968,A2
Q4969,A2
Q4970,A2
Q4971,A2
Q4972,A2
Q4973,A2
Q4974,A2
Q4975,A2
Q4976,A2
Q4977,A2
Q4978,A2
Q4979,A2
Q4980,A2
Q4981,A2
Q4982,A2
Q4983,A2
Q4984,A2
Q4985,A2
Q4986,A2
Q4987,A2
Q4988,A2
Q4989,A2
Q4990,A2
Q4991,A2
Q4992,A2
Q4993,A2
Q4994,A2
Q4995,A2
Q4996,A2
Q4997,A2
Q4998,A2
Q4999,A2
Q5000,A2
Q5001,A2
Q5002,A2
Q5003,A2
Q5004,A2
Q5005,A2
Q5006,A2
Q5007,A2
Q5008,A2
Q5009,A2
Q5010,A2
Q5011,A2
Q5012,A2
Q5013,A2
Q5014,A2
Q5015,A2
Q5016,A2
Q5017,A2
Q5018,A2
Q5019,A2
Q5020,A2
Q5021,A2
Q5022,A2
Q5023,A2
Q5024,A2
Q5025,A2
Q5026,A2
Q5027,A2
Q5028,A2
Q5029,A2
Q5030,A2
Q5031,A2
Q5032,A2
Q5033,A2
Q5034,A2
Q5035,A2
Q5036,A2
Q5037,A2
Q5038,A2
Q5039,A2
Q5040,A2
Q5041,A2
Q5042,A2
Q5043,A2
Q5044,A2
Q5045,A2
Q5046,A2
Q5047,A2
Q5048,A2
Q5049,A2
Q5050,A2
Q5051,A2
Q5052,A2
Q5053,A2
Q5054,A2
Q5055,A2
Q5056,A2
Q5057,A2
Q5058,A2
Q5059,A2
Q5060,A2
Q5061,A2
Q5062,A2
Q5063,A2
Q5064,A2
Q5065,A2
Q5066,A2
Q5067,A2
Q5068,A2
Q5069,A2
Q5070,A2
Q5071,A2
Q5072,A2
Q5073,A2
Q5074,A2
Q5075,A2
Q5076,A2
Q5077,A2
Q5078,A2
Q5079,A2
Q5080,A2
Q5081,A2
Q5082,A2
Q5083,A2
Q5084,A2
Q5085,A2
Q5086,A2
Q5087,A2
Q5088,A2
Q5089,A2
Q5090,A2
Q5091,A2
Q5092,A2
Q5093,A2
Q5094,A2
Q5095,A2
Q5096,A2
Q5097,A2
Q5098,A2
Q5099,A2
Q5100,A2
Q5101,A2
Q5102,A2
Q5103,A2
Q5104,A2
Q5105,A2
Q5106,A2
Q5107,A2
Q5108,A2
Q5109,A2
Q5110,A2
Q5111,A2
Q5112,A2
Q5113,A2
Q5114,A2
Q5115,A2
Q5116,A2
Q5117,A2
Q5118,A2
Q5119,A2
Q5120,A2
Q5121,A2
Q5122,A2
Q5123,A2
Q5124,A2
Q5125,A2
Q5126,A2
Q5127,A2
Q5128,A2
Q5129,A2
Q5130,A2
Q5131,A2
Q5132,A2
Q5133,A2
Q5134,A2
Q5135,A2
Q5136,A2
Q5137,A2
Q5138,A2
Q5139,A2
Q5140,A2
Q5141,A2
Q5142,A2
Q5143,A2
Q5144,A2
Q5145,A2
Q5146,A2
Q5147,A2
Q5148,A2
Q5149,A2
Q5150,A2
Q5151,A2
Q5152,A2
Q5153,A2
Q5154,A2
Q5155,A2
Q5156,A2
Q5157,A2
Q5158,A2
Q5159,A2
Q5160,A2
Q5161,A2
Q5162,A2
Q5163,A2
Q5164,A2
Q5165,A2
Q5166,A2
Q5167,A2
Q5168,A2
Q5169,A2
Q5170,A2
Q5171,A2
Q5172,A2
Q5173,A2
Q5174,A2
Q5175,A2
Q5176,A2
Q5177,A2
Q5178,A2
Q5179,A2
Q5180,A2
Q5181,A2
Q5182,A2
Q5183,A2
Q5184,A2
Q5185,A2
Q5186,A2
Q5187,A2
Q5188,A2
Q5189,A2
Q5190,A2
Q5191,A2
Q5192,A2
Q5193,A2
Q5194,A2
Q5195,A2
Q5196,A2
Q5197,A2
Q5198,A2
Q5199,A2
Q5200,A2
Q5201,A2
Q5202,A2
Q5203,A2
Q5204,A2
Q5205,A2
Q5206,A2
Q5207,A2
Q5208,A2
Q5209,A2
Q5210,A2
Q5211,A2
Q5212,A2
Q5213,A2
Q5214,A2
Q5215,A2
Q5216,A2
Q5217,A2
Q5218,A2
Q5219,A2
Q5220,A2
Q5221,A2
Q5222,A2
Q5223,A2
Q5224,A2
Q5225,A2
Q5226,A2
Q5227,A2
Q5228,A2
Q5229,A2
Q5230,A2
Q5231,A2
Q5232,A2
Q5233,A2
Q5234,A2
Q5235,A2
Q5236,A2
Q5237,A2
Q5238,A2
Q5239,A2
Q5240,A2
Q5241,A2
Q5242,A2
Q5243,A2
Q5244,A2
Q5245,A2
Q5246,A2
Q5247,A2
Q5248,A2
Q5249,A2
Q5250,A2
Q5251,A2
Q5252,A2
Q5253,A2
Q5254,A2
Q5255,A2
Q5256,A2
Q5257,A2
Q5258,A2
Q5259,A2
Q5260,A2
Q5261,A2
Q5262,A2
Q5263,A2
Q5264,A2
Q5265,A2
Q5266,A2
Q5267,A2
Q5268,A2
Q5269,A2
Q5270,A2
Q5271,A2
Q5272,A2
Q5273,A2
Q5274,A2
Q5275,A2
Q5276,A2
Q5277,A2
Q5278,A2
Q5279,A2
Q5280,A2
Q5281,A2
Q5282,A2
Q5283,A2
Q5284,A2
Q5285,A2
Q5286,A2
Q5287,A2
Q5288,A2
Q5289,A2
Q5290,A2
Q5291,A2
Q5292,A2
Q5293,A2
Q5294,A2
Q5295,A2
Q5296,A2
Q5297,A2
Q5298,A2
Q5299,A2
Q5300,A2
Q5301,A2
Q5302,A2
Q5303,A2
Q5304,A2
Q5305,A2
Q5306,A2
Q5307,A2
Q5308,A2
Q5309,A2
Q5310,A2
Q5311,A2
Q5312,A2
Q5313,A2
Q5314,A2
Q5315,A2
Q5316,A2
Q5317,A2
Q5318,A2
Q5319,A2
Q5320,A2
Q5321,A2
Q5322,A2
Q5323,A2
Q5324,A2
Q5325,A2
Q5326,A2
Q5327,A2
Q5328,A2
Q5329,A2
Q5330,A2
Q5331,A2
Q5332,A2
Q5333,A2
Q5334,A2
Q5335,A2
Q5336,A2
Q5337,A2
Q5338,A2
Q5339,A2
Q5340,A2
Q5341,A2
Q5342,A2
Q5343,A2
Q5344,A2
Q5345,A2
Q5346,A2
Q5347,A2
Q5348,A2
Q5349,A2
Q5350,A2
Q5351,A2
Q5352,A2
Q5353,A2
Q5354,A2
Q5355,A2
Q5356,A2
Q5357,A2
Q5358,A2
Q5359,A2
Q5360,A2
Q5361,A2
Q5362,A2
Q5363,A2
Q5364,A2
Q5365,A2
Q5366,A2
Q5367,A2
Q5368,A2
Q5369,A2
Q5370,A2
Q5371,A2
Q5372,A2
Q5373,A2
Q5374,A2
Q5375,A2
Q5376,A2
Q5377,A2
Q5378,A2
Q5379,A2
Q5380,A2
Q5381,A2
Q5382,A2
Q5383,A2
Q5384,A2
Q5385,A2
Q5386,A2
Q5387,A2
Q5388,A2
Q5389,A2
Q5390,A2
Q5391,A2
Q5392,A2
Q5393,A2
Q5394,A2
Q5395,A2
Q5396,A2
Q5397,A2
Q5398,A2
Q5399,A2
Q5400,A2
Q5401,A2
Q5402,A2
Q5403,A2
Q5404,A2
Q5405,A2
Q5406,A2
Q5407,A2
Q5408,A2
Q5409,A2
Q5410,A2
Q5411,A2
Q5412,A2
Q5413,A2
Q5414,A2
Q5415,A2
Q5416,A2
Q5417,A2
Q5418,A2
Q5419,A2
Q5420,A2
Q5421,A2
Q5422,A2
Q5423,A2
Q5424,A2
Q5425,A2
Q5426,A2
Q5427,A2
Q5428,A2
Q5429,A2
Q5430,A2
Q5431,A2
Q5432,A2
Q5433,A2
Q5434,A2
Q5435,A2
Q5436,A2
Q5437,A2
Q5438,A2
Q5439,A2
Q5440,A2
Q5441,A2
Q5442,A2
Q5443,A2
Q5444,A2
Q5445,A2
Q5446,A2
Q5447,A2
Q5448,A2
Q5449,A2
Q5450,A2
Q5451,A2
Q5452,A2
Q5453,A2
Q5454,A2
Q5455,A2
Q5456,A2
Q5457,A2
Q5458,A2
Q5459,A2
Q5460,A2
Q5461,A2
Q5462,A2
Q5463,A2
Q5464,A2
Q5465,A2
Q5466,A2
Q5467,A2
Q5468,A2
Q5469,A2
Q5470,A2
Q5471,A2
Q5472,A2
Q5473,A2
Q5474,A2
Q5475,A2
Q5476,A2
Q5477,A2
Q5478,A2
Q5479,A2
Q5480,A2
Q5481,A2
Q5482,A2
Q5483,A2
Q5484,A2
Q5485,A2
Q5486,A2
Q5487,A2
Q5488,A2
Q5489,A2
Q5490,A2
Q5491,A2
Q5492,A2
Q5493,A2
Q5494,A2
Q5495,A2
Q5496,A2
Q5497,A2
Q5498,A2
Q5499,A2
Q5500,A2
Q5501,A2
Q5502,A2
Q5503,A2
Q5504,A2
Q5505,A2
Q5506,A2
Q5507,A2
Q5508,A2
Q5509,A2
Q5510,A2
Q5511,A2
Q5512,A2
Q5513,A2
Q5514,A2
Q5515,A2
Q5516,A2
Q5517,A2
Q5518,A2
Q5519,A2
Q5520,A2
Q5521,A2
Q5522,A2
Q5523,A2
Q5524,A2
Q5525,A2
Q5526,A2
Q5527,A2
Q5528,A2
Q5529,A2
Q5530,A2
Q5531,A2
Q5532,A2
Q5533,A2
Q5534,A2
Q5535,A2
Q5536,A2
Q5537,A2
Q5538,A2
Q5539,A2
Q5540,A2
Q5541,A2
Q5542,A2
Q5543,A2
Q5544,A2
Q5545,A2
Q5546,A2
Q5547,A2
Q5548,A2
Q5549,A2
Q5550,A2
Q5551,A2
Q5552,A2
Q5553,A2
Q5554,A2
Q5555,A2
Q5556,A2
Q5557,A2
Q5558,A2
Q5559,A2
Q5560,A2
Q5561,A2
Q5562,A2
Q5563,A2
Q5564,A2
Q5565,A2
Q5566,A2
Q5567,A2
Q5568,A2
Q5569,A2
Q5570,A2
Q5571,A2
Q5572,A2
Q5573,A2
Q5574,A2
Q5575,A2
Q5576,A2
Q5577,A2
Q5578,A2
Q5579,A2
Q5580,A2
Q5581,A2
Q5582,A2
Q5583,A2
Q5584,A2
Q5585,A2
Q5586,A2
Q5587,A2
Q5588,A2
Q5589,A2
Q5590,A2
Q5591,A2
Q5592,A2
Q5593,A2
Q5594,A2
Q5595,A2
Q5596,A2
Q5597,A2
Q5598,A2
Q5599,A2
Q5600,A2
Q5601,A2
Q5602,A2
Q5603,A2
Q5604,A2
Q5605,A2
Q5606,A2
Q5607,A2
Q5608,A2
Q5609,A2
Q5610,A2
Q5611,A2
Q5612,A2
Q5613,A2
Q5614,A2
Q5615,A2
Q5616,A2
Q5617,A2
Q5618,A2
Q5619,A2
Q5620,A2
Q5621,A2
Q5622,A2
Q5623,A2
Q5624,A2
Q5625,A2
Q5626,A2
Q5627,A2
Q5628,A2
Q5629,A2
Q5630,A2
Q5631,A2
Q5632,A2
Q5633,A2
Q5634,A2
Q5635,A2
Q5636,A2
Q5637,A2
Q5638,A2
Q5639,A2
Q5640,A2
Q5641,A2
Q5642,A2
Q5643,A2
Q5644,A2
Q5645,A2
Q5646,A2
Q5647,A2
Q5648,A2
Q5649,A2
Q5650,A2
Q5651,A2
Q5652,A2
Q5653,A2
Q5654,A2
Q5655,A2
Q5656,A2
Q5657,A2
Q5658,A2
Q5659,A2
Q5660,A2
Q5661,A2
Q5662,A2
Q5663,A2
Q5664,A2
Q5665,A2
Q5666,A2
Q5667,A2
Q5668,A2
Q5669,A2
Q5670,A2
Q5671,A2
Q5672,A2
Q5673,A2
Q5674,A2
Q5675,A2
Q5676,A2
Q5677,A2
Q5678,A2
Q5679,A2
Q5680,A2
Q5681,A2
Q5682,A2
Q5683,A2
Q5684,A2
Q5685,A2
Q5686,A2
Q5687,A2
Q5688,A2
Q5689,A2
Q5690,A2
Q5691,A2
Q5692,A2
Q5693,A2
Q5694,A2
Q5695,A2
Q5696,A2
Q5697,A2
Q5698,A2
Q5699,A2
Q5700,A2
Q5701,A2
Q5702,A2
Q5703,A2
Q5704,A2
Q5705,A2
Q5706,A2
Q5707,A2
Q5708,A2
Q5709,A2
Q5710,A2
Q5711,A2
Q5712,A2
Q5713,A2
Q5714,A2
Q5715,A2
Q5716,A2
Q5717,A2
Q5718,A2
Q5719,A2
Q5720,A2
Q5721,A2
Q5722,A2
Q5723,A2
Q5724,A2
Q5725,A2
Q5726,A2
Q5727,A2
Q5728,A2
Q5729,A2
Q5730,A2
Q5731,A2
Q5732,A2
Q5733,A2
Q5734,A2
Q5735,A2
Q5736,A2
Q5737,A2
Q5738,A2
Q5739,A2
Q5740,A2
Q5741,A2
Q5742,A2
Q5743,A2
Q5744,A2
Q5745,A2
Q5746,A2
Q5747,A2
Q5748,A2
Q5749,A2
Q5750,A2
Q5751,A2
Q5752,A2
Q5753,A2
Q5754,A2
Q5755,A2
Q5756,A2
Q5757,A2
Q5758,A2
Q5759,A2
Q5760,A2
Q5761,A2
Q5762,A2
Q5763,A2
Q5764,A2
Q5765,A2
Q5766,A2
Q5767,A2
Q5768,A2
Q5769,A2
Q5770,A2
Q5771,A2
Q5772,A2
Q5773,A2
Q5774,A2
Q5775,A2
Q5776,A2
Q5777,A2
Q5778,A2
Q5779,A2
Q5780,A2
Q5781,A2
Q5782,A2
Q5783,A2
Q5784,A2
Q5785,A2
Q5786,A2
Q5787,A2
Q5788,A2
Q5789,A2
Q5790,A2
Q5791,A2
Q5792,A2
Q5793,A2
Q5794,A2
Q5795,A2
Q5796,A2
Q5797,A2
Q5798,A2
Q5799,A2
Q5800,A2
Q5801,A2
Q5802,A2
Q5803,A2
Q5804,A2
Q5805,A2
Q5806,A2
Q5807,A2
Q5808,A2
Q5809,A2
Q5810,A2
Q5811,A2
Q5812,A2
Q5813,A2
Q5814,A2
Q5815,A2
Q5816,A2
Q5817,A2
Q5818,A2
Q5819,A2
Q5820,A2
Q5821,A2
Q5822,A2
Q5823,A2
Q5824,A2
Q5825,A2
Q5826,A2
Q5827,A2
Q5828,A2
Q5829,A2
Q5830,A2
Q5831,A2
Q5832,A2
Q5833,A2
Q5834,A2
Q5835,A2
Q5836,A2
Q5837,A2
Q5838,A2
Q5839,A2
Q5840,A2
Q5841,A2
Q5842,A2
Q5843,A2
Q5844,A2
Q5845,A2
Q5846,A2
Q5847,A2
Q5848,A2
Q5849,A2
Q5850,A2
Q5851,A2
Q5852,A2
Q5853,A2
Q5854,A2
Q5855,A2
Q5856,A2
Q5857,A2
Q5858,A2
Q5859,A2
Q5860,A2
Q5861,A2
Q5862,A2
Q5863,A2
Q5864,A2
Q5865,A2
Q5866,A2
Q5867,A2
Q5868,A2
Q5869,A2
Q5870,A2
Q5871,A2
Q5872,A2
Q5873,A2
Q5874,A2
Q5875,A2
Q5876,A2
Q5877,A2
Q5878,A2
Q5879,A2
Q5880,A2
Q5881,A2
Q5882,A2
Q5883,A2
Q5884,A2
Q5885,A2
Q5886,A2
Q5887,A2
Q5888,A2
Q5889,A2
Q5890,A2
Q5891,A2
Q5892,A2
Q5893,A2
Q5894,A2
Q5895,A2
Q5896,A2
Q5897,A2
Q5898,A2
Q5899,A2
Q5900,A2
Q5901,A2
Q5902,A2
Q5903,A2
Q5904,A2
Q5905,A2
Q5906,A2
Q5907,A2
Q5908,A2
Q5909,A2
Q5910,A2
Q5911,A2
Q5912,A2
Q5913,A2
Q5914,A2
Q5915,A2
Q5916,A2
Q5917,A2
Q5918,A2
Q5919,A2
Q5920,A2
Q5921,A2
Q5922,A2
Q5923,A2
Q5924,A2
Q5925,A2
Q5926,A2
Q5927,A2
Q5928,A2
Q5929,A2
Q5930,A2
Q5931,A2
Q5932,A2
Q5933,A2
Q5934,A2
Q5935,A2
Q5936,A2
Q5937,A2
Q5938,A2
Q5939,A2
Q5940,A2
Q5941,A2
Q5942,A2
Q5943,A2
Q5944,A2
Q5945,A2
Q5946,A2
Q5947,A2
Q5948,A2
Q5949,A2
Q5950,A2
Q5951,A2
Q5952,A2
Q5953,A2
Q5954,A2
Q5955,A2
Q5956,A2
Q5957,A2
Q5958,A2
Q5959,A2
Q5960,A2
Q5961,A2
Q5962,A2
Q5963,A2
Q5964,A2
Q5965,A2
Q5966,A2
Q5967,A2
Q5968,A2
Q5969,A2
Q5970,A2
Q5971,A2
Q5972,A2
Q5973,A2
Q5974,A2
Q5975,A2
Q5976,A2
Q5977,A2
Q5978,A2
Q5979,A2
Q5980,A2
Q5981,A2
Q5982,A2
Q5983,A2
Q5984,A2
Q5985,A2
Q5986,A2
Q5987,A2
Q5988,A2
Q5989,A2
Q5990,A2
Q5991,A2
Q5992,A2
Q5993,A2
Q5994,A2
Q5995,A2
Q5996,A2
Q5997,A2
Q5998,A2
Q5999,A2
Q6000,A2
Q6001,A2
Q6002,A2
Q6003,A2
Q6004,A2
Q6005,A2
Q6006,A2
Q6007,A2
Q6008,A2
Q6009,A2
Q6010,A2
Q6011,A2
Q6012,A2
Q6013,A2
Q6014,A2
Q6015,A2
Q6016,A2
Q6017,A2
Q6018,A2
Q6019,A2
Q6020,A2
Q6021,A2
Q6022,A2
Q6023,A2
Q6024,A2
Q6025,A2
Q6026,A2
Q6027,A2
Q6028,A2
Q6029,A2
Q6030,A2
Q6031,A2
Q6032,A2
Q6033,A2
Q6034,A2
Q6035,A2
Q6036,A2
Q6037,A2
Q6038,A2
Q6039,A2
Q6040,A2
Q6041,A2
Q6042,A2
Q6043,A2
Q6044,A2
Q6045,A2
Q6046,A2
Q6047,A2
Q6048,A2
Q6049,A2
Q6050,A2
Q6051,A2
Q6052,A2
Q6053,A2
Q6054,A2
Q6055,A2
Q6056,A2
Q6057,A2
Q6058,A2
Q6059,A2
Q6060,A2
Q6061,A2
Q6062,A2
Q6063,A2
Q6064,A2
Q6065,A2
Q6066,A2
Q6067,A2
Q6068,A2
Q6069,A2
Q6070,A2
Q6071,A2
Q6072,A2
Q6073,A2
Q6074,A2
Q6075,A2
Q6076,A2
Q6077,A2
Q6078,A2
Q6079,A2
Q6080,A2
Q6081,A2
Q6082,A2
Q6083,A2
Q6084,A2
Q6085,A2
Q6086,A2
Q6087,A2
Q6088,A2
Q6089,A2
Q6090,A2
Q6091,A2
Q6092,A2
Q6093,A2
Q6094,A2
Q6095,A2
Q6096,A2
Q6097,A2
Q6098,A2
Q6099,A2
Q6100,A2
Q6101,A2
Q6102,A2
Q6103,A2
Q6104,A2
Q6105,A2
Q6106,A2
Q6107,A2
Q6108,A2
Q6109,A2
Q6110,A2
Q6111,A2
Q6112,A2
Q6113,A2
Q6114,A2
Q6115,A2
Q6116,A2
Q6117,A2
Q6118,A2
Q6119,A2
Q6120,A2
Q6121,A2
Q6122,A2
Q6123,A2
Q6124,A2
Q6125,A2
Q6126,A2
Q6127,A2
Q6128,A2
Q6129,A2
Q6130,A2
Q6131,A2
Q6132,A2
Q6133,A2
Q6134,A2
Q6135,A2
Q6136,A2
Q6137,A2
Q6138,A2
Q6139,A2
Q6140,A2
Q6141,A2
Q6142,A2
Q6143,A2
Q6144,A2
Q6145,A2
Q6146,A2
Q6147,A2
Q6148,A2
Q6149,A2
Q6150,A2
Q6151,A2
Q6152,A2
Q6153,A2
Q6154,A2
Q6155,A2
Q6156,A2
Q6157,A2
Q6158,A2
Q6159,A2
Q6160,A2
Q6161,A2
Q6162,A2
Q6163,A2
Q6164,A2
Q6165,A2
Q6166,A2
Q6167,A2
Q6168,A2
Q6169,A2
Q6170,A2
Q6171,A2
Q6172,A2
Q6173,A2
Q6174,A2
Q6175,A2
Q6176,A2
Q6177,A2
Q6178,A2
Q6179,A2
Q6180,A2
Q6181,A2
Q6182,A2
Q6183,A2
Q6184,A2
Q6185,A2
Q6186,A2
Q6187,A2
Q6188,A2
Q6189,A2
Q6190,A2
Q6191,A2
Q6192,A2
Q6193,A2
Q6194,A2
Q6195,A2
Q6196,A2
Q6197,A2
Q6198,A2
Q6199,A2
Q6200,A2
Q6201,A2
Q6202,A2
Q6203,A2
Q6204,A2
Q6205,A2
Q6206,A2
Q6207,A2
Q6208,A2
Q6209,A2
Q6210,A2
Q6211,A2
Q6212,A2
Q6213,A2
Q6214,A2
Q6215,A2
Q6216,A2
Q6217,A2
Q6218,A2
Q6219,A2
Q6220,A2
Q6221,A2
Q6222,A2
Q6223,A2
Q6224,A2
Q6225,A2
Q6226,A2
Q6227,A2
Q6228,A2
Q6229,A2
Q6230,A2
Q6231,A2
Q6232,A2
Q6233,A2
Q6234,A2
Q6235,A2
Q6236,A2
Q6237,A2
Q6238,A2
Q6239,A2
Q6240,A2
Q6241,A2
Q6242,A2
Q6243,A2
Q6244,A2
Q6245,A2
Q6246,A2
Q6247,A2
Q6248,A2
Q6249,A2
Q6250,A2
Q6251,A2
Q6252,A2
Q6253,A2
Q6254,A2
Q6255,A2
Q6256,A2
Q6257,A2
Q6258,A2
Q6259,A2
Q6260,A2
Q6261,A2
Q6262,A2
Q6263,A2
Q6264,A2
Q6265,A2
Q6266,A2
Q6267,A2
Q6268,A2
Q6269,A2
Q6270,A2
Q6271,A2
Q6272,A2
Q6273,A2
Q6274,A2
Q6275,A2
Q6276,A2
Q6277,A2
Q6278,A2
Q6279,A2
Q6280,A2
Q6281,A2
Q6282,A2
Q6283,A2
Q6284,A2
Q6285,A2
Q6286,A2
Q6287,A2
Q6288,A2
Q6289,A2
Q6290,A2
Q6291,A2
Q6292,A2
Q6293,A2
Q6294,A2
Q6295,A2
Q6296,A2
Q6297,A2
Q6298,A2
Q6299,A2
Q6300,A2
Q6301,A2
Q6302,A2
Q6303,A2
Q6304,A2
Q6305,A2
Q6306,A2
Q6307,A2
Q6308,A2
Q6309,A2
Q6310,A2
Q6311,A2
Q6312,A2
Q6313,A2
Q6314,A2
Q6315,A2
Q6316,A2
Q6317,A2
Q6318,A2
Q6319,A2
Q6320,A2
Q6321,A2
Q6322,A2
Q6323,A2
Q6324,A2
Q6325,A2
Q6326,A2
Q6327,A2
Q6328,A2
Q6329,A2
Q6330,A2
Q6331,A2
Q6332,A2
Q6333,A2
Q6334,A2
Q6335,A2
Q6336,A2
Q6337,A2
Q6338,A2
Q6339,A2
Q6340,A2
Q6341,A2
Q6342,A2
Q6343,A2
Q6344,A2
Q6345,A2
Q6346,A2
Q6347,A2
Q6348,A2
Q6349,A2
Q6350,A2
Q6351,A2
Q6352,A2
Q6353,A2
Q6354,A2
Q6355,A2
Q6356,A2
Q6357,A2
Q6358,A2
Q6359,A2
Q6360,A2
Q6361,A2
Q6362,A2
Q6363,A2
Q6364,A2
Q6365,A2
Q6366,A2
Q6367,A2
Q6368,A2
Q6369,A2
Q6370,A2
Q6371,A2
Q6372,A2
Q6373,A2
Q6374,A2
Q6375,A2
Q6376,A2
Q6377,A2
Q6378,A2
Q6379,A2
Q6380,A2
Q6381,A2
Q6382,A2
Q6383,A2
Q6384,A2
Q6385,A2
Q6386,A2
Q6387,A2
Q6388,A2
Q6389,A2
Q6390,A2
Q6391,A2
Q6392,A2
Q6393,A2
Q6394,A2
Q6395,A2
Q6396,A2
Q6397,A2
Q6398,A2
Q6399,A2
Q6400,A2
Q6401,A2
Q6402,A2
Q6403,A2
Q6404,A2
Q6405,A2
Q6406,A2
Q6407,A2
Q6408,A2
Q6409,A2
Q6410,A2
Q6411,A2
Q6412,A2
Q6413,A2
Q6414,A2
Q6415,A2
Q6416,A2
Q6417,A2
Q6418,A2
Q6419,A2
Q6420,A2
Q6421,A2
Q6422,A2
Q6423,A2
Q6424,A2
Q6425,A2
Q6426,A2
Q6427,A2
Q6428,A2
Q6429,A2
Q6430,A2
Q6431,A2
Q6432,A2
Q6433,A2
Q6434,A2
Q6435,A2
Q6436,A2
Q6437,A2
Q6438,A2
Q6439,A2
Q6440,A2
Q6441,A2
Q6442,A2
Q6443,A2
Q6444,A2
Q6445,A2
Q6446,A2
Q6447,A2
Q6448,A2
Q6449,A2
Q6450,A2
Q6451,A2
Q6452,A2
Q6453,A2
Q6454,A2
Q6455,A2
Q6456,A2
Q6457,A2
Q6458,A2
Q6459,A2
Q6460,A2
Q6461,A2
Q6462,A2
Q6463,A2
Q6464,A2
Q6465,A2
Q6466,A2
Q6467,A2
Q6468,A2
Q6469,A2
Q6470,A2
Q6471,A2
Q6472,A2
Q6473,A2
Q6474,A2
Q6475,A2
Q6476,A2
Q6477,A2
Q6478,A2
Q6479,A2
Q6480,A2
Q6481,A2
Q6482,A2
Q6483,A2
Q6484,A2
Q6485,A2
Q6486,A2
Q6487,A2
Q6488,A2
Q6489,A2
Q6490,A2
Q6491,A2
Q6492,A2
Q6493,A2
Q6494,A2
Q6495,A2
Q6496,A2
Q6497,A2
Q6498,A2
Q6499,A2
Q6500,A2
Q6501,A2
Q6502,A2
Q6503,A2
Q6504,A2
Q6505,A2
Q6506,A2
Q6507,A2
Q6508,A2
Q6509,A2
Q6510,A2
Q6511,A2
Q6512,A2
Q6513,A2
Q6514,A2
Q6515,A2
Q6516,A2
Q6517,A2
Q6518,A2
Q6519,A2
Q6520,A2
Q6521,A2
Q6522,A2
Q6523,A2
Q6524,A2
Q6525,A2
Q6526,A2
Q6527,A2
Q6528,A2
Q6529,A2
Q6530,A2
Q6531,A2
Q6532,A2
Q6533,A2
Q6534,A2
Q6535,A2
Q6536,A2
Q6537,A2
Q6538,A2
Q6539,A2
Q6540,A2
Q6541,A2
Q6542,A2
Q6543,A2
Q6544,A2
Q6545,A2
Q6546,A2
Q6547,A2
Q6548,A2
Q6549,A2
Q6550,A2
Q6551,A2
Q6552,A2
Q6553,A2
Q6554,A2
Q6555,A2
Q6556,A2
Q6557,A2
Q6558,A2
Q6559,A2
Q6560,A2
Q6561,A2
Q6562,A2
Q6563,A2
Q6564,A2
Q6565,A2
Q6566,A2
Q6567,A2
Q6568,A2
Q6569,A2
Q6570,A2
Q6571,A2
Q6572,A2
Q6573,A2
Q6574,A2
Q6575,A2
Q6576,A2
Q6577,A2
Q6578,A2
Q6579,A2
Q6580,A2
Q6581,A2
Q6582,A2
Q6583,A2
Q6584,A2
Q6585,A2
Q6586,A2
Q6587,A2
Q6588,A2
Q6589,A2
Q6590,A2
Q6591,A2
Q6592,A2
Q6593,A2
Q6594,A2
Q6595,A2
Q6596,A2
Q6597,A2
Q6598,A2
Q6599,A2
Q6600,A2
Q6601,A2
Q6602,A2
Q6603,A2
Q6604,A2
Q6605,A2
Q6606,A2
Q6607,A2
Q6608,A2
Q6609,A2
Q6610,A2
Q6611,A2
Q6612,A2
Q6613,A2
Q6614,A2
Q6615,A2
Q6616,A2
Q6617,A2
Q6618,A2
Q6619,A2
Q6620,A2
Q6621,A2
Q6622,A2
Q6623,A2
Q6624,A2
Q6625,A2
Q6626,A2
Q6627,A2
Q6628,A2
Q6629,A2
Q6630,A2
Q6631,A2
Q6632,A2
Q6633,A2
Q6634,A2
Q6635,A2
Q6636,A2
Q6637,A2
Q6638,A2
Q6639,A2
Q6640,A2
Q6641,A2
Q6642,A2
Q6643,A2
Q6644,A2
Q6645,A2
Q6646,A2
Q6647,A2
Q6648,A2
Q6649,A2
Q6650,A2
Q6651,A2
Q6652,A2
Q6653,A2
Q6654,A2
Q6655,A2
Q6656,A2
Q6657,A2
Q6658,A2
Q6659,A2
Q6660,A2
Q6661,A2
Q6662,A2
Q6663,A2
Q6664,A2
Q6665,A2
Q6666,A2
Q6667,A2
Q6668,A2
Q6669,A2
Q6670,A2
Q6671,A2
Q6672,A2
Q6673,A2
Q6674,A2
Q6675,A2
Q6676,A2
Q6677,A2
Q6678,A2
Q6679,A2
Q6680,A2
Q6681,A2
Q6682,A2
Q6683,A2
Q6684,A1
Q6685,A1
Q6686,A1
Q6687,A1
Q6688,A1
Q6689,A1
Q6690,A1
Q6691,A1
Q6692,A1
Q6693,A1
Q6694,A1
Q6695,A1
Q6696,A1
Q6697,A1
Q6698,A1
Q6699,A1
Q6700,A1
Q6701,A1
Q6702,A1
Q6703,A1
Q6704,A1
Q6705,A1
Q6706,A1
Q6707,A1
Q6708,A1
Q6709,A1
Q6710,A1
Q6711,A1
Q6712,A1
Q6713,A1
Q6714,A1
Q6715,A1
Q6716,A1
Q6717,A1
Q6718,A1
Q6719,A1
Q6720,A1
Q6721,A1
Q6722,A1
Q6723,A1
Q6724,A1
Q6725,A1
Q6726,A1
Q6727,A1
Q6728,A1
Q6729,A1
Q6730,A1
Q6731,A1
Q6732,A1
Q6733,A1
Q6734,A1
Q6735,A1
Q6736,A1
Q6737,A1
Q6738,A1
Q6739,A1
Q6740,A1
Q6741,A1
Q6742,A1
Q6743,A1
Q6744,A1
Q6745,A1
Q6746,A1
Q6747,A1
Q6748,A1
Q6749,A1
Q6750,A1
Q6751,A1
Q6752,A1
Q6753,A1
Q6754,A1
Q6755,A1
Q6756,A1
Q6757,A1
Q6758,A1
Q6759,A1
Q6760,A1
Q6761,A1
Q6762,A1
Q6763,A1
Q6764,A1
Q6765,A1
Q6766,A1
Q6767,A1
Q6768,A1
Q6769,A1
Q6770,A1
Q6771,A1
Q6772,A1
Q6773,A1
Q6774,A1
Q6775,A1
Q6776,A1
Q6777,A1
Q6778,A1
Q6779,A1
Q6780,A1
Q6781,A1
Q6782,A1
Q6783,A1
Q6784,A1
Q6785,A1
Q6786,A1
Q6787,A1
Q6788,A1
Q6789,A1
Q6790,A1
Q6791,A1
Q6792,A1
Q6793,A1
Q6794,A1
Q6795,A1
Q6796,A1
Q6797,A1
Q6798,A1
Q6799,A1
Q6800,A1
Q6801,A1
Q6802,A1
Q6803,A1
Q6804,A1
Q6805,A1
Q6806,A1
Q6807,A1
Q6808,A1
Q6809,A1
Q6810,A1
Q6811,A1
Q6812,A1
Q6813,A1
Q6814,A1
Q6815,A1
Q6816,A1
Q6817,A1
Q6818,A1
Q6819,A1
Q6820,A1
Q6821,A1
Q6822,A1
Q6823,A1
Q6824,A1
Q6825,A1
Q6826,A1
Q6827,A1
Q6828,A1
Q6829,A1
Q6830,A1
Q6831,A1
Q6832,A1
Q6833,A1
Q6834,A1
Q6835,A1
Q6836,A1
Q6837,A1
Q6838,A1
Q6839,A1
Q6840,A1
Q6841,A1
Q6842,A1
Q6843,A1
Q6844,A1
Q6845,A1
Q6846,A1
Q6847,A1
Q6848,A1
Q6849,A1
Q6850,A1
Q6851,A1
Q6852,A1
Q6853,A1
Q6854,A1
Q6855,A1
Q6856,A1
Q6857,A1
Q6858,A1
Q6859,A1
Q6860,A1
Q6861,A1
Q6862,A1
Q6863,A1
Q6864,A1
Q6865,A1
Q6866,A1
Q6867,A1
Q6868,A1
Q6869,A1
Q6870,A1
Q6871,A1
Q6872,A1
Q6873,A1
Q6874,A1
Q6875,A1
Q6876,A1
Q6877,A1
Q6878,A1
Q6879,A1
Q6880,A1
Q6881,A1
Q6882,A1
Q6883,A1
Q6884,A1
Q6885,A1
Q6886,A1
Q6887,A1
Q6888,A1
Q6889,A1
Q6890,A1
Q6891,A1
Q6892,A1
Q6893,A1
Q6894,A1
Q6895,A1
Q6896,A1
Q6897,A1
Q6898,A1
Q6899,A1
Q6900,A1
Q6901,A1
Q6902,A1
Q6903,A1
Q6904,A1
Q6905,A1
Q6906,A1
Q6907,A1
Q6908,A1
Q6909,A1
Q6910,A1
Q6911,A1
Q6912,A1
Q6913,A1
Q6914,A1
Q6915,A1
Q6916,A1
Q6917,A1
Q6918,A1
Q6919,A1
Q6920,A1
Q6921,A1
Q6922,A1
Q6923,A1
Q6924,A1
Q6925,A1
Q6926,A1
Q6927,A1
Q6928,A1
Q6929,A1
Q6930,A1
Q6931,A1
Q6932,A1
Q6933,A1
Q6934,A1
Q6935,A1
Q6936,A1
Q6937,A1
Q6938,A1
Q6939,A1
Q6940,A1
Q6941,A1
Q6942,A1
Q6943,A1
Q6944,A1
Q6945,A1
Q6946,A1
Q6947,A1
Q6948,A1
Q6949,A1
Q6950,A1
Q6951,A1
Q6952,A1
Q6953,A1
Q6954,A1
Q6955,A1
Q6956,A1
Q6957,A1
Q6958,A1
Q6959,A1
Q6960,A1
Q6961,A1
Q6962,A1
Q6963,A1
Q6964,A1
Q6965,A1
Q6966,A1
Q6967,A1
Q6968,A1
Q6969,A1
Q6970,A1
Q6971,A1
Q6972,A1
Q6973,A1
Q6974,A1
Q6975,A1
Q6976,A1
Q6977,A1
Q6978,A1
Q6979,A1
Q6980,A1
Q6981,A1
Q6982,A1
Q6983,A1
Q6984,A1
Q6985,A1
Q6986,A1
Q6987,A1
Q6988,A1
Q6989,A1
Q6990,A1
Q6991,A1
Q6992,A1
Q6993,A1
Q6994,A1
Q6995,A1
Q6996,A1
Q6997,A1
Q6998,A1
Q6999,A1
Q7000,A1
Q7001,A1
Q7002,A1
Q7003,A1
Q7004,A1
Q7005,A1
Q7006,A1
Q7007,A1
Q7008,A1
Q7009,A1
Q7010,A1
Q7011,A1
Q7012,A1
Q7013,A1
Q7014,A1
Q7015,A1
Q7016,A1
Q7017,A1
Q7018,A1
Q7019,A1
Q7020,A1
Q7021,A1
Q7022,A1
Q7023,A1
Q7024,A1
Q7025,A1
Q7026,A1
Q7027,A1
Q7028,A1
Q7029,A1
Q7030,A1
Q7031,A1
Q7032,A1
Q7033,A1
Q7034,A0
Q7035,A0
Q7036,A0
Q7037,A0
Q7038,A0
Q7039,A0
Q7040,A0
Q7041,A0
Q7042,A0
Q7043,A0
Q7044,A0
Q7045,A0
Q7046,A0
Q7047,A0
Q7048,A0
Q7049,A0
Q7050,A0
Q7051,A0
Q7052,A0
Q7053,A0
Q7054,A0
Q7055,A0
Q7056,A0
Q7057,A0
Q7058,A0
Q7059,A0
Q7060,A0
Q7061,A0
Q7062,A0
Q7063,A0
Q7064,A0
Q7065,A0
Q7066,A0
Q7067,A0
Q7068,A0
Q7069,A0
Q7070,A0
Q7071,A0
Q7072,A0
Q7073,A0
Q7074,A0
Q7075,A0
Q7076,A0
Q7077,A0
Q7078,A0
Q7079,A0
Q7080,A0
Q7081,A0
Q7082,A0
Q7083,A0
Q7084,A0
Q7085,A0
Q7086,A0
Q7087,A0
Q7088,A0
Q7089,A0
Q7090,A0
Q7091,A0
Q7092,A0
Q7093,A0
Q7094,A0
Q7095,A0
Q7096,A0
Q7097,A0
Q7098,A0
Q7099,A0
Q7100,A0
Q7101,A0
Q7102,A0
Q7103,A0
Q7104,A0
Q7105,A0
Q7106,A0
Q7107,A0
Q7108,A0
Q7109,A0
Q7110,A0
Q7111,A0
Q7112,A0
Q7113,A0
Q7114,A0
Q7115,A0
Q7116,A0
Q7117,A0
Q7118,A0
Q7119,A0
Q7120,A0
Q7121,A0
Q7122,A0
Q7123,A0
Q7124,A0
Q7125,A0
Q7126,A0
Q7127,A0
Q7128,A0
Q7129,A0
Q7130,A0
Q7131,A0
Q7132,A0
Q7133,A0
Q7134,A0
Q7135,A0
Q7136,A0
Q7137,A0
Q7138,A0
Q7139,A0
Q7140,A0
Q7141,A0
Q7142,A0
Q7143,A0
Q7144,A0
Q7145,A0
Q7146,A0
Q7147,A0
Q7148,A0
Q7149,A0
Q7150,A0
Q7151,A0
Q7152,A0
Q7153,A0
Q7154,A0
Q7155,A0
Q7156,A0
Q7157,A0
Q7158,A0
Q7159,A0
Q7160,A0
Q7161,A0
Q7162,A0
Q7163,A0
Q7164,A0
Q7165,A0
Q7166,A0
Q7167,A0
Q7168,A0
Q7169,A0
Q7170,A0
Q7171,A0
Q7172,A0
Q7173,A0
Q7174,A0
Q7175,A0
Q7176,A0
Q7177,A0
Q7178,A0
Q7179,A0
Q7180,A0
Q7181,A0
Q7182,A0
Q7183,A0
Q7184,A0
Q7185,A0
Q7186,A0
Q7187,A0
Q7188,A0
Q7189,A0
Q7190,A0
Q7191,A0
Q7192,A0
Q7193,A0
Q7194,A0
Q7195,A0
Q7196,A0
Q7197,A0
Q7198,A0
Q7199,A0
Q7200,A0
Q7201,A0
Q7202,A0
Q7203,A0
Q7204,A0
Q7205,A0
Q7206,A0
Q7207,A0
Q7208,A0
Q7209,A0
Q7210,A0
Q7211,A0
Q7212,A0
Q7213,A0
Q7214,A0
Q7215,A0
Q7216,A0
Q7217,A0
Q7218,A0
Q7219,A0
Q7220,A0
Q7221,A0
Q7222,A0
Q7223,A0
Q7224,A0
Q7225,A0
Q7226,A0
Q7227,A0
Q7228,A0
Q7229,A0
Q7230,A0
Q7231,A0
Q7232,A0
Q7233,A0
Q7234,A0
Q7235,A0
Q7236,A0
Q7237,A0
Q7238,A0
Q7239,A0
Q7240,A0
Q7241,A0
Q7242,A0
Q7243,A0
Q7244,A0
Q7245,A0
Q7246,A0
Q7247,A0
Q7248,A0
Q7249,A0
Q7250,A0
Q7251,A0
Q7252,A0
Q7253,A0
Q7254,A0
Q7255,A0
Q7256,A0
Q7257,A0
Q7258,A0
Q7259,A0
Q7260,A0
Q7261,A0
Q7262,A0
Q7263,A0
Q7264,A0
Q7265,A0
Q7266,A0
Q7267,A0
Q7268,A0
Q7269,A0
Q7270,A0
Q7271,A0
Q7272,A0
Q7273,A0
Q7274,A0
Q7275,A0
Q7276,A0
Q7277,A0
Q7278,A0
Q7279,A0
Q7280,A0
Q7281,A0
Q7282,A0
Q7283,A0
Q7284,A0
Q7285,A0
Q7286,A0
Q7287,A0
Q7288,A0
Q7289,A0
Q7290,A0
Q7291,A0
Q7292,A0
Q7293,A0
Q7294,A0
Q7295,A0
Q7296,A0
Q7297,A0
Q7298,A0
Q7299,A0
Q7300,A0
Q7301,A0
Q7302,A0
Q7303,A0
Q7304,A0
Q7305,A0
Q7306,A0
Q7307,A0
Q7308,A0
Q7309,A0
Q7310,A0
Q7311,A0
Q7312,A0
Q7313,A0
Q7314,A0
Q7315,A0
Q7316,A0
Q7317,A0
Q7318,A0
Q7319,A0
Q7320,A0
Q7321,A0
Q7322,A0
Q7323,A0
Q7324,A0
Q7325,A0
Q7326,A0
Q7327,A0
Q7328,A0
Q7329,A0
Q7330,A0
Q7331,A0
Q7332,A0
Q7333,A0
Q7334,A0
Q7335,A0
Q7336,A0
Q7337,A0
Q7338,A0
Q7339,A0
Q7340,A0
Q7341,A0
Q7342,A0
Q7343,A0
Q7344,A0
Q7345,A0
Q7346,A0
Q7347,A0
Q7348,A0
Q7349,A0
Q7350,A0
Q7351,A0
Q7352,A0
Q7353,A0
Q7354,A0
Q7355,A0
Q7356,A0
Q7357,A0
Q7358,A0
Q7359,A0
Q7360,A0
Q7361,A0
Q7362,A0
Q7363,A0
Q7364,A0
Q7365,A0
Q7366,A0
Q7367,A0
Q7368,A0
Q7369,A0
Q7370,A0
Q7371,A0
Q7372,A0
Q7373,A0
Q7374,A0
Q7375,A0
Q7376,A0
Q7377,A0
Q7378,A0
Q7379,A0
Q7380,A0
Q7381,A0
Q7382,A0
Q7383,A0
Q7384,A0
Q7385,A0
Q7386,A0
Q7387,A0
Q7388,A0
Q7389,A0
Q7390,A0
Q7391,A0
Q7392,A0
Q7393,A0
Q7394,A0
Q7395,A0
Q7396,A0
Q7397,A0
Q7398,A0
Q7399,A0
Q7400,A0
Q7401,A0
Q7402,A0
Q7403,A0
Q7404,A0
Q7405,A0
Q7406,A0
Q7407,A0
Q7408,A0
Q7409,A0
Q7410,A0
Q7411,A0
Q7412,A0
Q7413,A0
Q7414,A0
Q7415,A0
Q7416,A0
Q7417,A0
Q7418,A0
Q7419,A0
Q7420,A0
Q7421,A0
Q7422,A0
Q7423,A0
Q7424,A0
Q7425,A0
Q7426,A0
Q7427,A0
Q7428,A0
Q7429,A0
Q7430,A0
Q7431,A0
Q7432,A0
Q7433,A0
Q7434,A0
Q7435,A0
Q7436,A0
Q7437,A0
Q7438,A0
Q7439,A0
Q7440,A0
Q7441,A0
Q7442,A0
Q7443,A0
Q7444,A0
Q7445,A0
Q7446,A0
Q7447,A0
Q7448,A0
Q7449,A0
Q7450,A0
Q7451,A0
Q7452,A0
Q7453,A0
Q7454,A0
Q7455,A0
Q7456,A0
Q7457,A0
Q7458,A0
Q7459,A0
Q7460,A0
Q7461,A0
Q7462,A0
Q7463,A0
Q7464,A0
Q7465,A0
Q7466,A0
Q7467,A0
Q7468,A0
Q7469,A0
Q7470,A0
Q7471,A0
Q7472,A0
Q7473,A0
Q7474,A0
Q7475,A0
Q7476,A0
Q7477,A0
Q7478,A0
Q7479,A0
Q7480,A0
Q7481,A0
Q7482,A0
Q7483,A0
Q7484,A0
Q7485,A0
Q7486,A0
Q7487,A0
Q7488,A0
Q7489,A0
Q7490,A0
Q7491,A0
Q7492,A0
Q7493,A0
Q7494,A0
Q7495,A0
Q7496,A0
Q7497,A0
Q7498,A0
Q7499,A0
Q7500,A0
Q7501,A0
Q7502,A0
Q7503,A0
Q7504,A0
Q7505,A0
Q7506,A0
Q7507,A0
Q7508,A0
Q7509,A0
Q7510,A0
Q7511,A0
Q7512,A0
Q7513,A0
Q7514,A0
Q7515,A0
Q7516,A0
Q7517,A0
Q7518,A0
Q7519,A0
Q7520,A0
Q7521,A0
Q7522,A0
Q7523,A0
Q7524,A0
Q7525,A0
Q7526,A0
Q7527,A0
Q7528,A0
Q7529,A0
Q7530,A0
Q7531,A0
Q7532,A0
Q7533,A0
Q7534,A0
Q7535,A0
Q7536,A0
Q7537,A0
Q7538,A0
Q7539,A0
Q7540,A0
Q7541,A0
Q7542,A0
Q7543,A0
Q7544,A0
Q7545,A0
Q7546,A0
Q7547,A0
Q7548,A0
Q7549,A0
Q7550,A0
Q7551,A0
Q7552,A0
Q7553,A0
Q7554,A0
Q7555,A0
Q7556,A0
Q7557,A0
Q7558,A0
Q7559,A0
Q7560,A0
Q7561,A0
Q7562,A0
Q7563,A0
Q7564,A0
Q7565,A0
Q7566,A0
Q7567,A0
Q7568,A0
Q7569,A0
Q7570,A0
Q7571,A0
Q7572,A0
Q7573,A0
Q7574,A0
Q7575,A0
Q7576,A0
Q7577,A0
Q7578,A0
Q7579,A0
Q7580,A0
Q7581,A0
Q7582,A0
Q7583,A0
Q7584,A0
Q7585,A0
Q7586,A0
Q7587,A0
Q7588,A0
Q7589,A0
Q7590,A0
Q7591,A0
Q7592,A0
Q7593,A0
Q7594,A0
Q7595,A0
Q7596,A0
Q7597,A0
Q7598,A0
Q7599,A0
Q7600,A0
Q7601,A0
Q7602,A0
Q7603,A0
Q7604,A0
Q7605,A0
Q7606,A0
Q7607,A0
Q7608,A0
Q7609,A0
Q7610,A0
Q7611,A0
Q7612,A0
Q7613,A0
Q7614,A0
Q7615,A0
Q7616,A0
Q7617,A0
Q7618,A0
Q7619,A0
Q7620,A0
Q7621,A0
Q7622,A0
Q7623,A0
Q7624,A0
Q7625,A0
Q7626,A0
Q7627,A0
Q7628,A0
Q7629,A0
Q7630,A0
Q7631,A0
Q7632,A0
Q7633,A0
Q7634,A0
Q7635,A0
Q7636,A0
Q7637,A0
Q7638,A0
Q7639,A0
Q7640,A0
Q7641,A0
Q7642,A0
Q7643,A0
Q7644,A0
Q7645,A0
Q7646,A0
Q7647,A0
Q7648,A0
Q7649,A0
Q7650,A0
Q7651,A0
Q7652,A0
Q7653,A0
Q7654,A0
Q7655,A0
Q7656,A0
Q7657,A0
Q7658,A0
Q7659,A0
Q7660,A0
Q7661,A0
Q7662,A0
Q7663,A0
Q7664,A0
Q7665,A0
Q7666,A0
Q7667,A0
Q7668,A0
Q7669,A0
Q7670,A0
Q7671,A0
Q7672,A0
Q7673,A0
Q7674,A0
Q7675,A0
Q7676,A0
Q7677,A0
Q7678,A0
Q7679,A0
Q7680,A0
Q7681,A0
Q7682,A0
Q7683,A0
Q7684,A0
Q7685,A0
Q7686,A0
Q7687,A0
Q7688,A0
Q7689,A0
Q7690,A0
Q7691,A0
Q7692,A0
Q7693,A0
Q7694,A0
Q7695,A0
Q7696,A0
Q7697,A0
Q7698,A0
Q7699,A0
Q7700,A0
Q7701,A0
Q7702,A0
Q7703,A0
Q7704,A0
Q7705,A0
Q7706,A0
Q7707,A0
Q7708,A0
Q7709,A0
Q7710,A0
Q7711,A0
Q7712,A0
Q7713,A0
Q7714,A0
Q7715,A0
Q7716,A0
Q7717,A0
Q7718,A0
Q7719,A0
Q7720,A0
Q7721,A0
Q7722,A0
Q7723,A0
Q7724,A0
Q7725,A0
Q7726,A0
Q7727,A0
Q7728,A0
Q7729,A0
Q7730,A0
Q7731,A0
Q7732,A0
Q7733,A0
Q7734,A0
Q7735,A0
Q7736,A0
Q7737,A0
Q7738,A0
Q7739,A0
Q7740,A0
Q7741,A0
Q7742,A0
Q7743,A0
Q7744,A0
Q7745,A0
Q7746,A0
Q7747,A0
Q7748,A0
Q7749,A0
Q7750,A0
Q7751,A0
Q7752,A0
Q7753,A0
Q7754,A0
Q7755,A0
Q7756,A0
Q7757,A0
Q7758,A0
Q7759,A0
Q7760,A0
Q7761,A0
Q7762,A0
Q7763,A0
Q7764,A0
Q7765,A0
Q7766,A0
Q7767,A0
Q7768,A0
Q7769,A0
Q7770,A0
Q7771,A0
Q7772,A0
Q7773,A0
Q7774,A0
Q7775,A0
Q7776,A0
Q7777,A0
Q7778,A0
Q7779,A0
Q7780,A0
Q7781,A0
Q7782,A0
Q7783,A0
Q7784,A0
Q7785,A0
Q7786,A0
Q7787,A0
Q7788,A0
Q7789,A0
Q7790,A0
Q7791,A0
Q7792,A0
Q7793,A0
Q7794,A0
Q7795,A0
Q7796,A0
Q7797,A0
Q7798,A0
Q7799,A0
Q7800,A0
Q7801,A0
Q7802,A0
Q7803,A0
Q7804,A0
Q7805,A0
Q7806,A0
Q7807,A0
Q7808,A0
Q7809,A0
Q7810,A0
Q7811,A0
Q7812,A0
Q7813,A0
Q7814,A0
Q7815,A0
Q7816,A0
Q7817,A0
Q7818,A0
Q7819,A0
Q7820,A0
Q7821,A0
Q7822,A0
Q7823,A0
Q7824,A0
Q7825,A0
Q7826,A0
Q7827,A0
Q7828,A0
Q7829,A0
Q7830,A0
Q7831,A0
Q7832,A0
Q7833,A0
Q7834,A0
Q7835,A0
Q7836,A0
Q7837,A0
Q7838,A0
Q7839,A0
Q7840,A0
Q7841,A0
Q7842,A0
Q7843,A0
Q7844,A0
Q7845,A0
Q7846,A0
Q7847,A0
Q7848,A0
Q7849,A0
Q7850,A0
Q7851,A0
Q7852,A0
Q7853,A0
Q7854,A0
Q7855,A0
Q7856,A0
Q7857,A0
Q7858,A0
Q7859,A0
Q7860,A0
Q7861,A0
Q7862,A0
Q7863,A0
Q7864,A0
Q7865,A0
Q7866,A0
Q7867,A0
Q7868,A0
Q7869,A0
Q7870,A0
Q7871,A0
Q7872,A0
Q7873,A0
Q7874,A0
Q7875,A0
Q7876,A0
Q7877,A0
Q7878,A0
Q7879,A0
Q7880,A0
Q7881,A0
Q7882,A0
Q7883,A0
Q7884,A0
Q7885,A0
Q7886,A0
Q7887,A0
Q7888,A0
Q7889,A0
Q7890,A0
Q7891,A0
Q7892,A0
Q7893,A0
Q7894,A0
Q7895,A0
Q7896,A0
Q7897,A0
Q7898,A0
Q7899,A0
Q7900,A0
Q7901,A0
Q7902,A0
Q7903,A0
Q7904,A0
Q7905,A0
Q7906,A0
Q7907,A0
Q7908,A0
Q7909,A0
Q7910,A0
Q7911,A0
Q7912,A0
Q7913,A0
Q7914,A0
Q7915,A0
Q7916,A0
Q7917,A0
Q7918,A0
Q7919,A0
Q7920,A0
Q7921,A0
Q7922,A0
Q7923,A0
Q7924,A0
Q7925,A0
Q7926,A0
Q7927,A0
Q7928,A0
Q7929,A0
Q7930,A0
Q7931,A0
Q7932,A0
Q7933,A0
Q7934,A0
Q7935,A0
Q7936,A0
Q7937,A0
Q7938,A0
Q7939,A0
Q7940,A0
Q7941,A0
Q7942,A0
Q7943,A0
Q7944,A0
Q7945,A0
Q7946,A0
Q7947,A0
Q7948,A0
Q7949,A0
Q7950,A0
Q7951,A0
Q7952,A0
Q7953,A0
Q7954,A0
Q7955,A0
Q7956,A0
Q7957,A0
Q7958,A0
Q7959,A0
Q7960,A0
Q7961,A0
Q7962,A0
Q7963,A0
Q7964,A0
Q7965,A0
Q7966,A0
Q7967,A0
Q7968,A0
Q7969,A0
Q7970,A0
Q7971,A0
Q7972,A0
Q7973,A0
Q7974,A0
Q7975,A0
Q7976,A0
Q7977,A0
Q7978,A0
Q7979,A0
Q7980,A0
Q7981,A0
Q7982,A0
Q7983,A0
Q7984,A0
Q7985,A0
Q7986,A0
Q7987,A0
Q7988,A0
Q7989,A0
Q7990,A0
Q7991,A0
Q7992,A0
Q7993,A0
Q7994,A0
Q7995,A0
Q7996,A0
Q7997,A0
Q7998,A0
Q7999,A0
Q8000,A0
Q8001,A0
Q8002,A0
Q8003,A0
Q8004,A0
Q8005,A0
Q8006,A0
Q8007,A0
Q8008,A0
Q8009,A0
Q8010,A0
Q8011,A0
Q8012,A0
Q8013,A0
Q8014,A0
Q8015,A0
Q8016,A0
Q8017,A0
Q8018,A0
Q8019,A0
Q8020,A0
Q8021,A0
Q8022,A0
Q8023,A0
Q8024,A0
Q8025,A0
Q8026,A0
Q8027,A0
Q8028,A0
Q8029,A0
Q8030,A0
Q8031,A0
Q8032,A0
Q8033,A0
Q8034,A0
Q8035,A0
Q8036,A0
Q8037,A0
Q8038,A0
Q8039,A0
Q8040,A0
Q8041,A0
Q8042,A0
Q8043,A0
Q8044,A0
Q8045,A0
Q8046,A0
Q8047,A0
Q8048,A0
Q8049,A0
Q8050,A0
Q8051,A0
Q8052,A0
Q8053,A0
Q8054,A0
Q8055,A0
Q8056,A0
Q8057,A0
Q8058,A0
Q8059,A0
Q8060,A0
Q8061,A0
Q8062,A0
Q8063,A0
Q8064,A0
Q8065,A0
Q8066,A0
Q8067,A0
Q8068,A0
Q8069,A0
Q8070,A0
Q8071,A0
Q8072,A0
Q8073,A0
Q8074,A0
Q8075,A0
Q8076,A0
Q8077,A0
Q8078,A0
Q8079,A0
Q8080,A0
Q8081,A0
Q8082,A0
Q8083,A0
Q8084,A0
Q8085,A0
Q8086,A0
Q8087,A0
Q8088,A0
Q8089,A0
Q8090,A0
Q8091,A0
Q8092,A0
Q8093,A0
Q8094,A0
Q8095,A0
Q8096,A0
Q8097,A0
Q8098,A0
Q8099,A0
Q8100,A0
Q8101,A0
Q8102,A0
Q8103,A0
Q8104,A0
Q8105,A0
Q8106,A0
Q8107,A0
Q8108,A0
Q8109,A0
Q8110,A0
Q8111,A0
Q8112,A0
Q8113,A0
Q8114,A0
Q8115,A0
Q8116,A0
Q8117,A0
Q8118,A0
Q8119,A0
Q8120,A0
Q8121,A0
Q8122,A0
Q8123,A0
Q8124,A0
Q8125,A0
Q8126,A0
Q8127,A0
Q8128,A0
Q8129,A0
Q8130,A0
Q8131,A0
Q8132,A0
Q8133,A0
Q8134,A0
Q8135,A0
Q8136,A0
Q8137,A0
Q8138,A0
Q8139,A0
Q8140,A0
Q8141,A0
Q8142,A0
Q8143,A0
Q8144,A0
Q8145,A0
Q8146,A0
Q8147,A0
Q8148,A0
Q8149,A0
Q8150,A0
Q8151,A0
Q8152,A0
Q8153,A0
Q8154,A0
Q8155,A0
Q8156,A0
Q8157,A0
Q8158,A0
Q8159,A0
Q8160,A0
Q8161,A0
Q8162,A0
Q8163,A0
Q8164,A0
Q8165,A0
Q8166,A0
Q8167,A0
Q8168,A0
Q8169,A0
Q8170,A0
Q8171,A0
Q8172,A0
Q8173,A0
Q8174,A0
Q8175,A0
Q8176,A0
Q8177,A0
Q8178,A0
Q8179,A0
Q8180,A0
Q8181,A0
Q8182,A0
Q8183,A0
Q8184,A0
Q8185,A0
Q8186,A0
Q8187,A0
Q8188,A0
Q8189,A0
Q8190,A0
Q8191,A0
Q8192,A0
Q8193,A0
Q8194,A0
Q8195,A0
Q8196,A0
Q8197,A0
Q8198,A0
Q8199,A0
Q8200,A0
Q8201,A0
Q8202,A0
Q8203,A0
Q8204,A0
Q8205,A0
Q8206,A0
Q8207,A0
Q8208,A0
Q8209,A0
Q8210,A0
Q8211,A0
Q8212,A0
Q8213,A0
Q8214,A0
Q8215,A0
Q8216,A0
Q8217,A0
Q8218,A0
Q8219,A0
Q8220,A0
Q8221,A0
Q8222,A0
Q8223,A0
Q8224,A0
Q8225,A0
Q8226,A0
Q8227,A0
Q8228,A0
Q8229,A0
Q8230,A0
Q8231,A0
Q8232,A0
Q8233,A0
Q8234,A0
Q8235,A0
Q8236,A0
Q8237,A0
Q8238,A0
Q8239,A0
Q8240,A0
Q8241,A0
Q8242,A0
Q8243,A0
Q8244,A0
Q8245,A0
Q8246,A0
Q8247,A0
Q8248,A0
Q8249,A0
Q8250,A0
Q8251,A0
Q8252,A0
Q8253,A0
Q8254,A0
Q8255,A0
Q8256,A0
Q8257,A0
Q8258,A0
Q8259,A0
Q8260,A0
Q8261,A0
Q8262,A0
Q8263,A0
Q8264,A0
Q8265,A0
Q8266,A0
Q8267,A0
Q8268,A0
Q8269,A0
Q8270,A0
Q8271,A0
Q8272,A0
Q8273,A0
Q8274,A0
Q8275,A0
Q8276,A0
Q8277,A0
Q8278,A0
Q8279,A0
Q8280,A0
Q8281,A0
Q8282,A0
Q8283,A0
Q8284,A0
Q8285,A0
Q8286,A0
Q8287,A0
Q8288,A0
Q8289,A0
Q8290,A0
Q8291,A0
Q8292,A0
Q8293,A0
Q8294,A0
Q8295,A0
Q8296,A0
Q8297,A0
Q8298,A0
Q8299,A0
Q8300,A0
Q8301,A0
Q8302,A0
Q8303,A0
Q8304,A0
Q8305,A0
Q8306,A0
Q8307,A0
Q8308,A0
Q8309,A0
Q8310,A0
Q8311,A0
Q8312,A0
Q8313,A0
Q8314,A0
Q8315,A0
Q8316,A0
Q8317,A0
Q8318,A0
Q8319,A0
Q8320,A0
Q8321,A0
Q8322,A0
Q8323,A0
Q8324,A0
Q8325,A0
Q8326,A0
Q8327,A0
Q8328,A0
Q8329,A0
Q8330,A0
Q8331,A0
Q8332,A0
Q8333,A0
Q8334,A0
Q8335,A0
Q8336,A0
Q8337,A0
Q8338,A0
Q8339,A0
Q8340,A0
Q8341,A0
Q8342,A0
Q8343,A0
Q8344,A0
Q8345,A0
Q8346,A0
Q8347,A0
Q8348,A0
Q8349,A0
Q8350,A0
Q8351,A0
Q8352,A0
Q8353,A0
Q8354,A0
Q8355,A0
Q8356,A0
Q8357,A0
Q8358,A0
Q8359,A0
Q8360,A0
Q8361,A0
Q8362,A0
Q8363,A0
Q8364,A0
Q8365,A0
Q8366,A0
Q8367,A0
Q8368,A0
Q8369,A0
Q8370,A0
Q8371,A0
Q8372,A0
Q8373,A0
Q8374,A0
Q8375,A0
Q8376,A0
Q8377,A0
Q8378,A0
Q8379,A0
Q8380,A0
Q8381,A0
Q8382,A0
Q8383,A0
Q8384,A0
Q8385,A0
Q8386,A0
Q8387,A0
Q8388,A0
Q8389,A0
Q8390,A0
Q8391,A0
Q8392,A0
Q8393,A0
Q8394,A0
Q8395,A0
Q8396,A0
Q8397,A0
Q8398,A0
Q8399,A0
Q8400,A0
Q8401,A0
Q8402,A0
Q8403,A0
Q8404,A0
Q8405,A0
Q8406,A0
Q8407,A0
Q8408,A0
Q8409,A0
Q8410,A0
Q8411,A0
Q8412,A0
Q8413,A0
Q8414,A0
Q8415,A0
Q8416,A0
Q8417,A0
Q8418,A0
Q8419,A0
Q8420,A0
Q8421,A0
Q8422,A0
Q8423,A0
Q8424,A0
Q8425,A0
Q8426,A0
Q8427,A0
Q8428,A0
Q8429,A0
Q8430,A0
Q8431,A0
Q8432,A0
Q8433,A0
Q8434,A0
Q8435,A0
Q8436,A0
Q8437,A0
Q8438,A0
Q8439,A0
Q8440,A0
Q8441,A0
Q8442,A0
Q8443,A0
Q8444,A0
Q8445,A0
Q8446,A0
Q8447,A0
Q8448,A0
Q8449,A0
Q8450,A0
Q8451,A0
Q8452,A0
Q8453,A0
Q8454,A0
Q8455,A0
Q8456,A0
Q8457,A0
Q8458,A0
Q8459,A0
Q8460,A0
Q8461,A0
Q8462,A0
Q8463,A0
Q8464,A0
Q8465,A0
Q8466,A0
Q8467,A0
Q8468,A0
Q8469,A0
Q8470,A0
Q8471,A0
Q8472,A0
Q8473,A0
Q8474,A0
Q8475,A0
Q8476,A0
Q8477,A0
Q8478,A0
Q8479,A0
Q8480,A0
Q8481,A0
Q8482,A0
Q8483,A0
Q8484,A0
Q8485,A0
Q8486,A0
Q8487,A0
Q8488,A0
Q8489,A0
Q8490,A0
Q8491,A0
Q8492,A0
Q8493,A0
Q8494,A0
Q8495,A0
Q8496,A0
Q8497,A0
Q8498,A0
Q8499,A0
Q8500,A0
Q8501,A0
Q8502,A0
Q8503,A0
Q8504,A0
Q8505,A0
Q8506,A0
Q8507,A0
Q8508,A0
Q8509,A0
Q8510,A0
Q8511,A0
Q8512,A0
Q8513,A0
Q8514,A0
Q8515,A0
Q8516,A0
Q8517,A0
Q8518,A0
Q8519,A0
Q8520,A0
Q8521,A0
Q8522,A0
Q8523,A0
Q8524,A0
Q8525,A0
Q8526,A0
Q8527,A0
Q8528,A0
Q8529,A0
Q8530,A0
Q8531,A0
Q8532,A0
Q8533,A0
Q8534,A0
Q8535,A0
Q8536,A0
Q8537,A0
Q8538,A0
Q8539,A0
Q8540,A0
Q8541,A0
Q8542,A0
Q8543,A0
Q8544,A0
Q8545,A0
Q8546,A0
Q8547,A0
Q8548,A0
Q8549,A0
Q8550,A0
Q8551,A0
Q8552,A0
Q8553,A0
Q8554,A0
Q8555,A0
Q8556,A0
Q8557,A0
Q8558,A0
Q8559,A0
Q8560,A0
Q8561,A0
Q8562,A0
Q8563,A0
Q8564,A0
Q8565,A0
Q8566,A0
Q8567,A0
Q8568,A0
Q8569,A0
Q8570,A0
Q8571,A0
Q8572,A0
Q8573,A0
Q8574,A0
Q8575,A0
Q8576,A0
Q8577,A0
Q8578,A0
Q8579,A0
Q8580,A0
Q8581,A0
Q8582,A0
Q8583,A0
Q8584,A0
Q8585,A0
Q8586,A0
Q8587,A0
Q8588,A0
Q8589,A0
Q8590,A0
Q8591,A0
Q8592,A0
Q8593,A0
Q8594,A0
Q8595,A0
Q8596,A0
Q8597,A0
Q8598,A0
Q8599,A0
Q8600,A0
Q8601,A0
Q8602,A0
Q8603,A0
Q8604,A0
Q8605,A0
Q8606,A0
Q8607,A0
Q8608,A0
Q8609,A0
Q8610,A0
Q8611,A0
Q8612,A0
Q8613,A0
Q8614,A0
Q8615,A0
Q8616,A0
Q8617,A0
Q8618,A0
Q8619,A0
Q8620,A0
Q8621,A0
Q8622,A0
Q8623,A0
Q8624,A0
Q8625,A0
Q8626,A0
Q8627,A0
Q8628,A0
Q8629,A0
Q8630,A0
Q8631,A0
Q8632,A0
Q8633,A0
Q8634,A0
Q8635,A0
Q8636,A0
Q8637,A0
Q8638,A0
Q8639,A0
Q8640,A0
Q8641,A0
Q8642,A0
Q8643,A0
Q8644,A0
Q8645,A0
Q8646,A0
Q8647,A0
Q8648,A0
Q8649,A0
Q8650,A0
Q8651,A0
Q8652,A0
Q8653,A0
Q8654,A0
Q8655,A0
Q8656,A0
Q8657,A0
Q8658,A0
Q8659,A0
Q8660,A0
Q8661,A0
Q8662,A0
Q8663,A0
Q8664,A0
Q8665,A0
Q8666,A0
Q8667,A0
Q8668,A0
Q8669,A0
Q8670,A0
Q8671,A0
Q8672,A0
Q8673,A0
Q8674,A0
Q8675,A0
Q8676,A0
Q8677,A0
Q8678,A0
Q8679,A0
Q8680,A0
Q8681,A0
Q8682,A0
Q8683,A0
Q8684,A0
Q8685,A0
Q8686,A0
Q8687,A0
Q8688,A0
Q8689,A0
Q8690,A0
Q8691,A0
Q8692,A0
Q8693,A0
Q8694,A0
Q8695,A0
Q8696,A0
Q8697,A0
Q8698,A0
Q8699,A0
Q8700,A0
Q8701,A0
Q8702,A0
Q8703,A0
Q8704,A0
Q8705,A0
Q8706,A0
Q8707,A0
Q8708,A0
Q8709,A0
Q8710,A0
Q8711,A0
Q8712,A0
Q8713,A0
Q8714,A0
Q8715,A0
Q8716,A0
Q8717,A0
Q8718,A0
Q8719,A0
Q8720,A0
Q8721,A0
Q8722,A0
Q8723,A0
Q8724,A0
Q8725,A0
Q8726,A0
Q8727,A0
Q8728,A0
Q8729,A0
Q8730,A0
Q8731,A0
Q8732,A0
Q8733,A0
Q8734,A0
Q8735,A0
Q8736,A0
Q8737,A0
Q8738,A0
Q8739,A0
Q8740,A0
Q8741,A0
Q8742,A0
Q8743,A0
Q8744,A0
Q8745,A0
Q8746,A0
Q8747,A0
Q8748,A0
Q8749,A0
Q8750,A0
Q8751,A0
Q8752,A0
Q8753,A0
Q8754,A0
Q8755,A0
Q8756,A0
Q8757,A0
Q8758,A0
Q8759,A0
Q8760,A0
Q8761,A0
Q8762,A0
Q8763,A0
Q8764,A0
Q8765,A0
Q8766,A0
Q8767,A0
Q8768,A0
Q8769,A0
Q8770,A0
Q8771,A0
Q8772,A0
Q8773,A0
Q8774,A0
Q8775,A0
Q8776,A0
Q8777,A0
Q8778,A0
Q8779,A0
Q8780,A0
Q8781,A0
Q8782,A0
Q8783,A0
Q8784,A0
Q8785,A0
Q8786,A0
Q8787,A0
Q8788,A0
Q8789,A0
Q8790,A0
Q8791,A0
Q8792,A0
Q8793,A0
Q8794,A0
Q8795,A0
Q8796,A0
Q8797,A0
Q8798,A0
Q8799,A0
Q8800,A0
Q8801,A0
Q8802,A0
Q8803,A0
Q8804,A0
Q8805,A0
Q8806,A0
Q8807,A0
Q8808,A0
Q8809,A0
Q8810,A0
Q8811,A0
Q8812,A0
Q8813,A0
Q8814,A0
Q8815,A0
Q8816,A0
Q8817,A0
Q8818,A0
Q8819,A0
Q8820,A0
Q8821,A0
Q8822,A0
Q8823,A0
Q8824,A0
Q8825,A0
Q8826,A0
Q8827,A0
Q8828,A0
Q8829,A0
Q8830,A0
Q8831,A0
Q8832,A0
Q8833,A0
Q8834,A0
Q8835,A0
Q8836,A0
Q8837,A0
Q8838,A0
Q8839,A0
Q8840,A0
Q8841,A0
Q8842,A0
Q8843,A0
Q8844,A0
Q8845,A0
Q8846,A0
Q8847,A0
Q8848,A0
Q8849,A0
Q8850,A0
Q8851,A0
Q8852,A0
Q8853,A0
Q8854,A0
Q8855,A0
Q8856,A0
Q8857,A0
Q8858,A0
Q8859,A0
Q8860,A0
Q8861,A0
Q8862,A0
Q8863,A0
Q8864,A0
Q8865,A0
Q8866,A0
Q8867,A0
Q8868,A0
Q8869,A0
Q8870,A0
Q8871,A0
Q8872,A0
Q8873,A0
Q8874,A0
Q8875,A0
Q8876,A0
Q8877,A0
Q8878,A0
Q8879,A0
Q8880,A0
Q8881,A0
Q8882,A0
Q8883,A0
Q8884,A0
Q8885,A0
Q8886,A0
Q8887,A0
Q8888,A0
Q8889,A0
Q8890,A0
Q8891,A0
Q8892,A0
Q8893,A0
Q8894,A0
Q8895,A0
Q8896,A0
Q8897,A0
Q8898,A0
Q8899,A0
Q8900,A0
Q8901,A0
Q8902,A0
Q8903,A0
Q8904,A0
Q8905,A0
Q8906,A0
Q8907,A0
Q8908,A0
Q8909,A0
Q8910,A0
Q8911,A0
Q8912,A0
Q8913,A0
Q8914,A0
Q8915,A0
Q8916,A0
Q8917,A0
Q8918,A0
Q8919,A0
Q8920,A0
Q8921,A0
Q8922,A0
Q8923,A0
Q8924,A0
Q8925,A0
Q8926,A0
Q8927,A0
Q8928,A0
Q8929,A0
Q8930,A0
Q8931,A0
Q8932,A0
Q8933,A0
Q8934,A0
Q8935,A0
Q8936,A0
Q8937,A0
Q8938,A0
Q8939,A0
Q8940,A0
Q8941,A0
Q8942,A0
Q8943,A0
Q8944,A0
Q8945,A0
Q8946,A0
Q8947,A0
Q8948,A0
Q8949,A0
Q8950,A0
Q8951,A0
Q8952,A0
Q8953,A0
Q8954,A0
Q8955,A0
Q8956,A0
Q8957,A0
Q8958,A0
Q8959,A0
Q8960,A0
Q8961,A0
Q8962,A0
Q8963,A0
Q8964,A0
Q8965,A0
Q8966,A0
Q8967,A0
Q8968,A0
Q8969,A0
Q8970,A0
Q8971,A0
Q8972,A0
Q8973,A0
Q8974,A0
Q8975,A0
Q8976,A0
Q8977,A0
Q8978,A0
Q8979,A0
Q8980,A0
Q8981,A0
Q8982,A0
Q8983,A0
Q8984,A0
Q8985,A0
Q8986,A0
Q8987,A0
Q8988,A0
Q8989,A0
Q8990,A0
Q8991,A0
Q8992,A0
Q8993,A0
Q8994,A0
Q8995,A0
Q8996,A0
Q8997,A0
Q8998,A0
Q8999,A0
Q9000,A0
Q9001,A0
Q9002,A0
Q9003,A0
Q9004,A0
Q9005,A0
Q9006,A0
Q9007,A0
Q9008,A0
Q9009,A0
Q9010,A0
Q9011,A0
Q9012,A0
Q9013,A0
Q9014,A0
Q9015,A0
Q9016,A0
Q9017,A0
Q9018,A0
Q9019,A0
Q9020,A0
Q9021,A0
Q9022,A0
Q9023,A0
Q9024,A0
Q9025,A0
Q9026,A0
Q9027,A0
Q9028,A0
Q9029,A0
Q9030,A0
Q9031,A0
Q9032,A0
Q9033,A0
Q9034,A0
Q9035,A0
Q9036,A0
Q9037,A0
Q9038,A0
Q9039,A0
Q9040,A0
Q9041,A0
Q9042,A0
Q9043,A0
Q9044,A0
Q9045,A0
Q9046,A0
Q9047,A0
Q9048,A0
Q9049,A0
Q9050,A0
Q9051,A0
Q9052,A0
Q9053,A0
Q9054,A0
Q9055,A0
Q9056,A0
Q9057,A0
Q9058,A0
Q9059,A0
Q9060,A0
Q9061,A0
Q9062,A0
Q9063,A0
Q9064,A0
Q9065,A0
Q9066,A0
Q9067,A0
Q9068,A0
Q9069,A0
Q9070,A0
Q9071,A0
Q9072,A0
Q9073,A0
Q9074,A0
Q9075,A0
Q9076,A0
Q9077,A0
Q9078,A0
Q9079,A0
Q9080,A0
Q9081,A0
Q9082,A0
Q9083,A0
Q9084,A0
Q9085,A0
Q9086,A0
Q9087,A0
Q9088,A0
Q9089,A0
Q9090,A0
Q9091,A0
Q9092,A0
Q9093,A0
Q9094,A0
Q9095,A0
Q9096,A0
Q9097,A0
Q9098,A0
Q9099,A0
Q9100,A0
Q9101,A0
Q9102,A0
Q9103,A0
Q9104,A0
Q9105,A0
Q9106,A0
Q9107,A0
Q9108,A0
Q9109,A0
Q9110,A0
Q9111,A0
Q9112,A0
Q9113,A0
Q9114,A0
Q9115,A0
Q9116,A0
Q9117,A0
Q9118,A0
Q9119,A0
Q9120,A0
Q9121,A0
Q9122,A0
Q9123,A0
Q9124,A0
Q9125,A0
Q9126,A0
Q9127,A0
Q9128,A0
Q9129,A0
Q9130,A0
Q9131,A0
Q9132,A0
Q9133,A0
Q9134,A0
Q9135,A0
Q9136,A0
Q9137,A0
Q9138,A0
Q9139,A0
Q9140,A0
Q9141,A0
Q9142,A0
Q9143,A0
Q9144,A0
Q9145,A0
Q9146,A0
Q9147,A0
Q9148,A0
Q9149,A0
Q9150,A0
Q9151,A0
Q9152,A0
Q9153,A0
Q9154,A0
Q9155,A0
Q9156,A0
Q9157,A0
Q9158,A0
Q9159,A0
Q9160,A0
Q9161,A0
Q9162,A0
Q9163,A0
Q9164,A0
Q9165,A0
Q9166,A0
Q9167,A0
Q9168,A0
Q9169,A0
Q9170,A0
Q9171,A0
Q9172,A0
Q9173,A0
Q9174,A0
Q9175,A0
Q9176,A0
Q9177,A0
Q9178,A0
Q9179,A0
Q9180,A0
Q9181,A0
Q9182,A0
Q9183,A0
Q9184,A0
Q9185,A0
Q9186,A0
Q9187,A0
Q9188,A0
Q9189,A0
Q9190,A0
Q9191,A0
Q9192,A0
Q9193,A0
Q9194,A0
Q9195,A0
Q9196,A0
Q9197,A0
Q9198,A0
Q9199,A0
Q9200,A0
Q9201,A0
Q9202,A0
Q9203,A0
Q9204,A0
Q9205,A0
Q9206,A0
Q9207,A0
Q9208,A0
Q9209,A0
Q9210,A0
Q9211,A0
Q9212,A0
Q9213,A0
Q9214,A0
Q9215,A0
Q9216,A0
Q9217,A0
Q9218,A0
Q9219,A0
Q9220,A0
Q9221,A0
Q9222,A0
Q9223,A0
Q9224,A0
Q9225,A0
Q9226,A0
Q9227,A0
Q9228,A0
Q9229,A0
Q9230,A0
Q9231,A0
Q9232,A0
Q9233,A0
Q9234,A0
Q9235,A0
Q9236,A0
Q9237,A0
Q9238,A0
Q9239,A0
Q9240,A0
Q9241,A0
Q9242,A0
Q9243,A0
Q9244,A0
Q9245,A0
Q9246,A0
Q9247,A0
Q9248,A0
Q9249,A0
Q9250,A0
Q9251,A0
Q9252,A0
Q9253,A0
Q9254,A0
Q9255,A0
Q9256,A0
Q9257,A0
Q9258,A0
Q9259,A0
Q9260,A0
Q9261,A0
Q9262,A0
Q9263,A0
Q9264,A0
Q9265,A0
Q9266,A0
Q9267,A0
Q9268,A0
Q9269,A0
Q9270,A0
Q9271,A0
Q9272,A0
Q9273,A0
Q9274,A0
Q9275,A0
Q9276,A0
Q9277,A0
Q9278,A0
Q9279,A0
Q9280,A0
Q9281,A0
Q9282,A0
Q9283,A0
Q9284,A0
Q9285,A0
Q9286,A0
Q9287,A0
Q9288,A0
Q9289,A0
Q9290,A0
Q9291,A0
Q9292,A0
Q9293,A0
Q9294,A0
Q9295,A0
Q9296,A0
Q9297,A0
Q9298,A0
Q9299,A0
Q9300,A0
Q9301,A0
Q9302,A0
Q9303,A0
Q9304,A0
Q9305,A0
Q9306,A0
Q9307,A0
Q9308,A0
Q9309,A0
Q9310,A0
Q9311,A0
Q9312,A0
Q9313,A0
Q9314,A0
Q9315,A0
Q9316,A0
Q9317,A0
Q9318,A0
Q9319,A0
Q9320,A0
Q9321,A0
Q9322,A0
Q9323,A0
Q9324,A0
Q9325,A0
Q9326,A0
Q9327,A0
Q9328,A0
Q9329,A0
Q9330,A0
Q9331,A0
Q9332,A0
Q9333,A0
Q9334,A0
Q9335,A0
Q9336,A0
Q9337,A0
Q9338,A0
Q9339,A0
Q9340,A0
Q9341,A0
Q9342,A0
Q9343,A0
Q9344,A0
Q9345,A0
Q9346,A0
Q9347,A0
Q9348,A0
Q9349,A0
Q9350,A0
Q9351,A0
Q9352,A0
Q9353,A0
Q9354,A0
Q9355,A0
Q9356,A0
Q9357,A0
Q9358,A0
Q9359,A0
Q9360,A0
Q9361,A0
Q9362,A0
Q9363,A0
Q9364,A0
Q9365,A0
Q9366,A0
Q9367,A0
Q9368,A0
Q9369,A0
Q9370,A0
Q9371,A0
Q9372,A0
Q9373,A0
Q9374,A0
Q9375,A0
Q9376,A0
Q9377,A0
Q9378,A0
Q9379,A0
Q9380,A0
Q9381,A0
Q9382,A0
Q9383,A0
Q9384,A0
Q9385,A0
Q9386,A0
Q9387,A0
Q9388,A0
Q9389,A0
Q9390,A0
Q9391,A0
Q9392,A0
Q9393,A0
Q9394,A0
Q9395,A0
Q9396,A0
Q9397,A0
Q9398,A0
Q9399,A0
Q9400,A0
Q9401,A0
Q9402,A0
Q9403,A0
Q9404,A0
Q9405,A0
Q9406,A0
Q9407,A0
Q9408,A0
Q9409,A0
Q9410,A0
Q9411,A0
Q9412,A0
Q9413,A0
Q9414,A0
Q9415,A0
Q9416,A0
Q9417,A0
Q9418,A0
Q9419,A0
Q9420,A0
Q9421,A0
Q9422,A0
Q9423,A0
Q9424,A0
Q9425,A0
Q9426,A0
Q9427,A0
Q9428,A0
Q9429,A0
Q9430,A0
Q9431,A0
Q9432,A0
Q9433,A0
Q9434,A0
Q9435,A0
Q9436,A0
Q9437,A0
Q9438,A0
Q9439,A0
Q9440,A0
Q9441,A0
Q9442,A0
Q9443,A0
Q9444,A0
Q9445,A0
Q9446,A0
Q9447,A0
Q9448,A0
Q9449,A0
Q9450,A0
Q9451,A0
Q9452,A0
Q9453,A0
Q9454,A0
Q9455,A0
Q9456,A0
Q9457,A0
Q9458,A0
Q9459,A0
Q9460,A0
Q9461,A0
Q9462,A0
Q9463,A0
Q9464,A0
Q9465,A0
Q9466,A0
Q9467,A0
Q9468,A0
Q9469,A0
Q9470,A0
Q9471,A0
Q9472,A0
Q9473,A0
Q9474,A0
Q9475,A0
Q9476,A0
Q9477,A0
Q9478,A0
Q9479,A0
Q9480,A0
Q9481,A0
Q9482,A0
Q9483,A0
Q9484,A0
Q9485,A0
Q9486,A0
Q9487,A0
Q9488,A0
Q9489,A0
Q9490,A0
Q9491,A0
Q9492,A0
Q9493,A0
Q9494,A0
Q9495,A0
Q9496,A0
Q9497,A0
Q9498,A0
Q9499,A0
Q9500,A0
Q9501,A0
Q9502,A0
Q9503,A0
Q9504,A0
Q9505,A0
Q9506,A0
Q9507,A0
Q9508,A0
Q9509,A0
Q9510,A0
Q9511,A0
Q9512,A0
Q9513,A0
Q9514,A0
Q9515,A0
Q9516,A0
Q9517,A0
Q9518,A0
Q9519,A0
Q9520,A0
Q9521,A0
Q9522,A0
Q9523,A0
Q9524,A0
Q9525,A0
Q9526,A0
Q9527,A0
Q9528,A0
Q9529,A0
Q9530,A0
Q9531,A0
Q9532,A0
Q9533,A0
Q9534,A0
Q9535,A0
Q9536,A0
Q9537,A0
Q9538,A0
Q9539,A0
Q9540,A0
Q9541,A0
Q9542,A0
Q9543,A0
Q9544,A0
Q9545,A0
Q9546,A0
Q9547,A0
Q9548,A0
Q9549,A0
Q9550,A0
Q9551,A0
Q9552,A0
Q9553,A0
Q9554,A0
Q9555,A0
Q9556,A0
Q9557,A0
Q9558,A0
Q9559,A0
Q9560,A0
Q9561,A0
Q9562,A0
Q9563,A0
Q9564,A0
Q9565,A0
Q9566,A0
Q9567,A0
Q9568,A0
Q9569,A0
Q9570,A0
Q9571,A0
Q9572,A0
Q9573,A0
Q9574,A0
Q9575,A0
Q9576,A0
Q9577,A0
Q9578,A0
Q9579,A0
Q9580,A0
Q9581,A0
Q9582,A0
Q9583,A0
Q9584,A0
Q9585,A0
Q9586,A0
Q9587,A0
Q9588,A0
Q9589,A0
Q9590,A0
Q9591,A0
Q9592,A0
Q9593,A0
Q9594,A0
Q9595,A0
Q9596,A0
Q9597,A0
Q9598,A0
Q9599,A0
Q9600,A0
Q9601,A0
Q9602,A0
Q9603,A0
Q9604,A0
Q9605,A0
Q9606,A0
Q9607,A0
Q9608,A0
Q9609,A0
Q9610,A0
Q9611,A0
Q9612,A0
Q9613,A0
Q9614,A0
Q9615,A0
Q9616,A0
Q9617,A0
Q9618,A0
Q9619,A0
Q9620,A0
Q9621,A0
Q9622,A0
Q9623,A0
Q9624,A0
Q9625,A0
Q9626,A0
Q9627,A0
Q9628,A0
Q9629,A0
Q9630,A0
Q9631,A0
Q9632,A0
Q9633,A0
Q9634,A0
Q9635,A0
Q9636,A0
Q9637,A0
Q9638,A0
Q9639,A0
Q9640,A0
Q9641,A0
Q9642,A0
Q9643,A0
Q9644,A0
Q9645,A0
Q9646,A0
Q9647,A0
Q9648,A0
Q9649,A0
Q9650,A0
Q9651,A0
Q9652,A0
Q9653,A0
Q9654,A0
Q9655,A0
Q9656,A0
Q9657,A0
Q9658,A0
Q9659,A0
Q9660,A0
Q9661,A0
Q9662,A0
Q9663,A0
Q9664,A0
Q9665,A0
Q9666,A0
Q9667,A0
Q9668,A0
Q9669,A0
Q9670,A0
Q9671,A0
Q9672,A0
Q9673,A0
Q9674,A0
Q9675,A0
Q9676,A0
Q9677,A0
Q9678,A0
Q9679,A0
Q9680,A0
Q9681,A0
Q9682,A0
Q9683,A0
Q9684,A0
Q9685,A0
Q9686,A0
Q9687,A0
Q9688,A0
Q9689,A0
Q9690,A0
Q9691,A0
Q9692,A0
Q9693,A0
Q9694,A0
Q9695,A0
Q9696,A0
Q9697,A0
Q9698,A0
Q9699,A0
Q9700,A0
Q9701,A0
Q9702,A0
Q9703,A0
Q9704,A0
Q9705,A0
Q9706,A0
Q9707,A0
Q9708,A0
Q9709,A0
Q9710,A0
Q9711,A0
Q9712,A0
Q9713,A0
Q9714,A0
Q9715,A0
Q9716,A0
Q9717,A0
Q9718,A0
Q9719,A0
Q9720,A0
Q9721,A0
Q9722,A0
Q9723,A0
Q9724,A0
Q9725,A0
Q9726,A0
Q9727,A0
Q9728,A0
Q9729,A0
Q9730,A0
Q9731,A0
Q9732,A0
Q9733,A0
Q9734,A0
Q9735,A0
Q9736,A0
Q9737,A0
Q9738,A0
Q9739,A0
Q9740,A0
Q9741,A0
Q9742,A0
Q9743,A0
Q9744,A0
Q9745,A0
Q9746,A0
Q9747,A0
Q9748,A0
Q9749,A0
Q9750,A0
Q9751,A0
Q9752,A0
Q9753,A0
Q9754,A0
Q9755,A0
Q9756,A0
Q9757,A0
Q9758,A0
Q9759,A0
Q9760,A0
Q9761,A0
Q9762,A0
Q9763,A0
Q9764,A0
Q9765,A0
Q9766,A0
Q9767,A0
Q9768,A0
Q9769,A0
Q9770,A0
Q9771,A0
Q9772,A0
Q9773,A0
Q9774,A0
Q9775,A0
Q9776,A0
Q9777,A0
Q9778,A0
Q9779,A0
Q9780,A0
Q9781,A0
Q9782,A0
Q9783,A0
Q9784,A0
Q9785,A0
Q9786,A0
Q9787,A0
Q9788,A0
Q9789,A0
Q9790,A0
Q9791,A0
Q9792,A0
Q9793,A0
Q9794,A0
Q9795,A0
Q9796,A0
Q9797,A0
Q9798,A0
Q9799,A0
Q9800,A0
Q9801,A0
Q9802,A0
Q9803,A0
Q9804,A0
Q9805,A0
Q9806,A0
Q9807,A0
Q9808,A0
Q9809,A0
Q9810,A0
Q9811,A0
Q9812,A0
Q9813,A0
Q9814,A0
Q9815,A0
Q9816,A0
Q9817,A0
Q9818,A0
Q9819,A0
Q9820,A0
Q9821,A0
Q9822,A0
Q9823,A0
Q9824,A0
Q9825,A0
Q9826,A0
Q9827,A0
Q9828,A0
Q9829,A0
Q9830,A0
Q9831,A0
Q9832,A0
Q9833,A0
Q9834,A0
Q9835,A0
Q9836,A0
Q9837,A0
Q9838,A0
Q9839,A0
Q9840,A0
Q9841,A0
Q9842,A0
Q9843,A0
Q9844,A0
Q9845,A0
Q9846,A0
Q9847,A0
Q9848,A0
Q9849,A0
Q9850,A0
Q9851,A0
Q9852,A0
Q9853,A0
Q9854,A0
Q9855,A0
Q9856,A0
Q9857,A0
Q9858,A0
Q9859,A0
Q9860,A0
Q9861,A0
Q9862,A0
Q9863,A0
Q9864,A0
Q9865,A0
Q9866,A0
Q9867,A0
Q9868,A0
Q9869,A0
Q9870,A0
Q9871,A0
Q9872,A0
Q9873,A0
Q9874,A0
Q9875,A0
Q9876,A0
Q9877,A0
Q9878,A0
Q9879,A0
Q9880,A0
Q9881,A0
Q9882,A0
Q9883,A0
Q9884,A0
Q9885,A0
Q9886,A0
Q9887,A0
Q9888,A0
Q9889,A0
Q9890,A0
Q9891,A0
Q9892,A0
Q9893,A0
Q9894,A0
Q9895,A0
Q9896,A0
Q9897,A0
Q9898,A0
Q9899,A0
Q9900,A0
Q9901,A0
Q9902,A0
Q9903,A0
Q9904,A0
Q9905,A0
Q9906,A0
Q9907,A0
Q9908,A0
Q9909,A0
Q9910,A0
Q9911,A0
Q9912,A0
Q9913,A0
Q9914,A0
Q9915,A0
Q9916,A0
Q9917,A0
Q9918,A0
Q9919,A0
Q9920,A0
Q9921,A0
Q9922,A0
Q9923,A0
Q9924,A0
Q9925,A0
Q9926,A0
Q9927,A0
Q9928,A0
Q9929,A0
Q9930,A0
Q9931,A0
Q9932,A0
Q9933,A0
Q9934,A0
Q9935,A0
Q9936,A0
Q9937,A0
Q9938,A0
Q9939,A0
Q9940,A0
Q9941,A0
Q9942,A0
Q9943,A0
Q9944,A0
Q9945,A0
Q9946,A0
Q9947,A0
Q9948,A0
Q9949,A0
Q9950,A0
Q9951,A0
Q9952,A0
Q9953,A0
Q9954,A0
Q9955,A0
Q9956,A0
Q9957,A0
Q9958,A0
Q9959,A0
Q9960,A0
Q9961,A0
Q9962,A0
Q9963,A0
Q9964,A0
Q9965,A0
Q9966,A0
Q9967,A0
Q9968,A0
Q9969,A0
Q9970,A0
Q9971,A0
Q9972,A0
Q9973,A0
Q9974,A0
Q9975,A0
Q9976,A0
Q9977,A0
Q9978,A0
Q9979,A0
Q9980,A0
Q9981,A0
Q9982,A0
Q9983,A0
Q9984,A0
Q9985,A0
Q9986,A0
Q9987,A0
Q9988,A0
Q9989,A0
Q9990,A0
Q9991,A0
Q9992,A0
Q9993,A0
Q9994,A0
Q9995,A0
Q9996,A0
Q9997,A0
Q9998,A0
Q9999,A0
Q10000,A0
Q10001,A0
Q10002,A0
Q10003,A0
Q10004,A0
Q10005,A0
Q10006,A0
Q10007,A0
Q10008,A0
Q10009,A0
Q10010,A0
Q10011,A0
Q10012,A0
Q10013,A0
Q10014,A0
Q10015,A0
Q10016,A0
Q10017,A0
Q10018,A0
Q10019,A0
Q10020,A0
Q10021,A0
Q10022,A0
Q10023,A0
Q10024,A0
Q10025,A0
Q10026,A0
Q10027,A0
Q10028,A0
Q10029,A0
Q10030,A0
Q10031,A0
Q10032,A0
Q10033,A0
Q10034,A0
Q10035,A0
Q10036,A0
Q10037,A0
Q10038,A0
Q10039,A0
Q10040,A0
Q10041,A0
Q10042,A0
Q10043,A0
Q10044,A0
Q10045,A0
Q10046,A0
Q10047,A0
Q10048,A0
Q10049,A0
Q10050,A0
Q10051,A0
Q10052,A0
Q10053,A0
Q10054,A0
Q10055,A0
Q10056,A0
Q10057,A0
Q10058,A0
Q10059,A0
Q10060,A0
Q10061,A0
Q10062,A0
Q10063,A0
Q10064,A0
Q10065,A0
Q10066,A0
Q10067,A0
Q10068,A0
Q10069,A0
Q10070,A0
Q10071,A0
Q10072,A0
Q10073,A0
Q10074,A0
Q10075,A0
Q10076,A0
Q10077,A0
Q10078,A0
Q10079,A0
Q10080,A0
Q10081,A0
Q10082,A0
Q10083,A0
Q10084,A0
Q10085,A0
Q10086,A0
Q10087,A0
Q10088,A0
Q10089,A0
Q10090,A0
Q10091,A0
Q10092,A0
Q10093,A0
Q10094,A0
Q10095,A0
Q10096,A0
Q10097,A0
Q10098,A0
Q10099,A0
Q10100,A0
Q10101,A0
Q10102,A0
Q10103,A0
Q10104,A0
Q10105,A0
Q10106,A0
Q10107,A0
Q10108,A0
Q10109,A0
Q10110,A0
Q10111,A0
Q10112,A0
Q10113,A0
Q10114,A0
Q10115,A0
Q10116,A0
Q10117,A0
Q10118,A0
Q10119,A0
Q10120,A0
Q10121,A0
Q10122,A0
Q10123,A0
Q10124,A0
Q10125,A0
Q10126,A0
Q10127,A0
Q10128,A0
Q10129,A0
Q10130,A0
Q10131,A0
Q10132,A0
Q10133,A0
Q10134,A0
Q10135,A0
Q10136,A0
Q10137,A0
Q10138,A0
Q10139,A0
Q10140,A0
Q10141,A0
Q10142,A0
Q10143,A0
Q10144,A0
Q10145,A0
Q10146,A0
Q10147,A0
Q10148,A0
Q10149,A0
Q10150,A0
Q10151,A0
Q10152,A0
Q10153,A0
Q10154,A0
Q10155,A0
Q10156,A0
Q10157,A0
Q10158,A0
Q10159,A0
Q10160,A0
Q10161,A0
Q10162,A0
Q10163,A0
Q10164,A0
Q10165,A0
Q10166,A0
Q10167,A0
Q10168,A0
Q10169,A0
Q10170,A0
Q10171,A0
Q10172,A0
Q10173,A0
Q10174,A0
Q10175,A0
Q10176,A0
Q10177,A0
Q10178,A0
Q10179,A0
Q10180,A0
Q10181,A0
Q10182,A0
Q10183,A0
Q10184,A0
Q10185,A0
Q10186,A0
Q10187,A0
Q10188,A0
Q10189,A0
Q10190,A0
Q10191,A0
Q10192,A0
Q10193,A0
Q10194,A0
Q10195,A0
Q10196,A0
Q10197,A0
Q10198,A0
Q10199,A0
Q10200,A0
Q10201,A0
Q10202,A0
Q10203,A0
Q10204,A0
Q10205,A0
Q10206,A0
Q10207,A0
Q10208,A0
Q10209,A0
Q10210,A0
Q10211,A0
Q10212,A0
Q10213,A0
Q10214,A0
Q10215,A0
Q10216,A0
Q10217,A0
Q10218,A0
Q10219,A0
Q10220,A0
Q10221,A0
Q10222,A0
Q10223,A0
Q10224,A0
Q10225,A0
Q10226,A0
Q10227,A0
Q10228,A0
Q10229,A0
Q10230,A0
Q10231,A0
Q10232,A0
Q10233,A0
Q10234,A0
Q10235,A0
Q10236,A0
Q10237,A0
Q10238,A0
Q10239,A0
Q10240,A0
Q10241,A0
Q10242,A0
Q10243,A0
Q10244,A0
Q10245,A0
Q10246,A0
Q10247,A0
Q10248,A0
Q10249,A0
Q10250,A0
Q10251,A0
Q10252,A0
Q10253,A0
Q10254,A0
Q10255,A0
Q10256,A0
Q10257,A0
Q10258,A0
Q10259,A0
Q10260,A0
Q10261,A0
Q10262,A0
Q10263,A0
Q10264,A0
Q10265,A0
Q10266,A0
Q10267,A0
Q10268,A0
Q10269,A0
Q10270,A0
Q10271,A0
Q10272,A0
Q10273,A0
Q10274,A0
Q10275,A0
Q10276,A0
Q10277,A0
Q10278,A0
Q10279,A2
Q10280,A2
Q10281,A2
Q10282,A2
Q10283,A2
Q10284,A2
Q10285,A2
Q10286,A2
Q10287,A2
Q10288,A2
Q10289,A2
Q10290,A2
Q10291,A2
Q10292,A2
Q10293,A2
Q10294,A2
Q10295,A2
Q10296,A2
Q10297,A2
Q10298,A2
Q10299,A2
Q10300,A2
Q10301,A2
Q10302,A2
Q10303,A2
Q10304,A2
Q10305,A2
Q10306,A2
Q10307,A2
Q10308,A2
Q10309,A2
Q10310,A2
Q10311,A2
Q10312,A2
Q10313,A2
Q10314,A2
Q10315,A2
Q10316,A2
Q10317,A2
Q10318,A2
Q10319,A2
Q10320,A2
Q10321,A2
Q10322,A2
Q10323,A2
Q10324,A2
Q10325,A2
Q10326,A2
Q10327,A2
Q10328,A2
Q10329,A2
Q10330,A2
Q10331,A2
Q10332,A2
Q10333,A2
Q10334,A2
Q10335,A2
Q10336,A2
Q10337,A2
Q10338,A2
Q10339,A2
Q10340,A2
Q10341,A2
Q10342,A2
Q10343,A2
Q10344,A2
Q10345,A2
Q10346,A2
Q10347,A2
Q10348,A2
Q10349,A2
Q10350,A2
Q10351,A2
Q10352,A2
Q10353,A2
Q10354,A2
Q10355,A2
Q10356,A2
Q10357,A2
Q10358,A2
Q10359,A2
Q10360,A2
Q10361,A2
Q10362,A2
Q10363,A2
Q10364,A2
Q10365,A2
Q10366,A2
Q10367,A2
Q10368,A2
Q10369,A2
Q10370,A2
Q10371,A2
Q10372,A2
Q10373,A2
Q10374,A2
Q10375,A2
Q10376,A2
Q10377,A2
Q10378,A2
Q10379,A2
Q10380,A2
Q10381,A2
Q10382,A2
Q10383,A2
Q10384,A2
Q10385,A2
Q10386,A2
Q10387,A2
Q10388,A2
Q10389,A2
Q10390,A2
Q10391,A2
Q10392,A2
Q10393,A2
Q10394,A2
Q10395,A2
Q10396,A2
Q10397,A2
Q10398,A2
Q10399,A2
Q10400,A2
Q10401,A2
Q10402,A2
Q10403,A2
Q10404,A2
Q10405,A2
Q10406,A2
Q10407,A2
Q10408,A2
Q10409,A2
Q10410,A2
Q10411,A2
Q10412,A2
Q10413,A2
Q10414,A2
Q10415,A2
Q10416,A2
Q10417,A2
Q10418,A2
Q10419,A2
Q10420,A2
Q10421,A2
Q10422,A2
Q10423,A2
Q10424,A2
Q10425,A2
Q10426,A2
Q10427,A2
Q10428,A2
Q10429,A2
Q10430,A2
Q10431,A2
Q10432,A2
Q10433,A2
Q10434,A2
Q10435,A2
Q10436,A2
Q10437,A2
Q10438,A2
Q10439,A2
Q10440,A2
Q10441,A2
Q10442,A2
Q10443,A2
Q10444,A2
Q10445,A2
Q10446,A2
Q10447,A2
Q10448,A2
Q10449,A2
Q10450,A2
Q10451,A2
Q10452,A2
Q10453,A2
Q10454,A2
Q10455,A2
Q10456,A2
Q10457,A2
Q10458,A2
Q10459,A2
Q10460,A2
Q10461,A2
Q10462,A2
Q10463,A2
Q10464,A2
Q10465,A2
Q10466,A2
Q10467,A2
Q10468,A2
Q10469,A2
Q10470,A2
Q10471,A2
Q10472,A2
Q10473,A2
Q10474,A2
Q10475,A2
Q10476,A2
Q10477,A2
Q10478,A2
Q10479,A2
Q10480,A2
Q10481,A2
Q10482,A2
Q10483,A2
Q10484,A2
Q10485,A2
Q10486,A2
Q10487,A2
Q10488,A2
Q10489,A2
Q10490,A2
Q10491,A2
Q10492,A2
Q10493,A2
Q10494,A2
Q10495,A2
Q10496,A2
Q10497,A2
Q10498,A2
Q10499,A2
Q10500,A2
Q10501,A2
Q10502,A2
Q10503,A2
Q10504,A2
Q10505,A2
Q10506,A2
Q10507,A2
Q10508,A2
Q10509,A2
Q10510,A2
Q10511,A2
Q10512,A2
Q10513,A2
Q10514,A2
Q10515,A2
Q10516,A2
Q10517,A2
Q10518,A2
Q10519,A2
Q10520,A2
Q10521,A2
Q10522,A2
Q10523,A2
Q10524,A2
Q10525,A2
Q10526,A2
Q10527,A2
Q10528,A2
Q10529,A2
Q10530,A2
Q10531,A2
Q10532,A2
Q10533,A2
Q10534,A2
Q10535,A2
Q10536,A2
Q10537,A2
Q10538,A2
Q10539,A2
Q10540,A2
Q10541,A2
Q10542,A2
Q10543,A2
Q10544,A2
Q10545,A2
Q10546,A2
Q10547,A2
Q10548,A2
Q10549,A2
Q10550,A2
Q10551,A2
Q10552,A2
Q10553,A2
Q10554,A2
Q10555,A2
Q10556,A2
Q10557,A2
Q10558,A2
Q10559,A2
Q10560,A2
Q10561,A2
Q10562,A2
Q10563,A2
Q10564,A2
Q10565,A2
Q10566,A2
Q10567,A2
Q10568,A2
Q10569,A2
Q10570,A2
Q10571,A2
Q10572,A2
Q10573,A2
Q10574,A2
Q10575,A2
Q10576,A2
Q10577,A2
Q10578,A2
Q10579,A2
Q10580,A2
Q10581,A2
Q10582,A2
Q10583,A2
Q10584,A2
Q10585,A2
Q10586,A2
Q10587,A2
Q10588,A2
Q10589,A2
Q10590,A2
Q10591,A2
Q10592,A2
Q10593,A2
Q10594,A2
Q10595,A2
Q10596,A2
Q10597,A2
Q10598,A2
Q10599,A2
Q10600,A2
Q10601,A2
Q10602,A2
Q10603,A2
Q10604,A2
Q10605,A2
Q10606,A2
Q10607,A2
Q10608,A2
Q10609,A2
Q10610,A2
Q10611,A2
Q10612,A2
Q10613,A2
Q10614,A2
Q10615,A2
Q10616,A2
Q10617,A2
Q10618,A2
Q10619,A2
Q10620,A2
Q10621,A2
Q10622,A2
Q10623,A2
Q10624,A2
Q10625,A2
Q10626,A2
Q10627,A2
Q10628,A2
Q10629,A2
Q10630,A2
Q10631,A2
Q10632,A2
Q10633,A2
Q10634,A2
Q10635,A2
Q10636,A2
Q10637,A2
Q10638,A2
Q10639,A2
Q10640,A2
Q10641,A2
Q10642,A2
Q10643,A2
Q10644,A2
Q10645,A2
Q10646,A2
Q10647,A2
Q10648,A2
Q10649,A2
Q10650,A2
Q10651,A2
Q10652,A2
Q10653,A2
Q10654,A2
Q10655,A2
Q10656,A2
Q10657,A2
Q10658,A2
Q10659,A2
Q10660,A2
Q10661,A2
Q10662,A2
Q10663,A2
Q10664,A2
Q10665,A2
Q10666,A2
Q10667,A2
Q10668,A2
Q10669,A2
Q10670,A2
Q10671,A2
Q10672,A2
Q10673,A2
Q10674,A2
Q10675,A2
Q10676,A2
Q10677,A2
Q10678,A2
Q10679,A2
Q10680,A2
Q10681,A2
Q10682,A2
Q10683,A2
Q10684,A2
Q10685,A2
Q10686,A2
Q10687,A2
Q10688,A2
Q10689,A2
Q10690,A2
Q10691,A2
Q10692,A2
Q10693,A2
Q10694,A2
Q10695,A2
Q10696,A2
Q10697,A2
Q10698,A2
Q10699,A2
Q10700,A2
Q10701,A2
Q10702,A2
Q10703,A2
Q10704,A2
Q10705,A2
Q10706,A2
Q10707,A2
Q10708,A2
Q10709,A2
Q10710,A2
Q10711,A2
Q10712,A2
Q10713,A2
Q10714,A2
Q10715,A2
Q10716,A2
Q10717,A2
Q10718,A2
Q10719,A2
Q10720,A2
Q10721,A2
Q10722,A2
Q10723,A2
Q10724,A2
Q10725,A2
Q10726,A2
Q10727,A2
Q10728,A2
Q10729,A2
Q10730,A2
Q10731,A2
Q10732,A2
Q10733,A2
Q10734,A2
Q10735,A2
Q10736,A2
Q10737,A2
Q10738,A2
Q10739,A2
Q10740,A2
Q10741,A2
Q10742,A2
Q10743,A2
Q10744,A2
Q10745,A2
Q10746,A2
Q10747,A2
Q10748,A2
Q10749,A2
Q10750,A2
Q10751,A2
Q10752,A2
Q10753,A2
Q10754,A2
Q10755,A2
Q10756,A2
Q10757,A2
Q10758,A2
Q10759,A2
Q10760,A2
Q10761,A2
Q10762,A2
Q10763,A2
Q10764,A2
Q10765,A2
Q10766,A2
Q10767,A2
Q10768,A2
Q10769,A2
Q10770,A2
Q10771,A2
Q10772,A2
Q10773,A2
Q10774,A2
Q10775,A2
Q10776,A2
Q10777,A2
Q10778,A2
Q10779,A2
Q10780,A2
Q10781,A2
Q10782,A2
Q10783,A2
Q10784,A2
Q10785,A2
Q10786,A2
Q10787,A2
Q10788,A2
Q10789,A2
Q10790,A2
Q10791,A2
Q10792,A2
Q10793,A2
Q10794,A2
Q10795,A2
Q10796,A2
Q10797,A2
Q10798,A2
Q10799,A2
Q10800,A2
Q10801,A2
Q10802,A2
Q10803,A2
Q10804,A2
Q10805,A2
Q10806,A2
Q10807,A2
Q10808,A2
Q10809,A2
Q10810,A2
Q10811,A2
Q10812,A2
Q10813,A2
Q10814,A2
Q10815,A2
Q10816,A2
Q10817,A2
Q10818,A2
Q10819,A2
Q10820,A2
Q10821,A2
Q10822,A2
Q10823,A2
Q10824,A2
Q10825,A2
Q10826,A2
Q10827,A2
Q10828,A2
Q10829,A2
Q10830,A2
Q10831,A2
Q10832,A2
Q10833,A2
Q10834,A2
Q10835,A2
Q10836,A2
Q10837,A2
Q10838,A2
Q10839,A2
Q10840,A2
Q10841,A2
Q10842,A2
Q10843,A2
Q10844,A2
Q10845,A2
Q10846,A2
Q10847,A2
Q10848,A2
Q10849,A2
Q10850,A2
Q10851,A2
Q10852,A2
Q10853,A2
Q10854,A2
Q10855,A2
Q10856,A2
Q10857,A2
Q10858,A2
Q10859,A2
Q10860,A2
Q10861,A2
Q10862,A2
Q10863,A2
Q10864,A2
Q10865,A2
Q10866,A2
Q10867,A2
Q10868,A2
Q10869,A2
Q10870,A2
Q10871,A2
Q10872,A2
Q10873,A2
Q10874,A2
Q10875,A2
Q10876,A2
Q10877,A2
Q10878,A2
Q10879,A2
Q10880,A2
Q10881,A2
Q10882,A2
Q10883,A2
Q10884,A2
Q10885,A2
Q10886,A2
Q10887,A2
Q10888,A2
Q10889,A2
Q10890,A2
Q10891,A2
Q10892,A2
Q10893,A2
Q10894,A2
Q10895,A2
Q10896,A2
Q10897,A2
Q10898,A2
Q10899,A2
Q10900,A2
Q10901,A2
Q10902,A2
Q10903,A2
Q10904,A2
Q10905,A2
Q10906,A2
Q10907,A2
Q10908,A2
Q10909,A2
Q10910,A2
Q10911,A2
Q10912,A2
Q10913,A2
Q10914,A2
Q10915,A2
Q10916,A2
Q10917,A2
Q10918,A2
Q10919,A2
Q10920,A2
Q10921,A2
Q10922,A2
Q10923,A2
Q10924,A2
Q10925,A2
Q10926,A2
Q10927,A2
Q10928,A2
Q10929,A2
Q10930,A2
Q10931,A2
Q10932,A2
Q10933,A2
Q10934,A2
Q10935,A2
Q10936,A2
Q10937,A2
Q10938,A2
Q10939,A2
Q10940,A2
Q10941,A2
Q10942,A2
Q10943,A2
Q10944,A2
Q10945,A2
Q10946,A2
Q10947,A2
Q10948,A2
Q10949,A2
Q10950,A2
Q10951,A2
Q10952,A2
Q10953,A2
Q10954,A2
Q10955,A2
Q10956,A2
Q10957,A2
Q10958,A2
Q10959,A2
Q10960,A2
Q10961,A2
Q10962,A2
Q10963,A2
Q10964,A2
Q10965,A2
Q10966,A2
Q10967,A2
Q10968,A2
Q10969,A2
Q10970,A2
Q10971,A2
Q10972,A2
Q10973,A2
Q10974,A2
Q10975,A2
Q10976,A2
Q10977,A2
Q10978,A2
Q10979,A2
Q10980,A2
Q10981,A2
Q10982,A2
Q10983,A2
Q10984,A2
Q10985,A2
Q10986,A2
Q10987,A2
Q10988,A2
Q10989,A2
Q10990,A2
Q10991,A2
Q10992,A2
Q10993,A2
Q10994,A2
Q10995,A2
Q10996,A2
Q10997,A2
Q10998,A2
Q10999,A2
Q11000,A2
Q11001,A2
Q11002,A2
Q11003,A2
Q11004,A2
Q11005,A2
Q11006,A2
Q11007,A2
Q11008,A2
Q11009,A2
Q11010,A2
Q11011,A2
Q11012,A2
Q11013,A2
Q11014,A2
Q11015,A2
Q11016,A2
Q11017,A2
Q11018,A2
Q11019,A2
Q11020,A2
Q11021,A2
Q11022,A2
Q11023,A2
Q11024,A2
Q11025,A2
Q11026,A2
Q11027,A2
Q11028,A2
Q11029,A2
Q11030,A2
Q11031,A2
Q11032,A2
Q11033,A2
Q11034,A2
Q11035,A2
Q11036,A2
Q11037,A2
Q11038,A2
Q11039,A2
Q11040,A2
Q11041,A2
Q11042,A2
Q11043,A2
Q11044,A2
Q11045,A2
Q11046,A2
Q11047,A2
Q11048,A2
Q11049,A2
Q11050,A2
Q11051,A2
Q11052,A2
Q11053,A2
Q11054,A2
Q11055,A2
Q11056,A2
Q11057,A2
Q11058,A2
Q11059,A2
Q11060,A2
Q11061,A2
Q11062,A2
Q11063,A2
Q11064,A2
Q11065,A2
Q11066,A2
Q11067,A2
Q11068,A2
Q11069,A2
Q11070,A2
Q11071,A2
Q11072,A2
Q11073,A2
Q11074,A2
Q11075,A2
Q11076,A2
Q11077,A2
Q11078,A2
Q11079,A2
Q11080,A2
Q11081,A2
Q11082,A2
Q11083,A2
Q11084,A2
Q11085,A2
Q11086,A2
Q11087,A2
Q11088,A2
Q11089,A2
Q11090,A2
Q11091,A2
Q11092,A2
Q11093,A2
Q11094,A2
Q11095,A2
Q11096,A2
Q11097,A2
Q11098,A2
Q11099,A2
Q11100,A2
Q11101,A2
Q11102,A2
Q11103,A2
Q11104,A2
Q11105,A2
Q11106,A2
Q11107,A2
Q11108,A2
Q11109,A2
Q11110,A2
Q11111,A2
Q11112,A2
Q11113,A2
Q11114,A2
Q11115,A2
Q11116,A2
Q11117,A2
Q11118,A2
Q11119,A2
Q11120,A2
Q11121,A2
Q11122,A2
Q11123,A2
Q11124,A2
Q11125,A2
Q11126,A2
Q11127,A2
Q11128,A2
Q11129,A2
Q11130,A2
Q11131,A2
Q11132,A2
Q11133,A2
Q11134,A2
Q11135,A2
Q11136,A2
Q11137,A2
Q11138,A2
Q11139,A2
Q11140,A2
Q11141,A2
Q11142,A2
Q11143,A2
Q11144,A2
Q11145,A2
Q11146,A2
Q11147,A2
Q11148,A2
Q11149,A2
Q11150,A2
Q11151,A2
Q11152,A2
Q11153,A2
Q11154,A2
Q11155,A2
Q11156,A2
Q11157,A2
Q11158,A2
Q11159,A2
Q11160,A2
Q11161,A2
Q11162,A2
Q11163,A2
Q11164,A2
Q11165,A2
Q11166,A2
Q11167,A2
Q11168,A2
Q11169,A2
Q11170,A2
Q11171,A2
Q11172,A2
Q11173,A2
Q11174,A2
Q11175,A2
Q11176,A2
Q11177,A2
Q11178,A2
Q11179,A2
Q11180,A2
Q11181,A2
Q11182,A2
Q11183,A2
Q11184,A2
Q11185,A2
Q11186,A2
Q11187,A2
Q11188,A2
Q11189,A2
Q11190,A2
Q11191,A2
Q11192,A2
Q11193,A2
Q11194,A2
Q11195,A2
Q11196,A2
Q11197,A2
Q11198,A2
Q11199,A2
Q11200,A2
Q11201,A2
Q11202,A2
Q11203,A2
Q11204,A2
Q11205,A2
Q11206,A2
Q11207,A2
Q11208,A2
Q11209,A2
Q11210,A2
Q11211,A2
Q11212,A2
Q11213,A2
Q11214,A2
Q11215,A2
Q11216,A2
Q11217,A2
Q11218,A2
Q11219,A2
Q11220,A2
Q11221,A2
Q11222,A2
Q11223,A2
Q11224,A2
Q11225,A2
Q11226,A2
Q11227,A2
Q11228,A2
Q11229,A2
Q11230,A2
Q11231,A2
Q11232,A2
Q11233,A2
Q11234,A2
Q11235,A2
Q11236,A2
Q11237,A2
Q11238,A2
Q11239,A2
Q11240,A2
Q11241,A2
Q11242,A2
Q11243,A2
Q11244,A2
Q11245,A2
Q11246,A2
Q11247,A2
Q11248,A2
Q11249,A2
Q11250,A2
Q11251,A2
Q11252,A2
Q11253,A2
Q11254,A2
Q11255,A2
Q11256,A2
Q11257,A2
Q11258,A2
Q11259,A2
Q11260,A2
Q11261,A2
Q11262,A2
Q11263,A2
Q11264,A2
Q11265,A2
Q11266,A2
Q11267,A2
Q11268,A2
Q11269,A2
Q11270,A2
Q11271,A2
Q11272,A2
Q11273,A2
Q11274,A2
Q11275,A2
Q11276,A2
Q11277,A2
Q11278,A2
Q11279,A2
Q11280,A2
Q11281,A2
Q11282,A2
Q11283,A2
Q11284,A2
Q11285,A2
Q11286,A2
Q11287,A2
Q11288,A2
Q11289,A2
Q11290,A2
Q11291,A2
Q11292,A2
Q11293,A2
Q11294,A2
Q11295,A2
Q11296,A2
Q11297,A2
Q11298,A2
Q11299,A2
Q11300,A2
Q11301,A2
Q11302,A2
Q11303,A2
Q11304,A2
Q11305,A2
Q11306,A2
Q11307,A2
Q11308,A2
Q11309,A2
Q11310,A2
Q11311,A2
Q11312,A2
Q11313,A2
Q11314,A2
Q11315,A2
Q11316,A2
Q11317,A2
Q11318,A2
Q11319,A2
Q11320,A2
Q11321,A2
Q11322,A2
Q11323,A2
Q11324,A2
Q11325,A2
Q11326,A2
Q11327,A2
Q11328,A2
Q11329,A2
Q11330,A2
Q11331,A2
Q11332,A2
Q11333,A2
Q11334,A2
Q11335,A2
Q11336,A2
Q11337,A2
Q11338,A2
Q11339,A2
Q11340,A2
Q11341,A2
Q11342,A2
Q11343,A2
Q11344,A2
Q11345,A2
Q11346,A2
Q11347,A2
Q11348,A2
Q11349,A2
Q11350,A2
Q11351,A2
Q11352,A2
Q11353,A2
Q11354,A2
Q11355,A2
Q11356,A2
Q11357,A2
Q11358,A2
Q11359,A2
Q11360,A2
Q11361,A2
Q11362,A2
Q11363,A2
Q11364,A2
Q11365,A2
Q11366,A2
Q11367,A2
Q11368,A2
Q11369,A2
Q11370,A2
Q11371,A2
Q11372,A2
Q11373,A2
Q11374,A2
Q11375,A2
Q11376,A2
Q11377,A2
Q11378,A2
Q11379,A2
Q11380,A2
Q11381,A2
Q11382,A2
Q11383,A2
Q11384,A2
Q11385,A2
Q11386,A2
Q11387,A2
Q11388,A2
Q11389,A2
Q11390,A2
Q11391,A2
Q11392,A2
Q11393,A2
Q11394,A2
Q11395,A2
Q11396,A2
Q11397,A2
Q11398,A2
Q11399,A2
Q11400,A2
Q11401,A2
Q11402,A2
Q11403,A2
Q11404,A2
Q11405,A2
Q11406,A2
Q11407,A2
Q11408,A2
Q11409,A2
Q11410,A2
Q11411,A2
Q11412,A2
Q11413,A2
Q11414,A2
Q11415,A2
Q11416,A2
Q11417,A2
Q11418,A2
Q11419,A2
Q11420,A2
Q11421,A2
Q11422,A2
Q11423,A2
Q11424,A2
Q11425,A2
Q11426,A2
Q11427,A2
Q11428,A2
Q11429,A2
Q11430,A2
Q11431,A2
Q11432,A2
Q11433,A2
Q11434,A2
Q11435,A2
Q11436,A2
Q11437,A2
Q11438,A2
Q11439,A2
Q11440,A2
Q11441,A2
Q11442,A2
Q11443,A2
Q11444,A2
Q11445,A2
Q11446,A2
Q11447,A2
Q11448,A2
Q11449,A2
Q11450,A2
Q11451,A2
Q11452,A2
Q11453,A2
Q11454,A2
Q11455,A2
Q11456,A2
Q11457,A2
Q11458,A2
Q11459,A2
Q11460,A2
Q11461,A2
Q11462,A2
Q11463,A2
Q11464,A2
Q11465,A2
Q11466,A2
Q11467,A2
Q11468,A2
Q11469,A2
Q11470,A2
Q11471,A2
Q11472,A2
Q11473,A2
Q11474,A2
Q11475,A2
Q11476,A2
Q11477,A2
Q11478,A2
Q11479,A2
Q11480,A2
Q11481,A2
Q11482,A2
Q11483,A2
Q11484,A2
Q11485,A2
Q11486,A2
Q11487,A2
Q11488,A2
Q11489,A2
Q11490,A2
Q11491,A2
Q11492,A2
Q11493,A2
Q11494,A2
Q11495,A2
Q11496,A2
Q11497,A2
Q11498,A2
Q11499,A2
Q11500,A2
Q11501,A2
Q11502,A2
Q11503,A2
Q11504,A2
Q11505,A2
Q11506,A2
Q11507,A2
Q11508,A2
Q11509,A2
Q11510,A2
Q11511,A2
Q11512,A2
Q11513,A2
Q11514,A2
Q11515,A2
Q11516,A2
Q11517,A2
Q11518,A2
Q11519,A2
Q11520,A2
Q11521,A2
Q11522,A2
Q11523,A2
Q11524,A2
Q11525,A2
Q11526,A2
Q11527,A2
Q11528,A2
Q11529,A2
Q11530,A2
Q11531,A2
Q11532,A2
Q11533,A2
Q11534,A2
Q11535,A2
Q11536,A2
Q11537,A2
Q11538,A2
Q11539,A2
Q11540,A2
Q11541,A2
Q11542,A2
Q11543,A2
Q11544,A2
Q11545,A2
Q11546,A2
Q11547,A2
Q11548,A2
Q11549,A2
Q11550,A2
Q11551,A2
Q11552,A2
Q11553,A2
Q11554,A2
Q11555,A2
Q11556,A2
Q11557,A2
Q11558,A2
Q11559,A2
Q11560,A2
Q11561,A2
Q11562,A2
Q11563,A2
Q11564,A2
Q11565,A2
Q11566,A2
Q11567,A2
Q11568,A2
Q11569,A2
Q11570,A2
Q11571,A2
Q11572,A2
Q11573,A2
Q11574,A2
Q11575,A2
Q11576,A2
Q11577,A2
Q11578,A2
Q11579,A2
Q11580,A2
Q11581,A2
Q11582,A2
Q11583,A2
Q11584,A2
Q11585,A2
Q11586,A2
Q11587,A2
Q11588,A2
Q11589,A2
Q11590,A2
Q11591,A2
Q11592,A2
Q11593,A2
Q11594,A2
Q11595,A2
Q11596,A2
Q11597,A2
Q11598,A2
Q11599,A2
Q11600,A2
Q11601,A2
Q11602,A2
Q11603,A2
Q11604,A2
Q11605,A2
Q11606,A2
Q11607,A2
Q11608,A2
Q11609,A2
Q11610,A2
Q11611,A2
Q11612,A2
Q11613,A2
Q11614,A2
Q11615,A2
Q11616,A2
Q11617,A2
Q11618,A2
Q11619,A2
Q11620,A2
Q11621,A2
Q11622,A2
Q11623,A2
Q11624,A2
Q11625,A2
Q11626,A2
Q11627,A2
Q11628,A2
Q11629,A2
Q11630,A2
Q11631,A2
Q11632,A2
Q11633,A2
Q11634,A2
Q11635,A2
Q11636,A2
Q11637,A2
Q11638,A2
Q11639,A2
Q11640,A2
Q11641,A2
Q11642,A2
Q11643,A2
Q11644,A2
Q11645,A2
Q11646,A2
Q11647,A2
Q11648,A2
Q11649,A2
Q11650,A2
Q11651,A2
Q11652,A2
Q11653,A2
Q11654,A2
Q11655,A2
Q11656,A2
Q11657,A2
Q11658,A2
Q11659,A2
Q11660,A2
Q11661,A2
Q11662,A2
Q11663,A2
Q11664,A2
Q11665,A2
Q11666,A2
Q11667,A2
Q11668,A2
Q11669,A2
Q11670,A2
Q11671,A2
Q11672,A2
Q11673,A2
Q11674,A2
Q11675,A2
Q11676,A2
Q11677,A2
Q11678,A2
Q11679,A2
Q11680,A2
Q11681,A2
Q11682,A2
Q11683,A2
Q11684,A2
Q11685,A2
Q11686,A2
Q11687,A2
Q11688,A2
Q11689,A2
Q11690,A2
Q11691,A2
Q11692,A2
Q11693,A2
Q11694,A2
Q11695,A2
Q11696,A2
Q11697,A2
Q11698,A2
Q11699,A2
Q11700,A2
Q11701,A2
Q11702,A2
Q11703,A2
Q11704,A2
Q11705,A2
Q11706,A2
Q11707,A2
Q11708,A2
Q11709,A2
Q11710,A2
Q11711,A2
Q11712,A2
Q11713,A2
Q11714,A2
Q11715,A2
Q11716,A2
Q11717,A2
Q11718,A2
Q11719,A2
Q11720,A2
Q11721,A2
Q11722,A2
Q11723,A2
Q11724,A2
Q11725,A2
Q11726,A2
Q11727,A2
Q11728,A2
Q11729,A2
Q11730,A2
Q11731,A2
Q11732,A2
Q11733,A2
Q11734,A2
Q11735,A2
Q11736,A2
Q11737,A2
Q11738,A2
Q11739,A2
Q11740,A2
Q11741,A2
Q11742,A2
Q11743,A2
Q11744,A2
Q11745,A2
Q11746,A2
Q11747,A2
Q11748,A2
Q11749,A2
Q11750,A2
Q11751,A2
Q11752,A2
Q11753,A2
Q11754,A2
Q11755,A2
Q11756,A2
Q11757,A2
Q11758,A2
Q11759,A2
Q11760,A2
Q11761,A2
Q11762,A2
Q11763,A2
Q11764,A2
Q11765,A2
Q11766,A2
Q11767,A2
Q11768,A2
Q11769,A2
Q11770,A2
Q11771,A2
Q11772,A2
Q11773,A2
Q11774,A2
Q11775,A2
Q11776,A2
Q11777,A2
Q11778,A2
Q11779,A2
Q11780,A2
Q11781,A2
Q11782,A2
Q11783,A2
Q11784,A2
Q11785,A2
Q11786,A2
Q11787,A2
Q11788,A2
Q11789,A2
Q11790,A2
Q11791,A2
Q11792,A2
Q11793,A2
Q11794,A2
Q11795,A2
Q11796,A2
Q11797,A2
Q11798,A2
Q11799,A2
Q11800,A2
Q11801,A2
Q11802,A2
Q11803,A2
Q11804,A2
Q11805,A2
Q11806,A2
Q11807,A2
Q11808,A2
Q11809,A2
Q11810,A2
Q11811,A2
Q11812,A2
Q11813,A2
Q11814,A2
Q11815,A2
Q11816,A2
Q11817,A2
Q11818,A2
Q11819,A2
Q11820,A2
Q11821,A2
Q11822,A2
Q11823,A2
Q11824,A2
Q11825,A2
Q11826,A2
Q11827,A2
Q11828,A2
Q11829,A2
Q11830,A2
Q11831,A2
Q11832,A2
Q11833,A2
Q11834,A2
Q11835,A2
Q11836,A2
Q11837,A2
Q11838,A2
Q11839,A2
Q11840,A2
Q11841,A2
Q11842,A2
Q11843,A2
Q11844,A2
Q11845,A2
Q11846,A2
Q11847,A2
Q11848,A2
Q11849,A2
Q11850,A2
Q11851,A2
Q11852,A2
Q11853,A2
Q11854,A2
Q11855,A2
Q11856,A2
Q11857,A2
Q11858,A2
Q11859,A2
Q11860,A2
Q11861,A2
Q11862,A2
Q11863,A2
Q11864,A2
Q11865,A2
Q11866,A2
Q11867,A2
Q11868,A2
Q11869,A2
Q11870,A2
Q11871,A2
Q11872,A2
Q11873,A2
Q11874,A2
Q11875,A2
Q11876,A2
Q11877,A2
Q11878,A2
Q11879,A2
Q11880,A2
Q11881,A2
Q11882,A2
Q11883,A2
Q11884,A2
Q11885,A2
Q11886,A2
Q11887,A2
Q11888,A2
Q11889,A2
Q11890,A2
Q11891,A2
Q11892,A2
Q11893,A2
Q11894,A2
Q11895,A2
Q11896,A2
Q11897,A2
Q11898,A2
Q11899,A2
Q11900,A2
Q11901,A2
Q11902,A2
Q11903,A2
Q11904,A2
Q11905,A2
Q11906,A2
Q11907,A2
Q11908,A2
Q11909,A2
Q11910,A2
Q11911,A2
Q11912,A2
Q11913,A2
Q11914,A2
Q11915,A2
Q11916,A2
Q11917,A2
Q11918,A2
Q11919,A2
Q11920,A2
Q11921,A2
Q11922,A2
Q11923,A2
Q11924,A2
Q11925,A2
Q11926,A2
Q11927,A2
Q11928,A2
Q11929,A2
Q11930,A2
Q11931,A2
Q11932,A2
Q11933,A2
Q11934,A2
Q11935,A2
Q11936,A2
Q11937,A2
Q11938,A2
Q11939,A2
Q11940,A2
Q11941,A2
Q11942,A2
Q11943,A2
Q11944,A2
Q11945,A2
Q11946,A2
Q11947,A2
Q11948,A2
Q11949,A2
Q11950,A2
Q11951,A2
Q11952,A2
Q11953,A2
Q11954,A2
Q11955,A2
Q11956,A2
Q11957,A2
Q11958,A2
Q11959,A2
Q11960,A2
Q11961,A2
Q11962,A2
Q11963,A2
Q11964,A2
Q11965,A2
Q11966,A2
Q11967,A2
Q11968,A2
Q11969,A2
Q11970,A2
Q11971,A2
Q11972,A2
Q11973,A2
Q11974,A2
Q11975,A2
Q11976,A2
Q11977,A2
Q11978,A2
Q11979,A2
Q11980,A2
Q11981,A2
Q11982,A2
Q11983,A2
Q11984,A2
Q11985,A2
Q11986,A2
Q11987,A2
Q11988,A2
Q11989,A2
Q11990,A2
Q11991,A2
Q11992,A2
Q11993,A2
Q11994,A2
Q11995,A2
Q11996,A2
Q11997,A2
Q11998,A2
Q11999,A2
Q12000,A2
Q12001,A2
Q12002,A2
Q12003,A2
Q12004,A2
Q12005,A2
Q12006,A2
Q12007,A2
Q12008,A2
Q12009,A2
Q12010,A2
Q12011,A2
Q12012,A2
Q12013,A2
Q12014,A2
Q12015,A2
Q12016,A2
Q12017,A2
Q12018,A2
Q12019,A2
Q12020,A2
Q12021,A2
Q12022,A2
Q12023,A2
Q12024,A2
Q12025,A2
Q12026,A2
Q12027,A2
Q12028,A2
Q12029,A2
Q12030,A2
Q12031,A2
Q12032,A2
Q12033,A2
Q12034,A2
Q12035,A2
Q12036,A2
Q12037,A2
Q12038,A2
Q12039,A2
Q12040,A2
Q12041,A2
Q12042,A2
Q12043,A2
Q12044,A2
Q12045,A2
Q12046,A2
Q12047,A2
Q12048,A2
Q12049,A2
Q12050,A2
Q12051,A2
Q12052,A2
Q12053,A2
Q12054,A2
Q12055,A2
Q12056,A2
Q12057,A2
Q12058,A2
Q12059,A2
Q12060,A2
Q12061,A2
Q12062,A2
Q12063,A2
Q12064,A2
Q12065,A2
Q12066,A2
Q12067,A2
Q12068,A2
Q12069,A2
Q12070,A2
Q12071,A2
Q12072,A2
Q12073,A2
Q12074,A2
Q12075,A2
Q12076,A2
Q12077,A2
Q12078,A2
Q12079,A2
Q12080,A2
Q12081,A2
Q12082,A2
Q12083,A2
Q12084,A2
Q12085,A2
Q12086,A2
Q12087,A2
Q12088,A2
Q12089,A2
Q12090,A2
Q12091,A2
Q12092,A2
Q12093,A2
Q12094,A2
Q12095,A2
Q12096,A2
Q12097,A2
Q12098,A2
Q12099,A2
Q12100,A2
Q12101,A2
Q12102,A2
Q12103,A2
Q12104,A2
Q12105,A2
Q12106,A2
Q12107,A2
Q12108,A2
Q12109,A2
Q12110,A2
Q12111,A2
Q12112,A2
Q12113,A2
Q12114,A2
Q12115,A2
Q12116,A2
Q12117,A2
Q12118,A2
Q12119,A2
Q12120,A2
Q12121,A2
Q12122,A2
Q12123,A2
Q12124,A2
Q12125,A2
Q12126,A2
Q12127,A2
Q12128,A2
Q12129,A2
Q12130,A2
Q12131,A2
Q12132,A2
Q12133,A2
Q12134,A2
Q12135,A2
Q12136,A2
Q12137,A2
Q12138,A2
Q12139,A2
Q12140,A2
Q12141,A2
Q12142,A2
Q12143,A2
Q12144,A2
Q12145,A2
Q12146,A2
Q12147,A2
Q12148,A2
Q12149,A2
Q12150,A2
Q12151,A2
Q12152,A2
Q12153,A2
Q12154,A2
Q12155,A2
Q12156,A2
Q12157,A2
Q12158,A2
Q12159,A2
Q12160,A2
Q12161,A2
Q12162,A2
Q12163,A2
Q12164,A2
Q12165,A2
Q12166,A2
Q12167,A2
Q12168,A2
Q12169,A2
Q12170,A2
Q12171,A2
Q12172,A2
Q12173,A2
Q12174,A2
Q12175,A2
Q12176,A2
Q12177,A2
Q12178,A2
Q12179,A2
Q12180,A2
Q12181,A2
Q12182,A2
Q12183,A2
Q12184,A2
Q12185,A2
Q12186,A2
Q12187,A2
Q12188,A2
Q12189,A2
Q12190,A2
Q12191,A2
Q12192,A2
Q12193,A2
Q12194,A2
Q12195,A2
Q12196,A2
Q12197,A2
Q12198,A2
Q12199,A2
Q12200,A2
Q12201,A2
Q12202,A2
Q12203,A2
Q12204,A2
Q12205,A2
Q12206,A2
Q12207,A2
Q12208,A2
Q12209,A2
Q12210,A2
Q12211,A2
Q12212,A2
Q12213,A2
Q12214,A2
Q12215,A2
Q12216,A2
Q12217,A2
Q12218,A2
Q12219,A2
Q12220,A2
Q12221,A2
Q12222,A2
Q12223,A2
Q12224,A2
Q12225,A2
Q12226,A2
Q12227,A2
Q12228,A2
Q12229,A2
Q12230,A2
Q12231,A2
Q12232,A2
Q12233,A2
Q12234,A2
Q12235,A2
Q12236,A2
Q12237,A2
Q12238,A2
Q12239,A2
Q12240,A2
Q12241,A2
Q12242,A2
Q12243,A2
Q12244,A2
Q12245,A2
Q12246,A2
Q12247,A2
Q12248,A2
Q12249,A2
Q12250,A2
Q12251,A2
Q12252,A2
Q12253,A2
Q12254,A2
Q12255,A2
Q12256,A2
Q12257,A2
Q12258,A2
Q12259,A2
Q12260,A2
Q12261,A2
Q12262,A2
Q12263,A2
Q12264,A2
Q12265,A2
Q12266,A2
Q12267,A2
Q12268,A2
Q12269,A2
Q12270,A2
Q12271,A2
Q12272,A2
Q12273,A2
Q12274,A2
Q12275,A2
Q12276,A2
Q12277,A2
Q12278,A2
Q12279,A2
Q12280,A2
Q12281,A2
Q12282,A2
Q12283,A2
Q12284,A2
Q12285,A2
Q12286,A2
Q12287,A2
Q12288,A2
Q12289,A2
Q12290,A2
Q12291,A2
Q12292,A2
Q12293,A2
Q12294,A2
Q12295,A2
Q12296,A2
Q12297,A2
Q12298,A2
Q12299,A2
Q12300,A2
Q12301,A2
Q12302,A2
Q12303,A2
Q12304,A2
Q12305,A2
Q12306,A2
Q12307,A2
Q12308,A2
Q12309,A2
Q12310,A2
Q12311,A2
Q12312,A2
Q12313,A2
Q12314,A2
Q12315,A2
Q12316,A2
Q12317,A2
Q12318,A2
Q12319,A2
Q12320,A2
Q12321,A2
Q12322,A2
Q12323,A2
Q12324,A2
Q12325,A2
Q12326,A2
Q12327,A2
Q12328,A2
Q12329,A2
Q12330,A2
Q12331,A2
Q12332,A2
Q12333,A2
Q12334,A2
Q12335,A2
Q12336,A2
Q12337,A2
Q12338,A2
Q12339,A2
Q12340,A2
Q12341,A2
Q12342,A2
Q12343,A2
Q12344,A2
Q12345,A2
Q12346,A2
Q12347,A2
Q12348,A2
Q12349,A2
Q12350,A2
Q12351,A2
Q12352,A2
Q12353,A2
Q12354,A2
Q12355,A2
Q12356,A2
Q12357,A2
Q12358,A2
Q12359,A2
Q12360,A2
Q12361,A2
Q12362,A2
Q12363,A2
Q12364,A2
Q12365,A2
Q12366,A2
Q12367,A2
Q12368,A2
Q12369,A2
Q12370,A2
Q12371,A2
Q12372,A2
Q12373,A2
Q12374,A2
Q12375,A2
Q12376,A2
Q12377,A2
Q12378,A2
Q12379,A2
Q12380,A2
Q12381,A2
Q12382,A2
Q12383,A2
Q12384,A2
Q12385,A2
Q12386,A2
Q12387,A2
Q12388,A2
Q12389,A2
Q12390,A2
Q12391,A2
Q12392,A2
Q12393,A2
Q12394,A2
Q12395,A2
Q12396,A2
Q12397,A2
Q12398,A2
Q12399,A2
Q12400,A2
Q12401,A2
Q12402,A2
Q12403,A2
Q12404,A2
Q12405,A2
Q12406,A2
Q12407,A2
Q12408,A2
Q12409,A2
Q12410,A2
Q12411,A2
Q12412,A2
Q12413,A2
Q12414,A2
Q12415,A2
Q12416,A2
Q12417,A2
Q12418,A2
Q12419,A2
Q12420,A2
Q12421,A2
Q12422,A2
Q12423,A2
Q12424,A2
Q12425,A2
Q12426,A2
Q12427,A2
Q12428,A2
Q12429,A2
Q12430,A2
Q12431,A2
Q12432,A2
Q12433,A2
Q12434,A2
Q12435,A2
Q12436,A2
Q12437,A2
Q12438,A2
Q12439,A2
Q12440,A2
Q12441,A2
Q12442,A2
Q12443,A2
Q12444,A2
Q12445,A2
Q12446,A2
Q12447,A2
Q12448,A2
Q12449,A2
Q12450,A2
Q12451,A2
Q12452,A2
Q12453,A2
Q12454,A2
Q12455,A2
Q12456,A2
Q12457,A2
Q12458,A2
Q12459,A2
Q12460,A2
Q12461,A2
Q12462,A2
Q12463,A2
Q12464,A2
Q12465,A2
Q12466,A2
Q12467,A2
Q12468,A2
Q12469,A2
Q12470,A2
Q12471,A2
Q12472,A2
Q12473,A2
Q12474,A2
Q12475,A2
Q12476,A2
Q12477,A2
Q12478,A2
Q12479,A2
Q12480,A2
Q12481,A2
Q12482,A2
Q12483,A2
Q12484,A2
Q12485,A2
Q12486,A2
Q12487,A2
Q12488,A2
Q12489,A2
Q12490,A2
Q12491,A2
Q12492,A2
Q12493,A2
Q12494,A2
Q12495,A2
Q12496,A2
Q12497,A2
Q12498,A2
Q12499,A2
Q12500,A2
Q12501,A2
Q12502,A2
Q12503,A2
Q12504,A2
Q12505,A2
Q12506,A2
Q12507,A2
Q12508,A2
Q12509,A2
Q12510,A2
Q12511,A2
Q12512,A2
Q12513,A2
Q12514,A2
Q12515,A2
Q12516,A2
Q12517,A2
Q12518,A2
Q12519,A2
Q12520,A2
Q12521,A2
Q12522,A2
Q12523,A2
Q12524,A2
Q12525,A2
Q12526,A2
Q12527,A2
Q12528,A2
Q12529,A2
Q12530,A2
Q12531,A2
Q12532,A2
Q12533,A2
Q12534,A2
Q12535,A2
Q12536,A2
Q12537,A2
Q12538,A2
Q12539,A2
Q12540,A2
Q12541,A2
Q12542,A2
Q12543,A2
Q12544,A2
Q12545,A2
Q12546,A2
Q12547,A2
Q12548,A2
Q12549,A2
Q12550,A2
Q12551,A2
Q12552,A2
Q12553,A2
Q12554,A2
Q12555,A2
Q12556,A2
Q12557,A2
Q12558,A2
Q12559,A2
Q12560,A2
Q12561,A2
Q12562,A2
Q12563,A2
Q12564,A2
Q12565,A2
Q12566,A2
Q12567,A2
Q12568,A2
Q12569,A2
Q12570,A2
Q12571,A2
Q12572,A2
Q12573,A2
Q12574,A2
Q12575,A2
Q12576,A2
Q12577,A2
Q12578,A2
Q12579,A2
Q12580,A2
Q12581,A2
Q12582,A2
Q12583,A2
Q12584,A2
Q12585,A2
Q12586,A2
Q12587,A2
Q12588,A2
Q12589,A2
Q12590,A2
Q12591,A2
Q12592,A2
Q12593,A2
Q12594,A2
Q12595,A2
Q12596,A2
Q12597,A2
Q12598,A2
Q12599,A2
Q12600,A2
Q12601,A2
Q12602,A2
Q12603,A2
Q12604,A2
Q12605,A2
Q12606,A2
Q12607,A2
Q12608,A2
Q12609,A2
Q12610,A2
Q12611,A2
Q12612,A2
Q12613,A2
Q12614,A2
Q12615,A2
Q12616,A2
Q12617,A2
Q12618,A2
Q12619,A2
Q12620,A2
Q12621,A2
Q12622,A2
Q12623,A2
Q12624,A2
Q12625,A2
Q12626,A2
Q12627,A2
Q12628,A2
Q12629,A2
Q12630,A2
Q12631,A2
Q12632,A2
Q12633,A2
Q12634,A2
Q12635,A2
Q12636,A2
Q12637,A2
Q12638,A2
Q12639,A2
Q12640,A2
Q12641,A2
Q12642,A2
Q12643,A2
Q12644,A2
Q12645,A2
Q12646,A2
Q12647,A2
Q12648,A2
Q12649,A2
Q12650,A2
Q12651,A2
Q12652,A2
Q12653,A2
Q12654,A2
Q12655,A2
Q12656,A2
Q12657,A2
Q12658,A2
Q12659,A2
Q12660,A2
Q12661,A2
Q12662,A2
Q12663,A2
Q12664,A2
Q12665,A2
Q12666,A2
Q12667,A2
Q12668,A2
Q12669,A2
Q12670,A2
Q12671,A2
Q12672,A2
Q12673,A2
Q12674,A2
Q12675,A2
Q12676,A2
Q12677,A2
Q12678,A2
Q12679,A2
Q12680,A2
Q12681,A2
Q12682,A2
Q12683,A2
Q12684,A2
Q12685,A2
Q12686,A2
Q12687,A2
Q12688,A2
Q12689,A2
Q12690,A2
Q12691,A2
Q12692,A2
Q12693,A2
Q12694,A2
Q12695,A2
Q12696,A2
Q12697,A2
Q12698,A2
Q12699,A2
Q12700,A2
Q12701,A2
Q12702,A2
Q12703,A2
Q12704,A2
Q12705,A2
Q12706,A2
Q12707,A2
Q12708,A2
Q12709,A2
Q12710,A2
Q12711,A2
Q12712,A2
Q12713,A2
Q12714,A2
Q12715,A2
Q12716,A2
Q12717,A2
Q12718,A2
Q12719,A2
Q12720,A2
Q12721,A2
Q12722,A2
Q12723,A2
Q12724,A2
Q12725,A2
Q12726,A2
Q12727,A2
Q12728,A2
Q12729,A2
Q12730,A2
Q12731,A2
Q12732,A2
Q12733,A2
Q12734,A2
Q12735,A2
Q12736,A2
Q12737,A2
Q12738,A2
Q12739,A2
Q12740,A2
Q12741,A2
Q12742,A2
Q12743,A2
Q12744,A2
Q12745,A2
Q12746,A2
Q12747,A2
Q12748,A2
Q12749,A2
Q12750,A2
Q12751,A2
Q12752,A2
Q12753,A2
Q12754,A2
Q12755,A2
Q12756,A2
Q12757,A2
Q12758,A2
Q12759,A2
Q12760,A2
Q12761,A2
Q12762,A2
Q12763,A2
Q12764,A2
Q12765,A2
Q12766,A2
Q12767,A2
Q12768,A2
Q12769,A2
Q12770,A2
Q12771,A2
Q12772,A2
Q12773,A2
Q12774,A2
Q12775,A2
Q12776,A2
Q12777,A2
Q12778,A2
Q12779,A2
Q12780,A2
Q12781,A2
Q12782,A2
Q12783,A2
Q12784,A2
Q12785,A2
Q12786,A2
Q12787,A2
Q12788,A2
Q12789,A2
Q12790,A2
Q12791,A2
Q12792,A2
Q12793,A2
Q12794,A2
Q12795,A2
Q12796,A2
Q12797,A2
Q12798,A2
Q12799,A2
Q12800,A2
Q12801,A2
Q12802,A2
Q12803,A2
Q12804,A2
Q12805,A2
Q12806,A2
Q12807,A2
Q12808,A2
Q12809,A2
Q12810,A2
Q12811,A2
Q12812,A2
Q12813,A2
Q12814,A2
Q12815,A2
Q12816,A2
Q12817,A2
Q12818,A2
Q12819,A2
Q12820,A2
Q12821,A2
Q12822,A2
Q12823,A2
Q12824,A2
Q12825,A2
Q12826,A2
Q12827,A2
Q12828,A2
Q12829,A2
Q12830,A2
Q12831,A2
Q12832,A2
Q12833,A2
Q12834,A2
Q12835,A2
Q12836,A2
Q12837,A2
Q12838,A2
Q12839,A2
Q12840,A2
Q12841,A2
Q12842,A2
Q12843,A2
Q12844,A2
Q12845,A2
Q12846,A2
Q12847,A2
Q12848,A2
Q12849,A2
Q12850,A2
Q12851,A2
Q12852,A2
Q12853,A2
Q12854,A2
Q12855,A2
Q12856,A2
Q12857,A2
Q12858,A2
Q12859,A2
Q12860,A2
Q12861,A2
Q12862,A2
Q12863,A2
Q12864,A2
Q12865,A2
Q12866,A2
Q12867,A2
Q12868,A2
Q12869,A2
Q12870,A2
Q12871,A2
Q12872,A2
Q12873,A2
Q12874,A2
Q12875,A2
Q12876,A2
Q12877,A2
Q12878,A2
Q12879,A2
Q12880,A2
Q12881,A2
Q12882,A2
Q12883,A2
Q12884,A2
Q12885,A2
Q12886,A2
Q12887,A2
Q12888,A2
Q12889,A2
Q12890,A2
Q12891,A2
Q12892,A2
Q12893,A2
Q12894,A2
Q12895,A2
Q12896,A2
Q12897,A2
Q12898,A2
Q12899,A2
Q12900,A2
Q12901,A2
Q12902,A2
Q12903,A2
Q12904,A2
Q12905,A2
Q12906,A2
Q12907,A2
Q12908,A2
Q12909,A2
Q12910,A2
Q12911,A2
Q12912,A2
Q12913,A2
Q12914,A2
Q12915,A2
Q12916,A2
Q12917,A2
Q12918,A2
Q12919,A2
Q12920,A2
Q12921,A2
Q12922,A2
Q12923,A2
Q12924,A2
Q12925,A2
Q12926,A2
Q12927,A2
Q12928,A2
Q12929,A2
Q12930,A2
Q12931,A2
Q12932,A2
Q12933,A2
Q12934,A2
Q12935,A2
Q12936,A2
Q12937,A2
Q12938,A2
Q12939,A2
Q12940,A2
Q12941,A2
Q12942,A2
Q12943,A2
Q12944,A2
Q12945,A2
Q12946,A2
Q12947,A2
Q12948,A2
Q12949,A2
Q12950,A2
Q12951,A2
Q12952,A2
Q12953,A2
Q12954,A2
Q12955,A2
Q12956,A2
Q12957,A2
Q12958,A2
Q12959,A2
Q12960,A2
Q12961,A2
Q12962,A2
Q12963,A2
Q12964,A2
Q12965,A2
Q12966,A2
Q12967,A2
Q12968,A2
Q12969,A2
Q12970,A2
Q12971,A2
Q12972,A2
Q12973,A2
Q12974,A2
Q12975,A2
Q12976,A2
Q12977,A2
Q12978,A2
Q12979,A2
Q12980,A2
Q12981,A2
Q12982,A2
Q12983,A2
Q12984,A2
Q12985,A2
Q12986,A2
Q12987,A2
Q12988,A2
Q12989,A2
Q12990,A2
Q12991,A2
Q12992,A2
Q12993,A2
Q12994,A2
Q12995,A2
Q12996,A2
Q12997,A2
Q12998,A2
Q12999,A2
Q13000,A2
Q13001,A2
Q13002,A2
Q13003,A2
Q13004,A2
Q13005,A2
Q13006,A2
Q13007,A2
Q13008,A2
Q13009,A2
Q13010,A2
Q13011,A2
Q13012,A2
Q13013,A2
Q13014,A2
Q13015,A2
Q13016,A2
Q13017,A2
Q13018,A2
Q13019,A2
Q13020,A2
Q13021,A2
Q13022,A2
Q13023,A2
Q13024,A2
Q13025,A2
Q13026,A2
Q13027,A2
Q13028,A2
Q13029,A2
Q13030,A2
Q13031,A2
Q13032,A2
Q13033,A2
Q13034,A2
Q13035,A2
Q13036,A2
Q13037,A2
Q13038,A2
Q13039,A2
Q13040,A2
Q13041,A2
Q13042,A2
Q13043,A2
Q13044,A2
Q13045,A2
Q13046,A2
Q13047,A2
Q13048,A2
Q13049,A2
Q13050,A2
Q13051,A2
Q13052,A2
Q13053,A2
Q13054,A2
Q13055,A2
Q13056,A2
Q13057,A2
Q13058,A2
Q13059,A2
Q13060,A2
Q13061,A2
Q13062,A2
Q13063,A2
Q13064,A2
Q13065,A2
Q13066,A2
Q13067,A2
Q13068,A2
Q13069,A2
Q13070,A2
Q13071,A2
Q13072,A2
Q13073,A2
Q13074,A2
Q13075,A2
Q13076,A2
Q13077,A2
Q13078,A2
Q13079,A2
Q13080,A2
Q13081,A2
Q13082,A2
Q13083,A2
Q13084,A2
Q13085,A2
Q13086,A2
Q13087,A2
Q13088,A2
Q13089,A2
Q13090,A2
Q13091,A2
Q13092,A2
Q13093,A2
Q13094,A2
Q13095,A2
Q13096,A2
Q13097,A2
Q13098,A2
Q13099,A2
Q13100,A2
Q13101,A2
Q13102,A2
Q13103,A2
Q13104,A2
Q13105,A2
Q13106,A2
Q13107,A2
Q13108,A2
Q13109,A2
Q13110,A2
Q13111,A2
Q13112,A2
Q13113,A2
Q13114,A2
Q13115,A2
Q13116,A2
Q13117,A2
Q13118,A2
Q13119,A2
Q13120,A2
Q13121,A2
Q13122,A2
Q13123,A2
Q13124,A2
Q13125,A2
Q13126,A2
Q13127,A2
Q13128,A2
Q13129,A2
Q13130,A2
Q13131,A2
Q13132,A2
Q13133,A2
Q13134,A2
Q13135,A2
Q13136,A2
Q13137,A2
Q13138,A2
Q13139,A2
Q13140,A2
Q13141,A2
Q13142,A2
Q13143,A2
Q13144,A2
Q13145,A2
Q13146,A2
Q13147,A2
Q13148,A2
Q13149,A2
Q13150,A2
Q13151,A2
Q13152,A2
Q13153,A2
Q13154,A2
Q13155,A2
Q13156,A2
Q13157,A2
Q13158,A2
Q13159,A2
Q13160,A2
Q13161,A2
Q13162,A2
Q13163,A2
Q13164,A2
Q13165,A2
Q13166,A2
Q13167,A2
Q13168,A2
Q13169,A2
Q13170,A2
Q13171,A2
Q13172,A2
Q13173,A2
Q13174,A2
Q13175,A2
Q13176,A2
Q13177,A2
Q13178,A2
Q13179,A2
Q13180,A2
Q13181,A2
Q13182,A2
Q13183,A2
Q13184,A2
Q13185,A2
Q13186,A2
Q13187,A2
Q13188,A2
Q13189,A2
Q13190,A2
Q13191,A2
Q13192,A2
Q13193,A2
Q13194,A2
Q13195,A2
Q13196,A2
Q13197,A2
Q13198,A2
Q13199,A2
Q13200,A2
Q13201,A2
Q13202,A2
Q13203,A2
Q13204,A2
Q13205,A2
Q13206,A2
Q13207,A2
Q13208,A2
Q13209,A2
Q13210,A2
Q13211,A2
Q13212,A2
Q13213,A2
Q13214,A2
Q13215,A2
Q13216,A2
Q13217,A2
Q13218,A2
Q13219,A2
Q13220,A2
Q13221,A2
Q13222,A2
Q13223,A2
Q13224,A2
Q13225,A2
Q13226,A2
Q13227,A2
Q13228,A2
Q13229,A2
Q13230,A2
Q13231,A2
Q13232,A2
Q13233,A2
Q13234,A2
Q13235,A2
Q13236,A2
Q13237,A2
Q13238,A2
Q13239,A2
Q13240,A2
Q13241,A2
Q13242,A2
Q13243,A2
Q13244,A2
Q13245,A2
Q13246,A2
Q13247,A2
Q13248,A2
Q13249,A2
Q13250,A2
Q13251,A2
Q13252,A2
Q13253,A2
Q13254,A2
Q13255,A2
Q13256,A2
Q13257,A2
Q13258,A2
Q13259,A2
Q13260,A2
Q13261,A2
Q13262,A2
Q13263,A2
Q13264,A2
Q13265,A2
Q13266,A2
Q13267,A2
Q13268,A2
Q13269,A2
Q13270,A2
Q13271,A2
Q13272,A2
Q13273,A2
Q13274,A2
Q13275,A2
Q13276,A2
Q13277,A2
Q13278,A2
Q13279,A2
Q13280,A2
Q13281,A2
Q13282,A2
Q13283,A2
Q13284,A2
Q13285,A2
Q13286,A2
Q13287,A2
Q13288,A2
Q13289,A2
Q13290,A2
Q13291,A2
Q13292,A2
Q13293,A2
Q13294,A2
Q13295,A2
Q13296,A2
Q13297,A2
Q13298,A2
Q13299,A2
Q13300,A2
Q13301,A2
Q13302,A2
Q13303,A2
Q13304,A2
Q13305,A2
Q13306,A2
Q13307,A2
Q13308,A2
Q13309,A2
Q13310,A2
Q13311,A2
Q13312,A2
Q13313,A2
Q13314,A2
Q13315,A2
Q13316,A2
Q13317,A2
Q13318,A2
Q13319,A2
Q13320,A2
Q13321,A2
Q13322,A2
Q13323,A2
Q13324,A2
Q13325,A2
Q13326,A2
Q13327,A2
Q13328,A2
Q13329,A2
Q13330,A2
Q13331,A2
Q13332,A2
Q13333,A2
Q13334,A2
Q13335,A2
Q13336,A2
Q13337,A2
Q13338,A2
Q13339,A2
Q13340,A2
Q13341,A2
Q13342,A2
Q13343,A2
Q13344,A2
Q13345,A2
Q13346,A2
Q13347,A2
Q13348,A2
Q13349,A2
Q13350,A2
Q13351,A2
Q13352,A2
Q13353,A2
Q13354,A2
Q13355,A2
Q13356,A2
Q13357,A2
Q13358,A2
Q13359,A2
Q13360,A2
Q13361,A2
Q13362,A2
Q13363,A2
Q13364,A2
Q13365,A2
Q13366,A2
Q13367,A2
Q13368,A2
Q13369,A2
Q13370,A2
Q13371,A2
Q13372,A2
Q13373,A2
Q13374,A2
Q13375,A2
Q13376,A2
Q13377,A2
Q13378,A2
Q13379,A2
Q13380,A2
Q13381,A2
Q13382,A2
Q13383,A2
Q13384,A2
Q13385,A2
Q13386,A2
Q13387,A2
Q13388,A2
Q13389,A2
Q13390,A2
Q13391,A2
Q13392,A2
Q13393,A2
Q13394,A2
Q13395,A2
Q13396,A2
Q13397,A2
Q13398,A2
Q13399,A2
Q13400,A2
Q13401,A2
Q13402,A2
Q13403,A2
Q13404,A2
Q13405,A2
Q13406,A2
Q13407,A2
Q13408,A2
Q13409,A2
Q13410,A2
Q13411,A2
Q13412,A2
Q13413,A2
Q13414,A2
Q13415,A2
Q13416,A2
Q13417,A2
Q13418,A2
Q13419,A2
Q13420,A2
Q13421,A2
Q13422,A2
Q13423,A2
Q13424,A2
Q13425,A2
Q13426,A2
Q13427,A2
Q13428,A2
Q13429,A2
Q13430,A2
Q13431,A2
Q13432,A2
Q13433,A2
Q13434,A2
Q13435,A2
Q13436,A2
Q13437,A2
Q13438,A2
Q13439,A2
Q13440,A2
Q13441,A2
Q13442,A2
Q13443,A2
Q13444,A2
Q13445,A2
Q13446,A2
Q13447,A2
Q13448,A2
Q13449,A2
Q13450,A2
Q13451,A2
Q13452,A2
Q13453,A2
Q13454,A2
Q13455,A2
Q13456,A2
Q13457,A2
Q13458,A2
Q13459,A2
Q13460,A2
Q13461,A2
Q13462,A2
Q13463,A2
Q13464,A2
Q13465,A2
Q13466,A2
Q13467,A2
Q13468,A2
Q13469,A2
Q13470,A2
Q13471,A2
Q13472,A2
Q13473,A2
Q13474,A2
Q13475,A2
Q13476,A2
Q13477,A2
Q13478,A2
Q13479,A2
Q13480,A2
Q13481,A2
Q13482,A2
Q13483,A2
Q13484,A2
Q13485,A2
Q13486,A2
Q13487,A2
Q13488,A2
Q13489,A2
Q13490,A2
Q13491,A2
Q13492,A2
Q13493,A2
Q13494,A2
Q13495,A2
Q13496,A2
Q13497,A2
Q13498,A2
Q13499,A2
Q13500,A2
Q13501,A2
Q13502,A2
Q13503,A2
Q13504,A2
Q13505,A2
Q13506,A2
Q13507,A2
Q13508,A2
Q13509,A2
Q13510,A2
Q13511,A2
Q13512,A2
Q13513,A2
Q13514,A2
Q13515,A2
Q13516,A2
Q13517,A2
Q13518,A2
Q13519,A2
Q13520,A2
Q13521,A2
Q13522,A2
Q13523,A2
Q13524,A2
Q13525,A2
Q13526,A2
Q13527,A2
Q13528,A2
Q13529,A2
Q13530,A2
Q13531,A2
Q13532,A2
Q13533,A2
Q13534,A2
Q13535,A2
Q13536,A2
Q13537,A2
Q13538,A2
Q13539,A2
Q13540,A2
Q13541,A2
Q13542,A2
Q13543,A2
Q13544,A2
Q13545,A2
Q13546,A2
Q13547,A2
Q13548,A2
Q13549,A2
Q13550,A2
Q13551,A2
Q13552,A2
Q13553,A2
Q13554,A2
Q13555,A2
Q13556,A2
Q13557,A2
Q13558,A2
Q13559,A2
Q13560,A2
Q13561,A2
Q13562,A2
Q13563,A2
Q13564,A2
Q13565,A2
Q13566,A2
Q13567,A2
Q13568,A2
Q13569,A2
Q13570,A2
Q13571,A2
Q13572,A2
Q13573,A2
Q13574,A2
Q13575,A2
Q13576,A2
Q13577,A2
Q13578,A2
Q13579,A2
Q13580,A2
Q13581,A2
Q13582,A2
Q13583,A2
Q13584,A2
Q13585,A2
Q13586,A2
Q13587,A2
Q13588,A2
Q13589,A2
Q13590,A2
Q13591,A2
Q13592,A2
Q13593,A2
Q13594,A2
Q13595,A2
Q13596,A2
Q13597,A2
Q13598,A2
Q13599,A2
Q13600,A2
Q13601,A2
Q13602,A2
Q13603,A2
Q13604,A2
Q13605,A2
Q13606,A2
Q13607,A2
Q13608,A2
Q13609,A2
Q13610,A2
Q13611,A2
Q13612,A2
Q13613,A2
Q13614,A2
Q13615,A2
Q13616,A2
Q13617,A2
Q13618,A2
Q13619,A2
Q13620,A2
Q13621,A2
Q13622,A2
Q13623,A2
Q13624,A2
Q13625,A2
Q13626,A2
Q13627,A2
Q13628,A2
Q13629,A2
Q13630,A2
Q13631,A2
Q13632,A2
Q13633,A2
Q13634,A2
Q13635,A2
Q13636,A2
Q13637,A2
Q13638,A2
Q13639,A2
Q13640,A2
Q13641,A2
Q13642,A2
Q13643,A2
Q13644,A2
Q13645,A2
Q13646,A2
Q13647,A2
Q13648,A2
Q13649,A2
Q13650,A2
Q13651,A2
Q13652,A2
Q13653,A2
Q13654,A2
Q13655,A2
Q13656,A2
Q13657,A2
Q13658,A2
Q13659,A2
Q13660,A2
Q13661,A2
Q13662,A2
Q13663,A2
Q13664,A2
Q13665,A2
Q13666,A2
Q13667,A2
Q13668,A2
Q13669,A2
Q13670,A2
Q13671,A2
Q13672,A2
Q13673,A2
Q13674,A2
Q13675,A2
Q13676,A2
Q13677,A2
Q13678,A2
Q13679,A2
Q13680,A2
Q13681,A2
Q13682,A2
Q13683,A2
Q13684,A2
Q13685,A2
Q13686,A2
Q13687,A2
Q13688,A2
Q13689,A2
Q13690,A2
Q13691,A2
Q13692,A2
Q13693,A2
Q13694,A2
Q13695,A2
Q13696,A2
Q13697,A2
Q13698,A2
Q13699,A2
Q13700,A2
Q13701,A2
Q13702,A2
Q13703,A2
Q13704,A2
Q13705,A2
Q13706,A2
Q13707,A2
Q13708,A2
Q13709,A2
Q13710,A2
Q13711,A2
Q13712,A2
Q13713,A2
Q13714,A2
Q13715,A2
Q13716,A2
Q13717,A2
Q13718,A1
Q13719,A1
Q13720,A1
Q13721,A1
Q13722,A1
Q13723,A1
Q13724,A1
Q13725,A1
Q13726,A1
Q13727,A1
Q13728,A1
Q13729,A1
Q13730,A1
Q13731,A1
Q13732,A1
Q13733,A1
Q13734,A1
Q13735,A1
Q13736,A1
Q13737,A1
Q13738,A1
Q13739,A1
Q13740,A1
Q13741,A1
Q13742,A1
Q13743,A1
Q13744,A1
Q13745,A1
Q13746,A1
Q13747,A1
Q13748,A1
Q13749,A1
Q13750,A1
Q13751,A1
Q13752,A1
Q13753,A1
Q13754,A1
Q13755,A1
Q13756,A1
Q13757,A1
Q13758,A1
Q13759,A1
Q13760,A1
Q13761,A1
Q13762,A1
Q13763,A1
Q13764,A1
Q13765,A1
Q13766,A1
Q13767,A1
Q13768,A1
Q13769,A1
Q13770,A1
Q13771,A1
Q13772,A1
Q13773,A1
Q13774,A1
Q13775,A1
Q13776,A1
Q13777,A1
Q13778,A1
Q13779,A1
Q13780,A1
Q13781,A1
Q13782,A1
Q13783,A1
Q13784,A1
Q13785,A1
Q13786,A1
Q13787,A1
Q13788,A1
Q13789,A1
Q13790,A1
Q13791,A1
Q13792,A1
Q13793,A1
Q13794,A1
Q13795,A1
Q13796,A1
Q13797,A1
Q13798,A1
Q13799,A1
Q13800,A1
Q13801,A1
Q13802,A1
Q13803,A1
Q13804,A1
Q13805,A1
Q13806,A1
Q13807,A1
Q13808,A1
Q13809,A1
Q13810,A1
Q13811,A1
Q13812,A1
Q13813,A1
Q13814,A1
Q13815,A1
Q13816,A1
Q13817,A1
Q13818,A1
Q13819,A1
Q13820,A1
Q13821,A1
Q13822,A1
Q13823,A1
Q13824,A1
Q13825,A1
Q13826,A1
Q13827,A1
Q13828,A1
Q13829,A1
Q13830,A1
Q13831,A1
Q13832,A1
Q13833,A1
Q13834,A1
Q13835,A1
Q13836,A1
Q13837,A1
Q13838,A1
Q13839,A1
Q13840,A1
Q13841,A1
Q13842,A1
Q13843,A1
Q13844,A1
Q13845,A1
Q13846,A1
Q13847,A1
Q13848,A1
Q13849,A1
Q13850,A1
Q13851,A1
Q13852,A1
Q13853,A1
Q13854,A1
Q13855,A1
Q13856,A1
Q13857,A1
Q13858,A1
Q13859,A1
Q13860,A1
Q13861,A1
Q13862,A1
Q13863,A1
Q13864,A1
Q13865,A1
Q13866,A1
Q13867,A1
Q13868,A1
Q13869,A1
Q13870,A1
Q13871,A1
Q13872,A1
Q13873,A1
Q13874,A1
Q13875,A1
Q13876,A1
Q13877,A1
Q13878,A1
Q13879,A1
Q13880,A1
Q13881,A1
Q13882,A1
Q13883,A1
Q13884,A1
Q13885,A1
Q13886,A1
Q13887,A1
Q13888,A1
Q13889,A1
Q13890,A1
Q13891,A1
Q13892,A1
Q13893,A1
Q13894,A1
Q13895,A1
Q13896,A1
Q13897,A1
Q13898,A1
Q13899,A1
Q13900,A1
Q13901,A1
Q13902,A1
Q13903,A1
Q13904,A1
Q13905,A1
Q13906,A1
Q13907,A1
Q13908,A1
Q13909,A1
Q13910,A1
Q13911,A1
Q13912,A1
Q13913,A1
Q13914,A1
Q13915,A1
Q13916,A1
Q13917,A1
Q13918,A1
Q13919,A1
Q13920,A1
Q13921,A1
Q13922,A1
Q13923,A1
Q13924,A1
Q13925,A1
Q13926,A1
Q13927,A1
Q13928,A1
Q13929,A1
Q13930,A1
Q13931,A1
Q13932,A1
Q13933,A1
Q13934,A1
Q13935,A1
Q13936,A1
Q13937,A1
Q13938,A1
Q13939,A1
Q13940,A1
Q13941,A1
Q13942,A1
Q13943,A1
Q13944,A1
Q13945,A1
Q13946,A1
Q13947,A1
Q13948,A1
Q13949,A1
Q13950,A1
Q13951,A1
Q13952,A1
Q13953,A1
Q13954,A1
Q13955,A1
Q13956,A1
Q13957,A1
Q13958,A1
Q13959,A1
Q13960,A1
Q13961,A1
Q13962,A1
Q13963,A1
Q13964,A1
Q13965,A1
Q13966,A1
Q13967,A1
Q13968,A1
Q13969,A1
Q13970,A1
Q13971,A1
Q13972,A1
Q13973,A1
Q13974,A1
Q13975,A1
Q13976,A1
Q13977,A1
Q13978,A1
Q13979,A1
Q13980,A1
Q13981,A1
Q13982,A1
Q13983,A1
Q13984,A1
Q13985,A1
Q13986,A1
Q13987,A1
Q13988,A1
Q13989,A1
Q13990,A1
Q13991,A1
Q13992,A1
Q13993,A1
Q13994,A1
Q13995,A1
Q13996,A1
Q13997,A1
Q13998,A1
Q13999,A1
Q14000,A1
Q14001,A1
Q14002,A1
Q14003,A1
Q14004,A1
Q14005,A1
Q14006,A1
Q14007,A1
Q14008,A1
Q14009,A1
Q14010,A1
Q14011,A1
Q14012,A1
Q14013,A1
Q14014,A1
Q14015,A1
Q14016,A1
Q14017,A1
Q14018,A1
Q14019,A1
Q14020,A1
Q14021,A1
Q14022,A1
Q14023,A1
Q14024,A1
Q14025,A1
Q14026,A1
Q14027,A1
Q14028,A1
Q14029,A1
Q14030,A1
Q14031,A1
Q14032,A1
Q14033,A1
Q14034,A1
Q14035,A1
Q14036,A1
Q14037,A1
Q14038,A1
Q14039,A1
Q14040,A1
Q14041,A1
Q14042,A1
Q14043,A1
Q14044,A1
Q14045,A1
Q14046,A1
Q14047,A1
Q14048,A1
Q14049,A1
Q14050,A1
Q14051,A1
Q14052,A1
Q14053,A1
Q14054,A1
Q14055,A1
Q14056,A1
Q14057,A1
Q14058,A1
Q14059,A1
Q14060,A1
Q14061,A1
Q14062,A1
Q14063,A1
Q14064,A1
Q14065,A1
Q14066,A1
Q14067,A1
Q14068,A0
Q14069,A0
Q14070,A0
Q14071,A0
Q14072,A0
Q14073,A0
Q14074,A0
Q14075,A0
Q14076,A0
Q14077,A0
Q14078,A0
Q14079,A0
Q14080,A0
Q14081,A0
Q14082,A0
Q14083,A0
Q14084,A0
Q14085,A0
Q14086,A0
Q14087,A0
Q14088,A0
Q14089,A0
Q14090,A0
Q14091,A0
Q14092,A0
Q14093,A0
Q14094,A0
Q14095,A0
Q14096,A0
Q14097,A0
Q14098,A0
Q14099,A0
Q14100,A0
Q14101,A0
Q14102,A0
Q14103,A0
Q14104,A0
Q14105,A0
Q14106,A0
Q14107,A0
Q14108,A0
Q14109,A0
Q14110,A0
Q14111,A0
Q14112,A0
Q14113,A0
Q14114,A0
Q14115,A0
Q14116,A0
Q14117,A0
Q14118,A0
Q14119,A0
Q14120,A0
Q14121,A0
Q14122,A0
Q14123,A0
Q14124,A0
Q14125,A0
Q14126,A0
Q14127,A0
Q14128,A0
Q14129,A0
Q14130,A0
Q14131,A0
Q14132,A0
Q14133,A0
Q14134,A0
Q14135,A0
Q14136,A0
Q14137,A0
Q14138,A0
Q14139,A0
Q14140,A0
Q14141,A0
Q14142,A0
Q14143,A0
Q14144,A0
Q14145,A0
Q14146,A0
Q14147,A0
Q14148,A0
Q14149,A0
Q14150,A0
Q14151,A0
Q14152,A0
Q14153,A0
Q14154,A0
Q14155,A0
Q14156,A0
Q14157,A0
Q14158,A0
Q14159,A0
Q14160,A0
Q14161,A0
Q14162,A0
Q14163,A0
Q14164,A0
Q14165,A0
Q14166,A0
Q14167,A0
Q14168,A0
Q14169,A0
Q14170,A0
Q14171,A0
Q14172,A0
Q14173,A0
Q14174,A0
Q14175,A0
Q14176,A0
Q14177,A0
Q14178,A0
Q14179,A0
Q14180,A0
Q14181,A0
Q14182,A0
Q14183,A0
Q14184,A0
Q14185,A0
Q14186,A0
Q14187,A0
Q14188,A0
Q14189,A0
Q14190,A0
Q14191,A0
Q14192,A0
Q14193,A0
Q14194,A0
Q14195,A0
Q14196,A0
Q14197,A0
Q14198,A0
Q14199,A0
Q14200,A0
Q14201,A0
Q14202,A0
Q14203,A0
Q14204,A0
Q14205,A0
Q14206,A0
Q14207,A0
Q14208,A0
Q14209,A0
Q14210,A0
Q14211,A0
Q14212,A0
Q14213,A0
Q14214,A0
Q14215,A0
Q14216,A0
Q14217,A0
Q14218,A0
Q14219,A0
Q14220,A0
Q14221,A0
Q14222,A0
Q14223,A0
Q14224,A0
Q14225,A0
Q14226,A0
Q14227,A0
Q14228,A0
Q14229,A0
Q14230,A0
Q14231,A0
Q14232,A0
Q14233,A0
Q14234,A0
Q14235,A0
Q14236,A0
Q14237,A0
Q14238,A0
Q14239,A0
Q14240,A0
Q14241,A0
Q14242,A0
Q14243,A0
Q14244,A0
Q14245,A0
Q14246,A0
Q14247,A0
Q14248,A0
Q14249,A0
Q14250,A0
Q14251,A0
Q14252,A0
Q14253,A0
Q14254,A0
Q14255,A0
Q14256,A0
Q14257,A0
Q14258,A0
Q14259,A0
Q14260,A0
Q14261,A0
Q14262,A0
Q14263,A0
Q14264,A0
Q14265,A0
Q14266,A0
Q14267,A0
Q14268,A0
Q14269,A0
Q14270,A0
Q14271,A0
Q14272,A0
Q14273,A0
Q14274,A0
Q14275,A0
Q14276,A0
Q14277,A0
Q14278,A0
Q14279,A0
Q14280,A0
Q14281,A0
Q14282,A0
Q14283,A0
Q14284,A0
Q14285,A0
Q14286,A0
Q14287,A0
Q14288,A0
Q14289,A0
Q14290,A0
Q14291,A0
Q14292,A0
Q14293,A0
Q14294,A0
Q14295,A0
Q14296,A0
Q14297,A0
Q14298,A0
Q14299,A0
Q14300,A0
Q14301,A0
Q14302,A0
Q14303,A0
Q14304,A0
Q14305,A0
Q14306,A0
Q14307,A0
Q14308,A0
Q14309,A0
Q14310,A0
Q14311,A0
Q14312,A0
Q14313,A0
Q14314,A0
Q14315,A0
Q14316,A0
Q14317,A0
Q14318,A0
Q14319,A0
Q14320,A0
Q14321,A0
Q14322,A0
Q14323,A0
Q14324,A0
Q14325,A0
Q14326,A0
Q14327,A0
Q14328,A0
Q14329,A0
Q14330,A0
Q14331,A0
Q14332,A0
Q14333,A0
Q14334,A0
Q14335,A0
Q14336,A0
Q14337,A0
Q14338,A0
Q14339,A0
Q14340,A0
Q14341,A0
Q14342,A0
Q14343,A0
Q14344,A0
Q14345,A0
Q14346,A0
Q14347,A0
Q14348,A0
Q14349,A0
Q14350,A0
Q14351,A0
Q14352,A0
Q14353,A0
Q14354,A0
Q14355,A0
Q14356,A0
Q14357,A0
Q14358,A0
Q14359,A0
Q14360,A0
Q14361,A0
Q14362,A0
Q14363,A0
Q14364,A0
Q14365,A0
Q14366,A0
Q14367,A0
Q14368,A0
Q14369,A0
Q14370,A0
Q14371,A0
Q14372,A0
Q14373,A0
Q14374,A0
Q14375,A0
Q14376,A0
Q14377,A0
Q14378,A0
Q14379,A0
Q14380,A0
Q14381,A0
Q14382,A0
Q14383,A0
Q14384,A0
Q14385,A0
Q14386,A0
Q14387,A0
Q14388,A0
Q14389,A0
Q14390,A0
Q14391,A0
Q14392,A0
Q14393,A0
Q14394,A0
Q14395,A0
Q14396,A0
Q14397,A0
Q14398,A0
Q14399,A0
Q14400,A0
Q14401,A0
Q14402,A0
Q14403,A0
Q14404,A0
Q14405,A0
Q14406,A0
Q14407,A0
Q14408,A0
Q14409,A0
Q14410,A0
Q14411,A0
Q14412,A0
Q14413,A0
Q14414,A0
Q14415,A0
Q14416,A0
Q14417,A0
Q14418,A0
Q14419,A0
Q14420,A0
Q14421,A0
Q14422,A0
Q14423,A0
Q14424,A0
Q14425,A0
Q14426,A0
Q14427,A0
Q14428,A0
Q14429,A0
Q14430,A0
Q14431,A0
Q14432,A0
Q14433,A0
Q14434,A0
Q14435,A0
Q14436,A0
Q14437,A0
Q14438,A0
Q14439,A0
Q14440,A0
Q14441,A0
Q14442,A0
Q14443,A0
Q14444,A0
Q14445,A0
Q14446,A0
Q14447,A0
Q14448,A0
Q14449,A0
Q14450,A0
Q14451,A0
Q14452,A0
Q14453,A0
Q14454,A0
Q14455,A0
Q14456,A0
Q14457,A0
Q14458,A0
Q14459,A0
Q14460,A0
Q14461,A0
Q14462,A0
Q14463,A0
Q14464,A0
Q14465,A0
Q14466,A0
Q14467,A0
Q14468,A0
Q14469,A0
Q14470,A0
Q14471,A0
Q14472,A0
Q14473,A0
Q14474,A0
Q14475,A0
Q14476,A0
Q14477,A0
Q14478,A0
Q14479,A0
Q14480,A0
Q14481,A0
Q14482,A0
Q14483,A0
Q14484,A0
Q14485,A0
Q14486,A0
Q14487,A0
Q14488,A0
Q14489,A0
Q14490,A0
Q14491,A0
Q14492,A0
Q14493,A0
Q14494,A0
Q14495,A0
Q14496,A0
Q14497,A0
Q14498,A0
Q14499,A0
Q14500,A0
Q14501,A0
Q14502,A0
Q14503,A0
Q14504,A0
Q14505,A0
Q14506,A0
Q14507,A0
Q14508,A0
Q14509,A0
Q14510,A0
Q14511,A0
Q14512,A0
Q14513,A0
Q14514,A0
Q14515,A0
Q14516,A0
Q14517,A0
Q14518,A0
Q14519,A0
Q14520,A0
Q14521,A0
Q14522,A0
Q14523,A0
Q14524,A0
Q14525,A0
Q14526,A0
Q14527,A0
Q14528,A0
Q14529,A0
Q14530,A0
Q14531,A0
Q14532,A0
Q14533,A0
Q14534,A0
Q14535,A0
Q14536,A0
Q14537,A0
Q14538,A0
Q14539,A0
Q14540,A0
Q14541,A0
Q14542,A0
Q14543,A0
Q14544,A0
Q14545,A0
Q14546,A0
Q14547,A0
Q14548,A0
Q14549,A0
Q14550,A0
Q14551,A0
Q14552,A0
Q14553,A0
Q14554,A0
Q14555,A0
Q14556,A0
Q14557,A0
Q14558,A0
Q14559,A0
Q14560,A0
Q14561,A0
Q14562,A0
Q14563,A0
Q14564,A0
Q14565,A0
Q14566,A0
Q14567,A0
Q14568,A0
Q14569,A0
Q14570,A0
Q14571,A0
Q14572,A0
Q14573,A0
Q14574,A0
Q14575,A0
Q14576,A0
Q14577,A0
Q14578,A0
Q14579,A0
Q14580,A0
Q14581,A0
Q14582,A0
Q14583,A0
Q14584,A0
Q14585,A0
Q14586,A0
Q14587,A0
Q14588,A0
Q14589,A0
Q14590,A0
Q14591,A0
Q14592,A0
Q14593,A0
Q14594,A0
Q14595,A0
Q14596,A0
Q14597,A0
Q14598,A0
Q14599,A0
Q14600,A0
Q14601,A0
Q14602,A0
Q14603,A0
Q14604,A0
Q14605,A0
Q14606,A0
Q14607,A0
Q14608,A0
Q14609,A0
Q14610,A0
Q14611,A0
Q14612,A0
Q14613,A0
Q14614,A0
Q14615,A0
Q14616,A0
Q14617,A0
Q14618,A0
Q14619,A0
Q14620,A0
Q14621,A0
Q14622,A0
Q14623,A0
Q14624,A0
Q14625,A0
Q14626,A0
Q14627,A0
Q14628,A0
Q14629,A0
Q14630,A0
Q14631,A0
Q14632,A0
Q14633,A0
Q14634,A0
Q14635,A0
Q14636,A0
Q14637,A0
Q14638,A0
Q14639,A0
Q14640,A0
Q14641,A0
Q14642,A0
Q14643,A0
Q14644,A0
Q14645,A0
Q14646,A0
Q14647,A0
Q14648,A0
Q14649,A0
Q14650,A0
Q14651,A0
Q14652,A0
Q14653,A0
Q14654,A0
Q14655,A0
Q14656,A0
Q14657,A0
Q14658,A0
Q14659,A0
Q14660,A0
Q14661,A0
Q14662,A0
Q14663,A0
Q14664,A0
Q14665,A0
Q14666,A0
Q14667,A0
Q14668,A0
Q14669,A0
Q14670,A0
Q14671,A0
Q14672,A0
Q14673,A0
Q14674,A0
Q14675,A0
Q14676,A0
Q14677,A0
Q14678,A0
Q14679,A0
Q14680,A0
Q14681,A0
Q14682,A0
Q14683,A0
Q14684,A0
Q14685,A0
Q14686,A0
Q14687,A0
Q14688,A0
Q14689,A0
Q14690,A0
Q14691,A0
Q14692,A0
Q14693,A0
Q14694,A0
Q14695,A0
Q14696,A0
Q14697,A0
Q14698,A0
Q14699,A0
Q14700,A0
Q14701,A0
Q14702,A0
Q14703,A0
Q14704,A0
Q14705,A0
Q14706,A0
Q14707,A0
Q14708,A0
Q14709,A0
Q14710,A0
Q14711,A0
Q14712,A0
Q14713,A0
Q14714,A0
Q14715,A0
Q14716,A0
Q14717,A0
Q14718,A0
Q14719,A0
Q14720,A0
Q14721,A0
Q14722,A0
Q14723,A0
Q14724,A0
Q14725,A0
Q14726,A0
Q14727,A0
Q14728,A0
Q14729,A0
Q14730,A0
Q14731,A0
Q14732,A0
Q14733,A0
Q14734,A0
Q14735,A0
Q14736,A0
Q14737,A0
Q14738,A0
Q14739,A0
Q14740,A0
Q14741,A0
Q14742,A0
Q14743,A0
Q14744,A0
Q14745,A0
Q14746,A0
Q14747,A0
Q14748,A0
Q14749,A0
Q14750,A0
Q14751,A0
Q14752,A0
Q14753,A0
Q14754,A0
Q14755,A0
Q14756,A0
Q14757,A0
Q14758,A0
Q14759,A0
Q14760,A0
Q14761,A0
Q14762,A0
Q14763,A0
Q14764,A0
Q14765,A0
Q14766,A0
Q14767,A0
Q14768,A0
Q14769,A0
Q14770,A0
Q14771,A0
Q14772,A0
Q14773,A0
Q14774,A0
Q14775,A0
Q14776,A0
Q14777,A0
Q14778,A0
Q14779,A0
Q14780,A0
Q14781,A0
Q14782,A0
Q14783,A0
Q14784,A0
Q14785,A0
Q14786,A0
Q14787,A0
Q14788,A0
Q14789,A0
Q14790,A0
Q14791,A0
Q14792,A0
Q14793,A0
Q14794,A0
Q14795,A0
Q14796,A0
Q14797,A0
Q14798,A0
Q14799,A0
Q14800,A0
Q14801,A0
Q14802,A0
Q14803,A0
Q14804,A0
Q14805,A0
Q14806,A0
Q14807,A0
Q14808,A0
Q14809,A0
Q14810,A0
Q14811,A0
Q14812,A0
Q14813,A0
Q14814,A0
Q14815,A0
Q14816,A0
Q14817,A0
Q14818,A0
Q14819,A0
Q14820,A0
Q14821,A0
Q14822,A0
Q14823,A0
Q14824,A0
Q14825,A0
Q14826,A0
Q14827,A0
Q14828,A0
Q14829,A0
Q14830,A0
Q14831,A0
Q14832,A0
Q14833,A0
Q14834,A0
Q14835,A0
Q14836,A0
Q14837,A0
Q14838,A0
Q14839,A0
Q14840,A0
Q14841,A0
Q14842,A0
Q14843,A0
Q14844,A0
Q14845,A0
Q14846,A0
Q14847,A0
Q14848,A0
Q14849,A0
Q14850,A0
Q14851,A0
Q14852,A0
Q14853,A0
Q14854,A0
Q14855,A0
Q14856,A0
Q14857,A0
Q14858,A0
Q14859,A0
Q14860,A0
Q14861,A0
Q14862,A0
Q14863,A0
Q14864,A0
Q14865,A0
Q14866,A0
Q14867,A0
Q14868,A0
Q14869,A0
Q14870,A0
Q14871,A0
Q14872,A0
Q14873,A0
Q14874,A0
Q14875,A0
Q14876,A0
Q14877,A0
Q14878,A0
Q14879,A0
Q14880,A0
Q14881,A0
Q14882,A0
Q14883,A0
Q14884,A0
Q14885,A0
Q14886,A0
Q14887,A0
Q14888,A0
Q14889,A0
Q14890,A0
Q14891,A0
Q14892,A0
Q14893,A0
Q14894,A0
Q14895,A0
Q14896,A0
Q14897,A0
Q14898,A0
Q14899,A0
Q14900,A0
Q14901,A0
Q14902,A0
Q14903,A0
Q14904,A0
Q14905,A0
Q14906,A0
Q14907,A0
Q14908,A0
Q14909,A0
Q14910,A0
Q14911,A0
Q14912,A0
Q14913,A0
Q14914,A0
Q14915,A0
Q14916,A0
Q14917,A0
Q14918,A0
Q14919,A0
Q14920,A0
Q14921,A0
Q14922,A0
Q14923,A0
Q14924,A0
Q14925,A0
Q14926,A0
Q14927,A0
Q14928,A0
Q14929,A0
Q14930,A0
Q14931,A0
Q14932,A0
Q14933,A0
Q14934,A0
Q14935,A0
Q14936,A0
Q14937,A0
Q14938,A0
Q14939,A0
Q14940,A0
Q14941,A0
Q14942,A0
Q14943,A0
Q14944,A0
Q14945,A0
Q14946,A0
Q14947,A0
Q14948,A0
Q14949,A0
Q14950,A0
Q14951,A0
Q14952,A0
Q14953,A0
Q14954,A0
Q14955,A0
Q14956,A0
Q14957,A0
Q14958,A0
Q14959,A0
Q14960,A0
Q14961,A0
Q14962,A0
Q14963,A0
Q14964,A0
Q14965,A0
Q14966,A0
Q14967,A0
Q14968,A0
Q14969,A0
Q14970,A0
Q14971,A0
Q14972,A0
Q14973,A0
Q14974,A0
Q14975,A0
Q14976,A0
Q14977,A0
Q14978,A0
Q14979,A0
Q14980,A0
Q14981,A0
Q14982,A0
Q14983,A0
Q14984,A0
Q14985,A0
Q14986,A0
Q14987,A0
Q14988,A0
Q14989,A0
Q14990,A0
Q14991,A0
Q14992,A0
Q14993,A0
Q14994,A0
Q14995,A0
Q14996,A0
Q14997,A0
Q14998,A0
Q14999,A0
Q15000,A0
Q15001,A0
Q15002,A0
Q15003,A0
Q15004,A0
Q15005,A0
Q15006,A0
Q15007,A0
Q15008,A0
Q15009,A0
Q15010,A0
Q15011,A0
Q15012,A0
Q15013,A0
Q15014,A0
Q15015,A0
Q15016,A0
Q15017,A0
Q15018,A0
Q15019,A0
Q15020,A0
Q15021,A0
Q15022,A0
Q15023,A0
Q15024,A0
Q15025,A0
Q15026,A0
Q15027,A0
Q15028,A0
Q15029,A0
Q15030,A0
Q15031,A0
Q15032,A0
Q15033,A0
Q15034,A0
Q15035,A0
Q15036,A0
Q15037,A0
Q15038,A0
Q15039,A0
Q15040,A0
Q15041,A0
Q15042,A0
Q15043,A0
Q15044,A0
Q15045,A0
Q15046,A0
Q15047,A0
Q15048,A0
Q15049,A0
Q15050,A0
Q15051,A0
Q15052,A0
Q15053,A0
Q15054,A0
Q15055,A0
Q15056,A0
Q15057,A0
Q15058,A0
Q15059,A0
Q15060,A0
Q15061,A0
Q15062,A0
Q15063,A0
Q15064,A0
Q15065,A0
Q15066,A0
Q15067,A0
Q15068,A0
Q15069,A0
Q15070,A0
Q15071,A0
Q15072,A0
Q15073,A0
Q15074,A0
Q15075,A0
Q15076,A0
Q15077,A0
Q15078,A0
Q15079,A0
Q15080,A0
Q15081,A0
Q15082,A0
Q15083,A0
Q15084,A0
Q15085,A0
Q15086,A0
Q15087,A0
Q15088,A0
Q15089,A0
Q15090,A0
Q15091,A0
Q15092,A0
Q15093,A0
Q15094,A0
Q15095,A0
Q15096,A0
Q15097,A0
Q15098,A0
Q15099,A0
Q15100,A0
Q15101,A0
Q15102,A0
Q15103,A0
Q15104,A0
Q15105,A0
Q15106,A0
Q15107,A0
Q15108,A0
Q15109,A0
Q15110,A0
Q15111,A0
Q15112,A0
Q15113,A0
Q15114,A0
Q15115,A0
Q15116,A0
Q15117,A0
Q15118,A0
Q15119,A0
Q15120,A0
Q15121,A0
Q15122,A0
Q15123,A0
Q15124,A0
Q15125,A0
Q15126,A0
Q15127,A0
Q15128,A0
Q15129,A0
Q15130,A0
Q15131,A0
Q15132,A0
Q15133,A0
Q15134,A0
Q15135,A0
Q15136,A0
Q15137,A0
Q15138,A0
Q15139,A0
Q15140,A0
Q15141,A0
Q15142,A0
Q15143,A0
Q15144,A0
Q15145,A0
Q15146,A0
Q15147,A0
Q15148,A0
Q15149,A0
Q15150,A0
Q15151,A0
Q15152,A0
Q15153,A0
Q15154,A0
Q15155,A0
Q15156,A0
Q15157,A0
Q15158,A0
Q15159,A0
Q15160,A0
Q15161,A0
Q15162,A0
Q15163,A0
Q15164,A0
Q15165,A0
Q15166,A0
Q15167,A0
Q15168,A0
Q15169,A0
Q15170,A0
Q15171,A0
Q15172,A0
Q15173,A0
Q15174,A0
Q15175,A0
Q15176,A0
Q15177,A0
Q15178,A0
Q15179,A0
Q15180,A0
Q15181,A0
Q15182,A0
Q15183,A0
Q15184,A0
Q15185,A0
Q15186,A0
Q15187,A0
Q15188,A0
Q15189,A0
Q15190,A0
Q15191,A0
Q15192,A0
Q15193,A0
Q15194,A0
Q15195,A0
Q15196,A0
Q15197,A0
Q15198,A0
Q15199,A0
Q15200,A0
Q15201,A0
Q15202,A0
Q15203,A0
Q15204,A0
Q15205,A0
Q15206,A0
Q15207,A0
Q15208,A0
Q15209,A0
Q15210,A0
Q15211,A0
Q15212,A0
Q15213,A0
Q15214,A0
Q15215,A0
Q15216,A0
Q15217,A0
Q15218,A0
Q15219,A0
Q15220,A0
Q15221,A0
Q15222,A0
Q15223,A0
Q15224,A0
Q15225,A0
Q15226,A0
Q15227,A0
Q15228,A0
Q15229,A0
Q15230,A0
Q15231,A0
Q15232,A0
Q15233,A0
Q15234,A0
Q15235,A0
Q15236,A0
Q15237,A0
Q15238,A0
Q15239,A0
Q15240,A0
Q15241,A0
Q15242,A0
Q15243,A0
Q15244,A0
Q15245,A0
Q15246,A0
Q15247,A0
Q15248,A0
Q15249,A0
Q15250,A0
Q15251,A0
Q15252,A0
Q15253,A0
Q15254,A0
Q15255,A0
Q15256,A0
Q15257,A0
Q15258,A0
Q15259,A0
Q15260,A0
Q15261,A0
Q15262,A0
Q15263,A0
Q15264,A0
Q15265,A0
Q15266,A0
Q15267,A0
Q15268,A0
Q15269,A0
Q15270,A0
Q15271,A0
Q15272,A0
Q15273,A0
Q15274,A0
Q15275,A0
Q15276,A0
Q15277,A0
Q15278,A0
Q15279,A0
Q15280,A0
Q15281,A0
Q15282,A0
Q15283,A0
Q15284,A0
Q15285,A0
Q15286,A0
Q15287,A0
Q15288,A0
Q15289,A0
Q15290,A0
Q15291,A0
Q15292,A0
Q15293,A0
Q15294,A0
Q15295,A0
Q15296,A0
Q15297,A0
Q15298,A0
Q15299,A0
Q15300,A0
Q15301,A0
Q15302,A0
Q15303,A0
Q15304,A0
Q15305,A0
Q15306,A0
Q15307,A0
Q15308,A0
Q15309,A0
Q15310,A0
Q15311,A0
Q15312,A0
Q15313,A0
Q15314,A0
Q15315,A0
Q15316,A0
Q15317,A0
Q15318,A0
Q15319,A0
Q15320,A0
Q15321,A0
Q15322,A0
Q15323,A0
Q15324,A0
Q15325,A0
Q15326,A0
Q15327,A0
Q15328,A0
Q15329,A0
Q15330,A0
Q15331,A0
Q15332,A0
Q15333,A0
Q15334,A0
Q15335,A0
Q15336,A0
Q15337,A0
Q15338,A0
Q15339,A0
Q15340,A0
Q15341,A0
Q15342,A0
Q15343,A0
Q15344,A0
Q15345,A0
Q15346,A0
Q15347,A0
Q15348,A0
Q15349,A0
Q15350,A0
Q15351,A0
Q15352,A0
Q15353,A0
Q15354,A0
Q15355,A0
Q15356,A0
Q15357,A0
Q15358,A0
Q15359,A0
Q15360,A0
Q15361,A0
Q15362,A0
Q15363,A0
Q15364,A0
Q15365,A0
Q15366,A0
Q15367,A0
Q15368,A0
Q15369,A0
Q15370,A0
Q15371,A0
Q15372,A0
Q15373,A0
Q15374,A0
Q15375,A0
Q15376,A0
Q15377,A0
Q15378,A0
Q15379,A0
Q15380,A0
Q15381,A0
Q15382,A0
Q15383,A0
Q15384,A0
Q15385,A0
Q15386,A0
Q15387,A0
Q15388,A0
Q15389,A0
Q15390,A0
Q15391,A0
Q15392,A0
Q15393,A0
Q15394,A0
Q15395,A0
Q15396,A0
Q15397,A0
Q15398,A0
Q15399,A0
Q15400,A0
Q15401,A0
Q15402,A0
Q15403,A0
Q15404,A0
Q15405,A0
Q15406,A0
Q15407,A0
Q15408,A0
Q15409,A0
Q15410,A0
Q15411,A0
Q15412,A0
Q15413,A0
Q15414,A0
Q15415,A0
Q15416,A0
Q15417,A0
Q15418,A0
Q15419,A0
Q15420,A0
Q15421,A0
Q15422,A0
Q15423,A0
Q15424,A0
Q15425,A0
Q15426,A0
Q15427,A0
Q15428,A0
Q15429,A0
Q15430,A0
Q15431,A0
Q15432,A0
Q15433,A0
Q15434,A0
Q15435,A0
Q15436,A0
Q15437,A0
Q15438,A0
Q15439,A0
Q15440,A0
Q15441,A0
Q15442,A0
Q15443,A0
Q15444,A0
Q15445,A0
Q15446,A0
Q15447,A0
Q15448,A0
Q15449,A0
Q15450,A0
Q15451,A0
Q15452,A0
Q15453,A0
Q15454,A0
Q15455,A0
Q15456,A0
Q15457,A0
Q15458,A0
Q15459,A0
Q15460,A0
Q15461,A0
Q15462,A0
Q15463,A0
Q15464,A0
Q15465,A0
Q15466,A0
Q15467,A0
Q15468,A0
Q15469,A0
Q15470,A0
Q15471,A0
Q15472,A0
Q15473,A0
Q15474,A0
Q15475,A0
Q15476,A0
Q15477,A0
Q15478,A0
Q15479,A0
Q15480,A0
Q15481,A0
Q15482,A0
Q15483,A0
Q15484,A0
Q15485,A0
Q15486,A0
Q15487,A0
Q15488,A0
Q15489,A0
Q15490,A0
Q15491,A0
Q15492,A0
Q15493,A0
Q15494,A0
Q15495,A0
Q15496,A0
Q15497,A0
Q15498,A0
Q15499,A0
Q15500,A0
Q15501,A0
Q15502,A0
Q15503,A0
Q15504,A0
Q15505,A0
Q15506,A0
Q15507,A0
Q15508,A0
Q15509,A0
Q15510,A0
Q15511,A0
Q15512,A0
Q15513,A0
Q15514,A0
Q15515,A0
Q15516,A0
Q15517,A0
Q15518,A0
Q15519,A0
Q15520,A0
Q15521,A0
Q15522,A0
Q15523,A0
Q15524,A0
Q15525,A0
Q15526,A0
Q15527,A0
Q15528,A0
Q15529,A0
Q15530,A0
Q15531,A0
Q15532,A0
Q15533,A0
Q15534,A0
Q15535,A0
Q15536,A0
Q15537,A0
Q15538,A0
Q15539,A0
Q15540,A0
Q15541,A0
Q15542,A0
Q15543,A0
Q15544,A0
Q15545,A0
Q15546,A0
Q15547,A0
Q15548,A0
Q15549,A0
Q15550,A0
Q15551,A0
Q15552,A0
Q15553,A0
Q15554,A0
Q15555,A0
Q15556,A0
Q15557,A0
Q15558,A0
Q15559,A0
Q15560,A0
Q15561,A0
Q15562,A0
Q15563,A0
Q15564,A0
Q15565,A0
Q15566,A0
Q15567,A0
Q15568,A0
Q15569,A0
Q15570,A0
Q15571,A0
Q15572,A0
Q15573,A0
Q15574,A0
Q15575,A0
Q15576,A0
Q15577,A0
Q15578,A0
Q15579,A0
Q15580,A0
Q15581,A0
Q15582,A0
Q15583,A0
Q15584,A0
Q15585,A0
Q15586,A0
Q15587,A0
Q15588,A0
Q15589,A0
Q15590,A0
Q15591,A0
Q15592,A0
Q15593,A0
Q15594,A0
Q15595,A0
Q15596,A0
Q15597,A0
Q15598,A0
Q15599,A0
Q15600,A0
Q15601,A0
Q15602,A0
Q15603,A0
Q15604,A0
Q15605,A0
Q15606,A0
Q15607,A0
Q15608,A0
Q15609,A0
Q15610,A0
Q15611,A0
Q15612,A0
Q15613,A0
Q15614,A0
Q15615,A0
Q15616,A0
Q15617,A0
Q15618,A0
Q15619,A0
Q15620,A0
Q15621,A0
Q15622,A0
Q15623,A0
Q15624,A0
Q15625,A0
Q15626,A0
Q15627,A0
Q15628,A0
Q15629,A0
Q15630,A0
Q15631,A0
Q15632,A0
Q15633,A0
Q15634,A0
Q15635,A0
Q15636,A0
Q15637,A0
Q15638,A0
Q15639,A0
Q15640,A0
Q15641,A0
Q15642,A0
Q15643,A0
Q15644,A0
Q15645,A0
Q15646,A0
Q15647,A0
Q15648,A0
Q15649,A0
Q15650,A0
Q15651,A0
Q15652,A0
Q15653,A0
Q15654,A0
Q15655,A0
Q15656,A0
Q15657,A0
Q15658,A0
Q15659,A0
Q15660,A0
Q15661,A0
Q15662,A0
Q15663,A0
Q15664,A0
Q15665,A0
Q15666,A0
Q15667,A0
Q15668,A0
Q15669,A0
Q15670,A0
Q15671,A0
Q15672,A0
Q15673,A0
Q15674,A0
Q15675,A0
Q15676,A0
Q15677,A0
Q15678,A0
Q15679,A0
Q15680,A0
Q15681,A0
Q15682,A0
Q15683,A0
Q15684,A0
Q15685,A0
Q15686,A0
Q15687,A0
Q15688,A0
Q15689,A0
Q15690,A0
Q15691,A0
Q15692,A0
Q15693,A0
Q15694,A0
Q15695,A0
Q15696,A0
Q15697,A0
Q15698,A0
Q15699,A0
Q15700,A0
Q15701,A0
Q15702,A0
Q15703,A0
Q15704,A0
Q15705,A0
Q15706,A0
Q15707,A0
Q15708,A0
Q15709,A0
Q15710,A0
Q15711,A0
Q15712,A0
Q15713,A0
Q15714,A0
Q15715,A0
Q15716,A0
Q15717,A0
Q15718,A0
Q15719,A0
Q15720,A0
Q15721,A0
Q15722,A0
Q15723,A0
Q15724,A0
Q15725,A0
Q15726,A0
Q15727,A0
Q15728,A0
Q15729,A0
Q15730,A0
Q15731,A0
Q15732,A0
Q15733,A0
Q15734,A0
Q15735,A0
Q15736,A0
Q15737,A0
Q15738,A0
Q15739,A0
Q15740,A0
Q15741,A0
Q15742,A0
Q15743,A0
Q15744,A0
Q15745,A0
Q15746,A0
Q15747,A0
Q15748,A0
Q15749,A0
Q15750,A0
Q15751,A0
Q15752,A0
Q15753,A0
Q15754,A0
Q15755,A0
Q15756,A0
Q15757,A0
Q15758,A0
Q15759,A0
Q15760,A0
Q15761,A0
Q15762,A0
Q15763,A0
Q15764,A0
Q15765,A0
Q15766,A0
Q15767,A0
Q15768,A0
Q15769,A0
Q15770,A0
Q15771,A0
Q15772,A0
Q15773,A0
Q15774,A0
Q15775,A0
Q15776,A0
Q15777,A0
Q15778,A0
Q15779,A0
Q15780,A0
Q15781,A0
Q15782,A0
Q15783,A0
Q15784,A0
Q15785,A0
Q15786,A0
Q15787,A0
Q15788,A0
Q15789,A0
Q15790,A0
Q15791,A0
Q15792,A0
Q15793,A0
Q15794,A0
Q15795,A0
Q15796,A0
Q15797,A0
Q15798,A0
Q15799,A0
Q15800,A0
Q15801,A0
Q15802,A0
Q15803,A0
Q15804,A0
Q15805,A0
Q15806,A0
Q15807,A0
Q15808,A0
Q15809,A0
Q15810,A0
Q15811,A0
Q15812,A0
Q15813,A0
Q15814,A0
Q15815,A0
Q15816,A0
Q15817,A0
Q15818,A0
Q15819,A0
Q15820,A0
Q15821,A0
Q15822,A0
Q15823,A0
Q15824,A0
Q15825,A0
Q15826,A0
Q15827,A0
Q15828,A0
Q15829,A0
Q15830,A0
Q15831,A0
Q15832,A0
Q15833,A0
Q15834,A0
Q15835,A0
Q15836,A0
Q15837,A0
Q15838,A0
Q15839,A0
Q15840,A0
Q15841,A0
Q15842,A0
Q15843,A0
Q15844,A0
Q15845,A0
Q15846,A0
Q15847,A0
Q15848,A0
Q15849,A0
Q15850,A0
Q15851,A0
Q15852,A0
Q15853,A0
Q15854,A0
Q15855,A0
Q15856,A0
Q15857,A0
Q15858,A0
Q15859,A0
Q15860,A0
Q15861,A0
Q15862,A0
Q15863,A0
Q15864,A0
Q15865,A0
Q15866,A0
Q15867,A0
Q15868,A0
Q15869,A0
Q15870,A0
Q15871,A0
Q15872,A0
Q15873,A0
Q15874,A0
Q15875,A0
Q15876,A0
Q15877,A0
Q15878,A0
Q15879,A0
Q15880,A0
Q15881,A0
Q15882,A0
Q15883,A0
Q15884,A0
Q15885,A0
Q15886,A0
Q15887,A0
Q15888,A0
Q15889,A0
Q15890,A0
Q15891,A0
Q15892,A0
Q15893,A0
Q15894,A0
Q15895,A0
Q15896,A0
Q15897,A0
Q15898,A0
Q15899,A0
Q15900,A0
Q15901,A0
Q15902,A0
Q15903,A0
Q15904,A0
Q15905,A0
Q15906,A0
Q15907,A0
Q15908,A0
Q15909,A0
Q15910,A0
Q15911,A0
Q15912,A0
Q15913,A0
Q15914,A0
Q15915,A0
Q15916,A0
Q15917,A0
Q15918,A0
Q15919,A0
Q15920,A0
Q15921,A0
Q15922,A0
Q15923,A0
Q15924,A0
Q15925,A0
Q15926,A0
Q15927,A0
Q15928,A0
Q15929,A0
Q15930,A0
Q15931,A0
Q15932,A0
Q15933,A0
Q15934,A0
Q15935,A0
Q15936,A0
Q15937,A0
Q15938,A0
Q15939,A0
Q15940,A0
Q15941,A0
Q15942,A0
Q15943,A0
Q15944,A0
Q15945,A0
Q15946,A0
Q15947,A0
Q15948,A0
Q15949,A0
Q15950,A0
Q15951,A0
Q15952,A0
Q15953,A0
Q15954,A0
Q15955,A0
Q15956,A0
Q15957,A0
Q15958,A0
Q15959,A0
Q15960,A0
Q15961,A0
Q15962,A0
Q15963,A0
Q15964,A0
Q15965,A0
Q15966,A0
Q15967,A0
Q15968,A0
Q15969,A0
Q15970,A0
Q15971,A0
Q15972,A0
Q15973,A0
Q15974,A0
Q15975,A0
Q15976,A0
Q15977,A0
Q15978,A0
Q15979,A0
Q15980,A0
Q15981,A0
Q15982,A0
Q15983,A0
Q15984,A0
Q15985,A0
Q15986,A0
Q15987,A0
Q15988,A0
Q15989,A0
Q15990,A0
Q15991,A0
Q15992,A0
Q15993,A0
Q15994,A0
Q15995,A0
Q15996,A0
Q15997,A0
Q15998,A0
Q15999,A0
Q16000,A0
Q16001,A0
Q16002,A0
Q16003,A0
Q16004,A0
Q16005,A0
Q16006,A0
Q16007,A0
Q16008,A0
Q16009,A0
Q16010,A0
Q16011,A0
Q16012,A0
Q16013,A0
Q16014,A0
Q16015,A0
Q16016,A0
Q16017,A0
Q16018,A0
Q16019,A0
Q16020,A0
Q16021,A0
Q16022,A0
Q16023,A0
Q16024,A0
Q16025,A0
Q16026,A0
Q16027,A0
Q16028,A0
Q16029,A0
Q16030,A0
Q16031,A0
Q16032,A0
Q16033,A0
Q16034,A0
Q16035,A0
Q16036,A0
Q16037,A0
Q16038,A0
Q16039,A0
Q16040,A0
Q16041,A0
Q16042,A0
Q16043,A0
Q16044,A0
Q16045,A0
Q16046,A0
Q16047,A0
Q16048,A0
Q16049,A0
Q16050,A0
Q16051,A0
Q16052,A0
Q16053,A0
Q16054,A0
Q16055,A0
Q16056,A0
Q16057,A0
Q16058,A0
Q16059,A0
Q16060,A0
Q16061,A0
Q16062,A0
Q16063,A0
Q16064,A0
Q16065,A0
Q16066,A0
Q16067,A0
Q16068,A0
Q16069,A0
Q16070,A0
Q16071,A0
Q16072,A0
Q16073,A0
Q16074,A0
Q16075,A0
Q16076,A0
Q16077,A0
Q16078,A0
Q16079,A0
Q16080,A0
Q16081,A0
Q16082,A0
Q16083,A0
Q16084,A0
Q16085,A0
Q16086,A0
Q16087,A0
Q16088,A0
Q16089,A0
Q16090,A0
Q16091,A0
Q16092,A0
Q16093,A0
Q16094,A0
Q16095,A0
Q16096,A0
Q16097,A0
Q16098,A0
Q16099,A0
Q16100,A0
Q16101,A0
Q16102,A0
Q16103,A0
Q16104,A0
Q16105,A0
Q16106,A0
Q16107,A0
Q16108,A0
Q16109,A0
Q16110,A0
Q16111,A0
Q16112,A0
Q16113,A0
Q16114,A0
Q16115,A0
Q16116,A0
Q16117,A0
Q16118,A0
Q16119,A0
Q16120,A0
Q16121,A0
Q16122,A0
Q16123,A0
Q16124,A0
Q16125,A0
Q16126,A0
Q16127,A0
Q16128,A0
Q16129,A0
Q16130,A0
Q16131,A0
Q16132,A0
Q16133,A0
Q16134,A0
Q16135,A0
Q16136,A0
Q16137,A0
Q16138,A0
Q16139,A0
Q16140,A0
Q16141,A0
Q16142,A0
Q16143,A0
Q16144,A0
Q16145,A0
Q16146,A0
Q16147,A0
Q16148,A0
Q16149,A0
Q16150,A0
Q16151,A0
Q16152,A0
Q16153,A0
Q16154,A0
Q16155,A0
Q16156,A0
Q16157,A0
Q16158,A0
Q16159,A0
Q16160,A0
Q16161,A0
Q16162,A0
Q16163,A0
Q16164,A0
Q16165,A0
Q16166,A0
Q16167,A0
Q16168,A0
Q16169,A0
Q16170,A0
Q16171,A0
Q16172,A0
Q16173,A0
Q16174,A0
Q16175,A0
Q16176,A0
Q16177,A0
Q16178,A0
Q16179,A0
Q16180,A0
Q16181,A0
Q16182,A0
Q16183,A0
Q16184,A0
Q16185,A0
Q16186,A0
Q16187,A0
Q16188,A0
Q16189,A0
Q16190,A0
Q16191,A0
Q16192,A0
Q16193,A0
Q16194,A0
Q16195,A0
Q16196,A0
Q16197,A0
Q16198,A0
Q16199,A0
Q16200,A0
Q16201,A0
Q16202,A0
Q16203,A0
Q16204,A0
Q16205,A0
Q16206,A0
Q16207,A0
Q16208,A0
Q16209,A0
Q16210,A0
Q16211,A0
Q16212,A0
Q16213,A0
Q16214,A0
Q16215,A0
Q16216,A0
Q16217,A0
Q16218,A0
Q16219,A0
Q16220,A0
Q16221,A0
Q16222,A0
Q16223,A0
Q16224,A0
Q16225,A0
Q16226,A0
Q16227,A0
Q16228,A0
Q16229,A0
Q16230,A0
Q16231,A0
Q16232,A0
Q16233,A0
Q16234,A0
Q16235,A0
Q16236,A0
Q16237,A0
Q16238,A0
Q16239,A0
Q16240,A0
Q16241,A0
Q16242,A0
Q16243,A0
Q16244,A0
Q16245,A0
Q16246,A0
Q16247,A0
Q16248,A0
Q16249,A0
Q16250,A0
Q16251,A0
Q16252,A0
Q16253,A0
Q16254,A0
Q16255,A0
Q16256,A0
Q16257,A0
Q16258,A0
Q16259,A0
Q16260,A0
Q16261,A0
Q16262,A0
Q16263,A0
Q16264,A0
Q16265,A0
Q16266,A0
Q16267,A0
Q16268,A0
Q16269,A0
Q16270,A0
Q16271,A0
Q16272,A0
Q16273,A0
Q16274,A0
Q16275,A0
Q16276,A0
Q16277,A0
Q16278,A0
Q16279,A0
Q16280,A0
Q16281,A0
Q16282,A0
Q16283,A0
Q16284,A0
Q16285,A0
Q16286,A0
Q16287,A0
Q16288,A0
Q16289,A0
Q16290,A0
Q16291,A0
Q16292,A0
Q16293,A0
Q16294,A0
Q16295,A0
Q16296,A0
Q16297,A0
Q16298,A0
Q16299,A0
Q16300,A0
Q16301,A0
Q16302,A0
Q16303,A0
Q16304,A0
Q16305,A0
Q16306,A0
Q16307,A0
Q16308,A0
Q16309,A0
Q16310,A0
Q16311,A0
Q16312,A0
Q16313,A0
Q16314,A0
Q16315,A0
Q16316,A0
Q16317,A0
Q16318,A0
Q16319,A0
Q16320,A0
Q16321,A0
Q16322,A0
Q16323,A0
Q16324,A0
Q16325,A0
Q16326,A0
Q16327,A0
Q16328,A0
Q16329,A0
Q16330,A0
Q16331,A0
Q16332,A0
Q16333,A0
Q16334,A0
Q16335,A0
Q16336,A0
Q16337,A0
Q16338,A0
Q16339,A0
Q16340,A0
Q16341,A0
Q16342,A0
Q16343,A0
Q16344,A0
Q16345,A0
Q16346,A0
Q16347,A0
Q16348,A0
Q16349,A0
Q16350,A0
Q16351,A0
Q16352,A0
Q16353,A0
Q16354,A0
Q16355,A0
Q16356,A0
Q16357,A0
Q16358,A0
Q16359,A0
Q16360,A0
Q16361,A0
Q16362,A0
Q16363,A0
Q16364,A0
Q16365,A0
Q16366,A0
Q16367,A0
Q16368,A0
Q16369,A0
Q16370,A0
Q16371,A0
Q16372,A0
Q16373,A0
Q16374,A0
Q16375,A0
Q16376,A0
Q16377,A0
Q16378,A0
Q16379,A0
Q16380,A0
Q16381,A0
Q16382,A0
Q16383,A0
Q16384,A0
Q16385,A0
Q16386,A0
Q16387,A0
Q16388,A0
Q16389,A0
Q16390,A0
Q16391,A0
Q16392,A0
Q16393,A0
Q16394,A0
Q16395,A0
Q16396,A0
Q16397,A0
Q16398,A0
Q16399,A0
Q16400,A0
Q16401,A0
Q16402,A0
Q16403,A0
Q16404,A0
Q16405,A0
Q16406,A0
Q16407,A0
Q16408,A0
Q16409,A0
Q16410,A0
Q16411,A0
Q16412,A0
Q16413,A0
Q16414,A0
Q16415,A0
Q16416,A0
Q16417,A0
Q16418,A0
Q16419,A0
Q16420,A0
Q16421,A0
Q16422,A0
Q16423,A0
Q16424,A0
Q16425,A0
Q16426,A0
Q16427,A0
Q16428,A0
Q16429,A0
Q16430,A0
Q16431,A0
Q16432,A0
Q16433,A0
Q16434,A0
Q16435,A0
Q16436,A0
Q16437,A0
Q16438,A0
Q16439,A0
Q16440,A0
Q16441,A0
Q16442,A0
Q16443,A0
Q16444,A0
Q16445,A0
Q16446,A0
Q16447,A0
Q16448,A0
Q16449,A0
Q16450,A0
Q16451,A0
Q16452,A0
Q16453,A0
Q16454,A0
Q16455,A0
Q16456,A0
Q16457,A0
Q16458,A0
Q16459,A0
Q16460,A0
Q16461,A0
Q16462,A0
Q16463,A0
Q16464,A0
Q16465,A0
Q16466,A0
Q16467,A0
Q16468,A0
Q16469,A0
Q16470,A0
Q16471,A0
Q16472,A0
Q16473,A0
Q16474,A0
Q16475,A0
Q16476,A0
Q16477,A0
Q16478,A0
Q16479,A0
Q16480,A0
Q16481,A0
Q16482,A0
Q16483,A0
Q16484,A0
Q16485,A0
Q16486,A0
Q16487,A0
Q16488,A0
Q16489,A0
Q16490,A0
Q16491,A0
Q16492,A0
Q16493,A0
Q16494,A0
Q16495,A0
Q16496,A0
Q16497,A0
Q16498,A0
Q16499,A0
Q16500,A0
Q16501,A0
Q16502,A0
Q16503,A0
Q16504,A0
Q16505,A0
Q16506,A0
Q16507,A0
Q16508,A0
Q16509,A0
Q16510,A0
Q16511,A0
Q16512,A0
Q16513,A0
Q16514,A0
Q16515,A0
Q16516,A0
Q16517,A0
Q16518,A0
Q16519,A0
Q16520,A0
Q16521,A0
Q16522,A0
Q16523,A0
Q16524,A0
Q16525,A0
Q16526,A0
Q16527,A0
Q16528,A0
Q16529,A0
Q16530,A0
Q16531,A0
Q16532,A0
Q16533,A0
Q16534,A0
Q16535,A0
Q16536,A0
Q16537,A0
Q16538,A0
Q16539,A0
Q16540,A0
Q16541,A0
Q16542,A0
Q16543,A0
Q16544,A0
Q16545,A0
Q16546,A0
Q16547,A0
Q16548,A0
Q16549,A0
Q16550,A0
Q16551,A0
Q16552,A0
Q16553,A0
Q16554,A0
Q16555,A0
Q16556,A0
Q16557,A0
Q16558,A0
Q16559,A0
Q16560,A0
Q16561,A0
Q16562,A0
Q16563,A0
Q16564,A0
Q16565,A0
Q16566,A0
Q16567,A0
Q16568,A0
Q16569,A0
Q16570,A0
Q16571,A0
Q16572,A0
Q16573,A0
Q16574,A0
Q16575,A0
Q16576,A0
Q16577,A0
Q16578,A0
Q16579,A0
Q16580,A0
Q16581,A0
Q16582,A0
Q16583,A0
Q16584,A0
Q16585,A0
Q16586,A0
Q16587,A0
Q16588,A0
Q16589,A0
Q16590,A0
Q16591,A0
Q16592,A0
Q16593,A0
Q16594,A0
Q16595,A0
Q16596,A0
Q16597,A0
Q16598,A0
Q16599,A0
Q16600,A0
Q16601,A0
Q16602,A0
Q16603,A0
Q16604,A0
Q16605,A0
Q16606,A0
Q16607,A0
Q16608,A0
Q16609,A0
Q16610,A0
Q16611,A0
Q16612,A0
Q16613,A0
Q16614,A0
Q16615,A0
Q16616,A0
Q16617,A0
Q16618,A0
Q16619,A0
Q16620,A0
Q16621,A0
Q16622,A0
Q16623,A0
Q16624,A0
Q16625,A0
Q16626,A0
Q16627,A0
Q16628,A0
Q16629,A0
Q16630,A0
Q16631,A0
Q16632,A0
Q16633,A0
Q16634,A0
Q16635,A0
Q16636,A0
Q16637,A0
Q16638,A0
Q16639,A0
Q16640,A0
Q16641,A0
Q16642,A0
Q16643,A0
Q16644,A0
Q16645,A0
Q16646,A0
Q16647,A0
Q16648,A0
Q16649,A0
Q16650,A0
Q16651,A0
Q16652,A0
Q16653,A0
Q16654,A0
Q16655,A0
Q16656,A0
Q16657,A0
Q16658,A0
Q16659,A0
Q16660,A0
Q16661,A0
Q16662,A0
Q16663,A0
Q16664,A0
Q16665,A0
Q16666,A0
Q16667,A0
Q16668,A0
Q16669,A0
Q16670,A0
Q16671,A0
Q16672,A0
Q16673,A0
Q16674,A0
Q16675,A0
Q16676,A0
Q16677,A0
Q16678,A0
Q16679,A0
Q16680,A0
Q16681,A0
Q16682,A0
Q16683,A0
Q16684,A0
Q16685,A0
Q16686,A0
Q16687,A0
Q16688,A0
Q16689,A0
Q16690,A0
Q16691,A0
Q16692,A0
Q16693,A0
Q16694,A0
Q16695,A0
Q16696,A0
Q16697,A0
Q16698,A0
Q16699,A0
Q16700,A0
Q16701,A0
Q16702,A0
Q16703,A0
Q16704,A0
Q16705,A0
Q16706,A0
Q16707,A0
Q16708,A0
Q16709,A0
Q16710,A0
Q16711,A0
Q16712,A0
Q16713,A0
Q16714,A0
Q16715,A0
Q16716,A0
Q16717,A0
Q16718,A0
Q16719,A0
Q16720,A0
Q16721,A0
Q16722,A0
Q16723,A0
Q16724,A0
Q16725,A0
Q16726,A0
Q16727,A0
Q16728,A0
Q16729,A0
Q16730,A0
Q16731,A0
Q16732,A0
Q16733,A0
Q16734,A0
Q16735,A0
Q16736,A0
Q16737,A0
Q16738,A0
Q16739,A0
Q16740,A0
Q16741,A0
Q16742,A0
Q16743,A0
Q16744,A0
Q16745,A0
Q16746,A0
Q16747,A0
Q16748,A0
Q16749,A0
Q16750,A0
Q16751,A0
Q16752,A0
Q16753,A0
Q16754,A0
Q16755,A0
Q16756,A0
Q16757,A0
Q16758,A0
Q16759,A0
Q16760,A0
Q16761,A0
Q16762,A0
Q16763,A0
Q16764,A0
Q16765,A0
Q16766,A0
Q16767,A0
Q16768,A0
Q16769,A0
Q16770,A0
Q16771,A0
Q16772,A0
Q16773,A0
Q16774,A0
Q16775,A0
Q16776,A0
Q16777,A0
Q16778,A0
Q16779,A0
Q16780,A0
Q16781,A0
Q16782,A0
Q16783,A0
Q16784,A0
Q16785,A0
Q16786,A0
Q16787,A0
Q16788,A0
Q16789,A0
Q16790,A0
Q16791,A0
Q16792,A0
Q16793,A0
Q16794,A0
Q16795,A0
Q16796,A0
Q16797,A0
Q16798,A0
Q16799,A0
Q16800,A0
Q16801,A0
Q16802,A0
Q16803,A0
Q16804,A0
Q16805,A0
Q16806,A0
Q16807,A0
Q16808,A0
Q16809,A0
Q16810,A0
Q16811,A0
Q16812,A0
Q16813,A0
Q16814,A0
Q16815,A0
Q16816,A0
Q16817,A0
Q16818,A0
Q16819,A0
Q16820,A0
Q16821,A0
Q16822,A0
Q16823,A0
Q16824,A0
Q16825,A0
Q16826,A0
Q16827,A0
Q16828,A0
Q16829,A0
Q16830,A0
Q16831,A0
Q16832,A0
Q16833,A0
Q16834,A0
Q16835,A0
Q16836,A0
Q16837,A0
Q16838,A0
Q16839,A0
Q16840,A0
Q16841,A0
Q16842,A0
Q16843,A0
Q16844,A0
Q16845,A0
Q16846,A0
Q16847,A0
Q16848,A0
Q16849,A0
Q16850,A0
Q16851,A0
Q16852,A0
Q16853,A0
Q16854,A0
Q16855,A0
Q16856,A0
Q16857,A0
Q16858,A0
Q16859,A0
Q16860,A0
Q16861,A0
Q16862,A0
Q16863,A0
Q16864,A0
Q16865,A0
Q16866,A0
Q16867,A0
Q16868,A0
Q16869,A0
Q16870,A0
Q16871,A0
Q16872,A0
Q16873,A0
Q16874,A0
Q16875,A0
Q16876,A0
Q16877,A0
Q16878,A0
Q16879,A0
Q16880,A0
Q16881,A0
Q16882,A0
Q16883,A0
Q16884,A0
Q16885,A0
Q16886,A0
Q16887,A0
Q16888,A0
Q16889,A0
Q16890,A0
Q16891,A0
Q16892,A0
Q16893,A0
Q16894,A0
Q16895,A0
Q16896,A0
Q16897,A0
Q16898,A0
Q16899,A0
Q16900,A0
Q16901,A0
Q16902,A0
Q16903,A0
Q16904,A0
Q16905,A0
Q16906,A0
Q16907,A0
Q16908,A0
Q16909,A0
Q16910,A0
Q16911,A0
Q16912,A0
Q16913,A0
Q16914,A0
Q16915,A0
Q16916,A0
Q16917,A0
Q16918,A0
Q16919,A0
Q16920,A0
Q16921,A0
Q16922,A0
Q16923,A0
Q16924,A0
Q16925,A0
Q16926,A0
Q16927,A0
Q16928,A0
Q16929,A0
Q16930,A0
Q16931,A0
Q16932,A0
Q16933,A0
Q16934,A0
Q16935,A0
Q16936,A0
Q16937,A0
Q16938,A0
Q16939,A0
Q16940,A0
Q16941,A0
Q16942,A0
Q16943,A0
Q16944,A0
Q16945,A0
Q16946,A0
Q16947,A0
Q16948,A0
Q16949,A0
Q16950,A0
Q16951,A0
Q16952,A0
Q16953,A0
Q16954,A0
Q16955,A0
Q16956,A0
Q16957,A0
Q16958,A0
Q16959,A0
Q16960,A0
Q16961,A0
Q16962,A0
Q16963,A0
Q16964,A0
Q16965,A0
Q16966,A0
Q16967,A0
Q16968,A0
Q16969,A0
Q16970,A0
Q16971,A0
Q16972,A0
Q16973,A0
Q16974,A0
Q16975,A0
Q16976,A0
Q16977,A0
Q16978,A0
Q16979,A0
Q16980,A0
Q16981,A0
Q16982,A0
Q16983,A0
Q16984,A0
Q16985,A0
Q16986,A0
Q16987,A0
Q16988,A0
Q16989,A0
Q16990,A0
Q16991,A0
Q16992,A0
Q16993,A0
Q16994,A0
Q16995,A0
Q16996,A0
Q16997,A0
Q16998,A0
Q16999,A0
Q17000,A0
Q17001,A0
Q17002,A0
Q17003,A0
Q17004,A0
Q17005,A0
Q17006,A0
Q17007,A0
Q17008,A0
Q17009,A0
Q17010,A0
Q17011,A0
Q17012,A0
Q17013,A0
Q17014,A0
Q17015,A0
Q17016,A0
Q17017,A0
Q17018,A0
Q17019,A0
Q17020,A0
Q17021,A0
Q17022,A0
Q17023,A0
Q17024,A0
Q17025,A0
Q17026,A0
Q17027,A0
Q17028,A0
Q17029,A0
Q17030,A0
Q17031,A0
Q17032,A0
Q17033,A0
Q17034,A0
Q17035,A0
Q17036,A0
Q17037,A0
Q17038,A0
Q17039,A0
Q17040,A0
Q17041,A0
Q17042,A0
Q17043,A0
Q17044,A0
Q17045,A0
Q17046,A0
Q17047,A0
Q17048,A0
Q17049,A0
Q17050,A0
Q17051,A0
Q17052,A0
Q17053,A0
Q17054,A0
Q17055,A0
Q17056,A0
Q17057,A0
Q17058,A0
Q17059,A0
Q17060,A0
Q17061,A0
Q17062,A0
Q17063,A0
Q17064,A0
Q17065,A0
Q17066,A0
Q17067,A0
Q17068,A0
Q17069,A0
Q17070,A0
Q17071,A0
Q17072,A0
Q17073,A0
Q17074,A0
Q17075,A0
Q17076,A0
Q17077,A0
Q17078,A0
Q17079,A0
Q17080,A0
Q17081,A0
Q17082,A0
Q17083,A0
Q17084,A0
Q17085,A0
Q17086,A0
Q17087,A0
Q17088,A0
Q17089,A0
Q17090,A0
Q17091,A0
Q17092,A0
Q17093,A0
Q17094,A0
Q17095,A0
Q17096,A0
Q17097,A0
Q17098,A0
Q17099,A0
Q17100,A0
Q17101,A0
Q17102,A0
Q17103,A0
Q17104,A0
Q17105,A0
Q17106,A0
Q17107,A0
Q17108,A0
Q17109,A0
Q17110,A0
Q17111,A0
Q17112,A0
Q17113,A0
Q17114,A0
Q17115,A0
Q17116,A0
Q17117,A0
Q17118,A0
Q17119,A0
Q17120,A0
Q17121,A0
Q17122,A0
Q17123,A0
Q17124,A0
Q17125,A0
Q17126,A0
Q17127,A0
Q17128,A0
Q17129,A0
Q17130,A0
Q17131,A0
Q17132,A0
Q17133,A0
Q17134,A0
Q17135,A0
Q17136,A0
Q17137,A0
Q17138,A0
Q17139,A0
Q17140,A0
Q17141,A0
Q17142,A0
Q17143,A0
Q17144,A0
Q17145,A0
Q17146,A0
Q17147,A0
Q17148,A0
Q17149,A0
Q17150,A0
Q17151,A0
Q17152,A0
Q17153,A0
Q17154,A0
Q17155,A0
Q17156,A0
Q17157,A0
Q17158,A0
Q17159,A0
Q17160,A0
Q17161,A0
Q17162,A0
Q17163,A0
Q17164,A0
Q17165,A0
Q17166,A0
Q17167,A0
Q17168,A0
Q17169,A0
Q17170,A0
Q17171,A0
Q17172,A0
Q17173,A0
Q17174,A0
Q17175,A0
Q17176,A0
Q17177,A0
Q17178,A0
Q17179,A0
Q17180,A0
Q17181,A0
Q17182,A0
Q17183,A0
Q17184,A0
Q17185,A0
Q17186,A0
Q17187,A0
Q17188,A0
Q17189,A0
Q17190,A0
Q17191,A0
Q17192,A0
Q17193,A0
Q17194,A0
Q17195,A0
Q17196,A0
Q17197,A0
Q17198,A0
Q17199,A0
Q17200,A0
Q17201,A0
Q17202,A0
Q17203,A0
Q17204,A0
Q17205,A0
Q17206,A0
Q17207,A0
Q17208,A0
Q17209,A0
Q17210,A0
Q17211,A0
Q17212,A0
Q17213,A0
Q17214,A0
Q17215,A0
Q17216,A0
Q17217,A0
Q17218,A0
Q17219,A0
Q17220,A0
Q17221,A0
Q17222,A0
Q17223,A0
Q17224,A0
Q17225,A0
Q17226,A0
Q17227,A0
Q17228,A0
Q17229,A0
Q17230,A0
Q17231,A0
Q17232,A0
Q17233,A0
Q17234,A0
Q17235,A0
Q17236,A0
Q17237,A0
Q17238,A0
Q17239,A0
Q17240,A0
Q17241,A0
Q17242,A0
Q17243,A0
Q17244,A0
Q17245,A0
Q17246,A0
Q17247,A0
Q17248,A0
Q17249,A0
Q17250,A0
Q17251,A0
Q17252,A0
Q17253,A0
Q17254,A0
Q17255,A0
Q17256,A0
Q17257,A0
Q17258,A0
Q17259,A0
Q17260,A0
Q17261,A0
Q17262,A0
Q17263,A0
Q17264,A0
Q17265,A0
Q17266,A0
Q17267,A0
Q17268,A0
Q17269,A0
Q17270,A0
Q17271,A0
Q17272,A0
Q17273,A0
Q17274,A0
Q17275,A0
Q17276,A0
Q17277,A0
Q17278,A0
Q17279,A0
Q17280,A0
Q17281,A0
Q17282,A0
Q17283,A0
Q17284,A0
Q17285,A0
Q17286,A0
Q17287,A0
Q17288,A0
Q17289,A0
Q17290,A0
Q17291,A0
Q17292,A0
Q17293,A0
Q17294,A0
Q17295,A0
Q17296,A0
Q17297,A0
Q17298,A0
Q17299,A0
Q17300,A0
Q17301,A0
Q17302,A0
Q17303,A0
Q17304,A0
Q17305,A0
Q17306,A0
Q17307,A0
Q17308,A0
Q17309,A0
Q17310,A0
Q17311,A0
Q17312,A0
Q17313,A2
Q17314,A2
Q17315,A2
Q17316,A2
Q17317,A2
Q17318,A2
Q17319,A2
Q17320,A2
Q17321,A2
Q17322,A2
Q17323,A2
Q17324,A2
Q17325,A2
Q17326,A2
Q17327,A2
Q17328,A2
Q17329,A2
Q17330,A2
Q17331,A2
Q17332,A2
Q17333,A2
Q17334,A2
Q17335,A2
Q17336,A2
Q17337,A2
Q17338,A2
Q17339,A2
Q17340,A2
Q17341,A2
Q17342,A2
Q17343,A2
Q17344,A2
Q17345,A2
Q17346,A2
Q17347,A2
Q17348,A2
Q17349,A2
Q17350,A2
Q17351,A2
Q17352,A2
Q17353,A2
Q17354,A2
Q17355,A2
Q17356,A2
Q17357,A2
Q17358,A2
Q17359,A2
Q17360,A2
Q17361,A2
Q17362,A2
Q17363,A2
Q17364,A2
Q17365,A2
Q17366,A2
Q17367,A2
Q17368,A2
Q17369,A2
Q17370,A2
Q17371,A2
Q17372,A2
Q17373,A2
Q17374,A2
Q17375,A2
Q17376,A2
Q17377,A2
Q17378,A2
Q17379,A2
Q17380,A2
Q17381,A2
Q17382,A2
Q17383,A2
Q17384,A2
Q17385,A2
Q17386,A2
Q17387,A2
Q17388,A2
Q17389,A2
Q17390,A2
Q17391,A2
Q17392,A2
Q17393,A2
Q17394,A2
Q17395,A2
Q17396,A2
Q17397,A2
Q17398,A2
Q17399,A2
Q17400,A2
Q17401,A2
Q17402,A2
Q17403,A2
Q17404,A2
Q17405,A2
Q17406,A2
Q17407,A2
Q17408,A2
Q17409,A2
Q17410,A2
Q17411,A2
Q17412,A2
Q17413,A2
Q17414,A2
Q17415,A2
Q17416,A2
Q17417,A2
Q17418,A2
Q17419,A2
Q17420,A2
Q17421,A2
Q17422,A2
Q17423,A2
Q17424,A2
Q17425,A2
Q17426,A2
Q17427,A2
Q17428,A2
Q17429,A2
Q17430,A2
Q17431,A2
Q17432,A2
Q17433,A2
Q17434,A2
Q17435,A2
Q17436,A2
Q17437,A2
Q17438,A2
Q17439,A2
Q17440,A2
Q17441,A2
Q17442,A2
Q17443,A2
Q17444,A2
Q17445,A2
Q17446,A2
Q17447,A2
Q17448,A2
Q17449,A2
Q17450,A2
Q17451,A2
Q17452,A2
Q17453,A2
Q17454,A2
Q17455,A2
Q17456,A2
Q17457,A2
Q17458,A2
Q17459,A2
Q17460,A2
Q17461,A2
Q17462,A2
Q17463,A2
Q17464,A2
Q17465,A2
Q17466,A2
Q17467,A2
Q17468,A2
Q17469,A2
Q17470,A2
Q17471,A2
Q17472,A2
Q17473,A2
Q17474,A2
Q17475,A2
Q17476,A2
Q17477,A2
Q17478,A2
Q17479,A2
Q17480,A2
Q17481,A2
Q17482,A2
Q17483,A2
Q17484,A2
Q17485,A2
Q17486,A2
Q17487,A2
Q17488,A2
Q17489,A2
Q17490,A2
Q17491,A2
Q17492,A2
Q17493,A2
Q17494,A2
Q17495,A2
Q17496,A2
Q17497,A2
Q17498,A2
Q17499,A2
Q17500,A2
Q17501,A2
Q17502,A2
Q17503,A2
Q17504,A2
Q17505,A2
Q17506,A2
Q17507,A2
Q17508,A2
Q17509,A2
Q17510,A2
Q17511,A2
Q17512,A2
Q17513,A2
Q17514,A2
Q17515,A2
Q17516,A2
Q17517,A2
Q17518,A2
Q17519,A2
Q17520,A2
Q17521,A2
Q17522,A2
Q17523,A2
Q17524,A2
Q17525,A2
Q17526,A2
Q17527,A2
Q17528,A2
Q17529,A2
Q17530,A2
Q17531,A2
Q17532,A2
Q17533,A2
Q17534,A2
Q17535,A2
Q17536,A2
Q17537,A2
Q17538,A2
Q17539,A2
Q17540,A2
Q17541,A2
Q17542,A2
Q17543,A2
Q17544,A2
Q17545,A2
Q17546,A2
Q17547,A2
Q17548,A2
Q17549,A2
Q17550,A2
Q17551,A2
Q17552,A2
Q17553,A2
Q17554,A2
Q17555,A2
Q17556,A2
Q17557,A2
Q17558,A2
Q17559,A2
Q17560,A2
Q17561,A2
Q17562,A2
Q17563,A2
Q17564,A2
Q17565,A2
Q17566,A2
Q17567,A2
Q17568,A2
Q17569,A2
Q17570,A2
Q17571,A2
Q17572,A2
Q17573,A2
Q17574,A2
Q17575,A2
Q17576,A2
Q17577,A2
Q17578,A2
Q17579,A2
Q17580,A2
Q17581,A2
Q17582,A2
Q17583,A2
Q17584,A2
Q17585,A2
Q17586,A2
Q17587,A2
Q17588,A2
Q17589,A2
Q17590,A2
Q17591,A2
Q17592,A2
Q17593,A2
Q17594,A2
Q17595,A2
Q17596,A2
Q17597,A2
Q17598,A2
Q17599,A2
Q17600,A2
Q17601,A2
Q17602,A2
Q17603,A2
Q17604,A2
Q17605,A2
Q17606,A2
Q17607,A2
Q17608,A2
Q17609,A2
Q17610,A2
Q17611,A2
Q17612,A2
Q17613,A2
Q17614,A2
Q17615,A2
Q17616,A2
Q17617,A2
Q17618,A2
Q17619,A2
Q17620,A2
Q17621,A2
Q17622,A2
Q17623,A2
Q17624,A2
Q17625,A2
Q17626,A2
Q17627,A2
Q17628,A2
Q17629,A2
Q17630,A2
Q17631,A2
Q17632,A2
Q17633,A2
Q17634,A2
Q17635,A2
Q17636,A2
Q17637,A2
Q17638,A2
Q17639,A2
Q17640,A2
Q17641,A2
Q17642,A2
Q17643,A2
Q17644,A2
Q17645,A2
Q17646,A2
Q17647,A2
Q17648,A2
Q17649,A2
Q17650,A2
Q17651,A2
Q17652,A2
Q17653,A2
Q17654,A2
Q17655,A2
Q17656,A2
Q17657,A2
Q17658,A2
Q17659,A2
Q17660,A2
Q17661,A2
Q17662,A2
Q17663,A2
Q17664,A2
Q17665,A2
Q17666,A2
Q17667,A2
Q17668,A2
Q17669,A2
Q17670,A2
Q17671,A2
Q17672,A2
Q17673,A2
Q17674,A2
Q17675,A2
Q17676,A2
Q17677,A2
Q17678,A2
Q17679,A2
Q17680,A2
Q17681,A2
Q17682,A2
Q17683,A2
Q17684,A2
Q17685,A2
Q17686,A2
Q17687,A2
Q17688,A2
Q17689,A2
Q17690,A2
Q17691,A2
Q17692,A2
Q17693,A2
Q17694,A2
Q17695,A2
Q17696,A2
Q17697,A2
Q17698,A2
Q17699,A2
Q17700,A2
Q17701,A2
Q17702,A2
Q17703,A2
Q17704,A2
Q17705,A2
Q17706,A2
Q17707,A2
Q17708,A2
Q17709,A2
Q17710,A2
Q17711,A2
Q17712,A2
Q17713,A2
Q17714,A2
Q17715,A2
Q17716,A2
Q17717,A2
Q17718,A2
Q17719,A2
Q17720,A2
Q17721,A2
Q17722,A2
Q17723,A2
Q17724,A2
Q17725,A2
Q17726,A2
Q17727,A2
Q17728,A2
Q17729,A2
Q17730,A2
Q17731,A2
Q17732,A2
Q17733,A2
Q17734,A2
Q17735,A2
Q17736,A2
Q17737,A2
Q17738,A2
Q17739,A2
Q17740,A2
Q17741,A2
Q17742,A2
Q17743,A2
Q17744,A2
Q17745,A2
Q17746,A2
Q17747,A2
Q17748,A2
Q17749,A2
Q17750,A2
Q17751,A2
Q17752,A2
Q17753,A2
Q17754,A2
Q17755,A2
Q17756,A2
Q17757,A2
Q17758,A2
Q17759,A2
Q17760,A2
Q17761,A2
Q17762,A2
Q17763,A2
Q17764,A2
Q17765,A2
Q17766,A2
Q17767,A2
Q17768,A2
Q17769,A2
Q17770,A2
Q17771,A2
Q17772,A2
Q17773,A2
Q17774,A2
Q17775,A2
Q17776,A2
Q17777,A2
Q17778,A2
Q17779,A2
Q17780,A2
Q17781,A2
Q17782,A2
Q17783,A2
Q17784,A2
Q17785,A2
Q17786,A2
Q17787,A2
Q17788,A2
Q17789,A2
Q17790,A2
Q17791,A2
Q17792,A2
Q17793,A2
Q17794,A2
Q17795,A2
Q17796,A2
Q17797,A2
Q17798,A2
Q17799,A2
Q17800,A2
Q17801,A2
Q17802,A2
Q17803,A2
Q17804,A2
Q17805,A2
Q17806,A2
Q17807,A2
Q17808,A2
Q17809,A2
Q17810,A2
Q17811,A2
Q17812,A2
Q17813,A2
Q17814,A2
Q17815,A2
Q17816,A2
Q17817,A2
Q17818,A2
Q17819,A2
Q17820,A2
Q17821,A2
Q17822,A2
Q17823,A2
Q17824,A2
Q17825,A2
Q17826,A2
Q17827,A2
Q17828,A2
Q17829,A2
Q17830,A2
Q17831,A2
Q17832,A2
Q17833,A2
Q17834,A2
Q17835,A2
Q17836,A2
Q17837,A2
Q17838,A2
Q17839,A2
Q17840,A2
Q17841,A2
Q17842,A2
Q17843,A2
Q17844,A2
Q17845,A2
Q17846,A2
Q17847,A2
Q17848,A2
Q17849,A2
Q17850,A2
Q17851,A2
Q17852,A2
Q17853,A2
Q17854,A2
Q17855,A2
Q17856,A2
Q17857,A2
Q17858,A2
Q17859,A2
Q17860,A2
Q17861,A2
Q17862,A2
Q17863,A2
Q17864,A2
Q17865,A2
Q17866,A2
Q17867,A2
Q17868,A2
Q17869,A2
Q17870,A2
Q17871,A2
Q17872,A2
Q17873,A2
Q17874,A2
Q17875,A2
Q17876,A2
Q17877,A2
Q17878,A2
Q17879,A2
Q17880,A2
Q17881,A2
Q17882,A2
Q17883,A2
Q17884,A2
Q17885,A2
Q17886,A2
Q17887,A2
Q17888,A2
Q17889,A2
Q17890,A2
Q17891,A2
Q17892,A2
Q17893,A2
Q17894,A2
Q17895,A2
Q17896,A2
Q17897,A2
Q17898,A2
Q17899,A2
Q17900,A2
Q17901,A2
Q17902,A2
Q17903,A2
Q17904,A2
Q17905,A2
Q17906,A2
Q17907,A2
Q17908,A2
Q17909,A2
Q17910,A2
Q17911,A2
Q17912,A2
Q17913,A2
Q17914,A2
Q17915,A2
Q17916,A2
Q17917,A2
Q17918,A2
Q17919,A2
Q17920,A2
Q17921,A2
Q17922,A2
Q17923,A2
Q17924,A2
Q17925,A2
Q17926,A2
Q17927,A2
Q17928,A2
Q17929,A2
Q17930,A2
Q17931,A2
Q17932,A2
Q17933,A2
Q17934,A2
Q17935,A2
Q17936,A2
Q17937,A2
Q17938,A2
Q17939,A2
Q17940,A2
Q17941,A2
Q17942,A2
Q17943,A2
Q17944,A2
Q17945,A2
Q17946,A2
Q17947,A2
Q17948,A2
Q17949,A2
Q17950,A2
Q17951,A2
Q17952,A2
Q17953,A2
Q17954,A2
Q17955,A2
Q17956,A2
Q17957,A2
Q17958,A2
Q17959,A2
Q17960,A2
Q17961,A2
Q17962,A2
Q17963,A2
Q17964,A2
Q17965,A2
Q17966,A2
Q17967,A2
Q17968,A2
Q17969,A2
Q17970,A2
Q17971,A2
Q17972,A2
Q17973,A2
Q17974,A2
Q17975,A2
Q17976,A2
Q17977,A2
Q17978,A2
Q17979,A2
Q17980,A2
Q17981,A2
Q17982,A2
Q17983,A2
Q17984,A2
Q17985,A2
Q17986,A2
Q17987,A2
Q17988,A2
Q17989,A2
Q17990,A2
Q17991,A2
Q17992,A2
Q17993,A2
Q17994,A2
Q17995,A2
Q17996,A2
Q17997,A2
Q17998,A2
Q17999,A2
Q18000,A2
Q18001,A2
Q18002,A2
Q18003,A2
Q18004,A2
Q18005,A2
Q18006,A2
Q18007,A2
Q18008,A2
Q18009,A2
Q18010,A2
Q18011,A2
Q18012,A2
Q18013,A2
Q18014,A2
Q18015,A2
Q18016,A2
Q18017,A2
Q18018,A2
Q18019,A2
Q18020,A2
Q18021,A2
Q18022,A2
Q18023,A2
Q18024,A2
Q18025,A2
Q18026,A2
Q18027,A2
Q18028,A2
Q18029,A2
Q18030,A2
Q18031,A2
Q18032,A2
Q18033,A2
Q18034,A2
Q18035,A2
Q18036,A2
Q18037,A2
Q18038,A2
Q18039,A2
Q18040,A2
Q18041,A2
Q18042,A2
Q18043,A2
Q18044,A2
Q18045,A2
Q18046,A2
Q18047,A2
Q18048,A2
Q18049,A2
Q18050,A2
Q18051,A2
Q18052,A2
Q18053,A2
Q18054,A2
Q18055,A2
Q18056,A2
Q18057,A2
Q18058,A2
Q18059,A2
Q18060,A2
Q18061,A2
Q18062,A2
Q18063,A2
Q18064,A2
Q18065,A2
Q18066,A2
Q18067,A2
Q18068,A2
Q18069,A2
Q18070,A2
Q18071,A2
Q18072,A2
Q18073,A2
Q18074,A2
Q18075,A2
Q18076,A2
Q18077,A2
Q18078,A2
Q18079,A2
Q18080,A2
Q18081,A2
Q18082,A2
Q18083,A2
Q18084,A2
Q18085,A2
Q18086,A2
Q18087,A2
Q18088,A2
Q18089,A2
Q18090,A2
Q18091,A2
Q18092,A2
Q18093,A2
Q18094,A2
Q18095,A2
Q18096,A2
Q18097,A2
Q18098,A2
Q18099,A2
Q18100,A2
Q18101,A2
Q18102,A2
Q18103,A2
Q18104,A2
Q18105,A2
Q18106,A2
Q18107,A2
Q18108,A2
Q18109,A2
Q18110,A2
Q18111,A2
Q18112,A2
Q18113,A2
Q18114,A2
Q18115,A2
Q18116,A2
Q18117,A2
Q18118,A2
Q18119,A2
Q18120,A2
Q18121,A2
Q18122,A2
Q18123,A2
Q18124,A2
Q18125,A2
Q18126,A2
Q18127,A2
Q18128,A2
Q18129,A2
Q18130,A2
Q18131,A2
Q18132,A2
Q18133,A2
Q18134,A2
Q18135,A2
Q18136,A2
Q18137,A2
Q18138,A2
Q18139,A2
Q18140,A2
Q18141,A2
Q18142,A2
Q18143,A2
Q18144,A2
Q18145,A2
Q18146,A2
Q18147,A2
Q18148,A2
Q18149,A2
Q18150,A2
Q18151,A2
Q18152,A2
Q18153,A2
Q18154,A2
Q18155,A2
Q18156,A2
Q18157,A2
Q18158,A2
Q18159,A2
Q18160,A2
Q18161,A2
Q18162,A2
Q18163,A2
Q18164,A2
Q18165,A2
Q18166,A2
Q18167,A2
Q18168,A2
Q18169,A2
Q18170,A2
Q18171,A2
Q18172,A2
Q18173,A2
Q18174,A2
Q18175,A2
Q18176,A2
Q18177,A2
Q18178,A2
Q18179,A2
Q18180,A2
Q18181,A2
Q18182,A2
Q18183,A2
Q18184,A2
Q18185,A2
Q18186,A2
Q18187,A2
Q18188,A2
Q18189,A2
Q18190,A2
Q18191,A2
Q18192,A2
Q18193,A2
Q18194,A2
Q18195,A2
Q18196,A2
Q18197,A2
Q18198,A2
Q18199,A2
Q18200,A2
Q18201,A2
Q18202,A2
Q18203,A2
Q18204,A2
Q18205,A2
Q18206,A2
Q18207,A2
Q18208,A2
Q18209,A2
Q18210,A2
Q18211,A2
Q18212,A2
Q18213,A2
Q18214,A2
Q18215,A2
Q18216,A2
Q18217,A2
Q18218,A2
Q18219,A2
Q18220,A2
Q18221,A2
Q18222,A2
Q18223,A2
Q18224,A2
Q18225,A2
Q18226,A2
Q18227,A2
Q18228,A2
Q18229,A2
Q18230,A2
Q18231,A2
Q18232,A2
Q18233,A2
Q18234,A2
Q18235,A2
Q18236,A2
Q18237,A2
Q18238,A2
Q18239,A2
Q18240,A2
Q18241,A2
Q18242,A2
Q18243,A2
Q18244,A2
Q18245,A2
Q18246,A2
Q18247,A2
Q18248,A2
Q18249,A2
Q18250,A2
Q18251,A2
Q18252,A2
Q18253,A2
Q18254,A2
Q18255,A2
Q18256,A2
Q18257,A2
Q18258,A2
Q18259,A2
Q18260,A2
Q18261,A2
Q18262,A2
Q18263,A2
Q18264,A2
Q18265,A2
Q18266,A2
Q18267,A2
Q18268,A2
Q18269,A2
Q18270,A2
Q18271,A2
Q18272,A2
Q18273,A2
Q18274,A2
Q18275,A2
Q18276,A2
Q18277,A2
Q18278,A2
Q18279,A2
Q18280,A2
Q18281,A2
Q18282,A2
Q18283,A2
Q18284,A2
Q18285,A2
Q18286,A2
Q18287,A2
Q18288,A2
Q18289,A2
Q18290,A2
Q18291,A2
Q18292,A2
Q18293,A2
Q18294,A2
Q18295,A2
Q18296,A2
Q18297,A2
Q18298,A2
Q18299,A2
Q18300,A2
Q18301,A2
Q18302,A2
Q18303,A2
Q18304,A2
Q18305,A2
Q18306,A2
Q18307,A2
Q18308,A2
Q18309,A2
Q18310,A2
Q18311,A2
Q18312,A2
Q18313,A2
Q18314,A2
Q18315,A2
Q18316,A2
Q18317,A2
Q18318,A2
Q18319,A2
Q18320,A2
Q18321,A2
Q18322,A2
Q18323,A2
Q18324,A2
Q18325,A2
Q18326,A2
Q18327,A2
Q18328,A2
Q18329,A2
Q18330,A2
Q18331,A2
Q18332,A2
Q18333,A2
Q18334,A2
Q18335,A2
Q18336,A2
Q18337,A2
Q18338,A2
Q18339,A2
Q18340,A2
Q18341,A2
Q18342,A2
Q18343,A2
Q18344,A2
Q18345,A2
Q18346,A2
Q18347,A2
Q18348,A2
Q18349,A2
Q18350,A2
Q18351,A2
Q18352,A2
Q18353,A2
Q18354,A2
Q18355,A2
Q18356,A2
Q18357,A2
Q18358,A2
Q18359,A2
Q18360,A2
Q18361,A2
Q18362,A2
Q18363,A2
Q18364,A2
Q18365,A2
Q18366,A2
Q18367,A2
Q18368,A2
Q18369,A2
Q18370,A2
Q18371,A2
Q18372,A2
Q18373,A2
Q18374,A2
Q18375,A2
Q18376,A2
Q18377,A2
Q18378,A2
Q18379,A2
Q18380,A2
Q18381,A2
Q18382,A2
Q18383,A2
Q18384,A2
Q18385,A2
Q18386,A2
Q18387,A2
Q18388,A2
Q18389,A2
Q18390,A2
Q18391,A2
Q18392,A2
Q18393,A2
Q18394,A2
Q18395,A2
Q18396,A2
Q18397,A2
Q18398,A2
Q18399,A2
Q18400,A2
Q18401,A2
Q18402,A2
Q18403,A2
Q18404,A2
Q18405,A2
Q18406,A2
Q18407,A2
Q18408,A2
Q18409,A2
Q18410,A2
Q18411,A2
Q18412,A2
Q18413,A2
Q18414,A2
Q18415,A2
Q18416,A2
Q18417,A2
Q18418,A2
Q18419,A2
Q18420,A2
Q18421,A2
Q18422,A2
Q18423,A2
Q18424,A2
Q18425,A2
Q18426,A2
Q18427,A2
Q18428,A2
Q18429,A2
Q18430,A2
Q18431,A2
Q18432,A2
Q18433,A2
Q18434,A2
Q18435,A2
Q18436,A2
Q18437,A2
Q18438,A2
Q18439,A2
Q18440,A2
Q18441,A2
Q18442,A2
Q18443,A2
Q18444,A2
Q18445,A2
Q18446,A2
Q18447,A2
Q18448,A2
Q18449,A2
Q18450,A2
Q18451,A2
Q18452,A2
Q18453,A2
Q18454,A2
Q18455,A2
Q18456,A2
Q18457,A2
Q18458,A2
Q18459,A2
Q18460,A2
Q18461,A2
Q18462,A2
Q18463,A2
Q18464,A2
Q18465,A2
Q18466,A2
Q18467,A2
Q18468,A2
Q18469,A2
Q18470,A2
Q18471,A2
Q18472,A2
Q18473,A2
Q18474,A2
Q18475,A2
Q18476,A2
Q18477,A2
Q18478,A2
Q18479,A2
Q18480,A2
Q18481,A2
Q18482,A2
Q18483,A2
Q18484,A2
Q18485,A2
Q18486,A2
Q18487,A2
Q18488,A2
Q18489,A2
Q18490,A2
Q18491,A2
Q18492,A2
Q18493,A2
Q18494,A2
Q18495,A2
Q18496,A2
Q18497,A2
Q18498,A2
Q18499,A2
Q18500,A2
Q18501,A2
Q18502,A2
Q18503,A2
Q18504,A2
Q18505,A2
Q18506,A2
Q18507,A2
Q18508,A2
Q18509,A2
Q18510,A2
Q18511,A2
Q18512,A2
Q18513,A2
Q18514,A2
Q18515,A2
Q18516,A2
Q18517,A2
Q18518,A2
Q18519,A2
Q18520,A2
Q18521,A2
Q18522,A2
Q18523,A2
Q18524,A2
Q18525,A2
Q18526,A2
Q18527,A2
Q18528,A2
Q18529,A2
Q18530,A2
Q18531,A2
Q18532,A2
Q18533,A2
Q18534,A2
Q18535,A2
Q18536,A2
Q18537,A2
Q18538,A2
Q18539,A2
Q18540,A2
Q18541,A2
Q18542,A2
Q18543,A2
Q18544,A2
Q18545,A2
Q18546,A2
Q18547,A2
Q18548,A2
Q18549,A2
Q18550,A2
Q18551,A2
Q18552,A2
Q18553,A2
Q18554,A2
Q18555,A2
Q18556,A2
Q18557,A2
Q18558,A2
Q18559,A2
Q18560,A2
Q18561,A2
Q18562,A2
Q18563,A2
Q18564,A2
Q18565,A2
Q18566,A2
Q18567,A2
Q18568,A2
Q18569,A2
Q18570,A2
Q18571,A2
Q18572,A2
Q18573,A2
Q18574,A2
Q18575,A2
Q18576,A2
Q18577,A2
Q18578,A2
Q18579,A2
Q18580,A2
Q18581,A2
Q18582,A2
Q18583,A2
Q18584,A2
Q18585,A2
Q18586,A2
Q18587,A2
Q18588,A2
Q18589,A2
Q18590,A2
Q18591,A2
Q18592,A2
Q18593,A2
Q18594,A2
Q18595,A2
Q18596,A2
Q18597,A2
Q18598,A2
Q18599,A2
Q18600,A2
Q18601,A2
Q18602,A2
Q18603,A2
Q18604,A2
Q18605,A2
Q18606,A2
Q18607,A2
Q18608,A2
Q18609,A2
Q18610,A2
Q18611,A2
Q18612,A2
Q18613,A2
Q18614,A2
Q18615,A2
Q18616,A2
Q18617,A2
Q18618,A2
Q18619,A2
Q18620,A2
Q18621,A2
Q18622,A2
Q18623,A2
Q18624,A2
Q18625,A2
Q18626,A2
Q18627,A2
Q18628,A2
Q18629,A2
Q18630,A2
Q18631,A2
Q18632,A2
Q18633,A2
Q18634,A2
Q18635,A2
Q18636,A2
Q18637,A2
Q18638,A2
Q18639,A2
Q18640,A2
Q18641,A2
Q18642,A2
Q18643,A2
Q18644,A2
Q18645,A2
Q18646,A2
Q18647,A2
Q18648,A2
Q18649,A2
Q18650,A2
Q18651,A2
Q18652,A2
Q18653,A2
Q18654,A2
Q18655,A2
Q18656,A2
Q18657,A2
Q18658,A2
Q18659,A2
Q18660,A2
Q18661,A2
Q18662,A2
Q18663,A2
Q18664,A2
Q18665,A2
Q18666,A2
Q18667,A2
Q18668,A2
Q18669,A2
Q18670,A2
Q18671,A2
Q18672,A2
Q18673,A2
Q18674,A2
Q18675,A2
Q18676,A2
Q18677,A2
Q18678,A2
Q18679,A2
Q18680,A2
Q18681,A2
Q18682,A2
Q18683,A2
Q18684,A2
Q18685,A2
Q18686,A2
Q18687,A2
Q18688,A2
Q18689,A2
Q18690,A2
Q18691,A2
Q18692,A2
Q18693,A2
Q18694,A2
Q18695,A2
Q18696,A2
Q18697,A2
Q18698,A2
Q18699,A2
Q18700,A2
Q18701,A2
Q18702,A2
Q18703,A2
Q18704,A2
Q18705,A2
Q18706,A2
Q18707,A2
Q18708,A2
Q18709,A2
Q18710,A2
Q18711,A2
Q18712,A2
Q18713,A2
Q18714,A2
Q18715,A2
Q18716,A2
Q18717,A2
Q18718,A2
Q18719,A2
Q18720,A2
Q18721,A2
Q18722,A2
Q18723,A2
Q18724,A2
Q18725,A2
Q18726,A2
Q18727,A2
Q18728,A2
Q18729,A2
Q18730,A2
Q18731,A2
Q18732,A2
Q18733,A2
Q18734,A2
Q18735,A2
Q18736,A2
Q18737,A2
Q18738,A2
Q18739,A2
Q18740,A2
Q18741,A2
Q18742,A2
Q18743,A2
Q18744,A2
Q18745,A2
Q18746,A2
Q18747,A2
Q18748,A2
Q18749,A2
Q18750,A2
Q18751,A2
Q18752,A2
Q18753,A2
Q18754,A2
Q18755,A2
Q18756,A2
Q18757,A2
Q18758,A2
Q18759,A2
Q18760,A2
Q18761,A2
Q18762,A2
Q18763,A2
Q18764,A2
Q18765,A2
Q18766,A2
Q18767,A2
Q18768,A2
Q18769,A2
Q18770,A2
Q18771,A2
Q18772,A2
Q18773,A2
Q18774,A2
Q18775,A2
Q18776,A2
Q18777,A2
Q18778,A2
Q18779,A2
Q18780,A2
Q18781,A2
Q18782,A2
Q18783,A2
Q18784,A2
Q18785,A2
Q18786,A2
Q18787,A2
Q18788,A2
Q18789,A2
Q18790,A2
Q18791,A2
Q18792,A2
Q18793,A2
Q18794,A2
Q18795,A2
Q18796,A2
Q18797,A2
Q18798,A2
Q18799,A2
Q18800,A2
Q18801,A2
Q18802,A2
Q18803,A2
Q18804,A2
Q18805,A2
Q18806,A2
Q18807,A2
Q18808,A2
Q18809,A2
Q18810,A2
Q18811,A2
Q18812,A2
Q18813,A2
Q18814,A2
Q18815,A2
Q18816,A2
Q18817,A2
Q18818,A2
Q18819,A2
Q18820,A2
Q18821,A2
Q18822,A2
Q18823,A2
Q18824,A2
Q18825,A2
Q18826,A2
Q18827,A2
Q18828,A2
Q18829,A2
Q18830,A2
Q18831,A2
Q18832,A2
Q18833,A2
Q18834,A2
Q18835,A2
Q18836,A2
Q18837,A2
Q18838,A2
Q18839,A2
Q18840,A2
Q18841,A2
Q18842,A2
Q18843,A2
Q18844,A2
Q18845,A2
Q18846,A2
Q18847,A2
Q18848,A2
Q18849,A2
Q18850,A2
Q18851,A2
Q18852,A2
Q18853,A2
Q18854,A2
Q18855,A2
Q18856,A2
Q18857,A2
Q18858,A2
Q18859,A2
Q18860,A2
Q18861,A2
Q18862,A2
Q18863,A2
Q18864,A2
Q18865,A2
Q18866,A2
Q18867,A2
Q18868,A2
Q18869,A2
Q18870,A2
Q18871,A2
Q18872,A2
Q18873,A2
Q18874,A2
Q18875,A2
Q18876,A2
Q18877,A2
Q18878,A2
Q18879,A2
Q18880,A2
Q18881,A2
Q18882,A2
Q18883,A2
Q18884,A2
Q18885,A2
Q18886,A2
Q18887,A2
Q18888,A2
Q18889,A2
Q18890,A2
Q18891,A2
Q18892,A2
Q18893,A2
Q18894,A2
Q18895,A2
Q18896,A2
Q18897,A2
Q18898,A2
Q18899,A2
Q18900,A2
Q18901,A2
Q18902,A2
Q18903,A2
Q18904,A2
Q18905,A2
Q18906,A2
Q18907,A2
Q18908,A2
Q18909,A2
Q18910,A2
Q18911,A2
Q18912,A2
Q18913,A2
Q18914,A2
Q18915,A2
Q18916,A2
Q18917,A2
Q18918,A2
Q18919,A2
Q18920,A2
Q18921,A2
Q18922,A2
Q18923,A2
Q18924,A2
Q18925,A2
Q18926,A2
Q18927,A2
Q18928,A2
Q18929,A2
Q18930,A2
Q18931,A2
Q18932,A2
Q18933,A2
Q18934,A2
Q18935,A2
Q18936,A2
Q18937,A2
Q18938,A2
Q18939,A2
Q18940,A2
Q18941,A2
Q18942,A2
Q18943,A2
Q18944,A2
Q18945,A2
Q18946,A2
Q18947,A2
Q18948,A2
Q18949,A2
Q18950,A2
Q18951,A2
Q18952,A2
Q18953,A2
Q18954,A2
Q18955,A2
Q18956,A2
Q18957,A2
Q18958,A2
Q18959,A2
Q18960,A2
Q18961,A2
Q18962,A2
Q18963,A2
Q18964,A2
Q18965,A2
Q18966,A2
Q18967,A2
Q18968,A2
Q18969,A2
Q18970,A2
Q18971,A2
Q18972,A2
Q18973,A2
Q18974,A2
Q18975,A2
Q18976,A2
Q18977,A2
Q18978,A2
Q18979,A2
Q18980,A2
Q18981,A2
Q18982,A2
Q18983,A2
Q18984,A2
Q18985,A2
Q18986,A2
Q18987,A2
Q18988,A2
Q18989,A2
Q18990,A2
Q18991,A2
Q18992,A2
Q18993,A2
Q18994,A2
Q18995,A2
Q18996,A2
Q18997,A2
Q18998,A2
Q18999,A2
Q19000,A2
Q19001,A2
Q19002,A2
Q19003,A2
Q19004,A2
Q19005,A2
Q19006,A2
Q19007,A2
Q19008,A2
Q19009,A2
Q19010,A2
Q19011,A2
Q19012,A2
Q19013,A2
Q19014,A2
Q19015,A2
Q19016,A2
Q19017,A2
Q19018,A2
Q19019,A2
Q19020,A2
Q19021,A2
Q19022,A2
Q19023,A2
Q19024,A2
Q19025,A2
Q19026,A2
Q19027,A2
Q19028,A2
Q19029,A2
Q19030,A2
Q19031,A2
Q19032,A2
Q19033,A2
Q19034,A2
Q19035,A2
Q19036,A2
Q19037,A2
Q19038,A2
Q19039,A2
Q19040,A2
Q19041,A2
Q19042,A2
Q19043,A2
Q19044,A2
Q19045,A2
Q19046,A2
Q19047,A2
Q19048,A2
Q19049,A2
Q19050,A2
Q19051,A2
Q19052,A2
Q19053,A2
Q19054,A2
Q19055,A2
Q19056,A2
Q19057,A2
Q19058,A2
Q19059,A2
Q19060,A2
Q19061,A2
Q19062,A2
Q19063,A2
Q19064,A2
Q19065,A2
Q19066,A2
Q19067,A2
Q19068,A2
Q19069,A2
Q19070,A2
Q19071,A2
Q19072,A2
Q19073,A2
Q19074,A2
Q19075,A2
Q19076,A2
Q19077,A2
Q19078,A2
Q19079,A2
Q19080,A2
Q19081,A2
Q19082,A2
Q19083,A2
Q19084,A2
Q19085,A2
Q19086,A2
Q19087,A2
Q19088,A2
Q19089,A2
Q19090,A2
Q19091,A2
Q19092,A2
Q19093,A2
Q19094,A2
Q19095,A2
Q19096,A2
Q19097,A2
Q19098,A2
Q19099,A2
Q19100,A2
Q19101,A2
Q19102,A2
Q19103,A2
Q19104,A2
Q19105,A2
Q19106,A2
Q19107,A2
Q19108,A2
Q19109,A2
Q19110,A2
Q19111,A2
Q19112,A2
Q19113,A2
Q19114,A2
Q19115,A2
Q19116,A2
Q19117,A2
Q19118,A2
Q19119,A2
Q19120,A2
Q19121,A2
Q19122,A2
Q19123,A2
Q19124,A2
Q19125,A2
Q19126,A2
Q19127,A2
Q19128,A2
Q19129,A2
Q19130,A2
Q19131,A2
Q19132,A2
Q19133,A2
Q19134,A2
Q19135,A2
Q19136,A2
Q19137,A2
Q19138,A2
Q19139,A2
Q19140,A2
Q19141,A2
Q19142,A2
Q19143,A2
Q19144,A2
Q19145,A2
Q19146,A2
Q19147,A2
Q19148,A2
Q19149,A2
Q19150,A2
Q19151,A2
Q19152,A2
Q19153,A2
Q19154,A2
Q19155,A2
Q19156,A2
Q19157,A2
Q19158,A2
Q19159,A2
Q19160,A2
Q19161,A2
Q19162,A2
Q19163,A2
Q19164,A2
Q19165,A2
Q19166,A2
Q19167,A2
Q19168,A2
Q19169,A2
Q19170,A2
Q19171,A2
Q19172,A2
Q19173,A2
Q19174,A2
Q19175,A2
Q19176,A2
Q19177,A2
Q19178,A2
Q19179,A2
Q19180,A2
Q19181,A2
Q19182,A2
Q19183,A2
Q19184,A2
Q19185,A2
Q19186,A2
Q19187,A2
Q19188,A2
Q19189,A2
Q19190,A2
Q19191,A2
Q19192,A2
Q19193,A2
Q19194,A2
Q19195,A2
Q19196,A2
Q19197,A2
Q19198,A2
Q19199,A2
Q19200,A2
Q19201,A2
Q19202,A2
Q19203,A2
Q19204,A2
Q19205,A2
Q19206,A2
Q19207,A2
Q19208,A2
Q19209,A2
Q19210,A2
Q19211,A2
Q19212,A2
Q19213,A2
Q19214,A2
Q19215,A2
Q19216,A2
Q19217,A2
Q19218,A2
Q19219,A2
Q19220,A2
Q19221,A2
Q19222,A2
Q19223,A2
Q19224,A2
Q19225,A2
Q19226,A2
Q19227,A2
Q19228,A2
Q19229,A2
Q19230,A2
Q19231,A2
Q19232,A2
Q19233,A2
Q19234,A2
Q19235,A2
Q19236,A2
Q19237,A2
Q19238,A2
Q19239,A2
Q19240,A2
Q19241,A2
Q19242,A2
Q19243,A2
Q19244,A2
Q19245,A2
Q19246,A2
Q19247,A2
Q19248,A2
Q19249,A2
Q19250,A2
Q19251,A2
Q19252,A2
Q19253,A2
Q19254,A2
Q19255,A2
Q19256,A2
Q19257,A2
Q19258,A2
Q19259,A2
Q19260,A2
Q19261,A2
Q19262,A2
Q19263,A2
Q19264,A2
Q19265,A2
Q19266,A2
Q19267,A2
Q19268,A2
Q19269,A2
Q19270,A2
Q19271,A2
Q19272,A2
Q19273,A2
Q19274,A2
Q19275,A2
Q19276,A2
Q19277,A2
Q19278,A2
Q19279,A2
Q19280,A2
Q19281,A2
Q19282,A2
Q19283,A2
Q19284,A2
Q19285,A2
Q19286,A2
Q19287,A2
Q19288,A2
Q19289,A2
Q19290,A2
Q19291,A2
Q19292,A2
Q19293,A2
Q19294,A2
Q19295,A2
Q19296,A2
Q19297,A2
Q19298,A2
Q19299,A2
Q19300,A2
Q19301,A2
Q19302,A2
Q19303,A2
Q19304,A2
Q19305,A2
Q19306,A2
Q19307,A2
Q19308,A2
Q19309,A2
Q19310,A2
Q19311,A2
Q19312,A2
Q19313,A2
Q19314,A2
Q19315,A2
Q19316,A2
Q19317,A2
Q19318,A2
Q19319,A2
Q19320,A2
Q19321,A2
Q19322,A2
Q19323,A2
Q19324,A2
Q19325,A2
Q19326,A2
Q19327,A2
Q19328,A2
Q19329,A2
Q19330,A2
Q19331,A2
Q19332,A2
Q19333,A2
Q19334,A2
Q19335,A2
Q19336,A2
Q19337,A2
Q19338,A2
Q19339,A2
Q19340,A2
Q19341,A2
Q19342,A2
Q19343,A2
Q19344,A2
Q19345,A2
Q19346,A2
Q19347,A2
Q19348,A2
Q19349,A2
Q19350,A2
Q19351,A2
Q19352,A2
Q19353,A2
Q19354,A2
Q19355,A2
Q19356,A2
Q19357,A2
Q19358,A2
Q19359,A2
Q19360,A2
Q19361,A2
Q19362,A2
Q19363,A2
Q19364,A2
Q19365,A2
Q19366,A2
Q19367,A2
Q19368,A2
Q19369,A2
Q19370,A2
Q19371,A2
Q19372,A2
Q19373,A2
Q19374,A2
Q19375,A2
Q19376,A2
Q19377,A2
Q19378,A2
Q19379,A2
Q19380,A2
Q19381,A2
Q19382,A2
Q19383,A2
Q19384,A2
Q19385,A2
Q19386,A2
Q19387,A2
Q19388,A2
Q19389,A2
Q19390,A2
Q19391,A2
Q19392,A2
Q19393,A2
Q19394,A2
Q19395,A2
Q19396,A2
Q19397,A2
Q19398,A2
Q19399,A2
Q19400,A2
Q19401,A2
Q19402,A2
Q19403,A2
Q19404,A2
Q19405,A2
Q19406,A2
Q19407,A2
Q19408,A2
Q19409,A2
Q19410,A2
Q19411,A2
Q19412,A2
Q19413,A2
Q19414,A2
Q19415,A2
Q19416,A2
Q19417,A2
Q19418,A2
Q19419,A2
Q19420,A2
Q19421,A2
Q19422,A2
Q19423,A2
Q19424,A2
Q19425,A2
Q19426,A2
Q19427,A2
Q19428,A2
Q19429,A2
Q19430,A2
Q19431,A2
Q19432,A2
Q19433,A2
Q19434,A2
Q19435,A2
Q19436,A2
Q19437,A2
Q19438,A2
Q19439,A2
Q19440,A2
Q19441,A2
Q19442,A2
Q19443,A2
Q19444,A2
Q19445,A2
Q19446,A2
Q19447,A2
Q19448,A2
Q19449,A2
Q19450,A2
Q19451,A2
Q19452,A2
Q19453,A2
Q19454,A2
Q19455,A2
Q19456,A2
Q19457,A2
Q19458,A2
Q19459,A2
Q19460,A2
Q19461,A2
Q19462,A2
Q19463,A2
Q19464,A2
Q19465,A2
Q19466,A2
Q19467,A2
Q19468,A2
Q19469,A2
Q19470,A2
Q19471,A2
Q19472,A2
Q19473,A2
Q19474,A2
Q19475,A2
Q19476,A2
Q19477,A2
Q19478,A2
Q19479,A2
Q19480,A2
Q19481,A2
Q19482,A2
Q19483,A2
Q19484,A2
Q19485,A2
Q19486,A2
Q19487,A2
Q19488,A2
Q19489,A2
Q19490,A2
Q19491,A2
Q19492,A2
Q19493,A2
Q19494,A2
Q19495,A2
Q19496,A2
Q19497,A2
Q19498,A2
Q19499,A2
Q19500,A2
Q19501,A2
Q19502,A2
Q19503,A2
Q19504,A2
Q19505,A2
Q19506,A2
Q19507,A2
Q19508,A2
Q19509,A2
Q19510,A2
Q19511,A2
Q19512,A2
Q19513,A2
Q19514,A2
Q19515,A2
Q19516,A2
Q19517,A2
Q19518,A2
Q19519,A2
Q19520,A2
Q19521,A2
Q19522,A2
Q19523,A2
Q19524,A2
Q19525,A2
Q19526,A2
Q19527,A2
Q19528,A2
Q19529,A2
Q19530,A2
Q19531,A2
Q19532,A2
Q19533,A2
Q19534,A2
Q19535,A2
Q19536,A2
Q19537,A2
Q19538,A2
Q19539,A2
Q19540,A2
Q19541,A2
Q19542,A2
Q19543,A2
Q19544,A2
Q19545,A2
Q19546,A2
Q19547,A2
Q19548,A2
Q19549,A2
Q19550,A2
Q19551,A2
Q19552,A2
Q19553,A2
Q19554,A2
Q19555,A2
Q19556,A2
Q19557,A2
Q19558,A2
Q19559,A2
Q19560,A2
Q19561,A2
Q19562,A2
Q19563,A2
Q19564,A2
Q19565,A2
Q19566,A2
Q19567,A2
Q19568,A2
Q19569,A2
Q19570,A2
Q19571,A2
Q19572,A2
Q19573,A2
Q19574,A2
Q19575,A2
Q19576,A2
Q19577,A2
Q19578,A2
Q19579,A2
Q19580,A2
Q19581,A2
Q19582,A2
Q19583,A2
Q19584,A2
Q19585,A2
Q19586,A2
Q19587,A2
Q19588,A2
Q19589,A2
Q19590,A2
Q19591,A2
Q19592,A2
Q19593,A2
Q19594,A2
Q19595,A2
Q19596,A2
Q19597,A2
Q19598,A2
Q19599,A2
Q19600,A2
Q19601,A2
Q19602,A2
Q19603,A2
Q19604,A2
Q19605,A2
Q19606,A2
Q19607,A2
Q19608,A2
Q19609,A2
Q19610,A2
Q19611,A2
Q19612,A2
Q19613,A2
Q19614,A2
Q19615,A2
Q19616,A2
Q19617,A2
Q19618,A2
Q19619,A2
Q19620,A2
Q19621,A2
Q19622,A2
Q19623,A2
Q19624,A2
Q19625,A2
Q19626,A2
Q19627,A2
Q19628,A2
Q19629,A2
Q19630,A2
Q19631,A2
Q19632,A2
Q19633,A2
Q19634,A2
Q19635,A2
Q19636,A2
Q19637,A2
Q19638,A2
Q19639,A2
Q19640,A2
Q19641,A2
Q19642,A2
Q19643,A2
Q19644,A2
Q19645,A2
Q19646,A2
Q19647,A2
Q19648,A2
Q19649,A2
Q19650,A2
Q19651,A2
Q19652,A2
Q19653,A2
Q19654,A2
Q19655,A2
Q19656,A2
Q19657,A2
Q19658,A2
Q19659,A2
Q19660,A2
Q19661,A2
Q19662,A2
Q19663,A2
Q19664,A2
Q19665,A2
Q19666,A2
Q19667,A2
Q19668,A2
Q19669,A2
Q19670,A2
Q19671,A2
Q19672,A2
Q19673,A2
Q19674,A2
Q19675,A2
Q19676,A2
Q19677,A2
Q19678,A2
Q19679,A2
Q19680,A2
Q19681,A2
Q19682,A2
Q19683,A2
Q19684,A2
Q19685,A2
Q19686,A2
Q19687,A2
Q19688,A2
Q19689,A2
Q19690,A2
Q19691,A2
Q19692,A2
Q19693,A2
Q19694,A2
Q19695,A2
Q19696,A2
Q19697,A2
Q19698,A2
Q19699,A2
Q19700,A2
Q19701,A2
Q19702,A2
Q19703,A2
Q19704,A2
Q19705,A2
Q19706,A2
Q19707,A2
Q19708,A2
Q19709,A2
Q19710,A2
Q19711,A2
Q19712,A2
Q19713,A2
Q19714,A2
Q19715,A2
Q19716,A2
Q19717,A2
Q19718,A2
Q19719,A2
Q19720,A2
Q19721,A2
Q19722,A2
Q19723,A2
Q19724,A2
Q19725,A2
Q19726,A2
Q19727,A2
Q19728,A2
Q19729,A2
Q19730,A2
Q19731,A2
Q19732,A2
Q19733,A2
Q19734,A2
Q19735,A2
Q19736,A2
Q19737,A2
Q19738,A2
Q19739,A2
Q19740,A2
Q19741,A2
Q19742,A2
Q19743,A2
Q19744,A2
Q19745,A2
Q19746,A2
Q19747,A2
Q19748,A2
Q19749,A2
Q19750,A2
Q19751,A2
Q19752,A2
Q19753,A2
Q19754,A2
Q19755,A2
Q19756,A2
Q19757,A2
Q19758,A2
Q19759,A2
Q19760,A2
Q19761,A2
Q19762,A2
Q19763,A2
Q19764,A2
Q19765,A2
Q19766,A2
Q19767,A2
Q19768,A2
Q19769,A2
Q19770,A2
Q19771,A2
Q19772,A2
Q19773,A2
Q19774,A2
Q19775,A2
Q19776,A2
Q19777,A2
Q19778,A2
Q19779,A2
Q19780,A2
Q19781,A2
Q19782,A2
Q19783,A2
Q19784,A2
Q19785,A2
Q19786,A2
Q19787,A2
Q19788,A2
Q19789,A2
Q19790,A2
Q19791,A2
Q19792,A2
Q19793,A2
Q19794,A2
Q19795,A2
Q19796,A2
Q19797,A2
Q19798,A2
Q19799,A2
Q19800,A2
Q19801,A2
Q19802,A2
Q19803,A2
Q19804,A2
Q19805,A2
Q19806,A2
Q19807,A2
Q19808,A2
Q19809,A2
Q19810,A2
Q19811,A2
Q19812,A2
Q19813,A2
Q19814,A2
Q19815,A2
Q19816,A2
Q19817,A2
Q19818,A2
Q19819,A2
Q19820,A2
Q19821,A2
Q19822,A2
Q19823,A2
Q19824,A2
Q19825,A2
Q19826,A2
Q19827,A2
Q19828,A2
Q19829,A2
Q19830,A2
Q19831,A2
Q19832,A2
Q19833,A2
Q19834,A2
Q19835,A2
Q19836,A2
Q19837,A2
Q19838,A2
Q19839,A2
Q19840,A2
Q19841,A2
Q19842,A2
Q19843,A2
Q19844,A2
Q19845,A2
Q19846,A2
Q19847,A2
Q19848,A2
Q19849,A2
Q19850,A2
Q19851,A2
Q19852,A2
Q19853,A2
Q19854,A2
Q19855,A2
Q19856,A2
Q19857,A2
Q19858,A2
Q19859,A2
Q19860,A2
Q19861,A2
Q19862,A2
Q19863,A2
Q19864,A2
Q19865,A2
Q19866,A2
Q19867,A2
Q19868,A2
Q19869,A2
Q19870,A2
Q19871,A2
Q19872,A2
Q19873,A2
Q19874,A2
Q19875,A2
Q19876,A2
Q19877,A2
Q19878,A2
Q19879,A2
Q19880,A2
Q19881,A2
Q19882,A2
Q19883,A2
Q19884,A2
Q19885,A2
Q19886,A2
Q19887,A2
Q19888,A2
Q19889,A2
Q19890,A2
Q19891,A2
Q19892,A2
Q19893,A2
Q19894,A2
Q19895,A2
Q19896,A2
Q19897,A2
Q19898,A2
Q19899,A2
Q19900,A2
Q19901,A2
Q19902,A2
Q19903,A2
Q19904,A2
Q19905,A2
Q19906,A2
Q19907,A2
Q19908,A2
Q19909,A2
Q19910,A2
Q19911,A2
Q19912,A2
Q19913,A2
Q19914,A2
Q19915,A2
Q19916,A2
Q19917,A2
Q19918,A2
Q19919,A2
Q19920,A2
Q19921,A2
Q19922,A2
Q19923,A2
Q19924,A2
Q19925,A2
Q19926,A2
Q19927,A2
Q19928,A2
Q19929,A2
Q19930,A2
Q19931,A2
Q19932,A2
Q19933,A2
Q19934,A2
Q19935,A2
Q19936,A2
Q19937,A2
Q19938,A2
Q19939,A2
Q19940,A2
Q19941,A2
Q19942,A2
Q19943,A2
Q19944,A2
Q19945,A2
Q19946,A2
Q19947,A2
Q19948,A2
Q19949,A2
Q19950,A2
Q19951,A2
Q19952,A2
Q19953,A2
Q19954,A2
Q19955,A2
Q19956,A2
Q19957,A2
Q19958,A2
Q19959,A2
Q19960,A2
Q19961,A2
Q19962,A2
Q19963,A2
Q19964,A2
Q19965,A2
Q19966,A2
Q19967,A2
Q19968,A2
Q19969,A2
Q19970,A2
Q19971,A2
Q19972,A2
Q19973,A2
Q19974,A2
Q19975,A2
Q19976,A2
Q19977,A2
Q19978,A2
Q19979,A2
Q19980,A2
Q19981,A2
Q19982,A2
Q19983,A2
Q19984,A2
Q19985,A2
Q19986,A2
Q19987,A2
Q19988,A2
Q19989,A2
Q19990,A2
Q19991,A2
Q19992,A2
Q19993,A2
Q19994,A2
Q19995,A2
Q19996,A2
Q19997,A2
Q19998,A2
Q19999,A2
Q20000,A2
Q20001,A2
Q20002,A2
Q20003,A2
Q20004,A2
Q20005,A2
Q20006,A2
Q20007,A2
Q20008,A2
Q20009,A2
Q20010,A2
Q20011,A2
Q20012,A2
Q20013,A2
Q20014,A2
Q20015,A2
Q20016,A2
Q20017,A2
Q20018,A2
Q20019,A2
Q20020,A2
Q20021,A2
Q20022,A2
Q20023,A2
Q20024,A2
Q20025,A2
Q20026,A2
Q20027,A2
Q20028,A2
Q20029,A2
Q20030,A2
Q20031,A2
Q20032,A2
Q20033,A2
Q20034,A2
Q20035,A2
Q20036,A2
Q20037,A2
Q20038,A2
Q20039,A2
Q20040,A2
Q20041,A2
Q20042,A2
Q20043,A2
Q20044,A2
Q20045,A2
Q20046,A2
Q20047,A2
Q20048,A2
Q20049,A2
Q20050,A2
Q20051,A2
Q20052,A2
Q20053,A2
Q20054,A2
Q20055,A2
Q20056,A2
Q20057,A2
Q20058,A2
Q20059,A2
Q20060,A2
Q20061,A2
Q20062,A2
Q20063,A2
Q20064,A2
Q20065,A2
Q20066,A2
Q20067,A2
Q20068,A2
Q20069,A2
Q20070,A2
Q20071,A2
Q20072,A2
Q20073,A2
Q20074,A2
Q20075,A2
Q20076,A2
Q20077,A2
Q20078,A2
Q20079,A2
Q20080,A2
Q20081,A2
Q20082,A2
Q20083,A2
Q20084,A2
Q20085,A2
Q20086,A2
Q20087,A2
Q20088,A2
Q20089,A2
Q20090,A2
Q20091,A2
Q20092,A2
Q20093,A2
Q20094,A2
Q20095,A2
Q20096,A2
Q20097,A2
Q20098,A2
Q20099,A2
Q20100,A2
Q20101,A2
Q20102,A2
Q20103,A2
Q20104,A2
Q20105,A2
Q20106,A2
Q20107,A2
Q20108,A2
Q20109,A2
Q20110,A2
Q20111,A2
Q20112,A2
Q20113,A2
Q20114,A2
Q20115,A2
Q20116,A2
Q20117,A2
Q20118,A2
Q20119,A2
Q20120,A2
Q20121,A2
Q20122,A2
Q20123,A2
Q20124,A2
Q20125,A2
Q20126,A2
Q20127,A2
Q20128,A2
Q20129,A2
Q20130,A2
Q20131,A2
Q20132,A2
Q20133,A2
Q20134,A2
Q20135,A2
Q20136,A2
Q20137,A2
Q20138,A2
Q20139,A2
Q20140,A2
Q20141,A2
Q20142,A2
Q20143,A2
Q20144,A2
Q20145,A2
Q20146,A2
Q20147,A2
Q20148,A2
Q20149,A2
Q20150,A2
Q20151,A2
Q20152,A2
Q20153,A2
Q20154,A2
Q20155,A2
Q20156,A2
Q20157,A2
Q20158,A2
Q20159,A2
Q20160,A2
Q20161,A2
Q20162,A2
Q20163,A2
Q20164,A2
Q20165,A2
Q20166,A2
Q20167,A2
Q20168,A2
Q20169,A2
Q20170,A2
Q20171,A2
Q20172,A2
Q20173,A2
Q20174,A2
Q20175,A2
Q20176,A2
Q20177,A2
Q20178,A2
Q20179,A2
Q20180,A2
Q20181,A2
Q20182,A2
Q20183,A2
Q20184,A2
Q20185,A2
Q20186,A2
Q20187,A2
Q20188,A2
Q20189,A2
Q20190,A2
Q20191,A2
Q20192,A2
Q20193,A2
Q20194,A2
Q20195,A2
Q20196,A2
Q20197,A2
Q20198,A2
Q20199,A2
Q20200,A2
Q20201,A2
Q20202,A2
Q20203,A2
Q20204,A2
Q20205,A2
Q20206,A2
Q20207,A2
Q20208,A2
Q20209,A2
Q20210,A2
Q20211,A2
Q20212,A2
Q20213,A2
Q20214,A2
Q20215,A2
Q20216,A2
Q20217,A2
Q20218,A2
Q20219,A2
Q20220,A2
Q20221,A2
Q20222,A2
Q20223,A2
Q20224,A2
Q20225,A2
Q20226,A2
Q20227,A2
Q20228,A2
Q20229,A2
Q20230,A2
Q20231,A2
Q20232,A2
Q20233,A2
Q20234,A2
Q20235,A2
Q20236,A2
Q20237,A2
Q20238,A2
Q20239,A2
Q20240,A2
Q20241,A2
Q20242,A2
Q20243,A2
Q20244,A2
Q20245,A2
Q20246,A2
Q20247,A2
Q20248,A2
Q20249,A2
Q20250,A2
Q20251,A2
Q20252,A2
Q20253,A2
Q20254,A2
Q20255,A2
Q20256,A2
Q20257,A2
Q20258,A2
Q20259,A2
Q20260,A2
Q20261,A2
Q20262,A2
Q20263,A2
Q20264,A2
Q20265,A2
Q20266,A2
Q20267,A2
Q20268,A2
Q20269,A2
Q20270,A2
Q20271,A2
Q20272,A2
Q20273,A2
Q20274,A2
Q20275,A2
Q20276,A2
Q20277,A2
Q20278,A2
Q20279,A2
Q20280,A2
Q20281,A2
Q20282,A2
Q20283,A2
Q20284,A2
Q20285,A2
Q20286,A2
Q20287,A2
Q20288,A2
Q20289,A2
Q20290,A2
Q20291,A2
Q20292,A2
Q20293,A2
Q20294,A2
Q20295,A2
Q20296,A2
Q20297,A2
Q20298,A2
Q20299,A2
Q20300,A2
Q20301,A2
Q20302,A2
Q20303,A2
Q20304,A2
Q20305,A2
Q20306,A2
Q20307,A2
Q20308,A2
Q20309,A2
Q20310,A2
Q20311,A2
Q20312,A2
Q20313,A2
Q20314,A2
Q20315,A2
Q20316,A2
Q20317,A2
Q20318,A2
Q20319,A2
Q20320,A2
Q20321,A2
Q20322,A2
Q20323,A2
Q20324,A2
Q20325,A2
Q20326,A2
Q20327,A2
Q20328,A2
Q20329,A2
Q20330,A2
Q20331,A2
Q20332,A2
Q20333,A2
Q20334,A2
Q20335,A2
Q20336,A2
Q20337,A2
Q20338,A2
Q20339,A2
Q20340,A2
Q20341,A2
Q20342,A2
Q20343,A2
Q20344,A2
Q20345,A2
Q20346,A2
Q20347,A2
Q20348,A2
Q20349,A2
Q20350,A2
Q20351,A2
Q20352,A2
Q20353,A2
Q20354,A2
Q20355,A2
Q20356,A2
Q20357,A2
Q20358,A2
Q20359,A2
Q20360,A2
Q20361,A2
Q20362,A2
Q20363,A2
Q20364,A2
Q20365,A2
Q20366,A2
Q20367,A2
Q20368,A2
Q20369,A2
Q20370,A2
Q20371,A2
Q20372,A2
Q20373,A2
Q20374,A2
Q20375,A2
Q20376,A2
Q20377,A2
Q20378,A2
Q20379,A2
Q20380,A2
Q20381,A2
Q20382,A2
Q20383,A2
Q20384,A2
Q20385,A2
Q20386,A2
Q20387,A2
Q20388,A2
Q20389,A2
Q20390,A2
Q20391,A2
Q20392,A2
Q20393,A2
Q20394,A2
Q20395,A2
Q20396,A2
Q20397,A2
Q20398,A2
Q20399,A2
Q20400,A2
Q20401,A2
Q20402,A2
Q20403,A2
Q20404,A2
Q20405,A2
Q20406,A2
Q20407,A2
Q20408,A2
Q20409,A2
Q20410,A2
Q20411,A2
Q20412,A2
Q20413,A2
Q20414,A2
Q20415,A2
Q20416,A2
Q20417,A2
Q20418,A2
Q20419,A2
Q20420,A2
Q20421,A2
Q20422,A2
Q20423,A2
Q20424,A2
Q20425,A2
Q20426,A2
Q20427,A2
Q20428,A2
Q20429,A2
Q20430,A2
Q20431,A2
Q20432,A2
Q20433,A2
Q20434,A2
Q20435,A2
Q20436,A2
Q20437,A2
Q20438,A2
Q20439,A2
Q20440,A2
Q20441,A2
Q20442,A2
Q20443,A2
Q20444,A2
Q20445,A2
Q20446,A2
Q20447,A2
Q20448,A2
Q20449,A2
Q20450,A2
Q20451,A2
Q20452,A2
Q20453,A2
Q20454,A2
Q20455,A2
Q20456,A2
Q20457,A2
Q20458,A2
Q20459,A2
Q20460,A2
Q20461,A2
Q20462,A2
Q20463,A2
Q20464,A2
Q20465,A2
Q20466,A2
Q20467,A2
Q20468,A2
Q20469,A2
Q20470,A2
Q20471,A2
Q20472,A2
Q20473,A2
Q20474,A2
Q20475,A2
Q20476,A2
Q20477,A2
Q20478,A2
Q20479,A2
Q20480,A2
Q20481,A2
Q20482,A2
Q20483,A2
Q20484,A2
Q20485,A2
Q20486,A2
Q20487,A2
Q20488,A2
Q20489,A2
Q20490,A2
Q20491,A2
Q20492,A2
Q20493,A2
Q20494,A2
Q20495,A2
Q20496,A2
Q20497,A2
Q20498,A2
Q20499,A2
Q20500,A2
Q20501,A2
Q20502,A2
Q20503,A2
Q20504,A2
Q20505,A2
Q20506,A2
Q20507,A2
Q20508,A2
Q20509,A2
Q20510,A2
Q20511,A2
Q20512,A2
Q20513,A2
Q20514,A2
Q20515,A2
Q20516,A2
Q20517,A2
Q20518,A2
Q20519,A2
Q20520,A2
Q20521,A2
Q20522,A2
Q20523,A2
Q20524,A2
Q20525,A2
Q20526,A2
Q20527,A2
Q20528,A2
Q20529,A2
Q20530,A2
Q20531,A2
Q20532,A2
Q20533,A2
Q20534,A2
Q20535,A2
Q20536,A2
Q20537,A2
Q20538,A2
Q20539,A2
Q20540,A2
Q20541,A2
Q20542,A2
Q20543,A2
Q20544,A2
Q20545,A2
Q20546,A2
Q20547,A2
Q20548,A2
Q20549,A2
Q20550,A2
Q20551,A2
Q20552,A2
Q20553,A2
Q20554,A2
Q20555,A2
Q20556,A2
Q20557,A2
Q20558,A2
Q20559,A2
Q20560,A2
Q20561,A2
Q20562,A2
Q20563,A2
Q20564,A2
Q20565,A2
Q20566,A2
Q20567,A2
Q20568,A2
Q20569,A2
Q20570,A2
Q20571,A2
Q20572,A2
Q20573,A2
Q20574,A2
Q20575,A2
Q20576,A2
Q20577,A2
Q20578,A2
Q20579,A2
Q20580,A2
Q20581,A2
Q20582,A2
Q20583,A2
Q20584,A2
Q20585,A2
Q20586,A2
Q20587,A2
Q20588,A2
Q20589,A2
Q20590,A2
Q20591,A2
Q20592,A2
Q20593,A2
Q20594,A2
Q20595,A2
Q20596,A2
Q20597,A2
Q20598,A2
Q20599,A2
Q20600,A2
Q20601,A2
Q20602,A2
Q20603,A2
Q20604,A2
Q20605,A2
Q20606,A2
Q20607,A2
Q20608,A2
Q20609,A2
Q20610,A2
Q20611,A2
Q20612,A2
Q20613,A2
Q20614,A2
Q20615,A2
Q20616,A2
Q20617,A2
Q20618,A2
Q20619,A2
Q20620,A2
Q20621,A2
Q20622,A2
Q20623,A2
Q20624,A2
Q20625,A2
Q20626,A2
Q20627,A2
Q20628,A2
Q20629,A2
Q20630,A2
Q20631,A2
Q20632,A2
Q20633,A2
Q20634,A2
Q20635,A2
Q20636,A2
Q20637,A2
Q20638,A2
Q20639,A2
Q20640,A2
Q20641,A2
Q20642,A2
Q20643,A2
Q20644,A2
Q20645,A2
Q20646,A2
Q20647,A2
Q20648,A2
Q20649,A2
Q20650,A2
Q20651,A2
Q20652,A2
Q20653,A2
Q20654,A2
Q20655,A2
Q20656,A2
Q20657,A2
Q20658,A2
Q20659,A2
Q20660,A2
Q20661,A2
Q20662,A2
Q20663,A2
Q20664,A2
Q20665,A2
Q20666,A2
Q20667,A2
Q20668,A2
Q20669,A2
Q20670,A2
Q20671,A2
Q20672,A2
Q20673,A2
Q20674,A2
Q20675,A2
Q20676,A2
Q20677,A2
Q20678,A2
Q20679,A2
Q20680,A2
Q20681,A2
Q20682,A2
Q20683,A2
Q20684,A2
Q20685,A2
Q20686,A2
Q20687,A2
Q20688,A2
Q20689,A2
Q20690,A2
Q20691,A2
Q20692,A2
Q20693,A2
Q20694,A2
Q20695,A2
Q20696,A2
Q20697,A2
Q20698,A2
Q20699,A2
Q20700,A2
Q20701,A2
Q20702,A2
Q20703,A2
Q20704,A2
Q20705,A2
Q20706,A2
Q20707,A2
Q20708,A2
Q20709,A2
Q20710,A2
Q20711,A2
Q20712,A2
Q20713,A2
Q20714,A2
Q20715,A2
Q20716,A2
Q20717,A2
Q20718,A2
Q20719,A2
Q20720,A2
Q20721,A2
Q20722,A2
Q20723,A2
Q20724,A2
Q20725,A2
Q20726,A2
Q20727,A2
Q20728,A2
Q20729,A2
Q20730,A2
Q20731,A2
Q20732,A2
Q20733,A2
Q20734,A2
Q20735,A2
Q20736,A2
Q20737,A2
Q20738,A2
Q20739,A2
Q20740,A2
Q20741,A2
Q20742,A2
Q20743,A2
Q20744,A2
Q20745,A2
Q20746,A2
Q20747,A2
Q20748,A2
Q20749,A2
Q20750,A2
Q20751,A2
Q20752,A1
Q20753,A1
Q20754,A1
Q20755,A1
Q20756,A1
Q20757,A1
Q20758,A1
Q20759,A1
Q20760,A1
Q20761,A1
Q20762,A1
Q20763,A1
Q20764,A1
Q20765,A1
Q20766,A1
Q20767,A1
Q20768,A1
Q20769,A1
Q20770,A1
Q20771,A1
Q20772,A1
Q20773,A1
Q20774,A1
Q20775,A1
Q20776,A1
Q20777,A1
Q20778,A1
Q20779,A1
Q20780,A1
Q20781,A1
Q20782,A1
Q20783,A1
Q20784,A1
Q20785,A1
Q20786,A1
Q20787,A1
Q20788,A1
Q20789,A1
Q20790,A1
Q20791,A1
Q20792,A1
Q20793,A1
Q20794,A1
Q20795,A1
Q20796,A1
Q20797,A1
Q20798,A1
Q20799,A1
Q20800,A1
Q20801,A1
Q20802,A1
Q20803,A1
Q20804,A1
Q20805,A1
Q20806,A1
Q20807,A1
Q20808,A1
Q20809,A1
Q20810,A1
Q20811,A1
Q20812,A1
Q20813,A1
Q20814,A1
Q20815,A1
Q20816,A1
Q20817,A1
Q20818,A1
Q20819,A1
Q20820,A1
Q20821,A1
Q20822,A1
Q20823,A1
Q20824,A1
Q20825,A1
Q20826,A1
Q20827,A1
Q20828,A1
Q20829,A1
Q20830,A1
Q20831,A1
Q20832,A1
Q20833,A1
Q20834,A1
Q20835,A1
Q20836,A1
Q20837,A1
Q20838,A1
Q20839,A1
Q20840,A1
Q20841,A1
Q20842,A1
Q20843,A1
Q20844,A1
Q20845,A1
Q20846,A1
Q20847,A1
Q20848,A1
Q20849,A1
Q20850,A1
Q20851,A1
Q20852,A1
Q20853,A1
Q20854,A1
Q20855,A1
Q20856,A1
Q20857,A1
Q20858,A1
Q20859,A1
Q20860,A1
Q20861,A1
Q20862,A1
Q20863,A1
Q20864,A1
Q20865,A1
Q20866,A1
Q20867,A1
Q20868,A1
Q20869,A1
Q20870,A1
Q20871,A1
Q20872,A1
Q20873,A1
Q20874,A1
Q20875,A1
Q20876,A1
Q20877,A1
Q20878,A1
Q20879,A1
Q20880,A1
Q20881,A1
Q20882,A1
Q20883,A1
Q20884,A1
Q20885,A1
Q20886,A1
Q20887,A1
Q20888,A1
Q20889,A1
Q20890,A1
Q20891,A1
Q20892,A1
Q20893,A1
Q20894,A1
Q20895,A1
Q20896,A1
Q20897,A1
Q20898,A1
Q20899,A1
Q20900,A1
Q20901,A1
Q20902,A1
Q20903,A1
Q20904,A1
Q20905,A1
Q20906,A1
Q20907,A1
Q20908,A1
Q20909,A1
Q20910,A1
Q20911,A1
Q20912,A1
Q20913,A1
Q20914,A1
Q20915,A1
Q20916,A1
Q20917,A1
Q20918,A1
Q20919,A1
Q20920,A1
Q20921,A1
Q20922,A1
Q20923,A1
Q20924,A1
Q20925,A1
Q20926,A1
Q20927,A1
Q20928,A1
Q20929,A1
Q20930,A1
Q20931,A1
Q20932,A1
Q20933,A1
Q20934,A1
Q20935,A1
Q20936,A1
Q20937,A1
Q20938,A1
Q20939,A1
Q20940,A1
Q20941,A1
Q20942,A1
Q20943,A1
Q20944,A1
Q20945,A1
Q20946,A1
Q20947,A1
Q20948,A1
Q20949,A1
Q20950,A1
Q20951,A1
Q20952,A1
Q20953,A1
Q20954,A1
Q20955,A1
Q20956,A1
Q20957,A1
Q20958,A1
Q20959,A1
Q20960,A1
Q20961,A1
Q20962,A1
Q20963,A1
Q20964,A1
Q20965,A1
Q20966,A1
Q20967,A1
Q20968,A1
Q20969,A1
Q20970,A1
Q20971,A1
Q20972,A1
Q20973,A1
Q20974,A1
Q20975,A1
Q20976,A1
Q20977,A1
Q20978,A1
Q20979,A1
Q20980,A1
Q20981,A1
Q20982,A1
Q20983,A1
Q20984,A1
Q20985,A1
Q20986,A1
Q20987,A1
Q20988,A1
Q20989,A1
Q20990,A1
Q20991,A1
Q20992,A1
Q20993,A1
Q20994,A1
Q20995,A1
Q20996,A1
Q20997,A1
Q20998,A1
Q20999,A1
Q21000,A1
Q21001,A1
Q21002,A1
Q21003,A1
Q21004,A1
Q21005,A1
Q21006,A1
Q21007,A1
Q21008,A1
Q21009,A1
Q21010,A1
Q21011,A1
Q21012,A1
Q21013,A1
Q21014,A1
Q21015,A1
Q21016,A1
Q21017,A1
Q21018,A1
Q21019,A1
Q21020,A1
Q21021,A1
Q21022,A1
Q21023,A1
Q21024,A1
Q21025,A1
Q21026,A1
Q21027,A1
Q21028,A1
Q21029,A1
Q21030,A1
Q21031,A1
Q21032,A1
Q21033,A1
Q21034,A1
Q21035,A1
Q21036,A1
Q21037,A1
Q21038,A1
Q21039,A1
Q21040,A1
Q21041,A1
Q21042,A1
Q21043,A1
Q21044,A1
Q21045,A1
Q21046,A1
Q21047,A1
Q21048,A1
Q21049,A1
Q21050,A1
Q21051,A1
Q21052,A1
Q21053,A1
Q21054,A1
Q21055,A1
Q21056,A1
Q21057,A1
Q21058,A1
Q21059,A1
Q21060,A1
Q21061,A1
Q21062,A1
Q21063,A1
Q21064,A1
Q21065,A1
Q21066,A1
Q21067,A1
Q21068,A1
Q21069,A1
Q21070,A1
Q21071,A1
Q21072,A1
Q21073,A1
Q21074,A1
Q21075,A1
Q21076,A1
Q21077,A1
Q21078,A1
Q21079,A1
Q21080,A1
Q21081,A1
Q21082,A1
Q21083,A1
Q21084,A1
Q21085,A1
Q21086,A1
Q21087,A1
Q21088,A1
Q21089,A1
Q21090,A1
Q21091,A1
Q21092,A1
Q21093,A1
Q21094,A1
Q21095,A1
Q21096,A1
Q21097,A1
Q21098,A1
Q21099,A1
Q21100,A1
Q21101,A1
Q21102,A0
Q21103,A0
Q21104,A0
Q21105,A0
Q21106,A0
Q21107,A0
Q21108,A0
Q21109,A0
Q21110,A0
Q21111,A0
Q21112,A0
Q21113,A0
Q21114,A0
Q21115,A0
Q21116,A0
Q21117,A0
Q21118,A0
Q21119,A0
Q21120,A0
Q21121,A0
Q21122,A0
Q21123,A0
Q21124,A0
Q21125,A0
Q21126,A0
Q21127,A0
Q21128,A0
Q21129,A0
Q21130,A0
Q21131,A0
Q21132,A0
Q21133,A0
Q21134,A0
Q21135,A0
Q21136,A0
Q21137,A0
Q21138,A0
Q21139,A0
Q21140,A0
Q21141,A0
Q21142,A0
Q21143,A0
Q21144,A0
Q21145,A0
Q21146,A0
Q21147,A0
Q21148,A0
Q21149,A0
Q21150,A0
Q21151,A0
Q21152,A0
Q21153,A0
Q21154,A0
Q21155,A0
Q21156,A0
Q21157,A0
Q21158,A0
Q21159,A0
Q21160,A0
Q21161,A0
Q21162,A0
Q21163,A0
Q21164,A0
Q21165,A0
Q21166,A0
Q21167,A0
Q21168,A0
Q21169,A0
Q21170,A0
Q21171,A0
Q21172,A0
Q21173,A0
Q21174,A0
Q21175,A0
Q21176,A0
Q21177,A0
Q21178,A0
Q21179,A0
Q21180,A0
Q21181,A0
Q21182,A0
Q21183,A0
Q21184,A0
Q21185,A0
Q21186,A0
Q21187,A0
Q21188,A0
Q21189,A0
Q21190,A0
Q21191,A0
Q21192,A0
Q21193,A0
Q21194,A0
Q21195,A0
Q21196,A0
Q21197,A0
Q21198,A0
Q21199,A0
Q21200,A0
Q21201,A0
Q21202,A0
Q21203,A0
Q21204,A0
Q21205,A0
Q21206,A0
Q21207,A0
Q21208,A0
Q21209,A0
Q21210,A0
Q21211,A0
Q21212,A0
Q21213,A0
Q21214,A0
Q21215,A0
Q21216,A0
Q21217,A0
Q21218,A0
Q21219,A0
Q21220,A0
Q21221,A0
Q21222,A0
Q21223,A0
Q21224,A0
Q21225,A0
Q21226,A0
Q21227,A0
Q21228,A0
Q21229,A0
Q21230,A0
Q21231,A0
Q21232,A0
Q21233,A0
Q21234,A0
Q21235,A0
Q21236,A0
Q21237,A0
Q21238,A0
Q21239,A0
Q21240,A0
Q21241,A0
Q21242,A0
Q21243,A0
Q21244,A0
Q21245,A0
Q21246,A0
Q21247,A0
Q21248,A0
Q21249,A0
Q21250,A0
Q21251,A0
Q21252,A0
Q21253,A0
Q21254,A0
Q21255,A0
Q21256,A0
Q21257,A0
Q21258,A0
Q21259,A0
Q21260,A0
Q21261,A0
Q21262,A0
Q21263,A0
Q21264,A0
Q21265,A0
Q21266,A0
Q21267,A0
Q21268,A0
Q21269,A0
Q21270,A0
Q21271,A0
Q21272,A0
Q21273,A0
Q21274,A0
Q21275,A0
Q21276,A0
Q21277,A0
Q21278,A0
Q21279,A0
Q21280,A0
Q21281,A0
Q21282,A0
Q21283,A0
Q21284,A0
Q21285,A0
Q21286,A0
Q21287,A0
Q21288,A0
Q21289,A0
Q21290,A0
Q21291,A0
Q21292,A0
Q21293,A0
Q21294,A0
Q21295,A0
Q21296,A0
Q21297,A0
Q21298,A0
Q21299,A0
Q21300,A0
Q21301,A0
Q21302,A0
Q21303,A0
Q21304,A0
Q21305,A0
Q21306,A0
Q21307,A0
Q21308,A0
Q21309,A0
Q21310,A0
Q21311,A0
Q21312,A0
Q21313,A0
Q21314,A0
Q21315,A0
Q21316,A0
Q21317,A0
Q21318,A0
Q21319,A0
Q21320,A0
Q21321,A0
Q21322,A0
Q21323,A0
Q21324,A0
Q21325,A0
Q21326,A0
Q21327,A0
Q21328,A0
Q21329,A0
Q21330,A0
Q21331,A0
Q21332,A0
Q21333,A0
Q21334,A0
Q21335,A0
Q21336,A0
Q21337,A0
Q21338,A0
Q21339,A0
Q21340,A0
Q21341,A0
Q21342,A0
Q21343,A0
Q21344,A0
Q21345,A0
Q21346,A0
Q21347,A0
Q21348,A0
Q21349,A0
Q21350,A0
Q21351,A0
Q21352,A0
Q21353,A0
Q21354,A0
Q21355,A0
Q21356,A0
Q21357,A0
Q21358,A0
Q21359,A0
Q21360,A0
Q21361,A0
Q21362,A0
Q21363,A0
Q21364,A0
Q21365,A0
Q21366,A0
Q21367,A0
Q21368,A0
Q21369,A0
Q21370,A0
Q21371,A0
Q21372,A0
Q21373,A0
Q21374,A0
Q21375,A0
Q21376,A0
Q21377,A0
Q21378,A0
Q21379,A0
Q21380,A0
Q21381,A0
Q21382,A0
Q21383,A0
Q21384,A0
Q21385,A0
Q21386,A0
Q21387,A0
Q21388,A0
Q21389,A0
Q21390,A0
Q21391,A0
Q21392,A0
Q21393,A0
Q21394,A0
Q21395,A0
Q21396,A0
Q21397,A0
Q21398,A0
Q21399,A0
Q21400,A0
Q21401,A0
Q21402,A0
Q21403,A0
Q21404,A0
Q21405,A0
Q21406,A0
Q21407,A0
Q21408,A0
Q21409,A0
Q21410,A0
Q21411,A0
Q21412,A0
Q21413,A0
Q21414,A0
Q21415,A0
Q21416,A0
Q21417,A0
Q21418,A0
Q21419,A0
Q21420,A0
Q21421,A0
Q21422,A0
Q21423,A0
Q21424,A0
Q21425,A0
Q21426,A0
Q21427,A0
Q21428,A0
Q21429,A0
Q21430,A0
Q21431,A0
Q21432,A0
Q21433,A0
Q21434,A0
Q21435,A0
Q21436,A0
Q21437,A0
Q21438,A0
Q21439,A0
Q21440,A0
Q21441,A0
Q21442,A0
Q21443,A0
Q21444,A0
Q21445,A0
Q21446,A0
Q21447,A0
Q21448,A0
Q21449,A0
Q21450,A0
Q21451,A0
Q21452,A0
Q21453,A0
Q21454,A0
Q21455,A0
Q21456,A0
Q21457,A0
Q21458,A0
Q21459,A0
Q21460,A0
Q21461,A0
Q21462,A0
Q21463,A0
Q21464,A0
Q21465,A0
Q21466,A0
Q21467,A0
Q21468,A0
Q21469,A0
Q21470,A0
Q21471,A0
Q21472,A0
Q21473,A0
Q21474,A0
Q21475,A0
Q21476,A0
Q21477,A0
Q21478,A0
Q21479,A0
Q21480,A0
Q21481,A0
Q21482,A0
Q21483,A0
Q21484,A0
Q21485,A0
Q21486,A0
Q21487,A0
Q21488,A0
Q21489,A0
Q21490,A0
Q21491,A0
Q21492,A0
Q21493,A0
Q21494,A0
Q21495,A0
Q21496,A0
Q21497,A0
Q21498,A0
Q21499,A0
Q21500,A0
Q21501,A0
Q21502,A0
Q21503,A0
Q21504,A0
Q21505,A0
Q21506,A0
Q21507,A0
Q21508,A0
Q21509,A0
Q21510,A0
Q21511,A0
Q21512,A0
Q21513,A0
Q21514,A0
Q21515,A0
Q21516,A0
Q21517,A0
Q21518,A0
Q21519,A0
Q21520,A0
Q21521,A0
Q21522,A0
Q21523,A0
Q21524,A0
Q21525,A0
Q21526,A0
Q21527,A0
Q21528,A0
Q21529,A0
Q21530,A0
Q21531,A0
Q21532,A0
Q21533,A0
Q21534,A0
Q21535,A0
Q21536,A0
Q21537,A0
Q21538,A0
Q21539,A0
Q21540,A0
Q21541,A0
Q21542,A0
Q21543,A0
Q21544,A0
Q21545,A0
Q21546,A0
Q21547,A0
Q21548,A0
Q21549,A0
Q21550,A0
Q21551,A0
Q21552,A0
Q21553,A0
Q21554,A0
Q21555,A0
Q21556,A0
Q21557,A0
Q21558,A0
Q21559,A0
Q21560,A0
Q21561,A0
Q21562,A0
Q21563,A0
Q21564,A0
Q21565,A0
Q21566,A0
Q21567,A0
Q21568,A0
Q21569,A0
Q21570,A0
Q21571,A0
Q21572,A0
Q21573,A0
Q21574,A0
Q21575,A0
Q21576,A0
Q21577,A0
Q21578,A0
Q21579,A0
Q21580,A0
Q21581,A0
Q21582,A0
Q21583,A0
Q21584,A0
Q21585,A0
Q21586,A0
Q21587,A0
Q21588,A0
Q21589,A0
Q21590,A0
Q21591,A0
Q21592,A0
Q21593,A0
Q21594,A0
Q21595,A0
Q21596,A0
Q21597,A0
Q21598,A0
Q21599,A0
Q21600,A0
Q21601,A0
Q21602,A0
Q21603,A0
Q21604,A0
Q21605,A0
Q21606,A0
Q21607,A0
Q21608,A0
Q21609,A0
Q21610,A0
Q21611,A0
Q21612,A0
Q21613,A0
Q21614,A0
Q21615,A0
Q21616,A0
Q21617,A0
Q21618,A0
Q21619,A0
Q21620,A0
Q21621,A0
Q21622,A0
Q21623,A0
Q21624,A0
Q21625,A0
Q21626,A0
Q21627,A0
Q21628,A0
Q21629,A0
Q21630,A0
Q21631,A0
Q21632,A0
Q21633,A0
Q21634,A0
Q21635,A0
Q21636,A0
Q21637,A0
Q21638,A0
Q21639,A0
Q21640,A0
Q21641,A0
Q21642,A0
Q21643,A0
Q21644,A0
Q21645,A0
Q21646,A0
Q21647,A0
Q21648,A0
Q21649,A0
Q21650,A0
Q21651,A0
Q21652,A0
Q21653,A0
Q21654,A0
Q21655,A0
Q21656,A0
Q21657,A0
Q21658,A0
Q21659,A0
Q21660,A0
Q21661,A0
Q21662,A0
Q21663,A0
Q21664,A0
Q21665,A0
Q21666,A0
Q21667,A0
Q21668,A0
Q21669,A0
Q21670,A0
Q21671,A0
Q21672,A0
Q21673,A0
Q21674,A0
Q21675,A0
Q21676,A0
Q21677,A0
Q21678,A0
Q21679,A0
Q21680,A0
Q21681,A0
Q21682,A0
Q21683,A0
Q21684,A0
Q21685,A0
Q21686,A0
Q21687,A0
Q21688,A0
Q21689,A0
Q21690,A0
Q21691,A0
Q21692,A0
Q21693,A0
Q21694,A0
Q21695,A0
Q21696,A0
Q21697,A0
Q21698,A0
Q21699,A0
Q21700,A0
Q21701,A0
Q21702,A0
Q21703,A0
Q21704,A0
Q21705,A0
Q21706,A0
Q21707,A0
Q21708,A0
Q21709,A0
Q21710,A0
Q21711,A0
Q21712,A0
Q21713,A0
Q21714,A0
Q21715,A0
Q21716,A0
Q21717,A0
Q21718,A0
Q21719,A0
Q21720,A0
Q21721,A0
Q21722,A0
Q21723,A0
Q21724,A0
Q21725,A0
Q21726,A0
Q21727,A0
Q21728,A0
Q21729,A0
Q21730,A0
Q21731,A0
Q21732,A0
Q21733,A0
Q21734,A0
Q21735,A0
Q21736,A0
Q21737,A0
Q21738,A0
Q21739,A0
Q21740,A0
Q21741,A0
Q21742,A0
Q21743,A0
Q21744,A0
Q21745,A0
Q21746,A0
Q21747,A0
Q21748,A0
Q21749,A0
Q21750,A0
Q21751,A0
Q21752,A0
Q21753,A0
Q21754,A0
Q21755,A0
Q21756,A0
Q21757,A0
Q21758,A0
Q21759,A0
Q21760,A0
Q21761,A0
Q21762,A0
Q21763,A0
Q21764,A0
Q21765,A0
Q21766,A0
Q21767,A0
Q21768,A0
Q21769,A0
Q21770,A0
Q21771,A0
Q21772,A0
Q21773,A0
Q21774,A0
Q21775,A0
Q21776,A0
Q21777,A0
Q21778,A0
Q21779,A0
Q21780,A0
Q21781,A0
Q21782,A0
Q21783,A0
Q21784,A0
Q21785,A0
Q21786,A0
Q21787,A0
Q21788,A0
Q21789,A0
Q21790,A0
Q21791,A0
Q21792,A0
Q21793,A0
Q21794,A0
Q21795,A0
Q21796,A0
Q21797,A0
Q21798,A0
Q21799,A0
Q21800,A0
Q21801,A0
Q21802,A0
Q21803,A0
Q21804,A0
Q21805,A0
Q21806,A0
Q21807,A0
Q21808,A0
Q21809,A0
Q21810,A0
Q21811,A0
Q21812,A0
Q21813,A0
Q21814,A0
Q21815,A0
Q21816,A0
Q21817,A0
Q21818,A0
Q21819,A0
Q21820,A0
Q21821,A0
Q21822,A0
Q21823,A0
Q21824,A0
Q21825,A0
Q21826,A0
Q21827,A0
Q21828,A0
Q21829,A0
Q21830,A0
Q21831,A0
Q21832,A0
Q21833,A0
Q21834,A0
Q21835,A0
Q21836,A0
Q21837,A0
Q21838,A0
Q21839,A0
Q21840,A0
Q21841,A0
Q21842,A0
Q21843,A0
Q21844,A0
Q21845,A0
Q21846,A0
Q21847,A0
Q21848,A0
Q21849,A0
Q21850,A0
Q21851,A0
Q21852,A0
Q21853,A0
Q21854,A0
Q21855,A0
Q21856,A0
Q21857,A0
Q21858,A0
Q21859,A0
Q21860,A0
Q21861,A0
Q21862,A0
Q21863,A0
Q21864,A0
Q21865,A0
Q21866,A0
Q21867,A0
Q21868,A0
Q21869,A0
Q21870,A0
Q21871,A0
Q21872,A0
Q21873,A0
Q21874,A0
Q21875,A0
Q21876,A0
Q21877,A0
Q21878,A0
Q21879,A0
Q21880,A0
Q21881,A0
Q21882,A0
Q21883,A0
Q21884,A0
Q21885,A0
Q21886,A0
Q21887,A0
Q21888,A0
Q21889,A0
Q21890,A0
Q21891,A0
Q21892,A0
Q21893,A0
Q21894,A0
Q21895,A0
Q21896,A0
Q21897,A0
Q21898,A0
Q21899,A0
Q21900,A0
Q21901,A0
Q21902,A0
Q21903,A0
Q21904,A0
Q21905,A0
Q21906,A0
Q21907,A0
Q21908,A0
Q21909,A0
Q21910,A0
Q21911,A0
Q21912,A0
Q21913,A0
Q21914,A0
Q21915,A0
Q21916,A0
Q21917,A0
Q21918,A0
Q21919,A0
Q21920,A0
Q21921,A0
Q21922,A0
Q21923,A0
Q21924,A0
Q21925,A0
Q21926,A0
Q21927,A0
Q21928,A0
Q21929,A0
Q21930,A0
Q21931,A0
Q21932,A0
Q21933,A0
Q21934,A0
Q21935,A0
Q21936,A0
Q21937,A0
Q21938,A0
Q21939,A0
Q21940,A0
Q21941,A0
Q21942,A0
Q21943,A0
Q21944,A0
Q21945,A0
Q21946,A0
Q21947,A0
Q21948,A0
Q21949,A0
Q21950,A0
Q21951,A0
Q21952,A0
Q21953,A0
Q21954,A0
Q21955,A0
Q21956,A0
Q21957,A0
Q21958,A0
Q21959,A0
Q21960,A0
Q21961,A0
Q21962,A0
Q21963,A0
Q21964,A0
Q21965,A0
Q21966,A0
Q21967,A0
Q21968,A0
Q21969,A0
Q21970,A0
Q21971,A0
Q21972,A0
Q21973,A0
Q21974,A0
Q21975,A0
Q21976,A0
Q21977,A0
Q21978,A0
Q21979,A0
Q21980,A0
Q21981,A0
Q21982,A0
Q21983,A0
Q21984,A0
Q21985,A0
Q21986,A0
Q21987,A0
Q21988,A0
Q21989,A0
Q21990,A0
Q21991,A0
Q21992,A0
Q21993,A0
Q21994,A0
Q21995,A0
Q21996,A0
Q21997,A0
Q21998,A0
Q21999,A0
Q22000,A0
Q22001,A0
Q22002,A0
Q22003,A0
Q22004,A0
Q22005,A0
Q22006,A0
Q22007,A0
Q22008,A0
Q22009,A0
Q22010,A0
Q22011,A0
Q22012,A0
Q22013,A0
Q22014,A0
Q22015,A0
Q22016,A0
Q22017,A0
Q22018,A0
Q22019,A0
Q22020,A0
Q22021,A0
Q22022,A0
Q22023,A0
Q22024,A0
Q22025,A0
Q22026,A0
Q22027,A0
Q22028,A0
Q22029,A0
Q22030,A0
Q22031,A0
Q22032,A0
Q22033,A0
Q22034,A0
Q22035,A0
Q22036,A0
Q22037,A0
Q22038,A0
Q22039,A0
Q22040,A0
Q22041,A0
Q22042,A0
Q22043,A0
Q22044,A0
Q22045,A0
Q22046,A0
Q22047,A0
Q22048,A0
Q22049,A0
Q22050,A0
Q22051,A0
Q22052,A0
Q22053,A0
Q22054,A0
Q22055,A0
Q22056,A0
Q22057,A0
Q22058,A0
Q22059,A0
Q22060,A0
Q22061,A0
Q22062,A0
Q22063,A0
Q22064,A0
Q22065,A0
Q22066,A0
Q22067,A0
Q22068,A0
Q22069,A0
Q22070,A0
Q22071,A0
Q22072,A0
Q22073,A0
Q22074,A0
Q22075,A0
Q22076,A0
Q22077,A0
Q22078,A0
Q22079,A0
Q22080,A0
Q22081,A0
Q22082,A0
Q22083,A0
Q22084,A0
Q22085,A0
Q22086,A0
Q22087,A0
Q22088,A0
Q22089,A0
Q22090,A0
Q22091,A0
Q22092,A0
Q22093,A0
Q22094,A0
Q22095,A0
Q22096,A0
Q22097,A0
Q22098,A0
Q22099,A0
Q22100,A0
Q22101,A0
Q22102,A0
Q22103,A0
Q22104,A0
Q22105,A0
Q22106,A0
Q22107,A0
Q22108,A0
Q22109,A0
Q22110,A0
Q22111,A0
Q22112,A0
Q22113,A0
Q22114,A0
Q22115,A0
Q22116,A0
Q22117,A0
Q22118,A0
Q22119,A0
Q22120,A0
Q22121,A0
Q22122,A0
Q22123,A0
Q22124,A0
Q22125,A0
Q22126,A0
Q22127,A0
Q22128,A0
Q22129,A0
Q22130,A0
Q22131,A0
Q22132,A0
Q22133,A0
Q22134,A0
Q22135,A0
Q22136,A0
Q22137,A0
Q22138,A0
Q22139,A0
Q22140,A0
Q22141,A0
Q22142,A0
Q22143,A0
Q22144,A0
Q22145,A0
Q22146,A0
Q22147,A0
Q22148,A0
Q22149,A0
Q22150,A0
Q22151,A0
Q22152,A0
Q22153,A0
Q22154,A0
Q22155,A0
Q22156,A0
Q22157,A0
Q22158,A0
Q22159,A0
Q22160,A0
Q22161,A0
Q22162,A0
Q22163,A0
Q22164,A0
Q22165,A0
Q22166,A0
Q22167,A0
Q22168,A0
Q22169,A0
Q22170,A0
Q22171,A0
Q22172,A0
Q22173,A0
Q22174,A0
Q22175,A0
Q22176,A0
Q22177,A0
Q22178,A0
Q22179,A0
Q22180,A0
Q22181,A0
Q22182,A0
Q22183,A0
Q22184,A0
Q22185,A0
Q22186,A0
Q22187,A0
Q22188,A0
Q22189,A0
Q22190,A0
Q22191,A0
Q22192,A0
Q22193,A0
Q22194,A0
Q22195,A0
Q22196,A0
Q22197,A0
Q22198,A0
Q22199,A0
Q22200,A0
Q22201,A0
Q22202,A0
Q22203,A0
Q22204,A0
Q22205,A0
Q22206,A0
Q22207,A0
Q22208,A0
Q22209,A0
Q22210,A0
Q22211,A0
Q22212,A0
Q22213,A0
Q22214,A0
Q22215,A0
Q22216,A0
Q22217,A0
Q22218,A0
Q22219,A0
Q22220,A0
Q22221,A0
Q22222,A0
Q22223,A0
Q22224,A0
Q22225,A0
Q22226,A0
Q22227,A0
Q22228,A0
Q22229,A0
Q22230,A0
Q22231,A0
Q22232,A0
Q22233,A0
Q22234,A0
Q22235,A0
Q22236,A0
Q22237,A0
Q22238,A0
Q22239,A0
Q22240,A0
Q22241,A0
Q22242,A0
Q22243,A0
Q22244,A0
Q22245,A0
Q22246,A0
Q22247,A0
Q22248,A0
Q22249,A0
Q22250,A0
Q22251,A0
Q22252,A0
Q22253,A0
Q22254,A0
Q22255,A0
Q22256,A0
Q22257,A0
Q22258,A0
Q22259,A0
Q22260,A0
Q22261,A0
Q22262,A0
Q22263,A0
Q22264,A0
Q22265,A0
Q22266,A0
Q22267,A0
Q22268,A0
Q22269,A0
Q22270,A0
Q22271,A0
Q22272,A0
Q22273,A0
Q22274,A0
Q22275,A0
Q22276,A0
Q22277,A0
Q22278,A0
Q22279,A0
Q22280,A0
Q22281,A0
Q22282,A0
Q22283,A0
Q22284,A0
Q22285,A0
Q22286,A0
Q22287,A0
Q22288,A0
Q22289,A0
Q22290,A0
Q22291,A0
Q22292,A0
Q22293,A0
Q22294,A0
Q22295,A0
Q22296,A0
Q22297,A0
Q22298,A0
Q22299,A0
Q22300,A0
Q22301,A0
Q22302,A0
Q22303,A0
Q22304,A0
Q22305,A0
Q22306,A0
Q22307,A0
Q22308,A0
Q22309,A0
Q22310,A0
Q22311,A0
Q22312,A0
Q22313,A0
Q22314,A0
Q22315,A0
Q22316,A0
Q22317,A0
Q22318,A0
Q22319,A0
Q22320,A0
Q22321,A0
Q22322,A0
Q22323,A0
Q22324,A0
Q22325,A0
Q22326,A0
Q22327,A0
Q22328,A0
Q22329,A0
Q22330,A0
Q22331,A0
Q22332,A0
Q22333,A0
Q22334,A0
Q22335,A0
Q22336,A0
Q22337,A0
Q22338,A0
Q22339,A0
Q22340,A0
Q22341,A0
Q22342,A0
Q22343,A0
Q22344,A0
Q22345,A0
Q22346,A0
Q22347,A0
Q22348,A0
Q22349,A0
Q22350,A0
Q22351,A0
Q22352,A0
Q22353,A0
Q22354,A0
Q22355,A0
Q22356,A0
Q22357,A0
Q22358,A0
Q22359,A0
Q22360,A0
Q22361,A0
Q22362,A0
Q22363,A0
Q22364,A0
Q22365,A0
Q22366,A0
Q22367,A0
Q22368,A0
Q22369,A0
Q22370,A0
Q22371,A0
Q22372,A0
Q22373,A0
Q22374,A0
Q22375,A0
Q22376,A0
Q22377,A0
Q22378,A0
Q22379,A0
Q22380,A0
Q22381,A0
Q22382,A0
Q22383,A0
Q22384,A0
Q22385,A0
Q22386,A0
Q22387,A0
Q22388,A0
Q22389,A0
Q22390,A0
Q22391,A0
Q22392,A0
Q22393,A0
Q22394,A0
Q22395,A0
Q22396,A0
Q22397,A0
Q22398,A0
Q22399,A0
Q22400,A0
Q22401,A0
Q22402,A0
Q22403,A0
Q22404,A0
Q22405,A0
Q22406,A0
Q22407,A0
Q22408,A0
Q22409,A0
Q22410,A0
Q22411,A0
Q22412,A0
Q22413,A0
Q22414,A0
Q22415,A0
Q22416,A0
Q22417,A0
Q22418,A0
Q22419,A0
Q22420,A0
Q22421,A0
Q22422,A0
Q22423,A0
Q22424,A0
Q22425,A0
Q22426,A0
Q22427,A0
Q22428,A0
Q22429,A0
Q22430,A0
Q22431,A0
Q22432,A0
Q22433,A0
Q22434,A0
Q22435,A0
Q22436,A0
Q22437,A0
Q22438,A0
Q22439,A0
Q22440,A0
Q22441,A0
Q22442,A0
Q22443,A0
Q22444,A0
Q22445,A0
Q22446,A0
Q22447,A0
Q22448,A0
Q22449,A0
Q22450,A0
Q22451,A0
Q22452,A0
Q22453,A0
Q22454,A0
Q22455,A0
Q22456,A0
Q22457,A0
Q22458,A0
Q22459,A0
Q22460,A0
Q22461,A0
Q22462,A0
Q22463,A0
Q22464,A0
Q22465,A0
Q22466,A0
Q22467,A0
Q22468,A0
Q22469,A0
Q22470,A0
Q22471,A0
Q22472,A0
Q22473,A0
Q22474,A0
Q22475,A0
Q22476,A0
Q22477,A0
Q22478,A0
Q22479,A0
Q22480,A0
Q22481,A0
Q22482,A0
Q22483,A0
Q22484,A0
Q22485,A0
Q22486,A0
Q22487,A0
Q22488,A0
Q22489,A0
Q22490,A0
Q22491,A0
Q22492,A0
Q22493,A0
Q22494,A0
Q22495,A0
Q22496,A0
Q22497,A0
Q22498,A0
Q22499,A0
Q22500,A0
Q22501,A0
Q22502,A0
Q22503,A0
Q22504,A0
Q22505,A0
Q22506,A0
Q22507,A0
Q22508,A0
Q22509,A0
Q22510,A0
Q22511,A0
Q22512,A0
Q22513,A0
Q22514,A0
Q22515,A0
Q22516,A0
Q22517,A0
Q22518,A0
Q22519,A0
Q22520,A0
Q22521,A0
Q22522,A0
Q22523,A0
Q22524,A0
Q22525,A0
Q22526,A0
Q22527,A0
Q22528,A0
Q22529,A0
Q22530,A0
Q22531,A0
Q22532,A0
Q22533,A0
Q22534,A0
Q22535,A0
Q22536,A0
Q22537,A0
Q22538,A0
Q22539,A0
Q22540,A0
Q22541,A0
Q22542,A0
Q22543,A0
Q22544,A0
Q22545,A0
Q22546,A0
Q22547,A0
Q22548,A0
Q22549,A0
Q22550,A0
Q22551,A0
Q22552,A0
Q22553,A0
Q22554,A0
Q22555,A0
Q22556,A0
Q22557,A0
Q22558,A0
Q22559,A0
Q22560,A0
Q22561,A0
Q22562,A0
Q22563,A0
Q22564,A0
Q22565,A0
Q22566,A0
Q22567,A0
Q22568,A0
Q22569,A0
Q22570,A0
Q22571,A0
Q22572,A0
Q22573,A0
Q22574,A0
Q22575,A0
Q22576,A0
Q22577,A0
Q22578,A0
Q22579,A0
Q22580,A0
Q22581,A0
Q22582,A0
Q22583,A0
Q22584,A0
Q22585,A0
Q22586,A0
Q22587,A0
Q22588,A0
Q22589,A0
Q22590,A0
Q22591,A0
Q22592,A0
Q22593,A0
Q22594,A0
Q22595,A0
Q22596,A0
Q22597,A0
Q22598,A0
Q22599,A0
Q22600,A0
Q22601,A0
Q22602,A0
Q22603,A0
Q22604,A0
Q22605,A0
Q22606,A0
Q22607,A0
Q22608,A0
Q22609,A0
Q22610,A0
Q22611,A0
Q22612,A0
Q22613,A0
Q22614,A0
Q22615,A0
Q22616,A0
Q22617,A0
Q22618,A0
Q22619,A0
Q22620,A0
Q22621,A0
Q22622,A0
Q22623,A0
Q22624,A0
Q22625,A0
Q22626,A0
Q22627,A0
Q22628,A0
Q22629,A0
Q22630,A0
Q22631,A0
Q22632,A0
Q22633,A0
Q22634,A0
Q22635,A0
Q22636,A0
Q22637,A0
Q22638,A0
Q22639,A0
Q22640,A0
Q22641,A0
Q22642,A0
Q22643,A0
Q22644,A0
Q22645,A0
Q22646,A0
Q22647,A0
Q22648,A0
Q22649,A0
Q22650,A0
Q22651,A0
Q22652,A0
Q22653,A0
Q22654,A0
Q22655,A0
Q22656,A0
Q22657,A0
Q22658,A0
Q22659,A0
Q22660,A0
Q22661,A0
Q22662,A0
Q22663,A0
Q22664,A0
Q22665,A0
Q22666,A0
Q22667,A0
Q22668,A0
Q22669,A0
Q22670,A0
Q22671,A0
Q22672,A0
Q22673,A0
Q22674,A0
Q22675,A0
Q22676,A0
Q22677,A0
Q22678,A0
Q22679,A0
Q22680,A0
Q22681,A0
Q22682,A0
Q22683,A0
Q22684,A0
Q22685,A0
Q22686,A0
Q22687,A0
Q22688,A0
Q22689,A0
Q22690,A0
Q22691,A0
Q22692,A0
Q22693,A0
Q22694,A0
Q22695,A0
Q22696,A0
Q22697,A0
Q22698,A0
Q22699,A0
Q22700,A0
Q22701,A0
Q22702,A0
Q22703,A0
Q22704,A0
Q22705,A0
Q22706,A0
Q22707,A0
Q22708,A0
Q22709,A0
Q22710,A0
Q22711,A0
Q22712,A0
Q22713,A0
Q22714,A0
Q22715,A0
Q22716,A0
Q22717,A0
Q22718,A0
Q22719,A0
Q22720,A0
Q22721,A0
Q22722,A0
Q22723,A0
Q22724,A0
Q22725,A0
Q22726,A0
Q22727,A0
Q22728,A0
Q22729,A0
Q22730,A0
Q22731,A0
Q22732,A0
Q22733,A0
Q22734,A0
Q22735,A0
Q22736,A0
Q22737,A0
Q22738,A0
Q22739,A0
Q22740,A0
Q22741,A0
Q22742,A0
Q22743,A0
Q22744,A0
Q22745,A0
Q22746,A0
Q22747,A0
Q22748,A0
Q22749,A0
Q22750,A0
Q22751,A0
Q22752,A0
Q22753,A0
Q22754,A0
Q22755,A0
Q22756,A0
Q22757,A0
Q22758,A0
Q22759,A0
Q22760,A0
Q22761,A0
Q22762,A0
Q22763,A0
Q22764,A0
Q22765,A0
Q22766,A0
Q22767,A0
Q22768,A0
Q22769,A0
Q22770,A0
Q22771,A0
Q22772,A0
Q22773,A0
Q22774,A0
Q22775,A0
Q22776,A0
Q22777,A0
Q22778,A0
Q22779,A0
Q22780,A0
Q22781,A0
Q22782,A0
Q22783,A0
Q22784,A0
Q22785,A0
Q22786,A0
Q22787,A0
Q22788,A0
Q22789,A0
Q22790,A0
Q22791,A0
Q22792,A0
Q22793,A0
Q22794,A0
Q22795,A0
Q22796,A0
Q22797,A0
Q22798,A0
Q22799,A0
Q22800,A0
Q22801,A0
Q22802,A0
Q22803,A0
Q22804,A0
Q22805,A0
Q22806,A0
Q22807,A0
Q22808,A0
Q22809,A0
Q22810,A0
Q22811,A0
Q22812,A0
Q22813,A0
Q22814,A0
Q22815,A0
Q22816,A0
Q22817,A0
Q22818,A0
Q22819,A0
Q22820,A0
Q22821,A0
Q22822,A0
Q22823,A0
Q22824,A0
Q22825,A0
Q22826,A0
Q22827,A0
Q22828,A0
Q22829,A0
Q22830,A0
Q22831,A0
Q22832,A0
Q22833,A0
Q22834,A0
Q22835,A0
Q22836,A0
Q22837,A0
Q22838,A0
Q22839,A0
Q22840,A0
Q22841,A0
Q22842,A0
Q22843,A0
Q22844,A0
Q22845,A0
Q22846,A0
Q22847,A0
Q22848,A0
Q22849,A0
Q22850,A0
Q22851,A0
Q22852,A0
Q22853,A0
Q22854,A0
Q22855,A0
Q22856,A0
Q22857,A0
Q22858,A0
Q22859,A0
Q22860,A0
Q22861,A0
Q22862,A0
Q22863,A0
Q22864,A0
Q22865,A0
Q22866,A0
Q22867,A0
Q22868,A0
Q22869,A0
Q22870,A0
Q22871,A0
Q22872,A0
Q22873,A0
Q22874,A0
Q22875,A0
Q22876,A0
Q22877,A0
Q22878,A0
Q22879,A0
Q22880,A0
Q22881,A0
Q22882,A0
Q22883,A0
Q22884,A0
Q22885,A0
Q22886,A0
Q22887,A0
Q22888,A0
Q22889,A0
Q22890,A0
Q22891,A0
Q22892,A0
Q22893,A0
Q22894,A0
Q22895,A0
Q22896,A0
Q22897,A0
Q22898,A0
Q22899,A0
Q22900,A0
Q22901,A0
Q22902,A0
Q22903,A0
Q22904,A0
Q22905,A0
Q22906,A0
Q22907,A0
Q22908,A0
Q22909,A0
Q22910,A0
Q22911,A0
Q22912,A0
Q22913,A0
Q22914,A0
Q22915,A0
Q22916,A0
Q22917,A0
Q22918,A0
Q22919,A0
Q22920,A0
Q22921,A0
Q22922,A0
Q22923,A0
Q22924,A0
Q22925,A0
Q22926,A0
Q22927,A0
Q22928,A0
Q22929,A0
Q22930,A0
Q22931,A0
Q22932,A0
Q22933,A0
Q22934,A0
Q22935,A0
Q22936,A0
Q22937,A0
Q22938,A0
Q22939,A0
Q22940,A0
Q22941,A0
Q22942,A0
Q22943,A0
Q22944,A0
Q22945,A0
Q22946,A0
Q22947,A0
Q22948,A0
Q22949,A0
Q22950,A0
Q22951,A0
Q22952,A0
Q22953,A0
Q22954,A0
Q22955,A0
Q22956,A0
Q22957,A0
Q22958,A0
Q22959,A0
Q22960,A0
Q22961,A0
Q22962,A0
Q22963,A0
Q22964,A0
Q22965,A0
Q22966,A0
Q22967,A0
Q22968,A0
Q22969,A0
Q22970,A0
Q22971,A0
Q22972,A0
Q22973,A0
Q22974,A0
Q22975,A0
Q22976,A0
Q22977,A0
Q22978,A0
Q22979,A0
Q22980,A0
Q22981,A0
Q22982,A0
Q22983,A0
Q22984,A0
Q22985,A0
Q22986,A0
Q22987,A0
Q22988,A0
Q22989,A0
Q22990,A0
Q22991,A0
Q22992,A0
Q22993,A0
Q22994,A0
Q22995,A0
Q22996,A0
Q22997,A0
Q22998,A0
Q22999,A0
Q23000,A0
Q23001,A0
Q23002,A0
Q23003,A0
Q23004,A0
Q23005,A0
Q23006,A0
Q23007,A0
Q23008,A0
Q23009,A0
Q23010,A0
Q23011,A0
Q23012,A0
Q23013,A0
Q23014,A0
Q23015,A0
Q23016,A0
Q23017,A0
Q23018,A0
Q23019,A0
Q23020,A0
Q23021,A0
Q23022,A0
Q23023,A0
Q23024,A0
Q23025,A0
Q23026,A0
Q23027,A0
Q23028,A0
Q23029,A0
Q23030,A0
Q23031,A0
Q23032,A0
Q23033,A0
Q23034,A0
Q23035,A0
Q23036,A0
Q23037,A0
Q23038,A0
Q23039,A0
Q23040,A0
Q23041,A0
Q23042,A0
Q23043,A0
Q23044,A0
Q23045,A0
Q23046,A0
Q23047,A0
Q23048,A0
Q23049,A0
Q23050,A0
Q23051,A0
Q23052,A0
Q23053,A0
Q23054,A0
Q23055,A0
Q23056,A0
Q23057,A0
Q23058,A0
Q23059,A0
Q23060,A0
Q23061,A0
Q23062,A0
Q23063,A0
Q23064,A0
Q23065,A0
Q23066,A0
Q23067,A0
Q23068,A0
Q23069,A0
Q23070,A0
Q23071,A0
Q23072,A0
Q23073,A0
Q23074,A0
Q23075,A0
Q23076,A0
Q23077,A0
Q23078,A0
Q23079,A0
Q23080,A0
Q23081,A0
Q23082,A0
Q23083,A0
Q23084,A0
Q23085,A0
Q23086,A0
Q23087,A0
Q23088,A0
Q23089,A0
Q23090,A0
Q23091,A0
Q23092,A0
Q23093,A0
Q23094,A0
Q23095,A0
Q23096,A0
Q23097,A0
Q23098,A0
Q23099,A0
Q23100,A0
Q23101,A0
Q23102,A0
Q23103,A0
Q23104,A0
Q23105,A0
Q23106,A0
Q23107,A0
Q23108,A0
Q23109,A0
Q23110,A0
Q23111,A0
Q23112,A0
Q23113,A0
Q23114,A0
Q23115,A0
Q23116,A0
Q23117,A0
Q23118,A0
Q23119,A0
Q23120,A0
Q23121,A0
Q23122,A0
Q23123,A0
Q23124,A0
Q23125,A0
Q23126,A0
Q23127,A0
Q23128,A0
Q23129,A0
Q23130,A0
Q23131,A0
Q23132,A0
Q23133,A0
Q23134,A0
Q23135,A0
Q23136,A0
Q23137,A0
Q23138,A0
Q23139,A0
Q23140,A0
Q23141,A0
Q23142,A0
Q23143,A0
Q23144,A0
Q23145,A0
Q23146,A0
Q23147,A0
Q23148,A0
Q23149,A0
Q23150,A0
Q23151,A0
Q23152,A0
Q23153,A0
Q23154,A0
Q23155,A0
Q23156,A0
Q23157,A0
Q23158,A0
Q23159,A0
Q23160,A0
Q23161,A0
Q23162,A0
Q23163,A0
Q23164,A0
Q23165,A0
Q23166,A0
Q23167,A0
Q23168,A0
Q23169,A0
Q23170,A0
Q23171,A0
Q23172,A0
Q23173,A0
Q23174,A0
Q23175,A0
Q23176,A0
Q23177,A0
Q23178,A0
Q23179,A0
Q23180,A0
Q23181,A0
Q23182,A0
Q23183,A0
Q23184,A0
Q23185,A0
Q23186,A0
Q23187,A0
Q23188,A0
Q23189,A0
Q23190,A0
Q23191,A0
Q23192,A0
Q23193,A0
Q23194,A0
Q23195,A0
Q23196,A0
Q23197,A0
Q23198,A0
Q23199,A0
Q23200,A0
Q23201,A0
Q23202,A0
Q23203,A0
Q23204,A0
Q23205,A0
Q23206,A0
Q23207,A0
Q23208,A0
Q23209,A0
Q23210,A0
Q23211,A0
Q23212,A0
Q23213,A0
Q23214,A0
Q23215,A0
Q23216,A0
Q23217,A0
Q23218,A0
Q23219,A0
Q23220,A0
Q23221,A0
Q23222,A0
Q23223,A0
Q23224,A0
Q23225,A0
Q23226,A0
Q23227,A0
Q23228,A0
Q23229,A0
Q23230,A0
Q23231,A0
Q23232,A0
Q23233,A0
Q23234,A0
Q23235,A0
Q23236,A0
Q23237,A0
Q23238,A0
Q23239,A0
Q23240,A0
Q23241,A0
Q23242,A0
Q23243,A0
Q23244,A0
Q23245,A0
Q23246,A0
Q23247,A0
Q23248,A0
Q23249,A0
Q23250,A0
Q23251,A0
Q23252,A0
Q23253,A0
Q23254,A0
Q23255,A0
Q23256,A0
Q23257,A0
Q23258,A0
Q23259,A0
Q23260,A0
Q23261,A0
Q23262,A0
Q23263,A0
Q23264,A0
Q23265,A0
Q23266,A0
Q23267,A0
Q23268,A0
Q23269,A0
Q23270,A0
Q23271,A0
Q23272,A0
Q23273,A0
Q23274,A0
Q23275,A0
Q23276,A0
Q23277,A0
Q23278,A0
Q23279,A0
Q23280,A0
Q23281,A0
Q23282,A0
Q23283,A0
Q23284,A0
Q23285,A0
Q23286,A0
Q23287,A0
Q23288,A0
Q23289,A0
Q23290,A0
Q23291,A0
Q23292,A0
Q23293,A0
Q23294,A0
Q23295,A0
Q23296,A0
Q23297,A0
Q23298,A0
Q23299,A0
Q23300,A0
Q23301,A0
Q23302,A0
Q23303,A0
Q23304,A0
Q23305,A0
Q23306,A0
Q23307,A0
Q23308,A0
Q23309,A0
Q23310,A0
Q23311,A0
Q23312,A0
Q23313,A0
Q23314,A0
Q23315,A0
Q23316,A0
Q23317,A0
Q23318,A0
Q23319,A0
Q23320,A0
Q23321,A0
Q23322,A0
Q23323,A0
Q23324,A0
Q23325,A0
Q23326,A0
Q23327,A0
Q23328,A0
Q23329,A0
Q23330,A0
Q23331,A0
Q23332,A0
Q23333,A0
Q23334,A0
Q23335,A0
Q23336,A0
Q23337,A0
Q23338,A0
Q23339,A0
Q23340,A0
Q23341,A0
Q23342,A0
Q23343,A0
Q23344,A0
Q23345,A0
Q23346,A0
Q23347,A0
Q23348,A0
Q23349,A0
Q23350,A0
Q23351,A0
Q23352,A0
Q23353,A0
Q23354,A0
Q23355,A0
Q23356,A0
Q23357,A0
Q23358,A0
Q23359,A0
Q23360,A0
Q23361,A0
Q23362,A0
Q23363,A0
Q23364,A0
Q23365,A0
Q23366,A0
Q23367,A0
Q23368,A0
Q23369,A0
Q23370,A0
Q23371,A0
Q23372,A0
Q23373,A0
Q23374,A0
Q23375,A0
Q23376,A0
Q23377,A0
Q23378,A0
Q23379,A0
Q23380,A0
Q23381,A0
Q23382,A0
Q23383,A0
Q23384,A0
Q23385,A0
Q23386,A0
Q23387,A0
Q23388,A0
Q23389,A0
Q23390,A0
Q23391,A0
Q23392,A0
Q23393,A0
Q23394,A0
Q23395,A0
Q23396,A0
Q23397,A0
Q23398,A0
Q23399,A0
Q23400,A0
Q23401,A0
Q23402,A0
Q23403,A0
Q23404,A0
Q23405,A0
Q23406,A0
Q23407,A0
Q23408,A0
Q23409,A0
Q23410,A0
Q23411,A0
Q23412,A0
Q23413,A0
Q23414,A0
Q23415,A0
Q23416,A0
Q23417,A0
Q23418,A0
Q23419,A0
Q23420,A0
Q23421,A0
Q23422,A0
Q23423,A0
Q23424,A0
Q23425,A0
Q23426,A0
Q23427,A0
Q23428,A0
Q23429,A0
Q23430,A0
Q23431,A0
Q23432,A0
Q23433,A0
Q23434,A0
Q23435,A0
Q23436,A0
Q23437,A0
Q23438,A0
Q23439,A0
Q23440,A0
Q23441,A0
Q23442,A0
Q23443,A0
Q23444,A0
Q23445,A0
Q23446,A0
Q23447,A0
Q23448,A0
Q23449,A0
Q23450,A0
Q23451,A0
Q23452,A0
Q23453,A0
Q23454,A0
Q23455,A0
Q23456,A0
Q23457,A0
Q23458,A0
Q23459,A0
Q23460,A0
Q23461,A0
Q23462,A0
Q23463,A0
Q23464,A0
Q23465,A0
Q23466,A0
Q23467,A0
Q23468,A0
Q23469,A0
Q23470,A0
Q23471,A0
Q23472,A0
Q23473,A0
Q23474,A0
Q23475,A0
Q23476,A0
Q23477,A0
Q23478,A0
Q23479,A0
Q23480,A0
Q23481,A0
Q23482,A0
Q23483,A0
Q23484,A0
Q23485,A0
Q23486,A0
Q23487,A0
Q23488,A0
Q23489,A0
Q23490,A0
Q23491,A0
Q23492,A0
Q23493,A0
Q23494,A0
Q23495,A0
Q23496,A0
Q23497,A0
Q23498,A0
Q23499,A0
Q23500,A0
Q23501,A0
Q23502,A0
Q23503,A0
Q23504,A0
Q23505,A0
Q23506,A0
Q23507,A0
Q23508,A0
Q23509,A0
Q23510,A0
Q23511,A0
Q23512,A0
Q23513,A0
Q23514,A0
Q23515,A0
Q23516,A0
Q23517,A0
Q23518,A0
Q23519,A0
Q23520,A0
Q23521,A0
Q23522,A0
Q23523,A0
Q23524,A0
Q23525,A0
Q23526,A0
Q23527,A0
Q23528,A0
Q23529,A0
Q23530,A0
Q23531,A0
Q23532,A0
Q23533,A0
Q23534,A0
Q23535,A0
Q23536,A0
Q23537,A0
Q23538,A0
Q23539,A0
Q23540,A0
Q23541,A0
Q23542,A0
Q23543,A0
Q23544,A0
Q23545,A0
Q23546,A0
Q23547,A0
Q23548,A0
Q23549,A0
Q23550,A0
Q23551,A0
Q23552,A0
Q23553,A0
Q23554,A0
Q23555,A0
Q23556,A0
Q23557,A0
Q23558,A0
Q23559,A0
Q23560,A0
Q23561,A0
Q23562,A0
Q23563,A0
Q23564,A0
Q23565,A0
Q23566,A0
Q23567,A0
Q23568,A0
Q23569,A0
Q23570,A0
Q23571,A0
Q23572,A0
Q23573,A0
Q23574,A0
Q23575,A0
Q23576,A0
Q23577,A0
Q23578,A0
Q23579,A0
Q23580,A0
Q23581,A0
Q23582,A0
Q23583,A0
Q23584,A0
Q23585,A0
Q23586,A0
Q23587,A0
Q23588,A0
Q23589,A0
Q23590,A0
Q23591,A0
Q23592,A0
Q23593,A0
Q23594,A0
Q23595,A0
Q23596,A0
Q23597,A0
Q23598,A0
Q23599,A0
Q23600,A0
Q23601,A0
Q23602,A0
Q23603,A0
Q23604,A0
Q23605,A0
Q23606,A0
Q23607,A0
Q23608,A0
Q23609,A0
Q23610,A0
Q23611,A0
Q23612,A0
Q23613,A0
Q23614,A0
Q23615,A0
Q23616,A0
Q23617,A0
Q23618,A0
Q23619,A0
Q23620,A0
Q23621,A0
Q23622,A0
Q23623,A0
Q23624,A0
Q23625,A0
Q23626,A0
Q23627,A0
Q23628,A0
Q23629,A0
Q23630,A0
Q23631,A0
Q23632,A0
Q23633,A0
Q23634,A0
Q23635,A0
Q23636,A0
Q23637,A0
Q23638,A0
Q23639,A0
Q23640,A0
Q23641,A0
Q23642,A0
Q23643,A0
Q23644,A0
Q23645,A0
Q23646,A0
Q23647,A0
Q23648,A0
Q23649,A0
Q23650,A0
Q23651,A0
Q23652,A0
Q23653,A0
Q23654,A0
Q23655,A0
Q23656,A0
Q23657,A0
Q23658,A0
Q23659,A0
Q23660,A0
Q23661,A0
Q23662,A0
Q23663,A0
Q23664,A0
Q23665,A0
Q23666,A0
Q23667,A0
Q23668,A0
Q23669,A0
Q23670,A0
Q23671,A0
Q23672,A0
Q23673,A0
Q23674,A0
Q23675,A0
Q23676,A0
Q23677,A0
Q23678,A0
Q23679,A0
Q23680,A0
Q23681,A0
Q23682,A0
Q23683,A0
Q23684,A0
Q23685,A0
Q23686,A0
Q23687,A0
Q23688,A0
Q23689,A0
Q23690,A0
Q23691,A0
Q23692,A0
Q23693,A0
Q23694,A0
Q23695,A0
Q23696,A0
Q23697,A0
Q23698,A0
Q23699,A0
Q23700,A0
Q23701,A0
Q23702,A0
Q23703,A0
Q23704,A0
Q23705,A0
Q23706,A0
Q23707,A0
Q23708,A0
Q23709,A0
Q23710,A0
Q23711,A0
Q23712,A0
Q23713,A0
Q23714,A0
Q23715,A0
Q23716,A0
Q23717,A0
Q23718,A0
Q23719,A0
Q23720,A0
Q23721,A0
Q23722,A0
Q23723,A0
Q23724,A0
Q23725,A0
Q23726,A0
Q23727,A0
Q23728,A0
Q23729,A0
Q23730,A0
Q23731,A0
Q23732,A0
Q23733,A0
Q23734,A0
Q23735,A0
Q23736,A0
Q23737,A0
Q23738,A0
Q23739,A0
Q23740,A0
Q23741,A0
Q23742,A0
Q23743,A0
Q23744,A0
Q23745,A0
Q23746,A0
Q23747,A0
Q23748,A0
Q23749,A0
Q23750,A0
Q23751,A0
Q23752,A0
Q23753,A0
Q23754,A0
Q23755,A0
Q23756,A0
Q23757,A0
Q23758,A0
Q23759,A0
Q23760,A0
Q23761,A0
Q23762,A0
Q23763,A0
Q23764,A0
Q23765,A0
Q23766,A0
Q23767,A0
Q23768,A0
Q23769,A0
Q23770,A0
Q23771,A0
Q23772,A0
Q23773,A0
Q23774,A0
Q23775,A0
Q23776,A0
Q23777,A0
Q23778,A0
Q23779,A0
Q23780,A0
Q23781,A0
Q23782,A0
Q23783,A0
Q23784,A0
Q23785,A0
Q23786,A0
Q23787,A0
Q23788,A0
Q23789,A0
Q23790,A0
Q23791,A0
Q23792,A0
Q23793,A0
Q23794,A0
Q23795,A0
Q23796,A0
Q23797,A0
Q23798,A0
Q23799,A0
Q23800,A0
Q23801,A0
Q23802,A0
Q23803,A0
Q23804,A0
Q23805,A0
Q23806,A0
Q23807,A0
Q23808,A0
Q23809,A0
Q23810,A0
Q23811,A0
Q23812,A0
Q23813,A0
Q23814,A0
Q23815,A0
Q23816,A0
Q23817,A0
Q23818,A0
Q23819,A0
Q23820,A0
Q23821,A0
Q23822,A0
Q23823,A0
Q23824,A0
Q23825,A0
Q23826,A0
Q23827,A0
Q23828,A0
Q23829,A0
Q23830,A0
Q23831,A0
Q23832,A0
Q23833,A0
Q23834,A0
Q23835,A0
Q23836,A0
Q23837,A0
Q23838,A0
Q23839,A0
Q23840,A0
Q23841,A0
Q23842,A0
Q23843,A0
Q23844,A0
Q23845,A0
Q23846,A0
Q23847,A0
Q23848,A0
Q23849,A0
Q23850,A0
Q23851,A0
Q23852,A0
Q23853,A0
Q23854,A0
Q23855,A0
Q23856,A0
Q23857,A0
Q23858,A0
Q23859,A0
Q23860,A0
Q23861,A0
Q23862,A0
Q23863,A0
Q23864,A0
Q23865,A0
Q23866,A0
Q23867,A0
Q23868,A0
Q23869,A0
Q23870,A0
Q23871,A0
Q23872,A0
Q23873,A0
Q23874,A0
Q23875,A0
Q23876,A0
Q23877,A0
Q23878,A0
Q23879,A0
Q23880,A0
Q23881,A0
Q23882,A0
Q23883,A0
Q23884,A0
Q23885,A0
Q23886,A0
Q23887,A0
Q23888,A0
Q23889,A0
Q23890,A0
Q23891,A0
Q23892,A0
Q23893,A0
Q23894,A0
Q23895,A0
Q23896,A0
Q23897,A0
Q23898,A0
Q23899,A0
Q23900,A0
Q23901,A0
Q23902,A0
Q23903,A0
Q23904,A0
Q23905,A0
Q23906,A0
Q23907,A0
Q23908,A0
Q23909,A0
Q23910,A0
Q23911,A0
Q23912,A0
Q23913,A0
Q23914,A0
Q23915,A0
Q23916,A0
Q23917,A0
Q23918,A0
Q23919,A0
Q23920,A0
Q23921,A0
Q23922,A0
Q23923,A0
Q23924,A0
Q23925,A0
Q23926,A0
Q23927,A0
Q23928,A0
Q23929,A0
Q23930,A0
Q23931,A0
Q23932,A0
Q23933,A0
Q23934,A0
Q23935,A0
Q23936,A0
Q23937,A0
Q23938,A0
Q23939,A0
Q23940,A0
Q23941,A0
Q23942,A0
Q23943,A0
Q23944,A0
Q23945,A0
Q23946,A0
Q23947,A0
Q23948,A0
Q23949,A0
Q23950,A0
Q23951,A0
Q23952,A0
Q23953,A0
Q23954,A0
Q23955,A0
Q23956,A0
Q23957,A0
Q23958,A0
Q23959,A0
Q23960,A0
Q23961,A0
Q23962,A0
Q23963,A0
Q23964,A0
Q23965,A0
Q23966,A0
Q23967,A0
Q23968,A0
Q23969,A0
Q23970,A0
Q23971,A0
Q23972,A0
Q23973,A0
Q23974,A0
Q23975,A0
Q23976,A0
Q23977,A0
Q23978,A0
Q23979,A0
Q23980,A0
Q23981,A0
Q23982,A0
Q23983,A0
Q23984,A0
Q23985,A0
Q23986,A0
Q23987,A0
Q23988,A0
Q23989,A0
Q23990,A0
Q23991,A0
Q23992,A0
Q23993,A0
Q23994,A0
Q23995,A0
Q23996,A0
Q23997,A0
Q23998,A0
Q23999,A0
Q24000,A0
Q24001,A0
Q24002,A0
Q24003,A0
Q24004,A0
Q24005,A0
Q24006,A0
Q24007,A0
Q24008,A0
Q24009,A0
Q24010,A0
Q24011,A0
Q24012,A0
Q24013,A0
Q24014,A0
Q24015,A0
Q24016,A0
Q24017,A0
Q24018,A0
Q24019,A0
Q24020,A0
Q24021,A0
Q24022,A0
Q24023,A0
Q24024,A0
Q24025,A0
Q24026,A0
Q24027,A0
Q24028,A0
Q24029,A0
Q24030,A0
Q24031,A0
Q24032,A0
Q24033,A0
Q24034,A0
Q24035,A0
Q24036,A0
Q24037,A0
Q24038,A0
Q24039,A0
Q24040,A0
Q24041,A0
Q24042,A0
Q24043,A0
Q24044,A0
Q24045,A0
Q24046,A0
Q24047,A0
Q24048,A0
Q24049,A0
Q24050,A0
Q24051,A0
Q24052,A0
Q24053,A0
Q24054,A0
Q24055,A0
Q24056,A0
Q24057,A0
Q24058,A0
Q24059,A0
Q24060,A0
Q24061,A0
Q24062,A0
Q24063,A0
Q24064,A0
Q24065,A0
Q24066,A0
Q24067,A0
Q24068,A0
Q24069,A0
Q24070,A0
Q24071,A0
Q24072,A0
Q24073,A0
Q24074,A0
Q24075,A0
Q24076,A0
Q24077,A0
Q24078,A0
Q24079,A0
Q24080,A0
Q24081,A0
Q24082,A0
Q24083,A0
Q24084,A0
Q24085,A0
Q24086,A0
Q24087,A0
Q24088,A0
Q24089,A0
Q24090,A0
Q24091,A0
Q24092,A0
Q24093,A0
Q24094,A0
Q24095,A0
Q24096,A0
Q24097,A0
Q24098,A0
Q24099,A0
Q24100,A0
Q24101,A0
Q24102,A0
Q24103,A0
Q24104,A0
Q24105,A0
Q24106,A0
Q24107,A0
Q24108,A0
Q24109,A0
Q24110,A0
Q24111,A0
Q24112,A0
Q24113,A0
Q24114,A0
Q24115,A0
Q24116,A0
Q24117,A0
Q24118,A0
Q24119,A0
Q24120,A0
Q24121,A0
Q24122,A0
Q24123,A0
Q24124,A0
Q24125,A0
Q24126,A0
Q24127,A0
Q24128,A0
Q24129,A0
Q24130,A0
Q24131,A0
Q24132,A0
Q24133,A0
Q24134,A0
Q24135,A0
Q24136,A0
Q24137,A0
Q24138,A0
Q24139,A0
Q24140,A0
Q24141,A0
Q24142,A0
Q24143,A0
Q24144,A0
Q24145,A0
Q24146,A0
Q24147,A0
Q24148,A0
Q24149,A0
Q24150,A0
Q24151,A0
Q24152,A0
Q24153,A0
Q24154,A0
Q24155,A0
Q24156,A0
Q24157,A0
Q24158,A0
Q24159,A0
Q24160,A0
Q24161,A0
Q24162,A0
Q24163,A0
Q24164,A0
Q24165,A0
Q24166,A0
Q24167,A0
Q24168,A0
Q24169,A0
Q24170,A0
Q24171,A0
Q24172,A0
Q24173,A0
Q24174,A0
Q24175,A0
Q24176,A0
Q24177,A0
Q24178,A0
Q24179,A0
Q24180,A0
Q24181,A0
Q24182,A0
Q24183,A0
Q24184,A0
Q24185,A0
Q24186,A0
Q24187,A0
Q24188,A0
Q24189,A0
Q24190,A0
Q24191,A0
Q24192,A0
Q24193,A0
Q24194,A0
Q24195,A0
Q24196,A0
Q24197,A0
Q24198,A0
Q24199,A0
Q24200,A0
Q24201,A0
Q24202,A0
Q24203,A0
Q24204,A0
Q24205,A0
Q24206,A0
Q24207,A0
Q24208,A0
Q24209,A0
Q24210,A0
Q24211,A0
Q24212,A0
Q24213,A0
Q24214,A0
Q24215,A0
Q24216,A0
Q24217,A0
Q24218,A0
Q24219,A0
Q24220,A0
Q24221,A0
Q24222,A0
Q24223,A0
Q24224,A0
Q24225,A0
Q24226,A0
Q24227,A0
Q24228,A0
Q24229,A0
Q24230,A0
Q24231,A0
Q24232,A0
Q24233,A0
Q24234,A0
Q24235,A0
Q24236,A0
Q24237,A0
Q24238,A0
Q24239,A0
Q24240,A0
Q24241,A0
Q24242,A0
Q24243,A0
Q24244,A0
Q24245,A0
Q24246,A0
Q24247,A0
Q24248,A0
Q24249,A0
Q24250,A0
Q24251,A0
Q24252,A0
Q24253,A0
Q24254,A0
Q24255,A0
Q24256,A0
Q24257,A0
Q24258,A0
Q24259,A0
Q24260,A0
Q24261,A0
Q24262,A0
Q24263,A0
Q24264,A0
Q24265,A0
Q24266,A0
Q24267,A0
Q24268,A0
Q24269,A0
Q24270,A0
Q24271,A0
Q24272,A0
Q24273,A0
Q24274,A0
Q24275,A0
Q24276,A0
Q24277,A0
Q24278,A0
Q24279,A0
Q24280,A0
Q24281,A0
Q24282,A0
Q24283,A0
Q24284,A0
Q24285,A0
Q24286,A0
Q24287,A0
Q24288,A0
Q24289,A0
Q24290,A0
Q24291,A0
Q24292,A0
Q24293,A0
Q24294,A0
Q24295,A0
Q24296,A0
Q24297,A0
Q24298,A0
Q24299,A0
Q24300,A0
Q24301,A0
Q24302,A0
Q24303,A0
Q24304,A0
Q24305,A0
Q24306,A0
Q24307,A0
Q24308,A0
Q24309,A0
Q24310,A0
Q24311,A0
Q24312,A0
Q24313,A0
Q24314,A0
Q24315,A0
Q24316,A0
Q24317,A0
Q24318,A0
Q24319,A0
Q24320,A0
Q24321,A0
Q24322,A0
Q24323,A0
Q24324,A0
Q24325,A0
Q24326,A0
Q24327,A0
Q24328,A0
Q24329,A0
Q24330,A0
Q24331,A0
Q24332,A0
Q24333,A0
Q24334,A0
Q24335,A0
Q24336,A0
Q24337,A0
Q24338,A0
Q24339,A0
Q24340,A0
Q24341,A0
Q24342,A0
Q24343,A0
Q24344,A0
Q24345,A0
Q24346,A0
Q24347,A2
Q24348,A2
Q24349,A2
Q24350,A2
Q24351,A2
Q24352,A2
Q24353,A2
Q24354,A2
Q24355,A2
Q24356,A2
Q24357,A2
Q24358,A2
Q24359,A2
Q24360,A2
Q24361,A2
Q24362,A2
Q24363,A2
Q24364,A2
Q24365,A2
Q24366,A2
Q24367,A2
Q24368,A2
Q24369,A2
Q24370,A2
Q24371,A2
Q24372,A2
Q24373,A2
Q24374,A2
Q24375,A2
Q24376,A2
Q24377,A2
Q24378,A2
Q24379,A2
Q24380,A2
Q24381,A2
Q24382,A2
Q24383,A2
Q24384,A2
Q24385,A2
Q24386,A2
Q24387,A2
Q24388,A2
Q24389,A2
Q24390,A2
Q24391,A2
Q24392,A2
Q24393,A2
Q24394,A2
Q24395,A2
Q24396,A2
Q24397,A2
Q24398,A2
Q24399,A2
Q24400,A2
Q24401,A2
Q24402,A2
Q24403,A2
Q24404,A2
Q24405,A2
Q24406,A2
Q24407,A2
Q24408,A2
Q24409,A2
Q24410,A2
Q24411,A2
Q24412,A2
Q24413,A2
Q24414,A2
Q24415,A2
Q24416,A2
Q24417,A2
Q24418,A2
Q24419,A2
Q24420,A2
Q24421,A2
Q24422,A2
Q24423,A2
Q24424,A2
Q24425,A2
Q24426,A2
Q24427,A2
Q24428,A2
Q24429,A2
Q24430,A2
Q24431,A2
Q24432,A2
Q24433,A2
Q24434,A2
Q24435,A2
Q24436,A2
Q24437,A2
Q24438,A2
Q24439,A2
Q24440,A2
Q24441,A2
Q24442,A2
Q24443,A2
Q24444,A2
Q24445,A2
Q24446,A2
Q24447,A2
Q24448,A2
Q24449,A2
Q24450,A2
Q24451,A2
Q24452,A2
Q24453,A2
Q24454,A2
Q24455,A2
Q24456,A2
Q24457,A2
Q24458,A2
Q24459,A2
Q24460,A2
Q24461,A2
Q24462,A2
Q24463,A2
Q24464,A2
Q24465,A2
Q24466,A2
Q24467,A2
Q24468,A2
Q24469,A2
Q24470,A2
Q24471,A2
Q24472,A2
Q24473,A2
Q24474,A2
Q24475,A2
Q24476,A2
Q24477,A2
Q24478,A2
Q24479,A2
Q24480,A2
Q24481,A2
Q24482,A2
Q24483,A2
Q24484,A2
Q24485,A2
Q24486,A2
Q24487,A2
Q24488,A2
Q24489,A2
Q24490,A2
Q24491,A2
Q24492,A2
Q24493,A2
Q24494,A2
Q24495,A2
Q24496,A2
Q24497,A2
Q24498,A2
Q24499,A2
Q24500,A2
Q24501,A2
Q24502,A2
Q24503,A2
Q24504,A2
Q24505,A2
Q24506,A2
Q24507,A2
Q24508,A2
Q24509,A2
Q24510,A2
Q24511,A2
Q24512,A2
Q24513,A2
Q24514,A2
Q24515,A2
Q24516,A2
Q24517,A2
Q24518,A2
Q24519,A2
Q24520,A2
Q24521,A2
Q24522,A2
Q24523,A2
Q24524,A2
Q24525,A2
Q24526,A2
Q24527,A2
Q24528,A2
Q24529,A2
Q24530,A2
Q24531,A2
Q24532,A2
Q24533,A2
Q24534,A2
Q24535,A2
Q24536,A2
Q24537,A2
Q24538,A2
Q24539,A2
Q24540,A2
Q24541,A2
Q24542,A2
Q24543,A2
Q24544,A2
Q24545,A2
Q24546,A2
Q24547,A2
Q24548,A2
Q24549,A2
Q24550,A2
Q24551,A2
Q24552,A2
Q24553,A2
Q24554,A2
Q24555,A2
Q24556,A2
Q24557,A2
Q24558,A2
Q24559,A2
Q24560,A2
Q24561,A2
Q24562,A2
Q24563,A2
Q24564,A2
Q24565,A2
Q24566,A2
Q24567,A2
Q24568,A2
Q24569,A2
Q24570,A2
Q24571,A2
Q24572,A2
Q24573,A2
Q24574,A2
Q24575,A2
Q24576,A2
Q24577,A2
Q24578,A2
Q24579,A2
Q24580,A2
Q24581,A2
Q24582,A2
Q24583,A2
Q24584,A2
Q24585,A2
Q24586,A2
Q24587,A2
Q24588,A2
Q24589,A2
Q24590,A2
Q24591,A2
Q24592,A2
Q24593,A2
Q24594,A2
Q24595,A2
Q24596,A2
Q24597,A2
Q24598,A2
Q24599,A2
Q24600,A2
Q24601,A2
Q24602,A2
Q24603,A2
Q24604,A2
Q24605,A2
Q24606,A2
Q24607,A2
Q24608,A2
Q24609,A2
Q24610,A2
Q24611,A2
Q24612,A2
Q24613,A2
Q24614,A2
Q24615,A2
Q24616,A2
Q24617,A2
Q24618,A2
Q24619,A2
Q24620,A2
Q24621,A2
Q24622,A2
Q24623,A2
Q24624,A2
Q24625,A2
Q24626,A2
Q24627,A2
Q24628,A2
Q24629,A2
Q24630,A2
Q24631,A2
Q24632,A2
Q24633,A2
Q24634,A2
Q24635,A2
Q24636,A2
Q24637,A2
Q24638,A2
Q24639,A2
Q24640,A2
Q24641,A2
Q24642,A2
Q24643,A2
Q24644,A2
Q24645,A2
Q24646,A2
Q24647,A2
Q24648,A2
Q24649,A2
Q24650,A2
Q24651,A2
Q24652,A2
Q24653,A2
Q24654,A2
Q24655,A2
Q24656,A2
Q24657,A2
Q24658,A2
Q24659,A2
Q24660,A2
Q24661,A2
Q24662,A2
Q24663,A2
Q24664,A2
Q24665,A2
Q24666,A2
Q24667,A2
Q24668,A2
Q24669,A2
Q24670,A2
Q24671,A2
Q24672,A2
Q24673,A2
Q24674,A2
Q24675,A2
Q24676,A2
Q24677,A2
Q24678,A2
Q24679,A2
Q24680,A2
Q24681,A2
Q24682,A2
Q24683,A2
Q24684,A2
Q24685,A2
Q24686,A2
Q24687,A2
Q24688,A2
Q24689,A2
Q24690,A2
Q24691,A2
Q24692,A2
Q24693,A2
Q24694,A2
Q24695,A2
Q24696,A2
Q24697,A2
Q24698,A2
Q24699,A2
Q24700,A2
Q24701,A2
Q24702,A2
Q24703,A2
Q24704,A2
Q24705,A2
Q24706,A2
Q24707,A2
Q24708,A2
Q24709,A2
Q24710,A2
Q24711,A2
Q24712,A2
Q24713,A2
Q24714,A2
Q24715,A2
Q24716,A2
Q24717,A2
Q24718,A2
Q24719,A2
Q24720,A2
Q24721,A2
Q24722,A2
Q24723,A2
Q24724,A2
Q24725,A2
Q24726,A2
Q24727,A2
Q24728,A2
Q24729,A2
Q24730,A2
Q24731,A2
Q24732,A2
Q24733,A2
Q24734,A2
Q24735,A2
Q24736,A2
Q24737,A2
Q24738,A2
Q24739,A2
Q24740,A2
Q24741,A2
Q24742,A2
Q24743,A2
Q24744,A2
Q24745,A2
Q24746,A2
Q24747,A2
Q24748,A2
Q24749,A2
Q24750,A2
Q24751,A2
Q24752,A2
Q24753,A2
Q24754,A2
Q24755,A2
Q24756,A2
Q24757,A2
Q24758,A2
Q24759,A2
Q24760,A2
Q24761,A2
Q24762,A2
Q24763,A2
Q24764,A2
Q24765,A2
Q24766,A2
Q24767,A2
Q24768,A2
Q24769,A2
Q24770,A2
Q24771,A2
Q24772,A2
Q24773,A2
Q24774,A2
Q24775,A2
Q24776,A2
Q24777,A2
Q24778,A2
Q24779,A2
Q24780,A2
Q24781,A2
Q24782,A2
Q24783,A2
Q24784,A2
Q24785,A2
Q24786,A2
Q24787,A2
Q24788,A2
Q24789,A2
Q24790,A2
Q24791,A2
Q24792,A2
Q24793,A2
Q24794,A2
Q24795,A2
Q24796,A2
Q24797,A2
Q24798,A2
Q24799,A2
Q24800,A2
Q24801,A2
Q24802,A2
Q24803,A2
Q24804,A2
Q24805,A2
Q24806,A2
Q24807,A2
Q24808,A2
Q24809,A2
Q24810,A2
Q24811,A2
Q24812,A2
Q24813,A2
Q24814,A2
Q24815,A2
Q24816,A2
Q24817,A2
Q24818,A2
Q24819,A2
Q24820,A2
Q24821,A2
Q24822,A2
Q24823,A2
Q24824,A2
Q24825,A2
Q24826,A2
Q24827,A2
Q24828,A2
Q24829,A2
Q24830,A2
Q24831,A2
Q24832,A2
Q24833,A2
Q24834,A2
Q24835,A2
Q24836,A2
Q24837,A2
Q24838,A2
Q24839,A2
Q24840,A2
Q24841,A2
Q24842,A2
Q24843,A2
Q24844,A2
Q24845,A2
Q24846,A2
Q24847,A2
Q24848,A2
Q24849,A2
Q24850,A2
Q24851,A2
Q24852,A2
Q24853,A2
Q24854,A2
Q24855,A2
Q24856,A2
Q24857,A2
Q24858,A2
Q24859,A2
Q24860,A2
Q24861,A2
Q24862,A2
Q24863,A2
Q24864,A2
Q24865,A2
Q24866,A2
Q24867,A2
Q24868,A2
Q24869,A2
Q24870,A2
Q24871,A2
Q24872,A2
Q24873,A2
Q24874,A2
Q24875,A2
Q24876,A2
Q24877,A2
Q24878,A2
Q24879,A2
Q24880,A2
Q24881,A2
Q24882,A2
Q24883,A2
Q24884,A2
Q24885,A2
Q24886,A2
Q24887,A2
Q24888,A2
Q24889,A2
Q24890,A2
Q24891,A2
Q24892,A2
Q24893,A2
Q24894,A2
Q24895,A2
Q24896,A2
Q24897,A2
Q24898,A2
Q24899,A2
Q24900,A2
Q24901,A2
Q24902,A2
Q24903,A2
Q24904,A2
Q24905,A2
Q24906,A2
Q24907,A2
Q24908,A2
Q24909,A2
Q24910,A2
Q24911,A2
Q24912,A2
Q24913,A2
Q24914,A2
Q24915,A2
Q24916,A2
Q24917,A2
Q24918,A2
Q24919,A2
Q24920,A2
Q24921,A2
Q24922,A2
Q24923,A2
Q24924,A2
Q24925,A2
Q24926,A2
Q24927,A2
Q24928,A2
Q24929,A2
Q24930,A2
Q24931,A2
Q24932,A2
Q24933,A2
Q24934,A2
Q24935,A2
Q24936,A2
Q24937,A2
Q24938,A2
Q24939,A2
Q24940,A2
Q24941,A2
Q24942,A2
Q24943,A2
Q24944,A2
Q24945,A2
Q24946,A2
Q24947,A2
Q24948,A2
Q24949,A2
Q24950,A2
Q24951,A2
Q24952,A2
Q24953,A2
Q24954,A2
Q24955,A2
Q24956,A2
Q24957,A2
Q24958,A2
Q24959,A2
Q24960,A2
Q24961,A2
Q24962,A2
Q24963,A2
Q24964,A2
Q24965,A2
Q24966,A2
Q24967,A2
Q24968,A2
Q24969,A2
Q24970,A2
Q24971,A2
Q24972,A2
Q24973,A2
Q24974,A2
Q24975,A2
Q24976,A2
Q24977,A2
Q24978,A2
Q24979,A2
Q24980,A2
Q24981,A2
Q24982,A2
Q24983,A2
Q24984,A2
Q24985,A2
Q24986,A2
Q24987,A2
Q24988,A2
Q24989,A2
Q24990,A2
Q24991,A2
Q24992,A2
Q24993,A2
Q24994,A2
Q24995,A2
Q24996,A2
Q24997,A2
Q24998,A2
Q24999,A2
Q25000,A2
Q25001,A2
Q25002,A2
Q25003,A2
Q25004,A2
Q25005,A2
Q25006,A2
Q25007,A2
Q25008,A2
Q25009,A2
Q25010,A2
Q25011,A2
Q25012,A2
Q25013,A2
Q25014,A2
Q25015,A2
Q25016,A2
Q25017,A2
Q25018,A2
Q25019,A2
Q25020,A2
Q25021,A2
Q25022,A2
Q25023,A2
Q25024,A2
Q25025,A2
Q25026,A2
Q25027,A2
Q25028,A2
Q25029,A2
Q25030,A2
Q25031,A2
Q25032,A2
Q25033,A2
Q25034,A2
Q25035,A2
Q25036,A2
Q25037,A2
Q25038,A2
Q25039,A2
Q25040,A2
Q25041,A2
Q25042,A2
Q25043,A2
Q25044,A2
Q25045,A2
Q25046,A2
Q25047,A2
Q25048,A2
Q25049,A2
Q25050,A2
Q25051,A2
Q25052,A2
Q25053,A2
Q25054,A2
Q25055,A2
Q25056,A2
Q25057,A2
Q25058,A2
Q25059,A2
Q25060,A2
Q25061,A2
Q25062,A2
Q25063,A2
Q25064,A2
Q25065,A2
Q25066,A2
Q25067,A2
Q25068,A2
Q25069,A2
Q25070,A2
Q25071,A2
Q25072,A2
Q25073,A2
Q25074,A2
Q25075,A2
Q25076,A2
Q25077,A2
Q25078,A2
Q25079,A2
Q25080,A2
Q25081,A2
Q25082,A2
Q25083,A2
Q25084,A2
Q25085,A2
Q25086,A2
Q25087,A2
Q25088,A2
Q25089,A2
Q25090,A2
Q25091,A2
Q25092,A2
Q25093,A2
Q25094,A2
Q25095,A2
Q25096,A2
Q25097,A2
Q25098,A2
Q25099,A2
Q25100,A2
Q25101,A2
Q25102,A2
Q25103,A2
Q25104,A2
Q25105,A2
Q25106,A2
Q25107,A2
Q25108,A2
Q25109,A2
Q25110,A2
Q25111,A2
Q25112,A2
Q25113,A2
Q25114,A2
Q25115,A2
Q25116,A2
Q25117,A2
Q25118,A2
Q25119,A2
Q25120,A2
Q25121,A2
Q25122,A2
Q25123,A2
Q25124,A2
Q25125,A2
Q25126,A2
Q25127,A2
Q25128,A2
Q25129,A2
Q25130,A2
Q25131,A2
Q25132,A2
Q25133,A2
Q25134,A2
Q25135,A2
Q25136,A2
Q25137,A2
Q25138,A2
Q25139,A2
Q25140,A2
Q25141,A2
Q25142,A2
Q25143,A2
Q25144,A2
Q25145,A2
Q25146,A2
Q25147,A2
Q25148,A2
Q25149,A2
Q25150,A2
Q25151,A2
Q25152,A2
Q25153,A2
Q25154,A2
Q25155,A2
Q25156,A2
Q25157,A2
Q25158,A2
Q25159,A2
Q25160,A2
Q25161,A2
Q25162,A2
Q25163,A2
Q25164,A2
Q25165,A2
Q25166,A2
Q25167,A2
Q25168,A2
Q25169,A2
Q25170,A2
Q25171,A2
Q25172,A2
Q25173,A2
Q25174,A2
Q25175,A2
Q25176,A2
Q25177,A2
Q25178,A2
Q25179,A2
Q25180,A2
Q25181,A2
Q25182,A2
Q25183,A2
Q25184,A2
Q25185,A2
Q25186,A2
Q25187,A2
Q25188,A2
Q25189,A2
Q25190,A2
Q25191,A2
Q25192,A2
Q25193,A2
Q25194,A2
Q25195,A2
Q25196,A2
Q25197,A2
Q25198,A2
Q25199,A2
Q25200,A2
Q25201,A2
Q25202,A2
Q25203,A2
Q25204,A2
Q25205,A2
Q25206,A2
Q25207,A2
Q25208,A2
Q25209,A2
Q25210,A2
Q25211,A2
Q25212,A2
Q25213,A2
Q25214,A2
Q25215,A2
Q25216,A2
Q25217,A2
Q25218,A2
Q25219,A2
Q25220,A2
Q25221,A2
Q25222,A2
Q25223,A2
Q25224,A2
Q25225,A2
Q25226,A2
Q25227,A2
Q25228,A2
Q25229,A2
Q25230,A2
Q25231,A2
Q25232,A2
Q25233,A2
Q25234,A2
Q25235,A2
Q25236,A2
Q25237,A2
Q25238,A2
Q25239,A2
Q25240,A2
Q25241,A2
Q25242,A2
Q25243,A2
Q25244,A2
Q25245,A2
Q25246,A2
Q25247,A2
Q25248,A2
Q25249,A2
Q25250,A2
Q25251,A2
Q25252,A2
Q25253,A2
Q25254,A2
Q25255,A2
Q25256,A2
Q25257,A2
Q25258,A2
Q25259,A2
Q25260,A2
Q25261,A2
Q25262,A2
Q25263,A2
Q25264,A2
Q25265,A2
Q25266,A2
Q25267,A2
Q25268,A2
Q25269,A2
Q25270,A2
Q25271,A2
Q25272,A2
Q25273,A2
Q25274,A2
Q25275,A2
Q25276,A2
Q25277,A2
Q25278,A2
Q25279,A2
Q25280,A2
Q25281,A2
Q25282,A2
Q25283,A2
Q25284,A2
Q25285,A2
Q25286,A2
Q25287,A2
Q25288,A2
Q25289,A2
Q25290,A2
Q25291,A2
Q25292,A2
Q25293,A2
Q25294,A2
Q25295,A2
Q25296,A2
Q25297,A2
Q25298,A2
Q25299,A2
Q25300,A2
Q25301,A2
Q25302,A2
Q25303,A2
Q25304,A2
Q25305,A2
Q25306,A2
Q25307,A2
Q25308,A2
Q25309,A2
Q25310,A2
Q25311,A2
Q25312,A2
Q25313,A2
Q25314,A2
Q25315,A2
Q25316,A2
Q25317,A2
Q25318,A2
Q25319,A2
Q25320,A2
Q25321,A2
Q25322,A2
Q25323,A2
Q25324,A2
Q25325,A2
Q25326,A2
Q25327,A2
Q25328,A2
Q25329,A2
Q25330,A2
Q25331,A2
Q25332,A2
Q25333,A2
Q25334,A2
Q25335,A2
Q25336,A2
Q25337,A2
Q25338,A2
Q25339,A2
Q25340,A2
Q25341,A2
Q25342,A2
Q25343,A2
Q25344,A2
Q25345,A2
Q25346,A2
Q25347,A2
Q25348,A2
Q25349,A2
Q25350,A2
Q25351,A2
Q25352,A2
Q25353,A2
Q25354,A2
Q25355,A2
Q25356,A2
Q25357,A2
Q25358,A2
Q25359,A2
Q25360,A2
Q25361,A2
Q25362,A2
Q25363,A2
Q25364,A2
Q25365,A2
Q25366,A2
Q25367,A2
Q25368,A2
Q25369,A2
Q25370,A2
Q25371,A2
Q25372,A2
Q25373,A2
Q25374,A2
Q25375,A2
Q25376,A2
Q25377,A2
Q25378,A2
Q25379,A2
Q25380,A2
Q25381,A2
Q25382,A2
Q25383,A2
Q25384,A2
Q25385,A2
Q25386,A2
Q25387,A2
Q25388,A2
Q25389,A2
Q25390,A2
Q25391,A2
Q25392,A2
Q25393,A2
Q25394,A2
Q25395,A2
Q25396,A2
Q25397,A2
Q25398,A2
Q25399,A2
Q25400,A2
Q25401,A2
Q25402,A2
Q25403,A2
Q25404,A2
Q25405,A2
Q25406,A2
Q25407,A2
Q25408,A2
Q25409,A2
Q25410,A2
Q25411,A2
Q25412,A2
Q25413,A2
Q25414,A2
Q25415,A2
Q25416,A2
Q25417,A2
Q25418,A2
Q25419,A2
Q25420,A2
Q25421,A2
Q25422,A2
Q25423,A2
Q25424,A2
Q25425,A2
Q25426,A2
Q25427,A2
Q25428,A2
Q25429,A2
Q25430,A2
Q25431,A2
Q25432,A2
Q25433,A2
Q25434,A2
Q25435,A2
Q25436,A2
Q25437,A2
Q25438,A2
Q25439,A2
Q25440,A2
Q25441,A2
Q25442,A2
Q25443,A2
Q25444,A2
Q25445,A2
Q25446,A2
Q25447,A2
Q25448,A2
Q25449,A2
Q25450,A2
Q25451,A2
Q25452,A2
Q25453,A2
Q25454,A2
Q25455,A2
Q25456,A2
Q25457,A2
Q25458,A2
Q25459,A2
Q25460,A2
Q25461,A2
Q25462,A2
Q25463,A2
Q25464,A2
Q25465,A2
Q25466,A2
Q25467,A2
Q25468,A2
Q25469,A2
Q25470,A2
Q25471,A2
Q25472,A2
Q25473,A2
Q25474,A2
Q25475,A2
Q25476,A2
Q25477,A2
Q25478,A2
Q25479,A2
Q25480,A2
Q25481,A2
Q25482,A2
Q25483,A2
Q25484,A2
Q25485,A2
Q25486,A2
Q25487,A2
Q25488,A2
Q25489,A2
Q25490,A2
Q25491,A2
Q25492,A2
Q25493,A2
Q25494,A2
Q25495,A2
Q25496,A2
Q25497,A2
Q25498,A2
Q25499,A2
Q25500,A2
Q25501,A2
Q25502,A2
Q25503,A2
Q25504,A2
Q25505,A2
Q25506,A2
Q25507,A2
Q25508,A2
Q25509,A2
Q25510,A2
Q25511,A2
Q25512,A2
Q25513,A2
Q25514,A2
Q25515,A2
Q25516,A2
Q25517,A2
Q25518,A2
Q25519,A2
Q25520,A2
Q25521,A2
Q25522,A2
Q25523,A2
Q25524,A2
Q25525,A2
Q25526,A2
Q25527,A2
Q25528,A2
Q25529,A2
Q25530,A2
Q25531,A2
Q25532,A2
Q25533,A2
Q25534,A2
Q25535,A2
Q25536,A2
Q25537,A2
Q25538,A2
Q25539,A2
Q25540,A2
Q25541,A2
Q25542,A2
Q25543,A2
Q25544,A2
Q25545,A2
Q25546,A2
Q25547,A2
Q25548,A2
Q25549,A2
Q25550,A2
Q25551,A2
Q25552,A2
Q25553,A2
Q25554,A2
Q25555,A2
Q25556,A2
Q25557,A2
Q25558,A2
Q25559,A2
Q25560,A2
Q25561,A2
Q25562,A2
Q25563,A2
Q25564,A2
Q25565,A2
Q25566,A2
Q25567,A2
Q25568,A2
Q25569,A2
Q25570,A2
Q25571,A2
Q25572,A2
Q25573,A2
Q25574,A2
Q25575,A2
Q25576,A2
Q25577,A2
Q25578,A2
Q25579,A2
Q25580,A2
Q25581,A2
Q25582,A2
Q25583,A2
Q25584,A2
Q25585,A2
Q25586,A2
Q25587,A2
Q25588,A2
Q25589,A2
Q25590,A2
Q25591,A2
Q25592,A2
Q25593,A2
Q25594,A2
Q25595,A2
Q25596,A2
Q25597,A2
Q25598,A2
Q25599,A2
Q25600,A2
Q25601,A2
Q25602,A2
Q25603,A2
Q25604,A2
Q25605,A2
Q25606,A2
Q25607,A2
Q25608,A2
Q25609,A2
Q25610,A2
Q25611,A2
Q25612,A2
Q25613,A2
Q25614,A2
Q25615,A2
Q25616,A2
Q25617,A2
Q25618,A2
Q25619,A2
Q25620,A2
Q25621,A2
Q25622,A2
Q25623,A2
Q25624,A2
Q25625,A2
Q25626,A2
Q25627,A2
Q25628,A2
Q25629,A2
Q25630,A2
Q25631,A2
Q25632,A2
Q25633,A2
Q25634,A2
Q25635,A2
Q25636,A2
Q25637,A2
Q25638,A2
Q25639,A2
Q25640,A2
Q25641,A2
Q25642,A2
Q25643,A2
Q25644,A2
Q25645,A2
Q25646,A2
Q25647,A2
Q25648,A2
Q25649,A2
Q25650,A2
Q25651,A2
Q25652,A2
Q25653,A2
Q25654,A2
Q25655,A2
Q25656,A2
Q25657,A2
Q25658,A2
Q25659,A2
Q25660,A2
Q25661,A2
Q25662,A2
Q25663,A2
Q25664,A2
Q25665,A2
Q25666,A2
Q25667,A2
Q25668,A2
Q25669,A2
Q25670,A2
Q25671,A2
Q25672,A2
Q25673,A2
Q25674,A2
Q25675,A2
Q25676,A2
Q25677,A2
Q25678,A2
Q25679,A2
Q25680,A2
Q25681,A2
Q25682,A2
Q25683,A2
Q25684,A2
Q25685,A2
Q25686,A2
Q25687,A2
Q25688,A2
Q25689,A2
Q25690,A2
Q25691,A2
Q25692,A2
Q25693,A2
Q25694,A2
Q25695,A2
Q25696,A2
Q25697,A2
Q25698,A2
Q25699,A2
Q25700,A2
Q25701,A2
Q25702,A2
Q25703,A2
Q25704,A2
Q25705,A2
Q25706,A2
Q25707,A2
Q25708,A2
Q25709,A2
Q25710,A2
Q25711,A2
Q25712,A2
Q25713,A2
Q25714,A2
Q25715,A2
Q25716,A2
Q25717,A2
Q25718,A2
Q25719,A2
Q25720,A2
Q25721,A2
Q25722,A2
Q25723,A2
Q25724,A2
Q25725,A2
Q25726,A2
Q25727,A2
Q25728,A2
Q25729,A2
Q25730,A2
Q25731,A2
Q25732,A2
Q25733,A2
Q25734,A2
Q25735,A2
Q25736,A2
Q25737,A2
Q25738,A2
Q25739,A2
Q25740,A2
Q25741,A2
Q25742,A2
Q25743,A2
Q25744,A2
Q25745,A2
Q25746,A2
Q25747,A2
Q25748,A2
Q25749,A2
Q25750,A2
Q25751,A2
Q25752,A2
Q25753,A2
Q25754,A2
Q25755,A2
Q25756,A2
Q25757,A2
Q25758,A2
Q25759,A2
Q25760,A2
Q25761,A2
Q25762,A2
Q25763,A2
Q25764,A2
Q25765,A2
Q25766,A2
Q25767,A2
Q25768,A2
Q25769,A2
Q25770,A2
Q25771,A2
Q25772,A2
Q25773,A2
Q25774,A2
Q25775,A2
Q25776,A2
Q25777,A2
Q25778,A2
Q25779,A2
Q25780,A2
Q25781,A2
Q25782,A2
Q25783,A2
Q25784,A2
Q25785,A2
Q25786,A2
Q25787,A2
Q25788,A2
Q25789,A2
Q25790,A2
Q25791,A2
Q25792,A2
Q25793,A2
Q25794,A2
Q25795,A2
Q25796,A2
Q25797,A2
Q25798,A2
Q25799,A2
Q25800,A2
Q25801,A2
Q25802,A2
Q25803,A2
Q25804,A2
Q25805,A2
Q25806,A2
Q25807,A2
Q25808,A2
Q25809,A2
Q25810,A2
Q25811,A2
Q25812,A2
Q25813,A2
Q25814,A2
Q25815,A2
Q25816,A2
Q25817,A2
Q25818,A2
Q25819,A2
Q25820,A2
Q25821,A2
Q25822,A2
Q25823,A2
Q25824,A2
Q25825,A2
Q25826,A2
Q25827,A2
Q25828,A2
Q25829,A2
Q25830,A2
Q25831,A2
Q25832,A2
Q25833,A2
Q25834,A2
Q25835,A2
Q25836,A2
Q25837,A2
Q25838,A2
Q25839,A2
Q25840,A2
Q25841,A2
Q25842,A2
Q25843,A2
Q25844,A2
Q25845,A2
Q25846,A2
Q25847,A2
Q25848,A2
Q25849,A2
Q25850,A2
Q25851,A2
Q25852,A2
Q25853,A2
Q25854,A2
Q25855,A2
Q25856,A2
Q25857,A2
Q25858,A2
Q25859,A2
Q25860,A2
Q25861,A2
Q25862,A2
Q25863,A2
Q25864,A2
Q25865,A2
Q25866,A2
Q25867,A2
Q25868,A2
Q25869,A2
Q25870,A2
Q25871,A2
Q25872,A2
Q25873,A2
Q25874,A2
Q25875,A2
Q25876,A2
Q25877,A2
Q25878,A2
Q25879,A2
Q25880,A2
Q25881,A2
Q25882,A2
Q25883,A2
Q25884,A2
Q25885,A2
Q25886,A2
Q25887,A2
Q25888,A2
Q25889,A2
Q25890,A2
Q25891,A2
Q25892,A2
Q25893,A2
Q25894,A2
Q25895,A2
Q25896,A2
Q25897,A2
Q25898,A2
Q25899,A2
Q25900,A2
Q25901,A2
Q25902,A2
Q25903,A2
Q25904,A2
Q25905,A2
Q25906,A2
Q25907,A2
Q25908,A2
Q25909,A2
Q25910,A2
Q25911,A2
Q25912,A2
Q25913,A2
Q25914,A2
Q25915,A2
Q25916,A2
Q25917,A2
Q25918,A2
Q25919,A2
Q25920,A2
Q25921,A2
Q25922,A2
Q25923,A2
Q25924,A2
Q25925,A2
Q25926,A2
Q25927,A2
Q25928,A2
Q25929,A2
Q25930,A2
Q25931,A2
Q25932,A2
Q25933,A2
Q25934,A2
Q25935,A2
Q25936,A2
Q25937,A2
Q25938,A2
Q25939,A2
Q25940,A2
Q25941,A2
Q25942,A2
Q25943,A2
Q25944,A2
Q25945,A2
Q25946,A2
Q25947,A2
Q25948,A2
Q25949,A2
Q25950,A2
Q25951,A2
Q25952,A2
Q25953,A2
Q25954,A2
Q25955,A2
Q25956,A2
Q25957,A2
Q25958,A2
Q25959,A2
Q25960,A2
Q25961,A2
Q25962,A2
Q25963,A2
Q25964,A2
Q25965,A2
Q25966,A2
Q25967,A2
Q25968,A2
Q25969,A2
Q25970,A2
Q25971,A2
Q25972,A2
Q25973,A2
Q25974,A2
Q25975,A2
Q25976,A2
Q25977,A2
Q25978,A2
Q25979,A2
Q25980,A2
Q25981,A2
Q25982,A2
Q25983,A2
Q25984,A2
Q25985,A2
Q25986,A2
Q25987,A2
Q25988,A2
Q25989,A2
Q25990,A2
Q25991,A2
Q25992,A2
Q25993,A2
Q25994,A2
Q25995,A2
Q25996,A2
Q25997,A2
Q25998,A2
Q25999,A2
Q26000,A2
Q26001,A2
Q26002,A2
Q26003,A2
Q26004,A2
Q26005,A2
Q26006,A2
Q26007,A2
Q26008,A2
Q26009,A2
Q26010,A2
Q26011,A2
Q26012,A2
Q26013,A2
Q26014,A2
Q26015,A2
Q26016,A2
Q26017,A2
Q26018,A2
Q26019,A2
Q26020,A2
Q26021,A2
Q26022,A2
Q26023,A2
Q26024,A2
Q26025,A2
Q26026,A2
Q26027,A2
Q26028,A2
Q26029,A2
Q26030,A2
Q26031,A2
Q26032,A2
Q26033,A2
Q26034,A2
Q26035,A2
Q26036,A2
Q26037,A2
Q26038,A2
Q26039,A2
Q26040,A2
Q26041,A2
Q26042,A2
Q26043,A2
Q26044,A2
Q26045,A2
Q26046,A2
Q26047,A2
Q26048,A2
Q26049,A2
Q26050,A2
Q26051,A2
Q26052,A2
Q26053,A2
Q26054,A2
Q26055,A2
Q26056,A2
Q26057,A2
Q26058,A2
Q26059,A2
Q26060,A2
Q26061,A2
Q26062,A2
Q26063,A2
Q26064,A2
Q26065,A2
Q26066,A2
Q26067,A2
Q26068,A2
Q26069,A2
Q26070,A2
Q26071,A2
Q26072,A2
Q26073,A2
Q26074,A2
Q26075,A2
Q26076,A2
Q26077,A2
Q26078,A2
Q26079,A2
Q26080,A2
Q26081,A2
Q26082,A2
Q26083,A2
Q26084,A2
Q26085,A2
Q26086,A2
Q26087,A2
Q26088,A2
Q26089,A2
Q26090,A2
Q26091,A2
Q26092,A2
Q26093,A2
Q26094,A2
Q26095,A2
Q26096,A2
Q26097,A2
Q26098,A2
Q26099,A2
Q26100,A2
Q26101,A2
Q26102,A2
Q26103,A2
Q26104,A2
Q26105,A2
Q26106,A2
Q26107,A2
Q26108,A2
Q26109,A2
Q26110,A2
Q26111,A2
Q26112,A2
Q26113,A2
Q26114,A2
Q26115,A2
Q26116,A2
Q26117,A2
Q26118,A2
Q26119,A2
Q26120,A2
Q26121,A2
Q26122,A2
Q26123,A2
Q26124,A2
Q26125,A2
Q26126,A2
Q26127,A2
Q26128,A2
Q26129,A2
Q26130,A2
Q26131,A2
Q26132,A2
Q26133,A2
Q26134,A2
Q26135,A2
Q26136,A2
Q26137,A2
Q26138,A2
Q26139,A2
Q26140,A2
Q26141,A2
Q26142,A2
Q26143,A2
Q26144,A2
Q26145,A2
Q26146,A2
Q26147,A2
Q26148,A2
Q26149,A2
Q26150,A2
Q26151,A2
Q26152,A2
Q26153,A2
Q26154,A2
Q26155,A2
Q26156,A2
Q26157,A2
Q26158,A2
Q26159,A2
Q26160,A2
Q26161,A2
Q26162,A2
Q26163,A2
Q26164,A2
Q26165,A2
Q26166,A2
Q26167,A2
Q26168,A2
Q26169,A2
Q26170,A2
Q26171,A2
Q26172,A2
Q26173,A2
Q26174,A2
Q26175,A2
Q26176,A2
Q26177,A2
Q26178,A2
Q26179,A2
Q26180,A2
Q26181,A2
Q26182,A2
Q26183,A2
Q26184,A2
Q26185,A2
Q26186,A2
Q26187,A2
Q26188,A2
Q26189,A2
Q26190,A2
Q26191,A2
Q26192,A2
Q26193,A2
Q26194,A2
Q26195,A2
Q26196,A2
Q26197,A2
Q26198,A2
Q26199,A2
Q26200,A2
Q26201,A2
Q26202,A2
Q26203,A2
Q26204,A2
Q26205,A2
Q26206,A2
Q26207,A2
Q26208,A2
Q26209,A2
Q26210,A2
Q26211,A2
Q26212,A2
Q26213,A2
Q26214,A2
Q26215,A2
Q26216,A2
Q26217,A2
Q26218,A2
Q26219,A2
Q26220,A2
Q26221,A2
Q26222,A2
Q26223,A2
Q26224,A2
Q26225,A2
Q26226,A2
Q26227,A2
Q26228,A2
Q26229,A2
Q26230,A2
Q26231,A2
Q26232,A2
Q26233,A2
Q26234,A2
Q26235,A2
Q26236,A2
Q26237,A2
Q26238,A2
Q26239,A2
Q26240,A2
Q26241,A2
Q26242,A2
Q26243,A2
Q26244,A2
Q26245,A2
Q26246,A2
Q26247,A2
Q26248,A2
Q26249,A2
Q26250,A2
Q26251,A2
Q26252,A2
Q26253,A2
Q26254,A2
Q26255,A2
Q26256,A2
Q26257,A2
Q26258,A2
Q26259,A2
Q26260,A2
Q26261,A2
Q26262,A2
Q26263,A2
Q26264,A2
Q26265,A2
Q26266,A2
Q26267,A2
Q26268,A2
Q26269,A2
Q26270,A2
Q26271,A2
Q26272,A2
Q26273,A2
Q26274,A2
Q26275,A2
Q26276,A2
Q26277,A2
Q26278,A2
Q26279,A2
Q26280,A2
Q26281,A2
Q26282,A2
Q26283,A2
Q26284,A2
Q26285,A2
Q26286,A2
Q26287,A2
Q26288,A2
Q26289,A2
Q26290,A2
Q26291,A2
Q26292,A2
Q26293,A2
Q26294,A2
Q26295,A2
Q26296,A2
Q26297,A2
Q26298,A2
Q26299,A2
Q26300,A2
Q26301,A2
Q26302,A2
Q26303,A2
Q26304,A2
Q26305,A2
Q26306,A2
Q26307,A2
Q26308,A2
Q26309,A2
Q26310,A2
Q26311,A2
Q26312,A2
Q26313,A2
Q26314,A2
Q26315,A2
Q26316,A2
Q26317,A2
Q26318,A2
Q26319,A2
Q26320,A2
Q26321,A2
Q26322,A2
Q26323,A2
Q26324,A2
Q26325,A2
Q26326,A2
Q26327,A2
Q26328,A2
Q26329,A2
Q26330,A2
Q26331,A2
Q26332,A2
Q26333,A2
Q26334,A2
Q26335,A2
Q26336,A2
Q26337,A2
Q26338,A2
Q26339,A2
Q26340,A2
Q26341,A2
Q26342,A2
Q26343,A2
Q26344,A2
Q26345,A2
Q26346,A2
Q26347,A2
Q26348,A2
Q26349,A2
Q26350,A2
Q26351,A2
Q26352,A2
Q26353,A2
Q26354,A2
Q26355,A2
Q26356,A2
Q26357,A2
Q26358,A2
Q26359,A2
Q26360,A2
Q26361,A2
Q26362,A2
Q26363,A2
Q26364,A2
Q26365,A2
Q26366,A2
Q26367,A2
Q26368,A2
Q26369,A2
Q26370,A2
Q26371,A2
Q26372,A2
Q26373,A2
Q26374,A2
Q26375,A2
Q26376,A2
Q26377,A2
Q26378,A2
Q26379,A2
Q26380,A2
Q26381,A2
Q26382,A2
Q26383,A2
Q26384,A2
Q26385,A2
Q26386,A2
Q26387,A2
Q26388,A2
Q26389,A2
Q26390,A2
Q26391,A2
Q26392,A2
Q26393,A2
Q26394,A2
Q26395,A2
Q26396,A2
Q26397,A2
Q26398,A2
Q26399,A2
Q26400,A2
Q26401,A2
Q26402,A2
Q26403,A2
Q26404,A2
Q26405,A2
Q26406,A2
Q26407,A2
Q26408,A2
Q26409,A2
Q26410,A2
Q26411,A2
Q26412,A2
Q26413,A2
Q26414,A2
Q26415,A2
Q26416,A2
Q26417,A2
Q26418,A2
Q26419,A2
Q26420,A2
Q26421,A2
Q26422,A2
Q26423,A2
Q26424,A2
Q26425,A2
Q26426,A2
Q26427,A2
Q26428,A2
Q26429,A2
Q26430,A2
Q26431,A2
Q26432,A2
Q26433,A2
Q26434,A2
Q26435,A2
Q26436,A2
Q26437,A2
Q26438,A2
Q26439,A2
Q26440,A2
Q26441,A2
Q26442,A2
Q26443,A2
Q26444,A2
Q26445,A2
Q26446,A2
Q26447,A2
Q26448,A2
Q26449,A2
Q26450,A2
Q26451,A2
Q26452,A2
Q26453,A2
Q26454,A2
Q26455,A2
Q26456,A2
Q26457,A2
Q26458,A2
Q26459,A2
Q26460,A2
Q26461,A2
Q26462,A2
Q26463,A2
Q26464,A2
Q26465,A2
Q26466,A2
Q26467,A2
Q26468,A2
Q26469,A2
Q26470,A2
Q26471,A2
Q26472,A2
Q26473,A2
Q26474,A2
Q26475,A2
Q26476,A2
Q26477,A2
Q26478,A2
Q26479,A2
Q26480,A2
Q26481,A2
Q26482,A2
Q26483,A2
Q26484,A2
Q26485,A2
Q26486,A2
Q26487,A2
Q26488,A2
Q26489,A2
Q26490,A2
Q26491,A2
Q26492,A2
Q26493,A2
Q26494,A2
Q26495,A2
Q26496,A2
Q26497,A2
Q26498,A2
Q26499,A2
Q26500,A2
Q26501,A2
Q26502,A2
Q26503,A2
Q26504,A2
Q26505,A2
Q26506,A2
Q26507,A2
Q26508,A2
Q26509,A2
Q26510,A2
Q26511,A2
Q26512,A2
Q26513,A2
Q26514,A2
Q26515,A2
Q26516,A2
Q26517,A2
Q26518,A2
Q26519,A2
Q26520,A2
Q26521,A2
Q26522,A2
Q26523,A2
Q26524,A2
Q26525,A2
Q26526,A2
Q26527,A2
Q26528,A2
Q26529,A2
Q26530,A2
Q26531,A2
Q26532,A2
Q26533,A2
Q26534,A2
Q26535,A2
Q26536,A2
Q26537,A2
Q26538,A2
Q26539,A2
Q26540,A2
Q26541,A2
Q26542,A2
Q26543,A2
Q26544,A2
Q26545,A2
Q26546,A2
Q26547,A2
Q26548,A2
Q26549,A2
Q26550,A2
Q26551,A2
Q26552,A2
Q26553,A2
Q26554,A2
Q26555,A2
Q26556,A2
Q26557,A2
Q26558,A2
Q26559,A2
Q26560,A2
Q26561,A2
Q26562,A2
Q26563,A2
Q26564,A2
Q26565,A2
Q26566,A2
Q26567,A2
Q26568,A2
Q26569,A2
Q26570,A2
Q26571,A2
Q26572,A2
Q26573,A2
Q26574,A2
Q26575,A2
Q26576,A2
Q26577,A2
Q26578,A2
Q26579,A2
Q26580,A2
Q26581,A2
Q26582,A2
Q26583,A2
Q26584,A2
Q26585,A2
Q26586,A2
Q26587,A2
Q26588,A2
Q26589,A2
Q26590,A2
Q26591,A2
Q26592,A2
Q26593,A2
Q26594,A2
Q26595,A2
Q26596,A2
Q26597,A2
Q26598,A2
Q26599,A2
Q26600,A2
Q26601,A2
Q26602,A2
Q26603,A2
Q26604,A2
Q26605,A2
Q26606,A2
Q26607,A2
Q26608,A2
Q26609,A2
Q26610,A2
Q26611,A2
Q26612,A2
Q26613,A2
Q26614,A2
Q26615,A2
Q26616,A2
Q26617,A2
Q26618,A2
Q26619,A2
Q26620,A2
Q26621,A2
Q26622,A2
Q26623,A2
Q26624,A2
Q26625,A2
Q26626,A2
Q26627,A2
Q26628,A2
Q26629,A2
Q26630,A2
Q26631,A2
Q26632,A2
Q26633,A2
Q26634,A2
Q26635,A2
Q26636,A2
Q26637,A2
Q26638,A2
Q26639,A2
Q26640,A2
Q26641,A2
Q26642,A2
Q26643,A2
Q26644,A2
Q26645,A2
Q26646,A2
Q26647,A2
Q26648,A2
Q26649,A2
Q26650,A2
Q26651,A2
Q26652,A2
Q26653,A2
Q26654,A2
Q26655,A2
Q26656,A2
Q26657,A2
Q26658,A2
Q26659,A2
Q26660,A2
Q26661,A2
Q26662,A2
Q26663,A2
Q26664,A2
Q26665,A2
Q26666,A2
Q26667,A2
Q26668,A2
Q26669,A2
Q26670,A2
Q26671,A2
Q26672,A2
Q26673,A2
Q26674,A2
Q26675,A2
Q26676,A2
Q26677,A2
Q26678,A2
Q26679,A2
Q26680,A2
Q26681,A2
Q26682,A2
Q26683,A2
Q26684,A2
Q26685,A2
Q26686,A2
Q26687,A2
Q26688,A2
Q26689,A2
Q26690,A2
Q26691,A2
Q26692,A2
Q26693,A2
Q26694,A2
Q26695,A2
Q26696,A2
Q26697,A2
Q26698,A2
Q26699,A2
Q26700,A2
Q26701,A2
Q26702,A2
Q26703,A2
Q26704,A2
Q26705,A2
Q26706,A2
Q26707,A2
Q26708,A2
Q26709,A2
Q26710,A2
Q26711,A2
Q26712,A2
Q26713,A2
Q26714,A2
Q26715,A2
Q26716,A2
Q26717,A2
Q26718,A2
Q26719,A2
Q26720,A2
Q26721,A2
Q26722,A2
Q26723,A2
Q26724,A2
Q26725,A2
Q26726,A2
Q26727,A2
Q26728,A2
Q26729,A2
Q26730,A2
Q26731,A2
Q26732,A2
Q26733,A2
Q26734,A2
Q26735,A2
Q26736,A2
Q26737,A2
Q26738,A2
Q26739,A2
Q26740,A2
Q26741,A2
Q26742,A2
Q26743,A2
Q26744,A2
Q26745,A2
Q26746,A2
Q26747,A2
Q26748,A2
Q26749,A2
Q26750,A2
Q26751,A2
Q26752,A2
Q26753,A2
Q26754,A2
Q26755,A2
Q26756,A2
Q26757,A2
Q26758,A2
Q26759,A2
Q26760,A2
Q26761,A2
Q26762,A2
Q26763,A2
Q26764,A2
Q26765,A2
Q26766,A2
Q26767,A2
Q26768,A2
Q26769,A2
Q26770,A2
Q26771,A2
Q26772,A2
Q26773,A2
Q26774,A2
Q26775,A2
Q26776,A2
Q26777,A2
Q26778,A2
Q26779,A2
Q26780,A2
Q26781,A2
Q26782,A2
Q26783,A2
Q26784,A2
Q26785,A2
Q26786,A2
Q26787,A2
Q26788,A2
Q26789,A2
Q26790,A2
Q26791,A2
Q26792,A2
Q26793,A2
Q26794,A2
Q26795,A2
Q26796,A2
Q26797,A2
Q26798,A2
Q26799,A2
Q26800,A2
Q26801,A2
Q26802,A2
Q26803,A2
Q26804,A2
Q26805,A2
Q26806,A2
Q26807,A2
Q26808,A2
Q26809,A2
Q26810,A2
Q26811,A2
Q26812,A2
Q26813,A2
Q26814,A2
Q26815,A2
Q26816,A2
Q26817,A2
Q26818,A2
Q26819,A2
Q26820,A2
Q26821,A2
Q26822,A2
Q26823,A2
Q26824,A2
Q26825,A2
Q26826,A2
Q26827,A2
Q26828,A2
Q26829,A2
Q26830,A2
Q26831,A2
Q26832,A2
Q26833,A2
Q26834,A2
Q26835,A2
Q26836,A2
Q26837,A2
Q26838,A2
Q26839,A2
Q26840,A2
Q26841,A2
Q26842,A2
Q26843,A2
Q26844,A2
Q26845,A2
Q26846,A2
Q26847,A2
Q26848,A2
Q26849,A2
Q26850,A2
Q26851,A2
Q26852,A2
Q26853,A2
Q26854,A2
Q26855,A2
Q26856,A2
Q26857,A2
Q26858,A2
Q26859,A2
Q26860,A2
Q26861,A2
Q26862,A2
Q26863,A2
Q26864,A2
Q26865,A2
Q26866,A2
Q26867,A2
Q26868,A2
Q26869,A2
Q26870,A2
Q26871,A2
Q26872,A2
Q26873,A2
Q26874,A2
Q26875,A2
Q26876,A2
Q26877,A2
Q26878,A2
Q26879,A2
Q26880,A2
Q26881,A2
Q26882,A2
Q26883,A2
Q26884,A2
Q26885,A2
Q26886,A2
Q26887,A2
Q26888,A2
Q26889,A2
Q26890,A2
Q26891,A2
Q26892,A2
Q26893,A2
Q26894,A2
Q26895,A2
Q26896,A2
Q26897,A2
Q26898,A2
Q26899,A2
Q26900,A2
Q26901,A2
Q26902,A2
Q26903,A2
Q26904,A2
Q26905,A2
Q26906,A2
Q26907,A2
Q26908,A2
Q26909,A2
Q26910,A2
Q26911,A2
Q26912,A2
Q26913,A2
Q26914,A2
Q26915,A2
Q26916,A2
Q26917,A2
Q26918,A2
Q26919,A2
Q26920,A2
Q26921,A2
Q26922,A2
Q26923,A2
Q26924,A2
Q26925,A2
Q26926,A2
Q26927,A2
Q26928,A2
Q26929,A2
Q26930,A2
Q26931,A2
Q26932,A2
Q26933,A2
Q26934,A2
Q26935,A2
Q26936,A2
Q26937,A2
Q26938,A2
Q26939,A2
Q26940,A2
Q26941,A2
Q26942,A2
Q26943,A2
Q26944,A2
Q26945,A2
Q26946,A2
Q26947,A2
Q26948,A2
Q26949,A2
Q26950,A2
Q26951,A2
Q26952,A2
Q26953,A2
Q26954,A2
Q26955,A2
Q26956,A2
Q26957,A2
Q26958,A2
Q26959,A2
Q26960,A2
Q26961,A2
Q26962,A2
Q26963,A2
Q26964,A2
Q26965,A2
Q26966,A2
Q26967,A2
Q26968,A2
Q26969,A2
Q26970,A2
Q26971,A2
Q26972,A2
Q26973,A2
Q26974,A2
Q26975,A2
Q26976,A2
Q26977,A2
Q26978,A2
Q26979,A2
Q26980,A2
Q26981,A2
Q26982,A2
Q26983,A2
Q26984,A2
Q26985,A2
Q26986,A2
Q26987,A2
Q26988,A2
Q26989,A2
Q26990,A2
Q26991,A2
Q26992,A2
Q26993,A2
Q26994,A2
Q26995,A2
Q26996,A2
Q26997,A2
Q26998,A2
Q26999,A2
Q27000,A2
Q27001,A2
Q27002,A2
Q27003,A2
Q27004,A2
Q27005,A2
Q27006,A2
Q27007,A2
Q27008,A2
Q27009,A2
Q27010,A2
Q27011,A2
Q27012,A2
Q27013,A2
Q27014,A2
Q27015,A2
Q27016,A2
Q27017,A2
Q27018,A2
Q27019,A2
Q27020,A2
Q27021,A2
Q27022,A2
Q27023,A2
Q27024,A2
Q27025,A2
Q27026,A2
Q27027,A2
Q27028,A2
Q27029,A2
Q27030,A2
Q27031,A2
Q27032,A2
Q27033,A2
Q27034,A2
Q27035,A2
Q27036,A2
Q27037,A2
Q27038,A2
Q27039,A2
Q27040,A2
Q27041,A2
Q27042,A2
Q27043,A2
Q27044,A2
Q27045,A2
Q27046,A2
Q27047,A2
Q27048,A2
Q27049,A2
Q27050,A2
Q27051,A2
Q27052,A2
Q27053,A2
Q27054,A2
Q27055,A2
Q27056,A2
Q27057,A2
Q27058,A2
Q27059,A2
Q27060,A2
Q27061,A2
Q27062,A2
Q27063,A2
Q27064,A2
Q27065,A2
Q27066,A2
Q27067,A2
Q27068,A2
Q27069,A2
Q27070,A2
Q27071,A2
Q27072,A2
Q27073,A2
Q27074,A2
Q27075,A2
Q27076,A2
Q27077,A2
Q27078,A2
Q27079,A2
Q27080,A2
Q27081,A2
Q27082,A2
Q27083,A2
Q27084,A2
Q27085,A2
Q27086,A2
Q27087,A2
Q27088,A2
Q27089,A2
Q27090,A2
Q27091,A2
Q27092,A2
Q27093,A2
Q27094,A2
Q27095,A2
Q27096,A2
Q27097,A2
Q27098,A2
Q27099,A2
Q27100,A2
Q27101,A2
Q27102,A2
Q27103,A2
Q27104,A2
Q27105,A2
Q27106,A2
Q27107,A2
Q27108,A2
Q27109,A2
Q27110,A2
Q27111,A2
Q27112,A2
Q27113,A2
Q27114,A2
Q27115,A2
Q27116,A2
Q27117,A2
Q27118,A2
Q27119,A2
Q27120,A2
Q27121,A2
Q27122,A2
Q27123,A2
Q27124,A2
Q27125,A2
Q27126,A2
Q27127,A2
Q27128,A2
Q27129,A2
Q27130,A2
Q27131,A2
Q27132,A2
Q27133,A2
Q27134,A2
Q27135,A2
Q27136,A2
Q27137,A2
Q27138,A2
Q27139,A2
Q27140,A2
Q27141,A2
Q27142,A2
Q27143,A2
Q27144,A2
Q27145,A2
Q27146,A2
Q27147,A2
Q27148,A2
Q27149,A2
Q27150,A2
Q27151,A2
Q27152,A2
Q27153,A2
Q27154,A2
Q27155,A2
Q27156,A2
Q27157,A2
Q27158,A2
Q27159,A2
Q27160,A2
Q27161,A2
Q27162,A2
Q27163,A2
Q27164,A2
Q27165,A2
Q27166,A2
Q27167,A2
Q27168,A2
Q27169,A2
Q27170,A2
Q27171,A2
Q27172,A2
Q27173,A2
Q27174,A2
Q27175,A2
Q27176,A2
Q27177,A2
Q27178,A2
Q27179,A2
Q27180,A2
Q27181,A2
Q27182,A2
Q27183,A2
Q27184,A2
Q27185,A2
Q27186,A2
Q27187,A2
Q27188,A2
Q27189,A2
Q27190,A2
Q27191,A2
Q27192,A2
Q27193,A2
Q27194,A2
Q27195,A2
Q27196,A2
Q27197,A2
Q27198,A2
Q27199,A2
Q27200,A2
Q27201,A2
Q27202,A2
Q27203,A2
Q27204,A2
Q27205,A2
Q27206,A2
Q27207,A2
Q27208,A2
Q27209,A2
Q27210,A2
Q27211,A2
Q27212,A2
Q27213,A2
Q27214,A2
Q27215,A2
Q27216,A2
Q27217,A2
Q27218,A2
Q27219,A2
Q27220,A2
Q27221,A2
Q27222,A2
Q27223,A2
Q27224,A2
Q27225,A2
Q27226,A2
Q27227,A2
Q27228,A2
Q27229,A2
Q27230,A2
Q27231,A2
Q27232,A2
Q27233,A2
Q27234,A2
Q27235,A2
Q27236,A2
Q27237,A2
Q27238,A2
Q27239,A2
Q27240,A2
Q27241,A2
Q27242,A2
Q27243,A2
Q27244,A2
Q27245,A2
Q27246,A2
Q27247,A2
Q27248,A2
Q27249,A2
Q27250,A2
Q27251,A2
Q27252,A2
Q27253,A2
Q27254,A2
Q27255,A2
Q27256,A2
Q27257,A2
Q27258,A2
Q27259,A2
Q27260,A2
Q27261,A2
Q27262,A2
Q27263,A2
Q27264,A2
Q27265,A2
Q27266,A2
Q27267,A2
Q27268,A2
Q27269,A2
Q27270,A2
Q27271,A2
Q27272,A2
Q27273,A2
Q27274,A2
Q27275,A2
Q27276,A2
Q27277,A2
Q27278,A2
Q27279,A2
Q27280,A2
Q27281,A2
Q27282,A2
Q27283,A2
Q27284,A2
Q27285,A2
Q27286,A2
Q27287,A2
Q27288,A2
Q27289,A2
Q27290,A2
Q27291,A2
Q27292,A2
Q27293,A2
Q27294,A2
Q27295,A2
Q27296,A2
Q27297,A2
Q27298,A2
Q27299,A2
Q27300,A2
Q27301,A2
Q27302,A2
Q27303,A2
Q27304,A2
Q27305,A2
Q27306,A2
Q27307,A2
Q27308,A2
Q27309,A2
Q27310,A2
Q27311,A2
Q27312,A2
Q27313,A2
Q27314,A2
Q27315,A2
Q27316,A2
Q27317,A2
Q27318,A2
Q27319,A2
Q27320,A2
Q27321,A2
Q27322,A2
Q27323,A2
Q27324,A2
Q27325,A2
Q27326,A2
Q27327,A2
Q27328,A2
Q27329,A2
Q27330,A2
Q27331,A2
Q27332,A2
Q27333,A2
Q27334,A2
Q27335,A2
Q27336,A2
Q27337,A2
Q27338,A2
Q27339,A2
Q27340,A2
Q27341,A2
Q27342,A2
Q27343,A2
Q27344,A2
Q27345,A2
Q27346,A2
Q27347,A2
Q27348,A2
Q27349,A2
Q27350,A2
Q27351,A2
Q27352,A2
Q27353,A2
Q27354,A2
Q27355,A2
Q27356,A2
Q27357,A2
Q27358,A2
Q27359,A2
Q27360,A2
Q27361,A2
Q27362,A2
Q27363,A2
Q27364,A2
Q27365,A2
Q27366,A2
Q27367,A2
Q27368,A2
Q27369,A2
Q27370,A2
Q27371,A2
Q27372,A2
Q27373,A2
Q27374,A2
Q27375,A2
Q27376,A2
Q27377,A2
Q27378,A2
Q27379,A2
Q27380,A2
Q27381,A2
Q27382,A2
Q27383,A2
Q27384,A2
Q27385,A2
Q27386,A2
Q27387,A2
Q27388,A2
Q27389,A2
Q27390,A2
Q27391,A2
Q27392,A2
Q27393,A2
Q27394,A2
Q27395,A2
Q27396,A2
Q27397,A2
Q27398,A2
Q27399,A2
Q27400,A2
Q27401,A2
Q27402,A2
Q27403,A2
Q27404,A2
Q27405,A2
Q27406,A2
Q27407,A2
Q27408,A2
Q27409,A2
Q27410,A2
Q27411,A2
Q27412,A2
Q27413,A2
Q27414,A2
Q27415,A2
Q27416,A2
Q27417,A2
Q27418,A2
Q27419,A2
Q27420,A2
Q27421,A2
Q27422,A2
Q27423,A2
Q27424,A2
Q27425,A2
Q27426,A2
Q27427,A2
Q27428,A2
Q27429,A2
Q27430,A2
Q27431,A2
Q27432,A2
Q27433,A2
Q27434,A2
Q27435,A2
Q27436,A2
Q27437,A2
Q27438,A2
Q27439,A2
Q27440,A2
Q27441,A2
Q27442,A2
Q27443,A2
Q27444,A2
Q27445,A2
Q27446,A2
Q27447,A2
Q27448,A2
Q27449,A2
Q27450,A2
Q27451,A2
Q27452,A2
Q27453,A2
Q27454,A2
Q27455,A2
Q27456,A2
Q27457,A2
Q27458,A2
Q27459,A2
Q27460,A2
Q27461,A2
Q27462,A2
Q27463,A2
Q27464,A2
Q27465,A2
Q27466,A2
Q27467,A2
Q27468,A2
Q27469,A2
Q27470,A2
Q27471,A2
Q27472,A2
Q27473,A2
Q27474,A2
Q27475,A2
Q27476,A2
Q27477,A2
Q27478,A2
Q27479,A2
Q27480,A2
Q27481,A2
Q27482,A2
Q27483,A2
Q27484,A2
Q27485,A2
Q27486,A2
Q27487,A2
Q27488,A2
Q27489,A2
Q27490,A2
Q27491,A2
Q27492,A2
Q27493,A2
Q27494,A2
Q27495,A2
Q27496,A2
Q27497,A2
Q27498,A2
Q27499,A2
Q27500,A2
Q27501,A2
Q27502,A2
Q27503,A2
Q27504,A2
Q27505,A2
Q27506,A2
Q27507,A2
Q27508,A2
Q27509,A2
Q27510,A2
Q27511,A2
Q27512,A2
Q27513,A2
Q27514,A2
Q27515,A2
Q27516,A2
Q27517,A2
Q27518,A2
Q27519,A2
Q27520,A2
Q27521,A2
Q27522,A2
Q27523,A2
Q27524,A2
Q27525,A2
Q27526,A2
Q27527,A2
Q27528,A2
Q27529,A2
Q27530,A2
Q27531,A2
Q27532,A2
Q27533,A2
Q27534,A2
Q27535,A2
Q27536,A2
Q27537,A2
Q27538,A2
Q27539,A2
Q27540,A2
Q27541,A2
Q27542,A2
Q27543,A2
Q27544,A2
Q27545,A2
Q27546,A2
Q27547,A2
Q27548,A2
Q27549,A2
Q27550,A2
Q27551,A2
Q27552,A2
Q27553,A2
Q27554,A2
Q27555,A2
Q27556,A2
Q27557,A2
Q27558,A2
Q27559,A2
Q27560,A2
Q27561,A2
Q27562,A2
Q27563,A2
Q27564,A2
Q27565,A2
Q27566,A2
Q27567,A2
Q27568,A2
Q27569,A2
Q27570,A2
Q27571,A2
Q27572,A2
Q27573,A2
Q27574,A2
Q27575,A2
Q27576,A2
Q27577,A2
Q27578,A2
Q27579,A2
Q27580,A2
Q27581,A2
Q27582,A2
Q27583,A2
Q27584,A2
Q27585,A2
Q27586,A2
Q27587,A2
Q27588,A2
Q27589,A2
Q27590,A2
Q27591,A2
Q27592,A2
Q27593,A2
Q27594,A2
Q27595,A2
Q27596,A2
Q27597,A2
Q27598,A2
Q27599,A2
Q27600,A2
Q27601,A2
Q27602,A2
Q27603,A2
Q27604,A2
Q27605,A2
Q27606,A2
Q27607,A2
Q27608,A2
Q27609,A2
Q27610,A2
Q27611,A2
Q27612,A2
Q27613,A2
Q27614,A2
Q27615,A2
Q27616,A2
Q27617,A2
Q27618,A2
Q27619,A2
Q27620,A2
Q27621,A2
Q27622,A2
Q27623,A2
Q27624,A2
Q27625,A2
Q27626,A2
Q27627,A2
Q27628,A2
Q27629,A2
Q27630,A2
Q27631,A2
Q27632,A2
Q27633,A2
Q27634,A2
Q27635,A2
Q27636,A2
Q27637,A2
Q27638,A2
Q27639,A2
Q27640,A2
Q27641,A2
Q27642,A2
Q27643,A2
Q27644,A2
Q27645,A2
Q27646,A2
Q27647,A2
Q27648,A2
Q27649,A2
Q27650,A2
Q27651,A2
Q27652,A2
Q27653,A2
Q27654,A2
Q27655,A2
Q27656,A2
Q27657,A2
Q27658,A2
Q27659,A2
Q27660,A2
Q27661,A2
Q27662,A2
Q27663,A2
Q27664,A2
Q27665,A2
Q27666,A2
Q27667,A2
Q27668,A2
Q27669,A2
Q27670,A2
Q27671,A2
Q27672,A2
Q27673,A2
Q27674,A2
Q27675,A2
Q27676,A2
Q27677,A2
Q27678,A2
Q27679,A2
Q27680,A2
Q27681,A2
Q27682,A2
Q27683,A2
Q27684,A2
Q27685,A2
Q27686,A2
Q27687,A2
Q27688,A2
Q27689,A2
Q27690,A2
Q27691,A2
Q27692,A2
Q27693,A2
Q27694,A2
Q27695,A2
Q27696,A2
Q27697,A2
Q27698,A2
Q27699,A2
Q27700,A2
Q27701,A2
Q27702,A2
Q27703,A2
Q27704,A2
Q27705,A2
Q27706,A2
Q27707,A2
Q27708,A2
Q27709,A2
Q27710,A2
Q27711,A2
Q27712,A2
Q27713,A2
Q27714,A2
Q27715,A2
Q27716,A2
Q27717,A2
Q27718,A2
Q27719,A2
Q27720,A2
Q27721,A2
Q27722,A2
Q27723,A2
Q27724,A2
Q27725,A2
Q27726,A2
Q27727,A2
Q27728,A2
Q27729,A2
Q27730,A2
Q27731,A2
Q27732,A2
Q27733,A2
Q27734,A2
Q27735,A2
Q27736,A2
Q27737,A2
Q27738,A2
Q27739,A2
Q27740,A2
Q27741,A2
Q27742,A2
Q27743,A2
Q27744,A2
Q27745,A2
Q27746,A2
Q27747,A2
Q27748,A2
Q27749,A2
Q27750,A2
Q27751,A2
Q27752,A2
Q27753,A2
Q27754,A2
Q27755,A2
Q27756,A2
Q27757,A2
Q27758,A2
Q27759,A2
Q27760,A2
Q27761,A2
Q27762,A2
Q27763,A2
Q27764,A2
Q27765,A2
Q27766,A2
Q27767,A2
Q27768,A2
Q27769,A2
Q27770,A2
Q27771,A2
Q27772,A2
Q27773,A2
Q27774,A2
Q27775,A2
Q27776,A2
Q27777,A2
Q27778,A2
Q27779,A2
Q27780,A2
Q27781,A2
Q27782,A2
Q27783,A2
Q27784,A2
Q27785,A1
Q27786,A1
Q27787,A1
Q27788,A1
Q27789,A1
Q27790,A1
Q27791,A1
Q27792,A1
Q27793,A1
Q27794,A1
Q27795,A1
Q27796,A1
Q27797,A1
Q27798,A1
Q27799,A1
Q27800,A1
Q27801,A1
Q27802,A1
Q27803,A1
Q27804,A1
Q27805,A1
Q27806,A1
Q27807,A1
Q27808,A1
Q27809,A1
Q27810,A1
Q27811,A1
Q27812,A1
Q27813,A1
Q27814,A1
Q27815,A1
Q27816,A1
Q27817,A1
Q27818,A1
Q27819,A1
Q27820,A1
Q27821,A1
Q27822,A1
Q27823,A1
Q27824,A1
Q27825,A1
Q27826,A1
Q27827,A1
Q27828,A1
Q27829,A1
Q27830,A1
Q27831,A1
Q27832,A1
Q27833,A1
Q27834,A1
Q27835,A1
Q27836,A1
Q27837,A1
Q27838,A1
Q27839,A1
Q27840,A1
Q27841,A1
Q27842,A1
Q27843,A1
Q27844,A1
Q27845,A1
Q27846,A1
Q27847,A1
Q27848,A1
Q27849,A1
Q27850,A1
Q27851,A1
Q27852,A1
Q27853,A1
Q27854,A1
Q27855,A1
Q27856,A1
Q27857,A1
Q27858,A1
Q27859,A1
Q27860,A1
Q27861,A1
Q27862,A1
Q27863,A1
Q27864,A1
Q27865,A1
Q27866,A1
Q27867,A1
Q27868,A1
Q27869,A1
Q27870,A1
Q27871,A1
Q27872,A1
Q27873,A1
Q27874,A1
Q27875,A1
Q27876,A1
Q27877,A1
Q27878,A1
Q27879,A1
Q27880,A1
Q27881,A1
Q27882,A1
Q27883,A1
Q27884,A1
Q27885,A1
Q27886,A1
Q27887,A1
Q27888,A1
Q27889,A1
Q27890,A1
Q27891,A1
Q27892,A1
Q27893,A1
Q27894,A1
Q27895,A1
Q27896,A1
Q27897,A1
Q27898,A1
Q27899,A1
Q27900,A1
Q27901,A1
Q27902,A1
Q27903,A1
Q27904,A1
Q27905,A1
Q27906,A1
Q27907,A1
Q27908,A1
Q27909,A1
Q27910,A1
Q27911,A1
Q27912,A1
Q27913,A1
Q27914,A1
Q27915,A1
Q27916,A1
Q27917,A1
Q27918,A1
Q27919,A1
Q27920,A1
Q27921,A1
Q27922,A1
Q27923,A1
Q27924,A1
Q27925,A1
Q27926,A1
Q27927,A1
Q27928,A1
Q27929,A1
Q27930,A1
Q27931,A1
Q27932,A1
Q27933,A1
Q27934,A1
Q27935,A1
Q27936,A1
Q27937,A1
Q27938,A1
Q27939,A1
Q27940,A1
Q27941,A1
Q27942,A1
Q27943,A1
Q27944,A1
Q27945,A1
Q27946,A1
Q27947,A1
Q27948,A1
Q27949,A1
Q27950,A1
Q27951,A1
Q27952,A1
Q27953,A1
Q27954,A1
Q27955,A1
Q27956,A1
Q27957,A1
Q27958,A1
Q27959,A1
Q27960,A1
Q27961,A1
Q27962,A1
Q27963,A1
Q27964,A1
Q27965,A1
Q27966,A1
Q27967,A1
Q27968,A1
Q27969,A1
Q27970,A1
Q27971,A1
Q27972,A1
Q27973,A1
Q27974,A1
Q27975,A1
Q27976,A1
Q27977,A1
Q27978,A1
Q27979,A1
Q27980,A1
Q27981,A1
Q27982,A1
Q27983,A1
Q27984,A1
Q27985,A1
Q27986,A1
Q27987,A1
Q27988,A1
Q27989,A1
Q27990,A1
Q27991,A1
Q27992,A1
Q27993,A1
Q27994,A1
Q27995,A1
Q27996,A1
Q27997,A1
Q27998,A1
Q27999,A1
Q28000,A1
Q28001,A1
Q28002,A1
Q28003,A1
Q28004,A1
Q28005,A1
Q28006,A1
Q28007,A1
Q28008,A1
Q28009,A1
Q28010,A1
Q28011,A1
Q28012,A1
Q28013,A1
Q28014,A1
Q28015,A1
Q28016,A1
Q28017,A1
Q28018,A1
Q28019,A1
Q28020,A1
Q28021,A1
Q28022,A1
Q28023,A1
Q28024,A1
Q28025,A1
Q28026,A1
Q28027,A1
Q28028,A1
Q28029,A1
Q28030,A1
Q28031,A1
Q28032,A1
Q28033,A1
Q28034,A1
Q28035,A1
Q28036,A1
Q28037,A1
Q28038,A1
Q28039,A1
Q28040,A1
Q28041,A1
Q28042,A1
Q28043,A1
Q28044,A1
Q28045,A1
Q28046,A1
Q28047,A1
Q28048,A1
Q28049,A1
Q28050,A1
Q28051,A1
Q28052,A1
Q28053,A1
Q28054,A1
Q28055,A1
Q28056,A1
Q28057,A1
Q28058,A1
Q28059,A1
Q28060,A1
Q28061,A1
Q28062,A1
Q28063,A1
Q28064,A1
Q28065,A1
Q28066,A1
Q28067,A1
Q28068,A1
Q28069,A1
Q28070,A1
Q28071,A1
Q28072,A1
Q28073,A1
Q28074,A1
Q28075,A1
Q28076,A1
Q28077,A1
Q28078,A1
Q28079,A1
Q28080,A1
Q28081,A1
Q28082,A1
Q28083,A1
Q28084,A1
Q28085,A1
Q28086,A1
Q28087,A1
Q28088,A1
Q28089,A1
Q28090,A1
Q28091,A1
Q28092,A1
Q28093,A1
Q28094,A1
Q28095,A1
Q28096,A1
Q28097,A1
Q28098,A1
Q28099,A1
Q28100,A1
Q28101,A1
Q28102,A1
Q28103,A1
Q28104,A1
Q28105,A1
Q28106,A1
Q28107,A1
Q28108,A1
Q28109,A1
Q28110,A1
Q28111,A1
Q28112,A1
Q28113,A1
Q28114,A1
Q28115,A1
Q28116,A1
Q28117,A1
Q28118,A1
Q28119,A1
Q28120,A1
Q28121,A1
Q28122,A1
Q28123,A1
Q28124,A1
Q28125,A1
Q28126,A1
Q28127,A1
Q28128,A1
Q28129,A1
Q28130,A1
Q28131,A1
Q28132,A1
Q28133,A1
Q28134,A1
Q28135,A1
Q28136,A0
Q28137,A0
Q28138,A0
Q28139,A0
Q28140,A0
Q28141,A0
Q28142,A0
Q28143,A0
Q28144,A0
Q28145,A0
Q28146,A0
Q28147,A0
Q28148,A0
Q28149,A0
Q28150,A0
Q28151,A0
Q28152,A0
Q28153,A0
Q28154,A0
Q28155,A0
Q28156,A0
Q28157,A0
Q28158,A0
Q28159,A0
Q28160,A0
Q28161,A0
Q28162,A0
Q28163,A0
Q28164,A0
Q28165,A0
Q28166,A0
Q28167,A0
Q28168,A0
Q28169,A0
Q28170,A0
Q28171,A0
Q28172,A0
Q28173,A0
Q28174,A0
Q28175,A0
Q28176,A0
Q28177,A0
Q28178,A0
Q28179,A0
Q28180,A0
Q28181,A0
Q28182,A0
Q28183,A0
Q28184,A0
Q28185,A0
Q28186,A0
Q28187,A0
Q28188,A0
Q28189,A0
Q28190,A0
Q28191,A0
Q28192,A0
Q28193,A0
Q28194,A0
Q28195,A0
Q28196,A0
Q28197,A0
Q28198,A0
Q28199,A0
Q28200,A0
Q28201,A0
Q28202,A0
Q28203,A0
Q28204,A0
Q28205,A0
Q28206,A0
Q28207,A0
Q28208,A0
Q28209,A0
Q28210,A0
Q28211,A0
Q28212,A0
Q28213,A0
Q28214,A0
Q28215,A0
Q28216,A0
Q28217,A0
Q28218,A0
Q28219,A0
Q28220,A0
Q28221,A0
Q28222,A0
Q28223,A0
Q28224,A0
Q28225,A0
Q28226,A0
Q28227,A0
Q28228,A0
Q28229,A0
Q28230,A0
Q28231,A0
Q28232,A0
Q28233,A0
Q28234,A0
Q28235,A0
Q28236,A0
Q28237,A0
Q28238,A0
Q28239,A0
Q28240,A0
Q28241,A0
Q28242,A0
Q28243,A0
Q28244,A0
Q28245,A0
Q28246,A0
Q28247,A0
Q28248,A0
Q28249,A0
Q28250,A0
Q28251,A0
Q28252,A0
Q28253,A0
Q28254,A0
Q28255,A0
Q28256,A0
Q28257,A0
Q28258,A0
Q28259,A0
Q28260,A0
Q28261,A0
Q28262,A0
Q28263,A0
Q28264,A0
Q28265,A0
Q28266,A0
Q28267,A0
Q28268,A0
Q28269,A0
Q28270,A0
Q28271,A0
Q28272,A0
Q28273,A0
Q28274,A0
Q28275,A0
Q28276,A0
Q28277,A0
Q28278,A0
Q28279,A0
Q28280,A0
Q28281,A0
Q28282,A0
Q28283,A0
Q28284,A0
Q28285,A0
Q28286,A0
Q28287,A0
Q28288,A0
Q28289,A0
Q28290,A0
Q28291,A0
Q28292,A0
Q28293,A0
Q28294,A0
Q28295,A0
Q28296,A0
Q28297,A0
Q28298,A0
Q28299,A0
Q28300,A0
Q28301,A0
Q28302,A0
Q28303,A0
Q28304,A0
Q28305,A0
Q28306,A0
Q28307,A0
Q28308,A0
Q28309,A0
Q28310,A0
Q28311,A0
Q28312,A0
Q28313,A0
Q28314,A0
Q28315,A0
Q28316,A0
Q28317,A0
Q28318,A0
Q28319,A0
Q28320,A0
Q28321,A0
Q28322,A0
Q28323,A0
Q28324,A0
Q28325,A0
Q28326,A0
Q28327,A0
Q28328,A0
Q28329,A0
Q28330,A0
Q28331,A0
Q28332,A0
Q28333,A0
Q28334,A0
Q28335,A0
Q28336,A0
Q28337,A0
Q28338,A0
Q28339,A0
Q28340,A0
Q28341,A0
Q28342,A0
Q28343,A0
Q28344,A0
Q28345,A0
Q28346,A0
Q28347,A0
Q28348,A0
Q28349,A0
Q28350,A0
Q28351,A0
Q28352,A0
Q28353,A0
Q28354,A0
Q28355,A0
Q28356,A0
Q28357,A0
Q28358,A0
Q28359,A0
Q28360,A0
Q28361,A0
Q28362,A0
Q28363,A0
Q28364,A0
Q28365,A0
Q28366,A0
Q28367,A0
Q28368,A0
Q28369,A0
Q28370,A0
Q28371,A0
Q28372,A0
Q28373,A0
Q28374,A0
Q28375,A0
Q28376,A0
Q28377,A0
Q28378,A0
Q28379,A0
Q28380,A0
Q28381,A0
Q28382,A0
Q28383,A0
Q28384,A0
Q28385,A0
Q28386,A0
Q28387,A0
Q28388,A0
Q28389,A0
Q28390,A0
Q28391,A0
Q28392,A0
Q28393,A0
Q28394,A0
Q28395,A0
Q28396,A0
Q28397,A0
Q28398,A0
Q28399,A0
Q28400,A0
Q28401,A0
Q28402,A0
Q28403,A0
Q28404,A0
Q28405,A0
Q28406,A0
Q28407,A0
Q28408,A0
Q28409,A0
Q28410,A0
Q28411,A0
Q28412,A0
Q28413,A0
Q28414,A0
Q28415,A0
Q28416,A0
Q28417,A0
Q28418,A0
Q28419,A0
Q28420,A0
Q28421,A0
Q28422,A0
Q28423,A0
Q28424,A0
Q28425,A0
Q28426,A0
Q28427,A0
Q28428,A0
Q28429,A0
Q28430,A0
Q28431,A0
Q28432,A0
Q28433,A0
Q28434,A0
Q28435,A0
Q28436,A0
Q28437,A0
Q28438,A0
Q28439,A0
Q28440,A0
Q28441,A0
Q28442,A0
Q28443,A0
Q28444,A0
Q28445,A0
Q28446,A0
Q28447,A0
Q28448,A0
Q28449,A0
Q28450,A0
Q28451,A0
Q28452,A0
Q28453,A0
Q28454,A0
Q28455,A0
Q28456,A0
Q28457,A0
Q28458,A0
Q28459,A0
Q28460,A0
Q28461,A0
Q28462,A0
Q28463,A0
Q28464,A0
Q28465,A0
Q28466,A0
Q28467,A0
Q28468,A0
Q28469,A0
Q28470,A0
Q28471,A0
Q28472,A0
Q28473,A0
Q28474,A0
Q28475,A0
Q28476,A0
Q28477,A0
Q28478,A0
Q28479,A0
Q28480,A0
Q28481,A0
Q28482,A0
Q28483,A0
Q28484,A0
Q28485,A0
Q28486,A0
Q28487,A0
Q28488,A0
Q28489,A0
Q28490,A0
Q28491,A0
Q28492,A0
Q28493,A0
Q28494,A0
Q28495,A0
Q28496,A0
Q28497,A0
Q28498,A0
Q28499,A0
Q28500,A0
Q28501,A0
Q28502,A0
Q28503,A0
Q28504,A0
Q28505,A0
Q28506,A0
Q28507,A0
Q28508,A0
Q28509,A0
Q28510,A0
Q28511,A0
Q28512,A0
Q28513,A0
Q28514,A0
Q28515,A0
Q28516,A0
Q28517,A0
Q28518,A0
Q28519,A0
Q28520,A0
Q28521,A0
Q28522,A0
Q28523,A0
Q28524,A0
Q28525,A0
Q28526,A0
Q28527,A0
Q28528,A0
Q28529,A0
Q28530,A0
Q28531,A0
Q28532,A0
Q28533,A0
Q28534,A0
Q28535,A0
Q28536,A0
Q28537,A0
Q28538,A0
Q28539,A0
Q28540,A0
Q28541,A0
Q28542,A0
Q28543,A0
Q28544,A0
Q28545,A0
Q28546,A0
Q28547,A0
Q28548,A0
Q28549,A0
Q28550,A0
Q28551,A0
Q28552,A0
Q28553,A0
Q28554,A0
Q28555,A0
Q28556,A0
Q28557,A0
Q28558,A0
Q28559,A0
Q28560,A0
Q28561,A0
Q28562,A0
Q28563,A0
Q28564,A0
Q28565,A0
Q28566,A0
Q28567,A0
Q28568,A0
Q28569,A0
Q28570,A0
Q28571,A0
Q28572,A0
Q28573,A0
Q28574,A0
Q28575,A0
Q28576,A0
Q28577,A0
Q28578,A0
Q28579,A0
Q28580,A0
Q28581,A0
Q28582,A0
Q28583,A0
Q28584,A0
Q28585,A0
Q28586,A0
Q28587,A0
Q28588,A0
Q28589,A0
Q28590,A0
Q28591,A0
Q28592,A0
Q28593,A0
Q28594,A0
Q28595,A0
Q28596,A0
Q28597,A0
Q28598,A0
Q28599,A0
Q28600,A0
Q28601,A0
Q28602,A0
Q28603,A0
Q28604,A0
Q28605,A0
Q28606,A0
Q28607,A0
Q28608,A0
Q28609,A0
Q28610,A0
Q28611,A0
Q28612,A0
Q28613,A0
Q28614,A0
Q28615,A0
Q28616,A0
Q28617,A0
Q28618,A0
Q28619,A0
Q28620,A0
Q28621,A0
Q28622,A0
Q28623,A0
Q28624,A0
Q28625,A0
Q28626,A0
Q28627,A0
Q28628,A0
Q28629,A0
Q28630,A0
Q28631,A0
Q28632,A0
Q28633,A0
Q28634,A0
Q28635,A0
Q28636,A0
Q28637,A0
Q28638,A0
Q28639,A0
Q28640,A0
Q28641,A0
Q28642,A0
Q28643,A0
Q28644,A0
Q28645,A0
Q28646,A0
Q28647,A0
Q28648,A0
Q28649,A0
Q28650,A0
Q28651,A0
Q28652,A0
Q28653,A0
Q28654,A0
Q28655,A0
Q28656,A0
Q28657,A0
Q28658,A0
Q28659,A0
Q28660,A0
Q28661,A0
Q28662,A0
Q28663,A0
Q28664,A0
Q28665,A0
Q28666,A0
Q28667,A0
Q28668,A0
Q28669,A0
Q28670,A0
Q28671,A0
Q28672,A0
Q28673,A0
Q28674,A0
Q28675,A0
Q28676,A0
Q28677,A0
Q28678,A0
Q28679,A0
Q28680,A0
Q28681,A0
Q28682,A0
Q28683,A0
Q28684,A0
Q28685,A0
Q28686,A0
Q28687,A0
Q28688,A0
Q28689,A0
Q28690,A0
Q28691,A0
Q28692,A0
Q28693,A0
Q28694,A0
Q28695,A0
Q28696,A0
Q28697,A0
Q28698,A0
Q28699,A0
Q28700,A0
Q28701,A0
Q28702,A0
Q28703,A0
Q28704,A0
Q28705,A0
Q28706,A0
Q28707,A0
Q28708,A0
Q28709,A0
Q28710,A0
Q28711,A0
Q28712,A0
Q28713,A0
Q28714,A0
Q28715,A0
Q28716,A0
Q28717,A0
Q28718,A0
Q28719,A0
Q28720,A0
Q28721,A0
Q28722,A0
Q28723,A0
Q28724,A0
Q28725,A0
Q28726,A0
Q28727,A0
Q28728,A0
Q28729,A0
Q28730,A0
Q28731,A0
Q28732,A0
Q28733,A0
Q28734,A0
Q28735,A0
Q28736,A0
Q28737,A0
Q28738,A0
Q28739,A0
Q28740,A0
Q28741,A0
Q28742,A0
Q28743,A0
Q28744,A0
Q28745,A0
Q28746,A0
Q28747,A0
Q28748,A0
Q28749,A0
Q28750,A0
Q28751,A0
Q28752,A0
Q28753,A0
Q28754,A0
Q28755,A0
Q28756,A0
Q28757,A0
Q28758,A0
Q28759,A0
Q28760,A0
Q28761,A0
Q28762,A0
Q28763,A0
Q28764,A0
Q28765,A0
Q28766,A0
Q28767,A0
Q28768,A0
Q28769,A0
Q28770,A0
Q28771,A0
Q28772,A0
Q28773,A0
Q28774,A0
Q28775,A0
Q28776,A0
Q28777,A0
Q28778,A0
Q28779,A0
Q28780,A0
Q28781,A0
Q28782,A0
Q28783,A0
Q28784,A0
Q28785,A0
Q28786,A0
Q28787,A0
Q28788,A0
Q28789,A0
Q28790,A0
Q28791,A0
Q28792,A0
Q28793,A0
Q28794,A0
Q28795,A0
Q28796,A0
Q28797,A0
Q28798,A0
Q28799,A0
Q28800,A0
Q28801,A0
Q28802,A0
Q28803,A0
Q28804,A0
Q28805,A0
Q28806,A0
Q28807,A0
Q28808,A0
Q28809,A0
Q28810,A0
Q28811,A0
Q28812,A0
Q28813,A0
Q28814,A0
Q28815,A0
Q28816,A0
Q28817,A0
Q28818,A0
Q28819,A0
Q28820,A0
Q28821,A0
Q28822,A0
Q28823,A0
Q28824,A0
Q28825,A0
Q28826,A0
Q28827,A0
Q28828,A0
Q28829,A0
Q28830,A0
Q28831,A0
Q28832,A0
Q28833,A0
Q28834,A0
Q28835,A0
Q28836,A0
Q28837,A0
Q28838,A0
Q28839,A0
Q28840,A0
Q28841,A0
Q28842,A0
Q28843,A0
Q28844,A0
Q28845,A0
Q28846,A0
Q28847,A0
Q28848,A0
Q28849,A0
Q28850,A0
Q28851,A0
Q28852,A0
Q28853,A0
Q28854,A0
Q28855,A0
Q28856,A0
Q28857,A0
Q28858,A0
Q28859,A0
Q28860,A0
Q28861,A0
Q28862,A0
Q28863,A0
Q28864,A0
Q28865,A0
Q28866,A0
Q28867,A0
Q28868,A0
Q28869,A0
Q28870,A0
Q28871,A0
Q28872,A0
Q28873,A0
Q28874,A0
Q28875,A0
Q28876,A0
Q28877,A0
Q28878,A0
Q28879,A0
Q28880,A0
Q28881,A0
Q28882,A0
Q28883,A0
Q28884,A0
Q28885,A0
Q28886,A0
Q28887,A0
Q28888,A0
Q28889,A0
Q28890,A0
Q28891,A0
Q28892,A0
Q28893,A0
Q28894,A0
Q28895,A0
Q28896,A0
Q28897,A0
Q28898,A0
Q28899,A0
Q28900,A0
Q28901,A0
Q28902,A0
Q28903,A0
Q28904,A0
Q28905,A0
Q28906,A0
Q28907,A0
Q28908,A0
Q28909,A0
Q28910,A0
Q28911,A0
Q28912,A0
Q28913,A0
Q28914,A0
Q28915,A0
Q28916,A0
Q28917,A0
Q28918,A0
Q28919,A0
Q28920,A0
Q28921,A0
Q28922,A0
Q28923,A0
Q28924,A0
Q28925,A0
Q28926,A0
Q28927,A0
Q28928,A0
Q28929,A0
Q28930,A0
Q28931,A0
Q28932,A0
Q28933,A0
Q28934,A0
Q28935,A0
Q28936,A0
Q28937,A0
Q28938,A0
Q28939,A0
Q28940,A0
Q28941,A0
Q28942,A0
Q28943,A0
Q28944,A0
Q28945,A0
Q28946,A0
Q28947,A0
Q28948,A0
Q28949,A0
Q28950,A0
Q28951,A0
Q28952,A0
Q28953,A0
Q28954,A0
Q28955,A0
Q28956,A0
Q28957,A0
Q28958,A0
Q28959,A0
Q28960,A0
Q28961,A0
Q28962,A0
Q28963,A0
Q28964,A0
Q28965,A0
Q28966,A0
Q28967,A0
Q28968,A0
Q28969,A0
Q28970,A0
Q28971,A0
Q28972,A0
Q28973,A0
Q28974,A0
Q28975,A0
Q28976,A0
Q28977,A0
Q28978,A0
Q28979,A0
Q28980,A0
Q28981,A0
Q28982,A0
Q28983,A0
Q28984,A0
Q28985,A0
Q28986,A0
Q28987,A0
Q28988,A0
Q28989,A0
Q28990,A0
Q28991,A0
Q28992,A0
Q28993,A0
Q28994,A0
Q28995,A0
Q28996,A0
Q28997,A0
Q28998,A0
Q28999,A0
Q29000,A0
Q29001,A0
Q29002,A0
Q29003,A0
Q29004,A0
Q29005,A0
Q29006,A0
Q29007,A0
Q29008,A0
Q29009,A0
Q29010,A0
Q29011,A0
Q29012,A0
Q29013,A0
Q29014,A0
Q29015,A0
Q29016,A0
Q29017,A0
Q29018,A0
Q29019,A0
Q29020,A0
Q29021,A0
Q29022,A0
Q29023,A0
Q29024,A0
Q29025,A0
Q29026,A0
Q29027,A0
Q29028,A0
Q29029,A0
Q29030,A0
Q29031,A0
Q29032,A0
Q29033,A0
Q29034,A0
Q29035,A0
Q29036,A0
Q29037,A0
Q29038,A0
Q29039,A0
Q29040,A0
Q29041,A0
Q29042,A0
Q29043,A0
Q29044,A0
Q29045,A0
Q29046,A0
Q29047,A0
Q29048,A0
Q29049,A0
Q29050,A0
Q29051,A0
Q29052,A0
Q29053,A0
Q29054,A0
Q29055,A0
Q29056,A0
Q29057,A0
Q29058,A0
Q29059,A0
Q29060,A0
Q29061,A0
Q29062,A0
Q29063,A0
Q29064,A0
Q29065,A0
Q29066,A0
Q29067,A0
Q29068,A0
Q29069,A0
Q29070,A0
Q29071,A0
Q29072,A0
Q29073,A0
Q29074,A0
Q29075,A0
Q29076,A0
Q29077,A0
Q29078,A0
Q29079,A0
Q29080,A0
Q29081,A0
Q29082,A0
Q29083,A0
Q29084,A0
Q29085,A0
Q29086,A0
Q29087,A0
Q29088,A0
Q29089,A0
Q29090,A0
Q29091,A0
Q29092,A0
Q29093,A0
Q29094,A0
Q29095,A0
Q29096,A0
Q29097,A0
Q29098,A0
Q29099,A0
Q29100,A0
Q29101,A0
Q29102,A0
Q29103,A0
Q29104,A0
Q29105,A0
Q29106,A0
Q29107,A0
Q29108,A0
Q29109,A0
Q29110,A0
Q29111,A0
Q29112,A0
Q29113,A0
Q29114,A0
Q29115,A0
Q29116,A0
Q29117,A0
Q29118,A0
Q29119,A0
Q29120,A0
Q29121,A0
Q29122,A0
Q29123,A0
Q29124,A0
Q29125,A0
Q29126,A0
Q29127,A0
Q29128,A0
Q29129,A0
Q29130,A0
Q29131,A0
Q29132,A0
Q29133,A0
Q29134,A0
Q29135,A0
Q29136,A0
Q29137,A0
Q29138,A0
Q29139,A0
Q29140,A0
Q29141,A0
Q29142,A0
Q29143,A0
Q29144,A0
Q29145,A0
Q29146,A0
Q29147,A0
Q29148,A0
Q29149,A0
Q29150,A0
Q29151,A0
Q29152,A0
Q29153,A0
Q29154,A0
Q29155,A0
Q29156,A0
Q29157,A0
Q29158,A0
Q29159,A0
Q29160,A0
Q29161,A0
Q29162,A0
Q29163,A0
Q29164,A0
Q29165,A0
Q29166,A0
Q29167,A0
Q29168,A0
Q29169,A0
Q29170,A0
Q29171,A0
Q29172,A0
Q29173,A0
Q29174,A0
Q29175,A0
Q29176,A0
Q29177,A0
Q29178,A0
Q29179,A0
Q29180,A0
Q29181,A0
Q29182,A0
Q29183,A0
Q29184,A0
Q29185,A0
Q29186,A0
Q29187,A0
Q29188,A0
Q29189,A0
Q29190,A0
Q29191,A0
Q29192,A0
Q29193,A0
Q29194,A0
Q29195,A0
Q29196,A0
Q29197,A0
Q29198,A0
Q29199,A0
Q29200,A0
Q29201,A0
Q29202,A0
Q29203,A0
Q29204,A0
Q29205,A0
Q29206,A0
Q29207,A0
Q29208,A0
Q29209,A0
Q29210,A0
Q29211,A0
Q29212,A0
Q29213,A0
Q29214,A0
Q29215,A0
Q29216,A0
Q29217,A0
Q29218,A0
Q29219,A0
Q29220,A0
Q29221,A0
Q29222,A0
Q29223,A0
Q29224,A0
Q29225,A0
Q29226,A0
Q29227,A0
Q29228,A0
Q29229,A0
Q29230,A0
Q29231,A0
Q29232,A0
Q29233,A0
Q29234,A0
Q29235,A0
Q29236,A0
Q29237,A0
Q29238,A0
Q29239,A0
Q29240,A0
Q29241,A0
Q29242,A0
Q29243,A0
Q29244,A0
Q29245,A0
Q29246,A0
Q29247,A0
Q29248,A0
Q29249,A0
Q29250,A0
Q29251,A0
Q29252,A0
Q29253,A0
Q29254,A0
Q29255,A0
Q29256,A0
Q29257,A0
Q29258,A0
Q29259,A0
Q29260,A0
Q29261,A0
Q29262,A0
Q29263,A0
Q29264,A0
Q29265,A0
Q29266,A0
Q29267,A0
Q29268,A0
Q29269,A0
Q29270,A0
Q29271,A0
Q29272,A0
Q29273,A0
Q29274,A0
Q29275,A0
Q29276,A0
Q29277,A0
Q29278,A0
Q29279,A0
Q29280,A0
Q29281,A0
Q29282,A0
Q29283,A0
Q29284,A0
Q29285,A0
Q29286,A0
Q29287,A0
Q29288,A0
Q29289,A0
Q29290,A0
Q29291,A0
Q29292,A0
Q29293,A0
Q29294,A0
Q29295,A0
Q29296,A0
Q29297,A0
Q29298,A0
Q29299,A0
Q29300,A0
Q29301,A0
Q29302,A0
Q29303,A0
Q29304,A0
Q29305,A0
Q29306,A0
Q29307,A0
Q29308,A0
Q29309,A0
Q29310,A0
Q29311,A0
Q29312,A0
Q29313,A0
Q29314,A0
Q29315,A0
Q29316,A0
Q29317,A0
Q29318,A0
Q29319,A0
Q29320,A0
Q29321,A0
Q29322,A0
Q29323,A0
Q29324,A0
Q29325,A0
Q29326,A0
Q29327,A0
Q29328,A0
Q29329,A0
Q29330,A0
Q29331,A0
Q29332,A0
Q29333,A0
Q29334,A0
Q29335,A0
Q29336,A0
Q29337,A0
Q29338,A0
Q29339,A0
Q29340,A0
Q29341,A0
Q29342,A0
Q29343,A0
Q29344,A0
Q29345,A0
Q29346,A0
Q29347,A0
Q29348,A0
Q29349,A0
Q29350,A0
Q29351,A0
Q29352,A0
Q29353,A0
Q29354,A0
Q29355,A0
Q29356,A0
Q29357,A0
Q29358,A0
Q29359,A0
Q29360,A0
Q29361,A0
Q29362,A0
Q29363,A0
Q29364,A0
Q29365,A0
Q29366,A0
Q29367,A0
Q29368,A0
Q29369,A0
Q29370,A0
Q29371,A0
Q29372,A0
Q29373,A0
Q29374,A0
Q29375,A0
Q29376,A0
Q29377,A0
Q29378,A0
Q29379,A0
Q29380,A0
Q29381,A0
Q29382,A0
Q29383,A0
Q29384,A0
Q29385,A0
Q29386,A0
Q29387,A0
Q29388,A0
Q29389,A0
Q29390,A0
Q29391,A0
Q29392,A0
Q29393,A0
Q29394,A0
Q29395,A0
Q29396,A0
Q29397,A0
Q29398,A0
Q29399,A0
Q29400,A0
Q29401,A0
Q29402,A0
Q29403,A0
Q29404,A0
Q29405,A0
Q29406,A0
Q29407,A0
Q29408,A0
Q29409,A0
Q29410,A0
Q29411,A0
Q29412,A0
Q29413,A0
Q29414,A0
Q29415,A0
Q29416,A0
Q29417,A0
Q29418,A0
Q29419,A0
Q29420,A0
Q29421,A0
Q29422,A0
Q29423,A0
Q29424,A0
Q29425,A0
Q29426,A0
Q29427,A0
Q29428,A0
Q29429,A0
Q29430,A0
Q29431,A0
Q29432,A0
Q29433,A0
Q29434,A0
Q29435,A0
Q29436,A0
Q29437,A0
Q29438,A0
Q29439,A0
Q29440,A0
Q29441,A0
Q29442,A0
Q29443,A0
Q29444,A0
Q29445,A0
Q29446,A0
Q29447,A0
Q29448,A0
Q29449,A0
Q29450,A0
Q29451,A0
Q29452,A0
Q29453,A0
Q29454,A0
Q29455,A0
Q29456,A0
Q29457,A0
Q29458,A0
Q29459,A0
Q29460,A0
Q29461,A0
Q29462,A0
Q29463,A0
Q29464,A0
Q29465,A0
Q29466,A0
Q29467,A0
Q29468,A0
Q29469,A0
Q29470,A0
Q29471,A0
Q29472,A0
Q29473,A0
Q29474,A0
Q29475,A0
Q29476,A0
Q29477,A0
Q29478,A0
Q29479,A0
Q29480,A0
Q29481,A0
Q29482,A0
Q29483,A0
Q29484,A0
Q29485,A0
Q29486,A0
Q29487,A0
Q29488,A0
Q29489,A0
Q29490,A0
Q29491,A0
Q29492,A0
Q29493,A0
Q29494,A0
Q29495,A0
Q29496,A0
Q29497,A0
Q29498,A0
Q29499,A0
Q29500,A0
Q29501,A0
Q29502,A0
Q29503,A0
Q29504,A0
Q29505,A0
Q29506,A0
Q29507,A0
Q29508,A0
Q29509,A0
Q29510,A0
Q29511,A0
Q29512,A0
Q29513,A0
Q29514,A0
Q29515,A0
Q29516,A0
Q29517,A0
Q29518,A0
Q29519,A0
Q29520,A0
Q29521,A0
Q29522,A0
Q29523,A0
Q29524,A0
Q29525,A0
Q29526,A0
Q29527,A0
Q29528,A0
Q29529,A0
Q29530,A0
Q29531,A0
Q29532,A0
Q29533,A0
Q29534,A0
Q29535,A0
Q29536,A0
Q29537,A0
Q29538,A0
Q29539,A0
Q29540,A0
Q29541,A0
Q29542,A0
Q29543,A0
Q29544,A0
Q29545,A0
Q29546,A0
Q29547,A0
Q29548,A0
Q29549,A0
Q29550,A0
Q29551,A0
Q29552,A0
Q29553,A0
Q29554,A0
Q29555,A0
Q29556,A0
Q29557,A0
Q29558,A0
Q29559,A0
Q29560,A0
Q29561,A0
Q29562,A0
Q29563,A0
Q29564,A0
Q29565,A0
Q29566,A0
Q29567,A0
Q29568,A0
Q29569,A0
Q29570,A0
Q29571,A0
Q29572,A0
Q29573,A0
Q29574,A0
Q29575,A0
Q29576,A0
Q29577,A0
Q29578,A0
Q29579,A0
Q29580,A0
Q29581,A0
Q29582,A0
Q29583,A0
Q29584,A0
Q29585,A0
Q29586,A0
Q29587,A0
Q29588,A0
Q29589,A0
Q29590,A0
Q29591,A0
Q29592,A0
Q29593,A0
Q29594,A0
Q29595,A0
Q29596,A0
Q29597,A0
Q29598,A0
Q29599,A0
Q29600,A0
Q29601,A0
Q29602,A0
Q29603,A0
Q29604,A0
Q29605,A0
Q29606,A0
Q29607,A0
Q29608,A0
Q29609,A0
Q29610,A0
Q29611,A0
Q29612,A0
Q29613,A0
Q29614,A0
Q29615,A0
Q29616,A0
Q29617,A0
Q29618,A0
Q29619,A0
Q29620,A0
Q29621,A0
Q29622,A0
Q29623,A0
Q29624,A0
Q29625,A0
Q29626,A0
Q29627,A0
Q29628,A0
Q29629,A0
Q29630,A0
Q29631,A0
Q29632,A0
Q29633,A0
Q29634,A0
Q29635,A0
Q29636,A0
Q29637,A0
Q29638,A0
Q29639,A0
Q29640,A0
Q29641,A0
Q29642,A0
Q29643,A0
Q29644,A0
Q29645,A0
Q29646,A0
Q29647,A0
Q29648,A0
Q29649,A0
Q29650,A0
Q29651,A0
Q29652,A0
Q29653,A0
Q29654,A0
Q29655,A0
Q29656,A0
Q29657,A0
Q29658,A0
Q29659,A0
Q29660,A0
Q29661,A0
Q29662,A0
Q29663,A0
Q29664,A0
Q29665,A0
Q29666,A0
Q29667,A0
Q29668,A0
Q29669,A0
Q29670,A0
Q29671,A0
Q29672,A0
Q29673,A0
Q29674,A0
Q29675,A0
Q29676,A0
Q29677,A0
Q29678,A0
Q29679,A0
Q29680,A0
Q29681,A0
Q29682,A0
Q29683,A0
Q29684,A0
Q29685,A0
Q29686,A0
Q29687,A0
Q29688,A0
Q29689,A0
Q29690,A0
Q29691,A0
Q29692,A0
Q29693,A0
Q29694,A0
Q29695,A0
Q29696,A0
Q29697,A0
Q29698,A0
Q29699,A0
Q29700,A0
Q29701,A0
Q29702,A0
Q29703,A0
Q29704,A0
Q29705,A0
Q29706,A0
Q29707,A0
Q29708,A0
Q29709,A0
Q29710,A0
Q29711,A0
Q29712,A0
Q29713,A0
Q29714,A0
Q29715,A0
Q29716,A0
Q29717,A0
Q29718,A0
Q29719,A0
Q29720,A0
Q29721,A0
Q29722,A0
Q29723,A0
Q29724,A0
Q29725,A0
Q29726,A0
Q29727,A0
Q29728,A0
Q29729,A0
Q29730,A0
Q29731,A0
Q29732,A0
Q29733,A0
Q29734,A0
Q29735,A0
Q29736,A0
Q29737,A0
Q29738,A0
Q29739,A0
Q29740,A0
Q29741,A0
Q29742,A0
Q29743,A0
Q29744,A0
Q29745,A0
Q29746,A0
Q29747,A0
Q29748,A0
Q29749,A0
Q29750,A0
Q29751,A0
Q29752,A0
Q29753,A0
Q29754,A0
Q29755,A0
Q29756,A0
Q29757,A0
Q29758,A0
Q29759,A0
Q29760,A0
Q29761,A0
Q29762,A0
Q29763,A0
Q29764,A0
Q29765,A0
Q29766,A0
Q29767,A0
Q29768,A0
Q29769,A0
Q29770,A0
Q29771,A0
Q29772,A0
Q29773,A0
Q29774,A0
Q29775,A0
Q29776,A0
Q29777,A0
Q29778,A0
Q29779,A0
Q29780,A0
Q29781,A0
Q29782,A0
Q29783,A0
Q29784,A0
Q29785,A0
Q29786,A0
Q29787,A0
Q29788,A0
Q29789,A0
Q29790,A0
Q29791,A0
Q29792,A0
Q29793,A0
Q29794,A0
Q29795,A0
Q29796,A0
Q29797,A0
Q29798,A0
Q29799,A0
Q29800,A0
Q29801,A0
Q29802,A0
Q29803,A0
Q29804,A0
Q29805,A0
Q29806,A0
Q29807,A0
Q29808,A0
Q29809,A0
Q29810,A0
Q29811,A0
Q29812,A0
Q29813,A0
Q29814,A0
Q29815,A0
Q29816,A0
Q29817,A0
Q29818,A0
Q29819,A0
Q29820,A0
Q29821,A0
Q29822,A0
Q29823,A0
Q29824,A0
Q29825,A0
Q29826,A0
Q29827,A0
Q29828,A0
Q29829,A0
Q29830,A0
Q29831,A0
Q29832,A0
Q29833,A0
Q29834,A0
Q29835,A0
Q29836,A0
Q29837,A0
Q29838,A0
Q29839,A0
Q29840,A0
Q29841,A0
Q29842,A0
Q29843,A0
Q29844,A0
Q29845,A0
Q29846,A0
Q29847,A0
Q29848,A0
Q29849,A0
Q29850,A0
Q29851,A0
Q29852,A0
Q29853,A0
Q29854,A0
Q29855,A0
Q29856,A0
Q29857,A0
Q29858,A0
Q29859,A0
Q29860,A0
Q29861,A0
Q29862,A0
Q29863,A0
Q29864,A0
Q29865,A0
Q29866,A0
Q29867,A0
Q29868,A0
Q29869,A0
Q29870,A0
Q29871,A0
Q29872,A0
Q29873,A0
Q29874,A0
Q29875,A0
Q29876,A0
Q29877,A0
Q29878,A0
Q29879,A0
Q29880,A0
Q29881,A0
Q29882,A0
Q29883,A0
Q29884,A0
Q29885,A0
Q29886,A0
Q29887,A0
Q29888,A0
Q29889,A0
Q29890,A0
Q29891,A0
Q29892,A0
Q29893,A0
Q29894,A0
Q29895,A0
Q29896,A0
Q29897,A0
Q29898,A0
Q29899,A0
Q29900,A0
Q29901,A0
Q29902,A0
Q29903,A0
Q29904,A0
Q29905,A0
Q29906,A0
Q29907,A0
Q29908,A0
Q29909,A0
Q29910,A0
Q29911,A0
Q29912,A0
Q29913,A0
Q29914,A0
Q29915,A0
Q29916,A0
Q29917,A0
Q29918,A0
Q29919,A0
Q29920,A0
Q29921,A0
Q29922,A0
Q29923,A0
Q29924,A0
Q29925,A0
Q29926,A0
Q29927,A0
Q29928,A0
Q29929,A0
Q29930,A0
Q29931,A0
Q29932,A0
Q29933,A0
Q29934,A0
Q29935,A0
Q29936,A0
Q29937,A0
Q29938,A0
Q29939,A0
Q29940,A0
Q29941,A0
Q29942,A0
Q29943,A0
Q29944,A0
Q29945,A0
Q29946,A0
Q29947,A0
Q29948,A0
Q29949,A0
Q29950,A0
Q29951,A0
Q29952,A0
Q29953,A0
Q29954,A0
Q29955,A0
Q29956,A0
Q29957,A0
Q29958,A0
Q29959,A0
Q29960,A0
Q29961,A0
Q29962,A0
Q29963,A0
Q29964,A0
Q29965,A0
Q29966,A0
Q29967,A0
Q29968,A0
Q29969,A0
Q29970,A0
Q29971,A0
Q29972,A0
Q29973,A0
Q29974,A0
Q29975,A0
Q29976,A0
Q29977,A0
Q29978,A0
Q29979,A0
Q29980,A0
Q29981,A0
Q29982,A0
Q29983,A0
Q29984,A0
Q29985,A0
Q29986,A0
Q29987,A0
Q29988,A0
Q29989,A0
Q29990,A0
Q29991,A0
Q29992,A0
Q29993,A0
Q29994,A0
Q29995,A0
Q29996,A0
Q29997,A0
Q29998,A0
Q29999,A0
Q30000,A0
Q30001,A0
Q30002,A0
Q30003,A0
Q30004,A0
Q30005,A0
Q30006,A0
Q30007,A0
Q30008,A0
Q30009,A0
Q30010,A0
Q30011,A0
Q30012,A0
Q30013,A0
Q30014,A0
Q30015,A0
Q30016,A0
Q30017,A0
Q30018,A0
Q30019,A0
Q30020,A0
Q30021,A0
Q30022,A0
Q30023,A0
Q30024,A0
Q30025,A0
Q30026,A0
Q30027,A0
Q30028,A0
Q30029,A0
Q30030,A0
Q30031,A0
Q30032,A0
Q30033,A0
Q30034,A0
Q30035,A0
Q30036,A0
Q30037,A0
Q30038,A0
Q30039,A0
Q30040,A0
Q30041,A0
Q30042,A0
Q30043,A0
Q30044,A0
Q30045,A0
Q30046,A0
Q30047,A0
Q30048,A0
Q30049,A0
Q30050,A0
Q30051,A0
Q30052,A0
Q30053,A0
Q30054,A0
Q30055,A0
Q30056,A0
Q30057,A0
Q30058,A0
Q30059,A0
Q30060,A0
Q30061,A0
Q30062,A0
Q30063,A0
Q30064,A0
Q30065,A0
Q30066,A0
Q30067,A0
Q30068,A0
Q30069,A0
Q30070,A0
Q30071,A0
Q30072,A0
Q30073,A0
Q30074,A0
Q30075,A0
Q30076,A0
Q30077,A0
Q30078,A0
Q30079,A0
Q30080,A0
Q30081,A0
Q30082,A0
Q30083,A0
Q30084,A0
Q30085,A0
Q30086,A0
Q30087,A0
Q30088,A0
Q30089,A0
Q30090,A0
Q30091,A0
Q30092,A0
Q30093,A0
Q30094,A0
Q30095,A0
Q30096,A0
Q30097,A0
Q30098,A0
Q30099,A0
Q30100,A0
Q30101,A0
Q30102,A0
Q30103,A0
Q30104,A0
Q30105,A0
Q30106,A0
Q30107,A0
Q30108,A0
Q30109,A0
Q30110,A0
Q30111,A0
Q30112,A0
Q30113,A0
Q30114,A0
Q30115,A0
Q30116,A0
Q30117,A0
Q30118,A0
Q30119,A0
Q30120,A0
Q30121,A0
Q30122,A0
Q30123,A0
Q30124,A0
Q30125,A0
Q30126,A0
Q30127,A0
Q30128,A0
Q30129,A0
Q30130,A0
Q30131,A0
Q30132,A0
Q30133,A0
Q30134,A0
Q30135,A0
Q30136,A0
Q30137,A0
Q30138,A0
Q30139,A0
Q30140,A0
Q30141,A0
Q30142,A0
Q30143,A0
Q30144,A0
Q30145,A0
Q30146,A0
Q30147,A0
Q30148,A0
Q30149,A0
Q30150,A0
Q30151,A0
Q30152,A0
Q30153,A0
Q30154,A0
Q30155,A0
Q30156,A0
Q30157,A0
Q30158,A0
Q30159,A0
Q30160,A0
Q30161,A0
Q30162,A0
Q30163,A0
Q30164,A0
Q30165,A0
Q30166,A0
Q30167,A0
Q30168,A0
Q30169,A0
Q30170,A0
Q30171,A0
Q30172,A0
Q30173,A0
Q30174,A0
Q30175,A0
Q30176,A0
Q30177,A0
Q30178,A0
Q30179,A0
Q30180,A0
Q30181,A0
Q30182,A0
Q30183,A0
Q30184,A0
Q30185,A0
Q30186,A0
Q30187,A0
Q30188,A0
Q30189,A0
Q30190,A0
Q30191,A0
Q30192,A0
Q30193,A0
Q30194,A0
Q30195,A0
Q30196,A0
Q30197,A0
Q30198,A0
Q30199,A0
Q30200,A0
Q30201,A0
Q30202,A0
Q30203,A0
Q30204,A0
Q30205,A0
Q30206,A0
Q30207,A0
Q30208,A0
Q30209,A0
Q30210,A0
Q30211,A0
Q30212,A0
Q30213,A0
Q30214,A0
Q30215,A0
Q30216,A0
Q30217,A0
Q30218,A0
Q30219,A0
Q30220,A0
Q30221,A0
Q30222,A0
Q30223,A0
Q30224,A0
Q30225,A0
Q30226,A0
Q30227,A0
Q30228,A0
Q30229,A0
Q30230,A0
Q30231,A0
Q30232,A0
Q30233,A0
Q30234,A0
Q30235,A0
Q30236,A0
Q30237,A0
Q30238,A0
Q30239,A0
Q30240,A0
Q30241,A0
Q30242,A0
Q30243,A0
Q30244,A0
Q30245,A0
Q30246,A0
Q30247,A0
Q30248,A0
Q30249,A0
Q30250,A0
Q30251,A0
Q30252,A0
Q30253,A0
Q30254,A0
Q30255,A0
Q30256,A0
Q30257,A0
Q30258,A0
Q30259,A0
Q30260,A0
Q30261,A0
Q30262,A0
Q30263,A0
Q30264,A0
Q30265,A0
Q30266,A0
Q30267,A0
Q30268,A0
Q30269,A0
Q30270,A0
Q30271,A0
Q30272,A0
Q30273,A0
Q30274,A0
Q30275,A0
Q30276,A0
Q30277,A0
Q30278,A0
Q30279,A0
Q30280,A0
Q30281,A0
Q30282,A0
Q30283,A0
Q30284,A0
Q30285,A0
Q30286,A0
Q30287,A0
Q30288,A0
Q30289,A0
Q30290,A0
Q30291,A0
Q30292,A0
Q30293,A0
Q30294,A0
Q30295,A0
Q30296,A0
Q30297,A0
Q30298,A0
Q30299,A0
Q30300,A0
Q30301,A0
Q30302,A0
Q30303,A0
Q30304,A0
Q30305,A0
Q30306,A0
Q30307,A0
Q30308,A0
Q30309,A0
Q30310,A0
Q30311,A0
Q30312,A0
Q30313,A0
Q30314,A0
Q30315,A0
Q30316,A0
Q30317,A0
Q30318,A0
Q30319,A0
Q30320,A0
Q30321,A0
Q30322,A0
Q30323,A0
Q30324,A0
Q30325,A0
Q30326,A0
Q30327,A0
Q30328,A0
Q30329,A0
Q30330,A0
Q30331,A0
Q30332,A0
Q30333,A0
Q30334,A0
Q30335,A0
Q30336,A0
Q30337,A0
Q30338,A0
Q30339,A0
Q30340,A0
Q30341,A0
Q30342,A0
Q30343,A0
Q30344,A0
Q30345,A0
Q30346,A0
Q30347,A0
Q30348,A0
Q30349,A0
Q30350,A0
Q30351,A0
Q30352,A0
Q30353,A0
Q30354,A0
Q30355,A0
Q30356,A0
Q30357,A0
Q30358,A0
Q30359,A0
Q30360,A0
Q30361,A0
Q30362,A0
Q30363,A0
Q30364,A0
Q30365,A0
Q30366,A0
Q30367,A0
Q30368,A0
Q30369,A0
Q30370,A0
Q30371,A0
Q30372,A0
Q30373,A0
Q30374,A0
Q30375,A0
Q30376,A0
Q30377,A0
Q30378,A0
Q30379,A0
Q30380,A0
Q30381,A0
Q30382,A0
Q30383,A0
Q30384,A0
Q30385,A0
Q30386,A0
Q30387,A0
Q30388,A0
Q30389,A0
Q30390,A0
Q30391,A0
Q30392,A0
Q30393,A0
Q30394,A0
Q30395,A0
Q30396,A0
Q30397,A0
Q30398,A0
Q30399,A0
Q30400,A0
Q30401,A0
Q30402,A0
Q30403,A0
Q30404,A0
Q30405,A0
Q30406,A0
Q30407,A0
Q30408,A0
Q30409,A0
Q30410,A0
Q30411,A0
Q30412,A0
Q30413,A0
Q30414,A0
Q30415,A0
Q30416,A0
Q30417,A0
Q30418,A0
Q30419,A0
Q30420,A0
Q30421,A0
Q30422,A0
Q30423,A0
Q30424,A0
Q30425,A0
Q30426,A0
Q30427,A0
Q30428,A0
Q30429,A0
Q30430,A0
Q30431,A0
Q30432,A0
Q30433,A0
Q30434,A0
Q30435,A0
Q30436,A0
Q30437,A0
Q30438,A0
Q30439,A0
Q30440,A0
Q30441,A0
Q30442,A0
Q30443,A0
Q30444,A0
Q30445,A0
Q30446,A0
Q30447,A0
Q30448,A0
Q30449,A0
Q30450,A0
Q30451,A0
Q30452,A0
Q30453,A0
Q30454,A0
Q30455,A0
Q30456,A0
Q30457,A0
Q30458,A0
Q30459,A0
Q30460,A0
Q30461,A0
Q30462,A0
Q30463,A0
Q30464,A0
Q30465,A0
Q30466,A0
Q30467,A0
Q30468,A0
Q30469,A0
Q30470,A0
Q30471,A0
Q30472,A0
Q30473,A0
Q30474,A0
Q30475,A0
Q30476,A0
Q30477,A0
Q30478,A0
Q30479,A0
Q30480,A0
Q30481,A0
Q30482,A0
Q30483,A0
Q30484,A0
Q30485,A0
Q30486,A0
Q30487,A0
Q30488,A0
Q30489,A0
Q30490,A0
Q30491,A0
Q30492,A0
Q30493,A0
Q30494,A0
Q30495,A0
Q30496,A0
Q30497,A0
Q30498,A0
Q30499,A0
Q30500,A0
Q30501,A0
Q30502,A0
Q30503,A0
Q30504,A0
Q30505,A0
Q30506,A0
Q30507,A0
Q30508,A0
Q30509,A0
Q30510,A0
Q30511,A0
Q30512,A0
Q30513,A0
Q30514,A0
Q30515,A0
Q30516,A0
Q30517,A0
Q30518,A0
Q30519,A0
Q30520,A0
Q30521,A0
Q30522,A0
Q30523,A0
Q30524,A0
Q30525,A0
Q30526,A0
Q30527,A0
Q30528,A0
Q30529,A0
Q30530,A0
Q30531,A0
Q30532,A0
Q30533,A0
Q30534,A0
Q30535,A0
Q30536,A0
Q30537,A0
Q30538,A0
Q30539,A0
Q30540,A0
Q30541,A0
Q30542,A0
Q30543,A0
Q30544,A0
Q30545,A0
Q30546,A0
Q30547,A0
Q30548,A0
Q30549,A0
Q30550,A0
Q30551,A0
Q30552,A0
Q30553,A0
Q30554,A0
Q30555,A0
Q30556,A0
Q30557,A0
Q30558,A0
Q30559,A0
Q30560,A0
Q30561,A0
Q30562,A0
Q30563,A0
Q30564,A0
Q30565,A0
Q30566,A0
Q30567,A0
Q30568,A0
Q30569,A0
Q30570,A0
Q30571,A0
Q30572,A0
Q30573,A0
Q30574,A0
Q30575,A0
Q30576,A0
Q30577,A0
Q30578,A0
Q30579,A0
Q30580,A0
Q30581,A0
Q30582,A0
Q30583,A0
Q30584,A0
Q30585,A0
Q30586,A0
Q30587,A0
Q30588,A0
Q30589,A0
Q30590,A0
Q30591,A0
Q30592,A0
Q30593,A0
Q30594,A0
Q30595,A0
Q30596,A0
Q30597,A0
Q30598,A0
Q30599,A0
Q30600,A0
Q30601,A0
Q30602,A0
Q30603,A0
Q30604,A0
Q30605,A0
Q30606,A0
Q30607,A0
Q30608,A0
Q30609,A0
Q30610,A0
Q30611,A0
Q30612,A0
Q30613,A0
Q30614,A0
Q30615,A0
Q30616,A0
Q30617,A0
Q30618,A0
Q30619,A0
Q30620,A0
Q30621,A0
Q30622,A0
Q30623,A0
Q30624,A0
Q30625,A0
Q30626,A0
Q30627,A0
Q30628,A0
Q30629,A0
Q30630,A0
Q30631,A0
Q30632,A0
Q30633,A0
Q30634,A0
Q30635,A0
Q30636,A0
Q30637,A0
Q30638,A0
Q30639,A0
Q30640,A0
Q30641,A0
Q30642,A0
Q30643,A0
Q30644,A0
Q30645,A0
Q30646,A0
Q30647,A0
Q30648,A0
Q30649,A0
Q30650,A0
Q30651,A0
Q30652,A0
Q30653,A0
Q30654,A0
Q30655,A0
Q30656,A0
Q30657,A0
Q30658,A0
Q30659,A0
Q30660,A0
Q30661,A0
Q30662,A0
Q30663,A0
Q30664,A0
Q30665,A0
Q30666,A0
Q30667,A0
Q30668,A0
Q30669,A0
Q30670,A0
Q30671,A0
Q30672,A0
Q30673,A0
Q30674,A0
Q30675,A0
Q30676,A0
Q30677,A0
Q30678,A0
Q30679,A0
Q30680,A0
Q30681,A0
Q30682,A0
Q30683,A0
Q30684,A0
Q30685,A0
Q30686,A0
Q30687,A0
Q30688,A0
Q30689,A0
Q30690,A0
Q30691,A0
Q30692,A0
Q30693,A0
Q30694,A0
Q30695,A0
Q30696,A0
Q30697,A0
Q30698,A0
Q30699,A0
Q30700,A0
Q30701,A0
Q30702,A0
Q30703,A0
Q30704,A0
Q30705,A0
Q30706,A0
Q30707,A0
Q30708,A0
Q30709,A0
Q30710,A0
Q30711,A0
Q30712,A0
Q30713,A0
Q30714,A0
Q30715,A0
Q30716,A0
Q30717,A0
Q30718,A0
Q30719,A0
Q30720,A0
Q30721,A0
Q30722,A0
Q30723,A0
Q30724,A0
Q30725,A0
Q30726,A0
Q30727,A0
Q30728,A0
Q30729,A0
Q30730,A0
Q30731,A0
Q30732,A0
Q30733,A0
Q30734,A0
Q30735,A0
Q30736,A0
Q30737,A0
Q30738,A0
Q30739,A0
Q30740,A0
Q30741,A0
Q30742,A0
Q30743,A0
Q30744,A0
Q30745,A0
Q30746,A0
Q30747,A0
Q30748,A0
Q30749,A0
Q30750,A0
Q30751,A0
Q30752,A0
Q30753,A0
Q30754,A0
Q30755,A0
Q30756,A0
Q30757,A0
Q30758,A0
Q30759,A0
Q30760,A0
Q30761,A0
Q30762,A0
Q30763,A0
Q30764,A0
Q30765,A0
Q30766,A0
Q30767,A0
Q30768,A0
Q30769,A0
Q30770,A0
Q30771,A0
Q30772,A0
Q30773,A0
Q30774,A0
Q30775,A0
Q30776,A0
Q30777,A0
Q30778,A0
Q30779,A0
Q30780,A0
Q30781,A0
Q30782,A0
Q30783,A0
Q30784,A0
Q30785,A0
Q30786,A0
Q30787,A0
Q30788,A0
Q30789,A0
Q30790,A0
Q30791,A0
Q30792,A0
Q30793,A0
Q30794,A0
Q30795,A0
Q30796,A0
Q30797,A0
Q30798,A0
Q30799,A0
Q30800,A0
Q30801,A0
Q30802,A0
Q30803,A0
Q30804,A0
Q30805,A0
Q30806,A0
Q30807,A0
Q30808,A0
Q30809,A0
Q30810,A0
Q30811,A0
Q30812,A0
Q30813,A0
Q30814,A0
Q30815,A0
Q30816,A0
Q30817,A0
Q30818,A0
Q30819,A0
Q30820,A0
Q30821,A0
Q30822,A0
Q30823,A0
Q30824,A0
Q30825,A0
Q30826,A0
Q30827,A0
Q30828,A0
Q30829,A0
Q30830,A0
Q30831,A0
Q30832,A0
Q30833,A0
Q30834,A0
Q30835,A0
Q30836,A0
Q30837,A0
Q30838,A0
Q30839,A0
Q30840,A0
Q30841,A0
Q30842,A0
Q30843,A0
Q30844,A0
Q30845,A0
Q30846,A0
Q30847,A0
Q30848,A0
Q30849,A0
Q30850,A0
Q30851,A0
Q30852,A0
Q30853,A0
Q30854,A0
Q30855,A0
Q30856,A0
Q30857,A0
Q30858,A0
Q30859,A0
Q30860,A0
Q30861,A0
Q30862,A0
Q30863,A0
Q30864,A0
Q30865,A0
Q30866,A0
Q30867,A0
Q30868,A0
Q30869,A0
Q30870,A0
Q30871,A0
Q30872,A0
Q30873,A0
Q30874,A0
Q30875,A0
Q30876,A0
Q30877,A0
Q30878,A0
Q30879,A0
Q30880,A0
Q30881,A0
Q30882,A0
Q30883,A0
Q30884,A0
Q30885,A0
Q30886,A0
Q30887,A0
Q30888,A0
Q30889,A0
Q30890,A0
Q30891,A0
Q30892,A0
Q30893,A0
Q30894,A0
Q30895,A0
Q30896,A0
Q30897,A0
Q30898,A0
Q30899,A0
Q30900,A0
Q30901,A0
Q30902,A0
Q30903,A0
Q30904,A0
Q30905,A0
Q30906,A0
Q30907,A0
Q30908,A0
Q30909,A0
Q30910,A0
Q30911,A0
Q30912,A0
Q30913,A0
Q30914,A0
Q30915,A0
Q30916,A0
Q30917,A0
Q30918,A0
Q30919,A0
Q30920,A0
Q30921,A0
Q30922,A0
Q30923,A0
Q30924,A0
Q30925,A0
Q30926,A0
Q30927,A0
Q30928,A0
Q30929,A0
Q30930,A0
Q30931,A0
Q30932,A0
Q30933,A0
Q30934,A0
Q30935,A0
Q30936,A0
Q30937,A0
Q30938,A0
Q30939,A0
Q30940,A0
Q30941,A0
Q30942,A0
Q30943,A0
Q30944,A0
Q30945,A0
Q30946,A0
Q30947,A0
Q30948,A0
Q30949,A0
Q30950,A0
Q30951,A0
Q30952,A0
Q30953,A0
Q30954,A0
Q30955,A0
Q30956,A0
Q30957,A0
Q30958,A0
Q30959,A0
Q30960,A0
Q30961,A0
Q30962,A0
Q30963,A0
Q30964,A0
Q30965,A0
Q30966,A0
Q30967,A0
Q30968,A0
Q30969,A0
Q30970,A0
Q30971,A0
Q30972,A0
Q30973,A0
Q30974,A0
Q30975,A0
Q30976,A0
Q30977,A0
Q30978,A0
Q30979,A0
Q30980,A0
Q30981,A0
Q30982,A0
Q30983,A0
Q30984,A0
Q30985,A0
Q30986,A0
Q30987,A0
Q30988,A0
Q30989,A0
Q30990,A0
Q30991,A0
Q30992,A0
Q30993,A0
Q30994,A0
Q30995,A0
Q30996,A0
Q30997,A0
Q30998,A0
Q30999,A0
Q31000,A0
Q31001,A0
Q31002,A0
Q31003,A0
Q31004,A0
Q31005,A0
Q31006,A0
Q31007,A0
Q31008,A0
Q31009,A0
Q31010,A0
Q31011,A0
Q31012,A0
Q31013,A0
Q31014,A0
Q31015,A0
Q31016,A0
Q31017,A0
Q31018,A0
Q31019,A0
Q31020,A0
Q31021,A0
Q31022,A0
Q31023,A0
Q31024,A0
Q31025,A0
Q31026,A0
Q31027,A0
Q31028,A0
Q31029,A0
Q31030,A0
Q31031,A0
Q31032,A0
Q31033,A0
Q31034,A0
Q31035,A0
Q31036,A0
Q31037,A0
Q31038,A0
Q31039,A0
Q31040,A0
Q31041,A0
Q31042,A0
Q31043,A0
Q31044,A0
Q31045,A0
Q31046,A0
Q31047,A0
Q31048,A0
Q31049,A0
Q31050,A0
Q31051,A0
Q31052,A0
Q31053,A0
Q31054,A0
Q31055,A0
Q31056,A0
Q31057,A0
Q31058,A0
Q31059,A0
Q31060,A0
Q31061,A0
Q31062,A0
Q31063,A0
Q31064,A0
Q31065,A0
Q31066,A0
Q31067,A0
Q31068,A0
Q31069,A0
Q31070,A0
Q31071,A0
Q31072,A0
Q31073,A0
Q31074,A0
Q31075,A0
Q31076,A0
Q31077,A0
Q31078,A0
Q31079,A0
Q31080,A0
Q31081,A0
Q31082,A0
Q31083,A0
Q31084,A0
Q31085,A0
Q31086,A0
Q31087,A0
Q31088,A0
Q31089,A0
Q31090,A0
Q31091,A0
Q31092,A0
Q31093,A0
Q31094,A0
Q31095,A0
Q31096,A0
Q31097,A0
Q31098,A0
Q31099,A0
Q31100,A0
Q31101,A0
Q31102,A0
Q31103,A0
Q31104,A0
Q31105,A0
Q31106,A0
Q31107,A0
Q31108,A0
Q31109,A0
Q31110,A0
Q31111,A0
Q31112,A0
Q31113,A0
Q31114,A0
Q31115,A0
Q31116,A0
Q31117,A0
Q31118,A0
Q31119,A0
Q31120,A0
Q31121,A0
Q31122,A0
Q31123,A0
Q31124,A0
Q31125,A0
Q31126,A0
Q31127,A0
Q31128,A0
Q31129,A0
Q31130,A0
Q31131,A0
Q31132,A0
Q31133,A0
Q31134,A0
Q31135,A0
Q31136,A0
Q31137,A0
Q31138,A0
Q31139,A0
Q31140,A0
Q31141,A0
Q31142,A0
Q31143,A0
Q31144,A0
Q31145,A0
Q31146,A0
Q31147,A0
Q31148,A0
Q31149,A0
Q31150,A0
Q31151,A0
Q31152,A0
Q31153,A0
Q31154,A0
Q31155,A0
Q31156,A0
Q31157,A0
Q31158,A0
Q31159,A0
Q31160,A0
Q31161,A0
Q31162,A0
Q31163,A0
Q31164,A0
Q31165,A0
Q31166,A0
Q31167,A0
Q31168,A0
Q31169,A0
Q31170,A0
Q31171,A0
Q31172,A0
Q31173,A0
Q31174,A0
Q31175,A0
Q31176,A0
Q31177,A0
Q31178,A0
Q31179,A0
Q31180,A0
Q31181,A0
Q31182,A0
Q31183,A0
Q31184,A0
Q31185,A0
Q31186,A0
Q31187,A0
Q31188,A0
Q31189,A0
Q31190,A0
Q31191,A0
Q31192,A0
Q31193,A0
Q31194,A0
Q31195,A0
Q31196,A0
Q31197,A0
Q31198,A0
Q31199,A0
Q31200,A0
Q31201,A0
Q31202,A0
Q31203,A0
Q31204,A0
Q31205,A0
Q31206,A0
Q31207,A0
Q31208,A0
Q31209,A0
Q31210,A0
Q31211,A0
Q31212,A0
Q31213,A0
Q31214,A0
Q31215,A0
Q31216,A0
Q31217,A0
Q31218,A0
Q31219,A0
Q31220,A0
Q31221,A0
Q31222,A0
Q31223,A0
Q31224,A0
Q31225,A0
Q31226,A0
Q31227,A0
Q31228,A0
Q31229,A0
Q31230,A0
Q31231,A0
Q31232,A0
Q31233,A0
Q31234,A0
Q31235,A0
Q31236,A0
Q31237,A0
Q31238,A0
Q31239,A0
Q31240,A0
Q31241,A0
Q31242,A0
Q31243,A0
Q31244,A0
Q31245,A0
Q31246,A0
Q31247,A0
Q31248,A0
Q31249,A0
Q31250,A0
Q31251,A0
Q31252,A0
Q31253,A0
Q31254,A0
Q31255,A0
Q31256,A0
Q31257,A0
Q31258,A0
Q31259,A0
Q31260,A0
Q31261,A0
Q31262,A0
Q31263,A0
Q31264,A0
Q31265,A0
Q31266,A0
Q31267,A0
Q31268,A0
Q31269,A0
Q31270,A0
Q31271,A0
Q31272,A0
Q31273,A0
Q31274,A0
Q31275,A0
Q31276,A0
Q31277,A0
Q31278,A0
Q31279,A0
Q31280,A0
Q31281,A0
Q31282,A0
Q31283,A0
Q31284,A0
Q31285,A0
Q31286,A0
Q31287,A0
Q31288,A0
Q31289,A0
Q31290,A0
Q31291,A0
Q31292,A0
Q31293,A0
Q31294,A0
Q31295,A0
Q31296,A0
Q31297,A0
Q31298,A0
Q31299,A0
Q31300,A0
Q31301,A0
Q31302,A0
Q31303,A0
Q31304,A0
Q31305,A0
Q31306,A0
Q31307,A0
Q31308,A0
Q31309,A0
Q31310,A0
Q31311,A0
Q31312,A0
Q31313,A0
Q31314,A0
Q31315,A0
Q31316,A0
Q31317,A0
Q31318,A0
Q31319,A0
Q31320,A0
Q31321,A0
Q31322,A0
Q31323,A0
Q31324,A0
Q31325,A0
Q31326,A0
Q31327,A0
Q31328,A0
Q31329,A0
Q31330,A0
Q31331,A0
Q31332,A0
Q31333,A0
Q31334,A0
Q31335,A0
Q31336,A0
Q31337,A0
Q31338,A0
Q31339,A0
Q31340,A0
Q31341,A0
Q31342,A0
Q31343,A0
Q31344,A0
Q31345,A0
Q31346,A0
Q31347,A0
Q31348,A0
Q31349,A0
Q31350,A0
Q31351,A0
Q31352,A0
Q31353,A0
Q31354,A0
Q31355,A0
Q31356,A0
Q31357,A0
Q31358,A0
Q31359,A0
Q31360,A0
Q31361,A0
Q31362,A0
Q31363,A0
Q31364,A0
Q31365,A0
Q31366,A0
Q31367,A0
Q31368,A0
Q31369,A0
Q31370,A0
Q31371,A0
Q31372,A0
Q31373,A0
Q31374,A0
Q31375,A0
Q31376,A0
Q31377,A0
Q31378,A0
Q31379,A0
Q31380,A0
Q31381,A2
Q31382,A2
Q31383,A2
Q31384,A2
Q31385,A2
Q31386,A2
Q31387,A2
Q31388,A2
Q31389,A2
Q31390,A2
Q31391,A2
Q31392,A2
Q31393,A2
Q31394,A2
Q31395,A2
Q31396,A2
Q31397,A2
Q31398,A2
Q31399,A2
Q31400,A2
Q31401,A2
Q31402,A2
Q31403,A2
Q31404,A2
Q31405,A2
Q31406,A2
Q31407,A2
Q31408,A2
Q31409,A2
Q31410,A2
Q31411,A2
Q31412,A2
Q31413,A2
Q31414,A2
Q31415,A2
Q31416,A2
Q31417,A2
Q31418,A2
Q31419,A2
Q31420,A2
Q31421,A2
Q31422,A2
Q31423,A2
Q31424,A2
Q31425,A2
Q31426,A2
Q31427,A2
Q31428,A2
Q31429,A2
Q31430,A2
Q31431,A2
Q31432,A2
Q31433,A2
Q31434,A2
Q31435,A2
Q31436,A2
Q31437,A2
Q31438,A2
Q31439,A2
Q31440,A2
Q31441,A2
Q31442,A2
Q31443,A2
Q31444,A2
Q31445,A2
Q31446,A2
Q31447,A2
Q31448,A2
Q31449,A2
Q31450,A2
Q31451,A2
Q31452,A2
Q31453,A2
Q31454,A2
Q31455,A2
Q31456,A2
Q31457,A2
Q31458,A2
Q31459,A2
Q31460,A2
Q31461,A2
Q31462,A2
Q31463,A2
Q31464,A2
Q31465,A2
Q31466,A2
Q31467,A2
Q31468,A2
Q31469,A2
Q31470,A2
Q31471,A2
Q31472,A2
Q31473,A2
Q31474,A2
Q31475,A2
Q31476,A2
Q31477,A2
Q31478,A2
Q31479,A2
Q31480,A2
Q31481,A2
Q31482,A2
Q31483,A2
Q31484,A2
Q31485,A2
Q31486,A2
Q31487,A2
Q31488,A2
Q31489,A2
Q31490,A2
Q31491,A2
Q31492,A2
Q31493,A2
Q31494,A2
Q31495,A2
Q31496,A2
Q31497,A2
Q31498,A2
Q31499,A2
Q31500,A2
Q31501,A2
Q31502,A2
Q31503,A2
Q31504,A2
Q31505,A2
Q31506,A2
Q31507,A2
Q31508,A2
Q31509,A2
Q31510,A2
Q31511,A2
Q31512,A2
Q31513,A2
Q31514,A2
Q31515,A2
Q31516,A2
Q31517,A2
Q31518,A2
Q31519,A2
Q31520,A2
Q31521,A2
Q31522,A2
Q31523,A2
Q31524,A2
Q31525,A2
Q31526,A2
Q31527,A2
Q31528,A2
Q31529,A2
Q31530,A2
Q31531,A2
Q31532,A2
Q31533,A2
Q31534,A2
Q31535,A2
Q31536,A2
Q31537,A2
Q31538,A2
Q31539,A2
Q31540,A2
Q31541,A2
Q31542,A2
Q31543,A2
Q31544,A2
Q31545,A2
Q31546,A2
Q31547,A2
Q31548,A2
Q31549,A2
Q31550,A2
Q31551,A2
Q31552,A2
Q31553,A2
Q31554,A2
Q31555,A2
Q31556,A2
Q31557,A2
Q31558,A2
Q31559,A2
Q31560,A2
Q31561,A2
Q31562,A2
Q31563,A2
Q31564,A2
Q31565,A2
Q31566,A2
Q31567,A2
Q31568,A2
Q31569,A2
Q31570,A2
Q31571,A2
Q31572,A2
Q31573,A2
Q31574,A2
Q31575,A2
Q31576,A2
Q31577,A2
Q31578,A2
Q31579,A2
Q31580,A2
Q31581,A2
Q31582,A2
Q31583,A2
Q31584,A2
Q31585,A2
Q31586,A2
Q31587,A2
Q31588,A2
Q31589,A2
Q31590,A2
Q31591,A2
Q31592,A2
Q31593,A2
Q31594,A2
Q31595,A2
Q31596,A2
Q31597,A2
Q31598,A2
Q31599,A2
Q31600,A2
Q31601,A2
Q31602,A2
Q31603,A2
Q31604,A2
Q31605,A2
Q31606,A2
Q31607,A2
Q31608,A2
Q31609,A2
Q31610,A2
Q31611,A2
Q31612,A2
Q31613,A2
Q31614,A2
Q31615,A2
Q31616,A2
Q31617,A2
Q31618,A2
Q31619,A2
Q31620,A2
Q31621,A2
Q31622,A2
Q31623,A2
Q31624,A2
Q31625,A2
Q31626,A2
Q31627,A2
Q31628,A2
Q31629,A2
Q31630,A2
Q31631,A2
Q31632,A2
Q31633,A2
Q31634,A2
Q31635,A2
Q31636,A2
Q31637,A2
Q31638,A2
Q31639,A2
Q31640,A2
Q31641,A2
Q31642,A2
Q31643,A2
Q31644,A2
Q31645,A2
Q31646,A2
Q31647,A2
Q31648,A2
Q31649,A2
Q31650,A2
Q31651,A2
Q31652,A2
Q31653,A2
Q31654,A2
Q31655,A2
Q31656,A2
Q31657,A2
Q31658,A2
Q31659,A2
Q31660,A2
Q31661,A2
Q31662,A2
Q31663,A2
Q31664,A2
Q31665,A2
Q31666,A2
Q31667,A2
Q31668,A2
Q31669,A2
Q31670,A2
Q31671,A2
Q31672,A2
Q31673,A2
Q31674,A2
Q31675,A2
Q31676,A2
Q31677,A2
Q31678,A2
Q31679,A2
Q31680,A2
Q31681,A2
Q31682,A2
Q31683,A2
Q31684,A2
Q31685,A2
Q31686,A2
Q31687,A2
Q31688,A2
Q31689,A2
Q31690,A2
Q31691,A2
Q31692,A2
Q31693,A2
Q31694,A2
Q31695,A2
Q31696,A2
Q31697,A2
Q31698,A2
Q31699,A2
Q31700,A2
Q31701,A2
Q31702,A2
Q31703,A2
Q31704,A2
Q31705,A2
Q31706,A2
Q31707,A2
Q31708,A2
Q31709,A2
Q31710,A2
Q31711,A2
Q31712,A2
Q31713,A2
Q31714,A2
Q31715,A2
Q31716,A2
Q31717,A2
Q31718,A2
Q31719,A2
Q31720,A2
Q31721,A2
Q31722,A2
Q31723,A2
Q31724,A2
Q31725,A2
Q31726,A2
Q31727,A2
Q31728,A2
Q31729,A2
Q31730,A2
Q31731,A2
Q31732,A2
Q31733,A2
Q31734,A2
Q31735,A2
Q31736,A2
Q31737,A2
Q31738,A2
Q31739,A2
Q31740,A2
Q31741,A2
Q31742,A2
Q31743,A2
Q31744,A2
Q31745,A2
Q31746,A2
Q31747,A2
Q31748,A2
Q31749,A2
Q31750,A2
Q31751,A2
Q31752,A2
Q31753,A2
Q31754,A2
Q31755,A2
Q31756,A2
Q31757,A2
Q31758,A2
Q31759,A2
Q31760,A2
Q31761,A2
Q31762,A2
Q31763,A2
Q31764,A2
Q31765,A2
Q31766,A2
Q31767,A2
Q31768,A2
Q31769,A2
Q31770,A2
Q31771,A2
Q31772,A2
Q31773,A2
Q31774,A2
Q31775,A2
Q31776,A2
Q31777,A2
Q31778,A2
Q31779,A2
Q31780,A2
Q31781,A2
Q31782,A2
Q31783,A2
Q31784,A2
Q31785,A2
Q31786,A2
Q31787,A2
Q31788,A2
Q31789,A2
Q31790,A2
Q31791,A2
Q31792,A2
Q31793,A2
Q31794,A2
Q31795,A2
Q31796,A2
Q31797,A2
Q31798,A2
Q31799,A2
Q31800,A2
Q31801,A2
Q31802,A2
Q31803,A2
Q31804,A2
Q31805,A2
Q31806,A2
Q31807,A2
Q31808,A2
Q31809,A2
Q31810,A2
Q31811,A2
Q31812,A2
Q31813,A2
Q31814,A2
Q31815,A2
Q31816,A2
Q31817,A2
Q31818,A2
Q31819,A2
Q31820,A2
Q31821,A2
Q31822,A2
Q31823,A2
Q31824,A2
Q31825,A2
Q31826,A2
Q31827,A2
Q31828,A2
Q31829,A2
Q31830,A2
Q31831,A2
Q31832,A2
Q31833,A2
Q31834,A2
Q31835,A2
Q31836,A2
Q31837,A2
Q31838,A2
Q31839,A2
Q31840,A2
Q31841,A2
Q31842,A2
Q31843,A2
Q31844,A2
Q31845,A2
Q31846,A2
Q31847,A2
Q31848,A2
Q31849,A2
Q31850,A2
Q31851,A2
Q31852,A2
Q31853,A2
Q31854,A2
Q31855,A2
Q31856,A2
Q31857,A2
Q31858,A2
Q31859,A2
Q31860,A2
Q31861,A2
Q31862,A2
Q31863,A2
Q31864,A2
Q31865,A2
Q31866,A2
Q31867,A2
Q31868,A2
Q31869,A2
Q31870,A2
Q31871,A2
Q31872,A2
Q31873,A2
Q31874,A2
Q31875,A2
Q31876,A2
Q31877,A2
Q31878,A2
Q31879,A2
Q31880,A2
Q31881,A2
Q31882,A2
Q31883,A2
Q31884,A2
Q31885,A2
Q31886,A2
Q31887,A2
Q31888,A2
Q31889,A2
Q31890,A2
Q31891,A2
Q31892,A2
Q31893,A2
Q31894,A2
Q31895,A2
Q31896,A2
Q31897,A2
Q31898,A2
Q31899,A2
Q31900,A2
Q31901,A2
Q31902,A2
Q31903,A2
Q31904,A2
Q31905,A2
Q31906,A2
Q31907,A2
Q31908,A2
Q31909,A2
Q31910,A2
Q31911,A2
Q31912,A2
Q31913,A2
Q31914,A2
Q31915,A2
Q31916,A2
Q31917,A2
Q31918,A2
Q31919,A2
Q31920,A2
Q31921,A2
Q31922,A2
Q31923,A2
Q31924,A2
Q31925,A2
Q31926,A2
Q31927,A2
Q31928,A2
Q31929,A2
Q31930,A2
Q31931,A2
Q31932,A2
Q31933,A2
Q31934,A2
Q31935,A2
Q31936,A2
Q31937,A2
Q31938,A2
Q31939,A2
Q31940,A2
Q31941,A2
Q31942,A2
Q31943,A2
Q31944,A2
Q31945,A2
Q31946,A2
Q31947,A2
Q31948,A2
Q31949,A2
Q31950,A2
Q31951,A2
Q31952,A2
Q31953,A2
Q31954,A2
Q31955,A2
Q31956,A2
Q31957,A2
Q31958,A2
Q31959,A2
Q31960,A2
Q31961,A2
Q31962,A2
Q31963,A2
Q31964,A2
Q31965,A2
Q31966,A2
Q31967,A2
Q31968,A2
Q31969,A2
Q31970,A2
Q31971,A2
Q31972,A2
Q31973,A2
Q31974,A2
Q31975,A2
Q31976,A2
Q31977,A2
Q31978,A2
Q31979,A2
Q31980,A2
Q31981,A2
Q31982,A2
Q31983,A2
Q31984,A2
Q31985,A2
Q31986,A2
Q31987,A2
Q31988,A2
Q31989,A2
Q31990,A2
Q31991,A2
Q31992,A2
Q31993,A2
Q31994,A2
Q31995,A2
Q31996,A2
Q31997,A2
Q31998,A2
Q31999,A2
Q32000,A2
Q32001,A2
Q32002,A2
Q32003,A2
Q32004,A2
Q32005,A2
Q32006,A2
Q32007,A2
Q32008,A2
Q32009,A2
Q32010,A2
Q32011,A2
Q32012,A2
Q32013,A2
Q32014,A2
Q32015,A2
Q32016,A2
Q32017,A2
Q32018,A2
Q32019,A2
Q32020,A2
Q32021,A2
Q32022,A2
Q32023,A2
Q32024,A2
Q32025,A2
Q32026,A2
Q32027,A2
Q32028,A2
Q32029,A2
Q32030,A2
Q32031,A2
Q32032,A2
Q32033,A2
Q32034,A2
Q32035,A2
Q32036,A2
Q32037,A2
Q32038,A2
Q32039,A2
Q32040,A2
Q32041,A2
Q32042,A2
Q32043,A2
Q32044,A2
Q32045,A2
Q32046,A2
Q32047,A2
Q32048,A2
Q32049,A2
Q32050,A2
Q32051,A2
Q32052,A2
Q32053,A2
Q32054,A2
Q32055,A2
Q32056,A2
Q32057,A2
Q32058,A2
Q32059,A2
Q32060,A2
Q32061,A2
Q32062,A2
Q32063,A2
Q32064,A2
Q32065,A2
Q32066,A2
Q32067,A2
Q32068,A2
Q32069,A2
Q32070,A2
Q32071,A2
Q32072,A2
Q32073,A2
Q32074,A2
Q32075,A2
Q32076,A2
Q32077,A2
Q32078,A2
Q32079,A2
Q32080,A2
Q32081,A2
Q32082,A2
Q32083,A2
Q32084,A2
Q32085,A2
Q32086,A2
Q32087,A2
Q32088,A2
Q32089,A2
Q32090,A2
Q32091,A2
Q32092,A2
Q32093,A2
Q32094,A2
Q32095,A2
Q32096,A2
Q32097,A2
Q32098,A2
Q32099,A2
Q32100,A2
Q32101,A2
Q32102,A2
Q32103,A2
Q32104,A2
Q32105,A2
Q32106,A2
Q32107,A2
Q32108,A2
Q32109,A2
Q32110,A2
Q32111,A2
Q32112,A2
Q32113,A2
Q32114,A2
Q32115,A2
Q32116,A2
Q32117,A2
Q32118,A2
Q32119,A2
Q32120,A2
Q32121,A2
Q32122,A2
Q32123,A2
Q32124,A2
Q32125,A2
Q32126,A2
Q32127,A2
Q32128,A2
Q32129,A2
Q32130,A2
Q32131,A2
Q32132,A2
Q32133,A2
Q32134,A2
Q32135,A2
Q32136,A2
Q32137,A2
Q32138,A2
Q32139,A2
Q32140,A2
Q32141,A2
Q32142,A2
Q32143,A2
Q32144,A2
Q32145,A2
Q32146,A2
Q32147,A2
Q32148,A2
Q32149,A2
Q32150,A2
Q32151,A2
Q32152,A2
Q32153,A2
Q32154,A2
Q32155,A2
Q32156,A2
Q32157,A2
Q32158,A2
Q32159,A2
Q32160,A2
Q32161,A2
Q32162,A2
Q32163,A2
Q32164,A2
Q32165,A2
Q32166,A2
Q32167,A2
Q32168,A2
Q32169,A2
Q32170,A2
Q32171,A2
Q32172,A2
Q32173,A2
Q32174,A2
Q32175,A2
Q32176,A2
Q32177,A2
Q32178,A2
Q32179,A2
Q32180,A2
Q32181,A2
Q32182,A2
Q32183,A2
Q32184,A2
Q32185,A2
Q32186,A2
Q32187,A2
Q32188,A2
Q32189,A2
Q32190,A2
Q32191,A2
Q32192,A2
Q32193,A2
Q32194,A2
Q32195,A2
Q32196,A2
Q32197,A2
Q32198,A2
Q32199,A2
Q32200,A2
Q32201,A2
Q32202,A2
Q32203,A2
Q32204,A2
Q32205,A2
Q32206,A2
Q32207,A2
Q32208,A2
Q32209,A2
Q32210,A2
Q32211,A2
Q32212,A2
Q32213,A2
Q32214,A2
Q32215,A2
Q32216,A2
Q32217,A2
Q32218,A2
Q32219,A2
Q32220,A2
Q32221,A2
Q32222,A2
Q32223,A2
Q32224,A2
Q32225,A2
Q32226,A2
Q32227,A2
Q32228,A2
Q32229,A2
Q32230,A2
Q32231,A2
Q32232,A2
Q32233,A2
Q32234,A2
Q32235,A2
Q32236,A2
Q32237,A2
Q32238,A2
Q32239,A2
Q32240,A2
Q32241,A2
Q32242,A2
Q32243,A2
Q32244,A2
Q32245,A2
Q32246,A2
Q32247,A2
Q32248,A2
Q32249,A2
Q32250,A2
Q32251,A2
Q32252,A2
Q32253,A2
Q32254,A2
Q32255,A2
Q32256,A2
Q32257,A2
Q32258,A2
Q32259,A2
Q32260,A2
Q32261,A2
Q32262,A2
Q32263,A2
Q32264,A2
Q32265,A2
Q32266,A2
Q32267,A2
Q32268,A2
Q32269,A2
Q32270,A2
Q32271,A2
Q32272,A2
Q32273,A2
Q32274,A2
Q32275,A2
Q32276,A2
Q32277,A2
Q32278,A2
Q32279,A2
Q32280,A2
Q32281,A2
Q32282,A2
Q32283,A2
Q32284,A2
Q32285,A2
Q32286,A2
Q32287,A2
Q32288,A2
Q32289,A2
Q32290,A2
Q32291,A2
Q32292,A2
Q32293,A2
Q32294,A2
Q32295,A2
Q32296,A2
Q32297,A2
Q32298,A2
Q32299,A2
Q32300,A2
Q32301,A2
Q32302,A2
Q32303,A2
Q32304,A2
Q32305,A2
Q32306,A2
Q32307,A2
Q32308,A2
Q32309,A2
Q32310,A2
Q32311,A2
Q32312,A2
Q32313,A2
Q32314,A2
Q32315,A2
Q32316,A2
Q32317,A2
Q32318,A2
Q32319,A2
Q32320,A2
Q32321,A2
Q32322,A2
Q32323,A2
Q32324,A2
Q32325,A2
Q32326,A2
Q32327,A2
Q32328,A2
Q32329,A2
Q32330,A2
Q32331,A2
Q32332,A2
Q32333,A2
Q32334,A2
Q32335,A2
Q32336,A2
Q32337,A2
Q32338,A2
Q32339,A2
Q32340,A2
Q32341,A2
Q32342,A2
Q32343,A2
Q32344,A2
Q32345,A2
Q32346,A2
Q32347,A2
Q32348,A2
Q32349,A2
Q32350,A2
Q32351,A2
Q32352,A2
Q32353,A2
Q32354,A2
Q32355,A2
Q32356,A2
Q32357,A2
Q32358,A2
Q32359,A2
Q32360,A2
Q32361,A2
Q32362,A2
Q32363,A2
Q32364,A2
Q32365,A2
Q32366,A2
Q32367,A2
Q32368,A2
Q32369,A2
Q32370,A2
Q32371,A2
Q32372,A2
Q32373,A2
Q32374,A2
Q32375,A2
Q32376,A2
Q32377,A2
Q32378,A2
Q32379,A2
Q32380,A2
Q32381,A2
Q32382,A2
Q32383,A2
Q32384,A2
Q32385,A2
Q32386,A2
Q32387,A2
Q32388,A2
Q32389,A2
Q32390,A2
Q32391,A2
Q32392,A2
Q32393,A2
Q32394,A2
Q32395,A2
Q32396,A2
Q32397,A2
Q32398,A2
Q32399,A2
Q32400,A2
Q32401,A2
Q32402,A2
Q32403,A2
Q32404,A2
Q32405,A2
Q32406,A2
Q32407,A2
Q32408,A2
Q32409,A2
Q32410,A2
Q32411,A2
Q32412,A2
Q32413,A2
Q32414,A2
Q32415,A2
Q32416,A2
Q32417,A2
Q32418,A2
Q32419,A2
Q32420,A2
Q32421,A2
Q32422,A2
Q32423,A2
Q32424,A2
Q32425,A2
Q32426,A2
Q32427,A2
Q32428,A2
Q32429,A2
Q32430,A2
Q32431,A2
Q32432,A2
Q32433,A2
Q32434,A2
Q32435,A2
Q32436,A2
Q32437,A2
Q32438,A2
Q32439,A2
Q32440,A2
Q32441,A2
Q32442,A2
Q32443,A2
Q32444,A2
Q32445,A2
Q32446,A2
Q32447,A2
Q32448,A2
Q32449,A2
Q32450,A2
Q32451,A2
Q32452,A2
Q32453,A2
Q32454,A2
Q32455,A2
Q32456,A2
Q32457,A2
Q32458,A2
Q32459,A2
Q32460,A2
Q32461,A2
Q32462,A2
Q32463,A2
Q32464,A2
Q32465,A2
Q32466,A2
Q32467,A2
Q32468,A2
Q32469,A2
Q32470,A2
Q32471,A2
Q32472,A2
Q32473,A2
Q32474,A2
Q32475,A2
Q32476,A2
Q32477,A2
Q32478,A2
Q32479,A2
Q32480,A2
Q32481,A2
Q32482,A2
Q32483,A2
Q32484,A2
Q32485,A2
Q32486,A2
Q32487,A2
Q32488,A2
Q32489,A2
Q32490,A2
Q32491,A2
Q32492,A2
Q32493,A2
Q32494,A2
Q32495,A2
Q32496,A2
Q32497,A2
Q32498,A2
Q32499,A2
Q32500,A2
Q32501,A2
Q32502,A2
Q32503,A2
Q32504,A2
Q32505,A2
Q32506,A2
Q32507,A2
Q32508,A2
Q32509,A2
Q32510,A2
Q32511,A2
Q32512,A2
Q32513,A2
Q32514,A2
Q32515,A2
Q32516,A2
Q32517,A2
Q32518,A2
Q32519,A2
Q32520,A2
Q32521,A2
Q32522,A2
Q32523,A2
Q32524,A2
Q32525,A2
Q32526,A2
Q32527,A2
Q32528,A2
Q32529,A2
Q32530,A2
Q32531,A2
Q32532,A2
Q32533,A2
Q32534,A2
Q32535,A2
Q32536,A2
Q32537,A2
Q32538,A2
Q32539,A2
Q32540,A2
Q32541,A2
Q32542,A2
Q32543,A2
Q32544,A2
Q32545,A2
Q32546,A2
Q32547,A2
Q32548,A2
Q32549,A2
Q32550,A2
Q32551,A2
Q32552,A2
Q32553,A2
Q32554,A2
Q32555,A2
Q32556,A2
Q32557,A2
Q32558,A2
Q32559,A2
Q32560,A2
Q32561,A2
Q32562,A2
Q32563,A2
Q32564,A2
Q32565,A2
Q32566,A2
Q32567,A2
Q32568,A2
Q32569,A2
Q32570,A2
Q32571,A2
Q32572,A2
Q32573,A2
Q32574,A2
Q32575,A2
Q32576,A2
Q32577,A2
Q32578,A2
Q32579,A2
Q32580,A2
Q32581,A2
Q32582,A2
Q32583,A2
Q32584,A2
Q32585,A2
Q32586,A2
Q32587,A2
Q32588,A2
Q32589,A2
Q32590,A2
Q32591,A2
Q32592,A2
Q32593,A2
Q32594,A2
Q32595,A2
Q32596,A2
Q32597,A2
Q32598,A2
Q32599,A2
Q32600,A2
Q32601,A2
Q32602,A2
Q32603,A2
Q32604,A2
Q32605,A2
Q32606,A2
Q32607,A2
Q32608,A2
Q32609,A2
Q32610,A2
Q32611,A2
Q32612,A2
Q32613,A2
Q32614,A2
Q32615,A2
Q32616,A2
Q32617,A2
Q32618,A2
Q32619,A2
Q32620,A2
Q32621,A2
Q32622,A2
Q32623,A2
Q32624,A2
Q32625,A2
Q32626,A2
Q32627,A2
Q32628,A2
Q32629,A2
Q32630,A2
Q32631,A2
Q32632,A2
Q32633,A2
Q32634,A2
Q32635,A2
Q32636,A2
Q32637,A2
Q32638,A2
Q32639,A2
Q32640,A2
Q32641,A2
Q32642,A2
Q32643,A2
Q32644,A2
Q32645,A2
Q32646,A2
Q32647,A2
Q32648,A2
Q32649,A2
Q32650,A2
Q32651,A2
Q32652,A2
Q32653,A2
Q32654,A2
Q32655,A2
Q32656,A2
Q32657,A2
Q32658,A2
Q32659,A2
Q32660,A2
Q32661,A2
Q32662,A2
Q32663,A2
Q32664,A2
Q32665,A2
Q32666,A2
Q32667,A2
Q32668,A2
Q32669,A2
Q32670,A2
Q32671,A2
Q32672,A2
Q32673,A2
Q32674,A2
Q32675,A2
Q32676,A2
Q32677,A2
Q32678,A2
Q32679,A2
Q32680,A2
Q32681,A2
Q32682,A2
Q32683,A2
Q32684,A2
Q32685,A2
Q32686,A2
Q32687,A2
Q32688,A2
Q32689,A2
Q32690,A2
Q32691,A2
Q32692,A2
Q32693,A2
Q32694,A2
Q32695,A2
Q32696,A2
Q32697,A2
Q32698,A2
Q32699,A2
Q32700,A2
Q32701,A2
Q32702,A2
Q32703,A2
Q32704,A2
Q32705,A2
Q32706,A2
Q32707,A2
Q32708,A2
Q32709,A2
Q32710,A2
Q32711,A2
Q32712,A2
Q32713,A2
Q32714,A2
Q32715,A2
Q32716,A2
Q32717,A2
Q32718,A2
Q32719,A2
Q32720,A2
Q32721,A2
Q32722,A2
Q32723,A2
Q32724,A2
Q32725,A2
Q32726,A2
Q32727,A2
Q32728,A2
Q32729,A2
Q32730,A2
Q32731,A2
Q32732,A2
Q32733,A2
Q32734,A2
Q32735,A2
Q32736,A2
Q32737,A2
Q32738,A2
Q32739,A2
Q32740,A2
Q32741,A2
Q32742,A2
Q32743,A2
Q32744,A2
Q32745,A2
Q32746,A2
Q32747,A2
Q32748,A2
Q32749,A2
Q32750,A2
Q32751,A2
Q32752,A2
Q32753,A2
Q32754,A2
Q32755,A2
Q32756,A2
Q32757,A2
Q32758,A2
Q32759,A2
Q32760,A2
Q32761,A2
Q32762,A2
Q32763,A2
Q32764,A2
Q32765,A2
Q32766,A2
Q32767,A2
Q32768,A2
Q32769,A2
Q32770,A2
Q32771,A2
Q32772,A2
Q32773,A2
Q32774,A2
Q32775,A2
Q32776,A2
Q32777,A2
Q32778,A2
Q32779,A2
Q32780,A2
Q32781,A2
Q32782,A2
Q32783,A2
Q32784,A2
Q32785,A2
Q32786,A2
Q32787,A2
Q32788,A2
Q32789,A2
Q32790,A2
Q32791,A2
Q32792,A2
Q32793,A2
Q32794,A2
Q32795,A2
Q32796,A2
Q32797,A2
Q32798,A2
Q32799,A2
Q32800,A2
Q32801,A2
Q32802,A2
Q32803,A2
Q32804,A2
Q32805,A2
Q32806,A2
Q32807,A2
Q32808,A2
Q32809,A2
Q32810,A2
Q32811,A2
Q32812,A2
Q32813,A2
Q32814,A2
Q32815,A2
Q32816,A2
Q32817,A2
Q32818,A2
Q32819,A2
Q32820,A2
Q32821,A2
Q32822,A2
Q32823,A2
Q32824,A2
Q32825,A2
Q32826,A2
Q32827,A2
Q32828,A2
Q32829,A2
Q32830,A2
Q32831,A2
Q32832,A2
Q32833,A2
Q32834,A2
Q32835,A2
Q32836,A2
Q32837,A2
Q32838,A2
Q32839,A2
Q32840,A2
Q32841,A2
Q32842,A2
Q32843,A2
Q32844,A2
Q32845,A2
Q32846,A2
Q32847,A2
Q32848,A2
Q32849,A2
Q32850,A2
Q32851,A2
Q32852,A2
Q32853,A2
Q32854,A2
Q32855,A2
Q32856,A2
Q32857,A2
Q32858,A2
Q32859,A2
Q32860,A2
Q32861,A2
Q32862,A2
Q32863,A2
Q32864,A2
Q32865,A2
Q32866,A2
Q32867,A2
Q32868,A2
Q32869,A2
Q32870,A2
Q32871,A2
Q32872,A2
Q32873,A2
Q32874,A2
Q32875,A2
Q32876,A2
Q32877,A2
Q32878,A2
Q32879,A2
Q32880,A2
Q32881,A2
Q32882,A2
Q32883,A2
Q32884,A2
Q32885,A2
Q32886,A2
Q32887,A2
Q32888,A2
Q32889,A2
Q32890,A2
Q32891,A2
Q32892,A2
Q32893,A2
Q32894,A2
Q32895,A2
Q32896,A2
Q32897,A2
Q32898,A2
Q32899,A2
Q32900,A2
Q32901,A2
Q32902,A2
Q32903,A2
Q32904,A2
Q32905,A2
Q32906,A2
Q32907,A2
Q32908,A2
Q32909,A2
Q32910,A2
Q32911,A2
Q32912,A2
Q32913,A2
Q32914,A2
Q32915,A2
Q32916,A2
Q32917,A2
Q32918,A2
Q32919,A2
Q32920,A2
Q32921,A2
Q32922,A2
Q32923,A2
Q32924,A2
Q32925,A2
Q32926,A2
Q32927,A2
Q32928,A2
Q32929,A2
Q32930,A2
Q32931,A2
Q32932,A2
Q32933,A2
Q32934,A2
Q32935,A2
Q32936,A2
Q32937,A2
Q32938,A2
Q32939,A2
Q32940,A2
Q32941,A2
Q32942,A2
Q32943,A2
Q32944,A2
Q32945,A2
Q32946,A2
Q32947,A2
Q32948,A2
Q32949,A2
Q32950,A2
Q32951,A2
Q32952,A2
Q32953,A2
Q32954,A2
Q32955,A2
Q32956,A2
Q32957,A2
Q32958,A2
Q32959,A2
Q32960,A2
Q32961,A2
Q32962,A2
Q32963,A2
Q32964,A2
Q32965,A2
Q32966,A2
Q32967,A2
Q32968,A2
Q32969,A2
Q32970,A2
Q32971,A2
Q32972,A2
Q32973,A2
Q32974,A2
Q32975,A2
Q32976,A2
Q32977,A2
Q32978,A2
Q32979,A2
Q32980,A2
Q32981,A2
Q32982,A2
Q32983,A2
Q32984,A2
Q32985,A2
Q32986,A2
Q32987,A2
Q32988,A2
Q32989,A2
Q32990,A2
Q32991,A2
Q32992,A2
Q32993,A2
Q32994,A2
Q32995,A2
Q32996,A2
Q32997,A2
Q32998,A2
Q32999,A2
Q33000,A2
Q33001,A2
Q33002,A2
Q33003,A2
Q33004,A2
Q33005,A2
Q33006,A2
Q33007,A2
Q33008,A2
Q33009,A2
Q33010,A2
Q33011,A2
Q33012,A2
Q33013,A2
Q33014,A2
Q33015,A2
Q33016,A2
Q33017,A2
Q33018,A2
Q33019,A2
Q33020,A2
Q33021,A2
Q33022,A2
Q33023,A2
Q33024,A2
Q33025,A2
Q33026,A2
Q33027,A2
Q33028,A2
Q33029,A2
Q33030,A2
Q33031,A2
Q33032,A2
Q33033,A2
Q33034,A2
Q33035,A2
Q33036,A2
Q33037,A2
Q33038,A2
Q33039,A2
Q33040,A2
Q33041,A2
Q33042,A2
Q33043,A2
Q33044,A2
Q33045,A2
Q33046,A2
Q33047,A2
Q33048,A2
Q33049,A2
Q33050,A2
Q33051,A2
Q33052,A2
Q33053,A2
Q33054,A2
Q33055,A2
Q33056,A2
Q33057,A2
Q33058,A2
Q33059,A2
Q33060,A2
Q33061,A2
Q33062,A2
Q33063,A2
Q33064,A2
Q33065,A2
Q33066,A2
Q33067,A2
Q33068,A2
Q33069,A2
Q33070,A2
Q33071,A2
Q33072,A2
Q33073,A2
Q33074,A2
Q33075,A2
Q33076,A2
Q33077,A2
Q33078,A2
Q33079,A2
Q33080,A2
Q33081,A2
Q33082,A2
Q33083,A2
Q33084,A2
Q33085,A2
Q33086,A2
Q33087,A2
Q33088,A2
Q33089,A2
Q33090,A2
Q33091,A2
Q33092,A2
Q33093,A2
Q33094,A2
Q33095,A2
Q33096,A2
Q33097,A2
Q33098,A2
Q33099,A2
Q33100,A2
Q33101,A2
Q33102,A2
Q33103,A2
Q33104,A2
Q33105,A2
Q33106,A2
Q33107,A2
Q33108,A2
Q33109,A2
Q33110,A2
Q33111,A2
Q33112,A2
Q33113,A2
Q33114,A2
Q33115,A2
Q33116,A2
Q33117,A2
Q33118,A2
Q33119,A2
Q33120,A2
Q33121,A2
Q33122,A2
Q33123,A2
Q33124,A2
Q33125,A2
Q33126,A2
Q33127,A2
Q33128,A2
Q33129,A2
Q33130,A2
Q33131,A2
Q33132,A2
Q33133,A2
Q33134,A2
Q33135,A2
Q33136,A2
Q33137,A2
Q33138,A2
Q33139,A2
Q33140,A2
Q33141,A2
Q33142,A2
Q33143,A2
Q33144,A2
Q33145,A2
Q33146,A2
Q33147,A2
Q33148,A2
Q33149,A2
Q33150,A2
Q33151,A2
Q33152,A2
Q33153,A2
Q33154,A2
Q33155,A2
Q33156,A2
Q33157,A2
Q33158,A2
Q33159,A2
Q33160,A2
Q33161,A2
Q33162,A2
Q33163,A2
Q33164,A2
Q33165,A2
Q33166,A2
Q33167,A2
Q33168,A2
Q33169,A2
Q33170,A2
Q33171,A2
Q33172,A2
Q33173,A2
Q33174,A2
Q33175,A2
Q33176,A2
Q33177,A2
Q33178,A2
Q33179,A2
Q33180,A2
Q33181,A2
Q33182,A2
Q33183,A2
Q33184,A2
Q33185,A2
Q33186,A2
Q33187,A2
Q33188,A2
Q33189,A2
Q33190,A2
Q33191,A2
Q33192,A2
Q33193,A2
Q33194,A2
Q33195,A2
Q33196,A2
Q33197,A2
Q33198,A2
Q33199,A2
Q33200,A2
Q33201,A2
Q33202,A2
Q33203,A2
Q33204,A2
Q33205,A2
Q33206,A2
Q33207,A2
Q33208,A2
Q33209,A2
Q33210,A2
Q33211,A2
Q33212,A2
Q33213,A2
Q33214,A2
Q33215,A2
Q33216,A2
Q33217,A2
Q33218,A2
Q33219,A2
Q33220,A2
Q33221,A2
Q33222,A2
Q33223,A2
Q33224,A2
Q33225,A2
Q33226,A2
Q33227,A2
Q33228,A2
Q33229,A2
Q33230,A2
Q33231,A2
Q33232,A2
Q33233,A2
Q33234,A2
Q33235,A2
Q33236,A2
Q33237,A2
Q33238,A2
Q33239,A2
Q33240,A2
Q33241,A2
Q33242,A2
Q33243,A2
Q33244,A2
Q33245,A2
Q33246,A2
Q33247,A2
Q33248,A2
Q33249,A2
Q33250,A2
Q33251,A2
Q33252,A2
Q33253,A2
Q33254,A2
Q33255,A2
Q33256,A2
Q33257,A2
Q33258,A2
Q33259,A2
Q33260,A2
Q33261,A2
Q33262,A2
Q33263,A2
Q33264,A2
Q33265,A2
Q33266,A2
Q33267,A2
Q33268,A2
Q33269,A2
Q33270,A2
Q33271,A2
Q33272,A2
Q33273,A2
Q33274,A2
Q33275,A2
Q33276,A2
Q33277,A2
Q33278,A2
Q33279,A2
Q33280,A2
Q33281,A2
Q33282,A2
Q33283,A2
Q33284,A2
Q33285,A2
Q33286,A2
Q33287,A2
Q33288,A2
Q33289,A2
Q33290,A2
Q33291,A2
Q33292,A2
Q33293,A2
Q33294,A2
Q33295,A2
Q33296,A2
Q33297,A2
Q33298,A2
Q33299,A2
Q33300,A2
Q33301,A2
Q33302,A2
Q33303,A2
Q33304,A2
Q33305,A2
Q33306,A2
Q33307,A2
Q33308,A2
Q33309,A2
Q33310,A2
Q33311,A2
Q33312,A2
Q33313,A2
Q33314,A2
Q33315,A2
Q33316,A2
Q33317,A2
Q33318,A2
Q33319,A2
Q33320,A2
Q33321,A2
Q33322,A2
Q33323,A2
Q33324,A2
Q33325,A2
Q33326,A2
Q33327,A2
Q33328,A2
Q33329,A2
Q33330,A2
Q33331,A2
Q33332,A2
Q33333,A2
Q33334,A2
Q33335,A2
Q33336,A2
Q33337,A2
Q33338,A2
Q33339,A2
Q33340,A2
Q33341,A2
Q33342,A2
Q33343,A2
Q33344,A2
Q33345,A2
Q33346,A2
Q33347,A2
Q33348,A2
Q33349,A2
Q33350,A2
Q33351,A2
Q33352,A2
Q33353,A2
Q33354,A2
Q33355,A2
Q33356,A2
Q33357,A2
Q33358,A2
Q33359,A2
Q33360,A2
Q33361,A2
Q33362,A2
Q33363,A2
Q33364,A2
Q33365,A2
Q33366,A2
Q33367,A2
Q33368,A2
Q33369,A2
Q33370,A2
Q33371,A2
Q33372,A2
Q33373,A2
Q33374,A2
Q33375,A2
Q33376,A2
Q33377,A2
Q33378,A2
Q33379,A2
Q33380,A2
Q33381,A2
Q33382,A2
Q33383,A2
Q33384,A2
Q33385,A2
Q33386,A2
Q33387,A2
Q33388,A2
Q33389,A2
Q33390,A2
Q33391,A2
Q33392,A2
Q33393,A2
Q33394,A2
Q33395,A2
Q33396,A2
Q33397,A2
Q33398,A2
Q33399,A2
Q33400,A2
Q33401,A2
Q33402,A2
Q33403,A2
Q33404,A2
Q33405,A2
Q33406,A2
Q33407,A2
Q33408,A2
Q33409,A2
Q33410,A2
Q33411,A2
Q33412,A2
Q33413,A2
Q33414,A2
Q33415,A2
Q33416,A2
Q33417,A2
Q33418,A2
Q33419,A2
Q33420,A2
Q33421,A2
Q33422,A2
Q33423,A2
Q33424,A2
Q33425,A2
Q33426,A2
Q33427,A2
Q33428,A2
Q33429,A2
Q33430,A2
Q33431,A2
Q33432,A2
Q33433,A2
Q33434,A2
Q33435,A2
Q33436,A2
Q33437,A2
Q33438,A2
Q33439,A2
Q33440,A2
Q33441,A2
Q33442,A2
Q33443,A2
Q33444,A2
Q33445,A2
Q33446,A2
Q33447,A2
Q33448,A2
Q33449,A2
Q33450,A2
Q33451,A2
Q33452,A2
Q33453,A2
Q33454,A2
Q33455,A2
Q33456,A2
Q33457,A2
Q33458,A2
Q33459,A2
Q33460,A2
Q33461,A2
Q33462,A2
Q33463,A2
Q33464,A2
Q33465,A2
Q33466,A2
Q33467,A2
Q33468,A2
Q33469,A2
Q33470,A2
Q33471,A2
Q33472,A2
Q33473,A2
Q33474,A2
Q33475,A2
Q33476,A2
Q33477,A2
Q33478,A2
Q33479,A2
Q33480,A2
Q33481,A2
Q33482,A2
Q33483,A2
Q33484,A2
Q33485,A2
Q33486,A2
Q33487,A2
Q33488,A2
Q33489,A2
Q33490,A2
Q33491,A2
Q33492,A2
Q33493,A2
Q33494,A2
Q33495,A2
Q33496,A2
Q33497,A2
Q33498,A2
Q33499,A2
Q33500,A2
Q33501,A2
Q33502,A2
Q33503,A2
Q33504,A2
Q33505,A2
Q33506,A2
Q33507,A2
Q33508,A2
Q33509,A2
Q33510,A2
Q33511,A2
Q33512,A2
Q33513,A2
Q33514,A2
Q33515,A2
Q33516,A2
Q33517,A2
Q33518,A2
Q33519,A2
Q33520,A2
Q33521,A2
Q33522,A2
Q33523,A2
Q33524,A2
Q33525,A2
Q33526,A2
Q33527,A2
Q33528,A2
Q33529,A2
Q33530,A2
Q33531,A2
Q33532,A2
Q33533,A2
Q33534,A2
Q33535,A2
Q33536,A2
Q33537,A2
Q33538,A2
Q33539,A2
Q33540,A2
Q33541,A2
Q33542,A2
Q33543,A2
Q33544,A2
Q33545,A2
Q33546,A2
Q33547,A2
Q33548,A2
Q33549,A2
Q33550,A2
Q33551,A2
Q33552,A2
Q33553,A2
Q33554,A2
Q33555,A2
Q33556,A2
Q33557,A2
Q33558,A2
Q33559,A2
Q33560,A2
Q33561,A2
Q33562,A2
Q33563,A2
Q33564,A2
Q33565,A2
Q33566,A2
Q33567,A2
Q33568,A2
Q33569,A2
Q33570,A2
Q33571,A2
Q33572,A2
Q33573,A2
Q33574,A2
Q33575,A2
Q33576,A2
Q33577,A2
Q33578,A2
Q33579,A2
Q33580,A2
Q33581,A2
Q33582,A2
Q33583,A2
Q33584,A2
Q33585,A2
Q33586,A2
Q33587,A2
Q33588,A2
Q33589,A2
Q33590,A2
Q33591,A2
Q33592,A2
Q33593,A2
Q33594,A2
Q33595,A2
Q33596,A2
Q33597,A2
Q33598,A2
Q33599,A2
Q33600,A2
Q33601,A2
Q33602,A2
Q33603,A2
Q33604,A2
Q33605,A2
Q33606,A2
Q33607,A2
Q33608,A2
Q33609,A2
Q33610,A2
Q33611,A2
Q33612,A2
Q33613,A2
Q33614,A2
Q33615,A2
Q33616,A2
Q33617,A2
Q33618,A2
Q33619,A2
Q33620,A2
Q33621,A2
Q33622,A2
Q33623,A2
Q33624,A2
Q33625,A2
Q33626,A2
Q33627,A2
Q33628,A2
Q33629,A2
Q33630,A2
Q33631,A2
Q33632,A2
Q33633,A2
Q33634,A2
Q33635,A2
Q33636,A2
Q33637,A2
Q33638,A2
Q33639,A2
Q33640,A2
Q33641,A2
Q33642,A2
Q33643,A2
Q33644,A2
Q33645,A2
Q33646,A2
Q33647,A2
Q33648,A2
Q33649,A2
Q33650,A2
Q33651,A2
Q33652,A2
Q33653,A2
Q33654,A2
Q33655,A2
Q33656,A2
Q33657,A2
Q33658,A2
Q33659,A2
Q33660,A2
Q33661,A2
Q33662,A2
Q33663,A2
Q33664,A2
Q33665,A2
Q33666,A2
Q33667,A2
Q33668,A2
Q33669,A2
Q33670,A2
Q33671,A2
Q33672,A2
Q33673,A2
Q33674,A2
Q33675,A2
Q33676,A2
Q33677,A2
Q33678,A2
Q33679,A2
Q33680,A2
Q33681,A2
Q33682,A2
Q33683,A2
Q33684,A2
Q33685,A2
Q33686,A2
Q33687,A2
Q33688,A2
Q33689,A2
Q33690,A2
Q33691,A2
Q33692,A2
Q33693,A2
Q33694,A2
Q33695,A2
Q33696,A2
Q33697,A2
Q33698,A2
Q33699,A2
Q33700,A2
Q33701,A2
Q33702,A2
Q33703,A2
Q33704,A2
Q33705,A2
Q33706,A2
Q33707,A2
Q33708,A2
Q33709,A2
Q33710,A2
Q33711,A2
Q33712,A2
Q33713,A2
Q33714,A2
Q33715,A2
Q33716,A2
Q33717,A2
Q33718,A2
Q33719,A2
Q33720,A2
Q33721,A2
Q33722,A2
Q33723,A2
Q33724,A2
Q33725,A2
Q33726,A2
Q33727,A2
Q33728,A2
Q33729,A2
Q33730,A2
Q33731,A2
Q33732,A2
Q33733,A2
Q33734,A2
Q33735,A2
Q33736,A2
Q33737,A2
Q33738,A2
Q33739,A2
Q33740,A2
Q33741,A2
Q33742,A2
Q33743,A2
Q33744,A2
Q33745,A2
Q33746,A2
Q33747,A2
Q33748,A2
Q33749,A2
Q33750,A2
Q33751,A2
Q33752,A2
Q33753,A2
Q33754,A2
Q33755,A2
Q33756,A2
Q33757,A2
Q33758,A2
Q33759,A2
Q33760,A2
Q33761,A2
Q33762,A2
Q33763,A2
Q33764,A2
Q33765,A2
Q33766,A2
Q33767,A2
Q33768,A2
Q33769,A2
Q33770,A2
Q33771,A2
Q33772,A2
Q33773,A2
Q33774,A2
Q33775,A2
Q33776,A2
Q33777,A2
Q33778,A2
Q33779,A2
Q33780,A2
Q33781,A2
Q33782,A2
Q33783,A2
Q33784,A2
Q33785,A2
Q33786,A2
Q33787,A2
Q33788,A2
Q33789,A2
Q33790,A2
Q33791,A2
Q33792,A2
Q33793,A2
Q33794,A2
Q33795,A2
Q33796,A2
Q33797,A2
Q33798,A2
Q33799,A2
Q33800,A2
Q33801,A2
Q33802,A2
Q33803,A2
Q33804,A2
Q33805,A2
Q33806,A2
Q33807,A2
Q33808,A2
Q33809,A2
Q33810,A2
Q33811,A2
Q33812,A2
Q33813,A2
Q33814,A2
Q33815,A2
Q33816,A2
Q33817,A2
Q33818,A2
Q33819,A2
Q33820,A2
Q33821,A2
Q33822,A2
Q33823,A2
Q33824,A2
Q33825,A2
Q33826,A2
Q33827,A2
Q33828,A2
Q33829,A2
Q33830,A2
Q33831,A2
Q33832,A2
Q33833,A2
Q33834,A2
Q33835,A2
Q33836,A2
Q33837,A2
Q33838,A2
Q33839,A2
Q33840,A2
Q33841,A2
Q33842,A2
Q33843,A2
Q33844,A2
Q33845,A2
Q33846,A2
Q33847,A2
Q33848,A2
Q33849,A2
Q33850,A2
Q33851,A2
Q33852,A2
Q33853,A2
Q33854,A2
Q33855,A2
Q33856,A2
Q33857,A2
Q33858,A2
Q33859,A2
Q33860,A2
Q33861,A2
Q33862,A2
Q33863,A2
Q33864,A2
Q33865,A2
Q33866,A2
Q33867,A2
Q33868,A2
Q33869,A2
Q33870,A2
Q33871,A2
Q33872,A2
Q33873,A2
Q33874,A2
Q33875,A2
Q33876,A2
Q33877,A2
Q33878,A2
Q33879,A2
Q33880,A2
Q33881,A2
Q33882,A2
Q33883,A2
Q33884,A2
Q33885,A2
Q33886,A2
Q33887,A2
Q33888,A2
Q33889,A2
Q33890,A2
Q33891,A2
Q33892,A2
Q33893,A2
Q33894,A2
Q33895,A2
Q33896,A2
Q33897,A2
Q33898,A2
Q33899,A2
Q33900,A2
Q33901,A2
Q33902,A2
Q33903,A2
Q33904,A2
Q33905,A2
Q33906,A2
Q33907,A2
Q33908,A2
Q33909,A2
Q33910,A2
Q33911,A2
Q33912,A2
Q33913,A2
Q33914,A2
Q33915,A2
Q33916,A2
Q33917,A2
Q33918,A2
Q33919,A2
Q33920,A2
Q33921,A2
Q33922,A2
Q33923,A2
Q33924,A2
Q33925,A2
Q33926,A2
Q33927,A2
Q33928,A2
Q33929,A2
Q33930,A2
Q33931,A2
Q33932,A2
Q33933,A2
Q33934,A2
Q33935,A2
Q33936,A2
Q33937,A2
Q33938,A2
Q33939,A2
Q33940,A2
Q33941,A2
Q33942,A2
Q33943,A2
Q33944,A2
Q33945,A2
Q33946,A2
Q33947,A2
Q33948,A2
Q33949,A2
Q33950,A2
Q33951,A2
Q33952,A2
Q33953,A2
Q33954,A2
Q33955,A2
Q33956,A2
Q33957,A2
Q33958,A2
Q33959,A2
Q33960,A2
Q33961,A2
Q33962,A2
Q33963,A2
Q33964,A2
Q33965,A2
Q33966,A2
Q33967,A2
Q33968,A2
Q33969,A2
Q33970,A2
Q33971,A2
Q33972,A2
Q33973,A2
Q33974,A2
Q33975,A2
Q33976,A2
Q33977,A2
Q33978,A2
Q33979,A2
Q33980,A2
Q33981,A2
Q33982,A2
Q33983,A2
Q33984,A2
Q33985,A2
Q33986,A2
Q33987,A2
Q33988,A2
Q33989,A2
Q33990,A2
Q33991,A2
Q33992,A2
Q33993,A2
Q33994,A2
Q33995,A2
Q33996,A2
Q33997,A2
Q33998,A2
Q33999,A2
Q34000,A2
Q34001,A2
Q34002,A2
Q34003,A2
Q34004,A2
Q34005,A2
Q34006,A2
Q34007,A2
Q34008,A2
Q34009,A2
Q34010,A2
Q34011,A2
Q34012,A2
Q34013,A2
Q34014,A2
Q34015,A2
Q34016,A2
Q34017,A2
Q34018,A2
Q34019,A2
Q34020,A2
Q34021,A2
Q34022,A2
Q34023,A2
Q34024,A2
Q34025,A2
Q34026,A2
Q34027,A2
Q34028,A2
Q34029,A2
Q34030,A2
Q34031,A2
Q34032,A2
Q34033,A2
Q34034,A2
Q34035,A2
Q34036,A2
Q34037,A2
Q34038,A2
Q34039,A2
Q34040,A2
Q34041,A2
Q34042,A2
Q34043,A2
Q34044,A2
Q34045,A2
Q34046,A2
Q34047,A2
Q34048,A2
Q34049,A2
Q34050,A2
Q34051,A2
Q34052,A2
Q34053,A2
Q34054,A2
Q34055,A2
Q34056,A2
Q34057,A2
Q34058,A2
Q34059,A2
Q34060,A2
Q34061,A2
Q34062,A2
Q34063,A2
Q34064,A2
Q34065,A2
Q34066,A2
Q34067,A2
Q34068,A2
Q34069,A2
Q34070,A2
Q34071,A2
Q34072,A2
Q34073,A2
Q34074,A2
Q34075,A2
Q34076,A2
Q34077,A2
Q34078,A2
Q34079,A2
Q34080,A2
Q34081,A2
Q34082,A2
Q34083,A2
Q34084,A2
Q34085,A2
Q34086,A2
Q34087,A2
Q34088,A2
Q34089,A2
Q34090,A2
Q34091,A2
Q34092,A2
Q34093,A2
Q34094,A2
Q34095,A2
Q34096,A2
Q34097,A2
Q34098,A2
Q34099,A2
Q34100,A2
Q34101,A2
Q34102,A2
Q34103,A2
Q34104,A2
Q34105,A2
Q34106,A2
Q34107,A2
Q34108,A2
Q34109,A2
Q34110,A2
Q34111,A2
Q34112,A2
Q34113,A2
Q34114,A2
Q34115,A2
Q34116,A2
Q34117,A2
Q34118,A2
Q34119,A2
Q34120,A2
Q34121,A2
Q34122,A2
Q34123,A2
Q34124,A2
Q34125,A2
Q34126,A2
Q34127,A2
Q34128,A2
Q34129,A2
Q34130,A2
Q34131,A2
Q34132,A2
Q34133,A2
Q34134,A2
Q34135,A2
Q34136,A2
Q34137,A2
Q34138,A2
Q34139,A2
Q34140,A2
Q34141,A2
Q34142,A2
Q34143,A2
Q34144,A2
Q34145,A2
Q34146,A2
Q34147,A2
Q34148,A2
Q34149,A2
Q34150,A2
Q34151,A2
Q34152,A2
Q34153,A2
Q34154,A2
Q34155,A2
Q34156,A2
Q34157,A2
Q34158,A2
Q34159,A2
Q34160,A2
Q34161,A2
Q34162,A2
Q34163,A2
Q34164,A2
Q34165,A2
Q34166,A2
Q34167,A2
Q34168,A2
Q34169,A2
Q34170,A2
Q34171,A2
Q34172,A2
Q34173,A2
Q34174,A2
Q34175,A2
Q34176,A2
Q34177,A2
Q34178,A2
Q34179,A2
Q34180,A2
Q34181,A2
Q34182,A2
Q34183,A2
Q34184,A2
Q34185,A2
Q34186,A2
Q34187,A2
Q34188,A2
Q34189,A2
Q34190,A2
Q34191,A2
Q34192,A2
Q34193,A2
Q34194,A2
Q34195,A2
Q34196,A2
Q34197,A2
Q34198,A2
Q34199,A2
Q34200,A2
Q34201,A2
Q34202,A2
Q34203,A2
Q34204,A2
Q34205,A2
Q34206,A2
Q34207,A2
Q34208,A2
Q34209,A2
Q34210,A2
Q34211,A2
Q34212,A2
Q34213,A2
Q34214,A2
Q34215,A2
Q34216,A2
Q34217,A2
Q34218,A2
Q34219,A2
Q34220,A2
Q34221,A2
Q34222,A2
Q34223,A2
Q34224,A2
Q34225,A2
Q34226,A2
Q34227,A2
Q34228,A2
Q34229,A2
Q34230,A2
Q34231,A2
Q34232,A2
Q34233,A2
Q34234,A2
Q34235,A2
Q34236,A2
Q34237,A2
Q34238,A2
Q34239,A2
Q34240,A2
Q34241,A2
Q34242,A2
Q34243,A2
Q34244,A2
Q34245,A2
Q34246,A2
Q34247,A2
Q34248,A2
Q34249,A2
Q34250,A2
Q34251,A2
Q34252,A2
Q34253,A2
Q34254,A2
Q34255,A2
Q34256,A2
Q34257,A2
Q34258,A2
Q34259,A2
Q34260,A2
Q34261,A2
Q34262,A2
Q34263,A2
Q34264,A2
Q34265,A2
Q34266,A2
Q34267,A2
Q34268,A2
Q34269,A2
Q34270,A2
Q34271,A2
Q34272,A2
Q34273,A2
Q34274,A2
Q34275,A2
Q34276,A2
Q34277,A2
Q34278,A2
Q34279,A2
Q34280,A2
Q34281,A2
Q34282,A2
Q34283,A2
Q34284,A2
Q34285,A2
Q34286,A2
Q34287,A2
Q34288,A2
Q34289,A2
Q34290,A2
Q34291,A2
Q34292,A2
Q34293,A2
Q34294,A2
Q34295,A2
Q34296,A2
Q34297,A2
Q34298,A2
Q34299,A2
Q34300,A2
Q34301,A2
Q34302,A2
Q34303,A2
Q34304,A2
Q34305,A2
Q34306,A2
Q34307,A2
Q34308,A2
Q34309,A2
Q34310,A2
Q34311,A2
Q34312,A2
Q34313,A2
Q34314,A2
Q34315,A2
Q34316,A2
Q34317,A2
Q34318,A2
Q34319,A2
Q34320,A2
Q34321,A2
Q34322,A2
Q34323,A2
Q34324,A2
Q34325,A2
Q34326,A2
Q34327,A2
Q34328,A2
Q34329,A2
Q34330,A2
Q34331,A2
Q34332,A2
Q34333,A2
Q34334,A2
Q34335,A2
Q34336,A2
Q34337,A2
Q34338,A2
Q34339,A2
Q34340,A2
Q34341,A2
Q34342,A2
Q34343,A2
Q34344,A2
Q34345,A2
Q34346,A2
Q34347,A2
Q34348,A2
Q34349,A2
Q34350,A2
Q34351,A2
Q34352,A2
Q34353,A2
Q34354,A2
Q34355,A2
Q34356,A2
Q34357,A2
Q34358,A2
Q34359,A2
Q34360,A2
Q34361,A2
Q34362,A2
Q34363,A2
Q34364,A2
Q34365,A2
Q34366,A2
Q34367,A2
Q34368,A2
Q34369,A2
Q34370,A2
Q34371,A2
Q34372,A2
Q34373,A2
Q34374,A2
Q34375,A2
Q34376,A2
Q34377,A2
Q34378,A2
Q34379,A2
Q34380,A2
Q34381,A2
Q34382,A2
Q34383,A2
Q34384,A2
Q34385,A2
Q34386,A2
Q34387,A2
Q34388,A2
Q34389,A2
Q34390,A2
Q34391,A2
Q34392,A2
Q34393,A2
Q34394,A2
Q34395,A2
Q34396,A2
Q34397,A2
Q34398,A2
Q34399,A2
Q34400,A2
Q34401,A2
Q34402,A2
Q34403,A2
Q34404,A2
Q34405,A2
Q34406,A2
Q34407,A2
Q34408,A2
Q34409,A2
Q34410,A2
Q34411,A2
Q34412,A2
Q34413,A2
Q34414,A2
Q34415,A2
Q34416,A2
Q34417,A2
Q34418,A2
Q34419,A2
Q34420,A2
Q34421,A2
Q34422,A2
Q34423,A2
Q34424,A2
Q34425,A2
Q34426,A2
Q34427,A2
Q34428,A2
Q34429,A2
Q34430,A2
Q34431,A2
Q34432,A2
Q34433,A2
Q34434,A2
Q34435,A2
Q34436,A2
Q34437,A2
Q34438,A2
Q34439,A2
Q34440,A2
Q34441,A2
Q34442,A2
Q34443,A2
Q34444,A2
Q34445,A2
Q34446,A2
Q34447,A2
Q34448,A2
Q34449,A2
Q34450,A2
Q34451,A2
Q34452,A2
Q34453,A2
Q34454,A2
Q34455,A2
Q34456,A2
Q34457,A2
Q34458,A2
Q34459,A2
Q34460,A2
Q34461,A2
Q34462,A2
Q34463,A2
Q34464,A2
Q34465,A2
Q34466,A2
Q34467,A2
Q34468,A2
Q34469,A2
Q34470,A2
Q34471,A2
Q34472,A2
Q34473,A2
Q34474,A2
Q34475,A2
Q34476,A2
Q34477,A2
Q34478,A2
Q34479,A2
Q34480,A2
Q34481,A2
Q34482,A2
Q34483,A2
Q34484,A2
Q34485,A2
Q34486,A2
Q34487,A2
Q34488,A2
Q34489,A2
Q34490,A2
Q34491,A2
Q34492,A2
Q34493,A2
Q34494,A2
Q34495,A2
Q34496,A2
Q34497,A2
Q34498,A2
Q34499,A2
Q34500,A2
Q34501,A2
Q34502,A2
Q34503,A2
Q34504,A2
Q34505,A2
Q34506,A2
Q34507,A2
Q34508,A2
Q34509,A2
Q34510,A2
Q34511,A2
Q34512,A2
Q34513,A2
Q34514,A2
Q34515,A2
Q34516,A2
Q34517,A2
Q34518,A2
Q34519,A2
Q34520,A2
Q34521,A2
Q34522,A2
Q34523,A2
Q34524,A2
Q34525,A2
Q34526,A2
Q34527,A2
Q34528,A2
Q34529,A2
Q34530,A2
Q34531,A2
Q34532,A2
Q34533,A2
Q34534,A2
Q34535,A2
Q34536,A2
Q34537,A2
Q34538,A2
Q34539,A2
Q34540,A2
Q34541,A2
Q34542,A2
Q34543,A2
Q34544,A2
Q34545,A2
Q34546,A2
Q34547,A2
Q34548,A2
Q34549,A2
Q34550,A2
Q34551,A2
Q34552,A2
Q34553,A2
Q34554,A2
Q34555,A2
Q34556,A2
Q34557,A2
Q34558,A2
Q34559,A2
Q34560,A2
Q34561,A2
Q34562,A2
Q34563,A2
Q34564,A2
Q34565,A2
Q34566,A2
Q34567,A2
Q34568,A2
Q34569,A2
Q34570,A2
Q34571,A2
Q34572,A2
Q34573,A2
Q34574,A2
Q34575,A2
Q34576,A2
Q34577,A2
Q34578,A2
Q34579,A2
Q34580,A2
Q34581,A2
Q34582,A2
Q34583,A2
Q34584,A2
Q34585,A2
Q34586,A2
Q34587,A2
Q34588,A2
Q34589,A2
Q34590,A2
Q34591,A2
Q34592,A2
Q34593,A2
Q34594,A2
Q34595,A2
Q34596,A2
Q34597,A2
Q34598,A2
Q34599,A2
Q34600,A2
Q34601,A2
Q34602,A2
Q34603,A2
Q34604,A2
Q34605,A2
Q34606,A2
Q34607,A2
Q34608,A2
Q34609,A2
Q34610,A2
Q34611,A2
Q34612,A2
Q34613,A2
Q34614,A2
Q34615,A2
Q34616,A2
Q34617,A2
Q34618,A2
Q34619,A2
Q34620,A2
Q34621,A2
Q34622,A2
Q34623,A2
Q34624,A2
Q34625,A2
Q34626,A2
Q34627,A2
Q34628,A2
Q34629,A2
Q34630,A2
Q34631,A2
Q34632,A2
Q34633,A2
Q34634,A2
Q34635,A2
Q34636,A2
Q34637,A2
Q34638,A2
Q34639,A2
Q34640,A2
Q34641,A2
Q34642,A2
Q34643,A2
Q34644,A2
Q34645,A2
Q34646,A2
Q34647,A2
Q34648,A2
Q34649,A2
Q34650,A2
Q34651,A2
Q34652,A2
Q34653,A2
Q34654,A2
Q34655,A2
Q34656,A2
Q34657,A2
Q34658,A2
Q34659,A2
Q34660,A2
Q34661,A2
Q34662,A2
Q34663,A2
Q34664,A2
Q34665,A2
Q34666,A2
Q34667,A2
Q34668,A2
Q34669,A2
Q34670,A2
Q34671,A2
Q34672,A2
Q34673,A2
Q34674,A2
Q34675,A2
Q34676,A2
Q34677,A2
Q34678,A2
Q34679,A2
Q34680,A2
Q34681,A2
Q34682,A2
Q34683,A2
Q34684,A2
Q34685,A2
Q34686,A2
Q34687,A2
Q34688,A2
Q34689,A2
Q34690,A2
Q34691,A2
Q34692,A2
Q34693,A2
Q34694,A2
Q34695,A2
Q34696,A2
Q34697,A2
Q34698,A2
Q34699,A2
Q34700,A2
Q34701,A2
Q34702,A2
Q34703,A2
Q34704,A2
Q34705,A2
Q34706,A2
Q34707,A2
Q34708,A2
Q34709,A2
Q34710,A2
Q34711,A2
Q34712,A2
Q34713,A2
Q34714,A2
Q34715,A2
Q34716,A2
Q34717,A2
Q34718,A2
Q34719,A2
Q34720,A2
Q34721,A2
Q34722,A2
Q34723,A2
Q34724,A2
Q34725,A2
Q34726,A2
Q34727,A2
Q34728,A2
Q34729,A2
Q34730,A2
Q34731,A2
Q34732,A2
Q34733,A2
Q34734,A2
Q34735,A2
Q34736,A2
Q34737,A2
Q34738,A2
Q34739,A2
Q34740,A2
Q34741,A2
Q34742,A2
Q34743,A2
Q34744,A2
Q34745,A2
Q34746,A2
Q34747,A2
Q34748,A2
Q34749,A2
Q34750,A2
Q34751,A2
Q34752,A2
Q34753,A2
Q34754,A2
Q34755,A2
Q34756,A2
Q34757,A2
Q34758,A2
Q34759,A2
Q34760,A2
Q34761,A2
Q34762,A2
Q34763,A2
Q34764,A2
Q34765,A2
Q34766,A2
Q34767,A2
Q34768,A2
Q34769,A2
Q34770,A2
Q34771,A2
Q34772,A2
Q34773,A2
Q34774,A2
Q34775,A2
Q34776,A2
Q34777,A2
Q34778,A2
Q34779,A2
Q34780,A2
Q34781,A2
Q34782,A2
Q34783,A2
Q34784,A2
Q34785,A2
Q34786,A2
Q34787,A2
Q34788,A2
Q34789,A2
Q34790,A2
Q34791,A2
Q34792,A2
Q34793,A2
Q34794,A2
Q34795,A2
Q34796,A2
Q34797,A2
Q34798,A2
Q34799,A2
Q34800,A2
Q34801,A2
Q34802,A2
Q34803,A2
Q34804,A2
Q34805,A2
Q34806,A2
Q34807,A2
Q34808,A2
Q34809,A2
Q34810,A2
Q34811,A2
Q34812,A2
Q34813,A2
Q34814,A2
Q34815,A2
Q34816,A2
Q34817,A2
Q34818,A2
Q34819,A1
Q34820,A1
Q34821,A1
Q34822,A1
Q34823,A1
Q34824,A1
Q34825,A1
Q34826,A1
Q34827,A1
Q34828,A1
Q34829,A1
Q34830,A1
Q34831,A1
Q34832,A1
Q34833,A1
Q34834,A1
Q34835,A1
Q34836,A1
Q34837,A1
Q34838,A1
Q34839,A1
Q34840,A1
Q34841,A1
Q34842,A1
Q34843,A1
Q34844,A1
Q34845,A1
Q34846,A1
Q34847,A1
Q34848,A1
Q34849,A1
Q34850,A1
Q34851,A1
Q34852,A1
Q34853,A1
Q34854,A1
Q34855,A1
Q34856,A1
Q34857,A1
Q34858,A1
Q34859,A1
Q34860,A1
Q34861,A1
Q34862,A1
Q34863,A1
Q34864,A1
Q34865,A1
Q34866,A1
Q34867,A1
Q34868,A1
Q34869,A1
Q34870,A1
Q34871,A1
Q34872,A1
Q34873,A1
Q34874,A1
Q34875,A1
Q34876,A1
Q34877,A1
Q34878,A1
Q34879,A1
Q34880,A1
Q34881,A1
Q34882,A1
Q34883,A1
Q34884,A1
Q34885,A1
Q34886,A1
Q34887,A1
Q34888,A1
Q34889,A1
Q34890,A1
Q34891,A1
Q34892,A1
Q34893,A1
Q34894,A1
Q34895,A1
Q34896,A1
Q34897,A1
Q34898,A1
Q34899,A1
Q34900,A1
Q34901,A1
Q34902,A1
Q34903,A1
Q34904,A1
Q34905,A1
Q34906,A1
Q34907,A1
Q34908,A1
Q34909,A1
Q34910,A1
Q34911,A1
Q34912,A1
Q34913,A1
Q34914,A1
Q34915,A1
Q34916,A1
Q34917,A1
Q34918,A1
Q34919,A1
Q34920,A1
Q34921,A1
Q34922,A1
Q34923,A1
Q34924,A1
Q34925,A1
Q34926,A1
Q34927,A1
Q34928,A1
Q34929,A1
Q34930,A1
Q34931,A1
Q34932,A1
Q34933,A1
Q34934,A1
Q34935,A1
Q34936,A1
Q34937,A1
Q34938,A1
Q34939,A1
Q34940,A1
Q34941,A1
Q34942,A1
Q34943,A1
Q34944,A1
Q34945,A1
Q34946,A1
Q34947,A1
Q34948,A1
Q34949,A1
Q34950,A1
Q34951,A1
Q34952,A1
Q34953,A1
Q34954,A1
Q34955,A1
Q34956,A1
Q34957,A1
Q34958,A1
Q34959,A1
Q34960,A1
Q34961,A1
Q34962,A1
Q34963,A1
Q34964,A1
Q34965,A1
Q34966,A1
Q34967,A1
Q34968,A1
Q34969,A1
Q34970,A1
Q34971,A1
Q34972,A1
Q34973,A1
Q34974,A1
Q34975,A1
Q34976,A1
Q34977,A1
Q34978,A1
Q34979,A1
Q34980,A1
Q34981,A1
Q34982,A1
Q34983,A1
Q34984,A1
Q34985,A1
Q34986,A1
Q34987,A1
Q34988,A1
Q34989,A1
Q34990,A1
Q34991,A1
Q34992,A1
Q34993,A1
Q34994,A1
Q34995,A1
Q34996,A1
Q34997,A1
Q34998,A1
Q34999,A1
Q35000,A1
Q35001,A1
Q35002,A1
Q35003,A1
Q35004,A1
Q35005,A1
Q35006,A1
Q35007,A1
Q35008,A1
Q35009,A1
Q35010,A1
Q35011,A1
Q35012,A1
Q35013,A1
Q35014,A1
Q35015,A1
Q35016,A1
Q35017,A1
Q35018,A1
Q35019,A1
Q35020,A1
Q35021,A1
Q35022,A1
Q35023,A1
Q35024,A1
Q35025,A1
Q35026,A1
Q35027,A1
Q35028,A1
Q35029,A1
Q35030,A1
Q35031,A1
Q35032,A1
Q35033,A1
Q35034,A1
Q35035,A1
Q35036,A1
Q35037,A1
Q35038,A1
Q35039,A1
Q35040,A1
Q35041,A1
Q35042,A1
Q35043,A1
Q35044,A1
Q35045,A1
Q35046,A1
Q35047,A1
Q35048,A1
Q35049,A1
Q35050,A1
Q35051,A1
Q35052,A1
Q35053,A1
Q35054,A1
Q35055,A1
Q35056,A1
Q35057,A1
Q35058,A1
Q35059,A1
Q35060,A1
Q35061,A1
Q35062,A1
Q35063,A1
Q35064,A1
Q35065,A1
Q35066,A1
Q35067,A1
Q35068,A1
Q35069,A1
Q35070,A1
Q35071,A1
Q35072,A1
Q35073,A1
Q35074,A1
Q35075,A1
Q35076,A1
Q35077,A1
Q35078,A1
Q35079,A1
Q35080,A1
Q35081,A1
Q35082,A1
Q35083,A1
Q35084,A1
Q35085,A1
Q35086,A1
Q35087,A1
Q35088,A1
Q35089,A1
Q35090,A1
Q35091,A1
Q35092,A1
Q35093,A1
Q35094,A1
Q35095,A1
Q35096,A1
Q35097,A1
Q35098,A1
Q35099,A1
Q35100,A1
Q35101,A1
Q35102,A1
Q35103,A1
Q35104,A1
Q35105,A1
Q35106,A1
Q35107,A1
Q35108,A1
Q35109,A1
Q35110,A1
Q35111,A1
Q35112,A1
Q35113,A1
Q35114,A1
Q35115,A1
Q35116,A1
Q35117,A1
Q35118,A1
Q35119,A1
Q35120,A1
Q35121,A1
Q35122,A1
Q35123,A1
Q35124,A1
Q35125,A1
Q35126,A1
Q35127,A1
Q35128,A1
Q35129,A1
Q35130,A1
Q35131,A1
Q35132,A1
Q35133,A1
Q35134,A1
Q35135,A1
Q35136,A1
Q35137,A1
Q35138,A1
Q35139,A1
Q35140,A1
Q35141,A1
Q35142,A1
Q35143,A1
Q35144,A1
Q35145,A1
Q35146,A1
Q35147,A1
Q35148,A1
Q35149,A1
Q35150,A1
Q35151,A1
Q35152,A1
Q35153,A1
Q35154,A1
Q35155,A1
Q35156,A1
Q35157,A1
Q35158,A1
Q35159,A1
Q35160,A1
Q35161,A1
Q35162,A1
Q35163,A1
Q35164,A1
Q35165,A1
Q35166,A1
Q35167,A1
Q35168,A1
Q35169,A1
Q35170,A0
Q35171,A0
Q35172,A0
Q35173,A0
Q35174,A0
Q35175,A0
Q35176,A0
Q35177,A0
Q35178,A0
Q35179,A0
Q35180,A0
Q35181,A0
Q35182,A0
Q35183,A0
Q35184,A0
Q35185,A0
Q35186,A0
Q35187,A0
Q35188,A0
Q35189,A0
Q35190,A0
Q35191,A0
Q35192,A0
Q35193,A0
Q35194,A0
Q35195,A0
Q35196,A0
Q35197,A0
Q35198,A0
Q35199,A0
Q35200,A0
Q35201,A0
Q35202,A0
Q35203,A0
Q35204,A0
Q35205,A0
Q35206,A0
Q35207,A0
Q35208,A0
Q35209,A0
Q35210,A0
Q35211,A0
Q35212,A0
Q35213,A0
Q35214,A0
Q35215,A0
Q35216,A0
Q35217,A0
Q35218,A0
Q35219,A0
Q35220,A0
Q35221,A0
Q35222,A0
Q35223,A0
Q35224,A0
Q35225,A0
Q35226,A0
Q35227,A0
Q35228,A0
Q35229,A0
Q35230,A0
Q35231,A0
Q35232,A0
Q35233,A0
Q35234,A0
Q35235,A0
Q35236,A0
Q35237,A0
Q35238,A0
Q35239,A0
Q35240,A0
Q35241,A0
Q35242,A0
Q35243,A0
Q35244,A0
Q35245,A0
Q35246,A0
Q35247,A0
Q35248,A0
Q35249,A0
Q35250,A0
Q35251,A0
Q35252,A0
Q35253,A0
Q35254,A0
Q35255,A0
Q35256,A0
Q35257,A0
Q35258,A0
Q35259,A0
Q35260,A0
Q35261,A0
Q35262,A0
Q35263,A0
Q35264,A0
Q35265,A0
Q35266,A0
Q35267,A0
Q35268,A0
Q35269,A0
Q35270,A0
Q35271,A0
Q35272,A0
Q35273,A0
Q35274,A0
Q35275,A0
Q35276,A0
Q35277,A0
Q35278,A0
Q35279,A0
Q35280,A0
Q35281,A0
Q35282,A0
Q35283,A0
Q35284,A0
Q35285,A0
Q35286,A0
Q35287,A0
Q35288,A0
Q35289,A0
Q35290,A0
Q35291,A0
Q35292,A0
Q35293,A0
Q35294,A0
Q35295,A0
Q35296,A0
Q35297,A0
Q35298,A0
Q35299,A0
Q35300,A0
Q35301,A0
Q35302,A0
Q35303,A0
Q35304,A0
Q35305,A0
Q35306,A0
Q35307,A0
Q35308,A0
Q35309,A0
Q35310,A0
Q35311,A0
Q35312,A0
Q35313,A0
Q35314,A0
Q35315,A0
Q35316,A0
Q35317,A0
Q35318,A0
Q35319,A0
Q35320,A0
Q35321,A0
Q35322,A0
Q35323,A0
Q35324,A0
Q35325,A0
Q35326,A0
Q35327,A0
Q35328,A0
Q35329,A0
Q35330,A0
Q35331,A0
Q35332,A0
Q35333,A0
Q35334,A0
Q35335,A0
Q35336,A0
Q35337,A0
Q35338,A0
Q35339,A0
Q35340,A0
Q35341,A0
Q35342,A0
Q35343,A0
Q35344,A0
Q35345,A0
Q35346,A0
Q35347,A0
Q35348,A0
Q35349,A0
Q35350,A0
Q35351,A0
Q35352,A0
Q35353,A0
Q35354,A0
Q35355,A0
Q35356,A0
Q35357,A0
Q35358,A0
Q35359,A0
Q35360,A0
Q35361,A0
Q35362,A0
Q35363,A0
Q35364,A0
Q35365,A0
Q35366,A0
Q35367,A0
Q35368,A0
Q35369,A0
Q35370,A0
Q35371,A0
Q35372,A0
Q35373,A0
Q35374,A0
Q35375,A0
Q35376,A0
Q35377,A0
Q35378,A0
Q35379,A0
Q35380,A0
Q35381,A0
Q35382,A0
Q35383,A0
Q35384,A0
Q35385,A0
Q35386,A0
Q35387,A0
Q35388,A0
Q35389,A0
Q35390,A0
Q35391,A0
Q35392,A0
Q35393,A0
Q35394,A0
Q35395,A0
Q35396,A0
Q35397,A0
Q35398,A0
Q35399,A0
Q35400,A0
Q35401,A0
Q35402,A0
Q35403,A0
Q35404,A0
Q35405,A0
Q35406,A0
Q35407,A0
Q35408,A0
Q35409,A0
Q35410,A0
Q35411,A0
Q35412,A0
Q35413,A0
Q35414,A0
Q35415,A0
Q35416,A0
Q35417,A0
Q35418,A0
Q35419,A0
Q35420,A0
Q35421,A0
Q35422,A0
Q35423,A0
Q35424,A0
Q35425,A0
Q35426,A0
Q35427,A0
Q35428,A0
Q35429,A0
Q35430,A0
Q35431,A0
Q35432,A0
Q35433,A0
Q35434,A0
Q35435,A0
Q35436,A0
Q35437,A0
Q35438,A0
Q35439,A0
Q35440,A0
Q35441,A0
Q35442,A0
Q35443,A0
Q35444,A0
Q35445,A0
Q35446,A0
Q35447,A0
Q35448,A0
Q35449,A0
Q35450,A0
Q35451,A0
Q35452,A0
Q35453,A0
Q35454,A0
Q35455,A0
Q35456,A0
Q35457,A0
Q35458,A0
Q35459,A0
Q35460,A0
Q35461,A0
Q35462,A0
Q35463,A0
Q35464,A0
Q35465,A0
Q35466,A0
Q35467,A0
Q35468,A0
Q35469,A0
Q35470,A0
Q35471,A0
Q35472,A0
Q35473,A0
Q35474,A0
Q35475,A0
Q35476,A0
Q35477,A0
Q35478,A0
Q35479,A0
Q35480,A0
Q35481,A0
Q35482,A0
Q35483,A0
Q35484,A0
Q35485,A0
Q35486,A0
Q35487,A0
Q35488,A0
Q35489,A0
Q35490,A0
Q35491,A0
Q35492,A0
Q35493,A0
Q35494,A0
Q35495,A0
Q35496,A0
Q35497,A0
Q35498,A0
Q35499,A0
Q35500,A0
Q35501,A0
Q35502,A0
Q35503,A0
Q35504,A0
Q35505,A0
Q35506,A0
Q35507,A0
Q35508,A0
Q35509,A0
Q35510,A0
Q35511,A0
Q35512,A0
Q35513,A0
Q35514,A0
Q35515,A0
Q35516,A0
Q35517,A0
Q35518,A0
Q35519,A0
Q35520,A0
Q35521,A0
Q35522,A0
Q35523,A0
Q35524,A0
Q35525,A0
Q35526,A0
Q35527,A0
Q35528,A0
Q35529,A0
Q35530,A0
Q35531,A0
Q35532,A0
Q35533,A0
Q35534,A0
Q35535,A0
Q35536,A0
Q35537,A0
Q35538,A0
Q35539,A0
Q35540,A0
Q35541,A0
Q35542,A0
Q35543,A0
Q35544,A0
Q35545,A0
Q35546,A0
Q35547,A0
Q35548,A0
Q35549,A0
Q35550,A0
Q35551,A0
Q35552,A0
Q35553,A0
Q35554,A0
Q35555,A0
Q35556,A0
Q35557,A0
Q35558,A0
Q35559,A0
Q35560,A0
Q35561,A0
Q35562,A0
Q35563,A0
Q35564,A0
Q35565,A0
Q35566,A0
Q35567,A0
Q35568,A0
Q35569,A0
Q35570,A0
Q35571,A0
Q35572,A0
Q35573,A0
Q35574,A0
Q35575,A0
Q35576,A0
Q35577,A0
Q35578,A0
Q35579,A0
Q35580,A0
Q35581,A0
Q35582,A0
Q35583,A0
Q35584,A0
Q35585,A0
Q35586,A0
Q35587,A0
Q35588,A0
Q35589,A0
Q35590,A0
Q35591,A0
Q35592,A0
Q35593,A0
Q35594,A0
Q35595,A0
Q35596,A0
Q35597,A0
Q35598,A0
Q35599,A0
Q35600,A0
Q35601,A0
Q35602,A0
Q35603,A0
Q35604,A0
Q35605,A0
Q35606,A0
Q35607,A0
Q35608,A0
Q35609,A0
Q35610,A0
Q35611,A0
Q35612,A0
Q35613,A0
Q35614,A0
Q35615,A0
Q35616,A0
Q35617,A0
Q35618,A0
Q35619,A0
Q35620,A0
Q35621,A0
Q35622,A0
Q35623,A0
Q35624,A0
Q35625,A0
Q35626,A0
Q35627,A0
Q35628,A0
Q35629,A0
Q35630,A0
Q35631,A0
Q35632,A0
Q35633,A0
Q35634,A0
Q35635,A0
Q35636,A0
Q35637,A0
Q35638,A0
Q35639,A0
Q35640,A0
Q35641,A0
Q35642,A0
Q35643,A0
Q35644,A0
Q35645,A0
Q35646,A0
Q35647,A0
Q35648,A0
Q35649,A0
Q35650,A0
Q35651,A0
Q35652,A0
Q35653,A0
Q35654,A0
Q35655,A0
Q35656,A0
Q35657,A0
Q35658,A0
Q35659,A0
Q35660,A0
Q35661,A0
Q35662,A0
Q35663,A0
Q35664,A0
Q35665,A0
Q35666,A0
Q35667,A0
Q35668,A0
Q35669,A0
Q35670,A0
Q35671,A0
Q35672,A0
Q35673,A0
Q35674,A0
Q35675,A0
Q35676,A0
Q35677,A0
Q35678,A0
Q35679,A0
Q35680,A0
Q35681,A0
Q35682,A0
Q35683,A0
Q35684,A0
Q35685,A0
Q35686,A0
Q35687,A0
Q35688,A0
Q35689,A0
Q35690,A0
Q35691,A0
Q35692,A0
Q35693,A0
Q35694,A0
Q35695,A0
Q35696,A0
Q35697,A0
Q35698,A0
Q35699,A0
Q35700,A0
Q35701,A0
Q35702,A0
Q35703,A0
Q35704,A0
Q35705,A0
Q35706,A0
Q35707,A0
Q35708,A0
Q35709,A0
Q35710,A0
Q35711,A0
Q35712,A0
Q35713,A0
Q35714,A0
Q35715,A0
Q35716,A0
Q35717,A0
Q35718,A0
Q35719,A0
Q35720,A0
Q35721,A0
Q35722,A0
Q35723,A0
Q35724,A0
Q35725,A0
Q35726,A0
Q35727,A0
Q35728,A0
Q35729,A0
Q35730,A0
Q35731,A0
Q35732,A0
Q35733,A0
Q35734,A0
Q35735,A0
Q35736,A0
Q35737,A0
Q35738,A0
Q35739,A0
Q35740,A0
Q35741,A0
Q35742,A0
Q35743,A0
Q35744,A0
Q35745,A0
Q35746,A0
Q35747,A0
Q35748,A0
Q35749,A0
Q35750,A0
Q35751,A0
Q35752,A0
Q35753,A0
Q35754,A0
Q35755,A0
Q35756,A0
Q35757,A0
Q35758,A0
Q35759,A0
Q35760,A0
Q35761,A0
Q35762,A0
Q35763,A0
Q35764,A0
Q35765,A0
Q35766,A0
Q35767,A0
Q35768,A0
Q35769,A0
Q35770,A0
Q35771,A0
Q35772,A0
Q35773,A0
Q35774,A0
Q35775,A0
Q35776,A0
Q35777,A0
Q35778,A0
Q35779,A0
Q35780,A0
Q35781,A0
Q35782,A0
Q35783,A0
Q35784,A0
Q35785,A0
Q35786,A0
Q35787,A0
Q35788,A0
Q35789,A0
Q35790,A0
Q35791,A0
Q35792,A0
Q35793,A0
Q35794,A0
Q35795,A0
Q35796,A0
Q35797,A0
Q35798,A0
Q35799,A0
Q35800,A0
Q35801,A0
Q35802,A0
Q35803,A0
Q35804,A0
Q35805,A0
Q35806,A0
Q35807,A0
Q35808,A0
Q35809,A0
Q35810,A0
Q35811,A0
Q35812,A0
Q35813,A0
Q35814,A0
Q35815,A0
Q35816,A0
Q35817,A0
Q35818,A0
Q35819,A0
Q35820,A0
Q35821,A0
Q35822,A0
Q35823,A0
Q35824,A0
Q35825,A0
Q35826,A0
Q35827,A0
Q35828,A0
Q35829,A0
Q35830,A0
Q35831,A0
Q35832,A0
Q35833,A0
Q35834,A0
Q35835,A0
Q35836,A0
Q35837,A0
Q35838,A0
Q35839,A0
Q35840,A0
Q35841,A0
Q35842,A0
Q35843,A0
Q35844,A0
Q35845,A0
Q35846,A0
Q35847,A0
Q35848,A0
Q35849,A0
Q35850,A0
Q35851,A0
Q35852,A0
Q35853,A0
Q35854,A0
Q35855,A0
Q35856,A0
Q35857,A0
Q35858,A0
Q35859,A0
Q35860,A0
Q35861,A0
Q35862,A0
Q35863,A0
Q35864,A0
Q35865,A0
Q35866,A0
Q35867,A0
Q35868,A0
Q35869,A0
Q35870,A0
Q35871,A0
Q35872,A0
Q35873,A0
Q35874,A0
Q35875,A0
Q35876,A0
Q35877,A0
Q35878,A0
Q35879,A0
Q35880,A0
Q35881,A0
Q35882,A0
Q35883,A0
Q35884,A0
Q35885,A0
Q35886,A0
Q35887,A0
Q35888,A0
Q35889,A0
Q35890,A0
Q35891,A0
Q35892,A0
Q35893,A0
Q35894,A0
Q35895,A0
Q35896,A0
Q35897,A0
Q35898,A0
Q35899,A0
Q35900,A0
Q35901,A0
Q35902,A0
Q35903,A0
Q35904,A0
Q35905,A0
Q35906,A0
Q35907,A0
Q35908,A0
Q35909,A0
Q35910,A0
Q35911,A0
Q35912,A0
Q35913,A0
Q35914,A0
Q35915,A0
Q35916,A0
Q35917,A0
Q35918,A0
Q35919,A0
Q35920,A0
Q35921,A0
Q35922,A0
Q35923,A0
Q35924,A0
Q35925,A0
Q35926,A0
Q35927,A0
Q35928,A0
Q35929,A0
Q35930,A0
Q35931,A0
Q35932,A0
Q35933,A0
Q35934,A0
Q35935,A0
Q35936,A0
Q35937,A0
Q35938,A0
Q35939,A0
Q35940,A0
Q35941,A0
Q35942,A0
Q35943,A0
Q35944,A0
Q35945,A0
Q35946,A0
Q35947,A0
Q35948,A0
Q35949,A0
Q35950,A0
Q35951,A0
Q35952,A0
Q35953,A0
Q35954,A0
Q35955,A0
Q35956,A0
Q35957,A0
Q35958,A0
Q35959,A0
Q35960,A0
Q35961,A0
Q35962,A0
Q35963,A0
Q35964,A0
Q35965,A0
Q35966,A0
Q35967,A0
Q35968,A0
Q35969,A0
Q35970,A0
Q35971,A0
Q35972,A0
Q35973,A0
Q35974,A0
Q35975,A0
Q35976,A0
Q35977,A0
Q35978,A0
Q35979,A0
Q35980,A0
Q35981,A0
Q35982,A0
Q35983,A0
Q35984,A0
Q35985,A0
Q35986,A0
Q35987,A0
Q35988,A0
Q35989,A0
Q35990,A0
Q35991,A0
Q35992,A0
Q35993,A0
Q35994,A0
Q35995,A0
Q35996,A0
Q35997,A0
Q35998,A0
Q35999,A0
Q36000,A0
Q36001,A0
Q36002,A0
Q36003,A0
Q36004,A0
Q36005,A0
Q36006,A0
Q36007,A0
Q36008,A0
Q36009,A0
Q36010,A0
Q36011,A0
Q36012,A0
Q36013,A0
Q36014,A0
Q36015,A0
Q36016,A0
Q36017,A0
Q36018,A0
Q36019,A0
Q36020,A0
Q36021,A0
Q36022,A0
Q36023,A0
Q36024,A0
Q36025,A0
Q36026,A0
Q36027,A0
Q36028,A0
Q36029,A0
Q36030,A0
Q36031,A0
Q36032,A0
Q36033,A0
Q36034,A0
Q36035,A0
Q36036,A0
Q36037,A0
Q36038,A0
Q36039,A0
Q36040,A0
Q36041,A0
Q36042,A0
Q36043,A0
Q36044,A0
Q36045,A0
Q36046,A0
Q36047,A0
Q36048,A0
Q36049,A0
Q36050,A0
Q36051,A0
Q36052,A0
Q36053,A0
Q36054,A0
Q36055,A0
Q36056,A0
Q36057,A0
Q36058,A0
Q36059,A0
Q36060,A0
Q36061,A0
Q36062,A0
Q36063,A0
Q36064,A0
Q36065,A0
Q36066,A0
Q36067,A0
Q36068,A0
Q36069,A0
Q36070,A0
Q36071,A0
Q36072,A0
Q36073,A0
Q36074,A0
Q36075,A0
Q36076,A0
Q36077,A0
Q36078,A0
Q36079,A0
Q36080,A0
Q36081,A0
Q36082,A0
Q36083,A0
Q36084,A0
Q36085,A0
Q36086,A0
Q36087,A0
Q36088,A0
Q36089,A0
Q36090,A0
Q36091,A0
Q36092,A0
Q36093,A0
Q36094,A0
Q36095,A0
Q36096,A0
Q36097,A0
Q36098,A0
Q36099,A0
Q36100,A0
Q36101,A0
Q36102,A0
Q36103,A0
Q36104,A0
Q36105,A0
Q36106,A0
Q36107,A0
Q36108,A0
Q36109,A0
Q36110,A0
Q36111,A0
Q36112,A0
Q36113,A0
Q36114,A0
Q36115,A0
Q36116,A0
Q36117,A0
Q36118,A0
Q36119,A0
Q36120,A0
Q36121,A0
Q36122,A0
Q36123,A0
Q36124,A0
Q36125,A0
Q36126,A0
Q36127,A0
Q36128,A0
Q36129,A0
Q36130,A0
Q36131,A0
Q36132,A0
Q36133,A0
Q36134,A0
Q36135,A0
Q36136,A0
Q36137,A0
Q36138,A0
Q36139,A0
Q36140,A0
Q36141,A0
Q36142,A0
Q36143,A0
Q36144,A0
Q36145,A0
Q36146,A0
Q36147,A0
Q36148,A0
Q36149,A0
Q36150,A0
Q36151,A0
Q36152,A0
Q36153,A0
Q36154,A0
Q36155,A0
Q36156,A0
Q36157,A0
Q36158,A0
Q36159,A0
Q36160,A0
Q36161,A0
Q36162,A0
Q36163,A0
Q36164,A0
Q36165,A0
Q36166,A0
Q36167,A0
Q36168,A0
Q36169,A0
Q36170,A0
Q36171,A0
Q36172,A0
Q36173,A0
Q36174,A0
Q36175,A0
Q36176,A0
Q36177,A0
Q36178,A0
Q36179,A0
Q36180,A0
Q36181,A0
Q36182,A0
Q36183,A0
Q36184,A0
Q36185,A0
Q36186,A0
Q36187,A0
Q36188,A0
Q36189,A0
Q36190,A0
Q36191,A0
Q36192,A0
Q36193,A0
Q36194,A0
Q36195,A0
Q36196,A0
Q36197,A0
Q36198,A0
Q36199,A0
Q36200,A0
Q36201,A0
Q36202,A0
Q36203,A0
Q36204,A0
Q36205,A0
Q36206,A0
Q36207,A0
Q36208,A0
Q36209,A0
Q36210,A0
Q36211,A0
Q36212,A0
Q36213,A0
Q36214,A0
Q36215,A0
Q36216,A0
Q36217,A0
Q36218,A0
Q36219,A0
Q36220,A0
Q36221,A0
Q36222,A0
Q36223,A0
Q36224,A0
Q36225,A0
Q36226,A0
Q36227,A0
Q36228,A0
Q36229,A0
Q36230,A0
Q36231,A0
Q36232,A0
Q36233,A0
Q36234,A0
Q36235,A0
Q36236,A0
Q36237,A0
Q36238,A0
Q36239,A0
Q36240,A0
Q36241,A0
Q36242,A0
Q36243,A0
Q36244,A0
Q36245,A0
Q36246,A0
Q36247,A0
Q36248,A0
Q36249,A0
Q36250,A0
Q36251,A0
Q36252,A0
Q36253,A0
Q36254,A0
Q36255,A0
Q36256,A0
Q36257,A0
Q36258,A0
Q36259,A0
Q36260,A0
Q36261,A0
Q36262,A0
Q36263,A0
Q36264,A0
Q36265,A0
Q36266,A0
Q36267,A0
Q36268,A0
Q36269,A0
Q36270,A0
Q36271,A0
Q36272,A0
Q36273,A0
Q36274,A0
Q36275,A0
Q36276,A0
Q36277,A0
Q36278,A0
Q36279,A0
Q36280,A0
Q36281,A0
Q36282,A0
Q36283,A0
Q36284,A0
Q36285,A0
Q36286,A0
Q36287,A0
Q36288,A0
Q36289,A0
Q36290,A0
Q36291,A0
Q36292,A0
Q36293,A0
Q36294,A0
Q36295,A0
Q36296,A0
Q36297,A0
Q36298,A0
Q36299,A0
Q36300,A0
Q36301,A0
Q36302,A0
Q36303,A0
Q36304,A0
Q36305,A0
Q36306,A0
Q36307,A0
Q36308,A0
Q36309,A0
Q36310,A0
Q36311,A0
Q36312,A0
Q36313,A0
Q36314,A0
Q36315,A0
Q36316,A0
Q36317,A0
Q36318,A0
Q36319,A0
Q36320,A0
Q36321,A0
Q36322,A0
Q36323,A0
Q36324,A0
Q36325,A0
Q36326,A0
Q36327,A0
Q36328,A0
Q36329,A0
Q36330,A0
Q36331,A0
Q36332,A0
Q36333,A0
Q36334,A0
Q36335,A0
Q36336,A0
Q36337,A0
Q36338,A0
Q36339,A0
Q36340,A0
Q36341,A0
Q36342,A0
Q36343,A0
Q36344,A0
Q36345,A0
Q36346,A0
Q36347,A0
Q36348,A0
Q36349,A0
Q36350,A0
Q36351,A0
Q36352,A0
Q36353,A0
Q36354,A0
Q36355,A0
Q36356,A0
Q36357,A0
Q36358,A0
Q36359,A0
Q36360,A0
Q36361,A0
Q36362,A0
Q36363,A0
Q36364,A0
Q36365,A0
Q36366,A0
Q36367,A0
Q36368,A0
Q36369,A0
Q36370,A0
Q36371,A0
Q36372,A0
Q36373,A0
Q36374,A0
Q36375,A0
Q36376,A0
Q36377,A0
Q36378,A0
Q36379,A0
Q36380,A0
Q36381,A0
Q36382,A0
Q36383,A0
Q36384,A0
Q36385,A0
Q36386,A0
Q36387,A0
Q36388,A0
Q36389,A0
Q36390,A0
Q36391,A0
Q36392,A0
Q36393,A0
Q36394,A0
Q36395,A0
Q36396,A0
Q36397,A0
Q36398,A0
Q36399,A0
Q36400,A0
Q36401,A0
Q36402,A0
Q36403,A0
Q36404,A0
Q36405,A0
Q36406,A0
Q36407,A0
Q36408,A0
Q36409,A0
Q36410,A0
Q36411,A0
Q36412,A0
Q36413,A0
Q36414,A0
Q36415,A0
Q36416,A0
Q36417,A0
Q36418,A0
Q36419,A0
Q36420,A0
Q36421,A0
Q36422,A0
Q36423,A0
Q36424,A0
Q36425,A0
Q36426,A0
Q36427,A0
Q36428,A0
Q36429,A0
Q36430,A0
Q36431,A0
Q36432,A0
Q36433,A0
Q36434,A0
Q36435,A0
Q36436,A0
Q36437,A0
Q36438,A0
Q36439,A0
Q36440,A0
Q36441,A0
Q36442,A0
Q36443,A0
Q36444,A0
Q36445,A0
Q36446,A0
Q36447,A0
Q36448,A0
Q36449,A0
Q36450,A0
Q36451,A0
Q36452,A0
Q36453,A0
Q36454,A0
Q36455,A0
Q36456,A0
Q36457,A0
Q36458,A0
Q36459,A0
Q36460,A0
Q36461,A0
Q36462,A0
Q36463,A0
Q36464,A0
Q36465,A0
Q36466,A0
Q36467,A0
Q36468,A0
Q36469,A0
Q36470,A0
Q36471,A0
Q36472,A0
Q36473,A0
Q36474,A0
Q36475,A0
Q36476,A0
Q36477,A0
Q36478,A0
Q36479,A0
Q36480,A0
Q36481,A0
Q36482,A0
Q36483,A0
Q36484,A0
Q36485,A0
Q36486,A0
Q36487,A0
Q36488,A0
Q36489,A0
Q36490,A0
Q36491,A0
Q36492,A0
Q36493,A0
Q36494,A0
Q36495,A0
Q36496,A0
Q36497,A0
Q36498,A0
Q36499,A0
Q36500,A0
Q36501,A0
Q36502,A0
Q36503,A0
Q36504,A0
Q36505,A0
Q36506,A0
Q36507,A0
Q36508,A0
Q36509,A0
Q36510,A0
Q36511,A0
Q36512,A0
Q36513,A0
Q36514,A0
Q36515,A0
Q36516,A0
Q36517,A0
Q36518,A0
Q36519,A0
Q36520,A0
Q36521,A0
Q36522,A0
Q36523,A0
Q36524,A0
Q36525,A0
Q36526,A0
Q36527,A0
Q36528,A0
Q36529,A0
Q36530,A0
Q36531,A0
Q36532,A0
Q36533,A0
Q36534,A0
Q36535,A0
Q36536,A0
Q36537,A0
Q36538,A0
Q36539,A0
Q36540,A0
Q36541,A0
Q36542,A0
Q36543,A0
Q36544,A0
Q36545,A0
Q36546,A0
Q36547,A0
Q36548,A0
Q36549,A0
Q36550,A0
Q36551,A0
Q36552,A0
Q36553,A0
Q36554,A0
Q36555,A0
Q36556,A0
Q36557,A0
Q36558,A0
Q36559,A0
Q36560,A0
Q36561,A0
Q36562,A0
Q36563,A0
Q36564,A0
Q36565,A0
Q36566,A0
Q36567,A0
Q36568,A0
Q36569,A0
Q36570,A0
Q36571,A0
Q36572,A0
Q36573,A0
Q36574,A0
Q36575,A0
Q36576,A0
Q36577,A0
Q36578,A0
Q36579,A0
Q36580,A0
Q36581,A0
Q36582,A0
Q36583,A0
Q36584,A0
Q36585,A0
Q36586,A0
Q36587,A0
Q36588,A0
Q36589,A0
Q36590,A0
Q36591,A0
Q36592,A0
Q36593,A0
Q36594,A0
Q36595,A0
Q36596,A0
Q36597,A0
Q36598,A0
Q36599,A0
Q36600,A0
Q36601,A0
Q36602,A0
Q36603,A0
Q36604,A0
Q36605,A0
Q36606,A0
Q36607,A0
Q36608,A0
Q36609,A0
Q36610,A0
Q36611,A0
Q36612,A0
Q36613,A0
Q36614,A0
Q36615,A0
Q36616,A0
Q36617,A0
Q36618,A0
Q36619,A0
Q36620,A0
Q36621,A0
Q36622,A0
Q36623,A0
Q36624,A0
Q36625,A0
Q36626,A0
Q36627,A0
Q36628,A0
Q36629,A0
Q36630,A0
Q36631,A0
Q36632,A0
Q36633,A0
Q36634,A0
Q36635,A0
Q36636,A0
Q36637,A0
Q36638,A0
Q36639,A0
Q36640,A0
Q36641,A0
Q36642,A0
Q36643,A0
Q36644,A0
Q36645,A0
Q36646,A0
Q36647,A0
Q36648,A0
Q36649,A0
Q36650,A0
Q36651,A0
Q36652,A0
Q36653,A0
Q36654,A0
Q36655,A0
Q36656,A0
Q36657,A0
Q36658,A0
Q36659,A0
Q36660,A0
Q36661,A0
Q36662,A0
Q36663,A0
Q36664,A0
Q36665,A0
Q36666,A0
Q36667,A0
Q36668,A0
Q36669,A0
Q36670,A0
Q36671,A0
Q36672,A0
Q36673,A0
Q36674,A0
Q36675,A0
Q36676,A0
Q36677,A0
Q36678,A0
Q36679,A0
Q36680,A0
Q36681,A0
Q36682,A0
Q36683,A0
Q36684,A0
Q36685,A0
Q36686,A0
Q36687,A0
Q36688,A0
Q36689,A0
Q36690,A0
Q36691,A0
Q36692,A0
Q36693,A0
Q36694,A0
Q36695,A0
Q36696,A0
Q36697,A0
Q36698,A0
Q36699,A0
Q36700,A0
Q36701,A0
Q36702,A0
Q36703,A0
Q36704,A0
Q36705,A0
Q36706,A0
Q36707,A0
Q36708,A0
Q36709,A0
Q36710,A0
Q36711,A0
Q36712,A0
Q36713,A0
Q36714,A0
Q36715,A0
Q36716,A0
Q36717,A0
Q36718,A0
Q36719,A0
Q36720,A0
Q36721,A0
Q36722,A0
Q36723,A0
Q36724,A0
Q36725,A0
Q36726,A0
Q36727,A0
Q36728,A0
Q36729,A0
Q36730,A0
Q36731,A0
Q36732,A0
Q36733,A0
Q36734,A0
Q36735,A0
Q36736,A0
Q36737,A0
Q36738,A0
Q36739,A0
Q36740,A0
Q36741,A0
Q36742,A0
Q36743,A0
Q36744,A0
Q36745,A0
Q36746,A0
Q36747,A0
Q36748,A0
Q36749,A0
Q36750,A0
Q36751,A0
Q36752,A0
Q36753,A0
Q36754,A0
Q36755,A0
Q36756,A0
Q36757,A0
Q36758,A0
Q36759,A0
Q36760,A0
Q36761,A0
Q36762,A0
Q36763,A0
Q36764,A0
Q36765,A0
Q36766,A0
Q36767,A0
Q36768,A0
Q36769,A0
Q36770,A0
Q36771,A0
Q36772,A0
Q36773,A0
Q36774,A0
Q36775,A0
Q36776,A0
Q36777,A0
Q36778,A0
Q36779,A0
Q36780,A0
Q36781,A0
Q36782,A0
Q36783,A0
Q36784,A0
Q36785,A0
Q36786,A0
Q36787,A0
Q36788,A0
Q36789,A0
Q36790,A0
Q36791,A0
Q36792,A0
Q36793,A0
Q36794,A0
Q36795,A0
Q36796,A0
Q36797,A0
Q36798,A0
Q36799,A0
Q36800,A0
Q36801,A0
Q36802,A0
Q36803,A0
Q36804,A0
Q36805,A0
Q36806,A0
Q36807,A0
Q36808,A0
Q36809,A0
Q36810,A0
Q36811,A0
Q36812,A0
Q36813,A0
Q36814,A0
Q36815,A0
Q36816,A0
Q36817,A0
Q36818,A0
Q36819,A0
Q36820,A0
Q36821,A0
Q36822,A0
Q36823,A0
Q36824,A0
Q36825,A0
Q36826,A0
Q36827,A0
Q36828,A0
Q36829,A0
Q36830,A0
Q36831,A0
Q36832,A0
Q36833,A0
Q36834,A0
Q36835,A0
Q36836,A0
Q36837,A0
Q36838,A0
Q36839,A0
Q36840,A0
Q36841,A0
Q36842,A0
Q36843,A0
Q36844,A0
Q36845,A0
Q36846,A0
Q36847,A0
Q36848,A0
Q36849,A0
Q36850,A0
Q36851,A0
Q36852,A0
Q36853,A0
Q36854,A0
Q36855,A0
Q36856,A0
Q36857,A0
Q36858,A0
Q36859,A0
Q36860,A0
Q36861,A0
Q36862,A0
Q36863,A0
Q36864,A0
Q36865,A0
Q36866,A0
Q36867,A0
Q36868,A0
Q36869,A0
Q36870,A0
Q36871,A0
Q36872,A0
Q36873,A0
Q36874,A0
Q36875,A0
Q36876,A0
Q36877,A0
Q36878,A0
Q36879,A0
Q36880,A0
Q36881,A0
Q36882,A0
Q36883,A0
Q36884,A0
Q36885,A0
Q36886,A0
Q36887,A0
Q36888,A0
Q36889,A0
Q36890,A0
Q36891,A0
Q36892,A0
Q36893,A0
Q36894,A0
Q36895,A0
Q36896,A0
Q36897,A0
Q36898,A0
Q36899,A0
Q36900,A0
Q36901,A0
Q36902,A0
Q36903,A0
Q36904,A0
Q36905,A0
Q36906,A0
Q36907,A0
Q36908,A0
Q36909,A0
Q36910,A0
Q36911,A0
Q36912,A0
Q36913,A0
Q36914,A0
Q36915,A0
Q36916,A0
Q36917,A0
Q36918,A0
Q36919,A0
Q36920,A0
Q36921,A0
Q36922,A0
Q36923,A0
Q36924,A0
Q36925,A0
Q36926,A0
Q36927,A0
Q36928,A0
Q36929,A0
Q36930,A0
Q36931,A0
Q36932,A0
Q36933,A0
Q36934,A0
Q36935,A0
Q36936,A0
Q36937,A0
Q36938,A0
Q36939,A0
Q36940,A0
Q36941,A0
Q36942,A0
Q36943,A0
Q36944,A0
Q36945,A0
Q36946,A0
Q36947,A0
Q36948,A0
Q36949,A0
Q36950,A0
Q36951,A0
Q36952,A0
Q36953,A0
Q36954,A0
Q36955,A0
Q36956,A0
Q36957,A0
Q36958,A0
Q36959,A0
Q36960,A0
Q36961,A0
Q36962,A0
Q36963,A0
Q36964,A0
Q36965,A0
Q36966,A0
Q36967,A0
Q36968,A0
Q36969,A0
Q36970,A0
Q36971,A0
Q36972,A0
Q36973,A0
Q36974,A0
Q36975,A0
Q36976,A0
Q36977,A0
Q36978,A0
Q36979,A0
Q36980,A0
Q36981,A0
Q36982,A0
Q36983,A0
Q36984,A0
Q36985,A0
Q36986,A0
Q36987,A0
Q36988,A0
Q36989,A0
Q36990,A0
Q36991,A0
Q36992,A0
Q36993,A0
Q36994,A0
Q36995,A0
Q36996,A0
Q36997,A0
Q36998,A0
Q36999,A0
Q37000,A0
Q37001,A0
Q37002,A0
Q37003,A0
Q37004,A0
Q37005,A0
Q37006,A0
Q37007,A0
Q37008,A0
Q37009,A0
Q37010,A0
Q37011,A0
Q37012,A0
Q37013,A0
Q37014,A0
Q37015,A0
Q37016,A0
Q37017,A0
Q37018,A0
Q37019,A0
Q37020,A0
Q37021,A0
Q37022,A0
Q37023,A0
Q37024,A0
Q37025,A0
Q37026,A0
Q37027,A0
Q37028,A0
Q37029,A0
Q37030,A0
Q37031,A0
Q37032,A0
Q37033,A0
Q37034,A0
Q37035,A0
Q37036,A0
Q37037,A0
Q37038,A0
Q37039,A0
Q37040,A0
Q37041,A0
Q37042,A0
Q37043,A0
Q37044,A0
Q37045,A0
Q37046,A0
Q37047,A0
Q37048,A0
Q37049,A0
Q37050,A0
Q37051,A0
Q37052,A0
Q37053,A0
Q37054,A0
Q37055,A0
Q37056,A0
Q37057,A0
Q37058,A0
Q37059,A0
Q37060,A0
Q37061,A0
Q37062,A0
Q37063,A0
Q37064,A0
Q37065,A0
Q37066,A0
Q37067,A0
Q37068,A0
Q37069,A0
Q37070,A0
Q37071,A0
Q37072,A0
Q37073,A0
Q37074,A0
Q37075,A0
Q37076,A0
Q37077,A0
Q37078,A0
Q37079,A0
Q37080,A0
Q37081,A0
Q37082,A0
Q37083,A0
Q37084,A0
Q37085,A0
Q37086,A0
Q37087,A0
Q37088,A0
Q37089,A0
Q37090,A0
Q37091,A0
Q37092,A0
Q37093,A0
Q37094,A0
Q37095,A0
Q37096,A0
Q37097,A0
Q37098,A0
Q37099,A0
Q37100,A0
Q37101,A0
Q37102,A0
Q37103,A0
Q37104,A0
Q37105,A0
Q37106,A0
Q37107,A0
Q37108,A0
Q37109,A0
Q37110,A0
Q37111,A0
Q37112,A0
Q37113,A0
Q37114,A0
Q37115,A0
Q37116,A0
Q37117,A0
Q37118,A0
Q37119,A0
Q37120,A0
Q37121,A0
Q37122,A0
Q37123,A0
Q37124,A0
Q37125,A0
Q37126,A0
Q37127,A0
Q37128,A0
Q37129,A0
Q37130,A0
Q37131,A0
Q37132,A0
Q37133,A0
Q37134,A0
Q37135,A0
Q37136,A0
Q37137,A0
Q37138,A0
Q37139,A0
Q37140,A0
Q37141,A0
Q37142,A0
Q37143,A0
Q37144,A0
Q37145,A0
Q37146,A0
Q37147,A0
Q37148,A0
Q37149,A0
Q37150,A0
Q37151,A0
Q37152,A0
Q37153,A0
Q37154,A0
Q37155,A0
Q37156,A0
Q37157,A0
Q37158,A0
Q37159,A0
Q37160,A0
Q37161,A0
Q37162,A0
Q37163,A0
Q37164,A0
Q37165,A0
Q37166,A0
Q37167,A0
Q37168,A0
Q37169,A0
Q37170,A0
Q37171,A0
Q37172,A0
Q37173,A0
Q37174,A0
Q37175,A0
Q37176,A0
Q37177,A0
Q37178,A0
Q37179,A0
Q37180,A0
Q37181,A0
Q37182,A0
Q37183,A0
Q37184,A0
Q37185,A0
Q37186,A0
Q37187,A0
Q37188,A0
Q37189,A0
Q37190,A0
Q37191,A0
Q37192,A0
Q37193,A0
Q37194,A0
Q37195,A0
Q37196,A0
Q37197,A0
Q37198,A0
Q37199,A0
Q37200,A0
Q37201,A0
Q37202,A0
Q37203,A0
Q37204,A0
Q37205,A0
Q37206,A0
Q37207,A0
Q37208,A0
Q37209,A0
Q37210,A0
Q37211,A0
Q37212,A0
Q37213,A0
Q37214,A0
Q37215,A0
Q37216,A0
Q37217,A0
Q37218,A0
Q37219,A0
Q37220,A0
Q37221,A0
Q37222,A0
Q37223,A0
Q37224,A0
Q37225,A0
Q37226,A0
Q37227,A0
Q37228,A0
Q37229,A0
Q37230,A0
Q37231,A0
Q37232,A0
Q37233,A0
Q37234,A0
Q37235,A0
Q37236,A0
Q37237,A0
Q37238,A0
Q37239,A0
Q37240,A0
Q37241,A0
Q37242,A0
Q37243,A0
Q37244,A0
Q37245,A0
Q37246,A0
Q37247,A0
Q37248,A0
Q37249,A0
Q37250,A0
Q37251,A0
Q37252,A0
Q37253,A0
Q37254,A0
Q37255,A0
Q37256,A0
Q37257,A0
Q37258,A0
Q37259,A0
Q37260,A0
Q37261,A0
Q37262,A0
Q37263,A0
Q37264,A0
Q37265,A0
Q37266,A0
Q37267,A0
Q37268,A0
Q37269,A0
Q37270,A0
Q37271,A0
Q37272,A0
Q37273,A0
Q37274,A0
Q37275,A0
Q37276,A0
Q37277,A0
Q37278,A0
Q37279,A0
Q37280,A0
Q37281,A0
Q37282,A0
Q37283,A0
Q37284,A0
Q37285,A0
Q37286,A0
Q37287,A0
Q37288,A0
Q37289,A0
Q37290,A0
Q37291,A0
Q37292,A0
Q37293,A0
Q37294,A0
Q37295,A0
Q37296,A0
Q37297,A0
Q37298,A0
Q37299,A0
Q37300,A0
Q37301,A0
Q37302,A0
Q37303,A0
Q37304,A0
Q37305,A0
Q37306,A0
Q37307,A0
Q37308,A0
Q37309,A0
Q37310,A0
Q37311,A0
Q37312,A0
Q37313,A0
Q37314,A0
Q37315,A0
Q37316,A0
Q37317,A0
Q37318,A0
Q37319,A0
Q37320,A0
Q37321,A0
Q37322,A0
Q37323,A0
Q37324,A0
Q37325,A0
Q37326,A0
Q37327,A0
Q37328,A0
Q37329,A0
Q37330,A0
Q37331,A0
Q37332,A0
Q37333,A0
Q37334,A0
Q37335,A0
Q37336,A0
Q37337,A0
Q37338,A0
Q37339,A0
Q37340,A0
Q37341,A0
Q37342,A0
Q37343,A0
Q37344,A0
Q37345,A0
Q37346,A0
Q37347,A0
Q37348,A0
Q37349,A0
Q37350,A0
Q37351,A0
Q37352,A0
Q37353,A0
Q37354,A0
Q37355,A0
Q37356,A0
Q37357,A0
Q37358,A0
Q37359,A0
Q37360,A0
Q37361,A0
Q37362,A0
Q37363,A0
Q37364,A0
Q37365,A0
Q37366,A0
Q37367,A0
Q37368,A0
Q37369,A0
Q37370,A0
Q37371,A0
Q37372,A0
Q37373,A0
Q37374,A0
Q37375,A0
Q37376,A0
Q37377,A0
Q37378,A0
Q37379,A0
Q37380,A0
Q37381,A0
Q37382,A0
Q37383,A0
Q37384,A0
Q37385,A0
Q37386,A0
Q37387,A0
Q37388,A0
Q37389,A0
Q37390,A0
Q37391,A0
Q37392,A0
Q37393,A0
Q37394,A0
Q37395,A0
Q37396,A0
Q37397,A0
Q37398,A0
Q37399,A0
Q37400,A0
Q37401,A0
Q37402,A0
Q37403,A0
Q37404,A0
Q37405,A0
Q37406,A0
Q37407,A0
Q37408,A0
Q37409,A0
Q37410,A0
Q37411,A0
Q37412,A0
Q37413,A0
Q37414,A0
Q37415,A0
Q37416,A0
Q37417,A0
Q37418,A0
Q37419,A0
Q37420,A0
Q37421,A0
Q37422,A0
Q37423,A0
Q37424,A0
Q37425,A0
Q37426,A0
Q37427,A0
Q37428,A0
Q37429,A0
Q37430,A0
Q37431,A0
Q37432,A0
Q37433,A0
Q37434,A0
Q37435,A0
Q37436,A0
Q37437,A0
Q37438,A0
Q37439,A0
Q37440,A0
Q37441,A0
Q37442,A0
Q37443,A0
Q37444,A0
Q37445,A0
Q37446,A0
Q37447,A0
Q37448,A0
Q37449,A0
Q37450,A0
Q37451,A0
Q37452,A0
Q37453,A0
Q37454,A0
Q37455,A0
Q37456,A0
Q37457,A0
Q37458,A0
Q37459,A0
Q37460,A0
Q37461,A0
Q37462,A0
Q37463,A0
Q37464,A0
Q37465,A0
Q37466,A0
Q37467,A0
Q37468,A0
Q37469,A0
Q37470,A0
Q37471,A0
Q37472,A0
Q37473,A0
Q37474,A0
Q37475,A0
Q37476,A0
Q37477,A0
Q37478,A0
Q37479,A0
Q37480,A0
Q37481,A0
Q37482,A0
Q37483,A0
Q37484,A0
Q37485,A0
Q37486,A0
Q37487,A0
Q37488,A0
Q37489,A0
Q37490,A0
Q37491,A0
Q37492,A0
Q37493,A0
Q37494,A0
Q37495,A0
Q37496,A0
Q37497,A0
Q37498,A0
Q37499,A0
Q37500,A0
Q37501,A0
Q37502,A0
Q37503,A0
Q37504,A0
Q37505,A0
Q37506,A0
Q37507,A0
Q37508,A0
Q37509,A0
Q37510,A0
Q37511,A0
Q37512,A0
Q37513,A0
Q37514,A0
Q37515,A0
Q37516,A0
Q37517,A0
Q37518,A0
Q37519,A0
Q37520,A0
Q37521,A0
Q37522,A0
Q37523,A0
Q37524,A0
Q37525,A0
Q37526,A0
Q37527,A0
Q37528,A0
Q37529,A0
Q37530,A0
Q37531,A0
Q37532,A0
Q37533,A0
Q37534,A0
Q37535,A0
Q37536,A0
Q37537,A0
Q37538,A0
Q37539,A0
Q37540,A0
Q37541,A0
Q37542,A0
Q37543,A0
Q37544,A0
Q37545,A0
Q37546,A0
Q37547,A0
Q37548,A0
Q37549,A0
Q37550,A0
Q37551,A0
Q37552,A0
Q37553,A0
Q37554,A0
Q37555,A0
Q37556,A0
Q37557,A0
Q37558,A0
Q37559,A0
Q37560,A0
Q37561,A0
Q37562,A0
Q37563,A0
Q37564,A0
Q37565,A0
Q37566,A0
Q37567,A0
Q37568,A0
Q37569,A0
Q37570,A0
Q37571,A0
Q37572,A0
Q37573,A0
Q37574,A0
Q37575,A0
Q37576,A0
Q37577,A0
Q37578,A0
Q37579,A0
Q37580,A0
Q37581,A0
Q37582,A0
Q37583,A0
Q37584,A0
Q37585,A0
Q37586,A0
Q37587,A0
Q37588,A0
Q37589,A0
Q37590,A0
Q37591,A0
Q37592,A0
Q37593,A0
Q37594,A0
Q37595,A0
Q37596,A0
Q37597,A0
Q37598,A0
Q37599,A0
Q37600,A0
Q37601,A0
Q37602,A0
Q37603,A0
Q37604,A0
Q37605,A0
Q37606,A0
Q37607,A0
Q37608,A0
Q37609,A0
Q37610,A0
Q37611,A0
Q37612,A0
Q37613,A0
Q37614,A0
Q37615,A0
Q37616,A0
Q37617,A0
Q37618,A0
Q37619,A0
Q37620,A0
Q37621,A0
Q37622,A0
Q37623,A0
Q37624,A0
Q37625,A0
Q37626,A0
Q37627,A0
Q37628,A0
Q37629,A0
Q37630,A0
Q37631,A0
Q37632,A0
Q37633,A0
Q37634,A0
Q37635,A0
Q37636,A0
Q37637,A0
Q37638,A0
Q37639,A0
Q37640,A0
Q37641,A0
Q37642,A0
Q37643,A0
Q37644,A0
Q37645,A0
Q37646,A0
Q37647,A0
Q37648,A0
Q37649,A0
Q37650,A0
Q37651,A0
Q37652,A0
Q37653,A0
Q37654,A0
Q37655,A0
Q37656,A0
Q37657,A0
Q37658,A0
Q37659,A0
Q37660,A0
Q37661,A0
Q37662,A0
Q37663,A0
Q37664,A0
Q37665,A0
Q37666,A0
Q37667,A0
Q37668,A0
Q37669,A0
Q37670,A0
Q37671,A0
Q37672,A0
Q37673,A0
Q37674,A0
Q37675,A0
Q37676,A0
Q37677,A0
Q37678,A0
Q37679,A0
Q37680,A0
Q37681,A0
Q37682,A0
Q37683,A0
Q37684,A0
Q37685,A0
Q37686,A0
Q37687,A0
Q37688,A0
Q37689,A0
Q37690,A0
Q37691,A0
Q37692,A0
Q37693,A0
Q37694,A0
Q37695,A0
Q37696,A0
Q37697,A0
Q37698,A0
Q37699,A0
Q37700,A0
Q37701,A0
Q37702,A0
Q37703,A0
Q37704,A0
Q37705,A0
Q37706,A0
Q37707,A0
Q37708,A0
Q37709,A0
Q37710,A0
Q37711,A0
Q37712,A0
Q37713,A0
Q37714,A0
Q37715,A0
Q37716,A0
Q37717,A0
Q37718,A0
Q37719,A0
Q37720,A0
Q37721,A0
Q37722,A0
Q37723,A0
Q37724,A0
Q37725,A0
Q37726,A0
Q37727,A0
Q37728,A0
Q37729,A0
Q37730,A0
Q37731,A0
Q37732,A0
Q37733,A0
Q37734,A0
Q37735,A0
Q37736,A0
Q37737,A0
Q37738,A0
Q37739,A0
Q37740,A0
Q37741,A0
Q37742,A0
Q37743,A0
Q37744,A0
Q37745,A0
Q37746,A0
Q37747,A0
Q37748,A0
Q37749,A0
Q37750,A0
Q37751,A0
Q37752,A0
Q37753,A0
Q37754,A0
Q37755,A0
Q37756,A0
Q37757,A0
Q37758,A0
Q37759,A0
Q37760,A0
Q37761,A0
Q37762,A0
Q37763,A0
Q37764,A0
Q37765,A0
Q37766,A0
Q37767,A0
Q37768,A0
Q37769,A0
Q37770,A0
Q37771,A0
Q37772,A0
Q37773,A0
Q37774,A0
Q37775,A0
Q37776,A0
Q37777,A0
Q37778,A0
Q37779,A0
Q37780,A0
Q37781,A0
Q37782,A0
Q37783,A0
Q37784,A0
Q37785,A0
Q37786,A0
Q37787,A0
Q37788,A0
Q37789,A0
Q37790,A0
Q37791,A0
Q37792,A0
Q37793,A0
Q37794,A0
Q37795,A0
Q37796,A0
Q37797,A0
Q37798,A0
Q37799,A0
Q37800,A0
Q37801,A0
Q37802,A0
Q37803,A0
Q37804,A0
Q37805,A0
Q37806,A0
Q37807,A0
Q37808,A0
Q37809,A0
Q37810,A0
Q37811,A0
Q37812,A0
Q37813,A0
Q37814,A0
Q37815,A0
Q37816,A0
Q37817,A0
Q37818,A0
Q37819,A0
Q37820,A0
Q37821,A0
Q37822,A0
Q37823,A0
Q37824,A0
Q37825,A0
Q37826,A0
Q37827,A0
Q37828,A0
Q37829,A0
Q37830,A0
Q37831,A0
Q37832,A0
Q37833,A0
Q37834,A0
Q37835,A0
Q37836,A0
Q37837,A0
Q37838,A0
Q37839,A0
Q37840,A0
Q37841,A0
Q37842,A0
Q37843,A0
Q37844,A0
Q37845,A0
Q37846,A0
Q37847,A0
Q37848,A0
Q37849,A0
Q37850,A0
Q37851,A0
Q37852,A0
Q37853,A0
Q37854,A0
Q37855,A0
Q37856,A0
Q37857,A0
Q37858,A0
Q37859,A0
Q37860,A0
Q37861,A0
Q37862,A0
Q37863,A0
Q37864,A0
Q37865,A0
Q37866,A0
Q37867,A0
Q37868,A0
Q37869,A0
Q37870,A0
Q37871,A0
Q37872,A0
Q37873,A0
Q37874,A0
Q37875,A0
Q37876,A0
Q37877,A0
Q37878,A0
Q37879,A0
Q37880,A0
Q37881,A0
Q37882,A0
Q37883,A0
Q37884,A0
Q37885,A0
Q37886,A0
Q37887,A0
Q37888,A0
Q37889,A0
Q37890,A0
Q37891,A0
Q37892,A0
Q37893,A0
Q37894,A0
Q37895,A0
Q37896,A0
Q37897,A0
Q37898,A0
Q37899,A0
Q37900,A0
Q37901,A0
Q37902,A0
Q37903,A0
Q37904,A0
Q37905,A0
Q37906,A0
Q37907,A0
Q37908,A0
Q37909,A0
Q37910,A0
Q37911,A0
Q37912,A0
Q37913,A0
Q37914,A0
Q37915,A0
Q37916,A0
Q37917,A0
Q37918,A0
Q37919,A0
Q37920,A0
Q37921,A0
Q37922,A0
Q37923,A0
Q37924,A0
Q37925,A0
Q37926,A0
Q37927,A0
Q37928,A0
Q37929,A0
Q37930,A0
Q37931,A0
Q37932,A0
Q37933,A0
Q37934,A0
Q37935,A0
Q37936,A0
Q37937,A0
Q37938,A0
Q37939,A0
Q37940,A0
Q37941,A0
Q37942,A0
Q37943,A0
Q37944,A0
Q37945,A0
Q37946,A0
Q37947,A0
Q37948,A0
Q37949,A0
Q37950,A0
Q37951,A0
Q37952,A0
Q37953,A0
Q37954,A0
Q37955,A0
Q37956,A0
Q37957,A0
Q37958,A0
Q37959,A0
Q37960,A0
Q37961,A0
Q37962,A0
Q37963,A0
Q37964,A0
Q37965,A0
Q37966,A0
Q37967,A0
Q37968,A0
Q37969,A0
Q37970,A0
Q37971,A0
Q37972,A0
Q37973,A0
Q37974,A0
Q37975,A0
Q37976,A0
Q37977,A0
Q37978,A0
Q37979,A0
Q37980,A0
Q37981,A0
Q37982,A0
Q37983,A0
Q37984,A0
Q37985,A0
Q37986,A0
Q37987,A0
Q37988,A0
Q37989,A0
Q37990,A0
Q37991,A0
Q37992,A0
Q37993,A0
Q37994,A0
Q37995,A0
Q37996,A0
Q37997,A0
Q37998,A0
Q37999,A0
Q38000,A0
Q38001,A0
Q38002,A0
Q38003,A0
Q38004,A0
Q38005,A0
Q38006,A0
Q38007,A0
Q38008,A0
Q38009,A0
Q38010,A0
Q38011,A0
Q38012,A0
Q38013,A0
Q38014,A0
Q38015,A0
Q38016,A0
Q38017,A0
Q38018,A0
Q38019,A0
Q38020,A0
Q38021,A0
Q38022,A0
Q38023,A0
Q38024,A0
Q38025,A0
Q38026,A0
Q38027,A0
Q38028,A0
Q38029,A0
Q38030,A0
Q38031,A0
Q38032,A0
Q38033,A0
Q38034,A0
Q38035,A0
Q38036,A0
Q38037,A0
Q38038,A0
Q38039,A0
Q38040,A0
Q38041,A0
Q38042,A0
Q38043,A0
Q38044,A0
Q38045,A0
Q38046,A0
Q38047,A0
Q38048,A0
Q38049,A0
Q38050,A0
Q38051,A0
Q38052,A0
Q38053,A0
Q38054,A0
Q38055,A0
Q38056,A0
Q38057,A0
Q38058,A0
Q38059,A0
Q38060,A0
Q38061,A0
Q38062,A0
Q38063,A0
Q38064,A0
Q38065,A0
Q38066,A0
Q38067,A0
Q38068,A0
Q38069,A0
Q38070,A0
Q38071,A0
Q38072,A0
Q38073,A0
Q38074,A0
Q38075,A0
Q38076,A0
Q38077,A0
Q38078,A0
Q38079,A0
Q38080,A0
Q38081,A0
Q38082,A0
Q38083,A0
Q38084,A0
Q38085,A0
Q38086,A0
Q38087,A0
Q38088,A0
Q38089,A0
Q38090,A0
Q38091,A0
Q38092,A0
Q38093,A0
Q38094,A0
Q38095,A0
Q38096,A0
Q38097,A0
Q38098,A0
Q38099,A0
Q38100,A0
Q38101,A0
Q38102,A0
Q38103,A0
Q38104,A0
Q38105,A0
Q38106,A0
Q38107,A0
Q38108,A0
Q38109,A0
Q38110,A0
Q38111,A0
Q38112,A0
Q38113,A0
Q38114,A0
Q38115,A0
Q38116,A0
Q38117,A0
Q38118,A0
Q38119,A0
Q38120,A0
Q38121,A0
Q38122,A0
Q38123,A0
Q38124,A0
Q38125,A0
Q38126,A0
Q38127,A0
Q38128,A0
Q38129,A0
Q38130,A0
Q38131,A0
Q38132,A0
Q38133,A0
Q38134,A0
Q38135,A0
Q38136,A0
Q38137,A0
Q38138,A0
Q38139,A0
Q38140,A0
Q38141,A0
Q38142,A0
Q38143,A0
Q38144,A0
Q38145,A0
Q38146,A0
Q38147,A0
Q38148,A0
Q38149,A0
Q38150,A0
Q38151,A0
Q38152,A0
Q38153,A0
Q38154,A0
Q38155,A0
Q38156,A0
Q38157,A0
Q38158,A0
Q38159,A0
Q38160,A0
Q38161,A0
Q38162,A0
Q38163,A0
Q38164,A0
Q38165,A0
Q38166,A0
Q38167,A0
Q38168,A0
Q38169,A0
Q38170,A0
Q38171,A0
Q38172,A0
Q38173,A0
Q38174,A0
Q38175,A0
Q38176,A0
Q38177,A0
Q38178,A0
Q38179,A0
Q38180,A0
Q38181,A0
Q38182,A0
Q38183,A0
Q38184,A0
Q38185,A0
Q38186,A0
Q38187,A0
Q38188,A0
Q38189,A0
Q38190,A0
Q38191,A0
Q38192,A0
Q38193,A0
Q38194,A0
Q38195,A0
Q38196,A0
Q38197,A0
Q38198,A0
Q38199,A0
Q38200,A0
Q38201,A0
Q38202,A0
Q38203,A0
Q38204,A0
Q38205,A0
Q38206,A0
Q38207,A0
Q38208,A0
Q38209,A0
Q38210,A0
Q38211,A0
Q38212,A0
Q38213,A0
Q38214,A0
Q38215,A0
Q38216,A0
Q38217,A0
Q38218,A0
Q38219,A0
Q38220,A0
Q38221,A0
Q38222,A0
Q38223,A0
Q38224,A0
Q38225,A0
Q38226,A0
Q38227,A0
Q38228,A0
Q38229,A0
Q38230,A0
Q38231,A0
Q38232,A0
Q38233,A0
Q38234,A0
Q38235,A0
Q38236,A0
Q38237,A0
Q38238,A0
Q38239,A0
Q38240,A0
Q38241,A0
Q38242,A0
Q38243,A0
Q38244,A0
Q38245,A0
Q38246,A0
Q38247,A0
Q38248,A0
Q38249,A0
Q38250,A0
Q38251,A0
Q38252,A0
Q38253,A0
Q38254,A0
Q38255,A0
Q38256,A0
Q38257,A0
Q38258,A0
Q38259,A0
Q38260,A0
Q38261,A0
Q38262,A0
Q38263,A0
Q38264,A0
Q38265,A0
Q38266,A0
Q38267,A0
Q38268,A0
Q38269,A0
Q38270,A0
Q38271,A0
Q38272,A0
Q38273,A0
Q38274,A0
Q38275,A0
Q38276,A0
Q38277,A0
Q38278,A0
Q38279,A0
Q38280,A0
Q38281,A0
Q38282,A0
Q38283,A0
Q38284,A0
Q38285,A0
Q38286,A0
Q38287,A0
Q38288,A0
Q38289,A0
Q38290,A0
Q38291,A0
Q38292,A0
Q38293,A0
Q38294,A0
Q38295,A0
Q38296,A0
Q38297,A0
Q38298,A0
Q38299,A0
Q38300,A0
Q38301,A0
Q38302,A0
Q38303,A0
Q38304,A0
Q38305,A0
Q38306,A0
Q38307,A0
Q38308,A0
Q38309,A0
Q38310,A0
Q38311,A0
Q38312,A0
Q38313,A0
Q38314,A0
Q38315,A0
Q38316,A0
Q38317,A0
Q38318,A0
Q38319,A0
Q38320,A0
Q38321,A0
Q38322,A0
Q38323,A0
Q38324,A0
Q38325,A0
Q38326,A0
Q38327,A0
Q38328,A0
Q38329,A0
Q38330,A0
Q38331,A0
Q38332,A0
Q38333,A0
Q38334,A0
Q38335,A0
Q38336,A0
Q38337,A0
Q38338,A0
Q38339,A0
Q38340,A0
Q38341,A0
Q38342,A0
Q38343,A0
Q38344,A0
Q38345,A0
Q38346,A0
Q38347,A0
Q38348,A0
Q38349,A0
Q38350,A0
Q38351,A0
Q38352,A0
Q38353,A0
Q38354,A0
Q38355,A0
Q38356,A0
Q38357,A0
Q38358,A0
Q38359,A0
Q38360,A0
Q38361,A0
Q38362,A0
Q38363,A0
Q38364,A0
Q38365,A0
Q38366,A0
Q38367,A0
Q38368,A0
Q38369,A0
Q38370,A0
Q38371,A0
Q38372,A0
Q38373,A0
Q38374,A0
Q38375,A0
Q38376,A0
Q38377,A0
Q38378,A0
Q38379,A0
Q38380,A0
Q38381,A0
Q38382,A0
Q38383,A0
Q38384,A0
Q38385,A0
Q38386,A0
Q38387,A0
Q38388,A0
Q38389,A0
Q38390,A0
Q38391,A0
Q38392,A0
Q38393,A0
Q38394,A0
Q38395,A0
Q38396,A0
Q38397,A0
Q38398,A0
Q38399,A0
Q38400,A0
Q38401,A0
Q38402,A0
Q38403,A0
Q38404,A0
Q38405,A0
Q38406,A0
Q38407,A0
Q38408,A0
Q38409,A0
Q38410,A0
Q38411,A0
Q38412,A0
Q38413,A0
Q38414,A0
Q38415,A2
Q38416,A2
Q38417,A2
Q38418,A2
Q38419,A2
Q38420,A2
Q38421,A2
Q38422,A2
Q38423,A2
Q38424,A2
Q38425,A2
Q38426,A2
Q38427,A2
Q38428,A2
Q38429,A2
Q38430,A2
Q38431,A2
Q38432,A2
Q38433,A2
Q38434,A2
Q38435,A2
Q38436,A2
Q38437,A2
Q38438,A2
Q38439,A2
Q38440,A2
Q38441,A2
Q38442,A2
Q38443,A2
Q38444,A2
Q38445,A2
Q38446,A2
Q38447,A2
Q38448,A2
Q38449,A2
Q38450,A2
Q38451,A2
Q38452,A2
Q38453,A2
Q38454,A2
Q38455,A2
Q38456,A2
Q38457,A2
Q38458,A2
Q38459,A2
Q38460,A2
Q38461,A2
Q38462,A2
Q38463,A2
Q38464,A2
Q38465,A2
Q38466,A2
Q38467,A2
Q38468,A2
Q38469,A2
Q38470,A2
Q38471,A2
Q38472,A2
Q38473,A2
Q38474,A2
Q38475,A2
Q38476,A2
Q38477,A2
Q38478,A2
Q38479,A2
Q38480,A2
Q38481,A2
Q38482,A2
Q38483,A2
Q38484,A2
Q38485,A2
Q38486,A2
Q38487,A2
Q38488,A2
Q38489,A2
Q38490,A2
Q38491,A2
Q38492,A2
Q38493,A2
Q38494,A2
Q38495,A2
Q38496,A2
Q38497,A2
Q38498,A2
Q38499,A2
Q38500,A2
Q38501,A2
Q38502,A2
Q38503,A2
Q38504,A2
Q38505,A2
Q38506,A2
Q38507,A2
Q38508,A2
Q38509,A2
Q38510,A2
Q38511,A2
Q38512,A2
Q38513,A2
Q38514,A2
Q38515,A2
Q38516,A2
Q38517,A2
Q38518,A2
Q38519,A2
Q38520,A2
Q38521,A2
Q38522,A2
Q38523,A2
Q38524,A2
Q38525,A2
Q38526,A2
Q38527,A2
Q38528,A2
Q38529,A2
Q38530,A2
Q38531,A2
Q38532,A2
Q38533,A2
Q38534,A2
Q38535,A2
Q38536,A2
Q38537,A2
Q38538,A2
Q38539,A2
Q38540,A2
Q38541,A2
Q38542,A2
Q38543,A2
Q38544,A2
Q38545,A2
Q38546,A2
Q38547,A2
Q38548,A2
Q38549,A2
Q38550,A2
Q38551,A2
Q38552,A2
Q38553,A2
Q38554,A2
Q38555,A2
Q38556,A2
Q38557,A2
Q38558,A2
Q38559,A2
Q38560,A2
Q38561,A2
Q38562,A2
Q38563,A2
Q38564,A2
Q38565,A2
Q38566,A2
Q38567,A2
Q38568,A2
Q38569,A2
Q38570,A2
Q38571,A2
Q38572,A2
Q38573,A2
Q38574,A2
Q38575,A2
Q38576,A2
Q38577,A2
Q38578,A2
Q38579,A2
Q38580,A2
Q38581,A2
Q38582,A2
Q38583,A2
Q38584,A2
Q38585,A2
Q38586,A2
Q38587,A2
Q38588,A2
Q38589,A2
Q38590,A2
Q38591,A2
Q38592,A2
Q38593,A2
Q38594,A2
Q38595,A2
Q38596,A2
Q38597,A2
Q38598,A2
Q38599,A2
Q38600,A2
Q38601,A2
Q38602,A2
Q38603,A2
Q38604,A2
Q38605,A2
Q38606,A2
Q38607,A2
Q38608,A2
Q38609,A2
Q38610,A2
Q38611,A2
Q38612,A2
Q38613,A2
Q38614,A2
Q38615,A2
Q38616,A2
Q38617,A2
Q38618,A2
Q38619,A2
Q38620,A2
Q38621,A2
Q38622,A2
Q38623,A2
Q38624,A2
Q38625,A2
Q38626,A2
Q38627,A2
Q38628,A2
Q38629,A2
Q38630,A2
Q38631,A2
Q38632,A2
Q38633,A2
Q38634,A2
Q38635,A2
Q38636,A2
Q38637,A2
Q38638,A2
Q38639,A2
Q38640,A2
Q38641,A2
Q38642,A2
Q38643,A2
Q38644,A2
Q38645,A2
Q38646,A2
Q38647,A2
Q38648,A2
Q38649,A2
Q38650,A2
Q38651,A2
Q38652,A2
Q38653,A2
Q38654,A2
Q38655,A2
Q38656,A2
Q38657,A2
Q38658,A2
Q38659,A2
Q38660,A2
Q38661,A2
Q38662,A2
Q38663,A2
Q38664,A2
Q38665,A2
Q38666,A2
Q38667,A2
Q38668,A2
Q38669,A2
Q38670,A2
Q38671,A2
Q38672,A2
Q38673,A2
Q38674,A2
Q38675,A2
Q38676,A2
Q38677,A2
Q38678,A2
Q38679,A2
Q38680,A2
Q38681,A2
Q38682,A2
Q38683,A2
Q38684,A2
Q38685,A2
Q38686,A2
Q38687,A2
Q38688,A2
Q38689,A2
Q38690,A2
Q38691,A2
Q38692,A2
Q38693,A2
Q38694,A2
Q38695,A2
Q38696,A2
Q38697,A2
Q38698,A2
Q38699,A2
Q38700,A2
Q38701,A2
Q38702,A2
Q38703,A2
Q38704,A2
Q38705,A2
Q38706,A2
Q38707,A2
Q38708,A2
Q38709,A2
Q38710,A2
Q38711,A2
Q38712,A2
Q38713,A2
Q38714,A2
Q38715,A2
Q38716,A2
Q38717,A2
Q38718,A2
Q38719,A2
Q38720,A2
Q38721,A2
Q38722,A2
Q38723,A2
Q38724,A2
Q38725,A2
Q38726,A2
Q38727,A2
Q38728,A2
Q38729,A2
Q38730,A2
Q38731,A2
Q38732,A2
Q38733,A2
Q38734,A2
Q38735,A2
Q38736,A2
Q38737,A2
Q38738,A2
Q38739,A2
Q38740,A2
Q38741,A2
Q38742,A2
Q38743,A2
Q38744,A2
Q38745,A2
Q38746,A2
Q38747,A2
Q38748,A2
Q38749,A2
Q38750,A2
Q38751,A2
Q38752,A2
Q38753,A2
Q38754,A2
Q38755,A2
Q38756,A2
Q38757,A2
Q38758,A2
Q38759,A2
Q38760,A2
Q38761,A2
Q38762,A2
Q38763,A2
Q38764,A2
Q38765,A2
Q38766,A2
Q38767,A2
Q38768,A2
Q38769,A2
Q38770,A2
Q38771,A2
Q38772,A2
Q38773,A2
Q38774,A2
Q38775,A2
Q38776,A2
Q38777,A2
Q38778,A2
Q38779,A2
Q38780,A2
Q38781,A2
Q38782,A2
Q38783,A2
Q38784,A2
Q38785,A2
Q38786,A2
Q38787,A2
Q38788,A2
Q38789,A2
Q38790,A2
Q38791,A2
Q38792,A2
Q38793,A2
Q38794,A2
Q38795,A2
Q38796,A2
Q38797,A2
Q38798,A2
Q38799,A2
Q38800,A2
Q38801,A2
Q38802,A2
Q38803,A2
Q38804,A2
Q38805,A2
Q38806,A2
Q38807,A2
Q38808,A2
Q38809,A2
Q38810,A2
Q38811,A2
Q38812,A2
Q38813,A2
Q38814,A2
Q38815,A2
Q38816,A2
Q38817,A2
Q38818,A2
Q38819,A2
Q38820,A2
Q38821,A2
Q38822,A2
Q38823,A2
Q38824,A2
Q38825,A2
Q38826,A2
Q38827,A2
Q38828,A2
Q38829,A2
Q38830,A2
Q38831,A2
Q38832,A2
Q38833,A2
Q38834,A2
Q38835,A2
Q38836,A2
Q38837,A2
Q38838,A2
Q38839,A2
Q38840,A2
Q38841,A2
Q38842,A2
Q38843,A2
Q38844,A2
Q38845,A2
Q38846,A2
Q38847,A2
Q38848,A2
Q38849,A2
Q38850,A2
Q38851,A2
Q38852,A2
Q38853,A2
Q38854,A2
Q38855,A2
Q38856,A2
Q38857,A2
Q38858,A2
Q38859,A2
Q38860,A2
Q38861,A2
Q38862,A2
Q38863,A2
Q38864,A2
Q38865,A2
Q38866,A2
Q38867,A2
Q38868,A2
Q38869,A2
Q38870,A2
Q38871,A2
Q38872,A2
Q38873,A2
Q38874,A2
Q38875,A2
Q38876,A2
Q38877,A2
Q38878,A2
Q38879,A2
Q38880,A2
Q38881,A2
Q38882,A2
Q38883,A2
Q38884,A2
Q38885,A2
Q38886,A2
Q38887,A2
Q38888,A2
Q38889,A2
Q38890,A2
Q38891,A2
Q38892,A2
Q38893,A2
Q38894,A2
Q38895,A2
Q38896,A2
Q38897,A2
Q38898,A2
Q38899,A2
Q38900,A2
Q38901,A2
Q38902,A2
Q38903,A2
Q38904,A2
Q38905,A2
Q38906,A2
Q38907,A2
Q38908,A2
Q38909,A2
Q38910,A2
Q38911,A2
Q38912,A2
Q38913,A2
Q38914,A2
Q38915,A2
Q38916,A2
Q38917,A2
Q38918,A2
Q38919,A2
Q38920,A2
Q38921,A2
Q38922,A2
Q38923,A2
Q38924,A2
Q38925,A2
Q38926,A2
Q38927,A2
Q38928,A2
Q38929,A2
Q38930,A2
Q38931,A2
Q38932,A2
Q38933,A2
Q38934,A2
Q38935,A2
Q38936,A2
Q38937,A2
Q38938,A2
Q38939,A2
Q38940,A2
Q38941,A2
Q38942,A2
Q38943,A2
Q38944,A2
Q38945,A2
Q38946,A2
Q38947,A2
Q38948,A2
Q38949,A2
Q38950,A2
Q38951,A2
Q38952,A2
Q38953,A2
Q38954,A2
Q38955,A2
Q38956,A2
Q38957,A2
Q38958,A2
Q38959,A2
Q38960,A2
Q38961,A2
Q38962,A2
Q38963,A2
Q38964,A2
Q38965,A2
Q38966,A2
Q38967,A2
Q38968,A2
Q38969,A2
Q38970,A2
Q38971,A2
Q38972,A2
Q38973,A2
Q38974,A2
Q38975,A2
Q38976,A2
Q38977,A2
Q38978,A2
Q38979,A2
Q38980,A2
Q38981,A2
Q38982,A2
Q38983,A2
Q38984,A2
Q38985,A2
Q38986,A2
Q38987,A2
Q38988,A2
Q38989,A2
Q38990,A2
Q38991,A2
Q38992,A2
Q38993,A2
Q38994,A2
Q38995,A2
Q38996,A2
Q38997,A2
Q38998,A2
Q38999,A2
Q39000,A2
Q39001,A2
Q39002,A2
Q39003,A2
Q39004,A2
Q39005,A2
Q39006,A2
Q39007,A2
Q39008,A2
Q39009,A2
Q39010,A2
Q39011,A2
Q39012,A2
Q39013,A2
Q39014,A2
Q39015,A2
Q39016,A2
Q39017,A2
Q39018,A2
Q39019,A2
Q39020,A2
Q39021,A2
Q39022,A2
Q39023,A2
Q39024,A2
Q39025,A2
Q39026,A2
Q39027,A2
Q39028,A2
Q39029,A2
Q39030,A2
Q39031,A2
Q39032,A2
Q39033,A2
Q39034,A2
Q39035,A2
Q39036,A2
Q39037,A2
Q39038,A2
Q39039,A2
Q39040,A2
Q39041,A2
Q39042,A2
Q39043,A2
Q39044,A2
Q39045,A2
Q39046,A2
Q39047,A2
Q39048,A2
Q39049,A2
Q39050,A2
Q39051,A2
Q39052,A2
Q39053,A2
Q39054,A2
Q39055,A2
Q39056,A2
Q39057,A2
Q39058,A2
Q39059,A2
Q39060,A2
Q39061,A2
Q39062,A2
Q39063,A2
Q39064,A2
Q39065,A2
Q39066,A2
Q39067,A2
Q39068,A2
Q39069,A2
Q39070,A2
Q39071,A2
Q39072,A2
Q39073,A2
Q39074,A2
Q39075,A2
Q39076,A2
Q39077,A2
Q39078,A2
Q39079,A2
Q39080,A2
Q39081,A2
Q39082,A2
Q39083,A2
Q39084,A2
Q39085,A2
Q39086,A2
Q39087,A2
Q39088,A2
Q39089,A2
Q39090,A2
Q39091,A2
Q39092,A2
Q39093,A2
Q39094,A2
Q39095,A2
Q39096,A2
Q39097,A2
Q39098,A2
Q39099,A2
Q39100,A2
Q39101,A2
Q39102,A2
Q39103,A2
Q39104,A2
Q39105,A2
Q39106,A2
Q39107,A2
Q39108,A2
Q39109,A2
Q39110,A2
Q39111,A2
Q39112,A2
Q39113,A2
Q39114,A2
Q39115,A2
Q39116,A2
Q39117,A2
Q39118,A2
Q39119,A2
Q39120,A2
Q39121,A2
Q39122,A2
Q39123,A2
Q39124,A2
Q39125,A2
Q39126,A2
Q39127,A2
Q39128,A2
Q39129,A2
Q39130,A2
Q39131,A2
Q39132,A2
Q39133,A2
Q39134,A2
Q39135,A2
Q39136,A2
Q39137,A2
Q39138,A2
Q39139,A2
Q39140,A2
Q39141,A2
Q39142,A2
Q39143,A2
Q39144,A2
Q39145,A2
Q39146,A2
Q39147,A2
Q39148,A2
Q39149,A2
Q39150,A2
Q39151,A2
Q39152,A2
Q39153,A2
Q39154,A2
Q39155,A2
Q39156,A2
Q39157,A2
Q39158,A2
Q39159,A2
Q39160,A2
Q39161,A2
Q39162,A2
Q39163,A2
Q39164,A2
Q39165,A2
Q39166,A2
Q39167,A2
Q39168,A2
Q39169,A2
Q39170,A2
Q39171,A2
Q39172,A2
Q39173,A2
Q39174,A2
Q39175,A2
Q39176,A2
Q39177,A2
Q39178,A2
Q39179,A2
Q39180,A2
Q39181,A2
Q39182,A2
Q39183,A2
Q39184,A2
Q39185,A2
Q39186,A2
Q39187,A2
Q39188,A2
Q39189,A2
Q39190,A2
Q39191,A2
Q39192,A2
Q39193,A2
Q39194,A2
Q39195,A2
Q39196,A2
Q39197,A2
Q39198,A2
Q39199,A2
Q39200,A2
Q39201,A2
Q39202,A2
Q39203,A2
Q39204,A2
Q39205,A2
Q39206,A2
Q39207,A2
Q39208,A2
Q39209,A2
Q39210,A2
Q39211,A2
Q39212,A2
Q39213,A2
Q39214,A2
Q39215,A2
Q39216,A2
Q39217,A2
Q39218,A2
Q39219,A2
Q39220,A2
Q39221,A2
Q39222,A2
Q39223,A2
Q39224,A2
Q39225,A2
Q39226,A2
Q39227,A2
Q39228,A2
Q39229,A2
Q39230,A2
Q39231,A2
Q39232,A2
Q39233,A2
Q39234,A2
Q39235,A2
Q39236,A2
Q39237,A2
Q39238,A2
Q39239,A2
Q39240,A2
Q39241,A2
Q39242,A2
Q39243,A2
Q39244,A2
Q39245,A2
Q39246,A2
Q39247,A2
Q39248,A2
Q39249,A2
Q39250,A2
Q39251,A2
Q39252,A2
Q39253,A2
Q39254,A2
Q39255,A2
Q39256,A2
Q39257,A2
Q39258,A2
Q39259,A2
Q39260,A2
Q39261,A2
Q39262,A2
Q39263,A2
Q39264,A2
Q39265,A2
Q39266,A2
Q39267,A2
Q39268,A2
Q39269,A2
Q39270,A2
Q39271,A2
Q39272,A2
Q39273,A2
Q39274,A2
Q39275,A2
Q39276,A2
Q39277,A2
Q39278,A2
Q39279,A2
Q39280,A2
Q39281,A2
Q39282,A2
Q39283,A2
Q39284,A2
Q39285,A2
Q39286,A2
Q39287,A2
Q39288,A2
Q39289,A2
Q39290,A2
Q39291,A2
Q39292,A2
Q39293,A2
Q39294,A2
Q39295,A2
Q39296,A2
Q39297,A2
Q39298,A2
Q39299,A2
Q39300,A2
Q39301,A2
Q39302,A2
Q39303,A2
Q39304,A2
Q39305,A2
Q39306,A2
Q39307,A2
Q39308,A2
Q39309,A2
Q39310,A2
Q39311,A2
Q39312,A2
Q39313,A2
Q39314,A2
Q39315,A2
Q39316,A2
Q39317,A2
Q39318,A2
Q39319,A2
Q39320,A2
Q39321,A2
Q39322,A2
Q39323,A2
Q39324,A2
Q39325,A2
Q39326,A2
Q39327,A2
Q39328,A2
Q39329,A2
Q39330,A2
Q39331,A2
Q39332,A2
Q39333,A2
Q39334,A2
Q39335,A2
Q39336,A2
Q39337,A2
Q39338,A2
Q39339,A2
Q39340,A2
Q39341,A2
Q39342,A2
Q39343,A2
Q39344,A2
Q39345,A2
Q39346,A2
Q39347,A2
Q39348,A2
Q39349,A2
Q39350,A2
Q39351,A2
Q39352,A2
Q39353,A2
Q39354,A2
Q39355,A2
Q39356,A2
Q39357,A2
Q39358,A2
Q39359,A2
Q39360,A2
Q39361,A2
Q39362,A2
Q39363,A2
Q39364,A2
Q39365,A2
Q39366,A2
Q39367,A2
Q39368,A2
Q39369,A2
Q39370,A2
Q39371,A2
Q39372,A2
Q39373,A2
Q39374,A2
Q39375,A2
Q39376,A2
Q39377,A2
Q39378,A2
Q39379,A2
Q39380,A2
Q39381,A2
Q39382,A2
Q39383,A2
Q39384,A2
Q39385,A2
Q39386,A2
Q39387,A2
Q39388,A2
Q39389,A2
Q39390,A2
Q39391,A2
Q39392,A2
Q39393,A2
Q39394,A2
Q39395,A2
Q39396,A2
Q39397,A2
Q39398,A2
Q39399,A2
Q39400,A2
Q39401,A2
Q39402,A2
Q39403,A2
Q39404,A2
Q39405,A2
Q39406,A2
Q39407,A2
Q39408,A2
Q39409,A2
Q39410,A2
Q39411,A2
Q39412,A2
Q39413,A2
Q39414,A2
Q39415,A2
Q39416,A2
Q39417,A2
Q39418,A2
Q39419,A2
Q39420,A2
Q39421,A2
Q39422,A2
Q39423,A2
Q39424,A2
Q39425,A2
Q39426,A2
Q39427,A2
Q39428,A2
Q39429,A2
Q39430,A2
Q39431,A2
Q39432,A2
Q39433,A2
Q39434,A2
Q39435,A2
Q39436,A2
Q39437,A2
Q39438,A2
Q39439,A2
Q39440,A2
Q39441,A2
Q39442,A2
Q39443,A2
Q39444,A2
Q39445,A2
Q39446,A2
Q39447,A2
Q39448,A2
Q39449,A2
Q39450,A2
Q39451,A2
Q39452,A2
Q39453,A2
Q39454,A2
Q39455,A2
Q39456,A2
Q39457,A2
Q39458,A2
Q39459,A2
Q39460,A2
Q39461,A2
Q39462,A2
Q39463,A2
Q39464,A2
Q39465,A2
Q39466,A2
Q39467,A2
Q39468,A2
Q39469,A2
Q39470,A2
Q39471,A2
Q39472,A2
Q39473,A2
Q39474,A2
Q39475,A2
Q39476,A2
Q39477,A2
Q39478,A2
Q39479,A2
Q39480,A2
Q39481,A2
Q39482,A2
Q39483,A2
Q39484,A2
Q39485,A2
Q39486,A2
Q39487,A2
Q39488,A2
Q39489,A2
Q39490,A2
Q39491,A2
Q39492,A2
Q39493,A2
Q39494,A2
Q39495,A2
Q39496,A2
Q39497,A2
Q39498,A2
Q39499,A2
Q39500,A2
Q39501,A2
Q39502,A2
Q39503,A2
Q39504,A2
Q39505,A2
Q39506,A2
Q39507,A2
Q39508,A2
Q39509,A2
Q39510,A2
Q39511,A2
Q39512,A2
Q39513,A2
Q39514,A2
Q39515,A2
Q39516,A2
Q39517,A2
Q39518,A2
Q39519,A2
Q39520,A2
Q39521,A2
Q39522,A2
Q39523,A2
Q39524,A2
Q39525,A2
Q39526,A2
Q39527,A2
Q39528,A2
Q39529,A2
Q39530,A2
Q39531,A2
Q39532,A2
Q39533,A2
Q39534,A2
Q39535,A2
Q39536,A2
Q39537,A2
Q39538,A2
Q39539,A2
Q39540,A2
Q39541,A2
Q39542,A2
Q39543,A2
Q39544,A2
Q39545,A2
Q39546,A2
Q39547,A2
Q39548,A2
Q39549,A2
Q39550,A2
Q39551,A2
Q39552,A2
Q39553,A2
Q39554,A2
Q39555,A2
Q39556,A2
Q39557,A2
Q39558,A2
Q39559,A2
Q39560,A2
Q39561,A2
Q39562,A2
Q39563,A2
Q39564,A2
Q39565,A2
Q39566,A2
Q39567,A2
Q39568,A2
Q39569,A2
Q39570,A2
Q39571,A2
Q39572,A2
Q39573,A2
Q39574,A2
Q39575,A2
Q39576,A2
Q39577,A2
Q39578,A2
Q39579,A2
Q39580,A2
Q39581,A2
Q39582,A2
Q39583,A2
Q39584,A2
Q39585,A2
Q39586,A2
Q39587,A2
Q39588,A2
Q39589,A2
Q39590,A2
Q39591,A2
Q39592,A2
Q39593,A2
Q39594,A2
Q39595,A2
Q39596,A2
Q39597,A2
Q39598,A2
Q39599,A2
Q39600,A2
Q39601,A2
Q39602,A2
Q39603,A2
Q39604,A2
Q39605,A2
Q39606,A2
Q39607,A2
Q39608,A2
Q39609,A2
Q39610,A2
Q39611,A2
Q39612,A2
Q39613,A2
Q39614,A2
Q39615,A2
Q39616,A2
Q39617,A2
Q39618,A2
Q39619,A2
Q39620,A2
Q39621,A2
Q39622,A2
Q39623,A2
Q39624,A2
Q39625,A2
Q39626,A2
Q39627,A2
Q39628,A2
Q39629,A2
Q39630,A2
Q39631,A2
Q39632,A2
Q39633,A2
Q39634,A2
Q39635,A2
Q39636,A2
Q39637,A2
Q39638,A2
Q39639,A2
Q39640,A2
Q39641,A2
Q39642,A2
Q39643,A2
Q39644,A2
Q39645,A2
Q39646,A2
Q39647,A2
Q39648,A2
Q39649,A2
Q39650,A2
Q39651,A2
Q39652,A2
Q39653,A2
Q39654,A2
Q39655,A2
Q39656,A2
Q39657,A2
Q39658,A2
Q39659,A2
Q39660,A2
Q39661,A2
Q39662,A2
Q39663,A2
Q39664,A2
Q39665,A2
Q39666,A2
Q39667,A2
Q39668,A2
Q39669,A2
Q39670,A2
Q39671,A2
Q39672,A2
Q39673,A2
Q39674,A2
Q39675,A2
Q39676,A2
Q39677,A2
Q39678,A2
Q39679,A2
Q39680,A2
Q39681,A2
Q39682,A2
Q39683,A2
Q39684,A2
Q39685,A2
Q39686,A2
Q39687,A2
Q39688,A2
Q39689,A2
Q39690,A2
Q39691,A2
Q39692,A2
Q39693,A2
Q39694,A2
Q39695,A2
Q39696,A2
Q39697,A2
Q39698,A2
Q39699,A2
Q39700,A2
Q39701,A2
Q39702,A2
Q39703,A2
Q39704,A2
Q39705,A2
Q39706,A2
Q39707,A2
Q39708,A2
Q39709,A2
Q39710,A2
Q39711,A2
Q39712,A2
Q39713,A2
Q39714,A2
Q39715,A2
Q39716,A2
Q39717,A2
Q39718,A2
Q39719,A2
Q39720,A2
Q39721,A2
Q39722,A2
Q39723,A2
Q39724,A2
Q39725,A2
Q39726,A2
Q39727,A2
Q39728,A2
Q39729,A2
Q39730,A2
Q39731,A2
Q39732,A2
Q39733,A2
Q39734,A2
Q39735,A2
Q39736,A2
Q39737,A2
Q39738,A2
Q39739,A2
Q39740,A2
Q39741,A2
Q39742,A2
Q39743,A2
Q39744,A2
Q39745,A2
Q39746,A2
Q39747,A2
Q39748,A2
Q39749,A2
Q39750,A2
Q39751,A2
Q39752,A2
Q39753,A2
Q39754,A2
Q39755,A2
Q39756,A2
Q39757,A2
Q39758,A2
Q39759,A2
Q39760,A2
Q39761,A2
Q39762,A2
Q39763,A2
Q39764,A2
Q39765,A2
Q39766,A2
Q39767,A2
Q39768,A2
Q39769,A2
Q39770,A2
Q39771,A2
Q39772,A2
Q39773,A2
Q39774,A2
Q39775,A2
Q39776,A2
Q39777,A2
Q39778,A2
Q39779,A2
Q39780,A2
Q39781,A2
Q39782,A2
Q39783,A2
Q39784,A2
Q39785,A2
Q39786,A2
Q39787,A2
Q39788,A2
Q39789,A2
Q39790,A2
Q39791,A2
Q39792,A2
Q39793,A2
Q39794,A2
Q39795,A2
Q39796,A2
Q39797,A2
Q39798,A2
Q39799,A2
Q39800,A2
Q39801,A2
Q39802,A2
Q39803,A2
Q39804,A2
Q39805,A2
Q39806,A2
Q39807,A2
Q39808,A2
Q39809,A2
Q39810,A2
Q39811,A2
Q39812,A2
Q39813,A2
Q39814,A2
Q39815,A2
Q39816,A2
Q39817,A2
Q39818,A2
Q39819,A2
Q39820,A2
Q39821,A2
Q39822,A2
Q39823,A2
Q39824,A2
Q39825,A2
Q39826,A2
Q39827,A2
Q39828,A2
Q39829,A2
Q39830,A2
Q39831,A2
Q39832,A2
Q39833,A2
Q39834,A2
Q39835,A2
Q39836,A2
Q39837,A2
Q39838,A2
Q39839,A2
Q39840,A2
Q39841,A2
Q39842,A2
Q39843,A2
Q39844,A2
Q39845,A2
Q39846,A2
Q39847,A2
Q39848,A2
Q39849,A2
Q39850,A2
Q39851,A2
Q39852,A2
Q39853,A2
Q39854,A2
Q39855,A2
Q39856,A2
Q39857,A2
Q39858,A2
Q39859,A2
Q39860,A2
Q39861,A2
Q39862,A2
Q39863,A2
Q39864,A2
Q39865,A2
Q39866,A2
Q39867,A2
Q39868,A2
Q39869,A2
Q39870,A2
Q39871,A2
Q39872,A2
Q39873,A2
Q39874,A2
Q39875,A2
Q39876,A2
Q39877,A2
Q39878,A2
Q39879,A2
Q39880,A2
Q39881,A2
Q39882,A2
Q39883,A2
Q39884,A2
Q39885,A2
Q39886,A2
Q39887,A2
Q39888,A2
Q39889,A2
Q39890,A2
Q39891,A2
Q39892,A2
Q39893,A2
Q39894,A2
Q39895,A2
Q39896,A2
Q39897,A2
Q39898,A2
Q39899,A2
Q39900,A2
Q39901,A2
Q39902,A2
Q39903,A2
Q39904,A2
Q39905,A2
Q39906,A2
Q39907,A2
Q39908,A2
Q39909,A2
Q39910,A2
Q39911,A2
Q39912,A2
Q39913,A2
Q39914,A2
Q39915,A2
Q39916,A2
Q39917,A2
Q39918,A2
Q39919,A2
Q39920,A2
Q39921,A2
Q39922,A2
Q39923,A2
Q39924,A2
Q39925,A2
Q39926,A2
Q39927,A2
Q39928,A2
Q39929,A2
Q39930,A2
Q39931,A2
Q39932,A2
Q39933,A2
Q39934,A2
Q39935,A2
Q39936,A2
Q39937,A2
Q39938,A2
Q39939,A2
Q39940,A2
Q39941,A2
Q39942,A2
Q39943,A2
Q39944,A2
Q39945,A2
Q39946,A2
Q39947,A2
Q39948,A2
Q39949,A2
Q39950,A2
Q39951,A2
Q39952,A2
Q39953,A2
Q39954,A2
Q39955,A2
Q39956,A2
Q39957,A2
Q39958,A2
Q39959,A2
Q39960,A2
Q39961,A2
Q39962,A2
Q39963,A2
Q39964,A2
Q39965,A2
Q39966,A2
Q39967,A2
Q39968,A2
Q39969,A2
Q39970,A2
Q39971,A2
Q39972,A2
Q39973,A2
Q39974,A2
Q39975,A2
Q39976,A2
Q39977,A2
Q39978,A2
Q39979,A2
Q39980,A2
Q39981,A2
Q39982,A2
Q39983,A2
Q39984,A2
Q39985,A2
Q39986,A2
Q39987,A2
Q39988,A2
Q39989,A2
Q39990,A2
Q39991,A2
Q39992,A2
Q39993,A2
Q39994,A2
Q39995,A2
Q39996,A2
Q39997,A2
Q39998,A2
Q39999,A2
Q40000,A2
Q40001,A2
Q40002,A2
Q40003,A2
Q40004,A2
Q40005,A2
Q40006,A2
Q40007,A2
Q40008,A2
Q40009,A2
Q40010,A2
Q40011,A2
Q40012,A2
Q40013,A2
Q40014,A2
Q40015,A2
Q40016,A2
Q40017,A2
Q40018,A2
Q40019,A2
Q40020,A2
Q40021,A2
Q40022,A2
Q40023,A2
Q40024,A2
Q40025,A2
Q40026,A2
Q40027,A2
Q40028,A2
Q40029,A2
Q40030,A2
Q40031,A2
Q40032,A2
Q40033,A2
Q40034,A2
Q40035,A2
Q40036,A2
Q40037,A2
Q40038,A2
Q40039,A2
Q40040,A2
Q40041,A2
Q40042,A2
Q40043,A2
Q40044,A2
Q40045,A2
Q40046,A2
Q40047,A2
Q40048,A2
Q40049,A2
Q40050,A2
Q40051,A2
Q40052,A2
Q40053,A2
Q40054,A2
Q40055,A2
Q40056,A2
Q40057,A2
Q40058,A2
Q40059,A2
Q40060,A2
Q40061,A2
Q40062,A2
Q40063,A2
Q40064,A2
Q40065,A2
Q40066,A2
Q40067,A2
Q40068,A2
Q40069,A2
Q40070,A2
Q40071,A2
Q40072,A2
Q40073,A2
Q40074,A2
Q40075,A2
Q40076,A2
Q40077,A2
Q40078,A2
Q40079,A2
Q40080,A2
Q40081,A2
Q40082,A2
Q40083,A2
Q40084,A2
Q40085,A2
Q40086,A2
Q40087,A2
Q40088,A2
Q40089,A2
Q40090,A2
Q40091,A2
Q40092,A2
Q40093,A2
Q40094,A2
Q40095,A2
Q40096,A2
Q40097,A2
Q40098,A2
Q40099,A2
Q40100,A2
Q40101,A2
Q40102,A2
Q40103,A2
Q40104,A2
Q40105,A2
Q40106,A2
Q40107,A2
Q40108,A2
Q40109,A2
Q40110,A2
Q40111,A2
Q40112,A2
Q40113,A2
Q40114,A2
Q40115,A2
Q40116,A2
Q40117,A2
Q40118,A2
Q40119,A2
Q40120,A2
Q40121,A2
Q40122,A2
Q40123,A2
Q40124,A2
Q40125,A2
Q40126,A2
Q40127,A2
Q40128,A2
Q40129,A2
Q40130,A2
Q40131,A2
Q40132,A2
Q40133,A2
Q40134,A2
Q40135,A2
Q40136,A2
Q40137,A2
Q40138,A2
Q40139,A2
Q40140,A2
Q40141,A2
Q40142,A2
Q40143,A2
Q40144,A2
Q40145,A2
Q40146,A2
Q40147,A2
Q40148,A2
Q40149,A2
Q40150,A2
Q40151,A2
Q40152,A2
Q40153,A2
Q40154,A2
Q40155,A2
Q40156,A2
Q40157,A2
Q40158,A2
Q40159,A2
Q40160,A2
Q40161,A2
Q40162,A2
Q40163,A2
Q40164,A2
Q40165,A2
Q40166,A2
Q40167,A2
Q40168,A2
Q40169,A2
Q40170,A2
Q40171,A2
Q40172,A2
Q40173,A2
Q40174,A2
Q40175,A2
Q40176,A2
Q40177,A2
Q40178,A2
Q40179,A2
Q40180,A2
Q40181,A2
Q40182,A2
Q40183,A2
Q40184,A2
Q40185,A2
Q40186,A2
Q40187,A2
Q40188,A2
Q40189,A2
Q40190,A2
Q40191,A2
Q40192,A2
Q40193,A2
Q40194,A2
Q40195,A2
Q40196,A2
Q40197,A2
Q40198,A2
Q40199,A2
Q40200,A2
Q40201,A2
Q40202,A2
Q40203,A2
Q40204,A2
Q40205,A2
Q40206,A2
Q40207,A2
Q40208,A2
Q40209,A2
Q40210,A2
Q40211,A2
Q40212,A2
Q40213,A2
Q40214,A2
Q40215,A2
Q40216,A2
Q40217,A2
Q40218,A2
Q40219,A2
Q40220,A2
Q40221,A2
Q40222,A2
Q40223,A2
Q40224,A2
Q40225,A2
Q40226,A2
Q40227,A2
Q40228,A2
Q40229,A2
Q40230,A2
Q40231,A2
Q40232,A2
Q40233,A2
Q40234,A2
Q40235,A2
Q40236,A2
Q40237,A2
Q40238,A2
Q40239,A2
Q40240,A2
Q40241,A2
Q40242,A2
Q40243,A2
Q40244,A2
Q40245,A2
Q40246,A2
Q40247,A2
Q40248,A2
Q40249,A2
Q40250,A2
Q40251,A2
Q40252,A2
Q40253,A2
Q40254,A2
Q40255,A2
Q40256,A2
Q40257,A2
Q40258,A2
Q40259,A2
Q40260,A2
Q40261,A2
Q40262,A2
Q40263,A2
Q40264,A2
Q40265,A2
Q40266,A2
Q40267,A2
Q40268,A2
Q40269,A2
Q40270,A2
Q40271,A2
Q40272,A2
Q40273,A2
Q40274,A2
Q40275,A2
Q40276,A2
Q40277,A2
Q40278,A2
Q40279,A2
Q40280,A2
Q40281,A2
Q40282,A2
Q40283,A2
Q40284,A2
Q40285,A2
Q40286,A2
Q40287,A2
Q40288,A2
Q40289,A2
Q40290,A2
Q40291,A2
Q40292,A2
Q40293,A2
Q40294,A2
Q40295,A2
Q40296,A2
Q40297,A2
Q40298,A2
Q40299,A2
Q40300,A2
Q40301,A2
Q40302,A2
Q40303,A2
Q40304,A2
Q40305,A2
Q40306,A2
Q40307,A2
Q40308,A2
Q40309,A2
Q40310,A2
Q40311,A2
Q40312,A2
Q40313,A2
Q40314,A2
Q40315,A2
Q40316,A2
Q40317,A2
Q40318,A2
Q40319,A2
Q40320,A2
Q40321,A2
Q40322,A2
Q40323,A2
Q40324,A2
Q40325,A2
Q40326,A2
Q40327,A2
Q40328,A2
Q40329,A2
Q40330,A2
Q40331,A2
Q40332,A2
Q40333,A2
Q40334,A2
Q40335,A2
Q40336,A2
Q40337,A2
Q40338,A2
Q40339,A2
Q40340,A2
Q40341,A2
Q40342,A2
Q40343,A2
Q40344,A2
Q40345,A2
Q40346,A2
Q40347,A2
Q40348,A2
Q40349,A2
Q40350,A2
Q40351,A2
Q40352,A2
Q40353,A2
Q40354,A2
Q40355,A2
Q40356,A2
Q40357,A2
Q40358,A2
Q40359,A2
Q40360,A2
Q40361,A2
Q40362,A2
Q40363,A2
Q40364,A2
Q40365,A2
Q40366,A2
Q40367,A2
Q40368,A2
Q40369,A2
Q40370,A2
Q40371,A2
Q40372,A2
Q40373,A2
Q40374,A2
Q40375,A2
Q40376,A2
Q40377,A2
Q40378,A2
Q40379,A2
Q40380,A2
Q40381,A2
Q40382,A2
Q40383,A2
Q40384,A2
Q40385,A2
Q40386,A2
Q40387,A2
Q40388,A2
Q40389,A2
Q40390,A2
Q40391,A2
Q40392,A2
Q40393,A2
Q40394,A2
Q40395,A2
Q40396,A2
Q40397,A2
Q40398,A2
Q40399,A2
Q40400,A2
Q40401,A2
Q40402,A2
Q40403,A2
Q40404,A2
Q40405,A2
Q40406,A2
Q40407,A2
Q40408,A2
Q40409,A2
Q40410,A2
Q40411,A2
Q40412,A2
Q40413,A2
Q40414,A2
Q40415,A2
Q40416,A2
Q40417,A2
Q40418,A2
Q40419,A2
Q40420,A2
Q40421,A2
Q40422,A2
Q40423,A2
Q40424,A2
Q40425,A2
Q40426,A2
Q40427,A2
Q40428,A2
Q40429,A2
Q40430,A2
Q40431,A2
Q40432,A2
Q40433,A2
Q40434,A2
Q40435,A2
Q40436,A2
Q40437,A2
Q40438,A2
Q40439,A2
Q40440,A2
Q40441,A2
Q40442,A2
Q40443,A2
Q40444,A2
Q40445,A2
Q40446,A2
Q40447,A2
Q40448,A2
Q40449,A2
Q40450,A2
Q40451,A2
Q40452,A2
Q40453,A2
Q40454,A2
Q40455,A2
Q40456,A2
Q40457,A2
Q40458,A2
Q40459,A2
Q40460,A2
Q40461,A2
Q40462,A2
Q40463,A2
Q40464,A2
Q40465,A2
Q40466,A2
Q40467,A2
Q40468,A2
Q40469,A2
Q40470,A2
Q40471,A2
Q40472,A2
Q40473,A2
Q40474,A2
Q40475,A2
Q40476,A2
Q40477,A2
Q40478,A2
Q40479,A2
Q40480,A2
Q40481,A2
Q40482,A2
Q40483,A2
Q40484,A2
Q40485,A2
Q40486,A2
Q40487,A2
Q40488,A2
Q40489,A2
Q40490,A2
Q40491,A2
Q40492,A2
Q40493,A2
Q40494,A2
Q40495,A2
Q40496,A2
Q40497,A2
Q40498,A2
Q40499,A2
Q40500,A2
Q40501,A2
Q40502,A2
Q40503,A2
Q40504,A2
Q40505,A2
Q40506,A2
Q40507,A2
Q40508,A2
Q40509,A2
Q40510,A2
Q40511,A2
Q40512,A2
Q40513,A2
Q40514,A2
Q40515,A2
Q40516,A2
Q40517,A2
Q40518,A2
Q40519,A2
Q40520,A2
Q40521,A2
Q40522,A2
Q40523,A2
Q40524,A2
Q40525,A2
Q40526,A2
Q40527,A2
Q40528,A2
Q40529,A2
Q40530,A2
Q40531,A2
Q40532,A2
Q40533,A2
Q40534,A2
Q40535,A2
Q40536,A2
Q40537,A2
Q40538,A2
Q40539,A2
Q40540,A2
Q40541,A2
Q40542,A2
Q40543,A2
Q40544,A2
Q40545,A2
Q40546,A2
Q40547,A2
Q40548,A2
Q40549,A2
Q40550,A2
Q40551,A2
Q40552,A2
Q40553,A2
Q40554,A2
Q40555,A2
Q40556,A2
Q40557,A2
Q40558,A2
Q40559,A2
Q40560,A2
Q40561,A2
Q40562,A2
Q40563,A2
Q40564,A2
Q40565,A2
Q40566,A2
Q40567,A2
Q40568,A2
Q40569,A2
Q40570,A2
Q40571,A2
Q40572,A2
Q40573,A2
Q40574,A2
Q40575,A2
Q40576,A2
Q40577,A2
Q40578,A2
Q40579,A2
Q40580,A2
Q40581,A2
Q40582,A2
Q40583,A2
Q40584,A2
Q40585,A2
Q40586,A2
Q40587,A2
Q40588,A2
Q40589,A2
Q40590,A2
Q40591,A2
Q40592,A2
Q40593,A2
Q40594,A2
Q40595,A2
Q40596,A2
Q40597,A2
Q40598,A2
Q40599,A2
Q40600,A2
Q40601,A2
Q40602,A2
Q40603,A2
Q40604,A2
Q40605,A2
Q40606,A2
Q40607,A2
Q40608,A2
Q40609,A2
Q40610,A2
Q40611,A2
Q40612,A2
Q40613,A2
Q40614,A2
Q40615,A2
Q40616,A2
Q40617,A2
Q40618,A2
Q40619,A2
Q40620,A2
Q40621,A2
Q40622,A2
Q40623,A2
Q40624,A2
Q40625,A2
Q40626,A2
Q40627,A2
Q40628,A2
Q40629,A2
Q40630,A2
Q40631,A2
Q40632,A2
Q40633,A2
Q40634,A2
Q40635,A2
Q40636,A2
Q40637,A2
Q40638,A2
Q40639,A2
Q40640,A2
Q40641,A2
Q40642,A2
Q40643,A2
Q40644,A2
Q40645,A2
Q40646,A2
Q40647,A2
Q40648,A2
Q40649,A2
Q40650,A2
Q40651,A2
Q40652,A2
Q40653,A2
Q40654,A2
Q40655,A2
Q40656,A2
Q40657,A2
Q40658,A2
Q40659,A2
Q40660,A2
Q40661,A2
Q40662,A2
Q40663,A2
Q40664,A2
Q40665,A2
Q40666,A2
Q40667,A2
Q40668,A2
Q40669,A2
Q40670,A2
Q40671,A2
Q40672,A2
Q40673,A2
Q40674,A2
Q40675,A2
Q40676,A2
Q40677,A2
Q40678,A2
Q40679,A2
Q40680,A2
Q40681,A2
Q40682,A2
Q40683,A2
Q40684,A2
Q40685,A2
Q40686,A2
Q40687,A2
Q40688,A2
Q40689,A2
Q40690,A2
Q40691,A2
Q40692,A2
Q40693,A2
Q40694,A2
Q40695,A2
Q40696,A2
Q40697,A2
Q40698,A2
Q40699,A2
Q40700,A2
Q40701,A2
Q40702,A2
Q40703,A2
Q40704,A2
Q40705,A2
Q40706,A2
Q40707,A2
Q40708,A2
Q40709,A2
Q40710,A2
Q40711,A2
Q40712,A2
Q40713,A2
Q40714,A2
Q40715,A2
Q40716,A2
Q40717,A2
Q40718,A2
Q40719,A2
Q40720,A2
Q40721,A2
Q40722,A2
Q40723,A2
Q40724,A2
Q40725,A2
Q40726,A2
Q40727,A2
Q40728,A2
Q40729,A2
Q40730,A2
Q40731,A2
Q40732,A2
Q40733,A2
Q40734,A2
Q40735,A2
Q40736,A2
Q40737,A2
Q40738,A2
Q40739,A2
Q40740,A2
Q40741,A2
Q40742,A2
Q40743,A2
Q40744,A2
Q40745,A2
Q40746,A2
Q40747,A2
Q40748,A2
Q40749,A2
Q40750,A2
Q40751,A2
Q40752,A2
Q40753,A2
Q40754,A2
Q40755,A2
Q40756,A2
Q40757,A2
Q40758,A2
Q40759,A2
Q40760,A2
Q40761,A2
Q40762,A2
Q40763,A2
Q40764,A2
Q40765,A2
Q40766,A2
Q40767,A2
Q40768,A2
Q40769,A2
Q40770,A2
Q40771,A2
Q40772,A2
Q40773,A2
Q40774,A2
Q40775,A2
Q40776,A2
Q40777,A2
Q40778,A2
Q40779,A2
Q40780,A2
Q40781,A2
Q40782,A2
Q40783,A2
Q40784,A2
Q40785,A2
Q40786,A2
Q40787,A2
Q40788,A2
Q40789,A2
Q40790,A2
Q40791,A2
Q40792,A2
Q40793,A2
Q40794,A2
Q40795,A2
Q40796,A2
Q40797,A2
Q40798,A2
Q40799,A2
Q40800,A2
Q40801,A2
Q40802,A2
Q40803,A2
Q40804,A2
Q40805,A2
Q40806,A2
Q40807,A2
Q40808,A2
Q40809,A2
Q40810,A2
Q40811,A2
Q40812,A2
Q40813,A2
Q40814,A2
Q40815,A2
Q40816,A2
Q40817,A2
Q40818,A2
Q40819,A2
Q40820,A2
Q40821,A2
Q40822,A2
Q40823,A2
Q40824,A2
Q40825,A2
Q40826,A2
Q40827,A2
Q40828,A2
Q40829,A2
Q40830,A2
Q40831,A2
Q40832,A2
Q40833,A2
Q40834,A2
Q40835,A2
Q40836,A2
Q40837,A2
Q40838,A2
Q40839,A2
Q40840,A2
Q40841,A2
Q40842,A2
Q40843,A2
Q40844,A2
Q40845,A2
Q40846,A2
Q40847,A2
Q40848,A2
Q40849,A2
Q40850,A2
Q40851,A2
Q40852,A2
Q40853,A2
Q40854,A2
Q40855,A2
Q40856,A2
Q40857,A2
Q40858,A2
Q40859,A2
Q40860,A2
Q40861,A2
Q40862,A2
Q40863,A2
Q40864,A2
Q40865,A2
Q40866,A2
Q40867,A2
Q40868,A2
Q40869,A2
Q40870,A2
Q40871,A2
Q40872,A2
Q40873,A2
Q40874,A2
Q40875,A2
Q40876,A2
Q40877,A2
Q40878,A2
Q40879,A2
Q40880,A2
Q40881,A2
Q40882,A2
Q40883,A2
Q40884,A2
Q40885,A2
Q40886,A2
Q40887,A2
Q40888,A2
Q40889,A2
Q40890,A2
Q40891,A2
Q40892,A2
Q40893,A2
Q40894,A2
Q40895,A2
Q40896,A2
Q40897,A2
Q40898,A2
Q40899,A2
Q40900,A2
Q40901,A2
Q40902,A2
Q40903,A2
Q40904,A2
Q40905,A2
Q40906,A2
Q40907,A2
Q40908,A2
Q40909,A2
Q40910,A2
Q40911,A2
Q40912,A2
Q40913,A2
Q40914,A2
Q40915,A2
Q40916,A2
Q40917,A2
Q40918,A2
Q40919,A2
Q40920,A2
Q40921,A2
Q40922,A2
Q40923,A2
Q40924,A2
Q40925,A2
Q40926,A2
Q40927,A2
Q40928,A2
Q40929,A2
Q40930,A2
Q40931,A2
Q40932,A2
Q40933,A2
Q40934,A2
Q40935,A2
Q40936,A2
Q40937,A2
Q40938,A2
Q40939,A2
Q40940,A2
Q40941,A2
Q40942,A2
Q40943,A2
Q40944,A2
Q40945,A2
Q40946,A2
Q40947,A2
Q40948,A2
Q40949,A2
Q40950,A2
Q40951,A2
Q40952,A2
Q40953,A2
Q40954,A2
Q40955,A2
Q40956,A2
Q40957,A2
Q40958,A2
Q40959,A2
Q40960,A2
Q40961,A2
Q40962,A2
Q40963,A2
Q40964,A2
Q40965,A2
Q40966,A2
Q40967,A2
Q40968,A2
Q40969,A2
Q40970,A2
Q40971,A2
Q40972,A2
Q40973,A2
Q40974,A2
Q40975,A2
Q40976,A2
Q40977,A2
Q40978,A2
Q40979,A2
Q40980,A2
Q40981,A2
Q40982,A2
Q40983,A2
Q40984,A2
Q40985,A2
Q40986,A2
Q40987,A2
Q40988,A2
Q40989,A2
Q40990,A2
Q40991,A2
Q40992,A2
Q40993,A2
Q40994,A2
Q40995,A2
Q40996,A2
Q40997,A2
Q40998,A2
Q40999,A2
Q41000,A2
Q41001,A2
Q41002,A2
Q41003,A2
Q41004,A2
Q41005,A2
Q41006,A2
Q41007,A2
Q41008,A2
Q41009,A2
Q41010,A2
Q41011,A2
Q41012,A2
Q41013,A2
Q41014,A2
Q41015,A2
Q41016,A2
Q41017,A2
Q41018,A2
Q41019,A2
Q41020,A2
Q41021,A2
Q41022,A2
Q41023,A2
Q41024,A2
Q41025,A2
Q41026,A2
Q41027,A2
Q41028,A2
Q41029,A2
Q41030,A2
Q41031,A2
Q41032,A2
Q41033,A2
Q41034,A2
Q41035,A2
Q41036,A2
Q41037,A2
Q41038,A2
Q41039,A2
Q41040,A2
Q41041,A2
Q41042,A2
Q41043,A2
Q41044,A2
Q41045,A2
Q41046,A2
Q41047,A2
Q41048,A2
Q41049,A2
Q41050,A2
Q41051,A2
Q41052,A2
Q41053,A2
Q41054,A2
Q41055,A2
Q41056,A2
Q41057,A2
Q41058,A2
Q41059,A2
Q41060,A2
Q41061,A2
Q41062,A2
Q41063,A2
Q41064,A2
Q41065,A2
Q41066,A2
Q41067,A2
Q41068,A2
Q41069,A2
Q41070,A2
Q41071,A2
Q41072,A2
Q41073,A2
Q41074,A2
Q41075,A2
Q41076,A2
Q41077,A2
Q41078,A2
Q41079,A2
Q41080,A2
Q41081,A2
Q41082,A2
Q41083,A2
Q41084,A2
Q41085,A2
Q41086,A2
Q41087,A2
Q41088,A2
Q41089,A2
Q41090,A2
Q41091,A2
Q41092,A2
Q41093,A2
Q41094,A2
Q41095,A2
Q41096,A2
Q41097,A2
Q41098,A2
Q41099,A2
Q41100,A2
Q41101,A2
Q41102,A2
Q41103,A2
Q41104,A2
Q41105,A2
Q41106,A2
Q41107,A2
Q41108,A2
Q41109,A2
Q41110,A2
Q41111,A2
Q41112,A2
Q41113,A2
Q41114,A2
Q41115,A2
Q41116,A2
Q41117,A2
Q41118,A2
Q41119,A2
Q41120,A2
Q41121,A2
Q41122,A2
Q41123,A2
Q41124,A2
Q41125,A2
Q41126,A2
Q41127,A2
Q41128,A2
Q41129,A2
Q41130,A2
Q41131,A2
Q41132,A2
Q41133,A2
Q41134,A2
Q41135,A2
Q41136,A2
Q41137,A2
Q41138,A2
Q41139,A2
Q41140,A2
Q41141,A2
Q41142,A2
Q41143,A2
Q41144,A2
Q41145,A2
Q41146,A2
Q41147,A2
Q41148,A2
Q41149,A2
Q41150,A2
Q41151,A2
Q41152,A2
Q41153,A2
Q41154,A2
Q41155,A2
Q41156,A2
Q41157,A2
Q41158,A2
Q41159,A2
Q41160,A2
Q41161,A2
Q41162,A2
Q41163,A2
Q41164,A2
Q41165,A2
Q41166,A2
Q41167,A2
Q41168,A2
Q41169,A2
Q41170,A2
Q41171,A2
Q41172,A2
Q41173,A2
Q41174,A2
Q41175,A2
Q41176,A2
Q41177,A2
Q41178,A2
Q41179,A2
Q41180,A2
Q41181,A2
Q41182,A2
Q41183,A2
Q41184,A2
Q41185,A2
Q41186,A2
Q41187,A2
Q41188,A2
Q41189,A2
Q41190,A2
Q41191,A2
Q41192,A2
Q41193,A2
Q41194,A2
Q41195,A2
Q41196,A2
Q41197,A2
Q41198,A2
Q41199,A2
Q41200,A2
Q41201,A2
Q41202,A2
Q41203,A2
Q41204,A2
Q41205,A2
Q41206,A2
Q41207,A2
Q41208,A2
Q41209,A2
Q41210,A2
Q41211,A2
Q41212,A2
Q41213,A2
Q41214,A2
Q41215,A2
Q41216,A2
Q41217,A2
Q41218,A2
Q41219,A2
Q41220,A2
Q41221,A2
Q41222,A2
Q41223,A2
Q41224,A2
Q41225,A2
Q41226,A2
Q41227,A2
Q41228,A2
Q41229,A2
Q41230,A2
Q41231,A2
Q41232,A2
Q41233,A2
Q41234,A2
Q41235,A2
Q41236,A2
Q41237,A2
Q41238,A2
Q41239,A2
Q41240,A2
Q41241,A2
Q41242,A2
Q41243,A2
Q41244,A2
Q41245,A2
Q41246,A2
Q41247,A2
Q41248,A2
Q41249,A2
Q41250,A2
Q41251,A2
Q41252,A2
Q41253,A2
Q41254,A2
Q41255,A2
Q41256,A2
Q41257,A2
Q41258,A2
Q41259,A2
Q41260,A2
Q41261,A2
Q41262,A2
Q41263,A2
Q41264,A2
Q41265,A2
Q41266,A2
Q41267,A2
Q41268,A2
Q41269,A2
Q41270,A2
Q41271,A2
Q41272,A2
Q41273,A2
Q41274,A2
Q41275,A2
Q41276,A2
Q41277,A2
Q41278,A2
Q41279,A2
Q41280,A2
Q41281,A2
Q41282,A2
Q41283,A2
Q41284,A2
Q41285,A2
Q41286,A2
Q41287,A2
Q41288,A2
Q41289,A2
Q41290,A2
Q41291,A2
Q41292,A2
Q41293,A2
Q41294,A2
Q41295,A2
Q41296,A2
Q41297,A2
Q41298,A2
Q41299,A2
Q41300,A2
Q41301,A2
Q41302,A2
Q41303,A2
Q41304,A2
Q41305,A2
Q41306,A2
Q41307,A2
Q41308,A2
Q41309,A2
Q41310,A2
Q41311,A2
Q41312,A2
Q41313,A2
Q41314,A2
Q41315,A2
Q41316,A2
Q41317,A2
Q41318,A2
Q41319,A2
Q41320,A2
Q41321,A2
Q41322,A2
Q41323,A2
Q41324,A2
Q41325,A2
Q41326,A2
Q41327,A2
Q41328,A2
Q41329,A2
Q41330,A2
Q41331,A2
Q41332,A2
Q41333,A2
Q41334,A2
Q41335,A2
Q41336,A2
Q41337,A2
Q41338,A2
Q41339,A2
Q41340,A2
Q41341,A2
Q41342,A2
Q41343,A2
Q41344,A2
Q41345,A2
Q41346,A2
Q41347,A2
Q41348,A2
Q41349,A2
Q41350,A2
Q41351,A2
Q41352,A2
Q41353,A2
Q41354,A2
Q41355,A2
Q41356,A2
Q41357,A2
Q41358,A2
Q41359,A2
Q41360,A2
Q41361,A2
Q41362,A2
Q41363,A2
Q41364,A2
Q41365,A2
Q41366,A2
Q41367,A2
Q41368,A2
Q41369,A2
Q41370,A2
Q41371,A2
Q41372,A2
Q41373,A2
Q41374,A2
Q41375,A2
Q41376,A2
Q41377,A2
Q41378,A2
Q41379,A2
Q41380,A2
Q41381,A2
Q41382,A2
Q41383,A2
Q41384,A2
Q41385,A2
Q41386,A2
Q41387,A2
Q41388,A2
Q41389,A2
Q41390,A2
Q41391,A2
Q41392,A2
Q41393,A2
Q41394,A2
Q41395,A2
Q41396,A2
Q41397,A2
Q41398,A2
Q41399,A2
Q41400,A2
Q41401,A2
Q41402,A2
Q41403,A2
Q41404,A2
Q41405,A2
Q41406,A2
Q41407,A2
Q41408,A2
Q41409,A2
Q41410,A2
Q41411,A2
Q41412,A2
Q41413,A2
Q41414,A2
Q41415,A2
Q41416,A2
Q41417,A2
Q41418,A2
Q41419,A2
Q41420,A2
Q41421,A2
Q41422,A2
Q41423,A2
Q41424,A2
Q41425,A2
Q41426,A2
Q41427,A2
Q41428,A2
Q41429,A2
Q41430,A2
Q41431,A2
Q41432,A2
Q41433,A2
Q41434,A2
Q41435,A2
Q41436,A2
Q41437,A2
Q41438,A2
Q41439,A2
Q41440,A2
Q41441,A2
Q41442,A2
Q41443,A2
Q41444,A2
Q41445,A2
Q41446,A2
Q41447,A2
Q41448,A2
Q41449,A2
Q41450,A2
Q41451,A2
Q41452,A2
Q41453,A2
Q41454,A2
Q41455,A2
Q41456,A2
Q41457,A2
Q41458,A2
Q41459,A2
Q41460,A2
Q41461,A2
Q41462,A2
Q41463,A2
Q41464,A2
Q41465,A2
Q41466,A2
Q41467,A2
Q41468,A2
Q41469,A2
Q41470,A2
Q41471,A2
Q41472,A2
Q41473,A2
Q41474,A2
Q41475,A2
Q41476,A2
Q41477,A2
Q41478,A2
Q41479,A2
Q41480,A2
Q41481,A2
Q41482,A2
Q41483,A2
Q41484,A2
Q41485,A2
Q41486,A2
Q41487,A2
Q41488,A2
Q41489,A2
Q41490,A2
Q41491,A2
Q41492,A2
Q41493,A2
Q41494,A2
Q41495,A2
Q41496,A2
Q41497,A2
Q41498,A2
Q41499,A2
Q41500,A2
Q41501,A2
Q41502,A2
Q41503,A2
Q41504,A2
Q41505,A2
Q41506,A2
Q41507,A2
Q41508,A2
Q41509,A2
Q41510,A2
Q41511,A2
Q41512,A2
Q41513,A2
Q41514,A2
Q41515,A2
Q41516,A2
Q41517,A2
Q41518,A2
Q41519,A2
Q41520,A2
Q41521,A2
Q41522,A2
Q41523,A2
Q41524,A2
Q41525,A2
Q41526,A2
Q41527,A2
Q41528,A2
Q41529,A2
Q41530,A2
Q41531,A2
Q41532,A2
Q41533,A2
Q41534,A2
Q41535,A2
Q41536,A2
Q41537,A2
Q41538,A2
Q41539,A2
Q41540,A2
Q41541,A2
Q41542,A2
Q41543,A2
Q41544,A2
Q41545,A2
Q41546,A2
Q41547,A2
Q41548,A2
Q41549,A2
Q41550,A2
Q41551,A2
Q41552,A2
Q41553,A2
Q41554,A2
Q41555,A2
Q41556,A2
Q41557,A2
Q41558,A2
Q41559,A2
Q41560,A2
Q41561,A2
Q41562,A2
Q41563,A2
Q41564,A2
Q41565,A2
Q41566,A2
Q41567,A2
Q41568,A2
Q41569,A2
Q41570,A2
Q41571,A2
Q41572,A2
Q41573,A2
Q41574,A2
Q41575,A2
Q41576,A2
Q41577,A2
Q41578,A2
Q41579,A2
Q41580,A2
Q41581,A2
Q41582,A2
Q41583,A2
Q41584,A2
Q41585,A2
Q41586,A2
Q41587,A2
Q41588,A2
Q41589,A2
Q41590,A2
Q41591,A2
Q41592,A2
Q41593,A2
Q41594,A2
Q41595,A2
Q41596,A2
Q41597,A2
Q41598,A2
Q41599,A2
Q41600,A2
Q41601,A2
Q41602,A2
Q41603,A2
Q41604,A2
Q41605,A2
Q41606,A2
Q41607,A2
Q41608,A2
Q41609,A2
Q41610,A2
Q41611,A2
Q41612,A2
Q41613,A2
Q41614,A2
Q41615,A2
Q41616,A2
Q41617,A2
Q41618,A2
Q41619,A2
Q41620,A2
Q41621,A2
Q41622,A2
Q41623,A2
Q41624,A2
Q41625,A2
Q41626,A2
Q41627,A2
Q41628,A2
Q41629,A2
Q41630,A2
Q41631,A2
Q41632,A2
Q41633,A2
Q41634,A2
Q41635,A2
Q41636,A2
Q41637,A2
Q41638,A2
Q41639,A2
Q41640,A2
Q41641,A2
Q41642,A2
Q41643,A2
Q41644,A2
Q41645,A2
Q41646,A2
Q41647,A2
Q41648,A2
Q41649,A2
Q41650,A2
Q41651,A2
Q41652,A2
Q41653,A2
Q41654,A2
Q41655,A2
Q41656,A2
Q41657,A2
Q41658,A2
Q41659,A2
Q41660,A2
Q41661,A2
Q41662,A2
Q41663,A2
Q41664,A2
Q41665,A2
Q41666,A2
Q41667,A2
Q41668,A2
Q41669,A2
Q41670,A2
Q41671,A2
Q41672,A2
Q41673,A2
Q41674,A2
Q41675,A2
Q41676,A2
Q41677,A2
Q41678,A2
Q41679,A2
Q41680,A2
Q41681,A2
Q41682,A2
Q41683,A2
Q41684,A2
Q41685,A2
Q41686,A2
Q41687,A2
Q41688,A2
Q41689,A2
Q41690,A2
Q41691,A2
Q41692,A2
Q41693,A2
Q41694,A2
Q41695,A2
Q41696,A2
Q41697,A2
Q41698,A2
Q41699,A2
Q41700,A2
Q41701,A2
Q41702,A2
Q41703,A2
Q41704,A2
Q41705,A2
Q41706,A2
Q41707,A2
Q41708,A2
Q41709,A2
Q41710,A2
Q41711,A2
Q41712,A2
Q41713,A2
Q41714,A2
Q41715,A2
Q41716,A2
Q41717,A2
Q41718,A2
Q41719,A2
Q41720,A2
Q41721,A2
Q41722,A2
Q41723,A2
Q41724,A2
Q41725,A2
Q41726,A2
Q41727,A2
Q41728,A2
Q41729,A2
Q41730,A2
Q41731,A2
Q41732,A2
Q41733,A2
Q41734,A2
Q41735,A2
Q41736,A2
Q41737,A2
Q41738,A2
Q41739,A2
Q41740,A2
Q41741,A2
Q41742,A2
Q41743,A2
Q41744,A2
Q41745,A2
Q41746,A2
Q41747,A2
Q41748,A2
Q41749,A2
Q41750,A2
Q41751,A2
Q41752,A2
Q41753,A2
Q41754,A2
Q41755,A2
Q41756,A2
Q41757,A2
Q41758,A2
Q41759,A2
Q41760,A2
Q41761,A2
Q41762,A2
Q41763,A2
Q41764,A2
Q41765,A2
Q41766,A2
Q41767,A2
Q41768,A2
Q41769,A2
Q41770,A2
Q41771,A2
Q41772,A2
Q41773,A2
Q41774,A2
Q41775,A2
Q41776,A2
Q41777,A2
Q41778,A2
Q41779,A2
Q41780,A2
Q41781,A2
Q41782,A2
Q41783,A2
Q41784,A2
Q41785,A2
Q41786,A2
Q41787,A2
Q41788,A2
Q41789,A2
Q41790,A2
Q41791,A2
Q41792,A2
Q41793,A2
Q41794,A2
Q41795,A2
Q41796,A2
Q41797,A2
Q41798,A2
Q41799,A2
Q41800,A2
Q41801,A2
Q41802,A2
Q41803,A2
Q41804,A2
Q41805,A2
Q41806,A2
Q41807,A2
Q41808,A2
Q41809,A2
Q41810,A2
Q41811,A2
Q41812,A2
Q41813,A2
Q41814,A2
Q41815,A2
Q41816,A2
Q41817,A2
Q41818,A2
Q41819,A2
Q41820,A2
Q41821,A2
Q41822,A2
Q41823,A2
Q41824,A2
Q41825,A2
Q41826,A2
Q41827,A2
Q41828,A2
Q41829,A2
Q41830,A2
Q41831,A2
Q41832,A2
Q41833,A2
Q41834,A2
Q41835,A2
Q41836,A2
Q41837,A2
Q41838,A2
Q41839,A2
Q41840,A2
Q41841,A2
Q41842,A2
Q41843,A2
Q41844,A2
Q41845,A2
Q41846,A2
Q41847,A2
Q41848,A2
Q41849,A2
Q41850,A2
Q41851,A2
Q41852,A2
Q41853,A1
Q41854,A1
Q41855,A1
Q41856,A1
Q41857,A1
Q41858,A1
Q41859,A1
Q41860,A1
Q41861,A1
Q41862,A1
Q41863,A1
Q41864,A1
Q41865,A1
Q41866,A1
Q41867,A1
Q41868,A1
Q41869,A1
Q41870,A1
Q41871,A1
Q41872,A1
Q41873,A1
Q41874,A1
Q41875,A1
Q41876,A1
Q41877,A1
Q41878,A1
Q41879,A1
Q41880,A1
Q41881,A1
Q41882,A1
Q41883,A1
Q41884,A1
Q41885,A1
Q41886,A1
Q41887,A1
Q41888,A1
Q41889,A1
Q41890,A1
Q41891,A1
Q41892,A1
Q41893,A1
Q41894,A1
Q41895,A1
Q41896,A1
Q41897,A1
Q41898,A1
Q41899,A1
Q41900,A1
Q41901,A1
Q41902,A1
Q41903,A1
Q41904,A1
Q41905,A1
Q41906,A1
Q41907,A1
Q41908,A1
Q41909,A1
Q41910,A1
Q41911,A1
Q41912,A1
Q41913,A1
Q41914,A1
Q41915,A1
Q41916,A1
Q41917,A1
Q41918,A1
Q41919,A1
Q41920,A1
Q41921,A1
Q41922,A1
Q41923,A1
Q41924,A1
Q41925,A1
Q41926,A1
Q41927,A1
Q41928,A1
Q41929,A1
Q41930,A1
Q41931,A1
Q41932,A1
Q41933,A1
Q41934,A1
Q41935,A1
Q41936,A1
Q41937,A1
Q41938,A1
Q41939,A1
Q41940,A1
Q41941,A1
Q41942,A1
Q41943,A1
Q41944,A1
Q41945,A1
Q41946,A1
Q41947,A1
Q41948,A1
Q41949,A1
Q41950,A1
Q41951,A1
Q41952,A1
Q41953,A1
Q41954,A1
Q41955,A1
Q41956,A1
Q41957,A1
Q41958,A1
Q41959,A1
Q41960,A1
Q41961,A1
Q41962,A1
Q41963,A1
Q41964,A1
Q41965,A1
Q41966,A1
Q41967,A1
Q41968,A1
Q41969,A1
Q41970,A1
Q41971,A1
Q41972,A1
Q41973,A1
Q41974,A1
Q41975,A1
Q41976,A1
Q41977,A1
Q41978,A1
Q41979,A1
Q41980,A1
Q41981,A1
Q41982,A1
Q41983,A1
Q41984,A1
Q41985,A1
Q41986,A1
Q41987,A1
Q41988,A1
Q41989,A1
Q41990,A1
Q41991,A1
Q41992,A1
Q41993,A1
Q41994,A1
Q41995,A1
Q41996,A1
Q41997,A1
Q41998,A1
Q41999,A1
Q42000,A1
Q42001,A1
Q42002,A1
Q42003,A1
Q42004,A1
Q42005,A1
Q42006,A1
Q42007,A1
Q42008,A1
Q42009,A1
Q42010,A1
Q42011,A1
Q42012,A1
Q42013,A1
Q42014,A1
Q42015,A1
Q42016,A1
Q42017,A1
Q42018,A1
Q42019,A1
Q42020,A1
Q42021,A1
Q42022,A1
Q42023,A1
Q42024,A1
Q42025,A1
Q42026,A1
Q42027,A1
Q42028,A1
Q42029,A1
Q42030,A1
Q42031,A1
Q42032,A1
Q42033,A1
Q42034,A1
Q42035,A1
Q42036,A1
Q42037,A1
Q42038,A1
Q42039,A1
Q42040,A1
Q42041,A1
Q42042,A1
Q42043,A1
Q42044,A1
Q42045,A1
Q42046,A1
Q42047,A1
Q42048,A1
Q42049,A1
Q42050,A1
Q42051,A1
Q42052,A1
Q42053,A1
Q42054,A1
Q42055,A1
Q42056,A1
Q42057,A1
Q42058,A1
Q42059,A1
Q42060,A1
Q42061,A1
Q42062,A1
Q42063,A1
Q42064,A1
Q42065,A1
Q42066,A1
Q42067,A1
Q42068,A1
Q42069,A1
Q42070,A1
Q42071,A1
Q42072,A1
Q42073,A1
Q42074,A1
Q42075,A1
Q42076,A1
Q42077,A1
Q42078,A1
Q42079,A1
Q42080,A1
Q42081,A1
Q42082,A1
Q42083,A1
Q42084,A1
Q42085,A1
Q42086,A1
Q42087,A1
Q42088,A1
Q42089,A1
Q42090,A1
Q42091,A1
Q42092,A1
Q42093,A1
Q42094,A1
Q42095,A1
Q42096,A1
Q42097,A1
Q42098,A1
Q42099,A1
Q42100,A1
Q42101,A1
Q42102,A1
Q42103,A1
Q42104,A1
Q42105,A1
Q42106,A1
Q42107,A1
Q42108,A1
Q42109,A1
Q42110,A1
Q42111,A1
Q42112,A1
Q42113,A1
Q42114,A1
Q42115,A1
Q42116,A1
Q42117,A1
Q42118,A1
Q42119,A1
Q42120,A1
Q42121,A1
Q42122,A1
Q42123,A1
Q42124,A1
Q42125,A1
Q42126,A1
Q42127,A1
Q42128,A1
Q42129,A1
Q42130,A1
Q42131,A1
Q42132,A1
Q42133,A1
Q42134,A1
Q42135,A1
Q42136,A1
Q42137,A1
Q42138,A1
Q42139,A1
Q42140,A1
Q42141,A1
Q42142,A1
Q42143,A1
Q42144,A1
Q42145,A1
Q42146,A1
Q42147,A1
Q42148,A1
Q42149,A1
Q42150,A1
Q42151,A1
Q42152,A1
Q42153,A1
Q42154,A1
Q42155,A1
Q42156,A1
Q42157,A1
Q42158,A1
Q42159,A1
Q42160,A1
Q42161,A1
Q42162,A1
Q42163,A1
Q42164,A1
Q42165,A1
Q42166,A1
Q42167,A1
Q42168,A1
Q42169,A1
Q42170,A1
Q42171,A1
Q42172,A1
Q42173,A1
Q42174,A1
Q42175,A1
Q42176,A1
Q42177,A1
Q42178,A1
Q42179,A1
Q42180,A1
Q42181,A1
Q42182,A1
Q42183,A1
Q42184,A1
Q42185,A1
Q42186,A1
Q42187,A1
Q42188,A1
Q42189,A1
Q42190,A1
Q42191,A1
Q42192,A1
Q42193,A1
Q42194,A1
Q42195,A1
Q42196,A1
Q42197,A1
Q42198,A1
Q42199,A1
Q42200,A1
Q42201,A1
Q42202,A1
Q42203,A1
Q42204,A0
Q42205,A0
Q42206,A0
Q42207,A0
Q42208,A0
Q42209,A0
Q42210,A0
Q42211,A0
Q42212,A0
Q42213,A0
Q42214,A0
Q42215,A0
Q42216,A0
Q42217,A0
Q42218,A0
Q42219,A0
Q42220,A0
Q42221,A0
Q42222,A0
Q42223,A0
Q42224,A0
Q42225,A0
Q42226,A0
Q42227,A0
Q42228,A0
Q42229,A0
Q42230,A0
Q42231,A0
Q42232,A0
Q42233,A0
Q42234,A0
Q42235,A0
Q42236,A0
Q42237,A0
Q42238,A0
Q42239,A0
Q42240,A0
Q42241,A0
Q42242,A0
Q42243,A0
Q42244,A0
Q42245,A0
Q42246,A0
Q42247,A0
Q42248,A0
Q42249,A0
Q42250,A0
Q42251,A0
Q42252,A0
Q42253,A0
Q42254,A0
Q42255,A0
Q42256,A0
Q42257,A0
Q42258,A0
Q42259,A0
Q42260,A0
Q42261,A0
Q42262,A0
Q42263,A0
Q42264,A0
Q42265,A0
Q42266,A0
Q42267,A0
Q42268,A0
Q42269,A0
Q42270,A0
Q42271,A0
Q42272,A0
Q42273,A0
Q42274,A0
Q42275,A0
Q42276,A0
Q42277,A0
Q42278,A0
Q42279,A0
Q42280,A0
Q42281,A0
Q42282,A0
Q42283,A0
Q42284,A0
Q42285,A0
Q42286,A0
Q42287,A0
Q42288,A0
Q42289,A0
Q42290,A0
Q42291,A0
Q42292,A0
Q42293,A0
Q42294,A0
Q42295,A0
Q42296,A0
Q42297,A0
Q42298,A0
Q42299,A0
Q42300,A0
Q42301,A0
Q42302,A0
Q42303,A0
Q42304,A0
Q42305,A0
Q42306,A0
Q42307,A0
Q42308,A0
Q42309,A0
Q42310,A0
Q42311,A0
Q42312,A0
Q42313,A0
Q42314,A0
Q42315,A0
Q42316,A0
Q42317,A0
Q42318,A0
Q42319,A0
Q42320,A0
Q42321,A0
Q42322,A0
Q42323,A0
Q42324,A0
Q42325,A0
Q42326,A0
Q42327,A0
Q42328,A0
Q42329,A0
Q42330,A0
Q42331,A0
Q42332,A0
Q42333,A0
Q42334,A0
Q42335,A0
Q42336,A0
Q42337,A0
Q42338,A0
Q42339,A0
Q42340,A0
Q42341,A0
Q42342,A0
Q42343,A0
Q42344,A0
Q42345,A0
Q42346,A0
Q42347,A0
Q42348,A0
Q42349,A0
Q42350,A0
Q42351,A0
Q42352,A0
Q42353,A0
Q42354,A0
Q42355,A0
Q42356,A0
Q42357,A0
Q42358,A0
Q42359,A0
Q42360,A0
Q42361,A0
Q42362,A0
Q42363,A0
Q42364,A0
Q42365,A0
Q42366,A0
Q42367,A0
Q42368,A0
Q42369,A0
Q42370,A0
Q42371,A0
Q42372,A0
Q42373,A0
Q42374,A0
Q42375,A0
Q42376,A0
Q42377,A0
Q42378,A0
Q42379,A0
Q42380,A0
Q42381,A0
Q42382,A0
Q42383,A0
Q42384,A0
Q42385,A0
Q42386,A0
Q42387,A0
Q42388,A0
Q42389,A0
Q42390,A0
Q42391,A0
Q42392,A0
Q42393,A0
Q42394,A0
Q42395,A0
Q42396,A0
Q42397,A0
Q42398,A0
Q42399,A0
Q42400,A0
Q42401,A0
Q42402,A0
Q42403,A0
Q42404,A0
Q42405,A0
Q42406,A0
Q42407,A0
Q42408,A0
Q42409,A0
Q42410,A0
Q42411,A0
Q42412,A0
Q42413,A0
Q42414,A0
Q42415,A0
Q42416,A0
Q42417,A0
Q42418,A0
Q42419,A0
Q42420,A0
Q42421,A0
Q42422,A0
Q42423,A0
Q42424,A0
Q42425,A0
Q42426,A0
Q42427,A0
Q42428,A0
Q42429,A0
Q42430,A0
Q42431,A0
Q42432,A0
Q42433,A0
Q42434,A0
Q42435,A0
Q42436,A0
Q42437,A0
Q42438,A0
Q42439,A0
Q42440,A0
Q42441,A0
Q42442,A0
Q42443,A0
Q42444,A0
Q42445,A0
Q42446,A0
Q42447,A0
Q42448,A0
Q42449,A0
Q42450,A0
Q42451,A0
Q42452,A0
Q42453,A0
Q42454,A0
Q42455,A0
Q42456,A0
Q42457,A0
Q42458,A0
Q42459,A0
Q42460,A0
Q42461,A0
Q42462,A0
Q42463,A0
Q42464,A0
Q42465,A0
Q42466,A0
Q42467,A0
Q42468,A0
Q42469,A0
Q42470,A0
Q42471,A0
Q42472,A0
Q42473,A0
Q42474,A0
Q42475,A0
Q42476,A0
Q42477,A0
Q42478,A0
Q42479,A0
Q42480,A0
Q42481,A0
Q42482,A0
Q42483,A0
Q42484,A0
Q42485,A0
Q42486,A0
Q42487,A0
Q42488,A0
Q42489,A0
Q42490,A0
Q42491,A0
Q42492,A0
Q42493,A0
Q42494,A0
Q42495,A0
Q42496,A0
Q42497,A0
Q42498,A0
Q42499,A0
Q42500,A0
Q42501,A0
Q42502,A0
Q42503,A0
Q42504,A0
Q42505,A0
Q42506,A0
Q42507,A0
Q42508,A0
Q42509,A0
Q42510,A0
Q42511,A0
Q42512,A0
Q42513,A0
Q42514,A0
Q42515,A0
Q42516,A0
Q42517,A0
Q42518,A0
Q42519,A0
Q42520,A0
Q42521,A0
Q42522,A0
Q42523,A0
Q42524,A0
Q42525,A0
Q42526,A0
Q42527,A0
Q42528,A0
Q42529,A0
Q42530,A0
Q42531,A0
Q42532,A0
Q42533,A0
Q42534,A0
Q42535,A0
Q42536,A0
Q42537,A0
Q42538,A0
Q42539,A0
Q42540,A0
Q42541,A0
Q42542,A0
Q42543,A0
Q42544,A0
Q42545,A0
Q42546,A0
Q42547,A0
Q42548,A0
Q42549,A0
Q42550,A0
Q42551,A0
Q42552,A0
Q42553,A0
Q42554,A0
Q42555,A0
Q42556,A0
Q42557,A0
Q42558,A0
Q42559,A0
Q42560,A0
Q42561,A0
Q42562,A0
Q42563,A0
Q42564,A0
Q42565,A0
Q42566,A0
Q42567,A0
Q42568,A0
Q42569,A0
Q42570,A0
Q42571,A0
Q42572,A0
Q42573,A0
Q42574,A0
Q42575,A0
Q42576,A0
Q42577,A0
Q42578,A0
Q42579,A0
Q42580,A0
Q42581,A0
Q42582,A0
Q42583,A0
Q42584,A0
Q42585,A0
Q42586,A0
Q42587,A0
Q42588,A0
Q42589,A0
Q42590,A0
Q42591,A0
Q42592,A0
Q42593,A0
Q42594,A0
Q42595,A0
Q42596,A0
Q42597,A0
Q42598,A0
Q42599,A0
Q42600,A0
Q42601,A0
Q42602,A0
Q42603,A0
Q42604,A0
Q42605,A0
Q42606,A0
Q42607,A0
Q42608,A0
Q42609,A0
Q42610,A0
Q42611,A0
Q42612,A0
Q42613,A0
Q42614,A0
Q42615,A0
Q42616,A0
Q42617,A0
Q42618,A0
Q42619,A0
Q42620,A0
Q42621,A0
Q42622,A0
Q42623,A0
Q42624,A0
Q42625,A0
Q42626,A0
Q42627,A0
Q42628,A0
Q42629,A0
Q42630,A0
Q42631,A0
Q42632,A0
Q42633,A0
Q42634,A0
Q42635,A0
Q42636,A0
Q42637,A0
Q42638,A0
Q42639,A0
Q42640,A0
Q42641,A0
Q42642,A0
Q42643,A0
Q42644,A0
Q42645,A0
Q42646,A0
Q42647,A0
Q42648,A0
Q42649,A0
Q42650,A0
Q42651,A0
Q42652,A0
Q42653,A0
Q42654,A0
Q42655,A0
Q42656,A0
Q42657,A0
Q42658,A0
Q42659,A0
Q42660,A0
Q42661,A0
Q42662,A0
Q42663,A0
Q42664,A0
Q42665,A0
Q42666,A0
Q42667,A0
Q42668,A0
Q42669,A0
Q42670,A0
Q42671,A0
Q42672,A0
Q42673,A0
Q42674,A0
Q42675,A0
Q42676,A0
Q42677,A0
Q42678,A0
Q42679,A0
Q42680,A0
Q42681,A0
Q42682,A0
Q42683,A0
Q42684,A0
Q42685,A0
Q42686,A0
Q42687,A0
Q42688,A0
Q42689,A0
Q42690,A0
Q42691,A0
Q42692,A0
Q42693,A0
Q42694,A0
Q42695,A0
Q42696,A0
Q42697,A0
Q42698,A0
Q42699,A0
Q42700,A0
Q42701,A0
Q42702,A0
Q42703,A0
Q42704,A0
Q42705,A0
Q42706,A0
Q42707,A0
Q42708,A0
Q42709,A0
Q42710,A0
Q42711,A0
Q42712,A0
Q42713,A0
Q42714,A0
Q42715,A0
Q42716,A0
Q42717,A0
Q42718,A0
Q42719,A0
Q42720,A0
Q42721,A0
Q42722,A0
Q42723,A0
Q42724,A0
Q42725,A0
Q42726,A0
Q42727,A0
Q42728,A0
Q42729,A0
Q42730,A0
Q42731,A0
Q42732,A0
Q42733,A0
Q42734,A0
Q42735,A0
Q42736,A0
Q42737,A0
Q42738,A0
Q42739,A0
Q42740,A0
Q42741,A0
Q42742,A0
Q42743,A0
Q42744,A0
Q42745,A0
Q42746,A0
Q42747,A0
Q42748,A0
Q42749,A0
Q42750,A0
Q42751,A0
Q42752,A0
Q42753,A0
Q42754,A0
Q42755,A0
Q42756,A0
Q42757,A0
Q42758,A0
Q42759,A0
Q42760,A0
Q42761,A0
Q42762,A0
Q42763,A0
Q42764,A0
Q42765,A0
Q42766,A0
Q42767,A0
Q42768,A0
Q42769,A0
Q42770,A0
Q42771,A0
Q42772,A0
Q42773,A0
Q42774,A0
Q42775,A0
Q42776,A0
Q42777,A0
Q42778,A0
Q42779,A0
Q42780,A0
Q42781,A0
Q42782,A0
Q42783,A0
Q42784,A0
Q42785,A0
Q42786,A0
Q42787,A0
Q42788,A0
Q42789,A0
Q42790,A0
Q42791,A0
Q42792,A0
Q42793,A0
Q42794,A0
Q42795,A0
Q42796,A0
Q42797,A0
Q42798,A0
Q42799,A0
Q42800,A0
Q42801,A0
Q42802,A0
Q42803,A0
Q42804,A0
Q42805,A0
Q42806,A0
Q42807,A0
Q42808,A0
Q42809,A0
Q42810,A0
Q42811,A0
Q42812,A0
Q42813,A0
Q42814,A0
Q42815,A0
Q42816,A0
Q42817,A0
Q42818,A0
Q42819,A0
Q42820,A0
Q42821,A0
Q42822,A0
Q42823,A0
Q42824,A0
Q42825,A0
Q42826,A0
Q42827,A0
Q42828,A0
Q42829,A0
Q42830,A0
Q42831,A0
Q42832,A0
Q42833,A0
Q42834,A0
Q42835,A0
Q42836,A0
Q42837,A0
Q42838,A0
Q42839,A0
Q42840,A0
Q42841,A0
Q42842,A0
Q42843,A0
Q42844,A0
Q42845,A0
Q42846,A0
Q42847,A0
Q42848,A0
Q42849,A0
Q42850,A0
Q42851,A0
Q42852,A0
Q42853,A0
Q42854,A0
Q42855,A0
Q42856,A0
Q42857,A0
Q42858,A0
Q42859,A0
Q42860,A0
Q42861,A0
Q42862,A0
Q42863,A0
Q42864,A0
Q42865,A0
Q42866,A0
Q42867,A0
Q42868,A0
Q42869,A0
Q42870,A0
Q42871,A0
Q42872,A0
Q42873,A0
Q42874,A0
Q42875,A0
Q42876,A0
Q42877,A0
Q42878,A0
Q42879,A0
Q42880,A0
Q42881,A0
Q42882,A0
Q42883,A0
Q42884,A0
Q42885,A0
Q42886,A0
Q42887,A0
Q42888,A0
Q42889,A0
Q42890,A0
Q42891,A0
Q42892,A0
Q42893,A0
Q42894,A0
Q42895,A0
Q42896,A0
Q42897,A0
Q42898,A0
Q42899,A0
Q42900,A0
Q42901,A0
Q42902,A0
Q42903,A0
Q42904,A0
Q42905,A0
Q42906,A0
Q42907,A0
Q42908,A0
Q42909,A0
Q42910,A0
Q42911,A0
Q42912,A0
Q42913,A0
Q42914,A0
Q42915,A0
Q42916,A0
Q42917,A0
Q42918,A0
Q42919,A0
Q42920,A0
Q42921,A0
Q42922,A0
Q42923,A0
Q42924,A0
Q42925,A0
Q42926,A0
Q42927,A0
Q42928,A0
Q42929,A0
Q42930,A0
Q42931,A0
Q42932,A0
Q42933,A0
Q42934,A0
Q42935,A0
Q42936,A0
Q42937,A0
Q42938,A0
Q42939,A0
Q42940,A0
Q42941,A0
Q42942,A0
Q42943,A0
Q42944,A0
Q42945,A0
Q42946,A0
Q42947,A0
Q42948,A0
Q42949,A0
Q42950,A0
Q42951,A0
Q42952,A0
Q42953,A0
Q42954,A0
Q42955,A0
Q42956,A0
Q42957,A0
Q42958,A0
Q42959,A0
Q42960,A0
Q42961,A0
Q42962,A0
Q42963,A0
Q42964,A0
Q42965,A0
Q42966,A0
Q42967,A0
Q42968,A0
Q42969,A0
Q42970,A0
Q42971,A0
Q42972,A0
Q42973,A0
Q42974,A0
Q42975,A0
Q42976,A0
Q42977,A0
Q42978,A0
Q42979,A0
Q42980,A0
Q42981,A0
Q42982,A0
Q42983,A0
Q42984,A0
Q42985,A0
Q42986,A0
Q42987,A0
Q42988,A0
Q42989,A0
Q42990,A0
Q42991,A0
Q42992,A0
Q42993,A0
Q42994,A0
Q42995,A0
Q42996,A0
Q42997,A0
Q42998,A0
Q42999,A0
Q43000,A0
Q43001,A0
Q43002,A0
Q43003,A0
Q43004,A0
Q43005,A0
Q43006,A0
Q43007,A0
Q43008,A0
Q43009,A0
Q43010,A0
Q43011,A0
Q43012,A0
Q43013,A0
Q43014,A0
Q43015,A0
Q43016,A0
Q43017,A0
Q43018,A0
Q43019,A0
Q43020,A0
Q43021,A0
Q43022,A0
Q43023,A0
Q43024,A0
Q43025,A0
Q43026,A0
Q43027,A0
Q43028,A0
Q43029,A0
Q43030,A0
Q43031,A0
Q43032,A0
Q43033,A0
Q43034,A0
Q43035,A0
Q43036,A0
Q43037,A0
Q43038,A0
Q43039,A0
Q43040,A0
Q43041,A0
Q43042,A0
Q43043,A0
Q43044,A0
Q43045,A0
Q43046,A0
Q43047,A0
Q43048,A0
Q43049,A0
Q43050,A0
Q43051,A0
Q43052,A0
Q43053,A0
Q43054,A0
Q43055,A0
Q43056,A0
Q43057,A0
Q43058,A0
Q43059,A0
Q43060,A0
Q43061,A0
Q43062,A0
Q43063,A0
Q43064,A0
Q43065,A0
Q43066,A0
Q43067,A0
Q43068,A0
Q43069,A0
Q43070,A0
Q43071,A0
Q43072,A0
Q43073,A0
Q43074,A0
Q43075,A0
Q43076,A0
Q43077,A0
Q43078,A0
Q43079,A0
Q43080,A0
Q43081,A0
Q43082,A0
Q43083,A0
Q43084,A0
Q43085,A0
Q43086,A0
Q43087,A0
Q43088,A0
Q43089,A0
Q43090,A0
Q43091,A0
Q43092,A0
Q43093,A0
Q43094,A0
Q43095,A0
Q43096,A0
Q43097,A0
Q43098,A0
Q43099,A0
Q43100,A0
Q43101,A0
Q43102,A0
Q43103,A0
Q43104,A0
Q43105,A0
Q43106,A0
Q43107,A0
Q43108,A0
Q43109,A0
Q43110,A0
Q43111,A0
Q43112,A0
Q43113,A0
Q43114,A0
Q43115,A0
Q43116,A0
Q43117,A0
Q43118,A0
Q43119,A0
Q43120,A0
Q43121,A0
Q43122,A0
Q43123,A0
Q43124,A0
Q43125,A0
Q43126,A0
Q43127,A0
Q43128,A0
Q43129,A0
Q43130,A0
Q43131,A0
Q43132,A0
Q43133,A0
Q43134,A0
Q43135,A0
Q43136,A0
Q43137,A0
Q43138,A0
Q43139,A0
Q43140,A0
Q43141,A0
Q43142,A0
Q43143,A0
Q43144,A0
Q43145,A0
Q43146,A0
Q43147,A0
Q43148,A0
Q43149,A0
Q43150,A0
Q43151,A0
Q43152,A0
Q43153,A0
Q43154,A0
Q43155,A0
Q43156,A0
Q43157,A0
Q43158,A0
Q43159,A0
Q43160,A0
Q43161,A0
Q43162,A0
Q43163,A0
Q43164,A0
Q43165,A0
Q43166,A0
Q43167,A0
Q43168,A0
Q43169,A0
Q43170,A0
Q43171,A0
Q43172,A0
Q43173,A0
Q43174,A0
Q43175,A0
Q43176,A0
Q43177,A0
Q43178,A0
Q43179,A0
Q43180,A0
Q43181,A0
Q43182,A0
Q43183,A0
Q43184,A0
Q43185,A0
Q43186,A0
Q43187,A0
Q43188,A0
Q43189,A0
Q43190,A0
Q43191,A0
Q43192,A0
Q43193,A0
Q43194,A0
Q43195,A0
Q43196,A0
Q43197,A0
Q43198,A0
Q43199,A0
Q43200,A0
Q43201,A0
Q43202,A0
Q43203,A0
Q43204,A0
Q43205,A0
Q43206,A0
Q43207,A0
Q43208,A0
Q43209,A0
Q43210,A0
Q43211,A0
Q43212,A0
Q43213,A0
Q43214,A0
Q43215,A0
Q43216,A0
Q43217,A0
Q43218,A0
Q43219,A0
Q43220,A0
Q43221,A0
Q43222,A0
Q43223,A0
Q43224,A0
Q43225,A0
Q43226,A0
Q43227,A0
Q43228,A0
Q43229,A0
Q43230,A0
Q43231,A0
Q43232,A0
Q43233,A0
Q43234,A0
Q43235,A0
Q43236,A0
Q43237,A0
Q43238,A0
Q43239,A0
Q43240,A0
Q43241,A0
Q43242,A0
Q43243,A0
Q43244,A0
Q43245,A0
Q43246,A0
Q43247,A0
Q43248,A0
Q43249,A0
Q43250,A0
Q43251,A0
Q43252,A0
Q43253,A0
Q43254,A0
Q43255,A0
Q43256,A0
Q43257,A0
Q43258,A0
Q43259,A0
Q43260,A0
Q43261,A0
Q43262,A0
Q43263,A0
Q43264,A0
Q43265,A0
Q43266,A0
Q43267,A0
Q43268,A0
Q43269,A0
Q43270,A0
Q43271,A0
Q43272,A0
Q43273,A0
Q43274,A0
Q43275,A0
Q43276,A0
Q43277,A0
Q43278,A0
Q43279,A0
Q43280,A0
Q43281,A0
Q43282,A0
Q43283,A0
Q43284,A0
Q43285,A0
Q43286,A0
Q43287,A0
Q43288,A0
Q43289,A0
Q43290,A0
Q43291,A0
Q43292,A0
Q43293,A0
Q43294,A0
Q43295,A0
Q43296,A0
Q43297,A0
Q43298,A0
Q43299,A0
Q43300,A0
Q43301,A0
Q43302,A0
Q43303,A0
Q43304,A0
Q43305,A0
Q43306,A0
Q43307,A0
Q43308,A0
Q43309,A0
Q43310,A0
Q43311,A0
Q43312,A0
Q43313,A0
Q43314,A0
Q43315,A0
Q43316,A0
Q43317,A0
Q43318,A0
Q43319,A0
Q43320,A0
Q43321,A0
Q43322,A0
Q43323,A0
Q43324,A0
Q43325,A0
Q43326,A0
Q43327,A0
Q43328,A0
Q43329,A0
Q43330,A0
Q43331,A0
Q43332,A0
Q43333,A0
Q43334,A0
Q43335,A0
Q43336,A0
Q43337,A0
Q43338,A0
Q43339,A0
Q43340,A0
Q43341,A0
Q43342,A0
Q43343,A0
Q43344,A0
Q43345,A0
Q43346,A0
Q43347,A0
Q43348,A0
Q43349,A0
Q43350,A0
Q43351,A0
Q43352,A0
Q43353,A0
Q43354,A0
Q43355,A0
Q43356,A0
Q43357,A0
Q43358,A0
Q43359,A0
Q43360,A0
Q43361,A0
Q43362,A0
Q43363,A0
Q43364,A0
Q43365,A0
Q43366,A0
Q43367,A0
Q43368,A0
Q43369,A0
Q43370,A0
Q43371,A0
Q43372,A0
Q43373,A0
Q43374,A0
Q43375,A0
Q43376,A0
Q43377,A0
Q43378,A0
Q43379,A0
Q43380,A0
Q43381,A0
Q43382,A0
Q43383,A0
Q43384,A0
Q43385,A0
Q43386,A0
Q43387,A0
Q43388,A0
Q43389,A0
Q43390,A0
Q43391,A0
Q43392,A0
Q43393,A0
Q43394,A0
Q43395,A0
Q43396,A0
Q43397,A0
Q43398,A0
Q43399,A0
Q43400,A0
Q43401,A0
Q43402,A0
Q43403,A0
Q43404,A0
Q43405,A0
Q43406,A0
Q43407,A0
Q43408,A0
Q43409,A0
Q43410,A0
Q43411,A0
Q43412,A0
Q43413,A0
Q43414,A0
Q43415,A0
Q43416,A0
Q43417,A0
Q43418,A0
Q43419,A0
Q43420,A0
Q43421,A0
Q43422,A0
Q43423,A0
Q43424,A0
Q43425,A0
Q43426,A0
Q43427,A0
Q43428,A0
Q43429,A0
Q43430,A0
Q43431,A0
Q43432,A0
Q43433,A0
Q43434,A0
Q43435,A0
Q43436,A0
Q43437,A0
Q43438,A0
Q43439,A0
Q43440,A0
Q43441,A0
Q43442,A0
Q43443,A0
Q43444,A0
Q43445,A0
Q43446,A0
Q43447,A0
Q43448,A0
Q43449,A0
Q43450,A0
Q43451,A0
Q43452,A0
Q43453,A0
Q43454,A0
Q43455,A0
Q43456,A0
Q43457,A0
Q43458,A0
Q43459,A0
Q43460,A0
Q43461,A0
Q43462,A0
Q43463,A0
Q43464,A0
Q43465,A0
Q43466,A0
Q43467,A0
Q43468,A0
Q43469,A0
Q43470,A0
Q43471,A0
Q43472,A0
Q43473,A0
Q43474,A0
Q43475,A0
Q43476,A0
Q43477,A0
Q43478,A0
Q43479,A0
Q43480,A0
Q43481,A0
Q43482,A0
Q43483,A0
Q43484,A0
Q43485,A0
Q43486,A0
Q43487,A0
Q43488,A0
Q43489,A0
Q43490,A0
Q43491,A0
Q43492,A0
Q43493,A0
Q43494,A0
Q43495,A0
Q43496,A0
Q43497,A0
Q43498,A0
Q43499,A0
Q43500,A0
Q43501,A0
Q43502,A0
Q43503,A0
Q43504,A0
Q43505,A0
Q43506,A0
Q43507,A0
Q43508,A0
Q43509,A0
Q43510,A0
Q43511,A0
Q43512,A0
Q43513,A0
Q43514,A0
Q43515,A0
Q43516,A0
Q43517,A0
Q43518,A0
Q43519,A0
Q43520,A0
Q43521,A0
Q43522,A0
Q43523,A0
Q43524,A0
Q43525,A0
Q43526,A0
Q43527,A0
Q43528,A0
Q43529,A0
Q43530,A0
Q43531,A0
Q43532,A0
Q43533,A0
Q43534,A0
Q43535,A0
Q43536,A0
Q43537,A0
Q43538,A0
Q43539,A0
Q43540,A0
Q43541,A0
Q43542,A0
Q43543,A0
Q43544,A0
Q43545,A0
Q43546,A0
Q43547,A0
Q43548,A0
Q43549,A0
Q43550,A0
Q43551,A0
Q43552,A0
Q43553,A0
Q43554,A0
Q43555,A0
Q43556,A0
Q43557,A0
Q43558,A0
Q43559,A0
Q43560,A0
Q43561,A0
Q43562,A0
Q43563,A0
Q43564,A0
Q43565,A0
Q43566,A0
Q43567,A0
Q43568,A0
Q43569,A0
Q43570,A0
Q43571,A0
Q43572,A0
Q43573,A0
Q43574,A0
Q43575,A0
Q43576,A0
Q43577,A0
Q43578,A0
Q43579,A0
Q43580,A0
Q43581,A0
Q43582,A0
Q43583,A0
Q43584,A0
Q43585,A0
Q43586,A0
Q43587,A0
Q43588,A0
Q43589,A0
Q43590,A0
Q43591,A0
Q43592,A0
Q43593,A0
Q43594,A0
Q43595,A0
Q43596,A0
Q43597,A0
Q43598,A0
Q43599,A0
Q43600,A0
Q43601,A0
Q43602,A0
Q43603,A0
Q43604,A0
Q43605,A0
Q43606,A0
Q43607,A0
Q43608,A0
Q43609,A0
Q43610,A0
Q43611,A0
Q43612,A0
Q43613,A0
Q43614,A0
Q43615,A0
Q43616,A0
Q43617,A0
Q43618,A0
Q43619,A0
Q43620,A0
Q43621,A0
Q43622,A0
Q43623,A0
Q43624,A0
Q43625,A0
Q43626,A0
Q43627,A0
Q43628,A0
Q43629,A0
Q43630,A0
Q43631,A0
Q43632,A0
Q43633,A0
Q43634,A0
Q43635,A0
Q43636,A0
Q43637,A0
Q43638,A0
Q43639,A0
Q43640,A0
Q43641,A0
Q43642,A0
Q43643,A0
Q43644,A0
Q43645,A0
Q43646,A0
Q43647,A0
Q43648,A0
Q43649,A0
Q43650,A0
Q43651,A0
Q43652,A0
Q43653,A0
Q43654,A0
Q43655,A0
Q43656,A0
Q43657,A0
Q43658,A0
Q43659,A0
Q43660,A0
Q43661,A0
Q43662,A0
Q43663,A0
Q43664,A0
Q43665,A0
Q43666,A0
Q43667,A0
Q43668,A0
Q43669,A0
Q43670,A0
Q43671,A0
Q43672,A0
Q43673,A0
Q43674,A0
Q43675,A0
Q43676,A0
Q43677,A0
Q43678,A0
Q43679,A0
Q43680,A0
Q43681,A0
Q43682,A0
Q43683,A0
Q43684,A0
Q43685,A0
Q43686,A0
Q43687,A0
Q43688,A0
Q43689,A0
Q43690,A0
Q43691,A0
Q43692,A0
Q43693,A0
Q43694,A0
Q43695,A0
Q43696,A0
Q43697,A0
Q43698,A0
Q43699,A0
Q43700,A0
Q43701,A0
Q43702,A0
Q43703,A0
Q43704,A0
Q43705,A0
Q43706,A0
Q43707,A0
Q43708,A0
Q43709,A0
Q43710,A0
Q43711,A0
Q43712,A0
Q43713,A0
Q43714,A0
Q43715,A0
Q43716,A0
Q43717,A0
Q43718,A0
Q43719,A0
Q43720,A0
Q43721,A0
Q43722,A0
Q43723,A0
Q43724,A0
Q43725,A0
Q43726,A0
Q43727,A0
Q43728,A0
Q43729,A0
Q43730,A0
Q43731,A0
Q43732,A0
Q43733,A0
Q43734,A0
Q43735,A0
Q43736,A0
Q43737,A0
Q43738,A0
Q43739,A0
Q43740,A0
Q43741,A0
Q43742,A0
Q43743,A0
Q43744,A0
Q43745,A0
Q43746,A0
Q43747,A0
Q43748,A0
Q43749,A0
Q43750,A0
Q43751,A0
Q43752,A0
Q43753,A0
Q43754,A0
Q43755,A0
Q43756,A0
Q43757,A0
Q43758,A0
Q43759,A0
Q43760,A0
Q43761,A0
Q43762,A0
Q43763,A0
Q43764,A0
Q43765,A0
Q43766,A0
Q43767,A0
Q43768,A0
Q43769,A0
Q43770,A0
Q43771,A0
Q43772,A0
Q43773,A0
Q43774,A0
Q43775,A0
Q43776,A0
Q43777,A0
Q43778,A0
Q43779,A0
Q43780,A0
Q43781,A0
Q43782,A0
Q43783,A0
Q43784,A0
Q43785,A0
Q43786,A0
Q43787,A0
Q43788,A0
Q43789,A0
Q43790,A0
Q43791,A0
Q43792,A0
Q43793,A0
Q43794,A0
Q43795,A0
Q43796,A0
Q43797,A0
Q43798,A0
Q43799,A0
Q43800,A0
Q43801,A0
Q43802,A0
Q43803,A0
Q43804,A0
Q43805,A0
Q43806,A0
Q43807,A0
Q43808,A0
Q43809,A0
Q43810,A0
Q43811,A0
Q43812,A0
Q43813,A0
Q43814,A0
Q43815,A0
Q43816,A0
Q43817,A0
Q43818,A0
Q43819,A0
Q43820,A0
Q43821,A0
Q43822,A0
Q43823,A0
Q43824,A0
Q43825,A0
Q43826,A0
Q43827,A0
Q43828,A0
Q43829,A0
Q43830,A0
Q43831,A0
Q43832,A0
Q43833,A0
Q43834,A0
Q43835,A0
Q43836,A0
Q43837,A0
Q43838,A0
Q43839,A0
Q43840,A0
Q43841,A0
Q43842,A0
Q43843,A0
Q43844,A0
Q43845,A0
Q43846,A0
Q43847,A0
Q43848,A0
Q43849,A0
Q43850,A0
Q43851,A0
Q43852,A0
Q43853,A0
Q43854,A0
Q43855,A0
Q43856,A0
Q43857,A0
Q43858,A0
Q43859,A0
Q43860,A0
Q43861,A0
Q43862,A0
Q43863,A0
Q43864,A0
Q43865,A0
Q43866,A0
Q43867,A0
Q43868,A0
Q43869,A0
Q43870,A0
Q43871,A0
Q43872,A0
Q43873,A0
Q43874,A0
Q43875,A0
Q43876,A0
Q43877,A0
Q43878,A0
Q43879,A0
Q43880,A0
Q43881,A0
Q43882,A0
Q43883,A0
Q43884,A0
Q43885,A0
Q43886,A0
Q43887,A0
Q43888,A0
Q43889,A0
Q43890,A0
Q43891,A0
Q43892,A0
Q43893,A0
Q43894,A0
Q43895,A0
Q43896,A0
Q43897,A0
Q43898,A0
Q43899,A0
Q43900,A0
Q43901,A0
Q43902,A0
Q43903,A0
Q43904,A0
Q43905,A0
Q43906,A0
Q43907,A0
Q43908,A0
Q43909,A0
Q43910,A0
Q43911,A0
Q43912,A0
Q43913,A0
Q43914,A0
Q43915,A0
Q43916,A0
Q43917,A0
Q43918,A0
Q43919,A0
Q43920,A0
Q43921,A0
Q43922,A0
Q43923,A0
Q43924,A0
Q43925,A0
Q43926,A0
Q43927,A0
Q43928,A0
Q43929,A0
Q43930,A0
Q43931,A0
Q43932,A0
Q43933,A0
Q43934,A0
Q43935,A0
Q43936,A0
Q43937,A0
Q43938,A0
Q43939,A0
Q43940,A0
Q43941,A0
Q43942,A0
Q43943,A0
Q43944,A0
Q43945,A0
Q43946,A0
Q43947,A0
Q43948,A0
Q43949,A0
Q43950,A0
Q43951,A0
Q43952,A0
Q43953,A0
Q43954,A0
Q43955,A0
Q43956,A0
Q43957,A0
Q43958,A0
Q43959,A0
Q43960,A0
Q43961,A0
Q43962,A0
Q43963,A0
Q43964,A0
Q43965,A0
Q43966,A0
Q43967,A0
Q43968,A0
Q43969,A0
Q43970,A0
Q43971,A0
Q43972,A0
Q43973,A0
Q43974,A0
Q43975,A0
Q43976,A0
Q43977,A0
Q43978,A0
Q43979,A0
Q43980,A0
Q43981,A0
Q43982,A0
Q43983,A0
Q43984,A0
Q43985,A0
Q43986,A0
Q43987,A0
Q43988,A0
Q43989,A0
Q43990,A0
Q43991,A0
Q43992,A0
Q43993,A0
Q43994,A0
Q43995,A0
Q43996,A0
Q43997,A0
Q43998,A0
Q43999,A0
Q44000,A0
Q44001,A0
Q44002,A0
Q44003,A0
Q44004,A0
Q44005,A0
Q44006,A0
Q44007,A0
Q44008,A0
Q44009,A0
Q44010,A0
Q44011,A0
Q44012,A0
Q44013,A0
Q44014,A0
Q44015,A0
Q44016,A0
Q44017,A0
Q44018,A0
Q44019,A0
Q44020,A0
Q44021,A0
Q44022,A0
Q44023,A0
Q44024,A0
Q44025,A0
Q44026,A0
Q44027,A0
Q44028,A0
Q44029,A0
Q44030,A0
Q44031,A0
Q44032,A0
Q44033,A0
Q44034,A0
Q44035,A0
Q44036,A0
Q44037,A0
Q44038,A0
Q44039,A0
Q44040,A0
Q44041,A0
Q44042,A0
Q44043,A0
Q44044,A0
Q44045,A0
Q44046,A0
Q44047,A0
Q44048,A0
Q44049,A0
Q44050,A0
Q44051,A0
Q44052,A0
Q44053,A0
Q44054,A0
Q44055,A0
Q44056,A0
Q44057,A0
Q44058,A0
Q44059,A0
Q44060,A0
Q44061,A0
Q44062,A0
Q44063,A0
Q44064,A0
Q44065,A0
Q44066,A0
Q44067,A0
Q44068,A0
Q44069,A0
Q44070,A0
Q44071,A0
Q44072,A0
Q44073,A0
Q44074,A0
Q44075,A0
Q44076,A0
Q44077,A0
Q44078,A0
Q44079,A0
Q44080,A0
Q44081,A0
Q44082,A0
Q44083,A0
Q44084,A0
Q44085,A0
Q44086,A0
Q44087,A0
Q44088,A0
Q44089,A0
Q44090,A0
Q44091,A0
Q44092,A0
Q44093,A0
Q44094,A0
Q44095,A0
Q44096,A0
Q44097,A0
Q44098,A0
Q44099,A0
Q44100,A0
Q44101,A0
Q44102,A0
Q44103,A0
Q44104,A0
Q44105,A0
Q44106,A0
Q44107,A0
Q44108,A0
Q44109,A0
Q44110,A0
Q44111,A0
Q44112,A0
Q44113,A0
Q44114,A0
Q44115,A0
Q44116,A0
Q44117,A0
Q44118,A0
Q44119,A0
Q44120,A0
Q44121,A0
Q44122,A0
Q44123,A0
Q44124,A0
Q44125,A0
Q44126,A0
Q44127,A0
Q44128,A0
Q44129,A0
Q44130,A0
Q44131,A0
Q44132,A0
Q44133,A0
Q44134,A0
Q44135,A0
Q44136,A0
Q44137,A0
Q44138,A0
Q44139,A0
Q44140,A0
Q44141,A0
Q44142,A0
Q44143,A0
Q44144,A0
Q44145,A0
Q44146,A0
Q44147,A0
Q44148,A0
Q44149,A0
Q44150,A0
Q44151,A0
Q44152,A0
Q44153,A0
Q44154,A0
Q44155,A0
Q44156,A0
Q44157,A0
Q44158,A0
Q44159,A0
Q44160,A0
Q44161,A0
Q44162,A0
Q44163,A0
Q44164,A0
Q44165,A0
Q44166,A0
Q44167,A0
Q44168,A0
Q44169,A0
Q44170,A0
Q44171,A0
Q44172,A0
Q44173,A0
Q44174,A0
Q44175,A0
Q44176,A0
Q44177,A0
Q44178,A0
Q44179,A0
Q44180,A0
Q44181,A0
Q44182,A0
Q44183,A0
Q44184,A0
Q44185,A0
Q44186,A0
Q44187,A0
Q44188,A0
Q44189,A0
Q44190,A0
Q44191,A0
Q44192,A0
Q44193,A0
Q44194,A0
Q44195,A0
Q44196,A0
Q44197,A0
Q44198,A0
Q44199,A0
Q44200,A0
Q44201,A0
Q44202,A0
Q44203,A0
Q44204,A0
Q44205,A0
Q44206,A0
Q44207,A0
Q44208,A0
Q44209,A0
Q44210,A0
Q44211,A0
Q44212,A0
Q44213,A0
Q44214,A0
Q44215,A0
Q44216,A0
Q44217,A0
Q44218,A0
Q44219,A0
Q44220,A0
Q44221,A0
Q44222,A0
Q44223,A0
Q44224,A0
Q44225,A0
Q44226,A0
Q44227,A0
Q44228,A0
Q44229,A0
Q44230,A0
Q44231,A0
Q44232,A0
Q44233,A0
Q44234,A0
Q44235,A0
Q44236,A0
Q44237,A0
Q44238,A0
Q44239,A0
Q44240,A0
Q44241,A0
Q44242,A0
Q44243,A0
Q44244,A0
Q44245,A0
Q44246,A0
Q44247,A0
Q44248,A0
Q44249,A0
Q44250,A0
Q44251,A0
Q44252,A0
Q44253,A0
Q44254,A0
Q44255,A0
Q44256,A0
Q44257,A0
Q44258,A0
Q44259,A0
Q44260,A0
Q44261,A0
Q44262,A0
Q44263,A0
Q44264,A0
Q44265,A0
Q44266,A0
Q44267,A0
Q44268,A0
Q44269,A0
Q44270,A0
Q44271,A0
Q44272,A0
Q44273,A0
Q44274,A0
Q44275,A0
Q44276,A0
Q44277,A0
Q44278,A0
Q44279,A0
Q44280,A0
Q44281,A0
Q44282,A0
Q44283,A0
Q44284,A0
Q44285,A0
Q44286,A0
Q44287,A0
Q44288,A0
Q44289,A0
Q44290,A0
Q44291,A0
Q44292,A0
Q44293,A0
Q44294,A0
Q44295,A0
Q44296,A0
Q44297,A0
Q44298,A0
Q44299,A0
Q44300,A0
Q44301,A0
Q44302,A0
Q44303,A0
Q44304,A0
Q44305,A0
Q44306,A0
Q44307,A0
Q44308,A0
Q44309,A0
Q44310,A0
Q44311,A0
Q44312,A0
Q44313,A0
Q44314,A0
Q44315,A0
Q44316,A0
Q44317,A0
Q44318,A0
Q44319,A0
Q44320,A0
Q44321,A0
Q44322,A0
Q44323,A0
Q44324,A0
Q44325,A0
Q44326,A0
Q44327,A0
Q44328,A0
Q44329,A0
Q44330,A0
Q44331,A0
Q44332,A0
Q44333,A0
Q44334,A0
Q44335,A0
Q44336,A0
Q44337,A0
Q44338,A0
Q44339,A0
Q44340,A0
Q44341,A0
Q44342,A0
Q44343,A0
Q44344,A0
Q44345,A0
Q44346,A0
Q44347,A0
Q44348,A0
Q44349,A0
Q44350,A0
Q44351,A0
Q44352,A0
Q44353,A0
Q44354,A0
Q44355,A0
Q44356,A0
Q44357,A0
Q44358,A0
Q44359,A0
Q44360,A0
Q44361,A0
Q44362,A0
Q44363,A0
Q44364,A0
Q44365,A0
Q44366,A0
Q44367,A0
Q44368,A0
Q44369,A0
Q44370,A0
Q44371,A0
Q44372,A0
Q44373,A0
Q44374,A0
Q44375,A0
Q44376,A0
Q44377,A0
Q44378,A0
Q44379,A0
Q44380,A0
Q44381,A0
Q44382,A0
Q44383,A0
Q44384,A0
Q44385,A0
Q44386,A0
Q44387,A0
Q44388,A0
Q44389,A0
Q44390,A0
Q44391,A0
Q44392,A0
Q44393,A0
Q44394,A0
Q44395,A0
Q44396,A0
Q44397,A0
Q44398,A0
Q44399,A0
Q44400,A0
Q44401,A0
Q44402,A0
Q44403,A0
Q44404,A0
Q44405,A0
Q44406,A0
Q44407,A0
Q44408,A0
Q44409,A0
Q44410,A0
Q44411,A0
Q44412,A0
Q44413,A0
Q44414,A0
Q44415,A0
Q44416,A0
Q44417,A0
Q44418,A0
Q44419,A0
Q44420,A0
Q44421,A0
Q44422,A0
Q44423,A0
Q44424,A0
Q44425,A0
Q44426,A0
Q44427,A0
Q44428,A0
Q44429,A0
Q44430,A0
Q44431,A0
Q44432,A0
Q44433,A0
Q44434,A0
Q44435,A0
Q44436,A0
Q44437,A0
Q44438,A0
Q44439,A0
Q44440,A0
Q44441,A0
Q44442,A0
Q44443,A0
Q44444,A0
Q44445,A0
Q44446,A0
Q44447,A0
Q44448,A0
Q44449,A0
Q44450,A0
Q44451,A0
Q44452,A0
Q44453,A0
Q44454,A0
Q44455,A0
Q44456,A0
Q44457,A0
Q44458,A0
Q44459,A0
Q44460,A0
Q44461,A0
Q44462,A0
Q44463,A0
Q44464,A0
Q44465,A0
Q44466,A0
Q44467,A0
Q44468,A0
Q44469,A0
Q44470,A0
Q44471,A0
Q44472,A0
Q44473,A0
Q44474,A0
Q44475,A0
Q44476,A0
Q44477,A0
Q44478,A0
Q44479,A0
Q44480,A0
Q44481,A0
Q44482,A0
Q44483,A0
Q44484,A0
Q44485,A0
Q44486,A0
Q44487,A0
Q44488,A0
Q44489,A0
Q44490,A0
Q44491,A0
Q44492,A0
Q44493,A0
Q44494,A0
Q44495,A0
Q44496,A0
Q44497,A0
Q44498,A0
Q44499,A0
Q44500,A0
Q44501,A0
Q44502,A0
Q44503,A0
Q44504,A0
Q44505,A0
Q44506,A0
Q44507,A0
Q44508,A0
Q44509,A0
Q44510,A0
Q44511,A0
Q44512,A0
Q44513,A0
Q44514,A0
Q44515,A0
Q44516,A0
Q44517,A0
Q44518,A0
Q44519,A0
Q44520,A0
Q44521,A0
Q44522,A0
Q44523,A0
Q44524,A0
Q44525,A0
Q44526,A0
Q44527,A0
Q44528,A0
Q44529,A0
Q44530,A0
Q44531,A0
Q44532,A0
Q44533,A0
Q44534,A0
Q44535,A0
Q44536,A0
Q44537,A0
Q44538,A0
Q44539,A0
Q44540,A0
Q44541,A0
Q44542,A0
Q44543,A0
Q44544,A0
Q44545,A0
Q44546,A0
Q44547,A0
Q44548,A0
Q44549,A0
Q44550,A0
Q44551,A0
Q44552,A0
Q44553,A0
Q44554,A0
Q44555,A0
Q44556,A0
Q44557,A0
Q44558,A0
Q44559,A0
Q44560,A0
Q44561,A0
Q44562,A0
Q44563,A0
Q44564,A0
Q44565,A0
Q44566,A0
Q44567,A0
Q44568,A0
Q44569,A0
Q44570,A0
Q44571,A0
Q44572,A0
Q44573,A0
Q44574,A0
Q44575,A0
Q44576,A0
Q44577,A0
Q44578,A0
Q44579,A0
Q44580,A0
Q44581,A0
Q44582,A0
Q44583,A0
Q44584,A0
Q44585,A0
Q44586,A0
Q44587,A0
Q44588,A0
Q44589,A0
Q44590,A0
Q44591,A0
Q44592,A0
Q44593,A0
Q44594,A0
Q44595,A0
Q44596,A0
Q44597,A0
Q44598,A0
Q44599,A0
Q44600,A0
Q44601,A0
Q44602,A0
Q44603,A0
Q44604,A0
Q44605,A0
Q44606,A0
Q44607,A0
Q44608,A0
Q44609,A0
Q44610,A0
Q44611,A0
Q44612,A0
Q44613,A0
Q44614,A0
Q44615,A0
Q44616,A0
Q44617,A0
Q44618,A0
Q44619,A0
Q44620,A0
Q44621,A0
Q44622,A0
Q44623,A0
Q44624,A0
Q44625,A0
Q44626,A0
Q44627,A0
Q44628,A0
Q44629,A0
Q44630,A0
Q44631,A0
Q44632,A0
Q44633,A0
Q44634,A0
Q44635,A0
Q44636,A0
Q44637,A0
Q44638,A0
Q44639,A0
Q44640,A0
Q44641,A0
Q44642,A0
Q44643,A0
Q44644,A0
Q44645,A0
Q44646,A0
Q44647,A0
Q44648,A0
Q44649,A0
Q44650,A0
Q44651,A0
Q44652,A0
Q44653,A0
Q44654,A0
Q44655,A0
Q44656,A0
Q44657,A0
Q44658,A0
Q44659,A0
Q44660,A0
Q44661,A0
Q44662,A0
Q44663,A0
Q44664,A0
Q44665,A0
Q44666,A0
Q44667,A0
Q44668,A0
Q44669,A0
Q44670,A0
Q44671,A0
Q44672,A0
Q44673,A0
Q44674,A0
Q44675,A0
Q44676,A0
Q44677,A0
Q44678,A0
Q44679,A0
Q44680,A0
Q44681,A0
Q44682,A0
Q44683,A0
Q44684,A0
Q44685,A0
Q44686,A0
Q44687,A0
Q44688,A0
Q44689,A0
Q44690,A0
Q44691,A0
Q44692,A0
Q44693,A0
Q44694,A0
Q44695,A0
Q44696,A0
Q44697,A0
Q44698,A0
Q44699,A0
Q44700,A0
Q44701,A0
Q44702,A0
Q44703,A0
Q44704,A0
Q44705,A0
Q44706,A0
Q44707,A0
Q44708,A0
Q44709,A0
Q44710,A0
Q44711,A0
Q44712,A0
Q44713,A0
Q44714,A0
Q44715,A0
Q44716,A0
Q44717,A0
Q44718,A0
Q44719,A0
Q44720,A0
Q44721,A0
Q44722,A0
Q44723,A0
Q44724,A0
Q44725,A0
Q44726,A0
Q44727,A0
Q44728,A0
Q44729,A0
Q44730,A0
Q44731,A0
Q44732,A0
Q44733,A0
Q44734,A0
Q44735,A0
Q44736,A0
Q44737,A0
Q44738,A0
Q44739,A0
Q44740,A0
Q44741,A0
Q44742,A0
Q44743,A0
Q44744,A0
Q44745,A0
Q44746,A0
Q44747,A0
Q44748,A0
Q44749,A0
Q44750,A0
Q44751,A0
Q44752,A0
Q44753,A0
Q44754,A0
Q44755,A0
Q44756,A0
Q44757,A0
Q44758,A0
Q44759,A0
Q44760,A0
Q44761,A0
Q44762,A0
Q44763,A0
Q44764,A0
Q44765,A0
Q44766,A0
Q44767,A0
Q44768,A0
Q44769,A0
Q44770,A0
Q44771,A0
Q44772,A0
Q44773,A0
Q44774,A0
Q44775,A0
Q44776,A0
Q44777,A0
Q44778,A0
Q44779,A0
Q44780,A0
Q44781,A0
Q44782,A0
Q44783,A0
Q44784,A0
Q44785,A0
Q44786,A0
Q44787,A0
Q44788,A0
Q44789,A0
Q44790,A0
Q44791,A0
Q44792,A0
Q44793,A0
Q44794,A0
Q44795,A0
Q44796,A0
Q44797,A0
Q44798,A0
Q44799,A0
Q44800,A0
Q44801,A0
Q44802,A0
Q44803,A0
Q44804,A0
Q44805,A0
Q44806,A0
Q44807,A0
Q44808,A0
Q44809,A0
Q44810,A0
Q44811,A0
Q44812,A0
Q44813,A0
Q44814,A0
Q44815,A0
Q44816,A0
Q44817,A0
Q44818,A0
Q44819,A0
Q44820,A0
Q44821,A0
Q44822,A0
Q44823,A0
Q44824,A0
Q44825,A0
Q44826,A0
Q44827,A0
Q44828,A0
Q44829,A0
Q44830,A0
Q44831,A0
Q44832,A0
Q44833,A0
Q44834,A0
Q44835,A0
Q44836,A0
Q44837,A0
Q44838,A0
Q44839,A0
Q44840,A0
Q44841,A0
Q44842,A0
Q44843,A0
Q44844,A0
Q44845,A0
Q44846,A0
Q44847,A0
Q44848,A0
Q44849,A0
Q44850,A0
Q44851,A0
Q44852,A0
Q44853,A0
Q44854,A0
Q44855,A0
Q44856,A0
Q44857,A0
Q44858,A0
Q44859,A0
Q44860,A0
Q44861,A0
Q44862,A0
Q44863,A0
Q44864,A0
Q44865,A0
Q44866,A0
Q44867,A0
Q44868,A0
Q44869,A0
Q44870,A0
Q44871,A0
Q44872,A0
Q44873,A0
Q44874,A0
Q44875,A0
Q44876,A0
Q44877,A0
Q44878,A0
Q44879,A0
Q44880,A0
Q44881,A0
Q44882,A0
Q44883,A0
Q44884,A0
Q44885,A0
Q44886,A0
Q44887,A0
Q44888,A0
Q44889,A0
Q44890,A0
Q44891,A0
Q44892,A0
Q44893,A0
Q44894,A0
Q44895,A0
Q44896,A0
Q44897,A0
Q44898,A0
Q44899,A0
Q44900,A0
Q44901,A0
Q44902,A0
Q44903,A0
Q44904,A0
Q44905,A0
Q44906,A0
Q44907,A0
Q44908,A0
Q44909,A0
Q44910,A0
Q44911,A0
Q44912,A0
Q44913,A0
Q44914,A0
Q44915,A0
Q44916,A0
Q44917,A0
Q44918,A0
Q44919,A0
Q44920,A0
Q44921,A0
Q44922,A0
Q44923,A0
Q44924,A0
Q44925,A0
Q44926,A0
Q44927,A0
Q44928,A0
Q44929,A0
Q44930,A0
Q44931,A0
Q44932,A0
Q44933,A0
Q44934,A0
Q44935,A0
Q44936,A0
Q44937,A0
Q44938,A0
Q44939,A0
Q44940,A0
Q44941,A0
Q44942,A0
Q44943,A0
Q44944,A0
Q44945,A0
Q44946,A0
Q44947,A0
Q44948,A0
Q44949,A0
Q44950,A0
Q44951,A0
Q44952,A0
Q44953,A0
Q44954,A0
Q44955,A0
Q44956,A0
Q44957,A0
Q44958,A0
Q44959,A0
Q44960,A0
Q44961,A0
Q44962,A0
Q44963,A0
Q44964,A0
Q44965,A0
Q44966,A0
Q44967,A0
Q44968,A0
Q44969,A0
Q44970,A0
Q44971,A0
Q44972,A0
Q44973,A0
Q44974,A0
Q44975,A0
Q44976,A0
Q44977,A0
Q44978,A0
Q44979,A0
Q44980,A0
Q44981,A0
Q44982,A0
Q44983,A0
Q44984,A0
Q44985,A0
Q44986,A0
Q44987,A0
Q44988,A0
Q44989,A0
Q44990,A0
Q44991,A0
Q44992,A0
Q44993,A0
Q44994,A0
Q44995,A0
Q44996,A0
Q44997,A0
Q44998,A0
Q44999,A0
Q45000,A0
Q45001,A0
Q45002,A0
Q45003,A0
Q45004,A0
Q45005,A0
Q45006,A0
Q45007,A0
Q45008,A0
Q45009,A0
Q45010,A0
Q45011,A0
Q45012,A0
Q45013,A0
Q45014,A0
Q45015,A0
Q45016,A0
Q45017,A0
Q45018,A0
Q45019,A0
Q45020,A0
Q45021,A0
Q45022,A0
Q45023,A0
Q45024,A0
Q45025,A0
Q45026,A0
Q45027,A0
Q45028,A0
Q45029,A0
Q45030,A0
Q45031,A0
Q45032,A0
Q45033,A0
Q45034,A0
Q45035,A0
Q45036,A0
Q45037,A0
Q45038,A0
Q45039,A0
Q45040,A0
Q45041,A0
Q45042,A0
Q45043,A0
Q45044,A0
Q45045,A0
Q45046,A0
Q45047,A0
Q45048,A0
Q45049,A0
Q45050,A0
Q45051,A0
Q45052,A0
Q45053,A0
Q45054,A0
Q45055,A0
Q45056,A0
Q45057,A0
Q45058,A0
Q45059,A0
Q45060,A0
Q45061,A0
Q45062,A0
Q45063,A0
Q45064,A0
Q45065,A0
Q45066,A0
Q45067,A0
Q45068,A0
Q45069,A0
Q45070,A0
Q45071,A0
Q45072,A0
Q45073,A0
Q45074,A0
Q45075,A0
Q45076,A0
Q45077,A0
Q45078,A0
Q45079,A0
Q45080,A0
Q45081,A0
Q45082,A0
Q45083,A0
Q45084,A0
Q45085,A0
Q45086,A0
Q45087,A0
Q45088,A0
Q45089,A0
Q45090,A0
Q45091,A0
Q45092,A0
Q45093,A0
Q45094,A0
Q45095,A0
Q45096,A0
Q45097,A0
Q45098,A0
Q45099,A0
Q45100,A0
Q45101,A0
Q45102,A0
Q45103,A0
Q45104,A0
Q45105,A0
Q45106,A0
Q45107,A0
Q45108,A0
Q45109,A0
Q45110,A0
Q45111,A0
Q45112,A0
Q45113,A0
Q45114,A0
Q45115,A0
Q45116,A0
Q45117,A0
Q45118,A0
Q45119,A0
Q45120,A0
Q45121,A0
Q45122,A0
Q45123,A0
Q45124,A0
Q45125,A0
Q45126,A0
Q45127,A0
Q45128,A0
Q45129,A0
Q45130,A0
Q45131,A0
Q45132,A0
Q45133,A0
Q45134,A0
Q45135,A0
Q45136,A0
Q45137,A0
Q45138,A0
Q45139,A0
Q45140,A0
Q45141,A0
Q45142,A0
Q45143,A0
Q45144,A0
Q45145,A0
Q45146,A0
Q45147,A0
Q45148,A0
Q45149,A0
Q45150,A0
Q45151,A0
Q45152,A0
Q45153,A0
Q45154,A0
Q45155,A0
Q45156,A0
Q45157,A0
Q45158,A0
Q45159,A0
Q45160,A0
Q45161,A0
Q45162,A0
Q45163,A0
Q45164,A0
Q45165,A0
Q45166,A0
Q45167,A0
Q45168,A0
Q45169,A0
Q45170,A0
Q45171,A0
Q45172,A0
Q45173,A0
Q45174,A0
Q45175,A0
Q45176,A0
Q45177,A0
Q45178,A0
Q45179,A0
Q45180,A0
Q45181,A0
Q45182,A0
Q45183,A0
Q45184,A0
Q45185,A0
Q45186,A0
Q45187,A0
Q45188,A0
Q45189,A0
Q45190,A0
Q45191,A0
Q45192,A0
Q45193,A0
Q45194,A0
Q45195,A0
Q45196,A0
Q45197,A0
Q45198,A0
Q45199,A0
Q45200,A0
Q45201,A0
Q45202,A0
Q45203,A0
Q45204,A0
Q45205,A0
Q45206,A0
Q45207,A0
Q45208,A0
Q45209,A0
Q45210,A0
Q45211,A0
Q45212,A0
Q45213,A0
Q45214,A0
Q45215,A0
Q45216,A0
Q45217,A0
Q45218,A0
Q45219,A0
Q45220,A0
Q45221,A0
Q45222,A0
Q45223,A0
Q45224,A0
Q45225,A0
Q45226,A0
Q45227,A0
Q45228,A0
Q45229,A0
Q45230,A0
Q45231,A0
Q45232,A0
Q45233,A0
Q45234,A0
Q45235,A0
Q45236,A0
Q45237,A0
Q45238,A0
Q45239,A0
Q45240,A0
Q45241,A0
Q45242,A0
Q45243,A0
Q45244,A0
Q45245,A0
Q45246,A0
Q45247,A0
Q45248,A0
Q45249,A0
Q45250,A0
Q45251,A0
Q45252,A0
Q45253,A0
Q45254,A0
Q45255,A0
Q45256,A0
Q45257,A0
Q45258,A0
Q45259,A0
Q45260,A0
Q45261,A0
Q45262,A0
Q45263,A0
Q45264,A0
Q45265,A0
Q45266,A0
Q45267,A0
Q45268,A0
Q45269,A0
Q45270,A0
Q45271,A0
Q45272,A0
Q45273,A0
Q45274,A0
Q45275,A0
Q45276,A0
Q45277,A0
Q45278,A0
Q45279,A0
Q45280,A0
Q45281,A0
Q45282,A0
Q45283,A0
Q45284,A0
Q45285,A0
Q45286,A0
Q45287,A0
Q45288,A0
Q45289,A0
Q45290,A0
Q45291,A0
Q45292,A0
Q45293,A0
Q45294,A0
Q45295,A0
Q45296,A0
Q45297,A0
Q45298,A0
Q45299,A0
Q45300,A0
Q45301,A0
Q45302,A0
Q45303,A0
Q45304,A0
Q45305,A0
Q45306,A0
Q45307,A0
Q45308,A0
Q45309,A0
Q45310,A0
Q45311,A0
Q45312,A0
Q45313,A0
Q45314,A0
Q45315,A0
Q45316,A0
Q45317,A0
Q45318,A0
Q45319,A0
Q45320,A0
Q45321,A0
Q45322,A0
Q45323,A0
Q45324,A0
Q45325,A0
Q45326,A0
Q45327,A0
Q45328,A0
Q45329,A0
Q45330,A0
Q45331,A0
Q45332,A0
Q45333,A0
Q45334,A0
Q45335,A0
Q45336,A0
Q45337,A0
Q45338,A0
Q45339,A0
Q45340,A0
Q45341,A0
Q45342,A0
Q45343,A0
Q45344,A0
Q45345,A0
Q45346,A0
Q45347,A0
Q45348,A0
Q45349,A0
Q45350,A0
Q45351,A0
Q45352,A0
Q45353,A0
Q45354,A0
Q45355,A0
Q45356,A0
Q45357,A0
Q45358,A0
Q45359,A0
Q45360,A0
Q45361,A0
Q45362,A0
Q45363,A0
Q45364,A0
Q45365,A0
Q45366,A0
Q45367,A0
Q45368,A0
Q45369,A0
Q45370,A0
Q45371,A0
Q45372,A0
Q45373,A0
Q45374,A0
Q45375,A0
Q45376,A0
Q45377,A0
Q45378,A0
Q45379,A0
Q45380,A0
Q45381,A0
Q45382,A0
Q45383,A0
Q45384,A0
Q45385,A0
Q45386,A0
Q45387,A0
Q45388,A0
Q45389,A0
Q45390,A0
Q45391,A0
Q45392,A0
Q45393,A0
Q45394,A0
Q45395,A0
Q45396,A0
Q45397,A0
Q45398,A0
Q45399,A0
Q45400,A0
Q45401,A0
Q45402,A0
Q45403,A0
Q45404,A0
Q45405,A0
Q45406,A0
Q45407,A0
Q45408,A0
Q45409,A0
Q45410,A0
Q45411,A0
Q45412,A0
Q45413,A0
Q45414,A0
Q45415,A0
Q45416,A0
Q45417,A0
Q45418,A0
Q45419,A0
Q45420,A0
Q45421,A0
Q45422,A0
Q45423,A0
Q45424,A0
Q45425,A0
Q45426,A0
Q45427,A0
Q45428,A0
Q45429,A0
Q45430,A0
Q45431,A0
Q45432,A0
Q45433,A0
Q45434,A0
Q45435,A0
Q45436,A0
Q45437,A0
Q45438,A0
Q45439,A0
Q45440,A0
Q45441,A0
Q45442,A0
Q45443,A0
Q45444,A0
Q45445,A0
Q45446,A0
Q45447,A0
Q45448,A0
Q45449,A2
Q45450,A2
Q45451,A2
Q45452,A2
Q45453,A2
Q45454,A2
Q45455,A2
Q45456,A2
Q45457,A2
Q45458,A2
Q45459,A2
Q45460,A2
Q45461,A2
Q45462,A2
Q45463,A2
Q45464,A2
Q45465,A2
Q45466,A2
Q45467,A2
Q45468,A2
Q45469,A2
Q45470,A2
Q45471,A2
Q45472,A2
Q45473,A2
Q45474,A2
Q45475,A2
Q45476,A2
Q45477,A2
Q45478,A2
Q45479,A2
Q45480,A2
Q45481,A2
Q45482,A2
Q45483,A2
Q45484,A2
Q45485,A2
Q45486,A2
Q45487,A2
Q45488,A2
Q45489,A2
Q45490,A2
Q45491,A2
Q45492,A2
Q45493,A2
Q45494,A2
Q45495,A2
Q45496,A2
Q45497,A2
Q45498,A2
Q45499,A2
Q45500,A2
Q45501,A2
Q45502,A2
Q45503,A2
Q45504,A2
Q45505,A2
Q45506,A2
Q45507,A2
Q45508,A2
Q45509,A2
Q45510,A2
Q45511,A2
Q45512,A2
Q45513,A2
Q45514,A2
Q45515,A2
Q45516,A2
Q45517,A2
Q45518,A2
Q45519,A2
Q45520,A2
Q45521,A2
Q45522,A2
Q45523,A2
Q45524,A2
Q45525,A2
Q45526,A2
Q45527,A2
Q45528,A2
Q45529,A2
Q45530,A2
Q45531,A2
Q45532,A2
Q45533,A2
Q45534,A2
Q45535,A2
Q45536,A2
Q45537,A2
Q45538,A2
Q45539,A2
Q45540,A2
Q45541,A2
Q45542,A2
Q45543,A2
Q45544,A2
Q45545,A2
Q45546,A2
Q45547,A2
Q45548,A2
Q45549,A2
Q45550,A2
Q45551,A2
Q45552,A2
Q45553,A2
Q45554,A2
Q45555,A2
Q45556,A2
Q45557,A2
Q45558,A2
Q45559,A2
Q45560,A2
Q45561,A2
Q45562,A2
Q45563,A2
Q45564,A2
Q45565,A2
Q45566,A2
Q45567,A2
Q45568,A2
Q45569,A2
Q45570,A2
Q45571,A2
Q45572,A2
Q45573,A2
Q45574,A2
Q45575,A2
Q45576,A2
Q45577,A2
Q45578,A2
Q45579,A2
Q45580,A2
Q45581,A2
Q45582,A2
Q45583,A2
Q45584,A2
Q45585,A2
Q45586,A2
Q45587,A2
Q45588,A2
Q45589,A2
Q45590,A2
Q45591,A2
Q45592,A2
Q45593,A2
Q45594,A2
Q45595,A2
Q45596,A2
Q45597,A2
Q45598,A2
Q45599,A2
Q45600,A2
Q45601,A2
Q45602,A2
Q45603,A2
Q45604,A2
Q45605,A2
Q45606,A2
Q45607,A2
Q45608,A2
Q45609,A2
Q45610,A2
Q45611,A2
Q45612,A2
Q45613,A2
Q45614,A2
Q45615,A2
Q45616,A2
Q45617,A2
Q45618,A2
Q45619,A2
Q45620,A2
Q45621,A2
Q45622,A2
Q45623,A2
Q45624,A2
Q45625,A2
Q45626,A2
Q45627,A2
Q45628,A2
Q45629,A2
Q45630,A2
Q45631,A2
Q45632,A2
Q45633,A2
Q45634,A2
Q45635,A2
Q45636,A2
Q45637,A2
Q45638,A2
Q45639,A2
Q45640,A2
Q45641,A2
Q45642,A2
Q45643,A2
Q45644,A2
Q45645,A2
Q45646,A2
Q45647,A2
Q45648,A2
Q45649,A2
Q45650,A2
Q45651,A2
Q45652,A2
Q45653,A2
Q45654,A2
Q45655,A2
Q45656,A2
Q45657,A2
Q45658,A2
Q45659,A2
Q45660,A2
Q45661,A2
Q45662,A2
Q45663,A2
Q45664,A2
Q45665,A2
Q45666,A2
Q45667,A2
Q45668,A2
Q45669,A2
Q45670,A2
Q45671,A2
Q45672,A2
Q45673,A2
Q45674,A2
Q45675,A2
Q45676,A2
Q45677,A2
Q45678,A2
Q45679,A2
Q45680,A2
Q45681,A2
Q45682,A2
Q45683,A2
Q45684,A2
Q45685,A2
Q45686,A2
Q45687,A2
Q45688,A2
Q45689,A2
Q45690,A2
Q45691,A2
Q45692,A2
Q45693,A2
Q45694,A2
Q45695,A2
Q45696,A2
Q45697,A2
Q45698,A2
Q45699,A2
Q45700,A2
Q45701,A2
Q45702,A2
Q45703,A2
Q45704,A2
Q45705,A2
Q45706,A2
Q45707,A2
Q45708,A2
Q45709,A2
Q45710,A2
Q45711,A2
Q45712,A2
Q45713,A2
Q45714,A2
Q45715,A2
Q45716,A2
Q45717,A2
Q45718,A2
Q45719,A2
Q45720,A2
Q45721,A2
Q45722,A2
Q45723,A2
Q45724,A2
Q45725,A2
Q45726,A2
Q45727,A2
Q45728,A2
Q45729,A2
Q45730,A2
Q45731,A2
Q45732,A2
Q45733,A2
Q45734,A2
Q45735,A2
Q45736,A2
Q45737,A2
Q45738,A2
Q45739,A2
Q45740,A2
Q45741,A2
Q45742,A2
Q45743,A2
Q45744,A2
Q45745,A2
Q45746,A2
Q45747,A2
Q45748,A2
Q45749,A2
Q45750,A2
Q45751,A2
Q45752,A2
Q45753,A2
Q45754,A2
Q45755,A2
Q45756,A2
Q45757,A2
Q45758,A2
Q45759,A2
Q45760,A2
Q45761,A2
Q45762,A2
Q45763,A2
Q45764,A2
Q45765,A2
Q45766,A2
Q45767,A2
Q45768,A2
Q45769,A2
Q45770,A2
Q45771,A2
Q45772,A2
Q45773,A2
Q45774,A2
Q45775,A2
Q45776,A2
Q45777,A2
Q45778,A2
Q45779,A2
Q45780,A2
Q45781,A2
Q45782,A2
Q45783,A2
Q45784,A2
Q45785,A2
Q45786,A2
Q45787,A2
Q45788,A2
Q45789,A2
Q45790,A2
Q45791,A2
Q45792,A2
Q45793,A2
Q45794,A2
Q45795,A2
Q45796,A2
Q45797,A2
Q45798,A2
Q45799,A2
Q45800,A2
Q45801,A2
Q45802,A2
Q45803,A2
Q45804,A2
Q45805,A2
Q45806,A2
Q45807,A2
Q45808,A2
Q45809,A2
Q45810,A2
Q45811,A2
Q45812,A2
Q45813,A2
Q45814,A2
Q45815,A2
Q45816,A2
Q45817,A2
Q45818,A2
Q45819,A2
Q45820,A2
Q45821,A2
Q45822,A2
Q45823,A2
Q45824,A2
Q45825,A2
Q45826,A2
Q45827,A2
Q45828,A2
Q45829,A2
Q45830,A2
Q45831,A2
Q45832,A2
Q45833,A2
Q45834,A2
Q45835,A2
Q45836,A2
Q45837,A2
Q45838,A2
Q45839,A2
Q45840,A2
Q45841,A2
Q45842,A2
Q45843,A2
Q45844,A2
Q45845,A2
Q45846,A2
Q45847,A2
Q45848,A2
Q45849,A2
Q45850,A2
Q45851,A2
Q45852,A2
Q45853,A2
Q45854,A2
Q45855,A2
Q45856,A2
Q45857,A2
Q45858,A2
Q45859,A2
Q45860,A2
Q45861,A2
Q45862,A2
Q45863,A2
Q45864,A2
Q45865,A2
Q45866,A2
Q45867,A2
Q45868,A2
Q45869,A2
Q45870,A2
Q45871,A2
Q45872,A2
Q45873,A2
Q45874,A2
Q45875,A2
Q45876,A2
Q45877,A2
Q45878,A2
Q45879,A2
Q45880,A2
Q45881,A2
Q45882,A2
Q45883,A2
Q45884,A2
Q45885,A2
Q45886,A2
Q45887,A2
Q45888,A2
Q45889,A2
Q45890,A2
Q45891,A2
Q45892,A2
Q45893,A2
Q45894,A2
Q45895,A2
Q45896,A2
Q45897,A2
Q45898,A2
Q45899,A2
Q45900,A2
Q45901,A2
Q45902,A2
Q45903,A2
Q45904,A2
Q45905,A2
Q45906,A2
Q45907,A2
Q45908,A2
Q45909,A2
Q45910,A2
Q45911,A2
Q45912,A2
Q45913,A2
Q45914,A2
Q45915,A2
Q45916,A2
Q45917,A2
Q45918,A2
Q45919,A2
Q45920,A2
Q45921,A2
Q45922,A2
Q45923,A2
Q45924,A2
Q45925,A2
Q45926,A2
Q45927,A2
Q45928,A2
Q45929,A2
Q45930,A2
Q45931,A2
Q45932,A2
Q45933,A2
Q45934,A2
Q45935,A2
Q45936,A2
Q45937,A2
Q45938,A2
Q45939,A2
Q45940,A2
Q45941,A2
Q45942,A2
Q45943,A2
Q45944,A2
Q45945,A2
Q45946,A2
Q45947,A2
Q45948,A2
Q45949,A2
Q45950,A2
Q45951,A2
Q45952,A2
Q45953,A2
Q45954,A2
Q45955,A2
Q45956,A2
Q45957,A2
Q45958,A2
Q45959,A2
Q45960,A2
Q45961,A2
Q45962,A2
Q45963,A2
Q45964,A2
Q45965,A2
Q45966,A2
Q45967,A2
Q45968,A2
Q45969,A2
Q45970,A2
Q45971,A2
Q45972,A2
Q45973,A2
Q45974,A2
Q45975,A2
Q45976,A2
Q45977,A2
Q45978,A2
Q45979,A2
Q45980,A2
Q45981,A2
Q45982,A2
Q45983,A2
Q45984,A2
Q45985,A2
Q45986,A2
Q45987,A2
Q45988,A2
Q45989,A2
Q45990,A2
Q45991,A2
Q45992,A2
Q45993,A2
Q45994,A2
Q45995,A2
Q45996,A2
Q45997,A2
Q45998,A2
Q45999,A2
Q46000,A2
Q46001,A2
Q46002,A2
Q46003,A2
Q46004,A2
Q46005,A2
Q46006,A2
Q46007,A2
Q46008,A2
Q46009,A2
Q46010,A2
Q46011,A2
Q46012,A2
Q46013,A2
Q46014,A2
Q46015,A2
Q46016,A2
Q46017,A2
Q46018,A2
Q46019,A2
Q46020,A2
Q46021,A2
Q46022,A2
Q46023,A2
Q46024,A2
Q46025,A2
Q46026,A2
Q46027,A2
Q46028,A2
Q46029,A2
Q46030,A2
Q46031,A2
Q46032,A2
Q46033,A2
Q46034,A2
Q46035,A2
Q46036,A2
Q46037,A2
Q46038,A2
Q46039,A2
Q46040,A2
Q46041,A2
Q46042,A2
Q46043,A2
Q46044,A2
Q46045,A2
Q46046,A2
Q46047,A2
Q46048,A2
Q46049,A2
Q46050,A2
Q46051,A2
Q46052,A2
Q46053,A2
Q46054,A2
Q46055,A2
Q46056,A2
Q46057,A2
Q46058,A2
Q46059,A2
Q46060,A2
Q46061,A2
Q46062,A2
Q46063,A2
Q46064,A2
Q46065,A2
Q46066,A2
Q46067,A2
Q46068,A2
Q46069,A2
Q46070,A2
Q46071,A2
Q46072,A2
Q46073,A2
Q46074,A2
Q46075,A2
Q46076,A2
Q46077,A2
Q46078,A2
Q46079,A2
Q46080,A2
Q46081,A2
Q46082,A2
Q46083,A2
Q46084,A2
Q46085,A2
Q46086,A2
Q46087,A2
Q46088,A2
Q46089,A2
Q46090,A2
Q46091,A2
Q46092,A2
Q46093,A2
Q46094,A2
Q46095,A2
Q46096,A2
Q46097,A2
Q46098,A2
Q46099,A2
Q46100,A2
Q46101,A2
Q46102,A2
Q46103,A2
Q46104,A2
Q46105,A2
Q46106,A2
Q46107,A2
Q46108,A2
Q46109,A2
Q46110,A2
Q46111,A2
Q46112,A2
Q46113,A2
Q46114,A2
Q46115,A2
Q46116,A2
Q46117,A2
Q46118,A2
Q46119,A2
Q46120,A2
Q46121,A2
Q46122,A2
Q46123,A2
Q46124,A2
Q46125,A2
Q46126,A2
Q46127,A2
Q46128,A2
Q46129,A2
Q46130,A2
Q46131,A2
Q46132,A2
Q46133,A2
Q46134,A2
Q46135,A2
Q46136,A2
Q46137,A2
Q46138,A2
Q46139,A2
Q46140,A2
Q46141,A2
Q46142,A2
Q46143,A2
Q46144,A2
Q46145,A2
Q46146,A2
Q46147,A2
Q46148,A2
Q46149,A2
Q46150,A2
Q46151,A2
Q46152,A2
Q46153,A2
Q46154,A2
Q46155,A2
Q46156,A2
Q46157,A2
Q46158,A2
Q46159,A2
Q46160,A2
Q46161,A2
Q46162,A2
Q46163,A2
Q46164,A2
Q46165,A2
Q46166,A2
Q46167,A2
Q46168,A2
Q46169,A2
Q46170,A2
Q46171,A2
Q46172,A2
Q46173,A2
Q46174,A2
Q46175,A2
Q46176,A2
Q46177,A2
Q46178,A2
Q46179,A2
Q46180,A2
Q46181,A2
Q46182,A2
Q46183,A2
Q46184,A2
Q46185,A2
Q46186,A2
Q46187,A2
Q46188,A2
Q46189,A2
Q46190,A2
Q46191,A2
Q46192,A2
Q46193,A2
Q46194,A2
Q46195,A2
Q46196,A2
Q46197,A2
Q46198,A2
Q46199,A2
Q46200,A2
Q46201,A2
Q46202,A2
Q46203,A2
Q46204,A2
Q46205,A2
Q46206,A2
Q46207,A2
Q46208,A2
Q46209,A2
Q46210,A2
Q46211,A2
Q46212,A2
Q46213,A2
Q46214,A2
Q46215,A2
Q46216,A2
Q46217,A2
Q46218,A2
Q46219,A2
Q46220,A2
Q46221,A2
Q46222,A2
Q46223,A2
Q46224,A2
Q46225,A2
Q46226,A2
Q46227,A2
Q46228,A2
Q46229,A2
Q46230,A2
Q46231,A2
Q46232,A2
Q46233,A2
Q46234,A2
Q46235,A2
Q46236,A2
Q46237,A2
Q46238,A2
Q46239,A2
Q46240,A2
Q46241,A2
Q46242,A2
Q46243,A2
Q46244,A2
Q46245,A2
Q46246,A2
Q46247,A2
Q46248,A2
Q46249,A2
Q46250,A2
Q46251,A2
Q46252,A2
Q46253,A2
Q46254,A2
Q46255,A2
Q46256,A2
Q46257,A2
Q46258,A2
Q46259,A2
Q46260,A2
Q46261,A2
Q46262,A2
Q46263,A2
Q46264,A2
Q46265,A2
Q46266,A2
Q46267,A2
Q46268,A2
Q46269,A2
Q46270,A2
Q46271,A2
Q46272,A2
Q46273,A2
Q46274,A2
Q46275,A2
Q46276,A2
Q46277,A2
Q46278,A2
Q46279,A2
Q46280,A2
Q46281,A2
Q46282,A2
Q46283,A2
Q46284,A2
Q46285,A2
Q46286,A2
Q46287,A2
Q46288,A2
Q46289,A2
Q46290,A2
Q46291,A2
Q46292,A2
Q46293,A2
Q46294,A2
Q46295,A2
Q46296,A2
Q46297,A2
Q46298,A2
Q46299,A2
Q46300,A2
Q46301,A2
Q46302,A2
Q46303,A2
Q46304,A2
Q46305,A2
Q46306,A2
Q46307,A2
Q46308,A2
Q46309,A2
Q46310,A2
Q46311,A2
Q46312,A2
Q46313,A2
Q46314,A2
Q46315,A2
Q46316,A2
Q46317,A2
Q46318,A2
Q46319,A2
Q46320,A2
Q46321,A2
Q46322,A2
Q46323,A2
Q46324,A2
Q46325,A2
Q46326,A2
Q46327,A2
Q46328,A2
Q46329,A2
Q46330,A2
Q46331,A2
Q46332,A2
Q46333,A2
Q46334,A2
Q46335,A2
Q46336,A2
Q46337,A2
Q46338,A2
Q46339,A2
Q46340,A2
Q46341,A2
Q46342,A2
Q46343,A2
Q46344,A2
Q46345,A2
Q46346,A2
Q46347,A2
Q46348,A2
Q46349,A2
Q46350,A2
Q46351,A2
Q46352,A2
Q46353,A2
Q46354,A2
Q46355,A2
Q46356,A2
Q46357,A2
Q46358,A2
Q46359,A2
Q46360,A2
Q46361,A2
Q46362,A2
Q46363,A2
Q46364,A2
Q46365,A2
Q46366,A2
Q46367,A2
Q46368,A2
Q46369,A2
Q46370,A2
Q46371,A2
Q46372,A2
Q46373,A2
Q46374,A2
Q46375,A2
Q46376,A2
Q46377,A2
Q46378,A2
Q46379,A2
Q46380,A2
Q46381,A2
Q46382,A2
Q46383,A2
Q46384,A2
Q46385,A2
Q46386,A2
Q46387,A2
Q46388,A2
Q46389,A2
Q46390,A2
Q46391,A2
Q46392,A2
Q46393,A2
Q46394,A2
Q46395,A2
Q46396,A2
Q46397,A2
Q46398,A2
Q46399,A2
Q46400,A2
Q46401,A2
Q46402,A2
Q46403,A2
Q46404,A2
Q46405,A2
Q46406,A2
Q46407,A2
Q46408,A2
Q46409,A2
Q46410,A2
Q46411,A2
Q46412,A2
Q46413,A2
Q46414,A2
Q46415,A2
Q46416,A2
Q46417,A2
Q46418,A2
Q46419,A2
Q46420,A2
Q46421,A2
Q46422,A2
Q46423,A2
Q46424,A2
Q46425,A2
Q46426,A2
Q46427,A2
Q46428,A2
Q46429,A2
Q46430,A2
Q46431,A2
Q46432,A2
Q46433,A2
Q46434,A2
Q46435,A2
Q46436,A2
Q46437,A2
Q46438,A2
Q46439,A2
Q46440,A2
Q46441,A2
Q46442,A2
Q46443,A2
Q46444,A2
Q46445,A2
Q46446,A2
Q46447,A2
Q46448,A2
Q46449,A2
Q46450,A2
Q46451,A2
Q46452,A2
Q46453,A2
Q46454,A2
Q46455,A2
Q46456,A2
Q46457,A2
Q46458,A2
Q46459,A2
Q46460,A2
Q46461,A2
Q46462,A2
Q46463,A2
Q46464,A2
Q46465,A2
Q46466,A2
Q46467,A2
Q46468,A2
Q46469,A2
Q46470,A2
Q46471,A2
Q46472,A2
Q46473,A2
Q46474,A2
Q46475,A2
Q46476,A2
Q46477,A2
Q46478,A2
Q46479,A2
Q46480,A2
Q46481,A2
Q46482,A2
Q46483,A2
Q46484,A2
Q46485,A2
Q46486,A2
Q46487,A2
Q46488,A2
Q46489,A2
Q46490,A2
Q46491,A2
Q46492,A2
Q46493,A2
Q46494,A2
Q46495,A2
Q46496,A2
Q46497,A2
Q46498,A2
Q46499,A2
Q46500,A2
Q46501,A2
Q46502,A2
Q46503,A2
Q46504,A2
Q46505,A2
Q46506,A2
Q46507,A2
Q46508,A2
Q46509,A2
Q46510,A2
Q46511,A2
Q46512,A2
Q46513,A2
Q46514,A2
Q46515,A2
Q46516,A2
Q46517,A2
Q46518,A2
Q46519,A2
Q46520,A2
Q46521,A2
Q46522,A2
Q46523,A2
Q46524,A2
Q46525,A2
Q46526,A2
Q46527,A2
Q46528,A2
Q46529,A2
Q46530,A2
Q46531,A2
Q46532,A2
Q46533,A2
Q46534,A2
Q46535,A2
Q46536,A2
Q46537,A2
Q46538,A2
Q46539,A2
Q46540,A2
Q46541,A2
Q46542,A2
Q46543,A2
Q46544,A2
Q46545,A2
Q46546,A2
Q46547,A2
Q46548,A2
Q46549,A2
Q46550,A2
Q46551,A2
Q46552,A2
Q46553,A2
Q46554,A2
Q46555,A2
Q46556,A2
Q46557,A2
Q46558,A2
Q46559,A2
Q46560,A2
Q46561,A2
Q46562,A2
Q46563,A2
Q46564,A2
Q46565,A2
Q46566,A2
Q46567,A2
Q46568,A2
Q46569,A2
Q46570,A2
Q46571,A2
Q46572,A2
Q46573,A2
Q46574,A2
Q46575,A2
Q46576,A2
Q46577,A2
Q46578,A2
Q46579,A2
Q46580,A2
Q46581,A2
Q46582,A2
Q46583,A2
Q46584,A2
Q46585,A2
Q46586,A2
Q46587,A2
Q46588,A2
Q46589,A2
Q46590,A2
Q46591,A2
Q46592,A2
Q46593,A2
Q46594,A2
Q46595,A2
Q46596,A2
Q46597,A2
Q46598,A2
Q46599,A2
Q46600,A2
Q46601,A2
Q46602,A2
Q46603,A2
Q46604,A2
Q46605,A2
Q46606,A2
Q46607,A2
Q46608,A2
Q46609,A2
Q46610,A2
Q46611,A2
Q46612,A2
Q46613,A2
Q46614,A2
Q46615,A2
Q46616,A2
Q46617,A2
Q46618,A2
Q46619,A2
Q46620,A2
Q46621,A2
Q46622,A2
Q46623,A2
Q46624,A2
Q46625,A2
Q46626,A2
Q46627,A2
Q46628,A2
Q46629,A2
Q46630,A2
Q46631,A2
Q46632,A2
Q46633,A2
Q46634,A2
Q46635,A2
Q46636,A2
Q46637,A2
Q46638,A2
Q46639,A2
Q46640,A2
Q46641,A2
Q46642,A2
Q46643,A2
Q46644,A2
Q46645,A2
Q46646,A2
Q46647,A2
Q46648,A2
Q46649,A2
Q46650,A2
Q46651,A2
Q46652,A2
Q46653,A2
Q46654,A2
Q46655,A2
Q46656,A2
Q46657,A2
Q46658,A2
Q46659,A2
Q46660,A2
Q46661,A2
Q46662,A2
Q46663,A2
Q46664,A2
Q46665,A2
Q46666,A2
Q46667,A2
Q46668,A2
Q46669,A2
Q46670,A2
Q46671,A2
Q46672,A2
Q46673,A2
Q46674,A2
Q46675,A2
Q46676,A2
Q46677,A2
Q46678,A2
Q46679,A2
Q46680,A2
Q46681,A2
Q46682,A2
Q46683,A2
Q46684,A2
Q46685,A2
Q46686,A2
Q46687,A2
Q46688,A2
Q46689,A2
Q46690,A2
Q46691,A2
Q46692,A2
Q46693,A2
Q46694,A2
Q46695,A2
Q46696,A2
Q46697,A2
Q46698,A2
Q46699,A2
Q46700,A2
Q46701,A2
Q46702,A2
Q46703,A2
Q46704,A2
Q46705,A2
Q46706,A2
Q46707,A2
Q46708,A2
Q46709,A2
Q46710,A2
Q46711,A2
Q46712,A2
Q46713,A2
Q46714,A2
Q46715,A2
Q46716,A2
Q46717,A2
Q46718,A2
Q46719,A2
Q46720,A2
Q46721,A2
Q46722,A2
Q46723,A2
Q46724,A2
Q46725,A2
Q46726,A2
Q46727,A2
Q46728,A2
Q46729,A2
Q46730,A2
Q46731,A2
Q46732,A2
Q46733,A2
Q46734,A2
Q46735,A2
Q46736,A2
Q46737,A2
Q46738,A2
Q46739,A2
Q46740,A2
Q46741,A2
Q46742,A2
Q46743,A2
Q46744,A2
Q46745,A2
Q46746,A2
Q46747,A2
Q46748,A2
Q46749,A2
Q46750,A2
Q46751,A2
Q46752,A2
Q46753,A2
Q46754,A2
Q46755,A2
Q46756,A2
Q46757,A2
Q46758,A2
Q46759,A2
Q46760,A2
Q46761,A2
Q46762,A2
Q46763,A2
Q46764,A2
Q46765,A2
Q46766,A2
Q46767,A2
Q46768,A2
Q46769,A2
Q46770,A2
Q46771,A2
Q46772,A2
Q46773,A2
Q46774,A2
Q46775,A2
Q46776,A2
Q46777,A2
Q46778,A2
Q46779,A2
Q46780,A2
Q46781,A2
Q46782,A2
Q46783,A2
Q46784,A2
Q46785,A2
Q46786,A2
Q46787,A2
Q46788,A2
Q46789,A2
Q46790,A2
Q46791,A2
Q46792,A2
Q46793,A2
Q46794,A2
Q46795,A2
Q46796,A2
Q46797,A2
Q46798,A2
Q46799,A2
Q46800,A2
Q46801,A2
Q46802,A2
Q46803,A2
Q46804,A2
Q46805,A2
Q46806,A2
Q46807,A2
Q46808,A2
Q46809,A2
Q46810,A2
Q46811,A2
Q46812,A2
Q46813,A2
Q46814,A2
Q46815,A2
Q46816,A2
Q46817,A2
Q46818,A2
Q46819,A2
Q46820,A2
Q46821,A2
Q46822,A2
Q46823,A2
Q46824,A2
Q46825,A2
Q46826,A2
Q46827,A2
Q46828,A2
Q46829,A2
Q46830,A2
Q46831,A2
Q46832,A2
Q46833,A2
Q46834,A2
Q46835,A2
Q46836,A2
Q46837,A2
Q46838,A2
Q46839,A2
Q46840,A2
Q46841,A2
Q46842,A2
Q46843,A2
Q46844,A2
Q46845,A2
Q46846,A2
Q46847,A2
Q46848,A2
Q46849,A2
Q46850,A2
Q46851,A2
Q46852,A2
Q46853,A2
Q46854,A2
Q46855,A2
Q46856,A2
Q46857,A2
Q46858,A2
Q46859,A2
Q46860,A2
Q46861,A2
Q46862,A2
Q46863,A2
Q46864,A2
Q46865,A2
Q46866,A2
Q46867,A2
Q46868,A2
Q46869,A2
Q46870,A2
Q46871,A2
Q46872,A2
Q46873,A2
Q46874,A2
Q46875,A2
Q46876,A2
Q46877,A2
Q46878,A2
Q46879,A2
Q46880,A2
Q46881,A2
Q46882,A2
Q46883,A2
Q46884,A2
Q46885,A2
Q46886,A2
Q46887,A2
Q46888,A2
Q46889,A2
Q46890,A2
Q46891,A2
Q46892,A2
Q46893,A2
Q46894,A2
Q46895,A2
Q46896,A2
Q46897,A2
Q46898,A2
Q46899,A2
Q46900,A2
Q46901,A2
Q46902,A2
Q46903,A2
Q46904,A2
Q46905,A2
Q46906,A2
Q46907,A2
Q46908,A2
Q46909,A2
Q46910,A2
Q46911,A2
Q46912,A2
Q46913,A2
Q46914,A2
Q46915,A2
Q46916,A2
Q46917,A2
Q46918,A2
Q46919,A2
Q46920,A2
Q46921,A2
Q46922,A2
Q46923,A2
Q46924,A2
Q46925,A2
Q46926,A2
Q46927,A2
Q46928,A2
Q46929,A2
Q46930,A2
Q46931,A2
Q46932,A2
Q46933,A2
Q46934,A2
Q46935,A2
Q46936,A2
Q46937,A2
Q46938,A2
Q46939,A2
Q46940,A2
Q46941,A2
Q46942,A2
Q46943,A2
Q46944,A2
Q46945,A2
Q46946,A2
Q46947,A2
Q46948,A2
Q46949,A2
Q46950,A2
Q46951,A2
Q46952,A2
Q46953,A2
Q46954,A2
Q46955,A2
Q46956,A2
Q46957,A2
Q46958,A2
Q46959,A2
Q46960,A2
Q46961,A2
Q46962,A2
Q46963,A2
Q46964,A2
Q46965,A2
Q46966,A2
Q46967,A2
Q46968,A2
Q46969,A2
Q46970,A2
Q46971,A2
Q46972,A2
Q46973,A2
Q46974,A2
Q46975,A2
Q46976,A2
Q46977,A2
Q46978,A2
Q46979,A2
Q46980,A2
Q46981,A2
Q46982,A2
Q46983,A2
Q46984,A2
Q46985,A2
Q46986,A2
Q46987,A2
Q46988,A2
Q46989,A2
Q46990,A2
Q46991,A2
Q46992,A2
Q46993,A2
Q46994,A2
Q46995,A2
Q46996,A2
Q46997,A2
Q46998,A2
Q46999,A2
Q47000,A2
Q47001,A2
Q47002,A2
Q47003,A2
Q47004,A2
Q47005,A2
Q47006,A2
Q47007,A2
Q47008,A2
Q47009,A2
Q47010,A2
Q47011,A2
Q47012,A2
Q47013,A2
Q47014,A2
Q47015,A2
Q47016,A2
Q47017,A2
Q47018,A2
Q47019,A2
Q47020,A2
Q47021,A2
Q47022,A2
Q47023,A2
Q47024,A2
Q47025,A2
Q47026,A2
Q47027,A2
Q47028,A2
Q47029,A2
Q47030,A2
Q47031,A2
Q47032,A2
Q47033,A2
Q47034,A2
Q47035,A2
Q47036,A2
Q47037,A2
Q47038,A2
Q47039,A2
Q47040,A2
Q47041,A2
Q47042,A2
Q47043,A2
Q47044,A2
Q47045,A2
Q47046,A2
Q47047,A2
Q47048,A2
Q47049,A2
Q47050,A2
Q47051,A2
Q47052,A2
Q47053,A2
Q47054,A2
Q47055,A2
Q47056,A2
Q47057,A2
Q47058,A2
Q47059,A2
Q47060,A2
Q47061,A2
Q47062,A2
Q47063,A2
Q47064,A2
Q47065,A2
Q47066,A2
Q47067,A2
Q47068,A2
Q47069,A2
Q47070,A2
Q47071,A2
Q47072,A2
Q47073,A2
Q47074,A2
Q47075,A2
Q47076,A2
Q47077,A2
Q47078,A2
Q47079,A2
Q47080,A2
Q47081,A2
Q47082,A2
Q47083,A2
Q47084,A2
Q47085,A2
Q47086,A2
Q47087,A2
Q47088,A2
Q47089,A2
Q47090,A2
Q47091,A2
Q47092,A2
Q47093,A2
Q47094,A2
Q47095,A2
Q47096,A2
Q47097,A2
Q47098,A2
Q47099,A2
Q47100,A2
Q47101,A2
Q47102,A2
Q47103,A2
Q47104,A2
Q47105,A2
Q47106,A2
Q47107,A2
Q47108,A2
Q47109,A2
Q47110,A2
Q47111,A2
Q47112,A2
Q47113,A2
Q47114,A2
Q47115,A2
Q47116,A2
Q47117,A2
Q47118,A2
Q47119,A2
Q47120,A2
Q47121,A2
Q47122,A2
Q47123,A2
Q47124,A2
Q47125,A2
Q47126,A2
Q47127,A2
Q47128,A2
Q47129,A2
Q47130,A2
Q47131,A2
Q47132,A2
Q47133,A2
Q47134,A2
Q47135,A2
Q47136,A2
Q47137,A2
Q47138,A2
Q47139,A2
Q47140,A2
Q47141,A2
Q47142,A2
Q47143,A2
Q47144,A2
Q47145,A2
Q47146,A2
Q47147,A2
Q47148,A2
Q47149,A2
Q47150,A2
Q47151,A2
Q47152,A2
Q47153,A2
Q47154,A2
Q47155,A2
Q47156,A2
Q47157,A2
Q47158,A2
Q47159,A2
Q47160,A2
Q47161,A2
Q47162,A2
Q47163,A2
Q47164,A2
Q47165,A2
Q47166,A2
Q47167,A2
Q47168,A2
Q47169,A2
Q47170,A2
Q47171,A2
Q47172,A2
Q47173,A2
Q47174,A2
Q47175,A2
Q47176,A2
Q47177,A2
Q47178,A2
Q47179,A2
Q47180,A2
Q47181,A2
Q47182,A2
Q47183,A2
Q47184,A2
Q47185,A2
Q47186,A2
Q47187,A2
Q47188,A2
Q47189,A2
Q47190,A2
Q47191,A2
Q47192,A2
Q47193,A2
Q47194,A2
Q47195,A2
Q47196,A2
Q47197,A2
Q47198,A2
Q47199,A2
Q47200,A2
Q47201,A2
Q47202,A2
Q47203,A2
Q47204,A2
Q47205,A2
Q47206,A2
Q47207,A2
Q47208,A2
Q47209,A2
Q47210,A2
Q47211,A2
Q47212,A2
Q47213,A2
Q47214,A2
Q47215,A2
Q47216,A2
Q47217,A2
Q47218,A2
Q47219,A2
Q47220,A2
Q47221,A2
Q47222,A2
Q47223,A2
Q47224,A2
Q47225,A2
Q47226,A2
Q47227,A2
Q47228,A2
Q47229,A2
Q47230,A2
Q47231,A2
Q47232,A2
Q47233,A2
Q47234,A2
Q47235,A2
Q47236,A2
Q47237,A2
Q47238,A2
Q47239,A2
Q47240,A2
Q47241,A2
Q47242,A2
Q47243,A2
Q47244,A2
Q47245,A2
Q47246,A2
Q47247,A2
Q47248,A2
Q47249,A2
Q47250,A2
Q47251,A2
Q47252,A2
Q47253,A2
Q47254,A2
Q47255,A2
Q47256,A2
Q47257,A2
Q47258,A2
Q47259,A2
Q47260,A2
Q47261,A2
Q47262,A2
Q47263,A2
Q47264,A2
Q47265,A2
Q47266,A2
Q47267,A2
Q47268,A2
Q47269,A2
Q47270,A2
Q47271,A2
Q47272,A2
Q47273,A2
Q47274,A2
Q47275,A2
Q47276,A2
Q47277,A2
Q47278,A2
Q47279,A2
Q47280,A2
Q47281,A2
Q47282,A2
Q47283,A2
Q47284,A2
Q47285,A2
Q47286,A2
Q47287,A2
Q47288,A2
Q47289,A2
Q47290,A2
Q47291,A2
Q47292,A2
Q47293,A2
Q47294,A2
Q47295,A2
Q47296,A2
Q47297,A2
Q47298,A2
Q47299,A2
Q47300,A2
Q47301,A2
Q47302,A2
Q47303,A2
Q47304,A2
Q47305,A2
Q47306,A2
Q47307,A2
Q47308,A2
Q47309,A2
Q47310,A2
Q47311,A2
Q47312,A2
Q47313,A2
Q47314,A2
Q47315,A2
Q47316,A2
Q47317,A2
Q47318,A2
Q47319,A2
Q47320,A2
Q47321,A2
Q47322,A2
Q47323,A2
Q47324,A2
Q47325,A2
Q47326,A2
Q47327,A2
Q47328,A2
Q47329,A2
Q47330,A2
Q47331,A2
Q47332,A2
Q47333,A2
Q47334,A2
Q47335,A2
Q47336,A2
Q47337,A2
Q47338,A2
Q47339,A2
Q47340,A2
Q47341,A2
Q47342,A2
Q47343,A2
Q47344,A2
Q47345,A2
Q47346,A2
Q47347,A2
Q47348,A2
Q47349,A2
Q47350,A2
Q47351,A2
Q47352,A2
Q47353,A2
Q47354,A2
Q47355,A2
Q47356,A2
Q47357,A2
Q47358,A2
Q47359,A2
Q47360,A2
Q47361,A2
Q47362,A2
Q47363,A2
Q47364,A2
Q47365,A2
Q47366,A2
Q47367,A2
Q47368,A2
Q47369,A2
Q47370,A2
Q47371,A2
Q47372,A2
Q47373,A2
Q47374,A2
Q47375,A2
Q47376,A2
Q47377,A2
Q47378,A2
Q47379,A2
Q47380,A2
Q47381,A2
Q47382,A2
Q47383,A2
Q47384,A2
Q47385,A2
Q47386,A2
Q47387,A2
Q47388,A2
Q47389,A2
Q47390,A2
Q47391,A2
Q47392,A2
Q47393,A2
Q47394,A2
Q47395,A2
Q47396,A2
Q47397,A2
Q47398,A2
Q47399,A2
Q47400,A2
Q47401,A2
Q47402,A2
Q47403,A2
Q47404,A2
Q47405,A2
Q47406,A2
Q47407,A2
Q47408,A2
Q47409,A2
Q47410,A2
Q47411,A2
Q47412,A2
Q47413,A2
Q47414,A2
Q47415,A2
Q47416,A2
Q47417,A2
Q47418,A2
Q47419,A2
Q47420,A2
Q47421,A2
Q47422,A2
Q47423,A2
Q47424,A2
Q47425,A2
Q47426,A2
Q47427,A2
Q47428,A2
Q47429,A2
Q47430,A2
Q47431,A2
Q47432,A2
Q47433,A2
Q47434,A2
Q47435,A2
Q47436,A2
Q47437,A2
Q47438,A2
Q47439,A2
Q47440,A2
Q47441,A2
Q47442,A2
Q47443,A2
Q47444,A2
Q47445,A2
Q47446,A2
Q47447,A2
Q47448,A2
Q47449,A2
Q47450,A2
Q47451,A2
Q47452,A2
Q47453,A2
Q47454,A2
Q47455,A2
Q47456,A2
Q47457,A2
Q47458,A2
Q47459,A2
Q47460,A2
Q47461,A2
Q47462,A2
Q47463,A2
Q47464,A2
Q47465,A2
Q47466,A2
Q47467,A2
Q47468,A2
Q47469,A2
Q47470,A2
Q47471,A2
Q47472,A2
Q47473,A2
Q47474,A2
Q47475,A2
Q47476,A2
Q47477,A2
Q47478,A2
Q47479,A2
Q47480,A2
Q47481,A2
Q47482,A2
Q47483,A2
Q47484,A2
Q47485,A2
Q47486,A2
Q47487,A2
Q47488,A2
Q47489,A2
Q47490,A2
Q47491,A2
Q47492,A2
Q47493,A2
Q47494,A2
Q47495,A2
Q47496,A2
Q47497,A2
Q47498,A2
Q47499,A2
Q47500,A2
Q47501,A2
Q47502,A2
Q47503,A2
Q47504,A2
Q47505,A2
Q47506,A2
Q47507,A2
Q47508,A2
Q47509,A2
Q47510,A2
Q47511,A2
Q47512,A2
Q47513,A2
Q47514,A2
Q47515,A2
Q47516,A2
Q47517,A2
Q47518,A2
Q47519,A2
Q47520,A2
Q47521,A2
Q47522,A2
Q47523,A2
Q47524,A2
Q47525,A2
Q47526,A2
Q47527,A2
Q47528,A2
Q47529,A2
Q47530,A2
Q47531,A2
Q47532,A2
Q47533,A2
Q47534,A2
Q47535,A2
Q47536,A2
Q47537,A2
Q47538,A2
Q47539,A2
Q47540,A2
Q47541,A2
Q47542,A2
Q47543,A2
Q47544,A2
Q47545,A2
Q47546,A2
Q47547,A2
Q47548,A2
Q47549,A2
Q47550,A2
Q47551,A2
Q47552,A2
Q47553,A2
Q47554,A2
Q47555,A2
Q47556,A2
Q47557,A2
Q47558,A2
Q47559,A2
Q47560,A2
Q47561,A2
Q47562,A2
Q47563,A2
Q47564,A2
Q47565,A2
Q47566,A2
Q47567,A2
Q47568,A2
Q47569,A2
Q47570,A2
Q47571,A2
Q47572,A2
Q47573,A2
Q47574,A2
Q47575,A2
Q47576,A2
Q47577,A2
Q47578,A2
Q47579,A2
Q47580,A2
Q47581,A2
Q47582,A2
Q47583,A2
Q47584,A2
Q47585,A2
Q47586,A2
Q47587,A2
Q47588,A2
Q47589,A2
Q47590,A2
Q47591,A2
Q47592,A2
Q47593,A2
Q47594,A2
Q47595,A2
Q47596,A2
Q47597,A2
Q47598,A2
Q47599,A2
Q47600,A2
Q47601,A2
Q47602,A2
Q47603,A2
Q47604,A2
Q47605,A2
Q47606,A2
Q47607,A2
Q47608,A2
Q47609,A2
Q47610,A2
Q47611,A2
Q47612,A2
Q47613,A2
Q47614,A2
Q47615,A2
Q47616,A2
Q47617,A2
Q47618,A2
Q47619,A2
Q47620,A2
Q47621,A2
Q47622,A2
Q47623,A2
Q47624,A2
Q47625,A2
Q47626,A2
Q47627,A2
Q47628,A2
Q47629,A2
Q47630,A2
Q47631,A2
Q47632,A2
Q47633,A2
Q47634,A2
Q47635,A2
Q47636,A2
Q47637,A2
Q47638,A2
Q47639,A2
Q47640,A2
Q47641,A2
Q47642,A2
Q47643,A2
Q47644,A2
Q47645,A2
Q47646,A2
Q47647,A2
Q47648,A2
Q47649,A2
Q47650,A2
Q47651,A2
Q47652,A2
Q47653,A2
Q47654,A2
Q47655,A2
Q47656,A2
Q47657,A2
Q47658,A2
Q47659,A2
Q47660,A2
Q47661,A2
Q47662,A2
Q47663,A2
Q47664,A2
Q47665,A2
Q47666,A2
Q47667,A2
Q47668,A2
Q47669,A2
Q47670,A2
Q47671,A2
Q47672,A2
Q47673,A2
Q47674,A2
Q47675,A2
Q47676,A2
Q47677,A2
Q47678,A2
Q47679,A2
Q47680,A2
Q47681,A2
Q47682,A2
Q47683,A2
Q47684,A2
Q47685,A2
Q47686,A2
Q47687,A2
Q47688,A2
Q47689,A2
Q47690,A2
Q47691,A2
Q47692,A2
Q47693,A2
Q47694,A2
Q47695,A2
Q47696,A2
Q47697,A2
Q47698,A2
Q47699,A2
Q47700,A2
Q47701,A2
Q47702,A2
Q47703,A2
Q47704,A2
Q47705,A2
Q47706,A2
Q47707,A2
Q47708,A2
Q47709,A2
Q47710,A2
Q47711,A2
Q47712,A2
Q47713,A2
Q47714,A2
Q47715,A2
Q47716,A2
Q47717,A2
Q47718,A2
Q47719,A2
Q47720,A2
Q47721,A2
Q47722,A2
Q47723,A2
Q47724,A2
Q47725,A2
Q47726,A2
Q47727,A2
Q47728,A2
Q47729,A2
Q47730,A2
Q47731,A2
Q47732,A2
Q47733,A2
Q47734,A2
Q47735,A2
Q47736,A2
Q47737,A2
Q47738,A2
Q47739,A2
Q47740,A2
Q47741,A2
Q47742,A2
Q47743,A2
Q47744,A2
Q47745,A2
Q47746,A2
Q47747,A2
Q47748,A2
Q47749,A2
Q47750,A2
Q47751,A2
Q47752,A2
Q47753,A2
Q47754,A2
Q47755,A2
Q47756,A2
Q47757,A2
Q47758,A2
Q47759,A2
Q47760,A2
Q47761,A2
Q47762,A2
Q47763,A2
Q47764,A2
Q47765,A2
Q47766,A2
Q47767,A2
Q47768,A2
Q47769,A2
Q47770,A2
Q47771,A2
Q47772,A2
Q47773,A2
Q47774,A2
Q47775,A2
Q47776,A2
Q47777,A2
Q47778,A2
Q47779,A2
Q47780,A2
Q47781,A2
Q47782,A2
Q47783,A2
Q47784,A2
Q47785,A2
Q47786,A2
Q47787,A2
Q47788,A2
Q47789,A2
Q47790,A2
Q47791,A2
Q47792,A2
Q47793,A2
Q47794,A2
Q47795,A2
Q47796,A2
Q47797,A2
Q47798,A2
Q47799,A2
Q47800,A2
Q47801,A2
Q47802,A2
Q47803,A2
Q47804,A2
Q47805,A2
Q47806,A2
Q47807,A2
Q47808,A2
Q47809,A2
Q47810,A2
Q47811,A2
Q47812,A2
Q47813,A2
Q47814,A2
Q47815,A2
Q47816,A2
Q47817,A2
Q47818,A2
Q47819,A2
Q47820,A2
Q47821,A2
Q47822,A2
Q47823,A2
Q47824,A2
Q47825,A2
Q47826,A2
Q47827,A2
Q47828,A2
Q47829,A2
Q47830,A2
Q47831,A2
Q47832,A2
Q47833,A2
Q47834,A2
Q47835,A2
Q47836,A2
Q47837,A2
Q47838,A2
Q47839,A2
Q47840,A2
Q47841,A2
Q47842,A2
Q47843,A2
Q47844,A2
Q47845,A2
Q47846,A2
Q47847,A2
Q47848,A2
Q47849,A2
Q47850,A2
Q47851,A2
Q47852,A2
Q47853,A2
Q47854,A2
Q47855,A2
Q47856,A2
Q47857,A2
Q47858,A2
Q47859,A2
Q47860,A2
Q47861,A2
Q47862,A2
Q47863,A2
Q47864,A2
Q47865,A2
Q47866,A2
Q47867,A2
Q47868,A2
Q47869,A2
Q47870,A2
Q47871,A2
Q47872,A2
Q47873,A2
Q47874,A2
Q47875,A2
Q47876,A2
Q47877,A2
Q47878,A2
Q47879,A2
Q47880,A2
Q47881,A2
Q47882,A2
Q47883,A2
Q47884,A2
Q47885,A2
Q47886,A2
Q47887,A2
Q47888,A2
Q47889,A2
Q47890,A2
Q47891,A2
Q47892,A2
Q47893,A2
Q47894,A2
Q47895,A2
Q47896,A2
Q47897,A2
Q47898,A2
Q47899,A2
Q47900,A2
Q47901,A2
Q47902,A2
Q47903,A2
Q47904,A2
Q47905,A2
Q47906,A2
Q47907,A2
Q47908,A2
Q47909,A2
Q47910,A2
Q47911,A2
Q47912,A2
Q47913,A2
Q47914,A2
Q47915,A2
Q47916,A2
Q47917,A2
Q47918,A2
Q47919,A2
Q47920,A2
Q47921,A2
Q47922,A2
Q47923,A2
Q47924,A2
Q47925,A2
Q47926,A2
Q47927,A2
Q47928,A2
Q47929,A2
Q47930,A2
Q47931,A2
Q47932,A2
Q47933,A2
Q47934,A2
Q47935,A2
Q47936,A2
Q47937,A2
Q47938,A2
Q47939,A2
Q47940,A2
Q47941,A2
Q47942,A2
Q47943,A2
Q47944,A2
Q47945,A2
Q47946,A2
Q47947,A2
Q47948,A2
Q47949,A2
Q47950,A2
Q47951,A2
Q47952,A2
Q47953,A2
Q47954,A2
Q47955,A2
Q47956,A2
Q47957,A2
Q47958,A2
Q47959,A2
Q47960,A2
Q47961,A2
Q47962,A2
Q47963,A2
Q47964,A2
Q47965,A2
Q47966,A2
Q47967,A2
Q47968,A2
Q47969,A2
Q47970,A2
Q47971,A2
Q47972,A2
Q47973,A2
Q47974,A2
Q47975,A2
Q47976,A2
Q47977,A2
Q47978,A2
Q47979,A2
Q47980,A2
Q47981,A2
Q47982,A2
Q47983,A2
Q47984,A2
Q47985,A2
Q47986,A2
Q47987,A2
Q47988,A2
Q47989,A2
Q47990,A2
Q47991,A2
Q47992,A2
Q47993,A2
Q47994,A2
Q47995,A2
Q47996,A2
Q47997,A2
Q47998,A2
Q47999,A2
Q48000,A2
Q48001,A2
Q48002,A2
Q48003,A2
Q48004,A2
Q48005,A2
Q48006,A2
Q48007,A2
Q48008,A2
Q48009,A2
Q48010,A2
Q48011,A2
Q48012,A2
Q48013,A2
Q48014,A2
Q48015,A2
Q48016,A2
Q48017,A2
Q48018,A2
Q48019,A2
Q48020,A2
Q48021,A2
Q48022,A2
Q48023,A2
Q48024,A2
Q48025,A2
Q48026,A2
Q48027,A2
Q48028,A2
Q48029,A2
Q48030,A2
Q48031,A2
Q48032,A2
Q48033,A2
Q48034,A2
Q48035,A2
Q48036,A2
Q48037,A2
Q48038,A2
Q48039,A2
Q48040,A2
Q48041,A2
Q48042,A2
Q48043,A2
Q48044,A2
Q48045,A2
Q48046,A2
Q48047,A2
Q48048,A2
Q48049,A2
Q48050,A2
Q48051,A2
Q48052,A2
Q48053,A2
Q48054,A2
Q48055,A2
Q48056,A2
Q48057,A2
Q48058,A2
Q48059,A2
Q48060,A2
Q48061,A2
Q48062,A2
Q48063,A2
Q48064,A2
Q48065,A2
Q48066,A2
Q48067,A2
Q48068,A2
Q48069,A2
Q48070,A2
Q48071,A2
Q48072,A2
Q48073,A2
Q48074,A2
Q48075,A2
Q48076,A2
Q48077,A2
Q48078,A2
Q48079,A2
Q48080,A2
Q48081,A2
Q48082,A2
Q48083,A2
Q48084,A2
Q48085,A2
Q48086,A2
Q48087,A2
Q48088,A2
Q48089,A2
Q48090,A2
Q48091,A2
Q48092,A2
Q48093,A2
Q48094,A2
Q48095,A2
Q48096,A2
Q48097,A2
Q48098,A2
Q48099,A2
Q48100,A2
Q48101,A2
Q48102,A2
Q48103,A2
Q48104,A2
Q48105,A2
Q48106,A2
Q48107,A2
Q48108,A2
Q48109,A2
Q48110,A2
Q48111,A2
Q48112,A2
Q48113,A2
Q48114,A2
Q48115,A2
Q48116,A2
Q48117,A2
Q48118,A2
Q48119,A2
Q48120,A2
Q48121,A2
Q48122,A2
Q48123,A2
Q48124,A2
Q48125,A2
Q48126,A2
Q48127,A2
Q48128,A2
Q48129,A2
Q48130,A2
Q48131,A2
Q48132,A2
Q48133,A2
Q48134,A2
Q48135,A2
Q48136,A2
Q48137,A2
Q48138,A2
Q48139,A2
Q48140,A2
Q48141,A2
Q48142,A2
Q48143,A2
Q48144,A2
Q48145,A2
Q48146,A2
Q48147,A2
Q48148,A2
Q48149,A2
Q48150,A2
Q48151,A2
Q48152,A2
Q48153,A2
Q48154,A2
Q48155,A2
Q48156,A2
Q48157,A2
Q48158,A2
Q48159,A2
Q48160,A2
Q48161,A2
Q48162,A2
Q48163,A2
Q48164,A2
Q48165,A2
Q48166,A2
Q48167,A2
Q48168,A2
Q48169,A2
Q48170,A2
Q48171,A2
Q48172,A2
Q48173,A2
Q48174,A2
Q48175,A2
Q48176,A2
Q48177,A2
Q48178,A2
Q48179,A2
Q48180,A2
Q48181,A2
Q48182,A2
Q48183,A2
Q48184,A2
Q48185,A2
Q48186,A2
Q48187,A2
Q48188,A2
Q48189,A2
Q48190,A2
Q48191,A2
Q48192,A2
Q48193,A2
Q48194,A2
Q48195,A2
Q48196,A2
Q48197,A2
Q48198,A2
Q48199,A2
Q48200,A2
Q48201,A2
Q48202,A2
Q48203,A2
Q48204,A2
Q48205,A2
Q48206,A2
Q48207,A2
Q48208,A2
Q48209,A2
Q48210,A2
Q48211,A2
Q48212,A2
Q48213,A2
Q48214,A2
Q48215,A2
Q48216,A2
Q48217,A2
Q48218,A2
Q48219,A2
Q48220,A2
Q48221,A2
Q48222,A2
Q48223,A2
Q48224,A2
Q48225,A2
Q48226,A2
Q48227,A2
Q48228,A2
Q48229,A2
Q48230,A2
Q48231,A2
Q48232,A2
Q48233,A2
Q48234,A2
Q48235,A2
Q48236,A2
Q48237,A2
Q48238,A2
Q48239,A2
Q48240,A2
Q48241,A2
Q48242,A2
Q48243,A2
Q48244,A2
Q48245,A2
Q48246,A2
Q48247,A2
Q48248,A2
Q48249,A2
Q48250,A2
Q48251,A2
Q48252,A2
Q48253,A2
Q48254,A2
Q48255,A2
Q48256,A2
Q48257,A2
Q48258,A2
Q48259,A2
Q48260,A2
Q48261,A2
Q48262,A2
Q48263,A2
Q48264,A2
Q48265,A2
Q48266,A2
Q48267,A2
Q48268,A2
Q48269,A2
Q48270,A2
Q48271,A2
Q48272,A2
Q48273,A2
Q48274,A2
Q48275,A2
Q48276,A2
Q48277,A2
Q48278,A2
Q48279,A2
Q48280,A2
Q48281,A2
Q48282,A2
Q48283,A2
Q48284,A2
Q48285,A2
Q48286,A2
Q48287,A2
Q48288,A2
Q48289,A2
Q48290,A2
Q48291,A2
Q48292,A2
Q48293,A2
Q48294,A2
Q48295,A2
Q48296,A2
Q48297,A2
Q48298,A2
Q48299,A2
Q48300,A2
Q48301,A2
Q48302,A2
Q48303,A2
Q48304,A2
Q48305,A2
Q48306,A2
Q48307,A2
Q48308,A2
Q48309,A2
Q48310,A2
Q48311,A2
Q48312,A2
Q48313,A2
Q48314,A2
Q48315,A2
Q48316,A2
Q48317,A2
Q48318,A2
Q48319,A2
Q48320,A2
Q48321,A2
Q48322,A2
Q48323,A2
Q48324,A2
Q48325,A2
Q48326,A2
Q48327,A2
Q48328,A2
Q48329,A2
Q48330,A2
Q48331,A2
Q48332,A2
Q48333,A2
Q48334,A2
Q48335,A2
Q48336,A2
Q48337,A2
Q48338,A2
Q48339,A2
Q48340,A2
Q48341,A2
Q48342,A2
Q48343,A2
Q48344,A2
Q48345,A2
Q48346,A2
Q48347,A2
Q48348,A2
Q48349,A2
Q48350,A2
Q48351,A2
Q48352,A2
Q48353,A2
Q48354,A2
Q48355,A2
Q48356,A2
Q48357,A2
Q48358,A2
Q48359,A2
Q48360,A2
Q48361,A2
Q48362,A2
Q48363,A2
Q48364,A2
Q48365,A2
Q48366,A2
Q48367,A2
Q48368,A2
Q48369,A2
Q48370,A2
Q48371,A2
Q48372,A2
Q48373,A2
Q48374,A2
Q48375,A2
Q48376,A2
Q48377,A2
Q48378,A2
Q48379,A2
Q48380,A2
Q48381,A2
Q48382,A2
Q48383,A2
Q48384,A2
Q48385,A2
Q48386,A2
Q48387,A2
Q48388,A2
Q48389,A2
Q48390,A2
Q48391,A2
Q48392,A2
Q48393,A2
Q48394,A2
Q48395,A2
Q48396,A2
Q48397,A2
Q48398,A2
Q48399,A2
Q48400,A2
Q48401,A2
Q48402,A2
Q48403,A2
Q48404,A2
Q48405,A2
Q48406,A2
Q48407,A2
Q48408,A2
Q48409,A2
Q48410,A2
Q48411,A2
Q48412,A2
Q48413,A2
Q48414,A2
Q48415,A2
Q48416,A2
Q48417,A2
Q48418,A2
Q48419,A2
Q48420,A2
Q48421,A2
Q48422,A2
Q48423,A2
Q48424,A2
Q48425,A2
Q48426,A2
Q48427,A2
Q48428,A2
Q48429,A2
Q48430,A2
Q48431,A2
Q48432,A2
Q48433,A2
Q48434,A2
Q48435,A2
Q48436,A2
Q48437,A2
Q48438,A2
Q48439,A2
Q48440,A2
Q48441,A2
Q48442,A2
Q48443,A2
Q48444,A2
Q48445,A2
Q48446,A2
Q48447,A2
Q48448,A2
Q48449,A2
Q48450,A2
Q48451,A2
Q48452,A2
Q48453,A2
Q48454,A2
Q48455,A2
Q48456,A2
Q48457,A2
Q48458,A2
Q48459,A2
Q48460,A2
Q48461,A2
Q48462,A2
Q48463,A2
Q48464,A2
Q48465,A2
Q48466,A2
Q48467,A2
Q48468,A2
Q48469,A2
Q48470,A2
Q48471,A2
Q48472,A2
Q48473,A2
Q48474,A2
Q48475,A2
Q48476,A2
Q48477,A2
Q48478,A2
Q48479,A2
Q48480,A2
Q48481,A2
Q48482,A2
Q48483,A2
Q48484,A2
Q48485,A2
Q48486,A2
Q48487,A2
Q48488,A2
Q48489,A2
Q48490,A2
Q48491,A2
Q48492,A2
Q48493,A2
Q48494,A2
Q48495,A2
Q48496,A2
Q48497,A2
Q48498,A2
Q48499,A2
Q48500,A2
Q48501,A2
Q48502,A2
Q48503,A2
Q48504,A2
Q48505,A2
Q48506,A2
Q48507,A2
Q48508,A2
Q48509,A2
Q48510,A2
Q48511,A2
Q48512,A2
Q48513,A2
Q48514,A2
Q48515,A2
Q48516,A2
Q48517,A2
Q48518,A2
Q48519,A2
Q48520,A2
Q48521,A2
Q48522,A2
Q48523,A2
Q48524,A2
Q48525,A2
Q48526,A2
Q48527,A2
Q48528,A2
Q48529,A2
Q48530,A2
Q48531,A2
Q48532,A2
Q48533,A2
Q48534,A2
Q48535,A2
Q48536,A2
Q48537,A2
Q48538,A2
Q48539,A2
Q48540,A2
Q48541,A2
Q48542,A2
Q48543,A2
Q48544,A2
Q48545,A2
Q48546,A2
Q48547,A2
Q48548,A2
Q48549,A2
Q48550,A2
Q48551,A2
Q48552,A2
Q48553,A2
Q48554,A2
Q48555,A2
Q48556,A2
Q48557,A2
Q48558,A2
Q48559,A2
Q48560,A2
Q48561,A2
Q48562,A2
Q48563,A2
Q48564,A2
Q48565,A2
Q48566,A2
Q48567,A2
Q48568,A2
Q48569,A2
Q48570,A2
Q48571,A2
Q48572,A2
Q48573,A2
Q48574,A2
Q48575,A2
Q48576,A2
Q48577,A2
Q48578,A2
Q48579,A2
Q48580,A2
Q48581,A2
Q48582,A2
Q48583,A2
Q48584,A2
Q48585,A2
Q48586,A2
Q48587,A2
Q48588,A2
Q48589,A2
Q48590,A2
Q48591,A2
Q48592,A2
Q48593,A2
Q48594,A2
Q48595,A2
Q48596,A2
Q48597,A2
Q48598,A2
Q48599,A2
Q48600,A2
Q48601,A2
Q48602,A2
Q48603,A2
Q48604,A2
Q48605,A2
Q48606,A2
Q48607,A2
Q48608,A2
Q48609,A2
Q48610,A2
Q48611,A2
Q48612,A2
Q48613,A2
Q48614,A2
Q48615,A2
Q48616,A2
Q48617,A2
Q48618,A2
Q48619,A2
Q48620,A2
Q48621,A2
Q48622,A2
Q48623,A2
Q48624,A2
Q48625,A2
Q48626,A2
Q48627,A2
Q48628,A2
Q48629,A2
Q48630,A2
Q48631,A2
Q48632,A2
Q48633,A2
Q48634,A2
Q48635,A2
Q48636,A2
Q48637,A2
Q48638,A2
Q48639,A2
Q48640,A2
Q48641,A2
Q48642,A2
Q48643,A2
Q48644,A2
Q48645,A2
Q48646,A2
Q48647,A2
Q48648,A2
Q48649,A2
Q48650,A2
Q48651,A2
Q48652,A2
Q48653,A2
Q48654,A2
Q48655,A2
Q48656,A2
Q48657,A2
Q48658,A2
Q48659,A2
Q48660,A2
Q48661,A2
Q48662,A2
Q48663,A2
Q48664,A2
Q48665,A2
Q48666,A2
Q48667,A2
Q48668,A2
Q48669,A2
Q48670,A2
Q48671,A2
Q48672,A2
Q48673,A2
Q48674,A2
Q48675,A2
Q48676,A2
Q48677,A2
Q48678,A2
Q48679,A2
Q48680,A2
Q48681,A2
Q48682,A2
Q48683,A2
Q48684,A2
Q48685,A2
Q48686,A2
Q48687,A2
Q48688,A2
Q48689,A2
Q48690,A2
Q48691,A2
Q48692,A2
Q48693,A2
Q48694,A2
Q48695,A2
Q48696,A2
Q48697,A2
Q48698,A2
Q48699,A2
Q48700,A2
Q48701,A2
Q48702,A2
Q48703,A2
Q48704,A2
Q48705,A2
Q48706,A2
Q48707,A2
Q48708,A2
Q48709,A2
Q48710,A2
Q48711,A2
Q48712,A2
Q48713,A2
Q48714,A2
Q48715,A2
Q48716,A2
Q48717,A2
Q48718,A2
Q48719,A2
Q48720,A2
Q48721,A2
Q48722,A2
Q48723,A2
Q48724,A2
Q48725,A2
Q48726,A2
Q48727,A2
Q48728,A2
Q48729,A2
Q48730,A2
Q48731,A2
Q48732,A2
Q48733,A2
Q48734,A2
Q48735,A2
Q48736,A2
Q48737,A2
Q48738,A2
Q48739,A2
Q48740,A2
Q48741,A2
Q48742,A2
Q48743,A2
Q48744,A2
Q48745,A2
Q48746,A2
Q48747,A2
Q48748,A2
Q48749,A2
Q48750,A2
Q48751,A2
Q48752,A2
Q48753,A2
Q48754,A2
Q48755,A2
Q48756,A2
Q48757,A2
Q48758,A2
Q48759,A2
Q48760,A2
Q48761,A2
Q48762,A2
Q48763,A2
Q48764,A2
Q48765,A2
Q48766,A2
Q48767,A2
Q48768,A2
Q48769,A2
Q48770,A2
Q48771,A2
Q48772,A2
Q48773,A2
Q48774,A2
Q48775,A2
Q48776,A2
Q48777,A2
Q48778,A2
Q48779,A2
Q48780,A2
Q48781,A2
Q48782,A2
Q48783,A2
Q48784,A2
Q48785,A2
Q48786,A2
Q48787,A2
Q48788,A2
Q48789,A2
Q48790,A2
Q48791,A2
Q48792,A2
Q48793,A2
Q48794,A2
Q48795,A2
Q48796,A2
Q48797,A2
Q48798,A2
Q48799,A2
Q48800,A2
Q48801,A2
Q48802,A2
Q48803,A2
Q48804,A2
Q48805,A2
Q48806,A2
Q48807,A2
Q48808,A2
Q48809,A2
Q48810,A2
Q48811,A2
Q48812,A2
Q48813,A2
Q48814,A2
Q48815,A2
Q48816,A2
Q48817,A2
Q48818,A2
Q48819,A2
Q48820,A2
Q48821,A2
Q48822,A2
Q48823,A2
Q48824,A2
Q48825,A2
Q48826,A2
Q48827,A2
Q48828,A2
Q48829,A2
Q48830,A2
Q48831,A2
Q48832,A2
Q48833,A2
Q48834,A2
Q48835,A2
Q48836,A2
Q48837,A2
Q48838,A2
Q48839,A2
Q48840,A2
Q48841,A2
Q48842,A2
Q48843,A2
Q48844,A2
Q48845,A2
Q48846,A2
Q48847,A2
Q48848,A2
Q48849,A2
Q48850,A2
Q48851,A2
Q48852,A2
Q48853,A2
Q48854,A2
Q48855,A2
Q48856,A2
Q48857,A2
Q48858,A2
Q48859,A2
Q48860,A2
Q48861,A2
Q48862,A2
Q48863,A2
Q48864,A2
Q48865,A2
Q48866,A2
Q48867,A2
Q48868,A2
Q48869,A2
Q48870,A2
Q48871,A2
Q48872,A2
Q48873,A2
Q48874,A2
Q48875,A2
Q48876,A2
Q48877,A2
Q48878,A2
Q48879,A2
Q48880,A2
Q48881,A2
Q48882,A2
Q48883,A2
Q48884,A2
Q48885,A2
Q48886,A2
Q48887,A1
Q48888,A1
Q48889,A1
Q48890,A1
Q48891,A1
Q48892,A1
Q48893,A1
Q48894,A1
Q48895,A1
Q48896,A1
Q48897,A1
Q48898,A1
Q48899,A1
Q48900,A1
Q48901,A1
Q48902,A1
Q48903,A1
Q48904,A1
Q48905,A1
Q48906,A1
Q48907,A1
Q48908,A1
Q48909,A1
Q48910,A1
Q48911,A1
Q48912,A1
Q48913,A1
Q48914,A1
Q48915,A1
Q48916,A1
Q48917,A1
Q48918,A1
Q48919,A1
Q48920,A1
Q48921,A1
Q48922,A1
Q48923,A1
Q48924,A1
Q48925,A1
Q48926,A1
Q48927,A1
Q48928,A1
Q48929,A1
Q48930,A1
Q48931,A1
Q48932,A1
Q48933,A1
Q48934,A1
Q48935,A1
Q48936,A1
Q48937,A1
Q48938,A1
Q48939,A1
Q48940,A1
Q48941,A1
Q48942,A1
Q48943,A1
Q48944,A1
Q48945,A1
Q48946,A1
Q48947,A1
Q48948,A1
Q48949,A1
Q48950,A1
Q48951,A1
Q48952,A1
Q48953,A1
Q48954,A1
Q48955,A1
Q48956,A1
Q48957,A1
Q48958,A1
Q48959,A1
Q48960,A1
Q48961,A1
Q48962,A1
Q48963,A1
Q48964,A1
Q48965,A1
Q48966,A1
Q48967,A1
Q48968,A1
Q48969,A1
Q48970,A1
Q48971,A1
Q48972,A1
Q48973,A1
Q48974,A1
Q48975,A1
Q48976,A1
Q48977,A1
Q48978,A1
Q48979,A1
Q48980,A1
Q48981,A1
Q48982,A1
Q48983,A1
Q48984,A1
Q48985,A1
Q48986,A1
Q48987,A1
Q48988,A1
Q48989,A1
Q48990,A1
Q48991,A1
Q48992,A1
Q48993,A1
Q48994,A1
Q48995,A1
Q48996,A1
Q48997,A1
Q48998,A1
Q48999,A1
Q49000,A1
Q49001,A1
Q49002,A1
Q49003,A1
Q49004,A1
Q49005,A1
Q49006,A1
Q49007,A1
Q49008,A1
Q49009,A1
Q49010,A1
Q49011,A1
Q49012,A1
Q49013,A1
Q49014,A1
Q49015,A1
Q49016,A1
Q49017,A1
Q49018,A1
Q49019,A1
Q49020,A1
Q49021,A1
Q49022,A1
Q49023,A1
Q49024,A1
Q49025,A1
Q49026,A1
Q49027,A1
Q49028,A1
Q49029,A1
Q49030,A1
Q49031,A1
Q49032,A1
Q49033,A1
Q49034,A1
Q49035,A1
Q49036,A1
Q49037,A1
Q49038,A1
Q49039,A1
Q49040,A1
Q49041,A1
Q49042,A1
Q49043,A1
Q49044,A1
Q49045,A1
Q49046,A1
Q49047,A1
Q49048,A1
Q49049,A1
Q49050,A1
Q49051,A1
Q49052,A1
Q49053,A1
Q49054,A1
Q49055,A1
Q49056,A1
Q49057,A1
Q49058,A1
Q49059,A1
Q49060,A1
Q49061,A1
Q49062,A1
Q49063,A1
Q49064,A1
Q49065,A1
Q49066,A1
Q49067,A1
Q49068,A1
Q49069,A1
Q49070,A1
Q49071,A1
Q49072,A1
Q49073,A1
Q49074,A1
Q49075,A1
Q49076,A1
Q49077,A1
Q49078,A1
Q49079,A1
Q49080,A1
Q49081,A1
Q49082,A1
Q49083,A1
Q49084,A1
Q49085,A1
Q49086,A1
Q49087,A1
Q49088,A1
Q49089,A1
Q49090,A1
Q49091,A1
Q49092,A1
Q49093,A1
Q49094,A1
Q49095,A1
Q49096,A1
Q49097,A1
Q49098,A1
Q49099,A1
Q49100,A1
Q49101,A1
Q49102,A1
Q49103,A1
Q49104,A1
Q49105,A1
Q49106,A1
Q49107,A1
Q49108,A1
Q49109,A1
Q49110,A1
Q49111,A1
Q49112,A1
Q49113,A1
Q49114,A1
Q49115,A1
Q49116,A1
Q49117,A1
Q49118,A1
Q49119,A1
Q49120,A1
Q49121,A1
Q49122,A1
Q49123,A1
Q49124,A1
Q49125,A1
Q49126,A1
Q49127,A1
Q49128,A1
Q49129,A1
Q49130,A1
Q49131,A1
Q49132,A1
Q49133,A1
Q49134,A1
Q49135,A1
Q49136,A1
Q49137,A1
Q49138,A1
Q49139,A1
Q49140,A1
Q49141,A1
Q49142,A1
Q49143,A1
Q49144,A1
Q49145,A1
Q49146,A1
Q49147,A1
Q49148,A1
Q49149,A1
Q49150,A1
Q49151,A1
Q49152,A1
Q49153,A1
Q49154,A1
Q49155,A1
Q49156,A1
Q49157,A1
Q49158,A1
Q49159,A1
Q49160,A1
Q49161,A1
Q49162,A1
Q49163,A1
Q49164,A1
Q49165,A1
Q49166,A1
Q49167,A1
Q49168,A1
Q49169,A1
Q49170,A1
Q49171,A1
Q49172,A1
Q49173,A1
Q49174,A1
Q49175,A1
Q49176,A1
Q49177,A1
Q49178,A1
Q49179,A1
Q49180,A1
Q49181,A1
Q49182,A1
Q49183,A1
Q49184,A1
Q49185,A1
Q49186,A1
Q49187,A1
Q49188,A1
Q49189,A1
Q49190,A1
Q49191,A1
Q49192,A1
Q49193,A1
Q49194,A1
Q49195,A1
Q49196,A1
Q49197,A1
Q49198,A1
Q49199,A1
Q49200,A1
Q49201,A1
Q49202,A1
Q49203,A1
Q49204,A1
Q49205,A1
Q49206,A1
Q49207,A1
Q49208,A1
Q49209,A1
Q49210,A1
Q49211,A1
Q49212,A1
Q49213,A1
Q49214,A1
Q49215,A1
Q49216,A1
Q49217,A1
Q49218,A1
Q49219,A1
Q49220,A1
Q49221,A1
Q49222,A1
Q49223,A1
Q49224,A1
Q49225,A1
Q49226,A1
Q49227,A1
Q49228,A1
Q49229,A1
Q49230,A1
Q49231,A1
Q49232,A1
Q49233,A1
Q49234,A1
Q49235,A1
Q49236,A1
Q49237,A1
Q49238,A0
Q49239,A0
Q49240,A0
Q49241,A0
Q49242,A0
Q49243,A0
Q49244,A0
Q49245,A0
Q49246,A0
Q49247,A0
Q49248,A0
Q49249,A0
Q49250,A0
Q49251,A0
Q49252,A0
Q49253,A0
Q49254,A0
Q49255,A0
Q49256,A0
Q49257,A0
Q49258,A0
Q49259,A0
Q49260,A0
Q49261,A0
Q49262,A0
Q49263,A0
Q49264,A0
Q49265,A0
Q49266,A0
Q49267,A0
Q49268,A0
Q49269,A0
Q49270,A0
Q49271,A0
Q49272,A0
Q49273,A0
Q49274,A0
Q49275,A0
Q49276,A0
Q49277,A0
Q49278,A0
Q49279,A0
Q49280,A0
Q49281,A0
Q49282,A0
Q49283,A0
Q49284,A0
Q49285,A0
Q49286,A0
Q49287,A0
Q49288,A0
Q49289,A0
Q49290,A0
Q49291,A0
Q49292,A0
Q49293,A0
Q49294,A0
Q49295,A0
Q49296,A0
Q49297,A0
Q49298,A0
Q49299,A0
Q49300,A0
Q49301,A0
Q49302,A0
Q49303,A0
Q49304,A0
Q49305,A0
Q49306,A0
Q49307,A0
Q49308,A0
Q49309,A0
Q49310,A0
Q49311,A0
Q49312,A0
Q49313,A0
Q49314,A0
Q49315,A0
Q49316,A0
Q49317,A0
Q49318,A0
Q49319,A0
Q49320,A0
Q49321,A0
Q49322,A0
Q49323,A0
Q49324,A0
Q49325,A0
Q49326,A0
Q49327,A0
Q49328,A0
Q49329,A0
Q49330,A0
Q49331,A0
Q49332,A0
Q49333,A0
Q49334,A0
Q49335,A0
Q49336,A0
Q49337,A0
Q49338,A0
Q49339,A0
Q49340,A0
Q49341,A0
Q49342,A0
Q49343,A0
Q49344,A0
Q49345,A0
Q49346,A0
Q49347,A0
Q49348,A0
Q49349,A0
Q49350,A0
Q49351,A0
Q49352,A0
Q49353,A0
Q49354,A0
Q49355,A0
Q49356,A0
Q49357,A0
Q49358,A0
Q49359,A0
Q49360,A0
Q49361,A0
Q49362,A0
Q49363,A0
Q49364,A0
Q49365,A0
Q49366,A0
Q49367,A0
Q49368,A0
Q49369,A0
Q49370,A0
Q49371,A0
Q49372,A0
Q49373,A0
Q49374,A0
Q49375,A0
Q49376,A0
Q49377,A0
Q49378,A0
Q49379,A0
Q49380,A0
Q49381,A0
Q49382,A0
Q49383,A0
Q49384,A0
Q49385,A0
Q49386,A0
Q49387,A0
Q49388,A0
Q49389,A0
Q49390,A0
Q49391,A0
Q49392,A0
Q49393,A0
Q49394,A0
Q49395,A0
Q49396,A0
Q49397,A0
Q49398,A0
Q49399,A0
Q49400,A0
Q49401,A0
Q49402,A0
Q49403,A0
Q49404,A0
Q49405,A0
Q49406,A0
Q49407,A0
Q49408,A0
Q49409,A0
Q49410,A0
Q49411,A0
Q49412,A0
Q49413,A0
Q49414,A0
Q49415,A0
Q49416,A0
Q49417,A0
Q49418,A0
Q49419,A0
Q49420,A0
Q49421,A0
Q49422,A0
Q49423,A0
Q49424,A0
Q49425,A0
Q49426,A0
Q49427,A0
Q49428,A0
Q49429,A0
Q49430,A0
Q49431,A0
Q49432,A0
Q49433,A0
Q49434,A0
Q49435,A0
Q49436,A0
Q49437,A0
Q49438,A0
Q49439,A0
Q49440,A0
Q49441,A0
Q49442,A0
Q49443,A0
Q49444,A0
Q49445,A0
Q49446,A0
Q49447,A0
Q49448,A0
Q49449,A0
Q49450,A0
Q49451,A0
Q49452,A0
Q49453,A0
Q49454,A0
Q49455,A0
Q49456,A0
Q49457,A0
Q49458,A0
Q49459,A0
Q49460,A0
Q49461,A0
Q49462,A0
Q49463,A0
Q49464,A0
Q49465,A0
Q49466,A0
Q49467,A0
Q49468,A0
Q49469,A0
Q49470,A0
Q49471,A0
Q49472,A0
Q49473,A0
Q49474,A0
Q49475,A0
Q49476,A0
Q49477,A0
Q49478,A0
Q49479,A0
Q49480,A0
Q49481,A0
Q49482,A0
Q49483,A0
Q49484,A0
Q49485,A0
Q49486,A0
Q49487,A0
Q49488,A0
Q49489,A0
Q49490,A0
Q49491,A0
Q49492,A0
Q49493,A0
Q49494,A0
Q49495,A0
Q49496,A0
Q49497,A0
Q49498,A0
Q49499,A0
Q49500,A0
Q49501,A0
Q49502,A0
Q49503,A0
Q49504,A0
Q49505,A0
Q49506,A0
Q49507,A0
Q49508,A0
Q49509,A0
Q49510,A0
Q49511,A0
Q49512,A0
Q49513,A0
Q49514,A0
Q49515,A0
Q49516,A0
Q49517,A0
Q49518,A0
Q49519,A0
Q49520,A0
Q49521,A0
Q49522,A0
Q49523,A0
Q49524,A0
Q49525,A0
Q49526,A0
Q49527,A0
Q49528,A0
Q49529,A0
Q49530,A0
Q49531,A0
Q49532,A0
Q49533,A0
Q49534,A0
Q49535,A0
Q49536,A0
Q49537,A0
Q49538,A0
Q49539,A0
Q49540,A0
Q49541,A0
Q49542,A0
Q49543,A0
Q49544,A0
Q49545,A0
Q49546,A0
Q49547,A0
Q49548,A0
Q49549,A0
Q49550,A0
Q49551,A0
Q49552,A0
Q49553,A0
Q49554,A0
Q49555,A0
Q49556,A0
Q49557,A0
Q49558,A0
Q49559,A0
Q49560,A0
Q49561,A0
Q49562,A0
Q49563,A0
Q49564,A0
Q49565,A0
Q49566,A0
Q49567,A0
Q49568,A0
Q49569,A0
Q49570,A0
Q49571,A0
Q49572,A0
Q49573,A0
Q49574,A0
Q49575,A0
Q49576,A0
Q49577,A0
Q49578,A0
Q49579,A0
Q49580,A0
Q49581,A0
Q49582,A0
Q49583,A0
Q49584,A0
Q49585,A0
Q49586,A0
Q49587,A0
Q49588,A0
Q49589,A0
Q49590,A0
Q49591,A0
Q49592,A0
Q49593,A0
Q49594,A0
Q49595,A0
Q49596,A0
Q49597,A0
Q49598,A0
Q49599,A0
Q49600,A0
Q49601,A0
Q49602,A0
Q49603,A0
Q49604,A0
Q49605,A0
Q49606,A0
Q49607,A0
Q49608,A0
Q49609,A0
Q49610,A0
Q49611,A0
Q49612,A0
Q49613,A0
Q49614,A0
Q49615,A0
Q49616,A0
Q49617,A0
Q49618,A0
Q49619,A0
Q49620,A0
Q49621,A0
Q49622,A0
Q49623,A0
Q49624,A0
Q49625,A0
Q49626,A0
Q49627,A0
Q49628,A0
Q49629,A0
Q49630,A0
Q49631,A0
Q49632,A0
Q49633,A0
Q49634,A0
Q49635,A0
Q49636,A0
Q49637,A0
Q49638,A0
Q49639,A0
Q49640,A0
Q49641,A0
Q49642,A0
Q49643,A0
Q49644,A0
Q49645,A0
Q49646,A0
Q49647,A0
Q49648,A0
Q49649,A0
Q49650,A0
Q49651,A0
Q49652,A0
Q49653,A0
Q49654,A0
Q49655,A0
Q49656,A0
Q49657,A0
Q49658,A0
Q49659,A0
Q49660,A0
Q49661,A0
Q49662,A0
Q49663,A0
Q49664,A0
Q49665,A0
Q49666,A0
Q49667,A0
Q49668,A0
Q49669,A0
Q49670,A0
Q49671,A0
Q49672,A0
Q49673,A0
Q49674,A0
Q49675,A0
Q49676,A0
Q49677,A0
Q49678,A0
Q49679,A0
Q49680,A0
Q49681,A0
Q49682,A0
Q49683,A0
Q49684,A0
Q49685,A0
Q49686,A0
Q49687,A0
Q49688,A0
Q49689,A0
Q49690,A0
Q49691,A0
Q49692,A0
Q49693,A0
Q49694,A0
Q49695,A0
Q49696,A0
Q49697,A0
Q49698,A0
Q49699,A0
Q49700,A0
Q49701,A0
Q49702,A0
Q49703,A0
Q49704,A0
Q49705,A0
Q49706,A0
Q49707,A0
Q49708,A0
Q49709,A0
Q49710,A0
Q49711,A0
Q49712,A0
Q49713,A0
Q49714,A0
Q49715,A0
Q49716,A0
Q49717,A0
Q49718,A0
Q49719,A0
Q49720,A0
Q49721,A0
Q49722,A0
Q49723,A0
Q49724,A0
Q49725,A0
Q49726,A0
Q49727,A0
Q49728,A0
Q49729,A0
Q49730,A0
Q49731,A0
Q49732,A0
Q49733,A0
Q49734,A0
Q49735,A0
Q49736,A0
Q49737,A0
Q49738,A0
Q49739,A0
Q49740,A0
Q49741,A0
Q49742,A0
Q49743,A0
Q49744,A0
Q49745,A0
Q49746,A0
Q49747,A0
Q49748,A0
Q49749,A0
Q49750,A0
Q49751,A0
Q49752,A0
Q49753,A0
Q49754,A0
Q49755,A0
Q49756,A0
Q49757,A0
Q49758,A0
Q49759,A0
Q49760,A0
Q49761,A0
Q49762,A0
Q49763,A0
Q49764,A0
Q49765,A0
Q49766,A0
Q49767,A0
Q49768,A0
Q49769,A0
Q49770,A0
Q49771,A0
Q49772,A0
Q49773,A0
Q49774,A0
Q49775,A0
Q49776,A0
Q49777,A0
Q49778,A0
Q49779,A0
Q49780,A0
Q49781,A0
Q49782,A0
Q49783,A0
Q49784,A0
Q49785,A0
Q49786,A0
Q49787,A0
Q49788,A0
Q49789,A0
Q49790,A0
Q49791,A0
Q49792,A0
Q49793,A0
Q49794,A0
Q49795,A0
Q49796,A0
Q49797,A0
Q49798,A0
Q49799,A0
Q49800,A0
Q49801,A0
Q49802,A0
Q49803,A0
Q49804,A0
Q49805,A0
Q49806,A0
Q49807,A0
Q49808,A0
Q49809,A0
Q49810,A0
Q49811,A0
Q49812,A0
Q49813,A0
Q49814,A0
Q49815,A0
Q49816,A0
Q49817,A0
Q49818,A0
Q49819,A0
Q49820,A0
Q49821,A0
Q49822,A0
Q49823,A0
Q49824,A0
Q49825,A0
Q49826,A0
Q49827,A0
Q49828,A0
Q49829,A0
Q49830,A0
Q49831,A0
Q49832,A0
Q49833,A0
Q49834,A0
Q49835,A0
Q49836,A0
Q49837,A0
Q49838,A0
Q49839,A0
Q49840,A0
Q49841,A0
Q49842,A0
Q49843,A0
Q49844,A0
Q49845,A0
Q49846,A0
Q49847,A0
Q49848,A0
Q49849,A0
Q49850,A0
Q49851,A0
Q49852,A0
Q49853,A0
Q49854,A0
Q49855,A0
Q49856,A0
Q49857,A0
Q49858,A0
Q49859,A0
Q49860,A0
Q49861,A0
Q49862,A0
Q49863,A0
Q49864,A0
Q49865,A0
Q49866,A0
Q49867,A0
Q49868,A0
Q49869,A0
Q49870,A0
Q49871,A0
Q49872,A0
Q49873,A0
Q49874,A0
Q49875,A0
Q49876,A0
Q49877,A0
Q49878,A0
Q49879,A0
Q49880,A0
Q49881,A0
Q49882,A0
Q49883,A0
Q49884,A0
Q49885,A0
Q49886,A0
Q49887,A0
Q49888,A0
Q49889,A0
Q49890,A0
Q49891,A0
Q49892,A0
Q49893,A0
Q49894,A0
Q49895,A0
Q49896,A0
Q49897,A0
Q49898,A0
Q49899,A0
Q49900,A0
Q49901,A0
Q49902,A0
Q49903,A0
Q49904,A0
Q49905,A0
Q49906,A0
Q49907,A0
Q49908,A0
Q49909,A0
Q49910,A0
Q49911,A0
Q49912,A0
Q49913,A0
Q49914,A0
Q49915,A0
Q49916,A0
Q49917,A0
Q49918,A0
Q49919,A0
Q49920,A0
Q49921,A0
Q49922,A0
Q49923,A0
Q49924,A0
Q49925,A0
Q49926,A0
Q49927,A0
Q49928,A0
Q49929,A0
Q49930,A0
Q49931,A0
Q49932,A0
Q49933,A0
Q49934,A0
Q49935,A0
Q49936,A0
Q49937,A0
Q49938,A0
Q49939,A0
Q49940,A0
Q49941,A0
Q49942,A0
Q49943,A0
Q49944,A0
Q49945,A0
Q49946,A0
Q49947,A0
Q49948,A0
Q49949,A0
Q49950,A0
Q49951,A0
Q49952,A0
Q49953,A0
Q49954,A0
Q49955,A0
Q49956,A0
Q49957,A0
Q49958,A0
Q49959,A0
Q49960,A0
Q49961,A0
Q49962,A0
Q49963,A0
Q49964,A0
Q49965,A0
Q49966,A0
Q49967,A0
Q49968,A0
Q49969,A0
Q49970,A0
Q49971,A0
Q49972,A0
Q49973,A0
Q49974,A0
Q49975,A0
Q49976,A0
Q49977,A0
Q49978,A0
Q49979,A0
Q49980,A0
Q49981,A0
Q49982,A0
Q49983,A0
Q49984,A0
Q49985,A0
Q49986,A0
Q49987,A0
Q49988,A0
Q49989,A0
Q49990,A0
Q49991,A0
Q49992,A0
Q49993,A0
Q49994,A0
Q49995,A0
Q49996,A0
Q49997,A0
Q49998,A0
Q49999,A0
Q50000,A0
Q50001,A0
Q50002,A0
Q50003,A0
Q50004,A0
Q50005,A0
Q50006,A0
Q50007,A0
Q50008,A0
Q50009,A0
Q50010,A0
Q50011,A0
Q50012,A0
Q50013,A0
Q50014,A0
Q50015,A0
Q50016,A0
Q50017,A0
Q50018,A0
Q50019,A0
Q50020,A0
Q50021,A0
Q50022,A0
Q50023,A0
Q50024,A0
Q50025,A0
Q50026,A0
Q50027,A0
Q50028,A0
Q50029,A0
Q50030,A0
Q50031,A0
Q50032,A0
Q50033,A0
Q50034,A0
Q50035,A0
Q50036,A0
Q50037,A0
Q50038,A0
Q50039,A0
Q50040,A0
Q50041,A0
Q50042,A0
Q50043,A0
Q50044,A0
Q50045,A0
Q50046,A0
Q50047,A0
Q50048,A0
Q50049,A0
Q50050,A0
Q50051,A0
Q50052,A0
Q50053,A0
Q50054,A0
Q50055,A0
Q50056,A0
Q50057,A0
Q50058,A0
Q50059,A0
Q50060,A0
Q50061,A0
Q50062,A0
Q50063,A0
Q50064,A0
Q50065,A0
Q50066,A0
Q50067,A0
Q50068,A0
Q50069,A0
Q50070,A0
Q50071,A0
Q50072,A0
Q50073,A0
Q50074,A0
Q50075,A0
Q50076,A0
Q50077,A0
Q50078,A0
Q50079,A0
Q50080,A0
Q50081,A0
Q50082,A0
Q50083,A0
Q50084,A0
Q50085,A0
Q50086,A0
Q50087,A0
Q50088,A0
Q50089,A0
Q50090,A0
Q50091,A0
Q50092,A0
Q50093,A0
Q50094,A0
Q50095,A0
Q50096,A0
Q50097,A0
Q50098,A0
Q50099,A0
Q50100,A0
Q50101,A0
Q50102,A0
Q50103,A0
Q50104,A0
Q50105,A0
Q50106,A0
Q50107,A0
Q50108,A0
Q50109,A0
Q50110,A0
Q50111,A0
Q50112,A0
Q50113,A0
Q50114,A0
Q50115,A0
Q50116,A0
Q50117,A0
Q50118,A0
Q50119,A0
Q50120,A0
Q50121,A0
Q50122,A0
Q50123,A0
Q50124,A0
Q50125,A0
Q50126,A0
Q50127,A0
Q50128,A0
Q50129,A0
Q50130,A0
Q50131,A0
Q50132,A0
Q50133,A0
Q50134,A0
Q50135,A0
Q50136,A0
Q50137,A0
Q50138,A0
Q50139,A0
Q50140,A0
Q50141,A0
Q50142,A0
Q50143,A0
Q50144,A0
Q50145,A0
Q50146,A0
Q50147,A0
Q50148,A0
Q50149,A0
Q50150,A0
Q50151,A0
Q50152,A0
Q50153,A0
Q50154,A0
Q50155,A0
Q50156,A0
Q50157,A0
Q50158,A0
Q50159,A0
Q50160,A0
Q50161,A0
Q50162,A0
Q50163,A0
Q50164,A0
Q50165,A0
Q50166,A0
Q50167,A0
Q50168,A0
Q50169,A0
Q50170,A0
Q50171,A0
Q50172,A0
Q50173,A0
Q50174,A0
Q50175,A0
Q50176,A0
Q50177,A0
Q50178,A0
Q50179,A0
Q50180,A0
Q50181,A0
Q50182,A0
Q50183,A0
Q50184,A0
Q50185,A0
Q50186,A0
Q50187,A0
Q50188,A0
Q50189,A0
Q50190,A0
Q50191,A0
Q50192,A0
Q50193,A0
Q50194,A0
Q50195,A0
Q50196,A0
Q50197,A0
Q50198,A0
Q50199,A0
Q50200,A0
Q50201,A0
Q50202,A0
Q50203,A0
Q50204,A0
Q50205,A0
Q50206,A0
Q50207,A0
Q50208,A0
Q50209,A0
Q50210,A0
Q50211,A0
Q50212,A0
Q50213,A0
Q50214,A0
Q50215,A0
Q50216,A0
Q50217,A0
Q50218,A0
Q50219,A0
Q50220,A0
Q50221,A0
Q50222,A0
Q50223,A0
Q50224,A0
Q50225,A0
Q50226,A0
Q50227,A0
Q50228,A0
Q50229,A0
Q50230,A0
Q50231,A0
Q50232,A0
Q50233,A0
Q50234,A0
Q50235,A0
Q50236,A0
Q50237,A0
Q50238,A0
Q50239,A0
Q50240,A0
Q50241,A0
Q50242,A0
Q50243,A0
Q50244,A0
Q50245,A0
Q50246,A0
Q50247,A0
Q50248,A0
Q50249,A0
Q50250,A0
Q50251,A0
Q50252,A0
Q50253,A0
Q50254,A0
Q50255,A0
Q50256,A0
Q50257,A0
Q50258,A0
Q50259,A0
Q50260,A0
Q50261,A0
Q50262,A0
Q50263,A0
Q50264,A0
Q50265,A0
Q50266,A0
Q50267,A0
Q50268,A0
Q50269,A0
Q50270,A0
Q50271,A0
Q50272,A0
Q50273,A0
Q50274,A0
Q50275,A0
Q50276,A0
Q50277,A0
Q50278,A0
Q50279,A0
Q50280,A0
Q50281,A0
Q50282,A0
Q50283,A0
Q50284,A0
Q50285,A0
Q50286,A0
Q50287,A0
Q50288,A0
Q50289,A0
Q50290,A0
Q50291,A0
Q50292,A0
Q50293,A0
Q50294,A0
Q50295,A0
Q50296,A0
Q50297,A0
Q50298,A0
Q50299,A0
Q50300,A0
Q50301,A0
Q50302,A0
Q50303,A0
Q50304,A0
Q50305,A0
Q50306,A0
Q50307,A0
Q50308,A0
Q50309,A0
Q50310,A0
Q50311,A0
Q50312,A0
Q50313,A0
Q50314,A0
Q50315,A0
Q50316,A0
Q50317,A0
Q50318,A0
Q50319,A0
Q50320,A0
Q50321,A0
Q50322,A0
Q50323,A0
Q50324,A0
Q50325,A0
Q50326,A0
Q50327,A0
Q50328,A0
Q50329,A0
Q50330,A0
Q50331,A0
Q50332,A0
Q50333,A0
Q50334,A0
Q50335,A0
Q50336,A0
Q50337,A0
Q50338,A0
Q50339,A0
Q50340,A0
Q50341,A0
Q50342,A0
Q50343,A0
Q50344,A0
Q50345,A0
Q50346,A0
Q50347,A0
Q50348,A0
Q50349,A0
Q50350,A0
Q50351,A0
Q50352,A0
Q50353,A0
Q50354,A0
Q50355,A0
Q50356,A0
Q50357,A0
Q50358,A0
Q50359,A0
Q50360,A0
Q50361,A0
Q50362,A0
Q50363,A0
Q50364,A0
Q50365,A0
Q50366,A0
Q50367,A0
Q50368,A0
Q50369,A0
Q50370,A0
Q50371,A0
Q50372,A0
Q50373,A0
Q50374,A0
Q50375,A0
Q50376,A0
Q50377,A0
Q50378,A0
Q50379,A0
Q50380,A0
Q50381,A0
Q50382,A0
Q50383,A0
Q50384,A0
Q50385,A0
Q50386,A0
Q50387,A0
Q50388,A0
Q50389,A0
Q50390,A0
Q50391,A0
Q50392,A0
Q50393,A0
Q50394,A0
Q50395,A0
Q50396,A0
Q50397,A0
Q50398,A0
Q50399,A0
Q50400,A0
Q50401,A0
Q50402,A0
Q50403,A0
Q50404,A0
Q50405,A0
Q50406,A0
Q50407,A0
Q50408,A0
Q50409,A0
Q50410,A0
Q50411,A0
Q50412,A0
Q50413,A0
Q50414,A0
Q50415,A0
Q50416,A0
Q50417,A0
Q50418,A0
Q50419,A0
Q50420,A0
Q50421,A0
Q50422,A0
Q50423,A0
Q50424,A0
Q50425,A0
Q50426,A0
Q50427,A0
Q50428,A0
Q50429,A0
Q50430,A0
Q50431,A0
Q50432,A0
Q50433,A0
Q50434,A0
Q50435,A0
Q50436,A0
Q50437,A0
Q50438,A0
Q50439,A0
Q50440,A0
Q50441,A0
Q50442,A0
Q50443,A0
Q50444,A0
Q50445,A0
Q50446,A0
Q50447,A0
Q50448,A0
Q50449,A0
Q50450,A0
Q50451,A0
Q50452,A0
Q50453,A0
Q50454,A0
Q50455,A0
Q50456,A0
Q50457,A0
Q50458,A0
Q50459,A0
Q50460,A0
Q50461,A0
Q50462,A0
Q50463,A0
Q50464,A0
Q50465,A0
Q50466,A0
Q50467,A0
Q50468,A0
Q50469,A0
Q50470,A0
Q50471,A0
Q50472,A0
Q50473,A0
Q50474,A0
Q50475,A0
Q50476,A0
Q50477,A0
Q50478,A0
Q50479,A0
Q50480,A0
Q50481,A0
Q50482,A0
Q50483,A0
Q50484,A0
Q50485,A0
Q50486,A0
Q50487,A0
Q50488,A0
Q50489,A0
Q50490,A0
Q50491,A0
Q50492,A0
Q50493,A0
Q50494,A0
Q50495,A0
Q50496,A0
Q50497,A0
Q50498,A0
Q50499,A0
Q50500,A0
Q50501,A0
Q50502,A0
Q50503,A0
Q50504,A0
Q50505,A0
Q50506,A0
Q50507,A0
Q50508,A0
Q50509,A0
Q50510,A0
Q50511,A0
Q50512,A0
Q50513,A0
Q50514,A0
Q50515,A0
Q50516,A0
Q50517,A0
Q50518,A0
Q50519,A0
Q50520,A0
Q50521,A0
Q50522,A0
Q50523,A0
Q50524,A0
Q50525,A0
Q50526,A0
Q50527,A0
Q50528,A0
Q50529,A0
Q50530,A0
Q50531,A0
Q50532,A0
Q50533,A0
Q50534,A0
Q50535,A0
Q50536,A0
Q50537,A0
Q50538,A0
Q50539,A0
Q50540,A0
Q50541,A0
Q50542,A0
Q50543,A0
Q50544,A0
Q50545,A0
Q50546,A0
Q50547,A0
Q50548,A0
Q50549,A0
Q50550,A0
Q50551,A0
Q50552,A0
Q50553,A0
Q50554,A0
Q50555,A0
Q50556,A0
Q50557,A0
Q50558,A0
Q50559,A0
Q50560,A0
Q50561,A0
Q50562,A0
Q50563,A0
Q50564,A0
Q50565,A0
Q50566,A0
Q50567,A0
Q50568,A0
Q50569,A0
Q50570,A0
Q50571,A0
Q50572,A0
Q50573,A0
Q50574,A0
Q50575,A0
Q50576,A0
Q50577,A0
Q50578,A0
Q50579,A0
Q50580,A0
Q50581,A0
Q50582,A0
Q50583,A0
Q50584,A0
Q50585,A0
Q50586,A0
Q50587,A0
Q50588,A0
Q50589,A0
Q50590,A0
Q50591,A0
Q50592,A0
Q50593,A0
Q50594,A0
Q50595,A0
Q50596,A0
Q50597,A0
Q50598,A0
Q50599,A0
Q50600,A0
Q50601,A0
Q50602,A0
Q50603,A0
Q50604,A0
Q50605,A0
Q50606,A0
Q50607,A0
Q50608,A0
Q50609,A0
Q50610,A0
Q50611,A0
Q50612,A0
Q50613,A0
Q50614,A0
Q50615,A0
Q50616,A0
Q50617,A0
Q50618,A0
Q50619,A0
Q50620,A0
Q50621,A0
Q50622,A0
Q50623,A0
Q50624,A0
Q50625,A0
Q50626,A0
Q50627,A0
Q50628,A0
Q50629,A0
Q50630,A0
Q50631,A0
Q50632,A0
Q50633,A0
Q50634,A0
Q50635,A0
Q50636,A0
Q50637,A0
Q50638,A0
Q50639,A0
Q50640,A0
Q50641,A0
Q50642,A0
Q50643,A0
Q50644,A0
Q50645,A0
Q50646,A0
Q50647,A0
Q50648,A0
Q50649,A0
Q50650,A0
Q50651,A0
Q50652,A0
Q50653,A0
Q50654,A0
Q50655,A0
Q50656,A0
Q50657,A0
Q50658,A0
Q50659,A0
Q50660,A0
Q50661,A0
Q50662,A0
Q50663,A0
Q50664,A0
Q50665,A0
Q50666,A0
Q50667,A0
Q50668,A0
Q50669,A0
Q50670,A0
Q50671,A0
Q50672,A0
Q50673,A0
Q50674,A0
Q50675,A0
Q50676,A0
Q50677,A0
Q50678,A0
Q50679,A0
Q50680,A0
Q50681,A0
Q50682,A0
Q50683,A0
Q50684,A0
Q50685,A0
Q50686,A0
Q50687,A0
Q50688,A0
Q50689,A0
Q50690,A0
Q50691,A0
Q50692,A0
Q50693,A0
Q50694,A0
Q50695,A0
Q50696,A0
Q50697,A0
Q50698,A0
Q50699,A0
Q50700,A0
Q50701,A0
Q50702,A0
Q50703,A0
Q50704,A0
Q50705,A0
Q50706,A0
Q50707,A0
Q50708,A0
Q50709,A0
Q50710,A0
Q50711,A0
Q50712,A0
Q50713,A0
Q50714,A0
Q50715,A0
Q50716,A0
Q50717,A0
Q50718,A0
Q50719,A0
Q50720,A0
Q50721,A0
Q50722,A0
Q50723,A0
Q50724,A0
Q50725,A0
Q50726,A0
Q50727,A0
Q50728,A0
Q50729,A0
Q50730,A0
Q50731,A0
Q50732,A0
Q50733,A0
Q50734,A0
Q50735,A0
Q50736,A0
Q50737,A0
Q50738,A0
Q50739,A0
Q50740,A0
Q50741,A0
Q50742,A0
Q50743,A0
Q50744,A0
Q50745,A0
Q50746,A0
Q50747,A0
Q50748,A0
Q50749,A0
Q50750,A0
Q50751,A0
Q50752,A0
Q50753,A0
Q50754,A0
Q50755,A0
Q50756,A0
Q50757,A0
Q50758,A0
Q50759,A0
Q50760,A0
Q50761,A0
Q50762,A0
Q50763,A0
Q50764,A0
Q50765,A0
Q50766,A0
Q50767,A0
Q50768,A0
Q50769,A0
Q50770,A0
Q50771,A0
Q50772,A0
Q50773,A0
Q50774,A0
Q50775,A0
Q50776,A0
Q50777,A0
Q50778,A0
Q50779,A0
Q50780,A0
Q50781,A0
Q50782,A0
Q50783,A0
Q50784,A0
Q50785,A0
Q50786,A0
Q50787,A0
Q50788,A0
Q50789,A0
Q50790,A0
Q50791,A0
Q50792,A0
Q50793,A0
Q50794,A0
Q50795,A0
Q50796,A0
Q50797,A0
Q50798,A0
Q50799,A0
Q50800,A0
Q50801,A0
Q50802,A0
Q50803,A0
Q50804,A0
Q50805,A0
Q50806,A0
Q50807,A0
Q50808,A0
Q50809,A0
Q50810,A0
Q50811,A0
Q50812,A0
Q50813,A0
Q50814,A0
Q50815,A0
Q50816,A0
Q50817,A0
Q50818,A0
Q50819,A0
Q50820,A0
Q50821,A0
Q50822,A0
Q50823,A0
Q50824,A0
Q50825,A0
Q50826,A0
Q50827,A0
Q50828,A0
Q50829,A0
Q50830,A0
Q50831,A0
Q50832,A0
Q50833,A0
Q50834,A0
Q50835,A0
Q50836,A0
Q50837,A0
Q50838,A0
Q50839,A0
Q50840,A0
Q50841,A0
Q50842,A0
Q50843,A0
Q50844,A0
Q50845,A0
Q50846,A0
Q50847,A0
Q50848,A0
Q50849,A0
Q50850,A0
Q50851,A0
Q50852,A0
Q50853,A0
Q50854,A0
Q50855,A0
Q50856,A0
Q50857,A0
Q50858,A0
Q50859,A0
Q50860,A0
Q50861,A0
Q50862,A0
Q50863,A0
Q50864,A0
Q50865,A0
Q50866,A0
Q50867,A0
Q50868,A0
Q50869,A0
Q50870,A0
Q50871,A0
Q50872,A0
Q50873,A0
Q50874,A0
Q50875,A0
Q50876,A0
Q50877,A0
Q50878,A0
Q50879,A0
Q50880,A0
Q50881,A0
Q50882,A0
Q50883,A0
Q50884,A0
Q50885,A0
Q50886,A0
Q50887,A0
Q50888,A0
Q50889,A0
Q50890,A0
Q50891,A0
Q50892,A0
Q50893,A0
Q50894,A0
Q50895,A0
Q50896,A0
Q50897,A0
Q50898,A0
Q50899,A0
Q50900,A0
Q50901,A0
Q50902,A0
Q50903,A0
Q50904,A0
Q50905,A0
Q50906,A0
Q50907,A0
Q50908,A0
Q50909,A0
Q50910,A0
Q50911,A0
Q50912,A0
Q50913,A0
Q50914,A0
Q50915,A0
Q50916,A0
Q50917,A0
Q50918,A0
Q50919,A0
Q50920,A0
Q50921,A0
Q50922,A0
Q50923,A0
Q50924,A0
Q50925,A0
Q50926,A0
Q50927,A0
Q50928,A0
Q50929,A0
Q50930,A0
Q50931,A0
Q50932,A0
Q50933,A0
Q50934,A0
Q50935,A0
Q50936,A0
Q50937,A0
Q50938,A0
Q50939,A0
Q50940,A0
Q50941,A0
Q50942,A0
Q50943,A0
Q50944,A0
Q50945,A0
Q50946,A0
Q50947,A0
Q50948,A0
Q50949,A0
Q50950,A0
Q50951,A0
Q50952,A0
Q50953,A0
Q50954,A0
Q50955,A0
Q50956,A0
Q50957,A0
Q50958,A0
Q50959,A0
Q50960,A0
Q50961,A0
Q50962,A0
Q50963,A0
Q50964,A0
Q50965,A0
Q50966,A0
Q50967,A0
Q50968,A0
Q50969,A0
Q50970,A0
Q50971,A0
Q50972,A0
Q50973,A0
Q50974,A0
Q50975,A0
Q50976,A0
Q50977,A0
Q50978,A0
Q50979,A0
Q50980,A0
Q50981,A0
Q50982,A0
Q50983,A0
Q50984,A0
Q50985,A0
Q50986,A0
Q50987,A0
Q50988,A0
Q50989,A0
Q50990,A0
Q50991,A0
Q50992,A0
Q50993,A0
Q50994,A0
Q50995,A0
Q50996,A0
Q50997,A0
Q50998,A0
Q50999,A0
Q51000,A0
Q51001,A0
Q51002,A0
Q51003,A0
Q51004,A0
Q51005,A0
Q51006,A0
Q51007,A0
Q51008,A0
Q51009,A0
Q51010,A0
Q51011,A0
Q51012,A0
Q51013,A0
Q51014,A0
Q51015,A0
Q51016,A0
Q51017,A0
Q51018,A0
Q51019,A0
Q51020,A0
Q51021,A0
Q51022,A0
Q51023,A0
Q51024,A0
Q51025,A0
Q51026,A0
Q51027,A0
Q51028,A0
Q51029,A0
Q51030,A0
Q51031,A0
Q51032,A0
Q51033,A0
Q51034,A0
Q51035,A0
Q51036,A0
Q51037,A0
Q51038,A0
Q51039,A0
Q51040,A0
Q51041,A0
Q51042,A0
Q51043,A0
Q51044,A0
Q51045,A0
Q51046,A0
Q51047,A0
Q51048,A0
Q51049,A0
Q51050,A0
Q51051,A0
Q51052,A0
Q51053,A0
Q51054,A0
Q51055,A0
Q51056,A0
Q51057,A0
Q51058,A0
Q51059,A0
Q51060,A0
Q51061,A0
Q51062,A0
Q51063,A0
Q51064,A0
Q51065,A0
Q51066,A0
Q51067,A0
Q51068,A0
Q51069,A0
Q51070,A0
Q51071,A0
Q51072,A0
Q51073,A0
Q51074,A0
Q51075,A0
Q51076,A0
Q51077,A0
Q51078,A0
Q51079,A0
Q51080,A0
Q51081,A0
Q51082,A0
Q51083,A0
Q51084,A0
Q51085,A0
Q51086,A0
Q51087,A0
Q51088,A0
Q51089,A0
Q51090,A0
Q51091,A0
Q51092,A0
Q51093,A0
Q51094,A0
Q51095,A0
Q51096,A0
Q51097,A0
Q51098,A0
Q51099,A0
Q51100,A0
Q51101,A0
Q51102,A0
Q51103,A0
Q51104,A0
Q51105,A0
Q51106,A0
Q51107,A0
Q51108,A0
Q51109,A0
Q51110,A0
Q51111,A0
Q51112,A0
Q51113,A0
Q51114,A0
Q51115,A0
Q51116,A0
Q51117,A0
Q51118,A0
Q51119,A0
Q51120,A0
Q51121,A0
Q51122,A0
Q51123,A0
Q51124,A0
Q51125,A0
Q51126,A0
Q51127,A0
Q51128,A0
Q51129,A0
Q51130,A0
Q51131,A0
Q51132,A0
Q51133,A0
Q51134,A0
Q51135,A0
Q51136,A0
Q51137,A0
Q51138,A0
Q51139,A0
Q51140,A0
Q51141,A0
Q51142,A0
Q51143,A0
Q51144,A0
Q51145,A0
Q51146,A0
Q51147,A0
Q51148,A0
Q51149,A0
Q51150,A0
Q51151,A0
Q51152,A0
Q51153,A0
Q51154,A0
Q51155,A0
Q51156,A0
Q51157,A0
Q51158,A0
Q51159,A0
Q51160,A0
Q51161,A0
Q51162,A0
Q51163,A0
Q51164,A0
Q51165,A0
Q51166,A0
Q51167,A0
Q51168,A0
Q51169,A0
Q51170,A0
Q51171,A0
Q51172,A0
Q51173,A0
Q51174,A0
Q51175,A0
Q51176,A0
Q51177,A0
Q51178,A0
Q51179,A0
Q51180,A0
Q51181,A0
Q51182,A0
Q51183,A0
Q51184,A0
Q51185,A0
Q51186,A0
Q51187,A0
Q51188,A0
Q51189,A0
Q51190,A0
Q51191,A0
Q51192,A0
Q51193,A0
Q51194,A0
Q51195,A0
Q51196,A0
Q51197,A0
Q51198,A0
Q51199,A0
Q51200,A0
Q51201,A0
Q51202,A0
Q51203,A0
Q51204,A0
Q51205,A0
Q51206,A0
Q51207,A0
Q51208,A0
Q51209,A0
Q51210,A0
Q51211,A0
Q51212,A0
Q51213,A0
Q51214,A0
Q51215,A0
Q51216,A0
Q51217,A0
Q51218,A0
Q51219,A0
Q51220,A0
Q51221,A0
Q51222,A0
Q51223,A0
Q51224,A0
Q51225,A0
Q51226,A0
Q51227,A0
Q51228,A0
Q51229,A0
Q51230,A0
Q51231,A0
Q51232,A0
Q51233,A0
Q51234,A0
Q51235,A0
Q51236,A0
Q51237,A0
Q51238,A0
Q51239,A0
Q51240,A0
Q51241,A0
Q51242,A0
Q51243,A0
Q51244,A0
Q51245,A0
Q51246,A0
Q51247,A0
Q51248,A0
Q51249,A0
Q51250,A0
Q51251,A0
Q51252,A0
Q51253,A0
Q51254,A0
Q51255,A0
Q51256,A0
Q51257,A0
Q51258,A0
Q51259,A0
Q51260,A0
Q51261,A0
Q51262,A0
Q51263,A0
Q51264,A0
Q51265,A0
Q51266,A0
Q51267,A0
Q51268,A0
Q51269,A0
Q51270,A0
Q51271,A0
Q51272,A0
Q51273,A0
Q51274,A0
Q51275,A0
Q51276,A0
Q51277,A0
Q51278,A0
Q51279,A0
Q51280,A0
Q51281,A0
Q51282,A0
Q51283,A0
Q51284,A0
Q51285,A0
Q51286,A0
Q51287,A0
Q51288,A0
Q51289,A0
Q51290,A0
Q51291,A0
Q51292,A0
Q51293,A0
Q51294,A0
Q51295,A0
Q51296,A0
Q51297,A0
Q51298,A0
Q51299,A0
Q51300,A0
Q51301,A0
Q51302,A0
Q51303,A0
Q51304,A0
Q51305,A0
Q51306,A0
Q51307,A0
Q51308,A0
Q51309,A0
Q51310,A0
Q51311,A0
Q51312,A0
Q51313,A0
Q51314,A0
Q51315,A0
Q51316,A0
Q51317,A0
Q51318,A0
Q51319,A0
Q51320,A0
Q51321,A0
Q51322,A0
Q51323,A0
Q51324,A0
Q51325,A0
Q51326,A0
Q51327,A0
Q51328,A0
Q51329,A0
Q51330,A0
Q51331,A0
Q51332,A0
Q51333,A0
Q51334,A0
Q51335,A0
Q51336,A0
Q51337,A0
Q51338,A0
Q51339,A0
Q51340,A0
Q51341,A0
Q51342,A0
Q51343,A0
Q51344,A0
Q51345,A0
Q51346,A0
Q51347,A0
Q51348,A0
Q51349,A0
Q51350,A0
Q51351,A0
Q51352,A0
Q51353,A0
Q51354,A0
Q51355,A0
Q51356,A0
Q51357,A0
Q51358,A0
Q51359,A0
Q51360,A0
Q51361,A0
Q51362,A0
Q51363,A0
Q51364,A0
Q51365,A0
Q51366,A0
Q51367,A0
Q51368,A0
Q51369,A0
Q51370,A0
Q51371,A0
Q51372,A0
Q51373,A0
Q51374,A0
Q51375,A0
Q51376,A0
Q51377,A0
Q51378,A0
Q51379,A0
Q51380,A0
Q51381,A0
Q51382,A0
Q51383,A0
Q51384,A0
Q51385,A0
Q51386,A0
Q51387,A0
Q51388,A0
Q51389,A0
Q51390,A0
Q51391,A0
Q51392,A0
Q51393,A0
Q51394,A0
Q51395,A0
Q51396,A0
Q51397,A0
Q51398,A0
Q51399,A0
Q51400,A0
Q51401,A0
Q51402,A0
Q51403,A0
Q51404,A0
Q51405,A0
Q51406,A0
Q51407,A0
Q51408,A0
Q51409,A0
Q51410,A0
Q51411,A0
Q51412,A0
Q51413,A0
Q51414,A0
Q51415,A0
Q51416,A0
Q51417,A0
Q51418,A0
Q51419,A0
Q51420,A0
Q51421,A0
Q51422,A0
Q51423,A0
Q51424,A0
Q51425,A0
Q51426,A0
Q51427,A0
Q51428,A0
Q51429,A0
Q51430,A0
Q51431,A0
Q51432,A0
Q51433,A0
Q51434,A0
Q51435,A0
Q51436,A0
Q51437,A0
Q51438,A0
Q51439,A0
Q51440,A0
Q51441,A0
Q51442,A0
Q51443,A0
Q51444,A0
Q51445,A0
Q51446,A0
Q51447,A0
Q51448,A0
Q51449,A0
Q51450,A0
Q51451,A0
Q51452,A0
Q51453,A0
Q51454,A0
Q51455,A0
Q51456,A0
Q51457,A0
Q51458,A0
Q51459,A0
Q51460,A0
Q51461,A0
Q51462,A0
Q51463,A0
Q51464,A0
Q51465,A0
Q51466,A0
Q51467,A0
Q51468,A0
Q51469,A0
Q51470,A0
Q51471,A0
Q51472,A0
Q51473,A0
Q51474,A0
Q51475,A0
Q51476,A0
Q51477,A0
Q51478,A0
Q51479,A0
Q51480,A0
Q51481,A0
Q51482,A0
Q51483,A0
Q51484,A0
Q51485,A0
Q51486,A0
Q51487,A0
Q51488,A0
Q51489,A0
Q51490,A0
Q51491,A0
Q51492,A0
Q51493,A0
Q51494,A0
Q51495,A0
Q51496,A0
Q51497,A0
Q51498,A0
Q51499,A0
Q51500,A0
Q51501,A0
Q51502,A0
Q51503,A0
Q51504,A0
Q51505,A0
Q51506,A0
Q51507,A0
Q51508,A0
Q51509,A0
Q51510,A0
Q51511,A0
Q51512,A0
Q51513,A0
Q51514,A0
Q51515,A0
Q51516,A0
Q51517,A0
Q51518,A0
Q51519,A0
Q51520,A0
Q51521,A0
Q51522,A0
Q51523,A0
Q51524,A0
Q51525,A0
Q51526,A0
Q51527,A0
Q51528,A0
Q51529,A0
Q51530,A0
Q51531,A0
Q51532,A0
Q51533,A0
Q51534,A0
Q51535,A0
Q51536,A0
Q51537,A0
Q51538,A0
Q51539,A0
Q51540,A0
Q51541,A0
Q51542,A0
Q51543,A0
Q51544,A0
Q51545,A0
Q51546,A0
Q51547,A0
Q51548,A0
Q51549,A0
Q51550,A0
Q51551,A0
Q51552,A0
Q51553,A0
Q51554,A0
Q51555,A0
Q51556,A0
Q51557,A0
Q51558,A0
Q51559,A0
Q51560,A0
Q51561,A0
Q51562,A0
Q51563,A0
Q51564,A0
Q51565,A0
Q51566,A0
Q51567,A0
Q51568,A0
Q51569,A0
Q51570,A0
Q51571,A0
Q51572,A0
Q51573,A0
Q51574,A0
Q51575,A0
Q51576,A0
Q51577,A0
Q51578,A0
Q51579,A0
Q51580,A0
Q51581,A0
Q51582,A0
Q51583,A0
Q51584,A0
Q51585,A0
Q51586,A0
Q51587,A0
Q51588,A0
Q51589,A0
Q51590,A0
Q51591,A0
Q51592,A0
Q51593,A0
Q51594,A0
Q51595,A0
Q51596,A0
Q51597,A0
Q51598,A0
Q51599,A0
Q51600,A0
Q51601,A0
Q51602,A0
Q51603,A0
Q51604,A0
Q51605,A0
Q51606,A0
Q51607,A0
Q51608,A0
Q51609,A0
Q51610,A0
Q51611,A0
Q51612,A0
Q51613,A0
Q51614,A0
Q51615,A0
Q51616,A0
Q51617,A0
Q51618,A0
Q51619,A0
Q51620,A0
Q51621,A0
Q51622,A0
Q51623,A0
Q51624,A0
Q51625,A0
Q51626,A0
Q51627,A0
Q51628,A0
Q51629,A0
Q51630,A0
Q51631,A0
Q51632,A0
Q51633,A0
Q51634,A0
Q51635,A0
Q51636,A0
Q51637,A0
Q51638,A0
Q51639,A0
Q51640,A0
Q51641,A0
Q51642,A0
Q51643,A0
Q51644,A0
Q51645,A0
Q51646,A0
Q51647,A0
Q51648,A0
Q51649,A0
Q51650,A0
Q51651,A0
Q51652,A0
Q51653,A0
Q51654,A0
Q51655,A0
Q51656,A0
Q51657,A0
Q51658,A0
Q51659,A0
Q51660,A0
Q51661,A0
Q51662,A0
Q51663,A0
Q51664,A0
Q51665,A0
Q51666,A0
Q51667,A0
Q51668,A0
Q51669,A0
Q51670,A0
Q51671,A0
Q51672,A0
Q51673,A0
Q51674,A0
Q51675,A0
Q51676,A0
Q51677,A0
Q51678,A0
Q51679,A0
Q51680,A0
Q51681,A0
Q51682,A0
Q51683,A0
Q51684,A0
Q51685,A0
Q51686,A0
Q51687,A0
Q51688,A0
Q51689,A0
Q51690,A0
Q51691,A0
Q51692,A0
Q51693,A0
Q51694,A0
Q51695,A0
Q51696,A0
Q51697,A0
Q51698,A0
Q51699,A0
Q51700,A0
Q51701,A0
Q51702,A0
Q51703,A0
Q51704,A0
Q51705,A0
Q51706,A0
Q51707,A0
Q51708,A0
Q51709,A0
Q51710,A0
Q51711,A0
Q51712,A0
Q51713,A0
Q51714,A0
Q51715,A0
Q51716,A0
Q51717,A0
Q51718,A0
Q51719,A0
Q51720,A0
Q51721,A0
Q51722,A0
Q51723,A0
Q51724,A0
Q51725,A0
Q51726,A0
Q51727,A0
Q51728,A0
Q51729,A0
Q51730,A0
Q51731,A0
Q51732,A0
Q51733,A0
Q51734,A0
Q51735,A0
Q51736,A0
Q51737,A0
Q51738,A0
Q51739,A0
Q51740,A0
Q51741,A0
Q51742,A0
Q51743,A0
Q51744,A0
Q51745,A0
Q51746,A0
Q51747,A0
Q51748,A0
Q51749,A0
Q51750,A0
Q51751,A0
Q51752,A0
Q51753,A0
Q51754,A0
Q51755,A0
Q51756,A0
Q51757,A0
Q51758,A0
Q51759,A0
Q51760,A0
Q51761,A0
Q51762,A0
Q51763,A0
Q51764,A0
Q51765,A0
Q51766,A0
Q51767,A0
Q51768,A0
Q51769,A0
Q51770,A0
Q51771,A0
Q51772,A0
Q51773,A0
Q51774,A0
Q51775,A0
Q51776,A0
Q51777,A0
Q51778,A0
Q51779,A0
Q51780,A0
Q51781,A0
Q51782,A0
Q51783,A0
Q51784,A0
Q51785,A0
Q51786,A0
Q51787,A0
Q51788,A0
Q51789,A0
Q51790,A0
Q51791,A0
Q51792,A0
Q51793,A0
Q51794,A0
Q51795,A0
Q51796,A0
Q51797,A0
Q51798,A0
Q51799,A0
Q51800,A0
Q51801,A0
Q51802,A0
Q51803,A0
Q51804,A0
Q51805,A0
Q51806,A0
Q51807,A0
Q51808,A0
Q51809,A0
Q51810,A0
Q51811,A0
Q51812,A0
Q51813,A0
Q51814,A0
Q51815,A0
Q51816,A0
Q51817,A0
Q51818,A0
Q51819,A0
Q51820,A0
Q51821,A0
Q51822,A0
Q51823,A0
Q51824,A0
Q51825,A0
Q51826,A0
Q51827,A0
Q51828,A0
Q51829,A0
Q51830,A0
Q51831,A0
Q51832,A0
Q51833,A0
Q51834,A0
Q51835,A0
Q51836,A0
Q51837,A0
Q51838,A0
Q51839,A0
Q51840,A0
Q51841,A0
Q51842,A0
Q51843,A0
Q51844,A0
Q51845,A0
Q51846,A0
Q51847,A0
Q51848,A0
Q51849,A0
Q51850,A0
Q51851,A0
Q51852,A0
Q51853,A0
Q51854,A0
Q51855,A0
Q51856,A0
Q51857,A0
Q51858,A0
Q51859,A0
Q51860,A0
Q51861,A0
Q51862,A0
Q51863,A0
Q51864,A0
Q51865,A0
Q51866,A0
Q51867,A0
Q51868,A0
Q51869,A0
Q51870,A0
Q51871,A0
Q51872,A0
Q51873,A0
Q51874,A0
Q51875,A0
Q51876,A0
Q51877,A0
Q51878,A0
Q51879,A0
Q51880,A0
Q51881,A0
Q51882,A0
Q51883,A0
Q51884,A0
Q51885,A0
Q51886,A0
Q51887,A0
Q51888,A0
Q51889,A0
Q51890,A0
Q51891,A0
Q51892,A0
Q51893,A0
Q51894,A0
Q51895,A0
Q51896,A0
Q51897,A0
Q51898,A0
Q51899,A0
Q51900,A0
Q51901,A0
Q51902,A0
Q51903,A0
Q51904,A0
Q51905,A0
Q51906,A0
Q51907,A0
Q51908,A0
Q51909,A0
Q51910,A0
Q51911,A0
Q51912,A0
Q51913,A0
Q51914,A0
Q51915,A0
Q51916,A0
Q51917,A0
Q51918,A0
Q51919,A0
Q51920,A0
Q51921,A0
Q51922,A0
Q51923,A0
Q51924,A0
Q51925,A0
Q51926,A0
Q51927,A0
Q51928,A0
Q51929,A0
Q51930,A0
Q51931,A0
Q51932,A0
Q51933,A0
Q51934,A0
Q51935,A0
Q51936,A0
Q51937,A0
Q51938,A0
Q51939,A0
Q51940,A0
Q51941,A0
Q51942,A0
Q51943,A0
Q51944,A0
Q51945,A0
Q51946,A0
Q51947,A0
Q51948,A0
Q51949,A0
Q51950,A0
Q51951,A0
Q51952,A0
Q51953,A0
Q51954,A0
Q51955,A0
Q51956,A0
Q51957,A0
Q51958,A0
Q51959,A0
Q51960,A0
Q51961,A0
Q51962,A0
Q51963,A0
Q51964,A0
Q51965,A0
Q51966,A0
Q51967,A0
Q51968,A0
Q51969,A0
Q51970,A0
Q51971,A0
Q51972,A0
Q51973,A0
Q51974,A0
Q51975,A0
Q51976,A0
Q51977,A0
Q51978,A0
Q51979,A0
Q51980,A0
Q51981,A0
Q51982,A0
Q51983,A0
Q51984,A0
Q51985,A0
Q51986,A0
Q51987,A0
Q51988,A0
Q51989,A0
Q51990,A0
Q51991,A0
Q51992,A0
Q51993,A0
Q51994,A0
Q51995,A0
Q51996,A0
Q51997,A0
Q51998,A0
Q51999,A0
Q52000,A0
Q52001,A0
Q52002,A0
Q52003,A0
Q52004,A0
Q52005,A0
Q52006,A0
Q52007,A0
Q52008,A0
Q52009,A0
Q52010,A0
Q52011,A0
Q52012,A0
Q52013,A0
Q52014,A0
Q52015,A0
Q52016,A0
Q52017,A0
Q52018,A0
Q52019,A0
Q52020,A0
Q52021,A0
Q52022,A0
Q52023,A0
Q52024,A0
Q52025,A0
Q52026,A0
Q52027,A0
Q52028,A0
Q52029,A0
Q52030,A0
Q52031,A0
Q52032,A0
Q52033,A0
Q52034,A0
Q52035,A0
Q52036,A0
Q52037,A0
Q52038,A0
Q52039,A0
Q52040,A0
Q52041,A0
Q52042,A0
Q52043,A0
Q52044,A0
Q52045,A0
Q52046,A0
Q52047,A0
Q52048,A0
Q52049,A0
Q52050,A0
Q52051,A0
Q52052,A0
Q52053,A0
Q52054,A0
Q52055,A0
Q52056,A0
Q52057,A0
Q52058,A0
Q52059,A0
Q52060,A0
Q52061,A0
Q52062,A0
Q52063,A0
Q52064,A0
Q52065,A0
Q52066,A0
Q52067,A0
Q52068,A0
Q52069,A0
Q52070,A0
Q52071,A0
Q52072,A0
Q52073,A0
Q52074,A0
Q52075,A0
Q52076,A0
Q52077,A0
Q52078,A0
Q52079,A0
Q52080,A0
Q52081,A0
Q52082,A0
Q52083,A0
Q52084,A0
Q52085,A0
Q52086,A0
Q52087,A0
Q52088,A0
Q52089,A0
Q52090,A0
Q52091,A0
Q52092,A0
Q52093,A0
Q52094,A0
Q52095,A0
Q52096,A0
Q52097,A0
Q52098,A0
Q52099,A0
Q52100,A0
Q52101,A0
Q52102,A0
Q52103,A0
Q52104,A0
Q52105,A0
Q52106,A0
Q52107,A0
Q52108,A0
Q52109,A0
Q52110,A0
Q52111,A0
Q52112,A0
Q52113,A0
Q52114,A0
Q52115,A0
Q52116,A0
Q52117,A0
Q52118,A0
Q52119,A0
Q52120,A0
Q52121,A0
Q52122,A0
Q52123,A0
Q52124,A0
Q52125,A0
Q52126,A0
Q52127,A0
Q52128,A0
Q52129,A0
Q52130,A0
Q52131,A0
Q52132,A0
Q52133,A0
Q52134,A0
Q52135,A0
Q52136,A0
Q52137,A0
Q52138,A0
Q52139,A0
Q52140,A0
Q52141,A0
Q52142,A0
Q52143,A0
Q52144,A0
Q52145,A0
Q52146,A0
Q52147,A0
Q52148,A0
Q52149,A0
Q52150,A0
Q52151,A0
Q52152,A0
Q52153,A0
Q52154,A0
Q52155,A0
Q52156,A0
Q52157,A0
Q52158,A0
Q52159,A0
Q52160,A0
Q52161,A0
Q52162,A0
Q52163,A0
Q52164,A0
Q52165,A0
Q52166,A0
Q52167,A0
Q52168,A0
Q52169,A0
Q52170,A0
Q52171,A0
Q52172,A0
Q52173,A0
Q52174,A0
Q52175,A0
Q52176,A0
Q52177,A0
Q52178,A0
Q52179,A0
Q52180,A0
Q52181,A0
Q52182,A0
Q52183,A0
Q52184,A0
Q52185,A0
Q52186,A0
Q52187,A0
Q52188,A0
Q52189,A0
Q52190,A0
Q52191,A0
Q52192,A0
Q52193,A0
Q52194,A0
Q52195,A0
Q52196,A0
Q52197,A0
Q52198,A0
Q52199,A0
Q52200,A0
Q52201,A0
Q52202,A0
Q52203,A0
Q52204,A0
Q52205,A0
Q52206,A0
Q52207,A0
Q52208,A0
Q52209,A0
Q52210,A0
Q52211,A0
Q52212,A0
Q52213,A0
Q52214,A0
Q52215,A0
Q52216,A0
Q52217,A0
Q52218,A0
Q52219,A0
Q52220,A0
Q52221,A0
Q52222,A0
Q52223,A0
Q52224,A0
Q52225,A0
Q52226,A0
Q52227,A0
Q52228,A0
Q52229,A0
Q52230,A0
Q52231,A0
Q52232,A0
Q52233,A0
Q52234,A0
Q52235,A0
Q52236,A0
Q52237,A0
Q52238,A0
Q52239,A0
Q52240,A0
Q52241,A0
Q52242,A0
Q52243,A0
Q52244,A0
Q52245,A0
Q52246,A0
Q52247,A0
Q52248,A0
Q52249,A0
Q52250,A0
Q52251,A0
Q52252,A0
Q52253,A0
Q52254,A0
Q52255,A0
Q52256,A0
Q52257,A0
Q52258,A0
Q52259,A0
Q52260,A0
Q52261,A0
Q52262,A0
Q52263,A0
Q52264,A0
Q52265,A0
Q52266,A0
Q52267,A0
Q52268,A0
Q52269,A0
Q52270,A0
Q52271,A0
Q52272,A0
Q52273,A0
Q52274,A0
Q52275,A0
Q52276,A0
Q52277,A0
Q52278,A0
Q52279,A0
Q52280,A0
Q52281,A0
Q52282,A0
Q52283,A0
Q52284,A0
Q52285,A0
Q52286,A0
Q52287,A0
Q52288,A0
Q52289,A0
Q52290,A0
Q52291,A0
Q52292,A0
Q52293,A0
Q52294,A0
Q52295,A0
Q52296,A0
Q52297,A0
Q52298,A0
Q52299,A0
Q52300,A0
Q52301,A0
Q52302,A0
Q52303,A0
Q52304,A0
Q52305,A0
Q52306,A0
Q52307,A0
Q52308,A0
Q52309,A0
Q52310,A0
Q52311,A0
Q52312,A0
Q52313,A0
Q52314,A0
Q52315,A0
Q52316,A0
Q52317,A0
Q52318,A0
Q52319,A0
Q52320,A0
Q52321,A0
Q52322,A0
Q52323,A0
Q52324,A0
Q52325,A0
Q52326,A0
Q52327,A0
Q52328,A0
Q52329,A0
Q52330,A0
Q52331,A0
Q52332,A0
Q52333,A0
Q52334,A0
Q52335,A0
Q52336,A0
Q52337,A0
Q52338,A0
Q52339,A0
Q52340,A0
Q52341,A0
Q52342,A0
Q52343,A0
Q52344,A0
Q52345,A0
Q52346,A0
Q52347,A0
Q52348,A0
Q52349,A0
Q52350,A0
Q52351,A0
Q52352,A0
Q52353,A0
Q52354,A0
Q52355,A0
Q52356,A0
Q52357,A0
Q52358,A0
Q52359,A0
Q52360,A0
Q52361,A0
Q52362,A0
Q52363,A0
Q52364,A0
Q52365,A0
Q52366,A0
Q52367,A0
Q52368,A0
Q52369,A0
Q52370,A0
Q52371,A0
Q52372,A0
Q52373,A0
Q52374,A0
Q52375,A0
Q52376,A0
Q52377,A0
Q52378,A0
Q52379,A0
Q52380,A0
Q52381,A0
Q52382,A0
Q52383,A0
Q52384,A0
Q52385,A0
Q52386,A0
Q52387,A0
Q52388,A0
Q52389,A0
Q52390,A0
Q52391,A0
Q52392,A0
Q52393,A0
Q52394,A0
Q52395,A0
Q52396,A0
Q52397,A0
Q52398,A0
Q52399,A0
Q52400,A0
Q52401,A0
Q52402,A0
Q52403,A0
Q52404,A0
Q52405,A0
Q52406,A0
Q52407,A0
Q52408,A0
Q52409,A0
Q52410,A0
Q52411,A0
Q52412,A0
Q52413,A0
Q52414,A0
Q52415,A0
Q52416,A0
Q52417,A0
Q52418,A0
Q52419,A0
Q52420,A0
Q52421,A0
Q52422,A0
Q52423,A0
Q52424,A0
Q52425,A0
Q52426,A0
Q52427,A0
Q52428,A0
Q52429,A0
Q52430,A0
Q52431,A0
Q52432,A0
Q52433,A0
Q52434,A0
Q52435,A0
Q52436,A0
Q52437,A0
Q52438,A0
Q52439,A0
Q52440,A0
Q52441,A0
Q52442,A0
Q52443,A0
Q52444,A0
Q52445,A0
Q52446,A0
Q52447,A0
Q52448,A0
Q52449,A0
Q52450,A0
Q52451,A0
Q52452,A0
Q52453,A0
Q52454,A0
Q52455,A0
Q52456,A0
Q52457,A0
Q52458,A0
Q52459,A0
Q52460,A0
Q52461,A0
Q52462,A0
Q52463,A0
Q52464,A0
Q52465,A0
Q52466,A0
Q52467,A0
Q52468,A0
Q52469,A0
Q52470,A0
Q52471,A0
Q52472,A0
Q52473,A0
Q52474,A0
Q52475,A0
Q52476,A0
Q52477,A0
Q52478,A0
Q52479,A0
Q52480,A0
Q52481,A0
Q52482,A0
Q52483,A2
Q52484,A2
Q52485,A2
Q52486,A2
Q52487,A2
Q52488,A2
Q52489,A2
Q52490,A2
Q52491,A2
Q52492,A2
Q52493,A2
Q52494,A2
Q52495,A2
Q52496,A2
Q52497,A2
Q52498,A2
Q52499,A2
Q52500,A2
Q52501,A2
Q52502,A2
Q52503,A2
Q52504,A2
Q52505,A2
Q52506,A2
Q52507,A2
Q52508,A2
Q52509,A2
Q52510,A2
Q52511,A2
Q52512,A2
Q52513,A2
Q52514,A2
Q52515,A2
Q52516,A2
Q52517,A2
Q52518,A2
Q52519,A2
Q52520,A2
Q52521,A2
Q52522,A2
Q52523,A2
Q52524,A2
Q52525,A2
Q52526,A2
Q52527,A2
Q52528,A2
Q52529,A2
Q52530,A2
Q52531,A2
Q52532,A2
Q52533,A2
Q52534,A2
Q52535,A2
Q52536,A2
Q52537,A2
Q52538,A2
Q52539,A2
Q52540,A2
Q52541,A2
Q52542,A2
Q52543,A2
Q52544,A2
Q52545,A2
Q52546,A2
Q52547,A2
Q52548,A2
Q52549,A2
Q52550,A2
Q52551,A2
Q52552,A2
Q52553,A2
Q52554,A2
Q52555,A2
Q52556,A2
Q52557,A2
Q52558,A2
Q52559,A2
Q52560,A2
Q52561,A2
Q52562,A2
Q52563,A2
Q52564,A2
Q52565,A2
Q52566,A2
Q52567,A2
Q52568,A2
Q52569,A2
Q52570,A2
Q52571,A2
Q52572,A2
Q52573,A2
Q52574,A2
Q52575,A2
Q52576,A2
Q52577,A2
Q52578,A2
Q52579,A2
Q52580,A2
Q52581,A2
Q52582,A2
Q52583,A2
Q52584,A2
Q52585,A2
Q52586,A2
Q52587,A2
Q52588,A2
Q52589,A2
Q52590,A2
Q52591,A2
Q52592,A2
Q52593,A2
Q52594,A2
Q52595,A2
Q52596,A2
Q52597,A2
Q52598,A2
Q52599,A2
Q52600,A2
Q52601,A2
Q52602,A2
Q52603,A2
Q52604,A2
Q52605,A2
Q52606,A2
Q52607,A2
Q52608,A2
Q52609,A2
Q52610,A2
Q52611,A2
Q52612,A2
Q52613,A2
Q52614,A2
Q52615,A2
Q52616,A2
Q52617,A2
Q52618,A2
Q52619,A2
Q52620,A2
Q52621,A2
Q52622,A2
Q52623,A2
Q52624,A2
Q52625,A2
Q52626,A2
Q52627,A2
Q52628,A2
Q52629,A2
Q52630,A2
Q52631,A2
Q52632,A2
Q52633,A2
Q52634,A2
Q52635,A2
Q52636,A2
Q52637,A2
Q52638,A2
Q52639,A2
Q52640,A2
Q52641,A2
Q52642,A2
Q52643,A2
Q52644,A2
Q52645,A2
Q52646,A2
Q52647,A2
Q52648,A2
Q52649,A2
Q52650,A2
Q52651,A2
Q52652,A2
Q52653,A2
Q52654,A2
Q52655,A2
Q52656,A2
Q52657,A2
Q52658,A2
Q52659,A2
Q52660,A2
Q52661,A2
Q52662,A2
Q52663,A2
Q52664,A2
Q52665,A2
Q52666,A2
Q52667,A2
Q52668,A2
Q52669,A2
Q52670,A2
Q52671,A2
Q52672,A2
Q52673,A2
Q52674,A2
Q52675,A2
Q52676,A2
Q52677,A2
Q52678,A2
Q52679,A2
Q52680,A2
Q52681,A2
Q52682,A2
Q52683,A2
Q52684,A2
Q52685,A2
Q52686,A2
Q52687,A2
Q52688,A2
Q52689,A2
Q52690,A2
Q52691,A2
Q52692,A2
Q52693,A2
Q52694,A2
Q52695,A2
Q52696,A2
Q52697,A2
Q52698,A2
Q52699,A2
Q52700,A2
Q52701,A2
Q52702,A2
Q52703,A2
Q52704,A2
Q52705,A2
Q52706,A2
Q52707,A2
Q52708,A2
Q52709,A2
Q52710,A2
Q52711,A2
Q52712,A2
Q52713,A2
Q52714,A2
Q52715,A2
Q52716,A2
Q52717,A2
Q52718,A2
Q52719,A2
Q52720,A2
Q52721,A2
Q52722,A2
Q52723,A2
Q52724,A2
Q52725,A2
Q52726,A2
Q52727,A2
Q52728,A2
Q52729,A2
Q52730,A2
Q52731,A2
Q52732,A2
Q52733,A2
Q52734,A2
Q52735,A2
Q52736,A2
Q52737,A2
Q52738,A2
Q52739,A2
Q52740,A2
Q52741,A2
Q52742,A2
Q52743,A2
Q52744,A2
Q52745,A2
Q52746,A2
Q52747,A2
Q52748,A2
Q52749,A2
Q52750,A2
Q52751,A2
Q52752,A2
Q52753,A2
Q52754,A2
Q52755,A2
Q52756,A2
Q52757,A2
Q52758,A2
Q52759,A2
Q52760,A2
Q52761,A2
Q52762,A2
Q52763,A2
Q52764,A2
Q52765,A2
Q52766,A2
Q52767,A2
Q52768,A2
Q52769,A2
Q52770,A2
Q52771,A2
Q52772,A2
Q52773,A2
Q52774,A2
Q52775,A2
Q52776,A2
Q52777,A2
Q52778,A2
Q52779,A2
Q52780,A2
Q52781,A2
Q52782,A2
Q52783,A2
Q52784,A2
Q52785,A2
Q52786,A2
Q52787,A2
Q52788,A2
Q52789,A2
Q52790,A2
Q52791,A2
Q52792,A2
Q52793,A2
Q52794,A2
Q52795,A2
Q52796,A2
Q52797,A2
Q52798,A2
Q52799,A2
Q52800,A2
Q52801,A2
Q52802,A2
Q52803,A2
Q52804,A2
Q52805,A2
Q52806,A2
Q52807,A2
Q52808,A2
Q52809,A2
Q52810,A2
Q52811,A2
Q52812,A2
Q52813,A2
Q52814,A2
Q52815,A2
Q52816,A2
Q52817,A2
Q52818,A2
Q52819,A2
Q52820,A2
Q52821,A2
Q52822,A2
Q52823,A2
Q52824,A2
Q52825,A2
Q52826,A2
Q52827,A2
Q52828,A2
Q52829,A2
Q52830,A2
Q52831,A2
Q52832,A2
Q52833,A2
Q52834,A2
Q52835,A2
Q52836,A2
Q52837,A2
Q52838,A2
Q52839,A2
Q52840,A2
Q52841,A2
Q52842,A2
Q52843,A2
Q52844,A2
Q52845,A2
Q52846,A2
Q52847,A2
Q52848,A2
Q52849,A2
Q52850,A2
Q52851,A2
Q52852,A2
Q52853,A2
Q52854,A2
Q52855,A2
Q52856,A2
Q52857,A2
Q52858,A2
Q52859,A2
Q52860,A2
Q52861,A2
Q52862,A2
Q52863,A2
Q52864,A2
Q52865,A2
Q52866,A2
Q52867,A2
Q52868,A2
Q52869,A2
Q52870,A2
Q52871,A2
Q52872,A2
Q52873,A2
Q52874,A2
Q52875,A2
Q52876,A2
Q52877,A2
Q52878,A2
Q52879,A2
Q52880,A2
Q52881,A2
Q52882,A2
Q52883,A2
Q52884,A2
Q52885,A2
Q52886,A2
Q52887,A2
Q52888,A2
Q52889,A2
Q52890,A2
Q52891,A2
Q52892,A2
Q52893,A2
Q52894,A2
Q52895,A2
Q52896,A2
Q52897,A2
Q52898,A2
Q52899,A2
Q52900,A2
Q52901,A2
Q52902,A2
Q52903,A2
Q52904,A2
Q52905,A2
Q52906,A2
Q52907,A2
Q52908,A2
Q52909,A2
Q52910,A2
Q52911,A2
Q52912,A2
Q52913,A2
Q52914,A2
Q52915,A2
Q52916,A2
Q52917,A2
Q52918,A2
Q52919,A2
Q52920,A2
Q52921,A2
Q52922,A2
Q52923,A2
Q52924,A2
Q52925,A2
Q52926,A2
Q52927,A2
Q52928,A2
Q52929,A2
Q52930,A2
Q52931,A2
Q52932,A2
Q52933,A2
Q52934,A2
Q52935,A2
Q52936,A2
Q52937,A2
Q52938,A2
Q52939,A2
Q52940,A2
Q52941,A2
Q52942,A2
Q52943,A2
Q52944,A2
Q52945,A2
Q52946,A2
Q52947,A2
Q52948,A2
Q52949,A2
Q52950,A2
Q52951,A2
Q52952,A2
Q52953,A2
Q52954,A2
Q52955,A2
Q52956,A2
Q52957,A2
Q52958,A2
Q52959,A2
Q52960,A2
Q52961,A2
Q52962,A2
Q52963,A2
Q52964,A2
Q52965,A2
Q52966,A2
Q52967,A2
Q52968,A2
Q52969,A2
Q52970,A2
Q52971,A2
Q52972,A2
Q52973,A2
Q52974,A2
Q52975,A2
Q52976,A2
Q52977,A2
Q52978,A2
Q52979,A2
Q52980,A2
Q52981,A2
Q52982,A2
Q52983,A2
Q52984,A2
Q52985,A2
Q52986,A2
Q52987,A2
Q52988,A2
Q52989,A2
Q52990,A2
Q52991,A2
Q52992,A2
Q52993,A2
Q52994,A2
Q52995,A2
Q52996,A2
Q52997,A2
Q52998,A2
Q52999,A2
Q53000,A2
Q53001,A2
Q53002,A2
Q53003,A2
Q53004,A2
Q53005,A2
Q53006,A2
Q53007,A2
Q53008,A2
Q53009,A2
Q53010,A2
Q53011,A2
Q53012,A2
Q53013,A2
Q53014,A2
Q53015,A2
Q53016,A2
Q53017,A2
Q53018,A2
Q53019,A2
Q53020,A2
Q53021,A2
Q53022,A2
Q53023,A2
Q53024,A2
Q53025,A2
Q53026,A2
Q53027,A2
Q53028,A2
Q53029,A2
Q53030,A2
Q53031,A2
Q53032,A2
Q53033,A2
Q53034,A2
Q53035,A2
Q53036,A2
Q53037,A2
Q53038,A2
Q53039,A2
Q53040,A2
Q53041,A2
Q53042,A2
Q53043,A2
Q53044,A2
Q53045,A2
Q53046,A2
Q53047,A2
Q53048,A2
Q53049,A2
Q53050,A2
Q53051,A2
Q53052,A2
Q53053,A2
Q53054,A2
Q53055,A2
Q53056,A2
Q53057,A2
Q53058,A2
Q53059,A2
Q53060,A2
Q53061,A2
Q53062,A2
Q53063,A2
Q53064,A2
Q53065,A2
Q53066,A2
Q53067,A2
Q53068,A2
Q53069,A2
Q53070,A2
Q53071,A2
Q53072,A2
Q53073,A2
Q53074,A2
Q53075,A2
Q53076,A2
Q53077,A2
Q53078,A2
Q53079,A2
Q53080,A2
Q53081,A2
Q53082,A2
Q53083,A2
Q53084,A2
Q53085,A2
Q53086,A2
Q53087,A2
Q53088,A2
Q53089,A2
Q53090,A2
Q53091,A2
Q53092,A2
Q53093,A2
Q53094,A2
Q53095,A2
Q53096,A2
Q53097,A2
Q53098,A2
Q53099,A2
Q53100,A2
Q53101,A2
Q53102,A2
Q53103,A2
Q53104,A2
Q53105,A2
Q53106,A2
Q53107,A2
Q53108,A2
Q53109,A2
Q53110,A2
Q53111,A2
Q53112,A2
Q53113,A2
Q53114,A2
Q53115,A2
Q53116,A2
Q53117,A2
Q53118,A2
Q53119,A2
Q53120,A2
Q53121,A2
Q53122,A2
Q53123,A2
Q53124,A2
Q53125,A2
Q53126,A2
Q53127,A2
Q53128,A2
Q53129,A2
Q53130,A2
Q53131,A2
Q53132,A2
Q53133,A2
Q53134,A2
Q53135,A2
Q53136,A2
Q53137,A2
Q53138,A2
Q53139,A2
Q53140,A2
Q53141,A2
Q53142,A2
Q53143,A2
Q53144,A2
Q53145,A2
Q53146,A2
Q53147,A2
Q53148,A2
Q53149,A2
Q53150,A2
Q53151,A2
Q53152,A2
Q53153,A2
Q53154,A2
Q53155,A2
Q53156,A2
Q53157,A2
Q53158,A2
Q53159,A2
Q53160,A2
Q53161,A2
Q53162,A2
Q53163,A2
Q53164,A2
Q53165,A2
Q53166,A2
Q53167,A2
Q53168,A2
Q53169,A2
Q53170,A2
Q53171,A2
Q53172,A2
Q53173,A2
Q53174,A2
Q53175,A2
Q53176,A2
Q53177,A2
Q53178,A2
Q53179,A2
Q53180,A2
Q53181,A2
Q53182,A2
Q53183,A2
Q53184,A2
Q53185,A2
Q53186,A2
Q53187,A2
Q53188,A2
Q53189,A2
Q53190,A2
Q53191,A2
Q53192,A2
Q53193,A2
Q53194,A2
Q53195,A2
Q53196,A2
Q53197,A2
Q53198,A2
Q53199,A2
Q53200,A2
Q53201,A2
Q53202,A2
Q53203,A2
Q53204,A2
Q53205,A2
Q53206,A2
Q53207,A2
Q53208,A2
Q53209,A2
Q53210,A2
Q53211,A2
Q53212,A2
Q53213,A2
Q53214,A2
Q53215,A2
Q53216,A2
Q53217,A2
Q53218,A2
Q53219,A2
Q53220,A2
Q53221,A2
Q53222,A2
Q53223,A2
Q53224,A2
Q53225,A2
Q53226,A2
Q53227,A2
Q53228,A2
Q53229,A2
Q53230,A2
Q53231,A2
Q53232,A2
Q53233,A2
Q53234,A2
Q53235,A2
Q53236,A2
Q53237,A2
Q53238,A2
Q53239,A2
Q53240,A2
Q53241,A2
Q53242,A2
Q53243,A2
Q53244,A2
Q53245,A2
Q53246,A2
Q53247,A2
Q53248,A2
Q53249,A2
Q53250,A2
Q53251,A2
Q53252,A2
Q53253,A2
Q53254,A2
Q53255,A2
Q53256,A2
Q53257,A2
Q53258,A2
Q53259,A2
Q53260,A2
Q53261,A2
Q53262,A2
Q53263,A2
Q53264,A2
Q53265,A2
Q53266,A2
Q53267,A2
Q53268,A2
Q53269,A2
Q53270,A2
Q53271,A2
Q53272,A2
Q53273,A2
Q53274,A2
Q53275,A2
Q53276,A2
Q53277,A2
Q53278,A2
Q53279,A2
Q53280,A2
Q53281,A2
Q53282,A2
Q53283,A2
Q53284,A2
Q53285,A2
Q53286,A2
Q53287,A2
Q53288,A2
Q53289,A2
Q53290,A2
Q53291,A2
Q53292,A2
Q53293,A2
Q53294,A2
Q53295,A2
Q53296,A2
Q53297,A2
Q53298,A2
Q53299,A2
Q53300,A2
Q53301,A2
Q53302,A2
Q53303,A2
Q53304,A2
Q53305,A2
Q53306,A2
Q53307,A2
Q53308,A2
Q53309,A2
Q53310,A2
Q53311,A2
Q53312,A2
Q53313,A2
Q53314,A2
Q53315,A2
Q53316,A2
Q53317,A2
Q53318,A2
Q53319,A2
Q53320,A2
Q53321,A2
Q53322,A2
Q53323,A2
Q53324,A2
Q53325,A2
Q53326,A2
Q53327,A2
Q53328,A2
Q53329,A2
Q53330,A2
Q53331,A2
Q53332,A2
Q53333,A2
Q53334,A2
Q53335,A2
Q53336,A2
Q53337,A2
Q53338,A2
Q53339,A2
Q53340,A2
Q53341,A2
Q53342,A2
Q53343,A2
Q53344,A2
Q53345,A2
Q53346,A2
Q53347,A2
Q53348,A2
Q53349,A2
Q53350,A2
Q53351,A2
Q53352,A2
Q53353,A2
Q53354,A2
Q53355,A2
Q53356,A2
Q53357,A2
Q53358,A2
Q53359,A2
Q53360,A2
Q53361,A2
Q53362,A2
Q53363,A2
Q53364,A2
Q53365,A2
Q53366,A2
Q53367,A2
Q53368,A2
Q53369,A2
Q53370,A2
Q53371,A2
Q53372,A2
Q53373,A2
Q53374,A2
Q53375,A2
Q53376,A2
Q53377,A2
Q53378,A2
Q53379,A2
Q53380,A2
Q53381,A2
Q53382,A2
Q53383,A2
Q53384,A2
Q53385,A2
Q53386,A2
Q53387,A2
Q53388,A2
Q53389,A2
Q53390,A2
Q53391,A2
Q53392,A2
Q53393,A2
Q53394,A2
Q53395,A2
Q53396,A2
Q53397,A2
Q53398,A2
Q53399,A2
Q53400,A2
Q53401,A2
Q53402,A2
Q53403,A2
Q53404,A2
Q53405,A2
Q53406,A2
Q53407,A2
Q53408,A2
Q53409,A2
Q53410,A2
Q53411,A2
Q53412,A2
Q53413,A2
Q53414,A2
Q53415,A2
Q53416,A2
Q53417,A2
Q53418,A2
Q53419,A2
Q53420,A2
Q53421,A2
Q53422,A2
Q53423,A2
Q53424,A2
Q53425,A2
Q53426,A2
Q53427,A2
Q53428,A2
Q53429,A2
Q53430,A2
Q53431,A2
Q53432,A2
Q53433,A2
Q53434,A2
Q53435,A2
Q53436,A2
Q53437,A2
Q53438,A2
Q53439,A2
Q53440,A2
Q53441,A2
Q53442,A2
Q53443,A2
Q53444,A2
Q53445,A2
Q53446,A2
Q53447,A2
Q53448,A2
Q53449,A2
Q53450,A2
Q53451,A2
Q53452,A2
Q53453,A2
Q53454,A2
Q53455,A2
Q53456,A2
Q53457,A2
Q53458,A2
Q53459,A2
Q53460,A2
Q53461,A2
Q53462,A2
Q53463,A2
Q53464,A2
Q53465,A2
Q53466,A2
Q53467,A2
Q53468,A2
Q53469,A2
Q53470,A2
Q53471,A2
Q53472,A2
Q53473,A2
Q53474,A2
Q53475,A2
Q53476,A2
Q53477,A2
Q53478,A2
Q53479,A2
Q53480,A2
Q53481,A2
Q53482,A2
Q53483,A2
Q53484,A2
Q53485,A2
Q53486,A2
Q53487,A2
Q53488,A2
Q53489,A2
Q53490,A2
Q53491,A2
Q53492,A2
Q53493,A2
Q53494,A2
Q53495,A2
Q53496,A2
Q53497,A2
Q53498,A2
Q53499,A2
Q53500,A2
Q53501,A2
Q53502,A2
Q53503,A2
Q53504,A2
Q53505,A2
Q53506,A2
Q53507,A2
Q53508,A2
Q53509,A2
Q53510,A2
Q53511,A2
Q53512,A2
Q53513,A2
Q53514,A2
Q53515,A2
Q53516,A2
Q53517,A2
Q53518,A2
Q53519,A2
Q53520,A2
Q53521,A2
Q53522,A2
Q53523,A2
Q53524,A2
Q53525,A2
Q53526,A2
Q53527,A2
Q53528,A2
Q53529,A2
Q53530,A2
Q53531,A2
Q53532,A2
Q53533,A2
Q53534,A2
Q53535,A2
Q53536,A2
Q53537,A2
Q53538,A2
Q53539,A2
Q53540,A2
Q53541,A2
Q53542,A2
Q53543,A2
Q53544,A2
Q53545,A2
Q53546,A2
Q53547,A2
Q53548,A2
Q53549,A2
Q53550,A2
Q53551,A2
Q53552,A2
Q53553,A2
Q53554,A2
Q53555,A2
Q53556,A2
Q53557,A2
Q53558,A2
Q53559,A2
Q53560,A2
Q53561,A2
Q53562,A2
Q53563,A2
Q53564,A2
Q53565,A2
Q53566,A2
Q53567,A2
Q53568,A2
Q53569,A2
Q53570,A2
Q53571,A2
Q53572,A2
Q53573,A2
Q53574,A2
Q53575,A2
Q53576,A2
Q53577,A2
Q53578,A2
Q53579,A2
Q53580,A2
Q53581,A2
Q53582,A2
Q53583,A2
Q53584,A2
Q53585,A2
Q53586,A2
Q53587,A2
Q53588,A2
Q53589,A2
Q53590,A2
Q53591,A2
Q53592,A2
Q53593,A2
Q53594,A2
Q53595,A2
Q53596,A2
Q53597,A2
Q53598,A2
Q53599,A2
Q53600,A2
Q53601,A2
Q53602,A2
Q53603,A2
Q53604,A2
Q53605,A2
Q53606,A2
Q53607,A2
Q53608,A2
Q53609,A2
Q53610,A2
Q53611,A2
Q53612,A2
Q53613,A2
Q53614,A2
Q53615,A2
Q53616,A2
Q53617,A2
Q53618,A2
Q53619,A2
Q53620,A2
Q53621,A2
Q53622,A2
Q53623,A2
Q53624,A2
Q53625,A2
Q53626,A2
Q53627,A2
Q53628,A2
Q53629,A2
Q53630,A2
Q53631,A2
Q53632,A2
Q53633,A2
Q53634,A2
Q53635,A2
Q53636,A2
Q53637,A2
Q53638,A2
Q53639,A2
Q53640,A2
Q53641,A2
Q53642,A2
Q53643,A2
Q53644,A2
Q53645,A2
Q53646,A2
Q53647,A2
Q53648,A2
Q53649,A2
Q53650,A2
Q53651,A2
Q53652,A2
Q53653,A2
Q53654,A2
Q53655,A2
Q53656,A2
Q53657,A2
Q53658,A2
Q53659,A2
Q53660,A2
Q53661,A2
Q53662,A2
Q53663,A2
Q53664,A2
Q53665,A2
Q53666,A2
Q53667,A2
Q53668,A2
Q53669,A2
Q53670,A2
Q53671,A2
Q53672,A2
Q53673,A2
Q53674,A2
Q53675,A2
Q53676,A2
Q53677,A2
Q53678,A2
Q53679,A2
Q53680,A2
Q53681,A2
Q53682,A2
Q53683,A2
Q53684,A2
Q53685,A2
Q53686,A2
Q53687,A2
Q53688,A2
Q53689,A2
Q53690,A2
Q53691,A2
Q53692,A2
Q53693,A2
Q53694,A2
Q53695,A2
Q53696,A2
Q53697,A2
Q53698,A2
Q53699,A2
Q53700,A2
Q53701,A2
Q53702,A2
Q53703,A2
Q53704,A2
Q53705,A2
Q53706,A2
Q53707,A2
Q53708,A2
Q53709,A2
Q53710,A2
Q53711,A2
Q53712,A2
Q53713,A2
Q53714,A2
Q53715,A2
Q53716,A2
Q53717,A2
Q53718,A2
Q53719,A2
Q53720,A2
Q53721,A2
Q53722,A2
Q53723,A2
Q53724,A2
Q53725,A2
Q53726,A2
Q53727,A2
Q53728,A2
Q53729,A2
Q53730,A2
Q53731,A2
Q53732,A2
Q53733,A2
Q53734,A2
Q53735,A2
Q53736,A2
Q53737,A2
Q53738,A2
Q53739,A2
Q53740,A2
Q53741,A2
Q53742,A2
Q53743,A2
Q53744,A2
Q53745,A2
Q53746,A2
Q53747,A2
Q53748,A2
Q53749,A2
Q53750,A2
Q53751,A2
Q53752,A2
Q53753,A2
Q53754,A2
Q53755,A2
Q53756,A2
Q53757,A2
Q53758,A2
Q53759,A2
Q53760,A2
Q53761,A2
Q53762,A2
Q53763,A2
Q53764,A2
Q53765,A2
Q53766,A2
Q53767,A2
Q53768,A2
Q53769,A2
Q53770,A2
Q53771,A2
Q53772,A2
Q53773,A2
Q53774,A2
Q53775,A2
Q53776,A2
Q53777,A2
Q53778,A2
Q53779,A2
Q53780,A2
Q53781,A2
Q53782,A2
Q53783,A2
Q53784,A2
Q53785,A2
Q53786,A2
Q53787,A2
Q53788,A2
Q53789,A2
Q53790,A2
Q53791,A2
Q53792,A2
Q53793,A2
Q53794,A2
Q53795,A2
Q53796,A2
Q53797,A2
Q53798,A2
Q53799,A2
Q53800,A2
Q53801,A2
Q53802,A2
Q53803,A2
Q53804,A2
Q53805,A2
Q53806,A2
Q53807,A2
Q53808,A2
Q53809,A2
Q53810,A2
Q53811,A2
Q53812,A2
Q53813,A2
Q53814,A2
Q53815,A2
Q53816,A2
Q53817,A2
Q53818,A2
Q53819,A2
Q53820,A2
Q53821,A2
Q53822,A2
Q53823,A2
Q53824,A2
Q53825,A2
Q53826,A2
Q53827,A2
Q53828,A2
Q53829,A2
Q53830,A2
Q53831,A2
Q53832,A2
Q53833,A2
Q53834,A2
Q53835,A2
Q53836,A2
Q53837,A2
Q53838,A2
Q53839,A2
Q53840,A2
Q53841,A2
Q53842,A2
Q53843,A2
Q53844,A2
Q53845,A2
Q53846,A2
Q53847,A2
Q53848,A2
Q53849,A2
Q53850,A2
Q53851,A2
Q53852,A2
Q53853,A2
Q53854,A2
Q53855,A2
Q53856,A2
Q53857,A2
Q53858,A2
Q53859,A2
Q53860,A2
Q53861,A2
Q53862,A2
Q53863,A2
Q53864,A2
Q53865,A2
Q53866,A2
Q53867,A2
Q53868,A2
Q53869,A2
Q53870,A2
Q53871,A2
Q53872,A2
Q53873,A2
Q53874,A2
Q53875,A2
Q53876,A2
Q53877,A2
Q53878,A2
Q53879,A2
Q53880,A2
Q53881,A2
Q53882,A2
Q53883,A2
Q53884,A2
Q53885,A2
Q53886,A2
Q53887,A2
Q53888,A2
Q53889,A2
Q53890,A2
Q53891,A2
Q53892,A2
Q53893,A2
Q53894,A2
Q53895,A2
Q53896,A2
Q53897,A2
Q53898,A2
Q53899,A2
Q53900,A2
Q53901,A2
Q53902,A2
Q53903,A2
Q53904,A2
Q53905,A2
Q53906,A2
Q53907,A2
Q53908,A2
Q53909,A2
Q53910,A2
Q53911,A2
Q53912,A2
Q53913,A2
Q53914,A2
Q53915,A2
Q53916,A2
Q53917,A2
Q53918,A2
Q53919,A2
Q53920,A2
Q53921,A2
Q53922,A2
Q53923,A2
Q53924,A2
Q53925,A2
Q53926,A2
Q53927,A2
Q53928,A2
Q53929,A2
Q53930,A2
Q53931,A2
Q53932,A2
Q53933,A2
Q53934,A2
Q53935,A2
Q53936,A2
Q53937,A2
Q53938,A2
Q53939,A2
Q53940,A2
Q53941,A2
Q53942,A2
Q53943,A2
Q53944,A2
Q53945,A2
Q53946,A2
Q53947,A2
Q53948,A2
Q53949,A2
Q53950,A2
Q53951,A2
Q53952,A2
Q53953,A2
Q53954,A2
Q53955,A2
Q53956,A2
Q53957,A2
Q53958,A2
Q53959,A2
Q53960,A2
Q53961,A2
Q53962,A2
Q53963,A2
Q53964,A2
Q53965,A2
Q53966,A2
Q53967,A2
Q53968,A2
Q53969,A2
Q53970,A2
Q53971,A2
Q53972,A2
Q53973,A2
Q53974,A2
Q53975,A2
Q53976,A2
Q53977,A2
Q53978,A2
Q53979,A2
Q53980,A2
Q53981,A2
Q53982,A2
Q53983,A2
Q53984,A2
Q53985,A2
Q53986,A2
Q53987,A2
Q53988,A2
Q53989,A2
Q53990,A2
Q53991,A2
Q53992,A2
Q53993,A2
Q53994,A2
Q53995,A2
Q53996,A2
Q53997,A2
Q53998,A2
Q53999,A2
Q54000,A2
Q54001,A2
Q54002,A2
Q54003,A2
Q54004,A2
Q54005,A2
Q54006,A2
Q54007,A2
Q54008,A2
Q54009,A2
Q54010,A2
Q54011,A2
Q54012,A2
Q54013,A2
Q54014,A2
Q54015,A2
Q54016,A2
Q54017,A2
Q54018,A2
Q54019,A2
Q54020,A2
Q54021,A2
Q54022,A2
Q54023,A2
Q54024,A2
Q54025,A2
Q54026,A2
Q54027,A2
Q54028,A2
Q54029,A2
Q54030,A2
Q54031,A2
Q54032,A2
Q54033,A2
Q54034,A2
Q54035,A2
Q54036,A2
Q54037,A2
Q54038,A2
Q54039,A2
Q54040,A2
Q54041,A2
Q54042,A2
Q54043,A2
Q54044,A2
Q54045,A2
Q54046,A2
Q54047,A2
Q54048,A2
Q54049,A2
Q54050,A2
Q54051,A2
Q54052,A2
Q54053,A2
Q54054,A2
Q54055,A2
Q54056,A2
Q54057,A2
Q54058,A2
Q54059,A2
Q54060,A2
Q54061,A2
Q54062,A2
Q54063,A2
Q54064,A2
Q54065,A2
Q54066,A2
Q54067,A2
Q54068,A2
Q54069,A2
Q54070,A2
Q54071,A2
Q54072,A2
Q54073,A2
Q54074,A2
Q54075,A2
Q54076,A2
Q54077,A2
Q54078,A2
Q54079,A2
Q54080,A2
Q54081,A2
Q54082,A2
Q54083,A2
Q54084,A2
Q54085,A2
Q54086,A2
Q54087,A2
Q54088,A2
Q54089,A2
Q54090,A2
Q54091,A2
Q54092,A2
Q54093,A2
Q54094,A2
Q54095,A2
Q54096,A2
Q54097,A2
Q54098,A2
Q54099,A2
Q54100,A2
Q54101,A2
Q54102,A2
Q54103,A2
Q54104,A2
Q54105,A2
Q54106,A2
Q54107,A2
Q54108,A2
Q54109,A2
Q54110,A2
Q54111,A2
Q54112,A2
Q54113,A2
Q54114,A2
Q54115,A2
Q54116,A2
Q54117,A2
Q54118,A2
Q54119,A2
Q54120,A2
Q54121,A2
Q54122,A2
Q54123,A2
Q54124,A2
Q54125,A2
Q54126,A2
Q54127,A2
Q54128,A2
Q54129,A2
Q54130,A2
Q54131,A2
Q54132,A2
Q54133,A2
Q54134,A2
Q54135,A2
Q54136,A2
Q54137,A2
Q54138,A2
Q54139,A2
Q54140,A2
Q54141,A2
Q54142,A2
Q54143,A2
Q54144,A2
Q54145,A2
Q54146,A2
Q54147,A2
Q54148,A2
Q54149,A2
Q54150,A2
Q54151,A2
Q54152,A2
Q54153,A2
Q54154,A2
Q54155,A2
Q54156,A2
Q54157,A2
Q54158,A2
Q54159,A2
Q54160,A2
Q54161,A2
Q54162,A2
Q54163,A2
Q54164,A2
Q54165,A2
Q54166,A2
Q54167,A2
Q54168,A2
Q54169,A2
Q54170,A2
Q54171,A2
Q54172,A2
Q54173,A2
Q54174,A2
Q54175,A2
Q54176,A2
Q54177,A2
Q54178,A2
Q54179,A2
Q54180,A2
Q54181,A2
Q54182,A2
Q54183,A2
Q54184,A2
Q54185,A2
Q54186,A2
Q54187,A2
Q54188,A2
Q54189,A2
Q54190,A2
Q54191,A2
Q54192,A2
Q54193,A2
Q54194,A2
Q54195,A2
Q54196,A2
Q54197,A2
Q54198,A2
Q54199,A2
Q54200,A2
Q54201,A2
Q54202,A2
Q54203,A2
Q54204,A2
Q54205,A2
Q54206,A2
Q54207,A2
Q54208,A2
Q54209,A2
Q54210,A2
Q54211,A2
Q54212,A2
Q54213,A2
Q54214,A2
Q54215,A2
Q54216,A2
Q54217,A2
Q54218,A2
Q54219,A2
Q54220,A2
Q54221,A2
Q54222,A2
Q54223,A2
Q54224,A2
Q54225,A2
Q54226,A2
Q54227,A2
Q54228,A2
Q54229,A2
Q54230,A2
Q54231,A2
Q54232,A2
Q54233,A2
Q54234,A2
Q54235,A2
Q54236,A2
Q54237,A2
Q54238,A2
Q54239,A2
Q54240,A2
Q54241,A2
Q54242,A2
Q54243,A2
Q54244,A2
Q54245,A2
Q54246,A2
Q54247,A2
Q54248,A2
Q54249,A2
Q54250,A2
Q54251,A2
Q54252,A2
Q54253,A2
Q54254,A2
Q54255,A2
Q54256,A2
Q54257,A2
Q54258,A2
Q54259,A2
Q54260,A2
Q54261,A2
Q54262,A2
Q54263,A2
Q54264,A2
Q54265,A2
Q54266,A2
Q54267,A2
Q54268,A2
Q54269,A2
Q54270,A2
Q54271,A2
Q54272,A2
Q54273,A2
Q54274,A2
Q54275,A2
Q54276,A2
Q54277,A2
Q54278,A2
Q54279,A2
Q54280,A2
Q54281,A2
Q54282,A2
Q54283,A2
Q54284,A2
Q54285,A2
Q54286,A2
Q54287,A2
Q54288,A2
Q54289,A2
Q54290,A2
Q54291,A2
Q54292,A2
Q54293,A2
Q54294,A2
Q54295,A2
Q54296,A2
Q54297,A2
Q54298,A2
Q54299,A2
Q54300,A2
Q54301,A2
Q54302,A2
Q54303,A2
Q54304,A2
Q54305,A2
Q54306,A2
Q54307,A2
Q54308,A2
Q54309,A2
Q54310,A2
Q54311,A2
Q54312,A2
Q54313,A2
Q54314,A2
Q54315,A2
Q54316,A2
Q54317,A2
Q54318,A2
Q54319,A2
Q54320,A2
Q54321,A2
Q54322,A2
Q54323,A2
Q54324,A2
Q54325,A2
Q54326,A2
Q54327,A2
Q54328,A2
Q54329,A2
Q54330,A2
Q54331,A2
Q54332,A2
Q54333,A2
Q54334,A2
Q54335,A2
Q54336,A2
Q54337,A2
Q54338,A2
Q54339,A2
Q54340,A2
Q54341,A2
Q54342,A2
Q54343,A2
Q54344,A2
Q54345,A2
Q54346,A2
Q54347,A2
Q54348,A2
Q54349,A2
Q54350,A2
Q54351,A2
Q54352,A2
Q54353,A2
Q54354,A2
Q54355,A2
Q54356,A2
Q54357,A2
Q54358,A2
Q54359,A2
Q54360,A2
Q54361,A2
Q54362,A2
Q54363,A2
Q54364,A2
Q54365,A2
Q54366,A2
Q54367,A2
Q54368,A2
Q54369,A2
Q54370,A2
Q54371,A2
Q54372,A2
Q54373,A2
Q54374,A2
Q54375,A2
Q54376,A2
Q54377,A2
Q54378,A2
Q54379,A2
Q54380,A2
Q54381,A2
Q54382,A2
Q54383,A2
Q54384,A2
Q54385,A2
Q54386,A2
Q54387,A2
Q54388,A2
Q54389,A2
Q54390,A2
Q54391,A2
Q54392,A2
Q54393,A2
Q54394,A2
Q54395,A2
Q54396,A2
Q54397,A2
Q54398,A2
Q54399,A2
Q54400,A2
Q54401,A2
Q54402,A2
Q54403,A2
Q54404,A2
Q54405,A2
Q54406,A2
Q54407,A2
Q54408,A2
Q54409,A2
Q54410,A2
Q54411,A2
Q54412,A2
Q54413,A2
Q54414,A2
Q54415,A2
Q54416,A2
Q54417,A2
Q54418,A2
Q54419,A2
Q54420,A2
Q54421,A2
Q54422,A2
Q54423,A2
Q54424,A2
Q54425,A2
Q54426,A2
Q54427,A2
Q54428,A2
Q54429,A2
Q54430,A2
Q54431,A2
Q54432,A2
Q54433,A2
Q54434,A2
Q54435,A2
Q54436,A2
Q54437,A2
Q54438,A2
Q54439,A2
Q54440,A2
Q54441,A2
Q54442,A2
Q54443,A2
Q54444,A2
Q54445,A2
Q54446,A2
Q54447,A2
Q54448,A2
Q54449,A2
Q54450,A2
Q54451,A2
Q54452,A2
Q54453,A2
Q54454,A2
Q54455,A2
Q54456,A2
Q54457,A2
Q54458,A2
Q54459,A2
Q54460,A2
Q54461,A2
Q54462,A2
Q54463,A2
Q54464,A2
Q54465,A2
Q54466,A2
Q54467,A2
Q54468,A2
Q54469,A2
Q54470,A2
Q54471,A2
Q54472,A2
Q54473,A2
Q54474,A2
Q54475,A2
Q54476,A2
Q54477,A2
Q54478,A2
Q54479,A2
Q54480,A2
Q54481,A2
Q54482,A2
Q54483,A2
Q54484,A2
Q54485,A2
Q54486,A2
Q54487,A2
Q54488,A2
Q54489,A2
Q54490,A2
Q54491,A2
Q54492,A2
Q54493,A2
Q54494,A2
Q54495,A2
Q54496,A2
Q54497,A2
Q54498,A2
Q54499,A2
Q54500,A2
Q54501,A2
Q54502,A2
Q54503,A2
Q54504,A2
Q54505,A2
Q54506,A2
Q54507,A2
Q54508,A2
Q54509,A2
Q54510,A2
Q54511,A2
Q54512,A2
Q54513,A2
Q54514,A2
Q54515,A2
Q54516,A2
Q54517,A2
Q54518,A2
Q54519,A2
Q54520,A2
Q54521,A2
Q54522,A2
Q54523,A2
Q54524,A2
Q54525,A2
Q54526,A2
Q54527,A2
Q54528,A2
Q54529,A2
Q54530,A2
Q54531,A2
Q54532,A2
Q54533,A2
Q54534,A2
Q54535,A2
Q54536,A2
Q54537,A2
Q54538,A2
Q54539,A2
Q54540,A2
Q54541,A2
Q54542,A2
Q54543,A2
Q54544,A2
Q54545,A2
Q54546,A2
Q54547,A2
Q54548,A2
Q54549,A2
Q54550,A2
Q54551,A2
Q54552,A2
Q54553,A2
Q54554,A2
Q54555,A2
Q54556,A2
Q54557,A2
Q54558,A2
Q54559,A2
Q54560,A2
Q54561,A2
Q54562,A2
Q54563,A2
Q54564,A2
Q54565,A2
Q54566,A2
Q54567,A2
Q54568,A2
Q54569,A2
Q54570,A2
Q54571,A2
Q54572,A2
Q54573,A2
Q54574,A2
Q54575,A2
Q54576,A2
Q54577,A2
Q54578,A2
Q54579,A2
Q54580,A2
Q54581,A2
Q54582,A2
Q54583,A2
Q54584,A2
Q54585,A2
Q54586,A2
Q54587,A2
Q54588,A2
Q54589,A2
Q54590,A2
Q54591,A2
Q54592,A2
Q54593,A2
Q54594,A2
Q54595,A2
Q54596,A2
Q54597,A2
Q54598,A2
Q54599,A2
Q54600,A2
Q54601,A2
Q54602,A2
Q54603,A2
Q54604,A2
Q54605,A2
Q54606,A2
Q54607,A2
Q54608,A2
Q54609,A2
Q54610,A2
Q54611,A2
Q54612,A2
Q54613,A2
Q54614,A2
Q54615,A2
Q54616,A2
Q54617,A2
Q54618,A2
Q54619,A2
Q54620,A2
Q54621,A2
Q54622,A2
Q54623,A2
Q54624,A2
Q54625,A2
Q54626,A2
Q54627,A2
Q54628,A2
Q54629,A2
Q54630,A2
Q54631,A2
Q54632,A2
Q54633,A2
Q54634,A2
Q54635,A2
Q54636,A2
Q54637,A2
Q54638,A2
Q54639,A2
Q54640,A2
Q54641,A2
Q54642,A2
Q54643,A2
Q54644,A2
Q54645,A2
Q54646,A2
Q54647,A2
Q54648,A2
Q54649,A2
Q54650,A2
Q54651,A2
Q54652,A2
Q54653,A2
Q54654,A2
Q54655,A2
Q54656,A2
Q54657,A2
Q54658,A2
Q54659,A2
Q54660,A2
Q54661,A2
Q54662,A2
Q54663,A2
Q54664,A2
Q54665,A2
Q54666,A2
Q54667,A2
Q54668,A2
Q54669,A2
Q54670,A2
Q54671,A2
Q54672,A2
Q54673,A2
Q54674,A2
Q54675,A2
Q54676,A2
Q54677,A2
Q54678,A2
Q54679,A2
Q54680,A2
Q54681,A2
Q54682,A2
Q54683,A2
Q54684,A2
Q54685,A2
Q54686,A2
Q54687,A2
Q54688,A2
Q54689,A2
Q54690,A2
Q54691,A2
Q54692,A2
Q54693,A2
Q54694,A2
Q54695,A2
Q54696,A2
Q54697,A2
Q54698,A2
Q54699,A2
Q54700,A2
Q54701,A2
Q54702,A2
Q54703,A2
Q54704,A2
Q54705,A2
Q54706,A2
Q54707,A2
Q54708,A2
Q54709,A2
Q54710,A2
Q54711,A2
Q54712,A2
Q54713,A2
Q54714,A2
Q54715,A2
Q54716,A2
Q54717,A2
Q54718,A2
Q54719,A2
Q54720,A2
Q54721,A2
Q54722,A2
Q54723,A2
Q54724,A2
Q54725,A2
Q54726,A2
Q54727,A2
Q54728,A2
Q54729,A2
Q54730,A2
Q54731,A2
Q54732,A2
Q54733,A2
Q54734,A2
Q54735,A2
Q54736,A2
Q54737,A2
Q54738,A2
Q54739,A2
Q54740,A2
Q54741,A2
Q54742,A2
Q54743,A2
Q54744,A2
Q54745,A2
Q54746,A2
Q54747,A2
Q54748,A2
Q54749,A2
Q54750,A2
Q54751,A2
Q54752,A2
Q54753,A2
Q54754,A2
Q54755,A2
Q54756,A2
Q54757,A2
Q54758,A2
Q54759,A2
Q54760,A2
Q54761,A2
Q54762,A2
Q54763,A2
Q54764,A2
Q54765,A2
Q54766,A2
Q54767,A2
Q54768,A2
Q54769,A2
Q54770,A2
Q54771,A2
Q54772,A2
Q54773,A2
Q54774,A2
Q54775,A2
Q54776,A2
Q54777,A2
Q54778,A2
Q54779,A2
Q54780,A2
Q54781,A2
Q54782,A2
Q54783,A2
Q54784,A2
Q54785,A2
Q54786,A2
Q54787,A2
Q54788,A2
Q54789,A2
Q54790,A2
Q54791,A2
Q54792,A2
Q54793,A2
Q54794,A2
Q54795,A2
Q54796,A2
Q54797,A2
Q54798,A2
Q54799,A2
Q54800,A2
Q54801,A2
Q54802,A2
Q54803,A2
Q54804,A2
Q54805,A2
Q54806,A2
Q54807,A2
Q54808,A2
Q54809,A2
Q54810,A2
Q54811,A2
Q54812,A2
Q54813,A2
Q54814,A2
Q54815,A2
Q54816,A2
Q54817,A2
Q54818,A2
Q54819,A2
Q54820,A2
Q54821,A2
Q54822,A2
Q54823,A2
Q54824,A2
Q54825,A2
Q54826,A2
Q54827,A2
Q54828,A2
Q54829,A2
Q54830,A2
Q54831,A2
Q54832,A2
Q54833,A2
Q54834,A2
Q54835,A2
Q54836,A2
Q54837,A2
Q54838,A2
Q54839,A2
Q54840,A2
Q54841,A2
Q54842,A2
Q54843,A2
Q54844,A2
Q54845,A2
Q54846,A2
Q54847,A2
Q54848,A2
Q54849,A2
Q54850,A2
Q54851,A2
Q54852,A2
Q54853,A2
Q54854,A2
Q54855,A2
Q54856,A2
Q54857,A2
Q54858,A2
Q54859,A2
Q54860,A2
Q54861,A2
Q54862,A2
Q54863,A2
Q54864,A2
Q54865,A2
Q54866,A2
Q54867,A2
Q54868,A2
Q54869,A2
Q54870,A2
Q54871,A2
Q54872,A2
Q54873,A2
Q54874,A2
Q54875,A2
Q54876,A2
Q54877,A2
Q54878,A2
Q54879,A2
Q54880,A2
Q54881,A2
Q54882,A2
Q54883,A2
Q54884,A2
Q54885,A2
Q54886,A2
Q54887,A2
Q54888,A2
Q54889,A2
Q54890,A2
Q54891,A2
Q54892,A2
Q54893,A2
Q54894,A2
Q54895,A2
Q54896,A2
Q54897,A2
Q54898,A2
Q54899,A2
Q54900,A2
Q54901,A2
Q54902,A2
Q54903,A2
Q54904,A2
Q54905,A2
Q54906,A2
Q54907,A2
Q54908,A2
Q54909,A2
Q54910,A2
Q54911,A2
Q54912,A2
Q54913,A2
Q54914,A2
Q54915,A2
Q54916,A2
Q54917,A2
Q54918,A2
Q54919,A2
Q54920,A2
Q54921,A2
Q54922,A2
Q54923,A2
Q54924,A2
Q54925,A2
Q54926,A2
Q54927,A2
Q54928,A2
Q54929,A2
Q54930,A2
Q54931,A2
Q54932,A2
Q54933,A2
Q54934,A2
Q54935,A2
Q54936,A2
Q54937,A2
Q54938,A2
Q54939,A2
Q54940,A2
Q54941,A2
Q54942,A2
Q54943,A2
Q54944,A2
Q54945,A2
Q54946,A2
Q54947,A2
Q54948,A2
Q54949,A2
Q54950,A2
Q54951,A2
Q54952,A2
Q54953,A2
Q54954,A2
Q54955,A2
Q54956,A2
Q54957,A2
Q54958,A2
Q54959,A2
Q54960,A2
Q54961,A2
Q54962,A2
Q54963,A2
Q54964,A2
Q54965,A2
Q54966,A2
Q54967,A2
Q54968,A2
Q54969,A2
Q54970,A2
Q54971,A2
Q54972,A2
Q54973,A2
Q54974,A2
Q54975,A2
Q54976,A2
Q54977,A2
Q54978,A2
Q54979,A2
Q54980,A2
Q54981,A2
Q54982,A2
Q54983,A2
Q54984,A2
Q54985,A2
Q54986,A2
Q54987,A2
Q54988,A2
Q54989,A2
Q54990,A2
Q54991,A2
Q54992,A2
Q54993,A2
Q54994,A2
Q54995,A2
Q54996,A2
Q54997,A2
Q54998,A2
Q54999,A2
Q55000,A2
Q55001,A2
Q55002,A2
Q55003,A2
Q55004,A2
Q55005,A2
Q55006,A2
Q55007,A2
Q55008,A2
Q55009,A2
Q55010,A2
Q55011,A2
Q55012,A2
Q55013,A2
Q55014,A2
Q55015,A2
Q55016,A2
Q55017,A2
Q55018,A2
Q55019,A2
Q55020,A2
Q55021,A2
Q55022,A2
Q55023,A2
Q55024,A2
Q55025,A2
Q55026,A2
Q55027,A2
Q55028,A2
Q55029,A2
Q55030,A2
Q55031,A2
Q55032,A2
Q55033,A2
Q55034,A2
Q55035,A2
Q55036,A2
Q55037,A2
Q55038,A2
Q55039,A2
Q55040,A2
Q55041,A2
Q55042,A2
Q55043,A2
Q55044,A2
Q55045,A2
Q55046,A2
Q55047,A2
Q55048,A2
Q55049,A2
Q55050,A2
Q55051,A2
Q55052,A2
Q55053,A2
Q55054,A2
Q55055,A2
Q55056,A2
Q55057,A2
Q55058,A2
Q55059,A2
Q55060,A2
Q55061,A2
Q55062,A2
Q55063,A2
Q55064,A2
Q55065,A2
Q55066,A2
Q55067,A2
Q55068,A2
Q55069,A2
Q55070,A2
Q55071,A2
Q55072,A2
Q55073,A2
Q55074,A2
Q55075,A2
Q55076,A2
Q55077,A2
Q55078,A2
Q55079,A2
Q55080,A2
Q55081,A2
Q55082,A2
Q55083,A2
Q55084,A2
Q55085,A2
Q55086,A2
Q55087,A2
Q55088,A2
Q55089,A2
Q55090,A2
Q55091,A2
Q55092,A2
Q55093,A2
Q55094,A2
Q55095,A2
Q55096,A2
Q55097,A2
Q55098,A2
Q55099,A2
Q55100,A2
Q55101,A2
Q55102,A2
Q55103,A2
Q55104,A2
Q55105,A2
Q55106,A2
Q55107,A2
Q55108,A2
Q55109,A2
Q55110,A2
Q55111,A2
Q55112,A2
Q55113,A2
Q55114,A2
Q55115,A2
Q55116,A2
Q55117,A2
Q55118,A2
Q55119,A2
Q55120,A2
Q55121,A2
Q55122,A2
Q55123,A2
Q55124,A2
Q55125,A2
Q55126,A2
Q55127,A2
Q55128,A2
Q55129,A2
Q55130,A2
Q55131,A2
Q55132,A2
Q55133,A2
Q55134,A2
Q55135,A2
Q55136,A2
Q55137,A2
Q55138,A2
Q55139,A2
Q55140,A2
Q55141,A2
Q55142,A2
Q55143,A2
Q55144,A2
Q55145,A2
Q55146,A2
Q55147,A2
Q55148,A2
Q55149,A2
Q55150,A2
Q55151,A2
Q55152,A2
Q55153,A2
Q55154,A2
Q55155,A2
Q55156,A2
Q55157,A2
Q55158,A2
Q55159,A2
Q55160,A2
Q55161,A2
Q55162,A2
Q55163,A2
Q55164,A2
Q55165,A2
Q55166,A2
Q55167,A2
Q55168,A2
Q55169,A2
Q55170,A2
Q55171,A2
Q55172,A2
Q55173,A2
Q55174,A2
Q55175,A2
Q55176,A2
Q55177,A2
Q55178,A2
Q55179,A2
Q55180,A2
Q55181,A2
Q55182,A2
Q55183,A2
Q55184,A2
Q55185,A2
Q55186,A2
Q55187,A2
Q55188,A2
Q55189,A2
Q55190,A2
Q55191,A2
Q55192,A2
Q55193,A2
Q55194,A2
Q55195,A2
Q55196,A2
Q55197,A2
Q55198,A2
Q55199,A2
Q55200,A2
Q55201,A2
Q55202,A2
Q55203,A2
Q55204,A2
Q55205,A2
Q55206,A2
Q55207,A2
Q55208,A2
Q55209,A2
Q55210,A2
Q55211,A2
Q55212,A2
Q55213,A2
Q55214,A2
Q55215,A2
Q55216,A2
Q55217,A2
Q55218,A2
Q55219,A2
Q55220,A2
Q55221,A2
Q55222,A2
Q55223,A2
Q55224,A2
Q55225,A2
Q55226,A2
Q55227,A2
Q55228,A2
Q55229,A2
Q55230,A2
Q55231,A2
Q55232,A2
Q55233,A2
Q55234,A2
Q55235,A2
Q55236,A2
Q55237,A2
Q55238,A2
Q55239,A2
Q55240,A2
Q55241,A2
Q55242,A2
Q55243,A2
Q55244,A2
Q55245,A2
Q55246,A2
Q55247,A2
Q55248,A2
Q55249,A2
Q55250,A2
Q55251,A2
Q55252,A2
Q55253,A2
Q55254,A2
Q55255,A2
Q55256,A2
Q55257,A2
Q55258,A2
Q55259,A2
Q55260,A2
Q55261,A2
Q55262,A2
Q55263,A2
Q55264,A2
Q55265,A2
Q55266,A2
Q55267,A2
Q55268,A2
Q55269,A2
Q55270,A2
Q55271,A2
Q55272,A2
Q55273,A2
Q55274,A2
Q55275,A2
Q55276,A2
Q55277,A2
Q55278,A2
Q55279,A2
Q55280,A2
Q55281,A2
Q55282,A2
Q55283,A2
Q55284,A2
Q55285,A2
Q55286,A2
Q55287,A2
Q55288,A2
Q55289,A2
Q55290,A2
Q55291,A2
Q55292,A2
Q55293,A2
Q55294,A2
Q55295,A2
Q55296,A2
Q55297,A2
Q55298,A2
Q55299,A2
Q55300,A2
Q55301,A2
Q55302,A2
Q55303,A2
Q55304,A2
Q55305,A2
Q55306,A2
Q55307,A2
Q55308,A2
Q55309,A2
Q55310,A2
Q55311,A2
Q55312,A2
Q55313,A2
Q55314,A2
Q55315,A2
Q55316,A2
Q55317,A2
Q55318,A2
Q55319,A2
Q55320,A2
Q55321,A2
Q55322,A2
Q55323,A2
Q55324,A2
Q55325,A2
Q55326,A2
Q55327,A2
Q55328,A2
Q55329,A2
Q55330,A2
Q55331,A2
Q55332,A2
Q55333,A2
Q55334,A2
Q55335,A2
Q55336,A2
Q55337,A2
Q55338,A2
Q55339,A2
Q55340,A2
Q55341,A2
Q55342,A2
Q55343,A2
Q55344,A2
Q55345,A2
Q55346,A2
Q55347,A2
Q55348,A2
Q55349,A2
Q55350,A2
Q55351,A2
Q55352,A2
Q55353,A2
Q55354,A2
Q55355,A2
Q55356,A2
Q55357,A2
Q55358,A2
Q55359,A2
Q55360,A2
Q55361,A2
Q55362,A2
Q55363,A2
Q55364,A2
Q55365,A2
Q55366,A2
Q55367,A2
Q55368,A2
Q55369,A2
Q55370,A2
Q55371,A2
Q55372,A2
Q55373,A2
Q55374,A2
Q55375,A2
Q55376,A2
Q55377,A2
Q55378,A2
Q55379,A2
Q55380,A2
Q55381,A2
Q55382,A2
Q55383,A2
Q55384,A2
Q55385,A2
Q55386,A2
Q55387,A2
Q55388,A2
Q55389,A2
Q55390,A2
Q55391,A2
Q55392,A2
Q55393,A2
Q55394,A2
Q55395,A2
Q55396,A2
Q55397,A2
Q55398,A2
Q55399,A2
Q55400,A2
Q55401,A2
Q55402,A2
Q55403,A2
Q55404,A2
Q55405,A2
Q55406,A2
Q55407,A2
Q55408,A2
Q55409,A2
Q55410,A2
Q55411,A2
Q55412,A2
Q55413,A2
Q55414,A2
Q55415,A2
Q55416,A2
Q55417,A2
Q55418,A2
Q55419,A2
Q55420,A2
Q55421,A2
Q55422,A2
Q55423,A2
Q55424,A2
Q55425,A2
Q55426,A2
Q55427,A2
Q55428,A2
Q55429,A2
Q55430,A2
Q55431,A2
Q55432,A2
Q55433,A2
Q55434,A2
Q55435,A2
Q55436,A2
Q55437,A2
Q55438,A2
Q55439,A2
Q55440,A2
Q55441,A2
Q55442,A2
Q55443,A2
Q55444,A2
Q55445,A2
Q55446,A2
Q55447,A2
Q55448,A2
Q55449,A2
Q55450,A2
Q55451,A2
Q55452,A2
Q55453,A2
Q55454,A2
Q55455,A2
Q55456,A2
Q55457,A2
Q55458,A2
Q55459,A2
Q55460,A2
Q55461,A2
Q55462,A2
Q55463,A2
Q55464,A2
Q55465,A2
Q55466,A2
Q55467,A2
Q55468,A2
Q55469,A2
Q55470,A2
Q55471,A2
Q55472,A2
Q55473,A2
Q55474,A2
Q55475,A2
Q55476,A2
Q55477,A2
Q55478,A2
Q55479,A2
Q55480,A2
Q55481,A2
Q55482,A2
Q55483,A2
Q55484,A2
Q55485,A2
Q55486,A2
Q55487,A2
Q55488,A2
Q55489,A2
Q55490,A2
Q55491,A2
Q55492,A2
Q55493,A2
Q55494,A2
Q55495,A2
Q55496,A2
Q55497,A2
Q55498,A2
Q55499,A2
Q55500,A2
Q55501,A2
Q55502,A2
Q55503,A2
Q55504,A2
Q55505,A2
Q55506,A2
Q55507,A2
Q55508,A2
Q55509,A2
Q55510,A2
Q55511,A2
Q55512,A2
Q55513,A2
Q55514,A2
Q55515,A2
Q55516,A2
Q55517,A2
Q55518,A2
Q55519,A2
Q55520,A2
Q55521,A2
Q55522,A2
Q55523,A2
Q55524,A2
Q55525,A2
Q55526,A2
Q55527,A2
Q55528,A2
Q55529,A2
Q55530,A2
Q55531,A2
Q55532,A2
Q55533,A2
Q55534,A2
Q55535,A2
Q55536,A2
Q55537,A2
Q55538,A2
Q55539,A2
Q55540,A2
Q55541,A2
Q55542,A2
Q55543,A2
Q55544,A2
Q55545,A2
Q55546,A2
Q55547,A2
Q55548,A2
Q55549,A2
Q55550,A2
Q55551,A2
Q55552,A2
Q55553,A2
Q55554,A2
Q55555,A2
Q55556,A2
Q55557,A2
Q55558,A2
Q55559,A2
Q55560,A2
Q55561,A2
Q55562,A2
Q55563,A2
Q55564,A2
Q55565,A2
Q55566,A2
Q55567,A2
Q55568,A2
Q55569,A2
Q55570,A2
Q55571,A2
Q55572,A2
Q55573,A2
Q55574,A2
Q55575,A2
Q55576,A2
Q55577,A2
Q55578,A2
Q55579,A2
Q55580,A2
Q55581,A2
Q55582,A2
Q55583,A2
Q55584,A2
Q55585,A2
Q55586,A2
Q55587,A2
Q55588,A2
Q55589,A2
Q55590,A2
Q55591,A2
Q55592,A2
Q55593,A2
Q55594,A2
Q55595,A2
Q55596,A2
Q55597,A2
Q55598,A2
Q55599,A2
Q55600,A2
Q55601,A2
Q55602,A2
Q55603,A2
Q55604,A2
Q55605,A2
Q55606,A2
Q55607,A2
Q55608,A2
Q55609,A2
Q55610,A2
Q55611,A2
Q55612,A2
Q55613,A2
Q55614,A2
Q55615,A2
Q55616,A2
Q55617,A2
Q55618,A2
Q55619,A2
Q55620,A2
Q55621,A2
Q55622,A2
Q55623,A2
Q55624,A2
Q55625,A2
Q55626,A2
Q55627,A2
Q55628,A2
Q55629,A2
Q55630,A2
Q55631,A2
Q55632,A2
Q55633,A2
Q55634,A2
Q55635,A2
Q55636,A2
Q55637,A2
Q55638,A2
Q55639,A2
Q55640,A2
Q55641,A2
Q55642,A2
Q55643,A2
Q55644,A2
Q55645,A2
Q55646,A2
Q55647,A2
Q55648,A2
Q55649,A2
Q55650,A2
Q55651,A2
Q55652,A2
Q55653,A2
Q55654,A2
Q55655,A2
Q55656,A2
Q55657,A2
Q55658,A2
Q55659,A2
Q55660,A2
Q55661,A2
Q55662,A2
Q55663,A2
Q55664,A2
Q55665,A2
Q55666,A2
Q55667,A2
Q55668,A2
Q55669,A2
Q55670,A2
Q55671,A2
Q55672,A2
Q55673,A2
Q55674,A2
Q55675,A2
Q55676,A2
Q55677,A2
Q55678,A2
Q55679,A2
Q55680,A2
Q55681,A2
Q55682,A2
Q55683,A2
Q55684,A2
Q55685,A2
Q55686,A2
Q55687,A2
Q55688,A2
Q55689,A2
Q55690,A2
Q55691,A2
Q55692,A2
Q55693,A2
Q55694,A2
Q55695,A2
Q55696,A2
Q55697,A2
Q55698,A2
Q55699,A2
Q55700,A2
Q55701,A2
Q55702,A2
Q55703,A2
Q55704,A2
Q55705,A2
Q55706,A2
Q55707,A2
Q55708,A2
Q55709,A2
Q55710,A2
Q55711,A2
Q55712,A2
Q55713,A2
Q55714,A2
Q55715,A2
Q55716,A2
Q55717,A2
Q55718,A2
Q55719,A2
Q55720,A2
Q55721,A2
Q55722,A2
Q55723,A2
Q55724,A2
Q55725,A2
Q55726,A2
Q55727,A2
Q55728,A2
Q55729,A2
Q55730,A2
Q55731,A2
Q55732,A2
Q55733,A2
Q55734,A2
Q55735,A2
Q55736,A2
Q55737,A2
Q55738,A2
Q55739,A2
Q55740,A2
Q55741,A2
Q55742,A2
Q55743,A2
Q55744,A2
Q55745,A2
Q55746,A2
Q55747,A2
Q55748,A2
Q55749,A2
Q55750,A2
Q55751,A2
Q55752,A2
Q55753,A2
Q55754,A2
Q55755,A2
Q55756,A2
Q55757,A2
Q55758,A2
Q55759,A2
Q55760,A2
Q55761,A2
Q55762,A2
Q55763,A2
Q55764,A2
Q55765,A2
Q55766,A2
Q55767,A2
Q55768,A2
Q55769,A2
Q55770,A2
Q55771,A2
Q55772,A2
Q55773,A2
Q55774,A2
Q55775,A2
Q55776,A2
Q55777,A2
Q55778,A2
Q55779,A2
Q55780,A2
Q55781,A2
Q55782,A2
Q55783,A2
Q55784,A2
Q55785,A2
Q55786,A2
Q55787,A2
Q55788,A2
Q55789,A2
Q55790,A2
Q55791,A2
Q55792,A2
Q55793,A2
Q55794,A2
Q55795,A2
Q55796,A2
Q55797,A2
Q55798,A2
Q55799,A2
Q55800,A2
Q55801,A2
Q55802,A2
Q55803,A2
Q55804,A2
Q55805,A2
Q55806,A2
Q55807,A2
Q55808,A2
Q55809,A2
Q55810,A2
Q55811,A2
Q55812,A2
Q55813,A2
Q55814,A2
Q55815,A2
Q55816,A2
Q55817,A2
Q55818,A2
Q55819,A2
Q55820,A2
Q55821,A2
Q55822,A2
Q55823,A2
Q55824,A2
Q55825,A2
Q55826,A2
Q55827,A2
Q55828,A2
Q55829,A2
Q55830,A2
Q55831,A2
Q55832,A2
Q55833,A2
Q55834,A2
Q55835,A2
Q55836,A2
Q55837,A2
Q55838,A2
Q55839,A2
Q55840,A2
Q55841,A2
Q55842,A2
Q55843,A2
Q55844,A2
Q55845,A2
Q55846,A2
Q55847,A2
Q55848,A2
Q55849,A2
Q55850,A2
Q55851,A2
Q55852,A2
Q55853,A2
Q55854,A2
Q55855,A2
Q55856,A2
Q55857,A2
Q55858,A2
Q55859,A2
Q55860,A2
Q55861,A2
Q55862,A2
Q55863,A2
Q55864,A2
Q55865,A2
Q55866,A2
Q55867,A2
Q55868,A2
Q55869,A2
Q55870,A2
Q55871,A2
Q55872,A2
Q55873,A2
Q55874,A2
Q55875,A2
Q55876,A2
Q55877,A2
Q55878,A2
Q55879,A2
Q55880,A2
Q55881,A2
Q55882,A2
Q55883,A2
Q55884,A2
Q55885,A2
Q55886,A2
Q55887,A2
Q55888,A2
Q55889,A2
Q55890,A2
Q55891,A2
Q55892,A2
Q55893,A2
Q55894,A2
Q55895,A2
Q55896,A2
Q55897,A2
Q55898,A2
Q55899,A2
Q55900,A2
Q55901,A2
Q55902,A2
Q55903,A2
Q55904,A2
Q55905,A2
Q55906,A2
Q55907,A2
Q55908,A2
Q55909,A2
Q55910,A2
Q55911,A2
Q55912,A2
Q55913,A2
Q55914,A2
Q55915,A2
Q55916,A2
Q55917,A2
Q55918,A2
Q55919,A2
Q55920,A2
Q55921,A1
Q55922,A1
Q55923,A1
Q55924,A1
Q55925,A1
Q55926,A1
Q55927,A1
Q55928,A1
Q55929,A1
Q55930,A1
Q55931,A1
Q55932,A1
Q55933,A1
Q55934,A1
Q55935,A1
Q55936,A1
Q55937,A1
Q55938,A1
Q55939,A1
Q55940,A1
Q55941,A1
Q55942,A1
Q55943,A1
Q55944,A1
Q55945,A1
Q55946,A1
Q55947,A1
Q55948,A1
Q55949,A1
Q55950,A1
Q55951,A1
Q55952,A1
Q55953,A1
Q55954,A1
Q55955,A1
Q55956,A1
Q55957,A1
Q55958,A1
Q55959,A1
Q55960,A1
Q55961,A1
Q55962,A1
Q55963,A1
Q55964,A1
Q55965,A1
Q55966,A1
Q55967,A1
Q55968,A1
Q55969,A1
Q55970,A1
Q55971,A1
Q55972,A1
Q55973,A1
Q55974,A1
Q55975,A1
Q55976,A1
Q55977,A1
Q55978,A1
Q55979,A1
Q55980,A1
Q55981,A1
Q55982,A1
Q55983,A1
Q55984,A1
Q55985,A1
Q55986,A1
Q55987,A1
Q55988,A1
Q55989,A1
Q55990,A1
Q55991,A1
Q55992,A1
Q55993,A1
Q55994,A1
Q55995,A1
Q55996,A1
Q55997,A1
Q55998,A1
Q55999,A1
Q56000,A1
Q56001,A1
Q56002,A1
Q56003,A1
Q56004,A1
Q56005,A1
Q56006,A1
Q56007,A1
Q56008,A1
Q56009,A1
Q56010,A1
Q56011,A1
Q56012,A1
Q56013,A1
Q56014,A1
Q56015,A1
Q56016,A1
Q56017,A1
Q56018,A1
Q56019,A1
Q56020,A1
Q56021,A1
Q56022,A1
Q56023,A1
Q56024,A1
Q56025,A1
Q56026,A1
Q56027,A1
Q56028,A1
Q56029,A1
Q56030,A1
Q56031,A1
Q56032,A1
Q56033,A1
Q56034,A1
Q56035,A1
Q56036,A1
Q56037,A1
Q56038,A1
Q56039,A1
Q56040,A1
Q56041,A1
Q56042,A1
Q56043,A1
Q56044,A1
Q56045,A1
Q56046,A1
Q56047,A1
Q56048,A1
Q56049,A1
Q56050,A1
Q56051,A1
Q56052,A1
Q56053,A1
Q56054,A1
Q56055,A1
Q56056,A1
Q56057,A1
Q56058,A1
Q56059,A1
Q56060,A1
Q56061,A1
Q56062,A1
Q56063,A1
Q56064,A1
Q56065,A1
Q56066,A1
Q56067,A1
Q56068,A1
Q56069,A1
Q56070,A1
Q56071,A1
Q56072,A1
Q56073,A1
Q56074,A1
Q56075,A1
Q56076,A1
Q56077,A1
Q56078,A1
Q56079,A1
Q56080,A1
Q56081,A1
Q56082,A1
Q56083,A1
Q56084,A1
Q56085,A1
Q56086,A1
Q56087,A1
Q56088,A1
Q56089,A1
Q56090,A1
Q56091,A1
Q56092,A1
Q56093,A1
Q56094,A1
Q56095,A1
Q56096,A1
Q56097,A1
Q56098,A1
Q56099,A1
Q56100,A1
Q56101,A1
Q56102,A1
Q56103,A1
Q56104,A1
Q56105,A1
Q56106,A1
Q56107,A1
Q56108,A1
Q56109,A1
Q56110,A1
Q56111,A1
Q56112,A1
Q56113,A1
Q56114,A1
Q56115,A1
Q56116,A1
Q56117,A1
Q56118,A1
Q56119,A1
Q56120,A1
Q56121,A1
Q56122,A1
Q56123,A1
Q56124,A1
Q56125,A1
Q56126,A1
Q56127,A1
Q56128,A1
Q56129,A1
Q56130,A1
Q56131,A1
Q56132,A1
Q56133,A1
Q56134,A1
Q56135,A1
Q56136,A1
Q56137,A1
Q56138,A1
Q56139,A1
Q56140,A1
Q56141,A1
Q56142,A1
Q56143,A1
Q56144,A1
Q56145,A1
Q56146,A1
Q56147,A1
Q56148,A1
Q56149,A1
Q56150,A1
Q56151,A1
Q56152,A1
Q56153,A1
Q56154,A1
Q56155,A1
Q56156,A1
Q56157,A1
Q56158,A1
Q56159,A1
Q56160,A1
Q56161,A1
Q56162,A1
Q56163,A1
Q56164,A1
Q56165,A1
Q56166,A1
Q56167,A1
Q56168,A1
Q56169,A1
Q56170,A1
Q56171,A1
Q56172,A1
Q56173,A1
Q56174,A1
Q56175,A1
Q56176,A1
Q56177,A1
Q56178,A1
Q56179,A1
Q56180,A1
Q56181,A1
Q56182,A1
Q56183,A1
Q56184,A1
Q56185,A1
Q56186,A1
Q56187,A1
Q56188,A1
Q56189,A1
Q56190,A1
Q56191,A1
Q56192,A1
Q56193,A1
Q56194,A1
Q56195,A1
Q56196,A1
Q56197,A1
Q56198,A1
Q56199,A1
Q56200,A1
Q56201,A1
Q56202,A1
Q56203,A1
Q56204,A1
Q56205,A1
Q56206,A1
Q56207,A1
Q56208,A1
Q56209,A1
Q56210,A1
Q56211,A1
Q56212,A1
Q56213,A1
Q56214,A1
Q56215,A1
Q56216,A1
Q56217,A1
Q56218,A1
Q56219,A1
Q56220,A1
Q56221,A1
Q56222,A1
Q56223,A1
Q56224,A1
Q56225,A1
Q56226,A1
Q56227,A1
Q56228,A1
Q56229,A1
Q56230,A1
Q56231,A1
Q56232,A1
Q56233,A1
Q56234,A1
Q56235,A1
Q56236,A1
Q56237,A1
Q56238,A1
Q56239,A1
Q56240,A1
Q56241,A1
Q56242,A1
Q56243,A1
Q56244,A1
Q56245,A1
Q56246,A1
Q56247,A1
Q56248,A1
Q56249,A1
Q56250,A1
Q56251,A1
Q56252,A1
Q56253,A1
Q56254,A1
Q56255,A1
Q56256,A1
Q56257,A1
Q56258,A1
Q56259,A1
Q56260,A1
Q56261,A1
Q56262,A1
Q56263,A1
Q56264,A1
Q56265,A1
Q56266,A1
Q56267,A1
Q56268,A1
Q56269,A1
Q56270,A1
Q56271,A1
Q56272,A0
Q56273,A0
Q56274,A0
Q56275,A0
Q56276,A0
Q56277,A0
Q56278,A0
Q56279,A0
Q56280,A0
Q56281,A0
Q56282,A0
Q56283,A0
Q56284,A0
Q56285,A0
Q56286,A0
Q56287,A0
Q56288,A0
Q56289,A0
Q56290,A0
Q56291,A0
Q56292,A0
Q56293,A0
Q56294,A0
Q56295,A0
Q56296,A0
Q56297,A0
Q56298,A0
Q56299,A0
Q56300,A0
Q56301,A0
Q56302,A0
Q56303,A0
Q56304,A0
Q56305,A0
Q56306,A0
Q56307,A0
Q56308,A0
Q56309,A0
Q56310,A0
Q56311,A0
Q56312,A0
Q56313,A0
Q56314,A0
Q56315,A0
Q56316,A0
Q56317,A0
Q56318,A0
Q56319,A0
Q56320,A0
Q56321,A0
Q56322,A0
Q56323,A0
Q56324,A0
Q56325,A0
Q56326,A0
Q56327,A0
Q56328,A0
Q56329,A0
Q56330,A0
Q56331,A0
Q56332,A0
Q56333,A0
Q56334,A0
Q56335,A0
Q56336,A0
Q56337,A0
Q56338,A0
Q56339,A0
Q56340,A0
Q56341,A0
Q56342,A0
Q56343,A0
Q56344,A0
Q56345,A0
Q56346,A0
Q56347,A0
Q56348,A0
Q56349,A0
Q56350,A0
Q56351,A0
Q56352,A0
Q56353,A0
Q56354,A0
Q56355,A0
Q56356,A0
Q56357,A0
Q56358,A0
Q56359,A0
Q56360,A0
Q56361,A0
Q56362,A0
Q56363,A0
Q56364,A0
Q56365,A0
Q56366,A0
Q56367,A0
Q56368,A0
Q56369,A0
Q56370,A0
Q56371,A0
Q56372,A0
Q56373,A0
Q56374,A0
Q56375,A0
Q56376,A0
Q56377,A0
Q56378,A0
Q56379,A0
Q56380,A0
Q56381,A0
Q56382,A0
Q56383,A0
Q56384,A0
Q56385,A0
Q56386,A0
Q56387,A0
Q56388,A0
Q56389,A0
Q56390,A0
Q56391,A0
Q56392,A0
Q56393,A0
Q56394,A0
Q56395,A0
Q56396,A0
Q56397,A0
Q56398,A0
Q56399,A0
Q56400,A0
Q56401,A0
Q56402,A0
Q56403,A0
Q56404,A0
Q56405,A0
Q56406,A0
Q56407,A0
Q56408,A0
Q56409,A0
Q56410,A0
Q56411,A0
Q56412,A0
Q56413,A0
Q56414,A0
Q56415,A0
Q56416,A0
Q56417,A0
Q56418,A0
Q56419,A0
Q56420,A0
Q56421,A0
Q56422,A0
Q56423,A0
Q56424,A0
Q56425,A0
Q56426,A0
Q56427,A0
Q56428,A0
Q56429,A0
Q56430,A0
Q56431,A0
Q56432,A0
Q56433,A0
Q56434,A0
Q56435,A0
Q56436,A0
Q56437,A0
Q56438,A0
Q56439,A0
Q56440,A0
Q56441,A0
Q56442,A0
Q56443,A0
Q56444,A0
Q56445,A0
Q56446,A0
Q56447,A0
Q56448,A0
Q56449,A0
Q56450,A0
Q56451,A0
Q56452,A0
Q56453,A0
Q56454,A0
Q56455,A0
Q56456,A0
Q56457,A0
Q56458,A0
Q56459,A0
Q56460,A0
Q56461,A0
Q56462,A0
Q56463,A0
Q56464,A0
Q56465,A0
Q56466,A0
Q56467,A0
Q56468,A0
Q56469,A0
Q56470,A0
Q56471,A0
Q56472,A0
Q56473,A0
Q56474,A0
Q56475,A0
Q56476,A0
Q56477,A0
Q56478,A0
Q56479,A0
Q56480,A0
Q56481,A0
Q56482,A0
Q56483,A0
Q56484,A0
Q56485,A0
Q56486,A0
Q56487,A0
Q56488,A0
Q56489,A0
Q56490,A0
Q56491,A0
Q56492,A0
Q56493,A0
Q56494,A0
Q56495,A0
Q56496,A0
Q56497,A0
Q56498,A0
Q56499,A0
Q56500,A0
Q56501,A0
Q56502,A0
Q56503,A0
Q56504,A0
Q56505,A0
Q56506,A0
Q56507,A0
Q56508,A0
Q56509,A0
Q56510,A0
Q56511,A0
Q56512,A0
Q56513,A0
Q56514,A0
Q56515,A0
Q56516,A0
Q56517,A0
Q56518,A0
Q56519,A0
Q56520,A0
Q56521,A0
Q56522,A0
Q56523,A0
Q56524,A0
Q56525,A0
Q56526,A0
Q56527,A0
Q56528,A0
Q56529,A0
Q56530,A0
Q56531,A0
Q56532,A0
Q56533,A0
Q56534,A0
Q56535,A0
Q56536,A0
Q56537,A0
Q56538,A0
Q56539,A0
Q56540,A0
Q56541,A0
Q56542,A0
Q56543,A0
Q56544,A0
Q56545,A0
Q56546,A0
Q56547,A0
Q56548,A0
Q56549,A0
Q56550,A0
Q56551,A0
Q56552,A0
Q56553,A0
Q56554,A0
Q56555,A0
Q56556,A0
Q56557,A0
Q56558,A0
Q56559,A0
Q56560,A0
Q56561,A0
Q56562,A0
Q56563,A0
Q56564,A0
Q56565,A0
Q56566,A0
Q56567,A0
Q56568,A0
Q56569,A0
Q56570,A0
Q56571,A0
Q56572,A0
Q56573,A0
Q56574,A0
Q56575,A0
Q56576,A0
Q56577,A0
Q56578,A0
Q56579,A0
Q56580,A0
Q56581,A0
Q56582,A0
Q56583,A0
Q56584,A0
Q56585,A0
Q56586,A0
Q56587,A0
Q56588,A0
Q56589,A0
Q56590,A0
Q56591,A0
Q56592,A0
Q56593,A0
Q56594,A0
Q56595,A0
Q56596,A0
Q56597,A0
Q56598,A0
Q56599,A0
Q56600,A0
Q56601,A0
Q56602,A0
Q56603,A0
Q56604,A0
Q56605,A0
Q56606,A0
Q56607,A0
Q56608,A0
Q56609,A0
Q56610,A0
Q56611,A0
Q56612,A0
Q56613,A0
Q56614,A0
Q56615,A0
Q56616,A0
Q56617,A0
Q56618,A0
Q56619,A0
Q56620,A0
Q56621,A0
Q56622,A0
Q56623,A0
Q56624,A0
Q56625,A0
Q56626,A0
Q56627,A0
Q56628,A0
Q56629,A0
Q56630,A0
Q56631,A0
Q56632,A0
Q56633,A0
Q56634,A0
Q56635,A0
Q56636,A0
Q56637,A0
Q56638,A0
Q56639,A0
Q56640,A0
Q56641,A0
Q56642,A0
Q56643,A0
Q56644,A0
Q56645,A0
Q56646,A0
Q56647,A0
Q56648,A0
Q56649,A0
Q56650,A0
Q56651,A0
Q56652,A0
Q56653,A0
Q56654,A0
Q56655,A0
Q56656,A0
Q56657,A0
Q56658,A0
Q56659,A0
Q56660,A0
Q56661,A0
Q56662,A0
Q56663,A0
Q56664,A0
Q56665,A0
Q56666,A0
Q56667,A0
Q56668,A0
Q56669,A0
Q56670,A0
Q56671,A0
Q56672,A0
Q56673,A0
Q56674,A0
Q56675,A0
Q56676,A0
Q56677,A0
Q56678,A0
Q56679,A0
Q56680,A0
Q56681,A0
Q56682,A0
Q56683,A0
Q56684,A0
Q56685,A0
Q56686,A0
Q56687,A0
Q56688,A0
Q56689,A0
Q56690,A0
Q56691,A0
Q56692,A0
Q56693,A0
Q56694,A0
Q56695,A0
Q56696,A0
Q56697,A0
Q56698,A0
Q56699,A0
Q56700,A0
Q56701,A0
Q56702,A0
Q56703,A0
Q56704,A0
Q56705,A0
Q56706,A0
Q56707,A0
Q56708,A0
Q56709,A0
Q56710,A0
Q56711,A0
Q56712,A0
Q56713,A0
Q56714,A0
Q56715,A0
Q56716,A0
Q56717,A0
Q56718,A0
Q56719,A0
Q56720,A0
Q56721,A0
Q56722,A0
Q56723,A0
Q56724,A0
Q56725,A0
Q56726,A0
Q56727,A0
Q56728,A0
Q56729,A0
Q56730,A0
Q56731,A0
Q56732,A0
Q56733,A0
Q56734,A0
Q56735,A0
Q56736,A0
Q56737,A0
Q56738,A0
Q56739,A0
Q56740,A0
Q56741,A0
Q56742,A0
Q56743,A0
Q56744,A0
Q56745,A0
Q56746,A0
Q56747,A0
Q56748,A0
Q56749,A0
Q56750,A0
Q56751,A0
Q56752,A0
Q56753,A0
Q56754,A0
Q56755,A0
Q56756,A0
Q56757,A0
Q56758,A0
Q56759,A0
Q56760,A0
Q56761,A0
Q56762,A0
Q56763,A0
Q56764,A0
Q56765,A0
Q56766,A0
Q56767,A0
Q56768,A0
Q56769,A0
Q56770,A0
Q56771,A0
Q56772,A0
Q56773,A0
Q56774,A0
Q56775,A0
Q56776,A0
Q56777,A0
Q56778,A0
Q56779,A0
Q56780,A0
Q56781,A0
Q56782,A0
Q56783,A0
Q56784,A0
Q56785,A0
Q56786,A0
Q56787,A0
Q56788,A0
Q56789,A0
Q56790,A0
Q56791,A0
Q56792,A0
Q56793,A0
Q56794,A0
Q56795,A0
Q56796,A0
Q56797,A0
Q56798,A0
Q56799,A0
Q56800,A0
Q56801,A0
Q56802,A0
Q56803,A0
Q56804,A0
Q56805,A0
Q56806,A0
Q56807,A0
Q56808,A0
Q56809,A0
Q56810,A0
Q56811,A0
Q56812,A0
Q56813,A0
Q56814,A0
Q56815,A0
Q56816,A0
Q56817,A0
Q56818,A0
Q56819,A0
Q56820,A0
Q56821,A0
Q56822,A0
Q56823,A0
Q56824,A0
Q56825,A0
Q56826,A0
Q56827,A0
Q56828,A0
Q56829,A0
Q56830,A0
Q56831,A0
Q56832,A0
Q56833,A0
Q56834,A0
Q56835,A0
Q56836,A0
Q56837,A0
Q56838,A0
Q56839,A0
Q56840,A0
Q56841,A0
Q56842,A0
Q56843,A0
Q56844,A0
Q56845,A0
Q56846,A0
Q56847,A0
Q56848,A0
Q56849,A0
Q56850,A0
Q56851,A0
Q56852,A0
Q56853,A0
Q56854,A0
Q56855,A0
Q56856,A0
Q56857,A0
Q56858,A0
Q56859,A0
Q56860,A0
Q56861,A0
Q56862,A0
Q56863,A0
Q56864,A0
Q56865,A0
Q56866,A0
Q56867,A0
Q56868,A0
Q56869,A0
Q56870,A0
Q56871,A0
Q56872,A0
Q56873,A0
Q56874,A0
Q56875,A0
Q56876,A0
Q56877,A0
Q56878,A0
Q56879,A0
Q56880,A0
Q56881,A0
Q56882,A0
Q56883,A0
Q56884,A0
Q56885,A0
Q56886,A0
Q56887,A0
Q56888,A0
Q56889,A0
Q56890,A0
Q56891,A0
Q56892,A0
Q56893,A0
Q56894,A0
Q56895,A0
Q56896,A0
Q56897,A0
Q56898,A0
Q56899,A0
Q56900,A0
Q56901,A0
Q56902,A0
Q56903,A0
Q56904,A0
Q56905,A0
Q56906,A0
Q56907,A0
Q56908,A0
Q56909,A0
Q56910,A0
Q56911,A0
Q56912,A0
Q56913,A0
Q56914,A0
Q56915,A0
Q56916,A0
Q56917,A0
Q56918,A0
Q56919,A0
Q56920,A0
Q56921,A0
Q56922,A0
Q56923,A0
Q56924,A0
Q56925,A0
Q56926,A0
Q56927,A0
Q56928,A0
Q56929,A0
Q56930,A0
Q56931,A0
Q56932,A0
Q56933,A0
Q56934,A0
Q56935,A0
Q56936,A0
Q56937,A0
Q56938,A0
Q56939,A0
Q56940,A0
Q56941,A0
Q56942,A0
Q56943,A0
Q56944,A0
Q56945,A0
Q56946,A0
Q56947,A0
Q56948,A0
Q56949,A0
Q56950,A0
Q56951,A0
Q56952,A0
Q56953,A0
Q56954,A0
Q56955,A0
Q56956,A0
Q56957,A0
Q56958,A0
Q56959,A0
Q56960,A0
Q56961,A0
Q56962,A0
Q56963,A0
Q56964,A0
Q56965,A0
Q56966,A0
Q56967,A0
Q56968,A0
Q56969,A0
Q56970,A0
Q56971,A0
Q56972,A0
Q56973,A0
Q56974,A0
