Q0,A2
Q1,A2
Q2,A2
Q3,A2
Q4,A2
Q5,A0
Q6,A1
Q7,A2
Q8,A2
Q9,A0
Q10,A0
Q11,A2
Q12,A1
Q13,A2
Q14,A2
Q15,A2
Q16,A2
Q17,A2
Q18,A1
Q19,A1
Q20,A2
Q21,A2
Q22,A1
Q23,A1
Q24,A1
Q25,A2
Q26,A2
Q27,A2
Q28,A2
Q29,A2
Q30,A2
Q31,A2
Q32,A1
Q33,A0
Q34,A2
Q35,A0
Q36,A0
Q37,A2
Q38,A1
Q39,A0
Q40,A1
Q41,A2
Q42,A2
Q43,A2
Q44,A2
Q45,A1
Q46,A2
Q47,A1
Q48,A2
Q49,A1
Q50,A1
Q51,A1
Q52,A1
Q53,A1
Q54,A1
Q55,A0
Q56,A2
Q57,A1
Q58,A1
Q59,A2
Q60,A2
Q61,A2
Q62,A1
Q63,A2
Q64,A2
Q65,A2
Q66,A2
Q67,A0
Q68,A1
Q69,A2
Q70,A0
Q71,A2
Q72,A2
Q73,A2
Q74,A1
Q75,A2
Q76,A0
Q77,A2
Q78,A2
Q79,A1
Q80,A2
Q81,A2
Q82,A1
Q83,A2
Q84,A2
Q85,A2
Q86,A2
Q87,A2
Q88,A2
Q89,A2
Q90,A2
Q91,A2
Q92,A1
Q93,A2
Q94,A0
Q95,A2
Q96,A2
Q97,A2
Q98,A2
Q99,A1
Q100,A2
Q101,A2
Q102,A2
Q103,A0
Q104,A2
Q105,A2
Q106,A2
Q107,A2
Q108,A0
Q109,A0
Q110,A0
Q111,A1
Q112,A1
Q113,A2
Q114,A2
Q115,A2
Q116,A1
Q117,A2
Q118,A2
Q119,A2
Q120,A1
Q121,A2
Q122,A2
Q123,A2
Q124,A2
Q125,A1
Q126,A2
Q127,A1
Q128,A2
Q129,A1
Q130,A2
Q131,A1
Q132,A2
Q133,A2
Q134,A1
Q135,A1
Q136,A2
Q137,A1
Q138,A2
Q139,A2
Q140,A2
Q141,A2
Q142,A2
Q143,A2
Q144,A1
Q145,A2
Q146,A1
Q147,A2
Q148,A1
Q149,A2
Q150,A2
Q151,A1
Q152,A2
Q153,A2
Q154,A2
Q155,A2
Q156,A2
Q157,A2
Q158,A1
Q159,A2
Q160,A2
Q161,A2
Q162,A2
Q163,A2
Q164,A2
Q165,A2
Q166,A2
Q167,A2
Q168,A2
Q169,A2
Q170,A1
Q171,A1
Q172,A1
Q173,A2
Q174,A2
Q175,A2
Q176,A0
Q177,A2
Q178,A2
Q179,A2
Q180,A2
Q181,A1
Q182,A1
Q183,A0
Q184,A1
Q185,A2
Q186,A1
Q187,A0
Q188,A2
Q189,A0
Q190,A2
Q191,A2
Q192,A2
Q193,A1
Q194,A2
Q195,A2
Q196,A0
Q197,A1
Q198,A2
Q199,A1
Q200,A0
Q201,A2
Q202,A2
Q203,A0
Q204,A2
Q205,A0
Q206,A2
Q207,A1
Q208,A2
Q209,A2
Q210,A2
Q211,A2
Q212,A2
Q213,A2
Q214,A0
Q215,A2
Q216,A2
Q217,A2
Q218,A1
Q219,A2
Q220,A2
Q221,A2
Q222,A2
Q223,A2
Q224,A2
Q225,A2
Q226,A2
Q227,A0
Q228,A2
Q229,A2
Q230,A2
Q231,A1
Q232,A2
Q233,A1
Q234,A2
Q235,A2
Q236,A2
Q237,A1
Q238,A2
Q239,A2
Q240,A1
Q241,A2
Q242,A1
Q243,A1
Q244,A2
Q245,A2
Q246,A2
Q247,A2
Q248,A0
Q249,A0
Q250,A1
Q251,A2
Q252,A0
Q253,A2
Q254,A2
Q255,A2
Q256,A1
Q257,A2
Q258,A2
Q259,A2
Q260,A2
Q261,A2
Q262,A2
Q263,A2
Q264,A2
Q265,A2
Q266,A2
Q267,A2
Q268,A2
Q269,A1
Q270,A2
Q271,A1
Q272,A2
Q273,A2
Q274,A2
Q275,A2
Q276,A2
Q277,A2
Q278,A1
Q279,A0
Q280,A1
Q281,A1
Q282,A0
Q283,A2
Q284,A2
Q285,A2
Q286,A2
Q287,A2
Q288,A2
Q289,A2
Q290,A2
Q291,A2
Q292,A1
Q293,A1
Q294,A0
Q295,A2
Q296,A2
Q297,A2
Q298,A2
Q299,A1
Q300,A2
Q301,A2
Q302,A2
Q303,A2
Q304,A2
Q305,A2
Q306,A1
Q307,A2
Q308,A2
Q309,A2
Q310,A2
Q311,A0
Q312,A2
Q313,A2
Q314,A2
Q315,A2
Q316,A2
Q317,A2
Q318,A2
Q319,A2
Q320,A2
Q321,A2
Q322,A2
Q323,A2
Q324,A2
Q325,A2
Q326,A1
Q327,A2
Q328,A1
Q329,A1
Q330,A2
Q331,A2
Q332,A0
Q333,A2
Q334,A2
Q335,A2
Q336,A2
Q337,A2
Q338,A1
Q339,A1
Q340,A2
Q341,A2
Q342,A2
Q343,A2
Q344,A2
Q345,A2
Q346,A1
Q347,A1
Q348,A2
Q349,A2
Q350,A1
Q351,A1
Q352,A2
Q353,A1
Q354,A1
Q355,A2
Q356,A0
Q357,A2
Q358,A0
Q359,A2
Q360,A2
Q361,A2
Q362,A0
Q363,A2
Q364,A2
Q365,A0
Q366,A2
Q367,A1
Q368,A1
Q369,A2
Q370,A2
Q371,A2
Q372,A1
Q373,A2
Q374,A2
Q375,A1
Q376,A2
Q377,A2
Q378,A1
Q379,A2
Q380,A2
Q381,A2
Q382,A2
Q383,A2
Q384,A0
Q385,A2
Q386,A2
Q387,A2
Q388,A0
Q389,A2
Q390,A2
Q391,A2
Q392,A1
Q393,A2
Q394,A2
Q395,A2
Q396,A2
Q397,A2
Q398,A2
Q399,A2
Q400,A1
Q401,A0
Q402,A1
Q403,A0
Q404,A0
Q405,A2
Q406,A2
Q407,A2
Q408,A2
Q409,A2
Q410,A2
Q411,A1
Q412,A1
Q413,A2
Q414,A2
Q415,A0
Q416,A1
Q417,A0
Q418,A2
Q419,A2
Q420,A1
Q421,A2
Q422,A1
Q423,A2
Q424,A2
Q425,A2
Q426,A2
Q427,A2
Q428,A2
Q429,A1
Q430,A2
Q431,A1
Q432,A1
Q433,A2
Q434,A0
Q435,A2
Q436,A2
Q437,A2
Q438,A2
Q439,A1
Q440,A2
Q441,A2
Q442,A2
Q443,A2
Q444,A1
Q445,A1
Q446,A0
Q447,A2
Q448,A1
Q449,A1
Q450,A2
Q451,A2
Q452,A2
Q453,A2
Q454,A1
Q455,A2
Q456,A2
Q457,A2
Q458,A2
Q459,A2
Q460,A1
Q461,A1
Q462,A0
Q463,A2
Q464,A0
Q465,A2
Q466,A2
Q467,A1
Q468,A2
Q469,A2
Q470,A2
Q471,A2
Q472,A1
Q473,A2
Q474,A1
Q475,A2
Q476,A2
Q477,A2
Q478,A2
Q479,A2
Q480,A1
Q481,A2
Q482,A2
Q483,A2
Q484,A1
Q485,A1
Q486,A0
Q487,A2
Q488,A2
Q489,A2
Q490,A0
Q491,A2
Q492,A1
Q493,A1
Q494,A2
Q495,A0
Q496,A2
Q497,A2
Q498,A2
Q499,A2
Q500,A0
Q501,A2
Q502,A0
Q503,A2
Q504,A2
Q505,A2
Q506,A2
Q507,A2
Q508,A2
Q509,A2
Q510,A1
Q511,A1
Q512,A2
Q513,A1
Q514,A1
Q515,A2
Q516,A1
Q517,A1
Q518,A1
Q519,A0
Q520,A1
Q521,A2
Q522,A2
Q523,A2
Q524,A0
Q525,A2
Q526,A2
Q527,A2
Q528,A1
Q529,A2
Q530,A2
Q531,A2
Q532,A2
Q533,A2
Q534,A2
Q535,A1
Q536,A2
Q537,A1
Q538,A2
Q539,A2
Q540,A2
Q541,A2
Q542,A2
Q543,A2
Q544,A1
Q545,A0
Q546,A2
Q547,A2
Q548,A0
Q549,A0
Q550,A2
Q551,A1
Q552,A2
Q553,A2
Q554,A2
Q555,A2
Q556,A2
Q557,A2
Q558,A2
Q559,A2
Q560,A2
Q561,A1
Q562,A2
Q563,A1
Q564,A2
Q565,A0
Q566,A1
Q567,A2
Q568,A2
Q569,A2
Q570,A2
Q571,A2
Q572,A2
Q573,A2
Q574,A0
Q575,A2
Q576,A1
Q577,A0
Q578,A2
Q579,A1
Q580,A2
Q581,A1
Q582,A2
Q583,A2
Q584,A1
Q585,A2
Q586,A2
Q587,A2
Q588,A2
Q589,A2
Q590,A2
Q591,A2
Q592,A2
Q593,A0
Q594,A0
Q595,A0
Q596,A2
Q597,A2
Q598,A1
Q599,A2
Q600,A1
Q601,A2
Q602,A1
Q603,A0
Q604,A2
Q605,A2
Q606,A2
Q607,A1
Q608,A2
Q609,A2
Q610,A2
Q611,A1
Q612,A2
Q613,A1
Q614,A1
Q615,A1
Q616,A2
Q617,A2
Q618,A1
Q619,A1
Q620,A1
Q621,A2
Q622,A2
Q623,A2
Q624,A2
Q625,A2
Q626,A1
Q627,A2
Q628,A2
Q629,A2
Q630,A0
Q631,A2
Q632,A1
Q633,A2
Q634,A1
Q635,A2
Q636,A1
Q637,A2
Q638,A2
Q639,A0
Q640,A2
Q641,A1
Q642,A2
Q643,A2
Q644,A2
Q645,A2
Q646,A2
Q647,A2
Q648,A1
Q649,A1
Q650,A1
Q651,A2
Q652,A2
Q653,A2
Q654,A2
Q655,A2
Q656,A0
Q657,A1
Q658,A2
Q659,A1
Q660,A2
Q661,A1
Q662,A2
Q663,A2
Q664,A2
Q665,A2
Q666,A2
Q667,A2
Q668,A0
Q669,A2
Q670,A1
Q671,A2
Q672,A0
Q673,A2
Q674,A0
Q675,A2
Q676,A2
Q677,A1
Q678,A1
Q679,A0
Q680,A2
Q681,A2
Q682,A2
Q683,A2
Q684,A0
Q685,A2
Q686,A2
Q687,A2
Q688,A2
Q689,A1
Q690,A0
Q691,A2
Q692,A2
Q693,A1
Q694,A2
Q695,A0
Q696,A2
Q697,A2
Q698,A2
Q699,A2
Q700,A1
Q701,A0
Q702,A1
Q703,A2
Q704,A0
Q705,A2
Q706,A2
Q707,A2
Q708,A2
Q709,A1
Q710,A2
Q711,A0
Q712,A0
Q713,A0
Q714,A2
Q715,A1
Q716,A0
Q717,A2
Q718,A2
Q719,A2
Q720,A2
Q721,A2
Q722,A2
Q723,A2
Q724,A0
Q725,A0
Q726,A2
Q727,A1
Q728,A2
Q729,A1
Q730,A2
Q731,A2
Q732,A2
Q733,A2
Q734,A2
Q735,A1
Q736,A2
Q737,A2
Q738,A1
Q739,A2
Q740,A1
Q741,A1
Q742,A2
Q743,A1
Q744,A1
Q745,A2
Q746,A1
Q747,A0
Q748,A2
Q749,A2
Q750,A2
Q751,A2
Q752,A2
Q753,A2
Q754,A2
Q755,A2
Q756,A2
Q757,A1
Q758,A2
Q759,A2
Q760,A1
Q761,A2
Q762,A2
Q763,A2
Q764,A1
Q765,A2
Q766,A2
Q767,A2
Q768,A2
Q769,A2
Q770,A2
Q771,A1
Q772,A1
Q773,A2
Q774,A2
Q775,A1
Q776,A1
Q777,A2
Q778,A2
Q779,A2
Q780,A2
Q781,A2
Q782,A2
Q783,A2
Q784,A2
Q785,A1
Q786,A2
Q787,A1
Q788,A1
Q789,A0
Q790,A2
Q791,A2
Q792,A1
Q793,A2
Q794,A2
Q795,A1
Q796,A1
Q797,A2
Q798,A2
Q799,A2
Q800,A1
Q801,A2
Q802,A2
Q803,A1
Q804,A1
Q805,A2
Q806,A2
Q807,A1
Q808,A2
Q809,A2
Q810,A2
Q811,A1
Q812,A2
Q813,A2
Q814,A2
Q815,A2
Q816,A1
Q817,A2
Q818,A2
Q819,A1
Q820,A2
Q821,A2
Q822,A2
Q823,A1
Q824,A0
Q825,A0
Q826,A2
Q827,A2
Q828,A2
Q829,A2
Q830,A2
Q831,A1
Q832,A2
Q833,A1
Q834,A2
Q835,A1
Q836,A2
Q837,A2
Q838,A2
Q839,A2
Q840,A2
Q841,A2
Q842,A2
Q843,A1
Q844,A2
Q845,A2
Q846,A2
Q847,A1
Q848,A2
Q849,A0
Q850,A2
Q851,A1
Q852,A2
Q853,A1
Q854,A2
Q855,A2
Q856,A2
Q857,A1
Q858,A2
Q859,A2
Q860,A2
Q861,A0
Q862,A1
Q863,A2
Q864,A2
Q865,A0
Q866,A1
Q867,A2
Q868,A2
Q869,A2
Q870,A2
Q871,A2
Q872,A2
Q873,A2
Q874,A2
Q875,A2
Q876,A2
Q877,A1
Q878,A2
Q879,A1
Q880,A2
Q881,A1
Q882,A2
Q883,A1
Q884,A2
Q885,A1
Q886,A1
Q887,A1
Q888,A2
Q889,A2
Q890,A2
Q891,A0
Q892,A2
Q893,A1
Q894,A2
Q895,A1
Q896,A2
Q897,A2
Q898,A1
Q899,A1
Q900,A1
Q901,A2
Q902,A2
Q903,A2
Q904,A0
Q905,A1
Q906,A2
Q907,A2
Q908,A2
Q909,A1
Q910,A1
Q911,A2
Q912,A2
Q913,A0
Q914,A1
Q915,A1
Q916,A1
Q917,A0
Q918,A1
Q919,A1
Q920,A1
Q921,A0
Q922,A2
Q923,A1
Q924,A0
Q925,A2
Q926,A2
Q927,A0
Q928,A0
Q929,A2
Q930,A2
Q931,A2
Q932,A1
Q933,A2
Q934,A2
Q935,A2
Q936,A2
Q937,A2
Q938,A2
Q939,A2
Q940,A2
Q941,A1
Q942,A2
Q943,A1
Q944,A2
Q945,A2
Q946,A2
Q947,A1
Q948,A2
Q949,A2
Q950,A2
Q951,A2
Q952,A2
Q953,A2
Q954,A1
Q955,A2
Q956,A2
Q957,A2
Q958,A2
Q959,A0
Q960,A1
Q961,A2
Q962,A1
Q963,A2
Q964,A2
Q965,A2
Q966,A2
Q967,A1
Q968,A2
Q969,A2
Q970,A2
Q971,A2
Q972,A0
Q973,A2
Q974,A1
Q975,A2
Q976,A2
Q977,A1
Q978,A2
Q979,A2
Q980,A0
Q981,A0
Q982,A2
Q983,A1
Q984,A2
Q985,A2
Q986,A1
Q987,A2
Q988,A2
Q989,A2
Q990,A2
Q991,A2
Q992,A2
Q993,A2
Q994,A2
Q995,A2
Q996,A2
Q997,A2
Q998,A2
Q999,A2
Q1000,A2
Q1001,A1
Q1002,A2
Q1003,A2
Q1004,A1
Q1005,A2
Q1006,A2
Q1007,A2
Q1008,A2
Q1009,A2
Q1010,A1
Q1011,A2
Q1012,A2
Q1013,A2
Q1014,A2
Q1015,A2
Q1016,A1
Q1017,A1
Q1018,A2
Q1019,A2
Q1020,A2
Q1021,A2
Q1022,A2
Q1023,A2
Q1024,A2
Q1025,A0
Q1026,A1
Q1027,A1
Q1028,A1
Q1029,A2
Q1030,A2
Q1031,A2
Q1032,A1
Q1033,A2
Q1034,A2
Q1035,A2
Q1036,A1
Q1037,A1
Q1038,A1
Q1039,A2
Q1040,A1
Q1041,A2
Q1042,A2
Q1043,A2
Q1044,A2
Q1045,A1
Q1046,A2
Q1047,A2
Q1048,A2
Q1049,A2
Q1050,A1
Q1051,A2
Q1052,A2
Q1053,A2
Q1054,A2
Q1055,A2
Q1056,A2
Q1057,A1
Q1058,A2
Q1059,A0
Q1060,A2
Q1061,A2
Q1062,A2
Q1063,A1
Q1064,A2
Q1065,A2
Q1066,A2
Q1067,A1
Q1068,A2
Q1069,A2
Q1070,A1
Q1071,A2
Q1072,A2
Q1073,A2
Q1074,A1
Q1075,A2
Q1076,A2
Q1077,A2
Q1078,A2
Q1079,A1
Q1080,A2
Q1081,A2
Q1082,A2
Q1083,A0
Q1084,A2
Q1085,A2
Q1086,A2
Q1087,A1
Q1088,A0
Q1089,A2
Q1090,A2
Q1091,A0
Q1092,A1
Q1093,A2
Q1094,A2
Q1095,A2
Q1096,A1
Q1097,A2
Q1098,A2
Q1099,A2
Q1100,A1
Q1101,A2
Q1102,A2
Q1103,A2
Q1104,A2
Q1105,A2
Q1106,A2
Q1107,A0
Q1108,A2
Q1109,A2
Q1110,A2
Q1111,A2
Q1112,A2
Q1113,A2
Q1114,A2
Q1115,A2
Q1116,A0
Q1117,A0
Q1118,A1
Q1119,A2
Q1120,A2
Q1121,A2
Q1122,A1
Q1123,A2
Q1124,A1
Q1125,A2
Q1126,A2
Q1127,A2
Q1128,A2
Q1129,A2
Q1130,A2
Q1131,A0
Q1132,A2
Q1133,A2
Q1134,A1
Q1135,A0
Q1136,A2
Q1137,A1
Q1138,A1
Q1139,A2
Q1140,A1
Q1141,A1
Q1142,A2
Q1143,A2
Q1144,A1
Q1145,A2
Q1146,A1
Q1147,A1
Q1148,A1
Q1149,A1
Q1150,A2
Q1151,A2
Q1152,A0
Q1153,A1
Q1154,A2
Q1155,A2
Q1156,A2
Q1157,A2
Q1158,A0
Q1159,A0
Q1160,A0
Q1161,A2
Q1162,A2
Q1163,A2
Q1164,A2
Q1165,A2
Q1166,A2
Q1167,A1
Q1168,A2
Q1169,A2
Q1170,A2
Q1171,A2
Q1172,A1
Q1173,A2
Q1174,A2
Q1175,A2
Q1176,A2
Q1177,A2
Q1178,A2
Q1179,A2
Q1180,A2
Q1181,A2
Q1182,A0
Q1183,A2
Q1184,A2
Q1185,A2
Q1186,A2
Q1187,A2
Q1188,A1
Q1189,A2
Q1190,A2
Q1191,A1
Q1192,A2
Q1193,A2
Q1194,A0
Q1195,A2
Q1196,A0
Q1197,A2
Q1198,A2
Q1199,A1
Q1200,A1
Q1201,A2
Q1202,A2
Q1203,A2
Q1204,A2
Q1205,A1
Q1206,A2
Q1207,A2
Q1208,A1
Q1209,A2
Q1210,A2
Q1211,A2
Q1212,A1
Q1213,A2
Q1214,A2
Q1215,A2
Q1216,A0
Q1217,A0
Q1218,A2
Q1219,A2
Q1220,A2
Q1221,A1
Q1222,A2
Q1223,A2
Q1224,A2
Q1225,A2
Q1226,A2
Q1227,A2
Q1228,A1
Q1229,A1
Q1230,A2
Q1231,A2
Q1232,A1
Q1233,A2
Q1234,A2
Q1235,A2
Q1236,A2
Q1237,A2
Q1238,A2
Q1239,A2
Q1240,A2
Q1241,A2
Q1242,A2
Q1243,A1
Q1244,A2
Q1245,A2
Q1246,A0
Q1247,A1
Q1248,A2
Q1249,A2
Q1250,A2
Q1251,A2
Q1252,A2
Q1253,A2
Q1254,A0
Q1255,A2
Q1256,A2
Q1257,A1
Q1258,A2
Q1259,A2
Q1260,A2
Q1261,A1
Q1262,A0
Q1263,A2
Q1264,A1
Q1265,A2
Q1266,A2
Q1267,A2
Q1268,A2
Q1269,A2
Q1270,A2
Q1271,A2
Q1272,A0
Q1273,A2
Q1274,A2
Q1275,A0
Q1276,A2
Q1277,A2
Q1278,A1
Q1279,A2
Q1280,A1
Q1281,A2
Q1282,A2
Q1283,A2
Q1284,A2
Q1285,A1
Q1286,A2
Q1287,A2
Q1288,A2
Q1289,A2
Q1290,A0
Q1291,A2
Q1292,A0
Q1293,A2
Q1294,A1
Q1295,A1
Q1296,A2
Q1297,A0
Q1298,A1
Q1299,A2
Q1300,A2
Q1301,A2
Q1302,A0
Q1303,A1
Q1304,A0
Q1305,A2
Q1306,A2
Q1307,A1
Q1308,A2
Q1309,A2
Q1310,A2
Q1311,A2
Q1312,A2
Q1313,A2
Q1314,A2
Q1315,A2
Q1316,A2
Q1317,A2
Q1318,A1
Q1319,A2
Q1320,A2
Q1321,A1
Q1322,A1
Q1323,A2
Q1324,A2
Q1325,A2
Q1326,A2
Q1327,A2
Q1328,A2
Q1329,A2
Q1330,A2
Q1331,A2
Q1332,A2
Q1333,A0
Q1334,A1
Q1335,A2
Q1336,A1
Q1337,A2
Q1338,A0
Q1339,A0
Q1340,A2
Q1341,A2
Q1342,A2
Q1343,A2
Q1344,A2
Q1345,A2
Q1346,A2
Q1347,A0
Q1348,A2
Q1349,A2
Q1350,A2
Q1351,A0
Q1352,A1
Q1353,A1
Q1354,A1
Q1355,A2
Q1356,A2
Q1357,A2
Q1358,A2
Q1359,A2
Q1360,A1
Q1361,A2
Q1362,A1
Q1363,A2
Q1364,A2
Q1365,A1
Q1366,A2
Q1367,A2
Q1368,A2
Q1369,A2
Q1370,A2
Q1371,A1
Q1372,A2
Q1373,A2
Q1374,A2
Q1375,A1
Q1376,A1
Q1377,A2
Q1378,A2
Q1379,A2
Q1380,A2
Q1381,A0
Q1382,A0
Q1383,A2
Q1384,A0
Q1385,A2
Q1386,A0
Q1387,A2
Q1388,A1
Q1389,A2
Q1390,A1
Q1391,A2
Q1392,A1
Q1393,A2
Q1394,A1
Q1395,A2
Q1396,A1
Q1397,A2
Q1398,A2
Q1399,A2
Q1400,A2
Q1401,A2
Q1402,A2
Q1403,A1
Q1404,A1
Q1405,A2
Q1406,A2
Q1407,A2
Q1408,A2
Q1409,A2
Q1410,A2
Q1411,A2
Q1412,A2
Q1413,A2
Q1414,A1
Q1415,A1
Q1416,A2
Q1417,A2
Q1418,A1
Q1419,A2
Q1420,A1
Q1421,A1
Q1422,A1
Q1423,A2
Q1424,A2
Q1425,A1
Q1426,A1
Q1427,A1
Q1428,A2
Q1429,A2
Q1430,A2
Q1431,A1
Q1432,A0
Q1433,A2
Q1434,A2
Q1435,A2
Q1436,A2
Q1437,A2
Q1438,A2
Q1439,A2
Q1440,A2
Q1441,A2
Q1442,A1
Q1443,A1
Q1444,A2
Q1445,A2
Q1446,A2
Q1447,A2
Q1448,A1
Q1449,A2
Q1450,A2
Q1451,A2
Q1452,A1
Q1453,A1
Q1454,A2
Q1455,A2
Q1456,A2
Q1457,A2
Q1458,A2
Q1459,A2
Q1460,A2
Q1461,A1
Q1462,A2
Q1463,A1
Q1464,A2
Q1465,A2
Q1466,A1
Q1467,A2
Q1468,A2
Q1469,A2
Q1470,A0
Q1471,A2
Q1472,A2
Q1473,A2
Q1474,A1
Q1475,A2
Q1476,A0
Q1477,A2
Q1478,A2
Q1479,A2
Q1480,A2
Q1481,A2
Q1482,A2
Q1483,A2
Q1484,A2
Q1485,A0
Q1486,A0
Q1487,A1
Q1488,A1
Q1489,A2
Q1490,A2
Q1491,A2
Q1492,A2
Q1493,A1
Q1494,A2
Q1495,A2
Q1496,A1
Q1497,A2
Q1498,A2
Q1499,A0
Q1500,A2
Q1501,A2
Q1502,A1
Q1503,A1
Q1504,A2
Q1505,A0
Q1506,A2
Q1507,A2
Q1508,A2
Q1509,A2
Q1510,A2
Q1511,A2
Q1512,A2
Q1513,A2
Q1514,A2
Q1515,A0
Q1516,A2
Q1517,A2
Q1518,A2
Q1519,A1
Q1520,A1
Q1521,A2
Q1522,A0
Q1523,A2
Q1524,A0
Q1525,A2
Q1526,A1
Q1527,A1
Q1528,A2
Q1529,A2
Q1530,A0
Q1531,A1
Q1532,A2
Q1533,A2
Q1534,A1
Q1535,A0
Q1536,A2
Q1537,A1
Q1538,A1
Q1539,A2
Q1540,A2
Q1541,A1
Q1542,A2
Q1543,A1
Q1544,A2
Q1545,A2
Q1546,A2
Q1547,A2
Q1548,A2
Q1549,A2
Q1550,A1
Q1551,A1
Q1552,A2
Q1553,A2
Q1554,A2
Q1555,A1
Q1556,A2
Q1557,A1
Q1558,A1
Q1559,A2
Q1560,A2
Q1561,A2
Q1562,A1
Q1563,A0
Q1564,A2
Q1565,A1
Q1566,A2
Q1567,A1
Q1568,A1
Q1569,A2
Q1570,A2
Q1571,A1
Q1572,A2
Q1573,A2
Q1574,A2
Q1575,A2
Q1576,A2
Q1577,A2
Q1578,A2
Q1579,A2
Q1580,A0
Q1581,A2
Q1582,A2
Q1583,A2
Q1584,A2
Q1585,A1
Q1586,A0
Q1587,A1
Q1588,A2
Q1589,A2
Q1590,A2
Q1591,A1
Q1592,A2
Q1593,A2
Q1594,A2
Q1595,A2
Q1596,A2
Q1597,A2
Q1598,A1
Q1599,A1
Q1600,A2
Q1601,A0
Q1602,A2
Q1603,A2
Q1604,A2
Q1605,A2
Q1606,A2
Q1607,A2
Q1608,A1
Q1609,A2
Q1610,A2
Q1611,A1
Q1612,A2
Q1613,A2
Q1614,A2
Q1615,A2
Q1616,A0
Q1617,A1
Q1618,A2
Q1619,A1
Q1620,A1
Q1621,A1
Q1622,A2
Q1623,A2
Q1624,A2
Q1625,A2
Q1626,A0
Q1627,A0
Q1628,A2
Q1629,A1
Q1630,A2
Q1631,A2
Q1632,A1
Q1633,A2
Q1634,A2
Q1635,A2
Q1636,A2
Q1637,A1
Q1638,A2
Q1639,A2
Q1640,A2
Q1641,A0
Q1642,A2
Q1643,A2
Q1644,A0
Q1645,A2
Q1646,A0
Q1647,A2
Q1648,A1
Q1649,A1
Q1650,A2
Q1651,A1
Q1652,A1
Q1653,A2
Q1654,A1
Q1655,A1
Q1656,A2
Q1657,A2
Q1658,A1
Q1659,A2
Q1660,A2
Q1661,A2
Q1662,A1
Q1663,A2
Q1664,A0
Q1665,A2
Q1666,A2
Q1667,A2
Q1668,A2
Q1669,A2
Q1670,A2
Q1671,A2
Q1672,A2
Q1673,A1
Q1674,A1
Q1675,A1
Q1676,A2
Q1677,A2
Q1678,A1
Q1679,A1
Q1680,A0
Q1681,A1
Q1682,A0
Q1683,A1
Q1684,A1
Q1685,A2
Q1686,A2
Q1687,A2
Q1688,A2
Q1689,A2
Q1690,A2
Q1691,A2
Q1692,A2
Q1693,A2
Q1694,A2
Q1695,A2
Q1696,A1
Q1697,A1
Q1698,A0
Q1699,A1
Q1700,A1
Q1701,A0
Q1702,A2
Q1703,A2
Q1704,A2
Q1705,A2
Q1706,A2
Q1707,A1
Q1708,A0
Q1709,A1
Q1710,A1
Q1711,A2
Q1712,A1
Q1713,A2
Q1714,A1
Q1715,A2
Q1716,A1
Q1717,A2
Q1718,A2
Q1719,A1
Q1720,A2
Q1721,A1
Q1722,A2
Q1723,A1
Q1724,A2
Q1725,A2
Q1726,A2
Q1727,A2
Q1728,A2
Q1729,A2
Q1730,A0
Q1731,A2
Q1732,A1
Q1733,A1
Q1734,A0
Q1735,A2
Q1736,A2
Q1737,A1
Q1738,A0
Q1739,A2
Q1740,A2
Q1741,A2
Q1742,A1
Q1743,A2
Q1744,A1
Q1745,A2
Q1746,A2
Q1747,A1
Q1748,A2
Q1749,A2
Q1750,A1
Q1751,A2
Q1752,A2
Q1753,A1
Q1754,A2
Q1755,A0
Q1756,A1
Q1757,A2
Q1758,A2
Q1759,A0
Q1760,A2
Q1761,A2
Q1762,A2
Q1763,A2
Q1764,A1
Q1765,A0
Q1766,A2
Q1767,A1
Q1768,A2
Q1769,A2
Q1770,A2
Q1771,A2
Q1772,A2
Q1773,A0
Q1774,A2
Q1775,A0
Q1776,A2
Q1777,A0
Q1778,A2
Q1779,A1
Q1780,A2
Q1781,A2
Q1782,A2
Q1783,A2
Q1784,A2
Q1785,A2
Q1786,A0
Q1787,A2
Q1788,A2
Q1789,A2
Q1790,A2
Q1791,A2
Q1792,A2
Q1793,A2
Q1794,A2
Q1795,A0
Q1796,A2
Q1797,A1
Q1798,A1
Q1799,A2
Q1800,A2
Q1801,A2
Q1802,A2
Q1803,A0
Q1804,A2
Q1805,A1
Q1806,A2
Q1807,A2
Q1808,A2
Q1809,A2
Q1810,A0
Q1811,A1
Q1812,A1
Q1813,A2
Q1814,A2
Q1815,A1
Q1816,A0
Q1817,A2
Q1818,A2
Q1819,A2
Q1820,A2
Q1821,A2
Q1822,A2
Q1823,A2
Q1824,A2
Q1825,A2
Q1826,A2
Q1827,A2
Q1828,A2
Q1829,A1
Q1830,A2
Q1831,A1
Q1832,A2
Q1833,A1
Q1834,A2
Q1835,A2
Q1836,A2
Q1837,A2
Q1838,A2
Q1839,A2
Q1840,A2
Q1841,A2
Q1842,A1
Q1843,A1
Q1844,A1
Q1845,A2
Q1846,A2
Q1847,A2
Q1848,A2
Q1849,A1
Q1850,A0
Q1851,A0
Q1852,A0
Q1853,A2
Q1854,A2
Q1855,A2
Q1856,A2
Q1857,A2
Q1858,A0
Q1859,A1
Q1860,A1
Q1861,A0
Q1862,A2
Q1863,A1
Q1864,A1
Q1865,A1
Q1866,A2
Q1867,A2
Q1868,A1
Q1869,A2
Q1870,A2
Q1871,A2
Q1872,A1
Q1873,A1
Q1874,A2
Q1875,A2
Q1876,A1
Q1877,A2
Q1878,A0
Q1879,A0
Q1880,A2
Q1881,A2
Q1882,A2
Q1883,A2
Q1884,A2
Q1885,A2
Q1886,A2
Q1887,A2
Q1888,A2
Q1889,A2
Q1890,A2
Q1891,A0
Q1892,A2
Q1893,A2
Q1894,A0
Q1895,A1
Q1896,A1
Q1897,A1
Q1898,A0
Q1899,A1
Q1900,A2
Q1901,A2
Q1902,A2
Q1903,A2
Q1904,A2
Q1905,A1
Q1906,A1
Q1907,A1
Q1908,A2
Q1909,A1
Q1910,A2
Q1911,A2
Q1912,A2
Q1913,A2
Q1914,A2
Q1915,A1
Q1916,A1
Q1917,A2
Q1918,A2
Q1919,A1
Q1920,A2
Q1921,A2
Q1922,A2
Q1923,A0
Q1924,A2
Q1925,A2
Q1926,A1
Q1927,A2
Q1928,A1
Q1929,A1
Q1930,A1
Q1931,A2
Q1932,A0
Q1933,A2
Q1934,A1
Q1935,A1
Q1936,A2
Q1937,A2
Q1938,A2
Q1939,A1
Q1940,A2
Q1941,A2
Q1942,A2
Q1943,A0
Q1944,A2
Q1945,A2
Q1946,A2
Q1947,A2
Q1948,A2
Q1949,A2
Q1950,A2
Q1951,A2
Q1952,A0
Q1953,A2
Q1954,A2
Q1955,A2
Q1956,A0
Q1957,A2
Q1958,A2
Q1959,A2
Q1960,A2
Q1961,A2
Q1962,A1
Q1963,A2
Q1964,A2
Q1965,A2
Q1966,A2
Q1967,A2
Q1968,A2
Q1969,A0
Q1970,A2
Q1971,A2
Q1972,A1
Q1973,A2
Q1974,A1
Q1975,A2
Q1976,A2
Q1977,A1
Q1978,A1
Q1979,A1
Q1980,A2
Q1981,A2
Q1982,A2
Q1983,A1
Q1984,A2
Q1985,A2
Q1986,A2
Q1987,A0
Q1988,A2
Q1989,A1
Q1990,A1
Q1991,A2
Q1992,A2
Q1993,A2
Q1994,A1
Q1995,A2
Q1996,A2
Q1997,A1
Q1998,A2
Q1999,A1
Q2000,A2
Q2001,A2
Q2002,A0
Q2003,A2
Q2004,A2
Q2005,A2
Q2006,A2
Q2007,A1
Q2008,A1
Q2009,A2
Q2010,A1
Q2011,A1
Q2012,A2
Q2013,A1
Q2014,A2
Q2015,A1
Q2016,A1
Q2017,A1
Q2018,A1
Q2019,A2
Q2020,A1
Q2021,A2
Q2022,A2
Q2023,A1
Q2024,A2
Q2025,A1
Q2026,A2
Q2027,A2
Q2028,A2
Q2029,A2
Q2030,A2
Q2031,A2
Q2032,A2
Q2033,A2
Q2034,A1
Q2035,A2
Q2036,A2
Q2037,A1
Q2038,A2
Q2039,A2
Q2040,A2
Q2041,A2
Q2042,A2
Q2043,A1
Q2044,A1
Q2045,A2
Q2046,A2
Q2047,A2
Q2048,A2
Q2049,A2
Q2050,A2
Q2051,A2
Q2052,A2
Q2053,A2
Q2054,A2
Q2055,A2
Q2056,A2
Q2057,A2
Q2058,A2
Q2059,A1
Q2060,A2
Q2061,A2
Q2062,A2
Q2063,A2
Q2064,A2
Q2065,A2
Q2066,A2
Q2067,A1
Q2068,A1
Q2069,A2
Q2070,A2
Q2071,A1
Q2072,A2
Q2073,A0
Q2074,A2
Q2075,A2
Q2076,A0
Q2077,A2
Q2078,A2
Q2079,A0
Q2080,A1
Q2081,A2
Q2082,A2
Q2083,A2
Q2084,A2
Q2085,A0
Q2086,A1
Q2087,A2
Q2088,A2
Q2089,A0
Q2090,A1
Q2091,A1
Q2092,A2
Q2093,A2
Q2094,A2
Q2095,A2
Q2096,A2
Q2097,A2
Q2098,A1
Q2099,A1
Q2100,A1
Q2101,A2
Q2102,A2
Q2103,A2
Q2104,A2
Q2105,A2
Q2106,A2
Q2107,A2
Q2108,A2
Q2109,A0
Q2110,A1
Q2111,A2
Q2112,A2
Q2113,A2
Q2114,A2
Q2115,A2
Q2116,A2
Q2117,A1
Q2118,A2
Q2119,A1
Q2120,A2
Q2121,A2
Q2122,A1
Q2123,A1
Q2124,A2
Q2125,A1
Q2126,A2
Q2127,A2
Q2128,A2
Q2129,A1
Q2130,A2
Q2131,A1
Q2132,A0
Q2133,A0
Q2134,A2
Q2135,A2
Q2136,A1
Q2137,A2
Q2138,A2
Q2139,A2
Q2140,A2
Q2141,A2
Q2142,A1
Q2143,A2
Q2144,A2
Q2145,A2
Q2146,A2
Q2147,A2
Q2148,A2
Q2149,A2
Q2150,A2
Q2151,A2
Q2152,A1
Q2153,A2
Q2154,A1
Q2155,A2
Q2156,A2
Q2157,A2
Q2158,A2
Q2159,A0
Q2160,A1
Q2161,A1
Q2162,A0
Q2163,A1
Q2164,A1
Q2165,A2
Q2166,A2
Q2167,A1
Q2168,A2
Q2169,A2
Q2170,A2
Q2171,A1
Q2172,A2
Q2173,A0
Q2174,A2
Q2175,A0
Q2176,A2
Q2177,A2
Q2178,A2
Q2179,A2
Q2180,A1
Q2181,A2
Q2182,A2
Q2183,A2
Q2184,A0
Q2185,A2
Q2186,A2
Q2187,A2
Q2188,A2
Q2189,A0
Q2190,A2
Q2191,A2
Q2192,A1
Q2193,A2
Q2194,A2
Q2195,A2
Q2196,A2
Q2197,A2
Q2198,A1
Q2199,A1
Q2200,A2
Q2201,A2
Q2202,A2
Q2203,A1
Q2204,A2
Q2205,A2
Q2206,A1
Q2207,A2
Q2208,A2
Q2209,A2
Q2210,A0
Q2211,A2
Q2212,A2
Q2213,A2
Q2214,A2
Q2215,A2
Q2216,A0
Q2217,A2
Q2218,A2
Q2219,A1
Q2220,A1
Q2221,A2
Q2222,A2
Q2223,A1
Q2224,A2
Q2225,A2
Q2226,A2
Q2227,A2
Q2228,A1
Q2229,A2
Q2230,A2
Q2231,A1
Q2232,A2
Q2233,A1
Q2234,A2
Q2235,A2
Q2236,A2
Q2237,A2
Q2238,A2
Q2239,A2
Q2240,A1
Q2241,A0
Q2242,A2
Q2243,A2
Q2244,A1
Q2245,A2
Q2246,A2
Q2247,A1
Q2248,A2
Q2249,A2
Q2250,A2
Q2251,A2
Q2252,A2
Q2253,A2
Q2254,A2
Q2255,A2
Q2256,A1
Q2257,A2
Q2258,A2
Q2259,A2
Q2260,A2
Q2261,A2
Q2262,A2
Q2263,A2
Q2264,A2
Q2265,A1
Q2266,A2
Q2267,A2
Q2268,A1
Q2269,A2
Q2270,A2
Q2271,A2
Q2272,A0
Q2273,A2
Q2274,A2
Q2275,A2
Q2276,A2
Q2277,A2
Q2278,A2
Q2279,A1
Q2280,A2
Q2281,A2
Q2282,A2
Q2283,A2
Q2284,A2
Q2285,A1
Q2286,A2
Q2287,A2
Q2288,A2
Q2289,A2
Q2290,A2
Q2291,A2
Q2292,A2
Q2293,A1
Q2294,A2
Q2295,A2
Q2296,A2
Q2297,A2
Q2298,A2
Q2299,A2
Q2300,A2
Q2301,A2
Q2302,A2
Q2303,A0
Q2304,A2
Q2305,A2
Q2306,A2
Q2307,A2
Q2308,A2
Q2309,A2
Q2310,A2
Q2311,A2
Q2312,A2
Q2313,A0
Q2314,A2
Q2315,A0
Q2316,A2
Q2317,A2
Q2318,A2
Q2319,A2
Q2320,A2
Q2321,A2
Q2322,A2
Q2323,A1
Q2324,A1
Q2325,A1
Q2326,A2
Q2327,A1
Q2328,A1
Q2329,A2
Q2330,A1
Q2331,A2
Q2332,A0
Q2333,A2
Q2334,A1
Q2335,A1
Q2336,A2
Q2337,A2
Q2338,A1
Q2339,A2
Q2340,A2
Q2341,A0
Q2342,A2
Q2343,A1
Q2344,A2
Q2345,A2
Q2346,A2
Q2347,A2
Q2348,A1
Q2349,A2
Q2350,A2
Q2351,A0
Q2352,A2
Q2353,A2
Q2354,A2
Q2355,A2
Q2356,A2
Q2357,A2
Q2358,A0
Q2359,A2
Q2360,A1
Q2361,A2
Q2362,A0
Q2363,A2
Q2364,A2
Q2365,A2
Q2366,A2
Q2367,A1
Q2368,A2
Q2369,A2
Q2370,A1
Q2371,A0
Q2372,A2
Q2373,A2
Q2374,A1
Q2375,A2
Q2376,A2
Q2377,A2
Q2378,A2
Q2379,A2
Q2380,A1
Q2381,A2
Q2382,A2
Q2383,A2
Q2384,A0
Q2385,A2
Q2386,A0
Q2387,A2
Q2388,A2
Q2389,A2
Q2390,A1
Q2391,A2
Q2392,A2
Q2393,A0
Q2394,A2
Q2395,A1
Q2396,A2
Q2397,A2
Q2398,A1
Q2399,A1
Q2400,A2
Q2401,A2
Q2402,A2
Q2403,A2
Q2404,A2
Q2405,A2
Q2406,A1
Q2407,A2
Q2408,A1
Q2409,A0
Q2410,A1
Q2411,A1
Q2412,A2
Q2413,A2
Q2414,A2
Q2415,A2
Q2416,A1
Q2417,A1
Q2418,A0
Q2419,A2
Q2420,A2
Q2421,A2
Q2422,A1
Q2423,A2
Q2424,A2
Q2425,A2
Q2426,A1
Q2427,A2
Q2428,A2
Q2429,A2
Q2430,A1
Q2431,A2
Q2432,A2
Q2433,A2
Q2434,A1
Q2435,A0
Q2436,A2
Q2437,A2
Q2438,A2
Q2439,A2
Q2440,A1
Q2441,A2
Q2442,A2
Q2443,A2
Q2444,A2
Q2445,A2
Q2446,A2
Q2447,A2
Q2448,A1
Q2449,A2
Q2450,A1
Q2451,A1
Q2452,A1
Q2453,A1
Q2454,A2
Q2455,A2
Q2456,A2
Q2457,A0
Q2458,A2
Q2459,A2
Q2460,A2
Q2461,A2
Q2462,A1
Q2463,A2
Q2464,A0
Q2465,A2
Q2466,A1
Q2467,A2
Q2468,A1
Q2469,A2
Q2470,A1
Q2471,A2
Q2472,A2
Q2473,A2
Q2474,A1
Q2475,A2
Q2476,A2
Q2477,A1
Q2478,A2
Q2479,A2
Q2480,A1
Q2481,A2
Q2482,A2
Q2483,A2
Q2484,A2
Q2485,A1
Q2486,A0
Q2487,A2
Q2488,A2
Q2489,A2
Q2490,A2
Q2491,A2
Q2492,A1
Q2493,A2
Q2494,A2
Q2495,A1
Q2496,A1
Q2497,A0
Q2498,A0
Q2499,A2
Q2500,A1
Q2501,A2
Q2502,A2
Q2503,A2
Q2504,A1
Q2505,A0
Q2506,A1
Q2507,A2
Q2508,A2
Q2509,A2
Q2510,A2
Q2511,A2
Q2512,A2
Q2513,A2
Q2514,A1
Q2515,A2
Q2516,A0
Q2517,A2
Q2518,A2
Q2519,A2
Q2520,A2
Q2521,A0
Q2522,A2
Q2523,A2
Q2524,A2
Q2525,A2
Q2526,A1
Q2527,A1
Q2528,A2
Q2529,A2
Q2530,A2
Q2531,A2
Q2532,A1
Q2533,A2
Q2534,A2
Q2535,A2
Q2536,A1
Q2537,A2
Q2538,A2
Q2539,A2
Q2540,A2
Q2541,A2
Q2542,A2
Q2543,A2
Q2544,A1
Q2545,A2
Q2546,A2
Q2547,A2
Q2548,A2
Q2549,A0
Q2550,A2
Q2551,A2
Q2552,A2
Q2553,A0
Q2554,A1
Q2555,A2
Q2556,A2
Q2557,A1
Q2558,A2
Q2559,A2
Q2560,A2
Q2561,A1
Q2562,A0
Q2563,A2
Q2564,A2
Q2565,A2
Q2566,A2
Q2567,A2
Q2568,A2
Q2569,A1
Q2570,A2
Q2571,A2
Q2572,A2
Q2573,A1
Q2574,A2
Q2575,A2
Q2576,A1
Q2577,A2
Q2578,A2
Q2579,A2
Q2580,A2
Q2581,A2
Q2582,A1
Q2583,A0
Q2584,A1
Q2585,A2
Q2586,A2
Q2587,A2
Q2588,A0
Q2589,A1
Q2590,A2
Q2591,A1
Q2592,A2
Q2593,A0
Q2594,A2
Q2595,A2
Q2596,A1
Q2597,A2
Q2598,A2
Q2599,A2
Q2600,A2
Q2601,A2
Q2602,A2
Q2603,A2
Q2604,A2
Q2605,A2
Q2606,A2
Q2607,A2
Q2608,A2
Q2609,A2
Q2610,A2
Q2611,A2
Q2612,A2
Q2613,A2
Q2614,A2
Q2615,A1
Q2616,A2
Q2617,A2
Q2618,A2
Q2619,A2
Q2620,A1
Q2621,A2
Q2622,A1
Q2623,A2
Q2624,A1
Q2625,A1
Q2626,A2
Q2627,A2
Q2628,A2
Q2629,A2
Q2630,A2
Q2631,A2
Q2632,A1
Q2633,A2
Q2634,A2
Q2635,A1
Q2636,A2
Q2637,A2
Q2638,A1
Q2639,A2
Q2640,A1
Q2641,A2
Q2642,A2
Q2643,A2
Q2644,A2
Q2645,A2
Q2646,A2
Q2647,A2
Q2648,A2
Q2649,A1
Q2650,A2
Q2651,A0
Q2652,A2
Q2653,A2
Q2654,A0
Q2655,A2
Q2656,A2
Q2657,A2
Q2658,A2
Q2659,A2
Q2660,A2
Q2661,A2
Q2662,A2
Q2663,A2
Q2664,A2
Q2665,A0
Q2666,A2
Q2667,A2
Q2668,A2
Q2669,A1
Q2670,A1
Q2671,A2
Q2672,A2
Q2673,A2
Q2674,A2
Q2675,A2
Q2676,A0
Q2677,A1
Q2678,A2
Q2679,A1
Q2680,A2
Q2681,A2
Q2682,A2
Q2683,A2
Q2684,A2
Q2685,A2
Q2686,A0
Q2687,A2
Q2688,A2
Q2689,A1
Q2690,A2
Q2691,A2
Q2692,A2
Q2693,A2
Q2694,A2
Q2695,A1
Q2696,A2
Q2697,A0
Q2698,A2
Q2699,A2
Q2700,A2
Q2701,A2
Q2702,A2
Q2703,A2
Q2704,A2
Q2705,A2
Q2706,A1
Q2707,A2
Q2708,A1
Q2709,A0
Q2710,A1
Q2711,A2
Q2712,A2
Q2713,A2
Q2714,A2
Q2715,A1
Q2716,A2
Q2717,A2
Q2718,A2
Q2719,A1
Q2720,A2
Q2721,A2
Q2722,A2
Q2723,A1
Q2724,A2
Q2725,A2
Q2726,A2
Q2727,A1
Q2728,A2
Q2729,A2
Q2730,A1
Q2731,A2
Q2732,A2
Q2733,A2
Q2734,A2
Q2735,A2
Q2736,A2
Q2737,A2
Q2738,A2
Q2739,A1
Q2740,A1
Q2741,A2
Q2742,A2
Q2743,A2
Q2744,A2
Q2745,A0
Q2746,A2
Q2747,A2
Q2748,A2
Q2749,A2
Q2750,A1
Q2751,A2
Q2752,A2
Q2753,A0
Q2754,A2
Q2755,A2
Q2756,A1
Q2757,A2
Q2758,A2
Q2759,A1
Q2760,A2
Q2761,A2
Q2762,A1
Q2763,A2
Q2764,A0
Q2765,A2
Q2766,A1
Q2767,A2
Q2768,A2
Q2769,A1
Q2770,A1
Q2771,A2
Q2772,A2
Q2773,A2
Q2774,A2
Q2775,A2
Q2776,A2
Q2777,A2
Q2778,A2
Q2779,A2
Q2780,A2
Q2781,A2
Q2782,A1
Q2783,A1
Q2784,A2
Q2785,A2
Q2786,A1
Q2787,A1
Q2788,A1
Q2789,A2
Q2790,A1
Q2791,A0
Q2792,A2
Q2793,A2
Q2794,A2
Q2795,A2
Q2796,A2
Q2797,A1
Q2798,A0
Q2799,A2
Q2800,A2
Q2801,A2
Q2802,A2
Q2803,A0
Q2804,A1
Q2805,A2
Q2806,A2
Q2807,A1
Q2808,A2
Q2809,A1
Q2810,A2
Q2811,A1
Q2812,A2
Q2813,A2
Q2814,A2
Q2815,A2
Q2816,A2
Q2817,A2
Q2818,A2
Q2819,A2
Q2820,A1
Q2821,A1
Q2822,A1
Q2823,A2
Q2824,A2
Q2825,A2
Q2826,A2
Q2827,A1
Q2828,A2
Q2829,A2
Q2830,A2
Q2831,A1
Q2832,A2
Q2833,A1
Q2834,A2
Q2835,A1
Q2836,A1
Q2837,A2
Q2838,A2
Q2839,A2
Q2840,A2
Q2841,A0
Q2842,A1
Q2843,A2
Q2844,A0
Q2845,A2
Q2846,A1
Q2847,A2
Q2848,A0
Q2849,A1
Q2850,A2
Q2851,A1
Q2852,A1
Q2853,A2
Q2854,A2
Q2855,A2
Q2856,A1
Q2857,A1
Q2858,A1
Q2859,A2
Q2860,A1
Q2861,A2
Q2862,A2
Q2863,A2
Q2864,A2
Q2865,A2
Q2866,A2
Q2867,A2
Q2868,A2
Q2869,A1
Q2870,A1
Q2871,A2
Q2872,A0
Q2873,A1
Q2874,A2
Q2875,A0
Q2876,A2
Q2877,A2
Q2878,A2
Q2879,A2
Q2880,A0
Q2881,A1
Q2882,A1
Q2883,A2
Q2884,A2
Q2885,A1
Q2886,A2
Q2887,A1
Q2888,A1
Q2889,A2
Q2890,A2
Q2891,A0
Q2892,A2
Q2893,A2
Q2894,A2
Q2895,A2
Q2896,A1
Q2897,A2
Q2898,A1
Q2899,A2
Q2900,A1
Q2901,A2
Q2902,A2
Q2903,A2
Q2904,A1
Q2905,A1
Q2906,A0
Q2907,A2
Q2908,A2
Q2909,A1
Q2910,A0
Q2911,A2
Q2912,A2
Q2913,A1
Q2914,A0
Q2915,A2
Q2916,A1
Q2917,A2
Q2918,A2
Q2919,A2
Q2920,A2
Q2921,A2
Q2922,A1
Q2923,A2
Q2924,A2
Q2925,A1
Q2926,A2
Q2927,A2
Q2928,A2
Q2929,A2
Q2930,A1
Q2931,A2
Q2932,A2
Q2933,A2
Q2934,A0
Q2935,A2
Q2936,A1
Q2937,A2
Q2938,A2
Q2939,A2
Q2940,A2
Q2941,A1
Q2942,A2
Q2943,A2
Q2944,A1
Q2945,A2
Q2946,A2
Q2947,A2
Q2948,A2
Q2949,A2
Q2950,A1
Q2951,A2
Q2952,A1
Q2953,A2
Q2954,A2
Q2955,A1
Q2956,A2
Q2957,A2
Q2958,A2
Q2959,A1
Q2960,A1
Q2961,A2
Q2962,A2
Q2963,A2
Q2964,A1
Q2965,A2
Q2966,A2
Q2967,A2
Q2968,A2
Q2969,A2
Q2970,A1
Q2971,A2
Q2972,A0
Q2973,A2
Q2974,A2
Q2975,A2
Q2976,A2
Q2977,A0
Q2978,A0
Q2979,A2
Q2980,A2
Q2981,A2
Q2982,A2
Q2983,A0
Q2984,A0
Q2985,A2
Q2986,A2
Q2987,A2
Q2988,A2
Q2989,A2
Q2990,A1
Q2991,A2
Q2992,A1
Q2993,A2
Q2994,A1
Q2995,A2
Q2996,A2
Q2997,A1
Q2998,A2
Q2999,A1
Q3000,A1
Q3001,A2
Q3002,A2
Q3003,A2
Q3004,A0
Q3005,A1
Q3006,A0
Q3007,A1
Q3008,A1
Q3009,A2
Q3010,A0
Q3011,A2
Q3012,A2
Q3013,A2
Q3014,A0
Q3015,A2
Q3016,A2
Q3017,A1
Q3018,A0
Q3019,A0
Q3020,A2
Q3021,A2
Q3022,A0
Q3023,A2
Q3024,A2
Q3025,A2
Q3026,A2
Q3027,A1
Q3028,A2
Q3029,A2
Q3030,A2
Q3031,A0
Q3032,A2
Q3033,A2
Q3034,A2
Q3035,A2
Q3036,A2
Q3037,A2
Q3038,A2
Q3039,A1
Q3040,A2
Q3041,A2
Q3042,A2
Q3043,A2
Q3044,A2
Q3045,A2
Q3046,A2
Q3047,A2
Q3048,A2
Q3049,A0
Q3050,A1
Q3051,A2
Q3052,A2
Q3053,A1
Q3054,A2
Q3055,A2
Q3056,A2
Q3057,A1
Q3058,A2
Q3059,A2
Q3060,A1
Q3061,A0
Q3062,A2
Q3063,A2
Q3064,A2
Q3065,A2
Q3066,A2
Q3067,A2
Q3068,A2
Q3069,A1
Q3070,A2
Q3071,A2
Q3072,A2
Q3073,A1
Q3074,A2
Q3075,A2
Q3076,A2
Q3077,A2
Q3078,A2
Q3079,A2
Q3080,A2
Q3081,A0
Q3082,A0
Q3083,A2
Q3084,A2
Q3085,A2
Q3086,A1
Q3087,A2
Q3088,A2
Q3089,A2
Q3090,A2
Q3091,A1
Q3092,A2
Q3093,A2
Q3094,A2
Q3095,A0
Q3096,A2
Q3097,A2
Q3098,A2
Q3099,A0
Q3100,A2
Q3101,A2
Q3102,A2
Q3103,A1
Q3104,A1
Q3105,A2
Q3106,A2
Q3107,A0
Q3108,A1
Q3109,A2
Q3110,A2
Q3111,A2
Q3112,A2
Q3113,A2
Q3114,A2
Q3115,A1
Q3116,A1
Q3117,A2
Q3118,A2
Q3119,A2
Q3120,A2
Q3121,A2
Q3122,A1
Q3123,A1
Q3124,A2
Q3125,A2
Q3126,A1
Q3127,A2
Q3128,A2
Q3129,A1
Q3130,A2
Q3131,A2
Q3132,A2
Q3133,A2
Q3134,A2
Q3135,A2
Q3136,A2
Q3137,A2
Q3138,A2
Q3139,A2
Q3140,A1
Q3141,A2
Q3142,A2
Q3143,A1
Q3144,A0
Q3145,A2
Q3146,A2
Q3147,A1
Q3148,A2
Q3149,A2
Q3150,A1
Q3151,A2
Q3152,A2
Q3153,A2
Q3154,A2
Q3155,A0
Q3156,A0
Q3157,A2
Q3158,A1
Q3159,A2
Q3160,A2
Q3161,A1
Q3162,A2
Q3163,A2
Q3164,A2
Q3165,A1
Q3166,A2
Q3167,A2
Q3168,A2
Q3169,A2
Q3170,A1
Q3171,A2
Q3172,A2
Q3173,A1
Q3174,A2
Q3175,A2
Q3176,A2
Q3177,A2
Q3178,A2
Q3179,A2
Q3180,A0
Q3181,A1
Q3182,A1
Q3183,A1
Q3184,A2
Q3185,A2
Q3186,A2
Q3187,A2
Q3188,A1
Q3189,A2
Q3190,A0
Q3191,A2
Q3192,A2
Q3193,A2
Q3194,A2
Q3195,A0
Q3196,A2
Q3197,A1
Q3198,A2
Q3199,A0
Q3200,A2
Q3201,A1
Q3202,A1
Q3203,A2
Q3204,A2
Q3205,A2
Q3206,A0
Q3207,A2
Q3208,A1
Q3209,A2
Q3210,A2
Q3211,A2
Q3212,A0
Q3213,A2
Q3214,A2
Q3215,A2
Q3216,A2
Q3217,A2
Q3218,A0
Q3219,A1
Q3220,A2
Q3221,A2
Q3222,A2
Q3223,A0
Q3224,A2
Q3225,A2
Q3226,A2
Q3227,A2
Q3228,A2
Q3229,A1
Q3230,A2
Q3231,A2
Q3232,A1
Q3233,A2
Q3234,A2
Q3235,A2
Q3236,A2
Q3237,A1
Q3238,A1
Q3239,A2
Q3240,A1
Q3241,A2
Q3242,A1
Q3243,A2
Q3244,A1
Q3245,A2
Q3246,A2
Q3247,A2
Q3248,A2
Q3249,A2
Q3250,A1
Q3251,A2
Q3252,A2
Q3253,A2
Q3254,A2
Q3255,A2
Q3256,A2
Q3257,A2
Q3258,A2
Q3259,A2
Q3260,A2
Q3261,A1
Q3262,A2
Q3263,A2
Q3264,A2
Q3265,A1
Q3266,A0
Q3267,A0
Q3268,A2
Q3269,A1
Q3270,A2
Q3271,A0
Q3272,A1
Q3273,A2
Q3274,A1
Q3275,A2
Q3276,A2
Q3277,A2
Q3278,A2
Q3279,A2
Q3280,A2
Q3281,A2
Q3282,A1
Q3283,A2
Q3284,A1
Q3285,A2
Q3286,A1
Q3287,A2
Q3288,A2
Q3289,A2
Q3290,A1
Q3291,A2
Q3292,A2
Q3293,A2
Q3294,A2
Q3295,A2
Q3296,A0
Q3297,A2
Q3298,A2
Q3299,A1
Q3300,A2
Q3301,A2
Q3302,A2
Q3303,A1
Q3304,A2
Q3305,A2
Q3306,A2
Q3307,A2
Q3308,A1
Q3309,A1
Q3310,A2
Q3311,A2
Q3312,A2
Q3313,A2
Q3314,A1
Q3315,A2
Q3316,A2
Q3317,A2
Q3318,A2
Q3319,A1
Q3320,A2
Q3321,A2
Q3322,A2
Q3323,A2
Q3324,A2
Q3325,A2
Q3326,A2
Q3327,A2
Q3328,A1
Q3329,A1
Q3330,A2
Q3331,A2
Q3332,A0
Q3333,A1
Q3334,A2
Q3335,A2
Q3336,A2
Q3337,A2
Q3338,A2
Q3339,A1
Q3340,A2
Q3341,A2
Q3342,A2
Q3343,A2
Q3344,A2
Q3345,A2
Q3346,A1
Q3347,A2
Q3348,A1
Q3349,A2
Q3350,A1
Q3351,A2
Q3352,A2
Q3353,A2
Q3354,A1
Q3355,A1
Q3356,A1
Q3357,A2
Q3358,A2
Q3359,A0
Q3360,A1
Q3361,A2
Q3362,A1
Q3363,A2
Q3364,A1
Q3365,A2
Q3366,A1
Q3367,A2
Q3368,A2
Q3369,A0
Q3370,A1
Q3371,A0
Q3372,A2
Q3373,A2
Q3374,A2
Q3375,A2
Q3376,A2
Q3377,A2
Q3378,A2
Q3379,A2
Q3380,A2
Q3381,A1
Q3382,A2
Q3383,A2
Q3384,A1
Q3385,A2
Q3386,A2
Q3387,A2
Q3388,A2
Q3389,A2
Q3390,A2
Q3391,A2
Q3392,A2
Q3393,A2
Q3394,A2
Q3395,A2
Q3396,A2
Q3397,A2
Q3398,A2
Q3399,A2
Q3400,A2
Q3401,A1
Q3402,A2
Q3403,A2
Q3404,A0
Q3405,A2
Q3406,A1
Q3407,A2
Q3408,A2
Q3409,A2
Q3410,A2
Q3411,A1
Q3412,A2
Q3413,A1
Q3414,A1
Q3415,A1
Q3416,A2
Q3417,A2
Q3418,A1
Q3419,A2
Q3420,A2
Q3421,A1
Q3422,A2
Q3423,A2
Q3424,A2
Q3425,A2
Q3426,A1
Q3427,A2
Q3428,A1
Q3429,A2
Q3430,A1
Q3431,A1
Q3432,A2
Q3433,A2
Q3434,A2
Q3435,A2
Q3436,A0
Q3437,A1
Q3438,A2
Q3439,A0
Q3440,A0
Q3441,A1
Q3442,A1
Q3443,A1
Q3444,A0
Q3445,A0
Q3446,A1
Q3447,A1
Q3448,A2
Q3449,A2
Q3450,A2
Q3451,A2
Q3452,A2
Q3453,A1
Q3454,A1
Q3455,A1
Q3456,A2
Q3457,A2
Q3458,A2
Q3459,A2
Q3460,A2
Q3461,A2
Q3462,A2
Q3463,A2
Q3464,A2
Q3465,A2
Q3466,A1
Q3467,A1
Q3468,A2
Q3469,A2
Q3470,A2
Q3471,A2
Q3472,A2
Q3473,A2
Q3474,A2
Q3475,A2
Q3476,A2
Q3477,A2
Q3478,A2
Q3479,A2
Q3480,A2
Q3481,A2
Q3482,A1
Q3483,A2
Q3484,A2
Q3485,A2
Q3486,A2
Q3487,A1
Q3488,A0
Q3489,A2
Q3490,A2
Q3491,A2
Q3492,A2
Q3493,A1
Q3494,A1
Q3495,A1
Q3496,A2
Q3497,A2
Q3498,A2
Q3499,A1
Q3500,A0
Q3501,A0
Q3502,A2
Q3503,A1
Q3504,A2
Q3505,A2
Q3506,A2
Q3507,A2
Q3508,A0
Q3509,A1
Q3510,A1
Q3511,A1
Q3512,A1
Q3513,A2
Q3514,A0
Q3515,A2
Q3516,A2
Q3517,A2
Q3518,A2
Q3519,A2
Q3520,A2
Q3521,A1
Q3522,A2
Q3523,A2
Q3524,A2
Q3525,A1
Q3526,A1
Q3527,A1
Q3528,A2
Q3529,A2
Q3530,A2
Q3531,A2
Q3532,A2
Q3533,A1
Q3534,A2
Q3535,A0
Q3536,A2
Q3537,A2
Q3538,A2
Q3539,A2
Q3540,A2
Q3541,A1
Q3542,A1
Q3543,A2
Q3544,A1
Q3545,A2
Q3546,A2
Q3547,A1
Q3548,A2
Q3549,A1
Q3550,A2
Q3551,A2
Q3552,A0
Q3553,A2
Q3554,A2
Q3555,A2
Q3556,A1
Q3557,A2
Q3558,A1
Q3559,A2
Q3560,A2
Q3561,A1
Q3562,A2
Q3563,A2
Q3564,A2
Q3565,A2
Q3566,A2
Q3567,A1
Q3568,A1
Q3569,A0
Q3570,A1
Q3571,A0
Q3572,A2
Q3573,A2
Q3574,A0
Q3575,A1
Q3576,A1
Q3577,A2
Q3578,A1
Q3579,A0
Q3580,A2
Q3581,A2
Q3582,A1
Q3583,A2
Q3584,A0
Q3585,A2
Q3586,A2
Q3587,A2
Q3588,A2
Q3589,A2
Q3590,A2
Q3591,A0
Q3592,A2
Q3593,A2
Q3594,A2
Q3595,A1
Q3596,A2
Q3597,A1
Q3598,A2
Q3599,A0
Q3600,A2
Q3601,A2
Q3602,A1
Q3603,A1
Q3604,A2
Q3605,A2
Q3606,A0
Q3607,A2
Q3608,A2
Q3609,A2
Q3610,A2
Q3611,A2
Q3612,A2
Q3613,A2
Q3614,A0
Q3615,A1
Q3616,A2
Q3617,A2
Q3618,A2
Q3619,A2
Q3620,A2
Q3621,A2
Q3622,A2
Q3623,A1
Q3624,A2
Q3625,A0
Q3626,A1
Q3627,A1
Q3628,A2
Q3629,A1
Q3630,A2
Q3631,A1
Q3632,A1
Q3633,A2
Q3634,A2
Q3635,A2
Q3636,A0
Q3637,A2
Q3638,A2
Q3639,A2
Q3640,A1
Q3641,A2
Q3642,A1
Q3643,A2
Q3644,A2
Q3645,A1
Q3646,A2
Q3647,A2
Q3648,A2
Q3649,A2
Q3650,A2
Q3651,A2
Q3652,A1
Q3653,A2
Q3654,A2
Q3655,A2
Q3656,A2
Q3657,A0
Q3658,A1
Q3659,A2
Q3660,A2
Q3661,A2
Q3662,A1
Q3663,A2
Q3664,A2
Q3665,A2
Q3666,A1
Q3667,A2
Q3668,A2
Q3669,A2
Q3670,A2
Q3671,A2
Q3672,A2
Q3673,A0
Q3674,A2
Q3675,A2
Q3676,A2
Q3677,A2
Q3678,A2
Q3679,A1
Q3680,A0
Q3681,A2
Q3682,A2
Q3683,A2
Q3684,A1
Q3685,A2
Q3686,A1
Q3687,A0
Q3688,A2
Q3689,A2
Q3690,A2
Q3691,A2
Q3692,A2
Q3693,A0
Q3694,A2
Q3695,A1
Q3696,A2
Q3697,A2
Q3698,A2
Q3699,A2
Q3700,A2
Q3701,A1
Q3702,A1
Q3703,A2
Q3704,A1
Q3705,A2
Q3706,A2
Q3707,A2
Q3708,A1
Q3709,A2
Q3710,A2
Q3711,A2
Q3712,A2
Q3713,A2
Q3714,A2
Q3715,A2
Q3716,A1
Q3717,A0
Q3718,A2
Q3719,A2
Q3720,A2
Q3721,A1
Q3722,A2
Q3723,A1
Q3724,A2
Q3725,A1
Q3726,A2
Q3727,A2
Q3728,A2
Q3729,A2
Q3730,A2
Q3731,A1
Q3732,A2
Q3733,A2
Q3734,A2
Q3735,A1
Q3736,A2
Q3737,A2
Q3738,A1
Q3739,A2
Q3740,A2
Q3741,A2
Q3742,A2
Q3743,A2
Q3744,A2
Q3745,A1
Q3746,A2
Q3747,A2
Q3748,A0
Q3749,A2
Q3750,A2
Q3751,A2
Q3752,A2
Q3753,A2
Q3754,A1
Q3755,A0
Q3756,A2
Q3757,A2
Q3758,A2
Q3759,A1
Q3760,A0
Q3761,A2
Q3762,A2
Q3763,A1
Q3764,A2
Q3765,A2
Q3766,A1
Q3767,A1
Q3768,A2
Q3769,A2
Q3770,A1
Q3771,A1
Q3772,A2
Q3773,A2
Q3774,A2
Q3775,A2
Q3776,A2
Q3777,A2
Q3778,A2
Q3779,A2
Q3780,A1
Q3781,A1
Q3782,A2
Q3783,A2
Q3784,A2
Q3785,A2
Q3786,A1
Q3787,A2
Q3788,A0
Q3789,A0
Q3790,A2
Q3791,A2
Q3792,A2
Q3793,A2
Q3794,A1
Q3795,A2
Q3796,A2
Q3797,A2
Q3798,A1
Q3799,A2
Q3800,A1
Q3801,A2
Q3802,A2
Q3803,A2
Q3804,A2
Q3805,A2
Q3806,A1
Q3807,A2
Q3808,A2
Q3809,A2
Q3810,A2
Q3811,A2
Q3812,A2
Q3813,A2
Q3814,A1
Q3815,A2
Q3816,A1
Q3817,A2
Q3818,A1
Q3819,A0
Q3820,A2
Q3821,A2
Q3822,A2
Q3823,A1
Q3824,A2
Q3825,A2
Q3826,A1
Q3827,A2
Q3828,A1
Q3829,A2
Q3830,A2
Q3831,A2
Q3832,A2
Q3833,A0
Q3834,A1
Q3835,A1
Q3836,A1
Q3837,A1
Q3838,A2
Q3839,A2
Q3840,A2
Q3841,A1
Q3842,A2
Q3843,A0
Q3844,A2
Q3845,A2
Q3846,A2
Q3847,A1
Q3848,A2
Q3849,A1
Q3850,A0
Q3851,A2
Q3852,A2
Q3853,A1
Q3854,A2
Q3855,A2
Q3856,A1
Q3857,A1
Q3858,A2
Q3859,A1
Q3860,A2
Q3861,A1
Q3862,A2
Q3863,A2
Q3864,A2
Q3865,A2
Q3866,A2
Q3867,A2
Q3868,A0
Q3869,A2
Q3870,A2
Q3871,A1
Q3872,A2
Q3873,A1
Q3874,A1
Q3875,A2
Q3876,A2
Q3877,A1
Q3878,A2
Q3879,A2
Q3880,A2
Q3881,A1
Q3882,A0
Q3883,A2
Q3884,A2
Q3885,A2
Q3886,A2
Q3887,A0
Q3888,A1
Q3889,A1
Q3890,A2
Q3891,A2
Q3892,A0
Q3893,A2
Q3894,A1
Q3895,A2
Q3896,A2
Q3897,A2
Q3898,A2
Q3899,A2
Q3900,A2
Q3901,A1
Q3902,A1
Q3903,A2
Q3904,A2
Q3905,A1
Q3906,A2
Q3907,A1
Q3908,A2
Q3909,A2
Q3910,A2
Q3911,A0
Q3912,A2
Q3913,A2
Q3914,A1
Q3915,A2
Q3916,A2
Q3917,A0
Q3918,A0
Q3919,A1
Q3920,A2
Q3921,A2
Q3922,A1
Q3923,A0
Q3924,A2
Q3925,A1
Q3926,A1
Q3927,A1
Q3928,A2
Q3929,A2
Q3930,A2
Q3931,A2
Q3932,A2
Q3933,A1
Q3934,A2
Q3935,A2
Q3936,A0
Q3937,A2
Q3938,A2
Q3939,A2
Q3940,A2
Q3941,A2
Q3942,A2
Q3943,A1
Q3944,A1
Q3945,A2
Q3946,A1
Q3947,A2
Q3948,A2
Q3949,A2
Q3950,A0
Q3951,A2
Q3952,A2
Q3953,A2
Q3954,A2
Q3955,A2
Q3956,A1
Q3957,A2
Q3958,A2
Q3959,A0
Q3960,A2
Q3961,A2
Q3962,A2
Q3963,A2
Q3964,A2
Q3965,A2
Q3966,A2
Q3967,A1
Q3968,A2
Q3969,A2
Q3970,A1
Q3971,A0
Q3972,A2
Q3973,A0
Q3974,A2
Q3975,A2
Q3976,A2
Q3977,A2
Q3978,A2
Q3979,A2
Q3980,A2
Q3981,A1
Q3982,A2
Q3983,A1
Q3984,A2
Q3985,A1
Q3986,A2
Q3987,A2
Q3988,A2
Q3989,A2
Q3990,A2
Q3991,A1
Q3992,A2
Q3993,A2
Q3994,A2
Q3995,A2
Q3996,A2
Q3997,A2
Q3998,A2
Q3999,A2
Q4000,A2
Q4001,A2
Q4002,A2
Q4003,A2
Q4004,A2
Q4005,A2
Q4006,A2
Q4007,A2
Q4008,A0
Q4009,A2
Q4010,A2
Q4011,A2
Q4012,A1
Q4013,A2
Q4014,A2
Q4015,A2
Q4016,A0
Q4017,A1
Q4018,A2
Q4019,A1
Q4020,A2
Q4021,A2
Q4022,A2
Q4023,A1
Q4024,A2
Q4025,A2
Q4026,A2
Q4027,A1
Q4028,A2
Q4029,A2
Q4030,A0
Q4031,A2
Q4032,A2
Q4033,A2
Q4034,A2
Q4035,A2
Q4036,A2
Q4037,A2
Q4038,A2
Q4039,A2
Q4040,A1
Q4041,A2
Q4042,A2
Q4043,A2
Q4044,A1
Q4045,A2
Q4046,A0
Q4047,A2
Q4048,A2
Q4049,A2
Q4050,A2
Q4051,A1
Q4052,A1
Q4053,A1
Q4054,A2
Q4055,A2
Q4056,A1
Q4057,A1
Q4058,A2
Q4059,A1
Q4060,A2
Q4061,A2
Q4062,A2
Q4063,A0
Q4064,A2
Q4065,A2
Q4066,A2
Q4067,A1
Q4068,A2
Q4069,A2
Q4070,A1
Q4071,A0
Q4072,A0
Q4073,A2
Q4074,A2
Q4075,A2
Q4076,A2
Q4077,A1
Q4078,A2
Q4079,A2
Q4080,A2
Q4081,A1
Q4082,A2
Q4083,A2
Q4084,A2
Q4085,A1
Q4086,A2
Q4087,A1
Q4088,A1
Q4089,A2
Q4090,A2
Q4091,A2
Q4092,A1
Q4093,A0
Q4094,A1
Q4095,A1
Q4096,A1
Q4097,A2
Q4098,A2
Q4099,A1
Q4100,A1
Q4101,A1
Q4102,A0
Q4103,A1
Q4104,A2
Q4105,A2
Q4106,A2
Q4107,A2
Q4108,A2
Q4109,A2
Q4110,A2
Q4111,A2
Q4112,A1
Q4113,A1
Q4114,A2
Q4115,A2
Q4116,A2
Q4117,A1
Q4118,A0
Q4119,A2
Q4120,A2
Q4121,A2
Q4122,A2
Q4123,A1
Q4124,A2
Q4125,A0
Q4126,A2
Q4127,A0
Q4128,A2
Q4129,A2
Q4130,A0
Q4131,A2
Q4132,A2
Q4133,A1
Q4134,A2
Q4135,A2
Q4136,A1
Q4137,A2
Q4138,A2
Q4139,A2
Q4140,A2
Q4141,A2
Q4142,A2
Q4143,A2
Q4144,A2
Q4145,A2
Q4146,A1
Q4147,A2
Q4148,A2
Q4149,A0
Q4150,A2
Q4151,A2
Q4152,A2
Q4153,A2
Q4154,A2
Q4155,A2
Q4156,A1
Q4157,A2
Q4158,A1
Q4159,A2
Q4160,A0
Q4161,A2
Q4162,A2
Q4163,A2
Q4164,A1
Q4165,A2
Q4166,A2
Q4167,A2
Q4168,A0
Q4169,A2
Q4170,A2
Q4171,A2
Q4172,A2
Q4173,A1
Q4174,A2
Q4175,A2
Q4176,A2
Q4177,A2
Q4178,A2
Q4179,A2
Q4180,A1
Q4181,A2
Q4182,A2
Q4183,A2
Q4184,A2
Q4185,A2
Q4186,A2
Q4187,A1
Q4188,A2
Q4189,A2
Q4190,A1
Q4191,A1
Q4192,A2
Q4193,A0
Q4194,A2
Q4195,A2
Q4196,A1
Q4197,A2
Q4198,A2
Q4199,A1
Q4200,A2
Q4201,A2
Q4202,A1
Q4203,A1
Q4204,A0
Q4205,A2
Q4206,A1
Q4207,A2
Q4208,A2
Q4209,A0
Q4210,A2
Q4211,A2
Q4212,A2
Q4213,A1
Q4214,A2
Q4215,A1
Q4216,A2
Q4217,A2
Q4218,A2
Q4219,A2
Q4220,A2
Q4221,A1
Q4222,A2
Q4223,A2
Q4224,A1
Q4225,A1
Q4226,A2
Q4227,A2
Q4228,A2
Q4229,A2
Q4230,A2
Q4231,A2
Q4232,A2
Q4233,A2
Q4234,A1
Q4235,A2
Q4236,A1
Q4237,A0
Q4238,A1
Q4239,A1
Q4240,A1
Q4241,A2
Q4242,A2
Q4243,A1
Q4244,A2
Q4245,A2
Q4246,A2
Q4247,A1
Q4248,A0
Q4249,A2
Q4250,A1
Q4251,A2
Q4252,A2
Q4253,A2
Q4254,A2
Q4255,A0
Q4256,A2
Q4257,A2
Q4258,A2
Q4259,A2
Q4260,A2
Q4261,A2
Q4262,A2
Q4263,A2
Q4264,A2
Q4265,A0
Q4266,A0
Q4267,A2
Q4268,A2
Q4269,A2
Q4270,A0
Q4271,A2
Q4272,A2
Q4273,A1
Q4274,A2
Q4275,A0
Q4276,A0
Q4277,A2
Q4278,A2
Q4279,A2
Q4280,A2
Q4281,A2
Q4282,A2
Q4283,A1
Q4284,A1
Q4285,A0
Q4286,A1
Q4287,A2
Q4288,A2
Q4289,A2
Q4290,A2
Q4291,A2
Q4292,A2
Q4293,A1
Q4294,A2
Q4295,A2
Q4296,A1
Q4297,A2
Q4298,A1
Q4299,A1
Q4300,A1
Q4301,A2
Q4302,A2
Q4303,A2
Q4304,A2
Q4305,A2
Q4306,A1
Q4307,A2
Q4308,A2
Q4309,A1
Q4310,A0
Q4311,A2
Q4312,A2
Q4313,A2
Q4314,A2
Q4315,A2
Q4316,A2
Q4317,A2
Q4318,A2
Q4319,A2
Q4320,A2
Q4321,A2
Q4322,A2
Q4323,A2
Q4324,A2
Q4325,A2
Q4326,A2
Q4327,A2
Q4328,A1
Q4329,A0
Q4330,A2
Q4331,A1
Q4332,A2
Q4333,A2
Q4334,A1
Q4335,A0
Q4336,A2
Q4337,A2
Q4338,A2
Q4339,A1
Q4340,A2
Q4341,A0
Q4342,A2
Q4343,A2
Q4344,A2
Q4345,A1
Q4346,A1
Q4347,A2
Q4348,A2
Q4349,A2
Q4350,A1
Q4351,A1
Q4352,A1
Q4353,A2
Q4354,A1
Q4355,A1
Q4356,A2
Q4357,A2
Q4358,A2
Q4359,A2
Q4360,A2
Q4361,A0
Q4362,A2
Q4363,A1
Q4364,A2
Q4365,A2
Q4366,A1
Q4367,A2
Q4368,A2
Q4369,A1
Q4370,A2
Q4371,A1
Q4372,A1
Q4373,A2
Q4374,A2
Q4375,A2
Q4376,A2
Q4377,A0
Q4378,A1
Q4379,A1
Q4380,A2
Q4381,A1
Q4382,A1
Q4383,A2
Q4384,A1
Q4385,A0
Q4386,A2
Q4387,A1
Q4388,A2
Q4389,A2
Q4390,A1
Q4391,A1
Q4392,A2
Q4393,A0
Q4394,A1
Q4395,A0
Q4396,A2
Q4397,A2
Q4398,A2
Q4399,A1
Q4400,A2
Q4401,A1
Q4402,A1
Q4403,A2
Q4404,A0
Q4405,A2
Q4406,A2
Q4407,A2
Q4408,A2
Q4409,A2
Q4410,A2
Q4411,A2
Q4412,A2
Q4413,A2
Q4414,A2
Q4415,A2
Q4416,A2
Q4417,A0
Q4418,A2
Q4419,A1
Q4420,A1
Q4421,A2
Q4422,A2
Q4423,A1
Q4424,A2
Q4425,A1
Q4426,A1
Q4427,A2
Q4428,A2
Q4429,A2
Q4430,A2
Q4431,A2
Q4432,A2
Q4433,A1
Q4434,A2
Q4435,A1
Q4436,A2
Q4437,A2
Q4438,A2
Q4439,A1
Q4440,A1
Q4441,A2
Q4442,A2
Q4443,A2
Q4444,A2
Q4445,A2
Q4446,A1
Q4447,A2
Q4448,A1
Q4449,A2
Q4450,A2
Q4451,A2
Q4452,A2
Q4453,A2
Q4454,A2
Q4455,A2
Q4456,A2
Q4457,A2
Q4458,A1
Q4459,A1
Q4460,A0
Q4461,A1
Q4462,A2
Q4463,A2
Q4464,A2
Q4465,A2
Q4466,A0
Q4467,A1
Q4468,A2
Q4469,A2
Q4470,A1
Q4471,A2
Q4472,A1
Q4473,A1
Q4474,A2
Q4475,A2
Q4476,A2
Q4477,A2
Q4478,A2
Q4479,A1
Q4480,A2
Q4481,A2
Q4482,A0
Q4483,A2
Q4484,A2
Q4485,A2
Q4486,A2
Q4487,A2
Q4488,A2
Q4489,A2
Q4490,A2
Q4491,A2
Q4492,A1
Q4493,A2
Q4494,A2
Q4495,A2
Q4496,A2
Q4497,A2
Q4498,A2
Q4499,A1
Q4500,A2
Q4501,A2
Q4502,A0
Q4503,A2
Q4504,A2
Q4505,A2
Q4506,A2
Q4507,A2
Q4508,A2
Q4509,A2
Q4510,A1
Q4511,A2
Q4512,A0
Q4513,A2
Q4514,A2
Q4515,A2
Q4516,A0
Q4517,A2
Q4518,A2
Q4519,A2
Q4520,A0
Q4521,A2
Q4522,A1
Q4523,A2
Q4524,A2
Q4525,A0
Q4526,A2
Q4527,A2
Q4528,A2
Q4529,A2
Q4530,A2
Q4531,A1
Q4532,A2
Q4533,A1
Q4534,A0
Q4535,A0
Q4536,A1
Q4537,A2
Q4538,A2
Q4539,A1
Q4540,A2
Q4541,A2
Q4542,A2
Q4543,A1
Q4544,A2
Q4545,A2
Q4546,A2
Q4547,A1
Q4548,A1
Q4549,A2
Q4550,A0
Q4551,A1
Q4552,A2
Q4553,A2
Q4554,A1
Q4555,A2
Q4556,A1
Q4557,A2
Q4558,A0
Q4559,A1
Q4560,A2
Q4561,A2
Q4562,A2
Q4563,A1
Q4564,A0
Q4565,A2
Q4566,A0
Q4567,A0
Q4568,A2
Q4569,A2
Q4570,A0
Q4571,A2
Q4572,A2
Q4573,A2
Q4574,A2
Q4575,A2
Q4576,A2
Q4577,A2
Q4578,A2
Q4579,A2
Q4580,A2
Q4581,A1
Q4582,A1
Q4583,A2
Q4584,A2
Q4585,A2
Q4586,A2
Q4587,A2
Q4588,A2
Q4589,A2
Q4590,A1
Q4591,A2
Q4592,A2
Q4593,A2
Q4594,A2
Q4595,A2
Q4596,A2
Q4597,A2
Q4598,A1
Q4599,A0
Q4600,A1
Q4601,A1
Q4602,A2
Q4603,A2
Q4604,A2
Q4605,A2
Q4606,A0
Q4607,A2
Q4608,A2
Q4609,A2
Q4610,A2
Q4611,A0
Q4612,A2
Q4613,A2
Q4614,A1
Q4615,A2
Q4616,A1
Q4617,A2
Q4618,A2
Q4619,A2
Q4620,A2
Q4621,A2
Q4622,A2
Q4623,A1
Q4624,A2
Q4625,A1
Q4626,A2
Q4627,A1
Q4628,A1
Q4629,A0
Q4630,A2
Q4631,A1
Q4632,A0
Q4633,A2
Q4634,A2
Q4635,A2
Q4636,A2
Q4637,A1
Q4638,A2
Q4639,A2
Q4640,A2
Q4641,A2
Q4642,A1
Q4643,A1
Q4644,A0
Q4645,A2
Q4646,A2
Q4647,A2
Q4648,A2
Q4649,A2
Q4650,A1
Q4651,A0
Q4652,A2
Q4653,A2
Q4654,A1
Q4655,A2
Q4656,A1
Q4657,A2
Q4658,A1
Q4659,A2
Q4660,A2
Q4661,A1
Q4662,A1
Q4663,A2
Q4664,A2
Q4665,A0
Q4666,A2
Q4667,A1
Q4668,A1
Q4669,A2
Q4670,A1
Q4671,A1
Q4672,A2
Q4673,A2
Q4674,A1
Q4675,A2
Q4676,A2
Q4677,A2
Q4678,A2
Q4679,A2
Q4680,A2
Q4681,A2
Q4682,A0
Q4683,A1
Q4684,A0
Q4685,A2
Q4686,A2
Q4687,A2
Q4688,A2
Q4689,A0
Q4690,A2
Q4691,A1
Q4692,A2
Q4693,A2
Q4694,A2
Q4695,A2
Q4696,A1
Q4697,A1
Q4698,A2
Q4699,A2
Q4700,A1
Q4701,A2
Q4702,A2
Q4703,A2
Q4704,A2
Q4705,A2
Q4706,A2
Q4707,A2
Q4708,A2
Q4709,A1
Q4710,A1
Q4711,A2
Q4712,A1
Q4713,A2
Q4714,A0
Q4715,A1
Q4716,A2
Q4717,A2
Q4718,A1
Q4719,A1
Q4720,A2
Q4721,A2
Q4722,A2
Q4723,A2
Q4724,A2
Q4725,A0
Q4726,A2
Q4727,A0
Q4728,A2
Q4729,A1
Q4730,A2
Q4731,A1
Q4732,A1
Q4733,A2
Q4734,A2
Q4735,A2
Q4736,A2
Q4737,A2
Q4738,A2
Q4739,A2
Q4740,A2
Q4741,A2
Q4742,A2
Q4743,A1
Q4744,A1
Q4745,A1
Q4746,A2
Q4747,A1
Q4748,A1
Q4749,A1
Q4750,A0
Q4751,A2
Q4752,A2
Q4753,A1
Q4754,A2
Q4755,A2
Q4756,A2
Q4757,A2
Q4758,A2
Q4759,A2
Q4760,A2
Q4761,A2
Q4762,A1
Q4763,A2
Q4764,A1
Q4765,A1
Q4766,A2
Q4767,A1
Q4768,A2
Q4769,A2
Q4770,A2
Q4771,A2
Q4772,A0
Q4773,A2
Q4774,A1
Q4775,A0
Q4776,A2
Q4777,A2
Q4778,A1
Q4779,A0
Q4780,A2
Q4781,A1
Q4782,A2
Q4783,A2
Q4784,A1
Q4785,A2
Q4786,A2
Q4787,A2
Q4788,A2
Q4789,A1
Q4790,A0
Q4791,A2
Q4792,A1
Q4793,A2
Q4794,A2
Q4795,A2
Q4796,A2
Q4797,A2
Q4798,A2
Q4799,A2
Q4800,A2
Q4801,A2
Q4802,A2
Q4803,A2
Q4804,A1
Q4805,A2
Q4806,A1
Q4807,A2
Q4808,A1
Q4809,A2
Q4810,A2
Q4811,A1
Q4812,A2
Q4813,A0
Q4814,A2
Q4815,A1
Q4816,A2
Q4817,A2
Q4818,A1
Q4819,A2
Q4820,A2
Q4821,A2
Q4822,A2
Q4823,A1
Q4824,A1
Q4825,A2
Q4826,A2
Q4827,A1
Q4828,A2
Q4829,A2
Q4830,A1
Q4831,A2
Q4832,A1
Q4833,A0
Q4834,A2
Q4835,A2
Q4836,A2
Q4837,A0
Q4838,A2
Q4839,A1
Q4840,A1
Q4841,A1
Q4842,A2
Q4843,A2
Q4844,A2
Q4845,A2
Q4846,A1
Q4847,A2
Q4848,A1
Q4849,A0
Q4850,A2
Q4851,A2
Q4852,A2
Q4853,A2
Q4854,A2
Q4855,A1
Q4856,A1
Q4857,A0
Q4858,A2
Q4859,A1
Q4860,A2
Q4861,A2
Q4862,A2
Q4863,A1
Q4864,A2
Q4865,A0
Q4866,A1
Q4867,A2
Q4868,A2
Q4869,A1
Q4870,A2
Q4871,A2
Q4872,A2
Q4873,A1
Q4874,A1
Q4875,A2
Q4876,A2
Q4877,A2
Q4878,A2
Q4879,A2
Q4880,A1
Q4881,A2
Q4882,A2
Q4883,A2
Q4884,A1
Q4885,A0
Q4886,A2
Q4887,A2
Q4888,A2
Q4889,A2
Q4890,A0
Q4891,A2
Q4892,A2
Q4893,A2
Q4894,A2
Q4895,A1
Q4896,A2
Q4897,A2
Q4898,A2
Q4899,A2
Q4900,A1
Q4901,A2
Q4902,A2
Q4903,A2
Q4904,A2
Q4905,A2
Q4906,A1
Q4907,A2
Q4908,A1
Q4909,A2
Q4910,A1
Q4911,A2
Q4912,A2
Q4913,A1
Q4914,A2
Q4915,A1
Q4916,A1
Q4917,A2
Q4918,A2
Q4919,A0
Q4920,A2
Q4921,A2
Q4922,A2
Q4923,A2
Q4924,A1
Q4925,A2
Q4926,A2
Q4927,A2
Q4928,A2
Q4929,A1
Q4930,A2
Q4931,A2
Q4932,A1
Q4933,A2
Q4934,A2
Q4935,A1
Q4936,A2
Q4937,A2
Q4938,A2
Q4939,A2
Q4940,A2
Q4941,A2
Q4942,A2
Q4943,A2
Q4944,A1
Q4945,A0
Q4946,A1
Q4947,A1
Q4948,A0
Q4949,A2
Q4950,A2
Q4951,A2
Q4952,A2
Q4953,A2
Q4954,A2
Q4955,A0
Q4956,A1
Q4957,A2
Q4958,A2
Q4959,A2
Q4960,A1
Q4961,A2
Q4962,A1
Q4963,A2
Q4964,A1
Q4965,A1
Q4966,A2
Q4967,A2
Q4968,A1
Q4969,A2
Q4970,A2
Q4971,A2
Q4972,A2
Q4973,A2
Q4974,A2
Q4975,A2
Q4976,A2
Q4977,A2
Q4978,A2
Q4979,A2
Q4980,A1
Q4981,A0
Q4982,A1
Q4983,A1
Q4984,A2
Q4985,A2
Q4986,A2
Q4987,A1
Q4988,A2
Q4989,A1
Q4990,A2
Q4991,A1
Q4992,A2
Q4993,A2
Q4994,A2
Q4995,A2
Q4996,A0
Q4997,A2
Q4998,A2
Q4999,A1
Q5000,A2
Q5001,A2
Q5002,A2
Q5003,A2
Q5004,A1
Q5005,A0
Q5006,A2
Q5007,A1
Q5008,A2
Q5009,A2
Q5010,A1
Q5011,A1
Q5012,A2
Q5013,A1
Q5014,A2
Q5015,A1
Q5016,A2
Q5017,A2
Q5018,A1
Q5019,A1
Q5020,A2
Q5021,A0
Q5022,A2
Q5023,A2
Q5024,A2
Q5025,A2
Q5026,A2
Q5027,A1
Q5028,A1
Q5029,A2
Q5030,A0
Q5031,A2
Q5032,A1
Q5033,A2
Q5034,A2
Q5035,A2
Q5036,A2
Q5037,A0
Q5038,A1
Q5039,A2
Q5040,A1
Q5041,A2
Q5042,A2
Q5043,A1
Q5044,A2
Q5045,A2
Q5046,A2
Q5047,A2
Q5048,A2
Q5049,A2
Q5050,A1
Q5051,A0
Q5052,A2
Q5053,A1
Q5054,A1
Q5055,A2
Q5056,A2
Q5057,A2
Q5058,A0
Q5059,A2
Q5060,A0
Q5061,A1
Q5062,A1
Q5063,A0
Q5064,A1
Q5065,A2
Q5066,A2
Q5067,A2
Q5068,A0
Q5069,A1
Q5070,A2
Q5071,A1
Q5072,A2
Q5073,A2
Q5074,A2
Q5075,A2
Q5076,A2
Q5077,A2
Q5078,A2
Q5079,A1
Q5080,A2
Q5081,A1
Q5082,A2
Q5083,A0
Q5084,A2
Q5085,A2
Q5086,A2
Q5087,A0
Q5088,A1
Q5089,A2
Q5090,A2
Q5091,A2
Q5092,A2
Q5093,A2
Q5094,A1
Q5095,A0
Q5096,A2
Q5097,A2
Q5098,A0
Q5099,A2
Q5100,A2
Q5101,A1
Q5102,A2
Q5103,A0
Q5104,A2
Q5105,A2
Q5106,A2
Q5107,A0
Q5108,A1
Q5109,A1
Q5110,A2
Q5111,A2
Q5112,A1
Q5113,A2
Q5114,A2
Q5115,A2
Q5116,A0
Q5117,A0
Q5118,A2
Q5119,A0
Q5120,A2
Q5121,A2
Q5122,A1
Q5123,A2
Q5124,A1
Q5125,A2
Q5126,A0
Q5127,A2
Q5128,A2
Q5129,A2
Q5130,A2
Q5131,A2
Q5132,A2
Q5133,A2
Q5134,A2
Q5135,A1
Q5136,A2
Q5137,A2
Q5138,A2
Q5139,A2
Q5140,A2
Q5141,A2
Q5142,A2
Q5143,A2
Q5144,A2
Q5145,A2
Q5146,A2
Q5147,A2
Q5148,A0
Q5149,A0
Q5150,A1
Q5151,A2
Q5152,A2
Q5153,A2
Q5154,A2
Q5155,A2
Q5156,A0
Q5157,A2
Q5158,A2
Q5159,A2
Q5160,A2
Q5161,A2
Q5162,A2
Q5163,A2
Q5164,A2
Q5165,A2
Q5166,A2
Q5167,A1
Q5168,A2
Q5169,A2
Q5170,A1
Q5171,A2
Q5172,A2
Q5173,A1
Q5174,A2
Q5175,A2
Q5176,A2
Q5177,A2
Q5178,A1
Q5179,A2
Q5180,A1
Q5181,A2
Q5182,A1
Q5183,A1
Q5184,A0
Q5185,A2
Q5186,A2
Q5187,A2
Q5188,A2
Q5189,A2
Q5190,A1
Q5191,A2
Q5192,A2
Q5193,A1
Q5194,A2
Q5195,A1
Q5196,A2
Q5197,A2
Q5198,A2
Q5199,A2
Q5200,A2
Q5201,A2
Q5202,A0
Q5203,A2
Q5204,A2
Q5205,A0
Q5206,A2
Q5207,A2
Q5208,A2
Q5209,A2
Q5210,A2
Q5211,A1
Q5212,A2
Q5213,A1
Q5214,A2
Q5215,A0
Q5216,A2
Q5217,A2
Q5218,A1
Q5219,A2
Q5220,A0
Q5221,A2
Q5222,A2
Q5223,A1
Q5224,A2
Q5225,A2
Q5226,A2
Q5227,A2
Q5228,A2
Q5229,A2
Q5230,A1
Q5231,A0
Q5232,A1
Q5233,A2
Q5234,A2
Q5235,A2
Q5236,A2
Q5237,A2
Q5238,A0
Q5239,A2
Q5240,A1
Q5241,A0
Q5242,A1
Q5243,A0
Q5244,A2
Q5245,A0
Q5246,A2
Q5247,A1
Q5248,A2
Q5249,A2
Q5250,A1
Q5251,A2
Q5252,A1
Q5253,A2
Q5254,A2
Q5255,A2
Q5256,A1
Q5257,A2
Q5258,A1
Q5259,A2
Q5260,A1
Q5261,A2
Q5262,A2
Q5263,A1
Q5264,A2
Q5265,A2
Q5266,A1
Q5267,A2
Q5268,A2
Q5269,A2
Q5270,A2
Q5271,A2
Q5272,A0
Q5273,A2
Q5274,A2
Q5275,A2
Q5276,A1
Q5277,A2
Q5278,A2
Q5279,A2
Q5280,A0
Q5281,A1
Q5282,A2
Q5283,A2
Q5284,A2
Q5285,A2
Q5286,A2
Q5287,A2
Q5288,A0
Q5289,A0
Q5290,A1
Q5291,A0
Q5292,A2
Q5293,A2
Q5294,A1
Q5295,A2
Q5296,A2
Q5297,A2
Q5298,A2
Q5299,A2
Q5300,A1
Q5301,A1
Q5302,A2
Q5303,A2
Q5304,A2
Q5305,A2
Q5306,A2
Q5307,A2
Q5308,A2
Q5309,A1
Q5310,A2
Q5311,A1
Q5312,A2
Q5313,A1
Q5314,A1
Q5315,A2
Q5316,A2
Q5317,A1
Q5318,A2
Q5319,A2
Q5320,A2
Q5321,A2
Q5322,A2
Q5323,A1
Q5324,A1
Q5325,A1
Q5326,A2
Q5327,A2
Q5328,A2
Q5329,A2
Q5330,A2
Q5331,A1
Q5332,A1
Q5333,A2
Q5334,A0
Q5335,A1
Q5336,A1
Q5337,A1
Q5338,A2
Q5339,A2
Q5340,A2
Q5341,A1
Q5342,A2
Q5343,A2
Q5344,A1
Q5345,A2
Q5346,A2
Q5347,A0
Q5348,A2
Q5349,A0
Q5350,A1
Q5351,A2
Q5352,A2
Q5353,A2
Q5354,A2
Q5355,A2
Q5356,A2
Q5357,A2
Q5358,A0
Q5359,A1
Q5360,A0
Q5361,A2
Q5362,A2
Q5363,A2
Q5364,A2
Q5365,A2
Q5366,A1
Q5367,A0
Q5368,A2
Q5369,A2
Q5370,A0
Q5371,A2
Q5372,A2
Q5373,A2
Q5374,A2
Q5375,A2
Q5376,A2
Q5377,A2
Q5378,A0
Q5379,A1
Q5380,A2
Q5381,A1
Q5382,A2
Q5383,A0
Q5384,A2
Q5385,A2
Q5386,A1
Q5387,A2
Q5388,A1
Q5389,A0
Q5390,A2
Q5391,A2
Q5392,A1
Q5393,A2
Q5394,A2
Q5395,A2
Q5396,A2
Q5397,A2
Q5398,A2
Q5399,A2
Q5400,A1
Q5401,A2
Q5402,A0
Q5403,A2
Q5404,A2
Q5405,A1
Q5406,A2
Q5407,A0
Q5408,A2
Q5409,A2
Q5410,A1
Q5411,A1
Q5412,A2
Q5413,A2
Q5414,A2
Q5415,A1
Q5416,A1
Q5417,A2
Q5418,A2
Q5419,A1
Q5420,A0
Q5421,A2
Q5422,A0
Q5423,A1
Q5424,A1
Q5425,A0
Q5426,A2
Q5427,A2
Q5428,A2
Q5429,A2
Q5430,A2
Q5431,A2
Q5432,A0
Q5433,A2
Q5434,A2
Q5435,A0
Q5436,A2
Q5437,A2
Q5438,A2
Q5439,A2
Q5440,A0
Q5441,A2
Q5442,A1
Q5443,A1
Q5444,A2
Q5445,A1
Q5446,A2
Q5447,A2
Q5448,A2
Q5449,A2
Q5450,A2
Q5451,A2
Q5452,A2
Q5453,A2
Q5454,A1
Q5455,A2
Q5456,A2
Q5457,A2
Q5458,A0
Q5459,A2
Q5460,A1
Q5461,A2
Q5462,A2
Q5463,A1
Q5464,A2
Q5465,A2
Q5466,A2
Q5467,A1
Q5468,A1
Q5469,A2
Q5470,A2
Q5471,A2
Q5472,A1
Q5473,A1
Q5474,A2
Q5475,A2
Q5476,A2
Q5477,A2
Q5478,A2
Q5479,A0
Q5480,A2
Q5481,A2
Q5482,A2
Q5483,A2
Q5484,A2
Q5485,A0
Q5486,A2
Q5487,A2
Q5488,A2
Q5489,A2
Q5490,A1
Q5491,A0
Q5492,A2
Q5493,A1
Q5494,A2
Q5495,A2
Q5496,A1
Q5497,A2
Q5498,A1
Q5499,A2
Q5500,A2
Q5501,A1
Q5502,A2
Q5503,A2
Q5504,A2
Q5505,A2
Q5506,A2
Q5507,A1
Q5508,A1
Q5509,A2
Q5510,A2
Q5511,A2
Q5512,A2
Q5513,A2
Q5514,A2
Q5515,A2
Q5516,A0
Q5517,A2
Q5518,A2
Q5519,A2
Q5520,A1
Q5521,A2
Q5522,A1
Q5523,A2
Q5524,A2
Q5525,A2
Q5526,A2
Q5527,A2
Q5528,A2
Q5529,A0
Q5530,A1
Q5531,A1
Q5532,A2
Q5533,A2
Q5534,A2
Q5535,A2
Q5536,A0
Q5537,A1
Q5538,A2
Q5539,A2
Q5540,A2
Q5541,A2
Q5542,A2
Q5543,A2
Q5544,A2
Q5545,A1
Q5546,A2
Q5547,A2
Q5548,A2
Q5549,A1
Q5550,A2
Q5551,A1
Q5552,A2
Q5553,A2
Q5554,A2
Q5555,A2
Q5556,A2
Q5557,A2
Q5558,A1
Q5559,A1
Q5560,A1
Q5561,A1
Q5562,A2
Q5563,A2
Q5564,A2
Q5565,A0
Q5566,A2
Q5567,A2
Q5568,A2
Q5569,A0
Q5570,A2
Q5571,A2
Q5572,A2
Q5573,A2
Q5574,A2
Q5575,A2
Q5576,A2
Q5577,A2
Q5578,A2
Q5579,A1
Q5580,A1
Q5581,A2
Q5582,A2
Q5583,A2
Q5584,A2
Q5585,A2
Q5586,A0
Q5587,A2
Q5588,A2
Q5589,A2
Q5590,A0
Q5591,A1
Q5592,A2
Q5593,A2
Q5594,A2
Q5595,A1
Q5596,A2
Q5597,A2
Q5598,A1
Q5599,A2
Q5600,A2
Q5601,A1
Q5602,A2
Q5603,A2
Q5604,A1
Q5605,A2
Q5606,A2
Q5607,A0
Q5608,A2
Q5609,A2
Q5610,A0
Q5611,A1
Q5612,A2
Q5613,A1
Q5614,A2
Q5615,A0
Q5616,A2
Q5617,A1
Q5618,A2
Q5619,A2
Q5620,A2
Q5621,A0
Q5622,A1
Q5623,A1
Q5624,A1
Q5625,A2
Q5626,A2
Q5627,A2
Q5628,A2
Q5629,A1
Q5630,A2
Q5631,A2
Q5632,A1
Q5633,A2
Q5634,A1
Q5635,A2
Q5636,A2
Q5637,A2
Q5638,A2
Q5639,A2
Q5640,A2
Q5641,A1
Q5642,A2
Q5643,A2
Q5644,A2
Q5645,A0
Q5646,A1
Q5647,A2
Q5648,A2
Q5649,A1
Q5650,A2
Q5651,A1
Q5652,A1
Q5653,A2
Q5654,A2
Q5655,A1
Q5656,A0
Q5657,A1
Q5658,A0
Q5659,A1
Q5660,A2
Q5661,A2
Q5662,A2
Q5663,A1
Q5664,A2
Q5665,A1
Q5666,A2
Q5667,A2
Q5668,A2
Q5669,A2
Q5670,A0
Q5671,A2
Q5672,A2
Q5673,A0
Q5674,A0
Q5675,A2
Q5676,A2
Q5677,A0
Q5678,A1
Q5679,A0
Q5680,A1
Q5681,A2
Q5682,A2
Q5683,A1
Q5684,A2
Q5685,A2
Q5686,A0
Q5687,A2
Q5688,A0
Q5689,A1
Q5690,A2
Q5691,A0
Q5692,A0
Q5693,A2
Q5694,A2
Q5695,A2
Q5696,A1
Q5697,A2
Q5698,A2
Q5699,A2
Q5700,A2
Q5701,A1
Q5702,A2
Q5703,A2
Q5704,A2
Q5705,A2
Q5706,A2
Q5707,A2
Q5708,A2
Q5709,A2
Q5710,A1
Q5711,A2
Q5712,A0
Q5713,A2
Q5714,A2
Q5715,A2
Q5716,A1
Q5717,A2
Q5718,A2
Q5719,A2
Q5720,A2
Q5721,A2
Q5722,A0
Q5723,A2
Q5724,A1
Q5725,A2
Q5726,A1
Q5727,A2
Q5728,A0
Q5729,A1
Q5730,A1
Q5731,A2
Q5732,A2
Q5733,A1
Q5734,A1
Q5735,A1
Q5736,A2
Q5737,A2
Q5738,A2
Q5739,A2
Q5740,A2
Q5741,A2
Q5742,A2
Q5743,A1
Q5744,A2
Q5745,A1
Q5746,A2
Q5747,A2
Q5748,A2
Q5749,A2
Q5750,A2
Q5751,A0
Q5752,A2
Q5753,A2
Q5754,A2
Q5755,A2
Q5756,A2
Q5757,A2
Q5758,A2
Q5759,A2
Q5760,A2
Q5761,A2
Q5762,A2
Q5763,A2
Q5764,A2
Q5765,A1
Q5766,A2
Q5767,A1
Q5768,A2
Q5769,A2
Q5770,A2
Q5771,A2
Q5772,A2
Q5773,A2
Q5774,A2
Q5775,A1
Q5776,A1
Q5777,A2
Q5778,A2
Q5779,A1
Q5780,A2
Q5781,A0
Q5782,A2
Q5783,A2
Q5784,A1
Q5785,A1
Q5786,A2
Q5787,A2
Q5788,A2
Q5789,A2
Q5790,A2
Q5791,A2
Q5792,A2
Q5793,A2
Q5794,A2
Q5795,A1
Q5796,A2
Q5797,A1
Q5798,A2
Q5799,A2
Q5800,A2
Q5801,A2
Q5802,A0
Q5803,A0
Q5804,A2
Q5805,A1
Q5806,A1
Q5807,A2
Q5808,A2
Q5809,A0
Q5810,A2
Q5811,A2
Q5812,A2
Q5813,A2
Q5814,A1
Q5815,A1
Q5816,A1
Q5817,A2
Q5818,A1
Q5819,A1
Q5820,A0
Q5821,A1
Q5822,A0
Q5823,A1
Q5824,A2
Q5825,A2
Q5826,A2
Q5827,A2
Q5828,A1
Q5829,A2
Q5830,A2
Q5831,A0
Q5832,A2
Q5833,A2
Q5834,A2
Q5835,A1
Q5836,A2
Q5837,A2
Q5838,A1
Q5839,A1
Q5840,A1
Q5841,A1
Q5842,A1
Q5843,A2
Q5844,A2
Q5845,A2
Q5846,A2
Q5847,A1
Q5848,A2
Q5849,A1
Q5850,A1
Q5851,A2
Q5852,A1
Q5853,A1
Q5854,A2
Q5855,A1
Q5856,A2
Q5857,A2
Q5858,A2
Q5859,A2
Q5860,A2
Q5861,A1
Q5862,A2
Q5863,A2
Q5864,A2
Q5865,A2
Q5866,A2
Q5867,A2
Q5868,A1
Q5869,A2
Q5870,A2
Q5871,A2
Q5872,A2
Q5873,A2
Q5874,A2
Q5875,A1
Q5876,A2
Q5877,A0
Q5878,A2
Q5879,A2
Q5880,A1
Q5881,A2
Q5882,A1
Q5883,A1
Q5884,A1
Q5885,A2
Q5886,A2
Q5887,A2
Q5888,A2
Q5889,A1
Q5890,A1
Q5891,A2
Q5892,A2
Q5893,A2
Q5894,A2
Q5895,A2
Q5896,A2
Q5897,A2
Q5898,A2
Q5899,A2
Q5900,A1
Q5901,A2
Q5902,A2
Q5903,A2
Q5904,A2
Q5905,A2
Q5906,A0
Q5907,A1
Q5908,A2
Q5909,A1
Q5910,A2
Q5911,A2
Q5912,A2
Q5913,A2
Q5914,A2
Q5915,A2
Q5916,A2
Q5917,A2
Q5918,A2
Q5919,A1
Q5920,A2
Q5921,A2
Q5922,A2
Q5923,A2
Q5924,A2
Q5925,A1
Q5926,A2
Q5927,A2
Q5928,A0
Q5929,A0
Q5930,A2
Q5931,A1
Q5932,A2
Q5933,A2
Q5934,A1
Q5935,A1
Q5936,A2
Q5937,A2
Q5938,A2
Q5939,A1
Q5940,A1
Q5941,A2
Q5942,A2
Q5943,A2
Q5944,A2
Q5945,A1
Q5946,A2
Q5947,A0
Q5948,A2
Q5949,A2
Q5950,A2
Q5951,A0
Q5952,A2
Q5953,A2
Q5954,A2
Q5955,A2
Q5956,A2
Q5957,A0
Q5958,A2
Q5959,A2
Q5960,A0
Q5961,A1
Q5962,A2
Q5963,A2
Q5964,A2
Q5965,A2
Q5966,A2
Q5967,A2
Q5968,A0
Q5969,A1
Q5970,A2
Q5971,A2
Q5972,A2
Q5973,A0
Q5974,A1
Q5975,A1
Q5976,A2
Q5977,A2
Q5978,A2
Q5979,A0
Q5980,A2
Q5981,A2
Q5982,A2
Q5983,A2
Q5984,A2
Q5985,A2
Q5986,A2
Q5987,A2
Q5988,A2
Q5989,A2
Q5990,A2
Q5991,A2
Q5992,A2
Q5993,A2
Q5994,A2
Q5995,A2
Q5996,A1
Q5997,A1
Q5998,A1
Q5999,A2
Q6000,A2
Q6001,A1
Q6002,A2
Q6003,A2
Q6004,A2
Q6005,A2
Q6006,A0
Q6007,A2
Q6008,A1
Q6009,A2
Q6010,A2
Q6011,A2
Q6012,A2
Q6013,A2
Q6014,A1
Q6015,A2
Q6016,A1
Q6017,A2
Q6018,A2
Q6019,A2
Q6020,A2
Q6021,A1
Q6022,A2
Q6023,A2
Q6024,A2
Q6025,A2
Q6026,A2
Q6027,A2
Q6028,A2
Q6029,A2
Q6030,A2
Q6031,A0
Q6032,A2
Q6033,A0
Q6034,A2
Q6035,A1
Q6036,A2
Q6037,A2
Q6038,A1
Q6039,A2
Q6040,A1
Q6041,A1
Q6042,A0
Q6043,A1
Q6044,A2
Q6045,A2
Q6046,A1
Q6047,A2
Q6048,A2
Q6049,A2
Q6050,A0
Q6051,A2
Q6052,A2
Q6053,A2
Q6054,A2
Q6055,A1
Q6056,A0
Q6057,A2
Q6058,A2
Q6059,A2
Q6060,A2
Q6061,A1
Q6062,A2
Q6063,A0
Q6064,A0
Q6065,A1
Q6066,A2
Q6067,A2
Q6068,A1
Q6069,A1
Q6070,A1
Q6071,A2
Q6072,A1
Q6073,A1
Q6074,A2
Q6075,A2
Q6076,A2
Q6077,A2
Q6078,A2
Q6079,A2
Q6080,A2
Q6081,A1
Q6082,A2
Q6083,A2
Q6084,A2
Q6085,A2
Q6086,A2
Q6087,A2
Q6088,A0
Q6089,A2
Q6090,A2
Q6091,A2
Q6092,A1
Q6093,A2
Q6094,A2
Q6095,A2
Q6096,A1
Q6097,A2
Q6098,A0
Q6099,A2
Q6100,A1
Q6101,A1
Q6102,A2
Q6103,A2
Q6104,A2
Q6105,A2
Q6106,A2
Q6107,A2
Q6108,A2
Q6109,A2
Q6110,A2
Q6111,A2
Q6112,A1
Q6113,A1
Q6114,A2
Q6115,A2
Q6116,A2
Q6117,A2
Q6118,A1
Q6119,A2
Q6120,A1
Q6121,A1
Q6122,A1
Q6123,A2
Q6124,A2
Q6125,A2
Q6126,A2
Q6127,A2
Q6128,A2
Q6129,A2
Q6130,A1
Q6131,A2
Q6132,A1
Q6133,A0
Q6134,A1
Q6135,A2
Q6136,A2
Q6137,A2
Q6138,A2
Q6139,A2
Q6140,A2
Q6141,A2
Q6142,A2
Q6143,A2
Q6144,A2
Q6145,A2
Q6146,A2
Q6147,A2
Q6148,A1
Q6149,A1
Q6150,A1
Q6151,A1
Q6152,A1
Q6153,A2
Q6154,A1
Q6155,A2
Q6156,A1
Q6157,A2
Q6158,A2
Q6159,A2
Q6160,A1
Q6161,A0
Q6162,A1
Q6163,A2
Q6164,A2
Q6165,A2
Q6166,A1
Q6167,A2
Q6168,A2
Q6169,A2
Q6170,A1
Q6171,A0
Q6172,A2
Q6173,A2
Q6174,A2
Q6175,A2
Q6176,A0
Q6177,A1
Q6178,A1
Q6179,A1
Q6180,A1
Q6181,A2
Q6182,A2
Q6183,A1
Q6184,A0
Q6185,A2
Q6186,A0
Q6187,A2
Q6188,A1
Q6189,A2
Q6190,A2
Q6191,A2
Q6192,A2
Q6193,A1
Q6194,A0
Q6195,A1
Q6196,A2
Q6197,A2
Q6198,A1
Q6199,A2
Q6200,A2
Q6201,A2
Q6202,A2
Q6203,A2
Q6204,A1
Q6205,A2
Q6206,A2
Q6207,A0
Q6208,A2
Q6209,A2
Q6210,A1
Q6211,A2
Q6212,A0
Q6213,A1
Q6214,A2
Q6215,A2
Q6216,A2
Q6217,A2
Q6218,A2
Q6219,A2
Q6220,A2
Q6221,A2
Q6222,A2
Q6223,A2
Q6224,A2
Q6225,A2
Q6226,A2
Q6227,A2
Q6228,A2
Q6229,A2
Q6230,A2
Q6231,A1
Q6232,A2
Q6233,A2
Q6234,A2
Q6235,A1
Q6236,A2
Q6237,A2
Q6238,A2
Q6239,A2
Q6240,A1
Q6241,A1
Q6242,A2
Q6243,A2
Q6244,A1
Q6245,A1
Q6246,A2
Q6247,A2
Q6248,A0
Q6249,A1
Q6250,A2
Q6251,A2
Q6252,A0
Q6253,A2
Q6254,A2
Q6255,A2
Q6256,A0
Q6257,A1
Q6258,A2
Q6259,A2
Q6260,A2
Q6261,A1
Q6262,A2
Q6263,A1
Q6264,A2
Q6265,A2
Q6266,A2
Q6267,A1
Q6268,A0
Q6269,A1
Q6270,A2
Q6271,A2
Q6272,A1
Q6273,A2
Q6274,A2
Q6275,A2
Q6276,A2
Q6277,A2
Q6278,A2
Q6279,A2
Q6280,A2
Q6281,A2
Q6282,A2
Q6283,A2
Q6284,A2
Q6285,A0
Q6286,A2
Q6287,A2
Q6288,A1
Q6289,A2
Q6290,A2
Q6291,A2
Q6292,A1
Q6293,A1
Q6294,A2
Q6295,A2
Q6296,A2
Q6297,A1
Q6298,A1
Q6299,A2
Q6300,A2
Q6301,A2
Q6302,A2
Q6303,A2
Q6304,A2
Q6305,A1
Q6306,A0
Q6307,A1
Q6308,A2
Q6309,A2
Q6310,A2
Q6311,A2
Q6312,A1
Q6313,A2
Q6314,A2
Q6315,A2
Q6316,A1
Q6317,A2
Q6318,A0
Q6319,A2
Q6320,A0
Q6321,A2
Q6322,A2
Q6323,A1
Q6324,A2
Q6325,A1
Q6326,A2
Q6327,A2
Q6328,A2
Q6329,A2
Q6330,A0
Q6331,A2
Q6332,A2
Q6333,A2
Q6334,A2
Q6335,A1
Q6336,A1
Q6337,A1
Q6338,A1
Q6339,A2
Q6340,A2
Q6341,A2
Q6342,A2
Q6343,A2
Q6344,A2
Q6345,A1
Q6346,A2
Q6347,A1
Q6348,A1
Q6349,A2
Q6350,A2
Q6351,A2
Q6352,A2
Q6353,A2
Q6354,A2
Q6355,A0
Q6356,A2
Q6357,A1
Q6358,A2
Q6359,A2
Q6360,A2
Q6361,A2
Q6362,A2
Q6363,A2
Q6364,A2
Q6365,A2
Q6366,A2
Q6367,A2
Q6368,A2
Q6369,A2
Q6370,A2
Q6371,A2
Q6372,A2
Q6373,A1
Q6374,A2
Q6375,A2
Q6376,A2
Q6377,A1
Q6378,A2
Q6379,A1
Q6380,A2
Q6381,A2
Q6382,A1
Q6383,A1
Q6384,A1
Q6385,A2
Q6386,A2
Q6387,A2
Q6388,A2
Q6389,A2
Q6390,A1
Q6391,A2
Q6392,A1
Q6393,A2
Q6394,A2
Q6395,A1
Q6396,A2
Q6397,A0
Q6398,A1
Q6399,A2
Q6400,A2
Q6401,A2
Q6402,A1
Q6403,A1
Q6404,A2
Q6405,A2
Q6406,A2
Q6407,A1
Q6408,A2
Q6409,A2
Q6410,A2
Q6411,A2
Q6412,A2
Q6413,A2
Q6414,A2
Q6415,A2
Q6416,A2
Q6417,A1
Q6418,A0
Q6419,A1
Q6420,A2
Q6421,A0
Q6422,A1
Q6423,A1
Q6424,A2
Q6425,A2
Q6426,A2
Q6427,A2
Q6428,A0
Q6429,A2
Q6430,A1
Q6431,A2
Q6432,A0
Q6433,A0
Q6434,A2
Q6435,A2
Q6436,A2
Q6437,A2
Q6438,A0
Q6439,A1
Q6440,A2
Q6441,A2
Q6442,A2
Q6443,A2
Q6444,A1
Q6445,A2
Q6446,A2
Q6447,A2
Q6448,A1
Q6449,A1
Q6450,A0
Q6451,A2
Q6452,A1
Q6453,A1
Q6454,A2
Q6455,A2
Q6456,A2
Q6457,A2
Q6458,A2
Q6459,A1
Q6460,A1
Q6461,A2
Q6462,A2
Q6463,A2
Q6464,A1
Q6465,A1
Q6466,A2
Q6467,A2
Q6468,A2
Q6469,A2
Q6470,A2
Q6471,A2
Q6472,A2
Q6473,A2
Q6474,A2
Q6475,A0
Q6476,A2
Q6477,A2
Q6478,A0
Q6479,A2
Q6480,A0
Q6481,A0
Q6482,A2
Q6483,A2
Q6484,A2
Q6485,A2
Q6486,A1
Q6487,A2
Q6488,A1
Q6489,A2
Q6490,A0
Q6491,A2
Q6492,A2
Q6493,A1
Q6494,A2
Q6495,A2
Q6496,A2
Q6497,A2
Q6498,A1
Q6499,A2
Q6500,A1
Q6501,A2
Q6502,A2
Q6503,A1
Q6504,A2
Q6505,A2
Q6506,A2
Q6507,A2
Q6508,A2
Q6509,A2
Q6510,A1
Q6511,A2
Q6512,A1
Q6513,A2
Q6514,A2
Q6515,A2
Q6516,A1
Q6517,A1
Q6518,A2
Q6519,A1
Q6520,A2
Q6521,A1
Q6522,A0
Q6523,A2
Q6524,A0
Q6525,A2
Q6526,A2
Q6527,A2
Q6528,A2
Q6529,A1
Q6530,A2
Q6531,A2
Q6532,A2
Q6533,A1
Q6534,A2
Q6535,A2
Q6536,A2
Q6537,A1
Q6538,A2
Q6539,A1
Q6540,A2
Q6541,A0
Q6542,A2
Q6543,A0
Q6544,A1
Q6545,A2
Q6546,A2
Q6547,A1
Q6548,A2
Q6549,A0
Q6550,A2
Q6551,A1
Q6552,A2
Q6553,A2
Q6554,A0
Q6555,A2
Q6556,A0
Q6557,A1
Q6558,A2
Q6559,A1
Q6560,A2
Q6561,A2
Q6562,A2
Q6563,A0
Q6564,A1
Q6565,A1
Q6566,A2
Q6567,A1
Q6568,A1
Q6569,A1
Q6570,A0
Q6571,A2
Q6572,A2
Q6573,A2
Q6574,A1
Q6575,A1
Q6576,A1
Q6577,A1
Q6578,A2
Q6579,A2
Q6580,A1
Q6581,A1
Q6582,A2
Q6583,A1
Q6584,A2
Q6585,A2
Q6586,A2
Q6587,A1
Q6588,A2
Q6589,A1
Q6590,A2
Q6591,A2
Q6592,A2
Q6593,A1
Q6594,A2
Q6595,A2
Q6596,A2
Q6597,A2
Q6598,A1
Q6599,A2
Q6600,A2
Q6601,A1
Q6602,A2
Q6603,A1
Q6604,A2
Q6605,A1
Q6606,A2
Q6607,A2
Q6608,A1
Q6609,A2
Q6610,A1
Q6611,A2
Q6612,A2
Q6613,A2
Q6614,A2
Q6615,A2
Q6616,A0
Q6617,A0
Q6618,A0
Q6619,A2
Q6620,A1
Q6621,A2
Q6622,A1
Q6623,A2
Q6624,A1
Q6625,A1
Q6626,A2
Q6627,A2
Q6628,A2
Q6629,A2
Q6630,A1
Q6631,A0
Q6632,A2
Q6633,A2
Q6634,A2
Q6635,A2
Q6636,A0
Q6637,A1
Q6638,A1
Q6639,A1
Q6640,A2
Q6641,A2
Q6642,A2
Q6643,A2
Q6644,A1
Q6645,A0
Q6646,A2
Q6647,A1
Q6648,A0
Q6649,A2
Q6650,A1
Q6651,A2
Q6652,A1
Q6653,A2
Q6654,A1
Q6655,A1
Q6656,A1
Q6657,A1
Q6658,A0
Q6659,A1
Q6660,A0
Q6661,A2
Q6662,A2
Q6663,A1
Q6664,A0
Q6665,A2
Q6666,A2
Q6667,A2
Q6668,A2
Q6669,A2
Q6670,A2
Q6671,A2
Q6672,A2
Q6673,A2
Q6674,A2
Q6675,A1
Q6676,A2
Q6677,A2
Q6678,A2
Q6679,A2
Q6680,A2
Q6681,A1
Q6682,A0
Q6683,A2
Q6684,A2
Q6685,A2
Q6686,A2
Q6687,A2
Q6688,A2
Q6689,A2
Q6690,A1
Q6691,A2
Q6692,A1
Q6693,A1
Q6694,A2
Q6695,A2
Q6696,A1
Q6697,A2
Q6698,A2
Q6699,A1
Q6700,A2
Q6701,A2
Q6702,A1
Q6703,A1
Q6704,A1
Q6705,A1
Q6706,A2
Q6707,A1
Q6708,A0
Q6709,A1
Q6710,A2
Q6711,A1
Q6712,A2
Q6713,A1
Q6714,A2
Q6715,A2
Q6716,A2
Q6717,A2
Q6718,A2
Q6719,A2
Q6720,A2
Q6721,A2
Q6722,A1
Q6723,A2
Q6724,A0
Q6725,A2
Q6726,A2
Q6727,A2
Q6728,A2
Q6729,A2
Q6730,A2
Q6731,A2
Q6732,A2
Q6733,A2
Q6734,A2
Q6735,A2
Q6736,A1
Q6737,A0
Q6738,A1
Q6739,A2
Q6740,A1
Q6741,A2
Q6742,A2
Q6743,A2
Q6744,A2
Q6745,A2
Q6746,A2
Q6747,A1
Q6748,A2
Q6749,A1
Q6750,A2
Q6751,A2
Q6752,A0
Q6753,A2
Q6754,A2
Q6755,A2
Q6756,A1
Q6757,A1
Q6758,A2
Q6759,A0
Q6760,A2
Q6761,A2
Q6762,A2
Q6763,A2
Q6764,A1
Q6765,A2
Q6766,A2
Q6767,A2
Q6768,A2
Q6769,A2
Q6770,A2
Q6771,A0
Q6772,A1
Q6773,A2
Q6774,A2
Q6775,A2
Q6776,A2
Q6777,A1
Q6778,A2
Q6779,A2
Q6780,A2
Q6781,A1
Q6782,A0
Q6783,A2
Q6784,A1
Q6785,A1
Q6786,A2
Q6787,A2
Q6788,A2
Q6789,A2
Q6790,A2
Q6791,A0
Q6792,A0
Q6793,A2
Q6794,A1
Q6795,A1
Q6796,A1
Q6797,A2
Q6798,A1
Q6799,A2
Q6800,A2
Q6801,A2
Q6802,A1
Q6803,A2
Q6804,A2
Q6805,A2
Q6806,A2
Q6807,A2
Q6808,A2
Q6809,A2
Q6810,A2
Q6811,A2
Q6812,A2
Q6813,A2
Q6814,A0
Q6815,A0
Q6816,A1
Q6817,A2
Q6818,A2
Q6819,A2
Q6820,A1
Q6821,A2
Q6822,A1
Q6823,A1
Q6824,A2
Q6825,A2
Q6826,A0
Q6827,A0
Q6828,A2
Q6829,A2
Q6830,A2
Q6831,A2
Q6832,A2
Q6833,A0
Q6834,A2
Q6835,A2
Q6836,A0
Q6837,A1
Q6838,A1
Q6839,A2
Q6840,A1
Q6841,A2
Q6842,A2
Q6843,A2
Q6844,A2
Q6845,A2
Q6846,A2
Q6847,A2
Q6848,A1
Q6849,A2
Q6850,A1
Q6851,A2
Q6852,A2
Q6853,A0
Q6854,A2
Q6855,A2
Q6856,A1
Q6857,A2
Q6858,A2
Q6859,A1
Q6860,A0
Q6861,A0
Q6862,A2
Q6863,A2
Q6864,A2
Q6865,A2
Q6866,A1
Q6867,A0
Q6868,A1
Q6869,A2
Q6870,A1
Q6871,A1
Q6872,A2
Q6873,A0
Q6874,A2
Q6875,A2
Q6876,A2
Q6877,A2
Q6878,A2
Q6879,A2
Q6880,A2
Q6881,A2
Q6882,A1
Q6883,A2
Q6884,A0
Q6885,A2
Q6886,A2
Q6887,A2
Q6888,A1
Q6889,A2
Q6890,A2
Q6891,A1
Q6892,A0
Q6893,A2
Q6894,A1
Q6895,A2
Q6896,A2
Q6897,A2
Q6898,A1
Q6899,A2
Q6900,A1
Q6901,A0
Q6902,A2
Q6903,A0
Q6904,A2
Q6905,A2
Q6906,A2
Q6907,A2
Q6908,A2
Q6909,A0
Q6910,A1
Q6911,A1
Q6912,A2
Q6913,A1
Q6914,A1
Q6915,A2
Q6916,A2
Q6917,A1
Q6918,A2
Q6919,A2
Q6920,A2
Q6921,A1
Q6922,A2
Q6923,A2
Q6924,A0
Q6925,A2
Q6926,A2
Q6927,A1
Q6928,A2
Q6929,A2
Q6930,A1
Q6931,A2
Q6932,A2
Q6933,A2
Q6934,A2
Q6935,A1
Q6936,A2
Q6937,A2
Q6938,A2
Q6939,A2
Q6940,A2
Q6941,A2
Q6942,A2
Q6943,A1
Q6944,A2
Q6945,A2
Q6946,A2
Q6947,A2
Q6948,A2
Q6949,A1
Q6950,A2
Q6951,A1
Q6952,A1
Q6953,A1
Q6954,A2
Q6955,A1
Q6956,A2
Q6957,A2
Q6958,A1
Q6959,A1
Q6960,A0
Q6961,A1
Q6962,A2
Q6963,A2
Q6964,A1
Q6965,A2
Q6966,A2
Q6967,A2
Q6968,A2
Q6969,A2
Q6970,A2
Q6971,A2
Q6972,A2
Q6973,A2
Q6974,A2
Q6975,A1
Q6976,A0
Q6977,A2
Q6978,A1
Q6979,A2
Q6980,A2
Q6981,A2
Q6982,A2
Q6983,A2
Q6984,A2
Q6985,A2
Q6986,A2
Q6987,A2
Q6988,A2
Q6989,A0
Q6990,A2
Q6991,A1
Q6992,A0
Q6993,A2
Q6994,A2
Q6995,A2
Q6996,A1
Q6997,A1
Q6998,A2
Q6999,A2
Q7000,A1
Q7001,A2
Q7002,A2
Q7003,A1
Q7004,A2
Q7005,A1
Q7006,A2
Q7007,A2
Q7008,A2
Q7009,A0
Q7010,A1
Q7011,A1
Q7012,A1
Q7013,A1
Q7014,A2
Q7015,A2
Q7016,A2
Q7017,A0
Q7018,A1
Q7019,A2
Q7020,A1
Q7021,A1
Q7022,A0
Q7023,A1
Q7024,A1
Q7025,A2
Q7026,A2
Q7027,A2
Q7028,A2
Q7029,A1
Q7030,A2
Q7031,A2
Q7032,A0
Q7033,A1
Q7034,A2
Q7035,A1
Q7036,A2
Q7037,A1
Q7038,A1
Q7039,A2
Q7040,A0
Q7041,A1
Q7042,A2
Q7043,A1
Q7044,A2
Q7045,A2
Q7046,A2
Q7047,A2
Q7048,A1
Q7049,A1
Q7050,A2
Q7051,A1
Q7052,A1
Q7053,A2
Q7054,A2
Q7055,A2
Q7056,A2
Q7057,A2
Q7058,A1
Q7059,A2
Q7060,A2
Q7061,A1
Q7062,A2
Q7063,A2
Q7064,A0
Q7065,A2
Q7066,A2
Q7067,A2
Q7068,A2
Q7069,A0
Q7070,A1
Q7071,A1
Q7072,A2
Q7073,A2
Q7074,A2
Q7075,A2
Q7076,A2
Q7077,A1
Q7078,A1
Q7079,A2
Q7080,A2
Q7081,A2
Q7082,A2
Q7083,A2
Q7084,A2
Q7085,A2
Q7086,A1
Q7087,A2
Q7088,A2
Q7089,A2
Q7090,A2
Q7091,A1
Q7092,A2
Q7093,A2
Q7094,A2
Q7095,A1
Q7096,A2
Q7097,A2
Q7098,A2
Q7099,A2
Q7100,A2
Q7101,A2
Q7102,A0
Q7103,A1
Q7104,A2
Q7105,A0
Q7106,A2
Q7107,A2
Q7108,A2
Q7109,A2
Q7110,A0
Q7111,A1
Q7112,A2
Q7113,A1
Q7114,A2
Q7115,A2
Q7116,A0
Q7117,A2
Q7118,A2
Q7119,A2
Q7120,A2
Q7121,A2
Q7122,A2
Q7123,A2
Q7124,A2
Q7125,A1
Q7126,A2
Q7127,A2
Q7128,A2
Q7129,A2
Q7130,A2
Q7131,A2
Q7132,A1
Q7133,A2
Q7134,A2
Q7135,A2
Q7136,A2
Q7137,A1
Q7138,A2
Q7139,A2
Q7140,A1
Q7141,A0
Q7142,A2
Q7143,A0
Q7144,A2
Q7145,A2
Q7146,A2
Q7147,A1
Q7148,A2
Q7149,A2
Q7150,A1
Q7151,A1
Q7152,A2
Q7153,A2
Q7154,A0
Q7155,A2
Q7156,A2
Q7157,A2
Q7158,A1
Q7159,A0
Q7160,A2
Q7161,A1
Q7162,A1
Q7163,A2
Q7164,A2
Q7165,A2
Q7166,A1
Q7167,A2
Q7168,A2
Q7169,A2
Q7170,A2
Q7171,A1
Q7172,A1
Q7173,A2
Q7174,A0
Q7175,A2
Q7176,A2
Q7177,A2
Q7178,A1
Q7179,A2
Q7180,A2
Q7181,A2
Q7182,A2
Q7183,A2
Q7184,A2
Q7185,A1
Q7186,A2
Q7187,A2
Q7188,A2
Q7189,A1
Q7190,A0
Q7191,A2
Q7192,A2
Q7193,A0
Q7194,A2
Q7195,A1
Q7196,A1
Q7197,A1
Q7198,A0
Q7199,A2
Q7200,A2
Q7201,A0
Q7202,A2
Q7203,A2
Q7204,A2
Q7205,A2
Q7206,A0
Q7207,A2
Q7208,A1
Q7209,A2
Q7210,A2
Q7211,A2
Q7212,A2
Q7213,A2
Q7214,A1
Q7215,A1
Q7216,A2
Q7217,A2
Q7218,A2
Q7219,A1
Q7220,A2
Q7221,A1
Q7222,A1
Q7223,A0
Q7224,A2
Q7225,A2
Q7226,A2
Q7227,A1
Q7228,A2
Q7229,A2
Q7230,A0
Q7231,A1
Q7232,A2
Q7233,A2
Q7234,A1
Q7235,A2
Q7236,A2
Q7237,A2
Q7238,A1
Q7239,A2
Q7240,A2
Q7241,A1
Q7242,A2
Q7243,A2
Q7244,A0
Q7245,A2
Q7246,A2
Q7247,A2
Q7248,A2
Q7249,A1
Q7250,A2
Q7251,A1
Q7252,A1
Q7253,A2
Q7254,A2
Q7255,A2
Q7256,A2
Q7257,A2
Q7258,A1
Q7259,A1
Q7260,A2
Q7261,A2
Q7262,A0
Q7263,A2
Q7264,A2
Q7265,A2
Q7266,A2
Q7267,A2
Q7268,A1
Q7269,A2
Q7270,A0
Q7271,A2
Q7272,A2
Q7273,A2
Q7274,A1
Q7275,A2
Q7276,A2
Q7277,A1
Q7278,A1
Q7279,A2
Q7280,A2
Q7281,A1
Q7282,A2
Q7283,A1
Q7284,A2
Q7285,A0
Q7286,A2
Q7287,A2
Q7288,A2
Q7289,A2
Q7290,A2
Q7291,A2
Q7292,A2
Q7293,A2
Q7294,A2
Q7295,A2
Q7296,A2
Q7297,A1
Q7298,A2
Q7299,A2
Q7300,A1
Q7301,A1
Q7302,A2
Q7303,A2
Q7304,A2
Q7305,A2
Q7306,A1
Q7307,A1
Q7308,A0
Q7309,A2
Q7310,A2
Q7311,A2
Q7312,A2
Q7313,A2
Q7314,A2
Q7315,A1
Q7316,A2
Q7317,A2
Q7318,A2
Q7319,A2
Q7320,A1
Q7321,A0
Q7322,A2
Q7323,A2
Q7324,A1
Q7325,A2
Q7326,A2
Q7327,A1
Q7328,A1
Q7329,A2
Q7330,A0
Q7331,A2
Q7332,A2
Q7333,A2
Q7334,A2
Q7335,A2
Q7336,A2
Q7337,A2
Q7338,A0
Q7339,A0
Q7340,A1
Q7341,A2
Q7342,A2
Q7343,A1
Q7344,A0
Q7345,A2
Q7346,A2
Q7347,A2
Q7348,A1
Q7349,A1
Q7350,A1
Q7351,A2
Q7352,A2
Q7353,A1
Q7354,A2
Q7355,A2
Q7356,A2
Q7357,A2
Q7358,A2
Q7359,A0
Q7360,A2
Q7361,A0
Q7362,A2
Q7363,A2
Q7364,A2
Q7365,A2
Q7366,A1
Q7367,A1
Q7368,A2
Q7369,A2
Q7370,A2
Q7371,A1
Q7372,A1
Q7373,A1
Q7374,A2
Q7375,A1
Q7376,A1
Q7377,A2
Q7378,A2
Q7379,A2
Q7380,A2
Q7381,A2
Q7382,A1
Q7383,A1
Q7384,A1
Q7385,A2
Q7386,A0
Q7387,A2
Q7388,A0
Q7389,A2
Q7390,A2
Q7391,A2
Q7392,A2
Q7393,A2
Q7394,A1
Q7395,A1
Q7396,A1
Q7397,A2
Q7398,A2
Q7399,A2
Q7400,A1
Q7401,A2
Q7402,A2
Q7403,A2
Q7404,A2
Q7405,A2
Q7406,A2
Q7407,A2
Q7408,A2
Q7409,A2
Q7410,A2
Q7411,A0
Q7412,A1
Q7413,A2
Q7414,A2
Q7415,A2
Q7416,A2
Q7417,A2
Q7418,A0
Q7419,A2
Q7420,A2
Q7421,A1
Q7422,A0
Q7423,A1
Q7424,A1
Q7425,A2
Q7426,A2
Q7427,A2
Q7428,A2
Q7429,A2
Q7430,A1
Q7431,A0
Q7432,A2
Q7433,A2
Q7434,A2
Q7435,A1
Q7436,A2
Q7437,A2
Q7438,A2
Q7439,A0
Q7440,A1
Q7441,A2
Q7442,A2
Q7443,A2
Q7444,A2
Q7445,A2
Q7446,A1
Q7447,A2
Q7448,A2
Q7449,A1
Q7450,A0
Q7451,A1
Q7452,A2
Q7453,A1
Q7454,A2
Q7455,A2
Q7456,A1
Q7457,A1
Q7458,A2
Q7459,A2
Q7460,A2
Q7461,A1
Q7462,A0
Q7463,A2
Q7464,A1
Q7465,A2
Q7466,A2
Q7467,A1
Q7468,A0
Q7469,A2
Q7470,A1
Q7471,A2
Q7472,A2
Q7473,A0
Q7474,A1
Q7475,A2
Q7476,A2
Q7477,A1
Q7478,A2
Q7479,A2
Q7480,A1
Q7481,A2
Q7482,A2
Q7483,A2
Q7484,A2
Q7485,A1
Q7486,A0
Q7487,A2
Q7488,A2
Q7489,A0
Q7490,A2
Q7491,A1
Q7492,A2
Q7493,A1
Q7494,A2
Q7495,A2
Q7496,A2
Q7497,A1
Q7498,A0
Q7499,A2
Q7500,A2
Q7501,A1
Q7502,A1
Q7503,A2
Q7504,A2
Q7505,A2
Q7506,A2
Q7507,A2
Q7508,A1
Q7509,A1
Q7510,A0
Q7511,A0
Q7512,A2
Q7513,A2
Q7514,A2
Q7515,A0
Q7516,A2
Q7517,A2
Q7518,A2
Q7519,A1
Q7520,A2
Q7521,A1
Q7522,A2
Q7523,A0
Q7524,A2
Q7525,A2
Q7526,A1
Q7527,A2
Q7528,A2
Q7529,A2
Q7530,A2
Q7531,A1
Q7532,A2
Q7533,A2
Q7534,A1
Q7535,A2
Q7536,A2
Q7537,A1
Q7538,A1
Q7539,A2
Q7540,A2
Q7541,A0
Q7542,A1
Q7543,A2
Q7544,A1
Q7545,A0
Q7546,A1
Q7547,A2
Q7548,A2
Q7549,A2
Q7550,A2
Q7551,A0
Q7552,A0
Q7553,A2
Q7554,A1
Q7555,A0
Q7556,A1
Q7557,A0
Q7558,A2
Q7559,A2
Q7560,A1
Q7561,A2
Q7562,A2
Q7563,A2
Q7564,A2
Q7565,A1
Q7566,A2
Q7567,A2
Q7568,A2
Q7569,A2
Q7570,A2
Q7571,A2
Q7572,A1
Q7573,A2
Q7574,A2
Q7575,A2
Q7576,A1
Q7577,A1
Q7578,A2
Q7579,A2
Q7580,A2
Q7581,A2
Q7582,A2
Q7583,A2
Q7584,A2
Q7585,A2
Q7586,A2
Q7587,A2
Q7588,A2
Q7589,A2
Q7590,A2
Q7591,A2
Q7592,A0
Q7593,A2
Q7594,A0
Q7595,A2
Q7596,A2
Q7597,A2
Q7598,A1
Q7599,A2
Q7600,A2
Q7601,A1
Q7602,A2
Q7603,A2
Q7604,A2
Q7605,A2
Q7606,A2
Q7607,A2
Q7608,A2
Q7609,A1
Q7610,A2
Q7611,A2
Q7612,A0
Q7613,A2
Q7614,A2
Q7615,A1
Q7616,A1
Q7617,A2
Q7618,A2
Q7619,A1
Q7620,A2
Q7621,A1
Q7622,A2
Q7623,A2
Q7624,A2
Q7625,A2
Q7626,A2
Q7627,A2
Q7628,A2
Q7629,A1
Q7630,A2
Q7631,A2
Q7632,A2
Q7633,A2
Q7634,A0
Q7635,A2
Q7636,A2
Q7637,A2
Q7638,A2
Q7639,A2
Q7640,A2
Q7641,A2
Q7642,A2
Q7643,A2
Q7644,A1
Q7645,A2
Q7646,A2
Q7647,A1
Q7648,A1
Q7649,A1
Q7650,A2
Q7651,A1
Q7652,A2
Q7653,A2
Q7654,A2
Q7655,A1
Q7656,A2
Q7657,A2
Q7658,A2
Q7659,A2
Q7660,A2
Q7661,A0
Q7662,A2
Q7663,A2
Q7664,A0
Q7665,A2
Q7666,A2
Q7667,A2
Q7668,A0
Q7669,A2
Q7670,A2
Q7671,A2
Q7672,A2
Q7673,A2
Q7674,A1
Q7675,A2
Q7676,A2
Q7677,A2
Q7678,A1
Q7679,A1
Q7680,A2
Q7681,A2
Q7682,A2
Q7683,A2
Q7684,A2
Q7685,A1
Q7686,A1
Q7687,A1
Q7688,A2
Q7689,A2
Q7690,A1
Q7691,A2
Q7692,A2
Q7693,A2
Q7694,A2
Q7695,A1
Q7696,A2
Q7697,A1
Q7698,A2
Q7699,A2
Q7700,A1
Q7701,A1
Q7702,A2
Q7703,A2
Q7704,A2
Q7705,A2
Q7706,A2
Q7707,A2
Q7708,A1
Q7709,A2
Q7710,A2
Q7711,A1
Q7712,A2
Q7713,A1
Q7714,A2
Q7715,A2
Q7716,A2
Q7717,A0
Q7718,A2
Q7719,A2
Q7720,A2
Q7721,A2
Q7722,A2
Q7723,A2
Q7724,A1
Q7725,A2
Q7726,A0
Q7727,A1
Q7728,A1
Q7729,A2
Q7730,A2
Q7731,A1
Q7732,A1
Q7733,A2
Q7734,A2
Q7735,A2
Q7736,A2
Q7737,A2
Q7738,A0
Q7739,A1
Q7740,A2
Q7741,A2
Q7742,A2
Q7743,A2
Q7744,A1
Q7745,A2
Q7746,A2
Q7747,A2
Q7748,A2
Q7749,A2
Q7750,A2
Q7751,A0
Q7752,A2
Q7753,A2
Q7754,A2
Q7755,A2
Q7756,A0
Q7757,A0
Q7758,A1
Q7759,A2
Q7760,A2
Q7761,A2
Q7762,A2
Q7763,A1
Q7764,A2
Q7765,A2
Q7766,A2
Q7767,A2
Q7768,A2
Q7769,A2
Q7770,A2
Q7771,A1
Q7772,A2
Q7773,A2
Q7774,A1
Q7775,A0
Q7776,A2
Q7777,A2
Q7778,A2
Q7779,A1
Q7780,A2
Q7781,A1
Q7782,A0
Q7783,A2
Q7784,A0
Q7785,A2
Q7786,A2
Q7787,A1
Q7788,A0
Q7789,A2
Q7790,A2
Q7791,A0
Q7792,A2
Q7793,A2
Q7794,A1
Q7795,A2
Q7796,A0
Q7797,A2
Q7798,A0
Q7799,A1
Q7800,A1
Q7801,A2
Q7802,A2
Q7803,A1
Q7804,A2
Q7805,A2
Q7806,A1
Q7807,A2
Q7808,A2
Q7809,A2
Q7810,A2
Q7811,A2
Q7812,A2
Q7813,A2
Q7814,A1
Q7815,A2
Q7816,A1
Q7817,A2
Q7818,A2
Q7819,A2
Q7820,A1
Q7821,A1
Q7822,A2
Q7823,A2
Q7824,A2
Q7825,A2
Q7826,A1
Q7827,A0
Q7828,A0
Q7829,A2
Q7830,A1
Q7831,A2
Q7832,A2
Q7833,A1
Q7834,A1
Q7835,A2
Q7836,A2
Q7837,A1
Q7838,A0
Q7839,A1
Q7840,A1
Q7841,A2
Q7842,A2
Q7843,A1
Q7844,A2
Q7845,A1
Q7846,A2
Q7847,A2
Q7848,A2
Q7849,A0
Q7850,A2
Q7851,A2
Q7852,A2
Q7853,A2
Q7854,A1
Q7855,A2
Q7856,A0
Q7857,A2
Q7858,A2
Q7859,A2
Q7860,A0
Q7861,A1
Q7862,A2
Q7863,A0
Q7864,A1
Q7865,A2
Q7866,A2
Q7867,A2
Q7868,A2
Q7869,A2
Q7870,A2
Q7871,A2
Q7872,A2
Q7873,A2
Q7874,A0
Q7875,A2
Q7876,A1
Q7877,A2
Q7878,A0
Q7879,A0
Q7880,A2
Q7881,A2
Q7882,A2
Q7883,A1
Q7884,A1
Q7885,A1
Q7886,A2
Q7887,A1
Q7888,A1
Q7889,A0
Q7890,A2
Q7891,A2
Q7892,A1
Q7893,A2
Q7894,A0
Q7895,A1
Q7896,A2
Q7897,A1
Q7898,A2
Q7899,A2
Q7900,A1
Q7901,A1
Q7902,A2
Q7903,A2
Q7904,A1
Q7905,A2
Q7906,A1
Q7907,A2
Q7908,A2
Q7909,A2
Q7910,A2
Q7911,A0
Q7912,A2
Q7913,A2
Q7914,A2
Q7915,A1
Q7916,A2
Q7917,A2
Q7918,A2
Q7919,A0
Q7920,A1
Q7921,A0
Q7922,A2
Q7923,A2
Q7924,A2
Q7925,A1
Q7926,A2
Q7927,A1
Q7928,A1
Q7929,A2
Q7930,A2
Q7931,A1
Q7932,A2
Q7933,A2
Q7934,A2
Q7935,A2
Q7936,A2
Q7937,A2
Q7938,A1
Q7939,A2
Q7940,A2
Q7941,A2
Q7942,A2
Q7943,A1
Q7944,A1
Q7945,A1
Q7946,A2
Q7947,A2
Q7948,A2
Q7949,A2
Q7950,A2
Q7951,A2
Q7952,A1
Q7953,A2
Q7954,A2
Q7955,A2
Q7956,A1
Q7957,A2
Q7958,A2
Q7959,A1
Q7960,A1
Q7961,A2
Q7962,A1
Q7963,A2
Q7964,A2
Q7965,A2
Q7966,A2
Q7967,A2
Q7968,A1
Q7969,A2
Q7970,A2
Q7971,A1
Q7972,A2
Q7973,A2
Q7974,A2
Q7975,A2
Q7976,A2
Q7977,A1
Q7978,A2
Q7979,A2
Q7980,A2
Q7981,A2
Q7982,A2
Q7983,A2
Q7984,A0
Q7985,A2
Q7986,A0
Q7987,A2
Q7988,A2
Q7989,A2
Q7990,A1
Q7991,A2
Q7992,A2
Q7993,A2
Q7994,A2
Q7995,A2
Q7996,A2
Q7997,A0
Q7998,A2
Q7999,A2
Q8000,A2
Q8001,A1
Q8002,A2
Q8003,A0
Q8004,A1
Q8005,A0
Q8006,A2
Q8007,A0
Q8008,A2
Q8009,A2
Q8010,A2
Q8011,A1
Q8012,A1
Q8013,A2
Q8014,A1
Q8015,A2
Q8016,A1
Q8017,A2
Q8018,A2
Q8019,A2
Q8020,A2
Q8021,A1
Q8022,A2
Q8023,A2
Q8024,A2
Q8025,A1
Q8026,A2
Q8027,A1
Q8028,A1
Q8029,A2
Q8030,A2
Q8031,A2
Q8032,A1
Q8033,A1
Q8034,A0
Q8035,A2
Q8036,A2
Q8037,A2
Q8038,A1
Q8039,A0
Q8040,A2
Q8041,A2
Q8042,A2
Q8043,A2
Q8044,A2
Q8045,A2
Q8046,A2
Q8047,A1
Q8048,A2
Q8049,A2
Q8050,A2
Q8051,A0
Q8052,A1
Q8053,A2
Q8054,A2
Q8055,A2
Q8056,A0
Q8057,A2
Q8058,A2
Q8059,A2
Q8060,A1
Q8061,A1
Q8062,A2
Q8063,A2
Q8064,A1
Q8065,A1
Q8066,A2
Q8067,A2
Q8068,A2
Q8069,A2
Q8070,A2
Q8071,A2
Q8072,A2
Q8073,A2
Q8074,A2
Q8075,A2
Q8076,A1
Q8077,A1
Q8078,A1
Q8079,A2
Q8080,A0
Q8081,A2
Q8082,A2
Q8083,A1
Q8084,A2
Q8085,A2
Q8086,A2
Q8087,A2
Q8088,A2
Q8089,A0
Q8090,A2
Q8091,A2
Q8092,A2
Q8093,A2
Q8094,A2
Q8095,A2
Q8096,A2
Q8097,A2
Q8098,A2
Q8099,A1
Q8100,A2
Q8101,A1
Q8102,A1
Q8103,A2
Q8104,A0
Q8105,A2
Q8106,A2
Q8107,A1
Q8108,A2
Q8109,A1
Q8110,A2
Q8111,A2
Q8112,A1
Q8113,A1
Q8114,A2
Q8115,A2
Q8116,A2
Q8117,A2
Q8118,A2
Q8119,A0
Q8120,A1
Q8121,A0
Q8122,A2
Q8123,A1
Q8124,A2
Q8125,A1
Q8126,A2
Q8127,A2
Q8128,A1
Q8129,A2
Q8130,A1
Q8131,A0
Q8132,A1
Q8133,A2
Q8134,A2
Q8135,A2
Q8136,A2
Q8137,A0
Q8138,A2
Q8139,A2
Q8140,A2
Q8141,A2
Q8142,A1
Q8143,A1
Q8144,A1
Q8145,A2
Q8146,A2
Q8147,A1
Q8148,A2
Q8149,A2
Q8150,A2
Q8151,A2
Q8152,A2
Q8153,A2
Q8154,A1
Q8155,A2
Q8156,A1
Q8157,A0
Q8158,A2
Q8159,A2
Q8160,A2
Q8161,A2
Q8162,A0
Q8163,A2
Q8164,A2
Q8165,A2
Q8166,A2
Q8167,A2
Q8168,A1
Q8169,A2
Q8170,A2
Q8171,A0
Q8172,A2
Q8173,A1
Q8174,A1
Q8175,A1
Q8176,A2
Q8177,A1
Q8178,A2
Q8179,A1
Q8180,A2
Q8181,A0
Q8182,A1
Q8183,A2
Q8184,A2
Q8185,A2
Q8186,A2
Q8187,A2
Q8188,A0
Q8189,A1
Q8190,A2
Q8191,A1
Q8192,A1
Q8193,A2
Q8194,A2
Q8195,A2
Q8196,A1
Q8197,A2
Q8198,A2
Q8199,A2
Q8200,A2
Q8201,A2
Q8202,A1
Q8203,A1
Q8204,A2
Q8205,A2
Q8206,A1
Q8207,A2
Q8208,A2
Q8209,A2
Q8210,A0
Q8211,A2
Q8212,A1
Q8213,A2
Q8214,A1
Q8215,A2
Q8216,A2
Q8217,A2
Q8218,A2
Q8219,A1
Q8220,A0
Q8221,A2
Q8222,A1
Q8223,A2
Q8224,A1
Q8225,A2
Q8226,A0
Q8227,A1
Q8228,A2
Q8229,A1
Q8230,A2
Q8231,A1
Q8232,A1
Q8233,A2
Q8234,A2
Q8235,A0
Q8236,A2
Q8237,A1
Q8238,A2
Q8239,A2
Q8240,A1
Q8241,A1
Q8242,A1
Q8243,A2
Q8244,A1
Q8245,A2
Q8246,A2
Q8247,A0
Q8248,A1
Q8249,A1
Q8250,A1
Q8251,A2
Q8252,A2
Q8253,A1
Q8254,A0
Q8255,A2
Q8256,A2
Q8257,A2
Q8258,A2
Q8259,A2
Q8260,A2
Q8261,A2
Q8262,A2
Q8263,A2
Q8264,A2
Q8265,A2
Q8266,A2
Q8267,A1
Q8268,A2
Q8269,A1
Q8270,A1
Q8271,A0
Q8272,A2
Q8273,A1
Q8274,A1
Q8275,A2
Q8276,A1
Q8277,A2
Q8278,A1
Q8279,A2
Q8280,A2
Q8281,A0
Q8282,A2
Q8283,A2
Q8284,A2
Q8285,A2
Q8286,A2
Q8287,A2
Q8288,A2
Q8289,A0
Q8290,A2
Q8291,A2
Q8292,A2
Q8293,A2
Q8294,A2
Q8295,A2
Q8296,A1
Q8297,A2
Q8298,A2
Q8299,A1
Q8300,A2
Q8301,A2
Q8302,A0
Q8303,A1
Q8304,A2
Q8305,A0
Q8306,A2
Q8307,A2
Q8308,A1
Q8309,A1
Q8310,A1
Q8311,A1
Q8312,A2
Q8313,A1
Q8314,A1
Q8315,A1
Q8316,A2
Q8317,A2
Q8318,A2
Q8319,A2
Q8320,A2
Q8321,A2
Q8322,A0
Q8323,A1
Q8324,A2
Q8325,A1
Q8326,A2
Q8327,A0
Q8328,A2
Q8329,A1
Q8330,A2
Q8331,A2
Q8332,A2
Q8333,A1
Q8334,A2
Q8335,A2
Q8336,A2
Q8337,A2
Q8338,A2
Q8339,A2
Q8340,A2
Q8341,A1
Q8342,A0
Q8343,A2
Q8344,A2
Q8345,A1
Q8346,A2
Q8347,A2
Q8348,A2
Q8349,A2
Q8350,A2
Q8351,A2
Q8352,A0
Q8353,A2
Q8354,A2
Q8355,A2
Q8356,A2
Q8357,A1
Q8358,A2
Q8359,A0
Q8360,A2
Q8361,A2
Q8362,A2
Q8363,A2
Q8364,A2
Q8365,A1
Q8366,A2
Q8367,A2
Q8368,A1
Q8369,A1
Q8370,A2
Q8371,A2
Q8372,A1
Q8373,A2
Q8374,A2
Q8375,A1
Q8376,A1
Q8377,A2
Q8378,A2
Q8379,A1
Q8380,A1
Q8381,A2
Q8382,A1
Q8383,A2
Q8384,A2
Q8385,A2
Q8386,A2
Q8387,A1
Q8388,A2
Q8389,A2
Q8390,A0
Q8391,A2
Q8392,A2
Q8393,A2
Q8394,A2
Q8395,A2
Q8396,A1
Q8397,A1
Q8398,A1
Q8399,A2
Q8400,A2
Q8401,A2
Q8402,A1
Q8403,A2
Q8404,A2
Q8405,A2
Q8406,A2
Q8407,A2
Q8408,A2
Q8409,A2
Q8410,A1
Q8411,A2
Q8412,A2
Q8413,A2
Q8414,A2
Q8415,A1
Q8416,A2
Q8417,A0
Q8418,A2
Q8419,A0
Q8420,A2
Q8421,A0
Q8422,A2
Q8423,A2
Q8424,A2
Q8425,A2
Q8426,A2
Q8427,A2
Q8428,A2
Q8429,A2
Q8430,A2
Q8431,A2
Q8432,A0
Q8433,A2
Q8434,A2
Q8435,A2
Q8436,A2
Q8437,A2
Q8438,A1
Q8439,A2
Q8440,A2
Q8441,A2
Q8442,A2
Q8443,A0
Q8444,A2
Q8445,A2
Q8446,A2
Q8447,A1
Q8448,A1
Q8449,A0
Q8450,A0
Q8451,A2
Q8452,A2
Q8453,A1
Q8454,A0
Q8455,A2
Q8456,A2
Q8457,A1
Q8458,A1
Q8459,A1
Q8460,A2
Q8461,A1
Q8462,A2
Q8463,A1
Q8464,A2
Q8465,A2
Q8466,A2
Q8467,A0
Q8468,A1
Q8469,A2
Q8470,A2
Q8471,A2
Q8472,A0
Q8473,A2
Q8474,A2
Q8475,A2
Q8476,A2
Q8477,A2
Q8478,A2
Q8479,A1
Q8480,A1
Q8481,A1
Q8482,A0
Q8483,A2
Q8484,A2
Q8485,A2
Q8486,A1
Q8487,A2
Q8488,A2
Q8489,A2
Q8490,A2
Q8491,A2
Q8492,A1
Q8493,A1
Q8494,A1
Q8495,A2
Q8496,A1
Q8497,A2
Q8498,A2
Q8499,A0
Q8500,A2
Q8501,A2
Q8502,A2
Q8503,A2
Q8504,A2
Q8505,A0
Q8506,A2
Q8507,A1
Q8508,A2
Q8509,A2
Q8510,A2
Q8511,A1
Q8512,A2
Q8513,A2
Q8514,A2
Q8515,A1
Q8516,A2
Q8517,A2
Q8518,A1
Q8519,A2
Q8520,A2
Q8521,A2
Q8522,A2
Q8523,A2
Q8524,A2
Q8525,A2
Q8526,A2
Q8527,A2
Q8528,A0
Q8529,A2
Q8530,A0
Q8531,A1
Q8532,A2
Q8533,A2
Q8534,A1
Q8535,A1
Q8536,A0
Q8537,A1
Q8538,A2
Q8539,A1
Q8540,A2
Q8541,A0
Q8542,A0
Q8543,A1
Q8544,A0
Q8545,A2
Q8546,A2
Q8547,A2
Q8548,A2
Q8549,A1
Q8550,A1
Q8551,A2
Q8552,A0
Q8553,A2
Q8554,A0
Q8555,A2
Q8556,A2
Q8557,A1
Q8558,A1
Q8559,A1
Q8560,A2
Q8561,A2
Q8562,A2
Q8563,A2
Q8564,A2
Q8565,A2
Q8566,A2
Q8567,A0
Q8568,A1
Q8569,A1
Q8570,A2
Q8571,A0
Q8572,A1
Q8573,A1
Q8574,A2
Q8575,A1
Q8576,A2
Q8577,A2
Q8578,A2
Q8579,A2
Q8580,A0
Q8581,A2
Q8582,A2
Q8583,A1
Q8584,A2
Q8585,A2
Q8586,A2
Q8587,A1
Q8588,A1
Q8589,A2
Q8590,A2
Q8591,A2
Q8592,A0
Q8593,A2
Q8594,A0
Q8595,A2
Q8596,A1
Q8597,A2
Q8598,A2
Q8599,A2
Q8600,A2
Q8601,A2
Q8602,A2
Q8603,A1
Q8604,A2
Q8605,A2
Q8606,A2
Q8607,A2
Q8608,A2
Q8609,A2
Q8610,A2
Q8611,A0
Q8612,A2
Q8613,A2
Q8614,A2
Q8615,A2
Q8616,A2
Q8617,A1
Q8618,A2
Q8619,A2
Q8620,A2
Q8621,A2
Q8622,A1
Q8623,A2
Q8624,A1
Q8625,A1
Q8626,A1
Q8627,A2
Q8628,A2
Q8629,A2
Q8630,A1
Q8631,A2
Q8632,A2
Q8633,A2
Q8634,A1
Q8635,A1
Q8636,A1
Q8637,A2
Q8638,A2
Q8639,A1
Q8640,A2
Q8641,A2
Q8642,A2
Q8643,A2
Q8644,A2
Q8645,A2
Q8646,A2
Q8647,A1
Q8648,A2
Q8649,A2
Q8650,A1
Q8651,A2
Q8652,A2
Q8653,A2
Q8654,A2
Q8655,A2
Q8656,A2
Q8657,A2
Q8658,A2
Q8659,A1
Q8660,A1
Q8661,A2
Q8662,A2
Q8663,A2
Q8664,A1
Q8665,A1
Q8666,A2
Q8667,A2
Q8668,A2
Q8669,A0
Q8670,A0
Q8671,A0
Q8672,A2
Q8673,A2
Q8674,A2
Q8675,A1
Q8676,A2
Q8677,A2
Q8678,A2
Q8679,A2
Q8680,A2
Q8681,A2
Q8682,A2
Q8683,A2
Q8684,A2
Q8685,A2
Q8686,A2
Q8687,A0
Q8688,A2
Q8689,A1
Q8690,A2
Q8691,A2
Q8692,A1
Q8693,A1
Q8694,A2
Q8695,A2
Q8696,A1
Q8697,A2
Q8698,A2
Q8699,A2
Q8700,A2
Q8701,A2
Q8702,A1
Q8703,A1
Q8704,A2
Q8705,A0
Q8706,A1
Q8707,A2
Q8708,A2
Q8709,A2
Q8710,A2
Q8711,A2
Q8712,A0
Q8713,A2
Q8714,A2
Q8715,A2
Q8716,A2
Q8717,A2
Q8718,A2
Q8719,A1
Q8720,A2
Q8721,A2
Q8722,A1
Q8723,A1
Q8724,A2
Q8725,A1
Q8726,A2
Q8727,A2
Q8728,A2
Q8729,A2
Q8730,A2
Q8731,A1
Q8732,A2
Q8733,A0
Q8734,A2
Q8735,A2
Q8736,A2
Q8737,A2
Q8738,A1
Q8739,A0
Q8740,A2
Q8741,A2
Q8742,A2
Q8743,A2
Q8744,A2
Q8745,A2
Q8746,A1
Q8747,A1
Q8748,A2
Q8749,A0
Q8750,A2
Q8751,A2
Q8752,A0
Q8753,A2
Q8754,A1
Q8755,A1
Q8756,A2
Q8757,A2
Q8758,A1
Q8759,A1
Q8760,A2
Q8761,A1
Q8762,A1
Q8763,A2
Q8764,A2
Q8765,A1
Q8766,A2
Q8767,A2
Q8768,A2
Q8769,A2
Q8770,A1
Q8771,A2
Q8772,A2
Q8773,A1
Q8774,A2
Q8775,A2
Q8776,A2
Q8777,A1
Q8778,A2
Q8779,A2
Q8780,A1
Q8781,A1
Q8782,A1
Q8783,A2
Q8784,A2
Q8785,A2
Q8786,A2
Q8787,A2
Q8788,A2
Q8789,A0
Q8790,A2
Q8791,A2
Q8792,A1
Q8793,A1
Q8794,A2
Q8795,A2
Q8796,A2
Q8797,A1
Q8798,A2
Q8799,A2
Q8800,A2
Q8801,A2
Q8802,A2
Q8803,A0
Q8804,A1
Q8805,A2
Q8806,A2
Q8807,A2
Q8808,A2
Q8809,A1
Q8810,A2
Q8811,A2
Q8812,A0
Q8813,A2
Q8814,A2
Q8815,A2
Q8816,A2
Q8817,A0
Q8818,A2
Q8819,A2
Q8820,A1
Q8821,A0
Q8822,A1
Q8823,A2
Q8824,A2
Q8825,A2
Q8826,A2
Q8827,A1
Q8828,A1
Q8829,A2
Q8830,A1
Q8831,A2
Q8832,A2
Q8833,A2
Q8834,A2
Q8835,A2
Q8836,A1
Q8837,A2
Q8838,A1
Q8839,A2
Q8840,A2
Q8841,A2
Q8842,A2
Q8843,A1
Q8844,A2
Q8845,A2
Q8846,A2
Q8847,A2
Q8848,A2
Q8849,A2
Q8850,A2
Q8851,A2
Q8852,A2
Q8853,A2
Q8854,A0
Q8855,A1
Q8856,A2
Q8857,A1
Q8858,A2
Q8859,A1
Q8860,A2
Q8861,A2
Q8862,A2
Q8863,A2
Q8864,A1
Q8865,A1
Q8866,A2
Q8867,A1
Q8868,A2
Q8869,A2
Q8870,A2
Q8871,A2
Q8872,A1
Q8873,A0
Q8874,A2
Q8875,A2
Q8876,A1
Q8877,A2
Q8878,A2
Q8879,A2
Q8880,A2
Q8881,A2
Q8882,A1
Q8883,A2
Q8884,A1
Q8885,A2
Q8886,A1
Q8887,A1
Q8888,A2
Q8889,A2
Q8890,A1
Q8891,A2
Q8892,A2
Q8893,A2
Q8894,A1
Q8895,A2
Q8896,A2
Q8897,A0
Q8898,A1
Q8899,A2
Q8900,A2
Q8901,A1
Q8902,A1
Q8903,A2
Q8904,A0
Q8905,A2
Q8906,A0
Q8907,A2
Q8908,A2
Q8909,A2
Q8910,A2
Q8911,A1
Q8912,A1
Q8913,A2
Q8914,A2
Q8915,A2
Q8916,A2
Q8917,A2
Q8918,A1
Q8919,A1
Q8920,A0
Q8921,A2
Q8922,A0
Q8923,A1
Q8924,A2
Q8925,A2
Q8926,A1
Q8927,A1
Q8928,A2
Q8929,A2
Q8930,A2
Q8931,A2
Q8932,A1
Q8933,A2
Q8934,A2
Q8935,A2
Q8936,A2
Q8937,A2
Q8938,A0
Q8939,A2
Q8940,A1
Q8941,A2
Q8942,A2
Q8943,A0
Q8944,A2
Q8945,A1
Q8946,A2
Q8947,A0
Q8948,A2
Q8949,A2
Q8950,A0
Q8951,A2
Q8952,A2
Q8953,A1
Q8954,A2
Q8955,A2
Q8956,A2
Q8957,A0
Q8958,A2
Q8959,A2
Q8960,A1
Q8961,A1
Q8962,A1
Q8963,A2
Q8964,A1
Q8965,A2
Q8966,A2
Q8967,A1
Q8968,A2
Q8969,A0
Q8970,A2
Q8971,A2
Q8972,A1
Q8973,A2
Q8974,A0
Q8975,A1
Q8976,A2
Q8977,A2
Q8978,A0
Q8979,A2
Q8980,A1
Q8981,A2
Q8982,A0
Q8983,A2
Q8984,A1
Q8985,A1
Q8986,A2
Q8987,A1
Q8988,A0
Q8989,A2
Q8990,A2
Q8991,A2
Q8992,A2
Q8993,A0
Q8994,A1
Q8995,A1
Q8996,A0
Q8997,A1
Q8998,A2
Q8999,A1
Q9000,A0
Q9001,A0
Q9002,A0
Q9003,A1
Q9004,A2
Q9005,A2
Q9006,A0
Q9007,A1
Q9008,A2
Q9009,A0
Q9010,A1
Q9011,A2
Q9012,A2
Q9013,A1
Q9014,A2
Q9015,A2
Q9016,A2
Q9017,A2
Q9018,A2
Q9019,A1
Q9020,A2
Q9021,A2
Q9022,A1
Q9023,A2
Q9024,A2
Q9025,A0
Q9026,A0
Q9027,A1
Q9028,A1
Q9029,A2
Q9030,A0
Q9031,A2
Q9032,A2
Q9033,A2
Q9034,A0
Q9035,A1
Q9036,A2
Q9037,A2
Q9038,A1
Q9039,A1
Q9040,A1
Q9041,A1
Q9042,A2
Q9043,A2
Q9044,A2
Q9045,A1
Q9046,A0
Q9047,A2
Q9048,A2
Q9049,A2
Q9050,A2
Q9051,A2
Q9052,A2
Q9053,A1
Q9054,A2
Q9055,A2
Q9056,A2
Q9057,A1
Q9058,A2
Q9059,A2
Q9060,A2
Q9061,A2
Q9062,A0
Q9063,A0
Q9064,A1
Q9065,A2
Q9066,A2
Q9067,A1
Q9068,A1
Q9069,A2
Q9070,A2
Q9071,A2
Q9072,A2
Q9073,A1
Q9074,A2
Q9075,A2
Q9076,A0
Q9077,A2
Q9078,A2
Q9079,A2
Q9080,A1
Q9081,A1
Q9082,A2
Q9083,A1
Q9084,A1
Q9085,A1
Q9086,A2
Q9087,A1
Q9088,A2
Q9089,A2
Q9090,A1
Q9091,A2
Q9092,A2
Q9093,A2
Q9094,A2
Q9095,A1
Q9096,A0
Q9097,A2
Q9098,A1
Q9099,A2
Q9100,A1
Q9101,A0
Q9102,A2
Q9103,A2
Q9104,A2
Q9105,A2
Q9106,A1
Q9107,A1
Q9108,A1
Q9109,A2
Q9110,A1
Q9111,A0
Q9112,A0
Q9113,A2
Q9114,A2
Q9115,A1
Q9116,A2
Q9117,A2
Q9118,A2
Q9119,A2
Q9120,A2
Q9121,A2
Q9122,A1
Q9123,A2
Q9124,A1
Q9125,A2
Q9126,A1
Q9127,A2
Q9128,A2
Q9129,A2
Q9130,A2
Q9131,A2
Q9132,A1
Q9133,A2
Q9134,A2
Q9135,A0
Q9136,A2
Q9137,A2
Q9138,A2
Q9139,A2
Q9140,A0
Q9141,A2
Q9142,A2
Q9143,A2
Q9144,A0
Q9145,A2
Q9146,A2
Q9147,A0
Q9148,A1
Q9149,A1
Q9150,A2
Q9151,A2
Q9152,A2
Q9153,A2
Q9154,A2
Q9155,A2
Q9156,A2
Q9157,A1
Q9158,A2
Q9159,A2
Q9160,A2
Q9161,A2
Q9162,A2
Q9163,A1
Q9164,A1
Q9165,A2
Q9166,A2
Q9167,A2
Q9168,A2
Q9169,A2
Q9170,A0
Q9171,A0
Q9172,A2
Q9173,A2
Q9174,A1
Q9175,A2
Q9176,A2
Q9177,A0
Q9178,A2
Q9179,A2
Q9180,A2
Q9181,A1
Q9182,A1
Q9183,A2
Q9184,A2
Q9185,A2
Q9186,A2
Q9187,A2
Q9188,A2
Q9189,A1
Q9190,A2
Q9191,A2
Q9192,A2
Q9193,A2
Q9194,A0
Q9195,A1
Q9196,A2
Q9197,A0
Q9198,A2
Q9199,A1
Q9200,A2
Q9201,A2
Q9202,A1
Q9203,A1
Q9204,A2
Q9205,A2
Q9206,A2
Q9207,A2
Q9208,A2
Q9209,A1
Q9210,A2
Q9211,A2
Q9212,A2
Q9213,A1
Q9214,A1
Q9215,A1
Q9216,A2
Q9217,A2
Q9218,A0
Q9219,A2
Q9220,A2
Q9221,A2
Q9222,A1
Q9223,A1
Q9224,A2
Q9225,A2
Q9226,A2
Q9227,A2
Q9228,A2
Q9229,A2
Q9230,A2
Q9231,A2
Q9232,A2
Q9233,A2
Q9234,A0
Q9235,A2
Q9236,A1
Q9237,A1
Q9238,A2
Q9239,A0
Q9240,A2
Q9241,A2
Q9242,A2
Q9243,A1
Q9244,A2
Q9245,A2
Q9246,A0
Q9247,A2
Q9248,A2
Q9249,A2
Q9250,A2
Q9251,A2
Q9252,A0
Q9253,A2
Q9254,A2
Q9255,A2
Q9256,A2
Q9257,A1
Q9258,A1
Q9259,A2
Q9260,A0
Q9261,A2
Q9262,A0
Q9263,A2
Q9264,A2
Q9265,A1
Q9266,A1
Q9267,A1
Q9268,A1
Q9269,A2
Q9270,A2
Q9271,A2
Q9272,A2
Q9273,A2
Q9274,A2
Q9275,A2
Q9276,A0
Q9277,A1
Q9278,A1
Q9279,A1
Q9280,A2
Q9281,A1
Q9282,A2
Q9283,A2
Q9284,A2
Q9285,A0
Q9286,A2
Q9287,A1
Q9288,A2
Q9289,A2
Q9290,A2
Q9291,A2
Q9292,A2
Q9293,A0
Q9294,A2
Q9295,A2
Q9296,A2
Q9297,A1
Q9298,A2
Q9299,A2
Q9300,A2
Q9301,A2
Q9302,A0
Q9303,A2
Q9304,A2
Q9305,A2
Q9306,A2
Q9307,A2
Q9308,A2
Q9309,A2
Q9310,A2
Q9311,A2
Q9312,A1
Q9313,A2
Q9314,A1
Q9315,A2
Q9316,A1
Q9317,A2
Q9318,A1
Q9319,A2
Q9320,A2
Q9321,A2
Q9322,A2
Q9323,A2
Q9324,A2
Q9325,A0
Q9326,A2
Q9327,A2
Q9328,A2
Q9329,A2
Q9330,A2
Q9331,A2
Q9332,A2
Q9333,A2
Q9334,A1
Q9335,A2
Q9336,A1
Q9337,A2
Q9338,A2
Q9339,A2
Q9340,A1
Q9341,A2
Q9342,A1
Q9343,A2
Q9344,A2
Q9345,A2
Q9346,A2
Q9347,A2
Q9348,A2
Q9349,A2
Q9350,A2
Q9351,A2
Q9352,A2
Q9353,A2
Q9354,A2
Q9355,A2
Q9356,A2
Q9357,A2
Q9358,A2
Q9359,A2
Q9360,A0
Q9361,A2
Q9362,A1
Q9363,A0
Q9364,A1
Q9365,A2
Q9366,A1
Q9367,A0
Q9368,A2
Q9369,A2
Q9370,A1
Q9371,A1
Q9372,A2
Q9373,A2
Q9374,A2
Q9375,A2
Q9376,A2
Q9377,A2
Q9378,A2
Q9379,A2
Q9380,A2
Q9381,A2
Q9382,A1
Q9383,A2
Q9384,A2
Q9385,A1
Q9386,A2
Q9387,A1
Q9388,A2
Q9389,A2
Q9390,A2
Q9391,A2
Q9392,A2
Q9393,A1
Q9394,A2
Q9395,A2
Q9396,A2
Q9397,A1
Q9398,A2
Q9399,A2
Q9400,A2
Q9401,A2
Q9402,A1
Q9403,A0
Q9404,A2
Q9405,A2
Q9406,A2
Q9407,A1
Q9408,A2
Q9409,A2
Q9410,A2
Q9411,A2
Q9412,A2
Q9413,A2
Q9414,A2
Q9415,A2
Q9416,A2
Q9417,A2
Q9418,A1
Q9419,A1
Q9420,A0
Q9421,A1
Q9422,A2
Q9423,A2
Q9424,A2
Q9425,A1
Q9426,A2
Q9427,A2
Q9428,A2
Q9429,A1
Q9430,A2
Q9431,A2
Q9432,A2
Q9433,A2
Q9434,A2
Q9435,A1
Q9436,A2
Q9437,A2
Q9438,A2
Q9439,A2
Q9440,A1
Q9441,A0
Q9442,A0
Q9443,A2
Q9444,A1
Q9445,A2
Q9446,A1
Q9447,A2
Q9448,A2
Q9449,A2
Q9450,A2
Q9451,A2
Q9452,A2
Q9453,A2
Q9454,A2
Q9455,A1
Q9456,A2
Q9457,A2
Q9458,A2
Q9459,A1
Q9460,A2
Q9461,A2
Q9462,A2
Q9463,A1
Q9464,A1
Q9465,A2
Q9466,A2
Q9467,A2
Q9468,A0
Q9469,A2
Q9470,A0
Q9471,A2
Q9472,A2
Q9473,A2
Q9474,A2
Q9475,A0
Q9476,A2
Q9477,A2
Q9478,A2
Q9479,A2
Q9480,A2
Q9481,A2
Q9482,A1
Q9483,A1
Q9484,A2
Q9485,A2
Q9486,A1
Q9487,A2
Q9488,A2
Q9489,A2
Q9490,A2
Q9491,A1
Q9492,A2
Q9493,A2
Q9494,A2
Q9495,A1
Q9496,A2
Q9497,A2
Q9498,A1
Q9499,A2
Q9500,A2
Q9501,A1
Q9502,A0
Q9503,A2
Q9504,A1
Q9505,A1
Q9506,A2
Q9507,A1
Q9508,A1
Q9509,A0
Q9510,A2
Q9511,A1
Q9512,A2
Q9513,A1
Q9514,A2
Q9515,A1
Q9516,A2
Q9517,A1
Q9518,A2
Q9519,A2
Q9520,A2
Q9521,A2
Q9522,A2
Q9523,A1
Q9524,A2
Q9525,A2
Q9526,A2
Q9527,A0
Q9528,A1
Q9529,A1
Q9530,A2
Q9531,A2
Q9532,A1
Q9533,A2
Q9534,A2
Q9535,A1
Q9536,A2
Q9537,A2
Q9538,A2
Q9539,A1
Q9540,A2
Q9541,A2
Q9542,A2
Q9543,A0
Q9544,A1
Q9545,A2
Q9546,A1
Q9547,A2
Q9548,A2
Q9549,A2
Q9550,A2
Q9551,A2
Q9552,A2
Q9553,A1
Q9554,A2
Q9555,A2
Q9556,A2
Q9557,A1
Q9558,A1
Q9559,A2
Q9560,A2
Q9561,A1
Q9562,A2
Q9563,A2
Q9564,A2
Q9565,A0
Q9566,A2
Q9567,A1
Q9568,A2
Q9569,A1
Q9570,A2
Q9571,A2
Q9572,A2
Q9573,A2
Q9574,A1
Q9575,A0
Q9576,A2
Q9577,A2
Q9578,A2
Q9579,A1
Q9580,A2
Q9581,A2
Q9582,A1
Q9583,A2
Q9584,A1
Q9585,A2
Q9586,A2
Q9587,A2
Q9588,A2
Q9589,A2
Q9590,A1
Q9591,A1
Q9592,A2
Q9593,A2
Q9594,A2
Q9595,A2
Q9596,A2
Q9597,A1
Q9598,A0
Q9599,A2
Q9600,A1
Q9601,A2
Q9602,A2
Q9603,A2
Q9604,A2
Q9605,A2
Q9606,A1
Q9607,A1
Q9608,A2
Q9609,A2
Q9610,A2
Q9611,A2
Q9612,A1
Q9613,A2
Q9614,A2
Q9615,A2
Q9616,A2
Q9617,A1
Q9618,A2
Q9619,A2
Q9620,A2
Q9621,A2
Q9622,A2
Q9623,A1
Q9624,A1
Q9625,A2
Q9626,A1
Q9627,A2
Q9628,A2
Q9629,A2
Q9630,A2
Q9631,A2
Q9632,A0
Q9633,A2
Q9634,A2
Q9635,A0
Q9636,A1
Q9637,A2
Q9638,A2
Q9639,A2
Q9640,A2
Q9641,A2
Q9642,A2
Q9643,A1
Q9644,A2
Q9645,A2
Q9646,A2
Q9647,A1
Q9648,A2
Q9649,A2
Q9650,A2
Q9651,A2
Q9652,A2
Q9653,A2
Q9654,A1
Q9655,A1
Q9656,A2
Q9657,A1
Q9658,A2
Q9659,A2
Q9660,A1
Q9661,A2
Q9662,A0
Q9663,A1
Q9664,A0
Q9665,A2
Q9666,A0
Q9667,A2
Q9668,A2
Q9669,A2
Q9670,A2
Q9671,A2
Q9672,A2
Q9673,A2
Q9674,A2
Q9675,A2
Q9676,A1
Q9677,A2
Q9678,A2
Q9679,A2
Q9680,A2
Q9681,A2
Q9682,A2
Q9683,A2
Q9684,A2
Q9685,A2
Q9686,A1
Q9687,A1
Q9688,A2
Q9689,A2
Q9690,A2
Q9691,A2
Q9692,A2
Q9693,A1
Q9694,A2
Q9695,A2
Q9696,A2
Q9697,A2
Q9698,A0
Q9699,A2
Q9700,A2
Q9701,A2
Q9702,A0
Q9703,A0
Q9704,A1
Q9705,A1
Q9706,A1
Q9707,A2
Q9708,A2
Q9709,A1
Q9710,A1
Q9711,A0
Q9712,A1
Q9713,A2
Q9714,A1
Q9715,A2
Q9716,A1
Q9717,A2
Q9718,A2
Q9719,A2
Q9720,A2
Q9721,A2
Q9722,A2
Q9723,A2
Q9724,A2
Q9725,A1
Q9726,A2
Q9727,A2
Q9728,A2
Q9729,A2
Q9730,A1
Q9731,A2
Q9732,A0
Q9733,A2
Q9734,A2
Q9735,A2
Q9736,A2
Q9737,A2
Q9738,A0
Q9739,A1
Q9740,A0
Q9741,A2
Q9742,A1
Q9743,A2
Q9744,A2
Q9745,A0
Q9746,A2
Q9747,A2
Q9748,A2
Q9749,A2
Q9750,A1
Q9751,A2
Q9752,A1
Q9753,A2
Q9754,A2
Q9755,A1
Q9756,A2
Q9757,A1
Q9758,A2
Q9759,A2
Q9760,A2
Q9761,A2
Q9762,A2
Q9763,A1
Q9764,A1
Q9765,A2
Q9766,A1
Q9767,A1
Q9768,A1
Q9769,A2
Q9770,A2
Q9771,A2
Q9772,A1
Q9773,A1
Q9774,A2
Q9775,A2
Q9776,A1
Q9777,A2
Q9778,A0
Q9779,A1
Q9780,A1
Q9781,A2
Q9782,A1
Q9783,A2
Q9784,A1
Q9785,A0
Q9786,A2
Q9787,A2
Q9788,A2
Q9789,A0
Q9790,A2
Q9791,A2
Q9792,A2
Q9793,A2
Q9794,A2
Q9795,A1
Q9796,A2
Q9797,A0
Q9798,A2
Q9799,A2
Q9800,A2
Q9801,A2
Q9802,A1
Q9803,A2
Q9804,A1
Q9805,A2
Q9806,A2
Q9807,A2
Q9808,A2
Q9809,A2
Q9810,A1
Q9811,A2
Q9812,A2
Q9813,A1
Q9814,A2
Q9815,A1
Q9816,A0
Q9817,A1
Q9818,A1
Q9819,A2
Q9820,A0
Q9821,A2
Q9822,A2
Q9823,A0
Q9824,A2
Q9825,A0
Q9826,A1
Q9827,A2
Q9828,A2
Q9829,A2
Q9830,A2
Q9831,A0
Q9832,A2
Q9833,A2
Q9834,A1
Q9835,A2
Q9836,A2
Q9837,A2
Q9838,A1
Q9839,A2
Q9840,A2
Q9841,A2
Q9842,A2
Q9843,A2
Q9844,A2
Q9845,A1
Q9846,A0
Q9847,A2
Q9848,A2
Q9849,A2
Q9850,A1
Q9851,A2
Q9852,A1
Q9853,A1
Q9854,A2
Q9855,A2
Q9856,A2
Q9857,A2
Q9858,A2
Q9859,A1
Q9860,A2
Q9861,A2
Q9862,A2
Q9863,A1
Q9864,A2
Q9865,A2
Q9866,A1
Q9867,A1
Q9868,A2
Q9869,A1
Q9870,A2
Q9871,A1
Q9872,A1
Q9873,A2
Q9874,A2
Q9875,A2
Q9876,A1
Q9877,A2
Q9878,A2
Q9879,A2
Q9880,A2
Q9881,A1
Q9882,A0
Q9883,A1
Q9884,A2
Q9885,A0
Q9886,A1
Q9887,A1
Q9888,A2
Q9889,A2
Q9890,A1
Q9891,A2
Q9892,A2
Q9893,A2
Q9894,A2
Q9895,A1
Q9896,A2
Q9897,A2
Q9898,A2
Q9899,A2
Q9900,A1
Q9901,A2
Q9902,A2
Q9903,A1
Q9904,A1
Q9905,A2
Q9906,A2
Q9907,A2
Q9908,A2
Q9909,A2
Q9910,A0
Q9911,A2
Q9912,A2
Q9913,A1
Q9914,A2
Q9915,A2
Q9916,A1
Q9917,A1
Q9918,A2
Q9919,A2
Q9920,A2
Q9921,A2
Q9922,A2
Q9923,A2
Q9924,A0
Q9925,A2
Q9926,A2
Q9927,A2
Q9928,A1
Q9929,A2
Q9930,A2
Q9931,A0
Q9932,A2
Q9933,A2
Q9934,A2
Q9935,A0
Q9936,A2
Q9937,A2
Q9938,A2
Q9939,A2
Q9940,A2
Q9941,A0
Q9942,A2
Q9943,A1
Q9944,A2
Q9945,A1
Q9946,A0
Q9947,A1
Q9948,A2
Q9949,A1
Q9950,A2
Q9951,A2
Q9952,A2
Q9953,A2
Q9954,A0
Q9955,A1
Q9956,A2
Q9957,A2
Q9958,A2
Q9959,A2
Q9960,A2
Q9961,A2
Q9962,A2
Q9963,A2
Q9964,A2
Q9965,A2
Q9966,A2
Q9967,A0
Q9968,A1
Q9969,A2
Q9970,A2
Q9971,A1
Q9972,A1
Q9973,A0
Q9974,A2
Q9975,A2
Q9976,A2
Q9977,A2
Q9978,A1
Q9979,A2
Q9980,A2
Q9981,A2
Q9982,A2
Q9983,A2
Q9984,A1
Q9985,A2
Q9986,A2
Q9987,A1
Q9988,A2
Q9989,A2
Q9990,A2
Q9991,A1
Q9992,A2
Q9993,A2
Q9994,A2
Q9995,A2
Q9996,A1
Q9997,A2
Q9998,A2
Q9999,A2
Q10000,A2
Q10001,A1
Q10002,A2
Q10003,A1
Q10004,A0
Q10005,A2
Q10006,A2
Q10007,A2
Q10008,A2
Q10009,A2
Q10010,A2
Q10011,A2
Q10012,A2
Q10013,A2
Q10014,A2
Q10015,A2
Q10016,A2
Q10017,A0
Q10018,A1
Q10019,A2
Q10020,A1
Q10021,A2
Q10022,A0
Q10023,A1
Q10024,A1
Q10025,A2
Q10026,A2
Q10027,A2
Q10028,A2
Q10029,A0
Q10030,A1
Q10031,A2
Q10032,A2
Q10033,A2
Q10034,A2
Q10035,A2
Q10036,A2
Q10037,A2
Q10038,A2
Q10039,A2
Q10040,A2
Q10041,A1
Q10042,A2
Q10043,A1
Q10044,A2
Q10045,A2
Q10046,A2
Q10047,A0
Q10048,A2
Q10049,A2
Q10050,A2
Q10051,A0
Q10052,A1
Q10053,A2
Q10054,A2
Q10055,A2
Q10056,A2
Q10057,A2
Q10058,A2
Q10059,A1
Q10060,A2
Q10061,A2
Q10062,A2
Q10063,A1
Q10064,A2
Q10065,A2
Q10066,A2
Q10067,A2
Q10068,A2
Q10069,A1
Q10070,A2
Q10071,A2
Q10072,A2
Q10073,A0
Q10074,A2
Q10075,A2
Q10076,A1
Q10077,A2
Q10078,A2
Q10079,A2
Q10080,A2
Q10081,A0
Q10082,A1
Q10083,A2
Q10084,A1
Q10085,A1
Q10086,A2
Q10087,A2
Q10088,A2
Q10089,A2
Q10090,A0
Q10091,A2
Q10092,A0
Q10093,A2
Q10094,A2
Q10095,A1
Q10096,A2
Q10097,A2
Q10098,A1
Q10099,A1
Q10100,A2
Q10101,A2
Q10102,A2
Q10103,A1
Q10104,A1
Q10105,A0
Q10106,A2
Q10107,A1
Q10108,A1
Q10109,A2
Q10110,A1
Q10111,A1
Q10112,A2
Q10113,A2
Q10114,A1
Q10115,A2
Q10116,A0
Q10117,A1
Q10118,A2
Q10119,A2
Q10120,A2
Q10121,A1
Q10122,A2
Q10123,A1
Q10124,A2
Q10125,A0
Q10126,A2
Q10127,A1
Q10128,A2
Q10129,A1
Q10130,A1
Q10131,A2
Q10132,A1
Q10133,A2
Q10134,A2
Q10135,A2
Q10136,A2
Q10137,A2
Q10138,A1
Q10139,A1
Q10140,A1
Q10141,A2
Q10142,A1
Q10143,A1
Q10144,A2
Q10145,A2
Q10146,A2
Q10147,A2
Q10148,A1
Q10149,A1
Q10150,A2
Q10151,A0
Q10152,A2
Q10153,A1
Q10154,A2
Q10155,A2
Q10156,A2
Q10157,A0
Q10158,A1
Q10159,A0
Q10160,A2
Q10161,A1
Q10162,A2
Q10163,A1
Q10164,A2
Q10165,A2
Q10166,A2
Q10167,A2
Q10168,A1
Q10169,A0
Q10170,A2
Q10171,A2
Q10172,A2
Q10173,A2
Q10174,A2
Q10175,A2
Q10176,A2
Q10177,A2
Q10178,A1
Q10179,A1
Q10180,A1
Q10181,A2
Q10182,A2
Q10183,A2
Q10184,A2
Q10185,A2
Q10186,A2
Q10187,A2
Q10188,A1
Q10189,A1
Q10190,A2
Q10191,A2
Q10192,A0
Q10193,A2
Q10194,A2
Q10195,A1
Q10196,A2
Q10197,A2
Q10198,A2
Q10199,A2
Q10200,A1
Q10201,A1
Q10202,A2
Q10203,A1
Q10204,A2
Q10205,A1
Q10206,A2
Q10207,A2
Q10208,A0
Q10209,A0
Q10210,A0
Q10211,A0
Q10212,A1
Q10213,A0
Q10214,A2
Q10215,A2
Q10216,A2
Q10217,A0
Q10218,A2
Q10219,A2
Q10220,A1
Q10221,A2
Q10222,A1
Q10223,A2
Q10224,A2
Q10225,A2
Q10226,A2
Q10227,A2
Q10228,A2
Q10229,A2
Q10230,A2
Q10231,A2
Q10232,A2
Q10233,A1
Q10234,A2
Q10235,A2
Q10236,A2
Q10237,A2
Q10238,A0
Q10239,A1
Q10240,A2
Q10241,A1
Q10242,A2
Q10243,A2
Q10244,A1
Q10245,A2
Q10246,A1
Q10247,A2
Q10248,A2
Q10249,A2
Q10250,A2
Q10251,A2
Q10252,A2
Q10253,A2
Q10254,A2
Q10255,A2
Q10256,A2
Q10257,A2
Q10258,A2
Q10259,A1
Q10260,A0
Q10261,A1
Q10262,A1
Q10263,A2
Q10264,A1
Q10265,A1
Q10266,A1
Q10267,A1
Q10268,A1
Q10269,A2
Q10270,A0
Q10271,A2
Q10272,A2
Q10273,A2
Q10274,A2
Q10275,A2
Q10276,A2
Q10277,A1
Q10278,A2
Q10279,A2
Q10280,A1
Q10281,A1
Q10282,A2
Q10283,A1
Q10284,A1
Q10285,A2
Q10286,A2
Q10287,A2
Q10288,A2
Q10289,A2
Q10290,A2
Q10291,A2
Q10292,A2
Q10293,A2
Q10294,A2
Q10295,A1
Q10296,A2
Q10297,A2
Q10298,A0
Q10299,A2
Q10300,A2
Q10301,A2
Q10302,A2
Q10303,A2
Q10304,A1
Q10305,A1
Q10306,A1
Q10307,A1
Q10308,A1
Q10309,A2
Q10310,A2
Q10311,A2
Q10312,A0
Q10313,A1
Q10314,A2
Q10315,A2
Q10316,A1
Q10317,A2
Q10318,A1
Q10319,A2
Q10320,A2
Q10321,A2
Q10322,A2
Q10323,A1
Q10324,A2
Q10325,A2
Q10326,A2
Q10327,A1
Q10328,A2
Q10329,A2
Q10330,A1
Q10331,A1
Q10332,A1
Q10333,A2
Q10334,A2
Q10335,A2
Q10336,A2
Q10337,A2
Q10338,A2
Q10339,A2
Q10340,A2
Q10341,A2
Q10342,A2
Q10343,A2
Q10344,A1
Q10345,A0
Q10346,A2
Q10347,A2
Q10348,A2
Q10349,A1
Q10350,A0
Q10351,A2
Q10352,A0
Q10353,A2
Q10354,A2
Q10355,A2
Q10356,A2
Q10357,A2
Q10358,A2
Q10359,A0
Q10360,A1
Q10361,A2
Q10362,A2
Q10363,A2
Q10364,A2
Q10365,A1
Q10366,A2
Q10367,A0
Q10368,A1
Q10369,A2
Q10370,A0
Q10371,A1
Q10372,A0
Q10373,A2
Q10374,A2
Q10375,A1
Q10376,A1
Q10377,A0
Q10378,A1
Q10379,A2
Q10380,A1
Q10381,A1
Q10382,A2
Q10383,A1
Q10384,A2
Q10385,A2
Q10386,A1
Q10387,A2
Q10388,A1
Q10389,A0
Q10390,A2
Q10391,A2
Q10392,A2
Q10393,A1
Q10394,A1
Q10395,A1
Q10396,A2
Q10397,A2
Q10398,A2
Q10399,A1
Q10400,A2
Q10401,A1
Q10402,A2
Q10403,A2
Q10404,A1
Q10405,A2
Q10406,A0
Q10407,A2
Q10408,A2
Q10409,A2
Q10410,A2
Q10411,A2
Q10412,A1
Q10413,A1
Q10414,A2
Q10415,A1
Q10416,A2
Q10417,A0
Q10418,A2
Q10419,A1
Q10420,A2
Q10421,A2
Q10422,A2
Q10423,A0
Q10424,A2
Q10425,A1
Q10426,A2
Q10427,A1
Q10428,A2
Q10429,A1
Q10430,A0
Q10431,A2
Q10432,A2
Q10433,A0
Q10434,A2
Q10435,A0
Q10436,A1
Q10437,A1
Q10438,A1
Q10439,A2
Q10440,A2
Q10441,A0
Q10442,A2
Q10443,A2
Q10444,A1
Q10445,A1
Q10446,A2
Q10447,A2
Q10448,A2
Q10449,A1
Q10450,A2
Q10451,A2
Q10452,A2
Q10453,A1
Q10454,A2
Q10455,A2
Q10456,A2
Q10457,A1
Q10458,A1
Q10459,A2
Q10460,A2
Q10461,A1
Q10462,A2
Q10463,A2
Q10464,A2
Q10465,A2
Q10466,A1
Q10467,A2
Q10468,A2
Q10469,A2
Q10470,A2
Q10471,A2
Q10472,A2
Q10473,A0
Q10474,A2
Q10475,A1
Q10476,A1
Q10477,A2
Q10478,A0
Q10479,A2
Q10480,A1
Q10481,A2
Q10482,A2
Q10483,A2
Q10484,A2
Q10485,A2
Q10486,A2
Q10487,A2
Q10488,A1
Q10489,A2
Q10490,A2
Q10491,A2
Q10492,A1
Q10493,A2
Q10494,A2
Q10495,A1
Q10496,A2
Q10497,A1
Q10498,A2
Q10499,A1
Q10500,A0
Q10501,A2
Q10502,A2
Q10503,A2
Q10504,A2
Q10505,A2
Q10506,A2
Q10507,A1
Q10508,A1
Q10509,A2
Q10510,A1
Q10511,A1
Q10512,A2
Q10513,A1
Q10514,A2
Q10515,A2
Q10516,A2
Q10517,A2
Q10518,A2
Q10519,A2
Q10520,A1
Q10521,A2
Q10522,A0
Q10523,A2
Q10524,A2
Q10525,A2
Q10526,A2
Q10527,A1
Q10528,A2
Q10529,A2
Q10530,A1
Q10531,A2
Q10532,A2
Q10533,A2
Q10534,A2
Q10535,A1
Q10536,A2
Q10537,A1
Q10538,A2
Q10539,A2
Q10540,A0
Q10541,A2
Q10542,A0
Q10543,A2
Q10544,A2
Q10545,A2
Q10546,A2
Q10547,A1
Q10548,A2
Q10549,A0
Q10550,A2
Q10551,A1
Q10552,A2
Q10553,A2
Q10554,A1
Q10555,A2
Q10556,A1
Q10557,A2
Q10558,A2
Q10559,A1
Q10560,A2
Q10561,A1
Q10562,A1
Q10563,A2
Q10564,A2
Q10565,A1
Q10566,A2
Q10567,A2
Q10568,A2
Q10569,A2
Q10570,A1
Q10571,A1
Q10572,A2
Q10573,A2
Q10574,A2
Q10575,A1
Q10576,A2
Q10577,A2
Q10578,A2
Q10579,A2
Q10580,A2
Q10581,A2
Q10582,A2
Q10583,A1
Q10584,A1
Q10585,A2
Q10586,A2
Q10587,A2
Q10588,A0
Q10589,A2
Q10590,A1
Q10591,A2
Q10592,A1
Q10593,A2
Q10594,A2
Q10595,A2
Q10596,A2
Q10597,A2
Q10598,A2
Q10599,A0
Q10600,A2
Q10601,A2
Q10602,A2
Q10603,A0
Q10604,A2
Q10605,A2
Q10606,A1
Q10607,A0
Q10608,A2
Q10609,A2
Q10610,A0
Q10611,A2
Q10612,A1
Q10613,A1
Q10614,A2
Q10615,A2
Q10616,A2
Q10617,A0
Q10618,A1
Q10619,A2
Q10620,A2
Q10621,A2
Q10622,A2
Q10623,A2
Q10624,A2
Q10625,A2
Q10626,A2
Q10627,A0
Q10628,A1
Q10629,A2
Q10630,A2
Q10631,A1
Q10632,A2
Q10633,A2
Q10634,A2
Q10635,A2
Q10636,A2
Q10637,A1
Q10638,A2
Q10639,A1
Q10640,A2
Q10641,A2
Q10642,A1
Q10643,A2
Q10644,A1
Q10645,A2
Q10646,A2
Q10647,A2
Q10648,A2
Q10649,A2
Q10650,A0
Q10651,A2
Q10652,A1
Q10653,A0
Q10654,A0
Q10655,A2
Q10656,A2
Q10657,A1
Q10658,A1
Q10659,A2
Q10660,A1
Q10661,A2
Q10662,A2
Q10663,A2
Q10664,A2
Q10665,A2
Q10666,A0
Q10667,A2
Q10668,A2
Q10669,A1
Q10670,A2
Q10671,A2
Q10672,A0
Q10673,A2
Q10674,A1
Q10675,A1
Q10676,A1
Q10677,A2
Q10678,A2
Q10679,A2
Q10680,A2
Q10681,A1
Q10682,A2
Q10683,A2
Q10684,A2
Q10685,A2
Q10686,A2
Q10687,A1
Q10688,A2
Q10689,A2
Q10690,A2
Q10691,A0
Q10692,A2
Q10693,A1
Q10694,A2
Q10695,A2
Q10696,A2
Q10697,A2
Q10698,A0
Q10699,A0
Q10700,A2
Q10701,A1
Q10702,A2
Q10703,A2
Q10704,A2
Q10705,A0
Q10706,A2
Q10707,A2
Q10708,A1
Q10709,A2
Q10710,A2
Q10711,A2
Q10712,A2
Q10713,A2
Q10714,A0
Q10715,A2
Q10716,A2
Q10717,A1
Q10718,A2
Q10719,A2
Q10720,A2
Q10721,A2
Q10722,A0
Q10723,A2
Q10724,A0
Q10725,A2
Q10726,A0
Q10727,A1
Q10728,A2
Q10729,A1
Q10730,A2
Q10731,A2
Q10732,A2
Q10733,A2
Q10734,A2
Q10735,A2
Q10736,A1
Q10737,A1
Q10738,A2
Q10739,A2
Q10740,A1
Q10741,A2
Q10742,A2
Q10743,A1
Q10744,A1
Q10745,A2
Q10746,A2
Q10747,A0
Q10748,A1
Q10749,A1
Q10750,A0
Q10751,A2
Q10752,A1
Q10753,A1
Q10754,A1
Q10755,A0
Q10756,A1
Q10757,A2
Q10758,A1
Q10759,A2
Q10760,A2
Q10761,A2
Q10762,A2
Q10763,A2
Q10764,A2
Q10765,A2
Q10766,A0
Q10767,A2
Q10768,A1
Q10769,A2
Q10770,A0
Q10771,A2
Q10772,A2
Q10773,A2
Q10774,A2
Q10775,A0
Q10776,A1
Q10777,A2
Q10778,A2
Q10779,A1
Q10780,A0
Q10781,A2
Q10782,A0
Q10783,A1
Q10784,A2
Q10785,A2
Q10786,A2
Q10787,A2
Q10788,A1
Q10789,A2
Q10790,A2
Q10791,A2
Q10792,A2
Q10793,A2
Q10794,A0
Q10795,A2
Q10796,A2
Q10797,A2
Q10798,A1
Q10799,A2
Q10800,A0
Q10801,A2
Q10802,A2
Q10803,A2
Q10804,A1
Q10805,A1
Q10806,A2
Q10807,A1
Q10808,A1
Q10809,A1
Q10810,A0
Q10811,A1
Q10812,A0
Q10813,A2
Q10814,A2
Q10815,A2
Q10816,A2
Q10817,A1
Q10818,A2
Q10819,A2
Q10820,A1
Q10821,A2
Q10822,A1
Q10823,A2
Q10824,A2
Q10825,A2
Q10826,A2
Q10827,A2
Q10828,A2
Q10829,A1
Q10830,A2
Q10831,A2
Q10832,A1
Q10833,A2
Q10834,A1
Q10835,A0
Q10836,A2
Q10837,A2
Q10838,A2
Q10839,A2
Q10840,A2
Q10841,A2
Q10842,A1
Q10843,A2
Q10844,A2
Q10845,A0
Q10846,A2
Q10847,A1
Q10848,A2
Q10849,A2
Q10850,A2
Q10851,A1
Q10852,A2
Q10853,A2
Q10854,A1
Q10855,A2
Q10856,A2
Q10857,A2
Q10858,A1
Q10859,A0
Q10860,A1
Q10861,A0
Q10862,A2
Q10863,A2
Q10864,A1
Q10865,A2
Q10866,A0
Q10867,A2
Q10868,A1
Q10869,A2
Q10870,A1
Q10871,A2
Q10872,A2
Q10873,A2
Q10874,A2
Q10875,A1
Q10876,A1
Q10877,A1
Q10878,A1
Q10879,A2
Q10880,A2
Q10881,A1
Q10882,A0
Q10883,A2
Q10884,A2
Q10885,A2
Q10886,A2
Q10887,A2
Q10888,A2
Q10889,A2
Q10890,A0
Q10891,A1
Q10892,A2
Q10893,A2
Q10894,A1
Q10895,A2
Q10896,A1
Q10897,A0
Q10898,A2
Q10899,A0
Q10900,A2
Q10901,A2
Q10902,A2
Q10903,A2
Q10904,A1
Q10905,A2
Q10906,A2
Q10907,A0
Q10908,A2
Q10909,A1
Q10910,A2
Q10911,A0
Q10912,A2
Q10913,A0
Q10914,A1
Q10915,A1
Q10916,A1
Q10917,A2
Q10918,A2
Q10919,A2
Q10920,A2
Q10921,A0
Q10922,A2
Q10923,A1
Q10924,A2
Q10925,A2
Q10926,A2
Q10927,A2
Q10928,A2
Q10929,A2
Q10930,A2
Q10931,A1
Q10932,A2
Q10933,A1
Q10934,A2
Q10935,A2
Q10936,A1
Q10937,A1
Q10938,A2
Q10939,A2
Q10940,A1
Q10941,A2
Q10942,A2
Q10943,A2
Q10944,A1
Q10945,A2
Q10946,A2
Q10947,A2
Q10948,A0
Q10949,A0
Q10950,A2
Q10951,A0
Q10952,A1
Q10953,A0
Q10954,A2
Q10955,A2
Q10956,A1
Q10957,A1
Q10958,A2
Q10959,A2
Q10960,A2
Q10961,A2
Q10962,A0
Q10963,A0
Q10964,A2
Q10965,A2
Q10966,A2
Q10967,A2
Q10968,A2
Q10969,A2
Q10970,A2
Q10971,A1
Q10972,A2
Q10973,A1
Q10974,A2
Q10975,A2
Q10976,A0
Q10977,A2
Q10978,A1
Q10979,A2
Q10980,A2
Q10981,A2
Q10982,A0
Q10983,A2
Q10984,A2
Q10985,A1
Q10986,A1
Q10987,A2
Q10988,A1
Q10989,A2
Q10990,A1
Q10991,A2
Q10992,A0
Q10993,A1
Q10994,A1
Q10995,A2
Q10996,A2
Q10997,A2
Q10998,A2
Q10999,A2
Q11000,A2
Q11001,A2
Q11002,A2
Q11003,A2
Q11004,A2
Q11005,A2
Q11006,A0
Q11007,A2
Q11008,A2
Q11009,A0
Q11010,A1
Q11011,A2
Q11012,A2
Q11013,A2
Q11014,A2
Q11015,A1
Q11016,A1
Q11017,A2
Q11018,A2
Q11019,A2
Q11020,A2
Q11021,A2
Q11022,A2
Q11023,A2
Q11024,A1
Q11025,A1
Q11026,A2
Q11027,A2
Q11028,A1
Q11029,A1
Q11030,A1
Q11031,A2
Q11032,A2
Q11033,A1
Q11034,A2
Q11035,A2
Q11036,A0
Q11037,A2
Q11038,A2
Q11039,A2
Q11040,A2
Q11041,A1
Q11042,A2
Q11043,A2
Q11044,A1
Q11045,A2
Q11046,A2
Q11047,A2
Q11048,A2
Q11049,A2
Q11050,A2
Q11051,A1
Q11052,A1
Q11053,A1
Q11054,A1
Q11055,A2
Q11056,A1
Q11057,A0
Q11058,A2
Q11059,A1
Q11060,A2
Q11061,A2
Q11062,A1
Q11063,A2
Q11064,A2
Q11065,A2
Q11066,A1
Q11067,A1
Q11068,A0
Q11069,A2
Q11070,A1
Q11071,A2
Q11072,A2
Q11073,A2
Q11074,A2
Q11075,A2
Q11076,A1
Q11077,A1
Q11078,A1
Q11079,A2
Q11080,A2
Q11081,A2
Q11082,A1
Q11083,A2
Q11084,A2
Q11085,A1
Q11086,A2
Q11087,A0
Q11088,A2
Q11089,A2
Q11090,A2
Q11091,A2
Q11092,A0
Q11093,A0
Q11094,A1
Q11095,A2
Q11096,A1
Q11097,A1
Q11098,A2
Q11099,A0
Q11100,A2
Q11101,A2
Q11102,A2
Q11103,A2
Q11104,A1
Q11105,A2
Q11106,A0
Q11107,A2
Q11108,A0
Q11109,A2
Q11110,A2
Q11111,A2
Q11112,A1
Q11113,A2
Q11114,A0
Q11115,A1
Q11116,A2
Q11117,A1
Q11118,A2
Q11119,A1
Q11120,A2
Q11121,A1
Q11122,A2
Q11123,A2
Q11124,A2
Q11125,A2
Q11126,A2
Q11127,A2
Q11128,A2
Q11129,A2
Q11130,A2
Q11131,A1
Q11132,A1
Q11133,A2
Q11134,A2
Q11135,A2
Q11136,A0
Q11137,A1
Q11138,A0
Q11139,A2
Q11140,A0
Q11141,A2
Q11142,A2
Q11143,A2
Q11144,A1
Q11145,A2
Q11146,A2
Q11147,A1
Q11148,A1
Q11149,A1
Q11150,A2
Q11151,A1
Q11152,A2
Q11153,A1
Q11154,A2
Q11155,A2
Q11156,A0
Q11157,A2
Q11158,A2
Q11159,A1
Q11160,A1
Q11161,A2
Q11162,A2
Q11163,A2
Q11164,A2
Q11165,A2
Q11166,A0
Q11167,A1
Q11168,A2
Q11169,A2
Q11170,A1
Q11171,A1
Q11172,A1
Q11173,A2
Q11174,A1
Q11175,A2
Q11176,A1
Q11177,A2
Q11178,A2
Q11179,A1
Q11180,A1
Q11181,A2
Q11182,A2
Q11183,A2
Q11184,A0
Q11185,A1
Q11186,A2
Q11187,A2
Q11188,A2
Q11189,A2
Q11190,A2
Q11191,A0
Q11192,A0
Q11193,A2
Q11194,A2
Q11195,A2
Q11196,A1
Q11197,A2
Q11198,A2
Q11199,A2
Q11200,A2
Q11201,A2
Q11202,A2
Q11203,A2
Q11204,A2
Q11205,A2
Q11206,A2
Q11207,A2
Q11208,A2
Q11209,A1
Q11210,A1
Q11211,A2
Q11212,A2
Q11213,A1
Q11214,A2
Q11215,A1
Q11216,A1
Q11217,A2
Q11218,A2
Q11219,A0
Q11220,A2
Q11221,A2
Q11222,A1
Q11223,A1
Q11224,A2
Q11225,A1
Q11226,A2
Q11227,A2
Q11228,A1
Q11229,A2
Q11230,A2
Q11231,A1
Q11232,A2
Q11233,A2
Q11234,A2
Q11235,A2
Q11236,A1
Q11237,A2
Q11238,A2
Q11239,A1
Q11240,A1
Q11241,A2
Q11242,A2
Q11243,A2
Q11244,A1
Q11245,A2
Q11246,A2
Q11247,A2
Q11248,A2
Q11249,A1
Q11250,A2
Q11251,A1
Q11252,A2
Q11253,A1
Q11254,A1
Q11255,A0
Q11256,A2
Q11257,A2
Q11258,A2
Q11259,A2
Q11260,A0
Q11261,A2
Q11262,A2
Q11263,A2
Q11264,A2
Q11265,A1
Q11266,A2
Q11267,A2
Q11268,A1
Q11269,A2
Q11270,A2
Q11271,A1
Q11272,A1
Q11273,A2
Q11274,A2
Q11275,A2
Q11276,A2
Q11277,A1
Q11278,A1
Q11279,A2
Q11280,A0
Q11281,A2
Q11282,A2
Q11283,A2
Q11284,A2
Q11285,A1
Q11286,A2
Q11287,A2
Q11288,A1
Q11289,A2
Q11290,A2
Q11291,A2
Q11292,A1
Q11293,A1
Q11294,A0
Q11295,A2
Q11296,A2
Q11297,A1
Q11298,A2
Q11299,A2
Q11300,A1
Q11301,A2
Q11302,A2
Q11303,A2
Q11304,A1
Q11305,A2
Q11306,A2
Q11307,A1
Q11308,A2
Q11309,A0
Q11310,A2
Q11311,A2
Q11312,A1
Q11313,A2
Q11314,A2
Q11315,A1
Q11316,A0
Q11317,A1
Q11318,A2
Q11319,A2
Q11320,A2
Q11321,A2
Q11322,A2
Q11323,A2
Q11324,A2
Q11325,A2
Q11326,A2
Q11327,A2
Q11328,A2
Q11329,A1
Q11330,A2
Q11331,A2
Q11332,A1
Q11333,A2
Q11334,A2
Q11335,A2
Q11336,A2
Q11337,A1
Q11338,A2
Q11339,A0
Q11340,A2
Q11341,A0
Q11342,A1
Q11343,A2
Q11344,A2
Q11345,A2
Q11346,A2
Q11347,A2
Q11348,A2
Q11349,A2
Q11350,A2
Q11351,A2
Q11352,A2
Q11353,A0
Q11354,A2
Q11355,A1
Q11356,A2
Q11357,A1
Q11358,A2
Q11359,A2
Q11360,A2
Q11361,A0
Q11362,A1
Q11363,A2
Q11364,A1
Q11365,A1
Q11366,A1
Q11367,A2
Q11368,A2
Q11369,A1
Q11370,A1
Q11371,A2
Q11372,A0
Q11373,A0
Q11374,A1
Q11375,A2
Q11376,A2
Q11377,A2
Q11378,A1
Q11379,A2
Q11380,A2
Q11381,A2
Q11382,A1
Q11383,A2
Q11384,A0
Q11385,A2
Q11386,A2
Q11387,A0
Q11388,A2
Q11389,A1
Q11390,A1
Q11391,A1
Q11392,A1
Q11393,A0
Q11394,A2
Q11395,A2
Q11396,A2
Q11397,A2
Q11398,A2
Q11399,A2
Q11400,A1
Q11401,A2
Q11402,A1
Q11403,A2
Q11404,A0
Q11405,A2
Q11406,A2
Q11407,A2
Q11408,A2
Q11409,A2
Q11410,A2
Q11411,A2
Q11412,A2
Q11413,A2
Q11414,A2
Q11415,A2
Q11416,A0
Q11417,A1
Q11418,A1
Q11419,A2
Q11420,A1
Q11421,A1
Q11422,A0
Q11423,A1
Q11424,A2
Q11425,A0
Q11426,A0
Q11427,A1
Q11428,A2
Q11429,A1
Q11430,A2
Q11431,A0
Q11432,A2
Q11433,A1
Q11434,A2
Q11435,A2
Q11436,A2
Q11437,A1
Q11438,A2
Q11439,A1
Q11440,A2
Q11441,A2
Q11442,A0
Q11443,A0
Q11444,A2
Q11445,A2
Q11446,A2
Q11447,A2
Q11448,A2
Q11449,A1
Q11450,A0
Q11451,A2
Q11452,A2
Q11453,A2
Q11454,A0
Q11455,A2
Q11456,A2
Q11457,A2
Q11458,A1
Q11459,A2
Q11460,A2
Q11461,A2
Q11462,A1
Q11463,A0
Q11464,A1
Q11465,A2
Q11466,A2
Q11467,A1
Q11468,A2
Q11469,A2
Q11470,A2
Q11471,A2
Q11472,A2
Q11473,A2
Q11474,A1
Q11475,A2
Q11476,A1
Q11477,A1
Q11478,A0
Q11479,A2
Q11480,A1
Q11481,A2
Q11482,A2
Q11483,A2
Q11484,A0
Q11485,A0
Q11486,A2
Q11487,A1
Q11488,A2
Q11489,A1
Q11490,A2
Q11491,A1
Q11492,A2
Q11493,A2
Q11494,A1
Q11495,A2
Q11496,A1
Q11497,A2
Q11498,A2
Q11499,A2
Q11500,A1
Q11501,A1
Q11502,A1
Q11503,A1
Q11504,A2
Q11505,A0
Q11506,A2
Q11507,A2
Q11508,A1
Q11509,A1
Q11510,A2
Q11511,A1
Q11512,A2
Q11513,A1
Q11514,A2
Q11515,A2
Q11516,A2
Q11517,A1
Q11518,A1
Q11519,A2
Q11520,A2
Q11521,A0
Q11522,A2
Q11523,A1
Q11524,A2
Q11525,A2
Q11526,A2
Q11527,A2
Q11528,A2
Q11529,A2
Q11530,A2
Q11531,A1
Q11532,A2
Q11533,A2
Q11534,A1
Q11535,A2
Q11536,A2
Q11537,A2
Q11538,A2
Q11539,A2
Q11540,A2
Q11541,A1
Q11542,A2
Q11543,A1
Q11544,A2
Q11545,A2
Q11546,A2
Q11547,A2
Q11548,A2
Q11549,A2
Q11550,A2
Q11551,A1
Q11552,A1
Q11553,A2
Q11554,A2
Q11555,A2
Q11556,A1
Q11557,A2
Q11558,A2
Q11559,A2
Q11560,A2
Q11561,A2
Q11562,A1
Q11563,A2
Q11564,A2
Q11565,A0
Q11566,A2
Q11567,A1
Q11568,A2
Q11569,A2
Q11570,A0
Q11571,A2
Q11572,A0
Q11573,A2
Q11574,A2
Q11575,A1
Q11576,A2
Q11577,A0
Q11578,A1
Q11579,A2
Q11580,A2
Q11581,A2
Q11582,A2
Q11583,A2
Q11584,A2
Q11585,A2
Q11586,A2
Q11587,A1
Q11588,A2
Q11589,A0
Q11590,A2
Q11591,A0
Q11592,A2
Q11593,A2
Q11594,A2
Q11595,A2
Q11596,A2
Q11597,A2
Q11598,A1
Q11599,A0
Q11600,A2
Q11601,A2
Q11602,A2
Q11603,A0
Q11604,A2
Q11605,A1
Q11606,A2
Q11607,A2
Q11608,A2
Q11609,A2
Q11610,A1
Q11611,A2
Q11612,A1
Q11613,A2
Q11614,A0
Q11615,A0
Q11616,A1
Q11617,A0
Q11618,A2
Q11619,A1
Q11620,A2
Q11621,A0
Q11622,A2
Q11623,A2
Q11624,A2
Q11625,A2
Q11626,A2
Q11627,A2
Q11628,A0
Q11629,A2
Q11630,A0
Q11631,A2
Q11632,A2
Q11633,A2
Q11634,A2
Q11635,A1
Q11636,A2
Q11637,A2
Q11638,A0
Q11639,A2
Q11640,A2
Q11641,A2
Q11642,A1
Q11643,A1
Q11644,A2
Q11645,A0
Q11646,A2
Q11647,A1
Q11648,A1
Q11649,A2
Q11650,A2
Q11651,A2
Q11652,A1
Q11653,A2
Q11654,A1
Q11655,A2
Q11656,A2
Q11657,A1
Q11658,A0
Q11659,A2
Q11660,A0
Q11661,A2
Q11662,A2
Q11663,A2
Q11664,A2
Q11665,A2
Q11666,A2
Q11667,A2
Q11668,A2
Q11669,A1
Q11670,A2
Q11671,A1
Q11672,A1
Q11673,A2
Q11674,A2
Q11675,A2
Q11676,A0
Q11677,A2
Q11678,A2
Q11679,A2
Q11680,A2
Q11681,A2
Q11682,A2
Q11683,A2
Q11684,A2
Q11685,A2
Q11686,A1
Q11687,A2
Q11688,A1
Q11689,A0
Q11690,A1
Q11691,A2
Q11692,A1
Q11693,A2
Q11694,A2
Q11695,A1
Q11696,A2
Q11697,A2
Q11698,A2
Q11699,A2
Q11700,A2
Q11701,A2
Q11702,A1
Q11703,A2
Q11704,A2
Q11705,A1
Q11706,A1
Q11707,A0
Q11708,A1
Q11709,A2
Q11710,A1
Q11711,A0
Q11712,A2
Q11713,A2
Q11714,A1
Q11715,A2
Q11716,A2
Q11717,A2
Q11718,A2
Q11719,A1
Q11720,A2
Q11721,A2
Q11722,A2
Q11723,A2
Q11724,A2
Q11725,A1
Q11726,A2
Q11727,A2
Q11728,A2
Q11729,A2
Q11730,A2
Q11731,A2
Q11732,A1
Q11733,A2
Q11734,A1
Q11735,A2
Q11736,A1
Q11737,A2
Q11738,A2
Q11739,A0
Q11740,A1
Q11741,A0
Q11742,A2
Q11743,A0
Q11744,A1
Q11745,A1
Q11746,A2
Q11747,A1
Q11748,A2
Q11749,A1
Q11750,A2
Q11751,A2
Q11752,A1
Q11753,A1
Q11754,A2
Q11755,A2
Q11756,A2
Q11757,A0
Q11758,A1
Q11759,A1
Q11760,A2
Q11761,A2
Q11762,A2
Q11763,A2
Q11764,A2
Q11765,A1
Q11766,A2
Q11767,A1
Q11768,A2
Q11769,A1
Q11770,A1
Q11771,A2
Q11772,A2
Q11773,A2
Q11774,A2
Q11775,A2
Q11776,A2
Q11777,A1
Q11778,A1
Q11779,A1
Q11780,A0
Q11781,A2
Q11782,A2
Q11783,A1
Q11784,A2
Q11785,A2
Q11786,A2
Q11787,A2
Q11788,A1
Q11789,A0
Q11790,A1
Q11791,A2
Q11792,A1
Q11793,A2
Q11794,A0
Q11795,A2
Q11796,A2
Q11797,A2
Q11798,A2
Q11799,A2
Q11800,A2
Q11801,A1
Q11802,A2
Q11803,A2
Q11804,A2
Q11805,A1
Q11806,A1
Q11807,A2
Q11808,A2
Q11809,A2
Q11810,A1
Q11811,A0
Q11812,A0
Q11813,A1
Q11814,A1
Q11815,A2
Q11816,A2
Q11817,A2
Q11818,A1
Q11819,A2
Q11820,A2
Q11821,A2
Q11822,A1
Q11823,A0
Q11824,A2
Q11825,A2
Q11826,A0
Q11827,A2
Q11828,A1
Q11829,A2
Q11830,A1
Q11831,A2
Q11832,A1
Q11833,A2
Q11834,A1
Q11835,A2
Q11836,A2
Q11837,A2
Q11838,A2
Q11839,A1
Q11840,A2
Q11841,A2
Q11842,A2
Q11843,A2
Q11844,A2
Q11845,A2
Q11846,A2
Q11847,A1
Q11848,A1
Q11849,A1
Q11850,A1
Q11851,A2
Q11852,A2
Q11853,A2
Q11854,A2
Q11855,A2
Q11856,A2
Q11857,A1
Q11858,A2
Q11859,A2
Q11860,A2
Q11861,A0
Q11862,A2
Q11863,A2
Q11864,A2
Q11865,A1
Q11866,A1
Q11867,A1
Q11868,A2
Q11869,A2
Q11870,A2
Q11871,A2
Q11872,A2
Q11873,A2
Q11874,A2
Q11875,A1
Q11876,A1
Q11877,A2
Q11878,A0
Q11879,A2
Q11880,A1
Q11881,A2
Q11882,A2
Q11883,A2
Q11884,A2
Q11885,A1
Q11886,A1
Q11887,A1
Q11888,A1
Q11889,A0
Q11890,A2
Q11891,A2
Q11892,A2
Q11893,A1
Q11894,A1
Q11895,A2
Q11896,A2
Q11897,A2
Q11898,A2
Q11899,A1
Q11900,A2
Q11901,A1
Q11902,A2
Q11903,A2
Q11904,A2
Q11905,A2
Q11906,A1
Q11907,A2
Q11908,A2
Q11909,A2
Q11910,A2
Q11911,A2
Q11912,A0
Q11913,A2
Q11914,A0
Q11915,A1
Q11916,A2
Q11917,A1
Q11918,A1
Q11919,A2
Q11920,A2
Q11921,A1
Q11922,A1
Q11923,A2
Q11924,A2
Q11925,A2
Q11926,A2
Q11927,A2
Q11928,A1
Q11929,A1
Q11930,A2
Q11931,A1
Q11932,A2
Q11933,A2
Q11934,A2
Q11935,A2
Q11936,A2
Q11937,A2
Q11938,A2
Q11939,A1
Q11940,A2
Q11941,A2
Q11942,A1
Q11943,A2
Q11944,A2
Q11945,A2
Q11946,A1
Q11947,A2
Q11948,A2
Q11949,A1
Q11950,A2
Q11951,A2
Q11952,A2
Q11953,A0
Q11954,A1
Q11955,A2
Q11956,A2
Q11957,A0
Q11958,A1
Q11959,A2
Q11960,A0
Q11961,A2
Q11962,A2
Q11963,A1
Q11964,A0
Q11965,A2
Q11966,A2
Q11967,A2
Q11968,A2
Q11969,A2
Q11970,A0
Q11971,A1
Q11972,A2
Q11973,A2
Q11974,A2
Q11975,A2
Q11976,A0
Q11977,A0
Q11978,A2
Q11979,A1
Q11980,A2
Q11981,A2
Q11982,A2
Q11983,A2
Q11984,A1
Q11985,A2
Q11986,A1
Q11987,A1
Q11988,A2
Q11989,A1
Q11990,A0
Q11991,A0
Q11992,A2
Q11993,A2
Q11994,A2
Q11995,A1
Q11996,A0
Q11997,A1
Q11998,A2
Q11999,A2
Q12000,A1
Q12001,A2
Q12002,A2
Q12003,A2
Q12004,A2
Q12005,A2
Q12006,A2
Q12007,A2
Q12008,A2
Q12009,A0
Q12010,A0
Q12011,A1
Q12012,A2
Q12013,A2
Q12014,A2
Q12015,A2
Q12016,A2
Q12017,A1
Q12018,A2
Q12019,A2
Q12020,A2
Q12021,A2
Q12022,A2
Q12023,A2
Q12024,A2
Q12025,A1
Q12026,A2
Q12027,A2
Q12028,A2
Q12029,A1
Q12030,A0
Q12031,A2
Q12032,A2
Q12033,A2
Q12034,A1
Q12035,A2
Q12036,A2
Q12037,A2
Q12038,A2
Q12039,A0
Q12040,A2
Q12041,A1
Q12042,A0
Q12043,A0
Q12044,A2
Q12045,A2
Q12046,A2
Q12047,A2
Q12048,A0
Q12049,A2
Q12050,A2
Q12051,A2
Q12052,A1
Q12053,A2
Q12054,A2
Q12055,A2
Q12056,A2
Q12057,A2
Q12058,A2
Q12059,A2
Q12060,A1
Q12061,A2
Q12062,A0
Q12063,A2
Q12064,A1
Q12065,A0
Q12066,A2
Q12067,A2
Q12068,A1
Q12069,A2
Q12070,A1
Q12071,A2
Q12072,A2
Q12073,A2
Q12074,A2
Q12075,A0
Q12076,A2
Q12077,A1
Q12078,A1
Q12079,A1
Q12080,A2
Q12081,A1
Q12082,A1
Q12083,A0
Q12084,A0
Q12085,A0
Q12086,A2
Q12087,A1
Q12088,A1
Q12089,A2
Q12090,A2
Q12091,A2
Q12092,A2
Q12093,A1
Q12094,A2
Q12095,A2
Q12096,A2
Q12097,A1
Q12098,A2
Q12099,A1
Q12100,A2
Q12101,A2
Q12102,A2
Q12103,A1
Q12104,A2
Q12105,A2
Q12106,A2
Q12107,A2
Q12108,A2
Q12109,A2
Q12110,A2
Q12111,A2
Q12112,A1
Q12113,A2
Q12114,A1
Q12115,A0
Q12116,A1
Q12117,A1
Q12118,A2
Q12119,A2
Q12120,A2
Q12121,A2
Q12122,A0
Q12123,A1
Q12124,A1
Q12125,A1
Q12126,A1
Q12127,A2
Q12128,A2
Q12129,A2
Q12130,A2
Q12131,A2
Q12132,A2
Q12133,A2
Q12134,A2
Q12135,A1
Q12136,A1
Q12137,A1
Q12138,A2
Q12139,A2
Q12140,A2
Q12141,A2
Q12142,A1
Q12143,A2
Q12144,A0
Q12145,A2
Q12146,A2
Q12147,A1
Q12148,A0
Q12149,A0
Q12150,A2
Q12151,A1
Q12152,A0
Q12153,A2
Q12154,A1
Q12155,A2
Q12156,A2
Q12157,A2
Q12158,A1
Q12159,A2
Q12160,A1
Q12161,A2
Q12162,A2
Q12163,A2
Q12164,A2
Q12165,A2
Q12166,A2
Q12167,A2
Q12168,A1
Q12169,A2
Q12170,A2
Q12171,A1
Q12172,A2
Q12173,A2
Q12174,A2
Q12175,A1
Q12176,A1
Q12177,A2
Q12178,A1
Q12179,A1
Q12180,A2
Q12181,A2
Q12182,A2
Q12183,A2
Q12184,A2
Q12185,A2
Q12186,A1
Q12187,A2
Q12188,A2
Q12189,A2
Q12190,A1
Q12191,A0
Q12192,A2
Q12193,A2
Q12194,A1
Q12195,A2
Q12196,A2
Q12197,A2
Q12198,A2
Q12199,A1
Q12200,A1
Q12201,A2
Q12202,A2
Q12203,A2
Q12204,A2
Q12205,A0
Q12206,A1
Q12207,A2
Q12208,A2
Q12209,A0
Q12210,A2
Q12211,A2
Q12212,A2
Q12213,A1
Q12214,A2
Q12215,A2
Q12216,A2
Q12217,A2
Q12218,A2
Q12219,A2
Q12220,A1
Q12221,A0
Q12222,A1
Q12223,A2
Q12224,A2
Q12225,A2
Q12226,A2
Q12227,A2
Q12228,A1
Q12229,A2
Q12230,A2
Q12231,A2
Q12232,A1
Q12233,A2
Q12234,A1
Q12235,A2
Q12236,A1
Q12237,A2
Q12238,A1
Q12239,A1
Q12240,A2
Q12241,A2
Q12242,A1
Q12243,A2
Q12244,A2
Q12245,A2
Q12246,A2
Q12247,A2
Q12248,A2
Q12249,A2
Q12250,A2
Q12251,A1
Q12252,A2
Q12253,A2
Q12254,A2
Q12255,A2
Q12256,A1
Q12257,A2
Q12258,A2
Q12259,A2
Q12260,A1
Q12261,A2
Q12262,A1
Q12263,A2
Q12264,A2
Q12265,A0
Q12266,A2
Q12267,A1
Q12268,A2
Q12269,A2
Q12270,A2
Q12271,A2
Q12272,A1
Q12273,A2
Q12274,A0
Q12275,A1
Q12276,A2
Q12277,A2
Q12278,A2
Q12279,A2
Q12280,A2
Q12281,A0
Q12282,A2
Q12283,A2
Q12284,A2
Q12285,A2
Q12286,A2
Q12287,A2
Q12288,A2
Q12289,A2
Q12290,A2
Q12291,A2
Q12292,A2
Q12293,A2
Q12294,A2
Q12295,A2
Q12296,A2
Q12297,A2
Q12298,A2
Q12299,A2
Q12300,A2
Q12301,A2
Q12302,A2
Q12303,A2
Q12304,A2
Q12305,A2
Q12306,A0
Q12307,A2
Q12308,A2
Q12309,A1
Q12310,A0
Q12311,A1
Q12312,A2
Q12313,A1
Q12314,A2
Q12315,A0
Q12316,A1
Q12317,A2
Q12318,A1
Q12319,A2
Q12320,A2
Q12321,A0
Q12322,A1
Q12323,A2
Q12324,A2
Q12325,A2
Q12326,A2
Q12327,A1
Q12328,A2
Q12329,A2
Q12330,A2
Q12331,A1
Q12332,A1
Q12333,A2
Q12334,A2
Q12335,A2
Q12336,A1
Q12337,A1
Q12338,A0
Q12339,A2
Q12340,A2
Q12341,A1
Q12342,A2
Q12343,A2
Q12344,A2
Q12345,A1
Q12346,A1
Q12347,A0
Q12348,A2
Q12349,A1
Q12350,A2
Q12351,A2
Q12352,A2
Q12353,A0
Q12354,A1
Q12355,A2
Q12356,A2
Q12357,A2
Q12358,A2
Q12359,A2
Q12360,A2
Q12361,A2
Q12362,A2
Q12363,A2
Q12364,A1
Q12365,A2
Q12366,A2
Q12367,A1
Q12368,A1
Q12369,A1
Q12370,A0
Q12371,A1
Q12372,A2
Q12373,A2
Q12374,A2
Q12375,A2
Q12376,A1
Q12377,A1
Q12378,A1
Q12379,A0
Q12380,A2
Q12381,A0
Q12382,A1
Q12383,A0
Q12384,A1
Q12385,A2
Q12386,A2
Q12387,A2
Q12388,A2
Q12389,A2
Q12390,A2
Q12391,A2
Q12392,A2
Q12393,A2
Q12394,A2
Q12395,A1
Q12396,A2
Q12397,A2
Q12398,A2
Q12399,A1
Q12400,A2
Q12401,A2
Q12402,A2
Q12403,A2
Q12404,A1
Q12405,A2
Q12406,A1
Q12407,A1
Q12408,A2
Q12409,A2
Q12410,A0
Q12411,A2
Q12412,A0
Q12413,A2
Q12414,A2
Q12415,A2
Q12416,A2
Q12417,A1
Q12418,A2
Q12419,A1
Q12420,A2
Q12421,A2
Q12422,A2
Q12423,A2
Q12424,A2
Q12425,A0
Q12426,A2
Q12427,A2
Q12428,A1
Q12429,A2
Q12430,A2
Q12431,A2
Q12432,A2
Q12433,A1
Q12434,A0
Q12435,A0
Q12436,A1
Q12437,A2
Q12438,A1
Q12439,A2
Q12440,A2
Q12441,A2
Q12442,A2
Q12443,A2
Q12444,A2
Q12445,A2
Q12446,A1
Q12447,A1
Q12448,A1
Q12449,A1
Q12450,A2
Q12451,A2
Q12452,A1
Q12453,A1
Q12454,A0
Q12455,A0
Q12456,A2
Q12457,A1
Q12458,A1
Q12459,A2
Q12460,A1
Q12461,A1
Q12462,A1
Q12463,A2
Q12464,A0
Q12465,A2
Q12466,A1
Q12467,A1
Q12468,A2
Q12469,A2
Q12470,A2
Q12471,A0
Q12472,A2
Q12473,A1
Q12474,A2
Q12475,A2
Q12476,A2
Q12477,A1
Q12478,A1
Q12479,A2
Q12480,A2
Q12481,A2
Q12482,A1
Q12483,A2
Q12484,A1
Q12485,A1
Q12486,A2
Q12487,A2
Q12488,A2
Q12489,A1
Q12490,A0
Q12491,A2
Q12492,A2
Q12493,A2
Q12494,A2
Q12495,A1
Q12496,A2
Q12497,A2
Q12498,A1
Q12499,A2
Q12500,A1
Q12501,A2
Q12502,A1
Q12503,A1
Q12504,A1
Q12505,A2
Q12506,A2
Q12507,A1
Q12508,A1
Q12509,A0
Q12510,A1
Q12511,A1
Q12512,A2
Q12513,A2
Q12514,A1
Q12515,A2
Q12516,A2
Q12517,A1
Q12518,A2
Q12519,A1
Q12520,A2
Q12521,A2
Q12522,A1
Q12523,A2
Q12524,A2
Q12525,A2
Q12526,A2
Q12527,A1
Q12528,A2
Q12529,A2
Q12530,A0
Q12531,A2
Q12532,A2
Q12533,A2
Q12534,A2
Q12535,A1
Q12536,A2
Q12537,A1
Q12538,A2
Q12539,A2
Q12540,A1
Q12541,A2
Q12542,A0
Q12543,A2
Q12544,A2
Q12545,A1
Q12546,A2
Q12547,A2
Q12548,A2
Q12549,A1
Q12550,A1
Q12551,A0
Q12552,A0
Q12553,A2
Q12554,A0
Q12555,A2
Q12556,A2
Q12557,A2
Q12558,A1
Q12559,A2
Q12560,A1
Q12561,A2
Q12562,A1
Q12563,A1
Q12564,A2
Q12565,A1
Q12566,A2
Q12567,A2
Q12568,A2
Q12569,A0
Q12570,A2
Q12571,A0
Q12572,A2
Q12573,A1
Q12574,A2
Q12575,A1
Q12576,A2
Q12577,A2
Q12578,A0
Q12579,A2
Q12580,A1
Q12581,A2
Q12582,A1
Q12583,A0
Q12584,A2
Q12585,A2
Q12586,A2
Q12587,A2
Q12588,A2
Q12589,A1
Q12590,A0
Q12591,A2
Q12592,A2
Q12593,A2
Q12594,A2
Q12595,A2
Q12596,A2
Q12597,A2
Q12598,A2
Q12599,A2
Q12600,A2
Q12601,A2
Q12602,A2
Q12603,A2
Q12604,A1
Q12605,A1
Q12606,A2
Q12607,A2
Q12608,A1
Q12609,A2
Q12610,A2
Q12611,A2
Q12612,A1
Q12613,A2
Q12614,A2
Q12615,A0
Q12616,A2
Q12617,A2
Q12618,A2
Q12619,A2
Q12620,A1
Q12621,A2
Q12622,A2
Q12623,A2
Q12624,A2
Q12625,A2
Q12626,A2
Q12627,A2
Q12628,A2
Q12629,A2
Q12630,A0
Q12631,A2
Q12632,A2
Q12633,A2
Q12634,A0
Q12635,A1
Q12636,A2
Q12637,A1
Q12638,A2
Q12639,A2
Q12640,A1
Q12641,A2
Q12642,A2
Q12643,A1
Q12644,A2
Q12645,A2
Q12646,A2
Q12647,A1
Q12648,A2
Q12649,A2
Q12650,A2
Q12651,A2
Q12652,A2
Q12653,A1
Q12654,A2
Q12655,A2
Q12656,A2
Q12657,A2
Q12658,A1
Q12659,A2
Q12660,A2
Q12661,A2
Q12662,A2
Q12663,A2
Q12664,A2
Q12665,A2
Q12666,A2
Q12667,A2
Q12668,A1
Q12669,A2
Q12670,A2
Q12671,A2
Q12672,A2
Q12673,A2
Q12674,A2
Q12675,A2
Q12676,A2
Q12677,A2
Q12678,A2
Q12679,A2
Q12680,A1
Q12681,A0
Q12682,A1
Q12683,A2
Q12684,A2
Q12685,A2
Q12686,A2
Q12687,A1
Q12688,A2
Q12689,A2
Q12690,A2
Q12691,A0
Q12692,A2
Q12693,A1
Q12694,A2
Q12695,A1
Q12696,A1
Q12697,A2
Q12698,A2
Q12699,A2
Q12700,A2
Q12701,A2
Q12702,A2
Q12703,A2
Q12704,A2
Q12705,A2
Q12706,A1
Q12707,A2
Q12708,A2
Q12709,A2
Q12710,A1
Q12711,A2
Q12712,A2
Q12713,A0
Q12714,A2
Q12715,A2
Q12716,A0
Q12717,A2
Q12718,A1
Q12719,A2
Q12720,A2
Q12721,A2
Q12722,A0
Q12723,A2
Q12724,A2
Q12725,A1
Q12726,A0
Q12727,A1
Q12728,A2
Q12729,A1
Q12730,A1
Q12731,A1
Q12732,A2
Q12733,A0
Q12734,A0
Q12735,A2
Q12736,A1
Q12737,A1
Q12738,A0
Q12739,A2
Q12740,A2
Q12741,A2
Q12742,A2
Q12743,A2
Q12744,A2
Q12745,A2
Q12746,A2
Q12747,A2
Q12748,A1
Q12749,A1
Q12750,A2
Q12751,A0
Q12752,A2
Q12753,A2
Q12754,A1
Q12755,A2
Q12756,A2
Q12757,A2
Q12758,A2
Q12759,A2
Q12760,A2
Q12761,A2
Q12762,A0
Q12763,A0
Q12764,A1
Q12765,A1
Q12766,A2
Q12767,A1
Q12768,A2
Q12769,A2
Q12770,A2
Q12771,A1
Q12772,A2
Q12773,A2
Q12774,A2
Q12775,A1
Q12776,A2
Q12777,A2
Q12778,A1
Q12779,A2
Q12780,A2
Q12781,A0
Q12782,A2
Q12783,A2
Q12784,A0
Q12785,A2
Q12786,A2
Q12787,A2
Q12788,A2
Q12789,A2
Q12790,A2
Q12791,A2
Q12792,A2
Q12793,A2
Q12794,A2
Q12795,A1
Q12796,A2
Q12797,A2
Q12798,A2
Q12799,A2
Q12800,A1
Q12801,A2
Q12802,A2
Q12803,A1
Q12804,A2
Q12805,A2
Q12806,A1
Q12807,A2
Q12808,A2
Q12809,A2
Q12810,A2
Q12811,A2
Q12812,A1
Q12813,A1
Q12814,A2
Q12815,A1
Q12816,A1
Q12817,A2
Q12818,A2
Q12819,A2
Q12820,A1
Q12821,A1
Q12822,A2
Q12823,A2
Q12824,A2
Q12825,A1
Q12826,A1
Q12827,A0
Q12828,A1
Q12829,A2
Q12830,A1
Q12831,A2
Q12832,A2
Q12833,A2
Q12834,A2
Q12835,A2
Q12836,A2
Q12837,A2
Q12838,A2
Q12839,A2
Q12840,A1
Q12841,A2
Q12842,A2
Q12843,A0
Q12844,A0
Q12845,A2
Q12846,A2
Q12847,A2
Q12848,A1
Q12849,A2
Q12850,A2
Q12851,A2
Q12852,A1
Q12853,A2
Q12854,A2
Q12855,A2
Q12856,A2
Q12857,A2
Q12858,A1
Q12859,A2
Q12860,A0
Q12861,A2
Q12862,A2
Q12863,A1
Q12864,A2
Q12865,A2
Q12866,A2
Q12867,A0
Q12868,A1
Q12869,A1
Q12870,A2
Q12871,A2
Q12872,A2
Q12873,A1
Q12874,A2
Q12875,A2
Q12876,A2
Q12877,A0
Q12878,A0
Q12879,A2
Q12880,A1
Q12881,A2
Q12882,A2
Q12883,A2
Q12884,A2
Q12885,A2
Q12886,A1
Q12887,A1
Q12888,A2
Q12889,A2
Q12890,A1
Q12891,A2
Q12892,A2
Q12893,A2
Q12894,A0
Q12895,A2
Q12896,A2
Q12897,A0
Q12898,A2
Q12899,A2
Q12900,A2
Q12901,A2
Q12902,A1
Q12903,A2
Q12904,A2
Q12905,A2
Q12906,A2
Q12907,A2
Q12908,A2
Q12909,A1
Q12910,A2
Q12911,A2
Q12912,A1
Q12913,A2
Q12914,A1
Q12915,A2
Q12916,A1
Q12917,A2
Q12918,A1
Q12919,A2
Q12920,A1
Q12921,A2
Q12922,A2
Q12923,A2
Q12924,A0
Q12925,A2
Q12926,A0
Q12927,A2
Q12928,A1
Q12929,A2
Q12930,A1
Q12931,A2
Q12932,A1
Q12933,A1
Q12934,A2
Q12935,A2
Q12936,A2
Q12937,A2
Q12938,A0
Q12939,A1
Q12940,A0
Q12941,A2
Q12942,A2
Q12943,A2
Q12944,A2
Q12945,A2
Q12946,A2
Q12947,A2
Q12948,A2
Q12949,A2
Q12950,A2
Q12951,A2
Q12952,A2
Q12953,A1
Q12954,A1
Q12955,A2
Q12956,A2
Q12957,A2
Q12958,A1
Q12959,A2
Q12960,A2
Q12961,A2
Q12962,A1
Q12963,A1
Q12964,A2
Q12965,A2
Q12966,A2
Q12967,A2
Q12968,A1
Q12969,A1
Q12970,A2
Q12971,A2
Q12972,A2
Q12973,A0
Q12974,A1
Q12975,A2
Q12976,A2
Q12977,A2
Q12978,A2
Q12979,A2
Q12980,A2
Q12981,A1
Q12982,A2
Q12983,A2
Q12984,A2
Q12985,A1
Q12986,A2
Q12987,A2
Q12988,A0
Q12989,A1
Q12990,A2
Q12991,A2
Q12992,A2
Q12993,A2
Q12994,A2
Q12995,A1
Q12996,A2
Q12997,A2
Q12998,A2
Q12999,A2
Q13000,A2
Q13001,A0
Q13002,A2
Q13003,A2
Q13004,A2
Q13005,A2
Q13006,A2
Q13007,A1
Q13008,A2
Q13009,A2
Q13010,A2
Q13011,A1
Q13012,A0
Q13013,A2
Q13014,A0
Q13015,A2
Q13016,A2
Q13017,A1
Q13018,A2
Q13019,A1
Q13020,A0
Q13021,A1
Q13022,A1
Q13023,A2
Q13024,A1
Q13025,A1
Q13026,A2
Q13027,A1
Q13028,A1
Q13029,A2
Q13030,A2
Q13031,A2
Q13032,A2
Q13033,A0
Q13034,A2
Q13035,A2
Q13036,A2
Q13037,A2
Q13038,A2
Q13039,A1
Q13040,A2
Q13041,A1
Q13042,A0
Q13043,A2
Q13044,A1
Q13045,A2
Q13046,A2
Q13047,A2
Q13048,A1
Q13049,A0
Q13050,A1
Q13051,A2
Q13052,A2
Q13053,A1
Q13054,A2
Q13055,A0
Q13056,A2
Q13057,A2
Q13058,A1
Q13059,A2
Q13060,A2
Q13061,A1
Q13062,A2
Q13063,A2
Q13064,A0
Q13065,A1
Q13066,A2
Q13067,A1
Q13068,A0
Q13069,A2
Q13070,A2
Q13071,A1
Q13072,A2
Q13073,A2
Q13074,A1
Q13075,A2
Q13076,A1
Q13077,A2
Q13078,A2
Q13079,A2
Q13080,A1
Q13081,A2
Q13082,A2
Q13083,A1
Q13084,A2
Q13085,A1
Q13086,A1
Q13087,A1
Q13088,A2
Q13089,A2
Q13090,A2
Q13091,A1
Q13092,A2
Q13093,A1
Q13094,A2
Q13095,A2
Q13096,A2
Q13097,A1
Q13098,A0
Q13099,A2
Q13100,A2
Q13101,A1
Q13102,A2
Q13103,A1
Q13104,A2
Q13105,A1
Q13106,A2
Q13107,A2
Q13108,A2
Q13109,A2
Q13110,A1
Q13111,A2
Q13112,A2
Q13113,A2
Q13114,A1
Q13115,A2
Q13116,A2
Q13117,A2
Q13118,A2
Q13119,A2
Q13120,A2
Q13121,A2
Q13122,A2
Q13123,A2
Q13124,A2
Q13125,A2
Q13126,A0
Q13127,A2
Q13128,A1
Q13129,A0
Q13130,A1
Q13131,A0
Q13132,A1
Q13133,A2
Q13134,A2
Q13135,A1
Q13136,A2
Q13137,A2
Q13138,A2
Q13139,A2
Q13140,A2
Q13141,A2
Q13142,A2
Q13143,A1
Q13144,A2
Q13145,A0
Q13146,A2
Q13147,A2
Q13148,A2
Q13149,A2
Q13150,A2
Q13151,A1
Q13152,A0
Q13153,A2
Q13154,A1
Q13155,A2
Q13156,A1
Q13157,A2
Q13158,A2
Q13159,A2
Q13160,A1
Q13161,A0
Q13162,A1
Q13163,A1
Q13164,A1
Q13165,A1
Q13166,A2
Q13167,A1
Q13168,A2
Q13169,A2
Q13170,A0
Q13171,A1
Q13172,A1
Q13173,A0
Q13174,A2
Q13175,A2
Q13176,A2
Q13177,A1
Q13178,A2
Q13179,A1
Q13180,A2
Q13181,A1
Q13182,A2
Q13183,A2
Q13184,A1
Q13185,A2
Q13186,A2
Q13187,A2
Q13188,A2
Q13189,A2
Q13190,A1
Q13191,A2
Q13192,A2
Q13193,A2
Q13194,A2
Q13195,A1
Q13196,A1
Q13197,A2
Q13198,A2
Q13199,A0
Q13200,A2
Q13201,A1
Q13202,A2
Q13203,A1
Q13204,A2
Q13205,A1
Q13206,A1
Q13207,A0
Q13208,A0
Q13209,A2
Q13210,A0
Q13211,A2
Q13212,A2
Q13213,A1
Q13214,A2
Q13215,A1
Q13216,A1
Q13217,A1
Q13218,A2
Q13219,A2
Q13220,A1
Q13221,A2
Q13222,A2
Q13223,A2
Q13224,A2
Q13225,A2
Q13226,A1
Q13227,A2
Q13228,A0
Q13229,A0
Q13230,A2
Q13231,A0
Q13232,A0
Q13233,A2
Q13234,A1
Q13235,A2
Q13236,A2
Q13237,A2
Q13238,A1
Q13239,A2
Q13240,A0
Q13241,A2
Q13242,A2
Q13243,A1
Q13244,A0
Q13245,A2
Q13246,A2
Q13247,A2
Q13248,A2
Q13249,A1
Q13250,A2
Q13251,A1
Q13252,A2
Q13253,A2
Q13254,A1
Q13255,A2
Q13256,A2
Q13257,A2
Q13258,A2
Q13259,A2
Q13260,A2
Q13261,A2
Q13262,A2
Q13263,A2
Q13264,A2
Q13265,A1
Q13266,A2
Q13267,A2
Q13268,A2
Q13269,A0
Q13270,A2
Q13271,A2
Q13272,A2
Q13273,A2
Q13274,A2
Q13275,A1
Q13276,A2
Q13277,A2
Q13278,A2
Q13279,A2
Q13280,A2
Q13281,A1
Q13282,A2
Q13283,A2
Q13284,A1
Q13285,A2
Q13286,A2
Q13287,A1
Q13288,A2
Q13289,A2
Q13290,A2
Q13291,A2
Q13292,A1
Q13293,A2
Q13294,A2
Q13295,A1
Q13296,A1
Q13297,A1
Q13298,A0
Q13299,A1
Q13300,A0
Q13301,A1
Q13302,A2
Q13303,A2
Q13304,A2
Q13305,A0
Q13306,A0
Q13307,A2
Q13308,A2
Q13309,A1
Q13310,A1
Q13311,A1
Q13312,A2
Q13313,A0
Q13314,A2
Q13315,A1
Q13316,A2
Q13317,A1
Q13318,A2
Q13319,A2
Q13320,A2
Q13321,A2
Q13322,A1
Q13323,A2
Q13324,A2
Q13325,A2
Q13326,A2
Q13327,A2
Q13328,A1
Q13329,A2
Q13330,A2
Q13331,A2
Q13332,A1
Q13333,A2
Q13334,A2
Q13335,A2
Q13336,A2
Q13337,A2
Q13338,A1
Q13339,A1
Q13340,A2
Q13341,A1
Q13342,A1
Q13343,A1
Q13344,A0
Q13345,A2
Q13346,A2
Q13347,A2
Q13348,A2
Q13349,A0
Q13350,A2
Q13351,A2
Q13352,A2
Q13353,A2
Q13354,A2
Q13355,A0
Q13356,A1
Q13357,A2
Q13358,A1
Q13359,A2
Q13360,A2
Q13361,A2
Q13362,A2
Q13363,A0
Q13364,A2
Q13365,A1
Q13366,A2
Q13367,A2
Q13368,A2
Q13369,A1
Q13370,A2
Q13371,A2
Q13372,A2
Q13373,A1
Q13374,A1
Q13375,A2
Q13376,A1
Q13377,A2
Q13378,A2
Q13379,A2
Q13380,A2
Q13381,A2
Q13382,A2
Q13383,A2
Q13384,A0
Q13385,A1
Q13386,A2
Q13387,A1
Q13388,A2
Q13389,A1
Q13390,A2
Q13391,A1
Q13392,A2
Q13393,A1
Q13394,A2
Q13395,A1
Q13396,A1
Q13397,A1
Q13398,A2
Q13399,A2
Q13400,A2
Q13401,A2
Q13402,A0
Q13403,A1
Q13404,A2
Q13405,A2
Q13406,A2
Q13407,A2
Q13408,A2
Q13409,A2
Q13410,A0
Q13411,A2
Q13412,A0
Q13413,A1
Q13414,A2
Q13415,A2
Q13416,A2
Q13417,A0
Q13418,A2
Q13419,A2
Q13420,A0
Q13421,A2
Q13422,A0
Q13423,A1
Q13424,A2
Q13425,A2
Q13426,A1
Q13427,A2
Q13428,A0
Q13429,A1
Q13430,A0
Q13431,A2
Q13432,A2
Q13433,A0
Q13434,A0
Q13435,A2
Q13436,A2
Q13437,A2
Q13438,A1
Q13439,A0
Q13440,A2
Q13441,A2
Q13442,A0
Q13443,A2
Q13444,A2
Q13445,A2
Q13446,A2
Q13447,A2
Q13448,A1
Q13449,A2
Q13450,A1
Q13451,A2
Q13452,A1
Q13453,A2
Q13454,A1
Q13455,A2
Q13456,A1
Q13457,A2
Q13458,A1
Q13459,A2
Q13460,A2
Q13461,A1
Q13462,A2
Q13463,A1
Q13464,A2
Q13465,A2
Q13466,A2
Q13467,A1
Q13468,A2
Q13469,A2
Q13470,A2
Q13471,A2
Q13472,A0
Q13473,A2
Q13474,A2
Q13475,A1
Q13476,A2
Q13477,A2
Q13478,A0
Q13479,A2
Q13480,A2
Q13481,A1
Q13482,A2
Q13483,A1
Q13484,A2
Q13485,A0
Q13486,A0
Q13487,A2
Q13488,A2
Q13489,A1
Q13490,A0
Q13491,A1
Q13492,A2
Q13493,A0
Q13494,A2
Q13495,A1
Q13496,A2
Q13497,A0
Q13498,A0
Q13499,A2
Q13500,A2
Q13501,A1
Q13502,A2
Q13503,A0
Q13504,A2
Q13505,A0
Q13506,A1
Q13507,A2
Q13508,A2
Q13509,A2
Q13510,A2
Q13511,A1
Q13512,A0
Q13513,A1
Q13514,A0
Q13515,A2
Q13516,A2
Q13517,A2
Q13518,A2
Q13519,A2
Q13520,A0
Q13521,A2
Q13522,A1
Q13523,A2
Q13524,A1
Q13525,A2
Q13526,A2
Q13527,A1
Q13528,A2
Q13529,A2
Q13530,A1
Q13531,A2
Q13532,A2
Q13533,A0
Q13534,A2
Q13535,A2
Q13536,A2
Q13537,A1
Q13538,A2
Q13539,A2
Q13540,A2
Q13541,A1
Q13542,A2
Q13543,A2
Q13544,A2
Q13545,A1
Q13546,A2
Q13547,A1
Q13548,A1
Q13549,A2
Q13550,A2
Q13551,A2
Q13552,A2
Q13553,A1
Q13554,A2
Q13555,A1
Q13556,A2
Q13557,A1
Q13558,A2
Q13559,A2
Q13560,A1
Q13561,A0
Q13562,A2
Q13563,A2
Q13564,A2
Q13565,A2
Q13566,A2
Q13567,A1
Q13568,A2
Q13569,A2
Q13570,A2
Q13571,A2
Q13572,A2
Q13573,A2
Q13574,A0
Q13575,A1
Q13576,A2
Q13577,A2
Q13578,A1
Q13579,A2
Q13580,A2
Q13581,A1
Q13582,A2
Q13583,A1
Q13584,A2
Q13585,A2
Q13586,A2
Q13587,A1
Q13588,A2
Q13589,A0
Q13590,A1
Q13591,A2
Q13592,A2
Q13593,A1
Q13594,A2
Q13595,A1
Q13596,A1
Q13597,A1
Q13598,A2
Q13599,A2
Q13600,A1
Q13601,A2
Q13602,A1
Q13603,A2
Q13604,A2
Q13605,A1
Q13606,A2
Q13607,A0
Q13608,A2
Q13609,A2
Q13610,A2
Q13611,A2
Q13612,A2
Q13613,A2
Q13614,A2
Q13615,A2
Q13616,A0
Q13617,A2
Q13618,A2
Q13619,A2
Q13620,A1
Q13621,A2
Q13622,A1
Q13623,A2
Q13624,A2
Q13625,A2
Q13626,A0
Q13627,A2
Q13628,A1
Q13629,A1
Q13630,A1
Q13631,A2
Q13632,A2
Q13633,A2
Q13634,A1
Q13635,A1
Q13636,A1
Q13637,A2
Q13638,A2
Q13639,A1
Q13640,A2
Q13641,A2
Q13642,A1
Q13643,A0
Q13644,A2
Q13645,A1
Q13646,A2
Q13647,A1
Q13648,A2
Q13649,A0
Q13650,A1
Q13651,A2
Q13652,A1
Q13653,A2
Q13654,A2
Q13655,A0
Q13656,A1
Q13657,A2
Q13658,A2
Q13659,A2
Q13660,A2
Q13661,A2
Q13662,A2
Q13663,A2
Q13664,A1
Q13665,A2
Q13666,A2
Q13667,A1
Q13668,A2
Q13669,A1
Q13670,A0
Q13671,A0
Q13672,A2
Q13673,A2
Q13674,A0
Q13675,A2
Q13676,A1
Q13677,A2
Q13678,A2
Q13679,A0
Q13680,A0
Q13681,A0
Q13682,A1
Q13683,A2
Q13684,A2
Q13685,A2
Q13686,A2
Q13687,A1
Q13688,A2
Q13689,A2
Q13690,A2
Q13691,A1
Q13692,A2
Q13693,A2
Q13694,A2
Q13695,A2
Q13696,A2
Q13697,A1
Q13698,A2
Q13699,A2
Q13700,A2
Q13701,A2
Q13702,A0
Q13703,A2
Q13704,A0
Q13705,A2
Q13706,A2
Q13707,A2
Q13708,A1
Q13709,A2
Q13710,A2
Q13711,A1
Q13712,A2
Q13713,A2
Q13714,A1
Q13715,A1
Q13716,A1
Q13717,A2
Q13718,A2
Q13719,A2
Q13720,A2
Q13721,A1
Q13722,A2
Q13723,A1
Q13724,A1
Q13725,A2
Q13726,A1
Q13727,A2
Q13728,A2
Q13729,A2
Q13730,A2
Q13731,A2
Q13732,A2
Q13733,A2
Q13734,A1
Q13735,A0
Q13736,A2
Q13737,A2
Q13738,A1
Q13739,A1
Q13740,A2
Q13741,A2
Q13742,A2
Q13743,A2
Q13744,A2
Q13745,A2
Q13746,A2
Q13747,A2
Q13748,A0
Q13749,A1
Q13750,A2
Q13751,A2
Q13752,A2
Q13753,A1
Q13754,A2
Q13755,A2
Q13756,A2
Q13757,A1
Q13758,A2
Q13759,A2
Q13760,A2
Q13761,A0
Q13762,A1
Q13763,A0
Q13764,A1
Q13765,A2
Q13766,A2
Q13767,A2
Q13768,A0
Q13769,A2
Q13770,A2
Q13771,A1
Q13772,A2
Q13773,A2
Q13774,A2
Q13775,A0
Q13776,A2
Q13777,A2
Q13778,A2
Q13779,A2
Q13780,A2
Q13781,A2
Q13782,A2
Q13783,A1
Q13784,A1
Q13785,A2
Q13786,A0
Q13787,A2
Q13788,A1
Q13789,A2
Q13790,A1
Q13791,A0
Q13792,A2
Q13793,A1
Q13794,A1
Q13795,A0
Q13796,A2
Q13797,A2
Q13798,A1
Q13799,A0
Q13800,A2
Q13801,A2
Q13802,A1
Q13803,A2
Q13804,A2
Q13805,A1
Q13806,A0
Q13807,A2
Q13808,A1
Q13809,A2
Q13810,A0
Q13811,A1
Q13812,A0
Q13813,A2
Q13814,A2
Q13815,A1
Q13816,A1
Q13817,A2
Q13818,A2
Q13819,A2
Q13820,A1
Q13821,A2
Q13822,A2
Q13823,A2
Q13824,A1
Q13825,A1
Q13826,A2
Q13827,A2
Q13828,A0
Q13829,A2
Q13830,A2
Q13831,A2
Q13832,A2
Q13833,A2
Q13834,A2
Q13835,A2
Q13836,A2
Q13837,A1
Q13838,A1
Q13839,A2
Q13840,A2
Q13841,A2
Q13842,A2
Q13843,A0
Q13844,A0
Q13845,A2
Q13846,A1
Q13847,A2
Q13848,A2
Q13849,A2
Q13850,A2
Q13851,A2
Q13852,A0
Q13853,A1
Q13854,A1
Q13855,A2
Q13856,A0
Q13857,A1
Q13858,A1
Q13859,A0
Q13860,A2
Q13861,A0
Q13862,A2
Q13863,A0
Q13864,A2
Q13865,A1
Q13866,A2
Q13867,A2
Q13868,A2
Q13869,A0
Q13870,A1
Q13871,A1
Q13872,A2
Q13873,A2
Q13874,A2
Q13875,A1
Q13876,A1
Q13877,A2
Q13878,A2
Q13879,A1
Q13880,A2
Q13881,A2
Q13882,A2
Q13883,A2
Q13884,A2
Q13885,A2
Q13886,A1
Q13887,A2
Q13888,A1
Q13889,A1
Q13890,A2
Q13891,A2
Q13892,A2
Q13893,A1
Q13894,A1
Q13895,A0
Q13896,A2
Q13897,A2
Q13898,A2
Q13899,A2
Q13900,A1
Q13901,A2
Q13902,A2
Q13903,A2
Q13904,A2
Q13905,A2
Q13906,A1
Q13907,A2
Q13908,A0
Q13909,A2
Q13910,A2
Q13911,A2
Q13912,A1
Q13913,A0
Q13914,A2
Q13915,A1
Q13916,A0
Q13917,A1
Q13918,A2
Q13919,A2
Q13920,A2
Q13921,A1
Q13922,A1
Q13923,A2
Q13924,A2
Q13925,A1
Q13926,A2
Q13927,A1
Q13928,A2
Q13929,A2
Q13930,A0
Q13931,A1
Q13932,A2
Q13933,A1
Q13934,A2
Q13935,A0
Q13936,A2
Q13937,A1
Q13938,A1
Q13939,A0
Q13940,A2
Q13941,A2
Q13942,A2
Q13943,A2
Q13944,A2
Q13945,A0
Q13946,A2
Q13947,A0
Q13948,A1
Q13949,A2
Q13950,A2
Q13951,A0
Q13952,A1
Q13953,A1
Q13954,A2
Q13955,A2
Q13956,A1
Q13957,A2
Q13958,A2
Q13959,A0
Q13960,A2
Q13961,A2
Q13962,A2
Q13963,A1
Q13964,A2
Q13965,A2
Q13966,A2
Q13967,A2
Q13968,A2
Q13969,A1
Q13970,A2
Q13971,A0
Q13972,A2
Q13973,A0
Q13974,A2
Q13975,A2
Q13976,A2
Q13977,A2
Q13978,A1
Q13979,A2
Q13980,A2
Q13981,A2
Q13982,A2
Q13983,A2
Q13984,A2
Q13985,A2
Q13986,A2
Q13987,A1
Q13988,A1
Q13989,A2
Q13990,A1
Q13991,A1
Q13992,A2
Q13993,A1
Q13994,A0
Q13995,A1
Q13996,A1
Q13997,A2
Q13998,A0
Q13999,A2
Q14000,A2
Q14001,A1
Q14002,A2
Q14003,A1
Q14004,A2
Q14005,A2
Q14006,A2
Q14007,A2
Q14008,A2
Q14009,A2
Q14010,A2
Q14011,A0
Q14012,A1
Q14013,A2
Q14014,A2
Q14015,A2
Q14016,A2
Q14017,A2
Q14018,A1
Q14019,A2
Q14020,A2
Q14021,A1
Q14022,A2
Q14023,A1
Q14024,A2
Q14025,A1
Q14026,A2
Q14027,A2
Q14028,A2
Q14029,A2
Q14030,A2
Q14031,A1
Q14032,A2
Q14033,A1
Q14034,A2
Q14035,A0
Q14036,A2
Q14037,A1
Q14038,A2
Q14039,A1
Q14040,A2
Q14041,A1
Q14042,A2
Q14043,A0
Q14044,A2
Q14045,A2
Q14046,A2
Q14047,A2
Q14048,A2
Q14049,A2
Q14050,A1
Q14051,A2
Q14052,A1
Q14053,A2
Q14054,A2
Q14055,A2
Q14056,A2
Q14057,A0
Q14058,A1
Q14059,A2
Q14060,A1
Q14061,A0
Q14062,A2
Q14063,A1
Q14064,A2
Q14065,A2
Q14066,A2
Q14067,A2
Q14068,A2
Q14069,A2
Q14070,A2
Q14071,A1
Q14072,A2
Q14073,A2
Q14074,A1
Q14075,A1
Q14076,A2
Q14077,A2
Q14078,A1
Q14079,A2
Q14080,A2
Q14081,A2
Q14082,A2
Q14083,A2
Q14084,A2
Q14085,A2
Q14086,A2
Q14087,A2
Q14088,A2
Q14089,A2
Q14090,A2
Q14091,A1
Q14092,A1
Q14093,A2
Q14094,A1
Q14095,A2
Q14096,A2
Q14097,A1
Q14098,A2
Q14099,A1
Q14100,A2
Q14101,A2
Q14102,A1
Q14103,A1
Q14104,A2
Q14105,A2
Q14106,A2
Q14107,A2
Q14108,A2
Q14109,A1
Q14110,A1
Q14111,A1
Q14112,A2
Q14113,A1
Q14114,A1
Q14115,A2
Q14116,A2
Q14117,A2
Q14118,A2
Q14119,A2
Q14120,A2
Q14121,A1
Q14122,A1
Q14123,A2
Q14124,A2
Q14125,A2
Q14126,A1
Q14127,A2
Q14128,A2
Q14129,A0
Q14130,A2
Q14131,A2
Q14132,A2
Q14133,A0
Q14134,A2
Q14135,A2
Q14136,A2
Q14137,A2
Q14138,A1
Q14139,A1
Q14140,A2
Q14141,A0
Q14142,A1
Q14143,A2
Q14144,A1
Q14145,A2
Q14146,A1
Q14147,A2
Q14148,A2
Q14149,A1
Q14150,A1
Q14151,A2
Q14152,A1
Q14153,A1
Q14154,A0
Q14155,A0
Q14156,A0
Q14157,A2
Q14158,A2
Q14159,A2
Q14160,A2
Q14161,A2
Q14162,A1
Q14163,A1
Q14164,A1
Q14165,A1
Q14166,A2
Q14167,A0
Q14168,A2
Q14169,A2
Q14170,A2
Q14171,A1
Q14172,A0
Q14173,A2
Q14174,A2
Q14175,A1
Q14176,A0
Q14177,A2
Q14178,A1
Q14179,A0
Q14180,A2
Q14181,A2
Q14182,A2
Q14183,A2
Q14184,A2
Q14185,A2
Q14186,A1
Q14187,A2
Q14188,A2
Q14189,A2
Q14190,A2
Q14191,A2
Q14192,A2
Q14193,A2
Q14194,A2
Q14195,A2
Q14196,A2
Q14197,A1
Q14198,A1
Q14199,A2
Q14200,A2
Q14201,A2
Q14202,A2
Q14203,A1
Q14204,A2
Q14205,A2
Q14206,A2
Q14207,A2
Q14208,A2
Q14209,A1
Q14210,A1
Q14211,A2
Q14212,A1
Q14213,A2
Q14214,A1
Q14215,A2
Q14216,A1
Q14217,A2
Q14218,A1
Q14219,A2
Q14220,A1
Q14221,A1
Q14222,A1
Q14223,A2
Q14224,A1
Q14225,A2
Q14226,A1
Q14227,A1
Q14228,A2
Q14229,A2
Q14230,A2
Q14231,A0
Q14232,A2
Q14233,A2
Q14234,A1
Q14235,A2
Q14236,A1
Q14237,A1
Q14238,A2
Q14239,A2
Q14240,A2
Q14241,A2
Q14242,A2
Q14243,A2
Q14244,A2
Q14245,A2
Q14246,A2
Q14247,A1
Q14248,A2
Q14249,A2
Q14250,A2
Q14251,A2
Q14252,A2
Q14253,A1
Q14254,A1
Q14255,A1
Q14256,A1
Q14257,A1
Q14258,A2
Q14259,A2
Q14260,A1
Q14261,A1
Q14262,A2
Q14263,A2
Q14264,A2
Q14265,A1
Q14266,A1
Q14267,A2
Q14268,A1
Q14269,A2
Q14270,A2
Q14271,A2
Q14272,A0
Q14273,A0
Q14274,A1
Q14275,A0
Q14276,A2
Q14277,A2
Q14278,A2
Q14279,A1
Q14280,A1
Q14281,A2
Q14282,A2
Q14283,A2
Q14284,A0
Q14285,A2
Q14286,A2
Q14287,A2
Q14288,A2
Q14289,A2
Q14290,A2
Q14291,A2
Q14292,A2
Q14293,A2
Q14294,A1
Q14295,A2
Q14296,A2
Q14297,A2
Q14298,A1
Q14299,A2
Q14300,A2
Q14301,A1
Q14302,A1
Q14303,A2
Q14304,A2
Q14305,A2
Q14306,A1
Q14307,A1
Q14308,A1
Q14309,A2
Q14310,A2
Q14311,A2
Q14312,A2
Q14313,A2
Q14314,A2
Q14315,A2
Q14316,A1
Q14317,A2
Q14318,A2
Q14319,A2
Q14320,A1
Q14321,A2
Q14322,A2
Q14323,A2
Q14324,A2
Q14325,A2
Q14326,A2
Q14327,A2
Q14328,A2
Q14329,A1
Q14330,A0
Q14331,A1
Q14332,A1
Q14333,A2
Q14334,A2
Q14335,A2
Q14336,A2
Q14337,A0
Q14338,A2
Q14339,A1
Q14340,A2
Q14341,A1
Q14342,A1
Q14343,A1
Q14344,A1
Q14345,A0
Q14346,A2
Q14347,A2
Q14348,A2
Q14349,A2
Q14350,A1
Q14351,A2
Q14352,A2
Q14353,A1
Q14354,A2
Q14355,A1
Q14356,A2
Q14357,A0
Q14358,A2
Q14359,A0
Q14360,A2
Q14361,A2
Q14362,A2
Q14363,A2
Q14364,A2
Q14365,A2
Q14366,A2
Q14367,A2
Q14368,A2
Q14369,A2
Q14370,A2
Q14371,A2
Q14372,A2
Q14373,A1
Q14374,A0
Q14375,A0
Q14376,A2
Q14377,A1
Q14378,A1
Q14379,A1
Q14380,A2
Q14381,A2
Q14382,A2
Q14383,A2
Q14384,A1
Q14385,A2
Q14386,A2
Q14387,A2
Q14388,A2
Q14389,A1
Q14390,A2
Q14391,A2
Q14392,A2
Q14393,A2
Q14394,A2
Q14395,A2
Q14396,A2
Q14397,A2
Q14398,A2
Q14399,A2
Q14400,A2
Q14401,A2
Q14402,A0
Q14403,A0
Q14404,A2
Q14405,A0
Q14406,A2
Q14407,A2
Q14408,A2
Q14409,A0
Q14410,A2
Q14411,A2
Q14412,A1
Q14413,A0
Q14414,A1
Q14415,A1
Q14416,A2
Q14417,A1
Q14418,A2
Q14419,A2
Q14420,A1
Q14421,A2
Q14422,A0
Q14423,A2
Q14424,A1
Q14425,A2
Q14426,A1
Q14427,A2
Q14428,A2
Q14429,A2
Q14430,A2
Q14431,A2
Q14432,A2
Q14433,A2
Q14434,A2
Q14435,A2
Q14436,A0
Q14437,A1
Q14438,A2
Q14439,A2
Q14440,A2
Q14441,A1
Q14442,A1
Q14443,A1
Q14444,A1
Q14445,A1
Q14446,A2
Q14447,A2
Q14448,A1
Q14449,A2
Q14450,A2
Q14451,A2
Q14452,A2
Q14453,A2
Q14454,A2
Q14455,A2
Q14456,A2
Q14457,A2
Q14458,A2
Q14459,A2
Q14460,A2
Q14461,A2
Q14462,A2
Q14463,A1
Q14464,A1
Q14465,A2
Q14466,A2
Q14467,A2
Q14468,A1
Q14469,A2
Q14470,A1
Q14471,A2
Q14472,A2
Q14473,A2
Q14474,A1
Q14475,A0
Q14476,A2
Q14477,A2
Q14478,A1
Q14479,A0
Q14480,A2
Q14481,A2
Q14482,A2
Q14483,A1
Q14484,A2
Q14485,A2
Q14486,A1
Q14487,A2
Q14488,A2
Q14489,A2
Q14490,A1
Q14491,A2
Q14492,A1
Q14493,A1
Q14494,A2
Q14495,A1
Q14496,A2
Q14497,A2
Q14498,A1
Q14499,A0
Q14500,A2
Q14501,A0
Q14502,A2
Q14503,A2
Q14504,A1
Q14505,A2
Q14506,A2
Q14507,A2
Q14508,A2
Q14509,A2
Q14510,A2
Q14511,A0
Q14512,A2
Q14513,A2
Q14514,A2
Q14515,A2
Q14516,A0
Q14517,A2
Q14518,A1
Q14519,A2
Q14520,A2
Q14521,A2
Q14522,A1
Q14523,A2
Q14524,A2
Q14525,A2
Q14526,A2
Q14527,A2
Q14528,A2
Q14529,A1
Q14530,A2
Q14531,A1
Q14532,A2
Q14533,A2
Q14534,A1
Q14535,A0
Q14536,A2
Q14537,A2
Q14538,A2
Q14539,A2
Q14540,A2
Q14541,A2
Q14542,A0
Q14543,A1
Q14544,A2
Q14545,A2
Q14546,A2
Q14547,A2
Q14548,A0
Q14549,A1
Q14550,A2
Q14551,A2
Q14552,A2
Q14553,A1
Q14554,A2
Q14555,A1
Q14556,A2
Q14557,A2
Q14558,A1
Q14559,A2
Q14560,A2
Q14561,A2
Q14562,A2
Q14563,A0
Q14564,A1
Q14565,A1
Q14566,A2
Q14567,A2
Q14568,A2
Q14569,A2
Q14570,A1
Q14571,A2
Q14572,A2
Q14573,A1
Q14574,A2
Q14575,A2
Q14576,A2
Q14577,A2
Q14578,A2
Q14579,A0
Q14580,A2
Q14581,A1
Q14582,A2
Q14583,A2
Q14584,A2
Q14585,A0
Q14586,A1
Q14587,A2
Q14588,A2
Q14589,A2
Q14590,A1
Q14591,A1
Q14592,A2
Q14593,A0
Q14594,A2
Q14595,A2
Q14596,A0
Q14597,A2
Q14598,A2
Q14599,A2
Q14600,A2
Q14601,A2
Q14602,A1
Q14603,A2
Q14604,A0
Q14605,A2
Q14606,A2
Q14607,A1
Q14608,A2
Q14609,A2
Q14610,A2
Q14611,A2
Q14612,A2
Q14613,A2
Q14614,A1
Q14615,A2
Q14616,A1
Q14617,A2
Q14618,A2
Q14619,A2
Q14620,A2
Q14621,A2
Q14622,A2
Q14623,A2
Q14624,A2
Q14625,A2
Q14626,A2
Q14627,A1
Q14628,A2
Q14629,A2
Q14630,A1
Q14631,A2
Q14632,A1
Q14633,A2
Q14634,A2
Q14635,A2
Q14636,A2
Q14637,A2
Q14638,A1
Q14639,A2
Q14640,A2
Q14641,A2
Q14642,A2
Q14643,A2
Q14644,A1
Q14645,A1
Q14646,A1
Q14647,A2
Q14648,A0
Q14649,A2
Q14650,A2
Q14651,A2
Q14652,A2
Q14653,A0
Q14654,A1
Q14655,A2
Q14656,A1
Q14657,A2
Q14658,A1
Q14659,A2
Q14660,A2
Q14661,A1
Q14662,A0
Q14663,A1
Q14664,A2
Q14665,A2
Q14666,A2
Q14667,A2
Q14668,A2
Q14669,A1
Q14670,A2
Q14671,A1
Q14672,A1
Q14673,A1
Q14674,A0
Q14675,A1
Q14676,A2
Q14677,A2
Q14678,A1
Q14679,A2
Q14680,A2
Q14681,A0
Q14682,A2
Q14683,A2
Q14684,A2
Q14685,A2
Q14686,A2
Q14687,A2
Q14688,A1
Q14689,A2
Q14690,A1
Q14691,A2
Q14692,A1
Q14693,A2
Q14694,A2
Q14695,A2
Q14696,A0
Q14697,A2
Q14698,A2
Q14699,A2
Q14700,A2
Q14701,A2
Q14702,A2
Q14703,A2
Q14704,A2
Q14705,A2
Q14706,A2
Q14707,A2
Q14708,A2
Q14709,A2
Q14710,A2
Q14711,A2
Q14712,A2
Q14713,A2
Q14714,A2
Q14715,A2
Q14716,A2
Q14717,A1
Q14718,A2
Q14719,A1
Q14720,A0
Q14721,A2
Q14722,A2
Q14723,A2
Q14724,A1
Q14725,A2
Q14726,A0
Q14727,A1
Q14728,A2
Q14729,A2
Q14730,A2
Q14731,A2
Q14732,A2
Q14733,A2
Q14734,A1
Q14735,A2
Q14736,A2
Q14737,A1
Q14738,A2
Q14739,A1
Q14740,A2
Q14741,A1
Q14742,A2
Q14743,A2
Q14744,A1
Q14745,A1
Q14746,A2
Q14747,A1
Q14748,A2
Q14749,A2
Q14750,A1
Q14751,A2
Q14752,A2
Q14753,A2
Q14754,A2
Q14755,A2
Q14756,A2
Q14757,A2
Q14758,A1
Q14759,A1
Q14760,A2
Q14761,A2
Q14762,A1
Q14763,A1
Q14764,A1
Q14765,A1
Q14766,A2
Q14767,A2
Q14768,A2
Q14769,A2
Q14770,A2
Q14771,A2
Q14772,A2
Q14773,A2
Q14774,A1
Q14775,A2
Q14776,A2
Q14777,A0
Q14778,A2
Q14779,A1
Q14780,A2
Q14781,A2
Q14782,A0
Q14783,A1
Q14784,A1
Q14785,A2
Q14786,A2
Q14787,A1
Q14788,A1
Q14789,A2
Q14790,A1
Q14791,A1
Q14792,A2
Q14793,A0
Q14794,A2
Q14795,A2
Q14796,A2
Q14797,A1
Q14798,A2
Q14799,A2
Q14800,A1
Q14801,A1
Q14802,A2
Q14803,A2
Q14804,A1
Q14805,A2
Q14806,A2
Q14807,A0
Q14808,A2
Q14809,A2
Q14810,A2
Q14811,A1
Q14812,A2
Q14813,A1
Q14814,A2
Q14815,A2
Q14816,A2
Q14817,A2
Q14818,A2
Q14819,A2
Q14820,A2
Q14821,A1
Q14822,A2
Q14823,A1
Q14824,A2
Q14825,A1
Q14826,A2
Q14827,A2
Q14828,A2
Q14829,A2
Q14830,A1
Q14831,A0
Q14832,A1
Q14833,A2
Q14834,A2
Q14835,A2
Q14836,A2
Q14837,A0
Q14838,A0
Q14839,A2
Q14840,A2
Q14841,A2
Q14842,A1
Q14843,A1
Q14844,A1
Q14845,A1
Q14846,A2
Q14847,A1
Q14848,A2
Q14849,A2
Q14850,A2
Q14851,A2
Q14852,A2
Q14853,A2
Q14854,A2
Q14855,A1
Q14856,A0
Q14857,A2
Q14858,A2
Q14859,A2
Q14860,A1
Q14861,A2
Q14862,A2
Q14863,A2
Q14864,A2
Q14865,A1
Q14866,A0
Q14867,A1
Q14868,A2
Q14869,A2
Q14870,A2
Q14871,A2
Q14872,A0
Q14873,A0
Q14874,A2
Q14875,A0
Q14876,A1
Q14877,A2
Q14878,A2
Q14879,A2
Q14880,A1
Q14881,A1
Q14882,A1
Q14883,A2
Q14884,A2
Q14885,A2
Q14886,A2
Q14887,A2
Q14888,A2
Q14889,A2
Q14890,A2
Q14891,A2
Q14892,A2
Q14893,A2
Q14894,A0
Q14895,A2
Q14896,A2
Q14897,A2
Q14898,A1
Q14899,A2
Q14900,A2
Q14901,A1
Q14902,A2
Q14903,A2
Q14904,A2
Q14905,A2
Q14906,A1
Q14907,A2
Q14908,A2
Q14909,A1
Q14910,A2
Q14911,A1
Q14912,A0
Q14913,A2
Q14914,A1
Q14915,A2
Q14916,A2
Q14917,A1
Q14918,A2
Q14919,A2
Q14920,A2
Q14921,A1
Q14922,A1
Q14923,A1
Q14924,A1
Q14925,A2
Q14926,A1
Q14927,A1
Q14928,A2
Q14929,A0
Q14930,A1
Q14931,A2
Q14932,A1
Q14933,A2
Q14934,A2
Q14935,A2
Q14936,A1
Q14937,A2
Q14938,A2
Q14939,A2
Q14940,A2
Q14941,A0
Q14942,A0
Q14943,A1
Q14944,A1
Q14945,A1
Q14946,A2
Q14947,A2
Q14948,A2
Q14949,A2
Q14950,A2
Q14951,A2
Q14952,A2
Q14953,A2
Q14954,A2
Q14955,A2
Q14956,A2
Q14957,A1
Q14958,A2
Q14959,A2
Q14960,A2
Q14961,A2
Q14962,A0
Q14963,A2
Q14964,A2
Q14965,A2
Q14966,A0
Q14967,A0
Q14968,A2
Q14969,A2
Q14970,A1
Q14971,A2
Q14972,A2
Q14973,A1
Q14974,A2
Q14975,A1
Q14976,A1
Q14977,A2
Q14978,A2
Q14979,A1
Q14980,A2
Q14981,A0
Q14982,A2
Q14983,A1
Q14984,A2
Q14985,A2
Q14986,A1
Q14987,A2
Q14988,A2
Q14989,A1
Q14990,A1
Q14991,A2
Q14992,A0
Q14993,A2
Q14994,A2
Q14995,A2
Q14996,A2
Q14997,A2
Q14998,A0
Q14999,A2
Q15000,A2
Q15001,A0
Q15002,A1
Q15003,A2
Q15004,A2
Q15005,A2
Q15006,A2
Q15007,A2
Q15008,A2
Q15009,A0
Q15010,A2
Q15011,A1
Q15012,A2
Q15013,A2
Q15014,A2
Q15015,A2
Q15016,A2
Q15017,A2
Q15018,A2
Q15019,A2
Q15020,A1
Q15021,A1
Q15022,A1
Q15023,A2
Q15024,A2
Q15025,A2
Q15026,A2
Q15027,A2
Q15028,A2
Q15029,A2
Q15030,A2
Q15031,A2
Q15032,A1
Q15033,A2
Q15034,A1
Q15035,A2
Q15036,A2
Q15037,A2
Q15038,A2
Q15039,A2
Q15040,A2
Q15041,A2
Q15042,A2
Q15043,A1
Q15044,A2
Q15045,A2
Q15046,A2
Q15047,A0
Q15048,A2
Q15049,A2
Q15050,A2
Q15051,A1
Q15052,A2
Q15053,A2
Q15054,A2
Q15055,A0
Q15056,A2
Q15057,A2
Q15058,A2
Q15059,A2
Q15060,A2
Q15061,A1
Q15062,A2
Q15063,A2
Q15064,A2
Q15065,A2
Q15066,A2
Q15067,A1
Q15068,A2
Q15069,A1
Q15070,A2
Q15071,A2
Q15072,A2
Q15073,A2
Q15074,A2
Q15075,A1
Q15076,A2
Q15077,A1
Q15078,A2
Q15079,A2
Q15080,A2
Q15081,A2
Q15082,A2
Q15083,A2
Q15084,A2
Q15085,A2
Q15086,A1
Q15087,A1
Q15088,A2
Q15089,A2
Q15090,A1
Q15091,A2
Q15092,A2
Q15093,A2
Q15094,A2
Q15095,A2
Q15096,A2
Q15097,A2
Q15098,A0
Q15099,A2
Q15100,A2
Q15101,A0
Q15102,A2
Q15103,A2
Q15104,A1
Q15105,A2
Q15106,A2
Q15107,A2
Q15108,A2
Q15109,A2
Q15110,A2
Q15111,A2
Q15112,A2
Q15113,A1
Q15114,A2
Q15115,A2
Q15116,A2
Q15117,A2
Q15118,A2
Q15119,A1
Q15120,A2
Q15121,A0
Q15122,A2
Q15123,A1
Q15124,A2
Q15125,A2
Q15126,A2
Q15127,A2
Q15128,A1
Q15129,A2
Q15130,A2
Q15131,A2
Q15132,A0
Q15133,A2
Q15134,A0
Q15135,A2
Q15136,A2
Q15137,A0
Q15138,A2
Q15139,A0
Q15140,A2
Q15141,A2
Q15142,A1
Q15143,A2
Q15144,A1
Q15145,A1
Q15146,A2
Q15147,A1
Q15148,A2
Q15149,A2
Q15150,A1
Q15151,A2
Q15152,A1
Q15153,A2
Q15154,A2
Q15155,A2
Q15156,A1
Q15157,A2
Q15158,A0
Q15159,A2
Q15160,A2
Q15161,A2
Q15162,A2
Q15163,A2
Q15164,A2
Q15165,A2
Q15166,A2
Q15167,A2
Q15168,A1
Q15169,A0
Q15170,A2
Q15171,A2
Q15172,A0
Q15173,A2
Q15174,A2
Q15175,A1
Q15176,A2
Q15177,A2
Q15178,A2
Q15179,A1
Q15180,A2
Q15181,A2
Q15182,A0
Q15183,A2
Q15184,A2
Q15185,A2
Q15186,A2
Q15187,A1
Q15188,A2
Q15189,A2
Q15190,A2
Q15191,A1
Q15192,A2
Q15193,A0
Q15194,A1
Q15195,A1
Q15196,A2
Q15197,A2
Q15198,A0
Q15199,A2
Q15200,A2
Q15201,A2
Q15202,A2
Q15203,A1
Q15204,A1
Q15205,A2
Q15206,A2
Q15207,A2
Q15208,A2
Q15209,A2
Q15210,A1
Q15211,A2
Q15212,A1
Q15213,A2
Q15214,A2
Q15215,A2
Q15216,A2
Q15217,A2
Q15218,A2
Q15219,A2
Q15220,A2
Q15221,A2
Q15222,A2
Q15223,A2
Q15224,A2
Q15225,A1
Q15226,A1
Q15227,A2
Q15228,A2
Q15229,A2
Q15230,A1
Q15231,A2
Q15232,A2
Q15233,A1
Q15234,A2
Q15235,A1
Q15236,A2
Q15237,A2
Q15238,A2
Q15239,A2
Q15240,A2
Q15241,A1
Q15242,A2
Q15243,A2
Q15244,A1
Q15245,A2
Q15246,A2
Q15247,A2
Q15248,A1
Q15249,A1
Q15250,A1
Q15251,A2
Q15252,A2
Q15253,A1
Q15254,A2
Q15255,A1
Q15256,A2
Q15257,A2
Q15258,A2
Q15259,A2
Q15260,A2
Q15261,A2
Q15262,A2
Q15263,A2
Q15264,A2
Q15265,A1
Q15266,A2
Q15267,A1
Q15268,A2
Q15269,A2
Q15270,A1
Q15271,A2
Q15272,A2
Q15273,A1
Q15274,A2
Q15275,A0
Q15276,A2
Q15277,A1
Q15278,A2
Q15279,A2
Q15280,A1
Q15281,A2
Q15282,A2
Q15283,A0
Q15284,A1
Q15285,A2
Q15286,A2
Q15287,A1
Q15288,A2
Q15289,A2
Q15290,A2
Q15291,A0
Q15292,A1
Q15293,A1
Q15294,A2
Q15295,A1
Q15296,A2
Q15297,A2
Q15298,A2
Q15299,A2
Q15300,A2
Q15301,A0
Q15302,A2
Q15303,A2
Q15304,A2
Q15305,A2
Q15306,A2
Q15307,A2
Q15308,A0
Q15309,A0
Q15310,A2
Q15311,A2
Q15312,A1
Q15313,A0
Q15314,A2
Q15315,A1
Q15316,A0
Q15317,A0
Q15318,A1
Q15319,A2
Q15320,A2
Q15321,A2
Q15322,A2
Q15323,A2
Q15324,A0
Q15325,A2
Q15326,A2
Q15327,A1
Q15328,A0
Q15329,A0
Q15330,A2
Q15331,A1
Q15332,A0
Q15333,A2
Q15334,A2
Q15335,A2
Q15336,A1
Q15337,A2
Q15338,A2
Q15339,A1
Q15340,A2
Q15341,A2
Q15342,A1
Q15343,A1
Q15344,A1
Q15345,A1
Q15346,A2
Q15347,A0
Q15348,A2
Q15349,A2
Q15350,A2
Q15351,A2
Q15352,A0
Q15353,A2
Q15354,A0
Q15355,A2
Q15356,A2
Q15357,A2
Q15358,A2
Q15359,A2
Q15360,A1
Q15361,A1
Q15362,A2
Q15363,A1
Q15364,A0
Q15365,A2
Q15366,A2
Q15367,A1
Q15368,A2
Q15369,A0
Q15370,A2
Q15371,A1
Q15372,A2
Q15373,A2
Q15374,A2
Q15375,A1
Q15376,A2
Q15377,A2
Q15378,A0
Q15379,A2
Q15380,A1
Q15381,A0
Q15382,A2
Q15383,A1
Q15384,A0
Q15385,A1
Q15386,A1
Q15387,A2
Q15388,A0
Q15389,A1
Q15390,A0
Q15391,A1
Q15392,A2
Q15393,A2
Q15394,A2
Q15395,A2
Q15396,A2
Q15397,A2
Q15398,A2
Q15399,A2
Q15400,A2
Q15401,A2
Q15402,A2
Q15403,A2
Q15404,A2
Q15405,A2
Q15406,A2
Q15407,A2
Q15408,A0
Q15409,A0
Q15410,A2
Q15411,A2
Q15412,A1
Q15413,A2
Q15414,A1
Q15415,A2
Q15416,A1
Q15417,A2
Q15418,A2
Q15419,A1
Q15420,A2
Q15421,A0
Q15422,A1
Q15423,A2
Q15424,A2
Q15425,A2
Q15426,A2
Q15427,A2
Q15428,A1
Q15429,A1
Q15430,A2
Q15431,A0
Q15432,A1
Q15433,A2
Q15434,A0
Q15435,A1
Q15436,A1
Q15437,A1
Q15438,A2
Q15439,A1
Q15440,A2
Q15441,A1
Q15442,A1
Q15443,A1
Q15444,A2
Q15445,A2
Q15446,A1
Q15447,A2
Q15448,A2
Q15449,A2
Q15450,A2
Q15451,A0
Q15452,A2
Q15453,A1
Q15454,A2
Q15455,A1
Q15456,A2
Q15457,A2
Q15458,A1
Q15459,A2
Q15460,A2
Q15461,A2
Q15462,A1
Q15463,A1
Q15464,A2
Q15465,A2
Q15466,A2
Q15467,A2
Q15468,A2
Q15469,A1
Q15470,A2
Q15471,A2
Q15472,A2
Q15473,A2
Q15474,A1
Q15475,A2
Q15476,A2
Q15477,A2
Q15478,A2
Q15479,A2
Q15480,A1
Q15481,A2
Q15482,A2
Q15483,A2
Q15484,A2
Q15485,A1
Q15486,A2
Q15487,A2
Q15488,A2
Q15489,A1
Q15490,A2
Q15491,A0
Q15492,A2
Q15493,A2
Q15494,A1
Q15495,A2
Q15496,A2
Q15497,A0
Q15498,A2
Q15499,A2
Q15500,A2
Q15501,A2
Q15502,A2
Q15503,A0
Q15504,A2
Q15505,A2
Q15506,A2
Q15507,A1
Q15508,A2
Q15509,A2
Q15510,A2
Q15511,A2
Q15512,A0
Q15513,A2
Q15514,A1
Q15515,A2
Q15516,A1
Q15517,A1
Q15518,A2
Q15519,A2
Q15520,A2
Q15521,A1
Q15522,A2
Q15523,A2
Q15524,A2
Q15525,A1
Q15526,A1
Q15527,A0
Q15528,A1
Q15529,A1
Q15530,A2
Q15531,A0
Q15532,A2
Q15533,A1
Q15534,A2
Q15535,A2
Q15536,A0
Q15537,A2
Q15538,A1
Q15539,A1
Q15540,A2
Q15541,A2
Q15542,A1
Q15543,A2
Q15544,A0
Q15545,A2
Q15546,A1
Q15547,A0
Q15548,A2
Q15549,A0
Q15550,A2
Q15551,A0
Q15552,A1
Q15553,A1
Q15554,A1
Q15555,A1
Q15556,A2
Q15557,A2
Q15558,A0
Q15559,A2
Q15560,A2
Q15561,A2
Q15562,A2
Q15563,A2
Q15564,A2
Q15565,A2
Q15566,A1
Q15567,A2
Q15568,A0
Q15569,A2
Q15570,A2
Q15571,A0
Q15572,A1
Q15573,A2
Q15574,A2
Q15575,A1
Q15576,A2
Q15577,A1
Q15578,A1
Q15579,A0
Q15580,A2
Q15581,A2
Q15582,A2
Q15583,A2
Q15584,A2
Q15585,A2
Q15586,A2
Q15587,A2
Q15588,A2
Q15589,A0
Q15590,A0
Q15591,A2
Q15592,A2
Q15593,A2
Q15594,A2
Q15595,A2
Q15596,A1
Q15597,A1
Q15598,A2
Q15599,A1
Q15600,A2
Q15601,A2
Q15602,A2
Q15603,A2
Q15604,A2
Q15605,A2
Q15606,A2
Q15607,A2
Q15608,A1
Q15609,A1
Q15610,A2
Q15611,A1
Q15612,A1
Q15613,A2
Q15614,A2
Q15615,A2
Q15616,A2
Q15617,A1
Q15618,A2
Q15619,A1
Q15620,A2
Q15621,A2
Q15622,A0
Q15623,A2
Q15624,A2
Q15625,A1
Q15626,A1
Q15627,A2
Q15628,A1
Q15629,A1
Q15630,A1
Q15631,A2
Q15632,A0
Q15633,A2
Q15634,A2
Q15635,A2
Q15636,A1
Q15637,A2
Q15638,A2
Q15639,A2
Q15640,A2
Q15641,A2
Q15642,A2
Q15643,A0
Q15644,A2
Q15645,A2
Q15646,A2
Q15647,A2
Q15648,A2
Q15649,A2
Q15650,A0
Q15651,A2
Q15652,A1
Q15653,A1
Q15654,A2
Q15655,A0
Q15656,A1
Q15657,A1
Q15658,A2
Q15659,A0
Q15660,A2
Q15661,A2
Q15662,A2
Q15663,A2
Q15664,A0
Q15665,A2
Q15666,A1
Q15667,A1
Q15668,A2
Q15669,A2
Q15670,A1
Q15671,A1
Q15672,A2
Q15673,A2
Q15674,A1
Q15675,A2
Q15676,A2
Q15677,A2
Q15678,A2
Q15679,A1
Q15680,A2
Q15681,A1
Q15682,A2
Q15683,A1
Q15684,A2
Q15685,A0
Q15686,A2
Q15687,A2
Q15688,A0
Q15689,A2
Q15690,A2
Q15691,A2
Q15692,A1
Q15693,A2
Q15694,A0
Q15695,A1
Q15696,A2
Q15697,A1
Q15698,A2
Q15699,A2
Q15700,A1
Q15701,A1
Q15702,A2
Q15703,A1
Q15704,A2
Q15705,A2
Q15706,A1
Q15707,A2
Q15708,A2
Q15709,A2
Q15710,A2
Q15711,A2
Q15712,A2
Q15713,A2
Q15714,A1
Q15715,A2
Q15716,A1
Q15717,A2
Q15718,A2
Q15719,A2
Q15720,A2
Q15721,A1
Q15722,A2
Q15723,A2
Q15724,A0
Q15725,A2
Q15726,A2
Q15727,A0
Q15728,A1
Q15729,A2
Q15730,A0
Q15731,A2
Q15732,A0
Q15733,A1
Q15734,A2
Q15735,A2
Q15736,A2
Q15737,A2
Q15738,A1
Q15739,A1
Q15740,A2
Q15741,A2
Q15742,A1
Q15743,A2
Q15744,A0
Q15745,A2
Q15746,A2
Q15747,A2
Q15748,A2
Q15749,A2
Q15750,A2
Q15751,A0
Q15752,A2
Q15753,A2
Q15754,A2
Q15755,A2
Q15756,A2
Q15757,A0
Q15758,A2
Q15759,A1
Q15760,A2
Q15761,A1
Q15762,A2
Q15763,A1
Q15764,A1
Q15765,A1
Q15766,A1
Q15767,A2
Q15768,A2
Q15769,A1
Q15770,A1
Q15771,A2
Q15772,A2
Q15773,A2
Q15774,A2
Q15775,A0
Q15776,A2
Q15777,A2
Q15778,A2
Q15779,A0
Q15780,A2
Q15781,A2
Q15782,A2
Q15783,A2
Q15784,A2
Q15785,A2
Q15786,A1
Q15787,A1
Q15788,A1
Q15789,A2
Q15790,A0
Q15791,A1
Q15792,A1
Q15793,A2
Q15794,A1
Q15795,A2
Q15796,A2
Q15797,A1
Q15798,A2
Q15799,A2
Q15800,A1
Q15801,A2
Q15802,A2
Q15803,A2
Q15804,A2
Q15805,A2
Q15806,A2
Q15807,A2
Q15808,A2
Q15809,A2
Q15810,A2
Q15811,A1
Q15812,A2
Q15813,A2
Q15814,A2
Q15815,A1
Q15816,A2
Q15817,A0
Q15818,A1
Q15819,A2
Q15820,A2
Q15821,A0
Q15822,A2
Q15823,A2
Q15824,A2
Q15825,A2
Q15826,A1
Q15827,A1
Q15828,A2
Q15829,A2
Q15830,A2
Q15831,A2
Q15832,A0
Q15833,A1
Q15834,A1
Q15835,A1
Q15836,A1
Q15837,A1
Q15838,A2
Q15839,A2
Q15840,A0
Q15841,A0
Q15842,A2
Q15843,A2
Q15844,A0
Q15845,A2
Q15846,A1
Q15847,A2
Q15848,A2
Q15849,A2
Q15850,A2
Q15851,A2
Q15852,A2
Q15853,A2
Q15854,A0
Q15855,A2
Q15856,A2
Q15857,A2
Q15858,A2
Q15859,A1
Q15860,A2
Q15861,A2
Q15862,A1
Q15863,A2
Q15864,A2
Q15865,A2
Q15866,A2
Q15867,A2
Q15868,A1
Q15869,A2
Q15870,A2
Q15871,A2
Q15872,A1
Q15873,A0
Q15874,A1
Q15875,A2
Q15876,A2
Q15877,A2
Q15878,A2
Q15879,A1
Q15880,A1
Q15881,A2
Q15882,A2
Q15883,A2
Q15884,A2
Q15885,A2
Q15886,A2
Q15887,A2
Q15888,A2
Q15889,A2
Q15890,A2
Q15891,A2
Q15892,A1
Q15893,A2
Q15894,A2
Q15895,A2
Q15896,A0
Q15897,A2
Q15898,A0
Q15899,A1
Q15900,A2
Q15901,A2
Q15902,A1
Q15903,A2
Q15904,A2
Q15905,A1
Q15906,A2
Q15907,A2
Q15908,A2
Q15909,A1
Q15910,A1
Q15911,A2
Q15912,A0
Q15913,A2
Q15914,A2
Q15915,A1
Q15916,A2
Q15917,A2
Q15918,A2
Q15919,A2
Q15920,A0
Q15921,A1
Q15922,A2
Q15923,A1
Q15924,A1
Q15925,A2
Q15926,A2
Q15927,A2
Q15928,A2
Q15929,A1
Q15930,A1
Q15931,A1
Q15932,A2
Q15933,A1
Q15934,A2
Q15935,A0
Q15936,A2
Q15937,A2
Q15938,A2
Q15939,A1
Q15940,A2
Q15941,A2
Q15942,A1
Q15943,A2
Q15944,A2
Q15945,A1
Q15946,A2
Q15947,A2
Q15948,A2
Q15949,A1
Q15950,A2
Q15951,A1
Q15952,A2
Q15953,A2
Q15954,A1
Q15955,A2
Q15956,A2
Q15957,A2
Q15958,A2
Q15959,A2
Q15960,A2
Q15961,A1
Q15962,A1
Q15963,A2
Q15964,A0
Q15965,A2
Q15966,A2
Q15967,A2
Q15968,A2
Q15969,A2
Q15970,A2
Q15971,A2
Q15972,A2
Q15973,A0
Q15974,A2
Q15975,A2
Q15976,A2
Q15977,A2
Q15978,A2
Q15979,A1
Q15980,A1
Q15981,A1
Q15982,A2
Q15983,A2
Q15984,A2
Q15985,A0
Q15986,A1
Q15987,A2
Q15988,A1
Q15989,A2
Q15990,A2
Q15991,A2
Q15992,A2
Q15993,A2
Q15994,A1
Q15995,A2
Q15996,A2
Q15997,A2
Q15998,A2
Q15999,A2
Q16000,A1
Q16001,A0
Q16002,A1
Q16003,A1
Q16004,A1
Q16005,A2
Q16006,A1
Q16007,A2
Q16008,A2
Q16009,A2
Q16010,A2
Q16011,A2
Q16012,A0
Q16013,A0
Q16014,A2
Q16015,A2
Q16016,A2
Q16017,A2
Q16018,A2
Q16019,A2
Q16020,A2
Q16021,A2
Q16022,A2
Q16023,A2
Q16024,A2
Q16025,A1
Q16026,A2
Q16027,A1
Q16028,A2
Q16029,A1
Q16030,A2
Q16031,A2
Q16032,A2
Q16033,A2
Q16034,A0
Q16035,A2
Q16036,A2
Q16037,A1
Q16038,A2
Q16039,A2
Q16040,A1
Q16041,A2
Q16042,A2
Q16043,A2
Q16044,A2
Q16045,A1
Q16046,A0
Q16047,A1
Q16048,A2
Q16049,A2
Q16050,A1
Q16051,A2
Q16052,A2
Q16053,A1
Q16054,A2
Q16055,A2
Q16056,A2
Q16057,A2
Q16058,A2
Q16059,A1
Q16060,A2
Q16061,A2
Q16062,A2
Q16063,A2
Q16064,A1
Q16065,A1
Q16066,A0
Q16067,A2
Q16068,A2
Q16069,A2
Q16070,A1
Q16071,A2
Q16072,A1
Q16073,A2
Q16074,A2
Q16075,A0
Q16076,A2
Q16077,A2
Q16078,A0
Q16079,A2
Q16080,A2
Q16081,A2
Q16082,A2
Q16083,A1
Q16084,A1
Q16085,A2
Q16086,A0
Q16087,A2
Q16088,A2
Q16089,A1
Q16090,A2
Q16091,A2
Q16092,A0
Q16093,A2
Q16094,A2
Q16095,A0
Q16096,A2
Q16097,A2
Q16098,A2
Q16099,A1
Q16100,A2
Q16101,A1
Q16102,A2
Q16103,A0
Q16104,A0
Q16105,A2
Q16106,A2
Q16107,A2
Q16108,A2
Q16109,A0
Q16110,A2
Q16111,A1
Q16112,A1
Q16113,A2
Q16114,A1
Q16115,A2
Q16116,A2
Q16117,A2
Q16118,A1
Q16119,A2
Q16120,A2
Q16121,A2
Q16122,A2
Q16123,A2
Q16124,A2
Q16125,A1
Q16126,A2
Q16127,A2
Q16128,A2
Q16129,A2
Q16130,A2
Q16131,A2
Q16132,A1
Q16133,A2
Q16134,A2
Q16135,A2
Q16136,A2
Q16137,A1
Q16138,A2
Q16139,A2
Q16140,A2
Q16141,A2
Q16142,A2
Q16143,A2
Q16144,A2
Q16145,A2
Q16146,A2
Q16147,A2
Q16148,A2
Q16149,A1
Q16150,A1
Q16151,A2
Q16152,A1
Q16153,A1
Q16154,A2
Q16155,A2
Q16156,A1
Q16157,A2
Q16158,A2
Q16159,A2
Q16160,A2
Q16161,A0
Q16162,A2
Q16163,A1
Q16164,A1
Q16165,A2
Q16166,A0
Q16167,A2
Q16168,A1
Q16169,A2
Q16170,A2
Q16171,A1
Q16172,A2
Q16173,A1
Q16174,A2
Q16175,A2
Q16176,A2
Q16177,A1
Q16178,A2
Q16179,A2
Q16180,A2
Q16181,A1
Q16182,A2
Q16183,A2
Q16184,A1
Q16185,A0
Q16186,A2
Q16187,A2
Q16188,A2
Q16189,A2
Q16190,A2
Q16191,A2
Q16192,A2
Q16193,A2
Q16194,A1
Q16195,A1
Q16196,A2
Q16197,A2
Q16198,A0
Q16199,A2
Q16200,A2
Q16201,A2
Q16202,A1
Q16203,A2
Q16204,A2
Q16205,A0
Q16206,A2
Q16207,A2
Q16208,A2
Q16209,A1
Q16210,A1
Q16211,A1
Q16212,A2
Q16213,A2
Q16214,A2
Q16215,A1
Q16216,A2
Q16217,A0
Q16218,A2
Q16219,A2
Q16220,A2
Q16221,A1
Q16222,A1
Q16223,A1
Q16224,A1
Q16225,A2
Q16226,A1
Q16227,A2
Q16228,A1
Q16229,A1
Q16230,A2
Q16231,A2
Q16232,A1
Q16233,A2
Q16234,A2
Q16235,A1
Q16236,A0
Q16237,A1
Q16238,A1
Q16239,A2
Q16240,A2
Q16241,A1
Q16242,A2
Q16243,A1
Q16244,A2
Q16245,A2
Q16246,A2
Q16247,A2
Q16248,A2
Q16249,A1
Q16250,A1
Q16251,A1
Q16252,A1
Q16253,A2
Q16254,A2
Q16255,A1
Q16256,A2
Q16257,A2
Q16258,A2
Q16259,A2
Q16260,A2
Q16261,A1
Q16262,A0
Q16263,A2
Q16264,A2
Q16265,A2
Q16266,A2
Q16267,A2
Q16268,A1
Q16269,A1
Q16270,A2
Q16271,A2
Q16272,A2
Q16273,A0
Q16274,A1
Q16275,A1
Q16276,A2
Q16277,A2
Q16278,A1
Q16279,A2
Q16280,A1
Q16281,A1
Q16282,A2
Q16283,A1
Q16284,A1
Q16285,A2
Q16286,A2
Q16287,A2
Q16288,A2
Q16289,A2
Q16290,A0
Q16291,A0
Q16292,A2
Q16293,A1
Q16294,A2
Q16295,A2
Q16296,A2
Q16297,A2
Q16298,A2
Q16299,A0
Q16300,A1
Q16301,A2
Q16302,A2
Q16303,A2
Q16304,A1
Q16305,A2
Q16306,A2
Q16307,A2
Q16308,A2
Q16309,A2
Q16310,A0
Q16311,A2
Q16312,A2
Q16313,A0
Q16314,A0
Q16315,A2
Q16316,A2
Q16317,A2
Q16318,A2
Q16319,A1
Q16320,A2
Q16321,A2
Q16322,A2
Q16323,A2
Q16324,A2
Q16325,A2
Q16326,A2
Q16327,A2
Q16328,A2
Q16329,A2
Q16330,A2
Q16331,A0
Q16332,A1
Q16333,A2
Q16334,A2
Q16335,A2
Q16336,A1
Q16337,A2
Q16338,A1
Q16339,A1
Q16340,A2
Q16341,A1
Q16342,A1
Q16343,A1
Q16344,A2
Q16345,A0
Q16346,A2
Q16347,A2
Q16348,A1
Q16349,A2
Q16350,A2
Q16351,A1
Q16352,A2
Q16353,A2
Q16354,A2
Q16355,A1
Q16356,A2
Q16357,A2
Q16358,A2
Q16359,A2
Q16360,A1
Q16361,A2
Q16362,A2
Q16363,A1
Q16364,A2
Q16365,A2
Q16366,A2
Q16367,A2
Q16368,A2
Q16369,A2
Q16370,A1
Q16371,A2
Q16372,A1
Q16373,A0
Q16374,A2
Q16375,A1
Q16376,A2
Q16377,A2
Q16378,A2
Q16379,A0
Q16380,A2
Q16381,A1
Q16382,A2
Q16383,A2
Q16384,A2
Q16385,A2
Q16386,A2
Q16387,A1
Q16388,A1
Q16389,A2
Q16390,A2
Q16391,A2
Q16392,A2
Q16393,A2
Q16394,A1
Q16395,A1
Q16396,A1
Q16397,A1
Q16398,A2
Q16399,A2
Q16400,A2
Q16401,A1
Q16402,A2
Q16403,A2
Q16404,A2
Q16405,A2
Q16406,A1
Q16407,A2
Q16408,A2
Q16409,A0
Q16410,A2
Q16411,A2
Q16412,A1
Q16413,A2
Q16414,A2
Q16415,A0
Q16416,A2
Q16417,A2
Q16418,A0
Q16419,A2
Q16420,A2
Q16421,A2
Q16422,A2
Q16423,A2
Q16424,A1
Q16425,A2
Q16426,A1
Q16427,A2
Q16428,A1
Q16429,A2
Q16430,A1
Q16431,A2
Q16432,A0
Q16433,A2
Q16434,A2
Q16435,A2
Q16436,A1
Q16437,A2
Q16438,A2
Q16439,A1
Q16440,A1
Q16441,A0
Q16442,A2
Q16443,A1
Q16444,A2
Q16445,A2
Q16446,A1
Q16447,A2
Q16448,A1
Q16449,A1
Q16450,A2
Q16451,A2
Q16452,A2
Q16453,A2
Q16454,A2
Q16455,A1
Q16456,A2
Q16457,A2
Q16458,A2
Q16459,A2
Q16460,A1
Q16461,A2
Q16462,A0
Q16463,A2
Q16464,A1
Q16465,A1
Q16466,A2
Q16467,A2
Q16468,A1
Q16469,A1
Q16470,A2
Q16471,A2
Q16472,A0
Q16473,A2
Q16474,A2
Q16475,A1
Q16476,A1
Q16477,A2
Q16478,A2
Q16479,A2
Q16480,A2
Q16481,A2
Q16482,A1
Q16483,A2
Q16484,A2
Q16485,A0
Q16486,A2
Q16487,A2
Q16488,A2
Q16489,A1
Q16490,A2
Q16491,A2
Q16492,A2
Q16493,A2
Q16494,A0
Q16495,A2
Q16496,A2
Q16497,A2
Q16498,A2
Q16499,A1
Q16500,A1
Q16501,A2
Q16502,A1
Q16503,A2
Q16504,A0
Q16505,A2
Q16506,A2
Q16507,A1
Q16508,A1
Q16509,A2
Q16510,A2
Q16511,A1
Q16512,A2
Q16513,A2
Q16514,A0
Q16515,A2
Q16516,A2
Q16517,A1
Q16518,A2
Q16519,A2
Q16520,A2
Q16521,A2
Q16522,A2
Q16523,A2
Q16524,A2
Q16525,A1
Q16526,A1
Q16527,A1
Q16528,A2
Q16529,A1
Q16530,A2
Q16531,A1
Q16532,A2
Q16533,A2
Q16534,A1
Q16535,A2
Q16536,A2
Q16537,A2
Q16538,A1
Q16539,A2
Q16540,A0
Q16541,A2
Q16542,A0
Q16543,A2
Q16544,A2
Q16545,A2
Q16546,A1
Q16547,A2
Q16548,A2
Q16549,A1
Q16550,A0
Q16551,A1
Q16552,A2
Q16553,A2
Q16554,A2
Q16555,A2
Q16556,A2
Q16557,A2
Q16558,A1
Q16559,A1
Q16560,A2
Q16561,A2
Q16562,A2
Q16563,A2
Q16564,A2
Q16565,A2
Q16566,A1
Q16567,A1
Q16568,A2
Q16569,A2
Q16570,A1
Q16571,A2
Q16572,A2
Q16573,A1
Q16574,A2
Q16575,A2
Q16576,A2
Q16577,A1
Q16578,A2
Q16579,A2
Q16580,A1
Q16581,A2
Q16582,A2
Q16583,A2
Q16584,A2
Q16585,A2
Q16586,A2
Q16587,A2
Q16588,A1
Q16589,A2
Q16590,A1
Q16591,A2
Q16592,A1
Q16593,A1
Q16594,A0
Q16595,A2
Q16596,A2
Q16597,A2
Q16598,A2
Q16599,A2
Q16600,A1
Q16601,A1
Q16602,A1
Q16603,A2
Q16604,A1
Q16605,A2
Q16606,A2
Q16607,A2
Q16608,A2
Q16609,A2
Q16610,A2
Q16611,A2
Q16612,A1
Q16613,A2
Q16614,A2
Q16615,A2
Q16616,A2
Q16617,A2
Q16618,A1
Q16619,A1
Q16620,A2
Q16621,A2
Q16622,A2
Q16623,A0
Q16624,A2
Q16625,A2
Q16626,A2
Q16627,A1
Q16628,A2
Q16629,A1
Q16630,A2
Q16631,A2
Q16632,A2
Q16633,A0
Q16634,A1
Q16635,A0
Q16636,A2
Q16637,A2
Q16638,A1
Q16639,A1
Q16640,A0
Q16641,A1
Q16642,A0
Q16643,A0
Q16644,A1
Q16645,A2
Q16646,A2
Q16647,A1
Q16648,A2
Q16649,A2
Q16650,A1
Q16651,A2
Q16652,A0
Q16653,A0
Q16654,A2
Q16655,A2
Q16656,A2
Q16657,A2
Q16658,A1
Q16659,A2
Q16660,A1
Q16661,A2
Q16662,A2
Q16663,A2
Q16664,A1
Q16665,A2
Q16666,A2
Q16667,A1
Q16668,A1
Q16669,A1
Q16670,A2
Q16671,A2
Q16672,A2
Q16673,A2
Q16674,A2
Q16675,A2
Q16676,A2
Q16677,A2
Q16678,A0
Q16679,A1
Q16680,A1
Q16681,A2
Q16682,A1
Q16683,A2
Q16684,A2
Q16685,A1
Q16686,A0
Q16687,A2
Q16688,A0
Q16689,A1
Q16690,A1
Q16691,A2
Q16692,A2
Q16693,A0
Q16694,A2
Q16695,A2
Q16696,A2
Q16697,A2
Q16698,A2
Q16699,A0
Q16700,A2
Q16701,A2
Q16702,A2
Q16703,A2
Q16704,A2
Q16705,A2
Q16706,A0
Q16707,A2
Q16708,A0
Q16709,A2
Q16710,A2
Q16711,A2
Q16712,A1
Q16713,A2
Q16714,A2
Q16715,A2
Q16716,A2
Q16717,A2
Q16718,A1
Q16719,A1
Q16720,A2
Q16721,A1
Q16722,A1
Q16723,A2
Q16724,A2
Q16725,A2
Q16726,A2
Q16727,A2
Q16728,A1
Q16729,A2
Q16730,A1
Q16731,A1
Q16732,A2
Q16733,A1
Q16734,A2
Q16735,A1
Q16736,A2
Q16737,A1
Q16738,A2
Q16739,A1
Q16740,A1
Q16741,A2
Q16742,A2
Q16743,A2
Q16744,A2
Q16745,A2
Q16746,A1
Q16747,A1
Q16748,A2
Q16749,A2
Q16750,A1
Q16751,A2
Q16752,A2
Q16753,A2
Q16754,A2
Q16755,A1
Q16756,A2
Q16757,A2
Q16758,A2
Q16759,A2
Q16760,A2
Q16761,A2
Q16762,A2
Q16763,A2
Q16764,A2
Q16765,A2
Q16766,A0
Q16767,A2
Q16768,A2
Q16769,A2
Q16770,A2
Q16771,A2
Q16772,A2
Q16773,A2
Q16774,A1
Q16775,A2
Q16776,A2
Q16777,A2
Q16778,A1
Q16779,A2
Q16780,A2
Q16781,A2
Q16782,A2
Q16783,A2
Q16784,A2
Q16785,A0
Q16786,A2
Q16787,A2
Q16788,A2
Q16789,A1
Q16790,A2
Q16791,A2
Q16792,A1
Q16793,A2
Q16794,A2
Q16795,A2
Q16796,A1
Q16797,A2
Q16798,A2
Q16799,A2
Q16800,A2
Q16801,A2
Q16802,A2
Q16803,A2
Q16804,A2
Q16805,A1
Q16806,A2
Q16807,A2
Q16808,A1
Q16809,A2
Q16810,A2
Q16811,A1
Q16812,A2
Q16813,A2
Q16814,A2
Q16815,A2
Q16816,A0
Q16817,A2
Q16818,A2
Q16819,A0
Q16820,A2
Q16821,A2
Q16822,A2
Q16823,A1
Q16824,A2
Q16825,A1
Q16826,A1
Q16827,A2
Q16828,A2
Q16829,A2
Q16830,A1
Q16831,A0
Q16832,A2
Q16833,A1
Q16834,A0
Q16835,A2
Q16836,A2
Q16837,A2
Q16838,A0
Q16839,A1
Q16840,A2
Q16841,A2
Q16842,A2
Q16843,A2
Q16844,A2
Q16845,A2
Q16846,A2
Q16847,A2
Q16848,A1
Q16849,A2
Q16850,A2
Q16851,A1
Q16852,A2
Q16853,A2
Q16854,A1
Q16855,A2
Q16856,A2
Q16857,A2
Q16858,A1
Q16859,A2
Q16860,A0
Q16861,A0
Q16862,A0
Q16863,A1
Q16864,A2
Q16865,A2
Q16866,A1
Q16867,A2
Q16868,A2
Q16869,A0
Q16870,A2
Q16871,A2
Q16872,A2
Q16873,A2
Q16874,A0
Q16875,A2
Q16876,A0
Q16877,A2
Q16878,A2
Q16879,A2
Q16880,A2
Q16881,A2
Q16882,A2
Q16883,A2
Q16884,A2
Q16885,A2
Q16886,A1
Q16887,A2
Q16888,A2
Q16889,A2
Q16890,A2
Q16891,A0
Q16892,A2
Q16893,A2
Q16894,A2
Q16895,A2
Q16896,A2
Q16897,A2
Q16898,A2
Q16899,A1
Q16900,A1
Q16901,A1
Q16902,A0
Q16903,A1
Q16904,A2
Q16905,A1
Q16906,A2
Q16907,A1
Q16908,A1
Q16909,A2
Q16910,A2
Q16911,A2
Q16912,A2
Q16913,A1
Q16914,A2
Q16915,A2
Q16916,A2
Q16917,A2
Q16918,A2
Q16919,A1
Q16920,A1
Q16921,A2
Q16922,A2
Q16923,A1
Q16924,A2
Q16925,A1
Q16926,A2
Q16927,A1
Q16928,A1
Q16929,A1
Q16930,A1
Q16931,A2
Q16932,A2
Q16933,A2
Q16934,A2
Q16935,A2
Q16936,A0
Q16937,A2
Q16938,A2
Q16939,A2
Q16940,A2
Q16941,A2
Q16942,A2
Q16943,A2
Q16944,A2
Q16945,A1
Q16946,A2
Q16947,A2
Q16948,A2
Q16949,A2
Q16950,A2
Q16951,A2
Q16952,A2
Q16953,A2
Q16954,A2
Q16955,A2
Q16956,A1
Q16957,A0
Q16958,A2
Q16959,A0
Q16960,A2
Q16961,A1
Q16962,A0
Q16963,A2
Q16964,A2
Q16965,A2
Q16966,A1
Q16967,A0
Q16968,A2
Q16969,A2
Q16970,A2
Q16971,A2
Q16972,A2
Q16973,A1
Q16974,A1
Q16975,A2
Q16976,A2
Q16977,A0
Q16978,A2
Q16979,A1
Q16980,A2
Q16981,A2
Q16982,A2
Q16983,A2
Q16984,A0
Q16985,A2
Q16986,A0
Q16987,A1
Q16988,A1
Q16989,A2
Q16990,A2
Q16991,A2
Q16992,A2
Q16993,A1
Q16994,A1
Q16995,A1
Q16996,A2
Q16997,A2
Q16998,A1
Q16999,A2
Q17000,A2
Q17001,A2
Q17002,A2
Q17003,A0
Q17004,A2
Q17005,A2
Q17006,A2
Q17007,A2
Q17008,A2
Q17009,A2
Q17010,A1
Q17011,A0
Q17012,A2
Q17013,A0
Q17014,A1
Q17015,A2
Q17016,A2
Q17017,A2
Q17018,A2
Q17019,A2
Q17020,A2
Q17021,A1
Q17022,A2
Q17023,A2
Q17024,A1
Q17025,A1
Q17026,A1
Q17027,A1
Q17028,A2
Q17029,A2
Q17030,A2
Q17031,A2
Q17032,A2
Q17033,A2
Q17034,A0
Q17035,A0
Q17036,A2
Q17037,A1
Q17038,A2
Q17039,A2
Q17040,A2
Q17041,A2
Q17042,A1
Q17043,A2
Q17044,A2
Q17045,A2
Q17046,A2
Q17047,A2
Q17048,A2
Q17049,A2
Q17050,A0
Q17051,A2
Q17052,A1
Q17053,A2
Q17054,A1
Q17055,A1
Q17056,A2
Q17057,A2
Q17058,A2
Q17059,A1
Q17060,A1
Q17061,A2
Q17062,A2
Q17063,A2
Q17064,A2
Q17065,A2
Q17066,A0
Q17067,A2
Q17068,A2
Q17069,A2
Q17070,A0
Q17071,A1
Q17072,A1
Q17073,A2
Q17074,A1
Q17075,A1
Q17076,A1
Q17077,A1
Q17078,A2
Q17079,A0
Q17080,A2
Q17081,A0
Q17082,A2
Q17083,A1
Q17084,A0
Q17085,A2
Q17086,A2
Q17087,A1
Q17088,A2
Q17089,A2
Q17090,A1
Q17091,A1
Q17092,A1
Q17093,A1
Q17094,A2
Q17095,A2
Q17096,A2
Q17097,A2
Q17098,A0
Q17099,A2
Q17100,A2
Q17101,A2
Q17102,A2
Q17103,A2
Q17104,A2
Q17105,A2
Q17106,A0
Q17107,A2
Q17108,A1
Q17109,A2
Q17110,A2
Q17111,A2
Q17112,A2
Q17113,A0
Q17114,A2
Q17115,A2
Q17116,A2
Q17117,A2
Q17118,A2
Q17119,A2
Q17120,A1
Q17121,A2
Q17122,A2
Q17123,A2
Q17124,A1
Q17125,A2
Q17126,A1
Q17127,A2
Q17128,A2
Q17129,A2
Q17130,A2
Q17131,A0
Q17132,A2
Q17133,A2
Q17134,A2
Q17135,A2
Q17136,A2
Q17137,A1
Q17138,A2
Q17139,A2
Q17140,A2
Q17141,A2
Q17142,A1
Q17143,A2
Q17144,A2
Q17145,A1
Q17146,A0
Q17147,A2
Q17148,A2
Q17149,A0
Q17150,A2
Q17151,A1
Q17152,A2
Q17153,A0
Q17154,A2
Q17155,A0
Q17156,A1
Q17157,A2
Q17158,A0
Q17159,A2
Q17160,A0
Q17161,A0
Q17162,A2
Q17163,A2
Q17164,A2
Q17165,A1
Q17166,A2
Q17167,A2
Q17168,A2
Q17169,A2
Q17170,A2
Q17171,A2
Q17172,A2
Q17173,A2
Q17174,A1
Q17175,A1
Q17176,A2
Q17177,A2
Q17178,A1
Q17179,A2
Q17180,A2
Q17181,A2
Q17182,A2
Q17183,A2
Q17184,A2
Q17185,A2
Q17186,A1
Q17187,A2
Q17188,A2
Q17189,A0
Q17190,A2
Q17191,A2
Q17192,A2
Q17193,A2
Q17194,A2
Q17195,A2
Q17196,A2
Q17197,A1
Q17198,A2
Q17199,A2
Q17200,A1
Q17201,A2
Q17202,A2
Q17203,A2
Q17204,A2
Q17205,A1
Q17206,A2
Q17207,A0
Q17208,A2
Q17209,A1
Q17210,A2
Q17211,A1
Q17212,A2
Q17213,A1
Q17214,A0
Q17215,A2
Q17216,A1
Q17217,A2
Q17218,A2
Q17219,A2
Q17220,A2
Q17221,A2
Q17222,A2
Q17223,A2
Q17224,A2
Q17225,A1
Q17226,A2
Q17227,A1
Q17228,A2
Q17229,A2
Q17230,A1
Q17231,A2
Q17232,A0
Q17233,A2
Q17234,A2
Q17235,A2
Q17236,A1
Q17237,A2
Q17238,A2
Q17239,A1
Q17240,A2
Q17241,A0
Q17242,A1
Q17243,A2
Q17244,A2
Q17245,A2
Q17246,A1
Q17247,A2
Q17248,A2
Q17249,A2
Q17250,A1
Q17251,A0
Q17252,A2
Q17253,A1
Q17254,A1
Q17255,A2
Q17256,A2
Q17257,A2
Q17258,A2
Q17259,A2
Q17260,A2
Q17261,A2
Q17262,A1
Q17263,A1
Q17264,A2
Q17265,A1
Q17266,A2
Q17267,A2
Q17268,A2
Q17269,A2
Q17270,A2
Q17271,A2
Q17272,A1
Q17273,A0
Q17274,A0
Q17275,A1
Q17276,A2
Q17277,A2
Q17278,A1
Q17279,A1
Q17280,A2
Q17281,A1
Q17282,A2
Q17283,A2
Q17284,A1
Q17285,A1
Q17286,A2
Q17287,A1
Q17288,A1
Q17289,A1
Q17290,A1
Q17291,A0
Q17292,A2
Q17293,A1
Q17294,A2
Q17295,A2
Q17296,A0
Q17297,A2
Q17298,A2
Q17299,A2
Q17300,A2
Q17301,A2
Q17302,A2
Q17303,A1
Q17304,A2
Q17305,A1
Q17306,A2
Q17307,A2
Q17308,A2
Q17309,A2
Q17310,A2
Q17311,A1
Q17312,A2
Q17313,A1
Q17314,A2
Q17315,A2
Q17316,A2
Q17317,A2
Q17318,A2
Q17319,A2
Q17320,A2
Q17321,A1
Q17322,A2
Q17323,A1
Q17324,A1
Q17325,A2
Q17326,A0
Q17327,A2
Q17328,A1
Q17329,A2
Q17330,A1
Q17331,A1
Q17332,A1
Q17333,A2
Q17334,A1
Q17335,A1
Q17336,A2
Q17337,A0
Q17338,A2
Q17339,A0
Q17340,A1
Q17341,A2
Q17342,A2
Q17343,A2
Q17344,A2
Q17345,A1
Q17346,A0
Q17347,A0
Q17348,A2
Q17349,A2
Q17350,A2
Q17351,A1
Q17352,A2
Q17353,A2
Q17354,A2
Q17355,A2
Q17356,A2
Q17357,A2
Q17358,A2
Q17359,A2
Q17360,A2
Q17361,A1
Q17362,A2
Q17363,A2
Q17364,A2
Q17365,A0
Q17366,A2
Q17367,A2
Q17368,A2
Q17369,A1
Q17370,A2
Q17371,A1
Q17372,A2
Q17373,A2
Q17374,A2
Q17375,A2
Q17376,A1
Q17377,A2
Q17378,A1
Q17379,A2
Q17380,A1
Q17381,A2
Q17382,A1
Q17383,A0
Q17384,A2
Q17385,A2
Q17386,A2
Q17387,A2
Q17388,A2
Q17389,A1
Q17390,A1
Q17391,A2
Q17392,A2
Q17393,A2
Q17394,A2
Q17395,A1
Q17396,A1
Q17397,A1
Q17398,A2
Q17399,A2
Q17400,A2
Q17401,A1
Q17402,A1
Q17403,A2
Q17404,A2
Q17405,A1
Q17406,A2
Q17407,A2
Q17408,A2
Q17409,A2
Q17410,A1
Q17411,A2
Q17412,A1
Q17413,A2
Q17414,A1
Q17415,A2
Q17416,A0
Q17417,A1
Q17418,A2
Q17419,A2
Q17420,A2
Q17421,A2
Q17422,A1
Q17423,A1
Q17424,A2
Q17425,A2
Q17426,A1
Q17427,A2
Q17428,A2
Q17429,A2
Q17430,A1
Q17431,A1
Q17432,A1
Q17433,A0
Q17434,A2
Q17435,A2
Q17436,A2
Q17437,A2
Q17438,A2
Q17439,A1
Q17440,A2
Q17441,A2
Q17442,A0
Q17443,A2
Q17444,A0
Q17445,A1
Q17446,A2
Q17447,A1
Q17448,A2
Q17449,A2
Q17450,A2
Q17451,A2
Q17452,A2
Q17453,A2
Q17454,A1
Q17455,A2
Q17456,A2
Q17457,A2
Q17458,A1
Q17459,A0
Q17460,A2
Q17461,A1
Q17462,A2
Q17463,A2
Q17464,A2
Q17465,A2
Q17466,A2
Q17467,A0
Q17468,A2
Q17469,A2
Q17470,A2
Q17471,A2
Q17472,A2
Q17473,A1
Q17474,A1
Q17475,A0
Q17476,A2
Q17477,A2
Q17478,A2
Q17479,A1
Q17480,A2
Q17481,A2
Q17482,A2
Q17483,A1
Q17484,A2
Q17485,A2
Q17486,A2
Q17487,A2
Q17488,A2
Q17489,A2
Q17490,A2
Q17491,A1
Q17492,A2
Q17493,A1
Q17494,A2
Q17495,A2
Q17496,A2
Q17497,A2
Q17498,A2
Q17499,A0
Q17500,A1
Q17501,A2
Q17502,A1
Q17503,A2
Q17504,A2
Q17505,A2
Q17506,A2
Q17507,A2
Q17508,A2
Q17509,A2
Q17510,A1
Q17511,A1
Q17512,A2
Q17513,A2
Q17514,A2
Q17515,A2
Q17516,A2
Q17517,A1
Q17518,A2
Q17519,A2
Q17520,A2
Q17521,A2
Q17522,A1
Q17523,A0
Q17524,A2
Q17525,A0
Q17526,A1
Q17527,A2
Q17528,A2
Q17529,A2
Q17530,A1
Q17531,A2
Q17532,A1
Q17533,A1
Q17534,A0
Q17535,A1
Q17536,A2
Q17537,A0
Q17538,A2
Q17539,A2
Q17540,A2
Q17541,A2
Q17542,A2
Q17543,A2
Q17544,A2
Q17545,A2
Q17546,A2
Q17547,A0
Q17548,A1
Q17549,A2
Q17550,A2
Q17551,A2
Q17552,A1
Q17553,A2
Q17554,A2
Q17555,A2
Q17556,A2
Q17557,A2
Q17558,A2
Q17559,A0
Q17560,A2
Q17561,A2
Q17562,A1
Q17563,A2
Q17564,A2
Q17565,A1
Q17566,A2
Q17567,A1
Q17568,A2
Q17569,A2
Q17570,A2
Q17571,A2
Q17572,A2
Q17573,A2
Q17574,A1
Q17575,A1
Q17576,A0
Q17577,A2
Q17578,A2
Q17579,A0
Q17580,A2
Q17581,A2
Q17582,A2
Q17583,A0
Q17584,A2
Q17585,A2
Q17586,A0
Q17587,A2
Q17588,A1
Q17589,A2
Q17590,A1
Q17591,A1
Q17592,A2
Q17593,A1
Q17594,A2
Q17595,A0
Q17596,A2
Q17597,A1
Q17598,A2
Q17599,A0
Q17600,A2
Q17601,A1
Q17602,A2
Q17603,A2
Q17604,A1
Q17605,A2
Q17606,A0
Q17607,A1
Q17608,A2
Q17609,A2
Q17610,A2
Q17611,A1
Q17612,A2
Q17613,A1
Q17614,A2
Q17615,A0
Q17616,A2
Q17617,A0
Q17618,A2
Q17619,A2
Q17620,A1
Q17621,A2
Q17622,A1
Q17623,A0
Q17624,A2
Q17625,A2
Q17626,A1
Q17627,A2
Q17628,A1
Q17629,A2
Q17630,A2
Q17631,A2
Q17632,A0
Q17633,A2
Q17634,A2
Q17635,A2
Q17636,A2
Q17637,A1
Q17638,A0
Q17639,A2
Q17640,A0
Q17641,A2
Q17642,A1
Q17643,A2
Q17644,A1
Q17645,A2
Q17646,A2
Q17647,A2
Q17648,A2
Q17649,A1
Q17650,A0
Q17651,A0
Q17652,A2
Q17653,A1
Q17654,A2
Q17655,A2
Q17656,A1
Q17657,A2
Q17658,A2
Q17659,A2
Q17660,A1
Q17661,A2
Q17662,A2
Q17663,A1
Q17664,A2
Q17665,A1
Q17666,A2
Q17667,A1
Q17668,A0
Q17669,A1
Q17670,A1
Q17671,A2
Q17672,A0
Q17673,A2
Q17674,A1
Q17675,A2
Q17676,A1
Q17677,A2
Q17678,A2
Q17679,A2
Q17680,A2
Q17681,A2
Q17682,A2
Q17683,A1
Q17684,A2
Q17685,A1
Q17686,A2
Q17687,A1
Q17688,A2
Q17689,A2
Q17690,A2
Q17691,A2
Q17692,A1
Q17693,A2
Q17694,A2
Q17695,A2
Q17696,A2
Q17697,A2
Q17698,A2
Q17699,A2
Q17700,A2
Q17701,A0
Q17702,A2
Q17703,A2
Q17704,A1
Q17705,A0
Q17706,A1
Q17707,A2
Q17708,A2
Q17709,A2
Q17710,A2
Q17711,A1
Q17712,A2
Q17713,A2
Q17714,A2
Q17715,A2
Q17716,A2
Q17717,A1
Q17718,A2
Q17719,A2
Q17720,A2
Q17721,A2
Q17722,A2
Q17723,A2
Q17724,A1
Q17725,A2
Q17726,A2
Q17727,A1
Q17728,A2
Q17729,A2
Q17730,A2
Q17731,A2
Q17732,A2
Q17733,A2
Q17734,A2
Q17735,A1
Q17736,A1
Q17737,A2
Q17738,A2
Q17739,A2
Q17740,A0
Q17741,A2
Q17742,A2
Q17743,A2
Q17744,A2
Q17745,A1
Q17746,A2
Q17747,A2
Q17748,A2
Q17749,A2
Q17750,A2
Q17751,A2
Q17752,A0
Q17753,A2
Q17754,A2
Q17755,A0
Q17756,A2
Q17757,A2
Q17758,A1
Q17759,A2
Q17760,A2
Q17761,A2
Q17762,A2
Q17763,A2
Q17764,A2
Q17765,A2
Q17766,A0
Q17767,A2
Q17768,A2
Q17769,A2
Q17770,A2
Q17771,A1
Q17772,A2
Q17773,A1
Q17774,A2
Q17775,A0
Q17776,A2
Q17777,A2
Q17778,A2
Q17779,A1
Q17780,A2
Q17781,A2
Q17782,A1
Q17783,A2
Q17784,A2
Q17785,A2
Q17786,A2
Q17787,A0
Q17788,A2
Q17789,A1
Q17790,A2
Q17791,A1
Q17792,A2
Q17793,A1
Q17794,A2
Q17795,A0
Q17796,A2
Q17797,A2
Q17798,A2
Q17799,A0
Q17800,A1
Q17801,A2
Q17802,A2
Q17803,A0
Q17804,A2
Q17805,A2
Q17806,A2
Q17807,A1
Q17808,A1
Q17809,A1
Q17810,A2
Q17811,A2
Q17812,A2
Q17813,A1
Q17814,A2
Q17815,A2
Q17816,A2
Q17817,A2
Q17818,A1
Q17819,A2
Q17820,A1
Q17821,A1
Q17822,A2
Q17823,A2
Q17824,A2
Q17825,A1
Q17826,A2
Q17827,A2
Q17828,A1
Q17829,A1
Q17830,A2
Q17831,A2
Q17832,A1
Q17833,A1
Q17834,A2
Q17835,A2
Q17836,A0
Q17837,A2
Q17838,A2
Q17839,A2
Q17840,A1
Q17841,A2
Q17842,A0
Q17843,A0
Q17844,A2
Q17845,A1
Q17846,A1
Q17847,A2
Q17848,A0
Q17849,A2
Q17850,A1
Q17851,A2
Q17852,A2
Q17853,A2
Q17854,A2
Q17855,A1
Q17856,A1
Q17857,A1
Q17858,A2
Q17859,A0
Q17860,A1
Q17861,A2
Q17862,A2
Q17863,A1
Q17864,A1
Q17865,A2
Q17866,A2
Q17867,A2
Q17868,A2
Q17869,A2
Q17870,A1
Q17871,A2
Q17872,A2
Q17873,A1
Q17874,A2
Q17875,A1
Q17876,A1
Q17877,A0
Q17878,A1
Q17879,A2
Q17880,A2
Q17881,A1
Q17882,A2
Q17883,A2
Q17884,A2
Q17885,A2
Q17886,A1
Q17887,A2
Q17888,A2
Q17889,A0
Q17890,A2
Q17891,A2
Q17892,A2
Q17893,A2
Q17894,A2
Q17895,A2
Q17896,A2
Q17897,A2
Q17898,A2
Q17899,A2
Q17900,A2
Q17901,A2
Q17902,A2
Q17903,A2
Q17904,A2
Q17905,A2
Q17906,A2
Q17907,A2
Q17908,A2
Q17909,A1
Q17910,A2
Q17911,A1
Q17912,A2
Q17913,A2
Q17914,A2
Q17915,A0
Q17916,A2
Q17917,A2
Q17918,A0
Q17919,A0
Q17920,A2
Q17921,A1
Q17922,A2
Q17923,A2
Q17924,A0
Q17925,A2
Q17926,A2
Q17927,A2
Q17928,A1
Q17929,A2
Q17930,A2
Q17931,A2
Q17932,A2
Q17933,A2
Q17934,A1
Q17935,A2
Q17936,A2
Q17937,A2
Q17938,A1
Q17939,A1
Q17940,A0
Q17941,A1
Q17942,A2
Q17943,A2
Q17944,A2
Q17945,A1
Q17946,A2
Q17947,A1
Q17948,A1
Q17949,A2
Q17950,A2
Q17951,A2
Q17952,A0
Q17953,A2
Q17954,A1
Q17955,A2
Q17956,A1
Q17957,A2
Q17958,A0
Q17959,A2
Q17960,A0
Q17961,A0
Q17962,A2
Q17963,A0
Q17964,A2
Q17965,A2
Q17966,A2
Q17967,A2
Q17968,A2
Q17969,A2
Q17970,A0
Q17971,A2
Q17972,A2
Q17973,A2
Q17974,A0
Q17975,A1
Q17976,A2
Q17977,A0
Q17978,A2
Q17979,A2
Q17980,A2
Q17981,A2
Q17982,A0
Q17983,A0
Q17984,A2
Q17985,A2
Q17986,A1
Q17987,A0
Q17988,A2
Q17989,A2
Q17990,A2
Q17991,A2
Q17992,A2
Q17993,A0
Q17994,A2
Q17995,A2
Q17996,A0
Q17997,A1
Q17998,A2
Q17999,A2
Q18000,A2
Q18001,A2
Q18002,A0
Q18003,A0
Q18004,A2
Q18005,A1
Q18006,A2
Q18007,A2
Q18008,A2
Q18009,A2
Q18010,A1
Q18011,A2
Q18012,A0
Q18013,A1
Q18014,A1
Q18015,A2
Q18016,A2
Q18017,A2
Q18018,A2
Q18019,A2
Q18020,A0
Q18021,A2
Q18022,A1
Q18023,A2
Q18024,A2
Q18025,A1
Q18026,A2
Q18027,A2
Q18028,A2
Q18029,A2
Q18030,A1
Q18031,A2
Q18032,A2
Q18033,A2
Q18034,A2
Q18035,A2
Q18036,A2
Q18037,A1
Q18038,A2
Q18039,A2
Q18040,A2
Q18041,A2
Q18042,A1
Q18043,A2
Q18044,A1
Q18045,A2
Q18046,A0
Q18047,A2
Q18048,A2
Q18049,A2
Q18050,A2
Q18051,A2
Q18052,A2
Q18053,A2
Q18054,A1
Q18055,A1
Q18056,A2
Q18057,A0
Q18058,A2
Q18059,A2
Q18060,A2
Q18061,A2
Q18062,A1
Q18063,A2
Q18064,A2
Q18065,A1
Q18066,A2
Q18067,A2
Q18068,A1
Q18069,A2
Q18070,A2
Q18071,A0
Q18072,A0
Q18073,A2
Q18074,A0
Q18075,A2
Q18076,A1
Q18077,A1
Q18078,A1
Q18079,A2
Q18080,A2
Q18081,A2
Q18082,A1
Q18083,A1
Q18084,A2
Q18085,A2
Q18086,A2
Q18087,A1
Q18088,A2
Q18089,A2
Q18090,A2
Q18091,A0
Q18092,A2
Q18093,A2
Q18094,A2
Q18095,A0
Q18096,A0
Q18097,A2
Q18098,A0
Q18099,A0
Q18100,A2
Q18101,A1
Q18102,A2
Q18103,A2
Q18104,A2
Q18105,A2
Q18106,A2
Q18107,A2
Q18108,A2
Q18109,A1
Q18110,A1
Q18111,A2
Q18112,A1
Q18113,A2
Q18114,A2
Q18115,A1
Q18116,A1
Q18117,A1
Q18118,A2
Q18119,A0
Q18120,A0
Q18121,A2
Q18122,A2
Q18123,A2
Q18124,A2
Q18125,A0
Q18126,A2
Q18127,A2
Q18128,A0
Q18129,A1
Q18130,A2
Q18131,A1
Q18132,A2
Q18133,A2
Q18134,A2
Q18135,A2
Q18136,A1
Q18137,A2
Q18138,A2
Q18139,A2
Q18140,A2
Q18141,A2
Q18142,A2
Q18143,A1
Q18144,A2
Q18145,A2
Q18146,A2
Q18147,A2
Q18148,A1
Q18149,A1
Q18150,A2
Q18151,A2
Q18152,A2
Q18153,A1
Q18154,A2
Q18155,A2
Q18156,A2
Q18157,A0
Q18158,A2
Q18159,A2
Q18160,A1
Q18161,A2
Q18162,A0
Q18163,A2
Q18164,A2
Q18165,A2
Q18166,A1
Q18167,A2
Q18168,A0
Q18169,A2
Q18170,A2
Q18171,A2
Q18172,A2
Q18173,A2
Q18174,A0
Q18175,A2
Q18176,A2
Q18177,A2
Q18178,A2
Q18179,A2
Q18180,A2
Q18181,A2
Q18182,A2
Q18183,A2
Q18184,A0
Q18185,A2
Q18186,A2
Q18187,A2
Q18188,A2
Q18189,A2
Q18190,A2
Q18191,A2
Q18192,A0
Q18193,A2
Q18194,A2
Q18195,A0
Q18196,A1
Q18197,A1
Q18198,A2
Q18199,A2
Q18200,A2
Q18201,A2
Q18202,A2
Q18203,A2
Q18204,A2
Q18205,A1
Q18206,A2
Q18207,A0
Q18208,A2
Q18209,A1
Q18210,A2
Q18211,A2
Q18212,A2
Q18213,A2
Q18214,A2
Q18215,A2
Q18216,A2
Q18217,A2
Q18218,A2
Q18219,A2
Q18220,A1
Q18221,A1
Q18222,A1
Q18223,A2
Q18224,A2
Q18225,A2
Q18226,A2
Q18227,A2
Q18228,A2
Q18229,A1
Q18230,A1
Q18231,A0
Q18232,A2
Q18233,A2
Q18234,A2
Q18235,A2
Q18236,A2
Q18237,A2
Q18238,A2
Q18239,A2
Q18240,A2
Q18241,A2
Q18242,A2
Q18243,A2
Q18244,A1
Q18245,A1
Q18246,A2
Q18247,A2
Q18248,A2
Q18249,A2
Q18250,A2
Q18251,A2
Q18252,A2
Q18253,A2
Q18254,A2
Q18255,A2
Q18256,A1
Q18257,A1
Q18258,A2
Q18259,A1
Q18260,A2
Q18261,A1
Q18262,A1
Q18263,A2
Q18264,A2
Q18265,A2
Q18266,A0
Q18267,A1
Q18268,A2
Q18269,A2
Q18270,A1
Q18271,A0
Q18272,A2
Q18273,A0
Q18274,A1
Q18275,A2
Q18276,A2
Q18277,A2
Q18278,A2
Q18279,A1
Q18280,A2
Q18281,A2
Q18282,A2
Q18283,A1
Q18284,A0
Q18285,A2
Q18286,A2
Q18287,A2
Q18288,A2
Q18289,A2
Q18290,A2
Q18291,A2
Q18292,A2
Q18293,A2
Q18294,A2
Q18295,A2
Q18296,A2
Q18297,A2
Q18298,A2
Q18299,A2
Q18300,A1
Q18301,A2
Q18302,A1
Q18303,A2
Q18304,A0
Q18305,A1
Q18306,A2
Q18307,A2
Q18308,A2
Q18309,A2
Q18310,A1
Q18311,A1
Q18312,A1
Q18313,A0
Q18314,A2
Q18315,A2
Q18316,A1
Q18317,A1
Q18318,A2
Q18319,A2
Q18320,A1
Q18321,A2
Q18322,A2
Q18323,A1
Q18324,A2
Q18325,A2
Q18326,A2
Q18327,A2
Q18328,A2
Q18329,A2
Q18330,A2
Q18331,A2
Q18332,A2
Q18333,A2
Q18334,A2
Q18335,A2
Q18336,A2
Q18337,A2
Q18338,A2
Q18339,A2
Q18340,A1
Q18341,A2
Q18342,A1
Q18343,A1
Q18344,A2
Q18345,A0
Q18346,A0
Q18347,A2
Q18348,A0
Q18349,A2
Q18350,A2
Q18351,A2
Q18352,A2
Q18353,A2
Q18354,A2
Q18355,A1
Q18356,A2
Q18357,A2
Q18358,A2
Q18359,A1
Q18360,A1
Q18361,A2
Q18362,A2
Q18363,A2
Q18364,A1
Q18365,A2
Q18366,A0
Q18367,A2
Q18368,A2
Q18369,A1
Q18370,A2
Q18371,A2
Q18372,A2
Q18373,A1
Q18374,A2
Q18375,A1
Q18376,A2
Q18377,A2
Q18378,A2
Q18379,A2
Q18380,A1
Q18381,A0
Q18382,A0
Q18383,A1
Q18384,A1
Q18385,A0
Q18386,A2
Q18387,A2
Q18388,A2
Q18389,A2
Q18390,A2
Q18391,A2
Q18392,A2
Q18393,A1
Q18394,A1
Q18395,A1
Q18396,A0
Q18397,A2
Q18398,A2
Q18399,A1
Q18400,A2
Q18401,A1
Q18402,A2
Q18403,A2
Q18404,A1
Q18405,A2
Q18406,A0
Q18407,A2
Q18408,A2
Q18409,A2
Q18410,A2
Q18411,A1
Q18412,A2
Q18413,A2
Q18414,A2
Q18415,A2
Q18416,A2
Q18417,A1
Q18418,A2
Q18419,A2
Q18420,A2
Q18421,A1
Q18422,A2
Q18423,A2
Q18424,A1
Q18425,A2
Q18426,A2
Q18427,A0
Q18428,A2
Q18429,A2
Q18430,A2
Q18431,A1
Q18432,A2
Q18433,A0
Q18434,A2
Q18435,A2
Q18436,A2
Q18437,A2
Q18438,A1
Q18439,A1
Q18440,A0
Q18441,A2
Q18442,A1
Q18443,A2
Q18444,A2
Q18445,A1
Q18446,A1
Q18447,A2
Q18448,A2
Q18449,A2
Q18450,A2
Q18451,A2
Q18452,A2
Q18453,A1
Q18454,A1
Q18455,A2
Q18456,A0
Q18457,A2
Q18458,A2
Q18459,A0
Q18460,A2
Q18461,A1
Q18462,A1
Q18463,A2
Q18464,A2
Q18465,A1
Q18466,A1
Q18467,A2
Q18468,A2
Q18469,A2
Q18470,A2
Q18471,A1
Q18472,A2
Q18473,A2
Q18474,A2
Q18475,A2
Q18476,A1
Q18477,A2
Q18478,A2
Q18479,A1
Q18480,A2
Q18481,A1
Q18482,A1
Q18483,A2
Q18484,A2
Q18485,A2
Q18486,A1
Q18487,A2
Q18488,A2
Q18489,A2
Q18490,A2
Q18491,A2
Q18492,A2
Q18493,A2
Q18494,A0
Q18495,A2
Q18496,A1
Q18497,A2
Q18498,A2
Q18499,A2
Q18500,A2
Q18501,A2
Q18502,A0
Q18503,A2
Q18504,A2
Q18505,A1
Q18506,A2
Q18507,A2
Q18508,A2
Q18509,A2
Q18510,A2
Q18511,A2
Q18512,A2
Q18513,A2
Q18514,A2
Q18515,A2
Q18516,A1
Q18517,A2
Q18518,A2
Q18519,A2
Q18520,A0
Q18521,A0
Q18522,A0
Q18523,A2
Q18524,A0
Q18525,A2
Q18526,A2
Q18527,A1
Q18528,A2
Q18529,A1
Q18530,A1
Q18531,A2
Q18532,A2
Q18533,A2
Q18534,A2
Q18535,A2
Q18536,A2
Q18537,A2
Q18538,A2
Q18539,A2
Q18540,A1
Q18541,A0
Q18542,A1
Q18543,A0
Q18544,A1
Q18545,A0
Q18546,A2
Q18547,A2
Q18548,A2
Q18549,A2
Q18550,A2
Q18551,A2
Q18552,A2
Q18553,A2
Q18554,A2
Q18555,A1
Q18556,A1
Q18557,A2
Q18558,A0
Q18559,A2
Q18560,A2
Q18561,A2
Q18562,A2
Q18563,A2
Q18564,A2
Q18565,A0
Q18566,A2
Q18567,A2
Q18568,A2
Q18569,A1
Q18570,A1
Q18571,A2
Q18572,A2
Q18573,A0
Q18574,A2
Q18575,A2
Q18576,A1
Q18577,A2
Q18578,A2
Q18579,A1
Q18580,A2
Q18581,A0
Q18582,A2
Q18583,A2
Q18584,A1
Q18585,A2
Q18586,A0
Q18587,A2
Q18588,A2
Q18589,A1
Q18590,A1
Q18591,A0
Q18592,A2
Q18593,A2
Q18594,A1
Q18595,A2
Q18596,A0
Q18597,A2
Q18598,A2
Q18599,A1
Q18600,A1
Q18601,A0
Q18602,A0
Q18603,A2
Q18604,A2
Q18605,A0
Q18606,A1
Q18607,A2
Q18608,A2
Q18609,A2
Q18610,A2
Q18611,A1
Q18612,A2
Q18613,A2
Q18614,A1
Q18615,A1
Q18616,A1
Q18617,A2
Q18618,A2
Q18619,A1
Q18620,A2
Q18621,A2
Q18622,A1
Q18623,A0
Q18624,A2
Q18625,A1
Q18626,A1
Q18627,A2
Q18628,A2
Q18629,A0
Q18630,A2
Q18631,A1
Q18632,A2
Q18633,A0
Q18634,A2
Q18635,A2
Q18636,A2
Q18637,A2
Q18638,A2
Q18639,A2
Q18640,A1
Q18641,A1
Q18642,A2
Q18643,A1
Q18644,A2
Q18645,A1
Q18646,A2
Q18647,A2
Q18648,A2
Q18649,A2
Q18650,A2
Q18651,A2
Q18652,A1
Q18653,A2
Q18654,A1
Q18655,A2
Q18656,A0
Q18657,A2
Q18658,A2
Q18659,A1
Q18660,A1
Q18661,A2
Q18662,A2
Q18663,A0
Q18664,A0
Q18665,A1
Q18666,A2
Q18667,A2
Q18668,A1
Q18669,A2
Q18670,A2
Q18671,A1
Q18672,A2
Q18673,A2
Q18674,A2
Q18675,A1
Q18676,A2
Q18677,A2
Q18678,A1
Q18679,A1
Q18680,A2
Q18681,A2
Q18682,A2
Q18683,A0
Q18684,A1
Q18685,A1
Q18686,A2
Q18687,A0
Q18688,A2
Q18689,A1
Q18690,A1
Q18691,A2
Q18692,A2
Q18693,A0
Q18694,A2
Q18695,A2
Q18696,A2
Q18697,A2
Q18698,A2
Q18699,A2
Q18700,A2
Q18701,A2
Q18702,A2
Q18703,A2
Q18704,A1
Q18705,A2
Q18706,A2
Q18707,A2
Q18708,A1
Q18709,A0
Q18710,A2
Q18711,A2
Q18712,A2
Q18713,A2
Q18714,A2
Q18715,A1
Q18716,A2
Q18717,A2
Q18718,A1
Q18719,A2
Q18720,A2
Q18721,A1
Q18722,A1
Q18723,A2
Q18724,A2
Q18725,A1
Q18726,A1
Q18727,A2
Q18728,A2
Q18729,A2
Q18730,A2
Q18731,A2
Q18732,A2
Q18733,A2
Q18734,A2
Q18735,A1
Q18736,A2
Q18737,A2
Q18738,A2
Q18739,A1
Q18740,A1
Q18741,A0
Q18742,A1
Q18743,A0
Q18744,A1
Q18745,A0
Q18746,A2
Q18747,A2
Q18748,A1
Q18749,A2
Q18750,A2
Q18751,A0
Q18752,A2
Q18753,A2
Q18754,A2
Q18755,A1
Q18756,A2
Q18757,A2
Q18758,A1
Q18759,A1
Q18760,A2
Q18761,A2
Q18762,A1
Q18763,A2
Q18764,A2
Q18765,A2
Q18766,A2
Q18767,A2
Q18768,A2
Q18769,A1
Q18770,A2
Q18771,A2
Q18772,A2
Q18773,A2
Q18774,A2
Q18775,A2
Q18776,A2
Q18777,A2
Q18778,A2
Q18779,A1
Q18780,A2
Q18781,A2
Q18782,A2
Q18783,A2
Q18784,A2
Q18785,A0
Q18786,A2
Q18787,A2
Q18788,A0
Q18789,A1
Q18790,A2
Q18791,A2
Q18792,A0
Q18793,A2
Q18794,A2
Q18795,A2
Q18796,A1
Q18797,A2
Q18798,A2
Q18799,A2
Q18800,A1
Q18801,A2
Q18802,A2
Q18803,A2
Q18804,A2
Q18805,A2
Q18806,A2
Q18807,A1
Q18808,A0
Q18809,A2
Q18810,A1
Q18811,A2
Q18812,A1
Q18813,A2
Q18814,A2
Q18815,A1
Q18816,A2
Q18817,A2
Q18818,A2
Q18819,A2
Q18820,A2
Q18821,A2
Q18822,A1
Q18823,A2
Q18824,A2
Q18825,A0
Q18826,A2
Q18827,A2
Q18828,A2
Q18829,A1
Q18830,A0
Q18831,A2
Q18832,A1
Q18833,A2
Q18834,A2
Q18835,A2
Q18836,A1
Q18837,A2
Q18838,A2
Q18839,A1
Q18840,A2
Q18841,A2
Q18842,A1
Q18843,A2
Q18844,A2
Q18845,A2
Q18846,A0
Q18847,A2
Q18848,A2
Q18849,A2
Q18850,A2
Q18851,A1
Q18852,A2
Q18853,A1
Q18854,A1
Q18855,A1
Q18856,A2
Q18857,A2
Q18858,A2
Q18859,A2
Q18860,A1
Q18861,A1
Q18862,A2
Q18863,A2
Q18864,A2
Q18865,A1
Q18866,A0
Q18867,A2
Q18868,A2
Q18869,A1
Q18870,A2
Q18871,A2
Q18872,A2
Q18873,A0
Q18874,A1
Q18875,A2
Q18876,A2
Q18877,A2
Q18878,A1
Q18879,A2
Q18880,A0
Q18881,A2
Q18882,A2
Q18883,A1
Q18884,A0
Q18885,A2
Q18886,A2
Q18887,A2
Q18888,A1
Q18889,A2
Q18890,A1
Q18891,A0
Q18892,A2
Q18893,A2
Q18894,A2
Q18895,A2
Q18896,A2
Q18897,A1
Q18898,A2
Q18899,A1
Q18900,A2
Q18901,A2
Q18902,A2
Q18903,A2
Q18904,A2
Q18905,A2
Q18906,A2
Q18907,A2
Q18908,A1
Q18909,A1
Q18910,A1
Q18911,A2
Q18912,A2
Q18913,A2
Q18914,A2
Q18915,A2
Q18916,A2
Q18917,A1
Q18918,A2
Q18919,A1
Q18920,A1
Q18921,A1
Q18922,A2
Q18923,A2
Q18924,A1
Q18925,A2
Q18926,A1
Q18927,A2
Q18928,A2
Q18929,A1
Q18930,A1
Q18931,A2
Q18932,A1
Q18933,A1
Q18934,A1
Q18935,A1
Q18936,A2
Q18937,A1
Q18938,A2
Q18939,A2
Q18940,A2
Q18941,A2
Q18942,A2
Q18943,A2
Q18944,A2
Q18945,A2
Q18946,A2
Q18947,A1
Q18948,A2
Q18949,A0
Q18950,A1
Q18951,A1
Q18952,A0
Q18953,A2
Q18954,A2
Q18955,A2
Q18956,A0
Q18957,A2
Q18958,A1
Q18959,A2
Q18960,A2
Q18961,A0
Q18962,A2
Q18963,A2
Q18964,A1
Q18965,A2
Q18966,A1
Q18967,A0
Q18968,A2
Q18969,A2
Q18970,A2
Q18971,A0
Q18972,A0
Q18973,A2
Q18974,A2
Q18975,A1
Q18976,A1
Q18977,A2
Q18978,A1
Q18979,A2
Q18980,A1
Q18981,A2
Q18982,A2
Q18983,A1
Q18984,A2
Q18985,A2
Q18986,A2
Q18987,A0
Q18988,A2
Q18989,A2
Q18990,A1
Q18991,A2
Q18992,A1
Q18993,A1
Q18994,A1
Q18995,A2
Q18996,A2
Q18997,A2
Q18998,A1
Q18999,A2
Q19000,A0
Q19001,A2
Q19002,A2
Q19003,A2
Q19004,A2
Q19005,A1
Q19006,A1
Q19007,A2
Q19008,A1
Q19009,A2
Q19010,A2
Q19011,A2
Q19012,A2
Q19013,A1
Q19014,A2
Q19015,A2
Q19016,A0
Q19017,A2
Q19018,A1
Q19019,A2
Q19020,A0
Q19021,A1
Q19022,A2
Q19023,A0
Q19024,A2
Q19025,A2
Q19026,A2
Q19027,A2
Q19028,A2
Q19029,A2
Q19030,A2
Q19031,A2
Q19032,A1
Q19033,A2
Q19034,A2
Q19035,A2
Q19036,A2
Q19037,A0
Q19038,A2
Q19039,A2
Q19040,A1
Q19041,A1
Q19042,A2
Q19043,A1
Q19044,A2
Q19045,A2
Q19046,A2
Q19047,A2
Q19048,A2
Q19049,A1
Q19050,A2
Q19051,A1
Q19052,A1
Q19053,A1
Q19054,A1
Q19055,A2
Q19056,A2
Q19057,A1
Q19058,A2
Q19059,A2
Q19060,A1
Q19061,A2
Q19062,A2
Q19063,A2
Q19064,A2
Q19065,A1
Q19066,A2
Q19067,A1
Q19068,A0
Q19069,A2
Q19070,A2
Q19071,A2
Q19072,A2
Q19073,A2
Q19074,A1
Q19075,A2
Q19076,A2
Q19077,A2
Q19078,A1
Q19079,A2
Q19080,A2
Q19081,A0
Q19082,A2
Q19083,A2
Q19084,A2
Q19085,A1
Q19086,A1
Q19087,A2
Q19088,A2
Q19089,A2
Q19090,A0
Q19091,A2
Q19092,A2
Q19093,A2
Q19094,A2
Q19095,A2
Q19096,A2
Q19097,A1
Q19098,A0
Q19099,A2
Q19100,A2
Q19101,A2
Q19102,A2
Q19103,A2
Q19104,A2
Q19105,A1
Q19106,A2
Q19107,A2
Q19108,A2
Q19109,A2
Q19110,A2
Q19111,A2
Q19112,A2
Q19113,A2
Q19114,A2
Q19115,A2
Q19116,A2
Q19117,A1
Q19118,A2
Q19119,A0
Q19120,A1
Q19121,A1
Q19122,A0
Q19123,A1
Q19124,A2
Q19125,A2
Q19126,A2
Q19127,A2
Q19128,A2
Q19129,A2
Q19130,A2
Q19131,A2
Q19132,A2
Q19133,A1
Q19134,A0
Q19135,A2
Q19136,A0
Q19137,A1
Q19138,A1
Q19139,A2
Q19140,A2
Q19141,A2
Q19142,A2
Q19143,A2
Q19144,A1
Q19145,A2
Q19146,A2
Q19147,A2
Q19148,A2
Q19149,A1
Q19150,A1
Q19151,A2
Q19152,A1
Q19153,A2
Q19154,A0
Q19155,A2
Q19156,A2
Q19157,A2
Q19158,A1
Q19159,A2
Q19160,A1
Q19161,A2
Q19162,A2
Q19163,A2
Q19164,A2
Q19165,A1
Q19166,A2
Q19167,A2
Q19168,A2
Q19169,A2
Q19170,A2
Q19171,A2
Q19172,A2
Q19173,A1
Q19174,A2
Q19175,A2
Q19176,A0
Q19177,A2
Q19178,A1
Q19179,A2
Q19180,A2
Q19181,A1
Q19182,A2
Q19183,A2
Q19184,A2
Q19185,A2
Q19186,A2
Q19187,A1
Q19188,A2
Q19189,A0
Q19190,A0
Q19191,A2
Q19192,A1
Q19193,A2
Q19194,A2
Q19195,A2
Q19196,A2
Q19197,A2
Q19198,A2
Q19199,A1
Q19200,A0
Q19201,A2
Q19202,A0
Q19203,A2
Q19204,A2
Q19205,A2
Q19206,A2
Q19207,A2
Q19208,A2
Q19209,A2
Q19210,A2
Q19211,A2
Q19212,A1
Q19213,A1
Q19214,A0
Q19215,A0
Q19216,A2
Q19217,A1
Q19218,A2
Q19219,A2
Q19220,A2
Q19221,A2
Q19222,A2
Q19223,A0
Q19224,A2
Q19225,A2
Q19226,A2
Q19227,A2
Q19228,A2
Q19229,A2
Q19230,A2
Q19231,A2
Q19232,A0
Q19233,A2
Q19234,A1
Q19235,A2
Q19236,A2
Q19237,A2
Q19238,A2
Q19239,A2
Q19240,A2
Q19241,A2
Q19242,A2
Q19243,A2
Q19244,A2
Q19245,A2
Q19246,A2
Q19247,A2
Q19248,A1
Q19249,A0
Q19250,A2
Q19251,A0
Q19252,A2
Q19253,A0
Q19254,A2
Q19255,A2
Q19256,A1
Q19257,A1
Q19258,A2
Q19259,A0
Q19260,A1
Q19261,A2
Q19262,A2
Q19263,A1
Q19264,A2
Q19265,A2
Q19266,A0
Q19267,A2
Q19268,A1
Q19269,A1
Q19270,A2
Q19271,A1
Q19272,A2
Q19273,A2
Q19274,A1
Q19275,A2
Q19276,A2
Q19277,A2
Q19278,A2
Q19279,A1
Q19280,A1
Q19281,A2
Q19282,A1
Q19283,A2
Q19284,A2
Q19285,A2
Q19286,A0
Q19287,A2
Q19288,A2
Q19289,A2
Q19290,A1
Q19291,A1
Q19292,A2
Q19293,A2
Q19294,A2
Q19295,A2
Q19296,A0
Q19297,A2
Q19298,A2
Q19299,A0
Q19300,A2
Q19301,A1
Q19302,A1
Q19303,A2
Q19304,A2
Q19305,A0
Q19306,A2
Q19307,A2
Q19308,A2
Q19309,A2
Q19310,A0
Q19311,A1
Q19312,A2
Q19313,A0
Q19314,A2
Q19315,A2
Q19316,A2
Q19317,A2
Q19318,A1
Q19319,A2
Q19320,A1
Q19321,A1
Q19322,A2
Q19323,A0
Q19324,A2
Q19325,A1
Q19326,A1
Q19327,A1
Q19328,A1
Q19329,A2
Q19330,A1
Q19331,A2
Q19332,A1
Q19333,A1
Q19334,A2
Q19335,A2
Q19336,A2
Q19337,A0
Q19338,A2
Q19339,A1
Q19340,A1
Q19341,A2
Q19342,A2
Q19343,A2
Q19344,A2
Q19345,A2
Q19346,A2
Q19347,A1
Q19348,A2
Q19349,A2
Q19350,A1
Q19351,A2
Q19352,A2
Q19353,A1
Q19354,A2
Q19355,A2
Q19356,A0
Q19357,A0
Q19358,A2
Q19359,A2
Q19360,A1
Q19361,A2
Q19362,A2
Q19363,A2
Q19364,A2
Q19365,A2
Q19366,A2
Q19367,A2
Q19368,A2
Q19369,A1
Q19370,A2
Q19371,A2
Q19372,A2
Q19373,A2
Q19374,A2
Q19375,A2
Q19376,A2
Q19377,A1
Q19378,A2
Q19379,A0
Q19380,A1
Q19381,A2
Q19382,A1
Q19383,A1
Q19384,A2
Q19385,A1
Q19386,A2
Q19387,A2
Q19388,A1
Q19389,A1
Q19390,A2
Q19391,A2
Q19392,A2
Q19393,A2
Q19394,A2
Q19395,A1
Q19396,A0
Q19397,A2
Q19398,A2
Q19399,A2
Q19400,A0
Q19401,A2
Q19402,A1
Q19403,A1
Q19404,A2
Q19405,A1
Q19406,A0
Q19407,A2
Q19408,A0
Q19409,A2
Q19410,A0
Q19411,A2
Q19412,A1
Q19413,A2
Q19414,A2
Q19415,A1
Q19416,A1
Q19417,A2
Q19418,A2
Q19419,A2
Q19420,A1
Q19421,A0
Q19422,A2
Q19423,A2
Q19424,A2
Q19425,A1
Q19426,A2
Q19427,A2
Q19428,A2
Q19429,A0
Q19430,A1
Q19431,A2
Q19432,A2
Q19433,A0
Q19434,A2
Q19435,A0
Q19436,A2
Q19437,A1
Q19438,A2
Q19439,A2
Q19440,A0
Q19441,A2
Q19442,A2
Q19443,A2
Q19444,A2
Q19445,A2
Q19446,A0
Q19447,A2
Q19448,A2
Q19449,A2
Q19450,A1
Q19451,A0
Q19452,A2
Q19453,A2
Q19454,A2
Q19455,A2
