Q0,A2
Q1,A2
Q2,A2
Q3,A2
Q4,A2
Q5,A2
Q6,A2
Q7,A2
Q8,A2
Q9,A2
Q10,A2
Q11,A2
Q12,A2
Q13,A2
Q14,A2
Q15,A2
Q16,A2
Q17,A2
Q18,A2
Q19,A2
Q20,A2
Q21,A2
Q22,A2
Q23,A2
Q24,A2
Q25,A2
Q26,A2
Q27,A2
Q28,A2
Q29,A2
Q30,A2
Q31,A2
Q32,A2
Q33,A2
Q34,A2
Q35,A2
Q36,A2
Q37,A2
Q38,A2
Q39,A2
Q40,A2
Q41,A2
Q42,A2
Q43,A2
Q44,A2
Q45,A2
Q46,A2
Q47,A2
Q48,A2
Q49,A2
Q50,A2
Q51,A2
Q52,A2
Q53,A2
Q54,A2
Q55,A2
Q56,A2
Q57,A2
Q58,A2
Q59,A2
Q60,A2
Q61,A2
Q62,A2
Q63,A2
Q64,A2
Q65,A2
Q66,A2
Q67,A2
Q68,A2
Q69,A2
Q70,A2
Q71,A2
Q72,A2
Q73,A2
Q74,A2
Q75,A2
Q76,A2
Q77,A2
Q78,A2
Q79,A2
Q80,A2
Q81,A2
Q82,A2
Q83,A2
Q84,A2
Q85,A2
Q86,A2
Q87,A2
Q88,A2
Q89,A2
Q90,A2
Q91,A2
Q92,A2
Q93,A2
Q94,A2
Q95,A2
Q96,A2
Q97,A2
Q98,A2
Q99,A2
Q100,A2
Q101,A2
Q102,A2
Q103,A2
Q104,A2
Q105,A2
Q106,A2
Q107,A2
Q108,A2
Q109,A2
Q110,A2
Q111,A2
Q112,A2
Q113,A2
Q114,A2
Q115,A2
Q116,A2
Q117,A2
Q118,A2
Q119,A2
Q120,A2
Q121,A2
Q122,A2
Q123,A2
Q124,A2
Q125,A2
Q126,A2
Q127,A2
Q128,A2
Q129,A2
Q130,A2
Q131,A2
Q132,A2
Q133,A2
Q134,A2
Q135,A2
Q136,A2
Q137,A2
Q138,A2
Q139,A2
Q140,A2
Q141,A2
Q142,A2
Q143,A2
Q144,A2
Q145,A2
Q146,A2
Q147,A2
Q148,A2
Q149,A2
Q150,A2
Q151,A2
Q152,A2
Q153,A2
Q154,A2
Q155,A2
Q156,A2
Q157,A2
Q158,A2
Q159,A2
Q160,A2
Q161,A2
Q162,A2
Q163,A2
Q164,A2
Q165,A2
Q166,A2
Q167,A2
Q168,A2
Q169,A2
Q170,A2
Q171,A2
Q172,A2
Q173,A2
Q174,A2
Q175,A2
Q176,A2
Q177,A2
Q178,A2
Q179,A2
Q180,A2
Q181,A2
Q182,A2
Q183,A2
Q184,A2
Q185,A2
Q186,A2
Q187,A2
Q188,A2
Q189,A2
Q190,A2
Q191,A2
Q192,A2
Q193,A2
Q194,A2
Q195,A2
Q196,A2
Q197,A2
Q198,A2
Q199,A2
Q200,A2
Q201,A2
Q202,A2
Q203,A2
Q204,A2
Q205,A2
Q206,A2
Q207,A2
Q208,A2
Q209,A2
Q210,A2
Q211,A2
Q212,A2
Q213,A2
Q214,A2
Q215,A2
Q216,A2
Q217,A2
Q218,A2
Q219,A2
Q220,A2
Q221,A2
Q222,A2
Q223,A2
Q224,A2
Q225,A2
Q226,A2
Q227,A2
Q228,A2
Q229,A2
Q230,A2
Q231,A2
Q232,A2
Q233,A2
Q234,A2
Q235,A2
Q236,A2
Q237,A2
Q238,A2
Q239,A2
Q240,A2
Q241,A2
Q242,A2
Q243,A2
Q244,A2
Q245,A2
Q246,A2
Q247,A2
Q248,A2
Q249,A2
Q250,A2
Q251,A2
Q252,A2
Q253,A2
Q254,A2
Q255,A2
Q256,A2
Q257,A2
Q258,A2
Q259,A2
Q260,A2
Q261,A2
Q262,A2
Q263,A2
Q264,A2
Q265,A2
Q266,A2
Q267,A2
Q268,A2
Q269,A2
Q270,A2
Q271,A2
Q272,A2
Q273,A2
Q274,A2
Q275,A2
Q276,A2
Q277,A2
Q278,A2
Q279,A2
Q280,A2
Q281,A2
Q282,A2
Q283,A2
Q284,A2
Q285,A2
Q286,A2
Q287,A2
Q288,A2
Q289,A2
Q290,A2
Q291,A2
Q292,A2
Q293,A2
Q294,A2
Q295,A2
Q296,A2
Q297,A2
Q298,A2
Q299,A2
Q300,A2
Q301,A2
Q302,A2
Q303,A2
Q304,A2
Q305,A2
Q306,A2
Q307,A2
Q308,A2
Q309,A2
Q310,A2
Q311,A2
Q312,A2
Q313,A2
Q314,A2
Q315,A2
Q316,A2
Q317,A2
Q318,A2
Q319,A2
Q320,A2
Q321,A2
Q322,A2
Q323,A2
Q324,A2
Q325,A2
Q326,A2
Q327,A2
Q328,A2
Q329,A2
Q330,A2
Q331,A2
Q332,A2
Q333,A2
Q334,A2
Q335,A2
Q336,A2
Q337,A2
Q338,A2
Q339,A2
Q340,A2
Q341,A2
Q342,A2
Q343,A2
Q344,A2
Q345,A2
Q346,A2
Q347,A2
Q348,A2
Q349,A2
Q350,A2
Q351,A2
Q352,A2
Q353,A2
Q354,A2
Q355,A2
Q356,A2
Q357,A2
Q358,A2
Q359,A2
Q360,A2
Q361,A2
Q362,A2
Q363,A2
Q364,A2
Q365,A2
Q366,A2
Q367,A2
Q368,A2
Q369,A2
Q370,A2
Q371,A2
Q372,A2
Q373,A2
Q374,A2
Q375,A2
Q376,A2
Q377,A2
Q378,A2
Q379,A2
Q380,A2
Q381,A2
Q382,A2
Q383,A2
Q384,A2
Q385,A2
Q386,A2
Q387,A2
Q388,A2
Q389,A2
Q390,A2
Q391,A2
Q392,A2
Q393,A2
Q394,A2
Q395,A2
Q396,A2
Q397,A2
Q398,A2
Q399,A2
Q400,A2
Q401,A2
Q402,A2
Q403,A2
Q404,A2
Q405,A2
Q406,A2
Q407,A2
Q408,A2
Q409,A2
Q410,A2
Q411,A2
Q412,A2
Q413,A2
Q414,A2
Q415,A2
Q416,A2
Q417,A2
Q418,A2
Q419,A2
Q420,A2
Q421,A2
Q422,A2
Q423,A2
Q424,A2
Q425,A2
Q426,A2
Q427,A2
Q428,A2
Q429,A2
Q430,A2
Q431,A2
Q432,A2
Q433,A2
Q434,A2
Q435,A2
Q436,A2
Q437,A2
Q438,A2
Q439,A2
Q440,A2
Q441,A2
Q442,A2
Q443,A2
Q444,A2
Q445,A2
Q446,A2
Q447,A2
Q448,A2
Q449,A2
Q450,A2
Q451,A2
Q452,A2
Q453,A2
Q454,A2
Q455,A2
Q456,A2
Q457,A2
Q458,A2
Q459,A2
Q460,A2
Q461,A2
Q462,A2
Q463,A2
Q464,A2
Q465,A2
Q466,A2
Q467,A2
Q468,A2
Q469,A2
Q470,A2
Q471,A2
Q472,A2
Q473,A2
Q474,A2
Q475,A2
Q476,A2
Q477,A2
Q478,A2
Q479,A2
Q480,A2
Q481,A2
Q482,A2
Q483,A2
Q484,A2
Q485,A2
Q486,A2
Q487,A2
Q488,A2
Q489,A2
Q490,A2
Q491,A2
Q492,A2
Q493,A2
Q494,A2
Q495,A2
Q496,A2
Q497,A2
Q498,A2
Q499,A2
Q500,A2
Q501,A2
Q502,A2
Q503,A2
Q504,A2
Q505,A2
Q506,A2
Q507,A2
Q508,A2
Q509,A2
Q510,A2
Q511,A2
Q512,A2
Q513,A2
Q514,A2
Q515,A2
Q516,A2
Q517,A2
Q518,A2
Q519,A2
Q520,A2
Q521,A2
Q522,A2
Q523,A2
Q524,A2
Q525,A2
Q526,A2
Q527,A2
Q528,A2
Q529,A2
Q530,A2
Q531,A2
Q532,A2
Q533,A2
Q534,A2
Q535,A2
Q536,A2
Q537,A2
Q538,A2
Q539,A2
Q540,A2
Q541,A2
Q542,A2
Q543,A2
Q544,A2
Q545,A2
Q546,A2
Q547,A2
Q548,A2
Q549,A2
Q550,A2
Q551,A2
Q552,A2
Q553,A2
Q554,A2
Q555,A2
Q556,A2
Q557,A2
Q558,A2
Q559,A2
Q560,A2
Q561,A2
Q562,A2
Q563,A2
Q564,A2
Q565,A2
Q566,A2
Q567,A2
Q568,A2
Q569,A2
Q570,A2
Q571,A2
Q572,A2
Q573,A2
Q574,A2
Q575,A2
Q576,A2
Q577,A2
Q578,A2
Q579,A2
Q580,A2
Q581,A2
Q582,A2
Q583,A2
Q584,A2
Q585,A2
Q586,A2
Q587,A2
Q588,A2
Q589,A2
Q590,A2
Q591,A2
Q592,A2
Q593,A2
Q594,A2
Q595,A2
Q596,A2
Q597,A2
Q598,A2
Q599,A2
Q600,A2
Q601,A2
Q602,A2
Q603,A2
Q604,A2
Q605,A2
Q606,A2
Q607,A2
Q608,A2
Q609,A2
Q610,A2
Q611,A2
Q612,A2
Q613,A2
Q614,A2
Q615,A2
Q616,A2
Q617,A2
Q618,A2
Q619,A2
Q620,A2
Q621,A2
Q622,A2
Q623,A2
Q624,A2
Q625,A2
Q626,A2
Q627,A2
Q628,A2
Q629,A2
Q630,A2
Q631,A2
Q632,A2
Q633,A2
Q634,A2
Q635,A2
Q636,A2
Q637,A2
Q638,A2
Q639,A2
Q640,A2
Q641,A2
Q642,A2
Q643,A2
Q644,A2
Q645,A2
Q646,A2
Q647,A2
Q648,A2
Q649,A2
Q650,A2
Q651,A2
Q652,A2
Q653,A2
Q654,A2
Q655,A2
Q656,A2
Q657,A2
Q658,A2
Q659,A2
Q660,A2
Q661,A2
Q662,A2
Q663,A2
Q664,A2
Q665,A2
Q666,A2
Q667,A2
Q668,A2
Q669,A2
Q670,A2
Q671,A2
Q672,A2
Q673,A2
Q674,A2
Q675,A2
Q676,A2
Q677,A2
Q678,A2
Q679,A2
Q680,A2
Q681,A2
Q682,A2
Q683,A2
Q684,A2
Q685,A2
Q686,A2
Q687,A2
Q688,A2
Q689,A2
Q690,A2
Q691,A2
Q692,A2
Q693,A2
Q694,A2
Q695,A2
Q696,A2
Q697,A2
Q698,A2
Q699,A2
Q700,A2
Q701,A2
Q702,A2
Q703,A2
Q704,A2
Q705,A2
Q706,A2
Q707,A2
Q708,A2
Q709,A2
Q710,A2
Q711,A2
Q712,A2
Q713,A2
Q714,A2
Q715,A2
Q716,A2
Q717,A2
Q718,A2
Q719,A2
Q720,A2
Q721,A2
Q722,A2
Q723,A2
Q724,A2
Q725,A2
Q726,A2
Q727,A2
Q728,A2
Q729,A2
Q730,A2
Q731,A2
Q732,A2
Q733,A2
Q734,A2
Q735,A2
Q736,A2
Q737,A2
Q738,A2
Q739,A2
Q740,A2
Q741,A2
Q742,A2
Q743,A2
Q744,A2
Q745,A2
Q746,A2
Q747,A2
Q748,A2
Q749,A2
Q750,A2
Q751,A2
Q752,A2
Q753,A2
Q754,A2
Q755,A2
Q756,A2
Q757,A2
Q758,A2
Q759,A2
Q760,A2
Q761,A2
Q762,A2
Q763,A2
Q764,A2
Q765,A2
Q766,A2
Q767,A2
Q768,A2
Q769,A2
Q770,A2
Q771,A2
Q772,A2
Q773,A2
Q774,A2
Q775,A2
Q776,A2
Q777,A2
Q778,A2
Q779,A2
Q780,A2
Q781,A2
Q782,A2
Q783,A2
Q784,A2
Q785,A2
Q786,A2
Q787,A2
Q788,A2
Q789,A2
Q790,A2
Q791,A2
Q792,A2
Q793,A2
Q794,A2
Q795,A2
Q796,A2
Q797,A2
Q798,A2
Q799,A2
Q800,A2
Q801,A2
Q802,A2
Q803,A2
Q804,A2
Q805,A2
Q806,A2
Q807,A2
Q808,A2
Q809,A2
Q810,A2
Q811,A2
Q812,A2
Q813,A2
Q814,A2
Q815,A2
Q816,A2
Q817,A2
Q818,A2
Q819,A2
Q820,A2
Q821,A2
Q822,A2
Q823,A2
Q824,A2
Q825,A2
Q826,A2
Q827,A2
Q828,A2
Q829,A2
Q830,A2
Q831,A2
Q832,A2
Q833,A2
Q834,A2
Q835,A2
Q836,A2
Q837,A2
Q838,A2
Q839,A2
Q840,A2
Q841,A2
Q842,A2
Q843,A2
Q844,A2
Q845,A2
Q846,A2
Q847,A2
Q848,A2
Q849,A2
Q850,A2
Q851,A2
Q852,A2
Q853,A2
Q854,A2
Q855,A2
Q856,A2
Q857,A2
Q858,A2
Q859,A2
Q860,A2
Q861,A2
Q862,A2
Q863,A2
Q864,A2
Q865,A2
Q866,A2
Q867,A2
Q868,A2
Q869,A2
Q870,A2
Q871,A2
Q872,A2
Q873,A2
Q874,A2
Q875,A2
Q876,A2
Q877,A2
Q878,A2
Q879,A2
Q880,A2
Q881,A2
Q882,A2
Q883,A2
Q884,A2
Q885,A2
Q886,A2
Q887,A2
Q888,A2
Q889,A2
Q890,A2
Q891,A2
Q892,A2
Q893,A2
Q894,A2
Q895,A2
Q896,A2
Q897,A2
Q898,A2
Q899,A2
Q900,A2
Q901,A2
Q902,A2
Q903,A2
Q904,A2
Q905,A2
Q906,A2
Q907,A2
Q908,A2
Q909,A2
Q910,A2
Q911,A2
Q912,A2
Q913,A2
Q914,A2
Q915,A2
Q916,A2
Q917,A2
Q918,A2
Q919,A2
Q920,A2
Q921,A2
Q922,A2
Q923,A2
Q924,A2
Q925,A2
Q926,A2
Q927,A2
Q928,A2
Q929,A2
Q930,A2
Q931,A2
Q932,A2
Q933,A2
Q934,A2
Q935,A2
Q936,A2
Q937,A2
Q938,A2
Q939,A2
Q940,A2
Q941,A2
Q942,A2
Q943,A2
Q944,A2
Q945,A2
Q946,A2
Q947,A2
Q948,A2
Q949,A2
Q950,A2
Q951,A2
Q952,A2
Q953,A2
Q954,A2
Q955,A2
Q956,A2
Q957,A2
Q958,A2
Q959,A2
Q960,A2
Q961,A2
Q962,A2
Q963,A2
Q964,A2
Q965,A2
Q966,A2
Q967,A2
Q968,A2
Q969,A2
Q970,A2
Q971,A2
Q972,A2
Q973,A2
Q974,A2
Q975,A2
Q976,A2
Q977,A2
Q978,A2
Q979,A2
Q980,A2
Q981,A2
Q982,A2
Q983,A2
Q984,A2
Q985,A2
Q986,A2
Q987,A2
Q988,A2
Q989,A2
Q990,A2
Q991,A2
Q992,A2
Q993,A2
Q994,A2
Q995,A2
Q996,A2
Q997,A2
Q998,A2
Q999,A2
Q1000,A2
Q1001,A2
Q1002,A2
Q1003,A2
Q1004,A2
Q1005,A2
Q1006,A2
Q1007,A2
Q1008,A2
Q1009,A2
Q1010,A2
Q1011,A2
Q1012,A2
Q1013,A2
Q1014,A2
Q1015,A2
Q1016,A2
Q1017,A2
Q1018,A2
Q1019,A2
Q1020,A2
Q1021,A2
Q1022,A2
Q1023,A2
Q1024,A2
Q1025,A2
Q1026,A2
Q1027,A2
Q1028,A2
Q1029,A2
Q1030,A2
Q1031,A2
Q1032,A2
Q1033,A2
Q1034,A2
Q1035,A2
Q1036,A2
Q1037,A2
Q1038,A2
Q1039,A2
Q1040,A2
Q1041,A2
Q1042,A2
Q1043,A2
Q1044,A2
Q1045,A2
Q1046,A2
Q1047,A2
Q1048,A2
Q1049,A2
Q1050,A2
Q1051,A2
Q1052,A2
Q1053,A2
Q1054,A2
Q1055,A2
Q1056,A2
Q1057,A2
Q1058,A2
Q1059,A2
Q1060,A2
Q1061,A2
Q1062,A2
Q1063,A2
Q1064,A2
Q1065,A2
Q1066,A2
Q1067,A2
Q1068,A2
Q1069,A2
Q1070,A2
Q1071,A2
Q1072,A2
Q1073,A2
Q1074,A2
Q1075,A2
Q1076,A2
Q1077,A2
Q1078,A2
Q1079,A2
Q1080,A2
Q1081,A2
Q1082,A2
Q1083,A2
Q1084,A2
Q1085,A2
Q1086,A2
Q1087,A2
Q1088,A2
Q1089,A2
Q1090,A2
Q1091,A2
Q1092,A2
Q1093,A2
Q1094,A2
Q1095,A2
Q1096,A2
Q1097,A2
Q1098,A2
Q1099,A2
Q1100,A2
Q1101,A2
Q1102,A2
Q1103,A2
Q1104,A2
Q1105,A2
Q1106,A2
Q1107,A2
Q1108,A2
Q1109,A2
Q1110,A2
Q1111,A2
Q1112,A2
Q1113,A2
Q1114,A2
Q1115,A2
Q1116,A2
Q1117,A2
Q1118,A2
Q1119,A2
Q1120,A2
Q1121,A2
Q1122,A2
Q1123,A2
Q1124,A2
Q1125,A2
Q1126,A2
Q1127,A2
Q1128,A2
Q1129,A2
Q1130,A2
Q1131,A2
Q1132,A2
Q1133,A2
Q1134,A2
Q1135,A2
Q1136,A2
Q1137,A2
Q1138,A2
Q1139,A2
Q1140,A2
Q1141,A2
Q1142,A2
Q1143,A2
Q1144,A2
Q1145,A2
Q1146,A2
Q1147,A2
Q1148,A2
Q1149,A2
Q1150,A2
Q1151,A2
Q1152,A2
Q1153,A2
Q1154,A2
Q1155,A2
Q1156,A2
Q1157,A2
Q1158,A2
Q1159,A2
Q1160,A2
Q1161,A2
Q1162,A2
Q1163,A2
Q1164,A2
Q1165,A2
Q1166,A2
Q1167,A2
Q1168,A2
Q1169,A2
Q1170,A2
Q1171,A2
Q1172,A2
Q1173,A2
Q1174,A2
Q1175,A2
Q1176,A2
Q1177,A2
Q1178,A2
Q1179,A2
Q1180,A2
Q1181,A2
Q1182,A2
Q1183,A2
Q1184,A2
Q1185,A2
Q1186,A2
Q1187,A2
Q1188,A2
Q1189,A2
Q1190,A2
Q1191,A2
Q1192,A2
Q1193,A2
Q1194,A2
Q1195,A2
Q1196,A2
Q1197,A2
Q1198,A2
Q1199,A2
Q1200,A2
Q1201,A2
Q1202,A2
Q1203,A2
Q1204,A2
Q1205,A2
Q1206,A2
Q1207,A2
Q1208,A2
Q1209,A2
Q1210,A2
Q1211,A2
Q1212,A2
Q1213,A2
Q1214,A2
Q1215,A2
Q1216,A2
Q1217,A2
Q1218,A2
Q1219,A2
Q1220,A2
Q1221,A2
Q1222,A2
Q1223,A2
Q1224,A2
Q1225,A2
Q1226,A2
Q1227,A2
Q1228,A2
Q1229,A2
Q1230,A2
Q1231,A2
Q1232,A2
Q1233,A2
Q1234,A2
Q1235,A2
Q1236,A2
Q1237,A2
Q1238,A2
Q1239,A2
Q1240,A2
Q1241,A2
Q1242,A2
Q1243,A2
Q1244,A2
Q1245,A2
Q1246,A2
Q1247,A2
Q1248,A2
Q1249,A2
Q1250,A2
Q1251,A2
Q1252,A2
Q1253,A2
Q1254,A2
Q1255,A2
Q1256,A2
Q1257,A2
Q1258,A2
Q1259,A2
Q1260,A2
Q1261,A2
Q1262,A2
Q1263,A2
Q1264,A2
Q1265,A2
Q1266,A2
Q1267,A2
Q1268,A2
Q1269,A2
Q1270,A2
Q1271,A2
Q1272,A2
Q1273,A2
Q1274,A2
Q1275,A2
Q1276,A2
Q1277,A2
Q1278,A2
Q1279,A2
Q1280,A2
Q1281,A2
Q1282,A2
Q1283,A2
Q1284,A2
Q1285,A2
Q1286,A2
Q1287,A2
Q1288,A2
Q1289,A2
Q1290,A2
Q1291,A2
Q1292,A2
Q1293,A2
Q1294,A2
Q1295,A2
Q1296,A2
Q1297,A2
Q1298,A2
Q1299,A2
Q1300,A2
Q1301,A2
Q1302,A2
Q1303,A2
Q1304,A2
Q1305,A2
Q1306,A2
Q1307,A2
Q1308,A2
Q1309,A2
Q1310,A2
Q1311,A2
Q1312,A2
Q1313,A2
Q1314,A2
Q1315,A2
Q1316,A2
Q1317,A2
Q1318,A2
Q1319,A2
Q1320,A2
Q1321,A2
Q1322,A2
Q1323,A2
Q1324,A2
Q1325,A2
Q1326,A2
Q1327,A2
Q1328,A2
Q1329,A2
Q1330,A2
Q1331,A2
Q1332,A2
Q1333,A2
Q1334,A2
Q1335,A2
Q1336,A2
Q1337,A2
Q1338,A2
Q1339,A2
Q1340,A2
Q1341,A2
Q1342,A2
Q1343,A2
Q1344,A2
Q1345,A2
Q1346,A2
Q1347,A2
Q1348,A2
Q1349,A2
Q1350,A2
Q1351,A2
Q1352,A2
Q1353,A2
Q1354,A2
Q1355,A2
Q1356,A2
Q1357,A2
Q1358,A2
Q1359,A2
Q1360,A2
Q1361,A2
Q1362,A2
Q1363,A2
Q1364,A2
Q1365,A2
Q1366,A2
Q1367,A2
Q1368,A2
Q1369,A2
Q1370,A2
Q1371,A2
Q1372,A2
Q1373,A2
Q1374,A2
Q1375,A2
Q1376,A2
Q1377,A2
Q1378,A2
Q1379,A2
Q1380,A2
Q1381,A2
Q1382,A2
Q1383,A2
Q1384,A2
Q1385,A2
Q1386,A2
Q1387,A2
Q1388,A2
Q1389,A2
Q1390,A2
Q1391,A2
Q1392,A2
Q1393,A2
Q1394,A2
Q1395,A2
Q1396,A2
Q1397,A2
Q1398,A2
Q1399,A2
Q1400,A2
Q1401,A2
Q1402,A2
Q1403,A2
Q1404,A2
Q1405,A2
Q1406,A2
Q1407,A2
Q1408,A2
Q1409,A2
Q1410,A2
Q1411,A2
Q1412,A2
Q1413,A2
Q1414,A2
Q1415,A2
Q1416,A2
Q1417,A2
Q1418,A2
Q1419,A2
Q1420,A2
Q1421,A2
Q1422,A2
Q1423,A2
Q1424,A2
Q1425,A2
Q1426,A2
Q1427,A2
Q1428,A2
Q1429,A2
Q1430,A2
Q1431,A2
Q1432,A2
Q1433,A2
Q1434,A2
Q1435,A2
Q1436,A2
Q1437,A2
Q1438,A2
Q1439,A2
Q1440,A2
Q1441,A2
Q1442,A2
Q1443,A2
Q1444,A2
Q1445,A2
Q1446,A2
Q1447,A2
Q1448,A2
Q1449,A2
Q1450,A2
Q1451,A2
Q1452,A2
Q1453,A2
Q1454,A2
Q1455,A2
Q1456,A2
Q1457,A2
Q1458,A2
Q1459,A2
Q1460,A2
Q1461,A2
Q1462,A2
Q1463,A2
Q1464,A2
Q1465,A2
Q1466,A2
Q1467,A2
Q1468,A2
Q1469,A2
Q1470,A2
Q1471,A2
Q1472,A2
Q1473,A2
Q1474,A2
Q1475,A2
Q1476,A2
Q1477,A2
Q1478,A2
Q1479,A2
Q1480,A2
Q1481,A2
Q1482,A2
Q1483,A2
Q1484,A2
Q1485,A2
Q1486,A2
Q1487,A2
Q1488,A2
Q1489,A2
Q1490,A2
Q1491,A2
Q1492,A2
Q1493,A2
Q1494,A2
Q1495,A2
Q1496,A2
Q1497,A2
Q1498,A2
Q1499,A2
Q1500,A2
Q1501,A2
Q1502,A2
Q1503,A2
Q1504,A2
Q1505,A2
Q1506,A2
Q1507,A2
Q1508,A2
Q1509,A2
Q1510,A2
Q1511,A2
Q1512,A2
Q1513,A2
Q1514,A2
Q1515,A2
Q1516,A2
Q1517,A2
Q1518,A2
Q1519,A2
Q1520,A2
Q1521,A2
Q1522,A2
Q1523,A2
Q1524,A2
Q1525,A2
Q1526,A2
Q1527,A2
Q1528,A2
Q1529,A2
Q1530,A2
Q1531,A2
Q1532,A2
Q1533,A2
Q1534,A2
Q1535,A2
Q1536,A2
Q1537,A2
Q1538,A2
Q1539,A2
Q1540,A2
Q1541,A2
Q1542,A2
Q1543,A2
Q1544,A2
Q1545,A2
Q1546,A2
Q1547,A2
Q1548,A2
Q1549,A2
Q1550,A2
Q1551,A2
Q1552,A2
Q1553,A2
Q1554,A2
Q1555,A2
Q1556,A2
Q1557,A2
Q1558,A2
Q1559,A2
Q1560,A2
Q1561,A2
Q1562,A2
Q1563,A2
Q1564,A2
Q1565,A2
Q1566,A2
Q1567,A2
Q1568,A2
Q1569,A2
Q1570,A2
Q1571,A2
Q1572,A2
Q1573,A2
Q1574,A2
Q1575,A2
Q1576,A2
Q1577,A2
Q1578,A2
Q1579,A2
Q1580,A2
Q1581,A2
Q1582,A2
Q1583,A2
Q1584,A2
Q1585,A2
Q1586,A2
Q1587,A2
Q1588,A2
Q1589,A2
Q1590,A2
Q1591,A2
Q1592,A2
Q1593,A2
Q1594,A2
Q1595,A2
Q1596,A2
Q1597,A2
Q1598,A2
Q1599,A2
Q1600,A2
Q1601,A2
Q1602,A2
Q1603,A2
Q1604,A2
Q1605,A2
Q1606,A2
Q1607,A2
Q1608,A2
Q1609,A2
Q1610,A2
Q1611,A2
Q1612,A2
Q1613,A2
Q1614,A2
Q1615,A2
Q1616,A2
Q1617,A2
Q1618,A2
Q1619,A2
Q1620,A2
Q1621,A2
Q1622,A2
Q1623,A2
Q1624,A2
Q1625,A2
Q1626,A2
Q1627,A2
Q1628,A2
Q1629,A2
Q1630,A2
Q1631,A2
Q1632,A2
Q1633,A2
Q1634,A2
Q1635,A2
Q1636,A2
Q1637,A2
Q1638,A2
Q1639,A2
Q1640,A2
Q1641,A2
Q1642,A2
Q1643,A2
Q1644,A2
Q1645,A2
Q1646,A2
Q1647,A2
Q1648,A2
Q1649,A2
Q1650,A2
Q1651,A2
Q1652,A2
Q1653,A2
Q1654,A2
Q1655,A2
Q1656,A2
Q1657,A2
Q1658,A2
Q1659,A2
Q1660,A2
Q1661,A2
Q1662,A2
Q1663,A2
Q1664,A2
Q1665,A2
Q1666,A2
Q1667,A2
Q1668,A2
Q1669,A2
Q1670,A2
Q1671,A2
Q1672,A2
Q1673,A2
Q1674,A2
Q1675,A2
Q1676,A2
Q1677,A2
Q1678,A2
Q1679,A2
Q1680,A2
Q1681,A2
Q1682,A2
Q1683,A2
Q1684,A2
Q1685,A2
Q1686,A2
Q1687,A2
Q1688,A2
Q1689,A2
Q1690,A2
Q1691,A2
Q1692,A2
Q1693,A2
Q1694,A2
Q1695,A2
Q1696,A2
Q1697,A2
Q1698,A2
Q1699,A2
Q1700,A2
Q1701,A2
Q1702,A2
Q1703,A2
Q1704,A2
Q1705,A2
Q1706,A2
Q1707,A2
Q1708,A2
Q1709,A2
Q1710,A2
Q1711,A2
Q1712,A2
Q1713,A2
Q1714,A2
Q1715,A2
Q1716,A2
Q1717,A2
Q1718,A2
Q1719,A2
Q1720,A2
Q1721,A2
Q1722,A2
Q1723,A2
Q1724,A2
Q1725,A2
Q1726,A2
Q1727,A2
Q1728,A2
Q1729,A2
Q1730,A2
Q1731,A2
Q1732,A2
Q1733,A2
Q1734,A2
Q1735,A2
Q1736,A2
Q1737,A2
Q1738,A2
Q1739,A2
Q1740,A2
Q1741,A2
Q1742,A2
Q1743,A2
Q1744,A2
Q1745,A2
Q1746,A2
Q1747,A2
Q1748,A2
Q1749,A2
Q1750,A2
Q1751,A2
Q1752,A2
Q1753,A2
Q1754,A2
Q1755,A2
Q1756,A2
Q1757,A2
Q1758,A2
Q1759,A2
Q1760,A2
Q1761,A2
Q1762,A2
Q1763,A2
Q1764,A2
Q1765,A2
Q1766,A2
Q1767,A2
Q1768,A2
Q1769,A2
Q1770,A2
Q1771,A2
Q1772,A2
Q1773,A2
Q1774,A2
Q1775,A2
Q1776,A2
Q1777,A2
Q1778,A2
Q1779,A2
Q1780,A2
Q1781,A2
Q1782,A2
Q1783,A2
Q1784,A2
Q1785,A2
Q1786,A2
Q1787,A2
Q1788,A2
Q1789,A2
Q1790,A2
Q1791,A2
Q1792,A2
Q1793,A2
Q1794,A2
Q1795,A2
Q1796,A2
Q1797,A2
Q1798,A2
Q1799,A2
Q1800,A2
Q1801,A2
Q1802,A2
Q1803,A2
Q1804,A2
Q1805,A2
Q1806,A2
Q1807,A2
Q1808,A2
Q1809,A2
Q1810,A2
Q1811,A2
Q1812,A2
Q1813,A2
Q1814,A2
Q1815,A2
Q1816,A2
Q1817,A2
Q1818,A2
Q1819,A2
Q1820,A2
Q1821,A2
Q1822,A2
Q1823,A2
Q1824,A2
Q1825,A2
Q1826,A2
Q1827,A2
Q1828,A2
Q1829,A2
Q1830,A2
Q1831,A2
Q1832,A2
Q1833,A2
Q1834,A2
Q1835,A2
Q1836,A2
Q1837,A2
Q1838,A2
Q1839,A2
Q1840,A2
Q1841,A2
Q1842,A2
Q1843,A2
Q1844,A2
Q1845,A2
Q1846,A2
Q1847,A2
Q1848,A2
Q1849,A2
Q1850,A2
Q1851,A2
Q1852,A2
Q1853,A2
Q1854,A2
Q1855,A2
Q1856,A2
Q1857,A2
Q1858,A2
Q1859,A2
Q1860,A2
Q1861,A2
Q1862,A2
Q1863,A2
Q1864,A2
Q1865,A2
Q1866,A2
Q1867,A2
Q1868,A2
Q1869,A2
Q1870,A2
Q1871,A2
Q1872,A2
Q1873,A2
Q1874,A2
Q1875,A2
Q1876,A2
Q1877,A2
Q1878,A2
Q1879,A2
Q1880,A2
Q1881,A2
Q1882,A2
Q1883,A2
Q1884,A2
Q1885,A2
Q1886,A2
Q1887,A2
Q1888,A2
Q1889,A2
Q1890,A2
Q1891,A2
Q1892,A2
Q1893,A2
Q1894,A2
Q1895,A2
Q1896,A2
Q1897,A2
Q1898,A2
Q1899,A2
Q1900,A2
Q1901,A2
Q1902,A2
Q1903,A2
Q1904,A2
Q1905,A2
Q1906,A2
Q1907,A2
Q1908,A2
Q1909,A2
Q1910,A2
Q1911,A2
Q1912,A2
Q1913,A2
Q1914,A2
Q1915,A2
Q1916,A2
Q1917,A2
Q1918,A2
Q1919,A2
Q1920,A2
Q1921,A2
Q1922,A2
Q1923,A2
Q1924,A2
Q1925,A2
Q1926,A2
Q1927,A2
Q1928,A2
Q1929,A2
Q1930,A2
Q1931,A2
Q1932,A2
Q1933,A2
Q1934,A2
Q1935,A2
Q1936,A2
Q1937,A2
Q1938,A2
Q1939,A2
Q1940,A2
Q1941,A2
Q1942,A2
Q1943,A2
Q1944,A2
Q1945,A2
Q1946,A2
Q1947,A2
Q1948,A2
Q1949,A2
Q1950,A2
Q1951,A2
Q1952,A2
Q1953,A2
Q1954,A2
Q1955,A2
Q1956,A2
Q1957,A2
Q1958,A2
Q1959,A2
Q1960,A2
Q1961,A2
Q1962,A2
Q1963,A2
Q1964,A2
Q1965,A2
Q1966,A2
Q1967,A2
Q1968,A2
Q1969,A2
Q1970,A2
Q1971,A2
Q1972,A2
Q1973,A2
Q1974,A2
Q1975,A2
Q1976,A2
Q1977,A2
Q1978,A2
Q1979,A2
Q1980,A2
Q1981,A2
Q1982,A2
Q1983,A2
Q1984,A2
Q1985,A2
Q1986,A2
Q1987,A2
Q1988,A2
Q1989,A2
Q1990,A2
Q1991,A2
Q1992,A2
Q1993,A2
Q1994,A2
Q1995,A2
Q1996,A2
Q1997,A2
Q1998,A2
Q1999,A2
Q2000,A2
Q2001,A2
Q2002,A2
Q2003,A2
Q2004,A2
Q2005,A2
Q2006,A2
Q2007,A2
Q2008,A2
Q2009,A2
Q2010,A2
Q2011,A2
Q2012,A2
Q2013,A2
Q2014,A2
Q2015,A2
Q2016,A2
Q2017,A2
Q2018,A2
Q2019,A2
Q2020,A2
Q2021,A2
Q2022,A2
Q2023,A2
Q2024,A2
Q2025,A2
Q2026,A2
Q2027,A2
Q2028,A2
Q2029,A2
Q2030,A2
Q2031,A2
Q2032,A2
Q2033,A2
Q2034,A2
Q2035,A2
Q2036,A2
Q2037,A2
Q2038,A2
Q2039,A2
Q2040,A2
Q2041,A2
Q2042,A2
Q2043,A2
Q2044,A2
Q2045,A2
Q2046,A2
Q2047,A2
Q2048,A2
Q2049,A2
Q2050,A2
Q2051,A2
Q2052,A2
Q2053,A2
Q2054,A2
Q2055,A2
Q2056,A2
Q2057,A2
Q2058,A2
Q2059,A2
Q2060,A2
Q2061,A2
Q2062,A2
Q2063,A2
Q2064,A2
Q2065,A2
Q2066,A2
Q2067,A2
Q2068,A2
Q2069,A2
Q2070,A2
Q2071,A2
Q2072,A2
Q2073,A2
Q2074,A2
Q2075,A2
Q2076,A2
Q2077,A2
Q2078,A2
Q2079,A2
Q2080,A2
Q2081,A2
Q2082,A2
Q2083,A2
Q2084,A2
Q2085,A2
Q2086,A2
Q2087,A2
Q2088,A2
Q2089,A2
Q2090,A2
Q2091,A2
Q2092,A2
Q2093,A2
Q2094,A2
Q2095,A2
Q2096,A2
Q2097,A2
Q2098,A2
Q2099,A2
Q2100,A2
Q2101,A2
Q2102,A2
Q2103,A2
Q2104,A2
Q2105,A2
Q2106,A2
Q2107,A2
Q2108,A2
Q2109,A2
Q2110,A2
Q2111,A2
Q2112,A2
Q2113,A2
Q2114,A2
Q2115,A2
Q2116,A2
Q2117,A2
Q2118,A2
Q2119,A2
Q2120,A2
Q2121,A2
Q2122,A2
Q2123,A2
Q2124,A2
Q2125,A2
Q2126,A2
Q2127,A2
Q2128,A2
Q2129,A2
Q2130,A2
Q2131,A2
Q2132,A2
Q2133,A2
Q2134,A2
Q2135,A2
Q2136,A2
Q2137,A2
Q2138,A2
Q2139,A2
Q2140,A2
Q2141,A2
Q2142,A2
Q2143,A2
Q2144,A2
Q2145,A2
Q2146,A2
Q2147,A2
Q2148,A2
Q2149,A2
Q2150,A2
Q2151,A2
Q2152,A2
Q2153,A2
Q2154,A2
Q2155,A2
Q2156,A2
Q2157,A2
Q2158,A2
Q2159,A2
Q2160,A2
Q2161,A2
Q2162,A2
Q2163,A2
Q2164,A2
Q2165,A2
Q2166,A2
Q2167,A2
Q2168,A2
Q2169,A2
Q2170,A2
Q2171,A2
Q2172,A2
Q2173,A2
Q2174,A2
Q2175,A2
Q2176,A2
Q2177,A2
Q2178,A2
Q2179,A2
Q2180,A2
Q2181,A2
Q2182,A2
Q2183,A2
Q2184,A2
Q2185,A2
Q2186,A2
Q2187,A2
Q2188,A2
Q2189,A2
Q2190,A2
Q2191,A2
Q2192,A2
Q2193,A2
Q2194,A2
Q2195,A2
Q2196,A2
Q2197,A2
Q2198,A2
Q2199,A2
Q2200,A2
Q2201,A2
Q2202,A2
Q2203,A2
Q2204,A2
Q2205,A2
Q2206,A2
Q2207,A2
Q2208,A2
Q2209,A2
Q2210,A2
Q2211,A2
Q2212,A2
Q2213,A2
Q2214,A2
Q2215,A2
Q2216,A2
Q2217,A2
Q2218,A2
Q2219,A2
Q2220,A2
Q2221,A2
Q2222,A2
Q2223,A2
Q2224,A2
Q2225,A2
Q2226,A2
Q2227,A2
Q2228,A2
Q2229,A2
Q2230,A2
Q2231,A2
Q2232,A2
Q2233,A2
Q2234,A2
Q2235,A2
Q2236,A2
Q2237,A2
Q2238,A2
Q2239,A2
Q2240,A2
Q2241,A2
Q2242,A2
Q2243,A2
Q2244,A2
Q2245,A2
Q2246,A2
Q2247,A2
Q2248,A2
Q2249,A2
Q2250,A2
Q2251,A2
Q2252,A2
Q2253,A2
Q2254,A2
Q2255,A2
Q2256,A2
Q2257,A2
Q2258,A2
Q2259,A2
Q2260,A2
Q2261,A2
Q2262,A2
Q2263,A2
Q2264,A2
Q2265,A2
Q2266,A2
Q2267,A2
Q2268,A2
Q2269,A2
Q2270,A2
Q2271,A2
Q2272,A2
Q2273,A2
Q2274,A2
Q2275,A2
Q2276,A2
Q2277,A2
Q2278,A2
Q2279,A2
Q2280,A2
Q2281,A2
Q2282,A2
Q2283,A2
Q2284,A2
Q2285,A2
Q2286,A2
Q2287,A2
Q2288,A2
Q2289,A2
Q2290,A2
Q2291,A2
Q2292,A2
Q2293,A2
Q2294,A2
Q2295,A2
Q2296,A2
Q2297,A2
Q2298,A2
Q2299,A2
Q2300,A2
Q2301,A2
Q2302,A2
Q2303,A2
Q2304,A2
Q2305,A2
Q2306,A2
Q2307,A2
Q2308,A2
Q2309,A2
Q2310,A2
Q2311,A2
Q2312,A2
Q2313,A2
Q2314,A2
Q2315,A2
Q2316,A2
Q2317,A2
Q2318,A2
Q2319,A2
Q2320,A2
Q2321,A2
Q2322,A2
Q2323,A2
Q2324,A2
Q2325,A2
Q2326,A2
Q2327,A2
Q2328,A2
Q2329,A2
Q2330,A2
Q2331,A2
Q2332,A2
Q2333,A2
Q2334,A2
Q2335,A2
Q2336,A2
Q2337,A2
Q2338,A2
Q2339,A2
Q2340,A2
Q2341,A2
Q2342,A2
Q2343,A2
Q2344,A2
Q2345,A2
Q2346,A2
Q2347,A2
Q2348,A2
Q2349,A2
Q2350,A2
Q2351,A2
Q2352,A2
Q2353,A2
Q2354,A2
Q2355,A2
Q2356,A2
Q2357,A2
Q2358,A2
Q2359,A2
Q2360,A2
Q2361,A2
Q2362,A2
Q2363,A2
Q2364,A2
Q2365,A2
Q2366,A2
Q2367,A2
Q2368,A2
Q2369,A2
Q2370,A2
Q2371,A2
Q2372,A2
Q2373,A2
Q2374,A2
Q2375,A2
Q2376,A2
Q2377,A2
Q2378,A2
Q2379,A2
Q2380,A2
Q2381,A2
Q2382,A2
Q2383,A2
Q2384,A2
Q2385,A2
Q2386,A2
Q2387,A2
Q2388,A2
Q2389,A2
Q2390,A2
Q2391,A2
Q2392,A2
Q2393,A2
Q2394,A2
Q2395,A2
Q2396,A2
Q2397,A2
Q2398,A2
Q2399,A2
Q2400,A2
Q2401,A2
Q2402,A2
Q2403,A2
Q2404,A2
Q2405,A2
Q2406,A2
Q2407,A2
Q2408,A2
Q2409,A2
Q2410,A2
Q2411,A2
Q2412,A2
Q2413,A2
Q2414,A2
Q2415,A2
Q2416,A2
Q2417,A2
Q2418,A2
Q2419,A2
Q2420,A2
Q2421,A2
Q2422,A2
Q2423,A2
Q2424,A2
Q2425,A2
Q2426,A2
Q2427,A2
Q2428,A2
Q2429,A2
Q2430,A2
Q2431,A2
Q2432,A2
Q2433,A2
Q2434,A2
Q2435,A2
Q2436,A2
Q2437,A2
Q2438,A2
Q2439,A2
Q2440,A2
Q2441,A2
Q2442,A2
Q2443,A2
Q2444,A2
Q2445,A2
Q2446,A2
Q2447,A2
Q2448,A2
Q2449,A2
Q2450,A2
Q2451,A2
Q2452,A2
Q2453,A2
Q2454,A2
Q2455,A2
Q2456,A2
Q2457,A2
Q2458,A2
Q2459,A2
Q2460,A2
Q2461,A2
Q2462,A2
Q2463,A2
Q2464,A2
Q2465,A2
Q2466,A2
Q2467,A2
Q2468,A2
Q2469,A2
Q2470,A2
Q2471,A2
Q2472,A2
Q2473,A2
Q2474,A2
Q2475,A2
Q2476,A2
Q2477,A2
Q2478,A2
Q2479,A2
Q2480,A2
Q2481,A2
Q2482,A2
Q2483,A2
Q2484,A2
Q2485,A2
Q2486,A2
Q2487,A2
Q2488,A2
Q2489,A2
Q2490,A2
Q2491,A2
Q2492,A2
Q2493,A2
Q2494,A2
Q2495,A2
Q2496,A2
Q2497,A2
Q2498,A2
Q2499,A2
Q2500,A2
Q2501,A2
Q2502,A2
Q2503,A2
Q2504,A2
Q2505,A2
Q2506,A2
Q2507,A2
Q2508,A2
Q2509,A2
Q2510,A2
Q2511,A2
Q2512,A2
Q2513,A2
Q2514,A2
Q2515,A2
Q2516,A2
Q2517,A2
Q2518,A2
Q2519,A2
Q2520,A2
Q2521,A2
Q2522,A2
Q2523,A2
Q2524,A2
Q2525,A2
Q2526,A2
Q2527,A2
Q2528,A2
Q2529,A2
Q2530,A2
Q2531,A2
Q2532,A2
Q2533,A2
Q2534,A2
Q2535,A2
Q2536,A2
Q2537,A2
Q2538,A2
Q2539,A2
Q2540,A2
Q2541,A2
Q2542,A2
Q2543,A2
Q2544,A2
Q2545,A2
Q2546,A2
Q2547,A2
Q2548,A2
Q2549,A2
Q2550,A2
Q2551,A2
Q2552,A2
Q2553,A2
Q2554,A2
Q2555,A2
Q2556,A2
Q2557,A2
Q2558,A2
Q2559,A2
Q2560,A2
Q2561,A2
Q2562,A2
Q2563,A2
Q2564,A2
Q2565,A2
Q2566,A2
Q2567,A2
Q2568,A2
Q2569,A2
Q2570,A2
Q2571,A2
Q2572,A2
Q2573,A2
Q2574,A2
Q2575,A2
Q2576,A2
Q2577,A2
Q2578,A2
Q2579,A2
Q2580,A2
Q2581,A2
Q2582,A2
Q2583,A2
Q2584,A2
Q2585,A2
Q2586,A2
Q2587,A2
Q2588,A2
Q2589,A2
Q2590,A2
Q2591,A2
Q2592,A2
Q2593,A2
Q2594,A2
Q2595,A2
Q2596,A2
Q2597,A2
Q2598,A2
Q2599,A2
Q2600,A2
Q2601,A2
Q2602,A2
Q2603,A2
Q2604,A2
Q2605,A2
Q2606,A2
Q2607,A2
Q2608,A2
Q2609,A2
Q2610,A2
Q2611,A2
Q2612,A2
Q2613,A2
Q2614,A2
Q2615,A2
Q2616,A2
Q2617,A2
Q2618,A2
Q2619,A2
Q2620,A2
Q2621,A2
Q2622,A2
Q2623,A2
Q2624,A2
Q2625,A2
Q2626,A2
Q2627,A2
Q2628,A2
Q2629,A2
Q2630,A2
Q2631,A2
Q2632,A2
Q2633,A2
Q2634,A2
Q2635,A2
Q2636,A2
Q2637,A2
Q2638,A2
Q2639,A2
Q2640,A2
Q2641,A2
Q2642,A2
Q2643,A2
Q2644,A2
Q2645,A2
Q2646,A2
Q2647,A2
Q2648,A2
Q2649,A2
Q2650,A2
Q2651,A2
Q2652,A2
Q2653,A2
Q2654,A2
Q2655,A2
Q2656,A2
Q2657,A2
Q2658,A2
Q2659,A2
Q2660,A2
Q2661,A2
Q2662,A2
Q2663,A2
Q2664,A2
Q2665,A2
Q2666,A2
Q2667,A2
Q2668,A2
Q2669,A2
Q2670,A2
Q2671,A2
Q2672,A2
Q2673,A2
Q2674,A2
Q2675,A2
Q2676,A2
Q2677,A2
Q2678,A2
Q2679,A2
Q2680,A2
Q2681,A2
Q2682,A2
Q2683,A2
Q2684,A2
Q2685,A2
Q2686,A2
Q2687,A2
Q2688,A2
Q2689,A2
Q2690,A2
Q2691,A2
Q2692,A2
Q2693,A2
Q2694,A2
Q2695,A2
Q2696,A2
Q2697,A2
Q2698,A2
Q2699,A2
Q2700,A2
Q2701,A2
Q2702,A2
Q2703,A2
Q2704,A2
Q2705,A2
Q2706,A2
Q2707,A2
Q2708,A2
Q2709,A2
Q2710,A2
Q2711,A2
Q2712,A2
Q2713,A2
Q2714,A2
Q2715,A2
Q2716,A2
Q2717,A2
Q2718,A2
Q2719,A2
Q2720,A2
Q2721,A2
Q2722,A2
Q2723,A2
Q2724,A2
Q2725,A2
Q2726,A2
Q2727,A2
Q2728,A2
Q2729,A2
Q2730,A2
Q2731,A2
Q2732,A2
Q2733,A2
Q2734,A2
Q2735,A2
Q2736,A2
Q2737,A2
Q2738,A2
Q2739,A2
Q2740,A2
Q2741,A2
Q2742,A2
Q2743,A2
Q2744,A2
Q2745,A2
Q2746,A2
Q2747,A2
Q2748,A2
Q2749,A2
Q2750,A2
Q2751,A2
Q2752,A2
Q2753,A2
Q2754,A2
Q2755,A2
Q2756,A2
Q2757,A2
Q2758,A2
Q2759,A2
Q2760,A2
Q2761,A2
Q2762,A2
Q2763,A2
Q2764,A2
Q2765,A2
Q2766,A2
Q2767,A2
Q2768,A2
Q2769,A2
Q2770,A2
Q2771,A2
Q2772,A2
Q2773,A2
Q2774,A2
Q2775,A2
Q2776,A2
Q2777,A2
Q2778,A2
Q2779,A2
Q2780,A2
Q2781,A2
Q2782,A2
Q2783,A2
Q2784,A2
Q2785,A2
Q2786,A2
Q2787,A2
Q2788,A2
Q2789,A2
Q2790,A2
Q2791,A2
Q2792,A2
Q2793,A2
Q2794,A2
Q2795,A2
Q2796,A2
Q2797,A2
Q2798,A2
Q2799,A2
Q2800,A2
Q2801,A2
Q2802,A2
Q2803,A2
Q2804,A2
Q2805,A2
Q2806,A2
Q2807,A2
Q2808,A2
Q2809,A2
Q2810,A2
Q2811,A2
Q2812,A2
Q2813,A2
Q2814,A2
Q2815,A2
Q2816,A2
Q2817,A2
Q2818,A2
Q2819,A2
Q2820,A2
Q2821,A2
Q2822,A2
Q2823,A2
Q2824,A2
Q2825,A2
Q2826,A2
Q2827,A2
Q2828,A2
Q2829,A2
Q2830,A2
Q2831,A2
Q2832,A2
Q2833,A2
Q2834,A2
Q2835,A2
Q2836,A2
Q2837,A2
Q2838,A2
Q2839,A2
Q2840,A2
Q2841,A2
Q2842,A2
Q2843,A2
Q2844,A2
Q2845,A2
Q2846,A2
Q2847,A2
Q2848,A2
Q2849,A2
Q2850,A2
Q2851,A2
Q2852,A2
Q2853,A2
Q2854,A2
Q2855,A2
Q2856,A2
Q2857,A2
Q2858,A2
Q2859,A2
Q2860,A2
Q2861,A2
Q2862,A2
Q2863,A2
Q2864,A2
Q2865,A2
Q2866,A2
Q2867,A2
Q2868,A2
Q2869,A2
Q2870,A2
Q2871,A2
Q2872,A2
Q2873,A2
Q2874,A2
Q2875,A2
Q2876,A2
Q2877,A2
Q2878,A2
Q2879,A2
Q2880,A2
Q2881,A2
Q2882,A2
Q2883,A2
Q2884,A2
Q2885,A2
Q2886,A2
Q2887,A2
Q2888,A2
Q2889,A2
Q2890,A2
Q2891,A2
Q2892,A2
Q2893,A2
Q2894,A2
Q2895,A2
Q2896,A2
Q2897,A2
Q2898,A2
Q2899,A2
Q2900,A2
Q2901,A2
Q2902,A2
Q2903,A2
Q2904,A2
Q2905,A2
Q2906,A2
Q2907,A2
Q2908,A2
Q2909,A2
Q2910,A2
Q2911,A2
Q2912,A2
Q2913,A2
Q2914,A2
Q2915,A2
Q2916,A2
Q2917,A2
Q2918,A2
Q2919,A2
Q2920,A2
Q2921,A2
Q2922,A2
Q2923,A2
Q2924,A2
Q2925,A2
Q2926,A2
Q2927,A2
Q2928,A2
Q2929,A2
Q2930,A2
Q2931,A2
Q2932,A2
Q2933,A2
Q2934,A2
Q2935,A2
Q2936,A2
Q2937,A2
Q2938,A2
Q2939,A2
Q2940,A2
Q2941,A2
Q2942,A2
Q2943,A2
Q2944,A2
Q2945,A2
Q2946,A2
Q2947,A2
Q2948,A2
Q2949,A2
Q2950,A2
Q2951,A2
Q2952,A2
Q2953,A2
Q2954,A2
Q2955,A2
Q2956,A2
Q2957,A2
Q2958,A2
Q2959,A2
Q2960,A2
Q2961,A2
Q2962,A2
Q2963,A2
Q2964,A2
Q2965,A2
Q2966,A2
Q2967,A2
Q2968,A2
Q2969,A2
Q2970,A2
Q2971,A2
Q2972,A2
Q2973,A2
Q2974,A2
Q2975,A2
Q2976,A2
Q2977,A2
Q2978,A2
Q2979,A2
Q2980,A2
Q2981,A2
Q2982,A2
Q2983,A2
Q2984,A2
Q2985,A2
Q2986,A2
Q2987,A2
Q2988,A2
Q2989,A2
Q2990,A2
Q2991,A2
Q2992,A2
Q2993,A2
Q2994,A2
Q2995,A2
Q2996,A2
Q2997,A2
Q2998,A2
Q2999,A2
Q3000,A2
Q3001,A2
Q3002,A2
Q3003,A2
Q3004,A2
Q3005,A2
Q3006,A2
Q3007,A2
Q3008,A2
Q3009,A2
Q3010,A2
Q3011,A2
Q3012,A2
Q3013,A2
Q3014,A2
Q3015,A2
Q3016,A2
Q3017,A2
Q3018,A2
Q3019,A2
Q3020,A2
Q3021,A2
Q3022,A2
Q3023,A2
Q3024,A2
Q3025,A2
Q3026,A2
Q3027,A2
Q3028,A2
Q3029,A2
Q3030,A2
Q3031,A2
Q3032,A2
Q3033,A2
Q3034,A2
Q3035,A2
Q3036,A2
Q3037,A2
Q3038,A2
Q3039,A2
Q3040,A2
Q3041,A2
Q3042,A2
Q3043,A2
Q3044,A2
Q3045,A2
Q3046,A2
Q3047,A2
Q3048,A2
Q3049,A2
Q3050,A2
Q3051,A2
Q3052,A2
Q3053,A2
Q3054,A2
Q3055,A2
Q3056,A2
Q3057,A2
Q3058,A2
Q3059,A2
Q3060,A2
Q3061,A2
Q3062,A2
Q3063,A2
Q3064,A2
Q3065,A2
Q3066,A2
Q3067,A2
Q3068,A2
Q3069,A2
Q3070,A2
Q3071,A2
Q3072,A2
Q3073,A2
Q3074,A2
Q3075,A2
Q3076,A2
Q3077,A2
Q3078,A2
Q3079,A2
Q3080,A2
Q3081,A2
Q3082,A2
Q3083,A2
Q3084,A2
Q3085,A2
Q3086,A2
Q3087,A2
Q3088,A2
Q3089,A2
Q3090,A2
Q3091,A2
Q3092,A2
Q3093,A2
Q3094,A2
Q3095,A2
Q3096,A2
Q3097,A2
Q3098,A2
Q3099,A2
Q3100,A2
Q3101,A2
Q3102,A2
Q3103,A2
Q3104,A2
Q3105,A2
Q3106,A2
Q3107,A2
Q3108,A2
Q3109,A2
Q3110,A2
Q3111,A2
Q3112,A2
Q3113,A2
Q3114,A2
Q3115,A2
Q3116,A2
Q3117,A2
Q3118,A2
Q3119,A2
Q3120,A2
Q3121,A2
Q3122,A2
Q3123,A2
Q3124,A2
Q3125,A2
Q3126,A2
Q3127,A2
Q3128,A2
Q3129,A2
Q3130,A2
Q3131,A2
Q3132,A2
Q3133,A2
Q3134,A2
Q3135,A2
Q3136,A2
Q3137,A2
Q3138,A2
Q3139,A2
Q3140,A2
Q3141,A2
Q3142,A2
Q3143,A2
Q3144,A2
Q3145,A2
Q3146,A2
Q3147,A2
Q3148,A2
Q3149,A2
Q3150,A2
Q3151,A2
Q3152,A2
Q3153,A2
Q3154,A2
Q3155,A2
Q3156,A2
Q3157,A2
Q3158,A2
Q3159,A2
Q3160,A2
Q3161,A2
Q3162,A2
Q3163,A2
Q3164,A2
Q3165,A2
Q3166,A2
Q3167,A2
Q3168,A2
Q3169,A2
Q3170,A2
Q3171,A2
Q3172,A2
Q3173,A2
Q3174,A2
Q3175,A2
Q3176,A2
Q3177,A2
Q3178,A2
Q3179,A2
Q3180,A2
Q3181,A2
Q3182,A2
Q3183,A2
Q3184,A2
Q3185,A2
Q3186,A2
Q3187,A2
Q3188,A2
Q3189,A2
Q3190,A2
Q3191,A2
Q3192,A2
Q3193,A2
Q3194,A2
Q3195,A2
Q3196,A2
Q3197,A2
Q3198,A2
Q3199,A2
Q3200,A2
Q3201,A2
Q3202,A2
Q3203,A2
Q3204,A2
Q3205,A2
Q3206,A2
Q3207,A2
Q3208,A2
Q3209,A2
Q3210,A2
Q3211,A2
Q3212,A2
Q3213,A2
Q3214,A2
Q3215,A2
Q3216,A2
Q3217,A2
Q3218,A2
Q3219,A2
Q3220,A2
Q3221,A2
Q3222,A2
Q3223,A2
Q3224,A2
Q3225,A2
Q3226,A2
Q3227,A2
Q3228,A2
Q3229,A2
Q3230,A2
Q3231,A2
Q3232,A2
Q3233,A2
Q3234,A2
Q3235,A2
Q3236,A2
Q3237,A2
Q3238,A2
Q3239,A2
Q3240,A2
Q3241,A2
Q3242,A2
Q3243,A2
Q3244,A2
Q3245,A2
Q3246,A2
Q3247,A2
Q3248,A2
Q3249,A2
Q3250,A2
Q3251,A2
Q3252,A2
Q3253,A2
Q3254,A2
Q3255,A2
Q3256,A2
Q3257,A2
Q3258,A2
Q3259,A2
Q3260,A2
Q3261,A2
Q3262,A2
Q3263,A2
Q3264,A2
Q3265,A2
Q3266,A2
Q3267,A2
Q3268,A2
Q3269,A2
Q3270,A2
Q3271,A2
Q3272,A2
Q3273,A2
Q3274,A2
Q3275,A2
Q3276,A2
Q3277,A2
Q3278,A2
Q3279,A2
Q3280,A2
Q3281,A2
Q3282,A2
Q3283,A2
Q3284,A2
Q3285,A2
Q3286,A2
Q3287,A2
Q3288,A2
Q3289,A2
Q3290,A2
Q3291,A2
Q3292,A2
Q3293,A2
Q3294,A2
Q3295,A2
Q3296,A2
Q3297,A2
Q3298,A2
Q3299,A2
Q3300,A2
Q3301,A2
Q3302,A2
Q3303,A2
Q3304,A2
Q3305,A2
Q3306,A2
Q3307,A2
Q3308,A2
Q3309,A2
Q3310,A2
Q3311,A2
Q3312,A2
Q3313,A2
Q3314,A2
Q3315,A2
Q3316,A2
Q3317,A2
Q3318,A2
Q3319,A2
Q3320,A2
Q3321,A2
Q3322,A2
Q3323,A2
Q3324,A2
Q3325,A2
Q3326,A2
Q3327,A2
Q3328,A2
Q3329,A2
Q3330,A2
Q3331,A2
Q3332,A2
Q3333,A2
Q3334,A2
Q3335,A2
Q3336,A2
Q3337,A2
Q3338,A2
Q3339,A2
Q3340,A2
Q3341,A2
Q3342,A2
Q3343,A2
Q3344,A2
Q3345,A2
Q3346,A2
Q3347,A2
Q3348,A2
Q3349,A2
Q3350,A2
Q3351,A2
Q3352,A2
Q3353,A2
Q3354,A2
Q3355,A2
Q3356,A2
Q3357,A2
Q3358,A2
Q3359,A2
Q3360,A2
Q3361,A2
Q3362,A2
Q3363,A2
Q3364,A2
Q3365,A2
Q3366,A2
Q3367,A2
Q3368,A2
Q3369,A2
Q3370,A2
Q3371,A2
Q3372,A2
Q3373,A2
Q3374,A2
Q3375,A2
Q3376,A2
Q3377,A2
Q3378,A2
Q3379,A2
Q3380,A2
Q3381,A2
Q3382,A2
Q3383,A2
Q3384,A2
Q3385,A2
Q3386,A2
Q3387,A2
Q3388,A2
Q3389,A2
Q3390,A2
Q3391,A2
Q3392,A2
Q3393,A2
Q3394,A2
Q3395,A2
Q3396,A2
Q3397,A2
Q3398,A2
Q3399,A2
Q3400,A2
Q3401,A2
Q3402,A2
Q3403,A2
Q3404,A2
Q3405,A2
Q3406,A2
Q3407,A2
Q3408,A2
Q3409,A2
Q3410,A2
Q3411,A2
Q3412,A2
Q3413,A2
Q3414,A2
Q3415,A2
Q3416,A2
Q3417,A2
Q3418,A2
Q3419,A2
Q3420,A2
Q3421,A2
Q3422,A2
Q3423,A2
Q3424,A2
Q3425,A2
Q3426,A2
Q3427,A2
Q3428,A2
Q3429,A2
Q3430,A2
Q3431,A2
Q3432,A2
Q3433,A2
Q3434,A2
Q3435,A2
Q3436,A2
Q3437,A2
Q3438,A2
Q3439,A2
Q3440,A2
Q3441,A2
Q3442,A2
Q3443,A2
Q3444,A2
Q3445,A2
Q3446,A2
Q3447,A2
Q3448,A2
Q3449,A2
Q3450,A2
Q3451,A2
Q3452,A2
Q3453,A2
Q3454,A2
Q3455,A2
Q3456,A2
Q3457,A2
Q3458,A2
Q3459,A2
Q3460,A2
Q3461,A2
Q3462,A2
Q3463,A2
Q3464,A2
Q3465,A2
Q3466,A2
Q3467,A2
Q3468,A2
Q3469,A2
Q3470,A2
Q3471,A2
Q3472,A2
Q3473,A2
Q3474,A2
Q3475,A2
Q3476,A2
Q3477,A2
Q3478,A2
Q3479,A2
Q3480,A2
Q3481,A2
Q3482,A2
Q3483,A2
Q3484,A2
Q3485,A2
Q3486,A2
Q3487,A2
Q3488,A2
Q3489,A2
Q3490,A2
Q3491,A2
Q3492,A2
Q3493,A2
Q3494,A2
Q3495,A2
Q3496,A2
Q3497,A2
Q3498,A2
Q3499,A2
Q3500,A2
Q3501,A2
Q3502,A2
Q3503,A2
Q3504,A2
Q3505,A2
Q3506,A2
Q3507,A2
Q3508,A2
Q3509,A2
Q3510,A2
Q3511,A2
Q3512,A2
Q3513,A2
Q3514,A2
Q3515,A2
Q3516,A2
Q3517,A2
Q3518,A2
Q3519,A2
Q3520,A2
Q3521,A2
Q3522,A2
Q3523,A2
Q3524,A2
Q3525,A2
Q3526,A2
Q3527,A2
Q3528,A2
Q3529,A2
Q3530,A2
Q3531,A2
Q3532,A2
Q3533,A2
Q3534,A2
Q3535,A2
Q3536,A2
Q3537,A2
Q3538,A2
Q3539,A2
Q3540,A2
Q3541,A2
Q3542,A2
Q3543,A2
Q3544,A2
Q3545,A2
Q3546,A2
Q3547,A2
Q3548,A2
Q3549,A2
Q3550,A2
Q3551,A2
Q3552,A2
Q3553,A2
Q3554,A2
Q3555,A2
Q3556,A2
Q3557,A2
Q3558,A2
Q3559,A2
Q3560,A2
Q3561,A2
Q3562,A2
Q3563,A2
Q3564,A2
Q3565,A2
Q3566,A2
Q3567,A2
Q3568,A2
Q3569,A2
Q3570,A2
Q3571,A2
Q3572,A2
Q3573,A2
Q3574,A2
Q3575,A2
Q3576,A2
Q3577,A2
Q3578,A2
Q3579,A2
Q3580,A2
Q3581,A2
Q3582,A2
Q3583,A2
Q3584,A2
Q3585,A2
Q3586,A2
Q3587,A2
Q3588,A2
Q3589,A2
Q3590,A2
Q3591,A2
Q3592,A2
Q3593,A2
Q3594,A2
Q3595,A2
Q3596,A2
Q3597,A2
Q3598,A2
Q3599,A2
Q3600,A2
Q3601,A2
Q3602,A2
Q3603,A2
Q3604,A2
Q3605,A2
Q3606,A2
Q3607,A2
Q3608,A2
Q3609,A2
Q3610,A2
Q3611,A2
Q3612,A2
Q3613,A2
Q3614,A2
Q3615,A2
Q3616,A2
Q3617,A2
Q3618,A2
Q3619,A2
Q3620,A2
Q3621,A2
Q3622,A2
Q3623,A2
Q3624,A2
Q3625,A2
Q3626,A2
Q3627,A2
Q3628,A2
Q3629,A2
Q3630,A2
Q3631,A2
Q3632,A2
Q3633,A2
Q3634,A2
Q3635,A2
Q3636,A2
Q3637,A2
Q3638,A2
Q3639,A2
Q3640,A2
Q3641,A2
Q3642,A2
Q3643,A2
Q3644,A2
Q3645,A2
Q3646,A2
Q3647,A2
Q3648,A2
Q3649,A2
Q3650,A2
Q3651,A2
Q3652,A2
Q3653,A2
Q3654,A2
Q3655,A2
Q3656,A2
Q3657,A2
Q3658,A2
Q3659,A2
Q3660,A2
Q3661,A2
Q3662,A2
Q3663,A2
Q3664,A2
Q3665,A2
Q3666,A2
Q3667,A2
Q3668,A2
Q3669,A2
Q3670,A2
Q3671,A2
Q3672,A2
Q3673,A2
Q3674,A2
Q3675,A2
Q3676,A2
Q3677,A2
Q3678,A2
Q3679,A2
Q3680,A2
Q3681,A2
Q3682,A2
Q3683,A2
Q3684,A2
Q3685,A2
Q3686,A2
Q3687,A2
Q3688,A2
Q3689,A2
Q3690,A2
Q3691,A2
Q3692,A2
Q3693,A2
Q3694,A2
Q3695,A2
Q3696,A2
Q3697,A2
Q3698,A2
Q3699,A2
Q3700,A2
Q3701,A2
Q3702,A2
Q3703,A2
Q3704,A2
Q3705,A2
Q3706,A2
Q3707,A2
Q3708,A2
Q3709,A2
Q3710,A2
Q3711,A2
Q3712,A2
Q3713,A2
Q3714,A2
Q3715,A2
Q3716,A2
Q3717,A2
Q3718,A2
Q3719,A2
Q3720,A2
Q3721,A2
Q3722,A2
Q3723,A2
Q3724,A2
Q3725,A2
Q3726,A2
Q3727,A2
Q3728,A2
Q3729,A2
Q3730,A2
Q3731,A2
Q3732,A2
Q3733,A2
Q3734,A2
Q3735,A2
Q3736,A2
Q3737,A2
Q3738,A2
Q3739,A2
Q3740,A2
Q3741,A2
Q3742,A2
Q3743,A2
Q3744,A2
Q3745,A2
Q3746,A2
Q3747,A2
Q3748,A2
Q3749,A2
Q3750,A2
Q3751,A2
Q3752,A2
Q3753,A2
Q3754,A2
Q3755,A2
Q3756,A2
Q3757,A2
Q3758,A2
Q3759,A2
Q3760,A2
Q3761,A2
Q3762,A2
Q3763,A2
Q3764,A2
Q3765,A2
Q3766,A2
Q3767,A2
Q3768,A2
Q3769,A2
Q3770,A2
Q3771,A2
Q3772,A2
Q3773,A2
Q3774,A2
Q3775,A2
Q3776,A2
Q3777,A2
Q3778,A2
Q3779,A2
Q3780,A2
Q3781,A2
Q3782,A2
Q3783,A2
Q3784,A2
Q3785,A2
Q3786,A2
Q3787,A2
Q3788,A2
Q3789,A2
Q3790,A2
Q3791,A2
Q3792,A2
Q3793,A2
Q3794,A2
Q3795,A2
Q3796,A2
Q3797,A2
Q3798,A2
Q3799,A2
Q3800,A2
Q3801,A2
Q3802,A2
Q3803,A2
Q3804,A2
Q3805,A2
Q3806,A2
Q3807,A2
Q3808,A2
Q3809,A2
Q3810,A2
Q3811,A2
Q3812,A2
Q3813,A2
Q3814,A2
Q3815,A2
Q3816,A2
Q3817,A2
Q3818,A2
Q3819,A2
Q3820,A2
Q3821,A2
Q3822,A2
Q3823,A2
Q3824,A2
Q3825,A2
Q3826,A2
Q3827,A2
Q3828,A2
Q3829,A2
Q3830,A2
Q3831,A2
Q3832,A2
Q3833,A2
Q3834,A2
Q3835,A2
Q3836,A2
Q3837,A2
Q3838,A2
Q3839,A2
Q3840,A2
Q3841,A2
Q3842,A2
Q3843,A2
Q3844,A2
Q3845,A2
Q3846,A2
Q3847,A2
Q3848,A2
Q3849,A2
Q3850,A2
Q3851,A2
Q3852,A2
Q3853,A2
Q3854,A2
Q3855,A2
Q3856,A2
Q3857,A2
Q3858,A2
Q3859,A2
Q3860,A2
Q3861,A2
Q3862,A2
Q3863,A2
Q3864,A2
Q3865,A2
Q3866,A2
Q3867,A2
Q3868,A2
Q3869,A2
Q3870,A2
Q3871,A2
Q3872,A2
Q3873,A2
Q3874,A2
Q3875,A2
Q3876,A2
Q3877,A2
Q3878,A2
Q3879,A2
Q3880,A2
Q3881,A2
Q3882,A2
Q3883,A2
Q3884,A2
Q3885,A2
Q3886,A2
Q3887,A2
Q3888,A2
Q3889,A2
Q3890,A2
Q3891,A2
Q3892,A2
Q3893,A2
Q3894,A2
Q3895,A2
Q3896,A2
Q3897,A2
Q3898,A2
Q3899,A2
Q3900,A2
Q3901,A2
Q3902,A2
Q3903,A2
Q3904,A2
Q3905,A2
Q3906,A2
Q3907,A2
Q3908,A2
Q3909,A2
Q3910,A2
Q3911,A2
Q3912,A2
Q3913,A2
Q3914,A2
Q3915,A2
Q3916,A2
Q3917,A2
Q3918,A2
Q3919,A2
Q3920,A2
Q3921,A2
Q3922,A2
Q3923,A2
Q3924,A2
Q3925,A2
Q3926,A2
Q3927,A2
Q3928,A2
Q3929,A2
Q3930,A2
Q3931,A2
Q3932,A2
Q3933,A2
Q3934,A2
Q3935,A2
Q3936,A2
Q3937,A2
Q3938,A2
Q3939,A2
Q3940,A2
Q3941,A2
Q3942,A2
Q3943,A2
Q3944,A2
Q3945,A2
Q3946,A2
Q3947,A2
Q3948,A2
Q3949,A2
Q3950,A2
Q3951,A2
Q3952,A2
Q3953,A2
Q3954,A2
Q3955,A2
Q3956,A2
Q3957,A2
Q3958,A2
Q3959,A2
Q3960,A2
Q3961,A2
Q3962,A2
Q3963,A2
Q3964,A2
Q3965,A2
Q3966,A2
Q3967,A2
Q3968,A2
Q3969,A2
Q3970,A2
Q3971,A2
Q3972,A2
Q3973,A2
Q3974,A2
Q3975,A2
Q3976,A2
Q3977,A2
Q3978,A2
Q3979,A2
Q3980,A2
Q3981,A2
Q3982,A2
Q3983,A2
Q3984,A2
Q3985,A2
Q3986,A2
Q3987,A2
Q3988,A2
Q3989,A2
Q3990,A2
Q3991,A2
Q3992,A2
Q3993,A2
Q3994,A2
Q3995,A2
Q3996,A2
Q3997,A2
Q3998,A2
Q3999,A2
Q4000,A2
Q4001,A2
Q4002,A2
Q4003,A2
Q4004,A2
Q4005,A2
Q4006,A2
Q4007,A2
Q4008,A2
Q4009,A2
Q4010,A2
Q4011,A2
Q4012,A2
Q4013,A2
Q4014,A2
Q4015,A2
Q4016,A2
Q4017,A2
Q4018,A2
Q4019,A2
Q4020,A2
Q4021,A2
Q4022,A2
Q4023,A2
Q4024,A2
Q4025,A2
Q4026,A2
Q4027,A2
Q4028,A2
Q4029,A2
Q4030,A2
Q4031,A2
Q4032,A2
Q4033,A2
Q4034,A2
Q4035,A2
Q4036,A2
Q4037,A2
Q4038,A2
Q4039,A2
Q4040,A2
Q4041,A2
Q4042,A2
Q4043,A2
Q4044,A2
Q4045,A2
Q4046,A2
Q4047,A2
Q4048,A2
Q4049,A2
Q4050,A2
Q4051,A2
Q4052,A2
Q4053,A2
Q4054,A2
Q4055,A2
Q4056,A2
Q4057,A2
Q4058,A2
Q4059,A2
Q4060,A2
Q4061,A2
Q4062,A2
Q4063,A2
Q4064,A2
Q4065,A2
Q4066,A2
Q4067,A2
Q4068,A2
Q4069,A2
Q4070,A2
Q4071,A2
Q4072,A2
Q4073,A2
Q4074,A2
Q4075,A2
Q4076,A2
Q4077,A2
Q4078,A2
Q4079,A2
Q4080,A2
Q4081,A2
Q4082,A2
Q4083,A2
Q4084,A2
Q4085,A2
Q4086,A2
Q4087,A2
Q4088,A2
Q4089,A2
Q4090,A2
Q4091,A2
Q4092,A2
Q4093,A2
Q4094,A2
Q4095,A2
Q4096,A2
Q4097,A2
Q4098,A2
Q4099,A2
Q4100,A2
Q4101,A2
Q4102,A2
Q4103,A2
Q4104,A2
Q4105,A2
Q4106,A2
Q4107,A2
Q4108,A2
Q4109,A2
Q4110,A2
Q4111,A2
Q4112,A2
Q4113,A2
Q4114,A2
Q4115,A2
Q4116,A2
Q4117,A2
Q4118,A2
Q4119,A2
Q4120,A2
Q4121,A2
Q4122,A2
Q4123,A2
Q4124,A2
Q4125,A2
Q4126,A2
Q4127,A2
Q4128,A2
Q4129,A2
Q4130,A2
Q4131,A2
Q4132,A2
Q4133,A2
Q4134,A2
Q4135,A2
Q4136,A2
Q4137,A2
Q4138,A2
Q4139,A2
Q4140,A2
Q4141,A2
Q4142,A2
Q4143,A2
Q4144,A2
Q4145,A2
Q4146,A2
Q4147,A2
Q4148,A2
Q4149,A2
Q4150,A2
Q4151,A2
Q4152,A2
Q4153,A2
Q4154,A2
Q4155,A2
Q4156,A2
Q4157,A2
Q4158,A2
Q4159,A2
Q4160,A2
Q4161,A2
Q4162,A2
Q4163,A2
Q4164,A2
Q4165,A2
Q4166,A2
Q4167,A2
Q4168,A2
Q4169,A2
Q4170,A2
Q4171,A2
Q4172,A2
Q4173,A2
Q4174,A2
Q4175,A2
Q4176,A2
Q4177,A2
Q4178,A2
Q4179,A2
Q4180,A2
Q4181,A2
Q4182,A2
Q4183,A2
Q4184,A2
Q4185,A2
Q4186,A2
Q4187,A2
Q4188,A2
Q4189,A2
Q4190,A2
Q4191,A2
Q4192,A2
Q4193,A2
Q4194,A2
Q4195,A2
Q4196,A2
Q4197,A2
Q4198,A2
Q4199,A2
Q4200,A2
Q4201,A2
Q4202,A2
Q4203,A2
Q4204,A2
Q4205,A2
Q4206,A2
Q4207,A2
Q4208,A2
Q4209,A2
Q4210,A2
Q4211,A2
Q4212,A2
Q4213,A2
Q4214,A2
Q4215,A2
Q4216,A2
Q4217,A2
Q4218,A2
Q4219,A2
Q4220,A2
Q4221,A2
Q4222,A2
Q4223,A2
Q4224,A2
Q4225,A2
Q4226,A2
Q4227,A2
Q4228,A2
Q4229,A2
Q4230,A2
Q4231,A2
Q4232,A2
Q4233,A2
Q4234,A2
Q4235,A2
Q4236,A2
Q4237,A2
Q4238,A2
Q4239,A2
Q4240,A2
Q4241,A2
Q4242,A2
Q4243,A2
Q4244,A2
Q4245,A2
Q4246,A2
Q4247,A2
Q4248,A2
Q4249,A2
Q4250,A2
Q4251,A2
Q4252,A2
Q4253,A2
Q4254,A2
Q4255,A2
Q4256,A2
Q4257,A2
Q4258,A2
Q4259,A2
Q4260,A2
Q4261,A2
Q4262,A2
Q4263,A2
Q4264,A2
Q4265,A2
Q4266,A2
Q4267,A2
Q4268,A2
Q4269,A2
Q4270,A2
Q4271,A2
Q4272,A2
Q4273,A2
Q4274,A2
Q4275,A2
Q4276,A2
Q4277,A2
Q4278,A2
Q4279,A2
Q4280,A2
Q4281,A2
Q4282,A2
Q4283,A2
Q4284,A2
Q4285,A2
Q4286,A2
Q4287,A2
Q4288,A2
Q4289,A2
Q4290,A2
Q4291,A2
Q4292,A2
Q4293,A2
Q4294,A2
Q4295,A2
Q4296,A2
Q4297,A2
Q4298,A2
Q4299,A2
Q4300,A2
Q4301,A2
Q4302,A2
Q4303,A2
Q4304,A2
Q4305,A2
Q4306,A2
Q4307,A2
Q4308,A2
Q4309,A2
Q4310,A2
Q4311,A2
Q4312,A2
Q4313,A2
Q4314,A2
Q4315,A2
Q4316,A2
Q4317,A2
Q4318,A2
Q4319,A2
Q4320,A2
Q4321,A2
Q4322,A2
Q4323,A2
Q4324,A2
Q4325,A2
Q4326,A2
Q4327,A2
Q4328,A2
Q4329,A2
Q4330,A2
Q4331,A2
Q4332,A2
Q4333,A2
Q4334,A2
Q4335,A2
Q4336,A2
Q4337,A2
Q4338,A2
Q4339,A2
Q4340,A2
Q4341,A2
Q4342,A2
Q4343,A2
Q4344,A2
Q4345,A2
Q4346,A2
Q4347,A2
Q4348,A2
Q4349,A2
Q4350,A2
Q4351,A2
Q4352,A2
Q4353,A2
Q4354,A2
Q4355,A2
Q4356,A2
Q4357,A2
Q4358,A2
Q4359,A2
Q4360,A2
Q4361,A2
Q4362,A2
Q4363,A2
Q4364,A2
Q4365,A2
Q4366,A2
Q4367,A2
Q4368,A2
Q4369,A2
Q4370,A2
Q4371,A2
Q4372,A2
Q4373,A2
Q4374,A2
Q4375,A2
Q4376,A2
Q4377,A2
Q4378,A2
Q4379,A2
Q4380,A2
Q4381,A2
Q4382,A2
Q4383,A2
Q4384,A2
Q4385,A2
Q4386,A2
Q4387,A2
Q4388,A2
Q4389,A2
Q4390,A2
Q4391,A2
Q4392,A2
Q4393,A2
Q4394,A2
Q4395,A2
Q4396,A2
Q4397,A2
Q4398,A2
Q4399,A2
Q4400,A2
Q4401,A2
Q4402,A2
Q4403,A2
Q4404,A2
Q4405,A2
Q4406,A2
Q4407,A2
Q4408,A2
Q4409,A2
Q4410,A2
Q4411,A2
Q4412,A2
Q4413,A2
Q4414,A2
Q4415,A2
Q4416,A2
Q4417,A2
Q4418,A2
Q4419,A2
Q4420,A2
Q4421,A2
Q4422,A2
Q4423,A2
Q4424,A2
Q4425,A2
Q4426,A2
Q4427,A2
Q4428,A2
Q4429,A2
Q4430,A2
Q4431,A2
Q4432,A2
Q4433,A2
Q4434,A2
Q4435,A2
Q4436,A2
Q4437,A2
Q4438,A2
Q4439,A2
Q4440,A2
Q4441,A2
Q4442,A2
Q4443,A2
Q4444,A2
Q4445,A2
Q4446,A2
Q4447,A2
Q4448,A2
Q4449,A2
Q4450,A2
Q4451,A2
Q4452,A2
Q4453,A2
Q4454,A2
Q4455,A2
Q4456,A2
Q4457,A2
Q4458,A2
Q4459,A2
Q4460,A2
Q4461,A2
Q4462,A2
Q4463,A2
Q4464,A2
Q4465,A2
Q4466,A2
Q4467,A2
Q4468,A2
Q4469,A2
Q4470,A2
Q4471,A2
Q4472,A2
Q4473,A2
Q4474,A2
Q4475,A2
Q4476,A2
Q4477,A2
Q4478,A2
Q4479,A2
Q4480,A2
Q4481,A2
Q4482,A2
Q4483,A2
Q4484,A2
Q4485,A2
Q4486,A2
Q4487,A2
Q4488,A2
Q4489,A2
Q4490,A2
Q4491,A2
Q4492,A2
Q4493,A2
Q4494,A2
Q4495,A2
Q4496,A2
Q4497,A2
Q4498,A2
Q4499,A2
Q4500,A2
Q4501,A2
Q4502,A2
Q4503,A2
Q4504,A2
Q4505,A2
Q4506,A2
Q4507,A2
Q4508,A2
Q4509,A2
Q4510,A2
Q4511,A2
Q4512,A2
Q4513,A2
Q4514,A2
Q4515,A2
Q4516,A2
Q4517,A2
Q4518,A2
Q4519,A2
Q4520,A2
Q4521,A2
Q4522,A2
Q4523,A2
Q4524,A2
Q4525,A2
Q4526,A2
Q4527,A2
Q4528,A2
Q4529,A2
Q4530,A2
Q4531,A2
Q4532,A2
Q4533,A2
Q4534,A2
Q4535,A2
Q4536,A2
Q4537,A2
Q4538,A2
Q4539,A2
Q4540,A2
Q4541,A2
Q4542,A2
Q4543,A2
Q4544,A2
Q4545,A2
Q4546,A2
Q4547,A2
Q4548,A2
Q4549,A2
Q4550,A2
Q4551,A2
Q4552,A2
Q4553,A2
Q4554,A2
Q4555,A2
Q4556,A2
Q4557,A2
Q4558,A2
Q4559,A2
Q4560,A2
Q4561,A2
Q4562,A2
Q4563,A2
Q4564,A2
Q4565,A2
Q4566,A2
Q4567,A2
Q4568,A2
Q4569,A2
Q4570,A2
Q4571,A2
Q4572,A2
Q4573,A2
Q4574,A2
Q4575,A2
Q4576,A2
Q4577,A2
Q4578,A2
Q4579,A2
Q4580,A2
Q4581,A2
Q4582,A2
Q4583,A2
Q4584,A2
Q4585,A2
Q4586,A2
Q4587,A2
Q4588,A2
Q4589,A2
Q4590,A2
Q4591,A2
Q4592,A2
Q4593,A2
Q4594,A2
Q4595,A2
Q4596,A2
Q4597,A2
Q4598,A2
Q4599,A2
Q4600,A2
Q4601,A2
Q4602,A2
Q4603,A2
Q4604,A2
Q4605,A2
Q4606,A2
Q4607,A2
Q4608,A2
Q4609,A2
Q4610,A2
Q4611,A2
Q4612,A2
Q4613,A2
Q4614,A2
Q4615,A2
Q4616,A2
Q4617,A2
Q4618,A2
Q4619,A2
Q4620,A2
Q4621,A2
Q4622,A2
Q4623,A2
Q4624,A2
Q4625,A2
Q4626,A2
Q4627,A2
Q4628,A2
Q4629,A2
Q4630,A2
Q4631,A2
Q4632,A2
Q4633,A2
Q4634,A2
Q4635,A2
Q4636,A2
Q4637,A2
Q4638,A2
Q4639,A2
Q4640,A2
Q4641,A2
Q4642,A2
Q4643,A2
Q4644,A2
Q4645,A2
Q4646,A2
Q4647,A2
Q4648,A2
Q4649,A2
Q4650,A2
Q4651,A2
Q4652,A2
Q4653,A2
Q4654,A2
Q4655,A2
Q4656,A2
Q4657,A2
Q4658,A2
Q4659,A2
Q4660,A2
Q4661,A2
Q4662,A2
Q4663,A2
Q4664,A2
Q4665,A2
Q4666,A2
Q4667,A2
Q4668,A2
Q4669,A2
Q4670,A2
Q4671,A2
Q4672,A2
Q4673,A2
Q4674,A2
Q4675,A2
Q4676,A2
Q4677,A2
Q4678,A2
Q4679,A2
Q4680,A2
Q4681,A2
Q4682,A2
Q4683,A2
Q4684,A2
Q4685,A2
Q4686,A2
Q4687,A2
Q4688,A2
Q4689,A2
Q4690,A2
Q4691,A2
Q4692,A2
Q4693,A2
Q4694,A2
Q4695,A2
Q4696,A2
Q4697,A2
Q4698,A2
Q4699,A2
Q4700,A2
Q4701,A2
Q4702,A2
Q4703,A2
Q4704,A2
Q4705,A2
Q4706,A2
Q4707,A2
Q4708,A2
Q4709,A2
Q4710,A2
Q4711,A2
Q4712,A2
Q4713,A2
Q4714,A2
Q4715,A2
Q4716,A2
Q4717,A2
Q4718,A2
Q4719,A2
Q4720,A2
Q4721,A2
Q4722,A2
Q4723,A2
Q4724,A2
Q4725,A2
Q4726,A2
Q4727,A2
Q4728,A2
Q4729,A2
Q4730,A2
Q4731,A2
Q4732,A2
Q4733,A2
Q4734,A2
Q4735,A2
Q4736,A2
Q4737,A2
Q4738,A2
Q4739,A2
Q4740,A2
Q4741,A2
Q4742,A2
Q4743,A2
Q4744,A2
Q4745,A2
Q4746,A2
Q4747,A2
Q4748,A2
Q4749,A2
Q4750,A2
Q4751,A2
Q4752,A2
Q4753,A2
Q4754,A2
Q4755,A2
Q4756,A2
Q4757,A2
Q4758,A2
Q4759,A2
Q4760,A2
Q4761,A2
Q4762,A2
Q4763,A2
Q4764,A2
Q4765,A2
Q4766,A2
Q4767,A2
Q4768,A2
Q4769,A2
Q4770,A2
Q4771,A2
Q4772,A2
Q4773,A2
Q4774,A2
Q4775,A2
Q4776,A2
Q4777,A2
Q4778,A2
Q4779,A2
Q4780,A2
Q4781,A2
Q4782,A2
Q4783,A2
Q4784,A2
Q4785,A2
Q4786,A2
Q4787,A2
Q4788,A2
Q4789,A2
Q4790,A2
Q4791,A2
Q4792,A2
Q4793,A2
Q4794,A2
Q4795,A2
Q4796,A2
Q4797,A2
Q4798,A2
Q4799,A2
Q4800,A2
Q4801,A2
Q4802,A2
Q4803,A2
Q4804,A2
Q4805,A2
Q4806,A2
Q4807,A2
Q4808,A2
Q4809,A2
Q4810,A2
Q4811,A2
Q4812,A2
Q4813,A2
Q4814,A2
Q4815,A2
Q4816,A2
Q4817,A2
Q4818,A2
Q4819,A2
Q4820,A2
Q4821,A2
Q4822,A2
Q4823,A2
Q4824,A2
Q4825,A2
Q4826,A2
Q4827,A2
Q4828,A2
Q4829,A2
Q4830,A2
Q4831,A2
Q4832,A2
Q4833,A2
Q4834,A2
Q4835,A2
Q4836,A2
Q4837,A2
Q4838,A2
Q4839,A2
Q4840,A2
Q4841,A2
Q4842,A2
Q4843,A2
Q4844,A2
Q4845,A2
Q4846,A2
Q4847,A2
Q4848,A2
Q4849,A2
Q4850,A2
Q4851,A2
Q4852,A2
Q4853,A2
Q4854,A2
Q4855,A2
Q4856,A2
Q4857,A2
Q4858,A2
Q4859,A2
Q4860,A2
Q4861,A2
Q4862,A2
Q4863,A2
Q4864,A2
Q4865,A2
Q4866,A2
Q4867,A2
Q4868,A2
Q4869,A2
Q4870,A2
Q4871,A2
Q4872,A2
Q4873,A2
Q4874,A2
Q4875,A2
Q4876,A2
Q4877,A2
Q4878,A2
Q4879,A2
Q4880,A2
Q4881,A2
Q4882,A2
Q4883,A2
Q4884,A2
Q4885,A2
Q4886,A2
Q4887,A2
Q4888,A2
Q4889,A2
Q4890,A2
Q4891,A2
Q4892,A2
Q4893,A2
Q4894,A2
Q4895,A2
Q4896,A2
Q4897,A2
Q4898,A2
Q4899,A2
Q4900,A2
Q4901,A2
Q4902,A2
Q4903,A2
Q4904,A2
Q4905,A2
Q4906,A2
Q4907,A2
Q4908,A2
Q4909,A2
Q4910,A2
Q4911,A2
Q4912,A2
Q4913,A2
Q4914,A2
Q4915,A2
Q4916,A2
Q4917,A2
Q4918,A2
Q4919,A2
Q4920,A2
Q4921,A2
Q4922,A2
Q4923,A2
Q4924,A2
Q4925,A2
Q4926,A2
Q4927,A2
Q4928,A2
Q4929,A2
Q4930,A2
Q4931,A2
Q4932,A2
Q4933,A2
Q4934,A2
Q4935,A2
Q4936,A2
Q4937,A2
Q4938,A2
Q4939,A2
Q4940,A2
Q4941,A2
Q4942,A2
Q4943,A2
Q4944,A2
Q4945,A2
Q4946,A2
Q4947,A2
Q4948,A2
Q4949,A2
Q4950,A2
Q4951,A2
Q4952,A2
Q4953,A2
Q4954,A2
Q4955,A2
Q4956,A2
Q4957,A2
Q4958,A2
Q4959,A2
Q4960,A2
Q4961,A2
Q4962,A2
Q4963,A2
Q4964,A2
Q4965,A2
Q4966,A2
Q4967,A2
Q4968,A2
Q4969,A2
Q4970,A2
Q4971,A2
Q4972,A2
Q4973,A2
Q4974,A2
Q4975,A2
Q4976,A2
Q4977,A2
Q4978,A2
Q4979,A2
Q4980,A2
Q4981,A2
Q4982,A2
Q4983,A2
Q4984,A2
Q4985,A2
Q4986,A2
Q4987,A2
Q4988,A2
Q4989,A2
Q4990,A2
Q4991,A2
Q4992,A2
Q4993,A2
Q4994,A2
Q4995,A2
Q4996,A2
Q4997,A2
Q4998,A2
Q4999,A2
Q5000,A2
Q5001,A2
Q5002,A2
Q5003,A2
Q5004,A2
Q5005,A2
Q5006,A2
Q5007,A2
Q5008,A2
Q5009,A2
Q5010,A2
Q5011,A2
Q5012,A2
Q5013,A2
Q5014,A2
Q5015,A2
Q5016,A2
Q5017,A2
Q5018,A2
Q5019,A2
Q5020,A2
Q5021,A2
Q5022,A2
Q5023,A2
Q5024,A2
Q5025,A2
Q5026,A2
Q5027,A2
Q5028,A2
Q5029,A2
Q5030,A2
Q5031,A2
Q5032,A2
Q5033,A2
Q5034,A2
Q5035,A2
Q5036,A2
Q5037,A2
Q5038,A2
Q5039,A2
Q5040,A2
Q5041,A2
Q5042,A2
Q5043,A2
Q5044,A2
Q5045,A2
Q5046,A2
Q5047,A2
Q5048,A2
Q5049,A2
Q5050,A2
Q5051,A2
Q5052,A2
Q5053,A2
Q5054,A2
Q5055,A2
Q5056,A2
Q5057,A2
Q5058,A2
Q5059,A2
Q5060,A2
Q5061,A2
Q5062,A2
Q5063,A2
Q5064,A2
Q5065,A2
Q5066,A2
Q5067,A2
Q5068,A2
Q5069,A2
Q5070,A2
Q5071,A2
Q5072,A2
Q5073,A2
Q5074,A2
Q5075,A2
Q5076,A2
Q5077,A2
Q5078,A2
Q5079,A2
Q5080,A2
Q5081,A2
Q5082,A2
Q5083,A2
Q5084,A2
Q5085,A2
Q5086,A2
Q5087,A2
Q5088,A2
Q5089,A2
Q5090,A2
Q5091,A2
Q5092,A2
Q5093,A2
Q5094,A2
Q5095,A2
Q5096,A2
Q5097,A2
Q5098,A2
Q5099,A2
Q5100,A2
Q5101,A2
Q5102,A2
Q5103,A2
Q5104,A2
Q5105,A2
Q5106,A2
Q5107,A2
Q5108,A2
Q5109,A2
Q5110,A2
Q5111,A2
Q5112,A2
Q5113,A2
Q5114,A2
Q5115,A2
Q5116,A2
Q5117,A2
Q5118,A2
Q5119,A2
Q5120,A2
Q5121,A2
Q5122,A2
Q5123,A2
Q5124,A2
Q5125,A2
Q5126,A2
Q5127,A2
Q5128,A2
Q5129,A2
Q5130,A2
Q5131,A2
Q5132,A2
Q5133,A2
Q5134,A2
Q5135,A2
Q5136,A2
Q5137,A2
Q5138,A2
Q5139,A2
Q5140,A2
Q5141,A2
Q5142,A2
Q5143,A2
Q5144,A2
Q5145,A2
Q5146,A2
Q5147,A2
Q5148,A2
Q5149,A2
Q5150,A2
Q5151,A2
Q5152,A2
Q5153,A2
Q5154,A2
Q5155,A2
Q5156,A2
Q5157,A2
Q5158,A2
Q5159,A2
Q5160,A2
Q5161,A2
Q5162,A2
Q5163,A2
Q5164,A2
Q5165,A2
Q5166,A2
Q5167,A2
Q5168,A2
Q5169,A2
Q5170,A2
Q5171,A2
Q5172,A2
Q5173,A2
Q5174,A2
Q5175,A2
Q5176,A2
Q5177,A2
Q5178,A2
Q5179,A2
Q5180,A2
Q5181,A2
Q5182,A2
Q5183,A2
Q5184,A2
Q5185,A2
Q5186,A2
Q5187,A2
Q5188,A2
Q5189,A2
Q5190,A2
Q5191,A2
Q5192,A2
Q5193,A2
Q5194,A2
Q5195,A2
Q5196,A2
Q5197,A2
Q5198,A2
Q5199,A2
Q5200,A2
Q5201,A2
Q5202,A2
Q5203,A2
Q5204,A2
Q5205,A2
Q5206,A2
Q5207,A2
Q5208,A2
Q5209,A2
Q5210,A2
Q5211,A2
Q5212,A2
Q5213,A2
Q5214,A2
Q5215,A2
Q5216,A2
Q5217,A2
Q5218,A2
Q5219,A2
Q5220,A2
Q5221,A2
Q5222,A2
Q5223,A2
Q5224,A2
Q5225,A2
Q5226,A2
Q5227,A2
Q5228,A2
Q5229,A2
Q5230,A2
Q5231,A2
Q5232,A2
Q5233,A2
Q5234,A2
Q5235,A2
Q5236,A2
Q5237,A2
Q5238,A2
Q5239,A2
Q5240,A2
Q5241,A2
Q5242,A2
Q5243,A2
Q5244,A2
Q5245,A2
Q5246,A2
Q5247,A2
Q5248,A2
Q5249,A2
Q5250,A2
Q5251,A2
Q5252,A2
Q5253,A2
Q5254,A2
Q5255,A2
Q5256,A2
Q5257,A2
Q5258,A2
Q5259,A2
Q5260,A2
Q5261,A2
Q5262,A2
Q5263,A2
Q5264,A2
Q5265,A2
Q5266,A2
Q5267,A2
Q5268,A2
Q5269,A2
Q5270,A2
Q5271,A2
Q5272,A2
Q5273,A2
Q5274,A2
Q5275,A2
Q5276,A2
Q5277,A2
Q5278,A2
Q5279,A2
Q5280,A2
Q5281,A2
Q5282,A2
Q5283,A2
Q5284,A2
Q5285,A2
Q5286,A2
Q5287,A2
Q5288,A2
Q5289,A2
Q5290,A2
Q5291,A2
Q5292,A2
Q5293,A2
Q5294,A2
Q5295,A2
Q5296,A2
Q5297,A2
Q5298,A2
Q5299,A2
Q5300,A2
Q5301,A2
Q5302,A2
Q5303,A2
Q5304,A2
Q5305,A2
Q5306,A2
Q5307,A2
Q5308,A2
Q5309,A2
Q5310,A2
Q5311,A2
Q5312,A2
Q5313,A2
Q5314,A2
Q5315,A2
Q5316,A2
Q5317,A2
Q5318,A2
Q5319,A2
Q5320,A2
Q5321,A2
Q5322,A2
Q5323,A2
Q5324,A2
Q5325,A2
Q5326,A2
Q5327,A2
Q5328,A2
Q5329,A2
Q5330,A2
Q5331,A2
Q5332,A2
Q5333,A2
Q5334,A2
Q5335,A2
Q5336,A2
Q5337,A2
Q5338,A2
Q5339,A2
Q5340,A2
Q5341,A2
Q5342,A2
Q5343,A2
Q5344,A2
Q5345,A2
Q5346,A2
Q5347,A2
Q5348,A2
Q5349,A2
Q5350,A2
Q5351,A2
Q5352,A2
Q5353,A2
Q5354,A2
Q5355,A2
Q5356,A2
Q5357,A2
Q5358,A2
Q5359,A2
Q5360,A2
Q5361,A2
Q5362,A2
Q5363,A2
Q5364,A2
Q5365,A2
Q5366,A2
Q5367,A2
Q5368,A2
Q5369,A2
Q5370,A2
Q5371,A2
Q5372,A2
Q5373,A2
Q5374,A2
Q5375,A2
Q5376,A2
Q5377,A2
Q5378,A2
Q5379,A2
Q5380,A2
Q5381,A2
Q5382,A2
Q5383,A2
Q5384,A2
Q5385,A2
Q5386,A2
Q5387,A2
Q5388,A2
Q5389,A2
Q5390,A2
Q5391,A2
Q5392,A2
Q5393,A2
Q5394,A2
Q5395,A2
Q5396,A2
Q5397,A2
Q5398,A2
Q5399,A2
Q5400,A2
Q5401,A2
Q5402,A2
Q5403,A2
Q5404,A2
Q5405,A2
Q5406,A2
Q5407,A2
Q5408,A2
Q5409,A2
Q5410,A2
Q5411,A2
Q5412,A2
Q5413,A2
Q5414,A2
Q5415,A2
Q5416,A2
Q5417,A2
Q5418,A2
Q5419,A2
Q5420,A2
Q5421,A2
Q5422,A2
Q5423,A2
Q5424,A2
Q5425,A2
Q5426,A2
Q5427,A2
Q5428,A2
Q5429,A2
Q5430,A2
Q5431,A2
Q5432,A2
Q5433,A2
Q5434,A2
Q5435,A2
Q5436,A2
Q5437,A2
Q5438,A2
Q5439,A2
Q5440,A2
Q5441,A2
Q5442,A2
Q5443,A2
Q5444,A2
Q5445,A2
Q5446,A2
Q5447,A2
Q5448,A2
Q5449,A2
Q5450,A2
Q5451,A2
Q5452,A2
Q5453,A2
Q5454,A2
Q5455,A2
Q5456,A2
Q5457,A2
Q5458,A2
Q5459,A2
Q5460,A2
Q5461,A2
Q5462,A2
Q5463,A2
Q5464,A2
Q5465,A2
Q5466,A2
Q5467,A2
Q5468,A2
Q5469,A2
Q5470,A2
Q5471,A2
Q5472,A2
Q5473,A2
Q5474,A2
Q5475,A2
Q5476,A2
Q5477,A2
Q5478,A2
Q5479,A2
Q5480,A2
Q5481,A2
Q5482,A2
Q5483,A2
Q5484,A2
Q5485,A2
Q5486,A2
Q5487,A1
Q5488,A1
Q5489,A1
Q5490,A1
Q5491,A1
Q5492,A1
Q5493,A1
Q5494,A1
Q5495,A1
Q5496,A1
Q5497,A1
Q5498,A1
Q5499,A1
Q5500,A1
Q5501,A1
Q5502,A1
Q5503,A1
Q5504,A1
Q5505,A1
Q5506,A1
Q5507,A1
Q5508,A1
Q5509,A1
Q5510,A1
Q5511,A1
Q5512,A1
Q5513,A1
Q5514,A1
Q5515,A1
Q5516,A1
Q5517,A1
Q5518,A1
Q5519,A1
Q5520,A1
Q5521,A1
Q5522,A1
Q5523,A1
Q5524,A1
Q5525,A1
Q5526,A1
Q5527,A1
Q5528,A1
Q5529,A1
Q5530,A1
Q5531,A1
Q5532,A1
Q5533,A1
Q5534,A1
Q5535,A1
Q5536,A1
Q5537,A1
Q5538,A1
Q5539,A1
Q5540,A1
Q5541,A1
Q5542,A1
Q5543,A1
Q5544,A1
Q5545,A1
Q5546,A1
Q5547,A1
Q5548,A1
Q5549,A1
Q5550,A1
Q5551,A1
Q5552,A1
Q5553,A1
Q5554,A1
Q5555,A1
Q5556,A1
Q5557,A1
Q5558,A1
Q5559,A1
Q5560,A1
Q5561,A1
Q5562,A1
Q5563,A1
Q5564,A1
Q5565,A1
Q5566,A1
Q5567,A1
Q5568,A1
Q5569,A1
Q5570,A1
Q5571,A1
Q5572,A1
Q5573,A1
Q5574,A1
Q5575,A1
Q5576,A1
Q5577,A1
Q5578,A1
Q5579,A1
Q5580,A1
Q5581,A1
Q5582,A1
Q5583,A1
Q5584,A1
Q5585,A1
Q5586,A1
Q5587,A1
Q5588,A1
Q5589,A1
Q5590,A1
Q5591,A1
Q5592,A1
Q5593,A1
Q5594,A1
Q5595,A1
Q5596,A1
Q5597,A1
Q5598,A1
Q5599,A1
Q5600,A1
Q5601,A1
Q5602,A1
Q5603,A1
Q5604,A1
Q5605,A1
Q5606,A1
Q5607,A1
Q5608,A1
Q5609,A1
Q5610,A1
Q5611,A1
Q5612,A1
Q5613,A1
Q5614,A1
Q5615,A1
Q5616,A1
Q5617,A1
Q5618,A1
Q5619,A1
Q5620,A1
Q5621,A1
Q5622,A1
Q5623,A1
Q5624,A1
Q5625,A1
Q5626,A1
Q5627,A1
Q5628,A1
Q5629,A1
Q5630,A1
Q5631,A1
Q5632,A1
Q5633,A1
Q5634,A1
Q5635,A1
Q5636,A1
Q5637,A1
Q5638,A1
Q5639,A1
Q5640,A1
Q5641,A1
Q5642,A1
Q5643,A1
Q5644,A1
Q5645,A1
Q5646,A1
Q5647,A1
Q5648,A1
Q5649,A1
Q5650,A1
Q5651,A1
Q5652,A1
Q5653,A1
Q5654,A1
Q5655,A1
Q5656,A1
Q5657,A1
Q5658,A1
Q5659,A1
Q5660,A1
Q5661,A1
Q5662,A1
Q5663,A1
Q5664,A1
Q5665,A1
Q5666,A1
Q5667,A1
Q5668,A1
Q5669,A1
Q5670,A1
Q5671,A1
Q5672,A1
Q5673,A1
Q5674,A1
Q5675,A1
Q5676,A1
Q5677,A1
Q5678,A1
Q5679,A1
Q5680,A1
Q5681,A1
Q5682,A1
Q5683,A1
Q5684,A1
Q5685,A1
Q5686,A1
Q5687,A1
Q5688,A1
Q5689,A1
Q5690,A1
Q5691,A1
Q5692,A1
Q5693,A1
Q5694,A1
Q5695,A1
Q5696,A1
Q5697,A1
Q5698,A1
Q5699,A1
Q5700,A1
Q5701,A1
Q5702,A1
Q5703,A1
Q5704,A1
Q5705,A1
Q5706,A1
Q5707,A1
Q5708,A1
Q5709,A1
Q5710,A1
Q5711,A1
Q5712,A1
Q5713,A1
Q5714,A1
Q5715,A1
Q5716,A1
Q5717,A1
Q5718,A1
Q5719,A1
Q5720,A1
Q5721,A1
Q5722,A1
Q5723,A1
Q5724,A1
Q5725,A1
Q5726,A1
Q5727,A1
Q5728,A1
Q5729,A1
Q5730,A1
Q5731,A1
Q5732,A1
Q5733,A1
Q5734,A1
Q5735,A1
Q5736,A1
Q5737,A1
Q5738,A1
Q5739,A1
Q5740,A1
Q5741,A1
Q5742,A1
Q5743,A1
Q5744,A1
Q5745,A1
Q5746,A1
Q5747,A1
Q5748,A1
Q5749,A1
Q5750,A1
Q5751,A1
Q5752,A1
Q5753,A1
Q5754,A1
Q5755,A1
Q5756,A1
Q5757,A1
Q5758,A1
Q5759,A1
Q5760,A1
Q5761,A1
Q5762,A1
Q5763,A1
Q5764,A1
Q5765,A1
Q5766,A1
Q5767,A1
Q5768,A1
Q5769,A1
Q5770,A1
Q5771,A1
Q5772,A1
Q5773,A1
Q5774,A1
Q5775,A1
Q5776,A1
Q5777,A1
Q5778,A1
Q5779,A1
Q5780,A1
Q5781,A1
Q5782,A1
Q5783,A1
Q5784,A1
Q5785,A1
Q5786,A1
Q5787,A1
Q5788,A1
Q5789,A1
Q5790,A1
Q5791,A1
Q5792,A1
Q5793,A1
Q5794,A1
Q5795,A1
Q5796,A1
Q5797,A1
Q5798,A1
Q5799,A1
Q5800,A1
Q5801,A1
Q5802,A1
Q5803,A1
Q5804,A1
Q5805,A1
Q5806,A1
Q5807,A1
Q5808,A1
Q5809,A1
Q5810,A1
Q5811,A1
Q5812,A1
Q5813,A1
Q5814,A1
Q5815,A1
Q5816,A1
Q5817,A1
Q5818,A1
Q5819,A1
Q5820,A1
Q5821,A1
Q5822,A1
Q5823,A1
Q5824,A1
Q5825,A1
Q5826,A1
Q5827,A1
Q5828,A1
Q5829,A1
Q5830,A1
Q5831,A1
Q5832,A1
Q5833,A1
Q5834,A1
Q5835,A1
Q5836,A1
Q5837,A1
Q5838,A1
Q5839,A1
Q5840,A1
Q5841,A1
Q5842,A1
Q5843,A1
Q5844,A1
Q5845,A1
Q5846,A1
Q5847,A1
Q5848,A1
Q5849,A1
Q5850,A1
Q5851,A1
Q5852,A1
Q5853,A1
Q5854,A1
Q5855,A1
Q5856,A1
Q5857,A1
Q5858,A1
Q5859,A1
Q5860,A1
Q5861,A1
Q5862,A1
Q5863,A1
Q5864,A1
Q5865,A1
Q5866,A1
Q5867,A1
Q5868,A1
Q5869,A1
Q5870,A1
Q5871,A1
Q5872,A1
Q5873,A1
Q5874,A1
Q5875,A1
Q5876,A1
Q5877,A1
Q5878,A1
Q5879,A1
Q5880,A1
Q5881,A1
Q5882,A1
Q5883,A1
Q5884,A1
Q5885,A1
Q5886,A1
Q5887,A1
Q5888,A1
Q5889,A1
Q5890,A1
Q5891,A1
Q5892,A1
Q5893,A1
Q5894,A1
Q5895,A1
Q5896,A1
Q5897,A1
Q5898,A1
Q5899,A1
Q5900,A1
Q5901,A1
Q5902,A1
Q5903,A1
Q5904,A1
Q5905,A1
Q5906,A1
Q5907,A1
Q5908,A1
Q5909,A1
Q5910,A1
Q5911,A1
Q5912,A1
Q5913,A1
Q5914,A1
Q5915,A1
Q5916,A1
Q5917,A1
Q5918,A1
Q5919,A1
Q5920,A1
Q5921,A1
Q5922,A1
Q5923,A1
Q5924,A1
Q5925,A1
Q5926,A1
Q5927,A1
Q5928,A1
Q5929,A1
Q5930,A1
Q5931,A1
Q5932,A1
Q5933,A1
Q5934,A1
Q5935,A1
Q5936,A1
Q5937,A1
Q5938,A1
Q5939,A1
Q5940,A1
Q5941,A1
Q5942,A1
Q5943,A1
Q5944,A1
Q5945,A1
Q5946,A1
Q5947,A1
Q5948,A1
Q5949,A1
Q5950,A1
Q5951,A1
Q5952,A1
Q5953,A1
Q5954,A1
Q5955,A1
Q5956,A1
Q5957,A1
Q5958,A1
Q5959,A1
Q5960,A1
Q5961,A1
Q5962,A1
Q5963,A1
Q5964,A1
Q5965,A1
Q5966,A1
Q5967,A1
Q5968,A1
Q5969,A1
Q5970,A1
Q5971,A1
Q5972,A1
Q5973,A1
Q5974,A1
Q5975,A1
Q5976,A1
Q5977,A1
Q5978,A1
Q5979,A1
Q5980,A1
Q5981,A1
Q5982,A1
Q5983,A1
Q5984,A1
Q5985,A1
Q5986,A1
Q5987,A1
Q5988,A1
Q5989,A1
Q5990,A1
Q5991,A1
Q5992,A1
Q5993,A1
Q5994,A1
Q5995,A1
Q5996,A1
Q5997,A1
Q5998,A1
Q5999,A1
Q6000,A1
Q6001,A1
Q6002,A1
Q6003,A1
Q6004,A1
Q6005,A1
Q6006,A1
Q6007,A1
Q6008,A1
Q6009,A1
Q6010,A1
Q6011,A1
Q6012,A1
Q6013,A1
Q6014,A1
Q6015,A1
Q6016,A1
Q6017,A1
Q6018,A1
Q6019,A1
Q6020,A1
Q6021,A1
Q6022,A1
Q6023,A1
Q6024,A1
Q6025,A1
Q6026,A1
Q6027,A1
Q6028,A1
Q6029,A1
Q6030,A1
Q6031,A1
Q6032,A1
Q6033,A1
Q6034,A1
Q6035,A1
Q6036,A1
Q6037,A1
Q6038,A1
Q6039,A1
Q6040,A1
Q6041,A1
Q6042,A1
Q6043,A1
Q6044,A1
Q6045,A1
Q6046,A1
Q6047,A1
Q6048,A1
Q6049,A1
Q6050,A1
Q6051,A1
Q6052,A1
Q6053,A1
Q6054,A1
Q6055,A1
Q6056,A1
Q6057,A1
Q6058,A1
Q6059,A1
Q6060,A1
Q6061,A1
Q6062,A1
Q6063,A1
Q6064,A1
Q6065,A1
Q6066,A1
Q6067,A1
Q6068,A1
Q6069,A1
Q6070,A1
Q6071,A1
Q6072,A1
Q6073,A1
Q6074,A1
Q6075,A1
Q6076,A1
Q6077,A1
Q6078,A1
Q6079,A1
Q6080,A1
Q6081,A1
Q6082,A1
Q6083,A1
Q6084,A1
Q6085,A1
Q6086,A1
Q6087,A1
Q6088,A1
Q6089,A1
Q6090,A1
Q6091,A1
Q6092,A1
Q6093,A1
Q6094,A1
Q6095,A1
Q6096,A1
Q6097,A1
Q6098,A1
Q6099,A1
Q6100,A1
Q6101,A1
Q6102,A1
Q6103,A1
Q6104,A1
Q6105,A1
Q6106,A1
Q6107,A1
Q6108,A1
Q6109,A1
Q6110,A1
Q6111,A1
Q6112,A1
Q6113,A1
Q6114,A1
Q6115,A1
Q6116,A1
Q6117,A1
Q6118,A1
Q6119,A1
Q6120,A1
Q6121,A1
Q6122,A1
Q6123,A1
Q6124,A1
Q6125,A1
Q6126,A1
Q6127,A1
Q6128,A1
Q6129,A1
Q6130,A1
Q6131,A1
Q6132,A1
Q6133,A1
Q6134,A1
Q6135,A1
Q6136,A1
Q6137,A1
Q6138,A1
Q6139,A1
Q6140,A1
Q6141,A1
Q6142,A1
Q6143,A1
Q6144,A1
Q6145,A1
Q6146,A1
Q6147,A1
Q6148,A1
Q6149,A1
Q6150,A1
Q6151,A1
Q6152,A1
Q6153,A1
Q6154,A1
Q6155,A1
Q6156,A1
Q6157,A1
Q6158,A1
Q6159,A1
Q6160,A1
Q6161,A1
Q6162,A1
Q6163,A1
Q6164,A1
Q6165,A1
Q6166,A1
Q6167,A1
Q6168,A1
Q6169,A1
Q6170,A1
Q6171,A1
Q6172,A1
Q6173,A1
Q6174,A1
Q6175,A1
Q6176,A1
Q6177,A1
Q6178,A1
Q6179,A1
Q6180,A1
Q6181,A1
Q6182,A1
Q6183,A1
Q6184,A1
Q6185,A1
Q6186,A1
Q6187,A1
Q6188,A1
Q6189,A1
Q6190,A1
Q6191,A1
Q6192,A1
Q6193,A1
Q6194,A1
Q6195,A1
Q6196,A1
Q6197,A1
Q6198,A1
Q6199,A1
Q6200,A1
Q6201,A1
Q6202,A1
Q6203,A1
Q6204,A1
Q6205,A1
Q6206,A1
Q6207,A1
Q6208,A1
Q6209,A1
Q6210,A1
Q6211,A1
Q6212,A1
Q6213,A1
Q6214,A1
Q6215,A1
Q6216,A1
Q6217,A1
Q6218,A1
Q6219,A1
Q6220,A1
Q6221,A1
Q6222,A1
Q6223,A1
Q6224,A1
Q6225,A1
Q6226,A1
Q6227,A1
Q6228,A1
Q6229,A1
Q6230,A1
Q6231,A1
Q6232,A1
Q6233,A1
Q6234,A1
Q6235,A1
Q6236,A1
Q6237,A1
Q6238,A1
Q6239,A1
Q6240,A1
Q6241,A1
Q6242,A1
Q6243,A1
Q6244,A1
Q6245,A1
Q6246,A1
Q6247,A1
Q6248,A1
Q6249,A1
Q6250,A1
Q6251,A1
Q6252,A1
Q6253,A1
Q6254,A1
Q6255,A1
Q6256,A1
Q6257,A1
Q6258,A1
Q6259,A1
Q6260,A1
Q6261,A1
Q6262,A1
Q6263,A1
Q6264,A1
Q6265,A1
Q6266,A1
Q6267,A1
Q6268,A1
Q6269,A1
Q6270,A1
Q6271,A1
Q6272,A1
Q6273,A1
Q6274,A1
Q6275,A1
Q6276,A1
Q6277,A1
Q6278,A1
Q6279,A1
Q6280,A1
Q6281,A1
Q6282,A1
Q6283,A1
Q6284,A1
Q6285,A1
Q6286,A1
Q6287,A1
Q6288,A1
Q6289,A1
Q6290,A1
Q6291,A1
Q6292,A1
Q6293,A1
Q6294,A1
Q6295,A1
Q6296,A1
Q6297,A1
Q6298,A1
Q6299,A1
Q6300,A1
Q6301,A1
Q6302,A1
Q6303,A1
Q6304,A1
Q6305,A1
Q6306,A1
Q6307,A1
Q6308,A1
Q6309,A1
Q6310,A1
Q6311,A1
Q6312,A1
Q6313,A1
Q6314,A1
Q6315,A1
Q6316,A1
Q6317,A1
Q6318,A1
Q6319,A1
Q6320,A1
Q6321,A1
Q6322,A1
Q6323,A1
Q6324,A1
Q6325,A1
Q6326,A1
Q6327,A1
Q6328,A1
Q6329,A1
Q6330,A1
Q6331,A1
Q6332,A1
Q6333,A1
Q6334,A1
Q6335,A1
Q6336,A1
Q6337,A1
Q6338,A1
Q6339,A1
Q6340,A1
Q6341,A1
Q6342,A1
Q6343,A1
Q6344,A1
Q6345,A1
Q6346,A1
Q6347,A1
Q6348,A1
Q6349,A1
Q6350,A1
Q6351,A1
Q6352,A1
Q6353,A1
Q6354,A1
Q6355,A1
Q6356,A1
Q6357,A1
Q6358,A1
Q6359,A1
Q6360,A1
Q6361,A1
Q6362,A1
Q6363,A1
Q6364,A1
Q6365,A1
Q6366,A1
Q6367,A1
Q6368,A1
Q6369,A1
Q6370,A1
Q6371,A1
Q6372,A1
Q6373,A1
Q6374,A1
Q6375,A1
Q6376,A1
Q6377,A1
Q6378,A1
Q6379,A1
Q6380,A1
Q6381,A1
Q6382,A1
Q6383,A1
Q6384,A1
Q6385,A1
Q6386,A1
Q6387,A1
Q6388,A1
Q6389,A1
Q6390,A1
Q6391,A1
Q6392,A1
Q6393,A1
Q6394,A1
Q6395,A1
Q6396,A1
Q6397,A1
Q6398,A1
Q6399,A1
Q6400,A1
Q6401,A1
Q6402,A1
Q6403,A1
Q6404,A1
Q6405,A1
Q6406,A1
Q6407,A1
Q6408,A1
Q6409,A1
Q6410,A1
Q6411,A1
Q6412,A1
Q6413,A1
Q6414,A1
Q6415,A1
Q6416,A1
Q6417,A1
Q6418,A1
Q6419,A1
Q6420,A1
Q6421,A1
Q6422,A1
Q6423,A1
Q6424,A1
Q6425,A1
Q6426,A1
Q6427,A1
Q6428,A1
Q6429,A1
Q6430,A1
Q6431,A1
Q6432,A1
Q6433,A1
Q6434,A1
Q6435,A1
Q6436,A1
Q6437,A1
Q6438,A1
Q6439,A1
Q6440,A1
Q6441,A1
Q6442,A1
Q6443,A1
Q6444,A1
Q6445,A1
Q6446,A1
Q6447,A1
Q6448,A1
Q6449,A1
Q6450,A1
Q6451,A1
Q6452,A1
Q6453,A1
Q6454,A1
Q6455,A1
Q6456,A1
Q6457,A1
Q6458,A1
Q6459,A1
Q6460,A1
Q6461,A1
Q6462,A1
Q6463,A1
Q6464,A1
Q6465,A1
Q6466,A1
Q6467,A1
Q6468,A1
Q6469,A1
Q6470,A1
Q6471,A1
Q6472,A1
Q6473,A1
Q6474,A1
Q6475,A1
Q6476,A1
Q6477,A1
Q6478,A1
Q6479,A1
Q6480,A1
Q6481,A1
Q6482,A1
Q6483,A1
Q6484,A1
Q6485,A1
Q6486,A1
Q6487,A1
Q6488,A1
Q6489,A1
Q6490,A1
Q6491,A1
Q6492,A1
Q6493,A1
Q6494,A1
Q6495,A1
Q6496,A1
Q6497,A1
Q6498,A1
Q6499,A1
Q6500,A1
Q6501,A1
Q6502,A1
Q6503,A1
Q6504,A1
Q6505,A1
Q6506,A1
Q6507,A1
Q6508,A1
Q6509,A1
Q6510,A1
Q6511,A1
Q6512,A1
Q6513,A1
Q6514,A1
Q6515,A1
Q6516,A1
Q6517,A1
Q6518,A1
Q6519,A1
Q6520,A1
Q6521,A1
Q6522,A1
Q6523,A1
Q6524,A1
Q6525,A1
Q6526,A1
Q6527,A1
Q6528,A1
Q6529,A1
Q6530,A1
Q6531,A1
Q6532,A1
Q6533,A1
Q6534,A1
Q6535,A1
Q6536,A1
Q6537,A1
Q6538,A1
Q6539,A1
Q6540,A1
Q6541,A1
Q6542,A1
Q6543,A1
Q6544,A1
Q6545,A1
Q6546,A1
Q6547,A1
Q6548,A1
Q6549,A1
Q6550,A1
Q6551,A1
Q6552,A1
Q6553,A1
Q6554,A1
Q6555,A1
Q6556,A1
Q6557,A1
Q6558,A1
Q6559,A1
Q6560,A1
Q6561,A1
Q6562,A1
Q6563,A1
Q6564,A1
Q6565,A1
Q6566,A1
Q6567,A1
Q6568,A1
Q6569,A1
Q6570,A1
Q6571,A1
Q6572,A1
Q6573,A1
Q6574,A1
Q6575,A1
Q6576,A1
Q6577,A1
Q6578,A1
Q6579,A1
Q6580,A1
Q6581,A1
Q6582,A1
Q6583,A1
Q6584,A1
Q6585,A1
Q6586,A1
Q6587,A1
Q6588,A1
Q6589,A1
Q6590,A1
Q6591,A1
Q6592,A1
Q6593,A1
Q6594,A1
Q6595,A1
Q6596,A1
Q6597,A1
Q6598,A1
Q6599,A1
Q6600,A1
Q6601,A1
Q6602,A1
Q6603,A1
Q6604,A1
Q6605,A1
Q6606,A1
Q6607,A1
Q6608,A1
Q6609,A1
Q6610,A1
Q6611,A1
Q6612,A1
Q6613,A1
Q6614,A1
Q6615,A1
Q6616,A1
Q6617,A1
Q6618,A1
Q6619,A1
Q6620,A1
Q6621,A1
Q6622,A1
Q6623,A1
Q6624,A1
Q6625,A1
Q6626,A1
Q6627,A1
Q6628,A1
Q6629,A1
Q6630,A1
Q6631,A1
Q6632,A1
Q6633,A1
Q6634,A1
Q6635,A1
Q6636,A1
Q6637,A1
Q6638,A1
Q6639,A1
Q6640,A1
Q6641,A1
Q6642,A1
Q6643,A1
Q6644,A1
Q6645,A1
Q6646,A1
Q6647,A1
Q6648,A1
Q6649,A1
Q6650,A1
Q6651,A1
Q6652,A1
Q6653,A1
Q6654,A1
Q6655,A1
Q6656,A1
Q6657,A1
Q6658,A1
Q6659,A1
Q6660,A1
Q6661,A1
Q6662,A1
Q6663,A1
Q6664,A1
Q6665,A1
Q6666,A1
Q6667,A1
Q6668,A1
Q6669,A1
Q6670,A1
Q6671,A1
Q6672,A1
Q6673,A1
Q6674,A1
Q6675,A1
Q6676,A1
Q6677,A1
Q6678,A1
Q6679,A1
Q6680,A1
Q6681,A1
Q6682,A1
Q6683,A1
Q6684,A1
Q6685,A1
Q6686,A1
Q6687,A1
Q6688,A1
Q6689,A1
Q6690,A1
Q6691,A1
Q6692,A1
Q6693,A1
Q6694,A1
Q6695,A1
Q6696,A1
Q6697,A1
Q6698,A1
Q6699,A1
Q6700,A1
Q6701,A1
Q6702,A1
Q6703,A1
Q6704,A1
Q6705,A1
Q6706,A1
Q6707,A1
Q6708,A1
Q6709,A1
Q6710,A1
Q6711,A1
Q6712,A1
Q6713,A1
Q6714,A1
Q6715,A1
Q6716,A1
Q6717,A1
Q6718,A1
Q6719,A1
Q6720,A1
Q6721,A1
Q6722,A1
Q6723,A1
Q6724,A1
Q6725,A1
Q6726,A1
Q6727,A1
Q6728,A1
Q6729,A1
Q6730,A1
Q6731,A1
Q6732,A1
Q6733,A1
Q6734,A1
Q6735,A1
Q6736,A1
Q6737,A1
Q6738,A1
Q6739,A1
Q6740,A1
Q6741,A1
Q6742,A1
Q6743,A1
Q6744,A1
Q6745,A1
Q6746,A1
Q6747,A1
Q6748,A1
Q6749,A1
Q6750,A1
Q6751,A1
Q6752,A1
Q6753,A1
Q6754,A1
Q6755,A1
Q6756,A1
Q6757,A1
Q6758,A1
Q6759,A1
Q6760,A1
Q6761,A1
Q6762,A1
Q6763,A1
Q6764,A1
Q6765,A1
Q6766,A1
Q6767,A1
Q6768,A1
Q6769,A1
Q6770,A1
Q6771,A1
Q6772,A1
Q6773,A1
Q6774,A1
Q6775,A1
Q6776,A1
Q6777,A1
Q6778,A1
Q6779,A1
Q6780,A1
Q6781,A1
Q6782,A1
Q6783,A1
Q6784,A1
Q6785,A1
Q6786,A1
Q6787,A1
Q6788,A1
Q6789,A1
Q6790,A1
Q6791,A1
Q6792,A1
Q6793,A1
Q6794,A1
Q6795,A1
Q6796,A1
Q6797,A1
Q6798,A1
Q6799,A1
Q6800,A1
Q6801,A1
Q6802,A1
Q6803,A1
Q6804,A1
Q6805,A1
Q6806,A1
Q6807,A1
Q6808,A1
Q6809,A1
Q6810,A1
Q6811,A1
Q6812,A1
Q6813,A1
Q6814,A1
Q6815,A1
Q6816,A1
Q6817,A1
Q6818,A1
Q6819,A1
Q6820,A1
Q6821,A1
Q6822,A1
Q6823,A1
Q6824,A1
Q6825,A1
Q6826,A1
Q6827,A1
Q6828,A1
Q6829,A1
Q6830,A1
Q6831,A1
Q6832,A1
Q6833,A1
Q6834,A1
Q6835,A1
Q6836,A1
Q6837,A1
Q6838,A1
Q6839,A1
Q6840,A1
Q6841,A1
Q6842,A1
Q6843,A1
Q6844,A1
Q6845,A1
Q6846,A1
Q6847,A1
Q6848,A1
Q6849,A1
Q6850,A1
Q6851,A1
Q6852,A1
Q6853,A1
Q6854,A1
Q6855,A1
Q6856,A1
Q6857,A1
Q6858,A1
Q6859,A1
Q6860,A1
Q6861,A1
Q6862,A1
Q6863,A1
Q6864,A1
Q6865,A1
Q6866,A1
Q6867,A1
Q6868,A1
Q6869,A1
Q6870,A1
Q6871,A1
Q6872,A1
Q6873,A1
Q6874,A1
Q6875,A1
Q6876,A1
Q6877,A1
Q6878,A1
Q6879,A1
Q6880,A1
Q6881,A1
Q6882,A1
Q6883,A1
Q6884,A1
Q6885,A1
Q6886,A1
Q6887,A1
Q6888,A1
Q6889,A1
Q6890,A1
Q6891,A1
Q6892,A1
Q6893,A1
Q6894,A1
Q6895,A1
Q6896,A1
Q6897,A1
Q6898,A1
Q6899,A1
Q6900,A1
Q6901,A1
Q6902,A1
Q6903,A1
Q6904,A1
Q6905,A1
Q6906,A1
Q6907,A1
Q6908,A1
Q6909,A1
Q6910,A1
Q6911,A1
Q6912,A1
Q6913,A1
Q6914,A1
Q6915,A1
Q6916,A1
Q6917,A1
Q6918,A1
Q6919,A1
Q6920,A1
Q6921,A1
Q6922,A1
Q6923,A1
Q6924,A1
Q6925,A1
Q6926,A1
Q6927,A1
Q6928,A1
Q6929,A1
Q6930,A1
Q6931,A1
Q6932,A1
Q6933,A1
Q6934,A1
Q6935,A1
Q6936,A1
Q6937,A1
Q6938,A1
Q6939,A1
Q6940,A1
Q6941,A1
Q6942,A1
Q6943,A1
Q6944,A1
Q6945,A1
Q6946,A1
Q6947,A1
Q6948,A1
Q6949,A1
Q6950,A1
Q6951,A1
Q6952,A1
Q6953,A1
Q6954,A1
Q6955,A1
Q6956,A1
Q6957,A1
Q6958,A1
Q6959,A1
Q6960,A1
Q6961,A1
Q6962,A1
Q6963,A1
Q6964,A1
Q6965,A1
Q6966,A1
Q6967,A1
Q6968,A1
Q6969,A1
Q6970,A1
Q6971,A1
Q6972,A1
Q6973,A1
Q6974,A1
Q6975,A1
Q6976,A1
Q6977,A1
Q6978,A1
Q6979,A1
Q6980,A1
Q6981,A1
Q6982,A1
Q6983,A1
Q6984,A1
Q6985,A1
Q6986,A1
Q6987,A1
Q6988,A1
Q6989,A1
Q6990,A1
Q6991,A1
Q6992,A1
Q6993,A1
Q6994,A1
Q6995,A1
Q6996,A1
Q6997,A1
Q6998,A1
Q6999,A1
Q7000,A1
Q7001,A1
Q7002,A1
Q7003,A1
Q7004,A1
Q7005,A1
Q7006,A1
Q7007,A1
Q7008,A1
Q7009,A1
Q7010,A1
Q7011,A1
Q7012,A1
Q7013,A1
Q7014,A1
Q7015,A1
Q7016,A1
Q7017,A1
Q7018,A1
Q7019,A1
Q7020,A1
Q7021,A1
Q7022,A1
Q7023,A1
Q7024,A1
Q7025,A1
Q7026,A1
Q7027,A1
Q7028,A1
Q7029,A1
Q7030,A1
Q7031,A1
Q7032,A1
Q7033,A1
Q7034,A1
Q7035,A1
Q7036,A1
Q7037,A1
Q7038,A1
Q7039,A1
Q7040,A1
Q7041,A1
Q7042,A1
Q7043,A1
Q7044,A1
Q7045,A1
Q7046,A1
Q7047,A1
Q7048,A1
Q7049,A1
Q7050,A1
Q7051,A1
Q7052,A1
Q7053,A1
Q7054,A1
Q7055,A1
Q7056,A1
Q7057,A1
Q7058,A1
Q7059,A1
Q7060,A1
Q7061,A1
Q7062,A1
Q7063,A1
Q7064,A1
Q7065,A1
Q7066,A1
Q7067,A1
Q7068,A1
Q7069,A1
Q7070,A1
Q7071,A1
Q7072,A1
Q7073,A1
Q7074,A1
Q7075,A1
Q7076,A1
Q7077,A1
Q7078,A1
Q7079,A1
Q7080,A1
Q7081,A1
Q7082,A1
Q7083,A1
Q7084,A1
Q7085,A1
Q7086,A1
Q7087,A1
Q7088,A1
Q7089,A1
Q7090,A1
Q7091,A1
Q7092,A1
Q7093,A1
Q7094,A1
Q7095,A1
Q7096,A1
Q7097,A1
Q7098,A1
Q7099,A1
Q7100,A1
Q7101,A1
Q7102,A1
Q7103,A1
Q7104,A1
Q7105,A1
Q7106,A1
Q7107,A1
Q7108,A1
Q7109,A1
Q7110,A1
Q7111,A1
Q7112,A1
Q7113,A1
Q7114,A1
Q7115,A1
Q7116,A1
Q7117,A1
Q7118,A1
Q7119,A1
Q7120,A1
Q7121,A1
Q7122,A1
Q7123,A1
Q7124,A1
Q7125,A1
Q7126,A1
Q7127,A1
Q7128,A1
Q7129,A1
Q7130,A1
Q7131,A1
Q7132,A1
Q7133,A1
Q7134,A1
Q7135,A1
Q7136,A1
Q7137,A1
Q7138,A1
Q7139,A1
Q7140,A1
Q7141,A1
Q7142,A1
Q7143,A1
Q7144,A1
Q7145,A1
Q7146,A1
Q7147,A1
Q7148,A1
Q7149,A1
Q7150,A1
Q7151,A1
Q7152,A1
Q7153,A1
Q7154,A1
Q7155,A1
Q7156,A1
Q7157,A1
Q7158,A1
Q7159,A1
Q7160,A1
Q7161,A1
Q7162,A1
Q7163,A1
Q7164,A1
Q7165,A1
Q7166,A1
Q7167,A1
Q7168,A1
Q7169,A1
Q7170,A1
Q7171,A1
Q7172,A1
Q7173,A1
Q7174,A1
Q7175,A1
Q7176,A1
Q7177,A1
Q7178,A1
Q7179,A1
Q7180,A1
Q7181,A1
Q7182,A1
Q7183,A1
Q7184,A1
Q7185,A1
Q7186,A1
Q7187,A1
Q7188,A1
Q7189,A1
Q7190,A1
Q7191,A1
Q7192,A1
Q7193,A1
Q7194,A1
Q7195,A1
Q7196,A1
Q7197,A1
Q7198,A1
Q7199,A1
Q7200,A1
Q7201,A1
Q7202,A1
Q7203,A1
Q7204,A1
Q7205,A1
Q7206,A1
Q7207,A1
Q7208,A1
Q7209,A1
Q7210,A1
Q7211,A1
Q7212,A1
Q7213,A1
Q7214,A1
Q7215,A1
Q7216,A1
Q7217,A1
Q7218,A1
Q7219,A1
Q7220,A1
Q7221,A1
Q7222,A1
Q7223,A1
Q7224,A1
Q7225,A1
Q7226,A1
Q7227,A1
Q7228,A1
Q7229,A1
Q7230,A1
Q7231,A1
Q7232,A1
Q7233,A1
Q7234,A1
Q7235,A1
Q7236,A1
Q7237,A1
Q7238,A1
Q7239,A1
Q7240,A1
Q7241,A1
Q7242,A1
Q7243,A1
Q7244,A1
Q7245,A1
Q7246,A1
Q7247,A1
Q7248,A1
Q7249,A1
Q7250,A1
Q7251,A1
Q7252,A1
Q7253,A1
Q7254,A1
Q7255,A1
Q7256,A1
Q7257,A1
Q7258,A1
Q7259,A1
Q7260,A1
Q7261,A1
Q7262,A1
Q7263,A1
Q7264,A1
Q7265,A1
Q7266,A1
Q7267,A1
Q7268,A1
Q7269,A1
Q7270,A1
Q7271,A1
Q7272,A1
Q7273,A1
Q7274,A1
Q7275,A1
Q7276,A1
Q7277,A1
Q7278,A1
Q7279,A1
Q7280,A1
Q7281,A1
Q7282,A1
Q7283,A1
Q7284,A1
Q7285,A1
Q7286,A1
Q7287,A1
Q7288,A1
Q7289,A1
Q7290,A1
Q7291,A1
Q7292,A1
Q7293,A1
Q7294,A1
Q7295,A1
Q7296,A1
Q7297,A1
Q7298,A1
Q7299,A1
Q7300,A1
Q7301,A1
Q7302,A1
Q7303,A1
Q7304,A1
Q7305,A1
Q7306,A1
Q7307,A1
Q7308,A1
Q7309,A1
Q7310,A1
Q7311,A1
Q7312,A1
Q7313,A1
Q7314,A1
Q7315,A1
Q7316,A1
Q7317,A1
Q7318,A1
Q7319,A1
Q7320,A1
Q7321,A1
Q7322,A1
Q7323,A1
Q7324,A1
Q7325,A1
Q7326,A1
Q7327,A1
Q7328,A1
Q7329,A1
Q7330,A1
Q7331,A1
Q7332,A1
Q7333,A1
Q7334,A1
Q7335,A1
Q7336,A1
Q7337,A1
Q7338,A1
Q7339,A1
Q7340,A1
Q7341,A1
Q7342,A1
Q7343,A1
Q7344,A1
Q7345,A1
Q7346,A1
Q7347,A1
Q7348,A1
Q7349,A1
Q7350,A1
Q7351,A1
Q7352,A1
Q7353,A1
Q7354,A1
Q7355,A1
Q7356,A1
Q7357,A1
Q7358,A1
Q7359,A1
Q7360,A1
Q7361,A1
Q7362,A1
Q7363,A1
Q7364,A1
Q7365,A1
Q7366,A1
Q7367,A1
Q7368,A1
Q7369,A1
Q7370,A1
Q7371,A1
Q7372,A1
Q7373,A1
Q7374,A1
Q7375,A1
Q7376,A1
Q7377,A1
Q7378,A1
Q7379,A1
Q7380,A1
Q7381,A1
Q7382,A1
Q7383,A1
Q7384,A1
Q7385,A1
Q7386,A1
Q7387,A1
Q7388,A1
Q7389,A1
Q7390,A1
Q7391,A1
Q7392,A1
Q7393,A1
Q7394,A1
Q7395,A1
Q7396,A1
Q7397,A1
Q7398,A1
Q7399,A1
Q7400,A1
Q7401,A1
Q7402,A1
Q7403,A1
Q7404,A1
Q7405,A1
Q7406,A1
Q7407,A1
Q7408,A1
Q7409,A1
Q7410,A1
Q7411,A1
Q7412,A1
Q7413,A1
Q7414,A1
Q7415,A1
Q7416,A1
Q7417,A1
Q7418,A1
Q7419,A1
Q7420,A1
Q7421,A1
Q7422,A1
Q7423,A1
Q7424,A1
Q7425,A1
Q7426,A1
Q7427,A1
Q7428,A1
Q7429,A1
Q7430,A1
Q7431,A1
Q7432,A1
Q7433,A1
Q7434,A1
Q7435,A1
Q7436,A1
Q7437,A1
Q7438,A1
Q7439,A1
Q7440,A1
Q7441,A1
Q7442,A1
Q7443,A1
Q7444,A1
Q7445,A1
Q7446,A1
Q7447,A1
Q7448,A1
Q7449,A1
Q7450,A1
Q7451,A1
Q7452,A1
Q7453,A1
Q7454,A1
Q7455,A1
Q7456,A1
Q7457,A1
Q7458,A1
Q7459,A1
Q7460,A1
Q7461,A1
Q7462,A1
Q7463,A1
Q7464,A1
Q7465,A1
Q7466,A1
Q7467,A1
Q7468,A1
Q7469,A1
Q7470,A1
Q7471,A1
Q7472,A1
Q7473,A1
Q7474,A1
Q7475,A1
Q7476,A1
Q7477,A1
Q7478,A1
Q7479,A1
Q7480,A1
Q7481,A1
Q7482,A1
Q7483,A1
Q7484,A1
Q7485,A1
Q7486,A1
Q7487,A1
Q7488,A1
Q7489,A1
Q7490,A1
Q7491,A1
Q7492,A1
Q7493,A1
Q7494,A1
Q7495,A1
Q7496,A1
Q7497,A1
Q7498,A1
Q7499,A1
Q7500,A1
Q7501,A1
Q7502,A1
Q7503,A1
Q7504,A1
Q7505,A1
Q7506,A1
Q7507,A1
Q7508,A1
Q7509,A1
Q7510,A1
Q7511,A1
Q7512,A1
Q7513,A1
Q7514,A1
Q7515,A1
Q7516,A1
Q7517,A1
Q7518,A1
Q7519,A1
Q7520,A1
Q7521,A1
Q7522,A1
Q7523,A1
Q7524,A1
Q7525,A1
Q7526,A1
Q7527,A1
Q7528,A1
Q7529,A1
Q7530,A1
Q7531,A1
Q7532,A1
Q7533,A1
Q7534,A1
Q7535,A1
Q7536,A1
Q7537,A1
Q7538,A1
Q7539,A1
Q7540,A1
Q7541,A1
Q7542,A1
Q7543,A1
Q7544,A1
Q7545,A1
Q7546,A1
Q7547,A1
Q7548,A1
Q7549,A1
Q7550,A1
Q7551,A1
Q7552,A1
Q7553,A1
Q7554,A1
Q7555,A1
Q7556,A1
Q7557,A1
Q7558,A1
Q7559,A1
Q7560,A1
Q7561,A1
Q7562,A1
Q7563,A1
Q7564,A1
Q7565,A1
Q7566,A1
Q7567,A1
Q7568,A1
Q7569,A1
Q7570,A1
Q7571,A1
Q7572,A1
Q7573,A1
Q7574,A1
Q7575,A1
Q7576,A1
Q7577,A1
Q7578,A1
Q7579,A1
Q7580,A1
Q7581,A1
Q7582,A1
Q7583,A1
Q7584,A1
Q7585,A1
Q7586,A1
Q7587,A1
Q7588,A1
Q7589,A1
Q7590,A1
Q7591,A1
Q7592,A1
Q7593,A1
Q7594,A1
Q7595,A1
Q7596,A1
Q7597,A1
Q7598,A1
Q7599,A1
Q7600,A1
Q7601,A1
Q7602,A1
Q7603,A1
Q7604,A1
Q7605,A1
Q7606,A1
Q7607,A1
Q7608,A1
Q7609,A1
Q7610,A1
Q7611,A1
Q7612,A1
Q7613,A1
Q7614,A1
Q7615,A1
Q7616,A1
Q7617,A1
Q7618,A1
Q7619,A1
Q7620,A1
Q7621,A1
Q7622,A1
Q7623,A1
Q7624,A1
Q7625,A1
Q7626,A1
Q7627,A1
Q7628,A1
Q7629,A1
Q7630,A1
Q7631,A1
Q7632,A1
Q7633,A1
Q7634,A1
Q7635,A1
Q7636,A1
Q7637,A1
Q7638,A1
Q7639,A1
Q7640,A1
Q7641,A1
Q7642,A1
Q7643,A1
Q7644,A1
Q7645,A1
Q7646,A1
Q7647,A1
Q7648,A1
Q7649,A1
Q7650,A1
Q7651,A1
Q7652,A1
Q7653,A1
Q7654,A1
Q7655,A1
Q7656,A1
Q7657,A1
Q7658,A1
Q7659,A1
Q7660,A1
Q7661,A1
Q7662,A1
Q7663,A1
Q7664,A1
Q7665,A1
Q7666,A1
Q7667,A1
Q7668,A1
Q7669,A1
Q7670,A1
Q7671,A1
Q7672,A1
Q7673,A1
Q7674,A1
Q7675,A1
Q7676,A1
Q7677,A1
Q7678,A1
Q7679,A1
Q7680,A1
Q7681,A1
Q7682,A1
Q7683,A1
Q7684,A1
Q7685,A1
Q7686,A1
Q7687,A1
Q7688,A1
Q7689,A1
Q7690,A1
Q7691,A1
Q7692,A1
Q7693,A1
Q7694,A1
Q7695,A1
Q7696,A1
Q7697,A1
Q7698,A1
Q7699,A1
Q7700,A1
Q7701,A1
Q7702,A1
Q7703,A1
Q7704,A1
Q7705,A1
Q7706,A1
Q7707,A1
Q7708,A1
Q7709,A1
Q7710,A1
Q7711,A1
Q7712,A1
Q7713,A1
Q7714,A1
Q7715,A1
Q7716,A1
Q7717,A1
Q7718,A1
Q7719,A1
Q7720,A1
Q7721,A1
Q7722,A1
Q7723,A1
Q7724,A1
Q7725,A1
Q7726,A1
Q7727,A1
Q7728,A1
Q7729,A1
Q7730,A1
Q7731,A1
Q7732,A1
Q7733,A1
Q7734,A1
Q7735,A1
Q7736,A1
Q7737,A1
Q7738,A1
Q7739,A1
Q7740,A1
Q7741,A1
Q7742,A1
Q7743,A1
Q7744,A1
Q7745,A1
Q7746,A1
Q7747,A1
Q7748,A1
Q7749,A1
Q7750,A1
Q7751,A1
Q7752,A1
Q7753,A1
Q7754,A1
Q7755,A1
Q7756,A1
Q7757,A1
Q7758,A1
Q7759,A1
Q7760,A1
Q7761,A1
Q7762,A1
Q7763,A1
Q7764,A1
Q7765,A1
Q7766,A1
Q7767,A1
Q7768,A1
Q7769,A1
Q7770,A1
Q7771,A1
Q7772,A1
Q7773,A1
Q7774,A1
Q7775,A1
Q7776,A1
Q7777,A1
Q7778,A1
Q7779,A1
Q7780,A1
Q7781,A1
Q7782,A1
Q7783,A1
Q7784,A1
Q7785,A1
Q7786,A1
Q7787,A1
Q7788,A1
Q7789,A1
Q7790,A1
Q7791,A1
Q7792,A1
Q7793,A1
Q7794,A1
Q7795,A1
Q7796,A1
Q7797,A1
Q7798,A1
Q7799,A1
Q7800,A1
Q7801,A1
Q7802,A1
Q7803,A1
Q7804,A1
Q7805,A1
Q7806,A1
Q7807,A1
Q7808,A1
Q7809,A1
Q7810,A1
Q7811,A1
Q7812,A1
Q7813,A1
Q7814,A1
Q7815,A1
Q7816,A1
Q7817,A1
Q7818,A1
Q7819,A1
Q7820,A1
Q7821,A1
Q7822,A1
Q7823,A1
Q7824,A1
Q7825,A1
Q7826,A1
Q7827,A1
Q7828,A1
Q7829,A1
Q7830,A1
Q7831,A1
Q7832,A1
Q7833,A1
Q7834,A1
Q7835,A1
Q7836,A1
Q7837,A1
Q7838,A1
Q7839,A1
Q7840,A1
Q7841,A1
Q7842,A1
Q7843,A1
Q7844,A1
Q7845,A1
Q7846,A1
Q7847,A1
Q7848,A1
Q7849,A1
Q7850,A1
Q7851,A1
Q7852,A1
Q7853,A1
Q7854,A1
Q7855,A1
Q7856,A1
Q7857,A1
Q7858,A1
Q7859,A1
Q7860,A1
Q7861,A1
Q7862,A1
Q7863,A1
Q7864,A1
Q7865,A1
Q7866,A1
Q7867,A1
Q7868,A1
Q7869,A1
Q7870,A1
Q7871,A1
Q7872,A1
Q7873,A1
Q7874,A1
Q7875,A1
Q7876,A1
Q7877,A1
Q7878,A1
Q7879,A1
Q7880,A1
Q7881,A1
Q7882,A1
Q7883,A1
Q7884,A1
Q7885,A1
Q7886,A1
Q7887,A1
Q7888,A1
Q7889,A1
Q7890,A1
Q7891,A1
Q7892,A1
Q7893,A1
Q7894,A1
Q7895,A1
Q7896,A1
Q7897,A1
Q7898,A1
Q7899,A1
Q7900,A1
Q7901,A1
Q7902,A1
Q7903,A1
Q7904,A1
Q7905,A1
Q7906,A1
Q7907,A1
Q7908,A1
Q7909,A1
Q7910,A1
Q7911,A1
Q7912,A1
Q7913,A1
Q7914,A1
Q7915,A1
Q7916,A1
Q7917,A1
Q7918,A1
Q7919,A1
Q7920,A1
Q7921,A1
Q7922,A1
Q7923,A1
Q7924,A1
Q7925,A1
Q7926,A1
Q7927,A1
Q7928,A1
Q7929,A1
Q7930,A1
Q7931,A1
Q7932,A1
Q7933,A1
Q7934,A1
Q7935,A1
Q7936,A1
Q7937,A1
Q7938,A1
Q7939,A1
Q7940,A1
Q7941,A1
Q7942,A1
Q7943,A1
Q7944,A1
Q7945,A1
Q7946,A1
Q7947,A1
Q7948,A1
Q7949,A1
Q7950,A1
Q7951,A1
Q7952,A1
Q7953,A1
Q7954,A1
Q7955,A1
Q7956,A1
Q7957,A1
Q7958,A1
Q7959,A1
Q7960,A1
Q7961,A1
Q7962,A1
Q7963,A1
Q7964,A1
Q7965,A1
Q7966,A1
Q7967,A1
Q7968,A1
Q7969,A1
Q7970,A1
Q7971,A1
Q7972,A1
Q7973,A1
Q7974,A1
Q7975,A1
Q7976,A1
Q7977,A1
Q7978,A1
Q7979,A1
Q7980,A1
Q7981,A1
Q7982,A1
Q7983,A1
Q7984,A1
Q7985,A1
Q7986,A1
Q7987,A1
Q7988,A1
Q7989,A1
Q7990,A1
Q7991,A1
Q7992,A1
Q7993,A1
Q7994,A1
Q7995,A1
Q7996,A1
Q7997,A1
Q7998,A1
Q7999,A1
Q8000,A1
Q8001,A1
Q8002,A1
Q8003,A1
Q8004,A1
Q8005,A1
Q8006,A1
Q8007,A1
Q8008,A1
Q8009,A1
Q8010,A1
Q8011,A1
Q8012,A1
Q8013,A1
Q8014,A1
Q8015,A1
Q8016,A1
Q8017,A1
Q8018,A1
Q8019,A1
Q8020,A1
Q8021,A1
Q8022,A1
Q8023,A1
Q8024,A1
Q8025,A1
Q8026,A1
Q8027,A1
Q8028,A1
Q8029,A1
Q8030,A1
Q8031,A1
Q8032,A1
Q8033,A1
Q8034,A1
Q8035,A1
Q8036,A1
Q8037,A1
Q8038,A1
Q8039,A1
Q8040,A1
Q8041,A1
Q8042,A1
Q8043,A1
Q8044,A1
Q8045,A1
Q8046,A1
Q8047,A1
Q8048,A1
Q8049,A1
Q8050,A1
Q8051,A1
Q8052,A1
Q8053,A1
Q8054,A1
Q8055,A1
Q8056,A1
Q8057,A1
Q8058,A1
Q8059,A1
Q8060,A1
Q8061,A1
Q8062,A1
Q8063,A1
Q8064,A1
Q8065,A1
Q8066,A1
Q8067,A1
Q8068,A1
Q8069,A1
Q8070,A1
Q8071,A1
Q8072,A1
Q8073,A1
Q8074,A1
Q8075,A1
Q8076,A1
Q8077,A1
Q8078,A1
Q8079,A1
Q8080,A1
Q8081,A1
Q8082,A1
Q8083,A1
Q8084,A1
Q8085,A1
Q8086,A1
Q8087,A1
Q8088,A1
Q8089,A1
Q8090,A1
Q8091,A1
Q8092,A1
Q8093,A1
Q8094,A1
Q8095,A1
Q8096,A1
Q8097,A1
Q8098,A1
Q8099,A1
Q8100,A1
Q8101,A1
Q8102,A1
Q8103,A1
Q8104,A1
Q8105,A1
Q8106,A1
Q8107,A1
Q8108,A1
Q8109,A1
Q8110,A1
Q8111,A1
Q8112,A1
Q8113,A1
Q8114,A1
Q8115,A1
Q8116,A1
Q8117,A1
Q8118,A1
Q8119,A1
Q8120,A1
Q8121,A1
Q8122,A1
Q8123,A1
Q8124,A1
Q8125,A1
Q8126,A1
Q8127,A1
Q8128,A1
Q8129,A1
Q8130,A1
Q8131,A1
Q8132,A1
Q8133,A1
Q8134,A1
Q8135,A1
Q8136,A1
Q8137,A1
Q8138,A1
Q8139,A1
Q8140,A1
Q8141,A1
Q8142,A1
Q8143,A1
Q8144,A1
Q8145,A1
Q8146,A1
Q8147,A1
Q8148,A1
Q8149,A1
Q8150,A1
Q8151,A1
Q8152,A1
Q8153,A1
Q8154,A1
Q8155,A1
Q8156,A1
Q8157,A1
Q8158,A1
Q8159,A1
Q8160,A1
Q8161,A1
Q8162,A1
Q8163,A1
Q8164,A1
Q8165,A1
Q8166,A1
Q8167,A1
Q8168,A1
Q8169,A1
Q8170,A1
Q8171,A1
Q8172,A1
Q8173,A1
Q8174,A1
Q8175,A1
Q8176,A1
Q8177,A1
Q8178,A1
Q8179,A1
Q8180,A1
Q8181,A1
Q8182,A1
Q8183,A1
Q8184,A1
Q8185,A1
Q8186,A1
Q8187,A1
Q8188,A1
Q8189,A1
Q8190,A1
Q8191,A1
Q8192,A1
Q8193,A1
Q8194,A1
Q8195,A1
Q8196,A1
Q8197,A1
Q8198,A1
Q8199,A1
Q8200,A1
Q8201,A1
Q8202,A1
Q8203,A1
Q8204,A1
Q8205,A1
Q8206,A1
Q8207,A1
Q8208,A1
Q8209,A1
Q8210,A1
Q8211,A1
Q8212,A1
Q8213,A1
Q8214,A1
Q8215,A1
Q8216,A1
Q8217,A1
Q8218,A1
Q8219,A1
Q8220,A1
Q8221,A1
Q8222,A1
Q8223,A1
Q8224,A1
Q8225,A1
Q8226,A1
Q8227,A1
Q8228,A1
Q8229,A1
Q8230,A1
Q8231,A1
Q8232,A1
Q8233,A1
Q8234,A1
Q8235,A1
Q8236,A1
Q8237,A1
Q8238,A1
Q8239,A1
Q8240,A1
Q8241,A1
Q8242,A1
Q8243,A1
Q8244,A1
Q8245,A1
Q8246,A1
Q8247,A1
Q8248,A1
Q8249,A1
Q8250,A1
Q8251,A1
Q8252,A1
Q8253,A1
Q8254,A1
Q8255,A1
Q8256,A1
Q8257,A1
Q8258,A1
Q8259,A1
Q8260,A1
Q8261,A1
Q8262,A1
Q8263,A1
Q8264,A1
Q8265,A1
Q8266,A1
Q8267,A1
Q8268,A1
Q8269,A1
Q8270,A1
Q8271,A1
Q8272,A1
Q8273,A1
Q8274,A1
Q8275,A1
Q8276,A1
Q8277,A1
Q8278,A1
Q8279,A1
Q8280,A1
Q8281,A1
Q8282,A1
Q8283,A1
Q8284,A1
Q8285,A1
Q8286,A1
Q8287,A1
Q8288,A1
Q8289,A1
Q8290,A1
Q8291,A1
Q8292,A1
Q8293,A1
Q8294,A1
Q8295,A1
Q8296,A1
Q8297,A1
Q8298,A1
Q8299,A1
Q8300,A1
Q8301,A1
Q8302,A1
Q8303,A1
Q8304,A1
Q8305,A1
Q8306,A1
Q8307,A1
Q8308,A1
Q8309,A1
Q8310,A1
Q8311,A1
Q8312,A1
Q8313,A1
Q8314,A1
Q8315,A1
Q8316,A1
Q8317,A1
Q8318,A1
Q8319,A1
Q8320,A1
Q8321,A1
Q8322,A1
Q8323,A1
Q8324,A1
Q8325,A1
Q8326,A1
Q8327,A1
Q8328,A1
Q8329,A1
Q8330,A1
Q8331,A1
Q8332,A1
Q8333,A1
Q8334,A1
Q8335,A1
Q8336,A1
Q8337,A1
Q8338,A1
Q8339,A1
Q8340,A1
Q8341,A1
Q8342,A1
Q8343,A1
Q8344,A1
Q8345,A1
Q8346,A1
Q8347,A1
Q8348,A1
Q8349,A1
Q8350,A1
Q8351,A1
Q8352,A1
Q8353,A1
Q8354,A1
Q8355,A1
Q8356,A1
Q8357,A1
Q8358,A1
Q8359,A1
Q8360,A1
Q8361,A1
Q8362,A1
Q8363,A1
Q8364,A1
Q8365,A1
Q8366,A1
Q8367,A1
Q8368,A1
Q8369,A1
Q8370,A1
Q8371,A1
Q8372,A1
Q8373,A1
Q8374,A1
Q8375,A1
Q8376,A1
Q8377,A1
Q8378,A1
Q8379,A1
Q8380,A1
Q8381,A1
Q8382,A1
Q8383,A1
Q8384,A1
Q8385,A1
Q8386,A1
Q8387,A1
Q8388,A1
Q8389,A1
Q8390,A1
Q8391,A1
Q8392,A1
Q8393,A1
Q8394,A1
Q8395,A1
Q8396,A1
Q8397,A1
Q8398,A1
Q8399,A1
Q8400,A1
Q8401,A1
Q8402,A1
Q8403,A1
Q8404,A1
Q8405,A1
Q8406,A1
Q8407,A1
Q8408,A1
Q8409,A1
Q8410,A1
Q8411,A1
Q8412,A1
Q8413,A1
Q8414,A1
Q8415,A1
Q8416,A1
Q8417,A1
Q8418,A1
Q8419,A1
Q8420,A1
Q8421,A1
Q8422,A1
Q8423,A1
Q8424,A1
Q8425,A1
Q8426,A1
Q8427,A1
Q8428,A1
Q8429,A1
Q8430,A1
Q8431,A1
Q8432,A1
Q8433,A1
Q8434,A1
Q8435,A1
Q8436,A1
Q8437,A1
Q8438,A1
Q8439,A1
Q8440,A1
Q8441,A1
Q8442,A1
Q8443,A1
Q8444,A1
Q8445,A1
Q8446,A1
Q8447,A1
Q8448,A1
Q8449,A1
Q8450,A1
Q8451,A1
Q8452,A1
Q8453,A1
Q8454,A1
Q8455,A1
Q8456,A1
Q8457,A1
Q8458,A1
Q8459,A1
Q8460,A1
Q8461,A1
Q8462,A1
Q8463,A1
Q8464,A1
Q8465,A1
Q8466,A1
Q8467,A1
Q8468,A1
Q8469,A1
Q8470,A1
Q8471,A1
Q8472,A1
Q8473,A1
Q8474,A1
Q8475,A1
Q8476,A1
Q8477,A1
Q8478,A1
Q8479,A1
Q8480,A1
Q8481,A1
Q8482,A1
Q8483,A1
Q8484,A1
Q8485,A1
Q8486,A1
Q8487,A1
Q8488,A1
Q8489,A1
Q8490,A1
Q8491,A1
Q8492,A1
Q8493,A1
Q8494,A1
Q8495,A1
Q8496,A1
Q8497,A1
Q8498,A1
Q8499,A1
Q8500,A1
Q8501,A1
Q8502,A1
Q8503,A1
Q8504,A1
Q8505,A1
Q8506,A1
Q8507,A1
Q8508,A1
Q8509,A1
Q8510,A1
Q8511,A1
Q8512,A1
Q8513,A1
Q8514,A1
Q8515,A1
Q8516,A1
Q8517,A1
Q8518,A1
Q8519,A1
Q8520,A1
Q8521,A1
Q8522,A1
Q8523,A1
Q8524,A1
Q8525,A1
Q8526,A1
Q8527,A1
Q8528,A1
Q8529,A1
Q8530,A1
Q8531,A1
Q8532,A1
Q8533,A1
Q8534,A1
Q8535,A1
Q8536,A1
Q8537,A1
Q8538,A1
Q8539,A1
Q8540,A1
Q8541,A1
Q8542,A1
Q8543,A1
Q8544,A1
Q8545,A1
Q8546,A1
Q8547,A1
Q8548,A1
Q8549,A1
Q8550,A1
Q8551,A1
Q8552,A1
Q8553,A1
Q8554,A1
Q8555,A1
Q8556,A1
Q8557,A1
Q8558,A1
Q8559,A1
Q8560,A1
Q8561,A1
Q8562,A1
Q8563,A1
Q8564,A1
Q8565,A1
Q8566,A1
Q8567,A1
Q8568,A1
Q8569,A1
Q8570,A1
Q8571,A1
Q8572,A1
Q8573,A1
Q8574,A1
Q8575,A1
Q8576,A1
Q8577,A1
Q8578,A1
Q8579,A1
Q8580,A1
Q8581,A1
Q8582,A1
Q8583,A1
Q8584,A1
Q8585,A1
Q8586,A1
Q8587,A1
Q8588,A1
Q8589,A1
Q8590,A1
Q8591,A1
Q8592,A1
Q8593,A1
Q8594,A1
Q8595,A1
Q8596,A1
Q8597,A1
Q8598,A1
Q8599,A1
Q8600,A1
Q8601,A1
Q8602,A1
Q8603,A1
Q8604,A1
Q8605,A1
Q8606,A1
Q8607,A1
Q8608,A1
Q8609,A1
Q8610,A1
Q8611,A1
Q8612,A1
Q8613,A1
Q8614,A1
Q8615,A1
Q8616,A1
Q8617,A1
Q8618,A1
Q8619,A1
Q8620,A1
Q8621,A1
Q8622,A1
Q8623,A1
Q8624,A1
Q8625,A1
Q8626,A1
Q8627,A1
Q8628,A1
Q8629,A1
Q8630,A1
Q8631,A1
Q8632,A1
Q8633,A1
Q8634,A1
Q8635,A1
Q8636,A1
Q8637,A1
Q8638,A1
Q8639,A1
Q8640,A1
Q8641,A1
Q8642,A1
Q8643,A1
Q8644,A1
Q8645,A1
Q8646,A1
Q8647,A1
Q8648,A1
Q8649,A1
Q8650,A1
Q8651,A1
Q8652,A1
Q8653,A1
Q8654,A1
Q8655,A1
Q8656,A1
Q8657,A1
Q8658,A1
Q8659,A1
Q8660,A1
Q8661,A1
Q8662,A1
Q8663,A1
Q8664,A1
Q8665,A1
Q8666,A1
Q8667,A1
Q8668,A1
Q8669,A1
Q8670,A1
Q8671,A1
Q8672,A1
Q8673,A1
Q8674,A1
Q8675,A1
Q8676,A1
Q8677,A1
Q8678,A1
Q8679,A1
Q8680,A1
Q8681,A1
Q8682,A1
Q8683,A1
Q8684,A1
Q8685,A1
Q8686,A1
Q8687,A1
Q8688,A1
Q8689,A1
Q8690,A1
Q8691,A1
Q8692,A1
Q8693,A1
Q8694,A1
Q8695,A1
Q8696,A1
Q8697,A1
Q8698,A1
Q8699,A1
Q8700,A1
Q8701,A1
Q8702,A1
Q8703,A1
Q8704,A1
Q8705,A1
Q8706,A1
Q8707,A1
Q8708,A1
Q8709,A1
Q8710,A1
Q8711,A1
Q8712,A1
Q8713,A1
Q8714,A1
Q8715,A1
Q8716,A1
Q8717,A1
Q8718,A1
Q8719,A1
Q8720,A1
Q8721,A1
Q8722,A1
Q8723,A1
Q8724,A1
Q8725,A1
Q8726,A1
Q8727,A1
Q8728,A1
Q8729,A1
Q8730,A1
Q8731,A1
Q8732,A1
Q8733,A1
Q8734,A1
Q8735,A1
Q8736,A1
Q8737,A1
Q8738,A1
Q8739,A1
Q8740,A1
Q8741,A1
Q8742,A1
Q8743,A1
Q8744,A1
Q8745,A1
Q8746,A1
Q8747,A1
Q8748,A1
Q8749,A1
Q8750,A1
Q8751,A1
Q8752,A1
Q8753,A1
Q8754,A1
Q8755,A1
Q8756,A1
Q8757,A1
Q8758,A1
Q8759,A1
Q8760,A1
Q8761,A1
Q8762,A1
Q8763,A1
Q8764,A1
Q8765,A1
Q8766,A1
Q8767,A1
Q8768,A1
Q8769,A1
Q8770,A1
Q8771,A1
Q8772,A1
Q8773,A1
Q8774,A1
Q8775,A1
Q8776,A1
Q8777,A1
Q8778,A1
Q8779,A1
Q8780,A1
Q8781,A1
Q8782,A1
Q8783,A1
Q8784,A1
Q8785,A1
Q8786,A1
Q8787,A1
Q8788,A1
Q8789,A1
Q8790,A1
Q8791,A1
Q8792,A1
Q8793,A1
Q8794,A1
Q8795,A1
Q8796,A1
Q8797,A1
Q8798,A1
Q8799,A1
Q8800,A1
Q8801,A1
Q8802,A1
Q8803,A1
Q8804,A1
Q8805,A1
Q8806,A1
Q8807,A1
Q8808,A1
Q8809,A1
Q8810,A1
Q8811,A1
Q8812,A1
Q8813,A1
Q8814,A1
Q8815,A1
Q8816,A1
Q8817,A1
Q8818,A1
Q8819,A1
Q8820,A1
Q8821,A1
Q8822,A1
Q8823,A1
Q8824,A1
Q8825,A1
Q8826,A1
Q8827,A1
Q8828,A1
Q8829,A1
Q8830,A1
Q8831,A1
Q8832,A1
Q8833,A1
Q8834,A1
Q8835,A1
Q8836,A1
Q8837,A1
Q8838,A1
Q8839,A1
Q8840,A1
Q8841,A1
Q8842,A1
Q8843,A1
Q8844,A1
Q8845,A1
Q8846,A1
Q8847,A1
Q8848,A1
Q8849,A1
Q8850,A1
Q8851,A1
Q8852,A1
Q8853,A1
Q8854,A1
Q8855,A1
Q8856,A1
Q8857,A1
Q8858,A1
Q8859,A1
Q8860,A1
Q8861,A1
Q8862,A1
Q8863,A1
Q8864,A1
Q8865,A1
Q8866,A1
Q8867,A1
Q8868,A1
Q8869,A1
Q8870,A1
Q8871,A1
Q8872,A1
Q8873,A1
Q8874,A1
Q8875,A1
Q8876,A1
Q8877,A1
Q8878,A1
Q8879,A1
Q8880,A1
Q8881,A1
Q8882,A1
Q8883,A1
Q8884,A1
Q8885,A1
Q8886,A1
Q8887,A1
Q8888,A1
Q8889,A1
Q8890,A1
Q8891,A1
Q8892,A1
Q8893,A1
Q8894,A1
Q8895,A1
Q8896,A1
Q8897,A1
Q8898,A1
Q8899,A1
Q8900,A1
Q8901,A1
Q8902,A1
Q8903,A1
Q8904,A1
Q8905,A1
Q8906,A1
Q8907,A1
Q8908,A1
Q8909,A1
Q8910,A1
Q8911,A1
Q8912,A1
Q8913,A1
Q8914,A1
Q8915,A1
Q8916,A1
Q8917,A1
Q8918,A1
Q8919,A1
Q8920,A1
Q8921,A1
Q8922,A1
Q8923,A1
Q8924,A1
Q8925,A1
Q8926,A1
Q8927,A1
Q8928,A1
Q8929,A1
Q8930,A1
Q8931,A1
Q8932,A1
Q8933,A1
Q8934,A1
Q8935,A1
Q8936,A1
Q8937,A1
Q8938,A1
Q8939,A1
Q8940,A1
Q8941,A1
Q8942,A1
Q8943,A1
Q8944,A1
Q8945,A1
Q8946,A1
Q8947,A1
Q8948,A1
Q8949,A1
Q8950,A1
Q8951,A1
Q8952,A1
Q8953,A1
Q8954,A1
Q8955,A1
Q8956,A1
Q8957,A1
Q8958,A1
Q8959,A1
Q8960,A1
Q8961,A1
Q8962,A1
Q8963,A1
Q8964,A1
Q8965,A1
Q8966,A1
Q8967,A1
Q8968,A1
Q8969,A1
Q8970,A1
Q8971,A1
Q8972,A1
Q8973,A1
Q8974,A1
Q8975,A1
Q8976,A1
Q8977,A1
Q8978,A1
Q8979,A1
Q8980,A1
Q8981,A1
Q8982,A1
Q8983,A1
Q8984,A1
Q8985,A1
Q8986,A1
Q8987,A1
Q8988,A1
Q8989,A1
Q8990,A1
Q8991,A1
Q8992,A1
Q8993,A1
Q8994,A1
Q8995,A1
Q8996,A1
Q8997,A1
Q8998,A1
Q8999,A1
Q9000,A1
Q9001,A1
Q9002,A1
Q9003,A1
Q9004,A1
Q9005,A1
Q9006,A1
Q9007,A1
Q9008,A1
Q9009,A1
Q9010,A1
Q9011,A1
Q9012,A1
Q9013,A1
Q9014,A1
Q9015,A1
Q9016,A1
Q9017,A1
Q9018,A1
Q9019,A1
Q9020,A1
Q9021,A1
Q9022,A1
Q9023,A1
Q9024,A1
Q9025,A1
Q9026,A1
Q9027,A1
Q9028,A1
Q9029,A1
Q9030,A1
Q9031,A1
Q9032,A1
Q9033,A1
Q9034,A1
Q9035,A1
Q9036,A1
Q9037,A1
Q9038,A1
Q9039,A1
Q9040,A1
Q9041,A0
Q9042,A0
Q9043,A0
Q9044,A0
Q9045,A0
Q9046,A0
Q9047,A0
Q9048,A0
Q9049,A0
Q9050,A0
Q9051,A0
Q9052,A0
Q9053,A0
Q9054,A0
Q9055,A0
Q9056,A0
Q9057,A0
Q9058,A0
Q9059,A0
Q9060,A0
Q9061,A0
Q9062,A0
Q9063,A0
Q9064,A0
Q9065,A0
Q9066,A0
Q9067,A0
Q9068,A0
Q9069,A0
Q9070,A0
Q9071,A0
Q9072,A0
Q9073,A0
Q9074,A0
Q9075,A0
Q9076,A0
Q9077,A0
Q9078,A0
Q9079,A0
Q9080,A0
Q9081,A0
Q9082,A0
Q9083,A0
Q9084,A0
Q9085,A0
Q9086,A0
Q9087,A0
Q9088,A0
Q9089,A0
Q9090,A0
Q9091,A0
Q9092,A0
Q9093,A0
Q9094,A0
Q9095,A0
Q9096,A0
Q9097,A0
Q9098,A0
Q9099,A0
Q9100,A0
Q9101,A0
Q9102,A0
Q9103,A0
Q9104,A0
Q9105,A0
Q9106,A0
Q9107,A0
Q9108,A0
Q9109,A0
Q9110,A0
Q9111,A0
Q9112,A0
Q9113,A0
Q9114,A0
Q9115,A0
Q9116,A0
Q9117,A0
Q9118,A0
Q9119,A0
Q9120,A0
Q9121,A0
Q9122,A0
Q9123,A0
Q9124,A0
Q9125,A0
Q9126,A0
Q9127,A0
Q9128,A0
Q9129,A0
Q9130,A0
Q9131,A0
Q9132,A0
Q9133,A0
Q9134,A0
Q9135,A0
Q9136,A0
Q9137,A0
Q9138,A0
Q9139,A0
Q9140,A0
Q9141,A0
Q9142,A0
Q9143,A0
Q9144,A0
Q9145,A0
Q9146,A0
Q9147,A0
Q9148,A0
Q9149,A0
Q9150,A0
Q9151,A0
Q9152,A0
Q9153,A0
Q9154,A0
Q9155,A0
Q9156,A0
Q9157,A0
Q9158,A0
Q9159,A0
Q9160,A0
Q9161,A0
Q9162,A0
Q9163,A0
Q9164,A0
Q9165,A0
Q9166,A0
Q9167,A0
Q9168,A0
Q9169,A0
Q9170,A0
Q9171,A0
Q9172,A0
Q9173,A0
Q9174,A0
Q9175,A0
Q9176,A0
Q9177,A0
Q9178,A0
Q9179,A0
Q9180,A0
Q9181,A0
Q9182,A0
Q9183,A0
Q9184,A0
Q9185,A0
Q9186,A0
Q9187,A0
Q9188,A0
Q9189,A0
Q9190,A0
Q9191,A0
Q9192,A0
Q9193,A0
Q9194,A0
Q9195,A0
Q9196,A0
Q9197,A0
Q9198,A0
Q9199,A0
Q9200,A0
Q9201,A0
Q9202,A0
Q9203,A0
Q9204,A0
Q9205,A0
Q9206,A0
Q9207,A0
Q9208,A0
Q9209,A0
Q9210,A0
Q9211,A0
Q9212,A0
Q9213,A0
Q9214,A0
Q9215,A0
Q9216,A0
Q9217,A0
Q9218,A0
Q9219,A0
Q9220,A0
Q9221,A0
Q9222,A0
Q9223,A0
Q9224,A0
Q9225,A0
Q9226,A0
Q9227,A0
Q9228,A0
Q9229,A0
Q9230,A0
Q9231,A0
Q9232,A0
Q9233,A0
Q9234,A0
Q9235,A0
Q9236,A0
Q9237,A0
Q9238,A0
Q9239,A0
Q9240,A0
Q9241,A0
Q9242,A0
Q9243,A0
Q9244,A0
Q9245,A0
Q9246,A0
Q9247,A0
Q9248,A0
Q9249,A0
Q9250,A0
Q9251,A0
Q9252,A0
Q9253,A0
Q9254,A0
Q9255,A0
Q9256,A0
Q9257,A0
Q9258,A0
Q9259,A0
Q9260,A0
Q9261,A0
Q9262,A0
Q9263,A0
Q9264,A0
Q9265,A0
Q9266,A0
Q9267,A0
Q9268,A0
Q9269,A0
Q9270,A0
Q9271,A0
Q9272,A0
Q9273,A0
Q9274,A0
Q9275,A0
Q9276,A0
Q9277,A0
Q9278,A0
Q9279,A0
Q9280,A0
Q9281,A0
Q9282,A0
Q9283,A0
Q9284,A0
Q9285,A0
Q9286,A0
Q9287,A0
Q9288,A0
Q9289,A0
Q9290,A0
Q9291,A0
Q9292,A0
Q9293,A0
Q9294,A0
Q9295,A0
Q9296,A0
Q9297,A0
Q9298,A0
Q9299,A0
Q9300,A0
Q9301,A0
Q9302,A0
Q9303,A0
Q9304,A0
Q9305,A0
Q9306,A0
Q9307,A0
Q9308,A0
Q9309,A0
Q9310,A0
Q9311,A0
Q9312,A0
Q9313,A0
Q9314,A0
Q9315,A0
Q9316,A0
Q9317,A0
Q9318,A0
Q9319,A0
Q9320,A0
Q9321,A0
Q9322,A0
Q9323,A0
Q9324,A0
Q9325,A0
Q9326,A0
Q9327,A0
Q9328,A0
Q9329,A0
Q9330,A0
Q9331,A0
Q9332,A0
Q9333,A0
Q9334,A0
Q9335,A0
Q9336,A0
Q9337,A0
Q9338,A0
Q9339,A0
Q9340,A0
Q9341,A0
Q9342,A0
Q9343,A0
Q9344,A0
Q9345,A0
Q9346,A0
Q9347,A0
Q9348,A0
Q9349,A0
Q9350,A0
Q9351,A0
Q9352,A0
Q9353,A0
Q9354,A0
Q9355,A0
Q9356,A0
Q9357,A0
Q9358,A0
Q9359,A0
Q9360,A0
Q9361,A0
Q9362,A0
Q9363,A0
Q9364,A0
Q9365,A0
Q9366,A0
Q9367,A0
Q9368,A0
Q9369,A0
Q9370,A0
Q9371,A0
Q9372,A0
Q9373,A0
Q9374,A0
Q9375,A0
Q9376,A0
Q9377,A0
Q9378,A0
Q9379,A0
Q9380,A0
Q9381,A0
Q9382,A0
Q9383,A0
Q9384,A0
Q9385,A0
Q9386,A0
Q9387,A0
Q9388,A0
Q9389,A0
Q9390,A0
Q9391,A0
Q9392,A0
Q9393,A0
Q9394,A0
Q9395,A0
Q9396,A0
Q9397,A0
Q9398,A0
Q9399,A0
Q9400,A0
Q9401,A0
Q9402,A0
Q9403,A0
Q9404,A0
Q9405,A0
Q9406,A0
Q9407,A0
Q9408,A0
Q9409,A0
Q9410,A0
Q9411,A0
Q9412,A0
Q9413,A0
Q9414,A0
Q9415,A0
Q9416,A0
Q9417,A0
Q9418,A0
Q9419,A0
Q9420,A0
Q9421,A0
Q9422,A0
Q9423,A0
Q9424,A0
Q9425,A0
Q9426,A0
Q9427,A0
Q9428,A0
Q9429,A0
Q9430,A0
Q9431,A0
Q9432,A0
Q9433,A0
Q9434,A0
Q9435,A0
Q9436,A0
Q9437,A0
Q9438,A0
Q9439,A0
Q9440,A0
Q9441,A0
Q9442,A0
Q9443,A0
Q9444,A0
Q9445,A0
Q9446,A0
Q9447,A0
Q9448,A0
Q9449,A0
Q9450,A0
Q9451,A0
Q9452,A0
Q9453,A0
Q9454,A0
Q9455,A0
Q9456,A0
Q9457,A0
Q9458,A0
Q9459,A0
Q9460,A0
Q9461,A0
Q9462,A0
Q9463,A0
Q9464,A0
Q9465,A0
Q9466,A0
Q9467,A0
Q9468,A0
Q9469,A0
Q9470,A0
Q9471,A0
Q9472,A0
Q9473,A0
Q9474,A0
Q9475,A0
Q9476,A0
Q9477,A0
Q9478,A0
Q9479,A0
Q9480,A0
Q9481,A0
Q9482,A0
Q9483,A0
Q9484,A0
Q9485,A0
Q9486,A0
Q9487,A0
Q9488,A0
Q9489,A0
Q9490,A0
Q9491,A0
Q9492,A0
Q9493,A0
Q9494,A0
Q9495,A0
Q9496,A0
Q9497,A0
Q9498,A0
Q9499,A0
Q9500,A0
Q9501,A0
Q9502,A0
Q9503,A0
Q9504,A0
Q9505,A0
Q9506,A0
Q9507,A0
Q9508,A0
Q9509,A0
Q9510,A0
Q9511,A0
Q9512,A0
Q9513,A0
Q9514,A0
Q9515,A0
Q9516,A0
Q9517,A0
Q9518,A0
Q9519,A0
Q9520,A0
Q9521,A0
Q9522,A0
Q9523,A0
Q9524,A0
Q9525,A0
Q9526,A0
Q9527,A0
Q9528,A0
Q9529,A0
Q9530,A0
Q9531,A0
Q9532,A0
Q9533,A0
Q9534,A0
Q9535,A0
Q9536,A0
Q9537,A0
Q9538,A0
Q9539,A0
Q9540,A0
Q9541,A0
Q9542,A0
Q9543,A0
Q9544,A0
Q9545,A0
Q9546,A0
Q9547,A0
Q9548,A0
Q9549,A0
Q9550,A0
Q9551,A0
Q9552,A0
Q9553,A0
Q9554,A0
Q9555,A0
Q9556,A0
Q9557,A0
Q9558,A0
Q9559,A0
Q9560,A0
Q9561,A0
Q9562,A0
Q9563,A0
Q9564,A0
Q9565,A0
Q9566,A0
Q9567,A0
Q9568,A0
Q9569,A0
Q9570,A0
Q9571,A0
Q9572,A0
Q9573,A0
Q9574,A0
Q9575,A0
Q9576,A0
Q9577,A0
Q9578,A0
Q9579,A0
Q9580,A0
Q9581,A0
Q9582,A0
Q9583,A0
Q9584,A0
Q9585,A0
Q9586,A0
Q9587,A0
Q9588,A0
Q9589,A0
Q9590,A0
Q9591,A0
Q9592,A0
Q9593,A0
Q9594,A0
Q9595,A0
Q9596,A0
Q9597,A0
Q9598,A0
Q9599,A0
Q9600,A0
Q9601,A0
Q9602,A0
Q9603,A0
Q9604,A0
Q9605,A0
Q9606,A0
Q9607,A0
Q9608,A0
Q9609,A0
Q9610,A0
Q9611,A0
Q9612,A0
Q9613,A0
Q9614,A0
Q9615,A0
Q9616,A0
Q9617,A0
Q9618,A0
Q9619,A0
Q9620,A0
Q9621,A0
Q9622,A0
Q9623,A0
Q9624,A0
Q9625,A0
Q9626,A0
Q9627,A0
Q9628,A0
Q9629,A0
Q9630,A0
Q9631,A0
Q9632,A0
Q9633,A0
Q9634,A0
Q9635,A0
Q9636,A0
Q9637,A0
Q9638,A0
Q9639,A0
Q9640,A0
Q9641,A0
Q9642,A0
Q9643,A0
Q9644,A0
Q9645,A0
Q9646,A0
Q9647,A0
Q9648,A0
Q9649,A0
Q9650,A0
Q9651,A0
Q9652,A0
Q9653,A0
Q9654,A0
Q9655,A0
Q9656,A0
Q9657,A0
Q9658,A0
Q9659,A0
Q9660,A0
Q9661,A0
Q9662,A0
Q9663,A0
Q9664,A0
Q9665,A0
Q9666,A0
Q9667,A0
Q9668,A0
Q9669,A0
Q9670,A0
Q9671,A0
Q9672,A0
Q9673,A0
Q9674,A0
Q9675,A0
Q9676,A0
Q9677,A0
Q9678,A0
Q9679,A0
Q9680,A0
Q9681,A0
Q9682,A0
Q9683,A0
Q9684,A0
Q9685,A0
Q9686,A0
Q9687,A0
Q9688,A0
Q9689,A0
Q9690,A0
Q9691,A0
Q9692,A0
Q9693,A0
Q9694,A0
Q9695,A0
Q9696,A0
Q9697,A0
Q9698,A0
Q9699,A0
Q9700,A0
Q9701,A0
Q9702,A0
Q9703,A0
Q9704,A0
Q9705,A0
Q9706,A0
Q9707,A0
Q9708,A0
Q9709,A0
Q9710,A0
Q9711,A0
Q9712,A0
Q9713,A0
Q9714,A0
Q9715,A0
Q9716,A0
Q9717,A0
Q9718,A0
Q9719,A0
Q9720,A0
Q9721,A0
Q9722,A0
Q9723,A0
Q9724,A0
Q9725,A0
Q9726,A0
Q9727,A0
Q9728,A0
Q9729,A0
Q9730,A0
Q9731,A0
Q9732,A0
Q9733,A0
Q9734,A0
Q9735,A0
Q9736,A0
Q9737,A0
Q9738,A0
Q9739,A0
Q9740,A0
Q9741,A0
Q9742,A0
Q9743,A0
Q9744,A0
Q9745,A0
Q9746,A0
Q9747,A0
Q9748,A0
Q9749,A0
Q9750,A0
Q9751,A0
Q9752,A0
Q9753,A0
Q9754,A0
Q9755,A0
Q9756,A0
Q9757,A0
Q9758,A0
Q9759,A0
Q9760,A0
Q9761,A0
Q9762,A0
Q9763,A0
Q9764,A0
Q9765,A0
Q9766,A0
Q9767,A0
Q9768,A0
Q9769,A0
Q9770,A0
Q9771,A0
Q9772,A0
Q9773,A0
Q9774,A0
Q9775,A0
Q9776,A0
Q9777,A0
Q9778,A0
Q9779,A0
Q9780,A0
Q9781,A0
Q9782,A0
Q9783,A0
Q9784,A0
Q9785,A0
Q9786,A0
Q9787,A0
Q9788,A0
Q9789,A0
Q9790,A0
Q9791,A0
Q9792,A0
Q9793,A0
Q9794,A0
Q9795,A0
Q9796,A0
Q9797,A0
Q9798,A0
Q9799,A0
Q9800,A0
Q9801,A0
Q9802,A0
Q9803,A0
Q9804,A0
Q9805,A0
Q9806,A0
Q9807,A0
Q9808,A0
Q9809,A0
Q9810,A0
Q9811,A0
Q9812,A0
Q9813,A0
Q9814,A0
Q9815,A0
Q9816,A0
Q9817,A0
Q9818,A0
Q9819,A0
Q9820,A0
Q9821,A0
Q9822,A0
Q9823,A0
Q9824,A0
Q9825,A0
Q9826,A0
Q9827,A0
Q9828,A0
Q9829,A0
Q9830,A0
Q9831,A0
Q9832,A0
Q9833,A0
Q9834,A0
Q9835,A0
Q9836,A0
Q9837,A0
Q9838,A0
Q9839,A0
Q9840,A0
Q9841,A0
Q9842,A0
Q9843,A0
Q9844,A0
Q9845,A0
Q9846,A0
Q9847,A0
Q9848,A0
Q9849,A0
Q9850,A0
Q9851,A0
Q9852,A0
Q9853,A0
Q9854,A0
Q9855,A0
Q9856,A0
Q9857,A0
Q9858,A0
Q9859,A0
Q9860,A0
Q9861,A0
Q9862,A0
Q9863,A0
Q9864,A0
Q9865,A0
Q9866,A0
Q9867,A0
Q9868,A0
Q9869,A0
Q9870,A0
Q9871,A0
Q9872,A0
Q9873,A0
Q9874,A0
Q9875,A0
Q9876,A0
Q9877,A0
Q9878,A0
Q9879,A0
Q9880,A0
Q9881,A0
Q9882,A0
Q9883,A0
Q9884,A0
Q9885,A0
Q9886,A0
Q9887,A0
Q9888,A0
Q9889,A0
Q9890,A0
Q9891,A0
Q9892,A0
Q9893,A0
Q9894,A0
Q9895,A0
Q9896,A0
Q9897,A0
Q9898,A0
Q9899,A0
Q9900,A0
Q9901,A0
Q9902,A0
Q9903,A0
Q9904,A0
Q9905,A0
Q9906,A0
Q9907,A0
Q9908,A0
Q9909,A0
Q9910,A0
Q9911,A0
Q9912,A0
Q9913,A0
Q9914,A0
Q9915,A0
Q9916,A0
Q9917,A0
Q9918,A0
Q9919,A0
Q9920,A0
Q9921,A0
Q9922,A0
Q9923,A0
Q9924,A0
Q9925,A0
Q9926,A0
Q9927,A0
Q9928,A0
Q9929,A0
Q9930,A0
Q9931,A0
Q9932,A0
Q9933,A0
Q9934,A0
Q9935,A0
Q9936,A0
Q9937,A0
Q9938,A0
Q9939,A0
Q9940,A0
Q9941,A0
Q9942,A0
Q9943,A0
Q9944,A0
Q9945,A0
Q9946,A0
Q9947,A0
Q9948,A0
Q9949,A0
Q9950,A0
Q9951,A0
Q9952,A0
Q9953,A0
Q9954,A0
Q9955,A0
Q9956,A0
Q9957,A0
Q9958,A0
Q9959,A0
Q9960,A0
Q9961,A0
Q9962,A0
Q9963,A0
Q9964,A0
Q9965,A0
Q9966,A0
Q9967,A0
Q9968,A0
Q9969,A0
Q9970,A0
Q9971,A0
Q9972,A0
Q9973,A0
Q9974,A0
Q9975,A0
Q9976,A0
Q9977,A0
Q9978,A0
Q9979,A0
Q9980,A0
Q9981,A0
Q9982,A0
Q9983,A0
Q9984,A0
Q9985,A0
Q9986,A0
Q9987,A0
Q9988,A0
Q9989,A0
Q9990,A0
Q9991,A0
Q9992,A0
Q9993,A0
Q9994,A0
Q9995,A0
Q9996,A0
Q9997,A0
Q9998,A0
Q9999,A0
Q10000,A0
Q10001,A0
Q10002,A0
Q10003,A0
Q10004,A0
Q10005,A0
Q10006,A0
Q10007,A0
Q10008,A0
Q10009,A0
Q10010,A0
Q10011,A0
Q10012,A0
Q10013,A0
Q10014,A0
Q10015,A0
Q10016,A0
Q10017,A0
Q10018,A0
Q10019,A0
Q10020,A0
Q10021,A0
Q10022,A0
Q10023,A0
Q10024,A0
Q10025,A0
Q10026,A0
Q10027,A0
Q10028,A0
Q10029,A0
Q10030,A0
Q10031,A0
Q10032,A0
Q10033,A0
Q10034,A0
Q10035,A0
Q10036,A0
Q10037,A0
Q10038,A0
Q10039,A0
Q10040,A0
Q10041,A0
Q10042,A0
Q10043,A0
Q10044,A0
Q10045,A0
Q10046,A0
Q10047,A0
Q10048,A0
Q10049,A0
Q10050,A0
Q10051,A0
Q10052,A0
Q10053,A0
Q10054,A0
Q10055,A0
Q10056,A0
Q10057,A0
Q10058,A0
Q10059,A0
Q10060,A0
Q10061,A0
Q10062,A0
Q10063,A0
Q10064,A0
Q10065,A0
Q10066,A0
Q10067,A0
Q10068,A0
Q10069,A0
Q10070,A0
Q10071,A0
Q10072,A0
Q10073,A0
Q10074,A0
Q10075,A0
Q10076,A0
Q10077,A0
Q10078,A0
Q10079,A0
Q10080,A0
Q10081,A0
Q10082,A0
Q10083,A0
Q10084,A0
Q10085,A0
Q10086,A0
Q10087,A0
Q10088,A0
Q10089,A0
Q10090,A0
Q10091,A0
Q10092,A0
Q10093,A0
Q10094,A0
Q10095,A0
Q10096,A0
Q10097,A0
Q10098,A0
Q10099,A0
Q10100,A0
Q10101,A0
Q10102,A0
Q10103,A0
Q10104,A0
Q10105,A0
Q10106,A0
Q10107,A0
Q10108,A0
Q10109,A0
Q10110,A0
Q10111,A0
Q10112,A0
Q10113,A0
Q10114,A0
Q10115,A0
Q10116,A0
Q10117,A0
Q10118,A0
Q10119,A0
Q10120,A0
Q10121,A0
Q10122,A0
Q10123,A0
Q10124,A0
Q10125,A0
Q10126,A0
Q10127,A0
Q10128,A0
Q10129,A0
Q10130,A0
Q10131,A0
Q10132,A0
Q10133,A0
Q10134,A0
Q10135,A0
Q10136,A0
Q10137,A0
Q10138,A0
Q10139,A0
Q10140,A0
Q10141,A0
Q10142,A0
Q10143,A0
Q10144,A0
Q10145,A0
Q10146,A0
Q10147,A0
Q10148,A0
Q10149,A0
Q10150,A0
Q10151,A0
Q10152,A0
Q10153,A0
Q10154,A0
Q10155,A0
Q10156,A0
Q10157,A0
Q10158,A0
Q10159,A0
Q10160,A0
Q10161,A0
Q10162,A0
Q10163,A0
Q10164,A0
Q10165,A0
Q10166,A0
Q10167,A0
Q10168,A0
Q10169,A0
Q10170,A0
Q10171,A0
Q10172,A0
Q10173,A0
Q10174,A0
Q10175,A0
Q10176,A0
Q10177,A2
Q10178,A2
Q10179,A2
Q10180,A2
Q10181,A2
Q10182,A2
Q10183,A2
Q10184,A2
Q10185,A2
Q10186,A2
Q10187,A2
Q10188,A2
Q10189,A2
Q10190,A2
Q10191,A2
Q10192,A2
Q10193,A2
Q10194,A2
Q10195,A2
Q10196,A2
Q10197,A2
Q10198,A2
Q10199,A2
Q10200,A2
Q10201,A2
Q10202,A2
Q10203,A2
Q10204,A2
Q10205,A2
Q10206,A2
Q10207,A2
Q10208,A2
Q10209,A2
Q10210,A2
Q10211,A2
Q10212,A2
Q10213,A2
Q10214,A2
Q10215,A2
Q10216,A2
Q10217,A2
Q10218,A2
Q10219,A2
Q10220,A2
Q10221,A2
Q10222,A2
Q10223,A2
Q10224,A2
Q10225,A2
Q10226,A2
Q10227,A2
Q10228,A2
Q10229,A2
Q10230,A2
Q10231,A2
Q10232,A2
Q10233,A2
Q10234,A2
Q10235,A2
Q10236,A2
Q10237,A2
Q10238,A2
Q10239,A2
Q10240,A2
Q10241,A2
Q10242,A2
Q10243,A2
Q10244,A2
Q10245,A2
Q10246,A2
Q10247,A2
Q10248,A2
Q10249,A2
Q10250,A2
Q10251,A2
Q10252,A2
Q10253,A2
Q10254,A2
Q10255,A2
Q10256,A2
Q10257,A2
Q10258,A2
Q10259,A2
Q10260,A2
Q10261,A2
Q10262,A2
Q10263,A2
Q10264,A2
Q10265,A2
Q10266,A2
Q10267,A2
Q10268,A2
Q10269,A2
Q10270,A2
Q10271,A2
Q10272,A2
Q10273,A2
Q10274,A2
Q10275,A2
Q10276,A2
Q10277,A2
Q10278,A2
Q10279,A2
Q10280,A2
Q10281,A2
Q10282,A2
Q10283,A2
Q10284,A2
Q10285,A2
Q10286,A2
Q10287,A2
Q10288,A2
Q10289,A2
Q10290,A2
Q10291,A2
Q10292,A2
Q10293,A2
Q10294,A2
Q10295,A2
Q10296,A2
Q10297,A2
Q10298,A2
Q10299,A2
Q10300,A2
Q10301,A2
Q10302,A2
Q10303,A2
Q10304,A2
Q10305,A2
Q10306,A2
Q10307,A2
Q10308,A2
Q10309,A2
Q10310,A2
Q10311,A2
Q10312,A2
Q10313,A2
Q10314,A2
Q10315,A2
Q10316,A2
Q10317,A2
Q10318,A2
Q10319,A2
Q10320,A2
Q10321,A2
Q10322,A2
Q10323,A2
Q10324,A2
Q10325,A2
Q10326,A2
Q10327,A2
Q10328,A2
Q10329,A2
Q10330,A2
Q10331,A2
Q10332,A2
Q10333,A2
Q10334,A2
Q10335,A2
Q10336,A2
Q10337,A2
Q10338,A2
Q10339,A2
Q10340,A2
Q10341,A2
Q10342,A2
Q10343,A2
Q10344,A2
Q10345,A2
Q10346,A2
Q10347,A2
Q10348,A2
Q10349,A2
Q10350,A2
Q10351,A2
Q10352,A2
Q10353,A2
Q10354,A2
Q10355,A2
Q10356,A2
Q10357,A2
Q10358,A2
Q10359,A2
Q10360,A2
Q10361,A2
Q10362,A2
Q10363,A2
Q10364,A2
Q10365,A2
Q10366,A2
Q10367,A2
Q10368,A2
Q10369,A2
Q10370,A2
Q10371,A2
Q10372,A2
Q10373,A2
Q10374,A2
Q10375,A2
Q10376,A2
Q10377,A2
Q10378,A2
Q10379,A2
Q10380,A2
Q10381,A2
Q10382,A2
Q10383,A2
Q10384,A2
Q10385,A2
Q10386,A2
Q10387,A2
Q10388,A2
Q10389,A2
Q10390,A2
Q10391,A2
Q10392,A2
Q10393,A2
Q10394,A2
Q10395,A2
Q10396,A2
Q10397,A2
Q10398,A2
Q10399,A2
Q10400,A2
Q10401,A2
Q10402,A2
Q10403,A2
Q10404,A2
Q10405,A2
Q10406,A2
Q10407,A2
Q10408,A2
Q10409,A2
Q10410,A2
Q10411,A2
Q10412,A2
Q10413,A2
Q10414,A2
Q10415,A2
Q10416,A2
Q10417,A2
Q10418,A2
Q10419,A2
Q10420,A2
Q10421,A2
Q10422,A2
Q10423,A2
Q10424,A2
Q10425,A2
Q10426,A2
Q10427,A2
Q10428,A2
Q10429,A2
Q10430,A2
Q10431,A2
Q10432,A2
Q10433,A2
Q10434,A2
Q10435,A2
Q10436,A2
Q10437,A2
Q10438,A2
Q10439,A2
Q10440,A2
Q10441,A2
Q10442,A2
Q10443,A2
Q10444,A2
Q10445,A2
Q10446,A2
Q10447,A2
Q10448,A2
Q10449,A2
Q10450,A2
Q10451,A2
Q10452,A2
Q10453,A2
Q10454,A2
Q10455,A2
Q10456,A2
Q10457,A2
Q10458,A2
Q10459,A2
Q10460,A2
Q10461,A2
Q10462,A2
Q10463,A2
Q10464,A2
Q10465,A2
Q10466,A2
Q10467,A2
Q10468,A2
Q10469,A2
Q10470,A2
Q10471,A2
Q10472,A2
Q10473,A2
Q10474,A2
Q10475,A2
Q10476,A2
Q10477,A2
Q10478,A2
Q10479,A2
Q10480,A2
Q10481,A2
Q10482,A2
Q10483,A2
Q10484,A2
Q10485,A2
Q10486,A2
Q10487,A2
Q10488,A2
Q10489,A2
Q10490,A2
Q10491,A2
Q10492,A2
Q10493,A2
Q10494,A2
Q10495,A2
Q10496,A2
Q10497,A2
Q10498,A2
Q10499,A2
Q10500,A2
Q10501,A2
Q10502,A2
Q10503,A2
Q10504,A2
Q10505,A2
Q10506,A2
Q10507,A2
Q10508,A2
Q10509,A2
Q10510,A2
Q10511,A2
Q10512,A2
Q10513,A2
Q10514,A2
Q10515,A2
Q10516,A2
Q10517,A2
Q10518,A2
Q10519,A2
Q10520,A2
Q10521,A2
Q10522,A2
Q10523,A2
Q10524,A2
Q10525,A2
Q10526,A2
Q10527,A2
Q10528,A2
Q10529,A2
Q10530,A2
Q10531,A2
Q10532,A2
Q10533,A2
Q10534,A2
Q10535,A2
Q10536,A2
Q10537,A2
Q10538,A2
Q10539,A2
Q10540,A2
Q10541,A2
Q10542,A2
Q10543,A2
Q10544,A2
Q10545,A2
Q10546,A2
Q10547,A2
Q10548,A2
Q10549,A2
Q10550,A2
Q10551,A2
Q10552,A2
Q10553,A2
Q10554,A2
Q10555,A2
Q10556,A2
Q10557,A2
Q10558,A2
Q10559,A2
Q10560,A2
Q10561,A2
Q10562,A2
Q10563,A2
Q10564,A2
Q10565,A2
Q10566,A2
Q10567,A2
Q10568,A2
Q10569,A2
Q10570,A2
Q10571,A2
Q10572,A2
Q10573,A2
Q10574,A2
Q10575,A2
Q10576,A2
Q10577,A2
Q10578,A2
Q10579,A2
Q10580,A2
Q10581,A2
Q10582,A2
Q10583,A2
Q10584,A2
Q10585,A2
Q10586,A2
Q10587,A2
Q10588,A2
Q10589,A2
Q10590,A2
Q10591,A2
Q10592,A2
Q10593,A2
Q10594,A2
Q10595,A2
Q10596,A2
Q10597,A2
Q10598,A2
Q10599,A2
Q10600,A2
Q10601,A2
Q10602,A2
Q10603,A2
Q10604,A2
Q10605,A2
Q10606,A2
Q10607,A2
Q10608,A2
Q10609,A2
Q10610,A2
Q10611,A2
Q10612,A2
Q10613,A2
Q10614,A2
Q10615,A2
Q10616,A2
Q10617,A2
Q10618,A2
Q10619,A2
Q10620,A2
Q10621,A2
Q10622,A2
Q10623,A2
Q10624,A2
Q10625,A2
Q10626,A2
Q10627,A2
Q10628,A2
Q10629,A2
Q10630,A2
Q10631,A2
Q10632,A2
Q10633,A2
Q10634,A2
Q10635,A2
Q10636,A2
Q10637,A2
Q10638,A2
Q10639,A2
Q10640,A2
Q10641,A2
Q10642,A2
Q10643,A2
Q10644,A2
Q10645,A2
Q10646,A2
Q10647,A2
Q10648,A2
Q10649,A2
Q10650,A2
Q10651,A2
Q10652,A2
Q10653,A2
Q10654,A2
Q10655,A2
Q10656,A2
Q10657,A2
Q10658,A2
Q10659,A2
Q10660,A2
Q10661,A2
Q10662,A2
Q10663,A2
Q10664,A2
Q10665,A2
Q10666,A2
Q10667,A2
Q10668,A2
Q10669,A2
Q10670,A2
Q10671,A2
Q10672,A2
Q10673,A2
Q10674,A2
Q10675,A2
Q10676,A2
Q10677,A2
Q10678,A2
Q10679,A2
Q10680,A2
Q10681,A2
Q10682,A2
Q10683,A2
Q10684,A2
Q10685,A2
Q10686,A2
Q10687,A2
Q10688,A2
Q10689,A2
Q10690,A2
Q10691,A2
Q10692,A2
Q10693,A2
Q10694,A2
Q10695,A2
Q10696,A2
Q10697,A2
Q10698,A2
Q10699,A2
Q10700,A2
Q10701,A2
Q10702,A2
Q10703,A2
Q10704,A2
Q10705,A2
Q10706,A2
Q10707,A2
Q10708,A2
Q10709,A2
Q10710,A2
Q10711,A2
Q10712,A2
Q10713,A2
Q10714,A2
Q10715,A2
Q10716,A2
Q10717,A2
Q10718,A2
Q10719,A2
Q10720,A2
Q10721,A2
Q10722,A2
Q10723,A2
Q10724,A2
Q10725,A2
Q10726,A2
Q10727,A2
Q10728,A2
Q10729,A2
Q10730,A2
Q10731,A2
Q10732,A2
Q10733,A2
Q10734,A2
Q10735,A2
Q10736,A2
Q10737,A2
Q10738,A2
Q10739,A2
Q10740,A2
Q10741,A2
Q10742,A2
Q10743,A2
Q10744,A2
Q10745,A2
Q10746,A2
Q10747,A2
Q10748,A2
Q10749,A2
Q10750,A2
Q10751,A2
Q10752,A2
Q10753,A2
Q10754,A2
Q10755,A2
Q10756,A2
Q10757,A2
Q10758,A2
Q10759,A2
Q10760,A2
Q10761,A2
Q10762,A2
Q10763,A2
Q10764,A2
Q10765,A2
Q10766,A2
Q10767,A2
Q10768,A2
Q10769,A2
Q10770,A2
Q10771,A2
Q10772,A2
Q10773,A2
Q10774,A2
Q10775,A2
Q10776,A2
Q10777,A2
Q10778,A2
Q10779,A2
Q10780,A2
Q10781,A2
Q10782,A2
Q10783,A2
Q10784,A2
Q10785,A2
Q10786,A2
Q10787,A2
Q10788,A2
Q10789,A2
Q10790,A2
Q10791,A2
Q10792,A2
Q10793,A2
Q10794,A2
Q10795,A2
Q10796,A2
Q10797,A2
Q10798,A2
Q10799,A2
Q10800,A2
Q10801,A2
Q10802,A2
Q10803,A2
Q10804,A2
Q10805,A2
Q10806,A2
Q10807,A2
Q10808,A2
Q10809,A2
Q10810,A2
Q10811,A2
Q10812,A2
Q10813,A2
Q10814,A2
Q10815,A2
Q10816,A2
Q10817,A2
Q10818,A2
Q10819,A2
Q10820,A2
Q10821,A2
Q10822,A2
Q10823,A2
Q10824,A2
Q10825,A2
Q10826,A2
Q10827,A2
Q10828,A2
Q10829,A2
Q10830,A2
Q10831,A2
Q10832,A2
Q10833,A2
Q10834,A2
Q10835,A2
Q10836,A2
Q10837,A2
Q10838,A2
Q10839,A2
Q10840,A2
Q10841,A2
Q10842,A2
Q10843,A2
Q10844,A2
Q10845,A2
Q10846,A2
Q10847,A2
Q10848,A2
Q10849,A2
Q10850,A2
Q10851,A2
Q10852,A2
Q10853,A2
Q10854,A2
Q10855,A2
Q10856,A2
Q10857,A2
Q10858,A2
Q10859,A2
Q10860,A2
Q10861,A2
Q10862,A2
Q10863,A2
Q10864,A2
Q10865,A2
Q10866,A2
Q10867,A2
Q10868,A2
Q10869,A2
Q10870,A2
Q10871,A2
Q10872,A2
Q10873,A2
Q10874,A2
Q10875,A2
Q10876,A2
Q10877,A2
Q10878,A2
Q10879,A2
Q10880,A2
Q10881,A2
Q10882,A2
Q10883,A2
Q10884,A2
Q10885,A2
Q10886,A2
Q10887,A2
Q10888,A2
Q10889,A2
Q10890,A2
Q10891,A2
Q10892,A2
Q10893,A2
Q10894,A2
Q10895,A2
Q10896,A2
Q10897,A2
Q10898,A2
Q10899,A2
Q10900,A2
Q10901,A2
Q10902,A2
Q10903,A2
Q10904,A2
Q10905,A2
Q10906,A2
Q10907,A2
Q10908,A2
Q10909,A2
Q10910,A2
Q10911,A2
Q10912,A2
Q10913,A2
Q10914,A2
Q10915,A2
Q10916,A2
Q10917,A2
Q10918,A2
Q10919,A2
Q10920,A2
Q10921,A2
Q10922,A2
Q10923,A2
Q10924,A2
Q10925,A2
Q10926,A2
Q10927,A2
Q10928,A2
Q10929,A2
Q10930,A2
Q10931,A2
Q10932,A2
Q10933,A2
Q10934,A2
Q10935,A2
Q10936,A2
Q10937,A2
Q10938,A2
Q10939,A2
Q10940,A2
Q10941,A2
Q10942,A2
Q10943,A2
Q10944,A2
Q10945,A2
Q10946,A2
Q10947,A2
Q10948,A2
Q10949,A2
Q10950,A2
Q10951,A2
Q10952,A2
Q10953,A2
Q10954,A2
Q10955,A2
Q10956,A2
Q10957,A2
Q10958,A2
Q10959,A2
Q10960,A2
Q10961,A2
Q10962,A2
Q10963,A2
Q10964,A2
Q10965,A2
Q10966,A2
Q10967,A2
Q10968,A2
Q10969,A2
Q10970,A2
Q10971,A2
Q10972,A2
Q10973,A2
Q10974,A2
Q10975,A2
Q10976,A2
Q10977,A2
Q10978,A2
Q10979,A2
Q10980,A2
Q10981,A2
Q10982,A2
Q10983,A2
Q10984,A2
Q10985,A2
Q10986,A2
Q10987,A2
Q10988,A2
Q10989,A2
Q10990,A2
Q10991,A2
Q10992,A2
Q10993,A2
Q10994,A2
Q10995,A2
Q10996,A2
Q10997,A2
Q10998,A2
Q10999,A2
Q11000,A2
Q11001,A2
Q11002,A2
Q11003,A2
Q11004,A2
Q11005,A2
Q11006,A2
Q11007,A2
Q11008,A2
Q11009,A2
Q11010,A2
Q11011,A2
Q11012,A2
Q11013,A2
Q11014,A2
Q11015,A2
Q11016,A2
Q11017,A2
Q11018,A2
Q11019,A2
Q11020,A2
Q11021,A2
Q11022,A2
Q11023,A2
Q11024,A2
Q11025,A2
Q11026,A2
Q11027,A2
Q11028,A2
Q11029,A2
Q11030,A2
Q11031,A2
Q11032,A2
Q11033,A2
Q11034,A2
Q11035,A2
Q11036,A2
Q11037,A2
Q11038,A2
Q11039,A2
Q11040,A2
Q11041,A2
Q11042,A2
Q11043,A2
Q11044,A2
Q11045,A2
Q11046,A2
Q11047,A2
Q11048,A2
Q11049,A2
Q11050,A2
Q11051,A2
Q11052,A2
Q11053,A2
Q11054,A2
Q11055,A2
Q11056,A2
Q11057,A2
Q11058,A2
Q11059,A2
Q11060,A2
Q11061,A2
Q11062,A2
Q11063,A2
Q11064,A2
Q11065,A2
Q11066,A2
Q11067,A2
Q11068,A2
Q11069,A2
Q11070,A2
Q11071,A2
Q11072,A2
Q11073,A2
Q11074,A2
Q11075,A2
Q11076,A2
Q11077,A2
Q11078,A2
Q11079,A2
Q11080,A2
Q11081,A2
Q11082,A2
Q11083,A2
Q11084,A2
Q11085,A2
Q11086,A2
Q11087,A2
Q11088,A2
Q11089,A2
Q11090,A2
Q11091,A2
Q11092,A2
Q11093,A2
Q11094,A2
Q11095,A2
Q11096,A2
Q11097,A2
Q11098,A2
Q11099,A2
Q11100,A2
Q11101,A2
Q11102,A2
Q11103,A2
Q11104,A2
Q11105,A2
Q11106,A2
Q11107,A2
Q11108,A2
Q11109,A2
Q11110,A2
Q11111,A2
Q11112,A2
Q11113,A2
Q11114,A2
Q11115,A2
Q11116,A2
Q11117,A2
Q11118,A2
Q11119,A2
Q11120,A2
Q11121,A2
Q11122,A2
Q11123,A2
Q11124,A2
Q11125,A2
Q11126,A2
Q11127,A2
Q11128,A2
Q11129,A2
Q11130,A2
Q11131,A2
Q11132,A2
Q11133,A2
Q11134,A2
Q11135,A2
Q11136,A2
Q11137,A2
Q11138,A2
Q11139,A2
Q11140,A2
Q11141,A2
Q11142,A2
Q11143,A2
Q11144,A2
Q11145,A2
Q11146,A2
Q11147,A2
Q11148,A2
Q11149,A2
Q11150,A2
Q11151,A2
Q11152,A2
Q11153,A2
Q11154,A2
Q11155,A2
Q11156,A2
Q11157,A2
Q11158,A2
Q11159,A2
Q11160,A2
Q11161,A2
Q11162,A2
Q11163,A2
Q11164,A2
Q11165,A2
Q11166,A2
Q11167,A2
Q11168,A2
Q11169,A2
Q11170,A2
Q11171,A2
Q11172,A2
Q11173,A2
Q11174,A2
Q11175,A2
Q11176,A2
Q11177,A2
Q11178,A2
Q11179,A2
Q11180,A2
Q11181,A2
Q11182,A2
Q11183,A2
Q11184,A2
Q11185,A2
Q11186,A2
Q11187,A2
Q11188,A2
Q11189,A2
Q11190,A2
Q11191,A2
Q11192,A2
Q11193,A2
Q11194,A2
Q11195,A2
Q11196,A2
Q11197,A2
Q11198,A2
Q11199,A2
Q11200,A2
Q11201,A2
Q11202,A2
Q11203,A2
Q11204,A2
Q11205,A2
Q11206,A2
Q11207,A2
Q11208,A2
Q11209,A2
Q11210,A2
Q11211,A2
Q11212,A2
Q11213,A2
Q11214,A2
Q11215,A2
Q11216,A2
Q11217,A2
Q11218,A2
Q11219,A2
Q11220,A2
Q11221,A2
Q11222,A2
Q11223,A2
Q11224,A2
Q11225,A2
Q11226,A2
Q11227,A2
Q11228,A2
Q11229,A2
Q11230,A2
Q11231,A2
Q11232,A2
Q11233,A2
Q11234,A2
Q11235,A2
Q11236,A2
Q11237,A2
Q11238,A2
Q11239,A2
Q11240,A2
Q11241,A2
Q11242,A2
Q11243,A2
Q11244,A2
Q11245,A2
Q11246,A2
Q11247,A2
Q11248,A2
Q11249,A2
Q11250,A2
Q11251,A2
Q11252,A2
Q11253,A2
Q11254,A2
Q11255,A2
Q11256,A2
Q11257,A2
Q11258,A2
Q11259,A2
Q11260,A2
Q11261,A2
Q11262,A2
Q11263,A2
Q11264,A2
Q11265,A2
Q11266,A2
Q11267,A2
Q11268,A2
Q11269,A2
Q11270,A2
Q11271,A2
Q11272,A2
Q11273,A2
Q11274,A2
Q11275,A2
Q11276,A2
Q11277,A2
Q11278,A2
Q11279,A2
Q11280,A2
Q11281,A2
Q11282,A2
Q11283,A2
Q11284,A2
Q11285,A2
Q11286,A2
Q11287,A2
Q11288,A2
Q11289,A2
Q11290,A2
Q11291,A2
Q11292,A2
Q11293,A2
Q11294,A2
Q11295,A2
Q11296,A2
Q11297,A2
Q11298,A2
Q11299,A2
Q11300,A2
Q11301,A2
Q11302,A2
Q11303,A2
Q11304,A2
Q11305,A2
Q11306,A2
Q11307,A2
Q11308,A2
Q11309,A2
Q11310,A2
Q11311,A2
Q11312,A2
Q11313,A2
Q11314,A2
Q11315,A2
Q11316,A2
Q11317,A2
Q11318,A2
Q11319,A2
Q11320,A2
Q11321,A2
Q11322,A2
Q11323,A2
Q11324,A2
Q11325,A2
Q11326,A2
Q11327,A2
Q11328,A2
Q11329,A2
Q11330,A2
Q11331,A2
Q11332,A2
Q11333,A2
Q11334,A2
Q11335,A2
Q11336,A2
Q11337,A2
Q11338,A2
Q11339,A2
Q11340,A2
Q11341,A2
Q11342,A2
Q11343,A2
Q11344,A2
Q11345,A2
Q11346,A2
Q11347,A2
Q11348,A2
Q11349,A2
Q11350,A2
Q11351,A2
Q11352,A2
Q11353,A2
Q11354,A2
Q11355,A2
Q11356,A2
Q11357,A2
Q11358,A2
Q11359,A2
Q11360,A2
Q11361,A2
Q11362,A2
Q11363,A2
Q11364,A2
Q11365,A2
Q11366,A2
Q11367,A2
Q11368,A2
Q11369,A2
Q11370,A2
Q11371,A2
Q11372,A2
Q11373,A2
Q11374,A2
Q11375,A2
Q11376,A2
Q11377,A2
Q11378,A2
Q11379,A2
Q11380,A2
Q11381,A2
Q11382,A2
Q11383,A2
Q11384,A2
Q11385,A2
Q11386,A2
Q11387,A2
Q11388,A2
Q11389,A2
Q11390,A2
Q11391,A2
Q11392,A2
Q11393,A2
Q11394,A2
Q11395,A2
Q11396,A2
Q11397,A2
Q11398,A2
Q11399,A2
Q11400,A2
Q11401,A2
Q11402,A2
Q11403,A2
Q11404,A2
Q11405,A2
Q11406,A2
Q11407,A2
Q11408,A2
Q11409,A2
Q11410,A2
Q11411,A2
Q11412,A2
Q11413,A2
Q11414,A2
Q11415,A2
Q11416,A2
Q11417,A2
Q11418,A2
Q11419,A2
Q11420,A2
Q11421,A2
Q11422,A2
Q11423,A2
Q11424,A2
Q11425,A2
Q11426,A2
Q11427,A2
Q11428,A2
Q11429,A2
Q11430,A2
Q11431,A2
Q11432,A2
Q11433,A2
Q11434,A2
Q11435,A2
Q11436,A2
Q11437,A2
Q11438,A2
Q11439,A2
Q11440,A2
Q11441,A2
Q11442,A2
Q11443,A2
Q11444,A2
Q11445,A2
Q11446,A2
Q11447,A2
Q11448,A2
Q11449,A2
Q11450,A2
Q11451,A2
Q11452,A2
Q11453,A2
Q11454,A2
Q11455,A2
Q11456,A2
Q11457,A2
Q11458,A2
Q11459,A2
Q11460,A2
Q11461,A2
Q11462,A2
Q11463,A2
Q11464,A2
Q11465,A2
Q11466,A2
Q11467,A2
Q11468,A2
Q11469,A2
Q11470,A2
Q11471,A2
Q11472,A2
Q11473,A2
Q11474,A2
Q11475,A2
Q11476,A2
Q11477,A2
Q11478,A2
Q11479,A2
Q11480,A2
Q11481,A2
Q11482,A2
Q11483,A2
Q11484,A2
Q11485,A2
Q11486,A2
Q11487,A2
Q11488,A2
Q11489,A2
Q11490,A2
Q11491,A2
Q11492,A2
Q11493,A2
Q11494,A2
Q11495,A2
Q11496,A2
Q11497,A2
Q11498,A2
Q11499,A2
Q11500,A2
Q11501,A2
Q11502,A2
Q11503,A2
Q11504,A2
Q11505,A2
Q11506,A2
Q11507,A2
Q11508,A2
Q11509,A2
Q11510,A2
Q11511,A2
Q11512,A2
Q11513,A2
Q11514,A2
Q11515,A2
Q11516,A2
Q11517,A2
Q11518,A2
Q11519,A2
Q11520,A2
Q11521,A2
Q11522,A2
Q11523,A2
Q11524,A2
Q11525,A2
Q11526,A2
Q11527,A2
Q11528,A2
Q11529,A2
Q11530,A2
Q11531,A2
Q11532,A2
Q11533,A2
Q11534,A2
Q11535,A2
Q11536,A2
Q11537,A2
Q11538,A2
Q11539,A2
Q11540,A2
Q11541,A2
Q11542,A2
Q11543,A2
Q11544,A2
Q11545,A2
Q11546,A2
Q11547,A2
Q11548,A2
Q11549,A2
Q11550,A2
Q11551,A2
Q11552,A2
Q11553,A2
Q11554,A2
Q11555,A2
Q11556,A2
Q11557,A2
Q11558,A2
Q11559,A2
Q11560,A2
Q11561,A2
Q11562,A2
Q11563,A2
Q11564,A2
Q11565,A2
Q11566,A2
Q11567,A2
Q11568,A2
Q11569,A2
Q11570,A2
Q11571,A2
Q11572,A2
Q11573,A2
Q11574,A2
Q11575,A2
Q11576,A2
Q11577,A2
Q11578,A2
Q11579,A2
Q11580,A2
Q11581,A2
Q11582,A2
Q11583,A2
Q11584,A2
Q11585,A2
Q11586,A2
Q11587,A2
Q11588,A2
Q11589,A2
Q11590,A2
Q11591,A2
Q11592,A2
Q11593,A2
Q11594,A2
Q11595,A2
Q11596,A2
Q11597,A2
Q11598,A2
Q11599,A2
Q11600,A2
Q11601,A2
Q11602,A2
Q11603,A2
Q11604,A2
Q11605,A2
Q11606,A2
Q11607,A2
Q11608,A2
Q11609,A2
Q11610,A2
Q11611,A2
Q11612,A2
Q11613,A2
Q11614,A2
Q11615,A2
Q11616,A2
Q11617,A2
Q11618,A2
Q11619,A2
Q11620,A2
Q11621,A2
Q11622,A2
Q11623,A2
Q11624,A2
Q11625,A2
Q11626,A2
Q11627,A2
Q11628,A2
Q11629,A2
Q11630,A2
Q11631,A2
Q11632,A2
Q11633,A2
Q11634,A2
Q11635,A2
Q11636,A2
Q11637,A2
Q11638,A2
Q11639,A2
Q11640,A2
Q11641,A2
Q11642,A2
Q11643,A2
Q11644,A2
Q11645,A2
Q11646,A2
Q11647,A2
Q11648,A2
Q11649,A2
Q11650,A2
Q11651,A2
Q11652,A2
Q11653,A2
Q11654,A2
Q11655,A2
Q11656,A2
Q11657,A2
Q11658,A2
Q11659,A2
Q11660,A2
Q11661,A2
Q11662,A2
Q11663,A2
Q11664,A2
Q11665,A2
Q11666,A2
Q11667,A2
Q11668,A2
Q11669,A2
Q11670,A2
Q11671,A2
Q11672,A2
Q11673,A2
Q11674,A2
Q11675,A2
Q11676,A2
Q11677,A2
Q11678,A2
Q11679,A2
Q11680,A2
Q11681,A2
Q11682,A2
Q11683,A2
Q11684,A2
Q11685,A2
Q11686,A2
Q11687,A2
Q11688,A2
Q11689,A2
Q11690,A2
Q11691,A2
Q11692,A2
Q11693,A2
Q11694,A2
Q11695,A2
Q11696,A2
Q11697,A2
Q11698,A2
Q11699,A2
Q11700,A2
Q11701,A2
Q11702,A2
Q11703,A2
Q11704,A2
Q11705,A2
Q11706,A2
Q11707,A2
Q11708,A2
Q11709,A2
Q11710,A2
Q11711,A2
Q11712,A2
Q11713,A2
Q11714,A2
Q11715,A2
Q11716,A2
Q11717,A2
Q11718,A2
Q11719,A2
Q11720,A2
Q11721,A2
Q11722,A2
Q11723,A2
Q11724,A2
Q11725,A2
Q11726,A2
Q11727,A2
Q11728,A2
Q11729,A2
Q11730,A2
Q11731,A2
Q11732,A2
Q11733,A2
Q11734,A2
Q11735,A2
Q11736,A2
Q11737,A2
Q11738,A2
Q11739,A2
Q11740,A2
Q11741,A2
Q11742,A2
Q11743,A2
Q11744,A2
Q11745,A2
Q11746,A2
Q11747,A2
Q11748,A2
Q11749,A2
Q11750,A2
Q11751,A2
Q11752,A2
Q11753,A2
Q11754,A2
Q11755,A2
Q11756,A2
Q11757,A2
Q11758,A2
Q11759,A2
Q11760,A2
Q11761,A2
Q11762,A2
Q11763,A2
Q11764,A2
Q11765,A2
Q11766,A2
Q11767,A2
Q11768,A2
Q11769,A2
Q11770,A2
Q11771,A2
Q11772,A2
Q11773,A2
Q11774,A2
Q11775,A2
Q11776,A2
Q11777,A2
Q11778,A2
Q11779,A2
Q11780,A2
Q11781,A2
Q11782,A2
Q11783,A2
Q11784,A2
Q11785,A2
Q11786,A2
Q11787,A2
Q11788,A2
Q11789,A2
Q11790,A2
Q11791,A2
Q11792,A2
Q11793,A2
Q11794,A2
Q11795,A2
Q11796,A2
Q11797,A2
Q11798,A2
Q11799,A2
Q11800,A2
Q11801,A2
Q11802,A2
Q11803,A2
Q11804,A2
Q11805,A2
Q11806,A2
Q11807,A2
Q11808,A2
Q11809,A2
Q11810,A2
Q11811,A2
Q11812,A2
Q11813,A2
Q11814,A2
Q11815,A2
Q11816,A2
Q11817,A2
Q11818,A2
Q11819,A2
Q11820,A2
Q11821,A2
Q11822,A2
Q11823,A2
Q11824,A2
Q11825,A2
Q11826,A2
Q11827,A2
Q11828,A2
Q11829,A2
Q11830,A2
Q11831,A2
Q11832,A2
Q11833,A2
Q11834,A2
Q11835,A2
Q11836,A2
Q11837,A2
Q11838,A2
Q11839,A2
Q11840,A2
Q11841,A2
Q11842,A2
Q11843,A2
Q11844,A2
Q11845,A2
Q11846,A2
Q11847,A2
Q11848,A2
Q11849,A2
Q11850,A2
Q11851,A2
Q11852,A2
Q11853,A2
Q11854,A2
Q11855,A2
Q11856,A2
Q11857,A2
Q11858,A2
Q11859,A2
Q11860,A2
Q11861,A2
Q11862,A2
Q11863,A2
Q11864,A2
Q11865,A2
Q11866,A2
Q11867,A2
Q11868,A2
Q11869,A2
Q11870,A2
Q11871,A2
Q11872,A2
Q11873,A2
Q11874,A2
Q11875,A2
Q11876,A2
Q11877,A2
Q11878,A2
Q11879,A2
Q11880,A2
Q11881,A2
Q11882,A2
Q11883,A2
Q11884,A2
Q11885,A2
Q11886,A2
Q11887,A2
Q11888,A2
Q11889,A2
Q11890,A2
Q11891,A2
Q11892,A2
Q11893,A2
Q11894,A2
Q11895,A2
Q11896,A2
Q11897,A2
Q11898,A2
Q11899,A2
Q11900,A2
Q11901,A2
Q11902,A2
Q11903,A2
Q11904,A2
Q11905,A2
Q11906,A2
Q11907,A2
Q11908,A2
Q11909,A2
Q11910,A2
Q11911,A2
Q11912,A2
Q11913,A2
Q11914,A2
Q11915,A2
Q11916,A2
Q11917,A2
Q11918,A2
Q11919,A2
Q11920,A2
Q11921,A2
Q11922,A2
Q11923,A2
Q11924,A2
Q11925,A2
Q11926,A2
Q11927,A2
Q11928,A2
Q11929,A2
Q11930,A2
Q11931,A2
Q11932,A2
Q11933,A2
Q11934,A2
Q11935,A2
Q11936,A2
Q11937,A2
Q11938,A2
Q11939,A2
Q11940,A2
Q11941,A2
Q11942,A2
Q11943,A2
Q11944,A2
Q11945,A2
Q11946,A2
Q11947,A2
Q11948,A2
Q11949,A2
Q11950,A2
Q11951,A2
Q11952,A2
Q11953,A2
Q11954,A2
Q11955,A2
Q11956,A2
Q11957,A2
Q11958,A2
Q11959,A2
Q11960,A2
Q11961,A2
Q11962,A2
Q11963,A2
Q11964,A2
Q11965,A2
Q11966,A2
Q11967,A2
Q11968,A2
Q11969,A2
Q11970,A2
Q11971,A2
Q11972,A2
Q11973,A2
Q11974,A2
Q11975,A2
Q11976,A2
Q11977,A2
Q11978,A2
Q11979,A2
Q11980,A2
Q11981,A2
Q11982,A2
Q11983,A2
Q11984,A2
Q11985,A2
Q11986,A2
Q11987,A2
Q11988,A2
Q11989,A2
Q11990,A2
Q11991,A2
Q11992,A2
Q11993,A2
Q11994,A2
Q11995,A2
Q11996,A2
Q11997,A2
Q11998,A2
Q11999,A2
Q12000,A2
Q12001,A2
Q12002,A2
Q12003,A2
Q12004,A2
Q12005,A2
Q12006,A2
Q12007,A2
Q12008,A2
Q12009,A2
Q12010,A2
Q12011,A2
Q12012,A2
Q12013,A2
Q12014,A2
Q12015,A2
Q12016,A2
Q12017,A2
Q12018,A2
Q12019,A2
Q12020,A2
Q12021,A2
Q12022,A2
Q12023,A2
Q12024,A2
Q12025,A2
Q12026,A2
Q12027,A2
Q12028,A2
Q12029,A2
Q12030,A2
Q12031,A2
Q12032,A2
Q12033,A2
Q12034,A2
Q12035,A2
Q12036,A2
Q12037,A2
Q12038,A2
Q12039,A2
Q12040,A2
Q12041,A2
Q12042,A2
Q12043,A2
Q12044,A2
Q12045,A2
Q12046,A2
Q12047,A2
Q12048,A2
Q12049,A2
Q12050,A2
Q12051,A2
Q12052,A2
Q12053,A2
Q12054,A2
Q12055,A2
Q12056,A2
Q12057,A2
Q12058,A2
Q12059,A2
Q12060,A2
Q12061,A2
Q12062,A2
Q12063,A2
Q12064,A2
Q12065,A2
Q12066,A2
Q12067,A2
Q12068,A2
Q12069,A2
Q12070,A2
Q12071,A2
Q12072,A2
Q12073,A2
Q12074,A2
Q12075,A2
Q12076,A2
Q12077,A2
Q12078,A2
Q12079,A2
Q12080,A2
Q12081,A2
Q12082,A2
Q12083,A2
Q12084,A2
Q12085,A2
Q12086,A2
Q12087,A2
Q12088,A2
Q12089,A2
Q12090,A2
Q12091,A2
Q12092,A2
Q12093,A2
Q12094,A2
Q12095,A2
Q12096,A2
Q12097,A2
Q12098,A2
Q12099,A2
Q12100,A2
Q12101,A2
Q12102,A2
Q12103,A2
Q12104,A2
Q12105,A2
Q12106,A2
Q12107,A2
Q12108,A2
Q12109,A2
Q12110,A2
Q12111,A2
Q12112,A2
Q12113,A2
Q12114,A2
Q12115,A2
Q12116,A2
Q12117,A2
Q12118,A2
Q12119,A2
Q12120,A2
Q12121,A2
Q12122,A2
Q12123,A2
Q12124,A2
Q12125,A2
Q12126,A2
Q12127,A2
Q12128,A2
Q12129,A2
Q12130,A2
Q12131,A2
Q12132,A2
Q12133,A2
Q12134,A2
Q12135,A2
Q12136,A2
Q12137,A2
Q12138,A2
Q12139,A2
Q12140,A2
Q12141,A2
Q12142,A2
Q12143,A2
Q12144,A2
Q12145,A2
Q12146,A2
Q12147,A2
Q12148,A2
Q12149,A2
Q12150,A2
Q12151,A2
Q12152,A2
Q12153,A2
Q12154,A2
Q12155,A2
Q12156,A2
Q12157,A2
Q12158,A2
Q12159,A2
Q12160,A2
Q12161,A2
Q12162,A2
Q12163,A2
Q12164,A2
Q12165,A2
Q12166,A2
Q12167,A2
Q12168,A2
Q12169,A2
Q12170,A2
Q12171,A2
Q12172,A2
Q12173,A2
Q12174,A2
Q12175,A2
Q12176,A2
Q12177,A2
Q12178,A2
Q12179,A2
Q12180,A2
Q12181,A2
Q12182,A2
Q12183,A2
Q12184,A2
Q12185,A2
Q12186,A2
Q12187,A2
Q12188,A2
Q12189,A2
Q12190,A2
Q12191,A2
Q12192,A2
Q12193,A2
Q12194,A2
Q12195,A2
Q12196,A2
Q12197,A2
Q12198,A2
Q12199,A2
Q12200,A2
Q12201,A2
Q12202,A2
Q12203,A2
Q12204,A2
Q12205,A2
Q12206,A2
Q12207,A2
Q12208,A2
Q12209,A2
Q12210,A2
Q12211,A2
Q12212,A2
Q12213,A2
Q12214,A2
Q12215,A2
Q12216,A2
Q12217,A2
Q12218,A2
Q12219,A2
Q12220,A2
Q12221,A2
Q12222,A2
Q12223,A2
Q12224,A2
Q12225,A2
Q12226,A2
Q12227,A2
Q12228,A2
Q12229,A2
Q12230,A2
Q12231,A2
Q12232,A2
Q12233,A2
Q12234,A2
Q12235,A2
Q12236,A2
Q12237,A2
Q12238,A2
Q12239,A2
Q12240,A2
Q12241,A2
Q12242,A2
Q12243,A2
Q12244,A2
Q12245,A2
Q12246,A2
Q12247,A2
Q12248,A2
Q12249,A2
Q12250,A2
Q12251,A2
Q12252,A2
Q12253,A2
Q12254,A2
Q12255,A2
Q12256,A2
Q12257,A2
Q12258,A2
Q12259,A2
Q12260,A2
Q12261,A2
Q12262,A2
Q12263,A2
Q12264,A2
Q12265,A2
Q12266,A2
Q12267,A2
Q12268,A2
Q12269,A2
Q12270,A2
Q12271,A2
Q12272,A2
Q12273,A2
Q12274,A2
Q12275,A2
Q12276,A2
Q12277,A2
Q12278,A2
Q12279,A2
Q12280,A2
Q12281,A2
Q12282,A2
Q12283,A2
Q12284,A2
Q12285,A2
Q12286,A2
Q12287,A2
Q12288,A2
Q12289,A2
Q12290,A2
Q12291,A2
Q12292,A2
Q12293,A2
Q12294,A2
Q12295,A2
Q12296,A2
Q12297,A2
Q12298,A2
Q12299,A2
Q12300,A2
Q12301,A2
Q12302,A2
Q12303,A2
Q12304,A2
Q12305,A2
Q12306,A2
Q12307,A2
Q12308,A2
Q12309,A2
Q12310,A2
Q12311,A2
Q12312,A2
Q12313,A2
Q12314,A2
Q12315,A2
Q12316,A2
Q12317,A2
Q12318,A2
Q12319,A2
Q12320,A2
Q12321,A2
Q12322,A2
Q12323,A2
Q12324,A2
Q12325,A2
Q12326,A2
Q12327,A2
Q12328,A2
Q12329,A2
Q12330,A2
Q12331,A2
Q12332,A2
Q12333,A2
Q12334,A2
Q12335,A2
Q12336,A2
Q12337,A2
Q12338,A2
Q12339,A2
Q12340,A2
Q12341,A2
Q12342,A2
Q12343,A2
Q12344,A2
Q12345,A2
Q12346,A2
Q12347,A2
Q12348,A2
Q12349,A2
Q12350,A2
Q12351,A2
Q12352,A2
Q12353,A2
Q12354,A2
Q12355,A2
Q12356,A2
Q12357,A2
Q12358,A2
Q12359,A2
Q12360,A2
Q12361,A2
Q12362,A2
Q12363,A2
Q12364,A2
Q12365,A2
Q12366,A2
Q12367,A2
Q12368,A2
Q12369,A2
Q12370,A2
Q12371,A2
Q12372,A2
Q12373,A2
Q12374,A2
Q12375,A2
Q12376,A2
Q12377,A2
Q12378,A2
Q12379,A2
Q12380,A2
Q12381,A2
Q12382,A2
Q12383,A2
Q12384,A2
Q12385,A2
Q12386,A2
Q12387,A2
Q12388,A2
Q12389,A2
Q12390,A2
Q12391,A2
Q12392,A2
Q12393,A2
Q12394,A2
Q12395,A2
Q12396,A2
Q12397,A2
Q12398,A2
Q12399,A2
Q12400,A2
Q12401,A2
Q12402,A2
Q12403,A2
Q12404,A2
Q12405,A2
Q12406,A2
Q12407,A2
Q12408,A2
Q12409,A2
Q12410,A2
Q12411,A2
Q12412,A2
Q12413,A2
Q12414,A2
Q12415,A2
Q12416,A2
Q12417,A2
Q12418,A2
Q12419,A2
Q12420,A2
Q12421,A2
Q12422,A2
Q12423,A2
Q12424,A2
Q12425,A2
Q12426,A2
Q12427,A2
Q12428,A2
Q12429,A2
Q12430,A2
Q12431,A2
Q12432,A2
Q12433,A2
Q12434,A2
Q12435,A2
Q12436,A2
Q12437,A2
Q12438,A2
Q12439,A2
Q12440,A2
Q12441,A2
Q12442,A2
Q12443,A2
Q12444,A2
Q12445,A2
Q12446,A2
Q12447,A2
Q12448,A2
Q12449,A2
Q12450,A2
Q12451,A2
Q12452,A2
Q12453,A2
Q12454,A2
Q12455,A2
Q12456,A2
Q12457,A2
Q12458,A2
Q12459,A2
Q12460,A2
Q12461,A2
Q12462,A2
Q12463,A2
Q12464,A2
Q12465,A2
Q12466,A2
Q12467,A2
Q12468,A2
Q12469,A2
Q12470,A2
Q12471,A2
Q12472,A2
Q12473,A2
Q12474,A2
Q12475,A2
Q12476,A2
Q12477,A2
Q12478,A2
Q12479,A2
Q12480,A2
Q12481,A2
Q12482,A2
Q12483,A2
Q12484,A2
Q12485,A2
Q12486,A2
Q12487,A2
Q12488,A2
Q12489,A2
Q12490,A2
Q12491,A2
Q12492,A2
Q12493,A2
Q12494,A2
Q12495,A2
Q12496,A2
Q12497,A2
Q12498,A2
Q12499,A2
Q12500,A2
Q12501,A2
Q12502,A2
Q12503,A2
Q12504,A2
Q12505,A2
Q12506,A2
Q12507,A2
Q12508,A2
Q12509,A2
Q12510,A2
Q12511,A2
Q12512,A2
Q12513,A2
Q12514,A2
Q12515,A2
Q12516,A2
Q12517,A2
Q12518,A2
Q12519,A2
Q12520,A2
Q12521,A2
Q12522,A2
Q12523,A2
Q12524,A2
Q12525,A2
Q12526,A2
Q12527,A2
Q12528,A2
Q12529,A2
Q12530,A2
Q12531,A2
Q12532,A2
Q12533,A2
Q12534,A2
Q12535,A2
Q12536,A2
Q12537,A2
Q12538,A2
Q12539,A2
Q12540,A2
Q12541,A2
Q12542,A2
Q12543,A2
Q12544,A2
Q12545,A2
Q12546,A2
Q12547,A2
Q12548,A2
Q12549,A2
Q12550,A2
Q12551,A2
Q12552,A2
Q12553,A2
Q12554,A2
Q12555,A2
Q12556,A2
Q12557,A2
Q12558,A2
Q12559,A2
Q12560,A2
Q12561,A2
Q12562,A2
Q12563,A2
Q12564,A2
Q12565,A2
Q12566,A2
Q12567,A2
Q12568,A2
Q12569,A2
Q12570,A2
Q12571,A2
Q12572,A2
Q12573,A2
Q12574,A2
Q12575,A2
Q12576,A2
Q12577,A2
Q12578,A2
Q12579,A2
Q12580,A2
Q12581,A2
Q12582,A2
Q12583,A2
Q12584,A2
Q12585,A2
Q12586,A2
Q12587,A2
Q12588,A2
Q12589,A2
Q12590,A2
Q12591,A2
Q12592,A2
Q12593,A2
Q12594,A2
Q12595,A2
Q12596,A2
Q12597,A2
Q12598,A2
Q12599,A2
Q12600,A2
Q12601,A2
Q12602,A2
Q12603,A2
Q12604,A2
Q12605,A2
Q12606,A2
Q12607,A2
Q12608,A2
Q12609,A2
Q12610,A2
Q12611,A2
Q12612,A2
Q12613,A2
Q12614,A2
Q12615,A2
Q12616,A2
Q12617,A2
Q12618,A2
Q12619,A2
Q12620,A2
Q12621,A2
Q12622,A2
Q12623,A2
Q12624,A2
Q12625,A2
Q12626,A2
Q12627,A2
Q12628,A2
Q12629,A2
Q12630,A2
Q12631,A2
Q12632,A2
Q12633,A2
Q12634,A2
Q12635,A2
Q12636,A2
Q12637,A2
Q12638,A2
Q12639,A2
Q12640,A2
Q12641,A2
Q12642,A2
Q12643,A2
Q12644,A2
Q12645,A2
Q12646,A2
Q12647,A2
Q12648,A2
Q12649,A2
Q12650,A2
Q12651,A2
Q12652,A2
Q12653,A2
Q12654,A2
Q12655,A2
Q12656,A2
Q12657,A2
Q12658,A2
Q12659,A2
Q12660,A2
Q12661,A2
Q12662,A2
Q12663,A2
Q12664,A2
Q12665,A2
Q12666,A2
Q12667,A2
Q12668,A2
Q12669,A2
Q12670,A2
Q12671,A2
Q12672,A2
Q12673,A2
Q12674,A2
Q12675,A2
Q12676,A2
Q12677,A2
Q12678,A2
Q12679,A2
Q12680,A2
Q12681,A2
Q12682,A2
Q12683,A2
Q12684,A2
Q12685,A2
Q12686,A2
Q12687,A2
Q12688,A2
Q12689,A2
Q12690,A2
Q12691,A2
Q12692,A2
Q12693,A2
Q12694,A2
Q12695,A2
Q12696,A2
Q12697,A2
Q12698,A2
Q12699,A2
Q12700,A2
Q12701,A2
Q12702,A2
Q12703,A2
Q12704,A2
Q12705,A2
Q12706,A2
Q12707,A2
Q12708,A2
Q12709,A2
Q12710,A2
Q12711,A2
Q12712,A2
Q12713,A2
Q12714,A2
Q12715,A2
Q12716,A2
Q12717,A2
Q12718,A2
Q12719,A2
Q12720,A2
Q12721,A2
Q12722,A2
Q12723,A2
Q12724,A2
Q12725,A2
Q12726,A2
Q12727,A2
Q12728,A2
Q12729,A2
Q12730,A2
Q12731,A2
Q12732,A2
Q12733,A2
Q12734,A2
Q12735,A2
Q12736,A2
Q12737,A2
Q12738,A2
Q12739,A2
Q12740,A2
Q12741,A2
Q12742,A2
Q12743,A2
Q12744,A2
Q12745,A2
Q12746,A2
Q12747,A2
Q12748,A2
Q12749,A2
Q12750,A2
Q12751,A2
Q12752,A2
Q12753,A2
Q12754,A2
Q12755,A2
Q12756,A2
Q12757,A2
Q12758,A2
Q12759,A2
Q12760,A2
Q12761,A2
Q12762,A2
Q12763,A2
Q12764,A2
Q12765,A2
Q12766,A2
Q12767,A2
Q12768,A2
Q12769,A2
Q12770,A2
Q12771,A2
Q12772,A2
Q12773,A2
Q12774,A2
Q12775,A2
Q12776,A2
Q12777,A2
Q12778,A2
Q12779,A2
Q12780,A2
Q12781,A2
Q12782,A2
Q12783,A2
Q12784,A2
Q12785,A2
Q12786,A2
Q12787,A2
Q12788,A2
Q12789,A2
Q12790,A2
Q12791,A2
Q12792,A2
Q12793,A2
Q12794,A2
Q12795,A2
Q12796,A2
Q12797,A2
Q12798,A2
Q12799,A2
Q12800,A2
Q12801,A2
Q12802,A2
Q12803,A2
Q12804,A2
Q12805,A2
Q12806,A2
Q12807,A2
Q12808,A2
Q12809,A2
Q12810,A2
Q12811,A2
Q12812,A2
Q12813,A2
Q12814,A2
Q12815,A2
Q12816,A2
Q12817,A2
Q12818,A2
Q12819,A2
Q12820,A2
Q12821,A2
Q12822,A2
Q12823,A2
Q12824,A2
Q12825,A2
Q12826,A2
Q12827,A2
Q12828,A2
Q12829,A2
Q12830,A2
Q12831,A2
Q12832,A2
Q12833,A2
Q12834,A2
Q12835,A2
Q12836,A2
Q12837,A2
Q12838,A2
Q12839,A2
Q12840,A2
Q12841,A2
Q12842,A2
Q12843,A2
Q12844,A2
Q12845,A2
Q12846,A2
Q12847,A2
Q12848,A2
Q12849,A2
Q12850,A2
Q12851,A2
Q12852,A2
Q12853,A2
Q12854,A2
Q12855,A2
Q12856,A2
Q12857,A2
Q12858,A2
Q12859,A2
Q12860,A2
Q12861,A2
Q12862,A2
Q12863,A2
Q12864,A2
Q12865,A2
Q12866,A2
Q12867,A2
Q12868,A2
Q12869,A2
Q12870,A2
Q12871,A2
Q12872,A2
Q12873,A2
Q12874,A2
Q12875,A2
Q12876,A2
Q12877,A2
Q12878,A2
Q12879,A2
Q12880,A2
Q12881,A2
Q12882,A2
Q12883,A2
Q12884,A2
Q12885,A2
Q12886,A2
Q12887,A2
Q12888,A2
Q12889,A2
Q12890,A2
Q12891,A2
Q12892,A2
Q12893,A2
Q12894,A2
Q12895,A2
Q12896,A2
Q12897,A2
Q12898,A2
Q12899,A2
Q12900,A2
Q12901,A2
Q12902,A2
Q12903,A2
Q12904,A2
Q12905,A2
Q12906,A2
Q12907,A2
Q12908,A2
Q12909,A2
Q12910,A2
Q12911,A2
Q12912,A2
Q12913,A2
Q12914,A2
Q12915,A2
Q12916,A2
Q12917,A2
Q12918,A2
Q12919,A2
Q12920,A2
Q12921,A2
Q12922,A2
Q12923,A2
Q12924,A2
Q12925,A2
Q12926,A2
Q12927,A2
Q12928,A2
Q12929,A2
Q12930,A2
Q12931,A2
Q12932,A2
Q12933,A2
Q12934,A2
Q12935,A2
Q12936,A2
Q12937,A2
Q12938,A2
Q12939,A2
Q12940,A2
Q12941,A2
Q12942,A2
Q12943,A2
Q12944,A2
Q12945,A2
Q12946,A2
Q12947,A2
Q12948,A2
Q12949,A2
Q12950,A2
Q12951,A2
Q12952,A2
Q12953,A2
Q12954,A2
Q12955,A2
Q12956,A2
Q12957,A2
Q12958,A2
Q12959,A2
Q12960,A2
Q12961,A2
Q12962,A2
Q12963,A2
Q12964,A2
Q12965,A2
Q12966,A2
Q12967,A2
Q12968,A2
Q12969,A2
Q12970,A2
Q12971,A2
Q12972,A2
Q12973,A2
Q12974,A2
Q12975,A2
Q12976,A2
Q12977,A2
Q12978,A2
Q12979,A2
Q12980,A2
Q12981,A2
Q12982,A2
Q12983,A2
Q12984,A2
Q12985,A2
Q12986,A2
Q12987,A2
Q12988,A2
Q12989,A2
Q12990,A2
Q12991,A2
Q12992,A2
Q12993,A2
Q12994,A2
Q12995,A2
Q12996,A2
Q12997,A2
Q12998,A2
Q12999,A2
Q13000,A2
Q13001,A2
Q13002,A2
Q13003,A2
Q13004,A2
Q13005,A2
Q13006,A2
Q13007,A2
Q13008,A2
Q13009,A2
Q13010,A2
Q13011,A2
Q13012,A2
Q13013,A2
Q13014,A2
Q13015,A2
Q13016,A2
Q13017,A2
Q13018,A2
Q13019,A2
Q13020,A2
Q13021,A2
Q13022,A2
Q13023,A2
Q13024,A2
Q13025,A2
Q13026,A2
Q13027,A2
Q13028,A2
Q13029,A2
Q13030,A2
Q13031,A2
Q13032,A2
Q13033,A2
Q13034,A2
Q13035,A2
Q13036,A2
Q13037,A2
Q13038,A2
Q13039,A2
Q13040,A2
Q13041,A2
Q13042,A2
Q13043,A2
Q13044,A2
Q13045,A2
Q13046,A2
Q13047,A2
Q13048,A2
Q13049,A2
Q13050,A2
Q13051,A2
Q13052,A2
Q13053,A2
Q13054,A2
Q13055,A2
Q13056,A2
Q13057,A2
Q13058,A2
Q13059,A2
Q13060,A2
Q13061,A2
Q13062,A2
Q13063,A2
Q13064,A2
Q13065,A2
Q13066,A2
Q13067,A2
Q13068,A2
Q13069,A2
Q13070,A2
Q13071,A2
Q13072,A2
Q13073,A2
Q13074,A2
Q13075,A2
Q13076,A2
Q13077,A2
Q13078,A2
Q13079,A2
Q13080,A2
Q13081,A2
Q13082,A2
Q13083,A2
Q13084,A2
Q13085,A2
Q13086,A2
Q13087,A2
Q13088,A2
Q13089,A2
Q13090,A2
Q13091,A2
Q13092,A2
Q13093,A2
Q13094,A2
Q13095,A2
Q13096,A2
Q13097,A2
Q13098,A2
Q13099,A2
Q13100,A2
Q13101,A2
Q13102,A2
Q13103,A2
Q13104,A2
Q13105,A2
Q13106,A2
Q13107,A2
Q13108,A2
Q13109,A2
Q13110,A2
Q13111,A2
Q13112,A2
Q13113,A2
Q13114,A2
Q13115,A2
Q13116,A2
Q13117,A2
Q13118,A2
Q13119,A2
Q13120,A2
Q13121,A2
Q13122,A2
Q13123,A2
Q13124,A2
Q13125,A2
Q13126,A2
Q13127,A2
Q13128,A2
Q13129,A2
Q13130,A2
Q13131,A2
Q13132,A2
Q13133,A2
Q13134,A2
Q13135,A2
Q13136,A2
Q13137,A2
Q13138,A2
Q13139,A2
Q13140,A2
Q13141,A2
Q13142,A2
Q13143,A2
Q13144,A2
Q13145,A2
Q13146,A2
Q13147,A2
Q13148,A2
Q13149,A2
Q13150,A2
Q13151,A2
Q13152,A2
Q13153,A2
Q13154,A2
Q13155,A2
Q13156,A2
Q13157,A2
Q13158,A2
Q13159,A2
Q13160,A2
Q13161,A2
Q13162,A2
Q13163,A2
Q13164,A2
Q13165,A2
Q13166,A2
Q13167,A2
Q13168,A2
Q13169,A2
Q13170,A2
Q13171,A2
Q13172,A2
Q13173,A2
Q13174,A2
Q13175,A2
Q13176,A2
Q13177,A2
Q13178,A2
Q13179,A2
Q13180,A2
Q13181,A2
Q13182,A2
Q13183,A2
Q13184,A2
Q13185,A2
Q13186,A2
Q13187,A2
Q13188,A2
Q13189,A2
Q13190,A2
Q13191,A2
Q13192,A2
Q13193,A2
Q13194,A2
Q13195,A2
Q13196,A2
Q13197,A2
Q13198,A2
Q13199,A2
Q13200,A2
Q13201,A2
Q13202,A2
Q13203,A2
Q13204,A2
Q13205,A2
Q13206,A2
Q13207,A2
Q13208,A2
Q13209,A2
Q13210,A2
Q13211,A2
Q13212,A2
Q13213,A2
Q13214,A2
Q13215,A2
Q13216,A2
Q13217,A2
Q13218,A2
Q13219,A2
Q13220,A2
Q13221,A2
Q13222,A2
Q13223,A2
Q13224,A2
Q13225,A2
Q13226,A2
Q13227,A2
Q13228,A2
Q13229,A2
Q13230,A2
Q13231,A2
Q13232,A2
Q13233,A2
Q13234,A2
Q13235,A2
Q13236,A2
Q13237,A2
Q13238,A2
Q13239,A2
Q13240,A2
Q13241,A2
Q13242,A2
Q13243,A2
Q13244,A2
Q13245,A2
Q13246,A2
Q13247,A2
Q13248,A2
Q13249,A2
Q13250,A2
Q13251,A2
Q13252,A2
Q13253,A2
Q13254,A2
Q13255,A2
Q13256,A2
Q13257,A2
Q13258,A2
Q13259,A2
Q13260,A2
Q13261,A2
Q13262,A2
Q13263,A2
Q13264,A2
Q13265,A2
Q13266,A2
Q13267,A2
Q13268,A2
Q13269,A2
Q13270,A2
Q13271,A2
Q13272,A2
Q13273,A2
Q13274,A2
Q13275,A2
Q13276,A2
Q13277,A2
Q13278,A2
Q13279,A2
Q13280,A2
Q13281,A2
Q13282,A2
Q13283,A2
Q13284,A2
Q13285,A2
Q13286,A2
Q13287,A2
Q13288,A2
Q13289,A2
Q13290,A2
Q13291,A2
Q13292,A2
Q13293,A2
Q13294,A2
Q13295,A2
Q13296,A2
Q13297,A2
Q13298,A2
Q13299,A2
Q13300,A2
Q13301,A2
Q13302,A2
Q13303,A2
Q13304,A2
Q13305,A2
Q13306,A2
Q13307,A2
Q13308,A2
Q13309,A2
Q13310,A2
Q13311,A2
Q13312,A2
Q13313,A2
Q13314,A2
Q13315,A2
Q13316,A2
Q13317,A2
Q13318,A2
Q13319,A2
Q13320,A2
Q13321,A2
Q13322,A2
Q13323,A2
Q13324,A2
Q13325,A2
Q13326,A2
Q13327,A2
Q13328,A2
Q13329,A2
Q13330,A2
Q13331,A2
Q13332,A2
Q13333,A2
Q13334,A2
Q13335,A2
Q13336,A2
Q13337,A2
Q13338,A2
Q13339,A2
Q13340,A2
Q13341,A2
Q13342,A2
Q13343,A2
Q13344,A2
Q13345,A2
Q13346,A2
Q13347,A2
Q13348,A2
Q13349,A2
Q13350,A2
Q13351,A2
Q13352,A2
Q13353,A2
Q13354,A2
Q13355,A2
Q13356,A2
Q13357,A2
Q13358,A2
Q13359,A2
Q13360,A2
Q13361,A2
Q13362,A2
Q13363,A2
Q13364,A2
Q13365,A2
Q13366,A2
Q13367,A2
Q13368,A2
Q13369,A2
Q13370,A2
Q13371,A2
Q13372,A2
Q13373,A2
Q13374,A2
Q13375,A2
Q13376,A2
Q13377,A2
Q13378,A2
Q13379,A2
Q13380,A2
Q13381,A2
Q13382,A2
Q13383,A2
Q13384,A2
Q13385,A2
Q13386,A2
Q13387,A2
Q13388,A2
Q13389,A2
Q13390,A2
Q13391,A2
Q13392,A2
Q13393,A2
Q13394,A2
Q13395,A2
Q13396,A2
Q13397,A2
Q13398,A2
Q13399,A2
Q13400,A2
Q13401,A2
Q13402,A2
Q13403,A2
Q13404,A2
Q13405,A2
Q13406,A2
Q13407,A2
Q13408,A2
Q13409,A2
Q13410,A2
Q13411,A2
Q13412,A2
Q13413,A2
Q13414,A2
Q13415,A2
Q13416,A2
Q13417,A2
Q13418,A2
Q13419,A2
Q13420,A2
Q13421,A2
Q13422,A2
Q13423,A2
Q13424,A2
Q13425,A2
Q13426,A2
Q13427,A2
Q13428,A2
Q13429,A2
Q13430,A2
Q13431,A2
Q13432,A2
Q13433,A2
Q13434,A2
Q13435,A2
Q13436,A2
Q13437,A2
Q13438,A2
Q13439,A2
Q13440,A2
Q13441,A2
Q13442,A2
Q13443,A2
Q13444,A2
Q13445,A2
Q13446,A2
Q13447,A2
Q13448,A2
Q13449,A2
Q13450,A2
Q13451,A2
Q13452,A2
Q13453,A2
Q13454,A2
Q13455,A2
Q13456,A2
Q13457,A2
Q13458,A2
Q13459,A2
Q13460,A2
Q13461,A2
Q13462,A2
Q13463,A2
Q13464,A2
Q13465,A2
Q13466,A2
Q13467,A2
Q13468,A2
Q13469,A2
Q13470,A2
Q13471,A2
Q13472,A2
Q13473,A2
Q13474,A2
Q13475,A2
Q13476,A2
Q13477,A2
Q13478,A2
Q13479,A2
Q13480,A2
Q13481,A2
Q13482,A2
Q13483,A2
Q13484,A2
Q13485,A2
Q13486,A2
Q13487,A2
Q13488,A2
Q13489,A2
Q13490,A2
Q13491,A2
Q13492,A2
Q13493,A2
Q13494,A2
Q13495,A2
Q13496,A2
Q13497,A2
Q13498,A2
Q13499,A2
Q13500,A2
Q13501,A2
Q13502,A2
Q13503,A2
Q13504,A2
Q13505,A2
Q13506,A2
Q13507,A2
Q13508,A2
Q13509,A2
Q13510,A2
Q13511,A2
Q13512,A2
Q13513,A2
Q13514,A2
Q13515,A2
Q13516,A2
Q13517,A2
Q13518,A2
Q13519,A2
Q13520,A2
Q13521,A2
Q13522,A2
Q13523,A2
Q13524,A2
Q13525,A2
Q13526,A2
Q13527,A2
Q13528,A2
Q13529,A2
Q13530,A2
Q13531,A2
Q13532,A2
Q13533,A2
Q13534,A2
Q13535,A2
Q13536,A2
Q13537,A2
Q13538,A2
Q13539,A2
Q13540,A2
Q13541,A2
Q13542,A2
Q13543,A2
Q13544,A2
Q13545,A2
Q13546,A2
Q13547,A2
Q13548,A2
Q13549,A2
Q13550,A2
Q13551,A2
Q13552,A2
Q13553,A2
Q13554,A2
Q13555,A2
Q13556,A2
Q13557,A2
Q13558,A2
Q13559,A2
Q13560,A2
Q13561,A2
Q13562,A2
Q13563,A2
Q13564,A2
Q13565,A2
Q13566,A2
Q13567,A2
Q13568,A2
Q13569,A2
Q13570,A2
Q13571,A2
Q13572,A2
Q13573,A2
Q13574,A2
Q13575,A2
Q13576,A2
Q13577,A2
Q13578,A2
Q13579,A2
Q13580,A2
Q13581,A2
Q13582,A2
Q13583,A2
Q13584,A2
Q13585,A2
Q13586,A2
Q13587,A2
Q13588,A2
Q13589,A2
Q13590,A2
Q13591,A2
Q13592,A2
Q13593,A2
Q13594,A2
Q13595,A2
Q13596,A2
Q13597,A2
Q13598,A2
Q13599,A2
Q13600,A2
Q13601,A2
Q13602,A2
Q13603,A2
Q13604,A2
Q13605,A2
Q13606,A2
Q13607,A2
Q13608,A2
Q13609,A2
Q13610,A2
Q13611,A2
Q13612,A2
Q13613,A2
Q13614,A2
Q13615,A2
Q13616,A2
Q13617,A2
Q13618,A2
Q13619,A2
Q13620,A2
Q13621,A2
Q13622,A2
Q13623,A2
Q13624,A2
Q13625,A2
Q13626,A2
Q13627,A2
Q13628,A2
Q13629,A2
Q13630,A2
Q13631,A2
Q13632,A2
Q13633,A2
Q13634,A2
Q13635,A2
Q13636,A2
Q13637,A2
Q13638,A2
Q13639,A2
Q13640,A2
Q13641,A2
Q13642,A2
Q13643,A2
Q13644,A2
Q13645,A2
Q13646,A2
Q13647,A2
Q13648,A2
Q13649,A2
Q13650,A2
Q13651,A2
Q13652,A2
Q13653,A2
Q13654,A2
Q13655,A2
Q13656,A2
Q13657,A2
Q13658,A2
Q13659,A2
Q13660,A2
Q13661,A2
Q13662,A2
Q13663,A2
Q13664,A2
Q13665,A2
Q13666,A2
Q13667,A2
Q13668,A2
Q13669,A2
Q13670,A2
Q13671,A2
Q13672,A2
Q13673,A2
Q13674,A2
Q13675,A2
Q13676,A2
Q13677,A2
Q13678,A2
Q13679,A2
Q13680,A2
Q13681,A2
Q13682,A2
Q13683,A2
Q13684,A2
Q13685,A2
Q13686,A2
Q13687,A2
Q13688,A2
Q13689,A2
Q13690,A2
Q13691,A2
Q13692,A2
Q13693,A2
Q13694,A2
Q13695,A2
Q13696,A2
Q13697,A2
Q13698,A2
Q13699,A2
Q13700,A2
Q13701,A2
Q13702,A2
Q13703,A2
Q13704,A2
Q13705,A2
Q13706,A2
Q13707,A2
Q13708,A2
Q13709,A2
Q13710,A2
Q13711,A2
Q13712,A2
Q13713,A2
Q13714,A2
Q13715,A2
Q13716,A2
Q13717,A2
Q13718,A2
Q13719,A2
Q13720,A2
Q13721,A2
Q13722,A2
Q13723,A2
Q13724,A2
Q13725,A2
Q13726,A2
Q13727,A2
Q13728,A2
Q13729,A2
Q13730,A2
Q13731,A2
Q13732,A2
Q13733,A2
Q13734,A2
Q13735,A2
Q13736,A2
Q13737,A2
Q13738,A2
Q13739,A2
Q13740,A2
Q13741,A2
Q13742,A2
Q13743,A2
Q13744,A2
Q13745,A2
Q13746,A2
Q13747,A2
Q13748,A2
Q13749,A2
Q13750,A2
Q13751,A2
Q13752,A2
Q13753,A2
Q13754,A2
Q13755,A2
Q13756,A2
Q13757,A2
Q13758,A2
Q13759,A2
Q13760,A2
Q13761,A2
Q13762,A2
Q13763,A2
Q13764,A2
Q13765,A2
Q13766,A2
Q13767,A2
Q13768,A2
Q13769,A2
Q13770,A2
Q13771,A2
Q13772,A2
Q13773,A2
Q13774,A2
Q13775,A2
Q13776,A2
Q13777,A2
Q13778,A2
Q13779,A2
Q13780,A2
Q13781,A2
Q13782,A2
Q13783,A2
Q13784,A2
Q13785,A2
Q13786,A2
Q13787,A2
Q13788,A2
Q13789,A2
Q13790,A2
Q13791,A2
Q13792,A2
Q13793,A2
Q13794,A2
Q13795,A2
Q13796,A2
Q13797,A2
Q13798,A2
Q13799,A2
Q13800,A2
Q13801,A2
Q13802,A2
Q13803,A2
Q13804,A2
Q13805,A2
Q13806,A2
Q13807,A2
Q13808,A2
Q13809,A2
Q13810,A2
Q13811,A2
Q13812,A2
Q13813,A2
Q13814,A2
Q13815,A2
Q13816,A2
Q13817,A2
Q13818,A2
Q13819,A2
Q13820,A2
Q13821,A2
Q13822,A2
Q13823,A2
Q13824,A2
Q13825,A2
Q13826,A2
Q13827,A2
Q13828,A2
Q13829,A2
Q13830,A2
Q13831,A2
Q13832,A2
Q13833,A2
Q13834,A2
Q13835,A2
Q13836,A2
Q13837,A2
Q13838,A2
Q13839,A2
Q13840,A2
Q13841,A2
Q13842,A2
Q13843,A2
Q13844,A2
Q13845,A2
Q13846,A2
Q13847,A2
Q13848,A2
Q13849,A2
Q13850,A2
Q13851,A2
Q13852,A2
Q13853,A2
Q13854,A2
Q13855,A2
Q13856,A2
Q13857,A2
Q13858,A2
Q13859,A2
Q13860,A2
Q13861,A2
Q13862,A2
Q13863,A2
Q13864,A2
Q13865,A2
Q13866,A2
Q13867,A2
Q13868,A2
Q13869,A2
Q13870,A2
Q13871,A2
Q13872,A2
Q13873,A2
Q13874,A2
Q13875,A2
Q13876,A2
Q13877,A2
Q13878,A2
Q13879,A2
Q13880,A2
Q13881,A2
Q13882,A2
Q13883,A2
Q13884,A2
Q13885,A2
Q13886,A2
Q13887,A2
Q13888,A2
Q13889,A2
Q13890,A2
Q13891,A2
Q13892,A2
Q13893,A2
Q13894,A2
Q13895,A2
Q13896,A2
Q13897,A2
Q13898,A2
Q13899,A2
Q13900,A2
Q13901,A2
Q13902,A2
Q13903,A2
Q13904,A2
Q13905,A2
Q13906,A2
Q13907,A2
Q13908,A2
Q13909,A2
Q13910,A2
Q13911,A2
Q13912,A2
Q13913,A2
Q13914,A2
Q13915,A2
Q13916,A2
Q13917,A2
Q13918,A2
Q13919,A2
Q13920,A2
Q13921,A2
Q13922,A2
Q13923,A2
Q13924,A2
Q13925,A2
Q13926,A2
Q13927,A2
Q13928,A2
Q13929,A2
Q13930,A2
Q13931,A2
Q13932,A2
Q13933,A2
Q13934,A2
Q13935,A2
Q13936,A2
Q13937,A2
Q13938,A2
Q13939,A2
Q13940,A2
Q13941,A2
Q13942,A2
Q13943,A2
Q13944,A2
Q13945,A2
Q13946,A2
Q13947,A2
Q13948,A2
Q13949,A2
Q13950,A2
Q13951,A2
Q13952,A2
Q13953,A2
Q13954,A2
Q13955,A2
Q13956,A2
Q13957,A2
Q13958,A2
Q13959,A2
Q13960,A2
Q13961,A2
Q13962,A2
Q13963,A2
Q13964,A2
Q13965,A2
Q13966,A2
Q13967,A2
Q13968,A2
Q13969,A2
Q13970,A2
Q13971,A2
Q13972,A2
Q13973,A2
Q13974,A2
Q13975,A2
Q13976,A2
Q13977,A2
Q13978,A2
Q13979,A2
Q13980,A2
Q13981,A2
Q13982,A2
Q13983,A2
Q13984,A2
Q13985,A2
Q13986,A2
Q13987,A2
Q13988,A2
Q13989,A2
Q13990,A2
Q13991,A2
Q13992,A2
Q13993,A2
Q13994,A2
Q13995,A2
Q13996,A2
Q13997,A2
Q13998,A2
Q13999,A2
Q14000,A2
Q14001,A2
Q14002,A2
Q14003,A2
Q14004,A2
Q14005,A2
Q14006,A2
Q14007,A2
Q14008,A2
Q14009,A2
Q14010,A2
Q14011,A2
Q14012,A2
Q14013,A2
Q14014,A2
Q14015,A2
Q14016,A2
Q14017,A2
Q14018,A2
Q14019,A2
Q14020,A2
Q14021,A2
Q14022,A2
Q14023,A2
Q14024,A2
Q14025,A2
Q14026,A2
Q14027,A2
Q14028,A2
Q14029,A2
Q14030,A2
Q14031,A2
Q14032,A2
Q14033,A2
Q14034,A2
Q14035,A2
Q14036,A2
Q14037,A2
Q14038,A2
Q14039,A2
Q14040,A2
Q14041,A2
Q14042,A2
Q14043,A2
Q14044,A2
Q14045,A2
Q14046,A2
Q14047,A2
Q14048,A2
Q14049,A2
Q14050,A2
Q14051,A2
Q14052,A2
Q14053,A2
Q14054,A2
Q14055,A2
Q14056,A2
Q14057,A2
Q14058,A2
Q14059,A2
Q14060,A2
Q14061,A2
Q14062,A2
Q14063,A2
Q14064,A2
Q14065,A2
Q14066,A2
Q14067,A2
Q14068,A2
Q14069,A2
Q14070,A2
Q14071,A2
Q14072,A2
Q14073,A2
Q14074,A2
Q14075,A2
Q14076,A2
Q14077,A2
Q14078,A2
Q14079,A2
Q14080,A2
Q14081,A2
Q14082,A2
Q14083,A2
Q14084,A2
Q14085,A2
Q14086,A2
Q14087,A2
Q14088,A2
Q14089,A2
Q14090,A2
Q14091,A2
Q14092,A2
Q14093,A2
Q14094,A2
Q14095,A2
Q14096,A2
Q14097,A2
Q14098,A2
Q14099,A2
Q14100,A2
Q14101,A2
Q14102,A2
Q14103,A2
Q14104,A2
Q14105,A2
Q14106,A2
Q14107,A2
Q14108,A2
Q14109,A2
Q14110,A2
Q14111,A2
Q14112,A2
Q14113,A2
Q14114,A2
Q14115,A2
Q14116,A2
Q14117,A2
Q14118,A2
Q14119,A2
Q14120,A2
Q14121,A2
Q14122,A2
Q14123,A2
Q14124,A2
Q14125,A2
Q14126,A2
Q14127,A2
Q14128,A2
Q14129,A2
Q14130,A2
Q14131,A2
Q14132,A2
Q14133,A2
Q14134,A2
Q14135,A2
Q14136,A2
Q14137,A2
Q14138,A2
Q14139,A2
Q14140,A2
Q14141,A2
Q14142,A2
Q14143,A2
Q14144,A2
Q14145,A2
Q14146,A2
Q14147,A2
Q14148,A2
Q14149,A2
Q14150,A2
Q14151,A2
Q14152,A2
Q14153,A2
Q14154,A2
Q14155,A2
Q14156,A2
Q14157,A2
Q14158,A2
Q14159,A2
Q14160,A2
Q14161,A2
Q14162,A2
Q14163,A2
Q14164,A2
Q14165,A2
Q14166,A2
Q14167,A2
Q14168,A2
Q14169,A2
Q14170,A2
Q14171,A2
Q14172,A2
Q14173,A2
Q14174,A2
Q14175,A2
Q14176,A2
Q14177,A2
Q14178,A2
Q14179,A2
Q14180,A2
Q14181,A2
Q14182,A2
Q14183,A2
Q14184,A2
Q14185,A2
Q14186,A2
Q14187,A2
Q14188,A2
Q14189,A2
Q14190,A2
Q14191,A2
Q14192,A2
Q14193,A2
Q14194,A2
Q14195,A2
Q14196,A2
Q14197,A2
Q14198,A2
Q14199,A2
Q14200,A2
Q14201,A2
Q14202,A2
Q14203,A2
Q14204,A2
Q14205,A2
Q14206,A2
Q14207,A2
Q14208,A2
Q14209,A2
Q14210,A2
Q14211,A2
Q14212,A2
Q14213,A2
Q14214,A2
Q14215,A2
Q14216,A2
Q14217,A2
Q14218,A2
Q14219,A2
Q14220,A2
Q14221,A2
Q14222,A2
Q14223,A2
Q14224,A2
Q14225,A2
Q14226,A2
Q14227,A2
Q14228,A2
Q14229,A2
Q14230,A2
Q14231,A2
Q14232,A2
Q14233,A2
Q14234,A2
Q14235,A2
Q14236,A2
Q14237,A2
Q14238,A2
Q14239,A2
Q14240,A2
Q14241,A2
Q14242,A2
Q14243,A2
Q14244,A2
Q14245,A2
Q14246,A2
Q14247,A2
Q14248,A2
Q14249,A2
Q14250,A2
Q14251,A2
Q14252,A2
Q14253,A2
Q14254,A2
Q14255,A2
Q14256,A2
Q14257,A2
Q14258,A2
Q14259,A2
Q14260,A2
Q14261,A2
Q14262,A2
Q14263,A2
Q14264,A2
Q14265,A2
Q14266,A2
Q14267,A2
Q14268,A2
Q14269,A2
Q14270,A2
Q14271,A2
Q14272,A2
Q14273,A2
Q14274,A2
Q14275,A2
Q14276,A2
Q14277,A2
Q14278,A2
Q14279,A2
Q14280,A2
Q14281,A2
Q14282,A2
Q14283,A2
Q14284,A2
Q14285,A2
Q14286,A2
Q14287,A2
Q14288,A2
Q14289,A2
Q14290,A2
Q14291,A2
Q14292,A2
Q14293,A2
Q14294,A2
Q14295,A2
Q14296,A2
Q14297,A2
Q14298,A2
Q14299,A2
Q14300,A2
Q14301,A2
Q14302,A2
Q14303,A2
Q14304,A2
Q14305,A2
Q14306,A2
Q14307,A2
Q14308,A2
Q14309,A2
Q14310,A2
Q14311,A2
Q14312,A2
Q14313,A2
Q14314,A2
Q14315,A2
Q14316,A2
Q14317,A2
Q14318,A2
Q14319,A2
Q14320,A2
Q14321,A2
Q14322,A2
Q14323,A2
Q14324,A2
Q14325,A2
Q14326,A2
Q14327,A2
Q14328,A2
Q14329,A2
Q14330,A2
Q14331,A2
Q14332,A2
Q14333,A2
Q14334,A2
Q14335,A2
Q14336,A2
Q14337,A2
Q14338,A2
Q14339,A2
Q14340,A2
Q14341,A2
Q14342,A2
Q14343,A2
Q14344,A2
Q14345,A2
Q14346,A2
Q14347,A2
Q14348,A2
Q14349,A2
Q14350,A2
Q14351,A2
Q14352,A2
Q14353,A2
Q14354,A2
Q14355,A2
Q14356,A2
Q14357,A2
Q14358,A2
Q14359,A2
Q14360,A2
Q14361,A2
Q14362,A2
Q14363,A2
Q14364,A2
Q14365,A2
Q14366,A2
Q14367,A2
Q14368,A2
Q14369,A2
Q14370,A2
Q14371,A2
Q14372,A2
Q14373,A2
Q14374,A2
Q14375,A2
Q14376,A2
Q14377,A2
Q14378,A2
Q14379,A2
Q14380,A2
Q14381,A2
Q14382,A2
Q14383,A2
Q14384,A2
Q14385,A2
Q14386,A2
Q14387,A2
Q14388,A2
Q14389,A2
Q14390,A2
Q14391,A2
Q14392,A2
Q14393,A2
Q14394,A2
Q14395,A2
Q14396,A2
Q14397,A2
Q14398,A2
Q14399,A2
Q14400,A2
Q14401,A2
Q14402,A2
Q14403,A2
Q14404,A2
Q14405,A2
Q14406,A2
Q14407,A2
Q14408,A2
Q14409,A2
Q14410,A2
Q14411,A2
Q14412,A2
Q14413,A2
Q14414,A2
Q14415,A2
Q14416,A2
Q14417,A2
Q14418,A2
Q14419,A2
Q14420,A2
Q14421,A2
Q14422,A2
Q14423,A2
Q14424,A2
Q14425,A2
Q14426,A2
Q14427,A2
Q14428,A2
Q14429,A2
Q14430,A2
Q14431,A2
Q14432,A2
Q14433,A2
Q14434,A2
Q14435,A2
Q14436,A2
Q14437,A2
Q14438,A2
Q14439,A2
Q14440,A2
Q14441,A2
Q14442,A2
Q14443,A2
Q14444,A2
Q14445,A2
Q14446,A2
Q14447,A2
Q14448,A2
Q14449,A2
Q14450,A2
Q14451,A2
Q14452,A2
Q14453,A2
Q14454,A2
Q14455,A2
Q14456,A2
Q14457,A2
Q14458,A2
Q14459,A2
Q14460,A2
Q14461,A2
Q14462,A2
Q14463,A2
Q14464,A2
Q14465,A2
Q14466,A2
Q14467,A2
Q14468,A2
Q14469,A2
Q14470,A2
Q14471,A2
Q14472,A2
Q14473,A2
Q14474,A2
Q14475,A2
Q14476,A2
Q14477,A2
Q14478,A2
Q14479,A2
Q14480,A2
Q14481,A2
Q14482,A2
Q14483,A2
Q14484,A2
Q14485,A2
Q14486,A2
Q14487,A2
Q14488,A2
Q14489,A2
Q14490,A2
Q14491,A2
Q14492,A2
Q14493,A2
Q14494,A2
Q14495,A2
Q14496,A2
Q14497,A2
Q14498,A2
Q14499,A2
Q14500,A2
Q14501,A2
Q14502,A2
Q14503,A2
Q14504,A2
Q14505,A2
Q14506,A2
Q14507,A2
Q14508,A2
Q14509,A2
Q14510,A2
Q14511,A2
Q14512,A2
Q14513,A2
Q14514,A2
Q14515,A2
Q14516,A2
Q14517,A2
Q14518,A2
Q14519,A2
Q14520,A2
Q14521,A2
Q14522,A2
Q14523,A2
Q14524,A2
Q14525,A2
Q14526,A2
Q14527,A2
Q14528,A2
Q14529,A2
Q14530,A2
Q14531,A2
Q14532,A2
Q14533,A2
Q14534,A2
Q14535,A2
Q14536,A2
Q14537,A2
Q14538,A2
Q14539,A2
Q14540,A2
Q14541,A2
Q14542,A2
Q14543,A2
Q14544,A2
Q14545,A2
Q14546,A2
Q14547,A2
Q14548,A2
Q14549,A2
Q14550,A2
Q14551,A2
Q14552,A2
Q14553,A2
Q14554,A2
Q14555,A2
Q14556,A2
Q14557,A2
Q14558,A2
Q14559,A2
Q14560,A2
Q14561,A2
Q14562,A2
Q14563,A2
Q14564,A2
Q14565,A2
Q14566,A2
Q14567,A2
Q14568,A2
Q14569,A2
Q14570,A2
Q14571,A2
Q14572,A2
Q14573,A2
Q14574,A2
Q14575,A2
Q14576,A2
Q14577,A2
Q14578,A2
Q14579,A2
Q14580,A2
Q14581,A2
Q14582,A2
Q14583,A2
Q14584,A2
Q14585,A2
Q14586,A2
Q14587,A2
Q14588,A2
Q14589,A2
Q14590,A2
Q14591,A2
Q14592,A2
Q14593,A2
Q14594,A2
Q14595,A2
Q14596,A2
Q14597,A2
Q14598,A2
Q14599,A2
Q14600,A2
Q14601,A2
Q14602,A2
Q14603,A2
Q14604,A2
Q14605,A2
Q14606,A2
Q14607,A2
Q14608,A2
Q14609,A2
Q14610,A2
Q14611,A2
Q14612,A2
Q14613,A2
Q14614,A2
Q14615,A2
Q14616,A2
Q14617,A2
Q14618,A2
Q14619,A2
Q14620,A2
Q14621,A2
Q14622,A2
Q14623,A2
Q14624,A2
Q14625,A2
Q14626,A2
Q14627,A2
Q14628,A2
Q14629,A2
Q14630,A2
Q14631,A2
Q14632,A2
Q14633,A2
Q14634,A2
Q14635,A2
Q14636,A2
Q14637,A2
Q14638,A2
Q14639,A2
Q14640,A2
Q14641,A2
Q14642,A2
Q14643,A2
Q14644,A2
Q14645,A2
Q14646,A2
Q14647,A2
Q14648,A2
Q14649,A2
Q14650,A2
Q14651,A2
Q14652,A2
Q14653,A2
Q14654,A2
Q14655,A2
Q14656,A2
Q14657,A2
Q14658,A2
Q14659,A2
Q14660,A2
Q14661,A2
Q14662,A2
Q14663,A2
Q14664,A2
Q14665,A2
Q14666,A2
Q14667,A2
Q14668,A2
Q14669,A2
Q14670,A2
Q14671,A2
Q14672,A2
Q14673,A2
Q14674,A2
Q14675,A2
Q14676,A2
Q14677,A2
Q14678,A2
Q14679,A2
Q14680,A2
Q14681,A2
Q14682,A2
Q14683,A2
Q14684,A2
Q14685,A2
Q14686,A2
Q14687,A2
Q14688,A2
Q14689,A2
Q14690,A2
Q14691,A2
Q14692,A2
Q14693,A2
Q14694,A2
Q14695,A2
Q14696,A2
Q14697,A2
Q14698,A2
Q14699,A2
Q14700,A2
Q14701,A2
Q14702,A2
Q14703,A2
Q14704,A2
Q14705,A2
Q14706,A2
Q14707,A2
Q14708,A2
Q14709,A2
Q14710,A2
Q14711,A2
Q14712,A2
Q14713,A2
Q14714,A2
Q14715,A2
Q14716,A2
Q14717,A2
Q14718,A2
Q14719,A2
Q14720,A2
Q14721,A2
Q14722,A2
Q14723,A2
Q14724,A2
Q14725,A2
Q14726,A2
Q14727,A2
Q14728,A2
Q14729,A2
Q14730,A2
Q14731,A2
Q14732,A2
Q14733,A2
Q14734,A2
Q14735,A2
Q14736,A2
Q14737,A2
Q14738,A2
Q14739,A2
Q14740,A2
Q14741,A2
Q14742,A2
Q14743,A2
Q14744,A2
Q14745,A2
Q14746,A2
Q14747,A2
Q14748,A2
Q14749,A2
Q14750,A2
Q14751,A2
Q14752,A2
Q14753,A2
Q14754,A2
Q14755,A2
Q14756,A2
Q14757,A2
Q14758,A2
Q14759,A2
Q14760,A2
Q14761,A2
Q14762,A2
Q14763,A2
Q14764,A2
Q14765,A2
Q14766,A2
Q14767,A2
Q14768,A2
Q14769,A2
Q14770,A2
Q14771,A2
Q14772,A2
Q14773,A2
Q14774,A2
Q14775,A2
Q14776,A2
Q14777,A2
Q14778,A2
Q14779,A2
Q14780,A2
Q14781,A2
Q14782,A2
Q14783,A2
Q14784,A2
Q14785,A2
Q14786,A2
Q14787,A2
Q14788,A2
Q14789,A2
Q14790,A2
Q14791,A2
Q14792,A2
Q14793,A2
Q14794,A2
Q14795,A2
Q14796,A2
Q14797,A2
Q14798,A2
Q14799,A2
Q14800,A2
Q14801,A2
Q14802,A2
Q14803,A2
Q14804,A2
Q14805,A2
Q14806,A2
Q14807,A2
Q14808,A2
Q14809,A2
Q14810,A2
Q14811,A2
Q14812,A2
Q14813,A2
Q14814,A2
Q14815,A2
Q14816,A2
Q14817,A2
Q14818,A2
Q14819,A2
Q14820,A2
Q14821,A2
Q14822,A2
Q14823,A2
Q14824,A2
Q14825,A2
Q14826,A2
Q14827,A2
Q14828,A2
Q14829,A2
Q14830,A2
Q14831,A2
Q14832,A2
Q14833,A2
Q14834,A2
Q14835,A2
Q14836,A2
Q14837,A2
Q14838,A2
Q14839,A2
Q14840,A2
Q14841,A2
Q14842,A2
Q14843,A2
Q14844,A2
Q14845,A2
Q14846,A2
Q14847,A2
Q14848,A2
Q14849,A2
Q14850,A2
Q14851,A2
Q14852,A2
Q14853,A2
Q14854,A2
Q14855,A2
Q14856,A2
Q14857,A2
Q14858,A2
Q14859,A2
Q14860,A2
Q14861,A2
Q14862,A2
Q14863,A2
Q14864,A2
Q14865,A2
Q14866,A2
Q14867,A2
Q14868,A2
Q14869,A2
Q14870,A2
Q14871,A2
Q14872,A2
Q14873,A2
Q14874,A2
Q14875,A2
Q14876,A2
Q14877,A2
Q14878,A2
Q14879,A2
Q14880,A2
Q14881,A2
Q14882,A2
Q14883,A2
Q14884,A2
Q14885,A2
Q14886,A2
Q14887,A2
Q14888,A2
Q14889,A2
Q14890,A2
Q14891,A2
Q14892,A2
Q14893,A2
Q14894,A2
Q14895,A2
Q14896,A2
Q14897,A2
Q14898,A2
Q14899,A2
Q14900,A2
Q14901,A2
Q14902,A2
Q14903,A2
Q14904,A2
Q14905,A2
Q14906,A2
Q14907,A2
Q14908,A2
Q14909,A2
Q14910,A2
Q14911,A2
Q14912,A2
Q14913,A2
Q14914,A2
Q14915,A2
Q14916,A2
Q14917,A2
Q14918,A2
Q14919,A2
Q14920,A2
Q14921,A2
Q14922,A2
Q14923,A2
Q14924,A2
Q14925,A2
Q14926,A2
Q14927,A2
Q14928,A2
Q14929,A2
Q14930,A2
Q14931,A2
Q14932,A2
Q14933,A2
Q14934,A2
Q14935,A2
Q14936,A2
Q14937,A2
Q14938,A2
Q14939,A2
Q14940,A2
Q14941,A2
Q14942,A2
Q14943,A2
Q14944,A2
Q14945,A2
Q14946,A2
Q14947,A2
Q14948,A2
Q14949,A2
Q14950,A2
Q14951,A2
Q14952,A2
Q14953,A2
Q14954,A2
Q14955,A2
Q14956,A2
Q14957,A2
Q14958,A2
Q14959,A2
Q14960,A2
Q14961,A2
Q14962,A2
Q14963,A2
Q14964,A2
Q14965,A2
Q14966,A2
Q14967,A2
Q14968,A2
Q14969,A2
Q14970,A2
Q14971,A2
Q14972,A2
Q14973,A2
Q14974,A2
Q14975,A2
Q14976,A2
Q14977,A2
Q14978,A2
Q14979,A2
Q14980,A2
Q14981,A2
Q14982,A2
Q14983,A2
Q14984,A2
Q14985,A2
Q14986,A2
Q14987,A2
Q14988,A2
Q14989,A2
Q14990,A2
Q14991,A2
Q14992,A2
Q14993,A2
Q14994,A2
Q14995,A2
Q14996,A2
Q14997,A2
Q14998,A2
Q14999,A2
Q15000,A2
Q15001,A2
Q15002,A2
Q15003,A2
Q15004,A2
Q15005,A2
Q15006,A2
Q15007,A2
Q15008,A2
Q15009,A2
Q15010,A2
Q15011,A2
Q15012,A2
Q15013,A2
Q15014,A2
Q15015,A2
Q15016,A2
Q15017,A2
Q15018,A2
Q15019,A2
Q15020,A2
Q15021,A2
Q15022,A2
Q15023,A2
Q15024,A2
Q15025,A2
Q15026,A2
Q15027,A2
Q15028,A2
Q15029,A2
Q15030,A2
Q15031,A2
Q15032,A2
Q15033,A2
Q15034,A2
Q15035,A2
Q15036,A2
Q15037,A2
Q15038,A2
Q15039,A2
Q15040,A2
Q15041,A2
Q15042,A2
Q15043,A2
Q15044,A2
Q15045,A2
Q15046,A2
Q15047,A2
Q15048,A2
Q15049,A2
Q15050,A2
Q15051,A2
Q15052,A2
Q15053,A2
Q15054,A2
Q15055,A2
Q15056,A2
Q15057,A2
Q15058,A2
Q15059,A2
Q15060,A2
Q15061,A2
Q15062,A2
Q15063,A2
Q15064,A2
Q15065,A2
Q15066,A2
Q15067,A2
Q15068,A2
Q15069,A2
Q15070,A2
Q15071,A2
Q15072,A2
Q15073,A2
Q15074,A2
Q15075,A2
Q15076,A2
Q15077,A2
Q15078,A2
Q15079,A2
Q15080,A2
Q15081,A2
Q15082,A2
Q15083,A2
Q15084,A2
Q15085,A2
Q15086,A2
Q15087,A2
Q15088,A2
Q15089,A2
Q15090,A2
Q15091,A2
Q15092,A2
Q15093,A2
Q15094,A2
Q15095,A2
Q15096,A2
Q15097,A2
Q15098,A2
Q15099,A2
Q15100,A2
Q15101,A2
Q15102,A2
Q15103,A2
Q15104,A2
Q15105,A2
Q15106,A2
Q15107,A2
Q15108,A2
Q15109,A2
Q15110,A2
Q15111,A2
Q15112,A2
Q15113,A2
Q15114,A2
Q15115,A2
Q15116,A2
Q15117,A2
Q15118,A2
Q15119,A2
Q15120,A2
Q15121,A2
Q15122,A2
Q15123,A2
Q15124,A2
Q15125,A2
Q15126,A2
Q15127,A2
Q15128,A2
Q15129,A2
Q15130,A2
Q15131,A2
Q15132,A2
Q15133,A2
Q15134,A2
Q15135,A2
Q15136,A2
Q15137,A2
Q15138,A2
Q15139,A2
Q15140,A2
Q15141,A2
Q15142,A2
Q15143,A2
Q15144,A2
Q15145,A2
Q15146,A2
Q15147,A2
Q15148,A2
Q15149,A2
Q15150,A2
Q15151,A2
Q15152,A2
Q15153,A2
Q15154,A2
Q15155,A2
Q15156,A2
Q15157,A2
Q15158,A2
Q15159,A2
Q15160,A2
Q15161,A2
Q15162,A2
Q15163,A2
Q15164,A2
Q15165,A2
Q15166,A2
Q15167,A2
Q15168,A2
Q15169,A2
Q15170,A2
Q15171,A2
Q15172,A2
Q15173,A2
Q15174,A2
Q15175,A2
Q15176,A2
Q15177,A2
Q15178,A2
Q15179,A2
Q15180,A2
Q15181,A2
Q15182,A2
Q15183,A2
Q15184,A2
Q15185,A2
Q15186,A2
Q15187,A2
Q15188,A2
Q15189,A2
Q15190,A2
Q15191,A2
Q15192,A2
Q15193,A2
Q15194,A2
Q15195,A2
Q15196,A2
Q15197,A2
Q15198,A2
Q15199,A2
Q15200,A2
Q15201,A2
Q15202,A2
Q15203,A2
Q15204,A2
Q15205,A2
Q15206,A2
Q15207,A2
Q15208,A2
Q15209,A2
Q15210,A2
Q15211,A2
Q15212,A2
Q15213,A2
Q15214,A2
Q15215,A2
Q15216,A2
Q15217,A2
Q15218,A2
Q15219,A2
Q15220,A2
Q15221,A2
Q15222,A2
Q15223,A2
Q15224,A2
Q15225,A2
Q15226,A2
Q15227,A2
Q15228,A2
Q15229,A2
Q15230,A2
Q15231,A2
Q15232,A2
Q15233,A2
Q15234,A2
Q15235,A2
Q15236,A2
Q15237,A2
Q15238,A2
Q15239,A2
Q15240,A2
Q15241,A2
Q15242,A2
Q15243,A2
Q15244,A2
Q15245,A2
Q15246,A2
Q15247,A2
Q15248,A2
Q15249,A2
Q15250,A2
Q15251,A2
Q15252,A2
Q15253,A2
Q15254,A2
Q15255,A2
Q15256,A2
Q15257,A2
Q15258,A2
Q15259,A2
Q15260,A2
Q15261,A2
Q15262,A2
Q15263,A2
Q15264,A2
Q15265,A2
Q15266,A2
Q15267,A2
Q15268,A2
Q15269,A2
Q15270,A2
Q15271,A2
Q15272,A2
Q15273,A2
Q15274,A2
Q15275,A2
Q15276,A2
Q15277,A2
Q15278,A2
Q15279,A2
Q15280,A2
Q15281,A2
Q15282,A2
Q15283,A2
Q15284,A2
Q15285,A2
Q15286,A2
Q15287,A2
Q15288,A2
Q15289,A2
Q15290,A2
Q15291,A2
Q15292,A2
Q15293,A2
Q15294,A2
Q15295,A2
Q15296,A2
Q15297,A2
Q15298,A2
Q15299,A2
Q15300,A2
Q15301,A2
Q15302,A2
Q15303,A2
Q15304,A2
Q15305,A2
Q15306,A2
Q15307,A2
Q15308,A2
Q15309,A2
Q15310,A2
Q15311,A2
Q15312,A2
Q15313,A2
Q15314,A2
Q15315,A2
Q15316,A2
Q15317,A2
Q15318,A2
Q15319,A2
Q15320,A2
Q15321,A2
Q15322,A2
Q15323,A2
Q15324,A2
Q15325,A2
Q15326,A2
Q15327,A2
Q15328,A2
Q15329,A2
Q15330,A2
Q15331,A2
Q15332,A2
Q15333,A2
Q15334,A2
Q15335,A2
Q15336,A2
Q15337,A2
Q15338,A2
Q15339,A2
Q15340,A2
Q15341,A2
Q15342,A2
Q15343,A2
Q15344,A2
Q15345,A2
Q15346,A2
Q15347,A2
Q15348,A2
Q15349,A2
Q15350,A2
Q15351,A2
Q15352,A2
Q15353,A2
Q15354,A2
Q15355,A2
Q15356,A2
Q15357,A2
Q15358,A2
Q15359,A2
Q15360,A2
Q15361,A2
Q15362,A2
Q15363,A2
Q15364,A2
Q15365,A2
Q15366,A2
Q15367,A2
Q15368,A2
Q15369,A2
Q15370,A2
Q15371,A2
Q15372,A2
Q15373,A2
Q15374,A2
Q15375,A2
Q15376,A2
Q15377,A2
Q15378,A2
Q15379,A2
Q15380,A2
Q15381,A2
Q15382,A2
Q15383,A2
Q15384,A2
Q15385,A2
Q15386,A2
Q15387,A2
Q15388,A2
Q15389,A2
Q15390,A2
Q15391,A2
Q15392,A2
Q15393,A2
Q15394,A2
Q15395,A2
Q15396,A2
Q15397,A2
Q15398,A2
Q15399,A2
Q15400,A2
Q15401,A2
Q15402,A2
Q15403,A2
Q15404,A2
Q15405,A2
Q15406,A2
Q15407,A2
Q15408,A2
Q15409,A2
Q15410,A2
Q15411,A2
Q15412,A2
Q15413,A2
Q15414,A2
Q15415,A2
Q15416,A2
Q15417,A2
Q15418,A2
Q15419,A2
Q15420,A2
Q15421,A2
Q15422,A2
Q15423,A2
Q15424,A2
Q15425,A2
Q15426,A2
Q15427,A2
Q15428,A2
Q15429,A2
Q15430,A2
Q15431,A2
Q15432,A2
Q15433,A2
Q15434,A2
Q15435,A2
Q15436,A2
Q15437,A2
Q15438,A2
Q15439,A2
Q15440,A2
Q15441,A2
Q15442,A2
Q15443,A2
Q15444,A2
Q15445,A2
Q15446,A2
Q15447,A2
Q15448,A2
Q15449,A2
Q15450,A2
Q15451,A2
Q15452,A2
Q15453,A2
Q15454,A2
Q15455,A2
Q15456,A2
Q15457,A2
Q15458,A2
Q15459,A2
Q15460,A2
Q15461,A2
Q15462,A2
Q15463,A2
Q15464,A2
Q15465,A2
Q15466,A2
Q15467,A2
Q15468,A2
Q15469,A2
Q15470,A2
Q15471,A2
Q15472,A2
Q15473,A2
Q15474,A2
Q15475,A2
Q15476,A2
Q15477,A2
Q15478,A2
Q15479,A2
Q15480,A2
Q15481,A2
Q15482,A2
Q15483,A2
Q15484,A2
Q15485,A2
Q15486,A2
Q15487,A2
Q15488,A2
Q15489,A2
Q15490,A2
Q15491,A2
Q15492,A2
Q15493,A2
Q15494,A2
Q15495,A2
Q15496,A2
Q15497,A2
Q15498,A2
Q15499,A2
Q15500,A2
Q15501,A2
Q15502,A2
Q15503,A2
Q15504,A2
Q15505,A2
Q15506,A2
Q15507,A2
Q15508,A2
Q15509,A2
Q15510,A2
Q15511,A2
Q15512,A2
Q15513,A2
Q15514,A2
Q15515,A2
Q15516,A2
Q15517,A2
Q15518,A2
Q15519,A2
Q15520,A2
Q15521,A2
Q15522,A2
Q15523,A2
Q15524,A2
Q15525,A2
Q15526,A2
Q15527,A2
Q15528,A2
Q15529,A2
Q15530,A2
Q15531,A2
Q15532,A2
Q15533,A2
Q15534,A2
Q15535,A2
Q15536,A2
Q15537,A2
Q15538,A2
Q15539,A2
Q15540,A2
Q15541,A2
Q15542,A2
Q15543,A2
Q15544,A2
Q15545,A2
Q15546,A2
Q15547,A2
Q15548,A2
Q15549,A2
Q15550,A2
Q15551,A2
Q15552,A2
Q15553,A2
Q15554,A2
Q15555,A2
Q15556,A2
Q15557,A2
Q15558,A2
Q15559,A2
Q15560,A2
Q15561,A2
Q15562,A2
Q15563,A2
Q15564,A2
Q15565,A2
Q15566,A2
Q15567,A2
Q15568,A2
Q15569,A2
Q15570,A2
Q15571,A2
Q15572,A2
Q15573,A2
Q15574,A2
Q15575,A2
Q15576,A2
Q15577,A2
Q15578,A2
Q15579,A2
Q15580,A2
Q15581,A2
Q15582,A2
Q15583,A2
Q15584,A2
Q15585,A2
Q15586,A2
Q15587,A2
Q15588,A2
Q15589,A2
Q15590,A2
Q15591,A2
Q15592,A2
Q15593,A2
Q15594,A2
Q15595,A2
Q15596,A2
Q15597,A2
Q15598,A2
Q15599,A2
Q15600,A2
Q15601,A2
Q15602,A2
Q15603,A2
Q15604,A2
Q15605,A2
Q15606,A2
Q15607,A2
Q15608,A2
Q15609,A2
Q15610,A2
Q15611,A2
Q15612,A2
Q15613,A2
Q15614,A2
Q15615,A2
Q15616,A2
Q15617,A2
Q15618,A2
Q15619,A2
Q15620,A2
Q15621,A2
Q15622,A2
Q15623,A2
Q15624,A2
Q15625,A2
Q15626,A2
Q15627,A2
Q15628,A2
Q15629,A2
Q15630,A2
Q15631,A2
Q15632,A2
Q15633,A2
Q15634,A2
Q15635,A2
Q15636,A2
Q15637,A2
Q15638,A2
Q15639,A2
Q15640,A2
Q15641,A2
Q15642,A2
Q15643,A2
Q15644,A2
Q15645,A2
Q15646,A2
Q15647,A2
Q15648,A2
Q15649,A2
Q15650,A2
Q15651,A2
Q15652,A2
Q15653,A2
Q15654,A2
Q15655,A2
Q15656,A2
Q15657,A2
Q15658,A2
Q15659,A2
Q15660,A2
Q15661,A2
Q15662,A2
Q15663,A2
Q15664,A1
Q15665,A1
Q15666,A1
Q15667,A1
Q15668,A1
Q15669,A1
Q15670,A1
Q15671,A1
Q15672,A1
Q15673,A1
Q15674,A1
Q15675,A1
Q15676,A1
Q15677,A1
Q15678,A1
Q15679,A1
Q15680,A1
Q15681,A1
Q15682,A1
Q15683,A1
Q15684,A1
Q15685,A1
Q15686,A1
Q15687,A1
Q15688,A1
Q15689,A1
Q15690,A1
Q15691,A1
Q15692,A1
Q15693,A1
Q15694,A1
Q15695,A1
Q15696,A1
Q15697,A1
Q15698,A1
Q15699,A1
Q15700,A1
Q15701,A1
Q15702,A1
Q15703,A1
Q15704,A1
Q15705,A1
Q15706,A1
Q15707,A1
Q15708,A1
Q15709,A1
Q15710,A1
Q15711,A1
Q15712,A1
Q15713,A1
Q15714,A1
Q15715,A1
Q15716,A1
Q15717,A1
Q15718,A1
Q15719,A1
Q15720,A1
Q15721,A1
Q15722,A1
Q15723,A1
Q15724,A1
Q15725,A1
Q15726,A1
Q15727,A1
Q15728,A1
Q15729,A1
Q15730,A1
Q15731,A1
Q15732,A1
Q15733,A1
Q15734,A1
Q15735,A1
Q15736,A1
Q15737,A1
Q15738,A1
Q15739,A1
Q15740,A1
Q15741,A1
Q15742,A1
Q15743,A1
Q15744,A1
Q15745,A1
Q15746,A1
Q15747,A1
Q15748,A1
Q15749,A1
Q15750,A1
Q15751,A1
Q15752,A1
Q15753,A1
Q15754,A1
Q15755,A1
Q15756,A1
Q15757,A1
Q15758,A1
Q15759,A1
Q15760,A1
Q15761,A1
Q15762,A1
Q15763,A1
Q15764,A1
Q15765,A1
Q15766,A1
Q15767,A1
Q15768,A1
Q15769,A1
Q15770,A1
Q15771,A1
Q15772,A1
Q15773,A1
Q15774,A1
Q15775,A1
Q15776,A1
Q15777,A1
Q15778,A1
Q15779,A1
Q15780,A1
Q15781,A1
Q15782,A1
Q15783,A1
Q15784,A1
Q15785,A1
Q15786,A1
Q15787,A1
Q15788,A1
Q15789,A1
Q15790,A1
Q15791,A1
Q15792,A1
Q15793,A1
Q15794,A1
Q15795,A1
Q15796,A1
Q15797,A1
Q15798,A1
Q15799,A1
Q15800,A1
Q15801,A1
Q15802,A1
Q15803,A1
Q15804,A1
Q15805,A1
Q15806,A1
Q15807,A1
Q15808,A1
Q15809,A1
Q15810,A1
Q15811,A1
Q15812,A1
Q15813,A1
Q15814,A1
Q15815,A1
Q15816,A1
Q15817,A1
Q15818,A1
Q15819,A1
Q15820,A1
Q15821,A1
Q15822,A1
Q15823,A1
Q15824,A1
Q15825,A1
Q15826,A1
Q15827,A1
Q15828,A1
Q15829,A1
Q15830,A1
Q15831,A1
Q15832,A1
Q15833,A1
Q15834,A1
Q15835,A1
Q15836,A1
Q15837,A1
Q15838,A1
Q15839,A1
Q15840,A1
Q15841,A1
Q15842,A1
Q15843,A1
Q15844,A1
Q15845,A1
Q15846,A1
Q15847,A1
Q15848,A1
Q15849,A1
Q15850,A1
Q15851,A1
Q15852,A1
Q15853,A1
Q15854,A1
Q15855,A1
Q15856,A1
Q15857,A1
Q15858,A1
Q15859,A1
Q15860,A1
Q15861,A1
Q15862,A1
Q15863,A1
Q15864,A1
Q15865,A1
Q15866,A1
Q15867,A1
Q15868,A1
Q15869,A1
Q15870,A1
Q15871,A1
Q15872,A1
Q15873,A1
Q15874,A1
Q15875,A1
Q15876,A1
Q15877,A1
Q15878,A1
Q15879,A1
Q15880,A1
Q15881,A1
Q15882,A1
Q15883,A1
Q15884,A1
Q15885,A1
Q15886,A1
Q15887,A1
Q15888,A1
Q15889,A1
Q15890,A1
Q15891,A1
Q15892,A1
Q15893,A1
Q15894,A1
Q15895,A1
Q15896,A1
Q15897,A1
Q15898,A1
Q15899,A1
Q15900,A1
Q15901,A1
Q15902,A1
Q15903,A1
Q15904,A1
Q15905,A1
Q15906,A1
Q15907,A1
Q15908,A1
Q15909,A1
Q15910,A1
Q15911,A1
Q15912,A1
Q15913,A1
Q15914,A1
Q15915,A1
Q15916,A1
Q15917,A1
Q15918,A1
Q15919,A1
Q15920,A1
Q15921,A1
Q15922,A1
Q15923,A1
Q15924,A1
Q15925,A1
Q15926,A1
Q15927,A1
Q15928,A1
Q15929,A1
Q15930,A1
Q15931,A1
Q15932,A1
Q15933,A1
Q15934,A1
Q15935,A1
Q15936,A1
Q15937,A1
Q15938,A1
Q15939,A1
Q15940,A1
Q15941,A1
Q15942,A1
Q15943,A1
Q15944,A1
Q15945,A1
Q15946,A1
Q15947,A1
Q15948,A1
Q15949,A1
Q15950,A1
Q15951,A1
Q15952,A1
Q15953,A1
Q15954,A1
Q15955,A1
Q15956,A1
Q15957,A1
Q15958,A1
Q15959,A1
Q15960,A1
Q15961,A1
Q15962,A1
Q15963,A1
Q15964,A1
Q15965,A1
Q15966,A1
Q15967,A1
Q15968,A1
Q15969,A1
Q15970,A1
Q15971,A1
Q15972,A1
Q15973,A1
Q15974,A1
Q15975,A1
Q15976,A1
Q15977,A1
Q15978,A1
Q15979,A1
Q15980,A1
Q15981,A1
Q15982,A1
Q15983,A1
Q15984,A1
Q15985,A1
Q15986,A1
Q15987,A1
Q15988,A1
Q15989,A1
Q15990,A1
Q15991,A1
Q15992,A1
Q15993,A1
Q15994,A1
Q15995,A1
Q15996,A1
Q15997,A1
Q15998,A1
Q15999,A1
Q16000,A1
Q16001,A1
Q16002,A1
Q16003,A1
Q16004,A1
Q16005,A1
Q16006,A1
Q16007,A1
Q16008,A1
Q16009,A1
Q16010,A1
Q16011,A1
Q16012,A1
Q16013,A1
Q16014,A1
Q16015,A1
Q16016,A1
Q16017,A1
Q16018,A1
Q16019,A1
Q16020,A1
Q16021,A1
Q16022,A1
Q16023,A1
Q16024,A1
Q16025,A1
Q16026,A1
Q16027,A1
Q16028,A1
Q16029,A1
Q16030,A1
Q16031,A1
Q16032,A1
Q16033,A1
Q16034,A1
Q16035,A1
Q16036,A1
Q16037,A1
Q16038,A1
Q16039,A1
Q16040,A1
Q16041,A1
Q16042,A1
Q16043,A1
Q16044,A1
Q16045,A1
Q16046,A1
Q16047,A1
Q16048,A1
Q16049,A1
Q16050,A1
Q16051,A1
Q16052,A1
Q16053,A1
Q16054,A1
Q16055,A1
Q16056,A1
Q16057,A1
Q16058,A1
Q16059,A1
Q16060,A1
Q16061,A1
Q16062,A1
Q16063,A1
Q16064,A1
Q16065,A1
Q16066,A1
Q16067,A1
Q16068,A1
Q16069,A1
Q16070,A1
Q16071,A1
Q16072,A1
Q16073,A1
Q16074,A1
Q16075,A1
Q16076,A1
Q16077,A1
Q16078,A1
Q16079,A1
Q16080,A1
Q16081,A1
Q16082,A1
Q16083,A1
Q16084,A1
Q16085,A1
Q16086,A1
Q16087,A1
Q16088,A1
Q16089,A1
Q16090,A1
Q16091,A1
Q16092,A1
Q16093,A1
Q16094,A1
Q16095,A1
Q16096,A1
Q16097,A1
Q16098,A1
Q16099,A1
Q16100,A1
Q16101,A1
Q16102,A1
Q16103,A1
Q16104,A1
Q16105,A1
Q16106,A1
Q16107,A1
Q16108,A1
Q16109,A1
Q16110,A1
Q16111,A1
Q16112,A1
Q16113,A1
Q16114,A1
Q16115,A1
Q16116,A1
Q16117,A1
Q16118,A1
Q16119,A1
Q16120,A1
Q16121,A1
Q16122,A1
Q16123,A1
Q16124,A1
Q16125,A1
Q16126,A1
Q16127,A1
Q16128,A1
Q16129,A1
Q16130,A1
Q16131,A1
Q16132,A1
Q16133,A1
Q16134,A1
Q16135,A1
Q16136,A1
Q16137,A1
Q16138,A1
Q16139,A1
Q16140,A1
Q16141,A1
Q16142,A1
Q16143,A1
Q16144,A1
Q16145,A1
Q16146,A1
Q16147,A1
Q16148,A1
Q16149,A1
Q16150,A1
Q16151,A1
Q16152,A1
Q16153,A1
Q16154,A1
Q16155,A1
Q16156,A1
Q16157,A1
Q16158,A1
Q16159,A1
Q16160,A1
Q16161,A1
Q16162,A1
Q16163,A1
Q16164,A1
Q16165,A1
Q16166,A1
Q16167,A1
Q16168,A1
Q16169,A1
Q16170,A1
Q16171,A1
Q16172,A1
Q16173,A1
Q16174,A1
Q16175,A1
Q16176,A1
Q16177,A1
Q16178,A1
Q16179,A1
Q16180,A1
Q16181,A1
Q16182,A1
Q16183,A1
Q16184,A1
Q16185,A1
Q16186,A1
Q16187,A1
Q16188,A1
Q16189,A1
Q16190,A1
Q16191,A1
Q16192,A1
Q16193,A1
Q16194,A1
Q16195,A1
Q16196,A1
Q16197,A1
Q16198,A1
Q16199,A1
Q16200,A1
Q16201,A1
Q16202,A1
Q16203,A1
Q16204,A1
Q16205,A1
Q16206,A1
Q16207,A1
Q16208,A1
Q16209,A1
Q16210,A1
Q16211,A1
Q16212,A1
Q16213,A1
Q16214,A1
Q16215,A1
Q16216,A1
Q16217,A1
Q16218,A1
Q16219,A1
Q16220,A1
Q16221,A1
Q16222,A1
Q16223,A1
Q16224,A1
Q16225,A1
Q16226,A1
Q16227,A1
Q16228,A1
Q16229,A1
Q16230,A1
Q16231,A1
Q16232,A1
Q16233,A1
Q16234,A1
Q16235,A1
Q16236,A1
Q16237,A1
Q16238,A1
Q16239,A1
Q16240,A1
Q16241,A1
Q16242,A1
Q16243,A1
Q16244,A1
Q16245,A1
Q16246,A1
Q16247,A1
Q16248,A1
Q16249,A1
Q16250,A1
Q16251,A1
Q16252,A1
Q16253,A1
Q16254,A1
Q16255,A1
Q16256,A1
Q16257,A1
Q16258,A1
Q16259,A1
Q16260,A1
Q16261,A1
Q16262,A1
Q16263,A1
Q16264,A1
Q16265,A1
Q16266,A1
Q16267,A1
Q16268,A1
Q16269,A1
Q16270,A1
Q16271,A1
Q16272,A1
Q16273,A1
Q16274,A1
Q16275,A1
Q16276,A1
Q16277,A1
Q16278,A1
Q16279,A1
Q16280,A1
Q16281,A1
Q16282,A1
Q16283,A1
Q16284,A1
Q16285,A1
Q16286,A1
Q16287,A1
Q16288,A1
Q16289,A1
Q16290,A1
Q16291,A1
Q16292,A1
Q16293,A1
Q16294,A1
Q16295,A1
Q16296,A1
Q16297,A1
Q16298,A1
Q16299,A1
Q16300,A1
Q16301,A1
Q16302,A1
Q16303,A1
Q16304,A1
Q16305,A1
Q16306,A1
Q16307,A1
Q16308,A1
Q16309,A1
Q16310,A1
Q16311,A1
Q16312,A1
Q16313,A1
Q16314,A1
Q16315,A1
Q16316,A1
Q16317,A1
Q16318,A1
Q16319,A1
Q16320,A1
Q16321,A1
Q16322,A1
Q16323,A1
Q16324,A1
Q16325,A1
Q16326,A1
Q16327,A1
Q16328,A1
Q16329,A1
Q16330,A1
Q16331,A1
Q16332,A1
Q16333,A1
Q16334,A1
Q16335,A1
Q16336,A1
Q16337,A1
Q16338,A1
Q16339,A1
Q16340,A1
Q16341,A1
Q16342,A1
Q16343,A1
Q16344,A1
Q16345,A1
Q16346,A1
Q16347,A1
Q16348,A1
Q16349,A1
Q16350,A1
Q16351,A1
Q16352,A1
Q16353,A1
Q16354,A1
Q16355,A1
Q16356,A1
Q16357,A1
Q16358,A1
Q16359,A1
Q16360,A1
Q16361,A1
Q16362,A1
Q16363,A1
Q16364,A1
Q16365,A1
Q16366,A1
Q16367,A1
Q16368,A1
Q16369,A1
Q16370,A1
Q16371,A1
Q16372,A1
Q16373,A1
Q16374,A1
Q16375,A1
Q16376,A1
Q16377,A1
Q16378,A1
Q16379,A1
Q16380,A1
Q16381,A1
Q16382,A1
Q16383,A1
Q16384,A1
Q16385,A1
Q16386,A1
Q16387,A1
Q16388,A1
Q16389,A1
Q16390,A1
Q16391,A1
Q16392,A1
Q16393,A1
Q16394,A1
Q16395,A1
Q16396,A1
Q16397,A1
Q16398,A1
Q16399,A1
Q16400,A1
Q16401,A1
Q16402,A1
Q16403,A1
Q16404,A1
Q16405,A1
Q16406,A1
Q16407,A1
Q16408,A1
Q16409,A1
Q16410,A1
Q16411,A1
Q16412,A1
Q16413,A1
Q16414,A1
Q16415,A1
Q16416,A1
Q16417,A1
Q16418,A1
Q16419,A1
Q16420,A1
Q16421,A1
Q16422,A1
Q16423,A1
Q16424,A1
Q16425,A1
Q16426,A1
Q16427,A1
Q16428,A1
Q16429,A1
Q16430,A1
Q16431,A1
Q16432,A1
Q16433,A1
Q16434,A1
Q16435,A1
Q16436,A1
Q16437,A1
Q16438,A1
Q16439,A1
Q16440,A1
Q16441,A1
Q16442,A1
Q16443,A1
Q16444,A1
Q16445,A1
Q16446,A1
Q16447,A1
Q16448,A1
Q16449,A1
Q16450,A1
Q16451,A1
Q16452,A1
Q16453,A1
Q16454,A1
Q16455,A1
Q16456,A1
Q16457,A1
Q16458,A1
Q16459,A1
Q16460,A1
Q16461,A1
Q16462,A1
Q16463,A1
Q16464,A1
Q16465,A1
Q16466,A1
Q16467,A1
Q16468,A1
Q16469,A1
Q16470,A1
Q16471,A1
Q16472,A1
Q16473,A1
Q16474,A1
Q16475,A1
Q16476,A1
Q16477,A1
Q16478,A1
Q16479,A1
Q16480,A1
Q16481,A1
Q16482,A1
Q16483,A1
Q16484,A1
Q16485,A1
Q16486,A1
Q16487,A1
Q16488,A1
Q16489,A1
Q16490,A1
Q16491,A1
Q16492,A1
Q16493,A1
Q16494,A1
Q16495,A1
Q16496,A1
Q16497,A1
Q16498,A1
Q16499,A1
Q16500,A1
Q16501,A1
Q16502,A1
Q16503,A1
Q16504,A1
Q16505,A1
Q16506,A1
Q16507,A1
Q16508,A1
Q16509,A1
Q16510,A1
Q16511,A1
Q16512,A1
Q16513,A1
Q16514,A1
Q16515,A1
Q16516,A1
Q16517,A1
Q16518,A1
Q16519,A1
Q16520,A1
Q16521,A1
Q16522,A1
Q16523,A1
Q16524,A1
Q16525,A1
Q16526,A1
Q16527,A1
Q16528,A1
Q16529,A1
Q16530,A1
Q16531,A1
Q16532,A1
Q16533,A1
Q16534,A1
Q16535,A1
Q16536,A1
Q16537,A1
Q16538,A1
Q16539,A1
Q16540,A1
Q16541,A1
Q16542,A1
Q16543,A1
Q16544,A1
Q16545,A1
Q16546,A1
Q16547,A1
Q16548,A1
Q16549,A1
Q16550,A1
Q16551,A1
Q16552,A1
Q16553,A1
Q16554,A1
Q16555,A1
Q16556,A1
Q16557,A1
Q16558,A1
Q16559,A1
Q16560,A1
Q16561,A1
Q16562,A1
Q16563,A1
Q16564,A1
Q16565,A1
Q16566,A1
Q16567,A1
Q16568,A1
Q16569,A1
Q16570,A1
Q16571,A1
Q16572,A1
Q16573,A1
Q16574,A1
Q16575,A1
Q16576,A1
Q16577,A1
Q16578,A1
Q16579,A1
Q16580,A1
Q16581,A1
Q16582,A1
Q16583,A1
Q16584,A1
Q16585,A1
Q16586,A1
Q16587,A1
Q16588,A1
Q16589,A1
Q16590,A1
Q16591,A1
Q16592,A1
Q16593,A1
Q16594,A1
Q16595,A1
Q16596,A1
Q16597,A1
Q16598,A1
Q16599,A1
Q16600,A1
Q16601,A1
Q16602,A1
Q16603,A1
Q16604,A1
Q16605,A1
Q16606,A1
Q16607,A1
Q16608,A1
Q16609,A1
Q16610,A1
Q16611,A1
Q16612,A1
Q16613,A1
Q16614,A1
Q16615,A1
Q16616,A1
Q16617,A1
Q16618,A1
Q16619,A1
Q16620,A1
Q16621,A1
Q16622,A1
Q16623,A1
Q16624,A1
Q16625,A1
Q16626,A1
Q16627,A1
Q16628,A1
Q16629,A1
Q16630,A1
Q16631,A1
Q16632,A1
Q16633,A1
Q16634,A1
Q16635,A1
Q16636,A1
Q16637,A1
Q16638,A1
Q16639,A1
Q16640,A1
Q16641,A1
Q16642,A1
Q16643,A1
Q16644,A1
Q16645,A1
Q16646,A1
Q16647,A1
Q16648,A1
Q16649,A1
Q16650,A1
Q16651,A1
Q16652,A1
Q16653,A1
Q16654,A1
Q16655,A1
Q16656,A1
Q16657,A1
Q16658,A1
Q16659,A1
Q16660,A1
Q16661,A1
Q16662,A1
Q16663,A1
Q16664,A1
Q16665,A1
Q16666,A1
Q16667,A1
Q16668,A1
Q16669,A1
Q16670,A1
Q16671,A1
Q16672,A1
Q16673,A1
Q16674,A1
Q16675,A1
Q16676,A1
Q16677,A1
Q16678,A1
Q16679,A1
Q16680,A1
Q16681,A1
Q16682,A1
Q16683,A1
Q16684,A1
Q16685,A1
Q16686,A1
Q16687,A1
Q16688,A1
Q16689,A1
Q16690,A1
Q16691,A1
Q16692,A1
Q16693,A1
Q16694,A1
Q16695,A1
Q16696,A1
Q16697,A1
Q16698,A1
Q16699,A1
Q16700,A1
Q16701,A1
Q16702,A1
Q16703,A1
Q16704,A1
Q16705,A1
Q16706,A1
Q16707,A1
Q16708,A1
Q16709,A1
Q16710,A1
Q16711,A1
Q16712,A1
Q16713,A1
Q16714,A1
Q16715,A1
Q16716,A1
Q16717,A1
Q16718,A1
Q16719,A1
Q16720,A1
Q16721,A1
Q16722,A1
Q16723,A1
Q16724,A1
Q16725,A1
Q16726,A1
Q16727,A1
Q16728,A1
Q16729,A1
Q16730,A1
Q16731,A1
Q16732,A1
Q16733,A1
Q16734,A1
Q16735,A1
Q16736,A1
Q16737,A1
Q16738,A1
Q16739,A1
Q16740,A1
Q16741,A1
Q16742,A1
Q16743,A1
Q16744,A1
Q16745,A1
Q16746,A1
Q16747,A1
Q16748,A1
Q16749,A1
Q16750,A1
Q16751,A1
Q16752,A1
Q16753,A1
Q16754,A1
Q16755,A1
Q16756,A1
Q16757,A1
Q16758,A1
Q16759,A1
Q16760,A1
Q16761,A1
Q16762,A1
Q16763,A1
Q16764,A1
Q16765,A1
Q16766,A1
Q16767,A1
Q16768,A1
Q16769,A1
Q16770,A1
Q16771,A1
Q16772,A1
Q16773,A1
Q16774,A1
Q16775,A1
Q16776,A1
Q16777,A1
Q16778,A1
Q16779,A1
Q16780,A1
Q16781,A1
Q16782,A1
Q16783,A1
Q16784,A1
Q16785,A1
Q16786,A1
Q16787,A1
Q16788,A1
Q16789,A1
Q16790,A1
Q16791,A1
Q16792,A1
Q16793,A1
Q16794,A1
Q16795,A1
Q16796,A1
Q16797,A1
Q16798,A1
Q16799,A1
Q16800,A1
Q16801,A1
Q16802,A1
Q16803,A1
Q16804,A1
Q16805,A1
Q16806,A1
Q16807,A1
Q16808,A1
Q16809,A1
Q16810,A1
Q16811,A1
Q16812,A1
Q16813,A1
Q16814,A1
Q16815,A1
Q16816,A1
Q16817,A1
Q16818,A1
Q16819,A1
Q16820,A1
Q16821,A1
Q16822,A1
Q16823,A1
Q16824,A1
Q16825,A1
Q16826,A1
Q16827,A1
Q16828,A1
Q16829,A1
Q16830,A1
Q16831,A1
Q16832,A1
Q16833,A1
Q16834,A1
Q16835,A1
Q16836,A1
Q16837,A1
Q16838,A1
Q16839,A1
Q16840,A1
Q16841,A1
Q16842,A1
Q16843,A1
Q16844,A1
Q16845,A1
Q16846,A1
Q16847,A1
Q16848,A1
Q16849,A1
Q16850,A1
Q16851,A1
Q16852,A1
Q16853,A1
Q16854,A1
Q16855,A1
Q16856,A1
Q16857,A1
Q16858,A1
Q16859,A1
Q16860,A1
Q16861,A1
Q16862,A1
Q16863,A1
Q16864,A1
Q16865,A1
Q16866,A1
Q16867,A1
Q16868,A1
Q16869,A1
Q16870,A1
Q16871,A1
Q16872,A1
Q16873,A1
Q16874,A1
Q16875,A1
Q16876,A1
Q16877,A1
Q16878,A1
Q16879,A1
Q16880,A1
Q16881,A1
Q16882,A1
Q16883,A1
Q16884,A1
Q16885,A1
Q16886,A1
Q16887,A1
Q16888,A1
Q16889,A1
Q16890,A1
Q16891,A1
Q16892,A1
Q16893,A1
Q16894,A1
Q16895,A1
Q16896,A1
Q16897,A1
Q16898,A1
Q16899,A1
Q16900,A1
Q16901,A1
Q16902,A1
Q16903,A1
Q16904,A1
Q16905,A1
Q16906,A1
Q16907,A1
Q16908,A1
Q16909,A1
Q16910,A1
Q16911,A1
Q16912,A1
Q16913,A1
Q16914,A1
Q16915,A1
Q16916,A1
Q16917,A1
Q16918,A1
Q16919,A1
Q16920,A1
Q16921,A1
Q16922,A1
Q16923,A1
Q16924,A1
Q16925,A1
Q16926,A1
Q16927,A1
Q16928,A1
Q16929,A1
Q16930,A1
Q16931,A1
Q16932,A1
Q16933,A1
Q16934,A1
Q16935,A1
Q16936,A1
Q16937,A1
Q16938,A1
Q16939,A1
Q16940,A1
Q16941,A1
Q16942,A1
Q16943,A1
Q16944,A1
Q16945,A1
Q16946,A1
Q16947,A1
Q16948,A1
Q16949,A1
Q16950,A1
Q16951,A1
Q16952,A1
Q16953,A1
Q16954,A1
Q16955,A1
Q16956,A1
Q16957,A1
Q16958,A1
Q16959,A1
Q16960,A1
Q16961,A1
Q16962,A1
Q16963,A1
Q16964,A1
Q16965,A1
Q16966,A1
Q16967,A1
Q16968,A1
Q16969,A1
Q16970,A1
Q16971,A1
Q16972,A1
Q16973,A1
Q16974,A1
Q16975,A1
Q16976,A1
Q16977,A1
Q16978,A1
Q16979,A1
Q16980,A1
Q16981,A1
Q16982,A1
Q16983,A1
Q16984,A1
Q16985,A1
Q16986,A1
Q16987,A1
Q16988,A1
Q16989,A1
Q16990,A1
Q16991,A1
Q16992,A1
Q16993,A1
Q16994,A1
Q16995,A1
Q16996,A1
Q16997,A1
Q16998,A1
Q16999,A1
Q17000,A1
Q17001,A1
Q17002,A1
Q17003,A1
Q17004,A1
Q17005,A1
Q17006,A1
Q17007,A1
Q17008,A1
Q17009,A1
Q17010,A1
Q17011,A1
Q17012,A1
Q17013,A1
Q17014,A1
Q17015,A1
Q17016,A1
Q17017,A1
Q17018,A1
Q17019,A1
Q17020,A1
Q17021,A1
Q17022,A1
Q17023,A1
Q17024,A1
Q17025,A1
Q17026,A1
Q17027,A1
Q17028,A1
Q17029,A1
Q17030,A1
Q17031,A1
Q17032,A1
Q17033,A1
Q17034,A1
Q17035,A1
Q17036,A1
Q17037,A1
Q17038,A1
Q17039,A1
Q17040,A1
Q17041,A1
Q17042,A1
Q17043,A1
Q17044,A1
Q17045,A1
Q17046,A1
Q17047,A1
Q17048,A1
Q17049,A1
Q17050,A1
Q17051,A1
Q17052,A1
Q17053,A1
Q17054,A1
Q17055,A1
Q17056,A1
Q17057,A1
Q17058,A1
Q17059,A1
Q17060,A1
Q17061,A1
Q17062,A1
Q17063,A1
Q17064,A1
Q17065,A1
Q17066,A1
Q17067,A1
Q17068,A1
Q17069,A1
Q17070,A1
Q17071,A1
Q17072,A1
Q17073,A1
Q17074,A1
Q17075,A1
Q17076,A1
Q17077,A1
Q17078,A1
Q17079,A1
Q17080,A1
Q17081,A1
Q17082,A1
Q17083,A1
Q17084,A1
Q17085,A1
Q17086,A1
Q17087,A1
Q17088,A1
Q17089,A1
Q17090,A1
Q17091,A1
Q17092,A1
Q17093,A1
Q17094,A1
Q17095,A1
Q17096,A1
Q17097,A1
Q17098,A1
Q17099,A1
Q17100,A1
Q17101,A1
Q17102,A1
Q17103,A1
Q17104,A1
Q17105,A1
Q17106,A1
Q17107,A1
Q17108,A1
Q17109,A1
Q17110,A1
Q17111,A1
Q17112,A1
Q17113,A1
Q17114,A1
Q17115,A1
Q17116,A1
Q17117,A1
Q17118,A1
Q17119,A1
Q17120,A1
Q17121,A1
Q17122,A1
Q17123,A1
Q17124,A1
Q17125,A1
Q17126,A1
Q17127,A1
Q17128,A1
Q17129,A1
Q17130,A1
Q17131,A1
Q17132,A1
Q17133,A1
Q17134,A1
Q17135,A1
Q17136,A1
Q17137,A1
Q17138,A1
Q17139,A1
Q17140,A1
Q17141,A1
Q17142,A1
Q17143,A1
Q17144,A1
Q17145,A1
Q17146,A1
Q17147,A1
Q17148,A1
Q17149,A1
Q17150,A1
Q17151,A1
Q17152,A1
Q17153,A1
Q17154,A1
Q17155,A1
Q17156,A1
Q17157,A1
Q17158,A1
Q17159,A1
Q17160,A1
Q17161,A1
Q17162,A1
Q17163,A1
Q17164,A1
Q17165,A1
Q17166,A1
Q17167,A1
Q17168,A1
Q17169,A1
Q17170,A1
Q17171,A1
Q17172,A1
Q17173,A1
Q17174,A1
Q17175,A1
Q17176,A1
Q17177,A1
Q17178,A1
Q17179,A1
Q17180,A1
Q17181,A1
Q17182,A1
Q17183,A1
Q17184,A1
Q17185,A1
Q17186,A1
Q17187,A1
Q17188,A1
Q17189,A1
Q17190,A1
Q17191,A1
Q17192,A1
Q17193,A1
Q17194,A1
Q17195,A1
Q17196,A1
Q17197,A1
Q17198,A1
Q17199,A1
Q17200,A1
Q17201,A1
Q17202,A1
Q17203,A1
Q17204,A1
Q17205,A1
Q17206,A1
Q17207,A1
Q17208,A1
Q17209,A1
Q17210,A1
Q17211,A1
Q17212,A1
Q17213,A1
Q17214,A1
Q17215,A1
Q17216,A1
Q17217,A1
Q17218,A1
Q17219,A1
Q17220,A1
Q17221,A1
Q17222,A1
Q17223,A1
Q17224,A1
Q17225,A1
Q17226,A1
Q17227,A1
Q17228,A1
Q17229,A1
Q17230,A1
Q17231,A1
Q17232,A1
Q17233,A1
Q17234,A1
Q17235,A1
Q17236,A1
Q17237,A1
Q17238,A1
Q17239,A1
Q17240,A1
Q17241,A1
Q17242,A1
Q17243,A1
Q17244,A1
Q17245,A1
Q17246,A1
Q17247,A1
Q17248,A1
Q17249,A1
Q17250,A1
Q17251,A1
Q17252,A1
Q17253,A1
Q17254,A1
Q17255,A1
Q17256,A1
Q17257,A1
Q17258,A1
Q17259,A1
Q17260,A1
Q17261,A1
Q17262,A1
Q17263,A1
Q17264,A1
Q17265,A1
Q17266,A1
Q17267,A1
Q17268,A1
Q17269,A1
Q17270,A1
Q17271,A1
Q17272,A1
Q17273,A1
Q17274,A1
Q17275,A1
Q17276,A1
Q17277,A1
Q17278,A1
Q17279,A1
Q17280,A1
Q17281,A1
Q17282,A1
Q17283,A1
Q17284,A1
Q17285,A1
Q17286,A1
Q17287,A1
Q17288,A1
Q17289,A1
Q17290,A1
Q17291,A1
Q17292,A1
Q17293,A1
Q17294,A1
Q17295,A1
Q17296,A1
Q17297,A1
Q17298,A1
Q17299,A1
Q17300,A1
Q17301,A1
Q17302,A1
Q17303,A1
Q17304,A1
Q17305,A1
Q17306,A1
Q17307,A1
Q17308,A1
Q17309,A1
Q17310,A1
Q17311,A1
Q17312,A1
Q17313,A1
Q17314,A1
Q17315,A1
Q17316,A1
Q17317,A1
Q17318,A1
Q17319,A1
Q17320,A1
Q17321,A1
Q17322,A1
Q17323,A1
Q17324,A1
Q17325,A1
Q17326,A1
Q17327,A1
Q17328,A1
Q17329,A1
Q17330,A1
Q17331,A1
Q17332,A1
Q17333,A1
Q17334,A1
Q17335,A1
Q17336,A1
Q17337,A1
Q17338,A1
Q17339,A1
Q17340,A1
Q17341,A1
Q17342,A1
Q17343,A1
Q17344,A1
Q17345,A1
Q17346,A1
Q17347,A1
Q17348,A1
Q17349,A1
Q17350,A1
Q17351,A1
Q17352,A1
Q17353,A1
Q17354,A1
Q17355,A1
Q17356,A1
Q17357,A1
Q17358,A1
Q17359,A1
Q17360,A1
Q17361,A1
Q17362,A1
Q17363,A1
Q17364,A1
Q17365,A1
Q17366,A1
Q17367,A1
Q17368,A1
Q17369,A1
Q17370,A1
Q17371,A1
Q17372,A1
Q17373,A1
Q17374,A1
Q17375,A1
Q17376,A1
Q17377,A1
Q17378,A1
Q17379,A1
Q17380,A1
Q17381,A1
Q17382,A1
Q17383,A1
Q17384,A1
Q17385,A1
Q17386,A1
Q17387,A1
Q17388,A1
Q17389,A1
Q17390,A1
Q17391,A1
Q17392,A1
Q17393,A1
Q17394,A1
Q17395,A1
Q17396,A1
Q17397,A1
Q17398,A1
Q17399,A1
Q17400,A1
Q17401,A1
Q17402,A1
Q17403,A1
Q17404,A1
Q17405,A1
Q17406,A1
Q17407,A1
Q17408,A1
Q17409,A1
Q17410,A1
Q17411,A1
Q17412,A1
Q17413,A1
Q17414,A1
Q17415,A1
Q17416,A1
Q17417,A1
Q17418,A1
Q17419,A1
Q17420,A1
Q17421,A1
Q17422,A1
Q17423,A1
Q17424,A1
Q17425,A1
Q17426,A1
Q17427,A1
Q17428,A1
Q17429,A1
Q17430,A1
Q17431,A1
Q17432,A1
Q17433,A1
Q17434,A1
Q17435,A1
Q17436,A1
Q17437,A1
Q17438,A1
Q17439,A1
Q17440,A1
Q17441,A1
Q17442,A1
Q17443,A1
Q17444,A1
Q17445,A1
Q17446,A1
Q17447,A1
Q17448,A1
Q17449,A1
Q17450,A1
Q17451,A1
Q17452,A1
Q17453,A1
Q17454,A1
Q17455,A1
Q17456,A1
Q17457,A1
Q17458,A1
Q17459,A1
Q17460,A1
Q17461,A1
Q17462,A1
Q17463,A1
Q17464,A1
Q17465,A1
Q17466,A1
Q17467,A1
Q17468,A1
Q17469,A1
Q17470,A1
Q17471,A1
Q17472,A1
Q17473,A1
Q17474,A1
Q17475,A1
Q17476,A1
Q17477,A1
Q17478,A1
Q17479,A1
Q17480,A1
Q17481,A1
Q17482,A1
Q17483,A1
Q17484,A1
Q17485,A1
Q17486,A1
Q17487,A1
Q17488,A1
Q17489,A1
Q17490,A1
Q17491,A1
Q17492,A1
Q17493,A1
Q17494,A1
Q17495,A1
Q17496,A1
Q17497,A1
Q17498,A1
Q17499,A1
Q17500,A1
Q17501,A1
Q17502,A1
Q17503,A1
Q17504,A1
Q17505,A1
Q17506,A1
Q17507,A1
Q17508,A1
Q17509,A1
Q17510,A1
Q17511,A1
Q17512,A1
Q17513,A1
Q17514,A1
Q17515,A1
Q17516,A1
Q17517,A1
Q17518,A1
Q17519,A1
Q17520,A1
Q17521,A1
Q17522,A1
Q17523,A1
Q17524,A1
Q17525,A1
Q17526,A1
Q17527,A1
Q17528,A1
Q17529,A1
Q17530,A1
Q17531,A1
Q17532,A1
Q17533,A1
Q17534,A1
Q17535,A1
Q17536,A1
Q17537,A1
Q17538,A1
Q17539,A1
Q17540,A1
Q17541,A1
Q17542,A1
Q17543,A1
Q17544,A1
Q17545,A1
Q17546,A1
Q17547,A1
Q17548,A1
Q17549,A1
Q17550,A1
Q17551,A1
Q17552,A1
Q17553,A1
Q17554,A1
Q17555,A1
Q17556,A1
Q17557,A1
Q17558,A1
Q17559,A1
Q17560,A1
Q17561,A1
Q17562,A1
Q17563,A1
Q17564,A1
Q17565,A1
Q17566,A1
Q17567,A1
Q17568,A1
Q17569,A1
Q17570,A1
Q17571,A1
Q17572,A1
Q17573,A1
Q17574,A1
Q17575,A1
Q17576,A1
Q17577,A1
Q17578,A1
Q17579,A1
Q17580,A1
Q17581,A1
Q17582,A1
Q17583,A1
Q17584,A1
Q17585,A1
Q17586,A1
Q17587,A1
Q17588,A1
Q17589,A1
Q17590,A1
Q17591,A1
Q17592,A1
Q17593,A1
Q17594,A1
Q17595,A1
Q17596,A1
Q17597,A1
Q17598,A1
Q17599,A1
Q17600,A1
Q17601,A1
Q17602,A1
Q17603,A1
Q17604,A1
Q17605,A1
Q17606,A1
Q17607,A1
Q17608,A1
Q17609,A1
Q17610,A1
Q17611,A1
Q17612,A1
Q17613,A1
Q17614,A1
Q17615,A1
Q17616,A1
Q17617,A1
Q17618,A1
Q17619,A1
Q17620,A1
Q17621,A1
Q17622,A1
Q17623,A1
Q17624,A1
Q17625,A1
Q17626,A1
Q17627,A1
Q17628,A1
Q17629,A1
Q17630,A1
Q17631,A1
Q17632,A1
Q17633,A1
Q17634,A1
Q17635,A1
Q17636,A1
Q17637,A1
Q17638,A1
Q17639,A1
Q17640,A1
Q17641,A1
Q17642,A1
Q17643,A1
Q17644,A1
Q17645,A1
Q17646,A1
Q17647,A1
Q17648,A1
Q17649,A1
Q17650,A1
Q17651,A1
Q17652,A1
Q17653,A1
Q17654,A1
Q17655,A1
Q17656,A1
Q17657,A1
Q17658,A1
Q17659,A1
Q17660,A1
Q17661,A1
Q17662,A1
Q17663,A1
Q17664,A1
Q17665,A1
Q17666,A1
Q17667,A1
Q17668,A1
Q17669,A1
Q17670,A1
Q17671,A1
Q17672,A1
Q17673,A1
Q17674,A1
Q17675,A1
Q17676,A1
Q17677,A1
Q17678,A1
Q17679,A1
Q17680,A1
Q17681,A1
Q17682,A1
Q17683,A1
Q17684,A1
Q17685,A1
Q17686,A1
Q17687,A1
Q17688,A1
Q17689,A1
Q17690,A1
Q17691,A1
Q17692,A1
Q17693,A1
Q17694,A1
Q17695,A1
Q17696,A1
Q17697,A1
Q17698,A1
Q17699,A1
Q17700,A1
Q17701,A1
Q17702,A1
Q17703,A1
Q17704,A1
Q17705,A1
Q17706,A1
Q17707,A1
Q17708,A1
Q17709,A1
Q17710,A1
Q17711,A1
Q17712,A1
Q17713,A1
Q17714,A1
Q17715,A1
Q17716,A1
Q17717,A1
Q17718,A1
Q17719,A1
Q17720,A1
Q17721,A1
Q17722,A1
Q17723,A1
Q17724,A1
Q17725,A1
Q17726,A1
Q17727,A1
Q17728,A1
Q17729,A1
Q17730,A1
Q17731,A1
Q17732,A1
Q17733,A1
Q17734,A1
Q17735,A1
Q17736,A1
Q17737,A1
Q17738,A1
Q17739,A1
Q17740,A1
Q17741,A1
Q17742,A1
Q17743,A1
Q17744,A1
Q17745,A1
Q17746,A1
Q17747,A1
Q17748,A1
Q17749,A1
Q17750,A1
Q17751,A1
Q17752,A1
Q17753,A1
Q17754,A1
Q17755,A1
Q17756,A1
Q17757,A1
Q17758,A1
Q17759,A1
Q17760,A1
Q17761,A1
Q17762,A1
Q17763,A1
Q17764,A1
Q17765,A1
Q17766,A1
Q17767,A1
Q17768,A1
Q17769,A1
Q17770,A1
Q17771,A1
Q17772,A1
Q17773,A1
Q17774,A1
Q17775,A1
Q17776,A1
Q17777,A1
Q17778,A1
Q17779,A1
Q17780,A1
Q17781,A1
Q17782,A1
Q17783,A1
Q17784,A1
Q17785,A1
Q17786,A1
Q17787,A1
Q17788,A1
Q17789,A1
Q17790,A1
Q17791,A1
Q17792,A1
Q17793,A1
Q17794,A1
Q17795,A1
Q17796,A1
Q17797,A1
Q17798,A1
Q17799,A1
Q17800,A1
Q17801,A1
Q17802,A1
Q17803,A1
Q17804,A1
Q17805,A1
Q17806,A1
Q17807,A1
Q17808,A1
Q17809,A1
Q17810,A1
Q17811,A1
Q17812,A1
Q17813,A1
Q17814,A1
Q17815,A1
Q17816,A1
Q17817,A1
Q17818,A1
Q17819,A1
Q17820,A1
Q17821,A1
Q17822,A1
Q17823,A1
Q17824,A1
Q17825,A1
Q17826,A1
Q17827,A1
Q17828,A1
Q17829,A1
Q17830,A1
Q17831,A1
Q17832,A1
Q17833,A1
Q17834,A1
Q17835,A1
Q17836,A1
Q17837,A1
Q17838,A1
Q17839,A1
Q17840,A1
Q17841,A1
Q17842,A1
Q17843,A1
Q17844,A1
Q17845,A1
Q17846,A1
Q17847,A1
Q17848,A1
Q17849,A1
Q17850,A1
Q17851,A1
Q17852,A1
Q17853,A1
Q17854,A1
Q17855,A1
Q17856,A1
Q17857,A1
Q17858,A1
Q17859,A1
Q17860,A1
Q17861,A1
Q17862,A1
Q17863,A1
Q17864,A1
Q17865,A1
Q17866,A1
Q17867,A1
Q17868,A1
Q17869,A1
Q17870,A1
Q17871,A1
Q17872,A1
Q17873,A1
Q17874,A1
Q17875,A1
Q17876,A1
Q17877,A1
Q17878,A1
Q17879,A1
Q17880,A1
Q17881,A1
Q17882,A1
Q17883,A1
Q17884,A1
Q17885,A1
Q17886,A1
Q17887,A1
Q17888,A1
Q17889,A1
Q17890,A1
Q17891,A1
Q17892,A1
Q17893,A1
Q17894,A1
Q17895,A1
Q17896,A1
Q17897,A1
Q17898,A1
Q17899,A1
Q17900,A1
Q17901,A1
Q17902,A1
Q17903,A1
Q17904,A1
Q17905,A1
Q17906,A1
Q17907,A1
Q17908,A1
Q17909,A1
Q17910,A1
Q17911,A1
Q17912,A1
Q17913,A1
Q17914,A1
Q17915,A1
Q17916,A1
Q17917,A1
Q17918,A1
Q17919,A1
Q17920,A1
Q17921,A1
Q17922,A1
Q17923,A1
Q17924,A1
Q17925,A1
Q17926,A1
Q17927,A1
Q17928,A1
Q17929,A1
Q17930,A1
Q17931,A1
Q17932,A1
Q17933,A1
Q17934,A1
Q17935,A1
Q17936,A1
Q17937,A1
Q17938,A1
Q17939,A1
Q17940,A1
Q17941,A1
Q17942,A1
Q17943,A1
Q17944,A1
Q17945,A1
Q17946,A1
Q17947,A1
Q17948,A1
Q17949,A1
Q17950,A1
Q17951,A1
Q17952,A1
Q17953,A1
Q17954,A1
Q17955,A1
Q17956,A1
Q17957,A1
Q17958,A1
Q17959,A1
Q17960,A1
Q17961,A1
Q17962,A1
Q17963,A1
Q17964,A1
Q17965,A1
Q17966,A1
Q17967,A1
Q17968,A1
Q17969,A1
Q17970,A1
Q17971,A1
Q17972,A1
Q17973,A1
Q17974,A1
Q17975,A1
Q17976,A1
Q17977,A1
Q17978,A1
Q17979,A1
Q17980,A1
Q17981,A1
Q17982,A1
Q17983,A1
Q17984,A1
Q17985,A1
Q17986,A1
Q17987,A1
Q17988,A1
Q17989,A1
Q17990,A1
Q17991,A1
Q17992,A1
Q17993,A1
Q17994,A1
Q17995,A1
Q17996,A1
Q17997,A1
Q17998,A1
Q17999,A1
Q18000,A1
Q18001,A1
Q18002,A1
Q18003,A1
Q18004,A1
Q18005,A1
Q18006,A1
Q18007,A1
Q18008,A1
Q18009,A1
Q18010,A1
Q18011,A1
Q18012,A1
Q18013,A1
Q18014,A1
Q18015,A1
Q18016,A1
Q18017,A1
Q18018,A1
Q18019,A1
Q18020,A1
Q18021,A1
Q18022,A1
Q18023,A1
Q18024,A1
Q18025,A1
Q18026,A1
Q18027,A1
Q18028,A1
Q18029,A1
Q18030,A1
Q18031,A1
Q18032,A1
Q18033,A1
Q18034,A1
Q18035,A1
Q18036,A1
Q18037,A1
Q18038,A1
Q18039,A1
Q18040,A1
Q18041,A1
Q18042,A1
Q18043,A1
Q18044,A1
Q18045,A1
Q18046,A1
Q18047,A1
Q18048,A1
Q18049,A1
Q18050,A1
Q18051,A1
Q18052,A1
Q18053,A1
Q18054,A1
Q18055,A1
Q18056,A1
Q18057,A1
Q18058,A1
Q18059,A1
Q18060,A1
Q18061,A1
Q18062,A1
Q18063,A1
Q18064,A1
Q18065,A1
Q18066,A1
Q18067,A1
Q18068,A1
Q18069,A1
Q18070,A1
Q18071,A1
Q18072,A1
Q18073,A1
Q18074,A1
Q18075,A1
Q18076,A1
Q18077,A1
Q18078,A1
Q18079,A1
Q18080,A1
Q18081,A1
Q18082,A1
Q18083,A1
Q18084,A1
Q18085,A1
Q18086,A1
Q18087,A1
Q18088,A1
Q18089,A1
Q18090,A1
Q18091,A1
Q18092,A1
Q18093,A1
Q18094,A1
Q18095,A1
Q18096,A1
Q18097,A1
Q18098,A1
Q18099,A1
Q18100,A1
Q18101,A1
Q18102,A1
Q18103,A1
Q18104,A1
Q18105,A1
Q18106,A1
Q18107,A1
Q18108,A1
Q18109,A1
Q18110,A1
Q18111,A1
Q18112,A1
Q18113,A1
Q18114,A1
Q18115,A1
Q18116,A1
Q18117,A1
Q18118,A1
Q18119,A1
Q18120,A1
Q18121,A1
Q18122,A1
Q18123,A1
Q18124,A1
Q18125,A1
Q18126,A1
Q18127,A1
Q18128,A1
Q18129,A1
Q18130,A1
Q18131,A1
Q18132,A1
Q18133,A1
Q18134,A1
Q18135,A1
Q18136,A1
Q18137,A1
Q18138,A1
Q18139,A1
Q18140,A1
Q18141,A1
Q18142,A1
Q18143,A1
Q18144,A1
Q18145,A1
Q18146,A1
Q18147,A1
Q18148,A1
Q18149,A1
Q18150,A1
Q18151,A1
Q18152,A1
Q18153,A1
Q18154,A1
Q18155,A1
Q18156,A1
Q18157,A1
Q18158,A1
Q18159,A1
Q18160,A1
Q18161,A1
Q18162,A1
Q18163,A1
Q18164,A1
Q18165,A1
Q18166,A1
Q18167,A1
Q18168,A1
Q18169,A1
Q18170,A1
Q18171,A1
Q18172,A1
Q18173,A1
Q18174,A1
Q18175,A1
Q18176,A1
Q18177,A1
Q18178,A1
Q18179,A1
Q18180,A1
Q18181,A1
Q18182,A1
Q18183,A1
Q18184,A1
Q18185,A1
Q18186,A1
Q18187,A1
Q18188,A1
Q18189,A1
Q18190,A1
Q18191,A1
Q18192,A1
Q18193,A1
Q18194,A1
Q18195,A1
Q18196,A1
Q18197,A1
Q18198,A1
Q18199,A1
Q18200,A1
Q18201,A1
Q18202,A1
Q18203,A1
Q18204,A1
Q18205,A1
Q18206,A1
Q18207,A1
Q18208,A1
Q18209,A1
Q18210,A1
Q18211,A1
Q18212,A1
Q18213,A1
Q18214,A1
Q18215,A1
Q18216,A1
Q18217,A1
Q18218,A1
Q18219,A1
Q18220,A1
Q18221,A1
Q18222,A1
Q18223,A1
Q18224,A1
Q18225,A1
Q18226,A1
Q18227,A1
Q18228,A1
Q18229,A1
Q18230,A1
Q18231,A1
Q18232,A1
Q18233,A1
Q18234,A1
Q18235,A1
Q18236,A1
Q18237,A1
Q18238,A1
Q18239,A1
Q18240,A1
Q18241,A1
Q18242,A1
Q18243,A1
Q18244,A1
Q18245,A1
Q18246,A1
Q18247,A1
Q18248,A1
Q18249,A1
Q18250,A1
Q18251,A1
Q18252,A1
Q18253,A1
Q18254,A1
Q18255,A1
Q18256,A1
Q18257,A1
Q18258,A1
Q18259,A1
Q18260,A1
Q18261,A1
Q18262,A1
Q18263,A1
Q18264,A1
Q18265,A1
Q18266,A1
Q18267,A1
Q18268,A1
Q18269,A1
Q18270,A1
Q18271,A1
Q18272,A1
Q18273,A1
Q18274,A1
Q18275,A1
Q18276,A1
Q18277,A1
Q18278,A1
Q18279,A1
Q18280,A1
Q18281,A1
Q18282,A1
Q18283,A1
Q18284,A1
Q18285,A1
Q18286,A1
Q18287,A1
Q18288,A1
Q18289,A1
Q18290,A1
Q18291,A1
Q18292,A1
Q18293,A1
Q18294,A1
Q18295,A1
Q18296,A1
Q18297,A1
Q18298,A1
Q18299,A1
Q18300,A1
Q18301,A1
Q18302,A1
Q18303,A1
Q18304,A1
Q18305,A1
Q18306,A1
Q18307,A1
Q18308,A1
Q18309,A1
Q18310,A1
Q18311,A1
Q18312,A1
Q18313,A1
Q18314,A1
Q18315,A1
Q18316,A1
Q18317,A1
Q18318,A1
Q18319,A1
Q18320,A1
Q18321,A1
Q18322,A1
Q18323,A1
Q18324,A1
Q18325,A1
Q18326,A1
Q18327,A1
Q18328,A1
Q18329,A1
Q18330,A1
Q18331,A1
Q18332,A1
Q18333,A1
Q18334,A1
Q18335,A1
Q18336,A1
Q18337,A1
Q18338,A1
Q18339,A1
Q18340,A1
Q18341,A1
Q18342,A1
Q18343,A1
Q18344,A1
Q18345,A1
Q18346,A1
Q18347,A1
Q18348,A1
Q18349,A1
Q18350,A1
Q18351,A1
Q18352,A1
Q18353,A1
Q18354,A1
Q18355,A1
Q18356,A1
Q18357,A1
Q18358,A1
Q18359,A1
Q18360,A1
Q18361,A1
Q18362,A1
Q18363,A1
Q18364,A1
Q18365,A1
Q18366,A1
Q18367,A1
Q18368,A1
Q18369,A1
Q18370,A1
Q18371,A1
Q18372,A1
Q18373,A1
Q18374,A1
Q18375,A1
Q18376,A1
Q18377,A1
Q18378,A1
Q18379,A1
Q18380,A1
Q18381,A1
Q18382,A1
Q18383,A1
Q18384,A1
Q18385,A1
Q18386,A1
Q18387,A1
Q18388,A1
Q18389,A1
Q18390,A1
Q18391,A1
Q18392,A1
Q18393,A1
Q18394,A1
Q18395,A1
Q18396,A1
Q18397,A1
Q18398,A1
Q18399,A1
Q18400,A1
Q18401,A1
Q18402,A1
Q18403,A1
Q18404,A1
Q18405,A1
Q18406,A1
Q18407,A1
Q18408,A1
Q18409,A1
Q18410,A1
Q18411,A1
Q18412,A1
Q18413,A1
Q18414,A1
Q18415,A1
Q18416,A1
Q18417,A1
Q18418,A1
Q18419,A1
Q18420,A1
Q18421,A1
Q18422,A1
Q18423,A1
Q18424,A1
Q18425,A1
Q18426,A1
Q18427,A1
Q18428,A1
Q18429,A1
Q18430,A1
Q18431,A1
Q18432,A1
Q18433,A1
Q18434,A1
Q18435,A1
Q18436,A1
Q18437,A1
Q18438,A1
Q18439,A1
Q18440,A1
Q18441,A1
Q18442,A1
Q18443,A1
Q18444,A1
Q18445,A1
Q18446,A1
Q18447,A1
Q18448,A1
Q18449,A1
Q18450,A1
Q18451,A1
Q18452,A1
Q18453,A1
Q18454,A1
Q18455,A1
Q18456,A1
Q18457,A1
Q18458,A1
Q18459,A1
Q18460,A1
Q18461,A1
Q18462,A1
Q18463,A1
Q18464,A1
Q18465,A1
Q18466,A1
Q18467,A1
Q18468,A1
Q18469,A1
Q18470,A1
Q18471,A1
Q18472,A1
Q18473,A1
Q18474,A1
Q18475,A1
Q18476,A1
Q18477,A1
Q18478,A1
Q18479,A1
Q18480,A1
Q18481,A1
Q18482,A1
Q18483,A1
Q18484,A1
Q18485,A1
Q18486,A1
Q18487,A1
Q18488,A1
Q18489,A1
Q18490,A1
Q18491,A1
Q18492,A1
Q18493,A1
Q18494,A1
Q18495,A1
Q18496,A1
Q18497,A1
Q18498,A1
Q18499,A1
Q18500,A1
Q18501,A1
Q18502,A1
Q18503,A1
Q18504,A1
Q18505,A1
Q18506,A1
Q18507,A1
Q18508,A1
Q18509,A1
Q18510,A1
Q18511,A1
Q18512,A1
Q18513,A1
Q18514,A1
Q18515,A1
Q18516,A1
Q18517,A1
Q18518,A1
Q18519,A1
Q18520,A1
Q18521,A1
Q18522,A1
Q18523,A1
Q18524,A1
Q18525,A1
Q18526,A1
Q18527,A1
Q18528,A1
Q18529,A1
Q18530,A1
Q18531,A1
Q18532,A1
Q18533,A1
Q18534,A1
Q18535,A1
Q18536,A1
Q18537,A1
Q18538,A1
Q18539,A1
Q18540,A1
Q18541,A1
Q18542,A1
Q18543,A1
Q18544,A1
Q18545,A1
Q18546,A1
Q18547,A1
Q18548,A1
Q18549,A1
Q18550,A1
Q18551,A1
Q18552,A1
Q18553,A1
Q18554,A1
Q18555,A1
Q18556,A1
Q18557,A1
Q18558,A1
Q18559,A1
Q18560,A1
Q18561,A1
Q18562,A1
Q18563,A1
Q18564,A1
Q18565,A1
Q18566,A1
Q18567,A1
Q18568,A1
Q18569,A1
Q18570,A1
Q18571,A1
Q18572,A1
Q18573,A1
Q18574,A1
Q18575,A1
Q18576,A1
Q18577,A1
Q18578,A1
Q18579,A1
Q18580,A1
Q18581,A1
Q18582,A1
Q18583,A1
Q18584,A1
Q18585,A1
Q18586,A1
Q18587,A1
Q18588,A1
Q18589,A1
Q18590,A1
Q18591,A1
Q18592,A1
Q18593,A1
Q18594,A1
Q18595,A1
Q18596,A1
Q18597,A1
Q18598,A1
Q18599,A1
Q18600,A1
Q18601,A1
Q18602,A1
Q18603,A1
Q18604,A1
Q18605,A1
Q18606,A1
Q18607,A1
Q18608,A1
Q18609,A1
Q18610,A1
Q18611,A1
Q18612,A1
Q18613,A1
Q18614,A1
Q18615,A1
Q18616,A1
Q18617,A1
Q18618,A1
Q18619,A1
Q18620,A1
Q18621,A1
Q18622,A1
Q18623,A1
Q18624,A1
Q18625,A1
Q18626,A1
Q18627,A1
Q18628,A1
Q18629,A1
Q18630,A1
Q18631,A1
Q18632,A1
Q18633,A1
Q18634,A1
Q18635,A1
Q18636,A1
Q18637,A1
Q18638,A1
Q18639,A1
Q18640,A1
Q18641,A1
Q18642,A1
Q18643,A1
Q18644,A1
Q18645,A1
Q18646,A1
Q18647,A1
Q18648,A1
Q18649,A1
Q18650,A1
Q18651,A1
Q18652,A1
Q18653,A1
Q18654,A1
Q18655,A1
Q18656,A1
Q18657,A1
Q18658,A1
Q18659,A1
Q18660,A1
Q18661,A1
Q18662,A1
Q18663,A1
Q18664,A1
Q18665,A1
Q18666,A1
Q18667,A1
Q18668,A1
Q18669,A1
Q18670,A1
Q18671,A1
Q18672,A1
Q18673,A1
Q18674,A1
Q18675,A1
Q18676,A1
Q18677,A1
Q18678,A1
Q18679,A1
Q18680,A1
Q18681,A1
Q18682,A1
Q18683,A1
Q18684,A1
Q18685,A1
Q18686,A1
Q18687,A1
Q18688,A1
Q18689,A1
Q18690,A1
Q18691,A1
Q18692,A1
Q18693,A1
Q18694,A1
Q18695,A1
Q18696,A1
Q18697,A1
Q18698,A1
Q18699,A1
Q18700,A1
Q18701,A1
Q18702,A1
Q18703,A1
Q18704,A1
Q18705,A1
Q18706,A1
Q18707,A1
Q18708,A1
Q18709,A1
Q18710,A1
Q18711,A1
Q18712,A1
Q18713,A1
Q18714,A1
Q18715,A1
Q18716,A1
Q18717,A1
Q18718,A1
Q18719,A1
Q18720,A1
Q18721,A1
Q18722,A1
Q18723,A1
Q18724,A1
Q18725,A1
Q18726,A1
Q18727,A1
Q18728,A1
Q18729,A1
Q18730,A1
Q18731,A1
Q18732,A1
Q18733,A1
Q18734,A1
Q18735,A1
Q18736,A1
Q18737,A1
Q18738,A1
Q18739,A1
Q18740,A1
Q18741,A1
Q18742,A1
Q18743,A1
Q18744,A1
Q18745,A1
Q18746,A1
Q18747,A1
Q18748,A1
Q18749,A1
Q18750,A1
Q18751,A1
Q18752,A1
Q18753,A1
Q18754,A1
Q18755,A1
Q18756,A1
Q18757,A1
Q18758,A1
Q18759,A1
Q18760,A1
Q18761,A1
Q18762,A1
Q18763,A1
Q18764,A1
Q18765,A1
Q18766,A1
Q18767,A1
Q18768,A1
Q18769,A1
Q18770,A1
Q18771,A1
Q18772,A1
Q18773,A1
Q18774,A1
Q18775,A1
Q18776,A1
Q18777,A1
Q18778,A1
Q18779,A1
Q18780,A1
Q18781,A1
Q18782,A1
Q18783,A1
Q18784,A1
Q18785,A1
Q18786,A1
Q18787,A1
Q18788,A1
Q18789,A1
Q18790,A1
Q18791,A1
Q18792,A1
Q18793,A1
Q18794,A1
Q18795,A1
Q18796,A1
Q18797,A1
Q18798,A1
Q18799,A1
Q18800,A1
Q18801,A1
Q18802,A1
Q18803,A1
Q18804,A1
Q18805,A1
Q18806,A1
Q18807,A1
Q18808,A1
Q18809,A1
Q18810,A1
Q18811,A1
Q18812,A1
Q18813,A1
Q18814,A1
Q18815,A1
Q18816,A1
Q18817,A1
Q18818,A1
Q18819,A1
Q18820,A1
Q18821,A1
Q18822,A1
Q18823,A1
Q18824,A1
Q18825,A1
Q18826,A1
Q18827,A1
Q18828,A1
Q18829,A1
Q18830,A1
Q18831,A1
Q18832,A1
Q18833,A1
Q18834,A1
Q18835,A1
Q18836,A1
Q18837,A1
Q18838,A1
Q18839,A1
Q18840,A1
Q18841,A1
Q18842,A1
Q18843,A1
Q18844,A1
Q18845,A1
Q18846,A1
Q18847,A1
Q18848,A1
Q18849,A1
Q18850,A1
Q18851,A1
Q18852,A1
Q18853,A1
Q18854,A1
Q18855,A1
Q18856,A1
Q18857,A1
Q18858,A1
Q18859,A1
Q18860,A1
Q18861,A1
Q18862,A1
Q18863,A1
Q18864,A1
Q18865,A1
Q18866,A1
Q18867,A1
Q18868,A1
Q18869,A1
Q18870,A1
Q18871,A1
Q18872,A1
Q18873,A1
Q18874,A1
Q18875,A1
Q18876,A1
Q18877,A1
Q18878,A1
Q18879,A1
Q18880,A1
Q18881,A1
Q18882,A1
Q18883,A1
Q18884,A1
Q18885,A1
Q18886,A1
Q18887,A1
Q18888,A1
Q18889,A1
Q18890,A1
Q18891,A1
Q18892,A1
Q18893,A1
Q18894,A1
Q18895,A1
Q18896,A1
Q18897,A1
Q18898,A1
Q18899,A1
Q18900,A1
Q18901,A1
Q18902,A1
Q18903,A1
Q18904,A1
Q18905,A1
Q18906,A1
Q18907,A1
Q18908,A1
Q18909,A1
Q18910,A1
Q18911,A1
Q18912,A1
Q18913,A1
Q18914,A1
Q18915,A1
Q18916,A1
Q18917,A1
Q18918,A1
Q18919,A1
Q18920,A1
Q18921,A1
Q18922,A1
Q18923,A1
Q18924,A1
Q18925,A1
Q18926,A1
Q18927,A1
Q18928,A1
Q18929,A1
Q18930,A1
Q18931,A1
Q18932,A1
Q18933,A1
Q18934,A1
Q18935,A1
Q18936,A1
Q18937,A1
Q18938,A1
Q18939,A1
Q18940,A1
Q18941,A1
Q18942,A1
Q18943,A1
Q18944,A1
Q18945,A1
Q18946,A1
Q18947,A1
Q18948,A1
Q18949,A1
Q18950,A1
Q18951,A1
Q18952,A1
Q18953,A1
Q18954,A1
Q18955,A1
Q18956,A1
Q18957,A1
Q18958,A1
Q18959,A1
Q18960,A1
Q18961,A1
Q18962,A1
Q18963,A1
Q18964,A1
Q18965,A1
Q18966,A1
Q18967,A1
Q18968,A1
Q18969,A1
Q18970,A1
Q18971,A1
Q18972,A1
Q18973,A1
Q18974,A1
Q18975,A1
Q18976,A1
Q18977,A1
Q18978,A1
Q18979,A1
Q18980,A1
Q18981,A1
Q18982,A1
Q18983,A1
Q18984,A1
Q18985,A1
Q18986,A1
Q18987,A1
Q18988,A1
Q18989,A1
Q18990,A1
Q18991,A1
Q18992,A1
Q18993,A1
Q18994,A1
Q18995,A1
Q18996,A1
Q18997,A1
Q18998,A1
Q18999,A1
Q19000,A1
Q19001,A1
Q19002,A1
Q19003,A1
Q19004,A1
Q19005,A1
Q19006,A1
Q19007,A1
Q19008,A1
Q19009,A1
Q19010,A1
Q19011,A1
Q19012,A1
Q19013,A1
Q19014,A1
Q19015,A1
Q19016,A1
Q19017,A1
Q19018,A1
Q19019,A1
Q19020,A1
Q19021,A1
Q19022,A1
Q19023,A1
Q19024,A1
Q19025,A1
Q19026,A1
Q19027,A1
Q19028,A1
Q19029,A1
Q19030,A1
Q19031,A1
Q19032,A1
Q19033,A1
Q19034,A1
Q19035,A1
Q19036,A1
Q19037,A1
Q19038,A1
Q19039,A1
Q19040,A1
Q19041,A1
Q19042,A1
Q19043,A1
Q19044,A1
Q19045,A1
Q19046,A1
Q19047,A1
Q19048,A1
Q19049,A1
Q19050,A1
Q19051,A1
Q19052,A1
Q19053,A1
Q19054,A1
Q19055,A1
Q19056,A1
Q19057,A1
Q19058,A1
Q19059,A1
Q19060,A1
Q19061,A1
Q19062,A1
Q19063,A1
Q19064,A1
Q19065,A1
Q19066,A1
Q19067,A1
Q19068,A1
Q19069,A1
Q19070,A1
Q19071,A1
Q19072,A1
Q19073,A1
Q19074,A1
Q19075,A1
Q19076,A1
Q19077,A1
Q19078,A1
Q19079,A1
Q19080,A1
Q19081,A1
Q19082,A1
Q19083,A1
Q19084,A1
Q19085,A1
Q19086,A1
Q19087,A1
Q19088,A1
Q19089,A1
Q19090,A1
Q19091,A1
Q19092,A1
Q19093,A1
Q19094,A1
Q19095,A1
Q19096,A1
Q19097,A1
Q19098,A1
Q19099,A1
Q19100,A1
Q19101,A1
Q19102,A1
Q19103,A1
Q19104,A1
Q19105,A1
Q19106,A1
Q19107,A1
Q19108,A1
Q19109,A1
Q19110,A1
Q19111,A1
Q19112,A1
Q19113,A1
Q19114,A1
Q19115,A1
Q19116,A1
Q19117,A1
Q19118,A1
Q19119,A1
Q19120,A1
Q19121,A1
Q19122,A1
Q19123,A1
Q19124,A1
Q19125,A1
Q19126,A1
Q19127,A1
Q19128,A1
Q19129,A1
Q19130,A1
Q19131,A1
Q19132,A1
Q19133,A1
Q19134,A1
Q19135,A1
Q19136,A1
Q19137,A1
Q19138,A1
Q19139,A1
Q19140,A1
Q19141,A1
Q19142,A1
Q19143,A1
Q19144,A1
Q19145,A1
Q19146,A1
Q19147,A1
Q19148,A1
Q19149,A1
Q19150,A1
Q19151,A1
Q19152,A1
Q19153,A1
Q19154,A1
Q19155,A1
Q19156,A1
Q19157,A1
Q19158,A1
Q19159,A1
Q19160,A1
Q19161,A1
Q19162,A1
Q19163,A1
Q19164,A1
Q19165,A1
Q19166,A1
Q19167,A1
Q19168,A1
Q19169,A1
Q19170,A1
Q19171,A1
Q19172,A1
Q19173,A1
Q19174,A1
Q19175,A1
Q19176,A1
Q19177,A1
Q19178,A1
Q19179,A1
Q19180,A1
Q19181,A1
Q19182,A1
Q19183,A1
Q19184,A1
Q19185,A1
Q19186,A1
Q19187,A1
Q19188,A1
Q19189,A1
Q19190,A1
Q19191,A1
Q19192,A1
Q19193,A1
Q19194,A1
Q19195,A1
Q19196,A1
Q19197,A1
Q19198,A1
Q19199,A1
Q19200,A1
Q19201,A1
Q19202,A1
Q19203,A1
Q19204,A1
Q19205,A1
Q19206,A1
Q19207,A1
Q19208,A1
Q19209,A1
Q19210,A1
Q19211,A1
Q19212,A1
Q19213,A1
Q19214,A1
Q19215,A1
Q19216,A1
Q19217,A1
Q19218,A0
Q19219,A0
Q19220,A0
Q19221,A0
Q19222,A0
Q19223,A0
Q19224,A0
Q19225,A0
Q19226,A0
Q19227,A0
Q19228,A0
Q19229,A0
Q19230,A0
Q19231,A0
Q19232,A0
Q19233,A0
Q19234,A0
Q19235,A0
Q19236,A0
Q19237,A0
Q19238,A0
Q19239,A0
Q19240,A0
Q19241,A0
Q19242,A0
Q19243,A0
Q19244,A0
Q19245,A0
Q19246,A0
Q19247,A0
Q19248,A0
Q19249,A0
Q19250,A0
Q19251,A0
Q19252,A0
Q19253,A0
Q19254,A0
Q19255,A0
Q19256,A0
Q19257,A0
Q19258,A0
Q19259,A0
Q19260,A0
Q19261,A0
Q19262,A0
Q19263,A0
Q19264,A0
Q19265,A0
Q19266,A0
Q19267,A0
Q19268,A0
Q19269,A0
Q19270,A0
Q19271,A0
Q19272,A0
Q19273,A0
Q19274,A0
Q19275,A0
Q19276,A0
Q19277,A0
Q19278,A0
Q19279,A0
Q19280,A0
Q19281,A0
Q19282,A0
Q19283,A0
Q19284,A0
Q19285,A0
Q19286,A0
Q19287,A0
Q19288,A0
Q19289,A0
Q19290,A0
Q19291,A0
Q19292,A0
Q19293,A0
Q19294,A0
Q19295,A0
Q19296,A0
Q19297,A0
Q19298,A0
Q19299,A0
Q19300,A0
Q19301,A0
Q19302,A0
Q19303,A0
Q19304,A0
Q19305,A0
Q19306,A0
Q19307,A0
Q19308,A0
Q19309,A0
Q19310,A0
Q19311,A0
Q19312,A0
Q19313,A0
Q19314,A0
Q19315,A0
Q19316,A0
Q19317,A0
Q19318,A0
Q19319,A0
Q19320,A0
Q19321,A0
Q19322,A0
Q19323,A0
Q19324,A0
Q19325,A0
Q19326,A0
Q19327,A0
Q19328,A0
Q19329,A0
Q19330,A0
Q19331,A0
Q19332,A0
Q19333,A0
Q19334,A0
Q19335,A0
Q19336,A0
Q19337,A0
Q19338,A0
Q19339,A0
Q19340,A0
Q19341,A0
Q19342,A0
Q19343,A0
Q19344,A0
Q19345,A0
Q19346,A0
Q19347,A0
Q19348,A0
Q19349,A0
Q19350,A0
Q19351,A0
Q19352,A0
Q19353,A0
Q19354,A0
Q19355,A0
Q19356,A0
Q19357,A0
Q19358,A0
Q19359,A0
Q19360,A0
Q19361,A0
Q19362,A0
Q19363,A0
Q19364,A0
Q19365,A0
Q19366,A0
Q19367,A0
Q19368,A0
Q19369,A0
Q19370,A0
Q19371,A0
Q19372,A0
Q19373,A0
Q19374,A0
Q19375,A0
Q19376,A0
Q19377,A0
Q19378,A0
Q19379,A0
Q19380,A0
Q19381,A0
Q19382,A0
Q19383,A0
Q19384,A0
Q19385,A0
Q19386,A0
Q19387,A0
Q19388,A0
Q19389,A0
Q19390,A0
Q19391,A0
Q19392,A0
Q19393,A0
Q19394,A0
Q19395,A0
Q19396,A0
Q19397,A0
Q19398,A0
Q19399,A0
Q19400,A0
Q19401,A0
Q19402,A0
Q19403,A0
Q19404,A0
Q19405,A0
Q19406,A0
Q19407,A0
Q19408,A0
Q19409,A0
Q19410,A0
Q19411,A0
Q19412,A0
Q19413,A0
Q19414,A0
Q19415,A0
Q19416,A0
Q19417,A0
Q19418,A0
Q19419,A0
Q19420,A0
Q19421,A0
Q19422,A0
Q19423,A0
Q19424,A0
Q19425,A0
Q19426,A0
Q19427,A0
Q19428,A0
Q19429,A0
Q19430,A0
Q19431,A0
Q19432,A0
Q19433,A0
Q19434,A0
Q19435,A0
Q19436,A0
Q19437,A0
Q19438,A0
Q19439,A0
Q19440,A0
Q19441,A0
Q19442,A0
Q19443,A0
Q19444,A0
Q19445,A0
Q19446,A0
Q19447,A0
Q19448,A0
Q19449,A0
Q19450,A0
Q19451,A0
Q19452,A0
Q19453,A0
Q19454,A0
Q19455,A0
Q19456,A0
Q19457,A0
Q19458,A0
Q19459,A0
Q19460,A0
Q19461,A0
Q19462,A0
Q19463,A0
Q19464,A0
Q19465,A0
Q19466,A0
Q19467,A0
Q19468,A0
Q19469,A0
Q19470,A0
Q19471,A0
Q19472,A0
Q19473,A0
Q19474,A0
Q19475,A0
Q19476,A0
Q19477,A0
Q19478,A0
Q19479,A0
Q19480,A0
Q19481,A0
Q19482,A0
Q19483,A0
Q19484,A0
Q19485,A0
Q19486,A0
Q19487,A0
Q19488,A0
Q19489,A0
Q19490,A0
Q19491,A0
Q19492,A0
Q19493,A0
Q19494,A0
Q19495,A0
Q19496,A0
Q19497,A0
Q19498,A0
Q19499,A0
Q19500,A0
Q19501,A0
Q19502,A0
Q19503,A0
Q19504,A0
Q19505,A0
Q19506,A0
Q19507,A0
Q19508,A0
Q19509,A0
Q19510,A0
Q19511,A0
Q19512,A0
Q19513,A0
Q19514,A0
Q19515,A0
Q19516,A0
Q19517,A0
Q19518,A0
Q19519,A0
Q19520,A0
Q19521,A0
Q19522,A0
Q19523,A0
Q19524,A0
Q19525,A0
Q19526,A0
Q19527,A0
Q19528,A0
Q19529,A0
Q19530,A0
Q19531,A0
Q19532,A0
Q19533,A0
Q19534,A0
Q19535,A0
Q19536,A0
Q19537,A0
Q19538,A0
Q19539,A0
Q19540,A0
Q19541,A0
Q19542,A0
Q19543,A0
Q19544,A0
Q19545,A0
Q19546,A0
Q19547,A0
Q19548,A0
Q19549,A0
Q19550,A0
Q19551,A0
Q19552,A0
Q19553,A0
Q19554,A0
Q19555,A0
Q19556,A0
Q19557,A0
Q19558,A0
Q19559,A0
Q19560,A0
Q19561,A0
Q19562,A0
Q19563,A0
Q19564,A0
Q19565,A0
Q19566,A0
Q19567,A0
Q19568,A0
Q19569,A0
Q19570,A0
Q19571,A0
Q19572,A0
Q19573,A0
Q19574,A0
Q19575,A0
Q19576,A0
Q19577,A0
Q19578,A0
Q19579,A0
Q19580,A0
Q19581,A0
Q19582,A0
Q19583,A0
Q19584,A0
Q19585,A0
Q19586,A0
Q19587,A0
Q19588,A0
Q19589,A0
Q19590,A0
Q19591,A0
Q19592,A0
Q19593,A0
Q19594,A0
Q19595,A0
Q19596,A0
Q19597,A0
Q19598,A0
Q19599,A0
Q19600,A0
Q19601,A0
Q19602,A0
Q19603,A0
Q19604,A0
Q19605,A0
Q19606,A0
Q19607,A0
Q19608,A0
Q19609,A0
Q19610,A0
Q19611,A0
Q19612,A0
Q19613,A0
Q19614,A0
Q19615,A0
Q19616,A0
Q19617,A0
Q19618,A0
Q19619,A0
Q19620,A0
Q19621,A0
Q19622,A0
Q19623,A0
Q19624,A0
Q19625,A0
Q19626,A0
Q19627,A0
Q19628,A0
Q19629,A0
Q19630,A0
Q19631,A0
Q19632,A0
Q19633,A0
Q19634,A0
Q19635,A0
Q19636,A0
Q19637,A0
Q19638,A0
Q19639,A0
Q19640,A0
Q19641,A0
Q19642,A0
Q19643,A0
Q19644,A0
Q19645,A0
Q19646,A0
Q19647,A0
Q19648,A0
Q19649,A0
Q19650,A0
Q19651,A0
Q19652,A0
Q19653,A0
Q19654,A0
Q19655,A0
Q19656,A0
Q19657,A0
Q19658,A0
Q19659,A0
Q19660,A0
Q19661,A0
Q19662,A0
Q19663,A0
Q19664,A0
Q19665,A0
Q19666,A0
Q19667,A0
Q19668,A0
Q19669,A0
Q19670,A0
Q19671,A0
Q19672,A0
Q19673,A0
Q19674,A0
Q19675,A0
Q19676,A0
Q19677,A0
Q19678,A0
Q19679,A0
Q19680,A0
Q19681,A0
Q19682,A0
Q19683,A0
Q19684,A0
Q19685,A0
Q19686,A0
Q19687,A0
Q19688,A0
Q19689,A0
Q19690,A0
Q19691,A0
Q19692,A0
Q19693,A0
Q19694,A0
Q19695,A0
Q19696,A0
Q19697,A0
Q19698,A0
Q19699,A0
Q19700,A0
Q19701,A0
Q19702,A0
Q19703,A0
Q19704,A0
Q19705,A0
Q19706,A0
Q19707,A0
Q19708,A0
Q19709,A0
Q19710,A0
Q19711,A0
Q19712,A0
Q19713,A0
Q19714,A0
Q19715,A0
Q19716,A0
Q19717,A0
Q19718,A0
Q19719,A0
Q19720,A0
Q19721,A0
Q19722,A0
Q19723,A0
Q19724,A0
Q19725,A0
Q19726,A0
Q19727,A0
Q19728,A0
Q19729,A0
Q19730,A0
Q19731,A0
Q19732,A0
Q19733,A0
Q19734,A0
Q19735,A0
Q19736,A0
Q19737,A0
Q19738,A0
Q19739,A0
Q19740,A0
Q19741,A0
Q19742,A0
Q19743,A0
Q19744,A0
Q19745,A0
Q19746,A0
Q19747,A0
Q19748,A0
Q19749,A0
Q19750,A0
Q19751,A0
Q19752,A0
Q19753,A0
Q19754,A0
Q19755,A0
Q19756,A0
Q19757,A0
Q19758,A0
Q19759,A0
Q19760,A0
Q19761,A0
Q19762,A0
Q19763,A0
Q19764,A0
Q19765,A0
Q19766,A0
Q19767,A0
Q19768,A0
Q19769,A0
Q19770,A0
Q19771,A0
Q19772,A0
Q19773,A0
Q19774,A0
Q19775,A0
Q19776,A0
Q19777,A0
Q19778,A0
Q19779,A0
Q19780,A0
Q19781,A0
Q19782,A0
Q19783,A0
Q19784,A0
Q19785,A0
Q19786,A0
Q19787,A0
Q19788,A0
Q19789,A0
Q19790,A0
Q19791,A0
Q19792,A0
Q19793,A0
Q19794,A0
Q19795,A0
Q19796,A0
Q19797,A0
Q19798,A0
Q19799,A0
Q19800,A0
Q19801,A0
Q19802,A0
Q19803,A0
Q19804,A0
Q19805,A0
Q19806,A0
Q19807,A0
Q19808,A0
Q19809,A0
Q19810,A0
Q19811,A0
Q19812,A0
Q19813,A0
Q19814,A0
Q19815,A0
Q19816,A0
Q19817,A0
Q19818,A0
Q19819,A0
Q19820,A0
Q19821,A0
Q19822,A0
Q19823,A0
Q19824,A0
Q19825,A0
Q19826,A0
Q19827,A0
Q19828,A0
Q19829,A0
Q19830,A0
Q19831,A0
Q19832,A0
Q19833,A0
Q19834,A0
Q19835,A0
Q19836,A0
Q19837,A0
Q19838,A0
Q19839,A0
Q19840,A0
Q19841,A0
Q19842,A0
Q19843,A0
Q19844,A0
Q19845,A0
Q19846,A0
Q19847,A0
Q19848,A0
Q19849,A0
Q19850,A0
Q19851,A0
Q19852,A0
Q19853,A0
Q19854,A0
Q19855,A0
Q19856,A0
Q19857,A0
Q19858,A0
Q19859,A0
Q19860,A0
Q19861,A0
Q19862,A0
Q19863,A0
Q19864,A0
Q19865,A0
Q19866,A0
Q19867,A0
Q19868,A0
Q19869,A0
Q19870,A0
Q19871,A0
Q19872,A0
Q19873,A0
Q19874,A0
Q19875,A0
Q19876,A0
Q19877,A0
Q19878,A0
Q19879,A0
Q19880,A0
Q19881,A0
Q19882,A0
Q19883,A0
Q19884,A0
Q19885,A0
Q19886,A0
Q19887,A0
Q19888,A0
Q19889,A0
Q19890,A0
Q19891,A0
Q19892,A0
Q19893,A0
Q19894,A0
Q19895,A0
Q19896,A0
Q19897,A0
Q19898,A0
Q19899,A0
Q19900,A0
Q19901,A0
Q19902,A0
Q19903,A0
Q19904,A0
Q19905,A0
Q19906,A0
Q19907,A0
Q19908,A0
Q19909,A0
Q19910,A0
Q19911,A0
Q19912,A0
Q19913,A0
Q19914,A0
Q19915,A0
Q19916,A0
Q19917,A0
Q19918,A0
Q19919,A0
Q19920,A0
Q19921,A0
Q19922,A0
Q19923,A0
Q19924,A0
Q19925,A0
Q19926,A0
Q19927,A0
Q19928,A0
Q19929,A0
Q19930,A0
Q19931,A0
Q19932,A0
Q19933,A0
Q19934,A0
Q19935,A0
Q19936,A0
Q19937,A0
Q19938,A0
Q19939,A0
Q19940,A0
Q19941,A0
Q19942,A0
Q19943,A0
Q19944,A0
Q19945,A0
Q19946,A0
Q19947,A0
Q19948,A0
Q19949,A0
Q19950,A0
Q19951,A0
Q19952,A0
Q19953,A0
Q19954,A0
Q19955,A0
Q19956,A0
Q19957,A0
Q19958,A0
Q19959,A0
Q19960,A0
Q19961,A0
Q19962,A0
Q19963,A0
Q19964,A0
Q19965,A0
Q19966,A0
Q19967,A0
Q19968,A0
Q19969,A0
Q19970,A0
Q19971,A0
Q19972,A0
Q19973,A0
Q19974,A0
Q19975,A0
Q19976,A0
Q19977,A0
Q19978,A0
Q19979,A0
Q19980,A0
Q19981,A0
Q19982,A0
Q19983,A0
Q19984,A0
Q19985,A0
Q19986,A0
Q19987,A0
Q19988,A0
Q19989,A0
Q19990,A0
Q19991,A0
Q19992,A0
Q19993,A0
Q19994,A0
Q19995,A0
Q19996,A0
Q19997,A0
Q19998,A0
Q19999,A0
Q20000,A0
Q20001,A0
Q20002,A0
Q20003,A0
Q20004,A0
Q20005,A0
Q20006,A0
Q20007,A0
Q20008,A0
Q20009,A0
Q20010,A0
Q20011,A0
Q20012,A0
Q20013,A0
Q20014,A0
Q20015,A0
Q20016,A0
Q20017,A0
Q20018,A0
Q20019,A0
Q20020,A0
Q20021,A0
Q20022,A0
Q20023,A0
Q20024,A0
Q20025,A0
Q20026,A0
Q20027,A0
Q20028,A0
Q20029,A0
Q20030,A0
Q20031,A0
Q20032,A0
Q20033,A0
Q20034,A0
Q20035,A0
Q20036,A0
Q20037,A0
Q20038,A0
Q20039,A0
Q20040,A0
Q20041,A0
Q20042,A0
Q20043,A0
Q20044,A0
Q20045,A0
Q20046,A0
Q20047,A0
Q20048,A0
Q20049,A0
Q20050,A0
Q20051,A0
Q20052,A0
Q20053,A0
Q20054,A0
Q20055,A0
Q20056,A0
Q20057,A0
Q20058,A0
Q20059,A0
Q20060,A0
Q20061,A0
Q20062,A0
Q20063,A0
Q20064,A0
Q20065,A0
Q20066,A0
Q20067,A0
Q20068,A0
Q20069,A0
Q20070,A0
Q20071,A0
Q20072,A0
Q20073,A0
Q20074,A0
Q20075,A0
Q20076,A0
Q20077,A0
Q20078,A0
Q20079,A0
Q20080,A0
Q20081,A0
Q20082,A0
Q20083,A0
Q20084,A0
Q20085,A0
Q20086,A0
Q20087,A0
Q20088,A0
Q20089,A0
Q20090,A0
Q20091,A0
Q20092,A0
Q20093,A0
Q20094,A0
Q20095,A0
Q20096,A0
Q20097,A0
Q20098,A0
Q20099,A0
Q20100,A0
Q20101,A0
Q20102,A0
Q20103,A0
Q20104,A0
Q20105,A0
Q20106,A0
Q20107,A0
Q20108,A0
Q20109,A0
Q20110,A0
Q20111,A0
Q20112,A0
Q20113,A0
Q20114,A0
Q20115,A0
Q20116,A0
Q20117,A0
Q20118,A0
Q20119,A0
Q20120,A0
Q20121,A0
Q20122,A0
Q20123,A0
Q20124,A0
Q20125,A0
Q20126,A0
Q20127,A0
Q20128,A0
Q20129,A0
Q20130,A0
Q20131,A0
Q20132,A0
Q20133,A0
Q20134,A0
Q20135,A0
Q20136,A0
Q20137,A0
Q20138,A0
Q20139,A0
Q20140,A0
Q20141,A0
Q20142,A0
Q20143,A0
Q20144,A0
Q20145,A0
Q20146,A0
Q20147,A0
Q20148,A0
Q20149,A0
Q20150,A0
Q20151,A0
Q20152,A0
Q20153,A0
Q20154,A0
Q20155,A0
Q20156,A0
Q20157,A0
Q20158,A0
Q20159,A0
Q20160,A0
Q20161,A0
Q20162,A0
Q20163,A0
Q20164,A0
Q20165,A0
Q20166,A0
Q20167,A0
Q20168,A0
Q20169,A0
Q20170,A0
Q20171,A0
Q20172,A0
Q20173,A0
Q20174,A0
Q20175,A0
Q20176,A0
Q20177,A0
Q20178,A0
Q20179,A0
Q20180,A0
Q20181,A0
Q20182,A0
Q20183,A0
Q20184,A0
Q20185,A0
Q20186,A0
Q20187,A0
Q20188,A0
Q20189,A0
Q20190,A0
Q20191,A0
Q20192,A0
Q20193,A0
Q20194,A0
Q20195,A0
Q20196,A0
Q20197,A0
Q20198,A0
Q20199,A0
Q20200,A0
Q20201,A0
Q20202,A0
Q20203,A0
Q20204,A0
Q20205,A0
Q20206,A0
Q20207,A0
Q20208,A0
Q20209,A0
Q20210,A0
Q20211,A0
Q20212,A0
Q20213,A0
Q20214,A0
Q20215,A0
Q20216,A0
Q20217,A0
Q20218,A0
Q20219,A0
Q20220,A0
Q20221,A0
Q20222,A0
Q20223,A0
Q20224,A0
Q20225,A0
Q20226,A0
Q20227,A0
Q20228,A0
Q20229,A0
Q20230,A0
Q20231,A0
Q20232,A0
Q20233,A0
Q20234,A0
Q20235,A0
Q20236,A0
Q20237,A0
Q20238,A0
Q20239,A0
Q20240,A0
Q20241,A0
Q20242,A0
Q20243,A0
Q20244,A0
Q20245,A0
Q20246,A0
Q20247,A0
Q20248,A0
Q20249,A0
Q20250,A0
Q20251,A0
Q20252,A0
Q20253,A0
Q20254,A0
Q20255,A0
Q20256,A0
Q20257,A0
Q20258,A0
Q20259,A0
Q20260,A0
Q20261,A0
Q20262,A0
Q20263,A0
Q20264,A0
Q20265,A0
Q20266,A0
Q20267,A0
Q20268,A0
Q20269,A0
Q20270,A0
Q20271,A0
Q20272,A0
Q20273,A0
Q20274,A0
Q20275,A0
Q20276,A0
Q20277,A0
Q20278,A0
Q20279,A0
Q20280,A0
Q20281,A0
Q20282,A0
Q20283,A0
Q20284,A0
Q20285,A0
Q20286,A0
Q20287,A0
Q20288,A0
Q20289,A0
Q20290,A0
Q20291,A0
Q20292,A0
Q20293,A0
Q20294,A0
Q20295,A0
Q20296,A0
Q20297,A0
Q20298,A0
Q20299,A0
Q20300,A0
Q20301,A0
Q20302,A0
Q20303,A0
Q20304,A0
Q20305,A0
Q20306,A0
Q20307,A0
Q20308,A0
Q20309,A0
Q20310,A0
Q20311,A0
Q20312,A0
Q20313,A0
Q20314,A0
Q20315,A0
Q20316,A0
Q20317,A0
Q20318,A0
Q20319,A0
Q20320,A0
Q20321,A0
Q20322,A0
Q20323,A0
Q20324,A0
Q20325,A0
Q20326,A0
Q20327,A0
Q20328,A0
Q20329,A0
Q20330,A0
Q20331,A0
Q20332,A0
Q20333,A0
Q20334,A0
Q20335,A0
Q20336,A0
Q20337,A0
Q20338,A0
Q20339,A0
Q20340,A0
Q20341,A0
Q20342,A0
Q20343,A0
Q20344,A0
Q20345,A0
Q20346,A0
Q20347,A0
Q20348,A0
Q20349,A0
Q20350,A0
Q20351,A0
Q20352,A0
Q20353,A0
Q20354,A2
Q20355,A2
Q20356,A2
Q20357,A2
Q20358,A2
Q20359,A2
Q20360,A2
Q20361,A2
Q20362,A2
Q20363,A2
Q20364,A2
Q20365,A2
Q20366,A2
Q20367,A2
Q20368,A2
Q20369,A2
Q20370,A2
Q20371,A2
Q20372,A2
Q20373,A2
Q20374,A2
Q20375,A2
Q20376,A2
Q20377,A2
Q20378,A2
Q20379,A2
Q20380,A2
Q20381,A2
Q20382,A2
Q20383,A2
Q20384,A2
Q20385,A2
Q20386,A2
Q20387,A2
Q20388,A2
Q20389,A2
Q20390,A2
Q20391,A2
Q20392,A2
Q20393,A2
Q20394,A2
Q20395,A2
Q20396,A2
Q20397,A2
Q20398,A2
Q20399,A2
Q20400,A2
Q20401,A2
Q20402,A2
Q20403,A2
Q20404,A2
Q20405,A2
Q20406,A2
Q20407,A2
Q20408,A2
Q20409,A2
Q20410,A2
Q20411,A2
Q20412,A2
Q20413,A2
Q20414,A2
Q20415,A2
Q20416,A2
Q20417,A2
Q20418,A2
Q20419,A2
Q20420,A2
Q20421,A2
Q20422,A2
Q20423,A2
Q20424,A2
Q20425,A2
Q20426,A2
Q20427,A2
Q20428,A2
Q20429,A2
Q20430,A2
Q20431,A2
Q20432,A2
Q20433,A2
Q20434,A2
Q20435,A2
Q20436,A2
Q20437,A2
Q20438,A2
Q20439,A2
Q20440,A2
Q20441,A2
Q20442,A2
Q20443,A2
Q20444,A2
Q20445,A2
Q20446,A2
Q20447,A2
Q20448,A2
Q20449,A2
Q20450,A2
Q20451,A2
Q20452,A2
Q20453,A2
Q20454,A2
Q20455,A2
Q20456,A2
Q20457,A2
Q20458,A2
Q20459,A2
Q20460,A2
Q20461,A2
Q20462,A2
Q20463,A2
Q20464,A2
Q20465,A2
Q20466,A2
Q20467,A2
Q20468,A2
Q20469,A2
Q20470,A2
Q20471,A2
Q20472,A2
Q20473,A2
Q20474,A2
Q20475,A2
Q20476,A2
Q20477,A2
Q20478,A2
Q20479,A2
Q20480,A2
Q20481,A2
Q20482,A2
Q20483,A2
Q20484,A2
Q20485,A2
Q20486,A2
Q20487,A2
Q20488,A2
Q20489,A2
Q20490,A2
Q20491,A2
Q20492,A2
Q20493,A2
Q20494,A2
Q20495,A2
Q20496,A2
Q20497,A2
Q20498,A2
Q20499,A2
Q20500,A2
Q20501,A2
Q20502,A2
Q20503,A2
Q20504,A2
Q20505,A2
Q20506,A2
Q20507,A2
Q20508,A2
Q20509,A2
Q20510,A2
Q20511,A2
Q20512,A2
Q20513,A2
Q20514,A2
Q20515,A2
Q20516,A2
Q20517,A2
Q20518,A2
Q20519,A2
Q20520,A2
Q20521,A2
Q20522,A2
Q20523,A2
Q20524,A2
Q20525,A2
Q20526,A2
Q20527,A2
Q20528,A2
Q20529,A2
Q20530,A2
Q20531,A2
Q20532,A2
Q20533,A2
Q20534,A2
Q20535,A2
Q20536,A2
Q20537,A2
Q20538,A2
Q20539,A2
Q20540,A2
Q20541,A2
Q20542,A2
Q20543,A2
Q20544,A2
Q20545,A2
Q20546,A2
Q20547,A2
Q20548,A2
Q20549,A2
Q20550,A2
Q20551,A2
Q20552,A2
Q20553,A2
Q20554,A2
Q20555,A2
Q20556,A2
Q20557,A2
Q20558,A2
Q20559,A2
Q20560,A2
Q20561,A2
Q20562,A2
Q20563,A2
Q20564,A2
Q20565,A2
Q20566,A2
Q20567,A2
Q20568,A2
Q20569,A2
Q20570,A2
Q20571,A2
Q20572,A2
Q20573,A2
Q20574,A2
Q20575,A2
Q20576,A2
Q20577,A2
Q20578,A2
Q20579,A2
Q20580,A2
Q20581,A2
Q20582,A2
Q20583,A2
Q20584,A2
Q20585,A2
Q20586,A2
Q20587,A2
Q20588,A2
Q20589,A2
Q20590,A2
Q20591,A2
Q20592,A2
Q20593,A2
Q20594,A2
Q20595,A2
Q20596,A2
Q20597,A2
Q20598,A2
Q20599,A2
Q20600,A2
Q20601,A2
Q20602,A2
Q20603,A2
Q20604,A2
Q20605,A2
Q20606,A2
Q20607,A2
Q20608,A2
Q20609,A2
Q20610,A2
Q20611,A2
Q20612,A2
Q20613,A2
Q20614,A2
Q20615,A2
Q20616,A2
Q20617,A2
Q20618,A2
Q20619,A2
Q20620,A2
Q20621,A2
Q20622,A2
Q20623,A2
Q20624,A2
Q20625,A2
Q20626,A2
Q20627,A2
Q20628,A2
Q20629,A2
Q20630,A2
Q20631,A2
Q20632,A2
Q20633,A2
Q20634,A2
Q20635,A2
Q20636,A2
Q20637,A2
Q20638,A2
Q20639,A2
Q20640,A2
Q20641,A2
Q20642,A2
Q20643,A2
Q20644,A2
Q20645,A2
Q20646,A2
Q20647,A2
Q20648,A2
Q20649,A2
Q20650,A2
Q20651,A2
Q20652,A2
Q20653,A2
Q20654,A2
Q20655,A2
Q20656,A2
Q20657,A2
Q20658,A2
Q20659,A2
Q20660,A2
Q20661,A2
Q20662,A2
Q20663,A2
Q20664,A2
Q20665,A2
Q20666,A2
Q20667,A2
Q20668,A2
Q20669,A2
Q20670,A2
Q20671,A2
Q20672,A2
Q20673,A2
Q20674,A2
Q20675,A2
Q20676,A2
Q20677,A2
Q20678,A2
Q20679,A2
Q20680,A2
Q20681,A2
Q20682,A2
Q20683,A2
Q20684,A2
Q20685,A2
Q20686,A2
Q20687,A2
Q20688,A2
Q20689,A2
Q20690,A2
Q20691,A2
Q20692,A2
Q20693,A2
Q20694,A2
Q20695,A2
Q20696,A2
Q20697,A2
Q20698,A2
Q20699,A2
Q20700,A2
Q20701,A2
Q20702,A2
Q20703,A2
Q20704,A2
Q20705,A2
Q20706,A2
Q20707,A2
Q20708,A2
Q20709,A2
Q20710,A2
Q20711,A2
Q20712,A2
Q20713,A2
Q20714,A2
Q20715,A2
Q20716,A2
Q20717,A2
Q20718,A2
Q20719,A2
Q20720,A2
Q20721,A2
Q20722,A2
Q20723,A2
Q20724,A2
Q20725,A2
Q20726,A2
Q20727,A2
Q20728,A2
Q20729,A2
Q20730,A2
Q20731,A2
Q20732,A2
Q20733,A2
Q20734,A2
Q20735,A2
Q20736,A2
Q20737,A2
Q20738,A2
Q20739,A2
Q20740,A2
Q20741,A2
Q20742,A2
Q20743,A2
Q20744,A2
Q20745,A2
Q20746,A2
Q20747,A2
Q20748,A2
Q20749,A2
Q20750,A2
Q20751,A2
Q20752,A2
Q20753,A2
Q20754,A2
Q20755,A2
Q20756,A2
Q20757,A2
Q20758,A2
Q20759,A2
Q20760,A2
Q20761,A2
Q20762,A2
Q20763,A2
Q20764,A2
Q20765,A2
Q20766,A2
Q20767,A2
Q20768,A2
Q20769,A2
Q20770,A2
Q20771,A2
Q20772,A2
Q20773,A2
Q20774,A2
Q20775,A2
Q20776,A2
Q20777,A2
Q20778,A2
Q20779,A2
Q20780,A2
Q20781,A2
Q20782,A2
Q20783,A2
Q20784,A2
Q20785,A2
Q20786,A2
Q20787,A2
Q20788,A2
Q20789,A2
Q20790,A2
Q20791,A2
Q20792,A2
Q20793,A2
Q20794,A2
Q20795,A2
Q20796,A2
Q20797,A2
Q20798,A2
Q20799,A2
Q20800,A2
Q20801,A2
Q20802,A2
Q20803,A2
Q20804,A2
Q20805,A2
Q20806,A2
Q20807,A2
Q20808,A2
Q20809,A2
Q20810,A2
Q20811,A2
Q20812,A2
Q20813,A2
Q20814,A2
Q20815,A2
Q20816,A2
Q20817,A2
Q20818,A2
Q20819,A2
Q20820,A2
Q20821,A2
Q20822,A2
Q20823,A2
Q20824,A2
Q20825,A2
Q20826,A2
Q20827,A2
Q20828,A2
Q20829,A2
Q20830,A2
Q20831,A2
Q20832,A2
Q20833,A2
Q20834,A2
Q20835,A2
Q20836,A2
Q20837,A2
Q20838,A2
Q20839,A2
Q20840,A2
Q20841,A2
Q20842,A2
Q20843,A2
Q20844,A2
Q20845,A2
Q20846,A2
Q20847,A2
Q20848,A2
Q20849,A2
Q20850,A2
Q20851,A2
Q20852,A2
Q20853,A2
Q20854,A2
Q20855,A2
Q20856,A2
Q20857,A2
Q20858,A2
Q20859,A2
Q20860,A2
Q20861,A2
Q20862,A2
Q20863,A2
Q20864,A2
Q20865,A2
Q20866,A2
Q20867,A2
Q20868,A2
Q20869,A2
Q20870,A2
Q20871,A2
Q20872,A2
Q20873,A2
Q20874,A2
Q20875,A2
Q20876,A2
Q20877,A2
Q20878,A2
Q20879,A2
Q20880,A2
Q20881,A2
Q20882,A2
Q20883,A2
Q20884,A2
Q20885,A2
Q20886,A2
Q20887,A2
Q20888,A2
Q20889,A2
Q20890,A2
Q20891,A2
Q20892,A2
Q20893,A2
Q20894,A2
Q20895,A2
Q20896,A2
Q20897,A2
Q20898,A2
Q20899,A2
Q20900,A2
Q20901,A2
Q20902,A2
Q20903,A2
Q20904,A2
Q20905,A2
Q20906,A2
Q20907,A2
Q20908,A2
Q20909,A2
Q20910,A2
Q20911,A2
Q20912,A2
Q20913,A2
Q20914,A2
Q20915,A2
Q20916,A2
Q20917,A2
Q20918,A2
Q20919,A2
Q20920,A2
Q20921,A2
Q20922,A2
Q20923,A2
Q20924,A2
Q20925,A2
Q20926,A2
Q20927,A2
Q20928,A2
Q20929,A2
Q20930,A2
Q20931,A2
Q20932,A2
Q20933,A2
Q20934,A2
Q20935,A2
Q20936,A2
Q20937,A2
Q20938,A2
Q20939,A2
Q20940,A2
Q20941,A2
Q20942,A2
Q20943,A2
Q20944,A2
Q20945,A2
Q20946,A2
Q20947,A2
Q20948,A2
Q20949,A2
Q20950,A2
Q20951,A2
Q20952,A2
Q20953,A2
Q20954,A2
Q20955,A2
Q20956,A2
Q20957,A2
Q20958,A2
Q20959,A2
Q20960,A2
Q20961,A2
Q20962,A2
Q20963,A2
Q20964,A2
Q20965,A2
Q20966,A2
Q20967,A2
Q20968,A2
Q20969,A2
Q20970,A2
Q20971,A2
Q20972,A2
Q20973,A2
Q20974,A2
Q20975,A2
Q20976,A2
Q20977,A2
Q20978,A2
Q20979,A2
Q20980,A2
Q20981,A2
Q20982,A2
Q20983,A2
Q20984,A2
Q20985,A2
Q20986,A2
Q20987,A2
Q20988,A2
Q20989,A2
Q20990,A2
Q20991,A2
Q20992,A2
Q20993,A2
Q20994,A2
Q20995,A2
Q20996,A2
Q20997,A2
Q20998,A2
Q20999,A2
Q21000,A2
Q21001,A2
Q21002,A2
Q21003,A2
Q21004,A2
Q21005,A2
Q21006,A2
Q21007,A2
Q21008,A2
Q21009,A2
Q21010,A2
Q21011,A2
Q21012,A2
Q21013,A2
Q21014,A2
Q21015,A2
Q21016,A2
Q21017,A2
Q21018,A2
Q21019,A2
Q21020,A2
Q21021,A2
Q21022,A2
Q21023,A2
Q21024,A2
Q21025,A2
Q21026,A2
Q21027,A2
Q21028,A2
Q21029,A2
Q21030,A2
Q21031,A2
Q21032,A2
Q21033,A2
Q21034,A2
Q21035,A2
Q21036,A2
Q21037,A2
Q21038,A2
Q21039,A2
Q21040,A2
Q21041,A2
Q21042,A2
Q21043,A2
Q21044,A2
Q21045,A2
Q21046,A2
Q21047,A2
Q21048,A2
Q21049,A2
Q21050,A2
Q21051,A2
Q21052,A2
Q21053,A2
Q21054,A2
Q21055,A2
Q21056,A2
Q21057,A2
Q21058,A2
Q21059,A2
Q21060,A2
Q21061,A2
Q21062,A2
Q21063,A2
Q21064,A2
Q21065,A2
Q21066,A2
Q21067,A2
Q21068,A2
Q21069,A2
Q21070,A2
Q21071,A2
Q21072,A2
Q21073,A2
Q21074,A2
Q21075,A2
Q21076,A2
Q21077,A2
Q21078,A2
Q21079,A2
Q21080,A2
Q21081,A2
Q21082,A2
Q21083,A2
Q21084,A2
Q21085,A2
Q21086,A2
Q21087,A2
Q21088,A2
Q21089,A2
Q21090,A2
Q21091,A2
Q21092,A2
Q21093,A2
Q21094,A2
Q21095,A2
Q21096,A2
Q21097,A2
Q21098,A2
Q21099,A2
Q21100,A2
Q21101,A2
Q21102,A2
Q21103,A2
Q21104,A2
Q21105,A2
Q21106,A2
Q21107,A2
Q21108,A2
Q21109,A2
Q21110,A2
Q21111,A2
Q21112,A2
Q21113,A2
Q21114,A2
Q21115,A2
Q21116,A2
Q21117,A2
Q21118,A2
Q21119,A2
Q21120,A2
Q21121,A2
Q21122,A2
Q21123,A2
Q21124,A2
Q21125,A2
Q21126,A2
Q21127,A2
Q21128,A2
Q21129,A2
Q21130,A2
Q21131,A2
Q21132,A2
Q21133,A2
Q21134,A2
Q21135,A2
Q21136,A2
Q21137,A2
Q21138,A2
Q21139,A2
Q21140,A2
Q21141,A2
Q21142,A2
Q21143,A2
Q21144,A2
Q21145,A2
Q21146,A2
Q21147,A2
Q21148,A2
Q21149,A2
Q21150,A2
Q21151,A2
Q21152,A2
Q21153,A2
Q21154,A2
Q21155,A2
Q21156,A2
Q21157,A2
Q21158,A2
Q21159,A2
Q21160,A2
Q21161,A2
Q21162,A2
Q21163,A2
Q21164,A2
Q21165,A2
Q21166,A2
Q21167,A2
Q21168,A2
Q21169,A2
Q21170,A2
Q21171,A2
Q21172,A2
Q21173,A2
Q21174,A2
Q21175,A2
Q21176,A2
Q21177,A2
Q21178,A2
Q21179,A2
Q21180,A2
Q21181,A2
Q21182,A2
Q21183,A2
Q21184,A2
Q21185,A2
Q21186,A2
Q21187,A2
Q21188,A2
Q21189,A2
Q21190,A2
Q21191,A2
Q21192,A2
Q21193,A2
Q21194,A2
Q21195,A2
Q21196,A2
Q21197,A2
Q21198,A2
Q21199,A2
Q21200,A2
Q21201,A2
Q21202,A2
Q21203,A2
Q21204,A2
Q21205,A2
Q21206,A2
Q21207,A2
Q21208,A2
Q21209,A2
Q21210,A2
Q21211,A2
Q21212,A2
Q21213,A2
Q21214,A2
Q21215,A2
Q21216,A2
Q21217,A2
Q21218,A2
Q21219,A2
Q21220,A2
Q21221,A2
Q21222,A2
Q21223,A2
Q21224,A2
Q21225,A2
Q21226,A2
Q21227,A2
Q21228,A2
Q21229,A2
Q21230,A2
Q21231,A2
Q21232,A2
Q21233,A2
Q21234,A2
Q21235,A2
Q21236,A2
Q21237,A2
Q21238,A2
Q21239,A2
Q21240,A2
Q21241,A2
Q21242,A2
Q21243,A2
Q21244,A2
Q21245,A2
Q21246,A2
Q21247,A2
Q21248,A2
Q21249,A2
Q21250,A2
Q21251,A2
Q21252,A2
Q21253,A2
Q21254,A2
Q21255,A2
Q21256,A2
Q21257,A2
Q21258,A2
Q21259,A2
Q21260,A2
Q21261,A2
Q21262,A2
Q21263,A2
Q21264,A2
Q21265,A2
Q21266,A2
Q21267,A2
Q21268,A2
Q21269,A2
Q21270,A2
Q21271,A2
Q21272,A2
Q21273,A2
Q21274,A2
Q21275,A2
Q21276,A2
Q21277,A2
Q21278,A2
Q21279,A2
Q21280,A2
Q21281,A2
Q21282,A2
Q21283,A2
Q21284,A2
Q21285,A2
Q21286,A2
Q21287,A2
Q21288,A2
Q21289,A2
Q21290,A2
Q21291,A2
Q21292,A2
Q21293,A2
Q21294,A2
Q21295,A2
Q21296,A2
Q21297,A2
Q21298,A2
Q21299,A2
Q21300,A2
Q21301,A2
Q21302,A2
Q21303,A2
Q21304,A2
Q21305,A2
Q21306,A2
Q21307,A2
Q21308,A2
Q21309,A2
Q21310,A2
Q21311,A2
Q21312,A2
Q21313,A2
Q21314,A2
Q21315,A2
Q21316,A2
Q21317,A2
Q21318,A2
Q21319,A2
Q21320,A2
Q21321,A2
Q21322,A2
Q21323,A2
Q21324,A2
Q21325,A2
Q21326,A2
Q21327,A2
Q21328,A2
Q21329,A2
Q21330,A2
Q21331,A2
Q21332,A2
Q21333,A2
Q21334,A2
Q21335,A2
Q21336,A2
Q21337,A2
Q21338,A2
Q21339,A2
Q21340,A2
Q21341,A2
Q21342,A2
Q21343,A2
Q21344,A2
Q21345,A2
Q21346,A2
Q21347,A2
Q21348,A2
Q21349,A2
Q21350,A2
Q21351,A2
Q21352,A2
Q21353,A2
Q21354,A2
Q21355,A2
Q21356,A2
Q21357,A2
Q21358,A2
Q21359,A2
Q21360,A2
Q21361,A2
Q21362,A2
Q21363,A2
Q21364,A2
Q21365,A2
Q21366,A2
Q21367,A2
Q21368,A2
Q21369,A2
Q21370,A2
Q21371,A2
Q21372,A2
Q21373,A2
Q21374,A2
Q21375,A2
Q21376,A2
Q21377,A2
Q21378,A2
Q21379,A2
Q21380,A2
Q21381,A2
Q21382,A2
Q21383,A2
Q21384,A2
Q21385,A2
Q21386,A2
Q21387,A2
Q21388,A2
Q21389,A2
Q21390,A2
Q21391,A2
Q21392,A2
Q21393,A2
Q21394,A2
Q21395,A2
Q21396,A2
Q21397,A2
Q21398,A2
Q21399,A2
Q21400,A2
Q21401,A2
Q21402,A2
Q21403,A2
Q21404,A2
Q21405,A2
Q21406,A2
Q21407,A2
Q21408,A2
Q21409,A2
Q21410,A2
Q21411,A2
Q21412,A2
Q21413,A2
Q21414,A2
Q21415,A2
Q21416,A2
Q21417,A2
Q21418,A2
Q21419,A2
Q21420,A2
Q21421,A2
Q21422,A2
Q21423,A2
Q21424,A2
Q21425,A2
Q21426,A2
Q21427,A2
Q21428,A2
Q21429,A2
Q21430,A2
Q21431,A2
Q21432,A2
Q21433,A2
Q21434,A2
Q21435,A2
Q21436,A2
Q21437,A2
Q21438,A2
Q21439,A2
Q21440,A2
Q21441,A2
Q21442,A2
Q21443,A2
Q21444,A2
Q21445,A2
Q21446,A2
Q21447,A2
Q21448,A2
Q21449,A2
Q21450,A2
Q21451,A2
Q21452,A2
Q21453,A2
Q21454,A2
Q21455,A2
Q21456,A2
Q21457,A2
Q21458,A2
Q21459,A2
Q21460,A2
Q21461,A2
Q21462,A2
Q21463,A2
Q21464,A2
Q21465,A2
Q21466,A2
Q21467,A2
Q21468,A2
Q21469,A2
Q21470,A2
Q21471,A2
Q21472,A2
Q21473,A2
Q21474,A2
Q21475,A2
Q21476,A2
Q21477,A2
Q21478,A2
Q21479,A2
Q21480,A2
Q21481,A2
Q21482,A2
Q21483,A2
Q21484,A2
Q21485,A2
Q21486,A2
Q21487,A2
Q21488,A2
Q21489,A2
Q21490,A2
Q21491,A2
Q21492,A2
Q21493,A2
Q21494,A2
Q21495,A2
Q21496,A2
Q21497,A2
Q21498,A2
Q21499,A2
Q21500,A2
Q21501,A2
Q21502,A2
Q21503,A2
Q21504,A2
Q21505,A2
Q21506,A2
Q21507,A2
Q21508,A2
Q21509,A2
Q21510,A2
Q21511,A2
Q21512,A2
Q21513,A2
Q21514,A2
Q21515,A2
Q21516,A2
Q21517,A2
Q21518,A2
Q21519,A2
Q21520,A2
Q21521,A2
Q21522,A2
Q21523,A2
Q21524,A2
Q21525,A2
Q21526,A2
Q21527,A2
Q21528,A2
Q21529,A2
Q21530,A2
Q21531,A2
Q21532,A2
Q21533,A2
Q21534,A2
Q21535,A2
Q21536,A2
Q21537,A2
Q21538,A2
Q21539,A2
Q21540,A2
Q21541,A2
Q21542,A2
Q21543,A2
Q21544,A2
Q21545,A2
Q21546,A2
Q21547,A2
Q21548,A2
Q21549,A2
Q21550,A2
Q21551,A2
Q21552,A2
Q21553,A2
Q21554,A2
Q21555,A2
Q21556,A2
Q21557,A2
Q21558,A2
Q21559,A2
Q21560,A2
Q21561,A2
Q21562,A2
Q21563,A2
Q21564,A2
Q21565,A2
Q21566,A2
Q21567,A2
Q21568,A2
Q21569,A2
Q21570,A2
Q21571,A2
Q21572,A2
Q21573,A2
Q21574,A2
Q21575,A2
Q21576,A2
Q21577,A2
Q21578,A2
Q21579,A2
Q21580,A2
Q21581,A2
Q21582,A2
Q21583,A2
Q21584,A2
Q21585,A2
Q21586,A2
Q21587,A2
Q21588,A2
Q21589,A2
Q21590,A2
Q21591,A2
Q21592,A2
Q21593,A2
Q21594,A2
Q21595,A2
Q21596,A2
Q21597,A2
Q21598,A2
Q21599,A2
Q21600,A2
Q21601,A2
Q21602,A2
Q21603,A2
Q21604,A2
Q21605,A2
Q21606,A2
Q21607,A2
Q21608,A2
Q21609,A2
Q21610,A2
Q21611,A2
Q21612,A2
Q21613,A2
Q21614,A2
Q21615,A2
Q21616,A2
Q21617,A2
Q21618,A2
Q21619,A2
Q21620,A2
Q21621,A2
Q21622,A2
Q21623,A2
Q21624,A2
Q21625,A2
Q21626,A2
Q21627,A2
Q21628,A2
Q21629,A2
Q21630,A2
Q21631,A2
Q21632,A2
Q21633,A2
Q21634,A2
Q21635,A2
Q21636,A2
Q21637,A2
Q21638,A2
Q21639,A2
Q21640,A2
Q21641,A2
Q21642,A2
Q21643,A2
Q21644,A2
Q21645,A2
Q21646,A2
Q21647,A2
Q21648,A2
Q21649,A2
Q21650,A2
Q21651,A2
Q21652,A2
Q21653,A2
Q21654,A2
Q21655,A2
Q21656,A2
Q21657,A2
Q21658,A2
Q21659,A2
Q21660,A2
Q21661,A2
Q21662,A2
Q21663,A2
Q21664,A2
Q21665,A2
Q21666,A2
Q21667,A2
Q21668,A2
Q21669,A2
Q21670,A2
Q21671,A2
Q21672,A2
Q21673,A2
Q21674,A2
Q21675,A2
Q21676,A2
Q21677,A2
Q21678,A2
Q21679,A2
Q21680,A2
Q21681,A2
Q21682,A2
Q21683,A2
Q21684,A2
Q21685,A2
Q21686,A2
Q21687,A2
Q21688,A2
Q21689,A2
Q21690,A2
Q21691,A2
Q21692,A2
Q21693,A2
Q21694,A2
Q21695,A2
Q21696,A2
Q21697,A2
Q21698,A2
Q21699,A2
Q21700,A2
Q21701,A2
Q21702,A2
Q21703,A2
Q21704,A2
Q21705,A2
Q21706,A2
Q21707,A2
Q21708,A2
Q21709,A2
Q21710,A2
Q21711,A2
Q21712,A2
Q21713,A2
Q21714,A2
Q21715,A2
Q21716,A2
Q21717,A2
Q21718,A2
Q21719,A2
Q21720,A2
Q21721,A2
Q21722,A2
Q21723,A2
Q21724,A2
Q21725,A2
Q21726,A2
Q21727,A2
Q21728,A2
Q21729,A2
Q21730,A2
Q21731,A2
Q21732,A2
Q21733,A2
Q21734,A2
Q21735,A2
Q21736,A2
Q21737,A2
Q21738,A2
Q21739,A2
Q21740,A2
Q21741,A2
Q21742,A2
Q21743,A2
Q21744,A2
Q21745,A2
Q21746,A2
Q21747,A2
Q21748,A2
Q21749,A2
Q21750,A2
Q21751,A2
Q21752,A2
Q21753,A2
Q21754,A2
Q21755,A2
Q21756,A2
Q21757,A2
Q21758,A2
Q21759,A2
Q21760,A2
Q21761,A2
Q21762,A2
Q21763,A2
Q21764,A2
Q21765,A2
Q21766,A2
Q21767,A2
Q21768,A2
Q21769,A2
Q21770,A2
Q21771,A2
Q21772,A2
Q21773,A2
Q21774,A2
Q21775,A2
Q21776,A2
Q21777,A2
Q21778,A2
Q21779,A2
Q21780,A2
Q21781,A2
Q21782,A2
Q21783,A2
Q21784,A2
Q21785,A2
Q21786,A2
Q21787,A2
Q21788,A2
Q21789,A2
Q21790,A2
Q21791,A2
Q21792,A2
Q21793,A2
Q21794,A2
Q21795,A2
Q21796,A2
Q21797,A2
Q21798,A2
Q21799,A2
Q21800,A2
Q21801,A2
Q21802,A2
Q21803,A2
Q21804,A2
Q21805,A2
Q21806,A2
Q21807,A2
Q21808,A2
Q21809,A2
Q21810,A2
Q21811,A2
Q21812,A2
Q21813,A2
Q21814,A2
Q21815,A2
Q21816,A2
Q21817,A2
Q21818,A2
Q21819,A2
Q21820,A2
Q21821,A2
Q21822,A2
Q21823,A2
Q21824,A2
Q21825,A2
Q21826,A2
Q21827,A2
Q21828,A2
Q21829,A2
Q21830,A2
Q21831,A2
Q21832,A2
Q21833,A2
Q21834,A2
Q21835,A2
Q21836,A2
Q21837,A2
Q21838,A2
Q21839,A2
Q21840,A2
Q21841,A2
Q21842,A2
Q21843,A2
Q21844,A2
Q21845,A2
Q21846,A2
Q21847,A2
Q21848,A2
Q21849,A2
Q21850,A2
Q21851,A2
Q21852,A2
Q21853,A2
Q21854,A2
Q21855,A2
Q21856,A2
Q21857,A2
Q21858,A2
Q21859,A2
Q21860,A2
Q21861,A2
Q21862,A2
Q21863,A2
Q21864,A2
Q21865,A2
Q21866,A2
Q21867,A2
Q21868,A2
Q21869,A2
Q21870,A2
Q21871,A2
Q21872,A2
Q21873,A2
Q21874,A2
Q21875,A2
Q21876,A2
Q21877,A2
Q21878,A2
Q21879,A2
Q21880,A2
Q21881,A2
Q21882,A2
Q21883,A2
Q21884,A2
Q21885,A2
Q21886,A2
Q21887,A2
Q21888,A2
Q21889,A2
Q21890,A2
Q21891,A2
Q21892,A2
Q21893,A2
Q21894,A2
Q21895,A2
Q21896,A2
Q21897,A2
Q21898,A2
Q21899,A2
Q21900,A2
Q21901,A2
Q21902,A2
Q21903,A2
Q21904,A2
Q21905,A2
Q21906,A2
Q21907,A2
Q21908,A2
Q21909,A2
Q21910,A2
Q21911,A2
Q21912,A2
Q21913,A2
Q21914,A2
Q21915,A2
Q21916,A2
Q21917,A2
Q21918,A2
Q21919,A2
Q21920,A2
Q21921,A2
Q21922,A2
Q21923,A2
Q21924,A2
Q21925,A2
Q21926,A2
Q21927,A2
Q21928,A2
Q21929,A2
Q21930,A2
Q21931,A2
Q21932,A2
Q21933,A2
Q21934,A2
Q21935,A2
Q21936,A2
Q21937,A2
Q21938,A2
Q21939,A2
Q21940,A2
Q21941,A2
Q21942,A2
Q21943,A2
Q21944,A2
Q21945,A2
Q21946,A2
Q21947,A2
Q21948,A2
Q21949,A2
Q21950,A2
Q21951,A2
Q21952,A2
Q21953,A2
Q21954,A2
Q21955,A2
Q21956,A2
Q21957,A2
Q21958,A2
Q21959,A2
Q21960,A2
Q21961,A2
Q21962,A2
Q21963,A2
Q21964,A2
Q21965,A2
Q21966,A2
Q21967,A2
Q21968,A2
Q21969,A2
Q21970,A2
Q21971,A2
Q21972,A2
Q21973,A2
Q21974,A2
Q21975,A2
Q21976,A2
Q21977,A2
Q21978,A2
Q21979,A2
Q21980,A2
Q21981,A2
Q21982,A2
Q21983,A2
Q21984,A2
Q21985,A2
Q21986,A2
Q21987,A2
Q21988,A2
Q21989,A2
Q21990,A2
Q21991,A2
Q21992,A2
Q21993,A2
Q21994,A2
Q21995,A2
Q21996,A2
Q21997,A2
Q21998,A2
Q21999,A2
Q22000,A2
Q22001,A2
Q22002,A2
Q22003,A2
Q22004,A2
Q22005,A2
Q22006,A2
Q22007,A2
Q22008,A2
Q22009,A2
Q22010,A2
Q22011,A2
Q22012,A2
Q22013,A2
Q22014,A2
Q22015,A2
Q22016,A2
Q22017,A2
Q22018,A2
Q22019,A2
Q22020,A2
Q22021,A2
Q22022,A2
Q22023,A2
Q22024,A2
Q22025,A2
Q22026,A2
Q22027,A2
Q22028,A2
Q22029,A2
Q22030,A2
Q22031,A2
Q22032,A2
Q22033,A2
Q22034,A2
Q22035,A2
Q22036,A2
Q22037,A2
Q22038,A2
Q22039,A2
Q22040,A2
Q22041,A2
Q22042,A2
Q22043,A2
Q22044,A2
Q22045,A2
Q22046,A2
Q22047,A2
Q22048,A2
Q22049,A2
Q22050,A2
Q22051,A2
Q22052,A2
Q22053,A2
Q22054,A2
Q22055,A2
Q22056,A2
Q22057,A2
Q22058,A2
Q22059,A2
Q22060,A2
Q22061,A2
Q22062,A2
Q22063,A2
Q22064,A2
Q22065,A2
Q22066,A2
Q22067,A2
Q22068,A2
Q22069,A2
Q22070,A2
Q22071,A2
Q22072,A2
Q22073,A2
Q22074,A2
Q22075,A2
Q22076,A2
Q22077,A2
Q22078,A2
Q22079,A2
Q22080,A2
Q22081,A2
Q22082,A2
Q22083,A2
Q22084,A2
Q22085,A2
Q22086,A2
Q22087,A2
Q22088,A2
Q22089,A2
Q22090,A2
Q22091,A2
Q22092,A2
Q22093,A2
Q22094,A2
Q22095,A2
Q22096,A2
Q22097,A2
Q22098,A2
Q22099,A2
Q22100,A2
Q22101,A2
Q22102,A2
Q22103,A2
Q22104,A2
Q22105,A2
Q22106,A2
Q22107,A2
Q22108,A2
Q22109,A2
Q22110,A2
Q22111,A2
Q22112,A2
Q22113,A2
Q22114,A2
Q22115,A2
Q22116,A2
Q22117,A2
Q22118,A2
Q22119,A2
Q22120,A2
Q22121,A2
Q22122,A2
Q22123,A2
Q22124,A2
Q22125,A2
Q22126,A2
Q22127,A2
Q22128,A2
Q22129,A2
Q22130,A2
Q22131,A2
Q22132,A2
Q22133,A2
Q22134,A2
Q22135,A2
Q22136,A2
Q22137,A2
Q22138,A2
Q22139,A2
Q22140,A2
Q22141,A2
Q22142,A2
Q22143,A2
Q22144,A2
Q22145,A2
Q22146,A2
Q22147,A2
Q22148,A2
Q22149,A2
Q22150,A2
Q22151,A2
Q22152,A2
Q22153,A2
Q22154,A2
Q22155,A2
Q22156,A2
Q22157,A2
Q22158,A2
Q22159,A2
Q22160,A2
Q22161,A2
Q22162,A2
Q22163,A2
Q22164,A2
Q22165,A2
Q22166,A2
Q22167,A2
Q22168,A2
Q22169,A2
Q22170,A2
Q22171,A2
Q22172,A2
Q22173,A2
Q22174,A2
Q22175,A2
Q22176,A2
Q22177,A2
Q22178,A2
Q22179,A2
Q22180,A2
Q22181,A2
Q22182,A2
Q22183,A2
Q22184,A2
Q22185,A2
Q22186,A2
Q22187,A2
Q22188,A2
Q22189,A2
Q22190,A2
Q22191,A2
Q22192,A2
Q22193,A2
Q22194,A2
Q22195,A2
Q22196,A2
Q22197,A2
Q22198,A2
Q22199,A2
Q22200,A2
Q22201,A2
Q22202,A2
Q22203,A2
Q22204,A2
Q22205,A2
Q22206,A2
Q22207,A2
Q22208,A2
Q22209,A2
Q22210,A2
Q22211,A2
Q22212,A2
Q22213,A2
Q22214,A2
Q22215,A2
Q22216,A2
Q22217,A2
Q22218,A2
Q22219,A2
Q22220,A2
Q22221,A2
Q22222,A2
Q22223,A2
Q22224,A2
Q22225,A2
Q22226,A2
Q22227,A2
Q22228,A2
Q22229,A2
Q22230,A2
Q22231,A2
Q22232,A2
Q22233,A2
Q22234,A2
Q22235,A2
Q22236,A2
Q22237,A2
Q22238,A2
Q22239,A2
Q22240,A2
Q22241,A2
Q22242,A2
Q22243,A2
Q22244,A2
Q22245,A2
Q22246,A2
Q22247,A2
Q22248,A2
Q22249,A2
Q22250,A2
Q22251,A2
Q22252,A2
Q22253,A2
Q22254,A2
Q22255,A2
Q22256,A2
Q22257,A2
Q22258,A2
Q22259,A2
Q22260,A2
Q22261,A2
Q22262,A2
Q22263,A2
Q22264,A2
Q22265,A2
Q22266,A2
Q22267,A2
Q22268,A2
Q22269,A2
Q22270,A2
Q22271,A2
Q22272,A2
Q22273,A2
Q22274,A2
Q22275,A2
Q22276,A2
Q22277,A2
Q22278,A2
Q22279,A2
Q22280,A2
Q22281,A2
Q22282,A2
Q22283,A2
Q22284,A2
Q22285,A2
Q22286,A2
Q22287,A2
Q22288,A2
Q22289,A2
Q22290,A2
Q22291,A2
Q22292,A2
Q22293,A2
Q22294,A2
Q22295,A2
Q22296,A2
Q22297,A2
Q22298,A2
Q22299,A2
Q22300,A2
Q22301,A2
Q22302,A2
Q22303,A2
Q22304,A2
Q22305,A2
Q22306,A2
Q22307,A2
Q22308,A2
Q22309,A2
Q22310,A2
Q22311,A2
Q22312,A2
Q22313,A2
Q22314,A2
Q22315,A2
Q22316,A2
Q22317,A2
Q22318,A2
Q22319,A2
Q22320,A2
Q22321,A2
Q22322,A2
Q22323,A2
Q22324,A2
Q22325,A2
Q22326,A2
Q22327,A2
Q22328,A2
Q22329,A2
Q22330,A2
Q22331,A2
Q22332,A2
Q22333,A2
Q22334,A2
Q22335,A2
Q22336,A2
Q22337,A2
Q22338,A2
Q22339,A2
Q22340,A2
Q22341,A2
Q22342,A2
Q22343,A2
Q22344,A2
Q22345,A2
Q22346,A2
Q22347,A2
Q22348,A2
Q22349,A2
Q22350,A2
Q22351,A2
Q22352,A2
Q22353,A2
Q22354,A2
Q22355,A2
Q22356,A2
Q22357,A2
Q22358,A2
Q22359,A2
Q22360,A2
Q22361,A2
Q22362,A2
Q22363,A2
Q22364,A2
Q22365,A2
Q22366,A2
Q22367,A2
Q22368,A2
Q22369,A2
Q22370,A2
Q22371,A2
Q22372,A2
Q22373,A2
Q22374,A2
Q22375,A2
Q22376,A2
Q22377,A2
Q22378,A2
Q22379,A2
Q22380,A2
Q22381,A2
Q22382,A2
Q22383,A2
Q22384,A2
Q22385,A2
Q22386,A2
Q22387,A2
Q22388,A2
Q22389,A2
Q22390,A2
Q22391,A2
Q22392,A2
Q22393,A2
Q22394,A2
Q22395,A2
Q22396,A2
Q22397,A2
Q22398,A2
Q22399,A2
Q22400,A2
Q22401,A2
Q22402,A2
Q22403,A2
Q22404,A2
Q22405,A2
Q22406,A2
Q22407,A2
Q22408,A2
Q22409,A2
Q22410,A2
Q22411,A2
Q22412,A2
Q22413,A2
Q22414,A2
Q22415,A2
Q22416,A2
Q22417,A2
Q22418,A2
Q22419,A2
Q22420,A2
Q22421,A2
Q22422,A2
Q22423,A2
Q22424,A2
Q22425,A2
Q22426,A2
Q22427,A2
Q22428,A2
Q22429,A2
Q22430,A2
Q22431,A2
Q22432,A2
Q22433,A2
Q22434,A2
Q22435,A2
Q22436,A2
Q22437,A2
Q22438,A2
Q22439,A2
Q22440,A2
Q22441,A2
Q22442,A2
Q22443,A2
Q22444,A2
Q22445,A2
Q22446,A2
Q22447,A2
Q22448,A2
Q22449,A2
Q22450,A2
Q22451,A2
Q22452,A2
Q22453,A2
Q22454,A2
Q22455,A2
Q22456,A2
Q22457,A2
Q22458,A2
Q22459,A2
Q22460,A2
Q22461,A2
Q22462,A2
Q22463,A2
Q22464,A2
Q22465,A2
Q22466,A2
Q22467,A2
Q22468,A2
Q22469,A2
Q22470,A2
Q22471,A2
Q22472,A2
Q22473,A2
Q22474,A2
Q22475,A2
Q22476,A2
Q22477,A2
Q22478,A2
Q22479,A2
Q22480,A2
Q22481,A2
Q22482,A2
Q22483,A2
Q22484,A2
Q22485,A2
Q22486,A2
Q22487,A2
Q22488,A2
Q22489,A2
Q22490,A2
Q22491,A2
Q22492,A2
Q22493,A2
Q22494,A2
Q22495,A2
Q22496,A2
Q22497,A2
Q22498,A2
Q22499,A2
Q22500,A2
Q22501,A2
Q22502,A2
Q22503,A2
Q22504,A2
Q22505,A2
Q22506,A2
Q22507,A2
Q22508,A2
Q22509,A2
Q22510,A2
Q22511,A2
Q22512,A2
Q22513,A2
Q22514,A2
Q22515,A2
Q22516,A2
Q22517,A2
Q22518,A2
Q22519,A2
Q22520,A2
Q22521,A2
Q22522,A2
Q22523,A2
Q22524,A2
Q22525,A2
Q22526,A2
Q22527,A2
Q22528,A2
Q22529,A2
Q22530,A2
Q22531,A2
Q22532,A2
Q22533,A2
Q22534,A2
Q22535,A2
Q22536,A2
Q22537,A2
Q22538,A2
Q22539,A2
Q22540,A2
Q22541,A2
Q22542,A2
Q22543,A2
Q22544,A2
Q22545,A2
Q22546,A2
Q22547,A2
Q22548,A2
Q22549,A2
Q22550,A2
Q22551,A2
Q22552,A2
Q22553,A2
Q22554,A2
Q22555,A2
Q22556,A2
Q22557,A2
Q22558,A2
Q22559,A2
Q22560,A2
Q22561,A2
Q22562,A2
Q22563,A2
Q22564,A2
Q22565,A2
Q22566,A2
Q22567,A2
Q22568,A2
Q22569,A2
Q22570,A2
Q22571,A2
Q22572,A2
Q22573,A2
Q22574,A2
Q22575,A2
Q22576,A2
Q22577,A2
Q22578,A2
Q22579,A2
Q22580,A2
Q22581,A2
Q22582,A2
Q22583,A2
Q22584,A2
Q22585,A2
Q22586,A2
Q22587,A2
Q22588,A2
Q22589,A2
Q22590,A2
Q22591,A2
Q22592,A2
Q22593,A2
Q22594,A2
Q22595,A2
Q22596,A2
Q22597,A2
Q22598,A2
Q22599,A2
Q22600,A2
Q22601,A2
Q22602,A2
Q22603,A2
Q22604,A2
Q22605,A2
Q22606,A2
Q22607,A2
Q22608,A2
Q22609,A2
Q22610,A2
Q22611,A2
Q22612,A2
Q22613,A2
Q22614,A2
Q22615,A2
Q22616,A2
Q22617,A2
Q22618,A2
Q22619,A2
Q22620,A2
Q22621,A2
Q22622,A2
Q22623,A2
Q22624,A2
Q22625,A2
Q22626,A2
Q22627,A2
Q22628,A2
Q22629,A2
Q22630,A2
Q22631,A2
Q22632,A2
Q22633,A2
Q22634,A2
Q22635,A2
Q22636,A2
Q22637,A2
Q22638,A2
Q22639,A2
Q22640,A2
Q22641,A2
Q22642,A2
Q22643,A2
Q22644,A2
Q22645,A2
Q22646,A2
Q22647,A2
Q22648,A2
Q22649,A2
Q22650,A2
Q22651,A2
Q22652,A2
Q22653,A2
Q22654,A2
Q22655,A2
Q22656,A2
Q22657,A2
Q22658,A2
Q22659,A2
Q22660,A2
Q22661,A2
Q22662,A2
Q22663,A2
Q22664,A2
Q22665,A2
Q22666,A2
Q22667,A2
Q22668,A2
Q22669,A2
Q22670,A2
Q22671,A2
Q22672,A2
Q22673,A2
Q22674,A2
Q22675,A2
Q22676,A2
Q22677,A2
Q22678,A2
Q22679,A2
Q22680,A2
Q22681,A2
Q22682,A2
Q22683,A2
Q22684,A2
Q22685,A2
Q22686,A2
Q22687,A2
Q22688,A2
Q22689,A2
Q22690,A2
Q22691,A2
Q22692,A2
Q22693,A2
Q22694,A2
Q22695,A2
Q22696,A2
Q22697,A2
Q22698,A2
Q22699,A2
Q22700,A2
Q22701,A2
Q22702,A2
Q22703,A2
Q22704,A2
Q22705,A2
Q22706,A2
Q22707,A2
Q22708,A2
Q22709,A2
Q22710,A2
Q22711,A2
Q22712,A2
Q22713,A2
Q22714,A2
Q22715,A2
Q22716,A2
Q22717,A2
Q22718,A2
Q22719,A2
Q22720,A2
Q22721,A2
Q22722,A2
Q22723,A2
Q22724,A2
Q22725,A2
Q22726,A2
Q22727,A2
Q22728,A2
Q22729,A2
Q22730,A2
Q22731,A2
Q22732,A2
Q22733,A2
Q22734,A2
Q22735,A2
Q22736,A2
Q22737,A2
Q22738,A2
Q22739,A2
Q22740,A2
Q22741,A2
Q22742,A2
Q22743,A2
Q22744,A2
Q22745,A2
Q22746,A2
Q22747,A2
Q22748,A2
Q22749,A2
Q22750,A2
Q22751,A2
Q22752,A2
Q22753,A2
Q22754,A2
Q22755,A2
Q22756,A2
Q22757,A2
Q22758,A2
Q22759,A2
Q22760,A2
Q22761,A2
Q22762,A2
Q22763,A2
Q22764,A2
Q22765,A2
Q22766,A2
Q22767,A2
Q22768,A2
Q22769,A2
Q22770,A2
Q22771,A2
Q22772,A2
Q22773,A2
Q22774,A2
Q22775,A2
Q22776,A2
Q22777,A2
Q22778,A2
Q22779,A2
Q22780,A2
Q22781,A2
Q22782,A2
Q22783,A2
Q22784,A2
Q22785,A2
Q22786,A2
Q22787,A2
Q22788,A2
Q22789,A2
Q22790,A2
Q22791,A2
Q22792,A2
Q22793,A2
Q22794,A2
Q22795,A2
Q22796,A2
Q22797,A2
Q22798,A2
Q22799,A2
Q22800,A2
Q22801,A2
Q22802,A2
Q22803,A2
Q22804,A2
Q22805,A2
Q22806,A2
Q22807,A2
Q22808,A2
Q22809,A2
Q22810,A2
Q22811,A2
Q22812,A2
Q22813,A2
Q22814,A2
Q22815,A2
Q22816,A2
Q22817,A2
Q22818,A2
Q22819,A2
Q22820,A2
Q22821,A2
Q22822,A2
Q22823,A2
Q22824,A2
Q22825,A2
Q22826,A2
Q22827,A2
Q22828,A2
Q22829,A2
Q22830,A2
Q22831,A2
Q22832,A2
Q22833,A2
Q22834,A2
Q22835,A2
Q22836,A2
Q22837,A2
Q22838,A2
Q22839,A2
Q22840,A2
Q22841,A2
Q22842,A2
Q22843,A2
Q22844,A2
Q22845,A2
Q22846,A2
Q22847,A2
Q22848,A2
Q22849,A2
Q22850,A2
Q22851,A2
Q22852,A2
Q22853,A2
Q22854,A2
Q22855,A2
Q22856,A2
Q22857,A2
Q22858,A2
Q22859,A2
Q22860,A2
Q22861,A2
Q22862,A2
Q22863,A2
Q22864,A2
Q22865,A2
Q22866,A2
Q22867,A2
Q22868,A2
Q22869,A2
Q22870,A2
Q22871,A2
Q22872,A2
Q22873,A2
Q22874,A2
Q22875,A2
Q22876,A2
Q22877,A2
Q22878,A2
Q22879,A2
Q22880,A2
Q22881,A2
Q22882,A2
Q22883,A2
Q22884,A2
Q22885,A2
Q22886,A2
Q22887,A2
Q22888,A2
Q22889,A2
Q22890,A2
Q22891,A2
Q22892,A2
Q22893,A2
Q22894,A2
Q22895,A2
Q22896,A2
Q22897,A2
Q22898,A2
Q22899,A2
Q22900,A2
Q22901,A2
Q22902,A2
Q22903,A2
Q22904,A2
Q22905,A2
Q22906,A2
Q22907,A2
Q22908,A2
Q22909,A2
Q22910,A2
Q22911,A2
Q22912,A2
Q22913,A2
Q22914,A2
Q22915,A2
Q22916,A2
Q22917,A2
Q22918,A2
Q22919,A2
Q22920,A2
Q22921,A2
Q22922,A2
Q22923,A2
Q22924,A2
Q22925,A2
Q22926,A2
Q22927,A2
Q22928,A2
Q22929,A2
Q22930,A2
Q22931,A2
Q22932,A2
Q22933,A2
Q22934,A2
Q22935,A2
Q22936,A2
Q22937,A2
Q22938,A2
Q22939,A2
Q22940,A2
Q22941,A2
Q22942,A2
Q22943,A2
Q22944,A2
Q22945,A2
Q22946,A2
Q22947,A2
Q22948,A2
Q22949,A2
Q22950,A2
Q22951,A2
Q22952,A2
Q22953,A2
Q22954,A2
Q22955,A2
Q22956,A2
Q22957,A2
Q22958,A2
Q22959,A2
Q22960,A2
Q22961,A2
Q22962,A2
Q22963,A2
Q22964,A2
Q22965,A2
Q22966,A2
Q22967,A2
Q22968,A2
Q22969,A2
Q22970,A2
Q22971,A2
Q22972,A2
Q22973,A2
Q22974,A2
Q22975,A2
Q22976,A2
Q22977,A2
Q22978,A2
Q22979,A2
Q22980,A2
Q22981,A2
Q22982,A2
Q22983,A2
Q22984,A2
Q22985,A2
Q22986,A2
Q22987,A2
Q22988,A2
Q22989,A2
Q22990,A2
Q22991,A2
Q22992,A2
Q22993,A2
Q22994,A2
Q22995,A2
Q22996,A2
Q22997,A2
Q22998,A2
Q22999,A2
Q23000,A2
Q23001,A2
Q23002,A2
Q23003,A2
Q23004,A2
Q23005,A2
Q23006,A2
Q23007,A2
Q23008,A2
Q23009,A2
Q23010,A2
Q23011,A2
Q23012,A2
Q23013,A2
Q23014,A2
Q23015,A2
Q23016,A2
Q23017,A2
Q23018,A2
Q23019,A2
Q23020,A2
Q23021,A2
Q23022,A2
Q23023,A2
Q23024,A2
Q23025,A2
Q23026,A2
Q23027,A2
Q23028,A2
Q23029,A2
Q23030,A2
Q23031,A2
Q23032,A2
Q23033,A2
Q23034,A2
Q23035,A2
Q23036,A2
Q23037,A2
Q23038,A2
Q23039,A2
Q23040,A2
Q23041,A2
Q23042,A2
Q23043,A2
Q23044,A2
Q23045,A2
Q23046,A2
Q23047,A2
Q23048,A2
Q23049,A2
Q23050,A2
Q23051,A2
Q23052,A2
Q23053,A2
Q23054,A2
Q23055,A2
Q23056,A2
Q23057,A2
Q23058,A2
Q23059,A2
Q23060,A2
Q23061,A2
Q23062,A2
Q23063,A2
Q23064,A2
Q23065,A2
Q23066,A2
Q23067,A2
Q23068,A2
Q23069,A2
Q23070,A2
Q23071,A2
Q23072,A2
Q23073,A2
Q23074,A2
Q23075,A2
Q23076,A2
Q23077,A2
Q23078,A2
Q23079,A2
Q23080,A2
Q23081,A2
Q23082,A2
Q23083,A2
Q23084,A2
Q23085,A2
Q23086,A2
Q23087,A2
Q23088,A2
Q23089,A2
Q23090,A2
Q23091,A2
Q23092,A2
Q23093,A2
Q23094,A2
Q23095,A2
Q23096,A2
Q23097,A2
Q23098,A2
Q23099,A2
Q23100,A2
Q23101,A2
Q23102,A2
Q23103,A2
Q23104,A2
Q23105,A2
Q23106,A2
Q23107,A2
Q23108,A2
Q23109,A2
Q23110,A2
Q23111,A2
Q23112,A2
Q23113,A2
Q23114,A2
Q23115,A2
Q23116,A2
Q23117,A2
Q23118,A2
Q23119,A2
Q23120,A2
Q23121,A2
Q23122,A2
Q23123,A2
Q23124,A2
Q23125,A2
Q23126,A2
Q23127,A2
Q23128,A2
Q23129,A2
Q23130,A2
Q23131,A2
Q23132,A2
Q23133,A2
Q23134,A2
Q23135,A2
Q23136,A2
Q23137,A2
Q23138,A2
Q23139,A2
Q23140,A2
Q23141,A2
Q23142,A2
Q23143,A2
Q23144,A2
Q23145,A2
Q23146,A2
Q23147,A2
Q23148,A2
Q23149,A2
Q23150,A2
Q23151,A2
Q23152,A2
Q23153,A2
Q23154,A2
Q23155,A2
Q23156,A2
Q23157,A2
Q23158,A2
Q23159,A2
Q23160,A2
Q23161,A2
Q23162,A2
Q23163,A2
Q23164,A2
Q23165,A2
Q23166,A2
Q23167,A2
Q23168,A2
Q23169,A2
Q23170,A2
Q23171,A2
Q23172,A2
Q23173,A2
Q23174,A2
Q23175,A2
Q23176,A2
Q23177,A2
Q23178,A2
Q23179,A2
Q23180,A2
Q23181,A2
Q23182,A2
Q23183,A2
Q23184,A2
Q23185,A2
Q23186,A2
Q23187,A2
Q23188,A2
Q23189,A2
Q23190,A2
Q23191,A2
Q23192,A2
Q23193,A2
Q23194,A2
Q23195,A2
Q23196,A2
Q23197,A2
Q23198,A2
Q23199,A2
Q23200,A2
Q23201,A2
Q23202,A2
Q23203,A2
Q23204,A2
Q23205,A2
Q23206,A2
Q23207,A2
Q23208,A2
Q23209,A2
Q23210,A2
Q23211,A2
Q23212,A2
Q23213,A2
Q23214,A2
Q23215,A2
Q23216,A2
Q23217,A2
Q23218,A2
Q23219,A2
Q23220,A2
Q23221,A2
Q23222,A2
Q23223,A2
Q23224,A2
Q23225,A2
Q23226,A2
Q23227,A2
Q23228,A2
Q23229,A2
Q23230,A2
Q23231,A2
Q23232,A2
Q23233,A2
Q23234,A2
Q23235,A2
Q23236,A2
Q23237,A2
Q23238,A2
Q23239,A2
Q23240,A2
Q23241,A2
Q23242,A2
Q23243,A2
Q23244,A2
Q23245,A2
Q23246,A2
Q23247,A2
Q23248,A2
Q23249,A2
Q23250,A2
Q23251,A2
Q23252,A2
Q23253,A2
Q23254,A2
Q23255,A2
Q23256,A2
Q23257,A2
Q23258,A2
Q23259,A2
Q23260,A2
Q23261,A2
Q23262,A2
Q23263,A2
Q23264,A2
Q23265,A2
Q23266,A2
Q23267,A2
Q23268,A2
Q23269,A2
Q23270,A2
Q23271,A2
Q23272,A2
Q23273,A2
Q23274,A2
Q23275,A2
Q23276,A2
Q23277,A2
Q23278,A2
Q23279,A2
Q23280,A2
Q23281,A2
Q23282,A2
Q23283,A2
Q23284,A2
Q23285,A2
Q23286,A2
Q23287,A2
Q23288,A2
Q23289,A2
Q23290,A2
Q23291,A2
Q23292,A2
Q23293,A2
Q23294,A2
Q23295,A2
Q23296,A2
Q23297,A2
Q23298,A2
Q23299,A2
Q23300,A2
Q23301,A2
Q23302,A2
Q23303,A2
Q23304,A2
Q23305,A2
Q23306,A2
Q23307,A2
Q23308,A2
Q23309,A2
Q23310,A2
Q23311,A2
Q23312,A2
Q23313,A2
Q23314,A2
Q23315,A2
Q23316,A2
Q23317,A2
Q23318,A2
Q23319,A2
Q23320,A2
Q23321,A2
Q23322,A2
Q23323,A2
Q23324,A2
Q23325,A2
Q23326,A2
Q23327,A2
Q23328,A2
Q23329,A2
Q23330,A2
Q23331,A2
Q23332,A2
Q23333,A2
Q23334,A2
Q23335,A2
Q23336,A2
Q23337,A2
Q23338,A2
Q23339,A2
Q23340,A2
Q23341,A2
Q23342,A2
Q23343,A2
Q23344,A2
Q23345,A2
Q23346,A2
Q23347,A2
Q23348,A2
Q23349,A2
Q23350,A2
Q23351,A2
Q23352,A2
Q23353,A2
Q23354,A2
Q23355,A2
Q23356,A2
Q23357,A2
Q23358,A2
Q23359,A2
Q23360,A2
Q23361,A2
Q23362,A2
Q23363,A2
Q23364,A2
Q23365,A2
Q23366,A2
Q23367,A2
Q23368,A2
Q23369,A2
Q23370,A2
Q23371,A2
Q23372,A2
Q23373,A2
Q23374,A2
Q23375,A2
Q23376,A2
Q23377,A2
Q23378,A2
Q23379,A2
Q23380,A2
Q23381,A2
Q23382,A2
Q23383,A2
Q23384,A2
Q23385,A2
Q23386,A2
Q23387,A2
Q23388,A2
Q23389,A2
Q23390,A2
Q23391,A2
Q23392,A2
Q23393,A2
Q23394,A2
Q23395,A2
Q23396,A2
Q23397,A2
Q23398,A2
Q23399,A2
Q23400,A2
Q23401,A2
Q23402,A2
Q23403,A2
Q23404,A2
Q23405,A2
Q23406,A2
Q23407,A2
Q23408,A2
Q23409,A2
Q23410,A2
Q23411,A2
Q23412,A2
Q23413,A2
Q23414,A2
Q23415,A2
Q23416,A2
Q23417,A2
Q23418,A2
Q23419,A2
Q23420,A2
Q23421,A2
Q23422,A2
Q23423,A2
Q23424,A2
Q23425,A2
Q23426,A2
Q23427,A2
Q23428,A2
Q23429,A2
Q23430,A2
Q23431,A2
Q23432,A2
Q23433,A2
Q23434,A2
Q23435,A2
Q23436,A2
Q23437,A2
Q23438,A2
Q23439,A2
Q23440,A2
Q23441,A2
Q23442,A2
Q23443,A2
Q23444,A2
Q23445,A2
Q23446,A2
Q23447,A2
Q23448,A2
Q23449,A2
Q23450,A2
Q23451,A2
Q23452,A2
Q23453,A2
Q23454,A2
Q23455,A2
Q23456,A2
Q23457,A2
Q23458,A2
Q23459,A2
Q23460,A2
Q23461,A2
Q23462,A2
Q23463,A2
Q23464,A2
Q23465,A2
Q23466,A2
Q23467,A2
Q23468,A2
Q23469,A2
Q23470,A2
Q23471,A2
Q23472,A2
Q23473,A2
Q23474,A2
Q23475,A2
Q23476,A2
Q23477,A2
Q23478,A2
Q23479,A2
Q23480,A2
Q23481,A2
Q23482,A2
Q23483,A2
Q23484,A2
Q23485,A2
Q23486,A2
Q23487,A2
Q23488,A2
Q23489,A2
Q23490,A2
Q23491,A2
Q23492,A2
Q23493,A2
Q23494,A2
Q23495,A2
Q23496,A2
Q23497,A2
Q23498,A2
Q23499,A2
Q23500,A2
Q23501,A2
Q23502,A2
Q23503,A2
Q23504,A2
Q23505,A2
Q23506,A2
Q23507,A2
Q23508,A2
Q23509,A2
Q23510,A2
Q23511,A2
Q23512,A2
Q23513,A2
Q23514,A2
Q23515,A2
Q23516,A2
Q23517,A2
Q23518,A2
Q23519,A2
Q23520,A2
Q23521,A2
Q23522,A2
Q23523,A2
Q23524,A2
Q23525,A2
Q23526,A2
Q23527,A2
Q23528,A2
Q23529,A2
Q23530,A2
Q23531,A2
Q23532,A2
Q23533,A2
Q23534,A2
Q23535,A2
Q23536,A2
Q23537,A2
Q23538,A2
Q23539,A2
Q23540,A2
Q23541,A2
Q23542,A2
Q23543,A2
Q23544,A2
Q23545,A2
Q23546,A2
Q23547,A2
Q23548,A2
Q23549,A2
Q23550,A2
Q23551,A2
Q23552,A2
Q23553,A2
Q23554,A2
Q23555,A2
Q23556,A2
Q23557,A2
Q23558,A2
Q23559,A2
Q23560,A2
Q23561,A2
Q23562,A2
Q23563,A2
Q23564,A2
Q23565,A2
Q23566,A2
Q23567,A2
Q23568,A2
Q23569,A2
Q23570,A2
Q23571,A2
Q23572,A2
Q23573,A2
Q23574,A2
Q23575,A2
Q23576,A2
Q23577,A2
Q23578,A2
Q23579,A2
Q23580,A2
Q23581,A2
Q23582,A2
Q23583,A2
Q23584,A2
Q23585,A2
Q23586,A2
Q23587,A2
Q23588,A2
Q23589,A2
Q23590,A2
Q23591,A2
Q23592,A2
Q23593,A2
Q23594,A2
Q23595,A2
Q23596,A2
Q23597,A2
Q23598,A2
Q23599,A2
Q23600,A2
Q23601,A2
Q23602,A2
Q23603,A2
Q23604,A2
Q23605,A2
Q23606,A2
Q23607,A2
Q23608,A2
Q23609,A2
Q23610,A2
Q23611,A2
Q23612,A2
Q23613,A2
Q23614,A2
Q23615,A2
Q23616,A2
Q23617,A2
Q23618,A2
Q23619,A2
Q23620,A2
Q23621,A2
Q23622,A2
Q23623,A2
Q23624,A2
Q23625,A2
Q23626,A2
Q23627,A2
Q23628,A2
Q23629,A2
Q23630,A2
Q23631,A2
Q23632,A2
Q23633,A2
Q23634,A2
Q23635,A2
Q23636,A2
Q23637,A2
Q23638,A2
Q23639,A2
Q23640,A2
Q23641,A2
Q23642,A2
Q23643,A2
Q23644,A2
Q23645,A2
Q23646,A2
Q23647,A2
Q23648,A2
Q23649,A2
Q23650,A2
Q23651,A2
Q23652,A2
Q23653,A2
Q23654,A2
Q23655,A2
Q23656,A2
Q23657,A2
Q23658,A2
Q23659,A2
Q23660,A2
Q23661,A2
Q23662,A2
Q23663,A2
Q23664,A2
Q23665,A2
Q23666,A2
Q23667,A2
Q23668,A2
Q23669,A2
Q23670,A2
Q23671,A2
Q23672,A2
Q23673,A2
Q23674,A2
Q23675,A2
Q23676,A2
Q23677,A2
Q23678,A2
Q23679,A2
Q23680,A2
Q23681,A2
Q23682,A2
Q23683,A2
Q23684,A2
Q23685,A2
Q23686,A2
Q23687,A2
Q23688,A2
Q23689,A2
Q23690,A2
Q23691,A2
Q23692,A2
Q23693,A2
Q23694,A2
Q23695,A2
Q23696,A2
Q23697,A2
Q23698,A2
Q23699,A2
Q23700,A2
Q23701,A2
Q23702,A2
Q23703,A2
Q23704,A2
Q23705,A2
Q23706,A2
Q23707,A2
Q23708,A2
Q23709,A2
Q23710,A2
Q23711,A2
Q23712,A2
Q23713,A2
Q23714,A2
Q23715,A2
Q23716,A2
Q23717,A2
Q23718,A2
Q23719,A2
Q23720,A2
Q23721,A2
Q23722,A2
Q23723,A2
Q23724,A2
Q23725,A2
Q23726,A2
Q23727,A2
Q23728,A2
Q23729,A2
Q23730,A2
Q23731,A2
Q23732,A2
Q23733,A2
Q23734,A2
Q23735,A2
Q23736,A2
Q23737,A2
Q23738,A2
Q23739,A2
Q23740,A2
Q23741,A2
Q23742,A2
Q23743,A2
Q23744,A2
Q23745,A2
Q23746,A2
Q23747,A2
Q23748,A2
Q23749,A2
Q23750,A2
Q23751,A2
Q23752,A2
Q23753,A2
Q23754,A2
Q23755,A2
Q23756,A2
Q23757,A2
Q23758,A2
Q23759,A2
Q23760,A2
Q23761,A2
Q23762,A2
Q23763,A2
Q23764,A2
Q23765,A2
Q23766,A2
Q23767,A2
Q23768,A2
Q23769,A2
Q23770,A2
Q23771,A2
Q23772,A2
Q23773,A2
Q23774,A2
Q23775,A2
Q23776,A2
Q23777,A2
Q23778,A2
Q23779,A2
Q23780,A2
Q23781,A2
Q23782,A2
Q23783,A2
Q23784,A2
Q23785,A2
Q23786,A2
Q23787,A2
Q23788,A2
Q23789,A2
Q23790,A2
Q23791,A2
Q23792,A2
Q23793,A2
Q23794,A2
Q23795,A2
Q23796,A2
Q23797,A2
Q23798,A2
Q23799,A2
Q23800,A2
Q23801,A2
Q23802,A2
Q23803,A2
Q23804,A2
Q23805,A2
Q23806,A2
Q23807,A2
Q23808,A2
Q23809,A2
Q23810,A2
Q23811,A2
Q23812,A2
Q23813,A2
Q23814,A2
Q23815,A2
Q23816,A2
Q23817,A2
Q23818,A2
Q23819,A2
Q23820,A2
Q23821,A2
Q23822,A2
Q23823,A2
Q23824,A2
Q23825,A2
Q23826,A2
Q23827,A2
Q23828,A2
Q23829,A2
Q23830,A2
Q23831,A2
Q23832,A2
Q23833,A2
Q23834,A2
Q23835,A2
Q23836,A2
Q23837,A2
Q23838,A2
Q23839,A2
Q23840,A2
Q23841,A2
Q23842,A2
Q23843,A2
Q23844,A2
Q23845,A2
Q23846,A2
Q23847,A2
Q23848,A2
Q23849,A2
Q23850,A2
Q23851,A2
Q23852,A2
Q23853,A2
Q23854,A2
Q23855,A2
Q23856,A2
Q23857,A2
Q23858,A2
Q23859,A2
Q23860,A2
Q23861,A2
Q23862,A2
Q23863,A2
Q23864,A2
Q23865,A2
Q23866,A2
Q23867,A2
Q23868,A2
Q23869,A2
Q23870,A2
Q23871,A2
Q23872,A2
Q23873,A2
Q23874,A2
Q23875,A2
Q23876,A2
Q23877,A2
Q23878,A2
Q23879,A2
Q23880,A2
Q23881,A2
Q23882,A2
Q23883,A2
Q23884,A2
Q23885,A2
Q23886,A2
Q23887,A2
Q23888,A2
Q23889,A2
Q23890,A2
Q23891,A2
Q23892,A2
Q23893,A2
Q23894,A2
Q23895,A2
Q23896,A2
Q23897,A2
Q23898,A2
Q23899,A2
Q23900,A2
Q23901,A2
Q23902,A2
Q23903,A2
Q23904,A2
Q23905,A2
Q23906,A2
Q23907,A2
Q23908,A2
Q23909,A2
Q23910,A2
Q23911,A2
Q23912,A2
Q23913,A2
Q23914,A2
Q23915,A2
Q23916,A2
Q23917,A2
Q23918,A2
Q23919,A2
Q23920,A2
Q23921,A2
Q23922,A2
Q23923,A2
Q23924,A2
Q23925,A2
Q23926,A2
Q23927,A2
Q23928,A2
Q23929,A2
Q23930,A2
Q23931,A2
Q23932,A2
Q23933,A2
Q23934,A2
Q23935,A2
Q23936,A2
Q23937,A2
Q23938,A2
Q23939,A2
Q23940,A2
Q23941,A2
Q23942,A2
Q23943,A2
Q23944,A2
Q23945,A2
Q23946,A2
Q23947,A2
Q23948,A2
Q23949,A2
Q23950,A2
Q23951,A2
Q23952,A2
Q23953,A2
Q23954,A2
Q23955,A2
Q23956,A2
Q23957,A2
Q23958,A2
Q23959,A2
Q23960,A2
Q23961,A2
Q23962,A2
Q23963,A2
Q23964,A2
Q23965,A2
Q23966,A2
Q23967,A2
Q23968,A2
Q23969,A2
Q23970,A2
Q23971,A2
Q23972,A2
Q23973,A2
Q23974,A2
Q23975,A2
Q23976,A2
Q23977,A2
Q23978,A2
Q23979,A2
Q23980,A2
Q23981,A2
Q23982,A2
Q23983,A2
Q23984,A2
Q23985,A2
Q23986,A2
Q23987,A2
Q23988,A2
Q23989,A2
Q23990,A2
Q23991,A2
Q23992,A2
Q23993,A2
Q23994,A2
Q23995,A2
Q23996,A2
Q23997,A2
Q23998,A2
Q23999,A2
Q24000,A2
Q24001,A2
Q24002,A2
Q24003,A2
Q24004,A2
Q24005,A2
Q24006,A2
Q24007,A2
Q24008,A2
Q24009,A2
Q24010,A2
Q24011,A2
Q24012,A2
Q24013,A2
Q24014,A2
Q24015,A2
Q24016,A2
Q24017,A2
Q24018,A2
Q24019,A2
Q24020,A2
Q24021,A2
Q24022,A2
Q24023,A2
Q24024,A2
Q24025,A2
Q24026,A2
Q24027,A2
Q24028,A2
Q24029,A2
Q24030,A2
Q24031,A2
Q24032,A2
Q24033,A2
Q24034,A2
Q24035,A2
Q24036,A2
Q24037,A2
Q24038,A2
Q24039,A2
Q24040,A2
Q24041,A2
Q24042,A2
Q24043,A2
Q24044,A2
Q24045,A2
Q24046,A2
Q24047,A2
Q24048,A2
Q24049,A2
Q24050,A2
Q24051,A2
Q24052,A2
Q24053,A2
Q24054,A2
Q24055,A2
Q24056,A2
Q24057,A2
Q24058,A2
Q24059,A2
Q24060,A2
Q24061,A2
Q24062,A2
Q24063,A2
Q24064,A2
Q24065,A2
Q24066,A2
Q24067,A2
Q24068,A2
Q24069,A2
Q24070,A2
Q24071,A2
Q24072,A2
Q24073,A2
Q24074,A2
Q24075,A2
Q24076,A2
Q24077,A2
Q24078,A2
Q24079,A2
Q24080,A2
Q24081,A2
Q24082,A2
Q24083,A2
Q24084,A2
Q24085,A2
Q24086,A2
Q24087,A2
Q24088,A2
Q24089,A2
Q24090,A2
Q24091,A2
Q24092,A2
Q24093,A2
Q24094,A2
Q24095,A2
Q24096,A2
Q24097,A2
Q24098,A2
Q24099,A2
Q24100,A2
Q24101,A2
Q24102,A2
Q24103,A2
Q24104,A2
Q24105,A2
Q24106,A2
Q24107,A2
Q24108,A2
Q24109,A2
Q24110,A2
Q24111,A2
Q24112,A2
Q24113,A2
Q24114,A2
Q24115,A2
Q24116,A2
Q24117,A2
Q24118,A2
Q24119,A2
Q24120,A2
Q24121,A2
Q24122,A2
Q24123,A2
Q24124,A2
Q24125,A2
Q24126,A2
Q24127,A2
Q24128,A2
Q24129,A2
Q24130,A2
Q24131,A2
Q24132,A2
Q24133,A2
Q24134,A2
Q24135,A2
Q24136,A2
Q24137,A2
Q24138,A2
Q24139,A2
Q24140,A2
Q24141,A2
Q24142,A2
Q24143,A2
Q24144,A2
Q24145,A2
Q24146,A2
Q24147,A2
Q24148,A2
Q24149,A2
Q24150,A2
Q24151,A2
Q24152,A2
Q24153,A2
Q24154,A2
Q24155,A2
Q24156,A2
Q24157,A2
Q24158,A2
Q24159,A2
Q24160,A2
Q24161,A2
Q24162,A2
Q24163,A2
Q24164,A2
Q24165,A2
Q24166,A2
Q24167,A2
Q24168,A2
Q24169,A2
Q24170,A2
Q24171,A2
Q24172,A2
Q24173,A2
Q24174,A2
Q24175,A2
Q24176,A2
Q24177,A2
Q24178,A2
Q24179,A2
Q24180,A2
Q24181,A2
Q24182,A2
Q24183,A2
Q24184,A2
Q24185,A2
Q24186,A2
Q24187,A2
Q24188,A2
Q24189,A2
Q24190,A2
Q24191,A2
Q24192,A2
Q24193,A2
Q24194,A2
Q24195,A2
Q24196,A2
Q24197,A2
Q24198,A2
Q24199,A2
Q24200,A2
Q24201,A2
Q24202,A2
Q24203,A2
Q24204,A2
Q24205,A2
Q24206,A2
Q24207,A2
Q24208,A2
Q24209,A2
Q24210,A2
Q24211,A2
Q24212,A2
Q24213,A2
Q24214,A2
Q24215,A2
Q24216,A2
Q24217,A2
Q24218,A2
Q24219,A2
Q24220,A2
Q24221,A2
Q24222,A2
Q24223,A2
Q24224,A2
Q24225,A2
Q24226,A2
Q24227,A2
Q24228,A2
Q24229,A2
Q24230,A2
Q24231,A2
Q24232,A2
Q24233,A2
Q24234,A2
Q24235,A2
Q24236,A2
Q24237,A2
Q24238,A2
Q24239,A2
Q24240,A2
Q24241,A2
Q24242,A2
Q24243,A2
Q24244,A2
Q24245,A2
Q24246,A2
Q24247,A2
Q24248,A2
Q24249,A2
Q24250,A2
Q24251,A2
Q24252,A2
Q24253,A2
Q24254,A2
Q24255,A2
Q24256,A2
Q24257,A2
Q24258,A2
Q24259,A2
Q24260,A2
Q24261,A2
Q24262,A2
Q24263,A2
Q24264,A2
Q24265,A2
Q24266,A2
Q24267,A2
Q24268,A2
Q24269,A2
Q24270,A2
Q24271,A2
Q24272,A2
Q24273,A2
Q24274,A2
Q24275,A2
Q24276,A2
Q24277,A2
Q24278,A2
Q24279,A2
Q24280,A2
Q24281,A2
Q24282,A2
Q24283,A2
Q24284,A2
Q24285,A2
Q24286,A2
Q24287,A2
Q24288,A2
Q24289,A2
Q24290,A2
Q24291,A2
Q24292,A2
Q24293,A2
Q24294,A2
Q24295,A2
Q24296,A2
Q24297,A2
Q24298,A2
Q24299,A2
Q24300,A2
Q24301,A2
Q24302,A2
Q24303,A2
Q24304,A2
Q24305,A2
Q24306,A2
Q24307,A2
Q24308,A2
Q24309,A2
Q24310,A2
Q24311,A2
Q24312,A2
Q24313,A2
Q24314,A2
Q24315,A2
Q24316,A2
Q24317,A2
Q24318,A2
Q24319,A2
Q24320,A2
Q24321,A2
Q24322,A2
Q24323,A2
Q24324,A2
Q24325,A2
Q24326,A2
Q24327,A2
Q24328,A2
Q24329,A2
Q24330,A2
Q24331,A2
Q24332,A2
Q24333,A2
Q24334,A2
Q24335,A2
Q24336,A2
Q24337,A2
Q24338,A2
Q24339,A2
Q24340,A2
Q24341,A2
Q24342,A2
Q24343,A2
Q24344,A2
Q24345,A2
Q24346,A2
Q24347,A2
Q24348,A2
Q24349,A2
Q24350,A2
Q24351,A2
Q24352,A2
Q24353,A2
Q24354,A2
Q24355,A2
Q24356,A2
Q24357,A2
Q24358,A2
Q24359,A2
Q24360,A2
Q24361,A2
Q24362,A2
Q24363,A2
Q24364,A2
Q24365,A2
Q24366,A2
Q24367,A2
Q24368,A2
Q24369,A2
Q24370,A2
Q24371,A2
Q24372,A2
Q24373,A2
Q24374,A2
Q24375,A2
Q24376,A2
Q24377,A2
Q24378,A2
Q24379,A2
Q24380,A2
Q24381,A2
Q24382,A2
Q24383,A2
Q24384,A2
Q24385,A2
Q24386,A2
Q24387,A2
Q24388,A2
Q24389,A2
Q24390,A2
Q24391,A2
Q24392,A2
Q24393,A2
Q24394,A2
Q24395,A2
Q24396,A2
Q24397,A2
Q24398,A2
Q24399,A2
Q24400,A2
Q24401,A2
Q24402,A2
Q24403,A2
Q24404,A2
Q24405,A2
Q24406,A2
Q24407,A2
Q24408,A2
Q24409,A2
Q24410,A2
Q24411,A2
Q24412,A2
Q24413,A2
Q24414,A2
Q24415,A2
Q24416,A2
Q24417,A2
Q24418,A2
Q24419,A2
Q24420,A2
Q24421,A2
Q24422,A2
Q24423,A2
Q24424,A2
Q24425,A2
Q24426,A2
Q24427,A2
Q24428,A2
Q24429,A2
Q24430,A2
Q24431,A2
Q24432,A2
Q24433,A2
Q24434,A2
Q24435,A2
Q24436,A2
Q24437,A2
Q24438,A2
Q24439,A2
Q24440,A2
Q24441,A2
Q24442,A2
Q24443,A2
Q24444,A2
Q24445,A2
Q24446,A2
Q24447,A2
Q24448,A2
Q24449,A2
Q24450,A2
Q24451,A2
Q24452,A2
Q24453,A2
Q24454,A2
Q24455,A2
Q24456,A2
Q24457,A2
Q24458,A2
Q24459,A2
Q24460,A2
Q24461,A2
Q24462,A2
Q24463,A2
Q24464,A2
Q24465,A2
Q24466,A2
Q24467,A2
Q24468,A2
Q24469,A2
Q24470,A2
Q24471,A2
Q24472,A2
Q24473,A2
Q24474,A2
Q24475,A2
Q24476,A2
Q24477,A2
Q24478,A2
Q24479,A2
Q24480,A2
Q24481,A2
Q24482,A2
Q24483,A2
Q24484,A2
Q24485,A2
Q24486,A2
Q24487,A2
Q24488,A2
Q24489,A2
Q24490,A2
Q24491,A2
Q24492,A2
Q24493,A2
Q24494,A2
Q24495,A2
Q24496,A2
Q24497,A2
Q24498,A2
Q24499,A2
Q24500,A2
Q24501,A2
Q24502,A2
Q24503,A2
Q24504,A2
Q24505,A2
Q24506,A2
Q24507,A2
Q24508,A2
Q24509,A2
Q24510,A2
Q24511,A2
Q24512,A2
Q24513,A2
Q24514,A2
Q24515,A2
Q24516,A2
Q24517,A2
Q24518,A2
Q24519,A2
Q24520,A2
Q24521,A2
Q24522,A2
Q24523,A2
Q24524,A2
Q24525,A2
Q24526,A2
Q24527,A2
Q24528,A2
Q24529,A2
Q24530,A2
Q24531,A2
Q24532,A2
Q24533,A2
Q24534,A2
Q24535,A2
Q24536,A2
Q24537,A2
Q24538,A2
Q24539,A2
Q24540,A2
Q24541,A2
Q24542,A2
Q24543,A2
Q24544,A2
Q24545,A2
Q24546,A2
Q24547,A2
Q24548,A2
Q24549,A2
Q24550,A2
Q24551,A2
Q24552,A2
Q24553,A2
Q24554,A2
Q24555,A2
Q24556,A2
Q24557,A2
Q24558,A2
Q24559,A2
Q24560,A2
Q24561,A2
Q24562,A2
Q24563,A2
Q24564,A2
Q24565,A2
Q24566,A2
Q24567,A2
Q24568,A2
Q24569,A2
Q24570,A2
Q24571,A2
Q24572,A2
Q24573,A2
Q24574,A2
Q24575,A2
Q24576,A2
Q24577,A2
Q24578,A2
Q24579,A2
Q24580,A2
Q24581,A2
Q24582,A2
Q24583,A2
Q24584,A2
Q24585,A2
Q24586,A2
Q24587,A2
Q24588,A2
Q24589,A2
Q24590,A2
Q24591,A2
Q24592,A2
Q24593,A2
Q24594,A2
Q24595,A2
Q24596,A2
Q24597,A2
Q24598,A2
Q24599,A2
Q24600,A2
Q24601,A2
Q24602,A2
Q24603,A2
Q24604,A2
Q24605,A2
Q24606,A2
Q24607,A2
Q24608,A2
Q24609,A2
Q24610,A2
Q24611,A2
Q24612,A2
Q24613,A2
Q24614,A2
Q24615,A2
Q24616,A2
Q24617,A2
Q24618,A2
Q24619,A2
Q24620,A2
Q24621,A2
Q24622,A2
Q24623,A2
Q24624,A2
Q24625,A2
Q24626,A2
Q24627,A2
Q24628,A2
Q24629,A2
Q24630,A2
Q24631,A2
Q24632,A2
Q24633,A2
Q24634,A2
Q24635,A2
Q24636,A2
Q24637,A2
Q24638,A2
Q24639,A2
Q24640,A2
Q24641,A2
Q24642,A2
Q24643,A2
Q24644,A2
Q24645,A2
Q24646,A2
Q24647,A2
Q24648,A2
Q24649,A2
Q24650,A2
Q24651,A2
Q24652,A2
Q24653,A2
Q24654,A2
Q24655,A2
Q24656,A2
Q24657,A2
Q24658,A2
Q24659,A2
Q24660,A2
Q24661,A2
Q24662,A2
Q24663,A2
Q24664,A2
Q24665,A2
Q24666,A2
Q24667,A2
Q24668,A2
Q24669,A2
Q24670,A2
Q24671,A2
Q24672,A2
Q24673,A2
Q24674,A2
Q24675,A2
Q24676,A2
Q24677,A2
Q24678,A2
Q24679,A2
Q24680,A2
Q24681,A2
Q24682,A2
Q24683,A2
Q24684,A2
Q24685,A2
Q24686,A2
Q24687,A2
Q24688,A2
Q24689,A2
Q24690,A2
Q24691,A2
Q24692,A2
Q24693,A2
Q24694,A2
Q24695,A2
Q24696,A2
Q24697,A2
Q24698,A2
Q24699,A2
Q24700,A2
Q24701,A2
Q24702,A2
Q24703,A2
Q24704,A2
Q24705,A2
Q24706,A2
Q24707,A2
Q24708,A2
Q24709,A2
Q24710,A2
Q24711,A2
Q24712,A2
Q24713,A2
Q24714,A2
Q24715,A2
Q24716,A2
Q24717,A2
Q24718,A2
Q24719,A2
Q24720,A2
Q24721,A2
Q24722,A2
Q24723,A2
Q24724,A2
Q24725,A2
Q24726,A2
Q24727,A2
Q24728,A2
Q24729,A2
Q24730,A2
Q24731,A2
Q24732,A2
Q24733,A2
Q24734,A2
Q24735,A2
Q24736,A2
Q24737,A2
Q24738,A2
Q24739,A2
Q24740,A2
Q24741,A2
Q24742,A2
Q24743,A2
Q24744,A2
Q24745,A2
Q24746,A2
Q24747,A2
Q24748,A2
Q24749,A2
Q24750,A2
Q24751,A2
Q24752,A2
Q24753,A2
Q24754,A2
Q24755,A2
Q24756,A2
Q24757,A2
Q24758,A2
Q24759,A2
Q24760,A2
Q24761,A2
Q24762,A2
Q24763,A2
Q24764,A2
Q24765,A2
Q24766,A2
Q24767,A2
Q24768,A2
Q24769,A2
Q24770,A2
Q24771,A2
Q24772,A2
Q24773,A2
Q24774,A2
Q24775,A2
Q24776,A2
Q24777,A2
Q24778,A2
Q24779,A2
Q24780,A2
Q24781,A2
Q24782,A2
Q24783,A2
Q24784,A2
Q24785,A2
Q24786,A2
Q24787,A2
Q24788,A2
Q24789,A2
Q24790,A2
Q24791,A2
Q24792,A2
Q24793,A2
Q24794,A2
Q24795,A2
Q24796,A2
Q24797,A2
Q24798,A2
Q24799,A2
Q24800,A2
Q24801,A2
Q24802,A2
Q24803,A2
Q24804,A2
Q24805,A2
Q24806,A2
Q24807,A2
Q24808,A2
Q24809,A2
Q24810,A2
Q24811,A2
Q24812,A2
Q24813,A2
Q24814,A2
Q24815,A2
Q24816,A2
Q24817,A2
Q24818,A2
Q24819,A2
Q24820,A2
Q24821,A2
Q24822,A2
Q24823,A2
Q24824,A2
Q24825,A2
Q24826,A2
Q24827,A2
Q24828,A2
Q24829,A2
Q24830,A2
Q24831,A2
Q24832,A2
Q24833,A2
Q24834,A2
Q24835,A2
Q24836,A2
Q24837,A2
Q24838,A2
Q24839,A2
Q24840,A2
Q24841,A2
Q24842,A2
Q24843,A2
Q24844,A2
Q24845,A2
Q24846,A2
Q24847,A2
Q24848,A2
Q24849,A2
Q24850,A2
Q24851,A2
Q24852,A2
Q24853,A2
Q24854,A2
Q24855,A2
Q24856,A2
Q24857,A2
Q24858,A2
Q24859,A2
Q24860,A2
Q24861,A2
Q24862,A2
Q24863,A2
Q24864,A2
Q24865,A2
Q24866,A2
Q24867,A2
Q24868,A2
Q24869,A2
Q24870,A2
Q24871,A2
Q24872,A2
Q24873,A2
Q24874,A2
Q24875,A2
Q24876,A2
Q24877,A2
Q24878,A2
Q24879,A2
Q24880,A2
Q24881,A2
Q24882,A2
Q24883,A2
Q24884,A2
Q24885,A2
Q24886,A2
Q24887,A2
Q24888,A2
Q24889,A2
Q24890,A2
Q24891,A2
Q24892,A2
Q24893,A2
Q24894,A2
Q24895,A2
Q24896,A2
Q24897,A2
Q24898,A2
Q24899,A2
Q24900,A2
Q24901,A2
Q24902,A2
Q24903,A2
Q24904,A2
Q24905,A2
Q24906,A2
Q24907,A2
Q24908,A2
Q24909,A2
Q24910,A2
Q24911,A2
Q24912,A2
Q24913,A2
Q24914,A2
Q24915,A2
Q24916,A2
Q24917,A2
Q24918,A2
Q24919,A2
Q24920,A2
Q24921,A2
Q24922,A2
Q24923,A2
Q24924,A2
Q24925,A2
Q24926,A2
Q24927,A2
Q24928,A2
Q24929,A2
Q24930,A2
Q24931,A2
Q24932,A2
Q24933,A2
Q24934,A2
Q24935,A2
Q24936,A2
Q24937,A2
Q24938,A2
Q24939,A2
Q24940,A2
Q24941,A2
Q24942,A2
Q24943,A2
Q24944,A2
Q24945,A2
Q24946,A2
Q24947,A2
Q24948,A2
Q24949,A2
Q24950,A2
Q24951,A2
Q24952,A2
Q24953,A2
Q24954,A2
Q24955,A2
Q24956,A2
Q24957,A2
Q24958,A2
Q24959,A2
Q24960,A2
Q24961,A2
Q24962,A2
Q24963,A2
Q24964,A2
Q24965,A2
Q24966,A2
Q24967,A2
Q24968,A2
Q24969,A2
Q24970,A2
Q24971,A2
Q24972,A2
Q24973,A2
Q24974,A2
Q24975,A2
Q24976,A2
Q24977,A2
Q24978,A2
Q24979,A2
Q24980,A2
Q24981,A2
Q24982,A2
Q24983,A2
Q24984,A2
Q24985,A2
Q24986,A2
Q24987,A2
Q24988,A2
Q24989,A2
Q24990,A2
Q24991,A2
Q24992,A2
Q24993,A2
Q24994,A2
Q24995,A2
Q24996,A2
Q24997,A2
Q24998,A2
Q24999,A2
Q25000,A2
Q25001,A2
Q25002,A2
Q25003,A2
Q25004,A2
Q25005,A2
Q25006,A2
Q25007,A2
Q25008,A2
Q25009,A2
Q25010,A2
Q25011,A2
Q25012,A2
Q25013,A2
Q25014,A2
Q25015,A2
Q25016,A2
Q25017,A2
Q25018,A2
Q25019,A2
Q25020,A2
Q25021,A2
Q25022,A2
Q25023,A2
Q25024,A2
Q25025,A2
Q25026,A2
Q25027,A2
Q25028,A2
Q25029,A2
Q25030,A2
Q25031,A2
Q25032,A2
Q25033,A2
Q25034,A2
Q25035,A2
Q25036,A2
Q25037,A2
Q25038,A2
Q25039,A2
Q25040,A2
Q25041,A2
Q25042,A2
Q25043,A2
Q25044,A2
Q25045,A2
Q25046,A2
Q25047,A2
Q25048,A2
Q25049,A2
Q25050,A2
Q25051,A2
Q25052,A2
Q25053,A2
Q25054,A2
Q25055,A2
Q25056,A2
Q25057,A2
Q25058,A2
Q25059,A2
Q25060,A2
Q25061,A2
Q25062,A2
Q25063,A2
Q25064,A2
Q25065,A2
Q25066,A2
Q25067,A2
Q25068,A2
Q25069,A2
Q25070,A2
Q25071,A2
Q25072,A2
Q25073,A2
Q25074,A2
Q25075,A2
Q25076,A2
Q25077,A2
Q25078,A2
Q25079,A2
Q25080,A2
Q25081,A2
Q25082,A2
Q25083,A2
Q25084,A2
Q25085,A2
Q25086,A2
Q25087,A2
Q25088,A2
Q25089,A2
Q25090,A2
Q25091,A2
Q25092,A2
Q25093,A2
Q25094,A2
Q25095,A2
Q25096,A2
Q25097,A2
Q25098,A2
Q25099,A2
Q25100,A2
Q25101,A2
Q25102,A2
Q25103,A2
Q25104,A2
Q25105,A2
Q25106,A2
Q25107,A2
Q25108,A2
Q25109,A2
Q25110,A2
Q25111,A2
Q25112,A2
Q25113,A2
Q25114,A2
Q25115,A2
Q25116,A2
Q25117,A2
Q25118,A2
Q25119,A2
Q25120,A2
Q25121,A2
Q25122,A2
Q25123,A2
Q25124,A2
Q25125,A2
Q25126,A2
Q25127,A2
Q25128,A2
Q25129,A2
Q25130,A2
Q25131,A2
Q25132,A2
Q25133,A2
Q25134,A2
Q25135,A2
Q25136,A2
Q25137,A2
Q25138,A2
Q25139,A2
Q25140,A2
Q25141,A2
Q25142,A2
Q25143,A2
Q25144,A2
Q25145,A2
Q25146,A2
Q25147,A2
Q25148,A2
Q25149,A2
Q25150,A2
Q25151,A2
Q25152,A2
Q25153,A2
Q25154,A2
Q25155,A2
Q25156,A2
Q25157,A2
Q25158,A2
Q25159,A2
Q25160,A2
Q25161,A2
Q25162,A2
Q25163,A2
Q25164,A2
Q25165,A2
Q25166,A2
Q25167,A2
Q25168,A2
Q25169,A2
Q25170,A2
Q25171,A2
Q25172,A2
Q25173,A2
Q25174,A2
Q25175,A2
Q25176,A2
Q25177,A2
Q25178,A2
Q25179,A2
Q25180,A2
Q25181,A2
Q25182,A2
Q25183,A2
Q25184,A2
Q25185,A2
Q25186,A2
Q25187,A2
Q25188,A2
Q25189,A2
Q25190,A2
Q25191,A2
Q25192,A2
Q25193,A2
Q25194,A2
Q25195,A2
Q25196,A2
Q25197,A2
Q25198,A2
Q25199,A2
Q25200,A2
Q25201,A2
Q25202,A2
Q25203,A2
Q25204,A2
Q25205,A2
Q25206,A2
Q25207,A2
Q25208,A2
Q25209,A2
Q25210,A2
Q25211,A2
Q25212,A2
Q25213,A2
Q25214,A2
Q25215,A2
Q25216,A2
Q25217,A2
Q25218,A2
Q25219,A2
Q25220,A2
Q25221,A2
Q25222,A2
Q25223,A2
Q25224,A2
Q25225,A2
Q25226,A2
Q25227,A2
Q25228,A2
Q25229,A2
Q25230,A2
Q25231,A2
Q25232,A2
Q25233,A2
Q25234,A2
Q25235,A2
Q25236,A2
Q25237,A2
Q25238,A2
Q25239,A2
Q25240,A2
Q25241,A2
Q25242,A2
Q25243,A2
Q25244,A2
Q25245,A2
Q25246,A2
Q25247,A2
Q25248,A2
Q25249,A2
Q25250,A2
Q25251,A2
Q25252,A2
Q25253,A2
Q25254,A2
Q25255,A2
Q25256,A2
Q25257,A2
Q25258,A2
Q25259,A2
Q25260,A2
Q25261,A2
Q25262,A2
Q25263,A2
Q25264,A2
Q25265,A2
Q25266,A2
Q25267,A2
Q25268,A2
Q25269,A2
Q25270,A2
Q25271,A2
Q25272,A2
Q25273,A2
Q25274,A2
Q25275,A2
Q25276,A2
Q25277,A2
Q25278,A2
Q25279,A2
Q25280,A2
Q25281,A2
Q25282,A2
Q25283,A2
Q25284,A2
Q25285,A2
Q25286,A2
Q25287,A2
Q25288,A2
Q25289,A2
Q25290,A2
Q25291,A2
Q25292,A2
Q25293,A2
Q25294,A2
Q25295,A2
Q25296,A2
Q25297,A2
Q25298,A2
Q25299,A2
Q25300,A2
Q25301,A2
Q25302,A2
Q25303,A2
Q25304,A2
Q25305,A2
Q25306,A2
Q25307,A2
Q25308,A2
Q25309,A2
Q25310,A2
Q25311,A2
Q25312,A2
Q25313,A2
Q25314,A2
Q25315,A2
Q25316,A2
Q25317,A2
Q25318,A2
Q25319,A2
Q25320,A2
Q25321,A2
Q25322,A2
Q25323,A2
Q25324,A2
Q25325,A2
Q25326,A2
Q25327,A2
Q25328,A2
Q25329,A2
Q25330,A2
Q25331,A2
Q25332,A2
Q25333,A2
Q25334,A2
Q25335,A2
Q25336,A2
Q25337,A2
Q25338,A2
Q25339,A2
Q25340,A2
Q25341,A2
Q25342,A2
Q25343,A2
Q25344,A2
Q25345,A2
Q25346,A2
Q25347,A2
Q25348,A2
Q25349,A2
Q25350,A2
Q25351,A2
Q25352,A2
Q25353,A2
Q25354,A2
Q25355,A2
Q25356,A2
Q25357,A2
Q25358,A2
Q25359,A2
Q25360,A2
Q25361,A2
Q25362,A2
Q25363,A2
Q25364,A2
Q25365,A2
Q25366,A2
Q25367,A2
Q25368,A2
Q25369,A2
Q25370,A2
Q25371,A2
Q25372,A2
Q25373,A2
Q25374,A2
Q25375,A2
Q25376,A2
Q25377,A2
Q25378,A2
Q25379,A2
Q25380,A2
Q25381,A2
Q25382,A2
Q25383,A2
Q25384,A2
Q25385,A2
Q25386,A2
Q25387,A2
Q25388,A2
Q25389,A2
Q25390,A2
Q25391,A2
Q25392,A2
Q25393,A2
Q25394,A2
Q25395,A2
Q25396,A2
Q25397,A2
Q25398,A2
Q25399,A2
Q25400,A2
Q25401,A2
Q25402,A2
Q25403,A2
Q25404,A2
Q25405,A2
Q25406,A2
Q25407,A2
Q25408,A2
Q25409,A2
Q25410,A2
Q25411,A2
Q25412,A2
Q25413,A2
Q25414,A2
Q25415,A2
Q25416,A2
Q25417,A2
Q25418,A2
Q25419,A2
Q25420,A2
Q25421,A2
Q25422,A2
Q25423,A2
Q25424,A2
Q25425,A2
Q25426,A2
Q25427,A2
Q25428,A2
Q25429,A2
Q25430,A2
Q25431,A2
Q25432,A2
Q25433,A2
Q25434,A2
Q25435,A2
Q25436,A2
Q25437,A2
Q25438,A2
Q25439,A2
Q25440,A2
Q25441,A2
Q25442,A2
Q25443,A2
Q25444,A2
Q25445,A2
Q25446,A2
Q25447,A2
Q25448,A2
Q25449,A2
Q25450,A2
Q25451,A2
Q25452,A2
Q25453,A2
Q25454,A2
Q25455,A2
Q25456,A2
Q25457,A2
Q25458,A2
Q25459,A2
Q25460,A2
Q25461,A2
Q25462,A2
Q25463,A2
Q25464,A2
Q25465,A2
Q25466,A2
Q25467,A2
Q25468,A2
Q25469,A2
Q25470,A2
Q25471,A2
Q25472,A2
Q25473,A2
Q25474,A2
Q25475,A2
Q25476,A2
Q25477,A2
Q25478,A2
Q25479,A2
Q25480,A2
Q25481,A2
Q25482,A2
Q25483,A2
Q25484,A2
Q25485,A2
Q25486,A2
Q25487,A2
Q25488,A2
Q25489,A2
Q25490,A2
Q25491,A2
Q25492,A2
Q25493,A2
Q25494,A2
Q25495,A2
Q25496,A2
Q25497,A2
Q25498,A2
Q25499,A2
Q25500,A2
Q25501,A2
Q25502,A2
Q25503,A2
Q25504,A2
Q25505,A2
Q25506,A2
Q25507,A2
Q25508,A2
Q25509,A2
Q25510,A2
Q25511,A2
Q25512,A2
Q25513,A2
Q25514,A2
Q25515,A2
Q25516,A2
Q25517,A2
Q25518,A2
Q25519,A2
Q25520,A2
Q25521,A2
Q25522,A2
Q25523,A2
Q25524,A2
Q25525,A2
Q25526,A2
Q25527,A2
Q25528,A2
Q25529,A2
Q25530,A2
Q25531,A2
Q25532,A2
Q25533,A2
Q25534,A2
Q25535,A2
Q25536,A2
Q25537,A2
Q25538,A2
Q25539,A2
Q25540,A2
Q25541,A2
Q25542,A2
Q25543,A2
Q25544,A2
Q25545,A2
Q25546,A2
Q25547,A2
Q25548,A2
Q25549,A2
Q25550,A2
Q25551,A2
Q25552,A2
Q25553,A2
Q25554,A2
Q25555,A2
Q25556,A2
Q25557,A2
Q25558,A2
Q25559,A2
Q25560,A2
Q25561,A2
Q25562,A2
Q25563,A2
Q25564,A2
Q25565,A2
Q25566,A2
Q25567,A2
Q25568,A2
Q25569,A2
Q25570,A2
Q25571,A2
Q25572,A2
Q25573,A2
Q25574,A2
Q25575,A2
Q25576,A2
Q25577,A2
Q25578,A2
Q25579,A2
Q25580,A2
Q25581,A2
Q25582,A2
Q25583,A2
Q25584,A2
Q25585,A2
Q25586,A2
Q25587,A2
Q25588,A2
Q25589,A2
Q25590,A2
Q25591,A2
Q25592,A2
Q25593,A2
Q25594,A2
Q25595,A2
Q25596,A2
Q25597,A2
Q25598,A2
Q25599,A2
Q25600,A2
Q25601,A2
Q25602,A2
Q25603,A2
Q25604,A2
Q25605,A2
Q25606,A2
Q25607,A2
Q25608,A2
Q25609,A2
Q25610,A2
Q25611,A2
Q25612,A2
Q25613,A2
Q25614,A2
Q25615,A2
Q25616,A2
Q25617,A2
Q25618,A2
Q25619,A2
Q25620,A2
Q25621,A2
Q25622,A2
Q25623,A2
Q25624,A2
Q25625,A2
Q25626,A2
Q25627,A2
Q25628,A2
Q25629,A2
Q25630,A2
Q25631,A2
Q25632,A2
Q25633,A2
Q25634,A2
Q25635,A2
Q25636,A2
Q25637,A2
Q25638,A2
Q25639,A2
Q25640,A2
Q25641,A2
Q25642,A2
Q25643,A2
Q25644,A2
Q25645,A2
Q25646,A2
Q25647,A2
Q25648,A2
Q25649,A2
Q25650,A2
Q25651,A2
Q25652,A2
Q25653,A2
Q25654,A2
Q25655,A2
Q25656,A2
Q25657,A2
Q25658,A2
Q25659,A2
Q25660,A2
Q25661,A2
Q25662,A2
Q25663,A2
Q25664,A2
Q25665,A2
Q25666,A2
Q25667,A2
Q25668,A2
Q25669,A2
Q25670,A2
Q25671,A2
Q25672,A2
Q25673,A2
Q25674,A2
Q25675,A2
Q25676,A2
Q25677,A2
Q25678,A2
Q25679,A2
Q25680,A2
Q25681,A2
Q25682,A2
Q25683,A2
Q25684,A2
Q25685,A2
Q25686,A2
Q25687,A2
Q25688,A2
Q25689,A2
Q25690,A2
Q25691,A2
Q25692,A2
Q25693,A2
Q25694,A2
Q25695,A2
Q25696,A2
Q25697,A2
Q25698,A2
Q25699,A2
Q25700,A2
Q25701,A2
Q25702,A2
Q25703,A2
Q25704,A2
Q25705,A2
Q25706,A2
Q25707,A2
Q25708,A2
Q25709,A2
Q25710,A2
Q25711,A2
Q25712,A2
Q25713,A2
Q25714,A2
Q25715,A2
Q25716,A2
Q25717,A2
Q25718,A2
Q25719,A2
Q25720,A2
Q25721,A2
Q25722,A2
Q25723,A2
Q25724,A2
Q25725,A2
Q25726,A2
Q25727,A2
Q25728,A2
Q25729,A2
Q25730,A2
Q25731,A2
Q25732,A2
Q25733,A2
Q25734,A2
Q25735,A2
Q25736,A2
Q25737,A2
Q25738,A2
Q25739,A2
Q25740,A2
Q25741,A2
Q25742,A2
Q25743,A2
Q25744,A2
Q25745,A2
Q25746,A2
Q25747,A2
Q25748,A2
Q25749,A2
Q25750,A2
Q25751,A2
Q25752,A2
Q25753,A2
Q25754,A2
Q25755,A2
Q25756,A2
Q25757,A2
Q25758,A2
Q25759,A2
Q25760,A2
Q25761,A2
Q25762,A2
Q25763,A2
Q25764,A2
Q25765,A2
Q25766,A2
Q25767,A2
Q25768,A2
Q25769,A2
Q25770,A2
Q25771,A2
Q25772,A2
Q25773,A2
Q25774,A2
Q25775,A2
Q25776,A2
Q25777,A2
Q25778,A2
Q25779,A2
Q25780,A2
Q25781,A2
Q25782,A2
Q25783,A2
Q25784,A2
Q25785,A2
Q25786,A2
Q25787,A2
Q25788,A2
Q25789,A2
Q25790,A2
Q25791,A2
Q25792,A2
Q25793,A2
Q25794,A2
Q25795,A2
Q25796,A2
Q25797,A2
Q25798,A2
Q25799,A2
Q25800,A2
Q25801,A2
Q25802,A2
Q25803,A2
Q25804,A2
Q25805,A2
Q25806,A2
Q25807,A2
Q25808,A2
Q25809,A2
Q25810,A2
Q25811,A2
Q25812,A2
Q25813,A2
Q25814,A2
Q25815,A2
Q25816,A2
Q25817,A2
Q25818,A2
Q25819,A2
Q25820,A2
Q25821,A2
Q25822,A2
Q25823,A2
Q25824,A2
Q25825,A2
Q25826,A2
Q25827,A2
Q25828,A2
Q25829,A2
Q25830,A2
Q25831,A2
Q25832,A2
Q25833,A2
Q25834,A2
Q25835,A2
Q25836,A2
Q25837,A2
Q25838,A2
Q25839,A2
Q25840,A2
Q25841,A1
Q25842,A1
Q25843,A1
Q25844,A1
Q25845,A1
Q25846,A1
Q25847,A1
Q25848,A1
Q25849,A1
Q25850,A1
Q25851,A1
Q25852,A1
Q25853,A1
Q25854,A1
Q25855,A1
Q25856,A1
Q25857,A1
Q25858,A1
Q25859,A1
Q25860,A1
Q25861,A1
Q25862,A1
Q25863,A1
Q25864,A1
Q25865,A1
Q25866,A1
Q25867,A1
Q25868,A1
Q25869,A1
Q25870,A1
Q25871,A1
Q25872,A1
Q25873,A1
Q25874,A1
Q25875,A1
Q25876,A1
Q25877,A1
Q25878,A1
Q25879,A1
Q25880,A1
Q25881,A1
Q25882,A1
Q25883,A1
Q25884,A1
Q25885,A1
Q25886,A1
Q25887,A1
Q25888,A1
Q25889,A1
Q25890,A1
Q25891,A1
Q25892,A1
Q25893,A1
Q25894,A1
Q25895,A1
Q25896,A1
Q25897,A1
Q25898,A1
Q25899,A1
Q25900,A1
Q25901,A1
Q25902,A1
Q25903,A1
Q25904,A1
Q25905,A1
Q25906,A1
Q25907,A1
Q25908,A1
Q25909,A1
Q25910,A1
Q25911,A1
Q25912,A1
Q25913,A1
Q25914,A1
Q25915,A1
Q25916,A1
Q25917,A1
Q25918,A1
Q25919,A1
Q25920,A1
Q25921,A1
Q25922,A1
Q25923,A1
Q25924,A1
Q25925,A1
Q25926,A1
Q25927,A1
Q25928,A1
Q25929,A1
Q25930,A1
Q25931,A1
Q25932,A1
Q25933,A1
Q25934,A1
Q25935,A1
Q25936,A1
Q25937,A1
Q25938,A1
Q25939,A1
Q25940,A1
Q25941,A1
Q25942,A1
Q25943,A1
Q25944,A1
Q25945,A1
Q25946,A1
Q25947,A1
Q25948,A1
Q25949,A1
Q25950,A1
Q25951,A1
Q25952,A1
Q25953,A1
Q25954,A1
Q25955,A1
Q25956,A1
Q25957,A1
Q25958,A1
Q25959,A1
Q25960,A1
Q25961,A1
Q25962,A1
Q25963,A1
Q25964,A1
Q25965,A1
Q25966,A1
Q25967,A1
Q25968,A1
Q25969,A1
Q25970,A1
Q25971,A1
Q25972,A1
Q25973,A1
Q25974,A1
Q25975,A1
Q25976,A1
Q25977,A1
Q25978,A1
Q25979,A1
Q25980,A1
Q25981,A1
Q25982,A1
Q25983,A1
Q25984,A1
Q25985,A1
Q25986,A1
Q25987,A1
Q25988,A1
Q25989,A1
Q25990,A1
Q25991,A1
Q25992,A1
Q25993,A1
Q25994,A1
Q25995,A1
Q25996,A1
Q25997,A1
Q25998,A1
Q25999,A1
Q26000,A1
Q26001,A1
Q26002,A1
Q26003,A1
Q26004,A1
Q26005,A1
Q26006,A1
Q26007,A1
Q26008,A1
Q26009,A1
Q26010,A1
Q26011,A1
Q26012,A1
Q26013,A1
Q26014,A1
Q26015,A1
Q26016,A1
Q26017,A1
Q26018,A1
Q26019,A1
Q26020,A1
Q26021,A1
Q26022,A1
Q26023,A1
Q26024,A1
Q26025,A1
Q26026,A1
Q26027,A1
Q26028,A1
Q26029,A1
Q26030,A1
Q26031,A1
Q26032,A1
Q26033,A1
Q26034,A1
Q26035,A1
Q26036,A1
Q26037,A1
Q26038,A1
Q26039,A1
Q26040,A1
Q26041,A1
Q26042,A1
Q26043,A1
Q26044,A1
Q26045,A1
Q26046,A1
Q26047,A1
Q26048,A1
Q26049,A1
Q26050,A1
Q26051,A1
Q26052,A1
Q26053,A1
Q26054,A1
Q26055,A1
Q26056,A1
Q26057,A1
Q26058,A1
Q26059,A1
Q26060,A1
Q26061,A1
Q26062,A1
Q26063,A1
Q26064,A1
Q26065,A1
Q26066,A1
Q26067,A1
Q26068,A1
Q26069,A1
Q26070,A1
Q26071,A1
Q26072,A1
Q26073,A1
Q26074,A1
Q26075,A1
Q26076,A1
Q26077,A1
Q26078,A1
Q26079,A1
Q26080,A1
Q26081,A1
Q26082,A1
Q26083,A1
Q26084,A1
Q26085,A1
Q26086,A1
Q26087,A1
Q26088,A1
Q26089,A1
Q26090,A1
Q26091,A1
Q26092,A1
Q26093,A1
Q26094,A1
Q26095,A1
Q26096,A1
Q26097,A1
Q26098,A1
Q26099,A1
Q26100,A1
Q26101,A1
Q26102,A1
Q26103,A1
Q26104,A1
Q26105,A1
Q26106,A1
Q26107,A1
Q26108,A1
Q26109,A1
Q26110,A1
Q26111,A1
Q26112,A1
Q26113,A1
Q26114,A1
Q26115,A1
Q26116,A1
Q26117,A1
Q26118,A1
Q26119,A1
Q26120,A1
Q26121,A1
Q26122,A1
Q26123,A1
Q26124,A1
Q26125,A1
Q26126,A1
Q26127,A1
Q26128,A1
Q26129,A1
Q26130,A1
Q26131,A1
Q26132,A1
Q26133,A1
Q26134,A1
Q26135,A1
Q26136,A1
Q26137,A1
Q26138,A1
Q26139,A1
Q26140,A1
Q26141,A1
Q26142,A1
Q26143,A1
Q26144,A1
Q26145,A1
Q26146,A1
Q26147,A1
Q26148,A1
Q26149,A1
Q26150,A1
Q26151,A1
Q26152,A1
Q26153,A1
Q26154,A1
Q26155,A1
Q26156,A1
Q26157,A1
Q26158,A1
Q26159,A1
Q26160,A1
Q26161,A1
Q26162,A1
Q26163,A1
Q26164,A1
Q26165,A1
Q26166,A1
Q26167,A1
Q26168,A1
Q26169,A1
Q26170,A1
Q26171,A1
Q26172,A1
Q26173,A1
Q26174,A1
Q26175,A1
Q26176,A1
Q26177,A1
Q26178,A1
Q26179,A1
Q26180,A1
Q26181,A1
Q26182,A1
Q26183,A1
Q26184,A1
Q26185,A1
Q26186,A1
Q26187,A1
Q26188,A1
Q26189,A1
Q26190,A1
Q26191,A1
Q26192,A1
Q26193,A1
Q26194,A1
Q26195,A1
Q26196,A1
Q26197,A1
Q26198,A1
Q26199,A1
Q26200,A1
Q26201,A1
Q26202,A1
Q26203,A1
Q26204,A1
Q26205,A1
Q26206,A1
Q26207,A1
Q26208,A1
Q26209,A1
Q26210,A1
Q26211,A1
Q26212,A1
Q26213,A1
Q26214,A1
Q26215,A1
Q26216,A1
Q26217,A1
Q26218,A1
Q26219,A1
Q26220,A1
Q26221,A1
Q26222,A1
Q26223,A1
Q26224,A1
Q26225,A1
Q26226,A1
Q26227,A1
Q26228,A1
Q26229,A1
Q26230,A1
Q26231,A1
Q26232,A1
Q26233,A1
Q26234,A1
Q26235,A1
Q26236,A1
Q26237,A1
Q26238,A1
Q26239,A1
Q26240,A1
Q26241,A1
Q26242,A1
Q26243,A1
Q26244,A1
Q26245,A1
Q26246,A1
Q26247,A1
Q26248,A1
Q26249,A1
Q26250,A1
Q26251,A1
Q26252,A1
Q26253,A1
Q26254,A1
Q26255,A1
Q26256,A1
Q26257,A1
Q26258,A1
Q26259,A1
Q26260,A1
Q26261,A1
Q26262,A1
Q26263,A1
Q26264,A1
Q26265,A1
Q26266,A1
Q26267,A1
Q26268,A1
Q26269,A1
Q26270,A1
Q26271,A1
Q26272,A1
Q26273,A1
Q26274,A1
Q26275,A1
Q26276,A1
Q26277,A1
Q26278,A1
Q26279,A1
Q26280,A1
Q26281,A1
Q26282,A1
Q26283,A1
Q26284,A1
Q26285,A1
Q26286,A1
Q26287,A1
Q26288,A1
Q26289,A1
Q26290,A1
Q26291,A1
Q26292,A1
Q26293,A1
Q26294,A1
Q26295,A1
Q26296,A1
Q26297,A1
Q26298,A1
Q26299,A1
Q26300,A1
Q26301,A1
Q26302,A1
Q26303,A1
Q26304,A1
Q26305,A1
Q26306,A1
Q26307,A1
Q26308,A1
Q26309,A1
Q26310,A1
Q26311,A1
Q26312,A1
Q26313,A1
Q26314,A1
Q26315,A1
Q26316,A1
Q26317,A1
Q26318,A1
Q26319,A1
Q26320,A1
Q26321,A1
Q26322,A1
Q26323,A1
Q26324,A1
Q26325,A1
Q26326,A1
Q26327,A1
Q26328,A1
Q26329,A1
Q26330,A1
Q26331,A1
Q26332,A1
Q26333,A1
Q26334,A1
Q26335,A1
Q26336,A1
Q26337,A1
Q26338,A1
Q26339,A1
Q26340,A1
Q26341,A1
Q26342,A1
Q26343,A1
Q26344,A1
Q26345,A1
Q26346,A1
Q26347,A1
Q26348,A1
Q26349,A1
Q26350,A1
Q26351,A1
Q26352,A1
Q26353,A1
Q26354,A1
Q26355,A1
Q26356,A1
Q26357,A1
Q26358,A1
Q26359,A1
Q26360,A1
Q26361,A1
Q26362,A1
Q26363,A1
Q26364,A1
Q26365,A1
Q26366,A1
Q26367,A1
Q26368,A1
Q26369,A1
Q26370,A1
Q26371,A1
Q26372,A1
Q26373,A1
Q26374,A1
Q26375,A1
Q26376,A1
Q26377,A1
Q26378,A1
Q26379,A1
Q26380,A1
Q26381,A1
Q26382,A1
Q26383,A1
Q26384,A1
Q26385,A1
Q26386,A1
Q26387,A1
Q26388,A1
Q26389,A1
Q26390,A1
Q26391,A1
Q26392,A1
Q26393,A1
Q26394,A1
Q26395,A1
Q26396,A1
Q26397,A1
Q26398,A1
Q26399,A1
Q26400,A1
Q26401,A1
Q26402,A1
Q26403,A1
Q26404,A1
Q26405,A1
Q26406,A1
Q26407,A1
Q26408,A1
Q26409,A1
Q26410,A1
Q26411,A1
Q26412,A1
Q26413,A1
Q26414,A1
Q26415,A1
Q26416,A1
Q26417,A1
Q26418,A1
Q26419,A1
Q26420,A1
Q26421,A1
Q26422,A1
Q26423,A1
Q26424,A1
Q26425,A1
Q26426,A1
Q26427,A1
Q26428,A1
Q26429,A1
Q26430,A1
Q26431,A1
Q26432,A1
Q26433,A1
Q26434,A1
Q26435,A1
Q26436,A1
Q26437,A1
Q26438,A1
Q26439,A1
Q26440,A1
Q26441,A1
Q26442,A1
Q26443,A1
Q26444,A1
Q26445,A1
Q26446,A1
Q26447,A1
Q26448,A1
Q26449,A1
Q26450,A1
Q26451,A1
Q26452,A1
Q26453,A1
Q26454,A1
Q26455,A1
Q26456,A1
Q26457,A1
Q26458,A1
Q26459,A1
Q26460,A1
Q26461,A1
Q26462,A1
Q26463,A1
Q26464,A1
Q26465,A1
Q26466,A1
Q26467,A1
Q26468,A1
Q26469,A1
Q26470,A1
Q26471,A1
Q26472,A1
Q26473,A1
Q26474,A1
Q26475,A1
Q26476,A1
Q26477,A1
Q26478,A1
Q26479,A1
Q26480,A1
Q26481,A1
Q26482,A1
Q26483,A1
Q26484,A1
Q26485,A1
Q26486,A1
Q26487,A1
Q26488,A1
Q26489,A1
Q26490,A1
Q26491,A1
Q26492,A1
Q26493,A1
Q26494,A1
Q26495,A1
Q26496,A1
Q26497,A1
Q26498,A1
Q26499,A1
Q26500,A1
Q26501,A1
Q26502,A1
Q26503,A1
Q26504,A1
Q26505,A1
Q26506,A1
Q26507,A1
Q26508,A1
Q26509,A1
Q26510,A1
Q26511,A1
Q26512,A1
Q26513,A1
Q26514,A1
Q26515,A1
Q26516,A1
Q26517,A1
Q26518,A1
Q26519,A1
Q26520,A1
Q26521,A1
Q26522,A1
Q26523,A1
Q26524,A1
Q26525,A1
Q26526,A1
Q26527,A1
Q26528,A1
Q26529,A1
Q26530,A1
Q26531,A1
Q26532,A1
Q26533,A1
Q26534,A1
Q26535,A1
Q26536,A1
Q26537,A1
Q26538,A1
Q26539,A1
Q26540,A1
Q26541,A1
Q26542,A1
Q26543,A1
Q26544,A1
Q26545,A1
Q26546,A1
Q26547,A1
Q26548,A1
Q26549,A1
Q26550,A1
Q26551,A1
Q26552,A1
Q26553,A1
Q26554,A1
Q26555,A1
Q26556,A1
Q26557,A1
Q26558,A1
Q26559,A1
Q26560,A1
Q26561,A1
Q26562,A1
Q26563,A1
Q26564,A1
Q26565,A1
Q26566,A1
Q26567,A1
Q26568,A1
Q26569,A1
Q26570,A1
Q26571,A1
Q26572,A1
Q26573,A1
Q26574,A1
Q26575,A1
Q26576,A1
Q26577,A1
Q26578,A1
Q26579,A1
Q26580,A1
Q26581,A1
Q26582,A1
Q26583,A1
Q26584,A1
Q26585,A1
Q26586,A1
Q26587,A1
Q26588,A1
Q26589,A1
Q26590,A1
Q26591,A1
Q26592,A1
Q26593,A1
Q26594,A1
Q26595,A1
Q26596,A1
Q26597,A1
Q26598,A1
Q26599,A1
Q26600,A1
Q26601,A1
Q26602,A1
Q26603,A1
Q26604,A1
Q26605,A1
Q26606,A1
Q26607,A1
Q26608,A1
Q26609,A1
Q26610,A1
Q26611,A1
Q26612,A1
Q26613,A1
Q26614,A1
Q26615,A1
Q26616,A1
Q26617,A1
Q26618,A1
Q26619,A1
Q26620,A1
Q26621,A1
Q26622,A1
Q26623,A1
Q26624,A1
Q26625,A1
Q26626,A1
Q26627,A1
Q26628,A1
Q26629,A1
Q26630,A1
Q26631,A1
Q26632,A1
Q26633,A1
Q26634,A1
Q26635,A1
Q26636,A1
Q26637,A1
Q26638,A1
Q26639,A1
Q26640,A1
Q26641,A1
Q26642,A1
Q26643,A1
Q26644,A1
Q26645,A1
Q26646,A1
Q26647,A1
Q26648,A1
Q26649,A1
Q26650,A1
Q26651,A1
Q26652,A1
Q26653,A1
Q26654,A1
Q26655,A1
Q26656,A1
Q26657,A1
Q26658,A1
Q26659,A1
Q26660,A1
Q26661,A1
Q26662,A1
Q26663,A1
Q26664,A1
Q26665,A1
Q26666,A1
Q26667,A1
Q26668,A1
Q26669,A1
Q26670,A1
Q26671,A1
Q26672,A1
Q26673,A1
Q26674,A1
Q26675,A1
Q26676,A1
Q26677,A1
Q26678,A1
Q26679,A1
Q26680,A1
Q26681,A1
Q26682,A1
Q26683,A1
Q26684,A1
Q26685,A1
Q26686,A1
Q26687,A1
Q26688,A1
Q26689,A1
Q26690,A1
Q26691,A1
Q26692,A1
Q26693,A1
Q26694,A1
Q26695,A1
Q26696,A1
Q26697,A1
Q26698,A1
Q26699,A1
Q26700,A1
Q26701,A1
Q26702,A1
Q26703,A1
Q26704,A1
Q26705,A1
Q26706,A1
Q26707,A1
Q26708,A1
Q26709,A1
Q26710,A1
Q26711,A1
Q26712,A1
Q26713,A1
Q26714,A1
Q26715,A1
Q26716,A1
Q26717,A1
Q26718,A1
Q26719,A1
Q26720,A1
Q26721,A1
Q26722,A1
Q26723,A1
Q26724,A1
Q26725,A1
Q26726,A1
Q26727,A1
Q26728,A1
Q26729,A1
Q26730,A1
Q26731,A1
Q26732,A1
Q26733,A1
Q26734,A1
Q26735,A1
Q26736,A1
Q26737,A1
Q26738,A1
Q26739,A1
Q26740,A1
Q26741,A1
Q26742,A1
Q26743,A1
Q26744,A1
Q26745,A1
Q26746,A1
Q26747,A1
Q26748,A1
Q26749,A1
Q26750,A1
Q26751,A1
Q26752,A1
Q26753,A1
Q26754,A1
Q26755,A1
Q26756,A1
Q26757,A1
Q26758,A1
Q26759,A1
Q26760,A1
Q26761,A1
Q26762,A1
Q26763,A1
Q26764,A1
Q26765,A1
Q26766,A1
Q26767,A1
Q26768,A1
Q26769,A1
Q26770,A1
Q26771,A1
Q26772,A1
Q26773,A1
Q26774,A1
Q26775,A1
Q26776,A1
Q26777,A1
Q26778,A1
Q26779,A1
Q26780,A1
Q26781,A1
Q26782,A1
Q26783,A1
Q26784,A1
Q26785,A1
Q26786,A1
Q26787,A1
Q26788,A1
Q26789,A1
Q26790,A1
Q26791,A1
Q26792,A1
Q26793,A1
Q26794,A1
Q26795,A1
Q26796,A1
Q26797,A1
Q26798,A1
Q26799,A1
Q26800,A1
Q26801,A1
Q26802,A1
Q26803,A1
Q26804,A1
Q26805,A1
Q26806,A1
Q26807,A1
Q26808,A1
Q26809,A1
Q26810,A1
Q26811,A1
Q26812,A1
Q26813,A1
Q26814,A1
Q26815,A1
Q26816,A1
Q26817,A1
Q26818,A1
Q26819,A1
Q26820,A1
Q26821,A1
Q26822,A1
Q26823,A1
Q26824,A1
Q26825,A1
Q26826,A1
Q26827,A1
Q26828,A1
Q26829,A1
Q26830,A1
Q26831,A1
Q26832,A1
Q26833,A1
Q26834,A1
Q26835,A1
Q26836,A1
Q26837,A1
Q26838,A1
Q26839,A1
Q26840,A1
Q26841,A1
Q26842,A1
Q26843,A1
Q26844,A1
Q26845,A1
Q26846,A1
Q26847,A1
Q26848,A1
Q26849,A1
Q26850,A1
Q26851,A1
Q26852,A1
Q26853,A1
Q26854,A1
Q26855,A1
Q26856,A1
Q26857,A1
Q26858,A1
Q26859,A1
Q26860,A1
Q26861,A1
Q26862,A1
Q26863,A1
Q26864,A1
Q26865,A1
Q26866,A1
Q26867,A1
Q26868,A1
Q26869,A1
Q26870,A1
Q26871,A1
Q26872,A1
Q26873,A1
Q26874,A1
Q26875,A1
Q26876,A1
Q26877,A1
Q26878,A1
Q26879,A1
Q26880,A1
Q26881,A1
Q26882,A1
Q26883,A1
Q26884,A1
Q26885,A1
Q26886,A1
Q26887,A1
Q26888,A1
Q26889,A1
Q26890,A1
Q26891,A1
Q26892,A1
Q26893,A1
Q26894,A1
Q26895,A1
Q26896,A1
Q26897,A1
Q26898,A1
Q26899,A1
Q26900,A1
Q26901,A1
Q26902,A1
Q26903,A1
Q26904,A1
Q26905,A1
Q26906,A1
Q26907,A1
Q26908,A1
Q26909,A1
Q26910,A1
Q26911,A1
Q26912,A1
Q26913,A1
Q26914,A1
Q26915,A1
Q26916,A1
Q26917,A1
Q26918,A1
Q26919,A1
Q26920,A1
Q26921,A1
Q26922,A1
Q26923,A1
Q26924,A1
Q26925,A1
Q26926,A1
Q26927,A1
Q26928,A1
Q26929,A1
Q26930,A1
Q26931,A1
Q26932,A1
Q26933,A1
Q26934,A1
Q26935,A1
Q26936,A1
Q26937,A1
Q26938,A1
Q26939,A1
Q26940,A1
Q26941,A1
Q26942,A1
Q26943,A1
Q26944,A1
Q26945,A1
Q26946,A1
Q26947,A1
Q26948,A1
Q26949,A1
Q26950,A1
Q26951,A1
Q26952,A1
Q26953,A1
Q26954,A1
Q26955,A1
Q26956,A1
Q26957,A1
Q26958,A1
Q26959,A1
Q26960,A1
Q26961,A1
Q26962,A1
Q26963,A1
Q26964,A1
Q26965,A1
Q26966,A1
Q26967,A1
Q26968,A1
Q26969,A1
Q26970,A1
Q26971,A1
Q26972,A1
Q26973,A1
Q26974,A1
Q26975,A1
Q26976,A1
Q26977,A1
Q26978,A1
Q26979,A1
Q26980,A1
Q26981,A1
Q26982,A1
Q26983,A1
Q26984,A1
Q26985,A1
Q26986,A1
Q26987,A1
Q26988,A1
Q26989,A1
Q26990,A1
Q26991,A1
Q26992,A1
Q26993,A1
Q26994,A1
Q26995,A1
Q26996,A1
Q26997,A1
Q26998,A1
Q26999,A1
Q27000,A1
Q27001,A1
Q27002,A1
Q27003,A1
Q27004,A1
Q27005,A1
Q27006,A1
Q27007,A1
Q27008,A1
Q27009,A1
Q27010,A1
Q27011,A1
Q27012,A1
Q27013,A1
Q27014,A1
Q27015,A1
Q27016,A1
Q27017,A1
Q27018,A1
Q27019,A1
Q27020,A1
Q27021,A1
Q27022,A1
Q27023,A1
Q27024,A1
Q27025,A1
Q27026,A1
Q27027,A1
Q27028,A1
Q27029,A1
Q27030,A1
Q27031,A1
Q27032,A1
Q27033,A1
Q27034,A1
Q27035,A1
Q27036,A1
Q27037,A1
Q27038,A1
Q27039,A1
Q27040,A1
Q27041,A1
Q27042,A1
Q27043,A1
Q27044,A1
Q27045,A1
Q27046,A1
Q27047,A1
Q27048,A1
Q27049,A1
Q27050,A1
Q27051,A1
Q27052,A1
Q27053,A1
Q27054,A1
Q27055,A1
Q27056,A1
Q27057,A1
Q27058,A1
Q27059,A1
Q27060,A1
Q27061,A1
Q27062,A1
Q27063,A1
Q27064,A1
Q27065,A1
Q27066,A1
Q27067,A1
Q27068,A1
Q27069,A1
Q27070,A1
Q27071,A1
Q27072,A1
Q27073,A1
Q27074,A1
Q27075,A1
Q27076,A1
Q27077,A1
Q27078,A1
Q27079,A1
Q27080,A1
Q27081,A1
Q27082,A1
Q27083,A1
Q27084,A1
Q27085,A1
Q27086,A1
Q27087,A1
Q27088,A1
Q27089,A1
Q27090,A1
Q27091,A1
Q27092,A1
Q27093,A1
Q27094,A1
Q27095,A1
Q27096,A1
Q27097,A1
Q27098,A1
Q27099,A1
Q27100,A1
Q27101,A1
Q27102,A1
Q27103,A1
Q27104,A1
Q27105,A1
Q27106,A1
Q27107,A1
Q27108,A1
Q27109,A1
Q27110,A1
Q27111,A1
Q27112,A1
Q27113,A1
Q27114,A1
Q27115,A1
Q27116,A1
Q27117,A1
Q27118,A1
Q27119,A1
Q27120,A1
Q27121,A1
Q27122,A1
Q27123,A1
Q27124,A1
Q27125,A1
Q27126,A1
Q27127,A1
Q27128,A1
Q27129,A1
Q27130,A1
Q27131,A1
Q27132,A1
Q27133,A1
Q27134,A1
Q27135,A1
Q27136,A1
Q27137,A1
Q27138,A1
Q27139,A1
Q27140,A1
Q27141,A1
Q27142,A1
Q27143,A1
Q27144,A1
Q27145,A1
Q27146,A1
Q27147,A1
Q27148,A1
Q27149,A1
Q27150,A1
Q27151,A1
Q27152,A1
Q27153,A1
Q27154,A1
Q27155,A1
Q27156,A1
Q27157,A1
Q27158,A1
Q27159,A1
Q27160,A1
Q27161,A1
Q27162,A1
Q27163,A1
Q27164,A1
Q27165,A1
Q27166,A1
Q27167,A1
Q27168,A1
Q27169,A1
Q27170,A1
Q27171,A1
Q27172,A1
Q27173,A1
Q27174,A1
Q27175,A1
Q27176,A1
Q27177,A1
Q27178,A1
Q27179,A1
Q27180,A1
Q27181,A1
Q27182,A1
Q27183,A1
Q27184,A1
Q27185,A1
Q27186,A1
Q27187,A1
Q27188,A1
Q27189,A1
Q27190,A1
Q27191,A1
Q27192,A1
Q27193,A1
Q27194,A1
Q27195,A1
Q27196,A1
Q27197,A1
Q27198,A1
Q27199,A1
Q27200,A1
Q27201,A1
Q27202,A1
Q27203,A1
Q27204,A1
Q27205,A1
Q27206,A1
Q27207,A1
Q27208,A1
Q27209,A1
Q27210,A1
Q27211,A1
Q27212,A1
Q27213,A1
Q27214,A1
Q27215,A1
Q27216,A1
Q27217,A1
Q27218,A1
Q27219,A1
Q27220,A1
Q27221,A1
Q27222,A1
Q27223,A1
Q27224,A1
Q27225,A1
Q27226,A1
Q27227,A1
Q27228,A1
Q27229,A1
Q27230,A1
Q27231,A1
Q27232,A1
Q27233,A1
Q27234,A1
Q27235,A1
Q27236,A1
Q27237,A1
Q27238,A1
Q27239,A1
Q27240,A1
Q27241,A1
Q27242,A1
Q27243,A1
Q27244,A1
Q27245,A1
Q27246,A1
Q27247,A1
Q27248,A1
Q27249,A1
Q27250,A1
Q27251,A1
Q27252,A1
Q27253,A1
Q27254,A1
Q27255,A1
Q27256,A1
Q27257,A1
Q27258,A1
Q27259,A1
Q27260,A1
Q27261,A1
Q27262,A1
Q27263,A1
Q27264,A1
Q27265,A1
Q27266,A1
Q27267,A1
Q27268,A1
Q27269,A1
Q27270,A1
Q27271,A1
Q27272,A1
Q27273,A1
Q27274,A1
Q27275,A1
Q27276,A1
Q27277,A1
Q27278,A1
Q27279,A1
Q27280,A1
Q27281,A1
Q27282,A1
Q27283,A1
Q27284,A1
Q27285,A1
Q27286,A1
Q27287,A1
Q27288,A1
Q27289,A1
Q27290,A1
Q27291,A1
Q27292,A1
Q27293,A1
Q27294,A1
Q27295,A1
Q27296,A1
Q27297,A1
Q27298,A1
Q27299,A1
Q27300,A1
Q27301,A1
Q27302,A1
Q27303,A1
Q27304,A1
Q27305,A1
Q27306,A1
Q27307,A1
Q27308,A1
Q27309,A1
Q27310,A1
Q27311,A1
Q27312,A1
Q27313,A1
Q27314,A1
Q27315,A1
Q27316,A1
Q27317,A1
Q27318,A1
Q27319,A1
Q27320,A1
Q27321,A1
Q27322,A1
Q27323,A1
Q27324,A1
Q27325,A1
Q27326,A1
Q27327,A1
Q27328,A1
Q27329,A1
Q27330,A1
Q27331,A1
Q27332,A1
Q27333,A1
Q27334,A1
Q27335,A1
Q27336,A1
Q27337,A1
Q27338,A1
Q27339,A1
Q27340,A1
Q27341,A1
Q27342,A1
Q27343,A1
Q27344,A1
Q27345,A1
Q27346,A1
Q27347,A1
Q27348,A1
Q27349,A1
Q27350,A1
Q27351,A1
Q27352,A1
Q27353,A1
Q27354,A1
Q27355,A1
Q27356,A1
Q27357,A1
Q27358,A1
Q27359,A1
Q27360,A1
Q27361,A1
Q27362,A1
Q27363,A1
Q27364,A1
Q27365,A1
Q27366,A1
Q27367,A1
Q27368,A1
Q27369,A1
Q27370,A1
Q27371,A1
Q27372,A1
Q27373,A1
Q27374,A1
Q27375,A1
Q27376,A1
Q27377,A1
Q27378,A1
Q27379,A1
Q27380,A1
Q27381,A1
Q27382,A1
Q27383,A1
Q27384,A1
Q27385,A1
Q27386,A1
Q27387,A1
Q27388,A1
Q27389,A1
Q27390,A1
Q27391,A1
Q27392,A1
Q27393,A1
Q27394,A1
Q27395,A1
Q27396,A1
Q27397,A1
Q27398,A1
Q27399,A1
Q27400,A1
Q27401,A1
Q27402,A1
Q27403,A1
Q27404,A1
Q27405,A1
Q27406,A1
Q27407,A1
Q27408,A1
Q27409,A1
Q27410,A1
Q27411,A1
Q27412,A1
Q27413,A1
Q27414,A1
Q27415,A1
Q27416,A1
Q27417,A1
Q27418,A1
Q27419,A1
Q27420,A1
Q27421,A1
Q27422,A1
Q27423,A1
Q27424,A1
Q27425,A1
Q27426,A1
Q27427,A1
Q27428,A1
Q27429,A1
Q27430,A1
Q27431,A1
Q27432,A1
Q27433,A1
Q27434,A1
Q27435,A1
Q27436,A1
Q27437,A1
Q27438,A1
Q27439,A1
Q27440,A1
Q27441,A1
Q27442,A1
Q27443,A1
Q27444,A1
Q27445,A1
Q27446,A1
Q27447,A1
Q27448,A1
Q27449,A1
Q27450,A1
Q27451,A1
Q27452,A1
Q27453,A1
Q27454,A1
Q27455,A1
Q27456,A1
Q27457,A1
Q27458,A1
Q27459,A1
Q27460,A1
Q27461,A1
Q27462,A1
Q27463,A1
Q27464,A1
Q27465,A1
Q27466,A1
Q27467,A1
Q27468,A1
Q27469,A1
Q27470,A1
Q27471,A1
Q27472,A1
Q27473,A1
Q27474,A1
Q27475,A1
Q27476,A1
Q27477,A1
Q27478,A1
Q27479,A1
Q27480,A1
Q27481,A1
Q27482,A1
Q27483,A1
Q27484,A1
Q27485,A1
Q27486,A1
Q27487,A1
Q27488,A1
Q27489,A1
Q27490,A1
Q27491,A1
Q27492,A1
Q27493,A1
Q27494,A1
Q27495,A1
Q27496,A1
Q27497,A1
Q27498,A1
Q27499,A1
Q27500,A1
Q27501,A1
Q27502,A1
Q27503,A1
Q27504,A1
Q27505,A1
Q27506,A1
Q27507,A1
Q27508,A1
Q27509,A1
Q27510,A1
Q27511,A1
Q27512,A1
Q27513,A1
Q27514,A1
Q27515,A1
Q27516,A1
Q27517,A1
Q27518,A1
Q27519,A1
Q27520,A1
Q27521,A1
Q27522,A1
Q27523,A1
Q27524,A1
Q27525,A1
Q27526,A1
Q27527,A1
Q27528,A1
Q27529,A1
Q27530,A1
Q27531,A1
Q27532,A1
Q27533,A1
Q27534,A1
Q27535,A1
Q27536,A1
Q27537,A1
Q27538,A1
Q27539,A1
Q27540,A1
Q27541,A1
Q27542,A1
Q27543,A1
Q27544,A1
Q27545,A1
Q27546,A1
Q27547,A1
Q27548,A1
Q27549,A1
Q27550,A1
Q27551,A1
Q27552,A1
Q27553,A1
Q27554,A1
Q27555,A1
Q27556,A1
Q27557,A1
Q27558,A1
Q27559,A1
Q27560,A1
Q27561,A1
Q27562,A1
Q27563,A1
Q27564,A1
Q27565,A1
Q27566,A1
Q27567,A1
Q27568,A1
Q27569,A1
Q27570,A1
Q27571,A1
Q27572,A1
Q27573,A1
Q27574,A1
Q27575,A1
Q27576,A1
Q27577,A1
Q27578,A1
Q27579,A1
Q27580,A1
Q27581,A1
Q27582,A1
Q27583,A1
Q27584,A1
Q27585,A1
Q27586,A1
Q27587,A1
Q27588,A1
Q27589,A1
Q27590,A1
Q27591,A1
Q27592,A1
Q27593,A1
Q27594,A1
Q27595,A1
Q27596,A1
Q27597,A1
Q27598,A1
Q27599,A1
Q27600,A1
Q27601,A1
Q27602,A1
Q27603,A1
Q27604,A1
Q27605,A1
Q27606,A1
Q27607,A1
Q27608,A1
Q27609,A1
Q27610,A1
Q27611,A1
Q27612,A1
Q27613,A1
Q27614,A1
Q27615,A1
Q27616,A1
Q27617,A1
Q27618,A1
Q27619,A1
Q27620,A1
Q27621,A1
Q27622,A1
Q27623,A1
Q27624,A1
Q27625,A1
Q27626,A1
Q27627,A1
Q27628,A1
Q27629,A1
Q27630,A1
Q27631,A1
Q27632,A1
Q27633,A1
Q27634,A1
Q27635,A1
Q27636,A1
Q27637,A1
Q27638,A1
Q27639,A1
Q27640,A1
Q27641,A1
Q27642,A1
Q27643,A1
Q27644,A1
Q27645,A1
Q27646,A1
Q27647,A1
Q27648,A1
Q27649,A1
Q27650,A1
Q27651,A1
Q27652,A1
Q27653,A1
Q27654,A1
Q27655,A1
Q27656,A1
Q27657,A1
Q27658,A1
Q27659,A1
Q27660,A1
Q27661,A1
Q27662,A1
Q27663,A1
Q27664,A1
Q27665,A1
Q27666,A1
Q27667,A1
Q27668,A1
Q27669,A1
Q27670,A1
Q27671,A1
Q27672,A1
Q27673,A1
Q27674,A1
Q27675,A1
Q27676,A1
Q27677,A1
Q27678,A1
Q27679,A1
Q27680,A1
Q27681,A1
Q27682,A1
Q27683,A1
Q27684,A1
Q27685,A1
Q27686,A1
Q27687,A1
Q27688,A1
Q27689,A1
Q27690,A1
Q27691,A1
Q27692,A1
Q27693,A1
Q27694,A1
Q27695,A1
Q27696,A1
Q27697,A1
Q27698,A1
Q27699,A1
Q27700,A1
Q27701,A1
Q27702,A1
Q27703,A1
Q27704,A1
Q27705,A1
Q27706,A1
Q27707,A1
Q27708,A1
Q27709,A1
Q27710,A1
Q27711,A1
Q27712,A1
Q27713,A1
Q27714,A1
Q27715,A1
Q27716,A1
Q27717,A1
Q27718,A1
Q27719,A1
Q27720,A1
Q27721,A1
Q27722,A1
Q27723,A1
Q27724,A1
Q27725,A1
Q27726,A1
Q27727,A1
Q27728,A1
Q27729,A1
Q27730,A1
Q27731,A1
Q27732,A1
Q27733,A1
Q27734,A1
Q27735,A1
Q27736,A1
Q27737,A1
Q27738,A1
Q27739,A1
Q27740,A1
Q27741,A1
Q27742,A1
Q27743,A1
Q27744,A1
Q27745,A1
Q27746,A1
Q27747,A1
Q27748,A1
Q27749,A1
Q27750,A1
Q27751,A1
Q27752,A1
Q27753,A1
Q27754,A1
Q27755,A1
Q27756,A1
Q27757,A1
Q27758,A1
Q27759,A1
Q27760,A1
Q27761,A1
Q27762,A1
Q27763,A1
Q27764,A1
Q27765,A1
Q27766,A1
Q27767,A1
Q27768,A1
Q27769,A1
Q27770,A1
Q27771,A1
Q27772,A1
Q27773,A1
Q27774,A1
Q27775,A1
Q27776,A1
Q27777,A1
Q27778,A1
Q27779,A1
Q27780,A1
Q27781,A1
Q27782,A1
Q27783,A1
Q27784,A1
Q27785,A1
Q27786,A1
Q27787,A1
Q27788,A1
Q27789,A1
Q27790,A1
Q27791,A1
Q27792,A1
Q27793,A1
Q27794,A1
Q27795,A1
Q27796,A1
Q27797,A1
Q27798,A1
Q27799,A1
Q27800,A1
Q27801,A1
Q27802,A1
Q27803,A1
Q27804,A1
Q27805,A1
Q27806,A1
Q27807,A1
Q27808,A1
Q27809,A1
Q27810,A1
Q27811,A1
Q27812,A1
Q27813,A1
Q27814,A1
Q27815,A1
Q27816,A1
Q27817,A1
Q27818,A1
Q27819,A1
Q27820,A1
Q27821,A1
Q27822,A1
Q27823,A1
Q27824,A1
Q27825,A1
Q27826,A1
Q27827,A1
Q27828,A1
Q27829,A1
Q27830,A1
Q27831,A1
Q27832,A1
Q27833,A1
Q27834,A1
Q27835,A1
Q27836,A1
Q27837,A1
Q27838,A1
Q27839,A1
Q27840,A1
Q27841,A1
Q27842,A1
Q27843,A1
Q27844,A1
Q27845,A1
Q27846,A1
Q27847,A1
Q27848,A1
Q27849,A1
Q27850,A1
Q27851,A1
Q27852,A1
Q27853,A1
Q27854,A1
Q27855,A1
Q27856,A1
Q27857,A1
Q27858,A1
Q27859,A1
Q27860,A1
Q27861,A1
Q27862,A1
Q27863,A1
Q27864,A1
Q27865,A1
Q27866,A1
Q27867,A1
Q27868,A1
Q27869,A1
Q27870,A1
Q27871,A1
Q27872,A1
Q27873,A1
Q27874,A1
Q27875,A1
Q27876,A1
Q27877,A1
Q27878,A1
Q27879,A1
Q27880,A1
Q27881,A1
Q27882,A1
Q27883,A1
Q27884,A1
Q27885,A1
Q27886,A1
Q27887,A1
Q27888,A1
Q27889,A1
Q27890,A1
Q27891,A1
Q27892,A1
Q27893,A1
Q27894,A1
Q27895,A1
Q27896,A1
Q27897,A1
Q27898,A1
Q27899,A1
Q27900,A1
Q27901,A1
Q27902,A1
Q27903,A1
Q27904,A1
Q27905,A1
Q27906,A1
Q27907,A1
Q27908,A1
Q27909,A1
Q27910,A1
Q27911,A1
Q27912,A1
Q27913,A1
Q27914,A1
Q27915,A1
Q27916,A1
Q27917,A1
Q27918,A1
Q27919,A1
Q27920,A1
Q27921,A1
Q27922,A1
Q27923,A1
Q27924,A1
Q27925,A1
Q27926,A1
Q27927,A1
Q27928,A1
Q27929,A1
Q27930,A1
Q27931,A1
Q27932,A1
Q27933,A1
Q27934,A1
Q27935,A1
Q27936,A1
Q27937,A1
Q27938,A1
Q27939,A1
Q27940,A1
Q27941,A1
Q27942,A1
Q27943,A1
Q27944,A1
Q27945,A1
Q27946,A1
Q27947,A1
Q27948,A1
Q27949,A1
Q27950,A1
Q27951,A1
Q27952,A1
Q27953,A1
Q27954,A1
Q27955,A1
Q27956,A1
Q27957,A1
Q27958,A1
Q27959,A1
Q27960,A1
Q27961,A1
Q27962,A1
Q27963,A1
Q27964,A1
Q27965,A1
Q27966,A1
Q27967,A1
Q27968,A1
Q27969,A1
Q27970,A1
Q27971,A1
Q27972,A1
Q27973,A1
Q27974,A1
Q27975,A1
Q27976,A1
Q27977,A1
Q27978,A1
Q27979,A1
Q27980,A1
Q27981,A1
Q27982,A1
Q27983,A1
Q27984,A1
Q27985,A1
Q27986,A1
Q27987,A1
Q27988,A1
Q27989,A1
Q27990,A1
Q27991,A1
Q27992,A1
Q27993,A1
Q27994,A1
Q27995,A1
Q27996,A1
Q27997,A1
Q27998,A1
Q27999,A1
Q28000,A1
Q28001,A1
Q28002,A1
Q28003,A1
Q28004,A1
Q28005,A1
Q28006,A1
Q28007,A1
Q28008,A1
Q28009,A1
Q28010,A1
Q28011,A1
Q28012,A1
Q28013,A1
Q28014,A1
Q28015,A1
Q28016,A1
Q28017,A1
Q28018,A1
Q28019,A1
Q28020,A1
Q28021,A1
Q28022,A1
Q28023,A1
Q28024,A1
Q28025,A1
Q28026,A1
Q28027,A1
Q28028,A1
Q28029,A1
Q28030,A1
Q28031,A1
Q28032,A1
Q28033,A1
Q28034,A1
Q28035,A1
Q28036,A1
Q28037,A1
Q28038,A1
Q28039,A1
Q28040,A1
Q28041,A1
Q28042,A1
Q28043,A1
Q28044,A1
Q28045,A1
Q28046,A1
Q28047,A1
Q28048,A1
Q28049,A1
Q28050,A1
Q28051,A1
Q28052,A1
Q28053,A1
Q28054,A1
Q28055,A1
Q28056,A1
Q28057,A1
Q28058,A1
Q28059,A1
Q28060,A1
Q28061,A1
Q28062,A1
Q28063,A1
Q28064,A1
Q28065,A1
Q28066,A1
Q28067,A1
Q28068,A1
Q28069,A1
Q28070,A1
Q28071,A1
Q28072,A1
Q28073,A1
Q28074,A1
Q28075,A1
Q28076,A1
Q28077,A1
Q28078,A1
Q28079,A1
Q28080,A1
Q28081,A1
Q28082,A1
Q28083,A1
Q28084,A1
Q28085,A1
Q28086,A1
Q28087,A1
Q28088,A1
Q28089,A1
Q28090,A1
Q28091,A1
Q28092,A1
Q28093,A1
Q28094,A1
Q28095,A1
Q28096,A1
Q28097,A1
Q28098,A1
Q28099,A1
Q28100,A1
Q28101,A1
Q28102,A1
Q28103,A1
Q28104,A1
Q28105,A1
Q28106,A1
Q28107,A1
Q28108,A1
Q28109,A1
Q28110,A1
Q28111,A1
Q28112,A1
Q28113,A1
Q28114,A1
Q28115,A1
Q28116,A1
Q28117,A1
Q28118,A1
Q28119,A1
Q28120,A1
Q28121,A1
Q28122,A1
Q28123,A1
Q28124,A1
Q28125,A1
Q28126,A1
Q28127,A1
Q28128,A1
Q28129,A1
Q28130,A1
Q28131,A1
Q28132,A1
Q28133,A1
Q28134,A1
Q28135,A1
Q28136,A1
Q28137,A1
Q28138,A1
Q28139,A1
Q28140,A1
Q28141,A1
Q28142,A1
Q28143,A1
Q28144,A1
Q28145,A1
Q28146,A1
Q28147,A1
Q28148,A1
Q28149,A1
Q28150,A1
Q28151,A1
Q28152,A1
Q28153,A1
Q28154,A1
Q28155,A1
Q28156,A1
Q28157,A1
Q28158,A1
Q28159,A1
Q28160,A1
Q28161,A1
Q28162,A1
Q28163,A1
Q28164,A1
Q28165,A1
Q28166,A1
Q28167,A1
Q28168,A1
Q28169,A1
Q28170,A1
Q28171,A1
Q28172,A1
Q28173,A1
Q28174,A1
Q28175,A1
Q28176,A1
Q28177,A1
Q28178,A1
Q28179,A1
Q28180,A1
Q28181,A1
Q28182,A1
Q28183,A1
Q28184,A1
Q28185,A1
Q28186,A1
Q28187,A1
Q28188,A1
Q28189,A1
Q28190,A1
Q28191,A1
Q28192,A1
Q28193,A1
Q28194,A1
Q28195,A1
Q28196,A1
Q28197,A1
Q28198,A1
Q28199,A1
Q28200,A1
Q28201,A1
Q28202,A1
Q28203,A1
Q28204,A1
Q28205,A1
Q28206,A1
Q28207,A1
Q28208,A1
Q28209,A1
Q28210,A1
Q28211,A1
Q28212,A1
Q28213,A1
Q28214,A1
Q28215,A1
Q28216,A1
Q28217,A1
Q28218,A1
Q28219,A1
Q28220,A1
Q28221,A1
Q28222,A1
Q28223,A1
Q28224,A1
Q28225,A1
Q28226,A1
Q28227,A1
Q28228,A1
Q28229,A1
Q28230,A1
Q28231,A1
Q28232,A1
Q28233,A1
Q28234,A1
Q28235,A1
Q28236,A1
Q28237,A1
Q28238,A1
Q28239,A1
Q28240,A1
Q28241,A1
Q28242,A1
Q28243,A1
Q28244,A1
Q28245,A1
Q28246,A1
Q28247,A1
Q28248,A1
Q28249,A1
Q28250,A1
Q28251,A1
Q28252,A1
Q28253,A1
Q28254,A1
Q28255,A1
Q28256,A1
Q28257,A1
Q28258,A1
Q28259,A1
Q28260,A1
Q28261,A1
Q28262,A1
Q28263,A1
Q28264,A1
Q28265,A1
Q28266,A1
Q28267,A1
Q28268,A1
Q28269,A1
Q28270,A1
Q28271,A1
Q28272,A1
Q28273,A1
Q28274,A1
Q28275,A1
Q28276,A1
Q28277,A1
Q28278,A1
Q28279,A1
Q28280,A1
Q28281,A1
Q28282,A1
Q28283,A1
Q28284,A1
Q28285,A1
Q28286,A1
Q28287,A1
Q28288,A1
Q28289,A1
Q28290,A1
Q28291,A1
Q28292,A1
Q28293,A1
Q28294,A1
Q28295,A1
Q28296,A1
Q28297,A1
Q28298,A1
Q28299,A1
Q28300,A1
Q28301,A1
Q28302,A1
Q28303,A1
Q28304,A1
Q28305,A1
Q28306,A1
Q28307,A1
Q28308,A1
Q28309,A1
Q28310,A1
Q28311,A1
Q28312,A1
Q28313,A1
Q28314,A1
Q28315,A1
Q28316,A1
Q28317,A1
Q28318,A1
Q28319,A1
Q28320,A1
Q28321,A1
Q28322,A1
Q28323,A1
Q28324,A1
Q28325,A1
Q28326,A1
Q28327,A1
Q28328,A1
Q28329,A1
Q28330,A1
Q28331,A1
Q28332,A1
Q28333,A1
Q28334,A1
Q28335,A1
Q28336,A1
Q28337,A1
Q28338,A1
Q28339,A1
Q28340,A1
Q28341,A1
Q28342,A1
Q28343,A1
Q28344,A1
Q28345,A1
Q28346,A1
Q28347,A1
Q28348,A1
Q28349,A1
Q28350,A1
Q28351,A1
Q28352,A1
Q28353,A1
Q28354,A1
Q28355,A1
Q28356,A1
Q28357,A1
Q28358,A1
Q28359,A1
Q28360,A1
Q28361,A1
Q28362,A1
Q28363,A1
Q28364,A1
Q28365,A1
Q28366,A1
Q28367,A1
Q28368,A1
Q28369,A1
Q28370,A1
Q28371,A1
Q28372,A1
Q28373,A1
Q28374,A1
Q28375,A1
Q28376,A1
Q28377,A1
Q28378,A1
Q28379,A1
Q28380,A1
Q28381,A1
Q28382,A1
Q28383,A1
Q28384,A1
Q28385,A1
Q28386,A1
Q28387,A1
Q28388,A1
Q28389,A1
Q28390,A1
Q28391,A1
Q28392,A1
Q28393,A1
Q28394,A1
Q28395,A1
Q28396,A1
Q28397,A1
Q28398,A1
Q28399,A1
Q28400,A1
Q28401,A1
Q28402,A1
Q28403,A1
Q28404,A1
Q28405,A1
Q28406,A1
Q28407,A1
Q28408,A1
Q28409,A1
Q28410,A1
Q28411,A1
Q28412,A1
Q28413,A1
Q28414,A1
Q28415,A1
Q28416,A1
Q28417,A1
Q28418,A1
Q28419,A1
Q28420,A1
Q28421,A1
Q28422,A1
Q28423,A1
Q28424,A1
Q28425,A1
Q28426,A1
Q28427,A1
Q28428,A1
Q28429,A1
Q28430,A1
Q28431,A1
Q28432,A1
Q28433,A1
Q28434,A1
Q28435,A1
Q28436,A1
Q28437,A1
Q28438,A1
Q28439,A1
Q28440,A1
Q28441,A1
Q28442,A1
Q28443,A1
Q28444,A1
Q28445,A1
Q28446,A1
Q28447,A1
Q28448,A1
Q28449,A1
Q28450,A1
Q28451,A1
Q28452,A1
Q28453,A1
Q28454,A1
Q28455,A1
Q28456,A1
Q28457,A1
Q28458,A1
Q28459,A1
Q28460,A1
Q28461,A1
Q28462,A1
Q28463,A1
Q28464,A1
Q28465,A1
Q28466,A1
Q28467,A1
Q28468,A1
Q28469,A1
Q28470,A1
Q28471,A1
Q28472,A1
Q28473,A1
Q28474,A1
Q28475,A1
Q28476,A1
Q28477,A1
Q28478,A1
Q28479,A1
Q28480,A1
Q28481,A1
Q28482,A1
Q28483,A1
Q28484,A1
Q28485,A1
Q28486,A1
Q28487,A1
Q28488,A1
Q28489,A1
Q28490,A1
Q28491,A1
Q28492,A1
Q28493,A1
Q28494,A1
Q28495,A1
Q28496,A1
Q28497,A1
Q28498,A1
Q28499,A1
Q28500,A1
Q28501,A1
Q28502,A1
Q28503,A1
Q28504,A1
Q28505,A1
Q28506,A1
Q28507,A1
Q28508,A1
Q28509,A1
Q28510,A1
Q28511,A1
Q28512,A1
Q28513,A1
Q28514,A1
Q28515,A1
Q28516,A1
Q28517,A1
Q28518,A1
Q28519,A1
Q28520,A1
Q28521,A1
Q28522,A1
Q28523,A1
Q28524,A1
Q28525,A1
Q28526,A1
Q28527,A1
Q28528,A1
Q28529,A1
Q28530,A1
Q28531,A1
Q28532,A1
Q28533,A1
Q28534,A1
Q28535,A1
Q28536,A1
Q28537,A1
Q28538,A1
Q28539,A1
Q28540,A1
Q28541,A1
Q28542,A1
Q28543,A1
Q28544,A1
Q28545,A1
Q28546,A1
Q28547,A1
Q28548,A1
Q28549,A1
Q28550,A1
Q28551,A1
Q28552,A1
Q28553,A1
Q28554,A1
Q28555,A1
Q28556,A1
Q28557,A1
Q28558,A1
Q28559,A1
Q28560,A1
Q28561,A1
Q28562,A1
Q28563,A1
Q28564,A1
Q28565,A1
Q28566,A1
Q28567,A1
Q28568,A1
Q28569,A1
Q28570,A1
Q28571,A1
Q28572,A1
Q28573,A1
Q28574,A1
Q28575,A1
Q28576,A1
Q28577,A1
Q28578,A1
Q28579,A1
Q28580,A1
Q28581,A1
Q28582,A1
Q28583,A1
Q28584,A1
Q28585,A1
Q28586,A1
Q28587,A1
Q28588,A1
Q28589,A1
Q28590,A1
Q28591,A1
Q28592,A1
Q28593,A1
Q28594,A1
Q28595,A1
Q28596,A1
Q28597,A1
Q28598,A1
Q28599,A1
Q28600,A1
Q28601,A1
Q28602,A1
Q28603,A1
Q28604,A1
Q28605,A1
Q28606,A1
Q28607,A1
Q28608,A1
Q28609,A1
Q28610,A1
Q28611,A1
Q28612,A1
Q28613,A1
Q28614,A1
Q28615,A1
Q28616,A1
Q28617,A1
Q28618,A1
Q28619,A1
Q28620,A1
Q28621,A1
Q28622,A1
Q28623,A1
Q28624,A1
Q28625,A1
Q28626,A1
Q28627,A1
Q28628,A1
Q28629,A1
Q28630,A1
Q28631,A1
Q28632,A1
Q28633,A1
Q28634,A1
Q28635,A1
Q28636,A1
Q28637,A1
Q28638,A1
Q28639,A1
Q28640,A1
Q28641,A1
Q28642,A1
Q28643,A1
Q28644,A1
Q28645,A1
Q28646,A1
Q28647,A1
Q28648,A1
Q28649,A1
Q28650,A1
Q28651,A1
Q28652,A1
Q28653,A1
Q28654,A1
Q28655,A1
Q28656,A1
Q28657,A1
Q28658,A1
Q28659,A1
Q28660,A1
Q28661,A1
Q28662,A1
Q28663,A1
Q28664,A1
Q28665,A1
Q28666,A1
Q28667,A1
Q28668,A1
Q28669,A1
Q28670,A1
Q28671,A1
Q28672,A1
Q28673,A1
Q28674,A1
Q28675,A1
Q28676,A1
Q28677,A1
Q28678,A1
Q28679,A1
Q28680,A1
Q28681,A1
Q28682,A1
Q28683,A1
Q28684,A1
Q28685,A1
Q28686,A1
Q28687,A1
Q28688,A1
Q28689,A1
Q28690,A1
Q28691,A1
Q28692,A1
Q28693,A1
Q28694,A1
Q28695,A1
Q28696,A1
Q28697,A1
Q28698,A1
Q28699,A1
Q28700,A1
Q28701,A1
Q28702,A1
Q28703,A1
Q28704,A1
Q28705,A1
Q28706,A1
Q28707,A1
Q28708,A1
Q28709,A1
Q28710,A1
Q28711,A1
Q28712,A1
Q28713,A1
Q28714,A1
Q28715,A1
Q28716,A1
Q28717,A1
Q28718,A1
Q28719,A1
Q28720,A1
Q28721,A1
Q28722,A1
Q28723,A1
Q28724,A1
Q28725,A1
Q28726,A1
Q28727,A1
Q28728,A1
Q28729,A1
Q28730,A1
Q28731,A1
Q28732,A1
Q28733,A1
Q28734,A1
Q28735,A1
Q28736,A1
Q28737,A1
Q28738,A1
Q28739,A1
Q28740,A1
Q28741,A1
Q28742,A1
Q28743,A1
Q28744,A1
Q28745,A1
Q28746,A1
Q28747,A1
Q28748,A1
Q28749,A1
Q28750,A1
Q28751,A1
Q28752,A1
Q28753,A1
Q28754,A1
Q28755,A1
Q28756,A1
Q28757,A1
Q28758,A1
Q28759,A1
Q28760,A1
Q28761,A1
Q28762,A1
Q28763,A1
Q28764,A1
Q28765,A1
Q28766,A1
Q28767,A1
Q28768,A1
Q28769,A1
Q28770,A1
Q28771,A1
Q28772,A1
Q28773,A1
Q28774,A1
Q28775,A1
Q28776,A1
Q28777,A1
Q28778,A1
Q28779,A1
Q28780,A1
Q28781,A1
Q28782,A1
Q28783,A1
Q28784,A1
Q28785,A1
Q28786,A1
Q28787,A1
Q28788,A1
Q28789,A1
Q28790,A1
Q28791,A1
Q28792,A1
Q28793,A1
Q28794,A1
Q28795,A1
Q28796,A1
Q28797,A1
Q28798,A1
Q28799,A1
Q28800,A1
Q28801,A1
Q28802,A1
Q28803,A1
Q28804,A1
Q28805,A1
Q28806,A1
Q28807,A1
Q28808,A1
Q28809,A1
Q28810,A1
Q28811,A1
Q28812,A1
Q28813,A1
Q28814,A1
Q28815,A1
Q28816,A1
Q28817,A1
Q28818,A1
Q28819,A1
Q28820,A1
Q28821,A1
Q28822,A1
Q28823,A1
Q28824,A1
Q28825,A1
Q28826,A1
Q28827,A1
Q28828,A1
Q28829,A1
Q28830,A1
Q28831,A1
Q28832,A1
Q28833,A1
Q28834,A1
Q28835,A1
Q28836,A1
Q28837,A1
Q28838,A1
Q28839,A1
Q28840,A1
Q28841,A1
Q28842,A1
Q28843,A1
Q28844,A1
Q28845,A1
Q28846,A1
Q28847,A1
Q28848,A1
Q28849,A1
Q28850,A1
Q28851,A1
Q28852,A1
Q28853,A1
Q28854,A1
Q28855,A1
Q28856,A1
Q28857,A1
Q28858,A1
Q28859,A1
Q28860,A1
Q28861,A1
Q28862,A1
Q28863,A1
Q28864,A1
Q28865,A1
Q28866,A1
Q28867,A1
Q28868,A1
Q28869,A1
Q28870,A1
Q28871,A1
Q28872,A1
Q28873,A1
Q28874,A1
Q28875,A1
Q28876,A1
Q28877,A1
Q28878,A1
Q28879,A1
Q28880,A1
Q28881,A1
Q28882,A1
Q28883,A1
Q28884,A1
Q28885,A1
Q28886,A1
Q28887,A1
Q28888,A1
Q28889,A1
Q28890,A1
Q28891,A1
Q28892,A1
Q28893,A1
Q28894,A1
Q28895,A1
Q28896,A1
Q28897,A1
Q28898,A1
Q28899,A1
Q28900,A1
Q28901,A1
Q28902,A1
Q28903,A1
Q28904,A1
Q28905,A1
Q28906,A1
Q28907,A1
Q28908,A1
Q28909,A1
Q28910,A1
Q28911,A1
Q28912,A1
Q28913,A1
Q28914,A1
Q28915,A1
Q28916,A1
Q28917,A1
Q28918,A1
Q28919,A1
Q28920,A1
Q28921,A1
Q28922,A1
Q28923,A1
Q28924,A1
Q28925,A1
Q28926,A1
Q28927,A1
Q28928,A1
Q28929,A1
Q28930,A1
Q28931,A1
Q28932,A1
Q28933,A1
Q28934,A1
Q28935,A1
Q28936,A1
Q28937,A1
Q28938,A1
Q28939,A1
Q28940,A1
Q28941,A1
Q28942,A1
Q28943,A1
Q28944,A1
Q28945,A1
Q28946,A1
Q28947,A1
Q28948,A1
Q28949,A1
Q28950,A1
Q28951,A1
Q28952,A1
Q28953,A1
Q28954,A1
Q28955,A1
Q28956,A1
Q28957,A1
Q28958,A1
Q28959,A1
Q28960,A1
Q28961,A1
Q28962,A1
Q28963,A1
Q28964,A1
Q28965,A1
Q28966,A1
Q28967,A1
Q28968,A1
Q28969,A1
Q28970,A1
Q28971,A1
Q28972,A1
Q28973,A1
Q28974,A1
Q28975,A1
Q28976,A1
Q28977,A1
Q28978,A1
Q28979,A1
Q28980,A1
Q28981,A1
Q28982,A1
Q28983,A1
Q28984,A1
Q28985,A1
Q28986,A1
Q28987,A1
Q28988,A1
Q28989,A1
Q28990,A1
Q28991,A1
Q28992,A1
Q28993,A1
Q28994,A1
Q28995,A1
Q28996,A1
Q28997,A1
Q28998,A1
Q28999,A1
Q29000,A1
Q29001,A1
Q29002,A1
Q29003,A1
Q29004,A1
Q29005,A1
Q29006,A1
Q29007,A1
Q29008,A1
Q29009,A1
Q29010,A1
Q29011,A1
Q29012,A1
Q29013,A1
Q29014,A1
Q29015,A1
Q29016,A1
Q29017,A1
Q29018,A1
Q29019,A1
Q29020,A1
Q29021,A1
Q29022,A1
Q29023,A1
Q29024,A1
Q29025,A1
Q29026,A1
Q29027,A1
Q29028,A1
Q29029,A1
Q29030,A1
Q29031,A1
Q29032,A1
Q29033,A1
Q29034,A1
Q29035,A1
Q29036,A1
Q29037,A1
Q29038,A1
Q29039,A1
Q29040,A1
Q29041,A1
Q29042,A1
Q29043,A1
Q29044,A1
Q29045,A1
Q29046,A1
Q29047,A1
Q29048,A1
Q29049,A1
Q29050,A1
Q29051,A1
Q29052,A1
Q29053,A1
Q29054,A1
Q29055,A1
Q29056,A1
Q29057,A1
Q29058,A1
Q29059,A1
Q29060,A1
Q29061,A1
Q29062,A1
Q29063,A1
Q29064,A1
Q29065,A1
Q29066,A1
Q29067,A1
Q29068,A1
Q29069,A1
Q29070,A1
Q29071,A1
Q29072,A1
Q29073,A1
Q29074,A1
Q29075,A1
Q29076,A1
Q29077,A1
Q29078,A1
Q29079,A1
Q29080,A1
Q29081,A1
Q29082,A1
Q29083,A1
Q29084,A1
Q29085,A1
Q29086,A1
Q29087,A1
Q29088,A1
Q29089,A1
Q29090,A1
Q29091,A1
Q29092,A1
Q29093,A1
Q29094,A1
Q29095,A1
Q29096,A1
Q29097,A1
Q29098,A1
Q29099,A1
Q29100,A1
Q29101,A1
Q29102,A1
Q29103,A1
Q29104,A1
Q29105,A1
Q29106,A1
Q29107,A1
Q29108,A1
Q29109,A1
Q29110,A1
Q29111,A1
Q29112,A1
Q29113,A1
Q29114,A1
Q29115,A1
Q29116,A1
Q29117,A1
Q29118,A1
Q29119,A1
Q29120,A1
Q29121,A1
Q29122,A1
Q29123,A1
Q29124,A1
Q29125,A1
Q29126,A1
Q29127,A1
Q29128,A1
Q29129,A1
Q29130,A1
Q29131,A1
Q29132,A1
Q29133,A1
Q29134,A1
Q29135,A1
Q29136,A1
Q29137,A1
Q29138,A1
Q29139,A1
Q29140,A1
Q29141,A1
Q29142,A1
Q29143,A1
Q29144,A1
Q29145,A1
Q29146,A1
Q29147,A1
Q29148,A1
Q29149,A1
Q29150,A1
Q29151,A1
Q29152,A1
Q29153,A1
Q29154,A1
Q29155,A1
Q29156,A1
Q29157,A1
Q29158,A1
Q29159,A1
Q29160,A1
Q29161,A1
Q29162,A1
Q29163,A1
Q29164,A1
Q29165,A1
Q29166,A1
Q29167,A1
Q29168,A1
Q29169,A1
Q29170,A1
Q29171,A1
Q29172,A1
Q29173,A1
Q29174,A1
Q29175,A1
Q29176,A1
Q29177,A1
Q29178,A1
Q29179,A1
Q29180,A1
Q29181,A1
Q29182,A1
Q29183,A1
Q29184,A1
Q29185,A1
Q29186,A1
Q29187,A1
Q29188,A1
Q29189,A1
Q29190,A1
Q29191,A1
Q29192,A1
Q29193,A1
Q29194,A1
Q29195,A1
Q29196,A1
Q29197,A1
Q29198,A1
Q29199,A1
Q29200,A1
Q29201,A1
Q29202,A1
Q29203,A1
Q29204,A1
Q29205,A1
Q29206,A1
Q29207,A1
Q29208,A1
Q29209,A1
Q29210,A1
Q29211,A1
Q29212,A1
Q29213,A1
Q29214,A1
Q29215,A1
Q29216,A1
Q29217,A1
Q29218,A1
Q29219,A1
Q29220,A1
Q29221,A1
Q29222,A1
Q29223,A1
Q29224,A1
Q29225,A1
Q29226,A1
Q29227,A1
Q29228,A1
Q29229,A1
Q29230,A1
Q29231,A1
Q29232,A1
Q29233,A1
Q29234,A1
Q29235,A1
Q29236,A1
Q29237,A1
Q29238,A1
Q29239,A1
Q29240,A1
Q29241,A1
Q29242,A1
Q29243,A1
Q29244,A1
Q29245,A1
Q29246,A1
Q29247,A1
Q29248,A1
Q29249,A1
Q29250,A1
Q29251,A1
Q29252,A1
Q29253,A1
Q29254,A1
Q29255,A1
Q29256,A1
Q29257,A1
Q29258,A1
Q29259,A1
Q29260,A1
Q29261,A1
Q29262,A1
Q29263,A1
Q29264,A1
Q29265,A1
Q29266,A1
Q29267,A1
Q29268,A1
Q29269,A1
Q29270,A1
Q29271,A1
Q29272,A1
Q29273,A1
Q29274,A1
Q29275,A1
Q29276,A1
Q29277,A1
Q29278,A1
Q29279,A1
Q29280,A1
Q29281,A1
Q29282,A1
Q29283,A1
Q29284,A1
Q29285,A1
Q29286,A1
Q29287,A1
Q29288,A1
Q29289,A1
Q29290,A1
Q29291,A1
Q29292,A1
Q29293,A1
Q29294,A1
Q29295,A1
Q29296,A1
Q29297,A1
Q29298,A1
Q29299,A1
Q29300,A1
Q29301,A1
Q29302,A1
Q29303,A1
Q29304,A1
Q29305,A1
Q29306,A1
Q29307,A1
Q29308,A1
Q29309,A1
Q29310,A1
Q29311,A1
Q29312,A1
Q29313,A1
Q29314,A1
Q29315,A1
Q29316,A1
Q29317,A1
Q29318,A1
Q29319,A1
Q29320,A1
Q29321,A1
Q29322,A1
Q29323,A1
Q29324,A1
Q29325,A1
Q29326,A1
Q29327,A1
Q29328,A1
Q29329,A1
Q29330,A1
Q29331,A1
Q29332,A1
Q29333,A1
Q29334,A1
Q29335,A1
Q29336,A1
Q29337,A1
Q29338,A1
Q29339,A1
Q29340,A1
Q29341,A1
Q29342,A1
Q29343,A1
Q29344,A1
Q29345,A1
Q29346,A1
Q29347,A1
Q29348,A1
Q29349,A1
Q29350,A1
Q29351,A1
Q29352,A1
Q29353,A1
Q29354,A1
Q29355,A1
Q29356,A1
Q29357,A1
Q29358,A1
Q29359,A1
Q29360,A1
Q29361,A1
Q29362,A1
Q29363,A1
Q29364,A1
Q29365,A1
Q29366,A1
Q29367,A1
Q29368,A1
Q29369,A1
Q29370,A1
Q29371,A1
Q29372,A1
Q29373,A1
Q29374,A1
Q29375,A1
Q29376,A1
Q29377,A1
Q29378,A1
Q29379,A1
Q29380,A1
Q29381,A1
Q29382,A1
Q29383,A1
Q29384,A1
Q29385,A1
Q29386,A1
Q29387,A1
Q29388,A1
Q29389,A1
Q29390,A1
Q29391,A1
Q29392,A1
Q29393,A1
Q29394,A1
Q29395,A0
Q29396,A0
Q29397,A0
Q29398,A0
Q29399,A0
Q29400,A0
Q29401,A0
Q29402,A0
Q29403,A0
Q29404,A0
Q29405,A0
Q29406,A0
Q29407,A0
Q29408,A0
Q29409,A0
Q29410,A0
Q29411,A0
Q29412,A0
Q29413,A0
Q29414,A0
Q29415,A0
Q29416,A0
Q29417,A0
Q29418,A0
Q29419,A0
Q29420,A0
Q29421,A0
Q29422,A0
Q29423,A0
Q29424,A0
Q29425,A0
Q29426,A0
Q29427,A0
Q29428,A0
Q29429,A0
Q29430,A0
Q29431,A0
Q29432,A0
Q29433,A0
Q29434,A0
Q29435,A0
Q29436,A0
Q29437,A0
Q29438,A0
Q29439,A0
Q29440,A0
Q29441,A0
Q29442,A0
Q29443,A0
Q29444,A0
Q29445,A0
Q29446,A0
Q29447,A0
Q29448,A0
Q29449,A0
Q29450,A0
Q29451,A0
Q29452,A0
Q29453,A0
Q29454,A0
Q29455,A0
Q29456,A0
Q29457,A0
Q29458,A0
Q29459,A0
Q29460,A0
Q29461,A0
Q29462,A0
Q29463,A0
Q29464,A0
Q29465,A0
Q29466,A0
Q29467,A0
Q29468,A0
Q29469,A0
Q29470,A0
Q29471,A0
Q29472,A0
Q29473,A0
Q29474,A0
Q29475,A0
Q29476,A0
Q29477,A0
Q29478,A0
Q29479,A0
Q29480,A0
Q29481,A0
Q29482,A0
Q29483,A0
Q29484,A0
Q29485,A0
Q29486,A0
Q29487,A0
Q29488,A0
Q29489,A0
Q29490,A0
Q29491,A0
Q29492,A0
Q29493,A0
Q29494,A0
Q29495,A0
Q29496,A0
Q29497,A0
Q29498,A0
Q29499,A0
Q29500,A0
Q29501,A0
Q29502,A0
Q29503,A0
Q29504,A0
Q29505,A0
Q29506,A0
Q29507,A0
Q29508,A0
Q29509,A0
Q29510,A0
Q29511,A0
Q29512,A0
Q29513,A0
Q29514,A0
Q29515,A0
Q29516,A0
Q29517,A0
Q29518,A0
Q29519,A0
Q29520,A0
Q29521,A0
Q29522,A0
Q29523,A0
Q29524,A0
Q29525,A0
Q29526,A0
Q29527,A0
Q29528,A0
Q29529,A0
Q29530,A0
Q29531,A0
Q29532,A0
Q29533,A0
Q29534,A0
Q29535,A0
Q29536,A0
Q29537,A0
Q29538,A0
Q29539,A0
Q29540,A0
Q29541,A0
Q29542,A0
Q29543,A0
Q29544,A0
Q29545,A0
Q29546,A0
Q29547,A0
Q29548,A0
Q29549,A0
Q29550,A0
Q29551,A0
Q29552,A0
Q29553,A0
Q29554,A0
Q29555,A0
Q29556,A0
Q29557,A0
Q29558,A0
Q29559,A0
Q29560,A0
Q29561,A0
Q29562,A0
Q29563,A0
Q29564,A0
Q29565,A0
Q29566,A0
Q29567,A0
Q29568,A0
Q29569,A0
Q29570,A0
Q29571,A0
Q29572,A0
Q29573,A0
Q29574,A0
Q29575,A0
Q29576,A0
Q29577,A0
Q29578,A0
Q29579,A0
Q29580,A0
Q29581,A0
Q29582,A0
Q29583,A0
Q29584,A0
Q29585,A0
Q29586,A0
Q29587,A0
Q29588,A0
Q29589,A0
Q29590,A0
Q29591,A0
Q29592,A0
Q29593,A0
Q29594,A0
Q29595,A0
Q29596,A0
Q29597,A0
Q29598,A0
Q29599,A0
Q29600,A0
Q29601,A0
Q29602,A0
Q29603,A0
Q29604,A0
Q29605,A0
Q29606,A0
Q29607,A0
Q29608,A0
Q29609,A0
Q29610,A0
Q29611,A0
Q29612,A0
Q29613,A0
Q29614,A0
Q29615,A0
Q29616,A0
Q29617,A0
Q29618,A0
Q29619,A0
Q29620,A0
Q29621,A0
Q29622,A0
Q29623,A0
Q29624,A0
Q29625,A0
Q29626,A0
Q29627,A0
Q29628,A0
Q29629,A0
Q29630,A0
Q29631,A0
Q29632,A0
Q29633,A0
Q29634,A0
Q29635,A0
Q29636,A0
Q29637,A0
Q29638,A0
Q29639,A0
Q29640,A0
Q29641,A0
Q29642,A0
Q29643,A0
Q29644,A0
Q29645,A0
Q29646,A0
Q29647,A0
Q29648,A0
Q29649,A0
Q29650,A0
Q29651,A0
Q29652,A0
Q29653,A0
Q29654,A0
Q29655,A0
Q29656,A0
Q29657,A0
Q29658,A0
Q29659,A0
Q29660,A0
Q29661,A0
Q29662,A0
Q29663,A0
Q29664,A0
Q29665,A0
Q29666,A0
Q29667,A0
Q29668,A0
Q29669,A0
Q29670,A0
Q29671,A0
Q29672,A0
Q29673,A0
Q29674,A0
Q29675,A0
Q29676,A0
Q29677,A0
Q29678,A0
Q29679,A0
Q29680,A0
Q29681,A0
Q29682,A0
Q29683,A0
Q29684,A0
Q29685,A0
Q29686,A0
Q29687,A0
Q29688,A0
Q29689,A0
Q29690,A0
Q29691,A0
Q29692,A0
Q29693,A0
Q29694,A0
Q29695,A0
Q29696,A0
Q29697,A0
Q29698,A0
Q29699,A0
Q29700,A0
Q29701,A0
Q29702,A0
Q29703,A0
Q29704,A0
Q29705,A0
Q29706,A0
Q29707,A0
Q29708,A0
Q29709,A0
Q29710,A0
Q29711,A0
Q29712,A0
Q29713,A0
Q29714,A0
Q29715,A0
Q29716,A0
Q29717,A0
Q29718,A0
Q29719,A0
Q29720,A0
Q29721,A0
Q29722,A0
Q29723,A0
Q29724,A0
Q29725,A0
Q29726,A0
Q29727,A0
Q29728,A0
Q29729,A0
Q29730,A0
Q29731,A0
Q29732,A0
Q29733,A0
Q29734,A0
Q29735,A0
Q29736,A0
Q29737,A0
Q29738,A0
Q29739,A0
Q29740,A0
Q29741,A0
Q29742,A0
Q29743,A0
Q29744,A0
Q29745,A0
Q29746,A0
Q29747,A0
Q29748,A0
Q29749,A0
Q29750,A0
Q29751,A0
Q29752,A0
Q29753,A0
Q29754,A0
Q29755,A0
Q29756,A0
Q29757,A0
Q29758,A0
Q29759,A0
Q29760,A0
Q29761,A0
Q29762,A0
Q29763,A0
Q29764,A0
Q29765,A0
Q29766,A0
Q29767,A0
Q29768,A0
Q29769,A0
Q29770,A0
Q29771,A0
Q29772,A0
Q29773,A0
Q29774,A0
Q29775,A0
Q29776,A0
Q29777,A0
Q29778,A0
Q29779,A0
Q29780,A0
Q29781,A0
Q29782,A0
Q29783,A0
Q29784,A0
Q29785,A0
Q29786,A0
Q29787,A0
Q29788,A0
Q29789,A0
Q29790,A0
Q29791,A0
Q29792,A0
Q29793,A0
Q29794,A0
Q29795,A0
Q29796,A0
Q29797,A0
Q29798,A0
Q29799,A0
Q29800,A0
Q29801,A0
Q29802,A0
Q29803,A0
Q29804,A0
Q29805,A0
Q29806,A0
Q29807,A0
Q29808,A0
Q29809,A0
Q29810,A0
Q29811,A0
Q29812,A0
Q29813,A0
Q29814,A0
Q29815,A0
Q29816,A0
Q29817,A0
Q29818,A0
Q29819,A0
Q29820,A0
Q29821,A0
Q29822,A0
Q29823,A0
Q29824,A0
Q29825,A0
Q29826,A0
Q29827,A0
Q29828,A0
Q29829,A0
Q29830,A0
Q29831,A0
Q29832,A0
Q29833,A0
Q29834,A0
Q29835,A0
Q29836,A0
Q29837,A0
Q29838,A0
Q29839,A0
Q29840,A0
Q29841,A0
Q29842,A0
Q29843,A0
Q29844,A0
Q29845,A0
Q29846,A0
Q29847,A0
Q29848,A0
Q29849,A0
Q29850,A0
Q29851,A0
Q29852,A0
Q29853,A0
Q29854,A0
Q29855,A0
Q29856,A0
Q29857,A0
Q29858,A0
Q29859,A0
Q29860,A0
Q29861,A0
Q29862,A0
Q29863,A0
Q29864,A0
Q29865,A0
Q29866,A0
Q29867,A0
Q29868,A0
Q29869,A0
Q29870,A0
Q29871,A0
Q29872,A0
Q29873,A0
Q29874,A0
Q29875,A0
Q29876,A0
Q29877,A0
Q29878,A0
Q29879,A0
Q29880,A0
Q29881,A0
Q29882,A0
Q29883,A0
Q29884,A0
Q29885,A0
Q29886,A0
Q29887,A0
Q29888,A0
Q29889,A0
Q29890,A0
Q29891,A0
Q29892,A0
Q29893,A0
Q29894,A0
Q29895,A0
Q29896,A0
Q29897,A0
Q29898,A0
Q29899,A0
Q29900,A0
Q29901,A0
Q29902,A0
Q29903,A0
Q29904,A0
Q29905,A0
Q29906,A0
Q29907,A0
Q29908,A0
Q29909,A0
Q29910,A0
Q29911,A0
Q29912,A0
Q29913,A0
Q29914,A0
Q29915,A0
Q29916,A0
Q29917,A0
Q29918,A0
Q29919,A0
Q29920,A0
Q29921,A0
Q29922,A0
Q29923,A0
Q29924,A0
Q29925,A0
Q29926,A0
Q29927,A0
Q29928,A0
Q29929,A0
Q29930,A0
Q29931,A0
Q29932,A0
Q29933,A0
Q29934,A0
Q29935,A0
Q29936,A0
Q29937,A0
Q29938,A0
Q29939,A0
Q29940,A0
Q29941,A0
Q29942,A0
Q29943,A0
Q29944,A0
Q29945,A0
Q29946,A0
Q29947,A0
Q29948,A0
Q29949,A0
Q29950,A0
Q29951,A0
Q29952,A0
Q29953,A0
Q29954,A0
Q29955,A0
Q29956,A0
Q29957,A0
Q29958,A0
Q29959,A0
Q29960,A0
Q29961,A0
Q29962,A0
Q29963,A0
Q29964,A0
Q29965,A0
Q29966,A0
Q29967,A0
Q29968,A0
Q29969,A0
Q29970,A0
Q29971,A0
Q29972,A0
Q29973,A0
Q29974,A0
Q29975,A0
Q29976,A0
Q29977,A0
Q29978,A0
Q29979,A0
Q29980,A0
Q29981,A0
Q29982,A0
Q29983,A0
Q29984,A0
Q29985,A0
Q29986,A0
Q29987,A0
Q29988,A0
Q29989,A0
Q29990,A0
Q29991,A0
Q29992,A0
Q29993,A0
Q29994,A0
Q29995,A0
Q29996,A0
Q29997,A0
Q29998,A0
Q29999,A0
Q30000,A0
Q30001,A0
Q30002,A0
Q30003,A0
Q30004,A0
Q30005,A0
Q30006,A0
Q30007,A0
Q30008,A0
Q30009,A0
Q30010,A0
Q30011,A0
Q30012,A0
Q30013,A0
Q30014,A0
Q30015,A0
Q30016,A0
Q30017,A0
Q30018,A0
Q30019,A0
Q30020,A0
Q30021,A0
Q30022,A0
Q30023,A0
Q30024,A0
Q30025,A0
Q30026,A0
Q30027,A0
Q30028,A0
Q30029,A0
Q30030,A0
Q30031,A0
Q30032,A0
Q30033,A0
Q30034,A0
Q30035,A0
Q30036,A0
Q30037,A0
Q30038,A0
Q30039,A0
Q30040,A0
Q30041,A0
Q30042,A0
Q30043,A0
Q30044,A0
Q30045,A0
Q30046,A0
Q30047,A0
Q30048,A0
Q30049,A0
Q30050,A0
Q30051,A0
Q30052,A0
Q30053,A0
Q30054,A0
Q30055,A0
Q30056,A0
Q30057,A0
Q30058,A0
Q30059,A0
Q30060,A0
Q30061,A0
Q30062,A0
Q30063,A0
Q30064,A0
Q30065,A0
Q30066,A0
Q30067,A0
Q30068,A0
Q30069,A0
Q30070,A0
Q30071,A0
Q30072,A0
Q30073,A0
Q30074,A0
Q30075,A0
Q30076,A0
Q30077,A0
Q30078,A0
Q30079,A0
Q30080,A0
Q30081,A0
Q30082,A0
Q30083,A0
Q30084,A0
Q30085,A0
Q30086,A0
Q30087,A0
Q30088,A0
Q30089,A0
Q30090,A0
Q30091,A0
Q30092,A0
Q30093,A0
Q30094,A0
Q30095,A0
Q30096,A0
Q30097,A0
Q30098,A0
Q30099,A0
Q30100,A0
Q30101,A0
Q30102,A0
Q30103,A0
Q30104,A0
Q30105,A0
Q30106,A0
Q30107,A0
Q30108,A0
Q30109,A0
Q30110,A0
Q30111,A0
Q30112,A0
Q30113,A0
Q30114,A0
Q30115,A0
Q30116,A0
Q30117,A0
Q30118,A0
Q30119,A0
Q30120,A0
Q30121,A0
Q30122,A0
Q30123,A0
Q30124,A0
Q30125,A0
Q30126,A0
Q30127,A0
Q30128,A0
Q30129,A0
Q30130,A0
Q30131,A0
Q30132,A0
Q30133,A0
Q30134,A0
Q30135,A0
Q30136,A0
Q30137,A0
Q30138,A0
Q30139,A0
Q30140,A0
Q30141,A0
Q30142,A0
Q30143,A0
Q30144,A0
Q30145,A0
Q30146,A0
Q30147,A0
Q30148,A0
Q30149,A0
Q30150,A0
Q30151,A0
Q30152,A0
Q30153,A0
Q30154,A0
Q30155,A0
Q30156,A0
Q30157,A0
Q30158,A0
Q30159,A0
Q30160,A0
Q30161,A0
Q30162,A0
Q30163,A0
Q30164,A0
Q30165,A0
Q30166,A0
Q30167,A0
Q30168,A0
Q30169,A0
Q30170,A0
Q30171,A0
Q30172,A0
Q30173,A0
Q30174,A0
Q30175,A0
Q30176,A0
Q30177,A0
Q30178,A0
Q30179,A0
Q30180,A0
Q30181,A0
Q30182,A0
Q30183,A0
Q30184,A0
Q30185,A0
Q30186,A0
Q30187,A0
Q30188,A0
Q30189,A0
Q30190,A0
Q30191,A0
Q30192,A0
Q30193,A0
Q30194,A0
Q30195,A0
Q30196,A0
Q30197,A0
Q30198,A0
Q30199,A0
Q30200,A0
Q30201,A0
Q30202,A0
Q30203,A0
Q30204,A0
Q30205,A0
Q30206,A0
Q30207,A0
Q30208,A0
Q30209,A0
Q30210,A0
Q30211,A0
Q30212,A0
Q30213,A0
Q30214,A0
Q30215,A0
Q30216,A0
Q30217,A0
Q30218,A0
Q30219,A0
Q30220,A0
Q30221,A0
Q30222,A0
Q30223,A0
Q30224,A0
Q30225,A0
Q30226,A0
Q30227,A0
Q30228,A0
Q30229,A0
Q30230,A0
Q30231,A0
Q30232,A0
Q30233,A0
Q30234,A0
Q30235,A0
Q30236,A0
Q30237,A0
Q30238,A0
Q30239,A0
Q30240,A0
Q30241,A0
Q30242,A0
Q30243,A0
Q30244,A0
Q30245,A0
Q30246,A0
Q30247,A0
Q30248,A0
Q30249,A0
Q30250,A0
Q30251,A0
Q30252,A0
Q30253,A0
Q30254,A0
Q30255,A0
Q30256,A0
Q30257,A0
Q30258,A0
Q30259,A0
Q30260,A0
Q30261,A0
Q30262,A0
Q30263,A0
Q30264,A0
Q30265,A0
Q30266,A0
Q30267,A0
Q30268,A0
Q30269,A0
Q30270,A0
Q30271,A0
Q30272,A0
Q30273,A0
Q30274,A0
Q30275,A0
Q30276,A0
Q30277,A0
Q30278,A0
Q30279,A0
Q30280,A0
Q30281,A0
Q30282,A0
Q30283,A0
Q30284,A0
Q30285,A0
Q30286,A0
Q30287,A0
Q30288,A0
Q30289,A0
Q30290,A0
Q30291,A0
Q30292,A0
Q30293,A0
Q30294,A0
Q30295,A0
Q30296,A0
Q30297,A0
Q30298,A0
Q30299,A0
Q30300,A0
Q30301,A0
Q30302,A0
Q30303,A0
Q30304,A0
Q30305,A0
Q30306,A0
Q30307,A0
Q30308,A0
Q30309,A0
Q30310,A0
Q30311,A0
Q30312,A0
Q30313,A0
Q30314,A0
Q30315,A0
Q30316,A0
Q30317,A0
Q30318,A0
Q30319,A0
Q30320,A0
Q30321,A0
Q30322,A0
Q30323,A0
Q30324,A0
Q30325,A0
Q30326,A0
Q30327,A0
Q30328,A0
Q30329,A0
Q30330,A0
Q30331,A0
Q30332,A0
Q30333,A0
Q30334,A0
Q30335,A0
Q30336,A0
Q30337,A0
Q30338,A0
Q30339,A0
Q30340,A0
Q30341,A0
Q30342,A0
Q30343,A0
Q30344,A0
Q30345,A0
Q30346,A0
Q30347,A0
Q30348,A0
Q30349,A0
Q30350,A0
Q30351,A0
Q30352,A0
Q30353,A0
Q30354,A0
Q30355,A0
Q30356,A0
Q30357,A0
Q30358,A0
Q30359,A0
Q30360,A0
Q30361,A0
Q30362,A0
Q30363,A0
Q30364,A0
Q30365,A0
Q30366,A0
Q30367,A0
Q30368,A0
Q30369,A0
Q30370,A0
Q30371,A0
Q30372,A0
Q30373,A0
Q30374,A0
Q30375,A0
Q30376,A0
Q30377,A0
Q30378,A0
Q30379,A0
Q30380,A0
Q30381,A0
Q30382,A0
Q30383,A0
Q30384,A0
Q30385,A0
Q30386,A0
Q30387,A0
Q30388,A0
Q30389,A0
Q30390,A0
Q30391,A0
Q30392,A0
Q30393,A0
Q30394,A0
Q30395,A0
Q30396,A0
Q30397,A0
Q30398,A0
Q30399,A0
Q30400,A0
Q30401,A0
Q30402,A0
Q30403,A0
Q30404,A0
Q30405,A0
Q30406,A0
Q30407,A0
Q30408,A0
Q30409,A0
Q30410,A0
Q30411,A0
Q30412,A0
Q30413,A0
Q30414,A0
Q30415,A0
Q30416,A0
Q30417,A0
Q30418,A0
Q30419,A0
Q30420,A0
Q30421,A0
Q30422,A0
Q30423,A0
Q30424,A0
Q30425,A0
Q30426,A0
Q30427,A0
Q30428,A0
Q30429,A0
Q30430,A0
Q30431,A0
Q30432,A0
Q30433,A0
Q30434,A0
Q30435,A0
Q30436,A0
Q30437,A0
Q30438,A0
Q30439,A0
Q30440,A0
Q30441,A0
Q30442,A0
Q30443,A0
Q30444,A0
Q30445,A0
Q30446,A0
Q30447,A0
Q30448,A0
Q30449,A0
Q30450,A0
Q30451,A0
Q30452,A0
Q30453,A0
Q30454,A0
Q30455,A0
Q30456,A0
Q30457,A0
Q30458,A0
Q30459,A0
Q30460,A0
Q30461,A0
Q30462,A0
Q30463,A0
Q30464,A0
Q30465,A0
Q30466,A0
Q30467,A0
Q30468,A0
Q30469,A0
Q30470,A0
Q30471,A0
Q30472,A0
Q30473,A0
Q30474,A0
Q30475,A0
Q30476,A0
Q30477,A0
Q30478,A0
Q30479,A0
Q30480,A0
Q30481,A0
Q30482,A0
Q30483,A0
Q30484,A0
Q30485,A0
Q30486,A0
Q30487,A0
Q30488,A0
Q30489,A0
Q30490,A0
Q30491,A0
Q30492,A0
Q30493,A0
Q30494,A0
Q30495,A0
Q30496,A0
Q30497,A0
Q30498,A0
Q30499,A0
Q30500,A0
Q30501,A0
Q30502,A0
Q30503,A0
Q30504,A0
Q30505,A0
Q30506,A0
Q30507,A0
Q30508,A0
Q30509,A0
Q30510,A0
Q30511,A0
Q30512,A0
Q30513,A0
Q30514,A0
Q30515,A0
Q30516,A0
Q30517,A0
Q30518,A0
Q30519,A0
Q30520,A0
Q30521,A0
Q30522,A0
Q30523,A0
Q30524,A0
Q30525,A0
Q30526,A0
Q30527,A0
Q30528,A0
Q30529,A0
Q30530,A0
Q30531,A2
Q30532,A2
Q30533,A2
Q30534,A2
Q30535,A2
Q30536,A2
Q30537,A2
Q30538,A2
Q30539,A2
Q30540,A2
Q30541,A2
Q30542,A2
Q30543,A2
Q30544,A2
Q30545,A2
Q30546,A2
Q30547,A2
Q30548,A2
Q30549,A2
Q30550,A2
Q30551,A2
Q30552,A2
Q30553,A2
Q30554,A2
Q30555,A2
Q30556,A2
Q30557,A2
Q30558,A2
Q30559,A2
Q30560,A2
Q30561,A2
Q30562,A2
Q30563,A2
Q30564,A2
Q30565,A2
Q30566,A2
Q30567,A2
Q30568,A2
Q30569,A2
Q30570,A2
Q30571,A2
Q30572,A2
Q30573,A2
Q30574,A2
Q30575,A2
Q30576,A2
Q30577,A2
Q30578,A2
Q30579,A2
Q30580,A2
Q30581,A2
Q30582,A2
Q30583,A2
Q30584,A2
Q30585,A2
Q30586,A2
Q30587,A2
Q30588,A2
Q30589,A2
Q30590,A2
Q30591,A2
Q30592,A2
Q30593,A2
Q30594,A2
Q30595,A2
Q30596,A2
Q30597,A2
Q30598,A2
Q30599,A2
Q30600,A2
Q30601,A2
Q30602,A2
Q30603,A2
Q30604,A2
Q30605,A2
Q30606,A2
Q30607,A2
Q30608,A2
Q30609,A2
Q30610,A2
Q30611,A2
Q30612,A2
Q30613,A2
Q30614,A2
Q30615,A2
Q30616,A2
Q30617,A2
Q30618,A2
Q30619,A2
Q30620,A2
Q30621,A2
Q30622,A2
Q30623,A2
Q30624,A2
Q30625,A2
Q30626,A2
Q30627,A2
Q30628,A2
Q30629,A2
Q30630,A2
Q30631,A2
Q30632,A2
Q30633,A2
Q30634,A2
Q30635,A2
Q30636,A2
Q30637,A2
Q30638,A2
Q30639,A2
Q30640,A2
Q30641,A2
Q30642,A2
Q30643,A2
Q30644,A2
Q30645,A2
Q30646,A2
Q30647,A2
Q30648,A2
Q30649,A2
Q30650,A2
Q30651,A2
Q30652,A2
Q30653,A2
Q30654,A2
Q30655,A2
Q30656,A2
Q30657,A2
Q30658,A2
Q30659,A2
Q30660,A2
Q30661,A2
Q30662,A2
Q30663,A2
Q30664,A2
Q30665,A2
Q30666,A2
Q30667,A2
Q30668,A2
Q30669,A2
Q30670,A2
Q30671,A2
Q30672,A2
Q30673,A2
Q30674,A2
Q30675,A2
Q30676,A2
Q30677,A2
Q30678,A2
Q30679,A2
Q30680,A2
Q30681,A2
Q30682,A2
Q30683,A2
Q30684,A2
Q30685,A2
Q30686,A2
Q30687,A2
Q30688,A2
Q30689,A2
Q30690,A2
Q30691,A2
Q30692,A2
Q30693,A2
Q30694,A2
Q30695,A2
Q30696,A2
Q30697,A2
Q30698,A2
Q30699,A2
Q30700,A2
Q30701,A2
Q30702,A2
Q30703,A2
Q30704,A2
Q30705,A2
Q30706,A2
Q30707,A2
Q30708,A2
Q30709,A2
Q30710,A2
Q30711,A2
Q30712,A2
Q30713,A2
Q30714,A2
Q30715,A2
Q30716,A2
Q30717,A2
Q30718,A2
Q30719,A2
Q30720,A2
Q30721,A2
Q30722,A2
Q30723,A2
Q30724,A2
Q30725,A2
Q30726,A2
Q30727,A2
Q30728,A2
Q30729,A2
Q30730,A2
Q30731,A2
Q30732,A2
Q30733,A2
Q30734,A2
Q30735,A2
Q30736,A2
Q30737,A2
Q30738,A2
Q30739,A2
Q30740,A2
Q30741,A2
Q30742,A2
Q30743,A2
Q30744,A2
Q30745,A2
Q30746,A2
Q30747,A2
Q30748,A2
Q30749,A2
Q30750,A2
Q30751,A2
Q30752,A2
Q30753,A2
Q30754,A2
Q30755,A2
Q30756,A2
Q30757,A2
Q30758,A2
Q30759,A2
Q30760,A2
Q30761,A2
Q30762,A2
Q30763,A2
Q30764,A2
Q30765,A2
Q30766,A2
Q30767,A2
Q30768,A2
Q30769,A2
Q30770,A2
Q30771,A2
Q30772,A2
Q30773,A2
Q30774,A2
Q30775,A2
Q30776,A2
Q30777,A2
Q30778,A2
Q30779,A2
Q30780,A2
Q30781,A2
Q30782,A2
Q30783,A2
Q30784,A2
Q30785,A2
Q30786,A2
Q30787,A2
Q30788,A2
Q30789,A2
Q30790,A2
Q30791,A2
Q30792,A2
Q30793,A2
Q30794,A2
Q30795,A2
Q30796,A2
Q30797,A2
Q30798,A2
Q30799,A2
Q30800,A2
Q30801,A2
Q30802,A2
Q30803,A2
Q30804,A2
Q30805,A2
Q30806,A2
Q30807,A2
Q30808,A2
Q30809,A2
Q30810,A2
Q30811,A2
Q30812,A2
Q30813,A2
Q30814,A2
Q30815,A2
Q30816,A2
Q30817,A2
Q30818,A2
Q30819,A2
Q30820,A2
Q30821,A2
Q30822,A2
Q30823,A2
Q30824,A2
Q30825,A2
Q30826,A2
Q30827,A2
Q30828,A2
Q30829,A2
Q30830,A2
Q30831,A2
Q30832,A2
Q30833,A2
Q30834,A2
Q30835,A2
Q30836,A2
Q30837,A2
Q30838,A2
Q30839,A2
Q30840,A2
Q30841,A2
Q30842,A2
Q30843,A2
Q30844,A2
Q30845,A2
Q30846,A2
Q30847,A2
Q30848,A2
Q30849,A2
Q30850,A2
Q30851,A2
Q30852,A2
Q30853,A2
Q30854,A2
Q30855,A2
Q30856,A2
Q30857,A2
Q30858,A2
Q30859,A2
Q30860,A2
Q30861,A2
Q30862,A2
Q30863,A2
Q30864,A2
Q30865,A2
Q30866,A2
Q30867,A2
Q30868,A2
Q30869,A2
Q30870,A2
Q30871,A2
Q30872,A2
Q30873,A2
Q30874,A2
Q30875,A2
Q30876,A2
Q30877,A2
Q30878,A2
Q30879,A2
Q30880,A2
Q30881,A2
Q30882,A2
Q30883,A2
Q30884,A2
Q30885,A2
Q30886,A2
Q30887,A2
Q30888,A2
Q30889,A2
Q30890,A2
Q30891,A2
Q30892,A2
Q30893,A2
Q30894,A2
Q30895,A2
Q30896,A2
Q30897,A2
Q30898,A2
Q30899,A2
Q30900,A2
Q30901,A2
Q30902,A2
Q30903,A2
Q30904,A2
Q30905,A2
Q30906,A2
Q30907,A2
Q30908,A2
Q30909,A2
Q30910,A2
Q30911,A2
Q30912,A2
Q30913,A2
Q30914,A2
Q30915,A2
Q30916,A2
Q30917,A2
Q30918,A2
Q30919,A2
Q30920,A2
Q30921,A2
Q30922,A2
Q30923,A2
Q30924,A2
Q30925,A2
Q30926,A2
Q30927,A2
Q30928,A2
Q30929,A2
Q30930,A2
Q30931,A2
Q30932,A2
Q30933,A2
Q30934,A2
Q30935,A2
Q30936,A2
Q30937,A2
Q30938,A2
Q30939,A2
Q30940,A2
Q30941,A2
Q30942,A2
Q30943,A2
Q30944,A2
Q30945,A2
Q30946,A2
Q30947,A2
Q30948,A2
Q30949,A2
Q30950,A2
Q30951,A2
Q30952,A2
Q30953,A2
Q30954,A2
Q30955,A2
Q30956,A2
Q30957,A2
Q30958,A2
Q30959,A2
Q30960,A2
Q30961,A2
Q30962,A2
Q30963,A2
Q30964,A2
Q30965,A2
Q30966,A2
Q30967,A2
Q30968,A2
Q30969,A2
Q30970,A2
Q30971,A2
Q30972,A2
Q30973,A2
Q30974,A2
Q30975,A2
Q30976,A2
Q30977,A2
Q30978,A2
Q30979,A2
Q30980,A2
Q30981,A2
Q30982,A2
Q30983,A2
Q30984,A2
Q30985,A2
Q30986,A2
Q30987,A2
Q30988,A2
Q30989,A2
Q30990,A2
Q30991,A2
Q30992,A2
Q30993,A2
Q30994,A2
Q30995,A2
Q30996,A2
Q30997,A2
Q30998,A2
Q30999,A2
Q31000,A2
Q31001,A2
Q31002,A2
Q31003,A2
Q31004,A2
Q31005,A2
Q31006,A2
Q31007,A2
Q31008,A2
Q31009,A2
Q31010,A2
Q31011,A2
Q31012,A2
Q31013,A2
Q31014,A2
Q31015,A2
Q31016,A2
Q31017,A2
Q31018,A2
Q31019,A2
Q31020,A2
Q31021,A2
Q31022,A2
Q31023,A2
Q31024,A2
Q31025,A2
Q31026,A2
Q31027,A2
Q31028,A2
Q31029,A2
Q31030,A2
Q31031,A2
Q31032,A2
Q31033,A2
Q31034,A2
Q31035,A2
Q31036,A2
Q31037,A2
Q31038,A2
Q31039,A2
Q31040,A2
Q31041,A2
Q31042,A2
Q31043,A2
Q31044,A2
Q31045,A2
Q31046,A2
Q31047,A2
Q31048,A2
Q31049,A2
Q31050,A2
Q31051,A2
Q31052,A2
Q31053,A2
Q31054,A2
Q31055,A2
Q31056,A2
Q31057,A2
Q31058,A2
Q31059,A2
Q31060,A2
Q31061,A2
Q31062,A2
Q31063,A2
Q31064,A2
Q31065,A2
Q31066,A2
Q31067,A2
Q31068,A2
Q31069,A2
Q31070,A2
Q31071,A2
Q31072,A2
Q31073,A2
Q31074,A2
Q31075,A2
Q31076,A2
Q31077,A2
Q31078,A2
Q31079,A2
Q31080,A2
Q31081,A2
Q31082,A2
Q31083,A2
Q31084,A2
Q31085,A2
Q31086,A2
Q31087,A2
Q31088,A2
Q31089,A2
Q31090,A2
Q31091,A2
Q31092,A2
Q31093,A2
Q31094,A2
Q31095,A2
Q31096,A2
Q31097,A2
Q31098,A2
Q31099,A2
Q31100,A2
Q31101,A2
Q31102,A2
Q31103,A2
Q31104,A2
Q31105,A2
Q31106,A2
Q31107,A2
Q31108,A2
Q31109,A2
Q31110,A2
Q31111,A2
Q31112,A2
Q31113,A2
Q31114,A2
Q31115,A2
Q31116,A2
Q31117,A2
Q31118,A2
Q31119,A2
Q31120,A2
Q31121,A2
Q31122,A2
Q31123,A2
Q31124,A2
Q31125,A2
Q31126,A2
Q31127,A2
Q31128,A2
Q31129,A2
Q31130,A2
Q31131,A2
Q31132,A2
Q31133,A2
Q31134,A2
Q31135,A2
Q31136,A2
Q31137,A2
Q31138,A2
Q31139,A2
Q31140,A2
Q31141,A2
Q31142,A2
Q31143,A2
Q31144,A2
Q31145,A2
Q31146,A2
Q31147,A2
Q31148,A2
Q31149,A2
Q31150,A2
Q31151,A2
Q31152,A2
Q31153,A2
Q31154,A2
Q31155,A2
Q31156,A2
Q31157,A2
Q31158,A2
Q31159,A2
Q31160,A2
Q31161,A2
Q31162,A2
Q31163,A2
Q31164,A2
Q31165,A2
Q31166,A2
Q31167,A2
Q31168,A2
Q31169,A2
Q31170,A2
Q31171,A2
Q31172,A2
Q31173,A2
Q31174,A2
Q31175,A2
Q31176,A2
Q31177,A2
Q31178,A2
Q31179,A2
Q31180,A2
Q31181,A2
Q31182,A2
Q31183,A2
Q31184,A2
Q31185,A2
Q31186,A2
Q31187,A2
Q31188,A2
Q31189,A2
Q31190,A2
Q31191,A2
Q31192,A2
Q31193,A2
Q31194,A2
Q31195,A2
Q31196,A2
Q31197,A2
Q31198,A2
Q31199,A2
Q31200,A2
Q31201,A2
Q31202,A2
Q31203,A2
Q31204,A2
Q31205,A2
Q31206,A2
Q31207,A2
Q31208,A2
Q31209,A2
Q31210,A2
Q31211,A2
Q31212,A2
Q31213,A2
Q31214,A2
Q31215,A2
Q31216,A2
Q31217,A2
Q31218,A2
Q31219,A2
Q31220,A2
Q31221,A2
Q31222,A2
Q31223,A2
Q31224,A2
Q31225,A2
Q31226,A2
Q31227,A2
Q31228,A2
Q31229,A2
Q31230,A2
Q31231,A2
Q31232,A2
Q31233,A2
Q31234,A2
Q31235,A2
Q31236,A2
Q31237,A2
Q31238,A2
Q31239,A2
Q31240,A2
Q31241,A2
Q31242,A2
Q31243,A2
Q31244,A2
Q31245,A2
Q31246,A2
Q31247,A2
Q31248,A2
Q31249,A2
Q31250,A2
Q31251,A2
Q31252,A2
Q31253,A2
Q31254,A2
Q31255,A2
Q31256,A2
Q31257,A2
Q31258,A2
Q31259,A2
Q31260,A2
Q31261,A2
Q31262,A2
Q31263,A2
Q31264,A2
Q31265,A2
Q31266,A2
Q31267,A2
Q31268,A2
Q31269,A2
Q31270,A2
Q31271,A2
Q31272,A2
Q31273,A2
Q31274,A2
Q31275,A2
Q31276,A2
Q31277,A2
Q31278,A2
Q31279,A2
Q31280,A2
Q31281,A2
Q31282,A2
Q31283,A2
Q31284,A2
Q31285,A2
Q31286,A2
Q31287,A2
Q31288,A2
Q31289,A2
Q31290,A2
Q31291,A2
Q31292,A2
Q31293,A2
Q31294,A2
Q31295,A2
Q31296,A2
Q31297,A2
Q31298,A2
Q31299,A2
Q31300,A2
Q31301,A2
Q31302,A2
Q31303,A2
Q31304,A2
Q31305,A2
Q31306,A2
Q31307,A2
Q31308,A2
Q31309,A2
Q31310,A2
Q31311,A2
Q31312,A2
Q31313,A2
Q31314,A2
Q31315,A2
Q31316,A2
Q31317,A2
Q31318,A2
Q31319,A2
Q31320,A2
Q31321,A2
Q31322,A2
Q31323,A2
Q31324,A2
Q31325,A2
Q31326,A2
Q31327,A2
Q31328,A2
Q31329,A2
Q31330,A2
Q31331,A2
Q31332,A2
Q31333,A2
Q31334,A2
Q31335,A2
Q31336,A2
Q31337,A2
Q31338,A2
Q31339,A2
Q31340,A2
Q31341,A2
Q31342,A2
Q31343,A2
Q31344,A2
Q31345,A2
Q31346,A2
Q31347,A2
Q31348,A2
Q31349,A2
Q31350,A2
Q31351,A2
Q31352,A2
Q31353,A2
Q31354,A2
Q31355,A2
Q31356,A2
Q31357,A2
Q31358,A2
Q31359,A2
Q31360,A2
Q31361,A2
Q31362,A2
Q31363,A2
Q31364,A2
Q31365,A2
Q31366,A2
Q31367,A2
Q31368,A2
Q31369,A2
Q31370,A2
Q31371,A2
Q31372,A2
Q31373,A2
Q31374,A2
Q31375,A2
Q31376,A2
Q31377,A2
Q31378,A2
Q31379,A2
Q31380,A2
Q31381,A2
Q31382,A2
Q31383,A2
Q31384,A2
Q31385,A2
Q31386,A2
Q31387,A2
Q31388,A2
Q31389,A2
Q31390,A2
Q31391,A2
Q31392,A2
Q31393,A2
Q31394,A2
Q31395,A2
Q31396,A2
Q31397,A2
Q31398,A2
Q31399,A2
Q31400,A2
Q31401,A2
Q31402,A2
Q31403,A2
Q31404,A2
Q31405,A2
Q31406,A2
Q31407,A2
Q31408,A2
Q31409,A2
Q31410,A2
Q31411,A2
Q31412,A2
Q31413,A2
Q31414,A2
Q31415,A2
Q31416,A2
Q31417,A2
Q31418,A2
Q31419,A2
Q31420,A2
Q31421,A2
Q31422,A2
Q31423,A2
Q31424,A2
Q31425,A2
Q31426,A2
Q31427,A2
Q31428,A2
Q31429,A2
Q31430,A2
Q31431,A2
Q31432,A2
Q31433,A2
Q31434,A2
Q31435,A2
Q31436,A2
Q31437,A2
Q31438,A2
Q31439,A2
Q31440,A2
Q31441,A2
Q31442,A2
Q31443,A2
Q31444,A2
Q31445,A2
Q31446,A2
Q31447,A2
Q31448,A2
Q31449,A2
Q31450,A2
Q31451,A2
Q31452,A2
Q31453,A2
Q31454,A2
Q31455,A2
Q31456,A2
Q31457,A2
Q31458,A2
Q31459,A2
Q31460,A2
Q31461,A2
Q31462,A2
Q31463,A2
Q31464,A2
Q31465,A2
Q31466,A2
Q31467,A2
Q31468,A2
Q31469,A2
Q31470,A2
Q31471,A2
Q31472,A2
Q31473,A2
Q31474,A2
Q31475,A2
Q31476,A2
Q31477,A2
Q31478,A2
Q31479,A2
Q31480,A2
Q31481,A2
Q31482,A2
Q31483,A2
Q31484,A2
Q31485,A2
Q31486,A2
Q31487,A2
Q31488,A2
Q31489,A2
Q31490,A2
Q31491,A2
Q31492,A2
Q31493,A2
Q31494,A2
Q31495,A2
Q31496,A2
Q31497,A2
Q31498,A2
Q31499,A2
Q31500,A2
Q31501,A2
Q31502,A2
Q31503,A2
Q31504,A2
Q31505,A2
Q31506,A2
Q31507,A2
Q31508,A2
Q31509,A2
Q31510,A2
Q31511,A2
Q31512,A2
Q31513,A2
Q31514,A2
Q31515,A2
Q31516,A2
Q31517,A2
Q31518,A2
Q31519,A2
Q31520,A2
Q31521,A2
Q31522,A2
Q31523,A2
Q31524,A2
Q31525,A2
Q31526,A2
Q31527,A2
Q31528,A2
Q31529,A2
Q31530,A2
Q31531,A2
Q31532,A2
Q31533,A2
Q31534,A2
Q31535,A2
Q31536,A2
Q31537,A2
Q31538,A2
Q31539,A2
Q31540,A2
Q31541,A2
Q31542,A2
Q31543,A2
Q31544,A2
Q31545,A2
Q31546,A2
Q31547,A2
Q31548,A2
Q31549,A2
Q31550,A2
Q31551,A2
Q31552,A2
Q31553,A2
Q31554,A2
Q31555,A2
Q31556,A2
Q31557,A2
Q31558,A2
Q31559,A2
Q31560,A2
Q31561,A2
Q31562,A2
Q31563,A2
Q31564,A2
Q31565,A2
Q31566,A2
Q31567,A2
Q31568,A2
Q31569,A2
Q31570,A2
Q31571,A2
Q31572,A2
Q31573,A2
Q31574,A2
Q31575,A2
Q31576,A2
Q31577,A2
Q31578,A2
Q31579,A2
Q31580,A2
Q31581,A2
Q31582,A2
Q31583,A2
Q31584,A2
Q31585,A2
Q31586,A2
Q31587,A2
Q31588,A2
Q31589,A2
Q31590,A2
Q31591,A2
Q31592,A2
Q31593,A2
Q31594,A2
Q31595,A2
Q31596,A2
Q31597,A2
Q31598,A2
Q31599,A2
Q31600,A2
Q31601,A2
Q31602,A2
Q31603,A2
Q31604,A2
Q31605,A2
Q31606,A2
Q31607,A2
Q31608,A2
Q31609,A2
Q31610,A2
Q31611,A2
Q31612,A2
Q31613,A2
Q31614,A2
Q31615,A2
Q31616,A2
Q31617,A2
Q31618,A2
Q31619,A2
Q31620,A2
Q31621,A2
Q31622,A2
Q31623,A2
Q31624,A2
Q31625,A2
Q31626,A2
Q31627,A2
Q31628,A2
Q31629,A2
Q31630,A2
Q31631,A2
Q31632,A2
Q31633,A2
Q31634,A2
Q31635,A2
Q31636,A2
Q31637,A2
Q31638,A2
Q31639,A2
Q31640,A2
Q31641,A2
Q31642,A2
Q31643,A2
Q31644,A2
Q31645,A2
Q31646,A2
Q31647,A2
Q31648,A2
Q31649,A2
Q31650,A2
Q31651,A2
Q31652,A2
Q31653,A2
Q31654,A2
Q31655,A2
Q31656,A2
Q31657,A2
Q31658,A2
Q31659,A2
Q31660,A2
Q31661,A2
Q31662,A2
Q31663,A2
Q31664,A2
Q31665,A2
Q31666,A2
Q31667,A2
Q31668,A2
Q31669,A2
Q31670,A2
Q31671,A2
Q31672,A2
Q31673,A2
Q31674,A2
Q31675,A2
Q31676,A2
Q31677,A2
Q31678,A2
Q31679,A2
Q31680,A2
Q31681,A2
Q31682,A2
Q31683,A2
Q31684,A2
Q31685,A2
Q31686,A2
Q31687,A2
Q31688,A2
Q31689,A2
Q31690,A2
Q31691,A2
Q31692,A2
Q31693,A2
Q31694,A2
Q31695,A2
Q31696,A2
Q31697,A2
Q31698,A2
Q31699,A2
Q31700,A2
Q31701,A2
Q31702,A2
Q31703,A2
Q31704,A2
Q31705,A2
Q31706,A2
Q31707,A2
Q31708,A2
Q31709,A2
Q31710,A2
Q31711,A2
Q31712,A2
Q31713,A2
Q31714,A2
Q31715,A2
Q31716,A2
Q31717,A2
Q31718,A2
Q31719,A2
Q31720,A2
Q31721,A2
Q31722,A2
Q31723,A2
Q31724,A2
Q31725,A2
Q31726,A2
Q31727,A2
Q31728,A2
Q31729,A2
Q31730,A2
Q31731,A2
Q31732,A2
Q31733,A2
Q31734,A2
Q31735,A2
Q31736,A2
Q31737,A2
Q31738,A2
Q31739,A2
Q31740,A2
Q31741,A2
Q31742,A2
Q31743,A2
Q31744,A2
Q31745,A2
Q31746,A2
Q31747,A2
Q31748,A2
Q31749,A2
Q31750,A2
Q31751,A2
Q31752,A2
Q31753,A2
Q31754,A2
Q31755,A2
Q31756,A2
Q31757,A2
Q31758,A2
Q31759,A2
Q31760,A2
Q31761,A2
Q31762,A2
Q31763,A2
Q31764,A2
Q31765,A2
Q31766,A2
Q31767,A2
Q31768,A2
Q31769,A2
Q31770,A2
Q31771,A2
Q31772,A2
Q31773,A2
Q31774,A2
Q31775,A2
Q31776,A2
Q31777,A2
Q31778,A2
Q31779,A2
Q31780,A2
Q31781,A2
Q31782,A2
Q31783,A2
Q31784,A2
Q31785,A2
Q31786,A2
Q31787,A2
Q31788,A2
Q31789,A2
Q31790,A2
Q31791,A2
Q31792,A2
Q31793,A2
Q31794,A2
Q31795,A2
Q31796,A2
Q31797,A2
Q31798,A2
Q31799,A2
Q31800,A2
Q31801,A2
Q31802,A2
Q31803,A2
Q31804,A2
Q31805,A2
Q31806,A2
Q31807,A2
Q31808,A2
Q31809,A2
Q31810,A2
Q31811,A2
Q31812,A2
Q31813,A2
Q31814,A2
Q31815,A2
Q31816,A2
Q31817,A2
Q31818,A2
Q31819,A2
Q31820,A2
Q31821,A2
Q31822,A2
Q31823,A2
Q31824,A2
Q31825,A2
Q31826,A2
Q31827,A2
Q31828,A2
Q31829,A2
Q31830,A2
Q31831,A2
Q31832,A2
Q31833,A2
Q31834,A2
Q31835,A2
Q31836,A2
Q31837,A2
Q31838,A2
Q31839,A2
Q31840,A2
Q31841,A2
Q31842,A2
Q31843,A2
Q31844,A2
Q31845,A2
Q31846,A2
Q31847,A2
Q31848,A2
Q31849,A2
Q31850,A2
Q31851,A2
Q31852,A2
Q31853,A2
Q31854,A2
Q31855,A2
Q31856,A2
Q31857,A2
Q31858,A2
Q31859,A2
Q31860,A2
Q31861,A2
Q31862,A2
Q31863,A2
Q31864,A2
Q31865,A2
Q31866,A2
Q31867,A2
Q31868,A2
Q31869,A2
Q31870,A2
Q31871,A2
Q31872,A2
Q31873,A2
Q31874,A2
Q31875,A2
Q31876,A2
Q31877,A2
Q31878,A2
Q31879,A2
Q31880,A2
Q31881,A2
Q31882,A2
Q31883,A2
Q31884,A2
Q31885,A2
Q31886,A2
Q31887,A2
Q31888,A2
Q31889,A2
Q31890,A2
Q31891,A2
Q31892,A2
Q31893,A2
Q31894,A2
Q31895,A2
Q31896,A2
Q31897,A2
Q31898,A2
Q31899,A2
Q31900,A2
Q31901,A2
Q31902,A2
Q31903,A2
Q31904,A2
Q31905,A2
Q31906,A2
Q31907,A2
Q31908,A2
Q31909,A2
Q31910,A2
Q31911,A2
Q31912,A2
Q31913,A2
Q31914,A2
Q31915,A2
Q31916,A2
Q31917,A2
Q31918,A2
Q31919,A2
Q31920,A2
Q31921,A2
Q31922,A2
Q31923,A2
Q31924,A2
Q31925,A2
Q31926,A2
Q31927,A2
Q31928,A2
Q31929,A2
Q31930,A2
Q31931,A2
Q31932,A2
Q31933,A2
Q31934,A2
Q31935,A2
Q31936,A2
Q31937,A2
Q31938,A2
Q31939,A2
Q31940,A2
Q31941,A2
Q31942,A2
Q31943,A2
Q31944,A2
Q31945,A2
Q31946,A2
Q31947,A2
Q31948,A2
Q31949,A2
Q31950,A2
Q31951,A2
Q31952,A2
Q31953,A2
Q31954,A2
Q31955,A2
Q31956,A2
Q31957,A2
Q31958,A2
Q31959,A2
Q31960,A2
Q31961,A2
Q31962,A2
Q31963,A2
Q31964,A2
Q31965,A2
Q31966,A2
Q31967,A2
Q31968,A2
Q31969,A2
Q31970,A2
Q31971,A2
Q31972,A2
Q31973,A2
Q31974,A2
Q31975,A2
Q31976,A2
Q31977,A2
Q31978,A2
Q31979,A2
Q31980,A2
Q31981,A2
Q31982,A2
Q31983,A2
Q31984,A2
Q31985,A2
Q31986,A2
Q31987,A2
Q31988,A2
Q31989,A2
Q31990,A2
Q31991,A2
Q31992,A2
Q31993,A2
Q31994,A2
Q31995,A2
Q31996,A2
Q31997,A2
Q31998,A2
Q31999,A2
Q32000,A2
Q32001,A2
Q32002,A2
Q32003,A2
Q32004,A2
Q32005,A2
Q32006,A2
Q32007,A2
Q32008,A2
Q32009,A2
Q32010,A2
Q32011,A2
Q32012,A2
Q32013,A2
Q32014,A2
Q32015,A2
Q32016,A2
Q32017,A2
Q32018,A2
Q32019,A2
Q32020,A2
Q32021,A2
Q32022,A2
Q32023,A2
Q32024,A2
Q32025,A2
Q32026,A2
Q32027,A2
Q32028,A2
Q32029,A2
Q32030,A2
Q32031,A2
Q32032,A2
Q32033,A2
Q32034,A2
Q32035,A2
Q32036,A2
Q32037,A2
Q32038,A2
Q32039,A2
Q32040,A2
Q32041,A2
Q32042,A2
Q32043,A2
Q32044,A2
Q32045,A2
Q32046,A2
Q32047,A2
Q32048,A2
Q32049,A2
Q32050,A2
Q32051,A2
Q32052,A2
Q32053,A2
Q32054,A2
Q32055,A2
Q32056,A2
Q32057,A2
Q32058,A2
Q32059,A2
Q32060,A2
Q32061,A2
Q32062,A2
Q32063,A2
Q32064,A2
Q32065,A2
Q32066,A2
Q32067,A2
Q32068,A2
Q32069,A2
Q32070,A2
Q32071,A2
Q32072,A2
Q32073,A2
Q32074,A2
Q32075,A2
Q32076,A2
Q32077,A2
Q32078,A2
Q32079,A2
Q32080,A2
Q32081,A2
Q32082,A2
Q32083,A2
Q32084,A2
Q32085,A2
Q32086,A2
Q32087,A2
Q32088,A2
Q32089,A2
Q32090,A2
Q32091,A2
Q32092,A2
Q32093,A2
Q32094,A2
Q32095,A2
Q32096,A2
Q32097,A2
Q32098,A2
Q32099,A2
Q32100,A2
Q32101,A2
Q32102,A2
Q32103,A2
Q32104,A2
Q32105,A2
Q32106,A2
Q32107,A2
Q32108,A2
Q32109,A2
Q32110,A2
Q32111,A2
Q32112,A2
Q32113,A2
Q32114,A2
Q32115,A2
Q32116,A2
Q32117,A2
Q32118,A2
Q32119,A2
Q32120,A2
Q32121,A2
Q32122,A2
Q32123,A2
Q32124,A2
Q32125,A2
Q32126,A2
Q32127,A2
Q32128,A2
Q32129,A2
Q32130,A2
Q32131,A2
Q32132,A2
Q32133,A2
Q32134,A2
Q32135,A2
Q32136,A2
Q32137,A2
Q32138,A2
Q32139,A2
Q32140,A2
Q32141,A2
Q32142,A2
Q32143,A2
Q32144,A2
Q32145,A2
Q32146,A2
Q32147,A2
Q32148,A2
Q32149,A2
Q32150,A2
Q32151,A2
Q32152,A2
Q32153,A2
Q32154,A2
Q32155,A2
Q32156,A2
Q32157,A2
Q32158,A2
Q32159,A2
Q32160,A2
Q32161,A2
Q32162,A2
Q32163,A2
Q32164,A2
Q32165,A2
Q32166,A2
Q32167,A2
Q32168,A2
Q32169,A2
Q32170,A2
Q32171,A2
Q32172,A2
Q32173,A2
Q32174,A2
Q32175,A2
Q32176,A2
Q32177,A2
Q32178,A2
Q32179,A2
Q32180,A2
Q32181,A2
Q32182,A2
Q32183,A2
Q32184,A2
Q32185,A2
Q32186,A2
Q32187,A2
Q32188,A2
Q32189,A2
Q32190,A2
Q32191,A2
Q32192,A2
Q32193,A2
Q32194,A2
Q32195,A2
Q32196,A2
Q32197,A2
Q32198,A2
Q32199,A2
Q32200,A2
Q32201,A2
Q32202,A2
Q32203,A2
Q32204,A2
Q32205,A2
Q32206,A2
Q32207,A2
Q32208,A2
Q32209,A2
Q32210,A2
Q32211,A2
Q32212,A2
Q32213,A2
Q32214,A2
Q32215,A2
Q32216,A2
Q32217,A2
Q32218,A2
Q32219,A2
Q32220,A2
Q32221,A2
Q32222,A2
Q32223,A2
Q32224,A2
Q32225,A2
Q32226,A2
Q32227,A2
Q32228,A2
Q32229,A2
Q32230,A2
Q32231,A2
Q32232,A2
Q32233,A2
Q32234,A2
Q32235,A2
Q32236,A2
Q32237,A2
Q32238,A2
Q32239,A2
Q32240,A2
Q32241,A2
Q32242,A2
Q32243,A2
Q32244,A2
Q32245,A2
Q32246,A2
Q32247,A2
Q32248,A2
Q32249,A2
Q32250,A2
Q32251,A2
Q32252,A2
Q32253,A2
Q32254,A2
Q32255,A2
Q32256,A2
Q32257,A2
Q32258,A2
Q32259,A2
Q32260,A2
Q32261,A2
Q32262,A2
Q32263,A2
Q32264,A2
Q32265,A2
Q32266,A2
Q32267,A2
Q32268,A2
Q32269,A2
Q32270,A2
Q32271,A2
Q32272,A2
Q32273,A2
Q32274,A2
Q32275,A2
Q32276,A2
Q32277,A2
Q32278,A2
Q32279,A2
Q32280,A2
Q32281,A2
Q32282,A2
Q32283,A2
Q32284,A2
Q32285,A2
Q32286,A2
Q32287,A2
Q32288,A2
Q32289,A2
Q32290,A2
Q32291,A2
Q32292,A2
Q32293,A2
Q32294,A2
Q32295,A2
Q32296,A2
Q32297,A2
Q32298,A2
Q32299,A2
Q32300,A2
Q32301,A2
Q32302,A2
Q32303,A2
Q32304,A2
Q32305,A2
Q32306,A2
Q32307,A2
Q32308,A2
Q32309,A2
Q32310,A2
Q32311,A2
Q32312,A2
Q32313,A2
Q32314,A2
Q32315,A2
Q32316,A2
Q32317,A2
Q32318,A2
Q32319,A2
Q32320,A2
Q32321,A2
Q32322,A2
Q32323,A2
Q32324,A2
Q32325,A2
Q32326,A2
Q32327,A2
Q32328,A2
Q32329,A2
Q32330,A2
Q32331,A2
Q32332,A2
Q32333,A2
Q32334,A2
Q32335,A2
Q32336,A2
Q32337,A2
Q32338,A2
Q32339,A2
Q32340,A2
Q32341,A2
Q32342,A2
Q32343,A2
Q32344,A2
Q32345,A2
Q32346,A2
Q32347,A2
Q32348,A2
Q32349,A2
Q32350,A2
Q32351,A2
Q32352,A2
Q32353,A2
Q32354,A2
Q32355,A2
Q32356,A2
Q32357,A2
Q32358,A2
Q32359,A2
Q32360,A2
Q32361,A2
Q32362,A2
Q32363,A2
Q32364,A2
Q32365,A2
Q32366,A2
Q32367,A2
Q32368,A2
Q32369,A2
Q32370,A2
Q32371,A2
Q32372,A2
Q32373,A2
Q32374,A2
Q32375,A2
Q32376,A2
Q32377,A2
Q32378,A2
Q32379,A2
Q32380,A2
Q32381,A2
Q32382,A2
Q32383,A2
Q32384,A2
Q32385,A2
Q32386,A2
Q32387,A2
Q32388,A2
Q32389,A2
Q32390,A2
Q32391,A2
Q32392,A2
Q32393,A2
Q32394,A2
Q32395,A2
Q32396,A2
Q32397,A2
Q32398,A2
Q32399,A2
Q32400,A2
Q32401,A2
Q32402,A2
Q32403,A2
Q32404,A2
Q32405,A2
Q32406,A2
Q32407,A2
Q32408,A2
Q32409,A2
Q32410,A2
Q32411,A2
Q32412,A2
Q32413,A2
Q32414,A2
Q32415,A2
Q32416,A2
Q32417,A2
Q32418,A2
Q32419,A2
Q32420,A2
Q32421,A2
Q32422,A2
Q32423,A2
Q32424,A2
Q32425,A2
Q32426,A2
Q32427,A2
Q32428,A2
Q32429,A2
Q32430,A2
Q32431,A2
Q32432,A2
Q32433,A2
Q32434,A2
Q32435,A2
Q32436,A2
Q32437,A2
Q32438,A2
Q32439,A2
Q32440,A2
Q32441,A2
Q32442,A2
Q32443,A2
Q32444,A2
Q32445,A2
Q32446,A2
Q32447,A2
Q32448,A2
Q32449,A2
Q32450,A2
Q32451,A2
Q32452,A2
Q32453,A2
Q32454,A2
Q32455,A2
Q32456,A2
Q32457,A2
Q32458,A2
Q32459,A2
Q32460,A2
Q32461,A2
Q32462,A2
Q32463,A2
Q32464,A2
Q32465,A2
Q32466,A2
Q32467,A2
Q32468,A2
Q32469,A2
Q32470,A2
Q32471,A2
Q32472,A2
Q32473,A2
Q32474,A2
Q32475,A2
Q32476,A2
Q32477,A2
Q32478,A2
Q32479,A2
Q32480,A2
Q32481,A2
Q32482,A2
Q32483,A2
Q32484,A2
Q32485,A2
Q32486,A2
Q32487,A2
Q32488,A2
Q32489,A2
Q32490,A2
Q32491,A2
Q32492,A2
Q32493,A2
Q32494,A2
Q32495,A2
Q32496,A2
Q32497,A2
Q32498,A2
Q32499,A2
Q32500,A2
Q32501,A2
Q32502,A2
Q32503,A2
Q32504,A2
Q32505,A2
Q32506,A2
Q32507,A2
Q32508,A2
Q32509,A2
Q32510,A2
Q32511,A2
Q32512,A2
Q32513,A2
Q32514,A2
Q32515,A2
Q32516,A2
Q32517,A2
Q32518,A2
Q32519,A2
Q32520,A2
Q32521,A2
Q32522,A2
Q32523,A2
Q32524,A2
Q32525,A2
Q32526,A2
Q32527,A2
Q32528,A2
Q32529,A2
Q32530,A2
Q32531,A2
Q32532,A2
Q32533,A2
Q32534,A2
Q32535,A2
Q32536,A2
Q32537,A2
Q32538,A2
Q32539,A2
Q32540,A2
Q32541,A2
Q32542,A2
Q32543,A2
Q32544,A2
Q32545,A2
Q32546,A2
Q32547,A2
Q32548,A2
Q32549,A2
Q32550,A2
Q32551,A2
Q32552,A2
Q32553,A2
Q32554,A2
Q32555,A2
Q32556,A2
Q32557,A2
Q32558,A2
Q32559,A2
Q32560,A2
Q32561,A2
Q32562,A2
Q32563,A2
Q32564,A2
Q32565,A2
Q32566,A2
Q32567,A2
Q32568,A2
Q32569,A2
Q32570,A2
Q32571,A2
Q32572,A2
Q32573,A2
Q32574,A2
Q32575,A2
Q32576,A2
Q32577,A2
Q32578,A2
Q32579,A2
Q32580,A2
Q32581,A2
Q32582,A2
Q32583,A2
Q32584,A2
Q32585,A2
Q32586,A2
Q32587,A2
Q32588,A2
Q32589,A2
Q32590,A2
Q32591,A2
Q32592,A2
Q32593,A2
Q32594,A2
Q32595,A2
Q32596,A2
Q32597,A2
Q32598,A2
Q32599,A2
Q32600,A2
Q32601,A2
Q32602,A2
Q32603,A2
Q32604,A2
Q32605,A2
Q32606,A2
Q32607,A2
Q32608,A2
Q32609,A2
Q32610,A2
Q32611,A2
Q32612,A2
Q32613,A2
Q32614,A2
Q32615,A2
Q32616,A2
Q32617,A2
Q32618,A2
Q32619,A2
Q32620,A2
Q32621,A2
Q32622,A2
Q32623,A2
Q32624,A2
Q32625,A2
Q32626,A2
Q32627,A2
Q32628,A2
Q32629,A2
Q32630,A2
Q32631,A2
Q32632,A2
Q32633,A2
Q32634,A2
Q32635,A2
Q32636,A2
Q32637,A2
Q32638,A2
Q32639,A2
Q32640,A2
Q32641,A2
Q32642,A2
Q32643,A2
Q32644,A2
Q32645,A2
Q32646,A2
Q32647,A2
Q32648,A2
Q32649,A2
Q32650,A2
Q32651,A2
Q32652,A2
Q32653,A2
Q32654,A2
Q32655,A2
Q32656,A2
Q32657,A2
Q32658,A2
Q32659,A2
Q32660,A2
Q32661,A2
Q32662,A2
Q32663,A2
Q32664,A2
Q32665,A2
Q32666,A2
Q32667,A2
Q32668,A2
Q32669,A2
Q32670,A2
Q32671,A2
Q32672,A2
Q32673,A2
Q32674,A2
Q32675,A2
Q32676,A2
Q32677,A2
Q32678,A2
Q32679,A2
Q32680,A2
Q32681,A2
Q32682,A2
Q32683,A2
Q32684,A2
Q32685,A2
Q32686,A2
Q32687,A2
Q32688,A2
Q32689,A2
Q32690,A2
Q32691,A2
Q32692,A2
Q32693,A2
Q32694,A2
Q32695,A2
Q32696,A2
Q32697,A2
Q32698,A2
Q32699,A2
Q32700,A2
Q32701,A2
Q32702,A2
Q32703,A2
Q32704,A2
Q32705,A2
Q32706,A2
Q32707,A2
Q32708,A2
Q32709,A2
Q32710,A2
Q32711,A2
Q32712,A2
Q32713,A2
Q32714,A2
Q32715,A2
Q32716,A2
Q32717,A2
Q32718,A2
Q32719,A2
Q32720,A2
Q32721,A2
Q32722,A2
Q32723,A2
Q32724,A2
Q32725,A2
Q32726,A2
Q32727,A2
Q32728,A2
Q32729,A2
Q32730,A2
Q32731,A2
Q32732,A2
Q32733,A2
Q32734,A2
Q32735,A2
Q32736,A2
Q32737,A2
Q32738,A2
Q32739,A2
Q32740,A2
Q32741,A2
Q32742,A2
Q32743,A2
Q32744,A2
Q32745,A2
Q32746,A2
Q32747,A2
Q32748,A2
Q32749,A2
Q32750,A2
Q32751,A2
Q32752,A2
Q32753,A2
Q32754,A2
Q32755,A2
Q32756,A2
Q32757,A2
Q32758,A2
Q32759,A2
Q32760,A2
Q32761,A2
Q32762,A2
Q32763,A2
Q32764,A2
Q32765,A2
Q32766,A2
Q32767,A2
Q32768,A2
Q32769,A2
Q32770,A2
Q32771,A2
Q32772,A2
Q32773,A2
Q32774,A2
Q32775,A2
Q32776,A2
Q32777,A2
Q32778,A2
Q32779,A2
Q32780,A2
Q32781,A2
Q32782,A2
Q32783,A2
Q32784,A2
Q32785,A2
Q32786,A2
Q32787,A2
Q32788,A2
Q32789,A2
Q32790,A2
Q32791,A2
Q32792,A2
Q32793,A2
Q32794,A2
Q32795,A2
Q32796,A2
Q32797,A2
Q32798,A2
Q32799,A2
Q32800,A2
Q32801,A2
Q32802,A2
Q32803,A2
Q32804,A2
Q32805,A2
Q32806,A2
Q32807,A2
Q32808,A2
Q32809,A2
Q32810,A2
Q32811,A2
Q32812,A2
Q32813,A2
Q32814,A2
Q32815,A2
Q32816,A2
Q32817,A2
Q32818,A2
Q32819,A2
Q32820,A2
Q32821,A2
Q32822,A2
Q32823,A2
Q32824,A2
Q32825,A2
Q32826,A2
Q32827,A2
Q32828,A2
Q32829,A2
Q32830,A2
Q32831,A2
Q32832,A2
Q32833,A2
Q32834,A2
Q32835,A2
Q32836,A2
Q32837,A2
Q32838,A2
Q32839,A2
Q32840,A2
Q32841,A2
Q32842,A2
Q32843,A2
Q32844,A2
Q32845,A2
Q32846,A2
Q32847,A2
Q32848,A2
Q32849,A2
Q32850,A2
Q32851,A2
Q32852,A2
Q32853,A2
Q32854,A2
Q32855,A2
Q32856,A2
Q32857,A2
Q32858,A2
Q32859,A2
Q32860,A2
Q32861,A2
Q32862,A2
Q32863,A2
Q32864,A2
Q32865,A2
Q32866,A2
Q32867,A2
Q32868,A2
Q32869,A2
Q32870,A2
Q32871,A2
Q32872,A2
Q32873,A2
Q32874,A2
Q32875,A2
Q32876,A2
Q32877,A2
Q32878,A2
Q32879,A2
Q32880,A2
Q32881,A2
Q32882,A2
Q32883,A2
Q32884,A2
Q32885,A2
Q32886,A2
Q32887,A2
Q32888,A2
Q32889,A2
Q32890,A2
Q32891,A2
Q32892,A2
Q32893,A2
Q32894,A2
Q32895,A2
Q32896,A2
Q32897,A2
Q32898,A2
Q32899,A2
Q32900,A2
Q32901,A2
Q32902,A2
Q32903,A2
Q32904,A2
Q32905,A2
Q32906,A2
Q32907,A2
Q32908,A2
Q32909,A2
Q32910,A2
Q32911,A2
Q32912,A2
Q32913,A2
Q32914,A2
Q32915,A2
Q32916,A2
Q32917,A2
Q32918,A2
Q32919,A2
Q32920,A2
Q32921,A2
Q32922,A2
Q32923,A2
Q32924,A2
Q32925,A2
Q32926,A2
Q32927,A2
Q32928,A2
Q32929,A2
Q32930,A2
Q32931,A2
Q32932,A2
Q32933,A2
Q32934,A2
Q32935,A2
Q32936,A2
Q32937,A2
Q32938,A2
Q32939,A2
Q32940,A2
Q32941,A2
Q32942,A2
Q32943,A2
Q32944,A2
Q32945,A2
Q32946,A2
Q32947,A2
Q32948,A2
Q32949,A2
Q32950,A2
Q32951,A2
Q32952,A2
Q32953,A2
Q32954,A2
Q32955,A2
Q32956,A2
Q32957,A2
Q32958,A2
Q32959,A2
Q32960,A2
Q32961,A2
Q32962,A2
Q32963,A2
Q32964,A2
Q32965,A2
Q32966,A2
Q32967,A2
Q32968,A2
Q32969,A2
Q32970,A2
Q32971,A2
Q32972,A2
Q32973,A2
Q32974,A2
Q32975,A2
Q32976,A2
Q32977,A2
Q32978,A2
Q32979,A2
Q32980,A2
Q32981,A2
Q32982,A2
Q32983,A2
Q32984,A2
Q32985,A2
Q32986,A2
Q32987,A2
Q32988,A2
Q32989,A2
Q32990,A2
Q32991,A2
Q32992,A2
Q32993,A2
Q32994,A2
Q32995,A2
Q32996,A2
Q32997,A2
Q32998,A2
Q32999,A2
Q33000,A2
Q33001,A2
Q33002,A2
Q33003,A2
Q33004,A2
Q33005,A2
Q33006,A2
Q33007,A2
Q33008,A2
Q33009,A2
Q33010,A2
Q33011,A2
Q33012,A2
Q33013,A2
Q33014,A2
Q33015,A2
Q33016,A2
Q33017,A2
Q33018,A2
Q33019,A2
Q33020,A2
Q33021,A2
Q33022,A2
Q33023,A2
Q33024,A2
Q33025,A2
Q33026,A2
Q33027,A2
Q33028,A2
Q33029,A2
Q33030,A2
Q33031,A2
Q33032,A2
Q33033,A2
Q33034,A2
Q33035,A2
Q33036,A2
Q33037,A2
Q33038,A2
Q33039,A2
Q33040,A2
Q33041,A2
Q33042,A2
Q33043,A2
Q33044,A2
Q33045,A2
Q33046,A2
Q33047,A2
Q33048,A2
Q33049,A2
Q33050,A2
Q33051,A2
Q33052,A2
Q33053,A2
Q33054,A2
Q33055,A2
Q33056,A2
Q33057,A2
Q33058,A2
Q33059,A2
Q33060,A2
Q33061,A2
Q33062,A2
Q33063,A2
Q33064,A2
Q33065,A2
Q33066,A2
Q33067,A2
Q33068,A2
Q33069,A2
Q33070,A2
Q33071,A2
Q33072,A2
Q33073,A2
Q33074,A2
Q33075,A2
Q33076,A2
Q33077,A2
Q33078,A2
Q33079,A2
Q33080,A2
Q33081,A2
Q33082,A2
Q33083,A2
Q33084,A2
Q33085,A2
Q33086,A2
Q33087,A2
Q33088,A2
Q33089,A2
Q33090,A2
Q33091,A2
Q33092,A2
Q33093,A2
Q33094,A2
Q33095,A2
Q33096,A2
Q33097,A2
Q33098,A2
Q33099,A2
Q33100,A2
Q33101,A2
Q33102,A2
Q33103,A2
Q33104,A2
Q33105,A2
Q33106,A2
Q33107,A2
Q33108,A2
Q33109,A2
Q33110,A2
Q33111,A2
Q33112,A2
Q33113,A2
Q33114,A2
Q33115,A2
Q33116,A2
Q33117,A2
Q33118,A2
Q33119,A2
Q33120,A2
Q33121,A2
Q33122,A2
Q33123,A2
Q33124,A2
Q33125,A2
Q33126,A2
Q33127,A2
Q33128,A2
Q33129,A2
Q33130,A2
Q33131,A2
Q33132,A2
Q33133,A2
Q33134,A2
Q33135,A2
Q33136,A2
Q33137,A2
Q33138,A2
Q33139,A2
Q33140,A2
Q33141,A2
Q33142,A2
Q33143,A2
Q33144,A2
Q33145,A2
Q33146,A2
Q33147,A2
Q33148,A2
Q33149,A2
Q33150,A2
Q33151,A2
Q33152,A2
Q33153,A2
Q33154,A2
Q33155,A2
Q33156,A2
Q33157,A2
Q33158,A2
Q33159,A2
Q33160,A2
Q33161,A2
Q33162,A2
Q33163,A2
Q33164,A2
Q33165,A2
Q33166,A2
Q33167,A2
Q33168,A2
Q33169,A2
Q33170,A2
Q33171,A2
Q33172,A2
Q33173,A2
Q33174,A2
Q33175,A2
Q33176,A2
Q33177,A2
Q33178,A2
Q33179,A2
Q33180,A2
Q33181,A2
Q33182,A2
Q33183,A2
Q33184,A2
Q33185,A2
Q33186,A2
Q33187,A2
Q33188,A2
Q33189,A2
Q33190,A2
Q33191,A2
Q33192,A2
Q33193,A2
Q33194,A2
Q33195,A2
Q33196,A2
Q33197,A2
Q33198,A2
Q33199,A2
Q33200,A2
Q33201,A2
Q33202,A2
Q33203,A2
Q33204,A2
Q33205,A2
Q33206,A2
Q33207,A2
Q33208,A2
Q33209,A2
Q33210,A2
Q33211,A2
Q33212,A2
Q33213,A2
Q33214,A2
Q33215,A2
Q33216,A2
Q33217,A2
Q33218,A2
Q33219,A2
Q33220,A2
Q33221,A2
Q33222,A2
Q33223,A2
Q33224,A2
Q33225,A2
Q33226,A2
Q33227,A2
Q33228,A2
Q33229,A2
Q33230,A2
Q33231,A2
Q33232,A2
Q33233,A2
Q33234,A2
Q33235,A2
Q33236,A2
Q33237,A2
Q33238,A2
Q33239,A2
Q33240,A2
Q33241,A2
Q33242,A2
Q33243,A2
Q33244,A2
Q33245,A2
Q33246,A2
Q33247,A2
Q33248,A2
Q33249,A2
Q33250,A2
Q33251,A2
Q33252,A2
Q33253,A2
Q33254,A2
Q33255,A2
Q33256,A2
Q33257,A2
Q33258,A2
Q33259,A2
Q33260,A2
Q33261,A2
Q33262,A2
Q33263,A2
Q33264,A2
Q33265,A2
Q33266,A2
Q33267,A2
Q33268,A2
Q33269,A2
Q33270,A2
Q33271,A2
Q33272,A2
Q33273,A2
Q33274,A2
Q33275,A2
Q33276,A2
Q33277,A2
Q33278,A2
Q33279,A2
Q33280,A2
Q33281,A2
Q33282,A2
Q33283,A2
Q33284,A2
Q33285,A2
Q33286,A2
Q33287,A2
Q33288,A2
Q33289,A2
Q33290,A2
Q33291,A2
Q33292,A2
Q33293,A2
Q33294,A2
Q33295,A2
Q33296,A2
Q33297,A2
Q33298,A2
Q33299,A2
Q33300,A2
Q33301,A2
Q33302,A2
Q33303,A2
Q33304,A2
Q33305,A2
Q33306,A2
Q33307,A2
Q33308,A2
Q33309,A2
Q33310,A2
Q33311,A2
Q33312,A2
Q33313,A2
Q33314,A2
Q33315,A2
Q33316,A2
Q33317,A2
Q33318,A2
Q33319,A2
Q33320,A2
Q33321,A2
Q33322,A2
Q33323,A2
Q33324,A2
Q33325,A2
Q33326,A2
Q33327,A2
Q33328,A2
Q33329,A2
Q33330,A2
Q33331,A2
Q33332,A2
Q33333,A2
Q33334,A2
Q33335,A2
Q33336,A2
Q33337,A2
Q33338,A2
Q33339,A2
Q33340,A2
Q33341,A2
Q33342,A2
Q33343,A2
Q33344,A2
Q33345,A2
Q33346,A2
Q33347,A2
Q33348,A2
Q33349,A2
Q33350,A2
Q33351,A2
Q33352,A2
Q33353,A2
Q33354,A2
Q33355,A2
Q33356,A2
Q33357,A2
Q33358,A2
Q33359,A2
Q33360,A2
Q33361,A2
Q33362,A2
Q33363,A2
Q33364,A2
Q33365,A2
Q33366,A2
Q33367,A2
Q33368,A2
Q33369,A2
Q33370,A2
Q33371,A2
Q33372,A2
Q33373,A2
Q33374,A2
Q33375,A2
Q33376,A2
Q33377,A2
Q33378,A2
Q33379,A2
Q33380,A2
Q33381,A2
Q33382,A2
Q33383,A2
Q33384,A2
Q33385,A2
Q33386,A2
Q33387,A2
Q33388,A2
Q33389,A2
Q33390,A2
Q33391,A2
Q33392,A2
Q33393,A2
Q33394,A2
Q33395,A2
Q33396,A2
Q33397,A2
Q33398,A2
Q33399,A2
Q33400,A2
Q33401,A2
Q33402,A2
Q33403,A2
Q33404,A2
Q33405,A2
Q33406,A2
Q33407,A2
Q33408,A2
Q33409,A2
Q33410,A2
Q33411,A2
Q33412,A2
Q33413,A2
Q33414,A2
Q33415,A2
Q33416,A2
Q33417,A2
Q33418,A2
Q33419,A2
Q33420,A2
Q33421,A2
Q33422,A2
Q33423,A2
Q33424,A2
Q33425,A2
Q33426,A2
Q33427,A2
Q33428,A2
Q33429,A2
Q33430,A2
Q33431,A2
Q33432,A2
Q33433,A2
Q33434,A2
Q33435,A2
Q33436,A2
Q33437,A2
Q33438,A2
Q33439,A2
Q33440,A2
Q33441,A2
Q33442,A2
Q33443,A2
Q33444,A2
Q33445,A2
Q33446,A2
Q33447,A2
Q33448,A2
Q33449,A2
Q33450,A2
Q33451,A2
Q33452,A2
Q33453,A2
Q33454,A2
Q33455,A2
Q33456,A2
Q33457,A2
Q33458,A2
Q33459,A2
Q33460,A2
Q33461,A2
Q33462,A2
Q33463,A2
Q33464,A2
Q33465,A2
Q33466,A2
Q33467,A2
Q33468,A2
Q33469,A2
Q33470,A2
Q33471,A2
Q33472,A2
Q33473,A2
Q33474,A2
Q33475,A2
Q33476,A2
Q33477,A2
Q33478,A2
Q33479,A2
Q33480,A2
Q33481,A2
Q33482,A2
Q33483,A2
Q33484,A2
Q33485,A2
Q33486,A2
Q33487,A2
Q33488,A2
Q33489,A2
Q33490,A2
Q33491,A2
Q33492,A2
Q33493,A2
Q33494,A2
Q33495,A2
Q33496,A2
Q33497,A2
Q33498,A2
Q33499,A2
Q33500,A2
Q33501,A2
Q33502,A2
Q33503,A2
Q33504,A2
Q33505,A2
Q33506,A2
Q33507,A2
Q33508,A2
Q33509,A2
Q33510,A2
Q33511,A2
Q33512,A2
Q33513,A2
Q33514,A2
Q33515,A2
Q33516,A2
Q33517,A2
Q33518,A2
Q33519,A2
Q33520,A2
Q33521,A2
Q33522,A2
Q33523,A2
Q33524,A2
Q33525,A2
Q33526,A2
Q33527,A2
Q33528,A2
Q33529,A2
Q33530,A2
Q33531,A2
Q33532,A2
Q33533,A2
Q33534,A2
Q33535,A2
Q33536,A2
Q33537,A2
Q33538,A2
Q33539,A2
Q33540,A2
Q33541,A2
Q33542,A2
Q33543,A2
Q33544,A2
Q33545,A2
Q33546,A2
Q33547,A2
Q33548,A2
Q33549,A2
Q33550,A2
Q33551,A2
Q33552,A2
Q33553,A2
Q33554,A2
Q33555,A2
Q33556,A2
Q33557,A2
Q33558,A2
Q33559,A2
Q33560,A2
Q33561,A2
Q33562,A2
Q33563,A2
Q33564,A2
Q33565,A2
Q33566,A2
Q33567,A2
Q33568,A2
Q33569,A2
Q33570,A2
Q33571,A2
Q33572,A2
Q33573,A2
Q33574,A2
Q33575,A2
Q33576,A2
Q33577,A2
Q33578,A2
Q33579,A2
Q33580,A2
Q33581,A2
Q33582,A2
Q33583,A2
Q33584,A2
Q33585,A2
Q33586,A2
Q33587,A2
Q33588,A2
Q33589,A2
Q33590,A2
Q33591,A2
Q33592,A2
Q33593,A2
Q33594,A2
Q33595,A2
Q33596,A2
Q33597,A2
Q33598,A2
Q33599,A2
Q33600,A2
Q33601,A2
Q33602,A2
Q33603,A2
Q33604,A2
Q33605,A2
Q33606,A2
Q33607,A2
Q33608,A2
Q33609,A2
Q33610,A2
Q33611,A2
Q33612,A2
Q33613,A2
Q33614,A2
Q33615,A2
Q33616,A2
Q33617,A2
Q33618,A2
Q33619,A2
Q33620,A2
Q33621,A2
Q33622,A2
Q33623,A2
Q33624,A2
Q33625,A2
Q33626,A2
Q33627,A2
Q33628,A2
Q33629,A2
Q33630,A2
Q33631,A2
Q33632,A2
Q33633,A2
Q33634,A2
Q33635,A2
Q33636,A2
Q33637,A2
Q33638,A2
Q33639,A2
Q33640,A2
Q33641,A2
Q33642,A2
Q33643,A2
Q33644,A2
Q33645,A2
Q33646,A2
Q33647,A2
Q33648,A2
Q33649,A2
Q33650,A2
Q33651,A2
Q33652,A2
Q33653,A2
Q33654,A2
Q33655,A2
Q33656,A2
Q33657,A2
Q33658,A2
Q33659,A2
Q33660,A2
Q33661,A2
Q33662,A2
Q33663,A2
Q33664,A2
Q33665,A2
Q33666,A2
Q33667,A2
Q33668,A2
Q33669,A2
Q33670,A2
Q33671,A2
Q33672,A2
Q33673,A2
Q33674,A2
Q33675,A2
Q33676,A2
Q33677,A2
Q33678,A2
Q33679,A2
Q33680,A2
Q33681,A2
Q33682,A2
Q33683,A2
Q33684,A2
Q33685,A2
Q33686,A2
Q33687,A2
Q33688,A2
Q33689,A2
Q33690,A2
Q33691,A2
Q33692,A2
Q33693,A2
Q33694,A2
Q33695,A2
Q33696,A2
Q33697,A2
Q33698,A2
Q33699,A2
Q33700,A2
Q33701,A2
Q33702,A2
Q33703,A2
Q33704,A2
Q33705,A2
Q33706,A2
Q33707,A2
Q33708,A2
Q33709,A2
Q33710,A2
Q33711,A2
Q33712,A2
Q33713,A2
Q33714,A2
Q33715,A2
Q33716,A2
Q33717,A2
Q33718,A2
Q33719,A2
Q33720,A2
Q33721,A2
Q33722,A2
Q33723,A2
Q33724,A2
Q33725,A2
Q33726,A2
Q33727,A2
Q33728,A2
Q33729,A2
Q33730,A2
Q33731,A2
Q33732,A2
Q33733,A2
Q33734,A2
Q33735,A2
Q33736,A2
Q33737,A2
Q33738,A2
Q33739,A2
Q33740,A2
Q33741,A2
Q33742,A2
Q33743,A2
Q33744,A2
Q33745,A2
Q33746,A2
Q33747,A2
Q33748,A2
Q33749,A2
Q33750,A2
Q33751,A2
Q33752,A2
Q33753,A2
Q33754,A2
Q33755,A2
Q33756,A2
Q33757,A2
Q33758,A2
Q33759,A2
Q33760,A2
Q33761,A2
Q33762,A2
Q33763,A2
Q33764,A2
Q33765,A2
Q33766,A2
Q33767,A2
Q33768,A2
Q33769,A2
Q33770,A2
Q33771,A2
Q33772,A2
Q33773,A2
Q33774,A2
Q33775,A2
Q33776,A2
Q33777,A2
Q33778,A2
Q33779,A2
Q33780,A2
Q33781,A2
Q33782,A2
Q33783,A2
Q33784,A2
Q33785,A2
Q33786,A2
Q33787,A2
Q33788,A2
Q33789,A2
Q33790,A2
Q33791,A2
Q33792,A2
Q33793,A2
Q33794,A2
Q33795,A2
Q33796,A2
Q33797,A2
Q33798,A2
Q33799,A2
Q33800,A2
Q33801,A2
Q33802,A2
Q33803,A2
Q33804,A2
Q33805,A2
Q33806,A2
Q33807,A2
Q33808,A2
Q33809,A2
Q33810,A2
Q33811,A2
Q33812,A2
Q33813,A2
Q33814,A2
Q33815,A2
Q33816,A2
Q33817,A2
Q33818,A2
Q33819,A2
Q33820,A2
Q33821,A2
Q33822,A2
Q33823,A2
Q33824,A2
Q33825,A2
Q33826,A2
Q33827,A2
Q33828,A2
Q33829,A2
Q33830,A2
Q33831,A2
Q33832,A2
Q33833,A2
Q33834,A2
Q33835,A2
Q33836,A2
Q33837,A2
Q33838,A2
Q33839,A2
Q33840,A2
Q33841,A2
Q33842,A2
Q33843,A2
Q33844,A2
Q33845,A2
Q33846,A2
Q33847,A2
Q33848,A2
Q33849,A2
Q33850,A2
Q33851,A2
Q33852,A2
Q33853,A2
Q33854,A2
Q33855,A2
Q33856,A2
Q33857,A2
Q33858,A2
Q33859,A2
Q33860,A2
Q33861,A2
Q33862,A2
Q33863,A2
Q33864,A2
Q33865,A2
Q33866,A2
Q33867,A2
Q33868,A2
Q33869,A2
Q33870,A2
Q33871,A2
Q33872,A2
Q33873,A2
Q33874,A2
Q33875,A2
Q33876,A2
Q33877,A2
Q33878,A2
Q33879,A2
Q33880,A2
Q33881,A2
Q33882,A2
Q33883,A2
Q33884,A2
Q33885,A2
Q33886,A2
Q33887,A2
Q33888,A2
Q33889,A2
Q33890,A2
Q33891,A2
Q33892,A2
Q33893,A2
Q33894,A2
Q33895,A2
Q33896,A2
Q33897,A2
Q33898,A2
Q33899,A2
Q33900,A2
Q33901,A2
Q33902,A2
Q33903,A2
Q33904,A2
Q33905,A2
Q33906,A2
Q33907,A2
Q33908,A2
Q33909,A2
Q33910,A2
Q33911,A2
Q33912,A2
Q33913,A2
Q33914,A2
Q33915,A2
Q33916,A2
Q33917,A2
Q33918,A2
Q33919,A2
Q33920,A2
Q33921,A2
Q33922,A2
Q33923,A2
Q33924,A2
Q33925,A2
Q33926,A2
Q33927,A2
Q33928,A2
Q33929,A2
Q33930,A2
Q33931,A2
Q33932,A2
Q33933,A2
Q33934,A2
Q33935,A2
Q33936,A2
Q33937,A2
Q33938,A2
Q33939,A2
Q33940,A2
Q33941,A2
Q33942,A2
Q33943,A2
Q33944,A2
Q33945,A2
Q33946,A2
Q33947,A2
Q33948,A2
Q33949,A2
Q33950,A2
Q33951,A2
Q33952,A2
Q33953,A2
Q33954,A2
Q33955,A2
Q33956,A2
Q33957,A2
Q33958,A2
Q33959,A2
Q33960,A2
Q33961,A2
Q33962,A2
Q33963,A2
Q33964,A2
Q33965,A2
Q33966,A2
Q33967,A2
Q33968,A2
Q33969,A2
Q33970,A2
Q33971,A2
Q33972,A2
Q33973,A2
Q33974,A2
Q33975,A2
Q33976,A2
Q33977,A2
Q33978,A2
Q33979,A2
Q33980,A2
Q33981,A2
Q33982,A2
Q33983,A2
Q33984,A2
Q33985,A2
Q33986,A2
Q33987,A2
Q33988,A2
Q33989,A2
Q33990,A2
Q33991,A2
Q33992,A2
Q33993,A2
Q33994,A2
Q33995,A2
Q33996,A2
Q33997,A2
Q33998,A2
Q33999,A2
Q34000,A2
Q34001,A2
Q34002,A2
Q34003,A2
Q34004,A2
Q34005,A2
Q34006,A2
Q34007,A2
Q34008,A2
Q34009,A2
Q34010,A2
Q34011,A2
Q34012,A2
Q34013,A2
Q34014,A2
Q34015,A2
Q34016,A2
Q34017,A2
Q34018,A2
Q34019,A2
Q34020,A2
Q34021,A2
Q34022,A2
Q34023,A2
Q34024,A2
Q34025,A2
Q34026,A2
Q34027,A2
Q34028,A2
Q34029,A2
Q34030,A2
Q34031,A2
Q34032,A2
Q34033,A2
Q34034,A2
Q34035,A2
Q34036,A2
Q34037,A2
Q34038,A2
Q34039,A2
Q34040,A2
Q34041,A2
Q34042,A2
Q34043,A2
Q34044,A2
Q34045,A2
Q34046,A2
Q34047,A2
Q34048,A2
Q34049,A2
Q34050,A2
Q34051,A2
Q34052,A2
Q34053,A2
Q34054,A2
Q34055,A2
Q34056,A2
Q34057,A2
Q34058,A2
Q34059,A2
Q34060,A2
Q34061,A2
Q34062,A2
Q34063,A2
Q34064,A2
Q34065,A2
Q34066,A2
Q34067,A2
Q34068,A2
Q34069,A2
Q34070,A2
Q34071,A2
Q34072,A2
Q34073,A2
Q34074,A2
Q34075,A2
Q34076,A2
Q34077,A2
Q34078,A2
Q34079,A2
Q34080,A2
Q34081,A2
Q34082,A2
Q34083,A2
Q34084,A2
Q34085,A2
Q34086,A2
Q34087,A2
Q34088,A2
Q34089,A2
Q34090,A2
Q34091,A2
Q34092,A2
Q34093,A2
Q34094,A2
Q34095,A2
Q34096,A2
Q34097,A2
Q34098,A2
Q34099,A2
Q34100,A2
Q34101,A2
Q34102,A2
Q34103,A2
Q34104,A2
Q34105,A2
Q34106,A2
Q34107,A2
Q34108,A2
Q34109,A2
Q34110,A2
Q34111,A2
Q34112,A2
Q34113,A2
Q34114,A2
Q34115,A2
Q34116,A2
Q34117,A2
Q34118,A2
Q34119,A2
Q34120,A2
Q34121,A2
Q34122,A2
Q34123,A2
Q34124,A2
Q34125,A2
Q34126,A2
Q34127,A2
Q34128,A2
Q34129,A2
Q34130,A2
Q34131,A2
Q34132,A2
Q34133,A2
Q34134,A2
Q34135,A2
Q34136,A2
Q34137,A2
Q34138,A2
Q34139,A2
Q34140,A2
Q34141,A2
Q34142,A2
Q34143,A2
Q34144,A2
Q34145,A2
Q34146,A2
Q34147,A2
Q34148,A2
Q34149,A2
Q34150,A2
Q34151,A2
Q34152,A2
Q34153,A2
Q34154,A2
Q34155,A2
Q34156,A2
Q34157,A2
Q34158,A2
Q34159,A2
Q34160,A2
Q34161,A2
Q34162,A2
Q34163,A2
Q34164,A2
Q34165,A2
Q34166,A2
Q34167,A2
Q34168,A2
Q34169,A2
Q34170,A2
Q34171,A2
Q34172,A2
Q34173,A2
Q34174,A2
Q34175,A2
Q34176,A2
Q34177,A2
Q34178,A2
Q34179,A2
Q34180,A2
Q34181,A2
Q34182,A2
Q34183,A2
Q34184,A2
Q34185,A2
Q34186,A2
Q34187,A2
Q34188,A2
Q34189,A2
Q34190,A2
Q34191,A2
Q34192,A2
Q34193,A2
Q34194,A2
Q34195,A2
Q34196,A2
Q34197,A2
Q34198,A2
Q34199,A2
Q34200,A2
Q34201,A2
Q34202,A2
Q34203,A2
Q34204,A2
Q34205,A2
Q34206,A2
Q34207,A2
Q34208,A2
Q34209,A2
Q34210,A2
Q34211,A2
Q34212,A2
Q34213,A2
Q34214,A2
Q34215,A2
Q34216,A2
Q34217,A2
Q34218,A2
Q34219,A2
Q34220,A2
Q34221,A2
Q34222,A2
Q34223,A2
Q34224,A2
Q34225,A2
Q34226,A2
Q34227,A2
Q34228,A2
Q34229,A2
Q34230,A2
Q34231,A2
Q34232,A2
Q34233,A2
Q34234,A2
Q34235,A2
Q34236,A2
Q34237,A2
Q34238,A2
Q34239,A2
Q34240,A2
Q34241,A2
Q34242,A2
Q34243,A2
Q34244,A2
Q34245,A2
Q34246,A2
Q34247,A2
Q34248,A2
Q34249,A2
Q34250,A2
Q34251,A2
Q34252,A2
Q34253,A2
Q34254,A2
Q34255,A2
Q34256,A2
Q34257,A2
Q34258,A2
Q34259,A2
Q34260,A2
Q34261,A2
Q34262,A2
Q34263,A2
Q34264,A2
Q34265,A2
Q34266,A2
Q34267,A2
Q34268,A2
Q34269,A2
Q34270,A2
Q34271,A2
Q34272,A2
Q34273,A2
Q34274,A2
Q34275,A2
Q34276,A2
Q34277,A2
Q34278,A2
Q34279,A2
Q34280,A2
Q34281,A2
Q34282,A2
Q34283,A2
Q34284,A2
Q34285,A2
Q34286,A2
Q34287,A2
Q34288,A2
Q34289,A2
Q34290,A2
Q34291,A2
Q34292,A2
Q34293,A2
Q34294,A2
Q34295,A2
Q34296,A2
Q34297,A2
Q34298,A2
Q34299,A2
Q34300,A2
Q34301,A2
Q34302,A2
Q34303,A2
Q34304,A2
Q34305,A2
Q34306,A2
Q34307,A2
Q34308,A2
Q34309,A2
Q34310,A2
Q34311,A2
Q34312,A2
Q34313,A2
Q34314,A2
Q34315,A2
Q34316,A2
Q34317,A2
Q34318,A2
Q34319,A2
Q34320,A2
Q34321,A2
Q34322,A2
Q34323,A2
Q34324,A2
Q34325,A2
Q34326,A2
Q34327,A2
Q34328,A2
Q34329,A2
Q34330,A2
Q34331,A2
Q34332,A2
Q34333,A2
Q34334,A2
Q34335,A2
Q34336,A2
Q34337,A2
Q34338,A2
Q34339,A2
Q34340,A2
Q34341,A2
Q34342,A2
Q34343,A2
Q34344,A2
Q34345,A2
Q34346,A2
Q34347,A2
Q34348,A2
Q34349,A2
Q34350,A2
Q34351,A2
Q34352,A2
Q34353,A2
Q34354,A2
Q34355,A2
Q34356,A2
Q34357,A2
Q34358,A2
Q34359,A2
Q34360,A2
Q34361,A2
Q34362,A2
Q34363,A2
Q34364,A2
Q34365,A2
Q34366,A2
Q34367,A2
Q34368,A2
Q34369,A2
Q34370,A2
Q34371,A2
Q34372,A2
Q34373,A2
Q34374,A2
Q34375,A2
Q34376,A2
Q34377,A2
Q34378,A2
Q34379,A2
Q34380,A2
Q34381,A2
Q34382,A2
Q34383,A2
Q34384,A2
Q34385,A2
Q34386,A2
Q34387,A2
Q34388,A2
Q34389,A2
Q34390,A2
Q34391,A2
Q34392,A2
Q34393,A2
Q34394,A2
Q34395,A2
Q34396,A2
Q34397,A2
Q34398,A2
Q34399,A2
Q34400,A2
Q34401,A2
Q34402,A2
Q34403,A2
Q34404,A2
Q34405,A2
Q34406,A2
Q34407,A2
Q34408,A2
Q34409,A2
Q34410,A2
Q34411,A2
Q34412,A2
Q34413,A2
Q34414,A2
Q34415,A2
Q34416,A2
Q34417,A2
Q34418,A2
Q34419,A2
Q34420,A2
Q34421,A2
Q34422,A2
Q34423,A2
Q34424,A2
Q34425,A2
Q34426,A2
Q34427,A2
Q34428,A2
Q34429,A2
Q34430,A2
Q34431,A2
Q34432,A2
Q34433,A2
Q34434,A2
Q34435,A2
Q34436,A2
Q34437,A2
Q34438,A2
Q34439,A2
Q34440,A2
Q34441,A2
Q34442,A2
Q34443,A2
Q34444,A2
Q34445,A2
Q34446,A2
Q34447,A2
Q34448,A2
Q34449,A2
Q34450,A2
Q34451,A2
Q34452,A2
Q34453,A2
Q34454,A2
Q34455,A2
Q34456,A2
Q34457,A2
Q34458,A2
Q34459,A2
Q34460,A2
Q34461,A2
Q34462,A2
Q34463,A2
Q34464,A2
Q34465,A2
Q34466,A2
Q34467,A2
Q34468,A2
Q34469,A2
Q34470,A2
Q34471,A2
Q34472,A2
Q34473,A2
Q34474,A2
Q34475,A2
Q34476,A2
Q34477,A2
Q34478,A2
Q34479,A2
Q34480,A2
Q34481,A2
Q34482,A2
Q34483,A2
Q34484,A2
Q34485,A2
Q34486,A2
Q34487,A2
Q34488,A2
Q34489,A2
Q34490,A2
Q34491,A2
Q34492,A2
Q34493,A2
Q34494,A2
Q34495,A2
Q34496,A2
Q34497,A2
Q34498,A2
Q34499,A2
Q34500,A2
Q34501,A2
Q34502,A2
Q34503,A2
Q34504,A2
Q34505,A2
Q34506,A2
Q34507,A2
Q34508,A2
Q34509,A2
Q34510,A2
Q34511,A2
Q34512,A2
Q34513,A2
Q34514,A2
Q34515,A2
Q34516,A2
Q34517,A2
Q34518,A2
Q34519,A2
Q34520,A2
Q34521,A2
Q34522,A2
Q34523,A2
Q34524,A2
Q34525,A2
Q34526,A2
Q34527,A2
Q34528,A2
Q34529,A2
Q34530,A2
Q34531,A2
Q34532,A2
Q34533,A2
Q34534,A2
Q34535,A2
Q34536,A2
Q34537,A2
Q34538,A2
Q34539,A2
Q34540,A2
Q34541,A2
Q34542,A2
Q34543,A2
Q34544,A2
Q34545,A2
Q34546,A2
Q34547,A2
Q34548,A2
Q34549,A2
Q34550,A2
Q34551,A2
Q34552,A2
Q34553,A2
Q34554,A2
Q34555,A2
Q34556,A2
Q34557,A2
Q34558,A2
Q34559,A2
Q34560,A2
Q34561,A2
Q34562,A2
Q34563,A2
Q34564,A2
Q34565,A2
Q34566,A2
Q34567,A2
Q34568,A2
Q34569,A2
Q34570,A2
Q34571,A2
Q34572,A2
Q34573,A2
Q34574,A2
Q34575,A2
Q34576,A2
Q34577,A2
Q34578,A2
Q34579,A2
Q34580,A2
Q34581,A2
Q34582,A2
Q34583,A2
Q34584,A2
Q34585,A2
Q34586,A2
Q34587,A2
Q34588,A2
Q34589,A2
Q34590,A2
Q34591,A2
Q34592,A2
Q34593,A2
Q34594,A2
Q34595,A2
Q34596,A2
Q34597,A2
Q34598,A2
Q34599,A2
Q34600,A2
Q34601,A2
Q34602,A2
Q34603,A2
Q34604,A2
Q34605,A2
Q34606,A2
Q34607,A2
Q34608,A2
Q34609,A2
Q34610,A2
Q34611,A2
Q34612,A2
Q34613,A2
Q34614,A2
Q34615,A2
Q34616,A2
Q34617,A2
Q34618,A2
Q34619,A2
Q34620,A2
Q34621,A2
Q34622,A2
Q34623,A2
Q34624,A2
Q34625,A2
Q34626,A2
Q34627,A2
Q34628,A2
Q34629,A2
Q34630,A2
Q34631,A2
Q34632,A2
Q34633,A2
Q34634,A2
Q34635,A2
Q34636,A2
Q34637,A2
Q34638,A2
Q34639,A2
Q34640,A2
Q34641,A2
Q34642,A2
Q34643,A2
Q34644,A2
Q34645,A2
Q34646,A2
Q34647,A2
Q34648,A2
Q34649,A2
Q34650,A2
Q34651,A2
Q34652,A2
Q34653,A2
Q34654,A2
Q34655,A2
Q34656,A2
Q34657,A2
Q34658,A2
Q34659,A2
Q34660,A2
Q34661,A2
Q34662,A2
Q34663,A2
Q34664,A2
Q34665,A2
Q34666,A2
Q34667,A2
Q34668,A2
Q34669,A2
Q34670,A2
Q34671,A2
Q34672,A2
Q34673,A2
Q34674,A2
Q34675,A2
Q34676,A2
Q34677,A2
Q34678,A2
Q34679,A2
Q34680,A2
Q34681,A2
Q34682,A2
Q34683,A2
Q34684,A2
Q34685,A2
Q34686,A2
Q34687,A2
Q34688,A2
Q34689,A2
Q34690,A2
Q34691,A2
Q34692,A2
Q34693,A2
Q34694,A2
Q34695,A2
Q34696,A2
Q34697,A2
Q34698,A2
Q34699,A2
Q34700,A2
Q34701,A2
Q34702,A2
Q34703,A2
Q34704,A2
Q34705,A2
Q34706,A2
Q34707,A2
Q34708,A2
Q34709,A2
Q34710,A2
Q34711,A2
Q34712,A2
Q34713,A2
Q34714,A2
Q34715,A2
Q34716,A2
Q34717,A2
Q34718,A2
Q34719,A2
Q34720,A2
Q34721,A2
Q34722,A2
Q34723,A2
Q34724,A2
Q34725,A2
Q34726,A2
Q34727,A2
Q34728,A2
Q34729,A2
Q34730,A2
Q34731,A2
Q34732,A2
Q34733,A2
Q34734,A2
Q34735,A2
Q34736,A2
Q34737,A2
Q34738,A2
Q34739,A2
Q34740,A2
Q34741,A2
Q34742,A2
Q34743,A2
Q34744,A2
Q34745,A2
Q34746,A2
Q34747,A2
Q34748,A2
Q34749,A2
Q34750,A2
Q34751,A2
Q34752,A2
Q34753,A2
Q34754,A2
Q34755,A2
Q34756,A2
Q34757,A2
Q34758,A2
Q34759,A2
Q34760,A2
Q34761,A2
Q34762,A2
Q34763,A2
Q34764,A2
Q34765,A2
Q34766,A2
Q34767,A2
Q34768,A2
Q34769,A2
Q34770,A2
Q34771,A2
Q34772,A2
Q34773,A2
Q34774,A2
Q34775,A2
Q34776,A2
Q34777,A2
Q34778,A2
Q34779,A2
Q34780,A2
Q34781,A2
Q34782,A2
Q34783,A2
Q34784,A2
Q34785,A2
Q34786,A2
Q34787,A2
Q34788,A2
Q34789,A2
Q34790,A2
Q34791,A2
Q34792,A2
Q34793,A2
Q34794,A2
Q34795,A2
Q34796,A2
Q34797,A2
Q34798,A2
Q34799,A2
Q34800,A2
Q34801,A2
Q34802,A2
Q34803,A2
Q34804,A2
Q34805,A2
Q34806,A2
Q34807,A2
Q34808,A2
Q34809,A2
Q34810,A2
Q34811,A2
Q34812,A2
Q34813,A2
Q34814,A2
Q34815,A2
Q34816,A2
Q34817,A2
Q34818,A2
Q34819,A2
Q34820,A2
Q34821,A2
Q34822,A2
Q34823,A2
Q34824,A2
Q34825,A2
Q34826,A2
Q34827,A2
Q34828,A2
Q34829,A2
Q34830,A2
Q34831,A2
Q34832,A2
Q34833,A2
Q34834,A2
Q34835,A2
Q34836,A2
Q34837,A2
Q34838,A2
Q34839,A2
Q34840,A2
Q34841,A2
Q34842,A2
Q34843,A2
Q34844,A2
Q34845,A2
Q34846,A2
Q34847,A2
Q34848,A2
Q34849,A2
Q34850,A2
Q34851,A2
Q34852,A2
Q34853,A2
Q34854,A2
Q34855,A2
Q34856,A2
Q34857,A2
Q34858,A2
Q34859,A2
Q34860,A2
Q34861,A2
Q34862,A2
Q34863,A2
Q34864,A2
Q34865,A2
Q34866,A2
Q34867,A2
Q34868,A2
Q34869,A2
Q34870,A2
Q34871,A2
Q34872,A2
Q34873,A2
Q34874,A2
Q34875,A2
Q34876,A2
Q34877,A2
Q34878,A2
Q34879,A2
Q34880,A2
Q34881,A2
Q34882,A2
Q34883,A2
Q34884,A2
Q34885,A2
Q34886,A2
Q34887,A2
Q34888,A2
Q34889,A2
Q34890,A2
Q34891,A2
Q34892,A2
Q34893,A2
Q34894,A2
Q34895,A2
Q34896,A2
Q34897,A2
Q34898,A2
Q34899,A2
Q34900,A2
Q34901,A2
Q34902,A2
Q34903,A2
Q34904,A2
Q34905,A2
Q34906,A2
Q34907,A2
Q34908,A2
Q34909,A2
Q34910,A2
Q34911,A2
Q34912,A2
Q34913,A2
Q34914,A2
Q34915,A2
Q34916,A2
Q34917,A2
Q34918,A2
Q34919,A2
Q34920,A2
Q34921,A2
Q34922,A2
Q34923,A2
Q34924,A2
Q34925,A2
Q34926,A2
Q34927,A2
Q34928,A2
Q34929,A2
Q34930,A2
Q34931,A2
Q34932,A2
Q34933,A2
Q34934,A2
Q34935,A2
Q34936,A2
Q34937,A2
Q34938,A2
Q34939,A2
Q34940,A2
Q34941,A2
Q34942,A2
Q34943,A2
Q34944,A2
Q34945,A2
Q34946,A2
Q34947,A2
Q34948,A2
Q34949,A2
Q34950,A2
Q34951,A2
Q34952,A2
Q34953,A2
Q34954,A2
Q34955,A2
Q34956,A2
Q34957,A2
Q34958,A2
Q34959,A2
Q34960,A2
Q34961,A2
Q34962,A2
Q34963,A2
Q34964,A2
Q34965,A2
Q34966,A2
Q34967,A2
Q34968,A2
Q34969,A2
Q34970,A2
Q34971,A2
Q34972,A2
Q34973,A2
Q34974,A2
Q34975,A2
Q34976,A2
Q34977,A2
Q34978,A2
Q34979,A2
Q34980,A2
Q34981,A2
Q34982,A2
Q34983,A2
Q34984,A2
Q34985,A2
Q34986,A2
Q34987,A2
Q34988,A2
Q34989,A2
Q34990,A2
Q34991,A2
Q34992,A2
Q34993,A2
Q34994,A2
Q34995,A2
Q34996,A2
Q34997,A2
Q34998,A2
Q34999,A2
Q35000,A2
Q35001,A2
Q35002,A2
Q35003,A2
Q35004,A2
Q35005,A2
Q35006,A2
Q35007,A2
Q35008,A2
Q35009,A2
Q35010,A2
Q35011,A2
Q35012,A2
Q35013,A2
Q35014,A2
Q35015,A2
Q35016,A2
Q35017,A2
Q35018,A2
Q35019,A2
Q35020,A2
Q35021,A2
Q35022,A2
Q35023,A2
Q35024,A2
Q35025,A2
Q35026,A2
Q35027,A2
Q35028,A2
Q35029,A2
Q35030,A2
Q35031,A2
Q35032,A2
Q35033,A2
Q35034,A2
Q35035,A2
Q35036,A2
Q35037,A2
Q35038,A2
Q35039,A2
Q35040,A2
Q35041,A2
Q35042,A2
Q35043,A2
Q35044,A2
Q35045,A2
Q35046,A2
Q35047,A2
Q35048,A2
Q35049,A2
Q35050,A2
Q35051,A2
Q35052,A2
Q35053,A2
Q35054,A2
Q35055,A2
Q35056,A2
Q35057,A2
Q35058,A2
Q35059,A2
Q35060,A2
Q35061,A2
Q35062,A2
Q35063,A2
Q35064,A2
Q35065,A2
Q35066,A2
Q35067,A2
Q35068,A2
Q35069,A2
Q35070,A2
Q35071,A2
Q35072,A2
Q35073,A2
Q35074,A2
Q35075,A2
Q35076,A2
Q35077,A2
Q35078,A2
Q35079,A2
Q35080,A2
Q35081,A2
Q35082,A2
Q35083,A2
Q35084,A2
Q35085,A2
Q35086,A2
Q35087,A2
Q35088,A2
Q35089,A2
Q35090,A2
Q35091,A2
Q35092,A2
Q35093,A2
Q35094,A2
Q35095,A2
Q35096,A2
Q35097,A2
Q35098,A2
Q35099,A2
Q35100,A2
Q35101,A2
Q35102,A2
Q35103,A2
Q35104,A2
Q35105,A2
Q35106,A2
Q35107,A2
Q35108,A2
Q35109,A2
Q35110,A2
Q35111,A2
Q35112,A2
Q35113,A2
Q35114,A2
Q35115,A2
Q35116,A2
Q35117,A2
Q35118,A2
Q35119,A2
Q35120,A2
Q35121,A2
Q35122,A2
Q35123,A2
Q35124,A2
Q35125,A2
Q35126,A2
Q35127,A2
Q35128,A2
Q35129,A2
Q35130,A2
Q35131,A2
Q35132,A2
Q35133,A2
Q35134,A2
Q35135,A2
Q35136,A2
Q35137,A2
Q35138,A2
Q35139,A2
Q35140,A2
Q35141,A2
Q35142,A2
Q35143,A2
Q35144,A2
Q35145,A2
Q35146,A2
Q35147,A2
Q35148,A2
Q35149,A2
Q35150,A2
Q35151,A2
Q35152,A2
Q35153,A2
Q35154,A2
Q35155,A2
Q35156,A2
Q35157,A2
Q35158,A2
Q35159,A2
Q35160,A2
Q35161,A2
Q35162,A2
Q35163,A2
Q35164,A2
Q35165,A2
Q35166,A2
Q35167,A2
Q35168,A2
Q35169,A2
Q35170,A2
Q35171,A2
Q35172,A2
Q35173,A2
Q35174,A2
Q35175,A2
Q35176,A2
Q35177,A2
Q35178,A2
Q35179,A2
Q35180,A2
Q35181,A2
Q35182,A2
Q35183,A2
Q35184,A2
Q35185,A2
Q35186,A2
Q35187,A2
Q35188,A2
Q35189,A2
Q35190,A2
Q35191,A2
Q35192,A2
Q35193,A2
Q35194,A2
Q35195,A2
Q35196,A2
Q35197,A2
Q35198,A2
Q35199,A2
Q35200,A2
Q35201,A2
Q35202,A2
Q35203,A2
Q35204,A2
Q35205,A2
Q35206,A2
Q35207,A2
Q35208,A2
Q35209,A2
Q35210,A2
Q35211,A2
Q35212,A2
Q35213,A2
Q35214,A2
Q35215,A2
Q35216,A2
Q35217,A2
Q35218,A2
Q35219,A2
Q35220,A2
Q35221,A2
Q35222,A2
Q35223,A2
Q35224,A2
Q35225,A2
Q35226,A2
Q35227,A2
Q35228,A2
Q35229,A2
Q35230,A2
Q35231,A2
Q35232,A2
Q35233,A2
Q35234,A2
Q35235,A2
Q35236,A2
Q35237,A2
Q35238,A2
Q35239,A2
Q35240,A2
Q35241,A2
Q35242,A2
Q35243,A2
Q35244,A2
Q35245,A2
Q35246,A2
Q35247,A2
Q35248,A2
Q35249,A2
Q35250,A2
Q35251,A2
Q35252,A2
Q35253,A2
Q35254,A2
Q35255,A2
Q35256,A2
Q35257,A2
Q35258,A2
Q35259,A2
Q35260,A2
Q35261,A2
Q35262,A2
Q35263,A2
Q35264,A2
Q35265,A2
Q35266,A2
Q35267,A2
Q35268,A2
Q35269,A2
Q35270,A2
Q35271,A2
Q35272,A2
Q35273,A2
Q35274,A2
Q35275,A2
Q35276,A2
Q35277,A2
Q35278,A2
Q35279,A2
Q35280,A2
Q35281,A2
Q35282,A2
Q35283,A2
Q35284,A2
Q35285,A2
Q35286,A2
Q35287,A2
Q35288,A2
Q35289,A2
Q35290,A2
Q35291,A2
Q35292,A2
Q35293,A2
Q35294,A2
Q35295,A2
Q35296,A2
Q35297,A2
Q35298,A2
Q35299,A2
Q35300,A2
Q35301,A2
Q35302,A2
Q35303,A2
Q35304,A2
Q35305,A2
Q35306,A2
Q35307,A2
Q35308,A2
Q35309,A2
Q35310,A2
Q35311,A2
Q35312,A2
Q35313,A2
Q35314,A2
Q35315,A2
Q35316,A2
Q35317,A2
Q35318,A2
Q35319,A2
Q35320,A2
Q35321,A2
Q35322,A2
Q35323,A2
Q35324,A2
Q35325,A2
Q35326,A2
Q35327,A2
Q35328,A2
Q35329,A2
Q35330,A2
Q35331,A2
Q35332,A2
Q35333,A2
Q35334,A2
Q35335,A2
Q35336,A2
Q35337,A2
Q35338,A2
Q35339,A2
Q35340,A2
Q35341,A2
Q35342,A2
Q35343,A2
Q35344,A2
Q35345,A2
Q35346,A2
Q35347,A2
Q35348,A2
Q35349,A2
Q35350,A2
Q35351,A2
Q35352,A2
Q35353,A2
Q35354,A2
Q35355,A2
Q35356,A2
Q35357,A2
Q35358,A2
Q35359,A2
Q35360,A2
Q35361,A2
Q35362,A2
Q35363,A2
Q35364,A2
Q35365,A2
Q35366,A2
Q35367,A2
Q35368,A2
Q35369,A2
Q35370,A2
Q35371,A2
Q35372,A2
Q35373,A2
Q35374,A2
Q35375,A2
Q35376,A2
Q35377,A2
Q35378,A2
Q35379,A2
Q35380,A2
Q35381,A2
Q35382,A2
Q35383,A2
Q35384,A2
Q35385,A2
Q35386,A2
Q35387,A2
Q35388,A2
Q35389,A2
Q35390,A2
Q35391,A2
Q35392,A2
Q35393,A2
Q35394,A2
Q35395,A2
Q35396,A2
Q35397,A2
Q35398,A2
Q35399,A2
Q35400,A2
Q35401,A2
Q35402,A2
Q35403,A2
Q35404,A2
Q35405,A2
Q35406,A2
Q35407,A2
Q35408,A2
Q35409,A2
Q35410,A2
Q35411,A2
Q35412,A2
Q35413,A2
Q35414,A2
Q35415,A2
Q35416,A2
Q35417,A2
Q35418,A2
Q35419,A2
Q35420,A2
Q35421,A2
Q35422,A2
Q35423,A2
Q35424,A2
Q35425,A2
Q35426,A2
Q35427,A2
Q35428,A2
Q35429,A2
Q35430,A2
Q35431,A2
Q35432,A2
Q35433,A2
Q35434,A2
Q35435,A2
Q35436,A2
Q35437,A2
Q35438,A2
Q35439,A2
Q35440,A2
Q35441,A2
Q35442,A2
Q35443,A2
Q35444,A2
Q35445,A2
Q35446,A2
Q35447,A2
Q35448,A2
Q35449,A2
Q35450,A2
Q35451,A2
Q35452,A2
Q35453,A2
Q35454,A2
Q35455,A2
Q35456,A2
Q35457,A2
Q35458,A2
Q35459,A2
Q35460,A2
Q35461,A2
Q35462,A2
Q35463,A2
Q35464,A2
Q35465,A2
Q35466,A2
Q35467,A2
Q35468,A2
Q35469,A2
Q35470,A2
Q35471,A2
Q35472,A2
Q35473,A2
Q35474,A2
Q35475,A2
Q35476,A2
Q35477,A2
Q35478,A2
Q35479,A2
Q35480,A2
Q35481,A2
Q35482,A2
Q35483,A2
Q35484,A2
Q35485,A2
Q35486,A2
Q35487,A2
Q35488,A2
Q35489,A2
Q35490,A2
Q35491,A2
Q35492,A2
Q35493,A2
Q35494,A2
Q35495,A2
Q35496,A2
Q35497,A2
Q35498,A2
Q35499,A2
Q35500,A2
Q35501,A2
Q35502,A2
Q35503,A2
Q35504,A2
Q35505,A2
Q35506,A2
Q35507,A2
Q35508,A2
Q35509,A2
Q35510,A2
Q35511,A2
Q35512,A2
Q35513,A2
Q35514,A2
Q35515,A2
Q35516,A2
Q35517,A2
Q35518,A2
Q35519,A2
Q35520,A2
Q35521,A2
Q35522,A2
Q35523,A2
Q35524,A2
Q35525,A2
Q35526,A2
Q35527,A2
Q35528,A2
Q35529,A2
Q35530,A2
Q35531,A2
Q35532,A2
Q35533,A2
Q35534,A2
Q35535,A2
Q35536,A2
Q35537,A2
Q35538,A2
Q35539,A2
Q35540,A2
Q35541,A2
Q35542,A2
Q35543,A2
Q35544,A2
Q35545,A2
Q35546,A2
Q35547,A2
Q35548,A2
Q35549,A2
Q35550,A2
Q35551,A2
Q35552,A2
Q35553,A2
Q35554,A2
Q35555,A2
Q35556,A2
Q35557,A2
Q35558,A2
Q35559,A2
Q35560,A2
Q35561,A2
Q35562,A2
Q35563,A2
Q35564,A2
Q35565,A2
Q35566,A2
Q35567,A2
Q35568,A2
Q35569,A2
Q35570,A2
Q35571,A2
Q35572,A2
Q35573,A2
Q35574,A2
Q35575,A2
Q35576,A2
Q35577,A2
Q35578,A2
Q35579,A2
Q35580,A2
Q35581,A2
Q35582,A2
Q35583,A2
Q35584,A2
Q35585,A2
Q35586,A2
Q35587,A2
Q35588,A2
Q35589,A2
Q35590,A2
Q35591,A2
Q35592,A2
Q35593,A2
Q35594,A2
Q35595,A2
Q35596,A2
Q35597,A2
Q35598,A2
Q35599,A2
Q35600,A2
Q35601,A2
Q35602,A2
Q35603,A2
Q35604,A2
Q35605,A2
Q35606,A2
Q35607,A2
Q35608,A2
Q35609,A2
Q35610,A2
Q35611,A2
Q35612,A2
Q35613,A2
Q35614,A2
Q35615,A2
Q35616,A2
Q35617,A2
Q35618,A2
Q35619,A2
Q35620,A2
Q35621,A2
Q35622,A2
Q35623,A2
Q35624,A2
Q35625,A2
Q35626,A2
Q35627,A2
Q35628,A2
Q35629,A2
Q35630,A2
Q35631,A2
Q35632,A2
Q35633,A2
Q35634,A2
Q35635,A2
Q35636,A2
Q35637,A2
Q35638,A2
Q35639,A2
Q35640,A2
Q35641,A2
Q35642,A2
Q35643,A2
Q35644,A2
Q35645,A2
Q35646,A2
Q35647,A2
Q35648,A2
Q35649,A2
Q35650,A2
Q35651,A2
Q35652,A2
Q35653,A2
Q35654,A2
Q35655,A2
Q35656,A2
Q35657,A2
Q35658,A2
Q35659,A2
Q35660,A2
Q35661,A2
Q35662,A2
Q35663,A2
Q35664,A2
Q35665,A2
Q35666,A2
Q35667,A2
Q35668,A2
Q35669,A2
Q35670,A2
Q35671,A2
Q35672,A2
Q35673,A2
Q35674,A2
Q35675,A2
Q35676,A2
Q35677,A2
Q35678,A2
Q35679,A2
Q35680,A2
Q35681,A2
Q35682,A2
Q35683,A2
Q35684,A2
Q35685,A2
Q35686,A2
Q35687,A2
Q35688,A2
Q35689,A2
Q35690,A2
Q35691,A2
Q35692,A2
Q35693,A2
Q35694,A2
Q35695,A2
Q35696,A2
Q35697,A2
Q35698,A2
Q35699,A2
Q35700,A2
Q35701,A2
Q35702,A2
Q35703,A2
Q35704,A2
Q35705,A2
Q35706,A2
Q35707,A2
Q35708,A2
Q35709,A2
Q35710,A2
Q35711,A2
Q35712,A2
Q35713,A2
Q35714,A2
Q35715,A2
Q35716,A2
Q35717,A2
Q35718,A2
Q35719,A2
Q35720,A2
Q35721,A2
Q35722,A2
Q35723,A2
Q35724,A2
Q35725,A2
Q35726,A2
Q35727,A2
Q35728,A2
Q35729,A2
Q35730,A2
Q35731,A2
Q35732,A2
Q35733,A2
Q35734,A2
Q35735,A2
Q35736,A2
Q35737,A2
Q35738,A2
Q35739,A2
Q35740,A2
Q35741,A2
Q35742,A2
Q35743,A2
Q35744,A2
Q35745,A2
Q35746,A2
Q35747,A2
Q35748,A2
Q35749,A2
Q35750,A2
Q35751,A2
Q35752,A2
Q35753,A2
Q35754,A2
Q35755,A2
Q35756,A2
Q35757,A2
Q35758,A2
Q35759,A2
Q35760,A2
Q35761,A2
Q35762,A2
Q35763,A2
Q35764,A2
Q35765,A2
Q35766,A2
Q35767,A2
Q35768,A2
Q35769,A2
Q35770,A2
Q35771,A2
Q35772,A2
Q35773,A2
Q35774,A2
Q35775,A2
Q35776,A2
Q35777,A2
Q35778,A2
Q35779,A2
Q35780,A2
Q35781,A2
Q35782,A2
Q35783,A2
Q35784,A2
Q35785,A2
Q35786,A2
Q35787,A2
Q35788,A2
Q35789,A2
Q35790,A2
Q35791,A2
Q35792,A2
Q35793,A2
Q35794,A2
Q35795,A2
Q35796,A2
Q35797,A2
Q35798,A2
Q35799,A2
Q35800,A2
Q35801,A2
Q35802,A2
Q35803,A2
Q35804,A2
Q35805,A2
Q35806,A2
Q35807,A2
Q35808,A2
Q35809,A2
Q35810,A2
Q35811,A2
Q35812,A2
Q35813,A2
Q35814,A2
Q35815,A2
Q35816,A2
Q35817,A2
Q35818,A2
Q35819,A2
Q35820,A2
Q35821,A2
Q35822,A2
Q35823,A2
Q35824,A2
Q35825,A2
Q35826,A2
Q35827,A2
Q35828,A2
Q35829,A2
Q35830,A2
Q35831,A2
Q35832,A2
Q35833,A2
Q35834,A2
Q35835,A2
Q35836,A2
Q35837,A2
Q35838,A2
Q35839,A2
Q35840,A2
Q35841,A2
Q35842,A2
Q35843,A2
Q35844,A2
Q35845,A2
Q35846,A2
Q35847,A2
Q35848,A2
Q35849,A2
Q35850,A2
Q35851,A2
Q35852,A2
Q35853,A2
Q35854,A2
Q35855,A2
Q35856,A2
Q35857,A2
Q35858,A2
Q35859,A2
Q35860,A2
Q35861,A2
Q35862,A2
Q35863,A2
Q35864,A2
Q35865,A2
Q35866,A2
Q35867,A2
Q35868,A2
Q35869,A2
Q35870,A2
Q35871,A2
Q35872,A2
Q35873,A2
Q35874,A2
Q35875,A2
Q35876,A2
Q35877,A2
Q35878,A2
Q35879,A2
Q35880,A2
Q35881,A2
Q35882,A2
Q35883,A2
Q35884,A2
Q35885,A2
Q35886,A2
Q35887,A2
Q35888,A2
Q35889,A2
Q35890,A2
Q35891,A2
Q35892,A2
Q35893,A2
Q35894,A2
Q35895,A2
Q35896,A2
Q35897,A2
Q35898,A2
Q35899,A2
Q35900,A2
Q35901,A2
Q35902,A2
Q35903,A2
Q35904,A2
Q35905,A2
Q35906,A2
Q35907,A2
Q35908,A2
Q35909,A2
Q35910,A2
Q35911,A2
Q35912,A2
Q35913,A2
Q35914,A2
Q35915,A2
Q35916,A2
Q35917,A2
Q35918,A2
Q35919,A2
Q35920,A2
Q35921,A2
Q35922,A2
Q35923,A2
Q35924,A2
Q35925,A2
Q35926,A2
Q35927,A2
Q35928,A2
Q35929,A2
Q35930,A2
Q35931,A2
Q35932,A2
Q35933,A2
Q35934,A2
Q35935,A2
Q35936,A2
Q35937,A2
Q35938,A2
Q35939,A2
Q35940,A2
Q35941,A2
Q35942,A2
Q35943,A2
Q35944,A2
Q35945,A2
Q35946,A2
Q35947,A2
Q35948,A2
Q35949,A2
Q35950,A2
Q35951,A2
Q35952,A2
Q35953,A2
Q35954,A2
Q35955,A2
Q35956,A2
Q35957,A2
Q35958,A2
Q35959,A2
Q35960,A2
Q35961,A2
Q35962,A2
Q35963,A2
Q35964,A2
Q35965,A2
Q35966,A2
Q35967,A2
Q35968,A2
Q35969,A2
Q35970,A2
Q35971,A2
Q35972,A2
Q35973,A2
Q35974,A2
Q35975,A2
Q35976,A2
Q35977,A2
Q35978,A2
Q35979,A2
Q35980,A2
Q35981,A2
Q35982,A2
Q35983,A2
Q35984,A2
Q35985,A2
Q35986,A2
Q35987,A2
Q35988,A2
Q35989,A2
Q35990,A2
Q35991,A2
Q35992,A2
Q35993,A2
Q35994,A2
Q35995,A2
Q35996,A2
Q35997,A2
Q35998,A2
Q35999,A2
Q36000,A2
Q36001,A2
Q36002,A2
Q36003,A2
Q36004,A2
Q36005,A2
Q36006,A2
Q36007,A2
Q36008,A2
Q36009,A2
Q36010,A2
Q36011,A2
Q36012,A2
Q36013,A2
Q36014,A2
Q36015,A2
Q36016,A2
Q36017,A1
Q36018,A1
Q36019,A1
Q36020,A1
Q36021,A1
Q36022,A1
Q36023,A1
Q36024,A1
Q36025,A1
Q36026,A1
Q36027,A1
Q36028,A1
Q36029,A1
Q36030,A1
Q36031,A1
Q36032,A1
Q36033,A1
Q36034,A1
Q36035,A1
Q36036,A1
Q36037,A1
Q36038,A1
Q36039,A1
Q36040,A1
Q36041,A1
Q36042,A1
Q36043,A1
Q36044,A1
Q36045,A1
Q36046,A1
Q36047,A1
Q36048,A1
Q36049,A1
Q36050,A1
Q36051,A1
Q36052,A1
Q36053,A1
Q36054,A1
Q36055,A1
Q36056,A1
Q36057,A1
Q36058,A1
Q36059,A1
Q36060,A1
Q36061,A1
Q36062,A1
Q36063,A1
Q36064,A1
Q36065,A1
Q36066,A1
Q36067,A1
Q36068,A1
Q36069,A1
Q36070,A1
Q36071,A1
Q36072,A1
Q36073,A1
Q36074,A1
Q36075,A1
Q36076,A1
Q36077,A1
Q36078,A1
Q36079,A1
Q36080,A1
Q36081,A1
Q36082,A1
Q36083,A1
Q36084,A1
Q36085,A1
Q36086,A1
Q36087,A1
Q36088,A1
Q36089,A1
Q36090,A1
Q36091,A1
Q36092,A1
Q36093,A1
Q36094,A1
Q36095,A1
Q36096,A1
Q36097,A1
Q36098,A1
Q36099,A1
Q36100,A1
Q36101,A1
Q36102,A1
Q36103,A1
Q36104,A1
Q36105,A1
Q36106,A1
Q36107,A1
Q36108,A1
Q36109,A1
Q36110,A1
Q36111,A1
Q36112,A1
Q36113,A1
Q36114,A1
Q36115,A1
Q36116,A1
Q36117,A1
Q36118,A1
Q36119,A1
Q36120,A1
Q36121,A1
Q36122,A1
Q36123,A1
Q36124,A1
Q36125,A1
Q36126,A1
Q36127,A1
Q36128,A1
Q36129,A1
Q36130,A1
Q36131,A1
Q36132,A1
Q36133,A1
Q36134,A1
Q36135,A1
Q36136,A1
Q36137,A1
Q36138,A1
Q36139,A1
Q36140,A1
Q36141,A1
Q36142,A1
Q36143,A1
Q36144,A1
Q36145,A1
Q36146,A1
Q36147,A1
Q36148,A1
Q36149,A1
Q36150,A1
Q36151,A1
Q36152,A1
Q36153,A1
Q36154,A1
Q36155,A1
Q36156,A1
Q36157,A1
Q36158,A1
Q36159,A1
Q36160,A1
Q36161,A1
Q36162,A1
Q36163,A1
Q36164,A1
Q36165,A1
Q36166,A1
Q36167,A1
Q36168,A1
Q36169,A1
Q36170,A1
Q36171,A1
Q36172,A1
Q36173,A1
Q36174,A1
Q36175,A1
Q36176,A1
Q36177,A1
Q36178,A1
Q36179,A1
Q36180,A1
Q36181,A1
Q36182,A1
Q36183,A1
Q36184,A1
Q36185,A1
Q36186,A1
Q36187,A1
Q36188,A1
Q36189,A1
Q36190,A1
Q36191,A1
Q36192,A1
Q36193,A1
Q36194,A1
Q36195,A1
Q36196,A1
Q36197,A1
Q36198,A1
Q36199,A1
Q36200,A1
Q36201,A1
Q36202,A1
Q36203,A1
Q36204,A1
Q36205,A1
Q36206,A1
Q36207,A1
Q36208,A1
Q36209,A1
Q36210,A1
Q36211,A1
Q36212,A1
Q36213,A1
Q36214,A1
Q36215,A1
Q36216,A1
Q36217,A1
Q36218,A1
Q36219,A1
Q36220,A1
Q36221,A1
Q36222,A1
Q36223,A1
Q36224,A1
Q36225,A1
Q36226,A1
Q36227,A1
Q36228,A1
Q36229,A1
Q36230,A1
Q36231,A1
Q36232,A1
Q36233,A1
Q36234,A1
Q36235,A1
Q36236,A1
Q36237,A1
Q36238,A1
Q36239,A1
Q36240,A1
Q36241,A1
Q36242,A1
Q36243,A1
Q36244,A1
Q36245,A1
Q36246,A1
Q36247,A1
Q36248,A1
Q36249,A1
Q36250,A1
Q36251,A1
Q36252,A1
Q36253,A1
Q36254,A1
Q36255,A1
Q36256,A1
Q36257,A1
Q36258,A1
Q36259,A1
Q36260,A1
Q36261,A1
Q36262,A1
Q36263,A1
Q36264,A1
Q36265,A1
Q36266,A1
Q36267,A1
Q36268,A1
Q36269,A1
Q36270,A1
Q36271,A1
Q36272,A1
Q36273,A1
Q36274,A1
Q36275,A1
Q36276,A1
Q36277,A1
Q36278,A1
Q36279,A1
Q36280,A1
Q36281,A1
Q36282,A1
Q36283,A1
Q36284,A1
Q36285,A1
Q36286,A1
Q36287,A1
Q36288,A1
Q36289,A1
Q36290,A1
Q36291,A1
Q36292,A1
Q36293,A1
Q36294,A1
Q36295,A1
Q36296,A1
Q36297,A1
Q36298,A1
Q36299,A1
Q36300,A1
Q36301,A1
Q36302,A1
Q36303,A1
Q36304,A1
Q36305,A1
Q36306,A1
Q36307,A1
Q36308,A1
Q36309,A1
Q36310,A1
Q36311,A1
Q36312,A1
Q36313,A1
Q36314,A1
Q36315,A1
Q36316,A1
Q36317,A1
Q36318,A1
Q36319,A1
Q36320,A1
Q36321,A1
Q36322,A1
Q36323,A1
Q36324,A1
Q36325,A1
Q36326,A1
Q36327,A1
Q36328,A1
Q36329,A1
Q36330,A1
Q36331,A1
Q36332,A1
Q36333,A1
Q36334,A1
Q36335,A1
Q36336,A1
Q36337,A1
Q36338,A1
Q36339,A1
Q36340,A1
Q36341,A1
Q36342,A1
Q36343,A1
Q36344,A1
Q36345,A1
Q36346,A1
Q36347,A1
Q36348,A1
Q36349,A1
Q36350,A1
Q36351,A1
Q36352,A1
Q36353,A1
Q36354,A1
Q36355,A1
Q36356,A1
Q36357,A1
Q36358,A1
Q36359,A1
Q36360,A1
Q36361,A1
Q36362,A1
Q36363,A1
Q36364,A1
Q36365,A1
Q36366,A1
Q36367,A1
Q36368,A1
Q36369,A1
Q36370,A1
Q36371,A1
Q36372,A1
Q36373,A1
Q36374,A1
Q36375,A1
Q36376,A1
Q36377,A1
Q36378,A1
Q36379,A1
Q36380,A1
Q36381,A1
Q36382,A1
Q36383,A1
Q36384,A1
Q36385,A1
Q36386,A1
Q36387,A1
Q36388,A1
Q36389,A1
Q36390,A1
Q36391,A1
Q36392,A1
Q36393,A1
Q36394,A1
Q36395,A1
Q36396,A1
Q36397,A1
Q36398,A1
Q36399,A1
Q36400,A1
Q36401,A1
Q36402,A1
Q36403,A1
Q36404,A1
Q36405,A1
Q36406,A1
Q36407,A1
Q36408,A1
Q36409,A1
Q36410,A1
Q36411,A1
Q36412,A1
Q36413,A1
Q36414,A1
Q36415,A1
Q36416,A1
Q36417,A1
Q36418,A1
Q36419,A1
Q36420,A1
Q36421,A1
Q36422,A1
Q36423,A1
Q36424,A1
Q36425,A1
Q36426,A1
Q36427,A1
Q36428,A1
Q36429,A1
Q36430,A1
Q36431,A1
Q36432,A1
Q36433,A1
Q36434,A1
Q36435,A1
Q36436,A1
Q36437,A1
Q36438,A1
Q36439,A1
Q36440,A1
Q36441,A1
Q36442,A1
Q36443,A1
Q36444,A1
Q36445,A1
Q36446,A1
Q36447,A1
Q36448,A1
Q36449,A1
Q36450,A1
Q36451,A1
Q36452,A1
Q36453,A1
Q36454,A1
Q36455,A1
Q36456,A1
Q36457,A1
Q36458,A1
Q36459,A1
Q36460,A1
Q36461,A1
Q36462,A1
Q36463,A1
Q36464,A1
Q36465,A1
Q36466,A1
Q36467,A1
Q36468,A1
Q36469,A1
Q36470,A1
Q36471,A1
Q36472,A1
Q36473,A1
Q36474,A1
Q36475,A1
Q36476,A1
Q36477,A1
Q36478,A1
Q36479,A1
Q36480,A1
Q36481,A1
Q36482,A1
Q36483,A1
Q36484,A1
Q36485,A1
Q36486,A1
Q36487,A1
Q36488,A1
Q36489,A1
Q36490,A1
Q36491,A1
Q36492,A1
Q36493,A1
Q36494,A1
Q36495,A1
Q36496,A1
Q36497,A1
Q36498,A1
Q36499,A1
Q36500,A1
Q36501,A1
Q36502,A1
Q36503,A1
Q36504,A1
Q36505,A1
Q36506,A1
Q36507,A1
Q36508,A1
Q36509,A1
Q36510,A1
Q36511,A1
Q36512,A1
Q36513,A1
Q36514,A1
Q36515,A1
Q36516,A1
Q36517,A1
Q36518,A1
Q36519,A1
Q36520,A1
Q36521,A1
Q36522,A1
Q36523,A1
Q36524,A1
Q36525,A1
Q36526,A1
Q36527,A1
Q36528,A1
Q36529,A1
Q36530,A1
Q36531,A1
Q36532,A1
Q36533,A1
Q36534,A1
Q36535,A1
Q36536,A1
Q36537,A1
Q36538,A1
Q36539,A1
Q36540,A1
Q36541,A1
Q36542,A1
Q36543,A1
Q36544,A1
Q36545,A1
Q36546,A1
Q36547,A1
Q36548,A1
Q36549,A1
Q36550,A1
Q36551,A1
Q36552,A1
Q36553,A1
Q36554,A1
Q36555,A1
Q36556,A1
Q36557,A1
Q36558,A1
Q36559,A1
Q36560,A1
Q36561,A1
Q36562,A1
Q36563,A1
Q36564,A1
Q36565,A1
Q36566,A1
Q36567,A1
Q36568,A1
Q36569,A1
Q36570,A1
Q36571,A1
Q36572,A1
Q36573,A1
Q36574,A1
Q36575,A1
Q36576,A1
Q36577,A1
Q36578,A1
Q36579,A1
Q36580,A1
Q36581,A1
Q36582,A1
Q36583,A1
Q36584,A1
Q36585,A1
Q36586,A1
Q36587,A1
Q36588,A1
Q36589,A1
Q36590,A1
Q36591,A1
Q36592,A1
Q36593,A1
Q36594,A1
Q36595,A1
Q36596,A1
Q36597,A1
Q36598,A1
Q36599,A1
Q36600,A1
Q36601,A1
Q36602,A1
Q36603,A1
Q36604,A1
Q36605,A1
Q36606,A1
Q36607,A1
Q36608,A1
Q36609,A1
Q36610,A1
Q36611,A1
Q36612,A1
Q36613,A1
Q36614,A1
Q36615,A1
Q36616,A1
Q36617,A1
Q36618,A1
Q36619,A1
Q36620,A1
Q36621,A1
Q36622,A1
Q36623,A1
Q36624,A1
Q36625,A1
Q36626,A1
Q36627,A1
Q36628,A1
Q36629,A1
Q36630,A1
Q36631,A1
Q36632,A1
Q36633,A1
Q36634,A1
Q36635,A1
Q36636,A1
Q36637,A1
Q36638,A1
Q36639,A1
Q36640,A1
Q36641,A1
Q36642,A1
Q36643,A1
Q36644,A1
Q36645,A1
Q36646,A1
Q36647,A1
Q36648,A1
Q36649,A1
Q36650,A1
Q36651,A1
Q36652,A1
Q36653,A1
Q36654,A1
Q36655,A1
Q36656,A1
Q36657,A1
Q36658,A1
Q36659,A1
Q36660,A1
Q36661,A1
Q36662,A1
Q36663,A1
Q36664,A1
Q36665,A1
Q36666,A1
Q36667,A1
Q36668,A1
Q36669,A1
Q36670,A1
Q36671,A1
Q36672,A1
Q36673,A1
Q36674,A1
Q36675,A1
Q36676,A1
Q36677,A1
Q36678,A1
Q36679,A1
Q36680,A1
Q36681,A1
Q36682,A1
Q36683,A1
Q36684,A1
Q36685,A1
Q36686,A1
Q36687,A1
Q36688,A1
Q36689,A1
Q36690,A1
Q36691,A1
Q36692,A1
Q36693,A1
Q36694,A1
Q36695,A1
Q36696,A1
Q36697,A1
Q36698,A1
Q36699,A1
Q36700,A1
Q36701,A1
Q36702,A1
Q36703,A1
Q36704,A1
Q36705,A1
Q36706,A1
Q36707,A1
Q36708,A1
Q36709,A1
Q36710,A1
Q36711,A1
Q36712,A1
Q36713,A1
Q36714,A1
Q36715,A1
Q36716,A1
Q36717,A1
Q36718,A1
Q36719,A1
Q36720,A1
Q36721,A1
Q36722,A1
Q36723,A1
Q36724,A1
Q36725,A1
Q36726,A1
Q36727,A1
Q36728,A1
Q36729,A1
Q36730,A1
Q36731,A1
Q36732,A1
Q36733,A1
Q36734,A1
Q36735,A1
Q36736,A1
Q36737,A1
Q36738,A1
Q36739,A1
Q36740,A1
Q36741,A1
Q36742,A1
Q36743,A1
Q36744,A1
Q36745,A1
Q36746,A1
Q36747,A1
Q36748,A1
Q36749,A1
Q36750,A1
Q36751,A1
Q36752,A1
Q36753,A1
Q36754,A1
Q36755,A1
Q36756,A1
Q36757,A1
Q36758,A1
Q36759,A1
Q36760,A1
Q36761,A1
Q36762,A1
Q36763,A1
Q36764,A1
Q36765,A1
Q36766,A1
Q36767,A1
Q36768,A1
Q36769,A1
Q36770,A1
Q36771,A1
Q36772,A1
Q36773,A1
Q36774,A1
Q36775,A1
Q36776,A1
Q36777,A1
Q36778,A1
Q36779,A1
Q36780,A1
Q36781,A1
Q36782,A1
Q36783,A1
Q36784,A1
Q36785,A1
Q36786,A1
Q36787,A1
Q36788,A1
Q36789,A1
Q36790,A1
Q36791,A1
Q36792,A1
Q36793,A1
Q36794,A1
Q36795,A1
Q36796,A1
Q36797,A1
Q36798,A1
Q36799,A1
Q36800,A1
Q36801,A1
Q36802,A1
Q36803,A1
Q36804,A1
Q36805,A1
Q36806,A1
Q36807,A1
Q36808,A1
Q36809,A1
Q36810,A1
Q36811,A1
Q36812,A1
Q36813,A1
Q36814,A1
Q36815,A1
Q36816,A1
Q36817,A1
Q36818,A1
Q36819,A1
Q36820,A1
Q36821,A1
Q36822,A1
Q36823,A1
Q36824,A1
Q36825,A1
Q36826,A1
Q36827,A1
Q36828,A1
Q36829,A1
Q36830,A1
Q36831,A1
Q36832,A1
Q36833,A1
Q36834,A1
Q36835,A1
Q36836,A1
Q36837,A1
Q36838,A1
Q36839,A1
Q36840,A1
Q36841,A1
Q36842,A1
Q36843,A1
Q36844,A1
Q36845,A1
Q36846,A1
Q36847,A1
Q36848,A1
Q36849,A1
Q36850,A1
Q36851,A1
Q36852,A1
Q36853,A1
Q36854,A1
Q36855,A1
Q36856,A1
Q36857,A1
Q36858,A1
Q36859,A1
Q36860,A1
Q36861,A1
Q36862,A1
Q36863,A1
Q36864,A1
Q36865,A1
Q36866,A1
Q36867,A1
Q36868,A1
Q36869,A1
Q36870,A1
Q36871,A1
Q36872,A1
Q36873,A1
Q36874,A1
Q36875,A1
Q36876,A1
Q36877,A1
Q36878,A1
Q36879,A1
Q36880,A1
Q36881,A1
Q36882,A1
Q36883,A1
Q36884,A1
Q36885,A1
Q36886,A1
Q36887,A1
Q36888,A1
Q36889,A1
Q36890,A1
Q36891,A1
Q36892,A1
Q36893,A1
Q36894,A1
Q36895,A1
Q36896,A1
Q36897,A1
Q36898,A1
Q36899,A1
Q36900,A1
Q36901,A1
Q36902,A1
Q36903,A1
Q36904,A1
Q36905,A1
Q36906,A1
Q36907,A1
Q36908,A1
Q36909,A1
Q36910,A1
Q36911,A1
Q36912,A1
Q36913,A1
Q36914,A1
Q36915,A1
Q36916,A1
Q36917,A1
Q36918,A1
Q36919,A1
Q36920,A1
Q36921,A1
Q36922,A1
Q36923,A1
Q36924,A1
Q36925,A1
Q36926,A1
Q36927,A1
Q36928,A1
Q36929,A1
Q36930,A1
Q36931,A1
Q36932,A1
Q36933,A1
Q36934,A1
Q36935,A1
Q36936,A1
Q36937,A1
Q36938,A1
Q36939,A1
Q36940,A1
Q36941,A1
Q36942,A1
Q36943,A1
Q36944,A1
Q36945,A1
Q36946,A1
Q36947,A1
Q36948,A1
Q36949,A1
Q36950,A1
Q36951,A1
Q36952,A1
Q36953,A1
Q36954,A1
Q36955,A1
Q36956,A1
Q36957,A1
Q36958,A1
Q36959,A1
Q36960,A1
Q36961,A1
Q36962,A1
Q36963,A1
Q36964,A1
Q36965,A1
Q36966,A1
Q36967,A1
Q36968,A1
Q36969,A1
Q36970,A1
Q36971,A1
Q36972,A1
Q36973,A1
Q36974,A1
Q36975,A1
Q36976,A1
Q36977,A1
Q36978,A1
Q36979,A1
Q36980,A1
Q36981,A1
Q36982,A1
Q36983,A1
Q36984,A1
Q36985,A1
Q36986,A1
Q36987,A1
Q36988,A1
Q36989,A1
Q36990,A1
Q36991,A1
Q36992,A1
Q36993,A1
Q36994,A1
Q36995,A1
Q36996,A1
Q36997,A1
Q36998,A1
Q36999,A1
Q37000,A1
Q37001,A1
Q37002,A1
Q37003,A1
Q37004,A1
Q37005,A1
Q37006,A1
Q37007,A1
Q37008,A1
Q37009,A1
Q37010,A1
Q37011,A1
Q37012,A1
Q37013,A1
Q37014,A1
Q37015,A1
Q37016,A1
Q37017,A1
Q37018,A1
Q37019,A1
Q37020,A1
Q37021,A1
Q37022,A1
Q37023,A1
Q37024,A1
Q37025,A1
Q37026,A1
Q37027,A1
Q37028,A1
Q37029,A1
Q37030,A1
Q37031,A1
Q37032,A1
Q37033,A1
Q37034,A1
Q37035,A1
Q37036,A1
Q37037,A1
Q37038,A1
Q37039,A1
Q37040,A1
Q37041,A1
Q37042,A1
Q37043,A1
Q37044,A1
Q37045,A1
Q37046,A1
Q37047,A1
Q37048,A1
Q37049,A1
Q37050,A1
Q37051,A1
Q37052,A1
Q37053,A1
Q37054,A1
Q37055,A1
Q37056,A1
Q37057,A1
Q37058,A1
Q37059,A1
Q37060,A1
Q37061,A1
Q37062,A1
Q37063,A1
Q37064,A1
Q37065,A1
Q37066,A1
Q37067,A1
Q37068,A1
Q37069,A1
Q37070,A1
Q37071,A1
Q37072,A1
Q37073,A1
Q37074,A1
Q37075,A1
Q37076,A1
Q37077,A1
Q37078,A1
Q37079,A1
Q37080,A1
Q37081,A1
Q37082,A1
Q37083,A1
Q37084,A1
Q37085,A1
Q37086,A1
Q37087,A1
Q37088,A1
Q37089,A1
Q37090,A1
Q37091,A1
Q37092,A1
Q37093,A1
Q37094,A1
Q37095,A1
Q37096,A1
Q37097,A1
Q37098,A1
Q37099,A1
Q37100,A1
Q37101,A1
Q37102,A1
Q37103,A1
Q37104,A1
Q37105,A1
Q37106,A1
Q37107,A1
Q37108,A1
Q37109,A1
Q37110,A1
Q37111,A1
Q37112,A1
Q37113,A1
Q37114,A1
Q37115,A1
Q37116,A1
Q37117,A1
Q37118,A1
Q37119,A1
Q37120,A1
Q37121,A1
Q37122,A1
Q37123,A1
Q37124,A1
Q37125,A1
Q37126,A1
Q37127,A1
Q37128,A1
Q37129,A1
Q37130,A1
Q37131,A1
Q37132,A1
Q37133,A1
Q37134,A1
Q37135,A1
Q37136,A1
Q37137,A1
Q37138,A1
Q37139,A1
Q37140,A1
Q37141,A1
Q37142,A1
Q37143,A1
Q37144,A1
Q37145,A1
Q37146,A1
Q37147,A1
Q37148,A1
Q37149,A1
Q37150,A1
Q37151,A1
Q37152,A1
Q37153,A1
Q37154,A1
Q37155,A1
Q37156,A1
Q37157,A1
Q37158,A1
Q37159,A1
Q37160,A1
Q37161,A1
Q37162,A1
Q37163,A1
Q37164,A1
Q37165,A1
Q37166,A1
Q37167,A1
Q37168,A1
Q37169,A1
Q37170,A1
Q37171,A1
Q37172,A1
Q37173,A1
Q37174,A1
Q37175,A1
Q37176,A1
Q37177,A1
Q37178,A1
Q37179,A1
Q37180,A1
Q37181,A1
Q37182,A1
Q37183,A1
Q37184,A1
Q37185,A1
Q37186,A1
Q37187,A1
Q37188,A1
Q37189,A1
Q37190,A1
Q37191,A1
Q37192,A1
Q37193,A1
Q37194,A1
Q37195,A1
Q37196,A1
Q37197,A1
Q37198,A1
Q37199,A1
Q37200,A1
Q37201,A1
Q37202,A1
Q37203,A1
Q37204,A1
Q37205,A1
Q37206,A1
Q37207,A1
Q37208,A1
Q37209,A1
Q37210,A1
Q37211,A1
Q37212,A1
Q37213,A1
Q37214,A1
Q37215,A1
Q37216,A1
Q37217,A1
Q37218,A1
Q37219,A1
Q37220,A1
Q37221,A1
Q37222,A1
Q37223,A1
Q37224,A1
Q37225,A1
Q37226,A1
Q37227,A1
Q37228,A1
Q37229,A1
Q37230,A1
Q37231,A1
Q37232,A1
Q37233,A1
Q37234,A1
Q37235,A1
Q37236,A1
Q37237,A1
Q37238,A1
Q37239,A1
Q37240,A1
Q37241,A1
Q37242,A1
Q37243,A1
Q37244,A1
Q37245,A1
Q37246,A1
Q37247,A1
Q37248,A1
Q37249,A1
Q37250,A1
Q37251,A1
Q37252,A1
Q37253,A1
Q37254,A1
Q37255,A1
Q37256,A1
Q37257,A1
Q37258,A1
Q37259,A1
Q37260,A1
Q37261,A1
Q37262,A1
Q37263,A1
Q37264,A1
Q37265,A1
Q37266,A1
Q37267,A1
Q37268,A1
Q37269,A1
Q37270,A1
Q37271,A1
Q37272,A1
Q37273,A1
Q37274,A1
Q37275,A1
Q37276,A1
Q37277,A1
Q37278,A1
Q37279,A1
Q37280,A1
Q37281,A1
Q37282,A1
Q37283,A1
Q37284,A1
Q37285,A1
Q37286,A1
Q37287,A1
Q37288,A1
Q37289,A1
Q37290,A1
Q37291,A1
Q37292,A1
Q37293,A1
Q37294,A1
Q37295,A1
Q37296,A1
Q37297,A1
Q37298,A1
Q37299,A1
Q37300,A1
Q37301,A1
Q37302,A1
Q37303,A1
Q37304,A1
Q37305,A1
Q37306,A1
Q37307,A1
Q37308,A1
Q37309,A1
Q37310,A1
Q37311,A1
Q37312,A1
Q37313,A1
Q37314,A1
Q37315,A1
Q37316,A1
Q37317,A1
Q37318,A1
Q37319,A1
Q37320,A1
Q37321,A1
Q37322,A1
Q37323,A1
Q37324,A1
Q37325,A1
Q37326,A1
Q37327,A1
Q37328,A1
Q37329,A1
Q37330,A1
Q37331,A1
Q37332,A1
Q37333,A1
Q37334,A1
Q37335,A1
Q37336,A1
Q37337,A1
Q37338,A1
Q37339,A1
Q37340,A1
Q37341,A1
Q37342,A1
Q37343,A1
Q37344,A1
Q37345,A1
Q37346,A1
Q37347,A1
Q37348,A1
Q37349,A1
Q37350,A1
Q37351,A1
Q37352,A1
Q37353,A1
Q37354,A1
Q37355,A1
Q37356,A1
Q37357,A1
Q37358,A1
Q37359,A1
Q37360,A1
Q37361,A1
Q37362,A1
Q37363,A1
Q37364,A1
Q37365,A1
Q37366,A1
Q37367,A1
Q37368,A1
Q37369,A1
Q37370,A1
Q37371,A1
Q37372,A1
Q37373,A1
Q37374,A1
Q37375,A1
Q37376,A1
Q37377,A1
Q37378,A1
Q37379,A1
Q37380,A1
Q37381,A1
Q37382,A1
Q37383,A1
Q37384,A1
Q37385,A1
Q37386,A1
Q37387,A1
Q37388,A1
Q37389,A1
Q37390,A1
Q37391,A1
Q37392,A1
Q37393,A1
Q37394,A1
Q37395,A1
Q37396,A1
Q37397,A1
Q37398,A1
Q37399,A1
Q37400,A1
Q37401,A1
Q37402,A1
Q37403,A1
Q37404,A1
Q37405,A1
Q37406,A1
Q37407,A1
Q37408,A1
Q37409,A1
Q37410,A1
Q37411,A1
Q37412,A1
Q37413,A1
Q37414,A1
Q37415,A1
Q37416,A1
Q37417,A1
Q37418,A1
Q37419,A1
Q37420,A1
Q37421,A1
Q37422,A1
Q37423,A1
Q37424,A1
Q37425,A1
Q37426,A1
Q37427,A1
Q37428,A1
Q37429,A1
Q37430,A1
Q37431,A1
Q37432,A1
Q37433,A1
Q37434,A1
Q37435,A1
Q37436,A1
Q37437,A1
Q37438,A1
Q37439,A1
Q37440,A1
Q37441,A1
Q37442,A1
Q37443,A1
Q37444,A1
Q37445,A1
Q37446,A1
Q37447,A1
Q37448,A1
Q37449,A1
Q37450,A1
Q37451,A1
Q37452,A1
Q37453,A1
Q37454,A1
Q37455,A1
Q37456,A1
Q37457,A1
Q37458,A1
Q37459,A1
Q37460,A1
Q37461,A1
Q37462,A1
Q37463,A1
Q37464,A1
Q37465,A1
Q37466,A1
Q37467,A1
Q37468,A1
Q37469,A1
Q37470,A1
Q37471,A1
Q37472,A1
Q37473,A1
Q37474,A1
Q37475,A1
Q37476,A1
Q37477,A1
Q37478,A1
Q37479,A1
Q37480,A1
Q37481,A1
Q37482,A1
Q37483,A1
Q37484,A1
Q37485,A1
Q37486,A1
Q37487,A1
Q37488,A1
Q37489,A1
Q37490,A1
Q37491,A1
Q37492,A1
Q37493,A1
Q37494,A1
Q37495,A1
Q37496,A1
Q37497,A1
Q37498,A1
Q37499,A1
Q37500,A1
Q37501,A1
Q37502,A1
Q37503,A1
Q37504,A1
Q37505,A1
Q37506,A1
Q37507,A1
Q37508,A1
Q37509,A1
Q37510,A1
Q37511,A1
Q37512,A1
Q37513,A1
Q37514,A1
Q37515,A1
Q37516,A1
Q37517,A1
Q37518,A1
Q37519,A1
Q37520,A1
Q37521,A1
Q37522,A1
Q37523,A1
Q37524,A1
Q37525,A1
Q37526,A1
Q37527,A1
Q37528,A1
Q37529,A1
Q37530,A1
Q37531,A1
Q37532,A1
Q37533,A1
Q37534,A1
Q37535,A1
Q37536,A1
Q37537,A1
Q37538,A1
Q37539,A1
Q37540,A1
Q37541,A1
Q37542,A1
Q37543,A1
Q37544,A1
Q37545,A1
Q37546,A1
Q37547,A1
Q37548,A1
Q37549,A1
Q37550,A1
Q37551,A1
Q37552,A1
Q37553,A1
Q37554,A1
Q37555,A1
Q37556,A1
Q37557,A1
Q37558,A1
Q37559,A1
Q37560,A1
Q37561,A1
Q37562,A1
Q37563,A1
Q37564,A1
Q37565,A1
Q37566,A1
Q37567,A1
Q37568,A1
Q37569,A1
Q37570,A1
Q37571,A1
Q37572,A1
Q37573,A1
Q37574,A1
Q37575,A1
Q37576,A1
Q37577,A1
Q37578,A1
Q37579,A1
Q37580,A1
Q37581,A1
Q37582,A1
Q37583,A1
Q37584,A1
Q37585,A1
Q37586,A1
Q37587,A1
Q37588,A1
Q37589,A1
Q37590,A1
Q37591,A1
Q37592,A1
Q37593,A1
Q37594,A1
Q37595,A1
Q37596,A1
Q37597,A1
Q37598,A1
Q37599,A1
Q37600,A1
Q37601,A1
Q37602,A1
Q37603,A1
Q37604,A1
Q37605,A1
Q37606,A1
Q37607,A1
Q37608,A1
Q37609,A1
Q37610,A1
Q37611,A1
Q37612,A1
Q37613,A1
Q37614,A1
Q37615,A1
Q37616,A1
Q37617,A1
Q37618,A1
Q37619,A1
Q37620,A1
Q37621,A1
Q37622,A1
Q37623,A1
Q37624,A1
Q37625,A1
Q37626,A1
Q37627,A1
Q37628,A1
Q37629,A1
Q37630,A1
Q37631,A1
Q37632,A1
Q37633,A1
Q37634,A1
Q37635,A1
Q37636,A1
Q37637,A1
Q37638,A1
Q37639,A1
Q37640,A1
Q37641,A1
Q37642,A1
Q37643,A1
Q37644,A1
Q37645,A1
Q37646,A1
Q37647,A1
Q37648,A1
Q37649,A1
Q37650,A1
Q37651,A1
Q37652,A1
Q37653,A1
Q37654,A1
Q37655,A1
Q37656,A1
Q37657,A1
Q37658,A1
Q37659,A1
Q37660,A1
Q37661,A1
Q37662,A1
Q37663,A1
Q37664,A1
Q37665,A1
Q37666,A1
Q37667,A1
Q37668,A1
Q37669,A1
Q37670,A1
Q37671,A1
Q37672,A1
Q37673,A1
Q37674,A1
Q37675,A1
Q37676,A1
Q37677,A1
Q37678,A1
Q37679,A1
Q37680,A1
Q37681,A1
Q37682,A1
Q37683,A1
Q37684,A1
Q37685,A1
Q37686,A1
Q37687,A1
Q37688,A1
Q37689,A1
Q37690,A1
Q37691,A1
Q37692,A1
Q37693,A1
Q37694,A1
Q37695,A1
Q37696,A1
Q37697,A1
Q37698,A1
Q37699,A1
Q37700,A1
Q37701,A1
Q37702,A1
Q37703,A1
Q37704,A1
Q37705,A1
Q37706,A1
Q37707,A1
Q37708,A1
Q37709,A1
Q37710,A1
Q37711,A1
Q37712,A1
Q37713,A1
Q37714,A1
Q37715,A1
Q37716,A1
Q37717,A1
Q37718,A1
Q37719,A1
Q37720,A1
Q37721,A1
Q37722,A1
Q37723,A1
Q37724,A1
Q37725,A1
Q37726,A1
Q37727,A1
Q37728,A1
Q37729,A1
Q37730,A1
Q37731,A1
Q37732,A1
Q37733,A1
Q37734,A1
Q37735,A1
Q37736,A1
Q37737,A1
Q37738,A1
Q37739,A1
Q37740,A1
Q37741,A1
Q37742,A1
Q37743,A1
Q37744,A1
Q37745,A1
Q37746,A1
Q37747,A1
Q37748,A1
Q37749,A1
Q37750,A1
Q37751,A1
Q37752,A1
Q37753,A1
Q37754,A1
Q37755,A1
Q37756,A1
Q37757,A1
Q37758,A1
Q37759,A1
Q37760,A1
Q37761,A1
Q37762,A1
Q37763,A1
Q37764,A1
Q37765,A1
Q37766,A1
Q37767,A1
Q37768,A1
Q37769,A1
Q37770,A1
Q37771,A1
Q37772,A1
Q37773,A1
Q37774,A1
Q37775,A1
Q37776,A1
Q37777,A1
Q37778,A1
Q37779,A1
Q37780,A1
Q37781,A1
Q37782,A1
Q37783,A1
Q37784,A1
Q37785,A1
Q37786,A1
Q37787,A1
Q37788,A1
Q37789,A1
Q37790,A1
Q37791,A1
Q37792,A1
Q37793,A1
Q37794,A1
Q37795,A1
Q37796,A1
Q37797,A1
Q37798,A1
Q37799,A1
Q37800,A1
Q37801,A1
Q37802,A1
Q37803,A1
Q37804,A1
Q37805,A1
Q37806,A1
Q37807,A1
Q37808,A1
Q37809,A1
Q37810,A1
Q37811,A1
Q37812,A1
Q37813,A1
Q37814,A1
Q37815,A1
Q37816,A1
Q37817,A1
Q37818,A1
Q37819,A1
Q37820,A1
Q37821,A1
Q37822,A1
Q37823,A1
Q37824,A1
Q37825,A1
Q37826,A1
Q37827,A1
Q37828,A1
Q37829,A1
Q37830,A1
Q37831,A1
Q37832,A1
Q37833,A1
Q37834,A1
Q37835,A1
Q37836,A1
Q37837,A1
Q37838,A1
Q37839,A1
Q37840,A1
Q37841,A1
Q37842,A1
Q37843,A1
Q37844,A1
Q37845,A1
Q37846,A1
Q37847,A1
Q37848,A1
Q37849,A1
Q37850,A1
Q37851,A1
Q37852,A1
Q37853,A1
Q37854,A1
Q37855,A1
Q37856,A1
Q37857,A1
Q37858,A1
Q37859,A1
Q37860,A1
Q37861,A1
Q37862,A1
Q37863,A1
Q37864,A1
Q37865,A1
Q37866,A1
Q37867,A1
Q37868,A1
Q37869,A1
Q37870,A1
Q37871,A1
Q37872,A1
Q37873,A1
Q37874,A1
Q37875,A1
Q37876,A1
Q37877,A1
Q37878,A1
Q37879,A1
Q37880,A1
Q37881,A1
Q37882,A1
Q37883,A1
Q37884,A1
Q37885,A1
Q37886,A1
Q37887,A1
Q37888,A1
Q37889,A1
Q37890,A1
Q37891,A1
Q37892,A1
Q37893,A1
Q37894,A1
Q37895,A1
Q37896,A1
Q37897,A1
Q37898,A1
Q37899,A1
Q37900,A1
Q37901,A1
Q37902,A1
Q37903,A1
Q37904,A1
Q37905,A1
Q37906,A1
Q37907,A1
Q37908,A1
Q37909,A1
Q37910,A1
Q37911,A1
Q37912,A1
Q37913,A1
Q37914,A1
Q37915,A1
Q37916,A1
Q37917,A1
Q37918,A1
Q37919,A1
Q37920,A1
Q37921,A1
Q37922,A1
Q37923,A1
Q37924,A1
Q37925,A1
Q37926,A1
Q37927,A1
Q37928,A1
Q37929,A1
Q37930,A1
Q37931,A1
Q37932,A1
Q37933,A1
Q37934,A1
Q37935,A1
Q37936,A1
Q37937,A1
Q37938,A1
Q37939,A1
Q37940,A1
Q37941,A1
Q37942,A1
Q37943,A1
Q37944,A1
Q37945,A1
Q37946,A1
Q37947,A1
Q37948,A1
Q37949,A1
Q37950,A1
Q37951,A1
Q37952,A1
Q37953,A1
Q37954,A1
Q37955,A1
Q37956,A1
Q37957,A1
Q37958,A1
Q37959,A1
Q37960,A1
Q37961,A1
Q37962,A1
Q37963,A1
Q37964,A1
Q37965,A1
Q37966,A1
Q37967,A1
Q37968,A1
Q37969,A1
Q37970,A1
Q37971,A1
Q37972,A1
Q37973,A1
Q37974,A1
Q37975,A1
Q37976,A1
Q37977,A1
Q37978,A1
Q37979,A1
Q37980,A1
Q37981,A1
Q37982,A1
Q37983,A1
Q37984,A1
Q37985,A1
Q37986,A1
Q37987,A1
Q37988,A1
Q37989,A1
Q37990,A1
Q37991,A1
Q37992,A1
Q37993,A1
Q37994,A1
Q37995,A1
Q37996,A1
Q37997,A1
Q37998,A1
Q37999,A1
Q38000,A1
Q38001,A1
Q38002,A1
Q38003,A1
Q38004,A1
Q38005,A1
Q38006,A1
Q38007,A1
Q38008,A1
Q38009,A1
Q38010,A1
Q38011,A1
Q38012,A1
Q38013,A1
Q38014,A1
Q38015,A1
Q38016,A1
Q38017,A1
Q38018,A1
Q38019,A1
Q38020,A1
Q38021,A1
Q38022,A1
Q38023,A1
Q38024,A1
Q38025,A1
Q38026,A1
Q38027,A1
Q38028,A1
Q38029,A1
Q38030,A1
Q38031,A1
Q38032,A1
Q38033,A1
Q38034,A1
Q38035,A1
Q38036,A1
Q38037,A1
Q38038,A1
Q38039,A1
Q38040,A1
Q38041,A1
Q38042,A1
Q38043,A1
Q38044,A1
Q38045,A1
Q38046,A1
Q38047,A1
Q38048,A1
Q38049,A1
Q38050,A1
Q38051,A1
Q38052,A1
Q38053,A1
Q38054,A1
Q38055,A1
Q38056,A1
Q38057,A1
Q38058,A1
Q38059,A1
Q38060,A1
Q38061,A1
Q38062,A1
Q38063,A1
Q38064,A1
Q38065,A1
Q38066,A1
Q38067,A1
Q38068,A1
Q38069,A1
Q38070,A1
Q38071,A1
Q38072,A1
Q38073,A1
Q38074,A1
Q38075,A1
Q38076,A1
Q38077,A1
Q38078,A1
Q38079,A1
Q38080,A1
Q38081,A1
Q38082,A1
Q38083,A1
Q38084,A1
Q38085,A1
Q38086,A1
Q38087,A1
Q38088,A1
Q38089,A1
Q38090,A1
Q38091,A1
Q38092,A1
Q38093,A1
Q38094,A1
Q38095,A1
Q38096,A1
Q38097,A1
Q38098,A1
Q38099,A1
Q38100,A1
Q38101,A1
Q38102,A1
Q38103,A1
Q38104,A1
Q38105,A1
Q38106,A1
Q38107,A1
Q38108,A1
Q38109,A1
Q38110,A1
Q38111,A1
Q38112,A1
Q38113,A1
Q38114,A1
Q38115,A1
Q38116,A1
Q38117,A1
Q38118,A1
Q38119,A1
Q38120,A1
Q38121,A1
Q38122,A1
Q38123,A1
Q38124,A1
Q38125,A1
Q38126,A1
Q38127,A1
Q38128,A1
Q38129,A1
Q38130,A1
Q38131,A1
Q38132,A1
Q38133,A1
Q38134,A1
Q38135,A1
Q38136,A1
Q38137,A1
Q38138,A1
Q38139,A1
Q38140,A1
Q38141,A1
Q38142,A1
Q38143,A1
Q38144,A1
Q38145,A1
Q38146,A1
Q38147,A1
Q38148,A1
Q38149,A1
Q38150,A1
Q38151,A1
Q38152,A1
Q38153,A1
Q38154,A1
Q38155,A1
Q38156,A1
Q38157,A1
Q38158,A1
Q38159,A1
Q38160,A1
Q38161,A1
Q38162,A1
Q38163,A1
Q38164,A1
Q38165,A1
Q38166,A1
Q38167,A1
Q38168,A1
Q38169,A1
Q38170,A1
Q38171,A1
Q38172,A1
Q38173,A1
Q38174,A1
Q38175,A1
Q38176,A1
Q38177,A1
Q38178,A1
Q38179,A1
Q38180,A1
Q38181,A1
Q38182,A1
Q38183,A1
Q38184,A1
Q38185,A1
Q38186,A1
Q38187,A1
Q38188,A1
Q38189,A1
Q38190,A1
Q38191,A1
Q38192,A1
Q38193,A1
Q38194,A1
Q38195,A1
Q38196,A1
Q38197,A1
Q38198,A1
Q38199,A1
Q38200,A1
Q38201,A1
Q38202,A1
Q38203,A1
Q38204,A1
Q38205,A1
Q38206,A1
Q38207,A1
Q38208,A1
Q38209,A1
Q38210,A1
Q38211,A1
Q38212,A1
Q38213,A1
Q38214,A1
Q38215,A1
Q38216,A1
Q38217,A1
Q38218,A1
Q38219,A1
Q38220,A1
Q38221,A1
Q38222,A1
Q38223,A1
Q38224,A1
Q38225,A1
Q38226,A1
Q38227,A1
Q38228,A1
Q38229,A1
Q38230,A1
Q38231,A1
Q38232,A1
Q38233,A1
Q38234,A1
Q38235,A1
Q38236,A1
Q38237,A1
Q38238,A1
Q38239,A1
Q38240,A1
Q38241,A1
Q38242,A1
Q38243,A1
Q38244,A1
Q38245,A1
Q38246,A1
Q38247,A1
Q38248,A1
Q38249,A1
Q38250,A1
Q38251,A1
Q38252,A1
Q38253,A1
Q38254,A1
Q38255,A1
Q38256,A1
Q38257,A1
Q38258,A1
Q38259,A1
Q38260,A1
Q38261,A1
Q38262,A1
Q38263,A1
Q38264,A1
Q38265,A1
Q38266,A1
Q38267,A1
Q38268,A1
Q38269,A1
Q38270,A1
Q38271,A1
Q38272,A1
Q38273,A1
Q38274,A1
Q38275,A1
Q38276,A1
Q38277,A1
Q38278,A1
Q38279,A1
Q38280,A1
Q38281,A1
Q38282,A1
Q38283,A1
Q38284,A1
Q38285,A1
Q38286,A1
Q38287,A1
Q38288,A1
Q38289,A1
Q38290,A1
Q38291,A1
Q38292,A1
Q38293,A1
Q38294,A1
Q38295,A1
Q38296,A1
Q38297,A1
Q38298,A1
Q38299,A1
Q38300,A1
Q38301,A1
Q38302,A1
Q38303,A1
Q38304,A1
Q38305,A1
Q38306,A1
Q38307,A1
Q38308,A1
Q38309,A1
Q38310,A1
Q38311,A1
Q38312,A1
Q38313,A1
Q38314,A1
Q38315,A1
Q38316,A1
Q38317,A1
Q38318,A1
Q38319,A1
Q38320,A1
Q38321,A1
Q38322,A1
Q38323,A1
Q38324,A1
Q38325,A1
Q38326,A1
Q38327,A1
Q38328,A1
Q38329,A1
Q38330,A1
Q38331,A1
Q38332,A1
Q38333,A1
Q38334,A1
Q38335,A1
Q38336,A1
Q38337,A1
Q38338,A1
Q38339,A1
Q38340,A1
Q38341,A1
Q38342,A1
Q38343,A1
Q38344,A1
Q38345,A1
Q38346,A1
Q38347,A1
Q38348,A1
Q38349,A1
Q38350,A1
Q38351,A1
Q38352,A1
Q38353,A1
Q38354,A1
Q38355,A1
Q38356,A1
Q38357,A1
Q38358,A1
Q38359,A1
Q38360,A1
Q38361,A1
Q38362,A1
Q38363,A1
Q38364,A1
Q38365,A1
Q38366,A1
Q38367,A1
Q38368,A1
Q38369,A1
Q38370,A1
Q38371,A1
Q38372,A1
Q38373,A1
Q38374,A1
Q38375,A1
Q38376,A1
Q38377,A1
Q38378,A1
Q38379,A1
Q38380,A1
Q38381,A1
Q38382,A1
Q38383,A1
Q38384,A1
Q38385,A1
Q38386,A1
Q38387,A1
Q38388,A1
Q38389,A1
Q38390,A1
Q38391,A1
Q38392,A1
Q38393,A1
Q38394,A1
Q38395,A1
Q38396,A1
Q38397,A1
Q38398,A1
Q38399,A1
Q38400,A1
Q38401,A1
Q38402,A1
Q38403,A1
Q38404,A1
Q38405,A1
Q38406,A1
Q38407,A1
Q38408,A1
Q38409,A1
Q38410,A1
Q38411,A1
Q38412,A1
Q38413,A1
Q38414,A1
Q38415,A1
Q38416,A1
Q38417,A1
Q38418,A1
Q38419,A1
Q38420,A1
Q38421,A1
Q38422,A1
Q38423,A1
Q38424,A1
Q38425,A1
Q38426,A1
Q38427,A1
Q38428,A1
Q38429,A1
Q38430,A1
Q38431,A1
Q38432,A1
Q38433,A1
Q38434,A1
Q38435,A1
Q38436,A1
Q38437,A1
Q38438,A1
Q38439,A1
Q38440,A1
Q38441,A1
Q38442,A1
Q38443,A1
Q38444,A1
Q38445,A1
Q38446,A1
Q38447,A1
Q38448,A1
Q38449,A1
Q38450,A1
Q38451,A1
Q38452,A1
Q38453,A1
Q38454,A1
Q38455,A1
Q38456,A1
Q38457,A1
Q38458,A1
Q38459,A1
Q38460,A1
Q38461,A1
Q38462,A1
Q38463,A1
Q38464,A1
Q38465,A1
Q38466,A1
Q38467,A1
Q38468,A1
Q38469,A1
Q38470,A1
Q38471,A1
Q38472,A1
Q38473,A1
Q38474,A1
Q38475,A1
Q38476,A1
Q38477,A1
Q38478,A1
Q38479,A1
Q38480,A1
Q38481,A1
Q38482,A1
Q38483,A1
Q38484,A1
Q38485,A1
Q38486,A1
Q38487,A1
Q38488,A1
Q38489,A1
Q38490,A1
Q38491,A1
Q38492,A1
Q38493,A1
Q38494,A1
Q38495,A1
Q38496,A1
Q38497,A1
Q38498,A1
Q38499,A1
Q38500,A1
Q38501,A1
Q38502,A1
Q38503,A1
Q38504,A1
Q38505,A1
Q38506,A1
Q38507,A1
Q38508,A1
Q38509,A1
Q38510,A1
Q38511,A1
Q38512,A1
Q38513,A1
Q38514,A1
Q38515,A1
Q38516,A1
Q38517,A1
Q38518,A1
Q38519,A1
Q38520,A1
Q38521,A1
Q38522,A1
Q38523,A1
Q38524,A1
Q38525,A1
Q38526,A1
Q38527,A1
Q38528,A1
Q38529,A1
Q38530,A1
Q38531,A1
Q38532,A1
Q38533,A1
Q38534,A1
Q38535,A1
Q38536,A1
Q38537,A1
Q38538,A1
Q38539,A1
Q38540,A1
Q38541,A1
Q38542,A1
Q38543,A1
Q38544,A1
Q38545,A1
Q38546,A1
Q38547,A1
Q38548,A1
Q38549,A1
Q38550,A1
Q38551,A1
Q38552,A1
Q38553,A1
Q38554,A1
Q38555,A1
Q38556,A1
Q38557,A1
Q38558,A1
Q38559,A1
Q38560,A1
Q38561,A1
Q38562,A1
Q38563,A1
Q38564,A1
Q38565,A1
Q38566,A1
Q38567,A1
Q38568,A1
Q38569,A1
Q38570,A1
Q38571,A1
Q38572,A1
Q38573,A1
Q38574,A1
Q38575,A1
Q38576,A1
Q38577,A1
Q38578,A1
Q38579,A1
Q38580,A1
Q38581,A1
Q38582,A1
Q38583,A1
Q38584,A1
Q38585,A1
Q38586,A1
Q38587,A1
Q38588,A1
Q38589,A1
Q38590,A1
Q38591,A1
Q38592,A1
Q38593,A1
Q38594,A1
Q38595,A1
Q38596,A1
Q38597,A1
Q38598,A1
Q38599,A1
Q38600,A1
Q38601,A1
Q38602,A1
Q38603,A1
Q38604,A1
Q38605,A1
Q38606,A1
Q38607,A1
Q38608,A1
Q38609,A1
Q38610,A1
Q38611,A1
Q38612,A1
Q38613,A1
Q38614,A1
Q38615,A1
Q38616,A1
Q38617,A1
Q38618,A1
Q38619,A1
Q38620,A1
Q38621,A1
Q38622,A1
Q38623,A1
Q38624,A1
Q38625,A1
Q38626,A1
Q38627,A1
Q38628,A1
Q38629,A1
Q38630,A1
Q38631,A1
Q38632,A1
Q38633,A1
Q38634,A1
Q38635,A1
Q38636,A1
Q38637,A1
Q38638,A1
Q38639,A1
Q38640,A1
Q38641,A1
Q38642,A1
Q38643,A1
Q38644,A1
Q38645,A1
Q38646,A1
Q38647,A1
Q38648,A1
Q38649,A1
Q38650,A1
Q38651,A1
Q38652,A1
Q38653,A1
Q38654,A1
Q38655,A1
Q38656,A1
Q38657,A1
Q38658,A1
Q38659,A1
Q38660,A1
Q38661,A1
Q38662,A1
Q38663,A1
Q38664,A1
Q38665,A1
Q38666,A1
Q38667,A1
Q38668,A1
Q38669,A1
Q38670,A1
Q38671,A1
Q38672,A1
Q38673,A1
Q38674,A1
Q38675,A1
Q38676,A1
Q38677,A1
Q38678,A1
Q38679,A1
Q38680,A1
Q38681,A1
Q38682,A1
Q38683,A1
Q38684,A1
Q38685,A1
Q38686,A1
Q38687,A1
Q38688,A1
Q38689,A1
Q38690,A1
Q38691,A1
Q38692,A1
Q38693,A1
Q38694,A1
Q38695,A1
Q38696,A1
Q38697,A1
Q38698,A1
Q38699,A1
Q38700,A1
Q38701,A1
Q38702,A1
Q38703,A1
Q38704,A1
Q38705,A1
Q38706,A1
Q38707,A1
Q38708,A1
Q38709,A1
Q38710,A1
Q38711,A1
Q38712,A1
Q38713,A1
Q38714,A1
Q38715,A1
Q38716,A1
Q38717,A1
Q38718,A1
Q38719,A1
Q38720,A1
Q38721,A1
Q38722,A1
Q38723,A1
Q38724,A1
Q38725,A1
Q38726,A1
Q38727,A1
Q38728,A1
Q38729,A1
Q38730,A1
Q38731,A1
Q38732,A1
Q38733,A1
Q38734,A1
Q38735,A1
Q38736,A1
Q38737,A1
Q38738,A1
Q38739,A1
Q38740,A1
Q38741,A1
Q38742,A1
Q38743,A1
Q38744,A1
Q38745,A1
Q38746,A1
Q38747,A1
Q38748,A1
Q38749,A1
Q38750,A1
Q38751,A1
Q38752,A1
Q38753,A1
Q38754,A1
Q38755,A1
Q38756,A1
Q38757,A1
Q38758,A1
Q38759,A1
Q38760,A1
Q38761,A1
Q38762,A1
Q38763,A1
Q38764,A1
Q38765,A1
Q38766,A1
Q38767,A1
Q38768,A1
Q38769,A1
Q38770,A1
Q38771,A1
Q38772,A1
Q38773,A1
Q38774,A1
Q38775,A1
Q38776,A1
Q38777,A1
Q38778,A1
Q38779,A1
Q38780,A1
Q38781,A1
Q38782,A1
Q38783,A1
Q38784,A1
Q38785,A1
Q38786,A1
Q38787,A1
Q38788,A1
Q38789,A1
Q38790,A1
Q38791,A1
Q38792,A1
Q38793,A1
Q38794,A1
Q38795,A1
Q38796,A1
Q38797,A1
Q38798,A1
Q38799,A1
Q38800,A1
Q38801,A1
Q38802,A1
Q38803,A1
Q38804,A1
Q38805,A1
Q38806,A1
Q38807,A1
Q38808,A1
Q38809,A1
Q38810,A1
Q38811,A1
Q38812,A1
Q38813,A1
Q38814,A1
Q38815,A1
Q38816,A1
Q38817,A1
Q38818,A1
Q38819,A1
Q38820,A1
Q38821,A1
Q38822,A1
Q38823,A1
Q38824,A1
Q38825,A1
Q38826,A1
Q38827,A1
Q38828,A1
Q38829,A1
Q38830,A1
Q38831,A1
Q38832,A1
Q38833,A1
Q38834,A1
Q38835,A1
Q38836,A1
Q38837,A1
Q38838,A1
Q38839,A1
Q38840,A1
Q38841,A1
Q38842,A1
Q38843,A1
Q38844,A1
Q38845,A1
Q38846,A1
Q38847,A1
Q38848,A1
Q38849,A1
Q38850,A1
Q38851,A1
Q38852,A1
Q38853,A1
Q38854,A1
Q38855,A1
Q38856,A1
Q38857,A1
Q38858,A1
Q38859,A1
Q38860,A1
Q38861,A1
Q38862,A1
Q38863,A1
Q38864,A1
Q38865,A1
Q38866,A1
Q38867,A1
Q38868,A1
Q38869,A1
Q38870,A1
Q38871,A1
Q38872,A1
Q38873,A1
Q38874,A1
Q38875,A1
Q38876,A1
Q38877,A1
Q38878,A1
Q38879,A1
Q38880,A1
Q38881,A1
Q38882,A1
Q38883,A1
Q38884,A1
Q38885,A1
Q38886,A1
Q38887,A1
Q38888,A1
Q38889,A1
Q38890,A1
Q38891,A1
Q38892,A1
Q38893,A1
Q38894,A1
Q38895,A1
Q38896,A1
Q38897,A1
Q38898,A1
Q38899,A1
Q38900,A1
Q38901,A1
Q38902,A1
Q38903,A1
Q38904,A1
Q38905,A1
Q38906,A1
Q38907,A1
Q38908,A1
Q38909,A1
Q38910,A1
Q38911,A1
Q38912,A1
Q38913,A1
Q38914,A1
Q38915,A1
Q38916,A1
Q38917,A1
Q38918,A1
Q38919,A1
Q38920,A1
Q38921,A1
Q38922,A1
Q38923,A1
Q38924,A1
Q38925,A1
Q38926,A1
Q38927,A1
Q38928,A1
Q38929,A1
Q38930,A1
Q38931,A1
Q38932,A1
Q38933,A1
Q38934,A1
Q38935,A1
Q38936,A1
Q38937,A1
Q38938,A1
Q38939,A1
Q38940,A1
Q38941,A1
Q38942,A1
Q38943,A1
Q38944,A1
Q38945,A1
Q38946,A1
Q38947,A1
Q38948,A1
Q38949,A1
Q38950,A1
Q38951,A1
Q38952,A1
Q38953,A1
Q38954,A1
Q38955,A1
Q38956,A1
Q38957,A1
Q38958,A1
Q38959,A1
Q38960,A1
Q38961,A1
Q38962,A1
Q38963,A1
Q38964,A1
Q38965,A1
Q38966,A1
Q38967,A1
Q38968,A1
Q38969,A1
Q38970,A1
Q38971,A1
Q38972,A1
Q38973,A1
Q38974,A1
Q38975,A1
Q38976,A1
Q38977,A1
Q38978,A1
Q38979,A1
Q38980,A1
Q38981,A1
Q38982,A1
Q38983,A1
Q38984,A1
Q38985,A1
Q38986,A1
Q38987,A1
Q38988,A1
Q38989,A1
Q38990,A1
Q38991,A1
Q38992,A1
Q38993,A1
Q38994,A1
Q38995,A1
Q38996,A1
Q38997,A1
Q38998,A1
Q38999,A1
Q39000,A1
Q39001,A1
Q39002,A1
Q39003,A1
Q39004,A1
Q39005,A1
Q39006,A1
Q39007,A1
Q39008,A1
Q39009,A1
Q39010,A1
Q39011,A1
Q39012,A1
Q39013,A1
Q39014,A1
Q39015,A1
Q39016,A1
Q39017,A1
Q39018,A1
Q39019,A1
Q39020,A1
Q39021,A1
Q39022,A1
Q39023,A1
Q39024,A1
Q39025,A1
Q39026,A1
Q39027,A1
Q39028,A1
Q39029,A1
Q39030,A1
Q39031,A1
Q39032,A1
Q39033,A1
Q39034,A1
Q39035,A1
Q39036,A1
Q39037,A1
Q39038,A1
Q39039,A1
Q39040,A1
Q39041,A1
Q39042,A1
Q39043,A1
Q39044,A1
Q39045,A1
Q39046,A1
Q39047,A1
Q39048,A1
Q39049,A1
Q39050,A1
Q39051,A1
Q39052,A1
Q39053,A1
Q39054,A1
Q39055,A1
Q39056,A1
Q39057,A1
Q39058,A1
Q39059,A1
Q39060,A1
Q39061,A1
Q39062,A1
Q39063,A1
Q39064,A1
Q39065,A1
Q39066,A1
Q39067,A1
Q39068,A1
Q39069,A1
Q39070,A1
Q39071,A1
Q39072,A1
Q39073,A1
Q39074,A1
Q39075,A1
Q39076,A1
Q39077,A1
Q39078,A1
Q39079,A1
Q39080,A1
Q39081,A1
Q39082,A1
Q39083,A1
Q39084,A1
Q39085,A1
Q39086,A1
Q39087,A1
Q39088,A1
Q39089,A1
Q39090,A1
Q39091,A1
Q39092,A1
Q39093,A1
Q39094,A1
Q39095,A1
Q39096,A1
Q39097,A1
Q39098,A1
Q39099,A1
Q39100,A1
Q39101,A1
Q39102,A1
Q39103,A1
Q39104,A1
Q39105,A1
Q39106,A1
Q39107,A1
Q39108,A1
Q39109,A1
Q39110,A1
Q39111,A1
Q39112,A1
Q39113,A1
Q39114,A1
Q39115,A1
Q39116,A1
Q39117,A1
Q39118,A1
Q39119,A1
Q39120,A1
Q39121,A1
Q39122,A1
Q39123,A1
Q39124,A1
Q39125,A1
Q39126,A1
Q39127,A1
Q39128,A1
Q39129,A1
Q39130,A1
Q39131,A1
Q39132,A1
Q39133,A1
Q39134,A1
Q39135,A1
Q39136,A1
Q39137,A1
Q39138,A1
Q39139,A1
Q39140,A1
Q39141,A1
Q39142,A1
Q39143,A1
Q39144,A1
Q39145,A1
Q39146,A1
Q39147,A1
Q39148,A1
Q39149,A1
Q39150,A1
Q39151,A1
Q39152,A1
Q39153,A1
Q39154,A1
Q39155,A1
Q39156,A1
Q39157,A1
Q39158,A1
Q39159,A1
Q39160,A1
Q39161,A1
Q39162,A1
Q39163,A1
Q39164,A1
Q39165,A1
Q39166,A1
Q39167,A1
Q39168,A1
Q39169,A1
Q39170,A1
Q39171,A1
Q39172,A1
Q39173,A1
Q39174,A1
Q39175,A1
Q39176,A1
Q39177,A1
Q39178,A1
Q39179,A1
Q39180,A1
Q39181,A1
Q39182,A1
Q39183,A1
Q39184,A1
Q39185,A1
Q39186,A1
Q39187,A1
Q39188,A1
Q39189,A1
Q39190,A1
Q39191,A1
Q39192,A1
Q39193,A1
Q39194,A1
Q39195,A1
Q39196,A1
Q39197,A1
Q39198,A1
Q39199,A1
Q39200,A1
Q39201,A1
Q39202,A1
Q39203,A1
Q39204,A1
Q39205,A1
Q39206,A1
Q39207,A1
Q39208,A1
Q39209,A1
Q39210,A1
Q39211,A1
Q39212,A1
Q39213,A1
Q39214,A1
Q39215,A1
Q39216,A1
Q39217,A1
Q39218,A1
Q39219,A1
Q39220,A1
Q39221,A1
Q39222,A1
Q39223,A1
Q39224,A1
Q39225,A1
Q39226,A1
Q39227,A1
Q39228,A1
Q39229,A1
Q39230,A1
Q39231,A1
Q39232,A1
Q39233,A1
Q39234,A1
Q39235,A1
Q39236,A1
Q39237,A1
Q39238,A1
Q39239,A1
Q39240,A1
Q39241,A1
Q39242,A1
Q39243,A1
Q39244,A1
Q39245,A1
Q39246,A1
Q39247,A1
Q39248,A1
Q39249,A1
Q39250,A1
Q39251,A1
Q39252,A1
Q39253,A1
Q39254,A1
Q39255,A1
Q39256,A1
Q39257,A1
Q39258,A1
Q39259,A1
Q39260,A1
Q39261,A1
Q39262,A1
Q39263,A1
Q39264,A1
Q39265,A1
Q39266,A1
Q39267,A1
Q39268,A1
Q39269,A1
Q39270,A1
Q39271,A1
Q39272,A1
Q39273,A1
Q39274,A1
Q39275,A1
Q39276,A1
Q39277,A1
Q39278,A1
Q39279,A1
Q39280,A1
Q39281,A1
Q39282,A1
Q39283,A1
Q39284,A1
Q39285,A1
Q39286,A1
Q39287,A1
Q39288,A1
Q39289,A1
Q39290,A1
Q39291,A1
Q39292,A1
Q39293,A1
Q39294,A1
Q39295,A1
Q39296,A1
Q39297,A1
Q39298,A1
Q39299,A1
Q39300,A1
Q39301,A1
Q39302,A1
Q39303,A1
Q39304,A1
Q39305,A1
Q39306,A1
Q39307,A1
Q39308,A1
Q39309,A1
Q39310,A1
Q39311,A1
Q39312,A1
Q39313,A1
Q39314,A1
Q39315,A1
Q39316,A1
Q39317,A1
Q39318,A1
Q39319,A1
Q39320,A1
Q39321,A1
Q39322,A1
Q39323,A1
Q39324,A1
Q39325,A1
Q39326,A1
Q39327,A1
Q39328,A1
Q39329,A1
Q39330,A1
Q39331,A1
Q39332,A1
Q39333,A1
Q39334,A1
Q39335,A1
Q39336,A1
Q39337,A1
Q39338,A1
Q39339,A1
Q39340,A1
Q39341,A1
Q39342,A1
Q39343,A1
Q39344,A1
Q39345,A1
Q39346,A1
Q39347,A1
Q39348,A1
Q39349,A1
Q39350,A1
Q39351,A1
Q39352,A1
Q39353,A1
Q39354,A1
Q39355,A1
Q39356,A1
Q39357,A1
Q39358,A1
Q39359,A1
Q39360,A1
Q39361,A1
Q39362,A1
Q39363,A1
Q39364,A1
Q39365,A1
Q39366,A1
Q39367,A1
Q39368,A1
Q39369,A1
Q39370,A1
Q39371,A1
Q39372,A1
Q39373,A1
Q39374,A1
Q39375,A1
Q39376,A1
Q39377,A1
Q39378,A1
Q39379,A1
Q39380,A1
Q39381,A1
Q39382,A1
Q39383,A1
Q39384,A1
Q39385,A1
Q39386,A1
Q39387,A1
Q39388,A1
Q39389,A1
Q39390,A1
Q39391,A1
Q39392,A1
Q39393,A1
Q39394,A1
Q39395,A1
Q39396,A1
Q39397,A1
Q39398,A1
Q39399,A1
Q39400,A1
Q39401,A1
Q39402,A1
Q39403,A1
Q39404,A1
Q39405,A1
Q39406,A1
Q39407,A1
Q39408,A1
Q39409,A1
Q39410,A1
Q39411,A1
Q39412,A1
Q39413,A1
Q39414,A1
Q39415,A1
Q39416,A1
Q39417,A1
Q39418,A1
Q39419,A1
Q39420,A1
Q39421,A1
Q39422,A1
Q39423,A1
Q39424,A1
Q39425,A1
Q39426,A1
Q39427,A1
Q39428,A1
Q39429,A1
Q39430,A1
Q39431,A1
Q39432,A1
Q39433,A1
Q39434,A1
Q39435,A1
Q39436,A1
Q39437,A1
Q39438,A1
Q39439,A1
Q39440,A1
Q39441,A1
Q39442,A1
Q39443,A1
Q39444,A1
Q39445,A1
Q39446,A1
Q39447,A1
Q39448,A1
Q39449,A1
Q39450,A1
Q39451,A1
Q39452,A1
Q39453,A1
Q39454,A1
Q39455,A1
Q39456,A1
Q39457,A1
Q39458,A1
Q39459,A1
Q39460,A1
Q39461,A1
Q39462,A1
Q39463,A1
Q39464,A1
Q39465,A1
Q39466,A1
Q39467,A1
Q39468,A1
Q39469,A1
Q39470,A1
Q39471,A1
Q39472,A1
Q39473,A1
Q39474,A1
Q39475,A1
Q39476,A1
Q39477,A1
Q39478,A1
Q39479,A1
Q39480,A1
Q39481,A1
Q39482,A1
Q39483,A1
Q39484,A1
Q39485,A1
Q39486,A1
Q39487,A1
Q39488,A1
Q39489,A1
Q39490,A1
Q39491,A1
Q39492,A1
Q39493,A1
Q39494,A1
Q39495,A1
Q39496,A1
Q39497,A1
Q39498,A1
Q39499,A1
Q39500,A1
Q39501,A1
Q39502,A1
Q39503,A1
Q39504,A1
Q39505,A1
Q39506,A1
Q39507,A1
Q39508,A1
Q39509,A1
Q39510,A1
Q39511,A1
Q39512,A1
Q39513,A1
Q39514,A1
Q39515,A1
Q39516,A1
Q39517,A1
Q39518,A1
Q39519,A1
Q39520,A1
Q39521,A1
Q39522,A1
Q39523,A1
Q39524,A1
Q39525,A1
Q39526,A1
Q39527,A1
Q39528,A1
Q39529,A1
Q39530,A1
Q39531,A1
Q39532,A1
Q39533,A1
Q39534,A1
Q39535,A1
Q39536,A1
Q39537,A1
Q39538,A1
Q39539,A1
Q39540,A1
Q39541,A1
Q39542,A1
Q39543,A1
Q39544,A1
Q39545,A1
Q39546,A1
Q39547,A1
Q39548,A1
Q39549,A1
Q39550,A1
Q39551,A1
Q39552,A1
Q39553,A1
Q39554,A1
Q39555,A1
Q39556,A1
Q39557,A1
Q39558,A1
Q39559,A1
Q39560,A1
Q39561,A1
Q39562,A1
Q39563,A1
Q39564,A1
Q39565,A1
Q39566,A1
Q39567,A1
Q39568,A1
Q39569,A1
Q39570,A1
Q39571,A1
Q39572,A0
Q39573,A0
Q39574,A0
Q39575,A0
Q39576,A0
Q39577,A0
Q39578,A0
Q39579,A0
Q39580,A0
Q39581,A0
Q39582,A0
Q39583,A0
Q39584,A0
Q39585,A0
Q39586,A0
Q39587,A0
Q39588,A0
Q39589,A0
Q39590,A0
Q39591,A0
Q39592,A0
Q39593,A0
Q39594,A0
Q39595,A0
Q39596,A0
Q39597,A0
Q39598,A0
Q39599,A0
Q39600,A0
Q39601,A0
Q39602,A0
Q39603,A0
Q39604,A0
Q39605,A0
Q39606,A0
Q39607,A0
Q39608,A0
Q39609,A0
Q39610,A0
Q39611,A0
Q39612,A0
Q39613,A0
Q39614,A0
Q39615,A0
Q39616,A0
Q39617,A0
Q39618,A0
Q39619,A0
Q39620,A0
Q39621,A0
Q39622,A0
Q39623,A0
Q39624,A0
Q39625,A0
Q39626,A0
Q39627,A0
Q39628,A0
Q39629,A0
Q39630,A0
Q39631,A0
Q39632,A0
Q39633,A0
Q39634,A0
Q39635,A0
Q39636,A0
Q39637,A0
Q39638,A0
Q39639,A0
Q39640,A0
Q39641,A0
Q39642,A0
Q39643,A0
Q39644,A0
Q39645,A0
Q39646,A0
Q39647,A0
Q39648,A0
Q39649,A0
Q39650,A0
Q39651,A0
Q39652,A0
Q39653,A0
Q39654,A0
Q39655,A0
Q39656,A0
Q39657,A0
Q39658,A0
Q39659,A0
Q39660,A0
Q39661,A0
Q39662,A0
Q39663,A0
Q39664,A0
Q39665,A0
Q39666,A0
Q39667,A0
Q39668,A0
Q39669,A0
Q39670,A0
Q39671,A0
Q39672,A0
Q39673,A0
Q39674,A0
Q39675,A0
Q39676,A0
Q39677,A0
Q39678,A0
Q39679,A0
Q39680,A0
Q39681,A0
Q39682,A0
Q39683,A0
Q39684,A0
Q39685,A0
Q39686,A0
Q39687,A0
Q39688,A0
Q39689,A0
Q39690,A0
Q39691,A0
Q39692,A0
Q39693,A0
Q39694,A0
Q39695,A0
Q39696,A0
Q39697,A0
Q39698,A0
Q39699,A0
Q39700,A0
Q39701,A0
Q39702,A0
Q39703,A0
Q39704,A0
Q39705,A0
Q39706,A0
Q39707,A0
Q39708,A0
Q39709,A0
Q39710,A0
Q39711,A0
Q39712,A0
Q39713,A0
Q39714,A0
Q39715,A0
Q39716,A0
Q39717,A0
Q39718,A0
Q39719,A0
Q39720,A0
Q39721,A0
Q39722,A0
Q39723,A0
Q39724,A0
Q39725,A0
Q39726,A0
Q39727,A0
Q39728,A0
Q39729,A0
Q39730,A0
Q39731,A0
Q39732,A0
Q39733,A0
Q39734,A0
Q39735,A0
Q39736,A0
Q39737,A0
Q39738,A0
Q39739,A0
Q39740,A0
Q39741,A0
Q39742,A0
Q39743,A0
Q39744,A0
Q39745,A0
Q39746,A0
Q39747,A0
Q39748,A0
Q39749,A0
Q39750,A0
Q39751,A0
Q39752,A0
Q39753,A0
Q39754,A0
Q39755,A0
Q39756,A0
Q39757,A0
Q39758,A0
Q39759,A0
Q39760,A0
Q39761,A0
Q39762,A0
Q39763,A0
Q39764,A0
Q39765,A0
Q39766,A0
Q39767,A0
Q39768,A0
Q39769,A0
Q39770,A0
Q39771,A0
Q39772,A0
Q39773,A0
Q39774,A0
Q39775,A0
Q39776,A0
Q39777,A0
Q39778,A0
Q39779,A0
Q39780,A0
Q39781,A0
Q39782,A0
Q39783,A0
Q39784,A0
Q39785,A0
Q39786,A0
Q39787,A0
Q39788,A0
Q39789,A0
Q39790,A0
Q39791,A0
Q39792,A0
Q39793,A0
Q39794,A0
Q39795,A0
Q39796,A0
Q39797,A0
Q39798,A0
Q39799,A0
Q39800,A0
Q39801,A0
Q39802,A0
Q39803,A0
Q39804,A0
Q39805,A0
Q39806,A0
Q39807,A0
Q39808,A0
Q39809,A0
Q39810,A0
Q39811,A0
Q39812,A0
Q39813,A0
Q39814,A0
Q39815,A0
Q39816,A0
Q39817,A0
Q39818,A0
Q39819,A0
Q39820,A0
Q39821,A0
Q39822,A0
Q39823,A0
Q39824,A0
Q39825,A0
Q39826,A0
Q39827,A0
Q39828,A0
Q39829,A0
Q39830,A0
Q39831,A0
Q39832,A0
Q39833,A0
Q39834,A0
Q39835,A0
Q39836,A0
Q39837,A0
Q39838,A0
Q39839,A0
Q39840,A0
Q39841,A0
Q39842,A0
Q39843,A0
Q39844,A0
Q39845,A0
Q39846,A0
Q39847,A0
Q39848,A0
Q39849,A0
Q39850,A0
Q39851,A0
Q39852,A0
Q39853,A0
Q39854,A0
Q39855,A0
Q39856,A0
Q39857,A0
Q39858,A0
Q39859,A0
Q39860,A0
Q39861,A0
Q39862,A0
Q39863,A0
Q39864,A0
Q39865,A0
Q39866,A0
Q39867,A0
Q39868,A0
Q39869,A0
Q39870,A0
Q39871,A0
Q39872,A0
Q39873,A0
Q39874,A0
Q39875,A0
Q39876,A0
Q39877,A0
Q39878,A0
Q39879,A0
Q39880,A0
Q39881,A0
Q39882,A0
Q39883,A0
Q39884,A0
Q39885,A0
Q39886,A0
Q39887,A0
Q39888,A0
Q39889,A0
Q39890,A0
Q39891,A0
Q39892,A0
Q39893,A0
Q39894,A0
Q39895,A0
Q39896,A0
Q39897,A0
Q39898,A0
Q39899,A0
Q39900,A0
Q39901,A0
Q39902,A0
Q39903,A0
Q39904,A0
Q39905,A0
Q39906,A0
Q39907,A0
Q39908,A0
Q39909,A0
Q39910,A0
Q39911,A0
Q39912,A0
Q39913,A0
Q39914,A0
Q39915,A0
Q39916,A0
Q39917,A0
Q39918,A0
Q39919,A0
Q39920,A0
Q39921,A0
Q39922,A0
Q39923,A0
Q39924,A0
Q39925,A0
Q39926,A0
Q39927,A0
Q39928,A0
Q39929,A0
Q39930,A0
Q39931,A0
Q39932,A0
Q39933,A0
Q39934,A0
Q39935,A0
Q39936,A0
Q39937,A0
Q39938,A0
Q39939,A0
Q39940,A0
Q39941,A0
Q39942,A0
Q39943,A0
Q39944,A0
Q39945,A0
Q39946,A0
Q39947,A0
Q39948,A0
Q39949,A0
Q39950,A0
Q39951,A0
Q39952,A0
Q39953,A0
Q39954,A0
Q39955,A0
Q39956,A0
Q39957,A0
Q39958,A0
Q39959,A0
Q39960,A0
Q39961,A0
Q39962,A0
Q39963,A0
Q39964,A0
Q39965,A0
Q39966,A0
Q39967,A0
Q39968,A0
Q39969,A0
Q39970,A0
Q39971,A0
Q39972,A0
Q39973,A0
Q39974,A0
Q39975,A0
Q39976,A0
Q39977,A0
Q39978,A0
Q39979,A0
Q39980,A0
Q39981,A0
Q39982,A0
Q39983,A0
Q39984,A0
Q39985,A0
Q39986,A0
Q39987,A0
Q39988,A0
Q39989,A0
Q39990,A0
Q39991,A0
Q39992,A0
Q39993,A0
Q39994,A0
Q39995,A0
Q39996,A0
Q39997,A0
Q39998,A0
Q39999,A0
Q40000,A0
Q40001,A0
Q40002,A0
Q40003,A0
Q40004,A0
Q40005,A0
Q40006,A0
Q40007,A0
Q40008,A0
Q40009,A0
Q40010,A0
Q40011,A0
Q40012,A0
Q40013,A0
Q40014,A0
Q40015,A0
Q40016,A0
Q40017,A0
Q40018,A0
Q40019,A0
Q40020,A0
Q40021,A0
Q40022,A0
Q40023,A0
Q40024,A0
Q40025,A0
Q40026,A0
Q40027,A0
Q40028,A0
Q40029,A0
Q40030,A0
Q40031,A0
Q40032,A0
Q40033,A0
Q40034,A0
Q40035,A0
Q40036,A0
Q40037,A0
Q40038,A0
Q40039,A0
Q40040,A0
Q40041,A0
Q40042,A0
Q40043,A0
Q40044,A0
Q40045,A0
Q40046,A0
Q40047,A0
Q40048,A0
Q40049,A0
Q40050,A0
Q40051,A0
Q40052,A0
Q40053,A0
Q40054,A0
Q40055,A0
Q40056,A0
Q40057,A0
Q40058,A0
Q40059,A0
Q40060,A0
Q40061,A0
Q40062,A0
Q40063,A0
Q40064,A0
Q40065,A0
Q40066,A0
Q40067,A0
Q40068,A0
Q40069,A0
Q40070,A0
Q40071,A0
Q40072,A0
Q40073,A0
Q40074,A0
Q40075,A0
Q40076,A0
Q40077,A0
Q40078,A0
Q40079,A0
Q40080,A0
Q40081,A0
Q40082,A0
Q40083,A0
Q40084,A0
Q40085,A0
Q40086,A0
Q40087,A0
Q40088,A0
Q40089,A0
Q40090,A0
Q40091,A0
Q40092,A0
Q40093,A0
Q40094,A0
Q40095,A0
Q40096,A0
Q40097,A0
Q40098,A0
Q40099,A0
Q40100,A0
Q40101,A0
Q40102,A0
Q40103,A0
Q40104,A0
Q40105,A0
Q40106,A0
Q40107,A0
Q40108,A0
Q40109,A0
Q40110,A0
Q40111,A0
Q40112,A0
Q40113,A0
Q40114,A0
Q40115,A0
Q40116,A0
Q40117,A0
Q40118,A0
Q40119,A0
Q40120,A0
Q40121,A0
Q40122,A0
Q40123,A0
Q40124,A0
Q40125,A0
Q40126,A0
Q40127,A0
Q40128,A0
Q40129,A0
Q40130,A0
Q40131,A0
Q40132,A0
Q40133,A0
Q40134,A0
Q40135,A0
Q40136,A0
Q40137,A0
Q40138,A0
Q40139,A0
Q40140,A0
Q40141,A0
Q40142,A0
Q40143,A0
Q40144,A0
Q40145,A0
Q40146,A0
Q40147,A0
Q40148,A0
Q40149,A0
Q40150,A0
Q40151,A0
Q40152,A0
Q40153,A0
Q40154,A0
Q40155,A0
Q40156,A0
Q40157,A0
Q40158,A0
Q40159,A0
Q40160,A0
Q40161,A0
Q40162,A0
Q40163,A0
Q40164,A0
Q40165,A0
Q40166,A0
Q40167,A0
Q40168,A0
Q40169,A0
Q40170,A0
Q40171,A0
Q40172,A0
Q40173,A0
Q40174,A0
Q40175,A0
Q40176,A0
Q40177,A0
Q40178,A0
Q40179,A0
Q40180,A0
Q40181,A0
Q40182,A0
Q40183,A0
Q40184,A0
Q40185,A0
Q40186,A0
Q40187,A0
Q40188,A0
Q40189,A0
Q40190,A0
Q40191,A0
Q40192,A0
Q40193,A0
Q40194,A0
Q40195,A0
Q40196,A0
Q40197,A0
Q40198,A0
Q40199,A0
Q40200,A0
Q40201,A0
Q40202,A0
Q40203,A0
Q40204,A0
Q40205,A0
Q40206,A0
Q40207,A0
Q40208,A0
Q40209,A0
Q40210,A0
Q40211,A0
Q40212,A0
Q40213,A0
Q40214,A0
Q40215,A0
Q40216,A0
Q40217,A0
Q40218,A0
Q40219,A0
Q40220,A0
Q40221,A0
Q40222,A0
Q40223,A0
Q40224,A0
Q40225,A0
Q40226,A0
Q40227,A0
Q40228,A0
Q40229,A0
Q40230,A0
Q40231,A0
Q40232,A0
Q40233,A0
Q40234,A0
Q40235,A0
Q40236,A0
Q40237,A0
Q40238,A0
Q40239,A0
Q40240,A0
Q40241,A0
Q40242,A0
Q40243,A0
Q40244,A0
Q40245,A0
Q40246,A0
Q40247,A0
Q40248,A0
Q40249,A0
Q40250,A0
Q40251,A0
Q40252,A0
Q40253,A0
Q40254,A0
Q40255,A0
Q40256,A0
Q40257,A0
Q40258,A0
Q40259,A0
Q40260,A0
Q40261,A0
Q40262,A0
Q40263,A0
Q40264,A0
Q40265,A0
Q40266,A0
Q40267,A0
Q40268,A0
Q40269,A0
Q40270,A0
Q40271,A0
Q40272,A0
Q40273,A0
Q40274,A0
Q40275,A0
Q40276,A0
Q40277,A0
Q40278,A0
Q40279,A0
Q40280,A0
Q40281,A0
Q40282,A0
Q40283,A0
Q40284,A0
Q40285,A0
Q40286,A0
Q40287,A0
Q40288,A0
Q40289,A0
Q40290,A0
Q40291,A0
Q40292,A0
Q40293,A0
Q40294,A0
Q40295,A0
Q40296,A0
Q40297,A0
Q40298,A0
Q40299,A0
Q40300,A0
Q40301,A0
Q40302,A0
Q40303,A0
Q40304,A0
Q40305,A0
Q40306,A0
Q40307,A0
Q40308,A0
Q40309,A0
Q40310,A0
Q40311,A0
Q40312,A0
Q40313,A0
Q40314,A0
Q40315,A0
Q40316,A0
Q40317,A0
Q40318,A0
Q40319,A0
Q40320,A0
Q40321,A0
Q40322,A0
Q40323,A0
Q40324,A0
Q40325,A0
Q40326,A0
Q40327,A0
Q40328,A0
Q40329,A0
Q40330,A0
Q40331,A0
Q40332,A0
Q40333,A0
Q40334,A0
Q40335,A0
Q40336,A0
Q40337,A0
Q40338,A0
Q40339,A0
Q40340,A0
Q40341,A0
Q40342,A0
Q40343,A0
Q40344,A0
Q40345,A0
Q40346,A0
Q40347,A0
Q40348,A0
Q40349,A0
Q40350,A0
Q40351,A0
Q40352,A0
Q40353,A0
Q40354,A0
Q40355,A0
Q40356,A0
Q40357,A0
Q40358,A0
Q40359,A0
Q40360,A0
Q40361,A0
Q40362,A0
Q40363,A0
Q40364,A0
Q40365,A0
Q40366,A0
Q40367,A0
Q40368,A0
Q40369,A0
Q40370,A0
Q40371,A0
Q40372,A0
Q40373,A0
Q40374,A0
Q40375,A0
Q40376,A0
Q40377,A0
Q40378,A0
Q40379,A0
Q40380,A0
Q40381,A0
Q40382,A0
Q40383,A0
Q40384,A0
Q40385,A0
Q40386,A0
Q40387,A0
Q40388,A0
Q40389,A0
Q40390,A0
Q40391,A0
Q40392,A0
Q40393,A0
Q40394,A0
Q40395,A0
Q40396,A0
Q40397,A0
Q40398,A0
Q40399,A0
Q40400,A0
Q40401,A0
Q40402,A0
Q40403,A0
Q40404,A0
Q40405,A0
Q40406,A0
Q40407,A0
Q40408,A0
Q40409,A0
Q40410,A0
Q40411,A0
Q40412,A0
Q40413,A0
Q40414,A0
Q40415,A0
Q40416,A0
Q40417,A0
Q40418,A0
Q40419,A0
Q40420,A0
Q40421,A0
Q40422,A0
Q40423,A0
Q40424,A0
Q40425,A0
Q40426,A0
Q40427,A0
Q40428,A0
Q40429,A0
Q40430,A0
Q40431,A0
Q40432,A0
Q40433,A0
Q40434,A0
Q40435,A0
Q40436,A0
Q40437,A0
Q40438,A0
Q40439,A0
Q40440,A0
Q40441,A0
Q40442,A0
Q40443,A0
Q40444,A0
Q40445,A0
Q40446,A0
Q40447,A0
Q40448,A0
Q40449,A0
Q40450,A0
Q40451,A0
Q40452,A0
Q40453,A0
Q40454,A0
Q40455,A0
Q40456,A0
Q40457,A0
Q40458,A0
Q40459,A0
Q40460,A0
Q40461,A0
Q40462,A0
Q40463,A0
Q40464,A0
Q40465,A0
Q40466,A0
Q40467,A0
Q40468,A0
Q40469,A0
Q40470,A0
Q40471,A0
Q40472,A0
Q40473,A0
Q40474,A0
Q40475,A0
Q40476,A0
Q40477,A0
Q40478,A0
Q40479,A0
Q40480,A0
Q40481,A0
Q40482,A0
Q40483,A0
Q40484,A0
Q40485,A0
Q40486,A0
Q40487,A0
Q40488,A0
Q40489,A0
Q40490,A0
Q40491,A0
Q40492,A0
Q40493,A0
Q40494,A0
Q40495,A0
Q40496,A0
Q40497,A0
Q40498,A0
Q40499,A0
Q40500,A0
Q40501,A0
Q40502,A0
Q40503,A0
Q40504,A0
Q40505,A0
Q40506,A0
Q40507,A0
Q40508,A0
Q40509,A0
Q40510,A0
Q40511,A0
Q40512,A0
Q40513,A0
Q40514,A0
Q40515,A0
Q40516,A0
Q40517,A0
Q40518,A0
Q40519,A0
Q40520,A0
Q40521,A0
Q40522,A0
Q40523,A0
Q40524,A0
Q40525,A0
Q40526,A0
Q40527,A0
Q40528,A0
Q40529,A0
Q40530,A0
Q40531,A0
Q40532,A0
Q40533,A0
Q40534,A0
Q40535,A0
Q40536,A0
Q40537,A0
Q40538,A0
Q40539,A0
Q40540,A0
Q40541,A0
Q40542,A0
Q40543,A0
Q40544,A0
Q40545,A0
Q40546,A0
Q40547,A0
Q40548,A0
Q40549,A0
Q40550,A0
Q40551,A0
Q40552,A0
Q40553,A0
Q40554,A0
Q40555,A0
Q40556,A0
Q40557,A0
Q40558,A0
Q40559,A0
Q40560,A0
Q40561,A0
Q40562,A0
Q40563,A0
Q40564,A0
Q40565,A0
Q40566,A0
Q40567,A0
Q40568,A0
Q40569,A0
Q40570,A0
Q40571,A0
Q40572,A0
Q40573,A0
Q40574,A0
Q40575,A0
Q40576,A0
Q40577,A0
Q40578,A0
Q40579,A0
Q40580,A0
Q40581,A0
Q40582,A0
Q40583,A0
Q40584,A0
Q40585,A0
Q40586,A0
Q40587,A0
Q40588,A0
Q40589,A0
Q40590,A0
Q40591,A0
Q40592,A0
Q40593,A0
Q40594,A0
Q40595,A0
Q40596,A0
Q40597,A0
Q40598,A0
Q40599,A0
Q40600,A0
Q40601,A0
Q40602,A0
Q40603,A0
Q40604,A0
Q40605,A0
Q40606,A0
Q40607,A0
Q40608,A0
Q40609,A0
Q40610,A0
Q40611,A0
Q40612,A0
Q40613,A0
Q40614,A0
Q40615,A0
Q40616,A0
Q40617,A0
Q40618,A0
Q40619,A0
Q40620,A0
Q40621,A0
Q40622,A0
Q40623,A0
Q40624,A0
Q40625,A0
Q40626,A0
Q40627,A0
Q40628,A0
Q40629,A0
Q40630,A0
Q40631,A0
Q40632,A0
Q40633,A0
Q40634,A0
Q40635,A0
Q40636,A0
Q40637,A0
Q40638,A0
Q40639,A0
Q40640,A0
Q40641,A0
Q40642,A0
Q40643,A0
Q40644,A0
Q40645,A0
Q40646,A0
Q40647,A0
Q40648,A0
Q40649,A0
Q40650,A0
Q40651,A0
Q40652,A0
Q40653,A0
Q40654,A0
Q40655,A0
Q40656,A0
Q40657,A0
Q40658,A0
Q40659,A0
Q40660,A0
Q40661,A0
Q40662,A0
Q40663,A0
Q40664,A0
Q40665,A0
Q40666,A0
Q40667,A0
Q40668,A0
Q40669,A0
Q40670,A0
Q40671,A0
Q40672,A0
Q40673,A0
Q40674,A0
Q40675,A0
Q40676,A0
Q40677,A0
Q40678,A0
Q40679,A0
Q40680,A0
Q40681,A0
Q40682,A0
Q40683,A0
Q40684,A0
Q40685,A0
Q40686,A0
Q40687,A0
Q40688,A0
Q40689,A0
Q40690,A0
Q40691,A0
Q40692,A0
Q40693,A0
Q40694,A0
Q40695,A0
Q40696,A0
Q40697,A0
Q40698,A0
Q40699,A0
Q40700,A0
Q40701,A0
Q40702,A0
Q40703,A0
Q40704,A0
Q40705,A0
Q40706,A0
Q40707,A0
Q40708,A2
Q40709,A2
Q40710,A2
Q40711,A2
Q40712,A2
Q40713,A2
Q40714,A2
Q40715,A2
Q40716,A2
Q40717,A2
Q40718,A2
Q40719,A2
Q40720,A2
Q40721,A2
Q40722,A2
Q40723,A2
Q40724,A2
Q40725,A2
Q40726,A2
Q40727,A2
Q40728,A2
Q40729,A2
Q40730,A2
Q40731,A2
Q40732,A2
Q40733,A2
Q40734,A2
Q40735,A2
Q40736,A2
Q40737,A2
Q40738,A2
Q40739,A2
Q40740,A2
Q40741,A2
Q40742,A2
Q40743,A2
Q40744,A2
Q40745,A2
Q40746,A2
Q40747,A2
Q40748,A2
Q40749,A2
Q40750,A2
Q40751,A2
Q40752,A2
Q40753,A2
Q40754,A2
Q40755,A2
Q40756,A2
Q40757,A2
Q40758,A2
Q40759,A2
Q40760,A2
Q40761,A2
Q40762,A2
Q40763,A2
Q40764,A2
Q40765,A2
Q40766,A2
Q40767,A2
Q40768,A2
Q40769,A2
Q40770,A2
Q40771,A2
Q40772,A2
Q40773,A2
Q40774,A2
Q40775,A2
Q40776,A2
Q40777,A2
Q40778,A2
Q40779,A2
Q40780,A2
Q40781,A2
Q40782,A2
Q40783,A2
Q40784,A2
Q40785,A2
Q40786,A2
Q40787,A2
Q40788,A2
Q40789,A2
Q40790,A2
Q40791,A2
Q40792,A2
Q40793,A2
Q40794,A2
Q40795,A2
Q40796,A2
Q40797,A2
Q40798,A2
Q40799,A2
Q40800,A2
Q40801,A2
Q40802,A2
Q40803,A2
Q40804,A2
Q40805,A2
Q40806,A2
Q40807,A2
Q40808,A2
Q40809,A2
Q40810,A2
Q40811,A2
Q40812,A2
Q40813,A2
Q40814,A2
Q40815,A2
Q40816,A2
Q40817,A2
Q40818,A2
Q40819,A2
Q40820,A2
Q40821,A2
Q40822,A2
Q40823,A2
Q40824,A2
Q40825,A2
Q40826,A2
Q40827,A2
Q40828,A2
Q40829,A2
Q40830,A2
Q40831,A2
Q40832,A2
Q40833,A2
Q40834,A2
Q40835,A2
Q40836,A2
Q40837,A2
Q40838,A2
Q40839,A2
Q40840,A2
Q40841,A2
Q40842,A2
Q40843,A2
Q40844,A2
Q40845,A2
Q40846,A2
Q40847,A2
Q40848,A2
Q40849,A2
Q40850,A2
Q40851,A2
Q40852,A2
Q40853,A2
Q40854,A2
Q40855,A2
Q40856,A2
Q40857,A2
Q40858,A2
Q40859,A2
Q40860,A2
Q40861,A2
Q40862,A2
Q40863,A2
Q40864,A2
Q40865,A2
Q40866,A2
Q40867,A2
Q40868,A2
Q40869,A2
Q40870,A2
Q40871,A2
Q40872,A2
Q40873,A2
Q40874,A2
Q40875,A2
Q40876,A2
Q40877,A2
Q40878,A2
Q40879,A2
Q40880,A2
Q40881,A2
Q40882,A2
Q40883,A2
Q40884,A2
Q40885,A2
Q40886,A2
Q40887,A2
Q40888,A2
Q40889,A2
Q40890,A2
Q40891,A2
Q40892,A2
Q40893,A2
Q40894,A2
Q40895,A2
Q40896,A2
Q40897,A2
Q40898,A2
Q40899,A2
Q40900,A2
Q40901,A2
Q40902,A2
Q40903,A2
Q40904,A2
Q40905,A2
Q40906,A2
Q40907,A2
Q40908,A2
Q40909,A2
Q40910,A2
Q40911,A2
Q40912,A2
Q40913,A2
Q40914,A2
Q40915,A2
Q40916,A2
Q40917,A2
Q40918,A2
Q40919,A2
Q40920,A2
Q40921,A2
Q40922,A2
Q40923,A2
Q40924,A2
Q40925,A2
Q40926,A2
Q40927,A2
Q40928,A2
Q40929,A2
Q40930,A2
Q40931,A2
Q40932,A2
Q40933,A2
Q40934,A2
Q40935,A2
Q40936,A2
Q40937,A2
Q40938,A2
Q40939,A2
Q40940,A2
Q40941,A2
Q40942,A2
Q40943,A2
Q40944,A2
Q40945,A2
Q40946,A2
Q40947,A2
Q40948,A2
Q40949,A2
Q40950,A2
Q40951,A2
Q40952,A2
Q40953,A2
Q40954,A2
Q40955,A2
Q40956,A2
Q40957,A2
Q40958,A2
Q40959,A2
Q40960,A2
Q40961,A2
Q40962,A2
Q40963,A2
Q40964,A2
Q40965,A2
Q40966,A2
Q40967,A2
Q40968,A2
Q40969,A2
Q40970,A2
Q40971,A2
Q40972,A2
Q40973,A2
Q40974,A2
Q40975,A2
Q40976,A2
Q40977,A2
Q40978,A2
Q40979,A2
Q40980,A2
Q40981,A2
Q40982,A2
Q40983,A2
Q40984,A2
Q40985,A2
Q40986,A2
Q40987,A2
Q40988,A2
Q40989,A2
Q40990,A2
Q40991,A2
Q40992,A2
Q40993,A2
Q40994,A2
Q40995,A2
Q40996,A2
Q40997,A2
Q40998,A2
Q40999,A2
Q41000,A2
Q41001,A2
Q41002,A2
Q41003,A2
Q41004,A2
Q41005,A2
Q41006,A2
Q41007,A2
Q41008,A2
Q41009,A2
Q41010,A2
Q41011,A2
Q41012,A2
Q41013,A2
Q41014,A2
Q41015,A2
Q41016,A2
Q41017,A2
Q41018,A2
Q41019,A2
Q41020,A2
Q41021,A2
Q41022,A2
Q41023,A2
Q41024,A2
Q41025,A2
Q41026,A2
Q41027,A2
Q41028,A2
Q41029,A2
Q41030,A2
Q41031,A2
Q41032,A2
Q41033,A2
Q41034,A2
Q41035,A2
Q41036,A2
Q41037,A2
Q41038,A2
Q41039,A2
Q41040,A2
Q41041,A2
Q41042,A2
Q41043,A2
Q41044,A2
Q41045,A2
Q41046,A2
Q41047,A2
Q41048,A2
Q41049,A2
Q41050,A2
Q41051,A2
Q41052,A2
Q41053,A2
Q41054,A2
Q41055,A2
Q41056,A2
Q41057,A2
Q41058,A2
Q41059,A2
Q41060,A2
Q41061,A2
Q41062,A2
Q41063,A2
Q41064,A2
Q41065,A2
Q41066,A2
Q41067,A2
Q41068,A2
Q41069,A2
Q41070,A2
Q41071,A2
Q41072,A2
Q41073,A2
Q41074,A2
Q41075,A2
Q41076,A2
Q41077,A2
Q41078,A2
Q41079,A2
Q41080,A2
Q41081,A2
Q41082,A2
Q41083,A2
Q41084,A2
Q41085,A2
Q41086,A2
Q41087,A2
Q41088,A2
Q41089,A2
Q41090,A2
Q41091,A2
Q41092,A2
Q41093,A2
Q41094,A2
Q41095,A2
Q41096,A2
Q41097,A2
Q41098,A2
Q41099,A2
Q41100,A2
Q41101,A2
Q41102,A2
Q41103,A2
Q41104,A2
Q41105,A2
Q41106,A2
Q41107,A2
Q41108,A2
Q41109,A2
Q41110,A2
Q41111,A2
Q41112,A2
Q41113,A2
Q41114,A2
Q41115,A2
Q41116,A2
Q41117,A2
Q41118,A2
Q41119,A2
Q41120,A2
Q41121,A2
Q41122,A2
Q41123,A2
Q41124,A2
Q41125,A2
Q41126,A2
Q41127,A2
Q41128,A2
Q41129,A2
Q41130,A2
Q41131,A2
Q41132,A2
Q41133,A2
Q41134,A2
Q41135,A2
Q41136,A2
Q41137,A2
Q41138,A2
Q41139,A2
Q41140,A2
Q41141,A2
Q41142,A2
Q41143,A2
Q41144,A2
Q41145,A2
Q41146,A2
Q41147,A2
Q41148,A2
Q41149,A2
Q41150,A2
Q41151,A2
Q41152,A2
Q41153,A2
Q41154,A2
Q41155,A2
Q41156,A2
Q41157,A2
Q41158,A2
Q41159,A2
Q41160,A2
Q41161,A2
Q41162,A2
Q41163,A2
Q41164,A2
Q41165,A2
Q41166,A2
Q41167,A2
Q41168,A2
Q41169,A2
Q41170,A2
Q41171,A2
Q41172,A2
Q41173,A2
Q41174,A2
Q41175,A2
Q41176,A2
Q41177,A2
Q41178,A2
Q41179,A2
Q41180,A2
Q41181,A2
Q41182,A2
Q41183,A2
Q41184,A2
Q41185,A2
Q41186,A2
Q41187,A2
Q41188,A2
Q41189,A2
Q41190,A2
Q41191,A2
Q41192,A2
Q41193,A2
Q41194,A2
Q41195,A2
Q41196,A2
Q41197,A2
Q41198,A2
Q41199,A2
Q41200,A2
Q41201,A2
Q41202,A2
Q41203,A2
Q41204,A2
Q41205,A2
Q41206,A2
Q41207,A2
Q41208,A2
Q41209,A2
Q41210,A2
Q41211,A2
Q41212,A2
Q41213,A2
Q41214,A2
Q41215,A2
Q41216,A2
Q41217,A2
Q41218,A2
Q41219,A2
Q41220,A2
Q41221,A2
Q41222,A2
Q41223,A2
Q41224,A2
Q41225,A2
Q41226,A2
Q41227,A2
Q41228,A2
Q41229,A2
Q41230,A2
Q41231,A2
Q41232,A2
Q41233,A2
Q41234,A2
Q41235,A2
Q41236,A2
Q41237,A2
Q41238,A2
Q41239,A2
Q41240,A2
Q41241,A2
Q41242,A2
Q41243,A2
Q41244,A2
Q41245,A2
Q41246,A2
Q41247,A2
Q41248,A2
Q41249,A2
Q41250,A2
Q41251,A2
Q41252,A2
Q41253,A2
Q41254,A2
Q41255,A2
Q41256,A2
Q41257,A2
Q41258,A2
Q41259,A2
Q41260,A2
Q41261,A2
Q41262,A2
Q41263,A2
Q41264,A2
Q41265,A2
Q41266,A2
Q41267,A2
Q41268,A2
Q41269,A2
Q41270,A2
Q41271,A2
Q41272,A2
Q41273,A2
Q41274,A2
Q41275,A2
Q41276,A2
Q41277,A2
Q41278,A2
Q41279,A2
Q41280,A2
Q41281,A2
Q41282,A2
Q41283,A2
Q41284,A2
Q41285,A2
Q41286,A2
Q41287,A2
Q41288,A2
Q41289,A2
Q41290,A2
Q41291,A2
Q41292,A2
Q41293,A2
Q41294,A2
Q41295,A2
Q41296,A2
Q41297,A2
Q41298,A2
Q41299,A2
Q41300,A2
Q41301,A2
Q41302,A2
Q41303,A2
Q41304,A2
Q41305,A2
Q41306,A2
Q41307,A2
Q41308,A2
Q41309,A2
Q41310,A2
Q41311,A2
Q41312,A2
Q41313,A2
Q41314,A2
Q41315,A2
Q41316,A2
Q41317,A2
Q41318,A2
Q41319,A2
Q41320,A2
Q41321,A2
Q41322,A2
Q41323,A2
Q41324,A2
Q41325,A2
Q41326,A2
Q41327,A2
Q41328,A2
Q41329,A2
Q41330,A2
Q41331,A2
Q41332,A2
Q41333,A2
Q41334,A2
Q41335,A2
Q41336,A2
Q41337,A2
Q41338,A2
Q41339,A2
Q41340,A2
Q41341,A2
Q41342,A2
Q41343,A2
Q41344,A2
Q41345,A2
Q41346,A2
Q41347,A2
Q41348,A2
Q41349,A2
Q41350,A2
Q41351,A2
Q41352,A2
Q41353,A2
Q41354,A2
Q41355,A2
Q41356,A2
Q41357,A2
Q41358,A2
Q41359,A2
Q41360,A2
Q41361,A2
Q41362,A2
Q41363,A2
Q41364,A2
Q41365,A2
Q41366,A2
Q41367,A2
Q41368,A2
Q41369,A2
Q41370,A2
Q41371,A2
Q41372,A2
Q41373,A2
Q41374,A2
Q41375,A2
Q41376,A2
Q41377,A2
Q41378,A2
Q41379,A2
Q41380,A2
Q41381,A2
Q41382,A2
Q41383,A2
Q41384,A2
Q41385,A2
Q41386,A2
Q41387,A2
Q41388,A2
Q41389,A2
Q41390,A2
Q41391,A2
Q41392,A2
Q41393,A2
Q41394,A2
Q41395,A2
Q41396,A2
Q41397,A2
Q41398,A2
Q41399,A2
Q41400,A2
Q41401,A2
Q41402,A2
Q41403,A2
Q41404,A2
Q41405,A2
Q41406,A2
Q41407,A2
Q41408,A2
Q41409,A2
Q41410,A2
Q41411,A2
Q41412,A2
Q41413,A2
Q41414,A2
Q41415,A2
Q41416,A2
Q41417,A2
Q41418,A2
Q41419,A2
Q41420,A2
Q41421,A2
Q41422,A2
Q41423,A2
Q41424,A2
Q41425,A2
Q41426,A2
Q41427,A2
Q41428,A2
Q41429,A2
Q41430,A2
Q41431,A2
Q41432,A2
Q41433,A2
Q41434,A2
Q41435,A2
Q41436,A2
Q41437,A2
Q41438,A2
Q41439,A2
Q41440,A2
Q41441,A2
Q41442,A2
Q41443,A2
Q41444,A2
Q41445,A2
Q41446,A2
Q41447,A2
Q41448,A2
Q41449,A2
Q41450,A2
Q41451,A2
Q41452,A2
Q41453,A2
Q41454,A2
Q41455,A2
Q41456,A2
Q41457,A2
Q41458,A2
Q41459,A2
Q41460,A2
Q41461,A2
Q41462,A2
Q41463,A2
Q41464,A2
Q41465,A2
Q41466,A2
Q41467,A2
Q41468,A2
Q41469,A2
Q41470,A2
Q41471,A2
Q41472,A2
Q41473,A2
Q41474,A2
Q41475,A2
Q41476,A2
Q41477,A2
Q41478,A2
Q41479,A2
Q41480,A2
Q41481,A2
Q41482,A2
Q41483,A2
Q41484,A2
Q41485,A2
Q41486,A2
Q41487,A2
Q41488,A2
Q41489,A2
Q41490,A2
Q41491,A2
Q41492,A2
Q41493,A2
Q41494,A2
Q41495,A2
Q41496,A2
Q41497,A2
Q41498,A2
Q41499,A2
Q41500,A2
Q41501,A2
Q41502,A2
Q41503,A2
Q41504,A2
Q41505,A2
Q41506,A2
Q41507,A2
Q41508,A2
Q41509,A2
Q41510,A2
Q41511,A2
Q41512,A2
Q41513,A2
Q41514,A2
Q41515,A2
Q41516,A2
Q41517,A2
Q41518,A2
Q41519,A2
Q41520,A2
Q41521,A2
Q41522,A2
Q41523,A2
Q41524,A2
Q41525,A2
Q41526,A2
Q41527,A2
Q41528,A2
Q41529,A2
Q41530,A2
Q41531,A2
Q41532,A2
Q41533,A2
Q41534,A2
Q41535,A2
Q41536,A2
Q41537,A2
Q41538,A2
Q41539,A2
Q41540,A2
Q41541,A2
Q41542,A2
Q41543,A2
Q41544,A2
Q41545,A2
Q41546,A2
Q41547,A2
Q41548,A2
Q41549,A2
Q41550,A2
Q41551,A2
Q41552,A2
Q41553,A2
Q41554,A2
Q41555,A2
Q41556,A2
Q41557,A2
Q41558,A2
Q41559,A2
Q41560,A2
Q41561,A2
Q41562,A2
Q41563,A2
Q41564,A2
Q41565,A2
Q41566,A2
Q41567,A2
Q41568,A2
Q41569,A2
Q41570,A2
Q41571,A2
Q41572,A2
Q41573,A2
Q41574,A2
Q41575,A2
Q41576,A2
Q41577,A2
Q41578,A2
Q41579,A2
Q41580,A2
Q41581,A2
Q41582,A2
Q41583,A2
Q41584,A2
Q41585,A2
Q41586,A2
Q41587,A2
Q41588,A2
Q41589,A2
Q41590,A2
Q41591,A2
Q41592,A2
Q41593,A2
Q41594,A2
Q41595,A2
Q41596,A2
Q41597,A2
Q41598,A2
Q41599,A2
Q41600,A2
Q41601,A2
Q41602,A2
Q41603,A2
Q41604,A2
Q41605,A2
Q41606,A2
Q41607,A2
Q41608,A2
Q41609,A2
Q41610,A2
Q41611,A2
Q41612,A2
Q41613,A2
Q41614,A2
Q41615,A2
Q41616,A2
Q41617,A2
Q41618,A2
Q41619,A2
Q41620,A2
Q41621,A2
Q41622,A2
Q41623,A2
Q41624,A2
Q41625,A2
Q41626,A2
Q41627,A2
Q41628,A2
Q41629,A2
Q41630,A2
Q41631,A2
Q41632,A2
Q41633,A2
Q41634,A2
Q41635,A2
Q41636,A2
Q41637,A2
Q41638,A2
Q41639,A2
Q41640,A2
Q41641,A2
Q41642,A2
Q41643,A2
Q41644,A2
Q41645,A2
Q41646,A2
Q41647,A2
Q41648,A2
Q41649,A2
Q41650,A2
Q41651,A2
Q41652,A2
Q41653,A2
Q41654,A2
Q41655,A2
Q41656,A2
Q41657,A2
Q41658,A2
Q41659,A2
Q41660,A2
Q41661,A2
Q41662,A2
Q41663,A2
Q41664,A2
Q41665,A2
Q41666,A2
Q41667,A2
Q41668,A2
Q41669,A2
Q41670,A2
Q41671,A2
Q41672,A2
Q41673,A2
Q41674,A2
Q41675,A2
Q41676,A2
Q41677,A2
Q41678,A2
Q41679,A2
Q41680,A2
Q41681,A2
Q41682,A2
Q41683,A2
Q41684,A2
Q41685,A2
Q41686,A2
Q41687,A2
Q41688,A2
Q41689,A2
Q41690,A2
Q41691,A2
Q41692,A2
Q41693,A2
Q41694,A2
Q41695,A2
Q41696,A2
Q41697,A2
Q41698,A2
Q41699,A2
Q41700,A2
Q41701,A2
Q41702,A2
Q41703,A2
Q41704,A2
Q41705,A2
Q41706,A2
Q41707,A2
Q41708,A2
Q41709,A2
Q41710,A2
Q41711,A2
Q41712,A2
Q41713,A2
Q41714,A2
Q41715,A2
Q41716,A2
Q41717,A2
Q41718,A2
Q41719,A2
Q41720,A2
Q41721,A2
Q41722,A2
Q41723,A2
Q41724,A2
Q41725,A2
Q41726,A2
Q41727,A2
Q41728,A2
Q41729,A2
Q41730,A2
Q41731,A2
Q41732,A2
Q41733,A2
Q41734,A2
Q41735,A2
Q41736,A2
Q41737,A2
Q41738,A2
Q41739,A2
Q41740,A2
Q41741,A2
Q41742,A2
Q41743,A2
Q41744,A2
Q41745,A2
Q41746,A2
Q41747,A2
Q41748,A2
Q41749,A2
Q41750,A2
Q41751,A2
Q41752,A2
Q41753,A2
Q41754,A2
Q41755,A2
Q41756,A2
Q41757,A2
Q41758,A2
Q41759,A2
Q41760,A2
Q41761,A2
Q41762,A2
Q41763,A2
Q41764,A2
Q41765,A2
Q41766,A2
Q41767,A2
Q41768,A2
Q41769,A2
Q41770,A2
Q41771,A2
Q41772,A2
Q41773,A2
Q41774,A2
Q41775,A2
Q41776,A2
Q41777,A2
Q41778,A2
Q41779,A2
Q41780,A2
Q41781,A2
Q41782,A2
Q41783,A2
Q41784,A2
Q41785,A2
Q41786,A2
Q41787,A2
Q41788,A2
Q41789,A2
Q41790,A2
Q41791,A2
Q41792,A2
Q41793,A2
Q41794,A2
Q41795,A2
Q41796,A2
Q41797,A2
Q41798,A2
Q41799,A2
Q41800,A2
Q41801,A2
Q41802,A2
Q41803,A2
Q41804,A2
Q41805,A2
Q41806,A2
Q41807,A2
Q41808,A2
Q41809,A2
Q41810,A2
Q41811,A2
Q41812,A2
Q41813,A2
Q41814,A2
Q41815,A2
Q41816,A2
Q41817,A2
Q41818,A2
Q41819,A2
Q41820,A2
Q41821,A2
Q41822,A2
Q41823,A2
Q41824,A2
Q41825,A2
Q41826,A2
Q41827,A2
Q41828,A2
Q41829,A2
Q41830,A2
Q41831,A2
Q41832,A2
Q41833,A2
Q41834,A2
Q41835,A2
Q41836,A2
Q41837,A2
Q41838,A2
Q41839,A2
Q41840,A2
Q41841,A2
Q41842,A2
Q41843,A2
Q41844,A2
Q41845,A2
Q41846,A2
Q41847,A2
Q41848,A2
Q41849,A2
Q41850,A2
Q41851,A2
Q41852,A2
Q41853,A2
Q41854,A2
Q41855,A2
Q41856,A2
Q41857,A2
Q41858,A2
Q41859,A2
Q41860,A2
Q41861,A2
Q41862,A2
Q41863,A2
Q41864,A2
Q41865,A2
Q41866,A2
Q41867,A2
Q41868,A2
Q41869,A2
Q41870,A2
Q41871,A2
Q41872,A2
Q41873,A2
Q41874,A2
Q41875,A2
Q41876,A2
Q41877,A2
Q41878,A2
Q41879,A2
Q41880,A2
Q41881,A2
Q41882,A2
Q41883,A2
Q41884,A2
Q41885,A2
Q41886,A2
Q41887,A2
Q41888,A2
Q41889,A2
Q41890,A2
Q41891,A2
Q41892,A2
Q41893,A2
Q41894,A2
Q41895,A2
Q41896,A2
Q41897,A2
Q41898,A2
Q41899,A2
Q41900,A2
Q41901,A2
Q41902,A2
Q41903,A2
Q41904,A2
Q41905,A2
Q41906,A2
Q41907,A2
Q41908,A2
Q41909,A2
Q41910,A2
Q41911,A2
Q41912,A2
Q41913,A2
Q41914,A2
Q41915,A2
Q41916,A2
Q41917,A2
Q41918,A2
Q41919,A2
Q41920,A2
Q41921,A2
Q41922,A2
Q41923,A2
Q41924,A2
Q41925,A2
Q41926,A2
Q41927,A2
Q41928,A2
Q41929,A2
Q41930,A2
Q41931,A2
Q41932,A2
Q41933,A2
Q41934,A2
Q41935,A2
Q41936,A2
Q41937,A2
Q41938,A2
Q41939,A2
Q41940,A2
Q41941,A2
Q41942,A2
Q41943,A2
Q41944,A2
Q41945,A2
Q41946,A2
Q41947,A2
Q41948,A2
Q41949,A2
Q41950,A2
Q41951,A2
Q41952,A2
Q41953,A2
Q41954,A2
Q41955,A2
Q41956,A2
Q41957,A2
Q41958,A2
Q41959,A2
Q41960,A2
Q41961,A2
Q41962,A2
Q41963,A2
Q41964,A2
Q41965,A2
Q41966,A2
Q41967,A2
Q41968,A2
Q41969,A2
Q41970,A2
Q41971,A2
Q41972,A2
Q41973,A2
Q41974,A2
Q41975,A2
Q41976,A2
Q41977,A2
Q41978,A2
Q41979,A2
Q41980,A2
Q41981,A2
Q41982,A2
Q41983,A2
Q41984,A2
Q41985,A2
Q41986,A2
Q41987,A2
Q41988,A2
Q41989,A2
Q41990,A2
Q41991,A2
Q41992,A2
Q41993,A2
Q41994,A2
Q41995,A2
Q41996,A2
Q41997,A2
Q41998,A2
Q41999,A2
Q42000,A2
Q42001,A2
Q42002,A2
Q42003,A2
Q42004,A2
Q42005,A2
Q42006,A2
Q42007,A2
Q42008,A2
Q42009,A2
Q42010,A2
Q42011,A2
Q42012,A2
Q42013,A2
Q42014,A2
Q42015,A2
Q42016,A2
Q42017,A2
Q42018,A2
Q42019,A2
Q42020,A2
Q42021,A2
Q42022,A2
Q42023,A2
Q42024,A2
Q42025,A2
Q42026,A2
Q42027,A2
Q42028,A2
Q42029,A2
Q42030,A2
Q42031,A2
Q42032,A2
Q42033,A2
Q42034,A2
Q42035,A2
Q42036,A2
Q42037,A2
Q42038,A2
Q42039,A2
Q42040,A2
Q42041,A2
Q42042,A2
Q42043,A2
Q42044,A2
Q42045,A2
Q42046,A2
Q42047,A2
Q42048,A2
Q42049,A2
Q42050,A2
Q42051,A2
Q42052,A2
Q42053,A2
Q42054,A2
Q42055,A2
Q42056,A2
Q42057,A2
Q42058,A2
Q42059,A2
Q42060,A2
Q42061,A2
Q42062,A2
Q42063,A2
Q42064,A2
Q42065,A2
Q42066,A2
Q42067,A2
Q42068,A2
Q42069,A2
Q42070,A2
Q42071,A2
Q42072,A2
Q42073,A2
Q42074,A2
Q42075,A2
Q42076,A2
Q42077,A2
Q42078,A2
Q42079,A2
Q42080,A2
Q42081,A2
Q42082,A2
Q42083,A2
Q42084,A2
Q42085,A2
Q42086,A2
Q42087,A2
Q42088,A2
Q42089,A2
Q42090,A2
Q42091,A2
Q42092,A2
Q42093,A2
Q42094,A2
Q42095,A2
Q42096,A2
Q42097,A2
Q42098,A2
Q42099,A2
Q42100,A2
Q42101,A2
Q42102,A2
Q42103,A2
Q42104,A2
Q42105,A2
Q42106,A2
Q42107,A2
Q42108,A2
Q42109,A2
Q42110,A2
Q42111,A2
Q42112,A2
Q42113,A2
Q42114,A2
Q42115,A2
Q42116,A2
Q42117,A2
Q42118,A2
Q42119,A2
Q42120,A2
Q42121,A2
Q42122,A2
Q42123,A2
Q42124,A2
Q42125,A2
Q42126,A2
Q42127,A2
Q42128,A2
Q42129,A2
Q42130,A2
Q42131,A2
Q42132,A2
Q42133,A2
Q42134,A2
Q42135,A2
Q42136,A2
Q42137,A2
Q42138,A2
Q42139,A2
Q42140,A2
Q42141,A2
Q42142,A2
Q42143,A2
Q42144,A2
Q42145,A2
Q42146,A2
Q42147,A2
Q42148,A2
Q42149,A2
Q42150,A2
Q42151,A2
Q42152,A2
Q42153,A2
Q42154,A2
Q42155,A2
Q42156,A2
Q42157,A2
Q42158,A2
Q42159,A2
Q42160,A2
Q42161,A2
Q42162,A2
Q42163,A2
Q42164,A2
Q42165,A2
Q42166,A2
Q42167,A2
Q42168,A2
Q42169,A2
Q42170,A2
Q42171,A2
Q42172,A2
Q42173,A2
Q42174,A2
Q42175,A2
Q42176,A2
Q42177,A2
Q42178,A2
Q42179,A2
Q42180,A2
Q42181,A2
Q42182,A2
Q42183,A2
Q42184,A2
Q42185,A2
Q42186,A2
Q42187,A2
Q42188,A2
Q42189,A2
Q42190,A2
Q42191,A2
Q42192,A2
Q42193,A2
Q42194,A2
Q42195,A2
Q42196,A2
Q42197,A2
Q42198,A2
Q42199,A2
Q42200,A2
Q42201,A2
Q42202,A2
Q42203,A2
Q42204,A2
Q42205,A2
Q42206,A2
Q42207,A2
Q42208,A2
Q42209,A2
Q42210,A2
Q42211,A2
Q42212,A2
Q42213,A2
Q42214,A2
Q42215,A2
Q42216,A2
Q42217,A2
Q42218,A2
Q42219,A2
Q42220,A2
Q42221,A2
Q42222,A2
Q42223,A2
Q42224,A2
Q42225,A2
Q42226,A2
Q42227,A2
Q42228,A2
Q42229,A2
Q42230,A2
Q42231,A2
Q42232,A2
Q42233,A2
Q42234,A2
Q42235,A2
Q42236,A2
Q42237,A2
Q42238,A2
Q42239,A2
Q42240,A2
Q42241,A2
Q42242,A2
Q42243,A2
Q42244,A2
Q42245,A2
Q42246,A2
Q42247,A2
Q42248,A2
Q42249,A2
Q42250,A2
Q42251,A2
Q42252,A2
Q42253,A2
Q42254,A2
Q42255,A2
Q42256,A2
Q42257,A2
Q42258,A2
Q42259,A2
Q42260,A2
Q42261,A2
Q42262,A2
Q42263,A2
Q42264,A2
Q42265,A2
Q42266,A2
Q42267,A2
Q42268,A2
Q42269,A2
Q42270,A2
Q42271,A2
Q42272,A2
Q42273,A2
Q42274,A2
Q42275,A2
Q42276,A2
Q42277,A2
Q42278,A2
Q42279,A2
Q42280,A2
Q42281,A2
Q42282,A2
Q42283,A2
Q42284,A2
Q42285,A2
Q42286,A2
Q42287,A2
Q42288,A2
Q42289,A2
Q42290,A2
Q42291,A2
Q42292,A2
Q42293,A2
Q42294,A2
Q42295,A2
Q42296,A2
Q42297,A2
Q42298,A2
Q42299,A2
Q42300,A2
Q42301,A2
Q42302,A2
Q42303,A2
Q42304,A2
Q42305,A2
Q42306,A2
Q42307,A2
Q42308,A2
Q42309,A2
Q42310,A2
Q42311,A2
Q42312,A2
Q42313,A2
Q42314,A2
Q42315,A2
Q42316,A2
Q42317,A2
Q42318,A2
Q42319,A2
Q42320,A2
Q42321,A2
Q42322,A2
Q42323,A2
Q42324,A2
Q42325,A2
Q42326,A2
Q42327,A2
Q42328,A2
Q42329,A2
Q42330,A2
Q42331,A2
Q42332,A2
Q42333,A2
Q42334,A2
Q42335,A2
Q42336,A2
Q42337,A2
Q42338,A2
Q42339,A2
Q42340,A2
Q42341,A2
Q42342,A2
Q42343,A2
Q42344,A2
Q42345,A2
Q42346,A2
Q42347,A2
Q42348,A2
Q42349,A2
Q42350,A2
Q42351,A2
Q42352,A2
Q42353,A2
Q42354,A2
Q42355,A2
Q42356,A2
Q42357,A2
Q42358,A2
Q42359,A2
Q42360,A2
Q42361,A2
Q42362,A2
Q42363,A2
Q42364,A2
Q42365,A2
Q42366,A2
Q42367,A2
Q42368,A2
Q42369,A2
Q42370,A2
Q42371,A2
Q42372,A2
Q42373,A2
Q42374,A2
Q42375,A2
Q42376,A2
Q42377,A2
Q42378,A2
Q42379,A2
Q42380,A2
Q42381,A2
Q42382,A2
Q42383,A2
Q42384,A2
Q42385,A2
Q42386,A2
Q42387,A2
Q42388,A2
Q42389,A2
Q42390,A2
Q42391,A2
Q42392,A2
Q42393,A2
Q42394,A2
Q42395,A2
Q42396,A2
Q42397,A2
Q42398,A2
Q42399,A2
Q42400,A2
Q42401,A2
Q42402,A2
Q42403,A2
Q42404,A2
Q42405,A2
Q42406,A2
Q42407,A2
Q42408,A2
Q42409,A2
Q42410,A2
Q42411,A2
Q42412,A2
Q42413,A2
Q42414,A2
Q42415,A2
Q42416,A2
Q42417,A2
Q42418,A2
Q42419,A2
Q42420,A2
Q42421,A2
Q42422,A2
Q42423,A2
Q42424,A2
Q42425,A2
Q42426,A2
Q42427,A2
Q42428,A2
Q42429,A2
Q42430,A2
Q42431,A2
Q42432,A2
Q42433,A2
Q42434,A2
Q42435,A2
Q42436,A2
Q42437,A2
Q42438,A2
Q42439,A2
Q42440,A2
Q42441,A2
Q42442,A2
Q42443,A2
Q42444,A2
Q42445,A2
Q42446,A2
Q42447,A2
Q42448,A2
Q42449,A2
Q42450,A2
Q42451,A2
Q42452,A2
Q42453,A2
Q42454,A2
Q42455,A2
Q42456,A2
Q42457,A2
Q42458,A2
Q42459,A2
Q42460,A2
Q42461,A2
Q42462,A2
Q42463,A2
Q42464,A2
Q42465,A2
Q42466,A2
Q42467,A2
Q42468,A2
Q42469,A2
Q42470,A2
Q42471,A2
Q42472,A2
Q42473,A2
Q42474,A2
Q42475,A2
Q42476,A2
Q42477,A2
Q42478,A2
Q42479,A2
Q42480,A2
Q42481,A2
Q42482,A2
Q42483,A2
Q42484,A2
Q42485,A2
Q42486,A2
Q42487,A2
Q42488,A2
Q42489,A2
Q42490,A2
Q42491,A2
Q42492,A2
Q42493,A2
Q42494,A2
Q42495,A2
Q42496,A2
Q42497,A2
Q42498,A2
Q42499,A2
Q42500,A2
Q42501,A2
Q42502,A2
Q42503,A2
Q42504,A2
Q42505,A2
Q42506,A2
Q42507,A2
Q42508,A2
Q42509,A2
Q42510,A2
Q42511,A2
Q42512,A2
Q42513,A2
Q42514,A2
Q42515,A2
Q42516,A2
Q42517,A2
Q42518,A2
Q42519,A2
Q42520,A2
Q42521,A2
Q42522,A2
Q42523,A2
Q42524,A2
Q42525,A2
Q42526,A2
Q42527,A2
Q42528,A2
Q42529,A2
Q42530,A2
Q42531,A2
Q42532,A2
Q42533,A2
Q42534,A2
Q42535,A2
Q42536,A2
Q42537,A2
Q42538,A2
Q42539,A2
Q42540,A2
Q42541,A2
Q42542,A2
Q42543,A2
Q42544,A2
Q42545,A2
Q42546,A2
Q42547,A2
Q42548,A2
Q42549,A2
Q42550,A2
Q42551,A2
Q42552,A2
Q42553,A2
Q42554,A2
Q42555,A2
Q42556,A2
Q42557,A2
Q42558,A2
Q42559,A2
Q42560,A2
Q42561,A2
Q42562,A2
Q42563,A2
Q42564,A2
Q42565,A2
Q42566,A2
Q42567,A2
Q42568,A2
Q42569,A2
Q42570,A2
Q42571,A2
Q42572,A2
Q42573,A2
Q42574,A2
Q42575,A2
Q42576,A2
Q42577,A2
Q42578,A2
Q42579,A2
Q42580,A2
Q42581,A2
Q42582,A2
Q42583,A2
Q42584,A2
Q42585,A2
Q42586,A2
Q42587,A2
Q42588,A2
Q42589,A2
Q42590,A2
Q42591,A2
Q42592,A2
Q42593,A2
Q42594,A2
Q42595,A2
Q42596,A2
Q42597,A2
Q42598,A2
Q42599,A2
Q42600,A2
Q42601,A2
Q42602,A2
Q42603,A2
Q42604,A2
Q42605,A2
Q42606,A2
Q42607,A2
Q42608,A2
Q42609,A2
Q42610,A2
Q42611,A2
Q42612,A2
Q42613,A2
Q42614,A2
Q42615,A2
Q42616,A2
Q42617,A2
Q42618,A2
Q42619,A2
Q42620,A2
Q42621,A2
Q42622,A2
Q42623,A2
Q42624,A2
Q42625,A2
Q42626,A2
Q42627,A2
Q42628,A2
Q42629,A2
Q42630,A2
Q42631,A2
Q42632,A2
Q42633,A2
Q42634,A2
Q42635,A2
Q42636,A2
Q42637,A2
Q42638,A2
Q42639,A2
Q42640,A2
Q42641,A2
Q42642,A2
Q42643,A2
Q42644,A2
Q42645,A2
Q42646,A2
Q42647,A2
Q42648,A2
Q42649,A2
Q42650,A2
Q42651,A2
Q42652,A2
Q42653,A2
Q42654,A2
Q42655,A2
Q42656,A2
Q42657,A2
Q42658,A2
Q42659,A2
Q42660,A2
Q42661,A2
Q42662,A2
Q42663,A2
Q42664,A2
Q42665,A2
Q42666,A2
Q42667,A2
Q42668,A2
Q42669,A2
Q42670,A2
Q42671,A2
Q42672,A2
Q42673,A2
Q42674,A2
Q42675,A2
Q42676,A2
Q42677,A2
Q42678,A2
Q42679,A2
Q42680,A2
Q42681,A2
Q42682,A2
Q42683,A2
Q42684,A2
Q42685,A2
Q42686,A2
Q42687,A2
Q42688,A2
Q42689,A2
Q42690,A2
Q42691,A2
Q42692,A2
Q42693,A2
Q42694,A2
Q42695,A2
Q42696,A2
Q42697,A2
Q42698,A2
Q42699,A2
Q42700,A2
Q42701,A2
Q42702,A2
Q42703,A2
Q42704,A2
Q42705,A2
Q42706,A2
Q42707,A2
Q42708,A2
Q42709,A2
Q42710,A2
Q42711,A2
Q42712,A2
Q42713,A2
Q42714,A2
Q42715,A2
Q42716,A2
Q42717,A2
Q42718,A2
Q42719,A2
Q42720,A2
Q42721,A2
Q42722,A2
Q42723,A2
Q42724,A2
Q42725,A2
Q42726,A2
Q42727,A2
Q42728,A2
Q42729,A2
Q42730,A2
Q42731,A2
Q42732,A2
Q42733,A2
Q42734,A2
Q42735,A2
Q42736,A2
Q42737,A2
Q42738,A2
Q42739,A2
Q42740,A2
Q42741,A2
Q42742,A2
Q42743,A2
Q42744,A2
Q42745,A2
Q42746,A2
Q42747,A2
Q42748,A2
Q42749,A2
Q42750,A2
Q42751,A2
Q42752,A2
Q42753,A2
Q42754,A2
Q42755,A2
Q42756,A2
Q42757,A2
Q42758,A2
Q42759,A2
Q42760,A2
Q42761,A2
Q42762,A2
Q42763,A2
Q42764,A2
Q42765,A2
Q42766,A2
Q42767,A2
Q42768,A2
Q42769,A2
Q42770,A2
Q42771,A2
Q42772,A2
Q42773,A2
Q42774,A2
Q42775,A2
Q42776,A2
Q42777,A2
Q42778,A2
Q42779,A2
Q42780,A2
Q42781,A2
Q42782,A2
Q42783,A2
Q42784,A2
Q42785,A2
Q42786,A2
Q42787,A2
Q42788,A2
Q42789,A2
Q42790,A2
Q42791,A2
Q42792,A2
Q42793,A2
Q42794,A2
Q42795,A2
Q42796,A2
Q42797,A2
Q42798,A2
Q42799,A2
Q42800,A2
Q42801,A2
Q42802,A2
Q42803,A2
Q42804,A2
Q42805,A2
Q42806,A2
Q42807,A2
Q42808,A2
Q42809,A2
Q42810,A2
Q42811,A2
Q42812,A2
Q42813,A2
Q42814,A2
Q42815,A2
Q42816,A2
Q42817,A2
Q42818,A2
Q42819,A2
Q42820,A2
Q42821,A2
Q42822,A2
Q42823,A2
Q42824,A2
Q42825,A2
Q42826,A2
Q42827,A2
Q42828,A2
Q42829,A2
Q42830,A2
Q42831,A2
Q42832,A2
Q42833,A2
Q42834,A2
Q42835,A2
Q42836,A2
Q42837,A2
Q42838,A2
Q42839,A2
Q42840,A2
Q42841,A2
Q42842,A2
Q42843,A2
Q42844,A2
Q42845,A2
Q42846,A2
Q42847,A2
Q42848,A2
Q42849,A2
Q42850,A2
Q42851,A2
Q42852,A2
Q42853,A2
Q42854,A2
Q42855,A2
Q42856,A2
Q42857,A2
Q42858,A2
Q42859,A2
Q42860,A2
Q42861,A2
Q42862,A2
Q42863,A2
Q42864,A2
Q42865,A2
Q42866,A2
Q42867,A2
Q42868,A2
Q42869,A2
Q42870,A2
Q42871,A2
Q42872,A2
Q42873,A2
Q42874,A2
Q42875,A2
Q42876,A2
Q42877,A2
Q42878,A2
Q42879,A2
Q42880,A2
Q42881,A2
Q42882,A2
Q42883,A2
Q42884,A2
Q42885,A2
Q42886,A2
Q42887,A2
Q42888,A2
Q42889,A2
Q42890,A2
Q42891,A2
Q42892,A2
Q42893,A2
Q42894,A2
Q42895,A2
Q42896,A2
Q42897,A2
Q42898,A2
Q42899,A2
Q42900,A2
Q42901,A2
Q42902,A2
Q42903,A2
Q42904,A2
Q42905,A2
Q42906,A2
Q42907,A2
Q42908,A2
Q42909,A2
Q42910,A2
Q42911,A2
Q42912,A2
Q42913,A2
Q42914,A2
Q42915,A2
Q42916,A2
Q42917,A2
Q42918,A2
Q42919,A2
Q42920,A2
Q42921,A2
Q42922,A2
Q42923,A2
Q42924,A2
Q42925,A2
Q42926,A2
Q42927,A2
Q42928,A2
Q42929,A2
Q42930,A2
Q42931,A2
Q42932,A2
Q42933,A2
Q42934,A2
Q42935,A2
Q42936,A2
Q42937,A2
Q42938,A2
Q42939,A2
Q42940,A2
Q42941,A2
Q42942,A2
Q42943,A2
Q42944,A2
Q42945,A2
Q42946,A2
Q42947,A2
Q42948,A2
Q42949,A2
Q42950,A2
Q42951,A2
Q42952,A2
Q42953,A2
Q42954,A2
Q42955,A2
Q42956,A2
Q42957,A2
Q42958,A2
Q42959,A2
Q42960,A2
Q42961,A2
Q42962,A2
Q42963,A2
Q42964,A2
Q42965,A2
Q42966,A2
Q42967,A2
Q42968,A2
Q42969,A2
Q42970,A2
Q42971,A2
Q42972,A2
Q42973,A2
Q42974,A2
Q42975,A2
Q42976,A2
Q42977,A2
Q42978,A2
Q42979,A2
Q42980,A2
Q42981,A2
Q42982,A2
Q42983,A2
Q42984,A2
Q42985,A2
Q42986,A2
Q42987,A2
Q42988,A2
Q42989,A2
Q42990,A2
Q42991,A2
Q42992,A2
Q42993,A2
Q42994,A2
Q42995,A2
Q42996,A2
Q42997,A2
Q42998,A2
Q42999,A2
Q43000,A2
Q43001,A2
Q43002,A2
Q43003,A2
Q43004,A2
Q43005,A2
Q43006,A2
Q43007,A2
Q43008,A2
Q43009,A2
Q43010,A2
Q43011,A2
Q43012,A2
Q43013,A2
Q43014,A2
Q43015,A2
Q43016,A2
Q43017,A2
Q43018,A2
Q43019,A2
Q43020,A2
Q43021,A2
Q43022,A2
Q43023,A2
Q43024,A2
Q43025,A2
Q43026,A2
Q43027,A2
Q43028,A2
Q43029,A2
Q43030,A2
Q43031,A2
Q43032,A2
Q43033,A2
Q43034,A2
Q43035,A2
Q43036,A2
Q43037,A2
Q43038,A2
Q43039,A2
Q43040,A2
Q43041,A2
Q43042,A2
Q43043,A2
Q43044,A2
Q43045,A2
Q43046,A2
Q43047,A2
Q43048,A2
Q43049,A2
Q43050,A2
Q43051,A2
Q43052,A2
Q43053,A2
Q43054,A2
Q43055,A2
Q43056,A2
Q43057,A2
Q43058,A2
Q43059,A2
Q43060,A2
Q43061,A2
Q43062,A2
Q43063,A2
Q43064,A2
Q43065,A2
Q43066,A2
Q43067,A2
Q43068,A2
Q43069,A2
Q43070,A2
Q43071,A2
Q43072,A2
Q43073,A2
Q43074,A2
Q43075,A2
Q43076,A2
Q43077,A2
Q43078,A2
Q43079,A2
Q43080,A2
Q43081,A2
Q43082,A2
Q43083,A2
Q43084,A2
Q43085,A2
Q43086,A2
Q43087,A2
Q43088,A2
Q43089,A2
Q43090,A2
Q43091,A2
Q43092,A2
Q43093,A2
Q43094,A2
Q43095,A2
Q43096,A2
Q43097,A2
Q43098,A2
Q43099,A2
Q43100,A2
Q43101,A2
Q43102,A2
Q43103,A2
Q43104,A2
Q43105,A2
Q43106,A2
Q43107,A2
Q43108,A2
Q43109,A2
Q43110,A2
Q43111,A2
Q43112,A2
Q43113,A2
Q43114,A2
Q43115,A2
Q43116,A2
Q43117,A2
Q43118,A2
Q43119,A2
Q43120,A2
Q43121,A2
Q43122,A2
Q43123,A2
Q43124,A2
Q43125,A2
Q43126,A2
Q43127,A2
Q43128,A2
Q43129,A2
Q43130,A2
Q43131,A2
Q43132,A2
Q43133,A2
Q43134,A2
Q43135,A2
Q43136,A2
Q43137,A2
Q43138,A2
Q43139,A2
Q43140,A2
Q43141,A2
Q43142,A2
Q43143,A2
Q43144,A2
Q43145,A2
Q43146,A2
Q43147,A2
Q43148,A2
Q43149,A2
Q43150,A2
Q43151,A2
Q43152,A2
Q43153,A2
Q43154,A2
Q43155,A2
Q43156,A2
Q43157,A2
Q43158,A2
Q43159,A2
Q43160,A2
Q43161,A2
Q43162,A2
Q43163,A2
Q43164,A2
Q43165,A2
Q43166,A2
Q43167,A2
Q43168,A2
Q43169,A2
Q43170,A2
Q43171,A2
Q43172,A2
Q43173,A2
Q43174,A2
Q43175,A2
Q43176,A2
Q43177,A2
Q43178,A2
Q43179,A2
Q43180,A2
Q43181,A2
Q43182,A2
Q43183,A2
Q43184,A2
Q43185,A2
Q43186,A2
Q43187,A2
Q43188,A2
Q43189,A2
Q43190,A2
Q43191,A2
Q43192,A2
Q43193,A2
Q43194,A2
Q43195,A2
Q43196,A2
Q43197,A2
Q43198,A2
Q43199,A2
Q43200,A2
Q43201,A2
Q43202,A2
Q43203,A2
Q43204,A2
Q43205,A2
Q43206,A2
Q43207,A2
Q43208,A2
Q43209,A2
Q43210,A2
Q43211,A2
Q43212,A2
Q43213,A2
Q43214,A2
Q43215,A2
Q43216,A2
Q43217,A2
Q43218,A2
Q43219,A2
Q43220,A2
Q43221,A2
Q43222,A2
Q43223,A2
Q43224,A2
Q43225,A2
Q43226,A2
Q43227,A2
Q43228,A2
Q43229,A2
Q43230,A2
Q43231,A2
Q43232,A2
Q43233,A2
Q43234,A2
Q43235,A2
Q43236,A2
Q43237,A2
Q43238,A2
Q43239,A2
Q43240,A2
Q43241,A2
Q43242,A2
Q43243,A2
Q43244,A2
Q43245,A2
Q43246,A2
Q43247,A2
Q43248,A2
Q43249,A2
Q43250,A2
Q43251,A2
Q43252,A2
Q43253,A2
Q43254,A2
Q43255,A2
Q43256,A2
Q43257,A2
Q43258,A2
Q43259,A2
Q43260,A2
Q43261,A2
Q43262,A2
Q43263,A2
Q43264,A2
Q43265,A2
Q43266,A2
Q43267,A2
Q43268,A2
Q43269,A2
Q43270,A2
Q43271,A2
Q43272,A2
Q43273,A2
Q43274,A2
Q43275,A2
Q43276,A2
Q43277,A2
Q43278,A2
Q43279,A2
Q43280,A2
Q43281,A2
Q43282,A2
Q43283,A2
Q43284,A2
Q43285,A2
Q43286,A2
Q43287,A2
Q43288,A2
Q43289,A2
Q43290,A2
Q43291,A2
Q43292,A2
Q43293,A2
Q43294,A2
Q43295,A2
Q43296,A2
Q43297,A2
Q43298,A2
Q43299,A2
Q43300,A2
Q43301,A2
Q43302,A2
Q43303,A2
Q43304,A2
Q43305,A2
Q43306,A2
Q43307,A2
Q43308,A2
Q43309,A2
Q43310,A2
Q43311,A2
Q43312,A2
Q43313,A2
Q43314,A2
Q43315,A2
Q43316,A2
Q43317,A2
Q43318,A2
Q43319,A2
Q43320,A2
Q43321,A2
Q43322,A2
Q43323,A2
Q43324,A2
Q43325,A2
Q43326,A2
Q43327,A2
Q43328,A2
Q43329,A2
Q43330,A2
Q43331,A2
Q43332,A2
Q43333,A2
Q43334,A2
Q43335,A2
Q43336,A2
Q43337,A2
Q43338,A2
Q43339,A2
Q43340,A2
Q43341,A2
Q43342,A2
Q43343,A2
Q43344,A2
Q43345,A2
Q43346,A2
Q43347,A2
Q43348,A2
Q43349,A2
Q43350,A2
Q43351,A2
Q43352,A2
Q43353,A2
Q43354,A2
Q43355,A2
Q43356,A2
Q43357,A2
Q43358,A2
Q43359,A2
Q43360,A2
Q43361,A2
Q43362,A2
Q43363,A2
Q43364,A2
Q43365,A2
Q43366,A2
Q43367,A2
Q43368,A2
Q43369,A2
Q43370,A2
Q43371,A2
Q43372,A2
Q43373,A2
Q43374,A2
Q43375,A2
Q43376,A2
Q43377,A2
Q43378,A2
Q43379,A2
Q43380,A2
Q43381,A2
Q43382,A2
Q43383,A2
Q43384,A2
Q43385,A2
Q43386,A2
Q43387,A2
Q43388,A2
Q43389,A2
Q43390,A2
Q43391,A2
Q43392,A2
Q43393,A2
Q43394,A2
Q43395,A2
Q43396,A2
Q43397,A2
Q43398,A2
Q43399,A2
Q43400,A2
Q43401,A2
Q43402,A2
Q43403,A2
Q43404,A2
Q43405,A2
Q43406,A2
Q43407,A2
Q43408,A2
Q43409,A2
Q43410,A2
Q43411,A2
Q43412,A2
Q43413,A2
Q43414,A2
Q43415,A2
Q43416,A2
Q43417,A2
Q43418,A2
Q43419,A2
Q43420,A2
Q43421,A2
Q43422,A2
Q43423,A2
Q43424,A2
Q43425,A2
Q43426,A2
Q43427,A2
Q43428,A2
Q43429,A2
Q43430,A2
Q43431,A2
Q43432,A2
Q43433,A2
Q43434,A2
Q43435,A2
Q43436,A2
Q43437,A2
Q43438,A2
Q43439,A2
Q43440,A2
Q43441,A2
Q43442,A2
Q43443,A2
Q43444,A2
Q43445,A2
Q43446,A2
Q43447,A2
Q43448,A2
Q43449,A2
Q43450,A2
Q43451,A2
Q43452,A2
Q43453,A2
Q43454,A2
Q43455,A2
Q43456,A2
Q43457,A2
Q43458,A2
Q43459,A2
Q43460,A2
Q43461,A2
Q43462,A2
Q43463,A2
Q43464,A2
Q43465,A2
Q43466,A2
Q43467,A2
Q43468,A2
Q43469,A2
Q43470,A2
Q43471,A2
Q43472,A2
Q43473,A2
Q43474,A2
Q43475,A2
Q43476,A2
Q43477,A2
Q43478,A2
Q43479,A2
Q43480,A2
Q43481,A2
Q43482,A2
Q43483,A2
Q43484,A2
Q43485,A2
Q43486,A2
Q43487,A2
Q43488,A2
Q43489,A2
Q43490,A2
Q43491,A2
Q43492,A2
Q43493,A2
Q43494,A2
Q43495,A2
Q43496,A2
Q43497,A2
Q43498,A2
Q43499,A2
Q43500,A2
Q43501,A2
Q43502,A2
Q43503,A2
Q43504,A2
Q43505,A2
Q43506,A2
Q43507,A2
Q43508,A2
Q43509,A2
Q43510,A2
Q43511,A2
Q43512,A2
Q43513,A2
Q43514,A2
Q43515,A2
Q43516,A2
Q43517,A2
Q43518,A2
Q43519,A2
Q43520,A2
Q43521,A2
Q43522,A2
Q43523,A2
Q43524,A2
Q43525,A2
Q43526,A2
Q43527,A2
Q43528,A2
Q43529,A2
Q43530,A2
Q43531,A2
Q43532,A2
Q43533,A2
Q43534,A2
Q43535,A2
Q43536,A2
Q43537,A2
Q43538,A2
Q43539,A2
Q43540,A2
Q43541,A2
Q43542,A2
Q43543,A2
Q43544,A2
Q43545,A2
Q43546,A2
Q43547,A2
Q43548,A2
Q43549,A2
Q43550,A2
Q43551,A2
Q43552,A2
Q43553,A2
Q43554,A2
Q43555,A2
Q43556,A2
Q43557,A2
Q43558,A2
Q43559,A2
Q43560,A2
Q43561,A2
Q43562,A2
Q43563,A2
Q43564,A2
Q43565,A2
Q43566,A2
Q43567,A2
Q43568,A2
Q43569,A2
Q43570,A2
Q43571,A2
Q43572,A2
Q43573,A2
Q43574,A2
Q43575,A2
Q43576,A2
Q43577,A2
Q43578,A2
Q43579,A2
Q43580,A2
Q43581,A2
Q43582,A2
Q43583,A2
Q43584,A2
Q43585,A2
Q43586,A2
Q43587,A2
Q43588,A2
Q43589,A2
Q43590,A2
Q43591,A2
Q43592,A2
Q43593,A2
Q43594,A2
Q43595,A2
Q43596,A2
Q43597,A2
Q43598,A2
Q43599,A2
Q43600,A2
Q43601,A2
Q43602,A2
Q43603,A2
Q43604,A2
Q43605,A2
Q43606,A2
Q43607,A2
Q43608,A2
Q43609,A2
Q43610,A2
Q43611,A2
Q43612,A2
Q43613,A2
Q43614,A2
Q43615,A2
Q43616,A2
Q43617,A2
Q43618,A2
Q43619,A2
Q43620,A2
Q43621,A2
Q43622,A2
Q43623,A2
Q43624,A2
Q43625,A2
Q43626,A2
Q43627,A2
Q43628,A2
Q43629,A2
Q43630,A2
Q43631,A2
Q43632,A2
Q43633,A2
Q43634,A2
Q43635,A2
Q43636,A2
Q43637,A2
Q43638,A2
Q43639,A2
Q43640,A2
Q43641,A2
Q43642,A2
Q43643,A2
Q43644,A2
Q43645,A2
Q43646,A2
Q43647,A2
Q43648,A2
Q43649,A2
Q43650,A2
Q43651,A2
Q43652,A2
Q43653,A2
Q43654,A2
Q43655,A2
Q43656,A2
Q43657,A2
Q43658,A2
Q43659,A2
Q43660,A2
Q43661,A2
Q43662,A2
Q43663,A2
Q43664,A2
Q43665,A2
Q43666,A2
Q43667,A2
Q43668,A2
Q43669,A2
Q43670,A2
Q43671,A2
Q43672,A2
Q43673,A2
Q43674,A2
Q43675,A2
Q43676,A2
Q43677,A2
Q43678,A2
Q43679,A2
Q43680,A2
Q43681,A2
Q43682,A2
Q43683,A2
Q43684,A2
Q43685,A2
Q43686,A2
Q43687,A2
Q43688,A2
Q43689,A2
Q43690,A2
Q43691,A2
Q43692,A2
Q43693,A2
Q43694,A2
Q43695,A2
Q43696,A2
Q43697,A2
Q43698,A2
Q43699,A2
Q43700,A2
Q43701,A2
Q43702,A2
Q43703,A2
Q43704,A2
Q43705,A2
Q43706,A2
Q43707,A2
Q43708,A2
Q43709,A2
Q43710,A2
Q43711,A2
Q43712,A2
Q43713,A2
Q43714,A2
Q43715,A2
Q43716,A2
Q43717,A2
Q43718,A2
Q43719,A2
Q43720,A2
Q43721,A2
Q43722,A2
Q43723,A2
Q43724,A2
Q43725,A2
Q43726,A2
Q43727,A2
Q43728,A2
Q43729,A2
Q43730,A2
Q43731,A2
Q43732,A2
Q43733,A2
Q43734,A2
Q43735,A2
Q43736,A2
Q43737,A2
Q43738,A2
Q43739,A2
Q43740,A2
Q43741,A2
Q43742,A2
Q43743,A2
Q43744,A2
Q43745,A2
Q43746,A2
Q43747,A2
Q43748,A2
Q43749,A2
Q43750,A2
Q43751,A2
Q43752,A2
Q43753,A2
Q43754,A2
Q43755,A2
Q43756,A2
Q43757,A2
Q43758,A2
Q43759,A2
Q43760,A2
Q43761,A2
Q43762,A2
Q43763,A2
Q43764,A2
Q43765,A2
Q43766,A2
Q43767,A2
Q43768,A2
Q43769,A2
Q43770,A2
Q43771,A2
Q43772,A2
Q43773,A2
Q43774,A2
Q43775,A2
Q43776,A2
Q43777,A2
Q43778,A2
Q43779,A2
Q43780,A2
Q43781,A2
Q43782,A2
Q43783,A2
Q43784,A2
Q43785,A2
Q43786,A2
Q43787,A2
Q43788,A2
Q43789,A2
Q43790,A2
Q43791,A2
Q43792,A2
Q43793,A2
Q43794,A2
Q43795,A2
Q43796,A2
Q43797,A2
Q43798,A2
Q43799,A2
Q43800,A2
Q43801,A2
Q43802,A2
Q43803,A2
Q43804,A2
Q43805,A2
Q43806,A2
Q43807,A2
Q43808,A2
Q43809,A2
Q43810,A2
Q43811,A2
Q43812,A2
Q43813,A2
Q43814,A2
Q43815,A2
Q43816,A2
Q43817,A2
Q43818,A2
Q43819,A2
Q43820,A2
Q43821,A2
Q43822,A2
Q43823,A2
Q43824,A2
Q43825,A2
Q43826,A2
Q43827,A2
Q43828,A2
Q43829,A2
Q43830,A2
Q43831,A2
Q43832,A2
Q43833,A2
Q43834,A2
Q43835,A2
Q43836,A2
Q43837,A2
Q43838,A2
Q43839,A2
Q43840,A2
Q43841,A2
Q43842,A2
Q43843,A2
Q43844,A2
Q43845,A2
Q43846,A2
Q43847,A2
Q43848,A2
Q43849,A2
Q43850,A2
Q43851,A2
Q43852,A2
Q43853,A2
Q43854,A2
Q43855,A2
Q43856,A2
Q43857,A2
Q43858,A2
Q43859,A2
Q43860,A2
Q43861,A2
Q43862,A2
Q43863,A2
Q43864,A2
Q43865,A2
Q43866,A2
Q43867,A2
Q43868,A2
Q43869,A2
Q43870,A2
Q43871,A2
Q43872,A2
Q43873,A2
Q43874,A2
Q43875,A2
Q43876,A2
Q43877,A2
Q43878,A2
Q43879,A2
Q43880,A2
Q43881,A2
Q43882,A2
Q43883,A2
Q43884,A2
Q43885,A2
Q43886,A2
Q43887,A2
Q43888,A2
Q43889,A2
Q43890,A2
Q43891,A2
Q43892,A2
Q43893,A2
Q43894,A2
Q43895,A2
Q43896,A2
Q43897,A2
Q43898,A2
Q43899,A2
Q43900,A2
Q43901,A2
Q43902,A2
Q43903,A2
Q43904,A2
Q43905,A2
Q43906,A2
Q43907,A2
Q43908,A2
Q43909,A2
Q43910,A2
Q43911,A2
Q43912,A2
Q43913,A2
Q43914,A2
Q43915,A2
Q43916,A2
Q43917,A2
Q43918,A2
Q43919,A2
Q43920,A2
Q43921,A2
Q43922,A2
Q43923,A2
Q43924,A2
Q43925,A2
Q43926,A2
Q43927,A2
Q43928,A2
Q43929,A2
Q43930,A2
Q43931,A2
Q43932,A2
Q43933,A2
Q43934,A2
Q43935,A2
Q43936,A2
Q43937,A2
Q43938,A2
Q43939,A2
Q43940,A2
Q43941,A2
Q43942,A2
Q43943,A2
Q43944,A2
Q43945,A2
Q43946,A2
Q43947,A2
Q43948,A2
Q43949,A2
Q43950,A2
Q43951,A2
Q43952,A2
Q43953,A2
Q43954,A2
Q43955,A2
Q43956,A2
Q43957,A2
Q43958,A2
Q43959,A2
Q43960,A2
Q43961,A2
Q43962,A2
Q43963,A2
Q43964,A2
Q43965,A2
Q43966,A2
Q43967,A2
Q43968,A2
Q43969,A2
Q43970,A2
Q43971,A2
Q43972,A2
Q43973,A2
Q43974,A2
Q43975,A2
Q43976,A2
Q43977,A2
Q43978,A2
Q43979,A2
Q43980,A2
Q43981,A2
Q43982,A2
Q43983,A2
Q43984,A2
Q43985,A2
Q43986,A2
Q43987,A2
Q43988,A2
Q43989,A2
Q43990,A2
Q43991,A2
Q43992,A2
Q43993,A2
Q43994,A2
Q43995,A2
Q43996,A2
Q43997,A2
Q43998,A2
Q43999,A2
Q44000,A2
Q44001,A2
Q44002,A2
Q44003,A2
Q44004,A2
Q44005,A2
Q44006,A2
Q44007,A2
Q44008,A2
Q44009,A2
Q44010,A2
Q44011,A2
Q44012,A2
Q44013,A2
Q44014,A2
Q44015,A2
Q44016,A2
Q44017,A2
Q44018,A2
Q44019,A2
Q44020,A2
Q44021,A2
Q44022,A2
Q44023,A2
Q44024,A2
Q44025,A2
Q44026,A2
Q44027,A2
Q44028,A2
Q44029,A2
Q44030,A2
Q44031,A2
Q44032,A2
Q44033,A2
Q44034,A2
Q44035,A2
Q44036,A2
Q44037,A2
Q44038,A2
Q44039,A2
Q44040,A2
Q44041,A2
Q44042,A2
Q44043,A2
Q44044,A2
Q44045,A2
Q44046,A2
Q44047,A2
Q44048,A2
Q44049,A2
Q44050,A2
Q44051,A2
Q44052,A2
Q44053,A2
Q44054,A2
Q44055,A2
Q44056,A2
Q44057,A2
Q44058,A2
Q44059,A2
Q44060,A2
Q44061,A2
Q44062,A2
Q44063,A2
Q44064,A2
Q44065,A2
Q44066,A2
Q44067,A2
Q44068,A2
Q44069,A2
Q44070,A2
Q44071,A2
Q44072,A2
Q44073,A2
Q44074,A2
Q44075,A2
Q44076,A2
Q44077,A2
Q44078,A2
Q44079,A2
Q44080,A2
Q44081,A2
Q44082,A2
Q44083,A2
Q44084,A2
Q44085,A2
Q44086,A2
Q44087,A2
Q44088,A2
Q44089,A2
Q44090,A2
Q44091,A2
Q44092,A2
Q44093,A2
Q44094,A2
Q44095,A2
Q44096,A2
Q44097,A2
Q44098,A2
Q44099,A2
Q44100,A2
Q44101,A2
Q44102,A2
Q44103,A2
Q44104,A2
Q44105,A2
Q44106,A2
Q44107,A2
Q44108,A2
Q44109,A2
Q44110,A2
Q44111,A2
Q44112,A2
Q44113,A2
Q44114,A2
Q44115,A2
Q44116,A2
Q44117,A2
Q44118,A2
Q44119,A2
Q44120,A2
Q44121,A2
Q44122,A2
Q44123,A2
Q44124,A2
Q44125,A2
Q44126,A2
Q44127,A2
Q44128,A2
Q44129,A2
Q44130,A2
Q44131,A2
Q44132,A2
Q44133,A2
Q44134,A2
Q44135,A2
Q44136,A2
Q44137,A2
Q44138,A2
Q44139,A2
Q44140,A2
Q44141,A2
Q44142,A2
Q44143,A2
Q44144,A2
Q44145,A2
Q44146,A2
Q44147,A2
Q44148,A2
Q44149,A2
Q44150,A2
Q44151,A2
Q44152,A2
Q44153,A2
Q44154,A2
Q44155,A2
Q44156,A2
Q44157,A2
Q44158,A2
Q44159,A2
Q44160,A2
Q44161,A2
Q44162,A2
Q44163,A2
Q44164,A2
Q44165,A2
Q44166,A2
Q44167,A2
Q44168,A2
Q44169,A2
Q44170,A2
Q44171,A2
Q44172,A2
Q44173,A2
Q44174,A2
Q44175,A2
Q44176,A2
Q44177,A2
Q44178,A2
Q44179,A2
Q44180,A2
Q44181,A2
Q44182,A2
Q44183,A2
Q44184,A2
Q44185,A2
Q44186,A2
Q44187,A2
Q44188,A2
Q44189,A2
Q44190,A2
Q44191,A2
Q44192,A2
Q44193,A2
Q44194,A2
Q44195,A2
Q44196,A2
Q44197,A2
Q44198,A2
Q44199,A2
Q44200,A2
Q44201,A2
Q44202,A2
Q44203,A2
Q44204,A2
Q44205,A2
Q44206,A2
Q44207,A2
Q44208,A2
Q44209,A2
Q44210,A2
Q44211,A2
Q44212,A2
Q44213,A2
Q44214,A2
Q44215,A2
Q44216,A2
Q44217,A2
Q44218,A2
Q44219,A2
Q44220,A2
Q44221,A2
Q44222,A2
Q44223,A2
Q44224,A2
Q44225,A2
Q44226,A2
Q44227,A2
Q44228,A2
Q44229,A2
Q44230,A2
Q44231,A2
Q44232,A2
Q44233,A2
Q44234,A2
Q44235,A2
Q44236,A2
Q44237,A2
Q44238,A2
Q44239,A2
Q44240,A2
Q44241,A2
Q44242,A2
Q44243,A2
Q44244,A2
Q44245,A2
Q44246,A2
Q44247,A2
Q44248,A2
Q44249,A2
Q44250,A2
Q44251,A2
Q44252,A2
Q44253,A2
Q44254,A2
Q44255,A2
Q44256,A2
Q44257,A2
Q44258,A2
Q44259,A2
Q44260,A2
Q44261,A2
Q44262,A2
Q44263,A2
Q44264,A2
Q44265,A2
Q44266,A2
Q44267,A2
Q44268,A2
Q44269,A2
Q44270,A2
Q44271,A2
Q44272,A2
Q44273,A2
Q44274,A2
Q44275,A2
Q44276,A2
Q44277,A2
Q44278,A2
Q44279,A2
Q44280,A2
Q44281,A2
Q44282,A2
Q44283,A2
Q44284,A2
Q44285,A2
Q44286,A2
Q44287,A2
Q44288,A2
Q44289,A2
Q44290,A2
Q44291,A2
Q44292,A2
Q44293,A2
Q44294,A2
Q44295,A2
Q44296,A2
Q44297,A2
Q44298,A2
Q44299,A2
Q44300,A2
Q44301,A2
Q44302,A2
Q44303,A2
Q44304,A2
Q44305,A2
Q44306,A2
Q44307,A2
Q44308,A2
Q44309,A2
Q44310,A2
Q44311,A2
Q44312,A2
Q44313,A2
Q44314,A2
Q44315,A2
Q44316,A2
Q44317,A2
Q44318,A2
Q44319,A2
Q44320,A2
Q44321,A2
Q44322,A2
Q44323,A2
Q44324,A2
Q44325,A2
Q44326,A2
Q44327,A2
Q44328,A2
Q44329,A2
Q44330,A2
Q44331,A2
Q44332,A2
Q44333,A2
Q44334,A2
Q44335,A2
Q44336,A2
Q44337,A2
Q44338,A2
Q44339,A2
Q44340,A2
Q44341,A2
Q44342,A2
Q44343,A2
Q44344,A2
Q44345,A2
Q44346,A2
Q44347,A2
Q44348,A2
Q44349,A2
Q44350,A2
Q44351,A2
Q44352,A2
Q44353,A2
Q44354,A2
Q44355,A2
Q44356,A2
Q44357,A2
Q44358,A2
Q44359,A2
Q44360,A2
Q44361,A2
Q44362,A2
Q44363,A2
Q44364,A2
Q44365,A2
Q44366,A2
Q44367,A2
Q44368,A2
Q44369,A2
Q44370,A2
Q44371,A2
Q44372,A2
Q44373,A2
Q44374,A2
Q44375,A2
Q44376,A2
Q44377,A2
Q44378,A2
Q44379,A2
Q44380,A2
Q44381,A2
Q44382,A2
Q44383,A2
Q44384,A2
Q44385,A2
Q44386,A2
Q44387,A2
Q44388,A2
Q44389,A2
Q44390,A2
Q44391,A2
Q44392,A2
Q44393,A2
Q44394,A2
Q44395,A2
Q44396,A2
Q44397,A2
Q44398,A2
Q44399,A2
Q44400,A2
Q44401,A2
Q44402,A2
Q44403,A2
Q44404,A2
Q44405,A2
Q44406,A2
Q44407,A2
Q44408,A2
Q44409,A2
Q44410,A2
Q44411,A2
Q44412,A2
Q44413,A2
Q44414,A2
Q44415,A2
Q44416,A2
Q44417,A2
Q44418,A2
Q44419,A2
Q44420,A2
Q44421,A2
Q44422,A2
Q44423,A2
Q44424,A2
Q44425,A2
Q44426,A2
Q44427,A2
Q44428,A2
Q44429,A2
Q44430,A2
Q44431,A2
Q44432,A2
Q44433,A2
Q44434,A2
Q44435,A2
Q44436,A2
Q44437,A2
Q44438,A2
Q44439,A2
Q44440,A2
Q44441,A2
Q44442,A2
Q44443,A2
Q44444,A2
Q44445,A2
Q44446,A2
Q44447,A2
Q44448,A2
Q44449,A2
Q44450,A2
Q44451,A2
Q44452,A2
Q44453,A2
Q44454,A2
Q44455,A2
Q44456,A2
Q44457,A2
Q44458,A2
Q44459,A2
Q44460,A2
Q44461,A2
Q44462,A2
Q44463,A2
Q44464,A2
Q44465,A2
Q44466,A2
Q44467,A2
Q44468,A2
Q44469,A2
Q44470,A2
Q44471,A2
Q44472,A2
Q44473,A2
Q44474,A2
Q44475,A2
Q44476,A2
Q44477,A2
Q44478,A2
Q44479,A2
Q44480,A2
Q44481,A2
Q44482,A2
Q44483,A2
Q44484,A2
Q44485,A2
Q44486,A2
Q44487,A2
Q44488,A2
Q44489,A2
Q44490,A2
Q44491,A2
Q44492,A2
Q44493,A2
Q44494,A2
Q44495,A2
Q44496,A2
Q44497,A2
Q44498,A2
Q44499,A2
Q44500,A2
Q44501,A2
Q44502,A2
Q44503,A2
Q44504,A2
Q44505,A2
Q44506,A2
Q44507,A2
Q44508,A2
Q44509,A2
Q44510,A2
Q44511,A2
Q44512,A2
Q44513,A2
Q44514,A2
Q44515,A2
Q44516,A2
Q44517,A2
Q44518,A2
Q44519,A2
Q44520,A2
Q44521,A2
Q44522,A2
Q44523,A2
Q44524,A2
Q44525,A2
Q44526,A2
Q44527,A2
Q44528,A2
Q44529,A2
Q44530,A2
Q44531,A2
Q44532,A2
Q44533,A2
Q44534,A2
Q44535,A2
Q44536,A2
Q44537,A2
Q44538,A2
Q44539,A2
Q44540,A2
Q44541,A2
Q44542,A2
Q44543,A2
Q44544,A2
Q44545,A2
Q44546,A2
Q44547,A2
Q44548,A2
Q44549,A2
Q44550,A2
Q44551,A2
Q44552,A2
Q44553,A2
Q44554,A2
Q44555,A2
Q44556,A2
Q44557,A2
Q44558,A2
Q44559,A2
Q44560,A2
Q44561,A2
Q44562,A2
Q44563,A2
Q44564,A2
Q44565,A2
Q44566,A2
Q44567,A2
Q44568,A2
Q44569,A2
Q44570,A2
Q44571,A2
Q44572,A2
Q44573,A2
Q44574,A2
Q44575,A2
Q44576,A2
Q44577,A2
Q44578,A2
Q44579,A2
Q44580,A2
Q44581,A2
Q44582,A2
Q44583,A2
Q44584,A2
Q44585,A2
Q44586,A2
Q44587,A2
Q44588,A2
Q44589,A2
Q44590,A2
Q44591,A2
Q44592,A2
Q44593,A2
Q44594,A2
Q44595,A2
Q44596,A2
Q44597,A2
Q44598,A2
Q44599,A2
Q44600,A2
Q44601,A2
Q44602,A2
Q44603,A2
Q44604,A2
Q44605,A2
Q44606,A2
Q44607,A2
Q44608,A2
Q44609,A2
Q44610,A2
Q44611,A2
Q44612,A2
Q44613,A2
Q44614,A2
Q44615,A2
Q44616,A2
Q44617,A2
Q44618,A2
Q44619,A2
Q44620,A2
Q44621,A2
Q44622,A2
Q44623,A2
Q44624,A2
Q44625,A2
Q44626,A2
Q44627,A2
Q44628,A2
Q44629,A2
Q44630,A2
Q44631,A2
Q44632,A2
Q44633,A2
Q44634,A2
Q44635,A2
Q44636,A2
Q44637,A2
Q44638,A2
Q44639,A2
Q44640,A2
Q44641,A2
Q44642,A2
Q44643,A2
Q44644,A2
Q44645,A2
Q44646,A2
Q44647,A2
Q44648,A2
Q44649,A2
Q44650,A2
Q44651,A2
Q44652,A2
Q44653,A2
Q44654,A2
Q44655,A2
Q44656,A2
Q44657,A2
Q44658,A2
Q44659,A2
Q44660,A2
Q44661,A2
Q44662,A2
Q44663,A2
Q44664,A2
Q44665,A2
Q44666,A2
Q44667,A2
Q44668,A2
Q44669,A2
Q44670,A2
Q44671,A2
Q44672,A2
Q44673,A2
Q44674,A2
Q44675,A2
Q44676,A2
Q44677,A2
Q44678,A2
Q44679,A2
Q44680,A2
Q44681,A2
Q44682,A2
Q44683,A2
Q44684,A2
Q44685,A2
Q44686,A2
Q44687,A2
Q44688,A2
Q44689,A2
Q44690,A2
Q44691,A2
Q44692,A2
Q44693,A2
Q44694,A2
Q44695,A2
Q44696,A2
Q44697,A2
Q44698,A2
Q44699,A2
Q44700,A2
Q44701,A2
Q44702,A2
Q44703,A2
Q44704,A2
Q44705,A2
Q44706,A2
Q44707,A2
Q44708,A2
Q44709,A2
Q44710,A2
Q44711,A2
Q44712,A2
Q44713,A2
Q44714,A2
Q44715,A2
Q44716,A2
Q44717,A2
Q44718,A2
Q44719,A2
Q44720,A2
Q44721,A2
Q44722,A2
Q44723,A2
Q44724,A2
Q44725,A2
Q44726,A2
Q44727,A2
Q44728,A2
Q44729,A2
Q44730,A2
Q44731,A2
Q44732,A2
Q44733,A2
Q44734,A2
Q44735,A2
Q44736,A2
Q44737,A2
Q44738,A2
Q44739,A2
Q44740,A2
Q44741,A2
Q44742,A2
Q44743,A2
Q44744,A2
Q44745,A2
Q44746,A2
Q44747,A2
Q44748,A2
Q44749,A2
Q44750,A2
Q44751,A2
Q44752,A2
Q44753,A2
Q44754,A2
Q44755,A2
Q44756,A2
Q44757,A2
Q44758,A2
Q44759,A2
Q44760,A2
Q44761,A2
Q44762,A2
Q44763,A2
Q44764,A2
Q44765,A2
Q44766,A2
Q44767,A2
Q44768,A2
Q44769,A2
Q44770,A2
Q44771,A2
Q44772,A2
Q44773,A2
Q44774,A2
Q44775,A2
Q44776,A2
Q44777,A2
Q44778,A2
Q44779,A2
Q44780,A2
Q44781,A2
Q44782,A2
Q44783,A2
Q44784,A2
Q44785,A2
Q44786,A2
Q44787,A2
Q44788,A2
Q44789,A2
Q44790,A2
Q44791,A2
Q44792,A2
Q44793,A2
Q44794,A2
Q44795,A2
Q44796,A2
Q44797,A2
Q44798,A2
Q44799,A2
Q44800,A2
Q44801,A2
Q44802,A2
Q44803,A2
Q44804,A2
Q44805,A2
Q44806,A2
Q44807,A2
Q44808,A2
Q44809,A2
Q44810,A2
Q44811,A2
Q44812,A2
Q44813,A2
Q44814,A2
Q44815,A2
Q44816,A2
Q44817,A2
Q44818,A2
Q44819,A2
Q44820,A2
Q44821,A2
Q44822,A2
Q44823,A2
Q44824,A2
Q44825,A2
Q44826,A2
Q44827,A2
Q44828,A2
Q44829,A2
Q44830,A2
Q44831,A2
Q44832,A2
Q44833,A2
Q44834,A2
Q44835,A2
Q44836,A2
Q44837,A2
Q44838,A2
Q44839,A2
Q44840,A2
Q44841,A2
Q44842,A2
Q44843,A2
Q44844,A2
Q44845,A2
Q44846,A2
Q44847,A2
Q44848,A2
Q44849,A2
Q44850,A2
Q44851,A2
Q44852,A2
Q44853,A2
Q44854,A2
Q44855,A2
Q44856,A2
Q44857,A2
Q44858,A2
Q44859,A2
Q44860,A2
Q44861,A2
Q44862,A2
Q44863,A2
Q44864,A2
Q44865,A2
Q44866,A2
Q44867,A2
Q44868,A2
Q44869,A2
Q44870,A2
Q44871,A2
Q44872,A2
Q44873,A2
Q44874,A2
Q44875,A2
Q44876,A2
Q44877,A2
Q44878,A2
Q44879,A2
Q44880,A2
Q44881,A2
Q44882,A2
Q44883,A2
Q44884,A2
Q44885,A2
Q44886,A2
Q44887,A2
Q44888,A2
Q44889,A2
Q44890,A2
Q44891,A2
Q44892,A2
Q44893,A2
Q44894,A2
Q44895,A2
Q44896,A2
Q44897,A2
Q44898,A2
Q44899,A2
Q44900,A2
Q44901,A2
Q44902,A2
Q44903,A2
Q44904,A2
Q44905,A2
Q44906,A2
Q44907,A2
Q44908,A2
Q44909,A2
Q44910,A2
Q44911,A2
Q44912,A2
Q44913,A2
Q44914,A2
Q44915,A2
Q44916,A2
Q44917,A2
Q44918,A2
Q44919,A2
Q44920,A2
Q44921,A2
Q44922,A2
Q44923,A2
Q44924,A2
Q44925,A2
Q44926,A2
Q44927,A2
Q44928,A2
Q44929,A2
Q44930,A2
Q44931,A2
Q44932,A2
Q44933,A2
Q44934,A2
Q44935,A2
Q44936,A2
Q44937,A2
Q44938,A2
Q44939,A2
Q44940,A2
Q44941,A2
Q44942,A2
Q44943,A2
Q44944,A2
Q44945,A2
Q44946,A2
Q44947,A2
Q44948,A2
Q44949,A2
Q44950,A2
Q44951,A2
Q44952,A2
Q44953,A2
Q44954,A2
Q44955,A2
Q44956,A2
Q44957,A2
Q44958,A2
Q44959,A2
Q44960,A2
Q44961,A2
Q44962,A2
Q44963,A2
Q44964,A2
Q44965,A2
Q44966,A2
Q44967,A2
Q44968,A2
Q44969,A2
Q44970,A2
Q44971,A2
Q44972,A2
Q44973,A2
Q44974,A2
Q44975,A2
Q44976,A2
Q44977,A2
Q44978,A2
Q44979,A2
Q44980,A2
Q44981,A2
Q44982,A2
Q44983,A2
Q44984,A2
Q44985,A2
Q44986,A2
Q44987,A2
Q44988,A2
Q44989,A2
Q44990,A2
Q44991,A2
Q44992,A2
Q44993,A2
Q44994,A2
Q44995,A2
Q44996,A2
Q44997,A2
Q44998,A2
Q44999,A2
Q45000,A2
Q45001,A2
Q45002,A2
Q45003,A2
Q45004,A2
Q45005,A2
Q45006,A2
Q45007,A2
Q45008,A2
Q45009,A2
Q45010,A2
Q45011,A2
Q45012,A2
Q45013,A2
Q45014,A2
Q45015,A2
Q45016,A2
Q45017,A2
Q45018,A2
Q45019,A2
Q45020,A2
Q45021,A2
Q45022,A2
Q45023,A2
Q45024,A2
Q45025,A2
Q45026,A2
Q45027,A2
Q45028,A2
Q45029,A2
Q45030,A2
Q45031,A2
Q45032,A2
Q45033,A2
Q45034,A2
Q45035,A2
Q45036,A2
Q45037,A2
Q45038,A2
Q45039,A2
Q45040,A2
Q45041,A2
Q45042,A2
Q45043,A2
Q45044,A2
Q45045,A2
Q45046,A2
Q45047,A2
Q45048,A2
Q45049,A2
Q45050,A2
Q45051,A2
Q45052,A2
Q45053,A2
Q45054,A2
Q45055,A2
Q45056,A2
Q45057,A2
Q45058,A2
Q45059,A2
Q45060,A2
Q45061,A2
Q45062,A2
Q45063,A2
Q45064,A2
Q45065,A2
Q45066,A2
Q45067,A2
Q45068,A2
Q45069,A2
Q45070,A2
Q45071,A2
Q45072,A2
Q45073,A2
Q45074,A2
Q45075,A2
Q45076,A2
Q45077,A2
Q45078,A2
Q45079,A2
Q45080,A2
Q45081,A2
Q45082,A2
Q45083,A2
Q45084,A2
Q45085,A2
Q45086,A2
Q45087,A2
Q45088,A2
Q45089,A2
Q45090,A2
Q45091,A2
Q45092,A2
Q45093,A2
Q45094,A2
Q45095,A2
Q45096,A2
Q45097,A2
Q45098,A2
Q45099,A2
Q45100,A2
Q45101,A2
Q45102,A2
Q45103,A2
Q45104,A2
Q45105,A2
Q45106,A2
Q45107,A2
Q45108,A2
Q45109,A2
Q45110,A2
Q45111,A2
Q45112,A2
Q45113,A2
Q45114,A2
Q45115,A2
Q45116,A2
Q45117,A2
Q45118,A2
Q45119,A2
Q45120,A2
Q45121,A2
Q45122,A2
Q45123,A2
Q45124,A2
Q45125,A2
Q45126,A2
Q45127,A2
Q45128,A2
Q45129,A2
Q45130,A2
Q45131,A2
Q45132,A2
Q45133,A2
Q45134,A2
Q45135,A2
Q45136,A2
Q45137,A2
Q45138,A2
Q45139,A2
Q45140,A2
Q45141,A2
Q45142,A2
Q45143,A2
Q45144,A2
Q45145,A2
Q45146,A2
Q45147,A2
Q45148,A2
Q45149,A2
Q45150,A2
Q45151,A2
Q45152,A2
Q45153,A2
Q45154,A2
Q45155,A2
Q45156,A2
Q45157,A2
Q45158,A2
Q45159,A2
Q45160,A2
Q45161,A2
Q45162,A2
Q45163,A2
Q45164,A2
Q45165,A2
Q45166,A2
Q45167,A2
Q45168,A2
Q45169,A2
Q45170,A2
Q45171,A2
Q45172,A2
Q45173,A2
Q45174,A2
Q45175,A2
Q45176,A2
Q45177,A2
Q45178,A2
Q45179,A2
Q45180,A2
Q45181,A2
Q45182,A2
Q45183,A2
Q45184,A2
Q45185,A2
Q45186,A2
Q45187,A2
Q45188,A2
Q45189,A2
Q45190,A2
Q45191,A2
Q45192,A2
Q45193,A2
Q45194,A2
Q45195,A2
Q45196,A2
Q45197,A2
Q45198,A2
Q45199,A2
Q45200,A2
Q45201,A2
Q45202,A2
Q45203,A2
Q45204,A2
Q45205,A2
Q45206,A2
Q45207,A2
Q45208,A2
Q45209,A2
Q45210,A2
Q45211,A2
Q45212,A2
Q45213,A2
Q45214,A2
Q45215,A2
Q45216,A2
Q45217,A2
Q45218,A2
Q45219,A2
Q45220,A2
Q45221,A2
Q45222,A2
Q45223,A2
Q45224,A2
Q45225,A2
Q45226,A2
Q45227,A2
Q45228,A2
Q45229,A2
Q45230,A2
Q45231,A2
Q45232,A2
Q45233,A2
Q45234,A2
Q45235,A2
Q45236,A2
Q45237,A2
Q45238,A2
Q45239,A2
Q45240,A2
Q45241,A2
Q45242,A2
Q45243,A2
Q45244,A2
Q45245,A2
Q45246,A2
Q45247,A2
Q45248,A2
Q45249,A2
Q45250,A2
Q45251,A2
Q45252,A2
Q45253,A2
Q45254,A2
Q45255,A2
Q45256,A2
Q45257,A2
Q45258,A2
Q45259,A2
Q45260,A2
Q45261,A2
Q45262,A2
Q45263,A2
Q45264,A2
Q45265,A2
Q45266,A2
Q45267,A2
Q45268,A2
Q45269,A2
Q45270,A2
Q45271,A2
Q45272,A2
Q45273,A2
Q45274,A2
Q45275,A2
Q45276,A2
Q45277,A2
Q45278,A2
Q45279,A2
Q45280,A2
Q45281,A2
Q45282,A2
Q45283,A2
Q45284,A2
Q45285,A2
Q45286,A2
Q45287,A2
Q45288,A2
Q45289,A2
Q45290,A2
Q45291,A2
Q45292,A2
Q45293,A2
Q45294,A2
Q45295,A2
Q45296,A2
Q45297,A2
Q45298,A2
Q45299,A2
Q45300,A2
Q45301,A2
Q45302,A2
Q45303,A2
Q45304,A2
Q45305,A2
Q45306,A2
Q45307,A2
Q45308,A2
Q45309,A2
Q45310,A2
Q45311,A2
Q45312,A2
Q45313,A2
Q45314,A2
Q45315,A2
Q45316,A2
Q45317,A2
Q45318,A2
Q45319,A2
Q45320,A2
Q45321,A2
Q45322,A2
Q45323,A2
Q45324,A2
Q45325,A2
Q45326,A2
Q45327,A2
Q45328,A2
Q45329,A2
Q45330,A2
Q45331,A2
Q45332,A2
Q45333,A2
Q45334,A2
Q45335,A2
Q45336,A2
Q45337,A2
Q45338,A2
Q45339,A2
Q45340,A2
Q45341,A2
Q45342,A2
Q45343,A2
Q45344,A2
Q45345,A2
Q45346,A2
Q45347,A2
Q45348,A2
Q45349,A2
Q45350,A2
Q45351,A2
Q45352,A2
Q45353,A2
Q45354,A2
Q45355,A2
Q45356,A2
Q45357,A2
Q45358,A2
Q45359,A2
Q45360,A2
Q45361,A2
Q45362,A2
Q45363,A2
Q45364,A2
Q45365,A2
Q45366,A2
Q45367,A2
Q45368,A2
Q45369,A2
Q45370,A2
Q45371,A2
Q45372,A2
Q45373,A2
Q45374,A2
Q45375,A2
Q45376,A2
Q45377,A2
Q45378,A2
Q45379,A2
Q45380,A2
Q45381,A2
Q45382,A2
Q45383,A2
Q45384,A2
Q45385,A2
Q45386,A2
Q45387,A2
Q45388,A2
Q45389,A2
Q45390,A2
Q45391,A2
Q45392,A2
Q45393,A2
Q45394,A2
Q45395,A2
Q45396,A2
Q45397,A2
Q45398,A2
Q45399,A2
Q45400,A2
Q45401,A2
Q45402,A2
Q45403,A2
Q45404,A2
Q45405,A2
Q45406,A2
Q45407,A2
Q45408,A2
Q45409,A2
Q45410,A2
Q45411,A2
Q45412,A2
Q45413,A2
Q45414,A2
Q45415,A2
Q45416,A2
Q45417,A2
Q45418,A2
Q45419,A2
Q45420,A2
Q45421,A2
Q45422,A2
Q45423,A2
Q45424,A2
Q45425,A2
Q45426,A2
Q45427,A2
Q45428,A2
Q45429,A2
Q45430,A2
Q45431,A2
Q45432,A2
Q45433,A2
Q45434,A2
Q45435,A2
Q45436,A2
Q45437,A2
Q45438,A2
Q45439,A2
Q45440,A2
Q45441,A2
Q45442,A2
Q45443,A2
Q45444,A2
Q45445,A2
Q45446,A2
Q45447,A2
Q45448,A2
Q45449,A2
Q45450,A2
Q45451,A2
Q45452,A2
Q45453,A2
Q45454,A2
Q45455,A2
Q45456,A2
Q45457,A2
Q45458,A2
Q45459,A2
Q45460,A2
Q45461,A2
Q45462,A2
Q45463,A2
Q45464,A2
Q45465,A2
Q45466,A2
Q45467,A2
Q45468,A2
Q45469,A2
Q45470,A2
Q45471,A2
Q45472,A2
Q45473,A2
Q45474,A2
Q45475,A2
Q45476,A2
Q45477,A2
Q45478,A2
Q45479,A2
Q45480,A2
Q45481,A2
Q45482,A2
Q45483,A2
Q45484,A2
Q45485,A2
Q45486,A2
Q45487,A2
Q45488,A2
Q45489,A2
Q45490,A2
Q45491,A2
Q45492,A2
Q45493,A2
Q45494,A2
Q45495,A2
Q45496,A2
Q45497,A2
Q45498,A2
Q45499,A2
Q45500,A2
Q45501,A2
Q45502,A2
Q45503,A2
Q45504,A2
Q45505,A2
Q45506,A2
Q45507,A2
Q45508,A2
Q45509,A2
Q45510,A2
Q45511,A2
Q45512,A2
Q45513,A2
Q45514,A2
Q45515,A2
Q45516,A2
Q45517,A2
Q45518,A2
Q45519,A2
Q45520,A2
Q45521,A2
Q45522,A2
Q45523,A2
Q45524,A2
Q45525,A2
Q45526,A2
Q45527,A2
Q45528,A2
Q45529,A2
Q45530,A2
Q45531,A2
Q45532,A2
Q45533,A2
Q45534,A2
Q45535,A2
Q45536,A2
Q45537,A2
Q45538,A2
Q45539,A2
Q45540,A2
Q45541,A2
Q45542,A2
Q45543,A2
Q45544,A2
Q45545,A2
Q45546,A2
Q45547,A2
Q45548,A2
Q45549,A2
Q45550,A2
Q45551,A2
Q45552,A2
Q45553,A2
Q45554,A2
Q45555,A2
Q45556,A2
Q45557,A2
Q45558,A2
Q45559,A2
Q45560,A2
Q45561,A2
Q45562,A2
Q45563,A2
Q45564,A2
Q45565,A2
Q45566,A2
Q45567,A2
Q45568,A2
Q45569,A2
Q45570,A2
Q45571,A2
Q45572,A2
Q45573,A2
Q45574,A2
Q45575,A2
Q45576,A2
Q45577,A2
Q45578,A2
Q45579,A2
Q45580,A2
Q45581,A2
Q45582,A2
Q45583,A2
Q45584,A2
Q45585,A2
Q45586,A2
Q45587,A2
Q45588,A2
Q45589,A2
Q45590,A2
Q45591,A2
Q45592,A2
Q45593,A2
Q45594,A2
Q45595,A2
Q45596,A2
Q45597,A2
Q45598,A2
Q45599,A2
Q45600,A2
Q45601,A2
Q45602,A2
Q45603,A2
Q45604,A2
Q45605,A2
Q45606,A2
Q45607,A2
Q45608,A2
Q45609,A2
Q45610,A2
Q45611,A2
Q45612,A2
Q45613,A2
Q45614,A2
Q45615,A2
Q45616,A2
Q45617,A2
Q45618,A2
Q45619,A2
Q45620,A2
Q45621,A2
Q45622,A2
Q45623,A2
Q45624,A2
Q45625,A2
Q45626,A2
Q45627,A2
Q45628,A2
Q45629,A2
Q45630,A2
Q45631,A2
Q45632,A2
Q45633,A2
Q45634,A2
Q45635,A2
Q45636,A2
Q45637,A2
Q45638,A2
Q45639,A2
Q45640,A2
Q45641,A2
Q45642,A2
Q45643,A2
Q45644,A2
Q45645,A2
Q45646,A2
Q45647,A2
Q45648,A2
Q45649,A2
Q45650,A2
Q45651,A2
Q45652,A2
Q45653,A2
Q45654,A2
Q45655,A2
Q45656,A2
Q45657,A2
Q45658,A2
Q45659,A2
Q45660,A2
Q45661,A2
Q45662,A2
Q45663,A2
Q45664,A2
Q45665,A2
Q45666,A2
Q45667,A2
Q45668,A2
Q45669,A2
Q45670,A2
Q45671,A2
Q45672,A2
Q45673,A2
Q45674,A2
Q45675,A2
Q45676,A2
Q45677,A2
Q45678,A2
Q45679,A2
Q45680,A2
Q45681,A2
Q45682,A2
Q45683,A2
Q45684,A2
Q45685,A2
Q45686,A2
Q45687,A2
Q45688,A2
Q45689,A2
Q45690,A2
Q45691,A2
Q45692,A2
Q45693,A2
Q45694,A2
Q45695,A2
Q45696,A2
Q45697,A2
Q45698,A2
Q45699,A2
Q45700,A2
Q45701,A2
Q45702,A2
Q45703,A2
Q45704,A2
Q45705,A2
Q45706,A2
Q45707,A2
Q45708,A2
Q45709,A2
Q45710,A2
Q45711,A2
Q45712,A2
Q45713,A2
Q45714,A2
Q45715,A2
Q45716,A2
Q45717,A2
Q45718,A2
Q45719,A2
Q45720,A2
Q45721,A2
Q45722,A2
Q45723,A2
Q45724,A2
Q45725,A2
Q45726,A2
Q45727,A2
Q45728,A2
Q45729,A2
Q45730,A2
Q45731,A2
Q45732,A2
Q45733,A2
Q45734,A2
Q45735,A2
Q45736,A2
Q45737,A2
Q45738,A2
Q45739,A2
Q45740,A2
Q45741,A2
Q45742,A2
Q45743,A2
Q45744,A2
Q45745,A2
Q45746,A2
Q45747,A2
Q45748,A2
Q45749,A2
Q45750,A2
Q45751,A2
Q45752,A2
Q45753,A2
Q45754,A2
Q45755,A2
Q45756,A2
Q45757,A2
Q45758,A2
Q45759,A2
Q45760,A2
Q45761,A2
Q45762,A2
Q45763,A2
Q45764,A2
Q45765,A2
Q45766,A2
Q45767,A2
Q45768,A2
Q45769,A2
Q45770,A2
Q45771,A2
Q45772,A2
Q45773,A2
Q45774,A2
Q45775,A2
Q45776,A2
Q45777,A2
Q45778,A2
Q45779,A2
Q45780,A2
Q45781,A2
Q45782,A2
Q45783,A2
Q45784,A2
Q45785,A2
Q45786,A2
Q45787,A2
Q45788,A2
Q45789,A2
Q45790,A2
Q45791,A2
Q45792,A2
Q45793,A2
Q45794,A2
Q45795,A2
Q45796,A2
Q45797,A2
Q45798,A2
Q45799,A2
Q45800,A2
Q45801,A2
Q45802,A2
Q45803,A2
Q45804,A2
Q45805,A2
Q45806,A2
Q45807,A2
Q45808,A2
Q45809,A2
Q45810,A2
Q45811,A2
Q45812,A2
Q45813,A2
Q45814,A2
Q45815,A2
Q45816,A2
Q45817,A2
Q45818,A2
Q45819,A2
Q45820,A2
Q45821,A2
Q45822,A2
Q45823,A2
Q45824,A2
Q45825,A2
Q45826,A2
Q45827,A2
Q45828,A2
Q45829,A2
Q45830,A2
Q45831,A2
Q45832,A2
Q45833,A2
Q45834,A2
Q45835,A2
Q45836,A2
Q45837,A2
Q45838,A2
Q45839,A2
Q45840,A2
Q45841,A2
Q45842,A2
Q45843,A2
Q45844,A2
Q45845,A2
Q45846,A2
Q45847,A2
Q45848,A2
Q45849,A2
Q45850,A2
Q45851,A2
Q45852,A2
Q45853,A2
Q45854,A2
Q45855,A2
Q45856,A2
Q45857,A2
Q45858,A2
Q45859,A2
Q45860,A2
Q45861,A2
Q45862,A2
Q45863,A2
Q45864,A2
Q45865,A2
Q45866,A2
Q45867,A2
Q45868,A2
Q45869,A2
Q45870,A2
Q45871,A2
Q45872,A2
Q45873,A2
Q45874,A2
Q45875,A2
Q45876,A2
Q45877,A2
Q45878,A2
Q45879,A2
Q45880,A2
Q45881,A2
Q45882,A2
Q45883,A2
Q45884,A2
Q45885,A2
Q45886,A2
Q45887,A2
Q45888,A2
Q45889,A2
Q45890,A2
Q45891,A2
Q45892,A2
Q45893,A2
Q45894,A2
Q45895,A2
Q45896,A2
Q45897,A2
Q45898,A2
Q45899,A2
Q45900,A2
Q45901,A2
Q45902,A2
Q45903,A2
Q45904,A2
Q45905,A2
Q45906,A2
Q45907,A2
Q45908,A2
Q45909,A2
Q45910,A2
Q45911,A2
Q45912,A2
Q45913,A2
Q45914,A2
Q45915,A2
Q45916,A2
Q45917,A2
Q45918,A2
Q45919,A2
Q45920,A2
Q45921,A2
Q45922,A2
Q45923,A2
Q45924,A2
Q45925,A2
Q45926,A2
Q45927,A2
Q45928,A2
Q45929,A2
Q45930,A2
Q45931,A2
Q45932,A2
Q45933,A2
Q45934,A2
Q45935,A2
Q45936,A2
Q45937,A2
Q45938,A2
Q45939,A2
Q45940,A2
Q45941,A2
Q45942,A2
Q45943,A2
Q45944,A2
Q45945,A2
Q45946,A2
Q45947,A2
Q45948,A2
Q45949,A2
Q45950,A2
Q45951,A2
Q45952,A2
Q45953,A2
Q45954,A2
Q45955,A2
Q45956,A2
Q45957,A2
Q45958,A2
Q45959,A2
Q45960,A2
Q45961,A2
Q45962,A2
Q45963,A2
Q45964,A2
Q45965,A2
Q45966,A2
Q45967,A2
Q45968,A2
Q45969,A2
Q45970,A2
Q45971,A2
Q45972,A2
Q45973,A2
Q45974,A2
Q45975,A2
Q45976,A2
Q45977,A2
Q45978,A2
Q45979,A2
Q45980,A2
Q45981,A2
Q45982,A2
Q45983,A2
Q45984,A2
Q45985,A2
Q45986,A2
Q45987,A2
Q45988,A2
Q45989,A2
Q45990,A2
Q45991,A2
Q45992,A2
Q45993,A2
Q45994,A2
Q45995,A2
Q45996,A2
Q45997,A2
Q45998,A2
Q45999,A2
Q46000,A2
Q46001,A2
Q46002,A2
Q46003,A2
Q46004,A2
Q46005,A2
Q46006,A2
Q46007,A2
Q46008,A2
Q46009,A2
Q46010,A2
Q46011,A2
Q46012,A2
Q46013,A2
Q46014,A2
Q46015,A2
Q46016,A2
Q46017,A2
Q46018,A2
Q46019,A2
Q46020,A2
Q46021,A2
Q46022,A2
Q46023,A2
Q46024,A2
Q46025,A2
Q46026,A2
Q46027,A2
Q46028,A2
Q46029,A2
Q46030,A2
Q46031,A2
Q46032,A2
Q46033,A2
Q46034,A2
Q46035,A2
Q46036,A2
Q46037,A2
Q46038,A2
Q46039,A2
Q46040,A2
Q46041,A2
Q46042,A2
Q46043,A2
Q46044,A2
Q46045,A2
Q46046,A2
Q46047,A2
Q46048,A2
Q46049,A2
Q46050,A2
Q46051,A2
Q46052,A2
Q46053,A2
Q46054,A2
Q46055,A2
Q46056,A2
Q46057,A2
Q46058,A2
Q46059,A2
Q46060,A2
Q46061,A2
Q46062,A2
Q46063,A2
Q46064,A2
Q46065,A2
Q46066,A2
Q46067,A2
Q46068,A2
Q46069,A2
Q46070,A2
Q46071,A2
Q46072,A2
Q46073,A2
Q46074,A2
Q46075,A2
Q46076,A2
Q46077,A2
Q46078,A2
Q46079,A2
Q46080,A2
Q46081,A2
Q46082,A2
Q46083,A2
Q46084,A2
Q46085,A2
Q46086,A2
Q46087,A2
Q46088,A2
Q46089,A2
Q46090,A2
Q46091,A2
Q46092,A2
Q46093,A2
Q46094,A2
Q46095,A2
Q46096,A2
Q46097,A2
Q46098,A2
Q46099,A2
Q46100,A2
Q46101,A2
Q46102,A2
Q46103,A2
Q46104,A2
Q46105,A2
Q46106,A2
Q46107,A2
Q46108,A2
Q46109,A2
Q46110,A2
Q46111,A2
Q46112,A2
Q46113,A2
Q46114,A2
Q46115,A2
Q46116,A2
Q46117,A2
Q46118,A2
Q46119,A2
Q46120,A2
Q46121,A2
Q46122,A2
Q46123,A2
Q46124,A2
Q46125,A2
Q46126,A2
Q46127,A2
Q46128,A2
Q46129,A2
Q46130,A2
Q46131,A2
Q46132,A2
Q46133,A2
Q46134,A2
Q46135,A2
Q46136,A2
Q46137,A2
Q46138,A2
Q46139,A2
Q46140,A2
Q46141,A2
Q46142,A2
Q46143,A2
Q46144,A2
Q46145,A2
Q46146,A2
Q46147,A2
Q46148,A2
Q46149,A2
Q46150,A2
Q46151,A2
Q46152,A2
Q46153,A2
Q46154,A2
Q46155,A2
Q46156,A2
Q46157,A2
Q46158,A2
Q46159,A2
Q46160,A2
Q46161,A2
Q46162,A2
Q46163,A2
Q46164,A2
Q46165,A2
Q46166,A2
Q46167,A2
Q46168,A2
Q46169,A2
Q46170,A2
Q46171,A2
Q46172,A2
Q46173,A2
Q46174,A2
Q46175,A2
Q46176,A2
Q46177,A2
Q46178,A2
Q46179,A2
Q46180,A2
Q46181,A2
Q46182,A2
Q46183,A2
Q46184,A2
Q46185,A2
Q46186,A2
Q46187,A2
Q46188,A2
Q46189,A2
Q46190,A2
Q46191,A2
Q46192,A2
Q46193,A2
Q46194,A1
Q46195,A1
Q46196,A1
Q46197,A1
Q46198,A1
Q46199,A1
Q46200,A1
Q46201,A1
Q46202,A1
Q46203,A1
Q46204,A1
Q46205,A1
Q46206,A1
Q46207,A1
Q46208,A1
Q46209,A1
Q46210,A1
Q46211,A1
Q46212,A1
Q46213,A1
Q46214,A1
Q46215,A1
Q46216,A1
Q46217,A1
Q46218,A1
Q46219,A1
Q46220,A1
Q46221,A1
Q46222,A1
Q46223,A1
Q46224,A1
Q46225,A1
Q46226,A1
Q46227,A1
Q46228,A1
Q46229,A1
Q46230,A1
Q46231,A1
Q46232,A1
Q46233,A1
Q46234,A1
Q46235,A1
Q46236,A1
Q46237,A1
Q46238,A1
Q46239,A1
Q46240,A1
Q46241,A1
Q46242,A1
Q46243,A1
Q46244,A1
Q46245,A1
Q46246,A1
Q46247,A1
Q46248,A1
Q46249,A1
Q46250,A1
Q46251,A1
Q46252,A1
Q46253,A1
Q46254,A1
Q46255,A1
Q46256,A1
Q46257,A1
Q46258,A1
Q46259,A1
Q46260,A1
Q46261,A1
Q46262,A1
Q46263,A1
Q46264,A1
Q46265,A1
Q46266,A1
Q46267,A1
Q46268,A1
Q46269,A1
Q46270,A1
Q46271,A1
Q46272,A1
Q46273,A1
Q46274,A1
Q46275,A1
Q46276,A1
Q46277,A1
Q46278,A1
Q46279,A1
Q46280,A1
Q46281,A1
Q46282,A1
Q46283,A1
Q46284,A1
Q46285,A1
Q46286,A1
Q46287,A1
Q46288,A1
Q46289,A1
Q46290,A1
Q46291,A1
Q46292,A1
Q46293,A1
Q46294,A1
Q46295,A1
Q46296,A1
Q46297,A1
Q46298,A1
Q46299,A1
Q46300,A1
Q46301,A1
Q46302,A1
Q46303,A1
Q46304,A1
Q46305,A1
Q46306,A1
Q46307,A1
Q46308,A1
Q46309,A1
Q46310,A1
Q46311,A1
Q46312,A1
Q46313,A1
Q46314,A1
Q46315,A1
Q46316,A1
Q46317,A1
Q46318,A1
Q46319,A1
Q46320,A1
Q46321,A1
Q46322,A1
Q46323,A1
Q46324,A1
Q46325,A1
Q46326,A1
Q46327,A1
Q46328,A1
Q46329,A1
Q46330,A1
Q46331,A1
Q46332,A1
Q46333,A1
Q46334,A1
Q46335,A1
Q46336,A1
Q46337,A1
Q46338,A1
Q46339,A1
Q46340,A1
Q46341,A1
Q46342,A1
Q46343,A1
Q46344,A1
Q46345,A1
Q46346,A1
Q46347,A1
Q46348,A1
Q46349,A1
Q46350,A1
Q46351,A1
Q46352,A1
Q46353,A1
Q46354,A1
Q46355,A1
Q46356,A1
Q46357,A1
Q46358,A1
Q46359,A1
Q46360,A1
Q46361,A1
Q46362,A1
Q46363,A1
Q46364,A1
Q46365,A1
Q46366,A1
Q46367,A1
Q46368,A1
Q46369,A1
Q46370,A1
Q46371,A1
Q46372,A1
Q46373,A1
Q46374,A1
Q46375,A1
Q46376,A1
Q46377,A1
Q46378,A1
Q46379,A1
Q46380,A1
Q46381,A1
Q46382,A1
Q46383,A1
Q46384,A1
Q46385,A1
Q46386,A1
Q46387,A1
Q46388,A1
Q46389,A1
Q46390,A1
Q46391,A1
Q46392,A1
Q46393,A1
Q46394,A1
Q46395,A1
Q46396,A1
Q46397,A1
Q46398,A1
Q46399,A1
Q46400,A1
Q46401,A1
Q46402,A1
Q46403,A1
Q46404,A1
Q46405,A1
Q46406,A1
Q46407,A1
Q46408,A1
Q46409,A1
Q46410,A1
Q46411,A1
Q46412,A1
Q46413,A1
Q46414,A1
Q46415,A1
Q46416,A1
Q46417,A1
Q46418,A1
Q46419,A1
Q46420,A1
Q46421,A1
Q46422,A1
Q46423,A1
Q46424,A1
Q46425,A1
Q46426,A1
Q46427,A1
Q46428,A1
Q46429,A1
Q46430,A1
Q46431,A1
Q46432,A1
Q46433,A1
Q46434,A1
Q46435,A1
Q46436,A1
Q46437,A1
Q46438,A1
Q46439,A1
Q46440,A1
Q46441,A1
Q46442,A1
Q46443,A1
Q46444,A1
Q46445,A1
Q46446,A1
Q46447,A1
Q46448,A1
Q46449,A1
Q46450,A1
Q46451,A1
Q46452,A1
Q46453,A1
Q46454,A1
Q46455,A1
Q46456,A1
Q46457,A1
Q46458,A1
Q46459,A1
Q46460,A1
Q46461,A1
Q46462,A1
Q46463,A1
Q46464,A1
Q46465,A1
Q46466,A1
Q46467,A1
Q46468,A1
Q46469,A1
Q46470,A1
Q46471,A1
Q46472,A1
Q46473,A1
Q46474,A1
Q46475,A1
Q46476,A1
Q46477,A1
Q46478,A1
Q46479,A1
Q46480,A1
Q46481,A1
Q46482,A1
Q46483,A1
Q46484,A1
Q46485,A1
Q46486,A1
Q46487,A1
Q46488,A1
Q46489,A1
Q46490,A1
Q46491,A1
Q46492,A1
Q46493,A1
Q46494,A1
Q46495,A1
Q46496,A1
Q46497,A1
Q46498,A1
Q46499,A1
Q46500,A1
Q46501,A1
Q46502,A1
Q46503,A1
Q46504,A1
Q46505,A1
Q46506,A1
Q46507,A1
Q46508,A1
Q46509,A1
Q46510,A1
Q46511,A1
Q46512,A1
Q46513,A1
Q46514,A1
Q46515,A1
Q46516,A1
Q46517,A1
Q46518,A1
Q46519,A1
Q46520,A1
Q46521,A1
Q46522,A1
Q46523,A1
Q46524,A1
Q46525,A1
Q46526,A1
Q46527,A1
Q46528,A1
Q46529,A1
Q46530,A1
Q46531,A1
Q46532,A1
Q46533,A1
Q46534,A1
Q46535,A1
Q46536,A1
Q46537,A1
Q46538,A1
Q46539,A1
Q46540,A1
Q46541,A1
Q46542,A1
Q46543,A1
Q46544,A1
Q46545,A1
Q46546,A1
Q46547,A1
Q46548,A1
Q46549,A1
Q46550,A1
Q46551,A1
Q46552,A1
Q46553,A1
Q46554,A1
Q46555,A1
Q46556,A1
Q46557,A1
Q46558,A1
Q46559,A1
Q46560,A1
Q46561,A1
Q46562,A1
Q46563,A1
Q46564,A1
Q46565,A1
Q46566,A1
Q46567,A1
Q46568,A1
Q46569,A1
Q46570,A1
Q46571,A1
Q46572,A1
Q46573,A1
Q46574,A1
Q46575,A1
Q46576,A1
Q46577,A1
Q46578,A1
Q46579,A1
Q46580,A1
Q46581,A1
Q46582,A1
Q46583,A1
Q46584,A1
Q46585,A1
Q46586,A1
Q46587,A1
Q46588,A1
Q46589,A1
Q46590,A1
Q46591,A1
Q46592,A1
Q46593,A1
Q46594,A1
Q46595,A1
Q46596,A1
Q46597,A1
Q46598,A1
Q46599,A1
Q46600,A1
Q46601,A1
Q46602,A1
Q46603,A1
Q46604,A1
Q46605,A1
Q46606,A1
Q46607,A1
Q46608,A1
Q46609,A1
Q46610,A1
Q46611,A1
Q46612,A1
Q46613,A1
Q46614,A1
Q46615,A1
Q46616,A1
Q46617,A1
Q46618,A1
Q46619,A1
Q46620,A1
Q46621,A1
Q46622,A1
Q46623,A1
Q46624,A1
Q46625,A1
Q46626,A1
Q46627,A1
Q46628,A1
Q46629,A1
Q46630,A1
Q46631,A1
Q46632,A1
Q46633,A1
Q46634,A1
Q46635,A1
Q46636,A1
Q46637,A1
Q46638,A1
Q46639,A1
Q46640,A1
Q46641,A1
Q46642,A1
Q46643,A1
Q46644,A1
Q46645,A1
Q46646,A1
Q46647,A1
Q46648,A1
Q46649,A1
Q46650,A1
Q46651,A1
Q46652,A1
Q46653,A1
Q46654,A1
Q46655,A1
Q46656,A1
Q46657,A1
Q46658,A1
Q46659,A1
Q46660,A1
Q46661,A1
Q46662,A1
Q46663,A1
Q46664,A1
Q46665,A1
Q46666,A1
Q46667,A1
Q46668,A1
Q46669,A1
Q46670,A1
Q46671,A1
Q46672,A1
Q46673,A1
Q46674,A1
Q46675,A1
Q46676,A1
Q46677,A1
Q46678,A1
Q46679,A1
Q46680,A1
Q46681,A1
Q46682,A1
Q46683,A1
Q46684,A1
Q46685,A1
Q46686,A1
Q46687,A1
Q46688,A1
Q46689,A1
Q46690,A1
Q46691,A1
Q46692,A1
Q46693,A1
Q46694,A1
Q46695,A1
Q46696,A1
Q46697,A1
Q46698,A1
Q46699,A1
Q46700,A1
Q46701,A1
Q46702,A1
Q46703,A1
Q46704,A1
Q46705,A1
Q46706,A1
Q46707,A1
Q46708,A1
Q46709,A1
Q46710,A1
Q46711,A1
Q46712,A1
Q46713,A1
Q46714,A1
Q46715,A1
Q46716,A1
Q46717,A1
Q46718,A1
Q46719,A1
Q46720,A1
Q46721,A1
Q46722,A1
Q46723,A1
Q46724,A1
Q46725,A1
Q46726,A1
Q46727,A1
Q46728,A1
Q46729,A1
Q46730,A1
Q46731,A1
Q46732,A1
Q46733,A1
Q46734,A1
Q46735,A1
Q46736,A1
Q46737,A1
Q46738,A1
Q46739,A1
Q46740,A1
Q46741,A1
Q46742,A1
Q46743,A1
Q46744,A1
Q46745,A1
Q46746,A1
Q46747,A1
Q46748,A1
Q46749,A1
Q46750,A1
Q46751,A1
Q46752,A1
Q46753,A1
Q46754,A1
Q46755,A1
Q46756,A1
Q46757,A1
Q46758,A1
Q46759,A1
Q46760,A1
Q46761,A1
Q46762,A1
Q46763,A1
Q46764,A1
Q46765,A1
Q46766,A1
Q46767,A1
Q46768,A1
Q46769,A1
Q46770,A1
Q46771,A1
Q46772,A1
Q46773,A1
Q46774,A1
Q46775,A1
Q46776,A1
Q46777,A1
Q46778,A1
Q46779,A1
Q46780,A1
Q46781,A1
Q46782,A1
Q46783,A1
Q46784,A1
Q46785,A1
Q46786,A1
Q46787,A1
Q46788,A1
Q46789,A1
Q46790,A1
Q46791,A1
Q46792,A1
Q46793,A1
Q46794,A1
Q46795,A1
Q46796,A1
Q46797,A1
Q46798,A1
Q46799,A1
Q46800,A1
Q46801,A1
Q46802,A1
Q46803,A1
Q46804,A1
Q46805,A1
Q46806,A1
Q46807,A1
Q46808,A1
Q46809,A1
Q46810,A1
Q46811,A1
Q46812,A1
Q46813,A1
Q46814,A1
Q46815,A1
Q46816,A1
Q46817,A1
Q46818,A1
Q46819,A1
Q46820,A1
Q46821,A1
Q46822,A1
Q46823,A1
Q46824,A1
Q46825,A1
Q46826,A1
Q46827,A1
Q46828,A1
Q46829,A1
Q46830,A1
Q46831,A1
Q46832,A1
Q46833,A1
Q46834,A1
Q46835,A1
Q46836,A1
Q46837,A1
Q46838,A1
Q46839,A1
Q46840,A1
Q46841,A1
Q46842,A1
Q46843,A1
Q46844,A1
Q46845,A1
Q46846,A1
Q46847,A1
Q46848,A1
Q46849,A1
Q46850,A1
Q46851,A1
Q46852,A1
Q46853,A1
Q46854,A1
Q46855,A1
Q46856,A1
Q46857,A1
Q46858,A1
Q46859,A1
Q46860,A1
Q46861,A1
Q46862,A1
Q46863,A1
Q46864,A1
Q46865,A1
Q46866,A1
Q46867,A1
Q46868,A1
Q46869,A1
Q46870,A1
Q46871,A1
Q46872,A1
Q46873,A1
Q46874,A1
Q46875,A1
Q46876,A1
Q46877,A1
Q46878,A1
Q46879,A1
Q46880,A1
Q46881,A1
Q46882,A1
Q46883,A1
Q46884,A1
Q46885,A1
Q46886,A1
Q46887,A1
Q46888,A1
Q46889,A1
Q46890,A1
Q46891,A1
Q46892,A1
Q46893,A1
Q46894,A1
Q46895,A1
Q46896,A1
Q46897,A1
Q46898,A1
Q46899,A1
Q46900,A1
Q46901,A1
Q46902,A1
Q46903,A1
Q46904,A1
Q46905,A1
Q46906,A1
Q46907,A1
Q46908,A1
Q46909,A1
Q46910,A1
Q46911,A1
Q46912,A1
Q46913,A1
Q46914,A1
Q46915,A1
Q46916,A1
Q46917,A1
Q46918,A1
Q46919,A1
Q46920,A1
Q46921,A1
Q46922,A1
Q46923,A1
Q46924,A1
Q46925,A1
Q46926,A1
Q46927,A1
Q46928,A1
Q46929,A1
Q46930,A1
Q46931,A1
Q46932,A1
Q46933,A1
Q46934,A1
Q46935,A1
Q46936,A1
Q46937,A1
Q46938,A1
Q46939,A1
Q46940,A1
Q46941,A1
Q46942,A1
Q46943,A1
Q46944,A1
Q46945,A1
Q46946,A1
Q46947,A1
Q46948,A1
Q46949,A1
Q46950,A1
Q46951,A1
Q46952,A1
Q46953,A1
Q46954,A1
Q46955,A1
Q46956,A1
Q46957,A1
Q46958,A1
Q46959,A1
Q46960,A1
Q46961,A1
Q46962,A1
Q46963,A1
Q46964,A1
Q46965,A1
Q46966,A1
Q46967,A1
Q46968,A1
Q46969,A1
Q46970,A1
Q46971,A1
Q46972,A1
Q46973,A1
Q46974,A1
Q46975,A1
Q46976,A1
Q46977,A1
Q46978,A1
Q46979,A1
Q46980,A1
Q46981,A1
Q46982,A1
Q46983,A1
Q46984,A1
Q46985,A1
Q46986,A1
Q46987,A1
Q46988,A1
Q46989,A1
Q46990,A1
Q46991,A1
Q46992,A1
Q46993,A1
Q46994,A1
Q46995,A1
Q46996,A1
Q46997,A1
Q46998,A1
Q46999,A1
Q47000,A1
Q47001,A1
Q47002,A1
Q47003,A1
Q47004,A1
Q47005,A1
Q47006,A1
Q47007,A1
Q47008,A1
Q47009,A1
Q47010,A1
Q47011,A1
Q47012,A1
Q47013,A1
Q47014,A1
Q47015,A1
Q47016,A1
Q47017,A1
Q47018,A1
Q47019,A1
Q47020,A1
Q47021,A1
Q47022,A1
Q47023,A1
Q47024,A1
Q47025,A1
Q47026,A1
Q47027,A1
Q47028,A1
Q47029,A1
Q47030,A1
Q47031,A1
Q47032,A1
Q47033,A1
Q47034,A1
Q47035,A1
Q47036,A1
Q47037,A1
Q47038,A1
Q47039,A1
Q47040,A1
Q47041,A1
Q47042,A1
Q47043,A1
Q47044,A1
Q47045,A1
Q47046,A1
Q47047,A1
Q47048,A1
Q47049,A1
Q47050,A1
Q47051,A1
Q47052,A1
Q47053,A1
Q47054,A1
Q47055,A1
Q47056,A1
Q47057,A1
Q47058,A1
Q47059,A1
Q47060,A1
Q47061,A1
Q47062,A1
Q47063,A1
Q47064,A1
Q47065,A1
Q47066,A1
Q47067,A1
Q47068,A1
Q47069,A1
Q47070,A1
Q47071,A1
Q47072,A1
Q47073,A1
Q47074,A1
Q47075,A1
Q47076,A1
Q47077,A1
Q47078,A1
Q47079,A1
Q47080,A1
Q47081,A1
Q47082,A1
Q47083,A1
Q47084,A1
Q47085,A1
Q47086,A1
Q47087,A1
Q47088,A1
Q47089,A1
Q47090,A1
Q47091,A1
Q47092,A1
Q47093,A1
Q47094,A1
Q47095,A1
Q47096,A1
Q47097,A1
Q47098,A1
Q47099,A1
Q47100,A1
Q47101,A1
Q47102,A1
Q47103,A1
Q47104,A1
Q47105,A1
Q47106,A1
Q47107,A1
Q47108,A1
Q47109,A1
Q47110,A1
Q47111,A1
Q47112,A1
Q47113,A1
Q47114,A1
Q47115,A1
Q47116,A1
Q47117,A1
Q47118,A1
Q47119,A1
Q47120,A1
Q47121,A1
Q47122,A1
Q47123,A1
Q47124,A1
Q47125,A1
Q47126,A1
Q47127,A1
Q47128,A1
Q47129,A1
Q47130,A1
Q47131,A1
Q47132,A1
Q47133,A1
Q47134,A1
Q47135,A1
Q47136,A1
Q47137,A1
Q47138,A1
Q47139,A1
Q47140,A1
Q47141,A1
Q47142,A1
Q47143,A1
Q47144,A1
Q47145,A1
Q47146,A1
Q47147,A1
Q47148,A1
Q47149,A1
Q47150,A1
Q47151,A1
Q47152,A1
Q47153,A1
Q47154,A1
Q47155,A1
Q47156,A1
Q47157,A1
Q47158,A1
Q47159,A1
Q47160,A1
Q47161,A1
Q47162,A1
Q47163,A1
Q47164,A1
Q47165,A1
Q47166,A1
Q47167,A1
Q47168,A1
Q47169,A1
Q47170,A1
Q47171,A1
Q47172,A1
Q47173,A1
Q47174,A1
Q47175,A1
Q47176,A1
Q47177,A1
Q47178,A1
Q47179,A1
Q47180,A1
Q47181,A1
Q47182,A1
Q47183,A1
Q47184,A1
Q47185,A1
Q47186,A1
Q47187,A1
Q47188,A1
Q47189,A1
Q47190,A1
Q47191,A1
Q47192,A1
Q47193,A1
Q47194,A1
Q47195,A1
Q47196,A1
Q47197,A1
Q47198,A1
Q47199,A1
Q47200,A1
Q47201,A1
Q47202,A1
Q47203,A1
Q47204,A1
Q47205,A1
Q47206,A1
Q47207,A1
Q47208,A1
Q47209,A1
Q47210,A1
Q47211,A1
Q47212,A1
Q47213,A1
Q47214,A1
Q47215,A1
Q47216,A1
Q47217,A1
Q47218,A1
Q47219,A1
Q47220,A1
Q47221,A1
Q47222,A1
Q47223,A1
Q47224,A1
Q47225,A1
Q47226,A1
Q47227,A1
Q47228,A1
Q47229,A1
Q47230,A1
Q47231,A1
Q47232,A1
Q47233,A1
Q47234,A1
Q47235,A1
Q47236,A1
Q47237,A1
Q47238,A1
Q47239,A1
Q47240,A1
Q47241,A1
Q47242,A1
Q47243,A1
Q47244,A1
Q47245,A1
Q47246,A1
Q47247,A1
Q47248,A1
Q47249,A1
Q47250,A1
Q47251,A1
Q47252,A1
Q47253,A1
Q47254,A1
Q47255,A1
Q47256,A1
Q47257,A1
Q47258,A1
Q47259,A1
Q47260,A1
Q47261,A1
Q47262,A1
Q47263,A1
Q47264,A1
Q47265,A1
Q47266,A1
Q47267,A1
Q47268,A1
Q47269,A1
Q47270,A1
Q47271,A1
Q47272,A1
Q47273,A1
Q47274,A1
Q47275,A1
Q47276,A1
Q47277,A1
Q47278,A1
Q47279,A1
Q47280,A1
Q47281,A1
Q47282,A1
Q47283,A1
Q47284,A1
Q47285,A1
Q47286,A1
Q47287,A1
Q47288,A1
Q47289,A1
Q47290,A1
Q47291,A1
Q47292,A1
Q47293,A1
Q47294,A1
Q47295,A1
Q47296,A1
Q47297,A1
Q47298,A1
Q47299,A1
Q47300,A1
Q47301,A1
Q47302,A1
Q47303,A1
Q47304,A1
Q47305,A1
Q47306,A1
Q47307,A1
Q47308,A1
Q47309,A1
Q47310,A1
Q47311,A1
Q47312,A1
Q47313,A1
Q47314,A1
Q47315,A1
Q47316,A1
Q47317,A1
Q47318,A1
Q47319,A1
Q47320,A1
Q47321,A1
Q47322,A1
Q47323,A1
Q47324,A1
Q47325,A1
Q47326,A1
Q47327,A1
Q47328,A1
Q47329,A1
Q47330,A1
Q47331,A1
Q47332,A1
Q47333,A1
Q47334,A1
Q47335,A1
Q47336,A1
Q47337,A1
Q47338,A1
Q47339,A1
Q47340,A1
Q47341,A1
Q47342,A1
Q47343,A1
Q47344,A1
Q47345,A1
Q47346,A1
Q47347,A1
Q47348,A1
Q47349,A1
Q47350,A1
Q47351,A1
Q47352,A1
Q47353,A1
Q47354,A1
Q47355,A1
Q47356,A1
Q47357,A1
Q47358,A1
Q47359,A1
Q47360,A1
Q47361,A1
Q47362,A1
Q47363,A1
Q47364,A1
Q47365,A1
Q47366,A1
Q47367,A1
Q47368,A1
Q47369,A1
Q47370,A1
Q47371,A1
Q47372,A1
Q47373,A1
Q47374,A1
Q47375,A1
Q47376,A1
Q47377,A1
Q47378,A1
Q47379,A1
Q47380,A1
Q47381,A1
Q47382,A1
Q47383,A1
Q47384,A1
Q47385,A1
Q47386,A1
Q47387,A1
Q47388,A1
Q47389,A1
Q47390,A1
Q47391,A1
Q47392,A1
Q47393,A1
Q47394,A1
Q47395,A1
Q47396,A1
Q47397,A1
Q47398,A1
Q47399,A1
Q47400,A1
Q47401,A1
Q47402,A1
Q47403,A1
Q47404,A1
Q47405,A1
Q47406,A1
Q47407,A1
Q47408,A1
Q47409,A1
Q47410,A1
Q47411,A1
Q47412,A1
Q47413,A1
Q47414,A1
Q47415,A1
Q47416,A1
Q47417,A1
Q47418,A1
Q47419,A1
Q47420,A1
Q47421,A1
Q47422,A1
Q47423,A1
Q47424,A1
Q47425,A1
Q47426,A1
Q47427,A1
Q47428,A1
Q47429,A1
Q47430,A1
Q47431,A1
Q47432,A1
Q47433,A1
Q47434,A1
Q47435,A1
Q47436,A1
Q47437,A1
Q47438,A1
Q47439,A1
Q47440,A1
Q47441,A1
Q47442,A1
Q47443,A1
Q47444,A1
Q47445,A1
Q47446,A1
Q47447,A1
Q47448,A1
Q47449,A1
Q47450,A1
Q47451,A1
Q47452,A1
Q47453,A1
Q47454,A1
Q47455,A1
Q47456,A1
Q47457,A1
Q47458,A1
Q47459,A1
Q47460,A1
Q47461,A1
Q47462,A1
Q47463,A1
Q47464,A1
Q47465,A1
Q47466,A1
Q47467,A1
Q47468,A1
Q47469,A1
Q47470,A1
Q47471,A1
Q47472,A1
Q47473,A1
Q47474,A1
Q47475,A1
Q47476,A1
Q47477,A1
Q47478,A1
Q47479,A1
Q47480,A1
Q47481,A1
Q47482,A1
Q47483,A1
Q47484,A1
Q47485,A1
Q47486,A1
Q47487,A1
Q47488,A1
Q47489,A1
Q47490,A1
Q47491,A1
Q47492,A1
Q47493,A1
Q47494,A1
Q47495,A1
Q47496,A1
Q47497,A1
Q47498,A1
Q47499,A1
Q47500,A1
Q47501,A1
Q47502,A1
Q47503,A1
Q47504,A1
Q47505,A1
Q47506,A1
Q47507,A1
Q47508,A1
Q47509,A1
Q47510,A1
Q47511,A1
Q47512,A1
Q47513,A1
Q47514,A1
Q47515,A1
Q47516,A1
Q47517,A1
Q47518,A1
Q47519,A1
Q47520,A1
Q47521,A1
Q47522,A1
Q47523,A1
Q47524,A1
Q47525,A1
Q47526,A1
Q47527,A1
Q47528,A1
Q47529,A1
Q47530,A1
Q47531,A1
Q47532,A1
Q47533,A1
Q47534,A1
Q47535,A1
Q47536,A1
Q47537,A1
Q47538,A1
Q47539,A1
Q47540,A1
Q47541,A1
Q47542,A1
Q47543,A1
Q47544,A1
Q47545,A1
Q47546,A1
Q47547,A1
Q47548,A1
Q47549,A1
Q47550,A1
Q47551,A1
Q47552,A1
Q47553,A1
Q47554,A1
Q47555,A1
Q47556,A1
Q47557,A1
Q47558,A1
Q47559,A1
Q47560,A1
Q47561,A1
Q47562,A1
Q47563,A1
Q47564,A1
Q47565,A1
Q47566,A1
Q47567,A1
Q47568,A1
Q47569,A1
Q47570,A1
Q47571,A1
Q47572,A1
Q47573,A1
Q47574,A1
Q47575,A1
Q47576,A1
Q47577,A1
Q47578,A1
Q47579,A1
Q47580,A1
Q47581,A1
Q47582,A1
Q47583,A1
Q47584,A1
Q47585,A1
Q47586,A1
Q47587,A1
Q47588,A1
Q47589,A1
Q47590,A1
Q47591,A1
Q47592,A1
Q47593,A1
Q47594,A1
Q47595,A1
Q47596,A1
Q47597,A1
Q47598,A1
Q47599,A1
Q47600,A1
Q47601,A1
Q47602,A1
Q47603,A1
Q47604,A1
Q47605,A1
Q47606,A1
Q47607,A1
Q47608,A1
Q47609,A1
Q47610,A1
Q47611,A1
Q47612,A1
Q47613,A1
Q47614,A1
Q47615,A1
Q47616,A1
Q47617,A1
Q47618,A1
Q47619,A1
Q47620,A1
Q47621,A1
Q47622,A1
Q47623,A1
Q47624,A1
Q47625,A1
Q47626,A1
Q47627,A1
Q47628,A1
Q47629,A1
Q47630,A1
Q47631,A1
Q47632,A1
Q47633,A1
Q47634,A1
Q47635,A1
Q47636,A1
Q47637,A1
Q47638,A1
Q47639,A1
Q47640,A1
Q47641,A1
Q47642,A1
Q47643,A1
Q47644,A1
Q47645,A1
Q47646,A1
Q47647,A1
Q47648,A1
Q47649,A1
Q47650,A1
Q47651,A1
Q47652,A1
Q47653,A1
Q47654,A1
Q47655,A1
Q47656,A1
Q47657,A1
Q47658,A1
Q47659,A1
Q47660,A1
Q47661,A1
Q47662,A1
Q47663,A1
Q47664,A1
Q47665,A1
Q47666,A1
Q47667,A1
Q47668,A1
Q47669,A1
Q47670,A1
Q47671,A1
Q47672,A1
Q47673,A1
Q47674,A1
Q47675,A1
Q47676,A1
Q47677,A1
Q47678,A1
Q47679,A1
Q47680,A1
Q47681,A1
Q47682,A1
Q47683,A1
Q47684,A1
Q47685,A1
Q47686,A1
Q47687,A1
Q47688,A1
Q47689,A1
Q47690,A1
Q47691,A1
Q47692,A1
Q47693,A1
Q47694,A1
Q47695,A1
Q47696,A1
Q47697,A1
Q47698,A1
Q47699,A1
Q47700,A1
Q47701,A1
Q47702,A1
Q47703,A1
Q47704,A1
Q47705,A1
Q47706,A1
Q47707,A1
Q47708,A1
Q47709,A1
Q47710,A1
Q47711,A1
Q47712,A1
Q47713,A1
Q47714,A1
Q47715,A1
Q47716,A1
Q47717,A1
Q47718,A1
Q47719,A1
Q47720,A1
Q47721,A1
Q47722,A1
Q47723,A1
Q47724,A1
Q47725,A1
Q47726,A1
Q47727,A1
Q47728,A1
Q47729,A1
Q47730,A1
Q47731,A1
Q47732,A1
Q47733,A1
Q47734,A1
Q47735,A1
Q47736,A1
Q47737,A1
Q47738,A1
Q47739,A1
Q47740,A1
Q47741,A1
Q47742,A1
Q47743,A1
Q47744,A1
Q47745,A1
Q47746,A1
Q47747,A1
Q47748,A1
Q47749,A1
Q47750,A1
Q47751,A1
Q47752,A1
Q47753,A1
Q47754,A1
Q47755,A1
Q47756,A1
Q47757,A1
Q47758,A1
Q47759,A1
Q47760,A1
Q47761,A1
Q47762,A1
Q47763,A1
Q47764,A1
Q47765,A1
Q47766,A1
Q47767,A1
Q47768,A1
Q47769,A1
Q47770,A1
Q47771,A1
Q47772,A1
Q47773,A1
Q47774,A1
Q47775,A1
Q47776,A1
Q47777,A1
Q47778,A1
Q47779,A1
Q47780,A1
Q47781,A1
Q47782,A1
Q47783,A1
Q47784,A1
Q47785,A1
Q47786,A1
Q47787,A1
Q47788,A1
Q47789,A1
Q47790,A1
Q47791,A1
Q47792,A1
Q47793,A1
Q47794,A1
Q47795,A1
Q47796,A1
Q47797,A1
Q47798,A1
Q47799,A1
Q47800,A1
Q47801,A1
Q47802,A1
Q47803,A1
Q47804,A1
Q47805,A1
Q47806,A1
Q47807,A1
Q47808,A1
Q47809,A1
Q47810,A1
Q47811,A1
Q47812,A1
Q47813,A1
Q47814,A1
Q47815,A1
Q47816,A1
Q47817,A1
Q47818,A1
Q47819,A1
Q47820,A1
Q47821,A1
Q47822,A1
Q47823,A1
Q47824,A1
Q47825,A1
Q47826,A1
Q47827,A1
Q47828,A1
Q47829,A1
Q47830,A1
Q47831,A1
Q47832,A1
Q47833,A1
Q47834,A1
Q47835,A1
Q47836,A1
Q47837,A1
Q47838,A1
Q47839,A1
Q47840,A1
Q47841,A1
Q47842,A1
Q47843,A1
Q47844,A1
Q47845,A1
Q47846,A1
Q47847,A1
Q47848,A1
Q47849,A1
Q47850,A1
Q47851,A1
Q47852,A1
Q47853,A1
Q47854,A1
Q47855,A1
Q47856,A1
Q47857,A1
Q47858,A1
Q47859,A1
Q47860,A1
Q47861,A1
Q47862,A1
Q47863,A1
Q47864,A1
Q47865,A1
Q47866,A1
Q47867,A1
Q47868,A1
Q47869,A1
Q47870,A1
Q47871,A1
Q47872,A1
Q47873,A1
Q47874,A1
Q47875,A1
Q47876,A1
Q47877,A1
Q47878,A1
Q47879,A1
Q47880,A1
Q47881,A1
Q47882,A1
Q47883,A1
Q47884,A1
Q47885,A1
Q47886,A1
Q47887,A1
Q47888,A1
Q47889,A1
Q47890,A1
Q47891,A1
Q47892,A1
Q47893,A1
Q47894,A1
Q47895,A1
Q47896,A1
Q47897,A1
Q47898,A1
Q47899,A1
Q47900,A1
Q47901,A1
Q47902,A1
Q47903,A1
Q47904,A1
Q47905,A1
Q47906,A1
Q47907,A1
Q47908,A1
Q47909,A1
Q47910,A1
Q47911,A1
Q47912,A1
Q47913,A1
Q47914,A1
Q47915,A1
Q47916,A1
Q47917,A1
Q47918,A1
Q47919,A1
Q47920,A1
Q47921,A1
Q47922,A1
Q47923,A1
Q47924,A1
Q47925,A1
Q47926,A1
Q47927,A1
Q47928,A1
Q47929,A1
Q47930,A1
Q47931,A1
Q47932,A1
Q47933,A1
Q47934,A1
Q47935,A1
Q47936,A1
Q47937,A1
Q47938,A1
Q47939,A1
Q47940,A1
Q47941,A1
Q47942,A1
Q47943,A1
Q47944,A1
Q47945,A1
Q47946,A1
Q47947,A1
Q47948,A1
Q47949,A1
Q47950,A1
Q47951,A1
Q47952,A1
Q47953,A1
Q47954,A1
Q47955,A1
Q47956,A1
Q47957,A1
Q47958,A1
Q47959,A1
Q47960,A1
Q47961,A1
Q47962,A1
Q47963,A1
Q47964,A1
Q47965,A1
Q47966,A1
Q47967,A1
Q47968,A1
Q47969,A1
Q47970,A1
Q47971,A1
Q47972,A1
Q47973,A1
Q47974,A1
Q47975,A1
Q47976,A1
Q47977,A1
Q47978,A1
Q47979,A1
Q47980,A1
Q47981,A1
Q47982,A1
Q47983,A1
Q47984,A1
Q47985,A1
Q47986,A1
Q47987,A1
Q47988,A1
Q47989,A1
Q47990,A1
Q47991,A1
Q47992,A1
Q47993,A1
Q47994,A1
Q47995,A1
Q47996,A1
Q47997,A1
Q47998,A1
Q47999,A1
Q48000,A1
Q48001,A1
Q48002,A1
Q48003,A1
Q48004,A1
Q48005,A1
Q48006,A1
Q48007,A1
Q48008,A1
Q48009,A1
Q48010,A1
Q48011,A1
Q48012,A1
Q48013,A1
Q48014,A1
Q48015,A1
Q48016,A1
Q48017,A1
Q48018,A1
Q48019,A1
Q48020,A1
Q48021,A1
Q48022,A1
Q48023,A1
Q48024,A1
Q48025,A1
Q48026,A1
Q48027,A1
Q48028,A1
Q48029,A1
Q48030,A1
Q48031,A1
Q48032,A1
Q48033,A1
Q48034,A1
Q48035,A1
Q48036,A1
Q48037,A1
Q48038,A1
Q48039,A1
Q48040,A1
Q48041,A1
Q48042,A1
Q48043,A1
Q48044,A1
Q48045,A1
Q48046,A1
Q48047,A1
Q48048,A1
Q48049,A1
Q48050,A1
Q48051,A1
Q48052,A1
Q48053,A1
Q48054,A1
Q48055,A1
Q48056,A1
Q48057,A1
Q48058,A1
Q48059,A1
Q48060,A1
Q48061,A1
Q48062,A1
Q48063,A1
Q48064,A1
Q48065,A1
Q48066,A1
Q48067,A1
Q48068,A1
Q48069,A1
Q48070,A1
Q48071,A1
Q48072,A1
Q48073,A1
Q48074,A1
Q48075,A1
Q48076,A1
Q48077,A1
Q48078,A1
Q48079,A1
Q48080,A1
Q48081,A1
Q48082,A1
Q48083,A1
Q48084,A1
Q48085,A1
Q48086,A1
Q48087,A1
Q48088,A1
Q48089,A1
Q48090,A1
Q48091,A1
Q48092,A1
Q48093,A1
Q48094,A1
Q48095,A1
Q48096,A1
Q48097,A1
Q48098,A1
Q48099,A1
Q48100,A1
Q48101,A1
Q48102,A1
Q48103,A1
Q48104,A1
Q48105,A1
Q48106,A1
Q48107,A1
Q48108,A1
Q48109,A1
Q48110,A1
Q48111,A1
Q48112,A1
Q48113,A1
Q48114,A1
Q48115,A1
Q48116,A1
Q48117,A1
Q48118,A1
Q48119,A1
Q48120,A1
Q48121,A1
Q48122,A1
Q48123,A1
Q48124,A1
Q48125,A1
Q48126,A1
Q48127,A1
Q48128,A1
Q48129,A1
Q48130,A1
Q48131,A1
Q48132,A1
Q48133,A1
Q48134,A1
Q48135,A1
Q48136,A1
Q48137,A1
Q48138,A1
Q48139,A1
Q48140,A1
Q48141,A1
Q48142,A1
Q48143,A1
Q48144,A1
Q48145,A1
Q48146,A1
Q48147,A1
Q48148,A1
Q48149,A1
Q48150,A1
Q48151,A1
Q48152,A1
Q48153,A1
Q48154,A1
Q48155,A1
Q48156,A1
Q48157,A1
Q48158,A1
Q48159,A1
Q48160,A1
Q48161,A1
Q48162,A1
Q48163,A1
Q48164,A1
Q48165,A1
Q48166,A1
Q48167,A1
Q48168,A1
Q48169,A1
Q48170,A1
Q48171,A1
Q48172,A1
Q48173,A1
Q48174,A1
Q48175,A1
Q48176,A1
Q48177,A1
Q48178,A1
Q48179,A1
Q48180,A1
Q48181,A1
Q48182,A1
Q48183,A1
Q48184,A1
Q48185,A1
Q48186,A1
Q48187,A1
Q48188,A1
Q48189,A1
Q48190,A1
Q48191,A1
Q48192,A1
Q48193,A1
Q48194,A1
Q48195,A1
Q48196,A1
Q48197,A1
Q48198,A1
Q48199,A1
Q48200,A1
Q48201,A1
Q48202,A1
Q48203,A1
Q48204,A1
Q48205,A1
Q48206,A1
Q48207,A1
Q48208,A1
Q48209,A1
Q48210,A1
Q48211,A1
Q48212,A1
Q48213,A1
Q48214,A1
Q48215,A1
Q48216,A1
Q48217,A1
Q48218,A1
Q48219,A1
Q48220,A1
Q48221,A1
Q48222,A1
Q48223,A1
Q48224,A1
Q48225,A1
Q48226,A1
Q48227,A1
Q48228,A1
Q48229,A1
Q48230,A1
Q48231,A1
Q48232,A1
Q48233,A1
Q48234,A1
Q48235,A1
Q48236,A1
Q48237,A1
Q48238,A1
Q48239,A1
Q48240,A1
Q48241,A1
Q48242,A1
Q48243,A1
Q48244,A1
Q48245,A1
Q48246,A1
Q48247,A1
Q48248,A1
Q48249,A1
Q48250,A1
Q48251,A1
Q48252,A1
Q48253,A1
Q48254,A1
Q48255,A1
Q48256,A1
Q48257,A1
Q48258,A1
Q48259,A1
Q48260,A1
Q48261,A1
Q48262,A1
Q48263,A1
Q48264,A1
Q48265,A1
Q48266,A1
Q48267,A1
Q48268,A1
Q48269,A1
Q48270,A1
Q48271,A1
Q48272,A1
Q48273,A1
Q48274,A1
Q48275,A1
Q48276,A1
Q48277,A1
Q48278,A1
Q48279,A1
Q48280,A1
Q48281,A1
Q48282,A1
Q48283,A1
Q48284,A1
Q48285,A1
Q48286,A1
Q48287,A1
Q48288,A1
Q48289,A1
Q48290,A1
Q48291,A1
Q48292,A1
Q48293,A1
Q48294,A1
Q48295,A1
Q48296,A1
Q48297,A1
Q48298,A1
Q48299,A1
Q48300,A1
Q48301,A1
Q48302,A1
Q48303,A1
Q48304,A1
Q48305,A1
Q48306,A1
Q48307,A1
Q48308,A1
Q48309,A1
Q48310,A1
Q48311,A1
Q48312,A1
Q48313,A1
Q48314,A1
Q48315,A1
Q48316,A1
Q48317,A1
Q48318,A1
Q48319,A1
Q48320,A1
Q48321,A1
Q48322,A1
Q48323,A1
Q48324,A1
Q48325,A1
Q48326,A1
Q48327,A1
Q48328,A1
Q48329,A1
Q48330,A1
Q48331,A1
Q48332,A1
Q48333,A1
Q48334,A1
Q48335,A1
Q48336,A1
Q48337,A1
Q48338,A1
Q48339,A1
Q48340,A1
Q48341,A1
Q48342,A1
Q48343,A1
Q48344,A1
Q48345,A1
Q48346,A1
Q48347,A1
Q48348,A1
Q48349,A1
Q48350,A1
Q48351,A1
Q48352,A1
Q48353,A1
Q48354,A1
Q48355,A1
Q48356,A1
Q48357,A1
Q48358,A1
Q48359,A1
Q48360,A1
Q48361,A1
Q48362,A1
Q48363,A1
Q48364,A1
Q48365,A1
Q48366,A1
Q48367,A1
Q48368,A1
Q48369,A1
Q48370,A1
Q48371,A1
Q48372,A1
Q48373,A1
Q48374,A1
Q48375,A1
Q48376,A1
Q48377,A1
Q48378,A1
Q48379,A1
Q48380,A1
Q48381,A1
Q48382,A1
Q48383,A1
Q48384,A1
Q48385,A1
Q48386,A1
Q48387,A1
Q48388,A1
Q48389,A1
Q48390,A1
Q48391,A1
Q48392,A1
Q48393,A1
Q48394,A1
Q48395,A1
Q48396,A1
Q48397,A1
Q48398,A1
Q48399,A1
Q48400,A1
Q48401,A1
Q48402,A1
Q48403,A1
Q48404,A1
Q48405,A1
Q48406,A1
Q48407,A1
Q48408,A1
Q48409,A1
Q48410,A1
Q48411,A1
Q48412,A1
Q48413,A1
Q48414,A1
Q48415,A1
Q48416,A1
Q48417,A1
Q48418,A1
Q48419,A1
Q48420,A1
Q48421,A1
Q48422,A1
Q48423,A1
Q48424,A1
Q48425,A1
Q48426,A1
Q48427,A1
Q48428,A1
Q48429,A1
Q48430,A1
Q48431,A1
Q48432,A1
Q48433,A1
Q48434,A1
Q48435,A1
Q48436,A1
Q48437,A1
Q48438,A1
Q48439,A1
Q48440,A1
Q48441,A1
Q48442,A1
Q48443,A1
Q48444,A1
Q48445,A1
Q48446,A1
Q48447,A1
Q48448,A1
Q48449,A1
Q48450,A1
Q48451,A1
Q48452,A1
Q48453,A1
Q48454,A1
Q48455,A1
Q48456,A1
Q48457,A1
Q48458,A1
Q48459,A1
Q48460,A1
Q48461,A1
Q48462,A1
Q48463,A1
Q48464,A1
Q48465,A1
Q48466,A1
Q48467,A1
Q48468,A1
Q48469,A1
Q48470,A1
Q48471,A1
Q48472,A1
Q48473,A1
Q48474,A1
Q48475,A1
Q48476,A1
Q48477,A1
Q48478,A1
Q48479,A1
Q48480,A1
Q48481,A1
Q48482,A1
Q48483,A1
Q48484,A1
Q48485,A1
Q48486,A1
Q48487,A1
Q48488,A1
Q48489,A1
Q48490,A1
Q48491,A1
Q48492,A1
Q48493,A1
Q48494,A1
Q48495,A1
Q48496,A1
Q48497,A1
Q48498,A1
Q48499,A1
Q48500,A1
Q48501,A1
Q48502,A1
Q48503,A1
Q48504,A1
Q48505,A1
Q48506,A1
Q48507,A1
Q48508,A1
Q48509,A1
Q48510,A1
Q48511,A1
Q48512,A1
Q48513,A1
Q48514,A1
Q48515,A1
Q48516,A1
Q48517,A1
Q48518,A1
Q48519,A1
Q48520,A1
Q48521,A1
Q48522,A1
Q48523,A1
Q48524,A1
Q48525,A1
Q48526,A1
Q48527,A1
Q48528,A1
Q48529,A1
Q48530,A1
Q48531,A1
Q48532,A1
Q48533,A1
Q48534,A1
Q48535,A1
Q48536,A1
Q48537,A1
Q48538,A1
Q48539,A1
Q48540,A1
Q48541,A1
Q48542,A1
Q48543,A1
Q48544,A1
Q48545,A1
Q48546,A1
Q48547,A1
Q48548,A1
Q48549,A1
Q48550,A1
Q48551,A1
Q48552,A1
Q48553,A1
Q48554,A1
Q48555,A1
Q48556,A1
Q48557,A1
Q48558,A1
Q48559,A1
Q48560,A1
Q48561,A1
Q48562,A1
Q48563,A1
Q48564,A1
Q48565,A1
Q48566,A1
Q48567,A1
Q48568,A1
Q48569,A1
Q48570,A1
Q48571,A1
Q48572,A1
Q48573,A1
Q48574,A1
Q48575,A1
Q48576,A1
Q48577,A1
Q48578,A1
Q48579,A1
Q48580,A1
Q48581,A1
Q48582,A1
Q48583,A1
Q48584,A1
Q48585,A1
Q48586,A1
Q48587,A1
Q48588,A1
Q48589,A1
Q48590,A1
Q48591,A1
Q48592,A1
Q48593,A1
Q48594,A1
Q48595,A1
Q48596,A1
Q48597,A1
Q48598,A1
Q48599,A1
Q48600,A1
Q48601,A1
Q48602,A1
Q48603,A1
Q48604,A1
Q48605,A1
Q48606,A1
Q48607,A1
Q48608,A1
Q48609,A1
Q48610,A1
Q48611,A1
Q48612,A1
Q48613,A1
Q48614,A1
Q48615,A1
Q48616,A1
Q48617,A1
Q48618,A1
Q48619,A1
Q48620,A1
Q48621,A1
Q48622,A1
Q48623,A1
Q48624,A1
Q48625,A1
Q48626,A1
Q48627,A1
Q48628,A1
Q48629,A1
Q48630,A1
Q48631,A1
Q48632,A1
Q48633,A1
Q48634,A1
Q48635,A1
Q48636,A1
Q48637,A1
Q48638,A1
Q48639,A1
Q48640,A1
Q48641,A1
Q48642,A1
Q48643,A1
Q48644,A1
Q48645,A1
Q48646,A1
Q48647,A1
Q48648,A1
Q48649,A1
Q48650,A1
Q48651,A1
Q48652,A1
Q48653,A1
Q48654,A1
Q48655,A1
Q48656,A1
Q48657,A1
Q48658,A1
Q48659,A1
Q48660,A1
Q48661,A1
Q48662,A1
Q48663,A1
Q48664,A1
Q48665,A1
Q48666,A1
Q48667,A1
Q48668,A1
Q48669,A1
Q48670,A1
Q48671,A1
Q48672,A1
Q48673,A1
Q48674,A1
Q48675,A1
Q48676,A1
Q48677,A1
Q48678,A1
Q48679,A1
Q48680,A1
Q48681,A1
Q48682,A1
Q48683,A1
Q48684,A1
Q48685,A1
Q48686,A1
Q48687,A1
Q48688,A1
Q48689,A1
Q48690,A1
Q48691,A1
Q48692,A1
Q48693,A1
Q48694,A1
Q48695,A1
Q48696,A1
Q48697,A1
Q48698,A1
Q48699,A1
Q48700,A1
Q48701,A1
Q48702,A1
Q48703,A1
Q48704,A1
Q48705,A1
Q48706,A1
Q48707,A1
Q48708,A1
Q48709,A1
Q48710,A1
Q48711,A1
Q48712,A1
Q48713,A1
Q48714,A1
Q48715,A1
Q48716,A1
Q48717,A1
Q48718,A1
Q48719,A1
Q48720,A1
Q48721,A1
Q48722,A1
Q48723,A1
Q48724,A1
Q48725,A1
Q48726,A1
Q48727,A1
Q48728,A1
Q48729,A1
Q48730,A1
Q48731,A1
Q48732,A1
Q48733,A1
Q48734,A1
Q48735,A1
Q48736,A1
Q48737,A1
Q48738,A1
Q48739,A1
Q48740,A1
Q48741,A1
Q48742,A1
Q48743,A1
Q48744,A1
Q48745,A1
Q48746,A1
Q48747,A1
Q48748,A1
Q48749,A1
Q48750,A1
Q48751,A1
Q48752,A1
Q48753,A1
Q48754,A1
Q48755,A1
Q48756,A1
Q48757,A1
Q48758,A1
Q48759,A1
Q48760,A1
Q48761,A1
Q48762,A1
Q48763,A1
Q48764,A1
Q48765,A1
Q48766,A1
Q48767,A1
Q48768,A1
Q48769,A1
Q48770,A1
Q48771,A1
Q48772,A1
Q48773,A1
Q48774,A1
Q48775,A1
Q48776,A1
Q48777,A1
Q48778,A1
Q48779,A1
Q48780,A1
Q48781,A1
Q48782,A1
Q48783,A1
Q48784,A1
Q48785,A1
Q48786,A1
Q48787,A1
Q48788,A1
Q48789,A1
Q48790,A1
Q48791,A1
Q48792,A1
Q48793,A1
Q48794,A1
Q48795,A1
Q48796,A1
Q48797,A1
Q48798,A1
Q48799,A1
Q48800,A1
Q48801,A1
Q48802,A1
Q48803,A1
Q48804,A1
Q48805,A1
Q48806,A1
Q48807,A1
Q48808,A1
Q48809,A1
Q48810,A1
Q48811,A1
Q48812,A1
Q48813,A1
Q48814,A1
Q48815,A1
Q48816,A1
Q48817,A1
Q48818,A1
Q48819,A1
Q48820,A1
Q48821,A1
Q48822,A1
Q48823,A1
Q48824,A1
Q48825,A1
Q48826,A1
Q48827,A1
Q48828,A1
Q48829,A1
Q48830,A1
Q48831,A1
Q48832,A1
Q48833,A1
Q48834,A1
Q48835,A1
Q48836,A1
Q48837,A1
Q48838,A1
Q48839,A1
Q48840,A1
Q48841,A1
Q48842,A1
Q48843,A1
Q48844,A1
Q48845,A1
Q48846,A1
Q48847,A1
Q48848,A1
Q48849,A1
Q48850,A1
Q48851,A1
Q48852,A1
Q48853,A1
Q48854,A1
Q48855,A1
Q48856,A1
Q48857,A1
Q48858,A1
Q48859,A1
Q48860,A1
Q48861,A1
Q48862,A1
Q48863,A1
Q48864,A1
Q48865,A1
Q48866,A1
Q48867,A1
Q48868,A1
Q48869,A1
Q48870,A1
Q48871,A1
Q48872,A1
Q48873,A1
Q48874,A1
Q48875,A1
Q48876,A1
Q48877,A1
Q48878,A1
Q48879,A1
Q48880,A1
Q48881,A1
Q48882,A1
Q48883,A1
Q48884,A1
Q48885,A1
Q48886,A1
Q48887,A1
Q48888,A1
Q48889,A1
Q48890,A1
Q48891,A1
Q48892,A1
Q48893,A1
Q48894,A1
Q48895,A1
Q48896,A1
Q48897,A1
Q48898,A1
Q48899,A1
Q48900,A1
Q48901,A1
Q48902,A1
Q48903,A1
Q48904,A1
Q48905,A1
Q48906,A1
Q48907,A1
Q48908,A1
Q48909,A1
Q48910,A1
Q48911,A1
Q48912,A1
Q48913,A1
Q48914,A1
Q48915,A1
Q48916,A1
Q48917,A1
Q48918,A1
Q48919,A1
Q48920,A1
Q48921,A1
Q48922,A1
Q48923,A1
Q48924,A1
Q48925,A1
Q48926,A1
Q48927,A1
Q48928,A1
Q48929,A1
Q48930,A1
Q48931,A1
Q48932,A1
Q48933,A1
Q48934,A1
Q48935,A1
Q48936,A1
Q48937,A1
Q48938,A1
Q48939,A1
Q48940,A1
Q48941,A1
Q48942,A1
Q48943,A1
Q48944,A1
Q48945,A1
Q48946,A1
Q48947,A1
Q48948,A1
Q48949,A1
Q48950,A1
Q48951,A1
Q48952,A1
Q48953,A1
Q48954,A1
Q48955,A1
Q48956,A1
Q48957,A1
Q48958,A1
Q48959,A1
Q48960,A1
Q48961,A1
Q48962,A1
Q48963,A1
Q48964,A1
Q48965,A1
Q48966,A1
Q48967,A1
Q48968,A1
Q48969,A1
Q48970,A1
Q48971,A1
Q48972,A1
Q48973,A1
Q48974,A1
Q48975,A1
Q48976,A1
Q48977,A1
Q48978,A1
Q48979,A1
Q48980,A1
Q48981,A1
Q48982,A1
Q48983,A1
Q48984,A1
Q48985,A1
Q48986,A1
Q48987,A1
Q48988,A1
Q48989,A1
Q48990,A1
Q48991,A1
Q48992,A1
Q48993,A1
Q48994,A1
Q48995,A1
Q48996,A1
Q48997,A1
Q48998,A1
Q48999,A1
Q49000,A1
Q49001,A1
Q49002,A1
Q49003,A1
Q49004,A1
Q49005,A1
Q49006,A1
Q49007,A1
Q49008,A1
Q49009,A1
Q49010,A1
Q49011,A1
Q49012,A1
Q49013,A1
Q49014,A1
Q49015,A1
Q49016,A1
Q49017,A1
Q49018,A1
Q49019,A1
Q49020,A1
Q49021,A1
Q49022,A1
Q49023,A1
Q49024,A1
Q49025,A1
Q49026,A1
Q49027,A1
Q49028,A1
Q49029,A1
Q49030,A1
Q49031,A1
Q49032,A1
Q49033,A1
Q49034,A1
Q49035,A1
Q49036,A1
Q49037,A1
Q49038,A1
Q49039,A1
Q49040,A1
Q49041,A1
Q49042,A1
Q49043,A1
Q49044,A1
Q49045,A1
Q49046,A1
Q49047,A1
Q49048,A1
Q49049,A1
Q49050,A1
Q49051,A1
Q49052,A1
Q49053,A1
Q49054,A1
Q49055,A1
Q49056,A1
Q49057,A1
Q49058,A1
Q49059,A1
Q49060,A1
Q49061,A1
Q49062,A1
Q49063,A1
Q49064,A1
Q49065,A1
Q49066,A1
Q49067,A1
Q49068,A1
Q49069,A1
Q49070,A1
Q49071,A1
Q49072,A1
Q49073,A1
Q49074,A1
Q49075,A1
Q49076,A1
Q49077,A1
Q49078,A1
Q49079,A1
Q49080,A1
Q49081,A1
Q49082,A1
Q49083,A1
Q49084,A1
Q49085,A1
Q49086,A1
Q49087,A1
Q49088,A1
Q49089,A1
Q49090,A1
Q49091,A1
Q49092,A1
Q49093,A1
Q49094,A1
Q49095,A1
Q49096,A1
Q49097,A1
Q49098,A1
Q49099,A1
Q49100,A1
Q49101,A1
Q49102,A1
Q49103,A1
Q49104,A1
Q49105,A1
Q49106,A1
Q49107,A1
Q49108,A1
Q49109,A1
Q49110,A1
Q49111,A1
Q49112,A1
Q49113,A1
Q49114,A1
Q49115,A1
Q49116,A1
Q49117,A1
Q49118,A1
Q49119,A1
Q49120,A1
Q49121,A1
Q49122,A1
Q49123,A1
Q49124,A1
Q49125,A1
Q49126,A1
Q49127,A1
Q49128,A1
Q49129,A1
Q49130,A1
Q49131,A1
Q49132,A1
Q49133,A1
Q49134,A1
Q49135,A1
Q49136,A1
Q49137,A1
Q49138,A1
Q49139,A1
Q49140,A1
Q49141,A1
Q49142,A1
Q49143,A1
Q49144,A1
Q49145,A1
Q49146,A1
Q49147,A1
Q49148,A1
Q49149,A1
Q49150,A1
Q49151,A1
Q49152,A1
Q49153,A1
Q49154,A1
Q49155,A1
Q49156,A1
Q49157,A1
Q49158,A1
Q49159,A1
Q49160,A1
Q49161,A1
Q49162,A1
Q49163,A1
Q49164,A1
Q49165,A1
Q49166,A1
Q49167,A1
Q49168,A1
Q49169,A1
Q49170,A1
Q49171,A1
Q49172,A1
Q49173,A1
Q49174,A1
Q49175,A1
Q49176,A1
Q49177,A1
Q49178,A1
Q49179,A1
Q49180,A1
Q49181,A1
Q49182,A1
Q49183,A1
Q49184,A1
Q49185,A1
Q49186,A1
Q49187,A1
Q49188,A1
Q49189,A1
Q49190,A1
Q49191,A1
Q49192,A1
Q49193,A1
Q49194,A1
Q49195,A1
Q49196,A1
Q49197,A1
Q49198,A1
Q49199,A1
Q49200,A1
Q49201,A1
Q49202,A1
Q49203,A1
Q49204,A1
Q49205,A1
Q49206,A1
Q49207,A1
Q49208,A1
Q49209,A1
Q49210,A1
Q49211,A1
Q49212,A1
Q49213,A1
Q49214,A1
Q49215,A1
Q49216,A1
Q49217,A1
Q49218,A1
Q49219,A1
Q49220,A1
Q49221,A1
Q49222,A1
Q49223,A1
Q49224,A1
Q49225,A1
Q49226,A1
Q49227,A1
Q49228,A1
Q49229,A1
Q49230,A1
Q49231,A1
Q49232,A1
Q49233,A1
Q49234,A1
Q49235,A1
Q49236,A1
Q49237,A1
Q49238,A1
Q49239,A1
Q49240,A1
Q49241,A1
Q49242,A1
Q49243,A1
Q49244,A1
Q49245,A1
Q49246,A1
Q49247,A1
Q49248,A1
Q49249,A1
Q49250,A1
Q49251,A1
Q49252,A1
Q49253,A1
Q49254,A1
Q49255,A1
Q49256,A1
Q49257,A1
Q49258,A1
Q49259,A1
Q49260,A1
Q49261,A1
Q49262,A1
Q49263,A1
Q49264,A1
Q49265,A1
Q49266,A1
Q49267,A1
Q49268,A1
Q49269,A1
Q49270,A1
Q49271,A1
Q49272,A1
Q49273,A1
Q49274,A1
Q49275,A1
Q49276,A1
Q49277,A1
Q49278,A1
Q49279,A1
Q49280,A1
Q49281,A1
Q49282,A1
Q49283,A1
Q49284,A1
Q49285,A1
Q49286,A1
Q49287,A1
Q49288,A1
Q49289,A1
Q49290,A1
Q49291,A1
Q49292,A1
Q49293,A1
Q49294,A1
Q49295,A1
Q49296,A1
Q49297,A1
Q49298,A1
Q49299,A1
Q49300,A1
Q49301,A1
Q49302,A1
Q49303,A1
Q49304,A1
Q49305,A1
Q49306,A1
Q49307,A1
Q49308,A1
Q49309,A1
Q49310,A1
Q49311,A1
Q49312,A1
Q49313,A1
Q49314,A1
Q49315,A1
Q49316,A1
Q49317,A1
Q49318,A1
Q49319,A1
Q49320,A1
Q49321,A1
Q49322,A1
Q49323,A1
Q49324,A1
Q49325,A1
Q49326,A1
Q49327,A1
Q49328,A1
Q49329,A1
Q49330,A1
Q49331,A1
Q49332,A1
Q49333,A1
Q49334,A1
Q49335,A1
Q49336,A1
Q49337,A1
Q49338,A1
Q49339,A1
Q49340,A1
Q49341,A1
Q49342,A1
Q49343,A1
Q49344,A1
Q49345,A1
Q49346,A1
Q49347,A1
Q49348,A1
Q49349,A1
Q49350,A1
Q49351,A1
Q49352,A1
Q49353,A1
Q49354,A1
Q49355,A1
Q49356,A1
Q49357,A1
Q49358,A1
Q49359,A1
Q49360,A1
Q49361,A1
Q49362,A1
Q49363,A1
Q49364,A1
Q49365,A1
Q49366,A1
Q49367,A1
Q49368,A1
Q49369,A1
Q49370,A1
Q49371,A1
Q49372,A1
Q49373,A1
Q49374,A1
Q49375,A1
Q49376,A1
Q49377,A1
Q49378,A1
Q49379,A1
Q49380,A1
Q49381,A1
Q49382,A1
Q49383,A1
Q49384,A1
Q49385,A1
Q49386,A1
Q49387,A1
Q49388,A1
Q49389,A1
Q49390,A1
Q49391,A1
Q49392,A1
Q49393,A1
Q49394,A1
Q49395,A1
Q49396,A1
Q49397,A1
Q49398,A1
Q49399,A1
Q49400,A1
Q49401,A1
Q49402,A1
Q49403,A1
Q49404,A1
Q49405,A1
Q49406,A1
Q49407,A1
Q49408,A1
Q49409,A1
Q49410,A1
Q49411,A1
Q49412,A1
Q49413,A1
Q49414,A1
Q49415,A1
Q49416,A1
Q49417,A1
Q49418,A1
Q49419,A1
Q49420,A1
Q49421,A1
Q49422,A1
Q49423,A1
Q49424,A1
Q49425,A1
Q49426,A1
Q49427,A1
Q49428,A1
Q49429,A1
Q49430,A1
Q49431,A1
Q49432,A1
Q49433,A1
Q49434,A1
Q49435,A1
Q49436,A1
Q49437,A1
Q49438,A1
Q49439,A1
Q49440,A1
Q49441,A1
Q49442,A1
Q49443,A1
Q49444,A1
Q49445,A1
Q49446,A1
Q49447,A1
Q49448,A1
Q49449,A1
Q49450,A1
Q49451,A1
Q49452,A1
Q49453,A1
Q49454,A1
Q49455,A1
Q49456,A1
Q49457,A1
Q49458,A1
Q49459,A1
Q49460,A1
Q49461,A1
Q49462,A1
Q49463,A1
Q49464,A1
Q49465,A1
Q49466,A1
Q49467,A1
Q49468,A1
Q49469,A1
Q49470,A1
Q49471,A1
Q49472,A1
Q49473,A1
Q49474,A1
Q49475,A1
Q49476,A1
Q49477,A1
Q49478,A1
Q49479,A1
Q49480,A1
Q49481,A1
Q49482,A1
Q49483,A1
Q49484,A1
Q49485,A1
Q49486,A1
Q49487,A1
Q49488,A1
Q49489,A1
Q49490,A1
Q49491,A1
Q49492,A1
Q49493,A1
Q49494,A1
Q49495,A1
Q49496,A1
Q49497,A1
Q49498,A1
Q49499,A1
Q49500,A1
Q49501,A1
Q49502,A1
Q49503,A1
Q49504,A1
Q49505,A1
Q49506,A1
Q49507,A1
Q49508,A1
Q49509,A1
Q49510,A1
Q49511,A1
Q49512,A1
Q49513,A1
Q49514,A1
Q49515,A1
Q49516,A1
Q49517,A1
Q49518,A1
Q49519,A1
Q49520,A1
Q49521,A1
Q49522,A1
Q49523,A1
Q49524,A1
Q49525,A1
Q49526,A1
Q49527,A1
Q49528,A1
Q49529,A1
Q49530,A1
Q49531,A1
Q49532,A1
Q49533,A1
Q49534,A1
Q49535,A1
Q49536,A1
Q49537,A1
Q49538,A1
Q49539,A1
Q49540,A1
Q49541,A1
Q49542,A1
Q49543,A1
Q49544,A1
Q49545,A1
Q49546,A1
Q49547,A1
Q49548,A1
Q49549,A1
Q49550,A1
Q49551,A1
Q49552,A1
Q49553,A1
Q49554,A1
Q49555,A1
Q49556,A1
Q49557,A1
Q49558,A1
Q49559,A1
Q49560,A1
Q49561,A1
Q49562,A1
Q49563,A1
Q49564,A1
Q49565,A1
Q49566,A1
Q49567,A1
Q49568,A1
Q49569,A1
Q49570,A1
Q49571,A1
Q49572,A1
Q49573,A1
Q49574,A1
Q49575,A1
Q49576,A1
Q49577,A1
Q49578,A1
Q49579,A1
Q49580,A1
Q49581,A1
Q49582,A1
Q49583,A1
Q49584,A1
Q49585,A1
Q49586,A1
Q49587,A1
Q49588,A1
Q49589,A1
Q49590,A1
Q49591,A1
Q49592,A1
Q49593,A1
Q49594,A1
Q49595,A1
Q49596,A1
Q49597,A1
Q49598,A1
Q49599,A1
Q49600,A1
Q49601,A1
Q49602,A1
Q49603,A1
Q49604,A1
Q49605,A1
Q49606,A1
Q49607,A1
Q49608,A1
Q49609,A1
Q49610,A1
Q49611,A1
Q49612,A1
Q49613,A1
Q49614,A1
Q49615,A1
Q49616,A1
Q49617,A1
Q49618,A1
Q49619,A1
Q49620,A1
Q49621,A1
Q49622,A1
Q49623,A1
Q49624,A1
Q49625,A1
Q49626,A1
Q49627,A1
Q49628,A1
Q49629,A1
Q49630,A1
Q49631,A1
Q49632,A1
Q49633,A1
Q49634,A1
Q49635,A1
Q49636,A1
Q49637,A1
Q49638,A1
Q49639,A1
Q49640,A1
Q49641,A1
Q49642,A1
Q49643,A1
Q49644,A1
Q49645,A1
Q49646,A1
Q49647,A1
Q49648,A1
Q49649,A1
Q49650,A1
Q49651,A1
Q49652,A1
Q49653,A1
Q49654,A1
Q49655,A1
Q49656,A1
Q49657,A1
Q49658,A1
Q49659,A1
Q49660,A1
Q49661,A1
Q49662,A1
Q49663,A1
Q49664,A1
Q49665,A1
Q49666,A1
Q49667,A1
Q49668,A1
Q49669,A1
Q49670,A1
Q49671,A1
Q49672,A1
Q49673,A1
Q49674,A1
Q49675,A1
Q49676,A1
Q49677,A1
Q49678,A1
Q49679,A1
Q49680,A1
Q49681,A1
Q49682,A1
Q49683,A1
Q49684,A1
Q49685,A1
Q49686,A1
Q49687,A1
Q49688,A1
Q49689,A1
Q49690,A1
Q49691,A1
Q49692,A1
Q49693,A1
Q49694,A1
Q49695,A1
Q49696,A1
Q49697,A1
Q49698,A1
Q49699,A1
Q49700,A1
Q49701,A1
Q49702,A1
Q49703,A1
Q49704,A1
Q49705,A1
Q49706,A1
Q49707,A1
Q49708,A1
Q49709,A1
Q49710,A1
Q49711,A1
Q49712,A1
Q49713,A1
Q49714,A1
Q49715,A1
Q49716,A1
Q49717,A1
Q49718,A1
Q49719,A1
Q49720,A1
Q49721,A1
Q49722,A1
Q49723,A1
Q49724,A1
Q49725,A1
Q49726,A1
Q49727,A1
Q49728,A1
Q49729,A1
Q49730,A1
Q49731,A1
Q49732,A1
Q49733,A1
Q49734,A1
Q49735,A1
Q49736,A1
Q49737,A1
Q49738,A1
Q49739,A1
Q49740,A1
Q49741,A1
Q49742,A1
Q49743,A1
Q49744,A1
Q49745,A1
Q49746,A1
Q49747,A1
Q49748,A1
Q49749,A0
Q49750,A0
Q49751,A0
Q49752,A0
Q49753,A0
Q49754,A0
Q49755,A0
Q49756,A0
Q49757,A0
Q49758,A0
Q49759,A0
Q49760,A0
Q49761,A0
Q49762,A0
Q49763,A0
Q49764,A0
Q49765,A0
Q49766,A0
Q49767,A0
Q49768,A0
Q49769,A0
Q49770,A0
Q49771,A0
Q49772,A0
Q49773,A0
Q49774,A0
Q49775,A0
Q49776,A0
Q49777,A0
Q49778,A0
Q49779,A0
Q49780,A0
Q49781,A0
Q49782,A0
Q49783,A0
Q49784,A0
Q49785,A0
Q49786,A0
Q49787,A0
Q49788,A0
Q49789,A0
Q49790,A0
Q49791,A0
Q49792,A0
Q49793,A0
Q49794,A0
Q49795,A0
Q49796,A0
Q49797,A0
Q49798,A0
Q49799,A0
Q49800,A0
Q49801,A0
Q49802,A0
Q49803,A0
Q49804,A0
Q49805,A0
Q49806,A0
Q49807,A0
Q49808,A0
Q49809,A0
Q49810,A0
Q49811,A0
Q49812,A0
Q49813,A0
Q49814,A0
Q49815,A0
Q49816,A0
Q49817,A0
Q49818,A0
Q49819,A0
Q49820,A0
Q49821,A0
Q49822,A0
Q49823,A0
Q49824,A0
Q49825,A0
Q49826,A0
Q49827,A0
Q49828,A0
Q49829,A0
Q49830,A0
Q49831,A0
Q49832,A0
Q49833,A0
Q49834,A0
Q49835,A0
Q49836,A0
Q49837,A0
Q49838,A0
Q49839,A0
Q49840,A0
Q49841,A0
Q49842,A0
Q49843,A0
Q49844,A0
Q49845,A0
Q49846,A0
Q49847,A0
Q49848,A0
Q49849,A0
Q49850,A0
Q49851,A0
Q49852,A0
Q49853,A0
Q49854,A0
Q49855,A0
Q49856,A0
Q49857,A0
Q49858,A0
Q49859,A0
Q49860,A0
Q49861,A0
Q49862,A0
Q49863,A0
Q49864,A0
Q49865,A0
Q49866,A0
Q49867,A0
Q49868,A0
Q49869,A0
Q49870,A0
Q49871,A0
Q49872,A0
Q49873,A0
Q49874,A0
Q49875,A0
Q49876,A0
Q49877,A0
Q49878,A0
Q49879,A0
Q49880,A0
Q49881,A0
Q49882,A0
Q49883,A0
Q49884,A0
Q49885,A0
Q49886,A0
Q49887,A0
Q49888,A0
Q49889,A0
Q49890,A0
Q49891,A0
Q49892,A0
Q49893,A0
Q49894,A0
Q49895,A0
Q49896,A0
Q49897,A0
Q49898,A0
Q49899,A0
Q49900,A0
Q49901,A0
Q49902,A0
Q49903,A0
Q49904,A0
Q49905,A0
Q49906,A0
Q49907,A0
Q49908,A0
Q49909,A0
Q49910,A0
Q49911,A0
Q49912,A0
Q49913,A0
Q49914,A0
Q49915,A0
Q49916,A0
Q49917,A0
Q49918,A0
Q49919,A0
Q49920,A0
Q49921,A0
Q49922,A0
Q49923,A0
Q49924,A0
Q49925,A0
Q49926,A0
Q49927,A0
Q49928,A0
Q49929,A0
Q49930,A0
Q49931,A0
Q49932,A0
Q49933,A0
Q49934,A0
Q49935,A0
Q49936,A0
Q49937,A0
Q49938,A0
Q49939,A0
Q49940,A0
Q49941,A0
Q49942,A0
Q49943,A0
Q49944,A0
Q49945,A0
Q49946,A0
Q49947,A0
Q49948,A0
Q49949,A0
Q49950,A0
Q49951,A0
Q49952,A0
Q49953,A0
Q49954,A0
Q49955,A0
Q49956,A0
Q49957,A0
Q49958,A0
Q49959,A0
Q49960,A0
Q49961,A0
Q49962,A0
Q49963,A0
Q49964,A0
Q49965,A0
Q49966,A0
Q49967,A0
Q49968,A0
Q49969,A0
Q49970,A0
Q49971,A0
Q49972,A0
Q49973,A0
Q49974,A0
Q49975,A0
Q49976,A0
Q49977,A0
Q49978,A0
Q49979,A0
Q49980,A0
Q49981,A0
Q49982,A0
Q49983,A0
Q49984,A0
Q49985,A0
Q49986,A0
Q49987,A0
Q49988,A0
Q49989,A0
Q49990,A0
Q49991,A0
Q49992,A0
Q49993,A0
Q49994,A0
Q49995,A0
Q49996,A0
Q49997,A0
Q49998,A0
Q49999,A0
Q50000,A0
Q50001,A0
Q50002,A0
Q50003,A0
Q50004,A0
Q50005,A0
Q50006,A0
Q50007,A0
Q50008,A0
Q50009,A0
Q50010,A0
Q50011,A0
Q50012,A0
Q50013,A0
Q50014,A0
Q50015,A0
Q50016,A0
Q50017,A0
Q50018,A0
Q50019,A0
Q50020,A0
Q50021,A0
Q50022,A0
Q50023,A0
Q50024,A0
Q50025,A0
Q50026,A0
Q50027,A0
Q50028,A0
Q50029,A0
Q50030,A0
Q50031,A0
Q50032,A0
Q50033,A0
Q50034,A0
Q50035,A0
Q50036,A0
Q50037,A0
Q50038,A0
Q50039,A0
Q50040,A0
Q50041,A0
Q50042,A0
Q50043,A0
Q50044,A0
Q50045,A0
Q50046,A0
Q50047,A0
Q50048,A0
Q50049,A0
Q50050,A0
Q50051,A0
Q50052,A0
Q50053,A0
Q50054,A0
Q50055,A0
Q50056,A0
Q50057,A0
Q50058,A0
Q50059,A0
Q50060,A0
Q50061,A0
Q50062,A0
Q50063,A0
Q50064,A0
Q50065,A0
Q50066,A0
Q50067,A0
Q50068,A0
Q50069,A0
Q50070,A0
Q50071,A0
Q50072,A0
Q50073,A0
Q50074,A0
Q50075,A0
Q50076,A0
Q50077,A0
Q50078,A0
Q50079,A0
Q50080,A0
Q50081,A0
Q50082,A0
Q50083,A0
Q50084,A0
Q50085,A0
Q50086,A0
Q50087,A0
Q50088,A0
Q50089,A0
Q50090,A0
Q50091,A0
Q50092,A0
Q50093,A0
Q50094,A0
Q50095,A0
Q50096,A0
Q50097,A0
Q50098,A0
Q50099,A0
Q50100,A0
Q50101,A0
Q50102,A0
Q50103,A0
Q50104,A0
Q50105,A0
Q50106,A0
Q50107,A0
Q50108,A0
Q50109,A0
Q50110,A0
Q50111,A0
Q50112,A0
Q50113,A0
Q50114,A0
Q50115,A0
Q50116,A0
Q50117,A0
Q50118,A0
Q50119,A0
Q50120,A0
Q50121,A0
Q50122,A0
Q50123,A0
Q50124,A0
Q50125,A0
Q50126,A0
Q50127,A0
Q50128,A0
Q50129,A0
Q50130,A0
Q50131,A0
Q50132,A0
Q50133,A0
Q50134,A0
Q50135,A0
Q50136,A0
Q50137,A0
Q50138,A0
Q50139,A0
Q50140,A0
Q50141,A0
Q50142,A0
Q50143,A0
Q50144,A0
Q50145,A0
Q50146,A0
Q50147,A0
Q50148,A0
Q50149,A0
Q50150,A0
Q50151,A0
Q50152,A0
Q50153,A0
Q50154,A0
Q50155,A0
Q50156,A0
Q50157,A0
Q50158,A0
Q50159,A0
Q50160,A0
Q50161,A0
Q50162,A0
Q50163,A0
Q50164,A0
Q50165,A0
Q50166,A0
Q50167,A0
Q50168,A0
Q50169,A0
Q50170,A0
Q50171,A0
Q50172,A0
Q50173,A0
Q50174,A0
Q50175,A0
Q50176,A0
Q50177,A0
Q50178,A0
Q50179,A0
Q50180,A0
Q50181,A0
Q50182,A0
Q50183,A0
Q50184,A0
Q50185,A0
Q50186,A0
Q50187,A0
Q50188,A0
Q50189,A0
Q50190,A0
Q50191,A0
Q50192,A0
Q50193,A0
Q50194,A0
Q50195,A0
Q50196,A0
Q50197,A0
Q50198,A0
Q50199,A0
Q50200,A0
Q50201,A0
Q50202,A0
Q50203,A0
Q50204,A0
Q50205,A0
Q50206,A0
Q50207,A0
Q50208,A0
Q50209,A0
Q50210,A0
Q50211,A0
Q50212,A0
Q50213,A0
Q50214,A0
Q50215,A0
Q50216,A0
Q50217,A0
Q50218,A0
Q50219,A0
Q50220,A0
Q50221,A0
Q50222,A0
Q50223,A0
Q50224,A0
Q50225,A0
Q50226,A0
Q50227,A0
Q50228,A0
Q50229,A0
Q50230,A0
Q50231,A0
Q50232,A0
Q50233,A0
Q50234,A0
Q50235,A0
Q50236,A0
Q50237,A0
Q50238,A0
Q50239,A0
Q50240,A0
Q50241,A0
Q50242,A0
Q50243,A0
Q50244,A0
Q50245,A0
Q50246,A0
Q50247,A0
Q50248,A0
Q50249,A0
Q50250,A0
Q50251,A0
Q50252,A0
Q50253,A0
Q50254,A0
Q50255,A0
Q50256,A0
Q50257,A0
Q50258,A0
Q50259,A0
Q50260,A0
Q50261,A0
Q50262,A0
Q50263,A0
Q50264,A0
Q50265,A0
Q50266,A0
Q50267,A0
Q50268,A0
Q50269,A0
Q50270,A0
Q50271,A0
Q50272,A0
Q50273,A0
Q50274,A0
Q50275,A0
Q50276,A0
Q50277,A0
Q50278,A0
Q50279,A0
Q50280,A0
Q50281,A0
Q50282,A0
Q50283,A0
Q50284,A0
Q50285,A0
Q50286,A0
Q50287,A0
Q50288,A0
Q50289,A0
Q50290,A0
Q50291,A0
Q50292,A0
Q50293,A0
Q50294,A0
Q50295,A0
Q50296,A0
Q50297,A0
Q50298,A0
Q50299,A0
Q50300,A0
Q50301,A0
Q50302,A0
Q50303,A0
Q50304,A0
Q50305,A0
Q50306,A0
Q50307,A0
Q50308,A0
Q50309,A0
Q50310,A0
Q50311,A0
Q50312,A0
Q50313,A0
Q50314,A0
Q50315,A0
Q50316,A0
Q50317,A0
Q50318,A0
Q50319,A0
Q50320,A0
Q50321,A0
Q50322,A0
Q50323,A0
Q50324,A0
Q50325,A0
Q50326,A0
Q50327,A0
Q50328,A0
Q50329,A0
Q50330,A0
Q50331,A0
Q50332,A0
Q50333,A0
Q50334,A0
Q50335,A0
Q50336,A0
Q50337,A0
Q50338,A0
Q50339,A0
Q50340,A0
Q50341,A0
Q50342,A0
Q50343,A0
Q50344,A0
Q50345,A0
Q50346,A0
Q50347,A0
Q50348,A0
Q50349,A0
Q50350,A0
Q50351,A0
Q50352,A0
Q50353,A0
Q50354,A0
Q50355,A0
Q50356,A0
Q50357,A0
Q50358,A0
Q50359,A0
Q50360,A0
Q50361,A0
Q50362,A0
Q50363,A0
Q50364,A0
Q50365,A0
Q50366,A0
Q50367,A0
Q50368,A0
Q50369,A0
Q50370,A0
Q50371,A0
Q50372,A0
Q50373,A0
Q50374,A0
Q50375,A0
Q50376,A0
Q50377,A0
Q50378,A0
Q50379,A0
Q50380,A0
Q50381,A0
Q50382,A0
Q50383,A0
Q50384,A0
Q50385,A0
Q50386,A0
Q50387,A0
Q50388,A0
Q50389,A0
Q50390,A0
Q50391,A0
Q50392,A0
Q50393,A0
Q50394,A0
Q50395,A0
Q50396,A0
Q50397,A0
Q50398,A0
Q50399,A0
Q50400,A0
Q50401,A0
Q50402,A0
Q50403,A0
Q50404,A0
Q50405,A0
Q50406,A0
Q50407,A0
Q50408,A0
Q50409,A0
Q50410,A0
Q50411,A0
Q50412,A0
Q50413,A0
Q50414,A0
Q50415,A0
Q50416,A0
Q50417,A0
Q50418,A0
Q50419,A0
Q50420,A0
Q50421,A0
Q50422,A0
Q50423,A0
Q50424,A0
Q50425,A0
Q50426,A0
Q50427,A0
Q50428,A0
Q50429,A0
Q50430,A0
Q50431,A0
Q50432,A0
Q50433,A0
Q50434,A0
Q50435,A0
Q50436,A0
Q50437,A0
Q50438,A0
Q50439,A0
Q50440,A0
Q50441,A0
Q50442,A0
Q50443,A0
Q50444,A0
Q50445,A0
Q50446,A0
Q50447,A0
Q50448,A0
Q50449,A0
Q50450,A0
Q50451,A0
Q50452,A0
Q50453,A0
Q50454,A0
Q50455,A0
Q50456,A0
Q50457,A0
Q50458,A0
Q50459,A0
Q50460,A0
Q50461,A0
Q50462,A0
Q50463,A0
Q50464,A0
Q50465,A0
Q50466,A0
Q50467,A0
Q50468,A0
Q50469,A0
Q50470,A0
Q50471,A0
Q50472,A0
Q50473,A0
Q50474,A0
Q50475,A0
Q50476,A0
Q50477,A0
Q50478,A0
Q50479,A0
Q50480,A0
Q50481,A0
Q50482,A0
Q50483,A0
Q50484,A0
Q50485,A0
Q50486,A0
Q50487,A0
Q50488,A0
Q50489,A0
Q50490,A0
Q50491,A0
Q50492,A0
Q50493,A0
Q50494,A0
Q50495,A0
Q50496,A0
Q50497,A0
Q50498,A0
Q50499,A0
Q50500,A0
Q50501,A0
Q50502,A0
Q50503,A0
Q50504,A0
Q50505,A0
Q50506,A0
Q50507,A0
Q50508,A0
Q50509,A0
Q50510,A0
Q50511,A0
Q50512,A0
Q50513,A0
Q50514,A0
Q50515,A0
Q50516,A0
Q50517,A0
Q50518,A0
Q50519,A0
Q50520,A0
Q50521,A0
Q50522,A0
Q50523,A0
Q50524,A0
Q50525,A0
Q50526,A0
Q50527,A0
Q50528,A0
Q50529,A0
Q50530,A0
Q50531,A0
Q50532,A0
Q50533,A0
Q50534,A0
Q50535,A0
Q50536,A0
Q50537,A0
Q50538,A0
Q50539,A0
Q50540,A0
Q50541,A0
Q50542,A0
Q50543,A0
Q50544,A0
Q50545,A0
Q50546,A0
Q50547,A0
Q50548,A0
Q50549,A0
Q50550,A0
Q50551,A0
Q50552,A0
Q50553,A0
Q50554,A0
Q50555,A0
Q50556,A0
Q50557,A0
Q50558,A0
Q50559,A0
Q50560,A0
Q50561,A0
Q50562,A0
Q50563,A0
Q50564,A0
Q50565,A0
Q50566,A0
Q50567,A0
Q50568,A0
Q50569,A0
Q50570,A0
Q50571,A0
Q50572,A0
Q50573,A0
Q50574,A0
Q50575,A0
Q50576,A0
Q50577,A0
Q50578,A0
Q50579,A0
Q50580,A0
Q50581,A0
Q50582,A0
Q50583,A0
Q50584,A0
Q50585,A0
Q50586,A0
Q50587,A0
Q50588,A0
Q50589,A0
Q50590,A0
Q50591,A0
Q50592,A0
Q50593,A0
Q50594,A0
Q50595,A0
Q50596,A0
Q50597,A0
Q50598,A0
Q50599,A0
Q50600,A0
Q50601,A0
Q50602,A0
Q50603,A0
Q50604,A0
Q50605,A0
Q50606,A0
Q50607,A0
Q50608,A0
Q50609,A0
Q50610,A0
Q50611,A0
Q50612,A0
Q50613,A0
Q50614,A0
Q50615,A0
Q50616,A0
Q50617,A0
Q50618,A0
Q50619,A0
Q50620,A0
Q50621,A0
Q50622,A0
Q50623,A0
Q50624,A0
Q50625,A0
Q50626,A0
Q50627,A0
Q50628,A0
Q50629,A0
Q50630,A0
Q50631,A0
Q50632,A0
Q50633,A0
Q50634,A0
Q50635,A0
Q50636,A0
Q50637,A0
Q50638,A0
Q50639,A0
Q50640,A0
Q50641,A0
Q50642,A0
Q50643,A0
Q50644,A0
Q50645,A0
Q50646,A0
Q50647,A0
Q50648,A0
Q50649,A0
Q50650,A0
Q50651,A0
Q50652,A0
Q50653,A0
Q50654,A0
Q50655,A0
Q50656,A0
Q50657,A0
Q50658,A0
Q50659,A0
Q50660,A0
Q50661,A0
Q50662,A0
Q50663,A0
Q50664,A0
Q50665,A0
Q50666,A0
Q50667,A0
Q50668,A0
Q50669,A0
Q50670,A0
Q50671,A0
Q50672,A0
Q50673,A0
Q50674,A0
Q50675,A0
Q50676,A0
Q50677,A0
Q50678,A0
Q50679,A0
Q50680,A0
Q50681,A0
Q50682,A0
Q50683,A0
Q50684,A0
Q50685,A0
Q50686,A0
Q50687,A0
Q50688,A0
Q50689,A0
Q50690,A0
Q50691,A0
Q50692,A0
Q50693,A0
Q50694,A0
Q50695,A0
Q50696,A0
Q50697,A0
Q50698,A0
Q50699,A0
Q50700,A0
Q50701,A0
Q50702,A0
Q50703,A0
Q50704,A0
Q50705,A0
Q50706,A0
Q50707,A0
Q50708,A0
Q50709,A0
Q50710,A0
Q50711,A0
Q50712,A0
Q50713,A0
Q50714,A0
Q50715,A0
Q50716,A0
Q50717,A0
Q50718,A0
Q50719,A0
Q50720,A0
Q50721,A0
Q50722,A0
Q50723,A0
Q50724,A0
Q50725,A0
Q50726,A0
Q50727,A0
Q50728,A0
Q50729,A0
Q50730,A0
Q50731,A0
Q50732,A0
Q50733,A0
Q50734,A0
Q50735,A0
Q50736,A0
Q50737,A0
Q50738,A0
Q50739,A0
Q50740,A0
Q50741,A0
Q50742,A0
Q50743,A0
Q50744,A0
Q50745,A0
Q50746,A0
Q50747,A0
Q50748,A0
Q50749,A0
Q50750,A0
Q50751,A0
Q50752,A0
Q50753,A0
Q50754,A0
Q50755,A0
Q50756,A0
Q50757,A0
Q50758,A0
Q50759,A0
Q50760,A0
Q50761,A0
Q50762,A0
Q50763,A0
Q50764,A0
Q50765,A0
Q50766,A0
Q50767,A0
Q50768,A0
Q50769,A0
Q50770,A0
Q50771,A0
Q50772,A0
Q50773,A0
Q50774,A0
Q50775,A0
Q50776,A0
Q50777,A0
Q50778,A0
Q50779,A0
Q50780,A0
Q50781,A0
Q50782,A0
Q50783,A0
Q50784,A0
Q50785,A0
Q50786,A0
Q50787,A0
Q50788,A0
Q50789,A0
Q50790,A0
Q50791,A0
Q50792,A0
Q50793,A0
Q50794,A0
Q50795,A0
Q50796,A0
Q50797,A0
Q50798,A0
Q50799,A0
Q50800,A0
Q50801,A0
Q50802,A0
Q50803,A0
Q50804,A0
Q50805,A0
Q50806,A0
Q50807,A0
Q50808,A0
Q50809,A0
Q50810,A0
Q50811,A0
Q50812,A0
Q50813,A0
Q50814,A0
Q50815,A0
Q50816,A0
Q50817,A0
Q50818,A0
Q50819,A0
Q50820,A0
Q50821,A0
Q50822,A0
Q50823,A0
Q50824,A0
Q50825,A0
Q50826,A0
Q50827,A0
Q50828,A0
Q50829,A0
Q50830,A0
Q50831,A0
Q50832,A0
Q50833,A0
Q50834,A0
Q50835,A0
Q50836,A0
Q50837,A0
Q50838,A0
Q50839,A0
Q50840,A0
Q50841,A0
Q50842,A0
Q50843,A0
Q50844,A0
Q50845,A0
Q50846,A0
Q50847,A0
Q50848,A0
Q50849,A0
Q50850,A0
Q50851,A0
Q50852,A0
Q50853,A0
Q50854,A0
Q50855,A0
Q50856,A0
Q50857,A0
Q50858,A0
Q50859,A0
Q50860,A0
Q50861,A0
Q50862,A0
Q50863,A0
Q50864,A0
Q50865,A0
Q50866,A0
Q50867,A0
Q50868,A0
Q50869,A0
Q50870,A0
Q50871,A0
Q50872,A0
Q50873,A0
Q50874,A0
Q50875,A0
Q50876,A0
Q50877,A0
Q50878,A0
Q50879,A0
Q50880,A0
Q50881,A0
Q50882,A0
Q50883,A0
Q50884,A0
Q50885,A2
Q50886,A2
Q50887,A2
Q50888,A2
Q50889,A2
Q50890,A2
Q50891,A2
Q50892,A2
Q50893,A2
Q50894,A2
Q50895,A2
Q50896,A2
Q50897,A2
Q50898,A2
Q50899,A2
Q50900,A2
Q50901,A2
Q50902,A2
Q50903,A2
Q50904,A2
Q50905,A2
Q50906,A2
Q50907,A2
Q50908,A2
Q50909,A2
Q50910,A2
Q50911,A2
Q50912,A2
Q50913,A2
Q50914,A2
Q50915,A2
Q50916,A2
Q50917,A2
Q50918,A2
Q50919,A2
Q50920,A2
Q50921,A2
Q50922,A2
Q50923,A2
Q50924,A2
Q50925,A2
Q50926,A2
Q50927,A2
Q50928,A2
Q50929,A2
Q50930,A2
Q50931,A2
Q50932,A2
Q50933,A2
Q50934,A2
Q50935,A2
Q50936,A2
Q50937,A2
Q50938,A2
Q50939,A2
Q50940,A2
Q50941,A2
Q50942,A2
Q50943,A2
Q50944,A2
Q50945,A2
Q50946,A2
Q50947,A2
Q50948,A2
Q50949,A2
Q50950,A2
Q50951,A2
Q50952,A2
Q50953,A2
Q50954,A2
Q50955,A2
Q50956,A2
Q50957,A2
Q50958,A2
Q50959,A2
Q50960,A2
Q50961,A2
Q50962,A2
Q50963,A2
Q50964,A2
Q50965,A2
Q50966,A2
Q50967,A2
Q50968,A2
Q50969,A2
Q50970,A2
Q50971,A2
Q50972,A2
Q50973,A2
Q50974,A2
Q50975,A2
Q50976,A2
Q50977,A2
Q50978,A2
Q50979,A2
Q50980,A2
Q50981,A2
Q50982,A2
Q50983,A2
Q50984,A2
Q50985,A2
Q50986,A2
Q50987,A2
Q50988,A2
Q50989,A2
Q50990,A2
Q50991,A2
Q50992,A2
Q50993,A2
Q50994,A2
Q50995,A2
Q50996,A2
Q50997,A2
Q50998,A2
Q50999,A2
Q51000,A2
Q51001,A2
Q51002,A2
Q51003,A2
Q51004,A2
Q51005,A2
Q51006,A2
Q51007,A2
Q51008,A2
Q51009,A2
Q51010,A2
Q51011,A2
Q51012,A2
Q51013,A2
Q51014,A2
Q51015,A2
Q51016,A2
Q51017,A2
Q51018,A2
Q51019,A2
Q51020,A2
Q51021,A2
Q51022,A2
Q51023,A2
Q51024,A2
Q51025,A2
Q51026,A2
Q51027,A2
Q51028,A2
Q51029,A2
Q51030,A2
Q51031,A2
Q51032,A2
Q51033,A2
Q51034,A2
Q51035,A2
Q51036,A2
Q51037,A2
Q51038,A2
Q51039,A2
Q51040,A2
Q51041,A2
Q51042,A2
Q51043,A2
Q51044,A2
Q51045,A2
Q51046,A2
Q51047,A2
Q51048,A2
Q51049,A2
Q51050,A2
Q51051,A2
Q51052,A2
Q51053,A2
Q51054,A2
Q51055,A2
Q51056,A2
Q51057,A2
Q51058,A2
Q51059,A2
Q51060,A2
Q51061,A2
Q51062,A2
Q51063,A2
Q51064,A2
Q51065,A2
Q51066,A2
Q51067,A2
Q51068,A2
Q51069,A2
Q51070,A2
Q51071,A2
Q51072,A2
Q51073,A2
Q51074,A2
Q51075,A2
Q51076,A2
Q51077,A2
Q51078,A2
Q51079,A2
Q51080,A2
Q51081,A2
Q51082,A2
Q51083,A2
Q51084,A2
Q51085,A2
Q51086,A2
Q51087,A2
Q51088,A2
Q51089,A2
Q51090,A2
Q51091,A2
Q51092,A2
Q51093,A2
Q51094,A2
Q51095,A2
Q51096,A2
Q51097,A2
Q51098,A2
Q51099,A2
Q51100,A2
Q51101,A2
Q51102,A2
Q51103,A2
Q51104,A2
Q51105,A2
Q51106,A2
Q51107,A2
Q51108,A2
Q51109,A2
Q51110,A2
Q51111,A2
Q51112,A2
Q51113,A2
Q51114,A2
Q51115,A2
Q51116,A2
Q51117,A2
Q51118,A2
Q51119,A2
Q51120,A2
Q51121,A2
Q51122,A2
Q51123,A2
Q51124,A2
Q51125,A2
Q51126,A2
Q51127,A2
Q51128,A2
Q51129,A2
Q51130,A2
Q51131,A2
Q51132,A2
Q51133,A2
Q51134,A2
Q51135,A2
Q51136,A2
Q51137,A2
Q51138,A2
Q51139,A2
Q51140,A2
Q51141,A2
Q51142,A2
Q51143,A2
Q51144,A2
Q51145,A2
Q51146,A2
Q51147,A2
Q51148,A2
Q51149,A2
Q51150,A2
Q51151,A2
Q51152,A2
Q51153,A2
Q51154,A2
Q51155,A2
Q51156,A2
Q51157,A2
Q51158,A2
Q51159,A2
Q51160,A2
Q51161,A2
Q51162,A2
Q51163,A2
Q51164,A2
Q51165,A2
Q51166,A2
Q51167,A2
Q51168,A2
Q51169,A2
Q51170,A2
Q51171,A2
Q51172,A2
Q51173,A2
Q51174,A2
Q51175,A2
Q51176,A2
Q51177,A2
Q51178,A2
Q51179,A2
Q51180,A2
Q51181,A2
Q51182,A2
Q51183,A2
Q51184,A2
Q51185,A2
Q51186,A2
Q51187,A2
Q51188,A2
Q51189,A2
Q51190,A2
Q51191,A2
Q51192,A2
Q51193,A2
Q51194,A2
Q51195,A2
Q51196,A2
Q51197,A2
Q51198,A2
Q51199,A2
Q51200,A2
Q51201,A2
Q51202,A2
Q51203,A2
Q51204,A2
Q51205,A2
Q51206,A2
Q51207,A2
Q51208,A2
Q51209,A2
Q51210,A2
Q51211,A2
Q51212,A2
Q51213,A2
Q51214,A2
Q51215,A2
Q51216,A2
Q51217,A2
Q51218,A2
Q51219,A2
Q51220,A2
Q51221,A2
Q51222,A2
Q51223,A2
Q51224,A2
Q51225,A2
Q51226,A2
Q51227,A2
Q51228,A2
Q51229,A2
Q51230,A2
Q51231,A2
Q51232,A2
Q51233,A2
Q51234,A2
Q51235,A2
Q51236,A2
Q51237,A2
Q51238,A2
Q51239,A2
Q51240,A2
Q51241,A2
Q51242,A2
Q51243,A2
Q51244,A2
Q51245,A2
Q51246,A2
Q51247,A2
Q51248,A2
Q51249,A2
Q51250,A2
Q51251,A2
Q51252,A2
Q51253,A2
Q51254,A2
Q51255,A2
Q51256,A2
Q51257,A2
Q51258,A2
Q51259,A2
Q51260,A2
Q51261,A2
Q51262,A2
Q51263,A2
Q51264,A2
Q51265,A2
Q51266,A2
Q51267,A2
Q51268,A2
Q51269,A2
Q51270,A2
Q51271,A2
Q51272,A2
Q51273,A2
Q51274,A2
Q51275,A2
Q51276,A2
Q51277,A2
Q51278,A2
Q51279,A2
Q51280,A2
Q51281,A2
Q51282,A2
Q51283,A2
Q51284,A2
Q51285,A2
Q51286,A2
Q51287,A2
Q51288,A2
Q51289,A2
Q51290,A2
Q51291,A2
Q51292,A2
Q51293,A2
Q51294,A2
Q51295,A2
Q51296,A2
Q51297,A2
Q51298,A2
Q51299,A2
Q51300,A2
Q51301,A2
Q51302,A2
Q51303,A2
Q51304,A2
Q51305,A2
Q51306,A2
Q51307,A2
Q51308,A2
Q51309,A2
Q51310,A2
Q51311,A2
Q51312,A2
Q51313,A2
Q51314,A2
Q51315,A2
Q51316,A2
Q51317,A2
Q51318,A2
Q51319,A2
Q51320,A2
Q51321,A2
Q51322,A2
Q51323,A2
Q51324,A2
Q51325,A2
Q51326,A2
Q51327,A2
Q51328,A2
Q51329,A2
Q51330,A2
Q51331,A2
Q51332,A2
Q51333,A2
Q51334,A2
Q51335,A2
Q51336,A2
Q51337,A2
Q51338,A2
Q51339,A2
Q51340,A2
Q51341,A2
Q51342,A2
Q51343,A2
Q51344,A2
Q51345,A2
Q51346,A2
Q51347,A2
Q51348,A2
Q51349,A2
Q51350,A2
Q51351,A2
Q51352,A2
Q51353,A2
Q51354,A2
Q51355,A2
Q51356,A2
Q51357,A2
Q51358,A2
Q51359,A2
Q51360,A2
Q51361,A2
Q51362,A2
Q51363,A2
Q51364,A2
Q51365,A2
Q51366,A2
Q51367,A2
Q51368,A2
Q51369,A2
Q51370,A2
Q51371,A2
Q51372,A2
Q51373,A2
Q51374,A2
Q51375,A2
Q51376,A2
Q51377,A2
Q51378,A2
Q51379,A2
Q51380,A2
Q51381,A2
Q51382,A2
Q51383,A2
Q51384,A2
Q51385,A2
Q51386,A2
Q51387,A2
Q51388,A2
Q51389,A2
Q51390,A2
Q51391,A2
Q51392,A2
Q51393,A2
Q51394,A2
Q51395,A2
Q51396,A2
Q51397,A2
Q51398,A2
Q51399,A2
Q51400,A2
Q51401,A2
Q51402,A2
Q51403,A2
Q51404,A2
Q51405,A2
Q51406,A2
Q51407,A2
Q51408,A2
Q51409,A2
Q51410,A2
Q51411,A2
Q51412,A2
Q51413,A2
Q51414,A2
Q51415,A2
Q51416,A2
Q51417,A2
Q51418,A2
Q51419,A2
Q51420,A2
Q51421,A2
Q51422,A2
Q51423,A2
Q51424,A2
Q51425,A2
Q51426,A2
Q51427,A2
Q51428,A2
Q51429,A2
Q51430,A2
Q51431,A2
Q51432,A2
Q51433,A2
Q51434,A2
Q51435,A2
Q51436,A2
Q51437,A2
Q51438,A2
Q51439,A2
Q51440,A2
Q51441,A2
Q51442,A2
Q51443,A2
Q51444,A2
Q51445,A2
Q51446,A2
Q51447,A2
Q51448,A2
Q51449,A2
Q51450,A2
Q51451,A2
Q51452,A2
Q51453,A2
Q51454,A2
Q51455,A2
Q51456,A2
Q51457,A2
Q51458,A2
Q51459,A2
Q51460,A2
Q51461,A2
Q51462,A2
Q51463,A2
Q51464,A2
Q51465,A2
Q51466,A2
Q51467,A2
Q51468,A2
Q51469,A2
Q51470,A2
Q51471,A2
Q51472,A2
Q51473,A2
Q51474,A2
Q51475,A2
Q51476,A2
Q51477,A2
Q51478,A2
Q51479,A2
Q51480,A2
Q51481,A2
Q51482,A2
Q51483,A2
Q51484,A2
Q51485,A2
Q51486,A2
Q51487,A2
Q51488,A2
Q51489,A2
Q51490,A2
Q51491,A2
Q51492,A2
Q51493,A2
Q51494,A2
Q51495,A2
Q51496,A2
Q51497,A2
Q51498,A2
Q51499,A2
Q51500,A2
Q51501,A2
Q51502,A2
Q51503,A2
Q51504,A2
Q51505,A2
Q51506,A2
Q51507,A2
Q51508,A2
Q51509,A2
Q51510,A2
Q51511,A2
Q51512,A2
Q51513,A2
Q51514,A2
Q51515,A2
Q51516,A2
Q51517,A2
Q51518,A2
Q51519,A2
Q51520,A2
Q51521,A2
Q51522,A2
Q51523,A2
Q51524,A2
Q51525,A2
Q51526,A2
Q51527,A2
Q51528,A2
Q51529,A2
Q51530,A2
Q51531,A2
Q51532,A2
Q51533,A2
Q51534,A2
Q51535,A2
Q51536,A2
Q51537,A2
Q51538,A2
Q51539,A2
Q51540,A2
Q51541,A2
Q51542,A2
Q51543,A2
Q51544,A2
Q51545,A2
Q51546,A2
Q51547,A2
Q51548,A2
Q51549,A2
Q51550,A2
Q51551,A2
Q51552,A2
Q51553,A2
Q51554,A2
Q51555,A2
Q51556,A2
Q51557,A2
Q51558,A2
Q51559,A2
Q51560,A2
Q51561,A2
Q51562,A2
Q51563,A2
Q51564,A2
Q51565,A2
Q51566,A2
Q51567,A2
Q51568,A2
Q51569,A2
Q51570,A2
Q51571,A2
Q51572,A2
Q51573,A2
Q51574,A2
Q51575,A2
Q51576,A2
Q51577,A2
Q51578,A2
Q51579,A2
Q51580,A2
Q51581,A2
Q51582,A2
Q51583,A2
Q51584,A2
Q51585,A2
Q51586,A2
Q51587,A2
Q51588,A2
Q51589,A2
Q51590,A2
Q51591,A2
Q51592,A2
Q51593,A2
Q51594,A2
Q51595,A2
Q51596,A2
Q51597,A2
Q51598,A2
Q51599,A2
Q51600,A2
Q51601,A2
Q51602,A2
Q51603,A2
Q51604,A2
Q51605,A2
Q51606,A2
Q51607,A2
Q51608,A2
Q51609,A2
Q51610,A2
Q51611,A2
Q51612,A2
Q51613,A2
Q51614,A2
Q51615,A2
Q51616,A2
Q51617,A2
Q51618,A2
Q51619,A2
Q51620,A2
Q51621,A2
Q51622,A2
Q51623,A2
Q51624,A2
Q51625,A2
Q51626,A2
Q51627,A2
Q51628,A2
Q51629,A2
Q51630,A2
Q51631,A2
Q51632,A2
Q51633,A2
Q51634,A2
Q51635,A2
Q51636,A2
Q51637,A2
Q51638,A2
Q51639,A2
Q51640,A2
Q51641,A2
Q51642,A2
Q51643,A2
Q51644,A2
Q51645,A2
Q51646,A2
Q51647,A2
Q51648,A2
Q51649,A2
Q51650,A2
Q51651,A2
Q51652,A2
Q51653,A2
Q51654,A2
Q51655,A2
Q51656,A2
Q51657,A2
Q51658,A2
Q51659,A2
Q51660,A2
Q51661,A2
Q51662,A2
Q51663,A2
Q51664,A2
Q51665,A2
Q51666,A2
Q51667,A2
Q51668,A2
Q51669,A2
Q51670,A2
Q51671,A2
Q51672,A2
Q51673,A2
Q51674,A2
Q51675,A2
Q51676,A2
Q51677,A2
Q51678,A2
Q51679,A2
Q51680,A2
Q51681,A2
Q51682,A2
Q51683,A2
Q51684,A2
Q51685,A2
Q51686,A2
Q51687,A2
Q51688,A2
Q51689,A2
Q51690,A2
Q51691,A2
Q51692,A2
Q51693,A2
Q51694,A2
Q51695,A2
Q51696,A2
Q51697,A2
Q51698,A2
Q51699,A2
Q51700,A2
Q51701,A2
Q51702,A2
Q51703,A2
Q51704,A2
Q51705,A2
Q51706,A2
Q51707,A2
Q51708,A2
Q51709,A2
Q51710,A2
Q51711,A2
Q51712,A2
Q51713,A2
Q51714,A2
Q51715,A2
Q51716,A2
Q51717,A2
Q51718,A2
Q51719,A2
Q51720,A2
Q51721,A2
Q51722,A2
Q51723,A2
Q51724,A2
Q51725,A2
Q51726,A2
Q51727,A2
Q51728,A2
Q51729,A2
Q51730,A2
Q51731,A2
Q51732,A2
Q51733,A2
Q51734,A2
Q51735,A2
Q51736,A2
Q51737,A2
Q51738,A2
Q51739,A2
Q51740,A2
Q51741,A2
Q51742,A2
Q51743,A2
Q51744,A2
Q51745,A2
Q51746,A2
Q51747,A2
Q51748,A2
Q51749,A2
Q51750,A2
Q51751,A2
Q51752,A2
Q51753,A2
Q51754,A2
Q51755,A2
Q51756,A2
Q51757,A2
Q51758,A2
Q51759,A2
Q51760,A2
Q51761,A2
Q51762,A2
Q51763,A2
Q51764,A2
Q51765,A2
Q51766,A2
Q51767,A2
Q51768,A2
Q51769,A2
Q51770,A2
Q51771,A2
Q51772,A2
Q51773,A2
Q51774,A2
Q51775,A2
Q51776,A2
Q51777,A2
Q51778,A2
Q51779,A2
Q51780,A2
Q51781,A2
Q51782,A2
Q51783,A2
Q51784,A2
Q51785,A2
Q51786,A2
Q51787,A2
Q51788,A2
Q51789,A2
Q51790,A2
Q51791,A2
Q51792,A2
Q51793,A2
Q51794,A2
Q51795,A2
Q51796,A2
Q51797,A2
Q51798,A2
Q51799,A2
Q51800,A2
Q51801,A2
Q51802,A2
Q51803,A2
Q51804,A2
Q51805,A2
Q51806,A2
Q51807,A2
Q51808,A2
Q51809,A2
Q51810,A2
Q51811,A2
Q51812,A2
Q51813,A2
Q51814,A2
Q51815,A2
Q51816,A2
Q51817,A2
Q51818,A2
Q51819,A2
Q51820,A2
Q51821,A2
Q51822,A2
Q51823,A2
Q51824,A2
Q51825,A2
Q51826,A2
Q51827,A2
Q51828,A2
Q51829,A2
Q51830,A2
Q51831,A2
Q51832,A2
Q51833,A2
Q51834,A2
Q51835,A2
Q51836,A2
Q51837,A2
Q51838,A2
Q51839,A2
Q51840,A2
Q51841,A2
Q51842,A2
Q51843,A2
Q51844,A2
Q51845,A2
Q51846,A2
Q51847,A2
Q51848,A2
Q51849,A2
Q51850,A2
Q51851,A2
Q51852,A2
Q51853,A2
Q51854,A2
Q51855,A2
Q51856,A2
Q51857,A2
Q51858,A2
Q51859,A2
Q51860,A2
Q51861,A2
Q51862,A2
Q51863,A2
Q51864,A2
Q51865,A2
Q51866,A2
Q51867,A2
Q51868,A2
Q51869,A2
Q51870,A2
Q51871,A2
Q51872,A2
Q51873,A2
Q51874,A2
Q51875,A2
Q51876,A2
Q51877,A2
Q51878,A2
Q51879,A2
Q51880,A2
Q51881,A2
Q51882,A2
Q51883,A2
Q51884,A2
Q51885,A2
Q51886,A2
Q51887,A2
Q51888,A2
Q51889,A2
Q51890,A2
Q51891,A2
Q51892,A2
Q51893,A2
Q51894,A2
Q51895,A2
Q51896,A2
Q51897,A2
Q51898,A2
Q51899,A2
Q51900,A2
Q51901,A2
Q51902,A2
Q51903,A2
Q51904,A2
Q51905,A2
Q51906,A2
Q51907,A2
Q51908,A2
Q51909,A2
Q51910,A2
Q51911,A2
Q51912,A2
Q51913,A2
Q51914,A2
Q51915,A2
Q51916,A2
Q51917,A2
Q51918,A2
Q51919,A2
Q51920,A2
Q51921,A2
Q51922,A2
Q51923,A2
Q51924,A2
Q51925,A2
Q51926,A2
Q51927,A2
Q51928,A2
Q51929,A2
Q51930,A2
Q51931,A2
Q51932,A2
Q51933,A2
Q51934,A2
Q51935,A2
Q51936,A2
Q51937,A2
Q51938,A2
Q51939,A2
Q51940,A2
Q51941,A2
Q51942,A2
Q51943,A2
Q51944,A2
Q51945,A2
Q51946,A2
Q51947,A2
Q51948,A2
Q51949,A2
Q51950,A2
Q51951,A2
Q51952,A2
Q51953,A2
Q51954,A2
Q51955,A2
Q51956,A2
Q51957,A2
Q51958,A2
Q51959,A2
Q51960,A2
Q51961,A2
Q51962,A2
Q51963,A2
Q51964,A2
Q51965,A2
Q51966,A2
Q51967,A2
Q51968,A2
Q51969,A2
Q51970,A2
Q51971,A2
Q51972,A2
Q51973,A2
Q51974,A2
Q51975,A2
Q51976,A2
Q51977,A2
Q51978,A2
Q51979,A2
Q51980,A2
Q51981,A2
Q51982,A2
Q51983,A2
Q51984,A2
Q51985,A2
Q51986,A2
Q51987,A2
Q51988,A2
Q51989,A2
Q51990,A2
Q51991,A2
Q51992,A2
Q51993,A2
Q51994,A2
Q51995,A2
Q51996,A2
Q51997,A2
Q51998,A2
Q51999,A2
Q52000,A2
Q52001,A2
Q52002,A2
Q52003,A2
Q52004,A2
Q52005,A2
Q52006,A2
Q52007,A2
Q52008,A2
Q52009,A2
Q52010,A2
Q52011,A2
Q52012,A2
Q52013,A2
Q52014,A2
Q52015,A2
Q52016,A2
Q52017,A2
Q52018,A2
Q52019,A2
Q52020,A2
Q52021,A2
Q52022,A2
Q52023,A2
Q52024,A2
Q52025,A2
Q52026,A2
Q52027,A2
Q52028,A2
Q52029,A2
Q52030,A2
Q52031,A2
Q52032,A2
Q52033,A2
Q52034,A2
Q52035,A2
Q52036,A2
Q52037,A2
Q52038,A2
Q52039,A2
Q52040,A2
Q52041,A2
Q52042,A2
Q52043,A2
Q52044,A2
Q52045,A2
Q52046,A2
Q52047,A2
Q52048,A2
Q52049,A2
Q52050,A2
Q52051,A2
Q52052,A2
Q52053,A2
Q52054,A2
Q52055,A2
Q52056,A2
Q52057,A2
Q52058,A2
Q52059,A2
Q52060,A2
Q52061,A2
Q52062,A2
Q52063,A2
Q52064,A2
Q52065,A2
Q52066,A2
Q52067,A2
Q52068,A2
Q52069,A2
Q52070,A2
Q52071,A2
Q52072,A2
Q52073,A2
Q52074,A2
Q52075,A2
Q52076,A2
Q52077,A2
Q52078,A2
Q52079,A2
Q52080,A2
Q52081,A2
Q52082,A2
Q52083,A2
Q52084,A2
Q52085,A2
Q52086,A2
Q52087,A2
Q52088,A2
Q52089,A2
Q52090,A2
Q52091,A2
Q52092,A2
Q52093,A2
Q52094,A2
Q52095,A2
Q52096,A2
Q52097,A2
Q52098,A2
Q52099,A2
Q52100,A2
Q52101,A2
Q52102,A2
Q52103,A2
Q52104,A2
Q52105,A2
Q52106,A2
Q52107,A2
Q52108,A2
Q52109,A2
Q52110,A2
Q52111,A2
Q52112,A2
Q52113,A2
Q52114,A2
Q52115,A2
Q52116,A2
Q52117,A2
Q52118,A2
Q52119,A2
Q52120,A2
Q52121,A2
Q52122,A2
Q52123,A2
Q52124,A2
Q52125,A2
Q52126,A2
Q52127,A2
Q52128,A2
Q52129,A2
Q52130,A2
Q52131,A2
Q52132,A2
Q52133,A2
Q52134,A2
Q52135,A2
Q52136,A2
Q52137,A2
Q52138,A2
Q52139,A2
Q52140,A2
Q52141,A2
Q52142,A2
Q52143,A2
Q52144,A2
Q52145,A2
Q52146,A2
Q52147,A2
Q52148,A2
Q52149,A2
Q52150,A2
Q52151,A2
Q52152,A2
Q52153,A2
Q52154,A2
Q52155,A2
Q52156,A2
Q52157,A2
Q52158,A2
Q52159,A2
Q52160,A2
Q52161,A2
Q52162,A2
Q52163,A2
Q52164,A2
Q52165,A2
Q52166,A2
Q52167,A2
Q52168,A2
Q52169,A2
Q52170,A2
Q52171,A2
Q52172,A2
Q52173,A2
Q52174,A2
Q52175,A2
Q52176,A2
Q52177,A2
Q52178,A2
Q52179,A2
Q52180,A2
Q52181,A2
Q52182,A2
Q52183,A2
Q52184,A2
Q52185,A2
Q52186,A2
Q52187,A2
Q52188,A2
Q52189,A2
Q52190,A2
Q52191,A2
Q52192,A2
Q52193,A2
Q52194,A2
Q52195,A2
Q52196,A2
Q52197,A2
Q52198,A2
Q52199,A2
Q52200,A2
Q52201,A2
Q52202,A2
Q52203,A2
Q52204,A2
Q52205,A2
Q52206,A2
Q52207,A2
Q52208,A2
Q52209,A2
Q52210,A2
Q52211,A2
Q52212,A2
Q52213,A2
Q52214,A2
Q52215,A2
Q52216,A2
Q52217,A2
Q52218,A2
Q52219,A2
Q52220,A2
Q52221,A2
Q52222,A2
Q52223,A2
Q52224,A2
Q52225,A2
Q52226,A2
Q52227,A2
Q52228,A2
Q52229,A2
Q52230,A2
Q52231,A2
Q52232,A2
Q52233,A2
Q52234,A2
Q52235,A2
Q52236,A2
Q52237,A2
Q52238,A2
Q52239,A2
Q52240,A2
Q52241,A2
Q52242,A2
Q52243,A2
Q52244,A2
Q52245,A2
Q52246,A2
Q52247,A2
Q52248,A2
Q52249,A2
Q52250,A2
Q52251,A2
Q52252,A2
Q52253,A2
Q52254,A2
Q52255,A2
Q52256,A2
Q52257,A2
Q52258,A2
Q52259,A2
Q52260,A2
Q52261,A2
Q52262,A2
Q52263,A2
Q52264,A2
Q52265,A2
Q52266,A2
Q52267,A2
Q52268,A2
Q52269,A2
Q52270,A2
Q52271,A2
Q52272,A2
Q52273,A2
Q52274,A2
Q52275,A2
Q52276,A2
Q52277,A2
Q52278,A2
Q52279,A2
Q52280,A2
Q52281,A2
Q52282,A2
Q52283,A2
Q52284,A2
Q52285,A2
Q52286,A2
Q52287,A2
Q52288,A2
Q52289,A2
Q52290,A2
Q52291,A2
Q52292,A2
Q52293,A2
Q52294,A2
Q52295,A2
Q52296,A2
Q52297,A2
Q52298,A2
Q52299,A2
Q52300,A2
Q52301,A2
Q52302,A2
Q52303,A2
Q52304,A2
Q52305,A2
Q52306,A2
Q52307,A2
Q52308,A2
Q52309,A2
Q52310,A2
Q52311,A2
Q52312,A2
Q52313,A2
Q52314,A2
Q52315,A2
Q52316,A2
Q52317,A2
Q52318,A2
Q52319,A2
Q52320,A2
Q52321,A2
Q52322,A2
Q52323,A2
Q52324,A2
Q52325,A2
Q52326,A2
Q52327,A2
Q52328,A2
Q52329,A2
Q52330,A2
Q52331,A2
Q52332,A2
Q52333,A2
Q52334,A2
Q52335,A2
Q52336,A2
Q52337,A2
Q52338,A2
Q52339,A2
Q52340,A2
Q52341,A2
Q52342,A2
Q52343,A2
Q52344,A2
Q52345,A2
Q52346,A2
Q52347,A2
Q52348,A2
Q52349,A2
Q52350,A2
Q52351,A2
Q52352,A2
Q52353,A2
Q52354,A2
Q52355,A2
Q52356,A2
Q52357,A2
Q52358,A2
Q52359,A2
Q52360,A2
Q52361,A2
Q52362,A2
Q52363,A2
Q52364,A2
Q52365,A2
Q52366,A2
Q52367,A2
Q52368,A2
Q52369,A2
Q52370,A2
Q52371,A2
Q52372,A2
Q52373,A2
Q52374,A2
Q52375,A2
Q52376,A2
Q52377,A2
Q52378,A2
Q52379,A2
Q52380,A2
Q52381,A2
Q52382,A2
Q52383,A2
Q52384,A2
Q52385,A2
Q52386,A2
Q52387,A2
Q52388,A2
Q52389,A2
Q52390,A2
Q52391,A2
Q52392,A2
Q52393,A2
Q52394,A2
Q52395,A2
Q52396,A2
Q52397,A2
Q52398,A2
Q52399,A2
Q52400,A2
Q52401,A2
Q52402,A2
Q52403,A2
Q52404,A2
Q52405,A2
Q52406,A2
Q52407,A2
Q52408,A2
Q52409,A2
Q52410,A2
Q52411,A2
Q52412,A2
Q52413,A2
Q52414,A2
Q52415,A2
Q52416,A2
Q52417,A2
Q52418,A2
Q52419,A2
Q52420,A2
Q52421,A2
Q52422,A2
Q52423,A2
Q52424,A2
Q52425,A2
Q52426,A2
Q52427,A2
Q52428,A2
Q52429,A2
Q52430,A2
Q52431,A2
Q52432,A2
Q52433,A2
Q52434,A2
Q52435,A2
Q52436,A2
Q52437,A2
Q52438,A2
Q52439,A2
Q52440,A2
Q52441,A2
Q52442,A2
Q52443,A2
Q52444,A2
Q52445,A2
Q52446,A2
Q52447,A2
Q52448,A2
Q52449,A2
Q52450,A2
Q52451,A2
Q52452,A2
Q52453,A2
Q52454,A2
Q52455,A2
Q52456,A2
Q52457,A2
Q52458,A2
Q52459,A2
Q52460,A2
Q52461,A2
Q52462,A2
Q52463,A2
Q52464,A2
Q52465,A2
Q52466,A2
Q52467,A2
Q52468,A2
Q52469,A2
Q52470,A2
Q52471,A2
Q52472,A2
Q52473,A2
Q52474,A2
Q52475,A2
Q52476,A2
Q52477,A2
Q52478,A2
Q52479,A2
Q52480,A2
Q52481,A2
Q52482,A2
Q52483,A2
Q52484,A2
Q52485,A2
Q52486,A2
Q52487,A2
Q52488,A2
Q52489,A2
Q52490,A2
Q52491,A2
Q52492,A2
Q52493,A2
Q52494,A2
Q52495,A2
Q52496,A2
Q52497,A2
Q52498,A2
Q52499,A2
Q52500,A2
Q52501,A2
Q52502,A2
Q52503,A2
Q52504,A2
Q52505,A2
Q52506,A2
Q52507,A2
Q52508,A2
Q52509,A2
Q52510,A2
Q52511,A2
Q52512,A2
Q52513,A2
Q52514,A2
Q52515,A2
Q52516,A2
Q52517,A2
Q52518,A2
Q52519,A2
Q52520,A2
Q52521,A2
Q52522,A2
Q52523,A2
Q52524,A2
Q52525,A2
Q52526,A2
Q52527,A2
Q52528,A2
Q52529,A2
Q52530,A2
Q52531,A2
Q52532,A2
Q52533,A2
Q52534,A2
Q52535,A2
Q52536,A2
Q52537,A2
Q52538,A2
Q52539,A2
Q52540,A2
Q52541,A2
Q52542,A2
Q52543,A2
Q52544,A2
Q52545,A2
Q52546,A2
Q52547,A2
Q52548,A2
Q52549,A2
Q52550,A2
Q52551,A2
Q52552,A2
Q52553,A2
Q52554,A2
Q52555,A2
Q52556,A2
Q52557,A2
Q52558,A2
Q52559,A2
Q52560,A2
Q52561,A2
Q52562,A2
Q52563,A2
Q52564,A2
Q52565,A2
Q52566,A2
Q52567,A2
Q52568,A2
Q52569,A2
Q52570,A2
Q52571,A2
Q52572,A2
Q52573,A2
Q52574,A2
Q52575,A2
Q52576,A2
Q52577,A2
Q52578,A2
Q52579,A2
Q52580,A2
Q52581,A2
Q52582,A2
Q52583,A2
Q52584,A2
Q52585,A2
Q52586,A2
Q52587,A2
Q52588,A2
Q52589,A2
Q52590,A2
Q52591,A2
Q52592,A2
Q52593,A2
Q52594,A2
Q52595,A2
Q52596,A2
Q52597,A2
Q52598,A2
Q52599,A2
Q52600,A2
Q52601,A2
Q52602,A2
Q52603,A2
Q52604,A2
Q52605,A2
Q52606,A2
Q52607,A2
Q52608,A2
Q52609,A2
Q52610,A2
Q52611,A2
Q52612,A2
Q52613,A2
Q52614,A2
Q52615,A2
Q52616,A2
Q52617,A2
Q52618,A2
Q52619,A2
Q52620,A2
Q52621,A2
Q52622,A2
Q52623,A2
Q52624,A2
Q52625,A2
Q52626,A2
Q52627,A2
Q52628,A2
Q52629,A2
Q52630,A2
Q52631,A2
Q52632,A2
Q52633,A2
Q52634,A2
Q52635,A2
Q52636,A2
Q52637,A2
Q52638,A2
Q52639,A2
Q52640,A2
Q52641,A2
Q52642,A2
Q52643,A2
Q52644,A2
Q52645,A2
Q52646,A2
Q52647,A2
Q52648,A2
Q52649,A2
Q52650,A2
Q52651,A2
Q52652,A2
Q52653,A2
Q52654,A2
Q52655,A2
Q52656,A2
Q52657,A2
Q52658,A2
Q52659,A2
Q52660,A2
Q52661,A2
Q52662,A2
Q52663,A2
Q52664,A2
Q52665,A2
Q52666,A2
Q52667,A2
Q52668,A2
Q52669,A2
Q52670,A2
Q52671,A2
Q52672,A2
Q52673,A2
Q52674,A2
Q52675,A2
Q52676,A2
Q52677,A2
Q52678,A2
Q52679,A2
Q52680,A2
Q52681,A2
Q52682,A2
Q52683,A2
Q52684,A2
Q52685,A2
Q52686,A2
Q52687,A2
Q52688,A2
Q52689,A2
Q52690,A2
Q52691,A2
Q52692,A2
Q52693,A2
Q52694,A2
Q52695,A2
Q52696,A2
Q52697,A2
Q52698,A2
Q52699,A2
Q52700,A2
Q52701,A2
Q52702,A2
Q52703,A2
Q52704,A2
Q52705,A2
Q52706,A2
Q52707,A2
Q52708,A2
Q52709,A2
Q52710,A2
Q52711,A2
Q52712,A2
Q52713,A2
Q52714,A2
Q52715,A2
Q52716,A2
Q52717,A2
Q52718,A2
Q52719,A2
Q52720,A2
Q52721,A2
Q52722,A2
Q52723,A2
Q52724,A2
Q52725,A2
Q52726,A2
Q52727,A2
Q52728,A2
Q52729,A2
Q52730,A2
Q52731,A2
Q52732,A2
Q52733,A2
Q52734,A2
Q52735,A2
Q52736,A2
Q52737,A2
Q52738,A2
Q52739,A2
Q52740,A2
Q52741,A2
Q52742,A2
Q52743,A2
Q52744,A2
Q52745,A2
Q52746,A2
Q52747,A2
Q52748,A2
Q52749,A2
Q52750,A2
Q52751,A2
Q52752,A2
Q52753,A2
Q52754,A2
Q52755,A2
Q52756,A2
Q52757,A2
Q52758,A2
Q52759,A2
Q52760,A2
Q52761,A2
Q52762,A2
Q52763,A2
Q52764,A2
Q52765,A2
Q52766,A2
Q52767,A2
Q52768,A2
Q52769,A2
Q52770,A2
Q52771,A2
Q52772,A2
Q52773,A2
Q52774,A2
Q52775,A2
Q52776,A2
Q52777,A2
Q52778,A2
Q52779,A2
Q52780,A2
Q52781,A2
Q52782,A2
Q52783,A2
Q52784,A2
Q52785,A2
Q52786,A2
Q52787,A2
Q52788,A2
Q52789,A2
Q52790,A2
Q52791,A2
Q52792,A2
Q52793,A2
Q52794,A2
Q52795,A2
Q52796,A2
Q52797,A2
Q52798,A2
Q52799,A2
Q52800,A2
Q52801,A2
Q52802,A2
Q52803,A2
Q52804,A2
Q52805,A2
Q52806,A2
Q52807,A2
Q52808,A2
Q52809,A2
Q52810,A2
Q52811,A2
Q52812,A2
Q52813,A2
Q52814,A2
Q52815,A2
Q52816,A2
Q52817,A2
Q52818,A2
Q52819,A2
Q52820,A2
Q52821,A2
Q52822,A2
Q52823,A2
Q52824,A2
Q52825,A2
Q52826,A2
Q52827,A2
Q52828,A2
Q52829,A2
Q52830,A2
Q52831,A2
Q52832,A2
Q52833,A2
Q52834,A2
Q52835,A2
Q52836,A2
Q52837,A2
Q52838,A2
Q52839,A2
Q52840,A2
Q52841,A2
Q52842,A2
Q52843,A2
Q52844,A2
Q52845,A2
Q52846,A2
Q52847,A2
Q52848,A2
Q52849,A2
Q52850,A2
Q52851,A2
Q52852,A2
Q52853,A2
Q52854,A2
Q52855,A2
Q52856,A2
Q52857,A2
Q52858,A2
Q52859,A2
Q52860,A2
Q52861,A2
Q52862,A2
Q52863,A2
Q52864,A2
Q52865,A2
Q52866,A2
Q52867,A2
Q52868,A2
Q52869,A2
Q52870,A2
Q52871,A2
Q52872,A2
Q52873,A2
Q52874,A2
Q52875,A2
Q52876,A2
Q52877,A2
Q52878,A2
Q52879,A2
Q52880,A2
Q52881,A2
Q52882,A2
Q52883,A2
Q52884,A2
Q52885,A2
Q52886,A2
Q52887,A2
Q52888,A2
Q52889,A2
Q52890,A2
Q52891,A2
Q52892,A2
Q52893,A2
Q52894,A2
Q52895,A2
Q52896,A2
Q52897,A2
Q52898,A2
Q52899,A2
Q52900,A2
Q52901,A2
Q52902,A2
Q52903,A2
Q52904,A2
Q52905,A2
Q52906,A2
Q52907,A2
Q52908,A2
Q52909,A2
Q52910,A2
Q52911,A2
Q52912,A2
Q52913,A2
Q52914,A2
Q52915,A2
Q52916,A2
Q52917,A2
Q52918,A2
Q52919,A2
Q52920,A2
Q52921,A2
Q52922,A2
Q52923,A2
Q52924,A2
Q52925,A2
Q52926,A2
Q52927,A2
Q52928,A2
Q52929,A2
Q52930,A2
Q52931,A2
Q52932,A2
Q52933,A2
Q52934,A2
Q52935,A2
Q52936,A2
Q52937,A2
Q52938,A2
Q52939,A2
Q52940,A2
Q52941,A2
Q52942,A2
Q52943,A2
Q52944,A2
Q52945,A2
Q52946,A2
Q52947,A2
Q52948,A2
Q52949,A2
Q52950,A2
Q52951,A2
Q52952,A2
Q52953,A2
Q52954,A2
Q52955,A2
Q52956,A2
Q52957,A2
Q52958,A2
Q52959,A2
Q52960,A2
Q52961,A2
Q52962,A2
Q52963,A2
Q52964,A2
Q52965,A2
Q52966,A2
Q52967,A2
Q52968,A2
Q52969,A2
Q52970,A2
Q52971,A2
Q52972,A2
Q52973,A2
Q52974,A2
Q52975,A2
Q52976,A2
Q52977,A2
Q52978,A2
Q52979,A2
Q52980,A2
Q52981,A2
Q52982,A2
Q52983,A2
Q52984,A2
Q52985,A2
Q52986,A2
Q52987,A2
Q52988,A2
Q52989,A2
Q52990,A2
Q52991,A2
Q52992,A2
Q52993,A2
Q52994,A2
Q52995,A2
Q52996,A2
Q52997,A2
Q52998,A2
Q52999,A2
Q53000,A2
Q53001,A2
Q53002,A2
Q53003,A2
Q53004,A2
Q53005,A2
Q53006,A2
Q53007,A2
Q53008,A2
Q53009,A2
Q53010,A2
Q53011,A2
Q53012,A2
Q53013,A2
Q53014,A2
Q53015,A2
Q53016,A2
Q53017,A2
Q53018,A2
Q53019,A2
Q53020,A2
Q53021,A2
Q53022,A2
Q53023,A2
Q53024,A2
Q53025,A2
Q53026,A2
Q53027,A2
Q53028,A2
Q53029,A2
Q53030,A2
Q53031,A2
Q53032,A2
Q53033,A2
Q53034,A2
Q53035,A2
Q53036,A2
Q53037,A2
Q53038,A2
Q53039,A2
Q53040,A2
Q53041,A2
Q53042,A2
Q53043,A2
Q53044,A2
Q53045,A2
Q53046,A2
Q53047,A2
Q53048,A2
Q53049,A2
Q53050,A2
Q53051,A2
Q53052,A2
Q53053,A2
Q53054,A2
Q53055,A2
Q53056,A2
Q53057,A2
Q53058,A2
Q53059,A2
Q53060,A2
Q53061,A2
Q53062,A2
Q53063,A2
Q53064,A2
Q53065,A2
Q53066,A2
Q53067,A2
Q53068,A2
Q53069,A2
Q53070,A2
Q53071,A2
Q53072,A2
Q53073,A2
Q53074,A2
Q53075,A2
Q53076,A2
Q53077,A2
Q53078,A2
Q53079,A2
Q53080,A2
Q53081,A2
Q53082,A2
Q53083,A2
Q53084,A2
Q53085,A2
Q53086,A2
Q53087,A2
Q53088,A2
Q53089,A2
Q53090,A2
Q53091,A2
Q53092,A2
Q53093,A2
Q53094,A2
Q53095,A2
Q53096,A2
Q53097,A2
Q53098,A2
Q53099,A2
Q53100,A2
Q53101,A2
Q53102,A2
Q53103,A2
Q53104,A2
Q53105,A2
Q53106,A2
Q53107,A2
Q53108,A2
Q53109,A2
Q53110,A2
Q53111,A2
Q53112,A2
Q53113,A2
Q53114,A2
Q53115,A2
Q53116,A2
Q53117,A2
Q53118,A2
Q53119,A2
Q53120,A2
Q53121,A2
Q53122,A2
Q53123,A2
Q53124,A2
Q53125,A2
Q53126,A2
Q53127,A2
Q53128,A2
Q53129,A2
Q53130,A2
Q53131,A2
Q53132,A2
Q53133,A2
Q53134,A2
Q53135,A2
Q53136,A2
Q53137,A2
Q53138,A2
Q53139,A2
Q53140,A2
Q53141,A2
Q53142,A2
Q53143,A2
Q53144,A2
Q53145,A2
Q53146,A2
Q53147,A2
Q53148,A2
Q53149,A2
Q53150,A2
Q53151,A2
Q53152,A2
Q53153,A2
Q53154,A2
Q53155,A2
Q53156,A2
Q53157,A2
Q53158,A2
Q53159,A2
Q53160,A2
Q53161,A2
Q53162,A2
Q53163,A2
Q53164,A2
Q53165,A2
Q53166,A2
Q53167,A2
Q53168,A2
Q53169,A2
Q53170,A2
Q53171,A2
Q53172,A2
Q53173,A2
Q53174,A2
Q53175,A2
Q53176,A2
Q53177,A2
Q53178,A2
Q53179,A2
Q53180,A2
Q53181,A2
Q53182,A2
Q53183,A2
Q53184,A2
Q53185,A2
Q53186,A2
Q53187,A2
Q53188,A2
Q53189,A2
Q53190,A2
Q53191,A2
Q53192,A2
Q53193,A2
Q53194,A2
Q53195,A2
Q53196,A2
Q53197,A2
Q53198,A2
Q53199,A2
Q53200,A2
Q53201,A2
Q53202,A2
Q53203,A2
Q53204,A2
Q53205,A2
Q53206,A2
Q53207,A2
Q53208,A2
Q53209,A2
Q53210,A2
Q53211,A2
Q53212,A2
Q53213,A2
Q53214,A2
Q53215,A2
Q53216,A2
Q53217,A2
Q53218,A2
Q53219,A2
Q53220,A2
Q53221,A2
Q53222,A2
Q53223,A2
Q53224,A2
Q53225,A2
Q53226,A2
Q53227,A2
Q53228,A2
Q53229,A2
Q53230,A2
Q53231,A2
Q53232,A2
Q53233,A2
Q53234,A2
Q53235,A2
Q53236,A2
Q53237,A2
Q53238,A2
Q53239,A2
Q53240,A2
Q53241,A2
Q53242,A2
Q53243,A2
Q53244,A2
Q53245,A2
Q53246,A2
Q53247,A2
Q53248,A2
Q53249,A2
Q53250,A2
Q53251,A2
Q53252,A2
Q53253,A2
Q53254,A2
Q53255,A2
Q53256,A2
Q53257,A2
Q53258,A2
Q53259,A2
Q53260,A2
Q53261,A2
Q53262,A2
Q53263,A2
Q53264,A2
Q53265,A2
Q53266,A2
Q53267,A2
Q53268,A2
Q53269,A2
Q53270,A2
Q53271,A2
Q53272,A2
Q53273,A2
Q53274,A2
Q53275,A2
Q53276,A2
Q53277,A2
Q53278,A2
Q53279,A2
Q53280,A2
Q53281,A2
Q53282,A2
Q53283,A2
Q53284,A2
Q53285,A2
Q53286,A2
Q53287,A2
Q53288,A2
Q53289,A2
Q53290,A2
Q53291,A2
Q53292,A2
Q53293,A2
Q53294,A2
Q53295,A2
Q53296,A2
Q53297,A2
Q53298,A2
Q53299,A2
Q53300,A2
Q53301,A2
Q53302,A2
Q53303,A2
Q53304,A2
Q53305,A2
Q53306,A2
Q53307,A2
Q53308,A2
Q53309,A2
Q53310,A2
Q53311,A2
Q53312,A2
Q53313,A2
Q53314,A2
Q53315,A2
Q53316,A2
Q53317,A2
Q53318,A2
Q53319,A2
Q53320,A2
Q53321,A2
Q53322,A2
Q53323,A2
Q53324,A2
Q53325,A2
Q53326,A2
Q53327,A2
Q53328,A2
Q53329,A2
Q53330,A2
Q53331,A2
Q53332,A2
Q53333,A2
Q53334,A2
Q53335,A2
Q53336,A2
Q53337,A2
Q53338,A2
Q53339,A2
Q53340,A2
Q53341,A2
Q53342,A2
Q53343,A2
Q53344,A2
Q53345,A2
Q53346,A2
Q53347,A2
Q53348,A2
Q53349,A2
Q53350,A2
Q53351,A2
Q53352,A2
Q53353,A2
Q53354,A2
Q53355,A2
Q53356,A2
Q53357,A2
Q53358,A2
Q53359,A2
Q53360,A2
Q53361,A2
Q53362,A2
Q53363,A2
Q53364,A2
Q53365,A2
Q53366,A2
Q53367,A2
Q53368,A2
Q53369,A2
Q53370,A2
Q53371,A2
Q53372,A2
Q53373,A2
Q53374,A2
Q53375,A2
Q53376,A2
Q53377,A2
Q53378,A2
Q53379,A2
Q53380,A2
Q53381,A2
Q53382,A2
Q53383,A2
Q53384,A2
Q53385,A2
Q53386,A2
Q53387,A2
Q53388,A2
Q53389,A2
Q53390,A2
Q53391,A2
Q53392,A2
Q53393,A2
Q53394,A2
Q53395,A2
Q53396,A2
Q53397,A2
Q53398,A2
Q53399,A2
Q53400,A2
Q53401,A2
Q53402,A2
Q53403,A2
Q53404,A2
Q53405,A2
Q53406,A2
Q53407,A2
Q53408,A2
Q53409,A2
Q53410,A2
Q53411,A2
Q53412,A2
Q53413,A2
Q53414,A2
Q53415,A2
Q53416,A2
Q53417,A2
Q53418,A2
Q53419,A2
Q53420,A2
Q53421,A2
Q53422,A2
Q53423,A2
Q53424,A2
Q53425,A2
Q53426,A2
Q53427,A2
Q53428,A2
Q53429,A2
Q53430,A2
Q53431,A2
Q53432,A2
Q53433,A2
Q53434,A2
Q53435,A2
Q53436,A2
Q53437,A2
Q53438,A2
Q53439,A2
Q53440,A2
Q53441,A2
Q53442,A2
Q53443,A2
Q53444,A2
Q53445,A2
Q53446,A2
Q53447,A2
Q53448,A2
Q53449,A2
Q53450,A2
Q53451,A2
Q53452,A2
Q53453,A2
Q53454,A2
Q53455,A2
Q53456,A2
Q53457,A2
Q53458,A2
Q53459,A2
Q53460,A2
Q53461,A2
Q53462,A2
Q53463,A2
Q53464,A2
Q53465,A2
Q53466,A2
Q53467,A2
Q53468,A2
Q53469,A2
Q53470,A2
Q53471,A2
Q53472,A2
Q53473,A2
Q53474,A2
Q53475,A2
Q53476,A2
Q53477,A2
Q53478,A2
Q53479,A2
Q53480,A2
Q53481,A2
Q53482,A2
Q53483,A2
Q53484,A2
Q53485,A2
Q53486,A2
Q53487,A2
Q53488,A2
Q53489,A2
Q53490,A2
Q53491,A2
Q53492,A2
Q53493,A2
Q53494,A2
Q53495,A2
Q53496,A2
Q53497,A2
Q53498,A2
Q53499,A2
Q53500,A2
Q53501,A2
Q53502,A2
Q53503,A2
Q53504,A2
Q53505,A2
Q53506,A2
Q53507,A2
Q53508,A2
Q53509,A2
Q53510,A2
Q53511,A2
Q53512,A2
Q53513,A2
Q53514,A2
Q53515,A2
Q53516,A2
Q53517,A2
Q53518,A2
Q53519,A2
Q53520,A2
Q53521,A2
Q53522,A2
Q53523,A2
Q53524,A2
Q53525,A2
Q53526,A2
Q53527,A2
Q53528,A2
Q53529,A2
Q53530,A2
Q53531,A2
Q53532,A2
Q53533,A2
Q53534,A2
Q53535,A2
Q53536,A2
Q53537,A2
Q53538,A2
Q53539,A2
Q53540,A2
Q53541,A2
Q53542,A2
Q53543,A2
Q53544,A2
Q53545,A2
Q53546,A2
Q53547,A2
Q53548,A2
Q53549,A2
Q53550,A2
Q53551,A2
Q53552,A2
Q53553,A2
Q53554,A2
Q53555,A2
Q53556,A2
Q53557,A2
Q53558,A2
Q53559,A2
Q53560,A2
Q53561,A2
Q53562,A2
Q53563,A2
Q53564,A2
Q53565,A2
Q53566,A2
Q53567,A2
Q53568,A2
Q53569,A2
Q53570,A2
Q53571,A2
Q53572,A2
Q53573,A2
Q53574,A2
Q53575,A2
Q53576,A2
Q53577,A2
Q53578,A2
Q53579,A2
Q53580,A2
Q53581,A2
Q53582,A2
Q53583,A2
Q53584,A2
Q53585,A2
Q53586,A2
Q53587,A2
Q53588,A2
Q53589,A2
Q53590,A2
Q53591,A2
Q53592,A2
Q53593,A2
Q53594,A2
Q53595,A2
Q53596,A2
Q53597,A2
Q53598,A2
Q53599,A2
Q53600,A2
Q53601,A2
Q53602,A2
Q53603,A2
Q53604,A2
Q53605,A2
Q53606,A2
Q53607,A2
Q53608,A2
Q53609,A2
Q53610,A2
Q53611,A2
Q53612,A2
Q53613,A2
Q53614,A2
Q53615,A2
Q53616,A2
Q53617,A2
Q53618,A2
Q53619,A2
Q53620,A2
Q53621,A2
Q53622,A2
Q53623,A2
Q53624,A2
Q53625,A2
Q53626,A2
Q53627,A2
Q53628,A2
Q53629,A2
Q53630,A2
Q53631,A2
Q53632,A2
Q53633,A2
Q53634,A2
Q53635,A2
Q53636,A2
Q53637,A2
Q53638,A2
Q53639,A2
Q53640,A2
Q53641,A2
Q53642,A2
Q53643,A2
Q53644,A2
Q53645,A2
Q53646,A2
Q53647,A2
Q53648,A2
Q53649,A2
Q53650,A2
Q53651,A2
Q53652,A2
Q53653,A2
Q53654,A2
Q53655,A2
Q53656,A2
Q53657,A2
Q53658,A2
Q53659,A2
Q53660,A2
Q53661,A2
Q53662,A2
Q53663,A2
Q53664,A2
Q53665,A2
Q53666,A2
Q53667,A2
Q53668,A2
Q53669,A2
Q53670,A2
Q53671,A2
Q53672,A2
Q53673,A2
Q53674,A2
Q53675,A2
Q53676,A2
Q53677,A2
Q53678,A2
Q53679,A2
Q53680,A2
Q53681,A2
Q53682,A2
Q53683,A2
Q53684,A2
Q53685,A2
Q53686,A2
Q53687,A2
Q53688,A2
Q53689,A2
Q53690,A2
Q53691,A2
Q53692,A2
Q53693,A2
Q53694,A2
Q53695,A2
Q53696,A2
Q53697,A2
Q53698,A2
Q53699,A2
Q53700,A2
Q53701,A2
Q53702,A2
Q53703,A2
Q53704,A2
Q53705,A2
Q53706,A2
Q53707,A2
Q53708,A2
Q53709,A2
Q53710,A2
Q53711,A2
Q53712,A2
Q53713,A2
Q53714,A2
Q53715,A2
Q53716,A2
Q53717,A2
Q53718,A2
Q53719,A2
Q53720,A2
Q53721,A2
Q53722,A2
Q53723,A2
Q53724,A2
Q53725,A2
Q53726,A2
Q53727,A2
Q53728,A2
Q53729,A2
Q53730,A2
Q53731,A2
Q53732,A2
Q53733,A2
Q53734,A2
Q53735,A2
Q53736,A2
Q53737,A2
Q53738,A2
Q53739,A2
Q53740,A2
Q53741,A2
Q53742,A2
Q53743,A2
Q53744,A2
Q53745,A2
Q53746,A2
Q53747,A2
Q53748,A2
Q53749,A2
Q53750,A2
Q53751,A2
Q53752,A2
Q53753,A2
Q53754,A2
Q53755,A2
Q53756,A2
Q53757,A2
Q53758,A2
Q53759,A2
Q53760,A2
Q53761,A2
Q53762,A2
Q53763,A2
Q53764,A2
Q53765,A2
Q53766,A2
Q53767,A2
Q53768,A2
Q53769,A2
Q53770,A2
Q53771,A2
Q53772,A2
Q53773,A2
Q53774,A2
Q53775,A2
Q53776,A2
Q53777,A2
Q53778,A2
Q53779,A2
Q53780,A2
Q53781,A2
Q53782,A2
Q53783,A2
Q53784,A2
Q53785,A2
Q53786,A2
Q53787,A2
Q53788,A2
Q53789,A2
Q53790,A2
Q53791,A2
Q53792,A2
Q53793,A2
Q53794,A2
Q53795,A2
Q53796,A2
Q53797,A2
Q53798,A2
Q53799,A2
Q53800,A2
Q53801,A2
Q53802,A2
Q53803,A2
Q53804,A2
Q53805,A2
Q53806,A2
Q53807,A2
Q53808,A2
Q53809,A2
Q53810,A2
Q53811,A2
Q53812,A2
Q53813,A2
Q53814,A2
Q53815,A2
Q53816,A2
Q53817,A2
Q53818,A2
Q53819,A2
Q53820,A2
Q53821,A2
Q53822,A2
Q53823,A2
Q53824,A2
Q53825,A2
Q53826,A2
Q53827,A2
Q53828,A2
Q53829,A2
Q53830,A2
Q53831,A2
Q53832,A2
Q53833,A2
Q53834,A2
Q53835,A2
Q53836,A2
Q53837,A2
Q53838,A2
Q53839,A2
Q53840,A2
Q53841,A2
Q53842,A2
Q53843,A2
Q53844,A2
Q53845,A2
Q53846,A2
Q53847,A2
Q53848,A2
Q53849,A2
Q53850,A2
Q53851,A2
Q53852,A2
Q53853,A2
Q53854,A2
Q53855,A2
Q53856,A2
Q53857,A2
Q53858,A2
Q53859,A2
Q53860,A2
Q53861,A2
Q53862,A2
Q53863,A2
Q53864,A2
Q53865,A2
Q53866,A2
Q53867,A2
Q53868,A2
Q53869,A2
Q53870,A2
Q53871,A2
Q53872,A2
Q53873,A2
Q53874,A2
Q53875,A2
Q53876,A2
Q53877,A2
Q53878,A2
Q53879,A2
Q53880,A2
Q53881,A2
Q53882,A2
Q53883,A2
Q53884,A2
Q53885,A2
Q53886,A2
Q53887,A2
Q53888,A2
Q53889,A2
Q53890,A2
Q53891,A2
Q53892,A2
Q53893,A2
Q53894,A2
Q53895,A2
Q53896,A2
Q53897,A2
Q53898,A2
Q53899,A2
Q53900,A2
Q53901,A2
Q53902,A2
Q53903,A2
Q53904,A2
Q53905,A2
Q53906,A2
Q53907,A2
Q53908,A2
Q53909,A2
Q53910,A2
Q53911,A2
Q53912,A2
Q53913,A2
Q53914,A2
Q53915,A2
Q53916,A2
Q53917,A2
Q53918,A2
Q53919,A2
Q53920,A2
Q53921,A2
Q53922,A2
Q53923,A2
Q53924,A2
Q53925,A2
Q53926,A2
Q53927,A2
Q53928,A2
Q53929,A2
Q53930,A2
Q53931,A2
Q53932,A2
Q53933,A2
Q53934,A2
Q53935,A2
Q53936,A2
Q53937,A2
Q53938,A2
Q53939,A2
Q53940,A2
Q53941,A2
Q53942,A2
Q53943,A2
Q53944,A2
Q53945,A2
Q53946,A2
Q53947,A2
Q53948,A2
Q53949,A2
Q53950,A2
Q53951,A2
Q53952,A2
Q53953,A2
Q53954,A2
Q53955,A2
Q53956,A2
Q53957,A2
Q53958,A2
Q53959,A2
Q53960,A2
Q53961,A2
Q53962,A2
Q53963,A2
Q53964,A2
Q53965,A2
Q53966,A2
Q53967,A2
Q53968,A2
Q53969,A2
Q53970,A2
Q53971,A2
Q53972,A2
Q53973,A2
Q53974,A2
Q53975,A2
Q53976,A2
Q53977,A2
Q53978,A2
Q53979,A2
Q53980,A2
Q53981,A2
Q53982,A2
Q53983,A2
Q53984,A2
Q53985,A2
Q53986,A2
Q53987,A2
Q53988,A2
Q53989,A2
Q53990,A2
Q53991,A2
Q53992,A2
Q53993,A2
Q53994,A2
Q53995,A2
Q53996,A2
Q53997,A2
Q53998,A2
Q53999,A2
Q54000,A2
Q54001,A2
Q54002,A2
Q54003,A2
Q54004,A2
Q54005,A2
Q54006,A2
Q54007,A2
Q54008,A2
Q54009,A2
Q54010,A2
Q54011,A2
Q54012,A2
Q54013,A2
Q54014,A2
Q54015,A2
Q54016,A2
Q54017,A2
Q54018,A2
Q54019,A2
Q54020,A2
Q54021,A2
Q54022,A2
Q54023,A2
Q54024,A2
Q54025,A2
Q54026,A2
Q54027,A2
Q54028,A2
Q54029,A2
Q54030,A2
Q54031,A2
Q54032,A2
Q54033,A2
Q54034,A2
Q54035,A2
Q54036,A2
Q54037,A2
Q54038,A2
Q54039,A2
Q54040,A2
Q54041,A2
Q54042,A2
Q54043,A2
Q54044,A2
Q54045,A2
Q54046,A2
Q54047,A2
Q54048,A2
Q54049,A2
Q54050,A2
Q54051,A2
Q54052,A2
Q54053,A2
Q54054,A2
Q54055,A2
Q54056,A2
Q54057,A2
Q54058,A2
Q54059,A2
Q54060,A2
Q54061,A2
Q54062,A2
Q54063,A2
Q54064,A2
Q54065,A2
Q54066,A2
Q54067,A2
Q54068,A2
Q54069,A2
Q54070,A2
Q54071,A2
Q54072,A2
Q54073,A2
Q54074,A2
Q54075,A2
Q54076,A2
Q54077,A2
Q54078,A2
Q54079,A2
Q54080,A2
Q54081,A2
Q54082,A2
Q54083,A2
Q54084,A2
Q54085,A2
Q54086,A2
Q54087,A2
Q54088,A2
Q54089,A2
Q54090,A2
Q54091,A2
Q54092,A2
Q54093,A2
Q54094,A2
Q54095,A2
Q54096,A2
Q54097,A2
Q54098,A2
Q54099,A2
Q54100,A2
Q54101,A2
Q54102,A2
Q54103,A2
Q54104,A2
Q54105,A2
Q54106,A2
Q54107,A2
Q54108,A2
Q54109,A2
Q54110,A2
Q54111,A2
Q54112,A2
Q54113,A2
Q54114,A2
Q54115,A2
Q54116,A2
Q54117,A2
Q54118,A2
Q54119,A2
Q54120,A2
Q54121,A2
Q54122,A2
Q54123,A2
Q54124,A2
Q54125,A2
Q54126,A2
Q54127,A2
Q54128,A2
Q54129,A2
Q54130,A2
Q54131,A2
Q54132,A2
Q54133,A2
Q54134,A2
Q54135,A2
Q54136,A2
Q54137,A2
Q54138,A2
Q54139,A2
Q54140,A2
Q54141,A2
Q54142,A2
Q54143,A2
Q54144,A2
Q54145,A2
Q54146,A2
Q54147,A2
Q54148,A2
Q54149,A2
Q54150,A2
Q54151,A2
Q54152,A2
Q54153,A2
Q54154,A2
Q54155,A2
Q54156,A2
Q54157,A2
Q54158,A2
Q54159,A2
Q54160,A2
Q54161,A2
Q54162,A2
Q54163,A2
Q54164,A2
Q54165,A2
Q54166,A2
Q54167,A2
Q54168,A2
Q54169,A2
Q54170,A2
Q54171,A2
Q54172,A2
Q54173,A2
Q54174,A2
Q54175,A2
Q54176,A2
Q54177,A2
Q54178,A2
Q54179,A2
Q54180,A2
Q54181,A2
Q54182,A2
Q54183,A2
Q54184,A2
Q54185,A2
Q54186,A2
Q54187,A2
Q54188,A2
Q54189,A2
Q54190,A2
Q54191,A2
Q54192,A2
Q54193,A2
Q54194,A2
Q54195,A2
Q54196,A2
Q54197,A2
Q54198,A2
Q54199,A2
Q54200,A2
Q54201,A2
Q54202,A2
Q54203,A2
Q54204,A2
Q54205,A2
Q54206,A2
Q54207,A2
Q54208,A2
Q54209,A2
Q54210,A2
Q54211,A2
Q54212,A2
Q54213,A2
Q54214,A2
Q54215,A2
Q54216,A2
Q54217,A2
Q54218,A2
Q54219,A2
Q54220,A2
Q54221,A2
Q54222,A2
Q54223,A2
Q54224,A2
Q54225,A2
Q54226,A2
Q54227,A2
Q54228,A2
Q54229,A2
Q54230,A2
Q54231,A2
Q54232,A2
Q54233,A2
Q54234,A2
Q54235,A2
Q54236,A2
Q54237,A2
Q54238,A2
Q54239,A2
Q54240,A2
Q54241,A2
Q54242,A2
Q54243,A2
Q54244,A2
Q54245,A2
Q54246,A2
Q54247,A2
Q54248,A2
Q54249,A2
Q54250,A2
Q54251,A2
Q54252,A2
Q54253,A2
Q54254,A2
Q54255,A2
Q54256,A2
Q54257,A2
Q54258,A2
Q54259,A2
Q54260,A2
Q54261,A2
Q54262,A2
Q54263,A2
Q54264,A2
Q54265,A2
Q54266,A2
Q54267,A2
Q54268,A2
Q54269,A2
Q54270,A2
Q54271,A2
Q54272,A2
Q54273,A2
Q54274,A2
Q54275,A2
Q54276,A2
Q54277,A2
Q54278,A2
Q54279,A2
Q54280,A2
Q54281,A2
Q54282,A2
Q54283,A2
Q54284,A2
Q54285,A2
Q54286,A2
Q54287,A2
Q54288,A2
Q54289,A2
Q54290,A2
Q54291,A2
Q54292,A2
Q54293,A2
Q54294,A2
Q54295,A2
Q54296,A2
Q54297,A2
Q54298,A2
Q54299,A2
Q54300,A2
Q54301,A2
Q54302,A2
Q54303,A2
Q54304,A2
Q54305,A2
Q54306,A2
Q54307,A2
Q54308,A2
Q54309,A2
Q54310,A2
Q54311,A2
Q54312,A2
Q54313,A2
Q54314,A2
Q54315,A2
Q54316,A2
Q54317,A2
Q54318,A2
Q54319,A2
Q54320,A2
Q54321,A2
Q54322,A2
Q54323,A2
Q54324,A2
Q54325,A2
Q54326,A2
Q54327,A2
Q54328,A2
Q54329,A2
Q54330,A2
Q54331,A2
Q54332,A2
Q54333,A2
Q54334,A2
Q54335,A2
Q54336,A2
Q54337,A2
Q54338,A2
Q54339,A2
Q54340,A2
Q54341,A2
Q54342,A2
Q54343,A2
Q54344,A2
Q54345,A2
Q54346,A2
Q54347,A2
Q54348,A2
Q54349,A2
Q54350,A2
Q54351,A2
Q54352,A2
Q54353,A2
Q54354,A2
Q54355,A2
Q54356,A2
Q54357,A2
Q54358,A2
Q54359,A2
Q54360,A2
Q54361,A2
Q54362,A2
Q54363,A2
Q54364,A2
Q54365,A2
Q54366,A2
Q54367,A2
Q54368,A2
Q54369,A2
Q54370,A2
Q54371,A2
Q54372,A2
Q54373,A2
Q54374,A2
Q54375,A2
Q54376,A2
Q54377,A2
Q54378,A2
Q54379,A2
Q54380,A2
Q54381,A2
Q54382,A2
Q54383,A2
Q54384,A2
Q54385,A2
Q54386,A2
Q54387,A2
Q54388,A2
Q54389,A2
Q54390,A2
Q54391,A2
Q54392,A2
Q54393,A2
Q54394,A2
Q54395,A2
Q54396,A2
Q54397,A2
Q54398,A2
Q54399,A2
Q54400,A2
Q54401,A2
Q54402,A2
Q54403,A2
Q54404,A2
Q54405,A2
Q54406,A2
Q54407,A2
Q54408,A2
Q54409,A2
Q54410,A2
Q54411,A2
Q54412,A2
Q54413,A2
Q54414,A2
Q54415,A2
Q54416,A2
Q54417,A2
Q54418,A2
Q54419,A2
Q54420,A2
Q54421,A2
Q54422,A2
Q54423,A2
Q54424,A2
Q54425,A2
Q54426,A2
Q54427,A2
Q54428,A2
Q54429,A2
Q54430,A2
Q54431,A2
Q54432,A2
Q54433,A2
Q54434,A2
Q54435,A2
Q54436,A2
Q54437,A2
Q54438,A2
Q54439,A2
Q54440,A2
Q54441,A2
Q54442,A2
Q54443,A2
Q54444,A2
Q54445,A2
Q54446,A2
Q54447,A2
Q54448,A2
Q54449,A2
Q54450,A2
Q54451,A2
Q54452,A2
Q54453,A2
Q54454,A2
Q54455,A2
Q54456,A2
Q54457,A2
Q54458,A2
Q54459,A2
Q54460,A2
Q54461,A2
Q54462,A2
Q54463,A2
Q54464,A2
Q54465,A2
Q54466,A2
Q54467,A2
Q54468,A2
Q54469,A2
Q54470,A2
Q54471,A2
Q54472,A2
Q54473,A2
Q54474,A2
Q54475,A2
Q54476,A2
Q54477,A2
Q54478,A2
Q54479,A2
Q54480,A2
Q54481,A2
Q54482,A2
Q54483,A2
Q54484,A2
Q54485,A2
Q54486,A2
Q54487,A2
Q54488,A2
Q54489,A2
Q54490,A2
Q54491,A2
Q54492,A2
Q54493,A2
Q54494,A2
Q54495,A2
Q54496,A2
Q54497,A2
Q54498,A2
Q54499,A2
Q54500,A2
Q54501,A2
Q54502,A2
Q54503,A2
Q54504,A2
Q54505,A2
Q54506,A2
Q54507,A2
Q54508,A2
Q54509,A2
Q54510,A2
Q54511,A2
Q54512,A2
Q54513,A2
Q54514,A2
Q54515,A2
Q54516,A2
Q54517,A2
Q54518,A2
Q54519,A2
Q54520,A2
Q54521,A2
Q54522,A2
Q54523,A2
Q54524,A2
Q54525,A2
Q54526,A2
Q54527,A2
Q54528,A2
Q54529,A2
Q54530,A2
Q54531,A2
Q54532,A2
Q54533,A2
Q54534,A2
Q54535,A2
Q54536,A2
Q54537,A2
Q54538,A2
Q54539,A2
Q54540,A2
Q54541,A2
Q54542,A2
Q54543,A2
Q54544,A2
Q54545,A2
Q54546,A2
Q54547,A2
Q54548,A2
Q54549,A2
Q54550,A2
Q54551,A2
Q54552,A2
Q54553,A2
Q54554,A2
Q54555,A2
Q54556,A2
Q54557,A2
Q54558,A2
Q54559,A2
Q54560,A2
Q54561,A2
Q54562,A2
Q54563,A2
Q54564,A2
Q54565,A2
Q54566,A2
Q54567,A2
Q54568,A2
Q54569,A2
Q54570,A2
Q54571,A2
Q54572,A2
Q54573,A2
Q54574,A2
Q54575,A2
Q54576,A2
Q54577,A2
Q54578,A2
Q54579,A2
Q54580,A2
Q54581,A2
Q54582,A2
Q54583,A2
Q54584,A2
Q54585,A2
Q54586,A2
Q54587,A2
Q54588,A2
Q54589,A2
Q54590,A2
Q54591,A2
Q54592,A2
Q54593,A2
Q54594,A2
Q54595,A2
Q54596,A2
Q54597,A2
Q54598,A2
Q54599,A2
Q54600,A2
Q54601,A2
Q54602,A2
Q54603,A2
Q54604,A2
Q54605,A2
Q54606,A2
Q54607,A2
Q54608,A2
Q54609,A2
Q54610,A2
Q54611,A2
Q54612,A2
Q54613,A2
Q54614,A2
Q54615,A2
Q54616,A2
Q54617,A2
Q54618,A2
Q54619,A2
Q54620,A2
Q54621,A2
Q54622,A2
Q54623,A2
Q54624,A2
Q54625,A2
Q54626,A2
Q54627,A2
Q54628,A2
Q54629,A2
Q54630,A2
Q54631,A2
Q54632,A2
Q54633,A2
Q54634,A2
Q54635,A2
Q54636,A2
Q54637,A2
Q54638,A2
Q54639,A2
Q54640,A2
Q54641,A2
Q54642,A2
Q54643,A2
Q54644,A2
Q54645,A2
Q54646,A2
Q54647,A2
Q54648,A2
Q54649,A2
Q54650,A2
Q54651,A2
Q54652,A2
Q54653,A2
Q54654,A2
Q54655,A2
Q54656,A2
Q54657,A2
Q54658,A2
Q54659,A2
Q54660,A2
Q54661,A2
Q54662,A2
Q54663,A2
Q54664,A2
Q54665,A2
Q54666,A2
Q54667,A2
Q54668,A2
Q54669,A2
Q54670,A2
Q54671,A2
Q54672,A2
Q54673,A2
Q54674,A2
Q54675,A2
Q54676,A2
Q54677,A2
Q54678,A2
Q54679,A2
Q54680,A2
Q54681,A2
Q54682,A2
Q54683,A2
Q54684,A2
Q54685,A2
Q54686,A2
Q54687,A2
Q54688,A2
Q54689,A2
Q54690,A2
Q54691,A2
Q54692,A2
Q54693,A2
Q54694,A2
Q54695,A2
Q54696,A2
Q54697,A2
Q54698,A2
Q54699,A2
Q54700,A2
Q54701,A2
Q54702,A2
Q54703,A2
Q54704,A2
Q54705,A2
Q54706,A2
Q54707,A2
Q54708,A2
Q54709,A2
Q54710,A2
Q54711,A2
Q54712,A2
Q54713,A2
Q54714,A2
Q54715,A2
Q54716,A2
Q54717,A2
Q54718,A2
Q54719,A2
Q54720,A2
Q54721,A2
Q54722,A2
Q54723,A2
Q54724,A2
Q54725,A2
Q54726,A2
Q54727,A2
Q54728,A2
Q54729,A2
Q54730,A2
Q54731,A2
Q54732,A2
Q54733,A2
Q54734,A2
Q54735,A2
Q54736,A2
Q54737,A2
Q54738,A2
Q54739,A2
Q54740,A2
Q54741,A2
Q54742,A2
Q54743,A2
Q54744,A2
Q54745,A2
Q54746,A2
Q54747,A2
Q54748,A2
Q54749,A2
Q54750,A2
Q54751,A2
Q54752,A2
Q54753,A2
Q54754,A2
Q54755,A2
Q54756,A2
Q54757,A2
Q54758,A2
Q54759,A2
Q54760,A2
Q54761,A2
Q54762,A2
Q54763,A2
Q54764,A2
Q54765,A2
Q54766,A2
Q54767,A2
Q54768,A2
Q54769,A2
Q54770,A2
Q54771,A2
Q54772,A2
Q54773,A2
Q54774,A2
Q54775,A2
Q54776,A2
Q54777,A2
Q54778,A2
Q54779,A2
Q54780,A2
Q54781,A2
Q54782,A2
Q54783,A2
Q54784,A2
Q54785,A2
Q54786,A2
Q54787,A2
Q54788,A2
Q54789,A2
Q54790,A2
Q54791,A2
Q54792,A2
Q54793,A2
Q54794,A2
Q54795,A2
Q54796,A2
Q54797,A2
Q54798,A2
Q54799,A2
Q54800,A2
Q54801,A2
Q54802,A2
Q54803,A2
Q54804,A2
Q54805,A2
Q54806,A2
Q54807,A2
Q54808,A2
Q54809,A2
Q54810,A2
Q54811,A2
Q54812,A2
Q54813,A2
Q54814,A2
Q54815,A2
Q54816,A2
Q54817,A2
Q54818,A2
Q54819,A2
Q54820,A2
Q54821,A2
Q54822,A2
Q54823,A2
Q54824,A2
Q54825,A2
Q54826,A2
Q54827,A2
Q54828,A2
Q54829,A2
Q54830,A2
Q54831,A2
Q54832,A2
Q54833,A2
Q54834,A2
Q54835,A2
Q54836,A2
Q54837,A2
Q54838,A2
Q54839,A2
Q54840,A2
Q54841,A2
Q54842,A2
Q54843,A2
Q54844,A2
Q54845,A2
Q54846,A2
Q54847,A2
Q54848,A2
Q54849,A2
Q54850,A2
Q54851,A2
Q54852,A2
Q54853,A2
Q54854,A2
Q54855,A2
Q54856,A2
Q54857,A2
Q54858,A2
Q54859,A2
Q54860,A2
Q54861,A2
Q54862,A2
Q54863,A2
Q54864,A2
Q54865,A2
Q54866,A2
Q54867,A2
Q54868,A2
Q54869,A2
Q54870,A2
Q54871,A2
Q54872,A2
Q54873,A2
Q54874,A2
Q54875,A2
Q54876,A2
Q54877,A2
Q54878,A2
Q54879,A2
Q54880,A2
Q54881,A2
Q54882,A2
Q54883,A2
Q54884,A2
Q54885,A2
Q54886,A2
Q54887,A2
Q54888,A2
Q54889,A2
Q54890,A2
Q54891,A2
Q54892,A2
Q54893,A2
Q54894,A2
Q54895,A2
Q54896,A2
Q54897,A2
Q54898,A2
Q54899,A2
Q54900,A2
Q54901,A2
Q54902,A2
Q54903,A2
Q54904,A2
Q54905,A2
Q54906,A2
Q54907,A2
Q54908,A2
Q54909,A2
Q54910,A2
Q54911,A2
Q54912,A2
Q54913,A2
Q54914,A2
Q54915,A2
Q54916,A2
Q54917,A2
Q54918,A2
Q54919,A2
Q54920,A2
Q54921,A2
Q54922,A2
Q54923,A2
Q54924,A2
Q54925,A2
Q54926,A2
Q54927,A2
Q54928,A2
Q54929,A2
Q54930,A2
Q54931,A2
Q54932,A2
Q54933,A2
Q54934,A2
Q54935,A2
Q54936,A2
Q54937,A2
Q54938,A2
Q54939,A2
Q54940,A2
Q54941,A2
Q54942,A2
Q54943,A2
Q54944,A2
Q54945,A2
Q54946,A2
Q54947,A2
Q54948,A2
Q54949,A2
Q54950,A2
Q54951,A2
Q54952,A2
Q54953,A2
Q54954,A2
Q54955,A2
Q54956,A2
Q54957,A2
Q54958,A2
Q54959,A2
Q54960,A2
Q54961,A2
Q54962,A2
Q54963,A2
Q54964,A2
Q54965,A2
Q54966,A2
Q54967,A2
Q54968,A2
Q54969,A2
Q54970,A2
Q54971,A2
Q54972,A2
Q54973,A2
Q54974,A2
Q54975,A2
Q54976,A2
Q54977,A2
Q54978,A2
Q54979,A2
Q54980,A2
Q54981,A2
Q54982,A2
Q54983,A2
Q54984,A2
Q54985,A2
Q54986,A2
Q54987,A2
Q54988,A2
Q54989,A2
Q54990,A2
Q54991,A2
Q54992,A2
Q54993,A2
Q54994,A2
Q54995,A2
Q54996,A2
Q54997,A2
Q54998,A2
Q54999,A2
Q55000,A2
Q55001,A2
Q55002,A2
Q55003,A2
Q55004,A2
Q55005,A2
Q55006,A2
Q55007,A2
Q55008,A2
Q55009,A2
Q55010,A2
Q55011,A2
Q55012,A2
Q55013,A2
Q55014,A2
Q55015,A2
Q55016,A2
Q55017,A2
Q55018,A2
Q55019,A2
Q55020,A2
Q55021,A2
Q55022,A2
Q55023,A2
Q55024,A2
Q55025,A2
Q55026,A2
Q55027,A2
Q55028,A2
Q55029,A2
Q55030,A2
Q55031,A2
Q55032,A2
Q55033,A2
Q55034,A2
Q55035,A2
Q55036,A2
Q55037,A2
Q55038,A2
Q55039,A2
Q55040,A2
Q55041,A2
Q55042,A2
Q55043,A2
Q55044,A2
Q55045,A2
Q55046,A2
Q55047,A2
Q55048,A2
Q55049,A2
Q55050,A2
Q55051,A2
Q55052,A2
Q55053,A2
Q55054,A2
Q55055,A2
Q55056,A2
Q55057,A2
Q55058,A2
Q55059,A2
Q55060,A2
Q55061,A2
Q55062,A2
Q55063,A2
Q55064,A2
Q55065,A2
Q55066,A2
Q55067,A2
Q55068,A2
Q55069,A2
Q55070,A2
Q55071,A2
Q55072,A2
Q55073,A2
Q55074,A2
Q55075,A2
Q55076,A2
Q55077,A2
Q55078,A2
Q55079,A2
Q55080,A2
Q55081,A2
Q55082,A2
Q55083,A2
Q55084,A2
Q55085,A2
Q55086,A2
Q55087,A2
Q55088,A2
Q55089,A2
Q55090,A2
Q55091,A2
Q55092,A2
Q55093,A2
Q55094,A2
Q55095,A2
Q55096,A2
Q55097,A2
Q55098,A2
Q55099,A2
Q55100,A2
Q55101,A2
Q55102,A2
Q55103,A2
Q55104,A2
Q55105,A2
Q55106,A2
Q55107,A2
Q55108,A2
Q55109,A2
Q55110,A2
Q55111,A2
Q55112,A2
Q55113,A2
Q55114,A2
Q55115,A2
Q55116,A2
Q55117,A2
Q55118,A2
Q55119,A2
Q55120,A2
Q55121,A2
Q55122,A2
Q55123,A2
Q55124,A2
Q55125,A2
Q55126,A2
Q55127,A2
Q55128,A2
Q55129,A2
Q55130,A2
Q55131,A2
Q55132,A2
Q55133,A2
Q55134,A2
Q55135,A2
Q55136,A2
Q55137,A2
Q55138,A2
Q55139,A2
Q55140,A2
Q55141,A2
Q55142,A2
Q55143,A2
Q55144,A2
Q55145,A2
Q55146,A2
Q55147,A2
Q55148,A2
Q55149,A2
Q55150,A2
Q55151,A2
Q55152,A2
Q55153,A2
Q55154,A2
Q55155,A2
Q55156,A2
Q55157,A2
Q55158,A2
Q55159,A2
Q55160,A2
Q55161,A2
Q55162,A2
Q55163,A2
Q55164,A2
Q55165,A2
Q55166,A2
Q55167,A2
Q55168,A2
Q55169,A2
Q55170,A2
Q55171,A2
Q55172,A2
Q55173,A2
Q55174,A2
Q55175,A2
Q55176,A2
Q55177,A2
Q55178,A2
Q55179,A2
Q55180,A2
Q55181,A2
Q55182,A2
Q55183,A2
Q55184,A2
Q55185,A2
Q55186,A2
Q55187,A2
Q55188,A2
Q55189,A2
Q55190,A2
Q55191,A2
Q55192,A2
Q55193,A2
Q55194,A2
Q55195,A2
Q55196,A2
Q55197,A2
Q55198,A2
Q55199,A2
Q55200,A2
Q55201,A2
Q55202,A2
Q55203,A2
Q55204,A2
Q55205,A2
Q55206,A2
Q55207,A2
Q55208,A2
Q55209,A2
Q55210,A2
Q55211,A2
Q55212,A2
Q55213,A2
Q55214,A2
Q55215,A2
Q55216,A2
Q55217,A2
Q55218,A2
Q55219,A2
Q55220,A2
Q55221,A2
Q55222,A2
Q55223,A2
Q55224,A2
Q55225,A2
Q55226,A2
Q55227,A2
Q55228,A2
Q55229,A2
Q55230,A2
Q55231,A2
Q55232,A2
Q55233,A2
Q55234,A2
Q55235,A2
Q55236,A2
Q55237,A2
Q55238,A2
Q55239,A2
Q55240,A2
Q55241,A2
Q55242,A2
Q55243,A2
Q55244,A2
Q55245,A2
Q55246,A2
Q55247,A2
Q55248,A2
Q55249,A2
Q55250,A2
Q55251,A2
Q55252,A2
Q55253,A2
Q55254,A2
Q55255,A2
Q55256,A2
Q55257,A2
Q55258,A2
Q55259,A2
Q55260,A2
Q55261,A2
Q55262,A2
Q55263,A2
Q55264,A2
Q55265,A2
Q55266,A2
Q55267,A2
Q55268,A2
Q55269,A2
Q55270,A2
Q55271,A2
Q55272,A2
Q55273,A2
Q55274,A2
Q55275,A2
Q55276,A2
Q55277,A2
Q55278,A2
Q55279,A2
Q55280,A2
Q55281,A2
Q55282,A2
Q55283,A2
Q55284,A2
Q55285,A2
Q55286,A2
Q55287,A2
Q55288,A2
Q55289,A2
Q55290,A2
Q55291,A2
Q55292,A2
Q55293,A2
Q55294,A2
Q55295,A2
Q55296,A2
Q55297,A2
Q55298,A2
Q55299,A2
Q55300,A2
Q55301,A2
Q55302,A2
Q55303,A2
Q55304,A2
Q55305,A2
Q55306,A2
Q55307,A2
Q55308,A2
Q55309,A2
Q55310,A2
Q55311,A2
Q55312,A2
Q55313,A2
Q55314,A2
Q55315,A2
Q55316,A2
Q55317,A2
Q55318,A2
Q55319,A2
Q55320,A2
Q55321,A2
Q55322,A2
Q55323,A2
Q55324,A2
Q55325,A2
Q55326,A2
Q55327,A2
Q55328,A2
Q55329,A2
Q55330,A2
Q55331,A2
Q55332,A2
Q55333,A2
Q55334,A2
Q55335,A2
Q55336,A2
Q55337,A2
Q55338,A2
Q55339,A2
Q55340,A2
Q55341,A2
Q55342,A2
Q55343,A2
Q55344,A2
Q55345,A2
Q55346,A2
Q55347,A2
Q55348,A2
Q55349,A2
Q55350,A2
Q55351,A2
Q55352,A2
Q55353,A2
Q55354,A2
Q55355,A2
Q55356,A2
Q55357,A2
Q55358,A2
Q55359,A2
Q55360,A2
Q55361,A2
Q55362,A2
Q55363,A2
Q55364,A2
Q55365,A2
Q55366,A2
Q55367,A2
Q55368,A2
Q55369,A2
Q55370,A2
Q55371,A2
Q55372,A2
Q55373,A2
Q55374,A2
Q55375,A2
Q55376,A2
Q55377,A2
Q55378,A2
Q55379,A2
Q55380,A2
Q55381,A2
Q55382,A2
Q55383,A2
Q55384,A2
Q55385,A2
Q55386,A2
Q55387,A2
Q55388,A2
Q55389,A2
Q55390,A2
Q55391,A2
Q55392,A2
Q55393,A2
Q55394,A2
Q55395,A2
Q55396,A2
Q55397,A2
Q55398,A2
Q55399,A2
Q55400,A2
Q55401,A2
Q55402,A2
Q55403,A2
Q55404,A2
Q55405,A2
Q55406,A2
Q55407,A2
Q55408,A2
Q55409,A2
Q55410,A2
Q55411,A2
Q55412,A2
Q55413,A2
Q55414,A2
Q55415,A2
Q55416,A2
Q55417,A2
Q55418,A2
Q55419,A2
Q55420,A2
Q55421,A2
Q55422,A2
Q55423,A2
Q55424,A2
Q55425,A2
Q55426,A2
Q55427,A2
Q55428,A2
Q55429,A2
Q55430,A2
Q55431,A2
Q55432,A2
Q55433,A2
Q55434,A2
Q55435,A2
Q55436,A2
Q55437,A2
Q55438,A2
Q55439,A2
Q55440,A2
Q55441,A2
Q55442,A2
Q55443,A2
Q55444,A2
Q55445,A2
Q55446,A2
Q55447,A2
Q55448,A2
Q55449,A2
Q55450,A2
Q55451,A2
Q55452,A2
Q55453,A2
Q55454,A2
Q55455,A2
Q55456,A2
Q55457,A2
Q55458,A2
Q55459,A2
Q55460,A2
Q55461,A2
Q55462,A2
Q55463,A2
Q55464,A2
Q55465,A2
Q55466,A2
Q55467,A2
Q55468,A2
Q55469,A2
Q55470,A2
Q55471,A2
Q55472,A2
Q55473,A2
Q55474,A2
Q55475,A2
Q55476,A2
Q55477,A2
Q55478,A2
Q55479,A2
Q55480,A2
Q55481,A2
Q55482,A2
Q55483,A2
Q55484,A2
Q55485,A2
Q55486,A2
Q55487,A2
Q55488,A2
Q55489,A2
Q55490,A2
Q55491,A2
Q55492,A2
Q55493,A2
Q55494,A2
Q55495,A2
Q55496,A2
Q55497,A2
Q55498,A2
Q55499,A2
Q55500,A2
Q55501,A2
Q55502,A2
Q55503,A2
Q55504,A2
Q55505,A2
Q55506,A2
Q55507,A2
Q55508,A2
Q55509,A2
Q55510,A2
Q55511,A2
Q55512,A2
Q55513,A2
Q55514,A2
Q55515,A2
Q55516,A2
Q55517,A2
Q55518,A2
Q55519,A2
Q55520,A2
Q55521,A2
Q55522,A2
Q55523,A2
Q55524,A2
Q55525,A2
Q55526,A2
Q55527,A2
Q55528,A2
Q55529,A2
Q55530,A2
Q55531,A2
Q55532,A2
Q55533,A2
Q55534,A2
Q55535,A2
Q55536,A2
Q55537,A2
Q55538,A2
Q55539,A2
Q55540,A2
Q55541,A2
Q55542,A2
Q55543,A2
Q55544,A2
Q55545,A2
Q55546,A2
Q55547,A2
Q55548,A2
Q55549,A2
Q55550,A2
Q55551,A2
Q55552,A2
Q55553,A2
Q55554,A2
Q55555,A2
Q55556,A2
Q55557,A2
Q55558,A2
Q55559,A2
Q55560,A2
Q55561,A2
Q55562,A2
Q55563,A2
Q55564,A2
Q55565,A2
Q55566,A2
Q55567,A2
Q55568,A2
Q55569,A2
Q55570,A2
Q55571,A2
Q55572,A2
Q55573,A2
Q55574,A2
Q55575,A2
Q55576,A2
Q55577,A2
Q55578,A2
Q55579,A2
Q55580,A2
Q55581,A2
Q55582,A2
Q55583,A2
Q55584,A2
Q55585,A2
Q55586,A2
Q55587,A2
Q55588,A2
Q55589,A2
Q55590,A2
Q55591,A2
Q55592,A2
Q55593,A2
Q55594,A2
Q55595,A2
Q55596,A2
Q55597,A2
Q55598,A2
Q55599,A2
Q55600,A2
Q55601,A2
Q55602,A2
Q55603,A2
Q55604,A2
Q55605,A2
Q55606,A2
Q55607,A2
Q55608,A2
Q55609,A2
Q55610,A2
Q55611,A2
Q55612,A2
Q55613,A2
Q55614,A2
Q55615,A2
Q55616,A2
Q55617,A2
Q55618,A2
Q55619,A2
Q55620,A2
Q55621,A2
Q55622,A2
Q55623,A2
Q55624,A2
Q55625,A2
Q55626,A2
Q55627,A2
Q55628,A2
Q55629,A2
Q55630,A2
Q55631,A2
Q55632,A2
Q55633,A2
Q55634,A2
Q55635,A2
Q55636,A2
Q55637,A2
Q55638,A2
Q55639,A2
Q55640,A2
Q55641,A2
Q55642,A2
Q55643,A2
Q55644,A2
Q55645,A2
Q55646,A2
Q55647,A2
Q55648,A2
Q55649,A2
Q55650,A2
Q55651,A2
Q55652,A2
Q55653,A2
Q55654,A2
Q55655,A2
Q55656,A2
Q55657,A2
Q55658,A2
Q55659,A2
Q55660,A2
Q55661,A2
Q55662,A2
Q55663,A2
Q55664,A2
Q55665,A2
Q55666,A2
Q55667,A2
Q55668,A2
Q55669,A2
Q55670,A2
Q55671,A2
Q55672,A2
Q55673,A2
Q55674,A2
Q55675,A2
Q55676,A2
Q55677,A2
Q55678,A2
Q55679,A2
Q55680,A2
Q55681,A2
Q55682,A2
Q55683,A2
Q55684,A2
Q55685,A2
Q55686,A2
Q55687,A2
Q55688,A2
Q55689,A2
Q55690,A2
Q55691,A2
Q55692,A2
Q55693,A2
Q55694,A2
Q55695,A2
Q55696,A2
Q55697,A2
Q55698,A2
Q55699,A2
Q55700,A2
Q55701,A2
Q55702,A2
Q55703,A2
Q55704,A2
Q55705,A2
Q55706,A2
Q55707,A2
Q55708,A2
Q55709,A2
Q55710,A2
Q55711,A2
Q55712,A2
Q55713,A2
Q55714,A2
Q55715,A2
Q55716,A2
Q55717,A2
Q55718,A2
Q55719,A2
Q55720,A2
Q55721,A2
Q55722,A2
Q55723,A2
Q55724,A2
Q55725,A2
Q55726,A2
Q55727,A2
Q55728,A2
Q55729,A2
Q55730,A2
Q55731,A2
Q55732,A2
Q55733,A2
Q55734,A2
Q55735,A2
Q55736,A2
Q55737,A2
Q55738,A2
Q55739,A2
Q55740,A2
Q55741,A2
Q55742,A2
Q55743,A2
Q55744,A2
Q55745,A2
Q55746,A2
Q55747,A2
Q55748,A2
Q55749,A2
Q55750,A2
Q55751,A2
Q55752,A2
Q55753,A2
Q55754,A2
Q55755,A2
Q55756,A2
Q55757,A2
Q55758,A2
Q55759,A2
Q55760,A2
Q55761,A2
Q55762,A2
Q55763,A2
Q55764,A2
Q55765,A2
Q55766,A2
Q55767,A2
Q55768,A2
Q55769,A2
Q55770,A2
Q55771,A2
Q55772,A2
Q55773,A2
Q55774,A2
Q55775,A2
Q55776,A2
Q55777,A2
Q55778,A2
Q55779,A2
Q55780,A2
Q55781,A2
Q55782,A2
Q55783,A2
Q55784,A2
Q55785,A2
Q55786,A2
Q55787,A2
Q55788,A2
Q55789,A2
Q55790,A2
Q55791,A2
Q55792,A2
Q55793,A2
Q55794,A2
Q55795,A2
Q55796,A2
Q55797,A2
Q55798,A2
Q55799,A2
Q55800,A2
Q55801,A2
Q55802,A2
Q55803,A2
Q55804,A2
Q55805,A2
Q55806,A2
Q55807,A2
Q55808,A2
Q55809,A2
Q55810,A2
Q55811,A2
Q55812,A2
Q55813,A2
Q55814,A2
Q55815,A2
Q55816,A2
Q55817,A2
Q55818,A2
Q55819,A2
Q55820,A2
Q55821,A2
Q55822,A2
Q55823,A2
Q55824,A2
Q55825,A2
Q55826,A2
Q55827,A2
Q55828,A2
Q55829,A2
Q55830,A2
Q55831,A2
Q55832,A2
Q55833,A2
Q55834,A2
Q55835,A2
Q55836,A2
Q55837,A2
Q55838,A2
Q55839,A2
Q55840,A2
Q55841,A2
Q55842,A2
Q55843,A2
Q55844,A2
Q55845,A2
Q55846,A2
Q55847,A2
Q55848,A2
Q55849,A2
Q55850,A2
Q55851,A2
Q55852,A2
Q55853,A2
Q55854,A2
Q55855,A2
Q55856,A2
Q55857,A2
Q55858,A2
Q55859,A2
Q55860,A2
Q55861,A2
Q55862,A2
Q55863,A2
Q55864,A2
Q55865,A2
Q55866,A2
Q55867,A2
Q55868,A2
Q55869,A2
Q55870,A2
Q55871,A2
Q55872,A2
Q55873,A2
Q55874,A2
Q55875,A2
Q55876,A2
Q55877,A2
Q55878,A2
Q55879,A2
Q55880,A2
Q55881,A2
Q55882,A2
Q55883,A2
Q55884,A2
Q55885,A2
Q55886,A2
Q55887,A2
Q55888,A2
Q55889,A2
Q55890,A2
Q55891,A2
Q55892,A2
Q55893,A2
Q55894,A2
Q55895,A2
Q55896,A2
Q55897,A2
Q55898,A2
Q55899,A2
Q55900,A2
Q55901,A2
Q55902,A2
Q55903,A2
Q55904,A2
Q55905,A2
Q55906,A2
Q55907,A2
Q55908,A2
Q55909,A2
Q55910,A2
Q55911,A2
Q55912,A2
Q55913,A2
Q55914,A2
Q55915,A2
Q55916,A2
Q55917,A2
Q55918,A2
Q55919,A2
Q55920,A2
Q55921,A2
Q55922,A2
Q55923,A2
Q55924,A2
Q55925,A2
Q55926,A2
Q55927,A2
Q55928,A2
Q55929,A2
Q55930,A2
Q55931,A2
Q55932,A2
Q55933,A2
Q55934,A2
Q55935,A2
Q55936,A2
Q55937,A2
Q55938,A2
Q55939,A2
Q55940,A2
Q55941,A2
Q55942,A2
Q55943,A2
Q55944,A2
Q55945,A2
Q55946,A2
Q55947,A2
Q55948,A2
Q55949,A2
Q55950,A2
Q55951,A2
Q55952,A2
Q55953,A2
Q55954,A2
Q55955,A2
Q55956,A2
Q55957,A2
Q55958,A2
Q55959,A2
Q55960,A2
Q55961,A2
Q55962,A2
Q55963,A2
Q55964,A2
Q55965,A2
Q55966,A2
Q55967,A2
Q55968,A2
Q55969,A2
Q55970,A2
Q55971,A2
Q55972,A2
Q55973,A2
Q55974,A2
Q55975,A2
Q55976,A2
Q55977,A2
Q55978,A2
Q55979,A2
Q55980,A2
Q55981,A2
Q55982,A2
Q55983,A2
Q55984,A2
Q55985,A2
Q55986,A2
Q55987,A2
Q55988,A2
Q55989,A2
Q55990,A2
Q55991,A2
Q55992,A2
Q55993,A2
Q55994,A2
Q55995,A2
Q55996,A2
Q55997,A2
Q55998,A2
Q55999,A2
Q56000,A2
Q56001,A2
Q56002,A2
Q56003,A2
Q56004,A2
Q56005,A2
Q56006,A2
Q56007,A2
Q56008,A2
Q56009,A2
Q56010,A2
Q56011,A2
Q56012,A2
Q56013,A2
Q56014,A2
Q56015,A2
Q56016,A2
Q56017,A2
Q56018,A2
Q56019,A2
Q56020,A2
Q56021,A2
Q56022,A2
Q56023,A2
Q56024,A2
Q56025,A2
Q56026,A2
Q56027,A2
Q56028,A2
Q56029,A2
Q56030,A2
Q56031,A2
Q56032,A2
Q56033,A2
Q56034,A2
Q56035,A2
Q56036,A2
Q56037,A2
Q56038,A2
Q56039,A2
Q56040,A2
Q56041,A2
Q56042,A2
Q56043,A2
Q56044,A2
Q56045,A2
Q56046,A2
Q56047,A2
Q56048,A2
Q56049,A2
Q56050,A2
Q56051,A2
Q56052,A2
Q56053,A2
Q56054,A2
Q56055,A2
Q56056,A2
Q56057,A2
Q56058,A2
Q56059,A2
Q56060,A2
Q56061,A2
Q56062,A2
Q56063,A2
Q56064,A2
Q56065,A2
Q56066,A2
Q56067,A2
Q56068,A2
Q56069,A2
Q56070,A2
Q56071,A2
Q56072,A2
Q56073,A2
Q56074,A2
Q56075,A2
Q56076,A2
Q56077,A2
Q56078,A2
Q56079,A2
Q56080,A2
Q56081,A2
Q56082,A2
Q56083,A2
Q56084,A2
Q56085,A2
Q56086,A2
Q56087,A2
Q56088,A2
Q56089,A2
Q56090,A2
Q56091,A2
Q56092,A2
Q56093,A2
Q56094,A2
Q56095,A2
Q56096,A2
Q56097,A2
Q56098,A2
Q56099,A2
Q56100,A2
Q56101,A2
Q56102,A2
Q56103,A2
Q56104,A2
Q56105,A2
Q56106,A2
Q56107,A2
Q56108,A2
Q56109,A2
Q56110,A2
Q56111,A2
Q56112,A2
Q56113,A2
Q56114,A2
Q56115,A2
Q56116,A2
Q56117,A2
Q56118,A2
Q56119,A2
Q56120,A2
Q56121,A2
Q56122,A2
Q56123,A2
Q56124,A2
Q56125,A2
Q56126,A2
Q56127,A2
Q56128,A2
Q56129,A2
Q56130,A2
Q56131,A2
Q56132,A2
Q56133,A2
Q56134,A2
Q56135,A2
Q56136,A2
Q56137,A2
Q56138,A2
Q56139,A2
Q56140,A2
Q56141,A2
Q56142,A2
Q56143,A2
Q56144,A2
Q56145,A2
Q56146,A2
Q56147,A2
Q56148,A2
Q56149,A2
Q56150,A2
Q56151,A2
Q56152,A2
Q56153,A2
Q56154,A2
Q56155,A2
Q56156,A2
Q56157,A2
Q56158,A2
Q56159,A2
Q56160,A2
Q56161,A2
Q56162,A2
Q56163,A2
Q56164,A2
Q56165,A2
Q56166,A2
Q56167,A2
Q56168,A2
Q56169,A2
Q56170,A2
Q56171,A2
Q56172,A2
Q56173,A2
Q56174,A2
Q56175,A2
Q56176,A2
Q56177,A2
Q56178,A2
Q56179,A2
Q56180,A2
Q56181,A2
Q56182,A2
Q56183,A2
Q56184,A2
Q56185,A2
Q56186,A2
Q56187,A2
Q56188,A2
Q56189,A2
Q56190,A2
Q56191,A2
Q56192,A2
Q56193,A2
Q56194,A2
Q56195,A2
Q56196,A2
Q56197,A2
Q56198,A2
Q56199,A2
Q56200,A2
Q56201,A2
Q56202,A2
Q56203,A2
Q56204,A2
Q56205,A2
Q56206,A2
Q56207,A2
Q56208,A2
Q56209,A2
Q56210,A2
Q56211,A2
Q56212,A2
Q56213,A2
Q56214,A2
Q56215,A2
Q56216,A2
Q56217,A2
Q56218,A2
Q56219,A2
Q56220,A2
Q56221,A2
Q56222,A2
Q56223,A2
Q56224,A2
Q56225,A2
Q56226,A2
Q56227,A2
Q56228,A2
Q56229,A2
Q56230,A2
Q56231,A2
Q56232,A2
Q56233,A2
Q56234,A2
Q56235,A2
Q56236,A2
Q56237,A2
Q56238,A2
Q56239,A2
Q56240,A2
Q56241,A2
Q56242,A2
Q56243,A2
Q56244,A2
Q56245,A2
Q56246,A2
Q56247,A2
Q56248,A2
Q56249,A2
Q56250,A2
Q56251,A2
Q56252,A2
Q56253,A2
Q56254,A2
Q56255,A2
Q56256,A2
Q56257,A2
Q56258,A2
Q56259,A2
Q56260,A2
Q56261,A2
Q56262,A2
Q56263,A2
Q56264,A2
Q56265,A2
Q56266,A2
Q56267,A2
Q56268,A2
Q56269,A2
Q56270,A2
Q56271,A2
Q56272,A2
Q56273,A2
Q56274,A2
Q56275,A2
Q56276,A2
Q56277,A2
Q56278,A2
Q56279,A2
Q56280,A2
Q56281,A2
Q56282,A2
Q56283,A2
Q56284,A2
Q56285,A2
Q56286,A2
Q56287,A2
Q56288,A2
Q56289,A2
Q56290,A2
Q56291,A2
Q56292,A2
Q56293,A2
Q56294,A2
Q56295,A2
Q56296,A2
Q56297,A2
Q56298,A2
Q56299,A2
Q56300,A2
Q56301,A2
Q56302,A2
Q56303,A2
Q56304,A2
Q56305,A2
Q56306,A2
Q56307,A2
Q56308,A2
Q56309,A2
Q56310,A2
Q56311,A2
Q56312,A2
Q56313,A2
Q56314,A2
Q56315,A2
Q56316,A2
Q56317,A2
Q56318,A2
Q56319,A2
Q56320,A2
Q56321,A2
Q56322,A2
Q56323,A2
Q56324,A2
Q56325,A2
Q56326,A2
Q56327,A2
Q56328,A2
Q56329,A2
Q56330,A2
Q56331,A2
Q56332,A2
Q56333,A2
Q56334,A2
Q56335,A2
Q56336,A2
Q56337,A2
Q56338,A2
Q56339,A2
Q56340,A2
Q56341,A2
Q56342,A2
Q56343,A2
Q56344,A2
Q56345,A2
Q56346,A2
Q56347,A2
Q56348,A2
Q56349,A2
Q56350,A2
Q56351,A2
Q56352,A2
Q56353,A2
Q56354,A2
Q56355,A2
Q56356,A2
Q56357,A2
Q56358,A2
Q56359,A2
Q56360,A2
Q56361,A2
Q56362,A2
Q56363,A2
Q56364,A2
Q56365,A2
Q56366,A2
Q56367,A2
Q56368,A2
Q56369,A2
Q56370,A2
Q56371,A1
Q56372,A1
Q56373,A1
Q56374,A1
Q56375,A1
Q56376,A1
Q56377,A1
Q56378,A1
Q56379,A1
Q56380,A1
Q56381,A1
Q56382,A1
Q56383,A1
Q56384,A1
Q56385,A1
Q56386,A1
Q56387,A1
Q56388,A1
Q56389,A1
Q56390,A1
Q56391,A1
Q56392,A1
Q56393,A1
Q56394,A1
Q56395,A1
Q56396,A1
Q56397,A1
Q56398,A1
Q56399,A1
Q56400,A1
Q56401,A1
Q56402,A1
Q56403,A1
Q56404,A1
Q56405,A1
Q56406,A1
Q56407,A1
Q56408,A1
Q56409,A1
Q56410,A1
Q56411,A1
Q56412,A1
Q56413,A1
Q56414,A1
Q56415,A1
Q56416,A1
Q56417,A1
Q56418,A1
Q56419,A1
Q56420,A1
Q56421,A1
Q56422,A1
Q56423,A1
Q56424,A1
Q56425,A1
Q56426,A1
Q56427,A1
Q56428,A1
Q56429,A1
Q56430,A1
Q56431,A1
Q56432,A1
Q56433,A1
Q56434,A1
Q56435,A1
Q56436,A1
Q56437,A1
Q56438,A1
Q56439,A1
Q56440,A1
Q56441,A1
Q56442,A1
Q56443,A1
Q56444,A1
Q56445,A1
Q56446,A1
Q56447,A1
Q56448,A1
Q56449,A1
Q56450,A1
Q56451,A1
Q56452,A1
Q56453,A1
Q56454,A1
Q56455,A1
Q56456,A1
Q56457,A1
Q56458,A1
Q56459,A1
Q56460,A1
Q56461,A1
Q56462,A1
Q56463,A1
Q56464,A1
Q56465,A1
Q56466,A1
Q56467,A1
Q56468,A1
Q56469,A1
Q56470,A1
Q56471,A1
Q56472,A1
Q56473,A1
Q56474,A1
Q56475,A1
Q56476,A1
Q56477,A1
Q56478,A1
Q56479,A1
Q56480,A1
Q56481,A1
Q56482,A1
Q56483,A1
Q56484,A1
Q56485,A1
Q56486,A1
Q56487,A1
Q56488,A1
Q56489,A1
Q56490,A1
Q56491,A1
Q56492,A1
Q56493,A1
Q56494,A1
Q56495,A1
Q56496,A1
Q56497,A1
Q56498,A1
Q56499,A1
Q56500,A1
Q56501,A1
Q56502,A1
Q56503,A1
Q56504,A1
Q56505,A1
Q56506,A1
Q56507,A1
Q56508,A1
Q56509,A1
Q56510,A1
Q56511,A1
Q56512,A1
Q56513,A1
Q56514,A1
Q56515,A1
Q56516,A1
Q56517,A1
Q56518,A1
Q56519,A1
Q56520,A1
Q56521,A1
Q56522,A1
Q56523,A1
Q56524,A1
Q56525,A1
Q56526,A1
Q56527,A1
Q56528,A1
Q56529,A1
Q56530,A1
Q56531,A1
Q56532,A1
Q56533,A1
Q56534,A1
Q56535,A1
Q56536,A1
Q56537,A1
Q56538,A1
Q56539,A1
Q56540,A1
Q56541,A1
Q56542,A1
Q56543,A1
Q56544,A1
Q56545,A1
Q56546,A1
Q56547,A1
Q56548,A1
Q56549,A1
Q56550,A1
Q56551,A1
Q56552,A1
Q56553,A1
Q56554,A1
Q56555,A1
Q56556,A1
Q56557,A1
Q56558,A1
Q56559,A1
Q56560,A1
Q56561,A1
Q56562,A1
Q56563,A1
Q56564,A1
Q56565,A1
Q56566,A1
Q56567,A1
Q56568,A1
Q56569,A1
Q56570,A1
Q56571,A1
Q56572,A1
Q56573,A1
Q56574,A1
Q56575,A1
Q56576,A1
Q56577,A1
Q56578,A1
Q56579,A1
Q56580,A1
Q56581,A1
Q56582,A1
Q56583,A1
Q56584,A1
Q56585,A1
Q56586,A1
Q56587,A1
Q56588,A1
Q56589,A1
Q56590,A1
Q56591,A1
Q56592,A1
Q56593,A1
Q56594,A1
Q56595,A1
Q56596,A1
Q56597,A1
Q56598,A1
Q56599,A1
Q56600,A1
Q56601,A1
Q56602,A1
Q56603,A1
Q56604,A1
Q56605,A1
Q56606,A1
Q56607,A1
Q56608,A1
Q56609,A1
Q56610,A1
Q56611,A1
Q56612,A1
Q56613,A1
Q56614,A1
Q56615,A1
Q56616,A1
Q56617,A1
Q56618,A1
Q56619,A1
Q56620,A1
Q56621,A1
Q56622,A1
Q56623,A1
Q56624,A1
Q56625,A1
Q56626,A1
Q56627,A1
Q56628,A1
Q56629,A1
Q56630,A1
Q56631,A1
Q56632,A1
Q56633,A1
Q56634,A1
Q56635,A1
Q56636,A1
Q56637,A1
Q56638,A1
Q56639,A1
Q56640,A1
Q56641,A1
Q56642,A1
Q56643,A1
Q56644,A1
Q56645,A1
Q56646,A1
Q56647,A1
Q56648,A1
Q56649,A1
Q56650,A1
Q56651,A1
Q56652,A1
Q56653,A1
Q56654,A1
Q56655,A1
Q56656,A1
Q56657,A1
Q56658,A1
Q56659,A1
Q56660,A1
Q56661,A1
Q56662,A1
Q56663,A1
Q56664,A1
Q56665,A1
Q56666,A1
Q56667,A1
Q56668,A1
Q56669,A1
Q56670,A1
Q56671,A1
Q56672,A1
Q56673,A1
Q56674,A1
Q56675,A1
Q56676,A1
Q56677,A1
Q56678,A1
Q56679,A1
Q56680,A1
Q56681,A1
Q56682,A1
Q56683,A1
Q56684,A1
Q56685,A1
Q56686,A1
Q56687,A1
Q56688,A1
Q56689,A1
Q56690,A1
Q56691,A1
Q56692,A1
Q56693,A1
Q56694,A1
Q56695,A1
Q56696,A1
Q56697,A1
Q56698,A1
Q56699,A1
Q56700,A1
Q56701,A1
Q56702,A1
Q56703,A1
Q56704,A1
Q56705,A1
Q56706,A1
Q56707,A1
Q56708,A1
Q56709,A1
Q56710,A1
Q56711,A1
Q56712,A1
Q56713,A1
Q56714,A1
Q56715,A1
Q56716,A1
Q56717,A1
Q56718,A1
Q56719,A1
Q56720,A1
Q56721,A1
Q56722,A1
Q56723,A1
Q56724,A1
Q56725,A1
Q56726,A1
Q56727,A1
Q56728,A1
Q56729,A1
Q56730,A1
Q56731,A1
Q56732,A1
Q56733,A1
Q56734,A1
Q56735,A1
Q56736,A1
Q56737,A1
Q56738,A1
Q56739,A1
Q56740,A1
Q56741,A1
Q56742,A1
Q56743,A1
Q56744,A1
Q56745,A1
Q56746,A1
Q56747,A1
Q56748,A1
Q56749,A1
Q56750,A1
Q56751,A1
Q56752,A1
Q56753,A1
Q56754,A1
Q56755,A1
Q56756,A1
Q56757,A1
Q56758,A1
Q56759,A1
Q56760,A1
Q56761,A1
Q56762,A1
Q56763,A1
Q56764,A1
Q56765,A1
Q56766,A1
Q56767,A1
Q56768,A1
Q56769,A1
Q56770,A1
Q56771,A1
Q56772,A1
Q56773,A1
Q56774,A1
Q56775,A1
Q56776,A1
Q56777,A1
Q56778,A1
Q56779,A1
Q56780,A1
Q56781,A1
Q56782,A1
Q56783,A1
Q56784,A1
Q56785,A1
Q56786,A1
Q56787,A1
Q56788,A1
Q56789,A1
Q56790,A1
Q56791,A1
Q56792,A1
Q56793,A1
Q56794,A1
Q56795,A1
Q56796,A1
Q56797,A1
Q56798,A1
Q56799,A1
Q56800,A1
Q56801,A1
Q56802,A1
Q56803,A1
Q56804,A1
Q56805,A1
Q56806,A1
Q56807,A1
Q56808,A1
Q56809,A1
Q56810,A1
Q56811,A1
Q56812,A1
Q56813,A1
Q56814,A1
Q56815,A1
Q56816,A1
Q56817,A1
Q56818,A1
Q56819,A1
Q56820,A1
Q56821,A1
Q56822,A1
Q56823,A1
Q56824,A1
Q56825,A1
Q56826,A1
Q56827,A1
Q56828,A1
Q56829,A1
Q56830,A1
Q56831,A1
Q56832,A1
Q56833,A1
Q56834,A1
Q56835,A1
Q56836,A1
Q56837,A1
Q56838,A1
Q56839,A1
Q56840,A1
Q56841,A1
Q56842,A1
Q56843,A1
Q56844,A1
Q56845,A1
Q56846,A1
Q56847,A1
Q56848,A1
Q56849,A1
Q56850,A1
Q56851,A1
Q56852,A1
Q56853,A1
Q56854,A1
Q56855,A1
Q56856,A1
Q56857,A1
Q56858,A1
Q56859,A1
Q56860,A1
Q56861,A1
Q56862,A1
Q56863,A1
Q56864,A1
Q56865,A1
Q56866,A1
Q56867,A1
Q56868,A1
Q56869,A1
Q56870,A1
Q56871,A1
Q56872,A1
Q56873,A1
Q56874,A1
Q56875,A1
Q56876,A1
Q56877,A1
Q56878,A1
Q56879,A1
Q56880,A1
Q56881,A1
Q56882,A1
Q56883,A1
Q56884,A1
Q56885,A1
Q56886,A1
Q56887,A1
Q56888,A1
Q56889,A1
Q56890,A1
Q56891,A1
Q56892,A1
Q56893,A1
Q56894,A1
Q56895,A1
Q56896,A1
Q56897,A1
Q56898,A1
Q56899,A1
Q56900,A1
Q56901,A1
Q56902,A1
Q56903,A1
Q56904,A1
Q56905,A1
Q56906,A1
Q56907,A1
Q56908,A1
Q56909,A1
Q56910,A1
Q56911,A1
Q56912,A1
Q56913,A1
Q56914,A1
Q56915,A1
Q56916,A1
Q56917,A1
Q56918,A1
Q56919,A1
Q56920,A1
Q56921,A1
Q56922,A1
Q56923,A1
Q56924,A1
Q56925,A1
Q56926,A1
Q56927,A1
Q56928,A1
Q56929,A1
Q56930,A1
Q56931,A1
Q56932,A1
Q56933,A1
Q56934,A1
Q56935,A1
Q56936,A1
Q56937,A1
Q56938,A1
Q56939,A1
Q56940,A1
Q56941,A1
Q56942,A1
Q56943,A1
Q56944,A1
Q56945,A1
Q56946,A1
Q56947,A1
Q56948,A1
Q56949,A1
Q56950,A1
Q56951,A1
Q56952,A1
Q56953,A1
Q56954,A1
Q56955,A1
Q56956,A1
Q56957,A1
Q56958,A1
Q56959,A1
Q56960,A1
Q56961,A1
Q56962,A1
Q56963,A1
Q56964,A1
Q56965,A1
Q56966,A1
Q56967,A1
Q56968,A1
Q56969,A1
Q56970,A1
Q56971,A1
Q56972,A1
Q56973,A1
Q56974,A1
Q56975,A1
Q56976,A1
Q56977,A1
Q56978,A1
Q56979,A1
Q56980,A1
Q56981,A1
Q56982,A1
Q56983,A1
Q56984,A1
Q56985,A1
Q56986,A1
Q56987,A1
Q56988,A1
Q56989,A1
Q56990,A1
Q56991,A1
Q56992,A1
Q56993,A1
Q56994,A1
Q56995,A1
Q56996,A1
Q56997,A1
Q56998,A1
Q56999,A1
Q57000,A1
Q57001,A1
Q57002,A1
Q57003,A1
Q57004,A1
Q57005,A1
Q57006,A1
Q57007,A1
Q57008,A1
Q57009,A1
Q57010,A1
Q57011,A1
Q57012,A1
Q57013,A1
Q57014,A1
Q57015,A1
Q57016,A1
Q57017,A1
Q57018,A1
Q57019,A1
Q57020,A1
Q57021,A1
Q57022,A1
Q57023,A1
Q57024,A1
Q57025,A1
Q57026,A1
Q57027,A1
Q57028,A1
Q57029,A1
Q57030,A1
Q57031,A1
Q57032,A1
Q57033,A1
Q57034,A1
Q57035,A1
Q57036,A1
Q57037,A1
Q57038,A1
Q57039,A1
Q57040,A1
Q57041,A1
Q57042,A1
Q57043,A1
Q57044,A1
Q57045,A1
Q57046,A1
Q57047,A1
Q57048,A1
Q57049,A1
Q57050,A1
Q57051,A1
Q57052,A1
Q57053,A1
Q57054,A1
Q57055,A1
Q57056,A1
Q57057,A1
Q57058,A1
Q57059,A1
Q57060,A1
Q57061,A1
Q57062,A1
Q57063,A1
Q57064,A1
Q57065,A1
Q57066,A1
Q57067,A1
Q57068,A1
Q57069,A1
Q57070,A1
Q57071,A1
Q57072,A1
Q57073,A1
Q57074,A1
Q57075,A1
Q57076,A1
Q57077,A1
Q57078,A1
Q57079,A1
Q57080,A1
Q57081,A1
Q57082,A1
Q57083,A1
Q57084,A1
Q57085,A1
Q57086,A1
Q57087,A1
Q57088,A1
Q57089,A1
Q57090,A1
Q57091,A1
Q57092,A1
Q57093,A1
Q57094,A1
Q57095,A1
Q57096,A1
Q57097,A1
Q57098,A1
Q57099,A1
Q57100,A1
Q57101,A1
Q57102,A1
Q57103,A1
Q57104,A1
Q57105,A1
Q57106,A1
Q57107,A1
Q57108,A1
Q57109,A1
Q57110,A1
Q57111,A1
Q57112,A1
Q57113,A1
Q57114,A1
Q57115,A1
Q57116,A1
Q57117,A1
Q57118,A1
Q57119,A1
Q57120,A1
Q57121,A1
Q57122,A1
Q57123,A1
Q57124,A1
Q57125,A1
Q57126,A1
Q57127,A1
Q57128,A1
Q57129,A1
Q57130,A1
Q57131,A1
Q57132,A1
Q57133,A1
Q57134,A1
Q57135,A1
Q57136,A1
Q57137,A1
Q57138,A1
Q57139,A1
Q57140,A1
Q57141,A1
Q57142,A1
Q57143,A1
Q57144,A1
Q57145,A1
Q57146,A1
Q57147,A1
Q57148,A1
Q57149,A1
Q57150,A1
Q57151,A1
Q57152,A1
Q57153,A1
Q57154,A1
Q57155,A1
Q57156,A1
Q57157,A1
Q57158,A1
Q57159,A1
Q57160,A1
Q57161,A1
Q57162,A1
Q57163,A1
Q57164,A1
Q57165,A1
Q57166,A1
Q57167,A1
Q57168,A1
Q57169,A1
Q57170,A1
Q57171,A1
Q57172,A1
Q57173,A1
Q57174,A1
Q57175,A1
Q57176,A1
Q57177,A1
Q57178,A1
Q57179,A1
Q57180,A1
Q57181,A1
Q57182,A1
Q57183,A1
Q57184,A1
Q57185,A1
Q57186,A1
Q57187,A1
Q57188,A1
Q57189,A1
Q57190,A1
Q57191,A1
Q57192,A1
Q57193,A1
Q57194,A1
Q57195,A1
Q57196,A1
Q57197,A1
Q57198,A1
Q57199,A1
Q57200,A1
Q57201,A1
Q57202,A1
Q57203,A1
Q57204,A1
Q57205,A1
Q57206,A1
Q57207,A1
Q57208,A1
Q57209,A1
Q57210,A1
Q57211,A1
Q57212,A1
Q57213,A1
Q57214,A1
Q57215,A1
Q57216,A1
Q57217,A1
Q57218,A1
Q57219,A1
Q57220,A1
Q57221,A1
Q57222,A1
Q57223,A1
Q57224,A1
Q57225,A1
Q57226,A1
Q57227,A1
Q57228,A1
Q57229,A1
Q57230,A1
Q57231,A1
Q57232,A1
Q57233,A1
Q57234,A1
Q57235,A1
Q57236,A1
Q57237,A1
Q57238,A1
Q57239,A1
Q57240,A1
Q57241,A1
Q57242,A1
Q57243,A1
Q57244,A1
Q57245,A1
Q57246,A1
Q57247,A1
Q57248,A1
Q57249,A1
Q57250,A1
Q57251,A1
Q57252,A1
Q57253,A1
Q57254,A1
Q57255,A1
Q57256,A1
Q57257,A1
Q57258,A1
Q57259,A1
Q57260,A1
Q57261,A1
Q57262,A1
Q57263,A1
Q57264,A1
Q57265,A1
Q57266,A1
Q57267,A1
Q57268,A1
Q57269,A1
Q57270,A1
Q57271,A1
Q57272,A1
Q57273,A1
Q57274,A1
Q57275,A1
Q57276,A1
Q57277,A1
Q57278,A1
Q57279,A1
Q57280,A1
Q57281,A1
Q57282,A1
Q57283,A1
Q57284,A1
Q57285,A1
Q57286,A1
Q57287,A1
Q57288,A1
Q57289,A1
Q57290,A1
Q57291,A1
Q57292,A1
Q57293,A1
Q57294,A1
Q57295,A1
Q57296,A1
Q57297,A1
Q57298,A1
Q57299,A1
Q57300,A1
Q57301,A1
Q57302,A1
Q57303,A1
Q57304,A1
Q57305,A1
Q57306,A1
Q57307,A1
Q57308,A1
Q57309,A1
Q57310,A1
Q57311,A1
Q57312,A1
Q57313,A1
Q57314,A1
Q57315,A1
Q57316,A1
Q57317,A1
Q57318,A1
Q57319,A1
Q57320,A1
Q57321,A1
Q57322,A1
Q57323,A1
Q57324,A1
Q57325,A1
Q57326,A1
Q57327,A1
Q57328,A1
Q57329,A1
Q57330,A1
Q57331,A1
Q57332,A1
Q57333,A1
Q57334,A1
Q57335,A1
Q57336,A1
Q57337,A1
Q57338,A1
Q57339,A1
Q57340,A1
Q57341,A1
Q57342,A1
Q57343,A1
Q57344,A1
Q57345,A1
Q57346,A1
Q57347,A1
Q57348,A1
Q57349,A1
Q57350,A1
Q57351,A1
Q57352,A1
Q57353,A1
Q57354,A1
Q57355,A1
Q57356,A1
Q57357,A1
Q57358,A1
Q57359,A1
Q57360,A1
Q57361,A1
Q57362,A1
Q57363,A1
Q57364,A1
Q57365,A1
Q57366,A1
Q57367,A1
Q57368,A1
Q57369,A1
Q57370,A1
Q57371,A1
Q57372,A1
Q57373,A1
Q57374,A1
Q57375,A1
Q57376,A1
Q57377,A1
Q57378,A1
Q57379,A1
Q57380,A1
Q57381,A1
Q57382,A1
Q57383,A1
Q57384,A1
Q57385,A1
Q57386,A1
Q57387,A1
Q57388,A1
Q57389,A1
Q57390,A1
Q57391,A1
Q57392,A1
Q57393,A1
Q57394,A1
Q57395,A1
Q57396,A1
Q57397,A1
Q57398,A1
Q57399,A1
Q57400,A1
Q57401,A1
Q57402,A1
Q57403,A1
Q57404,A1
Q57405,A1
Q57406,A1
Q57407,A1
Q57408,A1
Q57409,A1
Q57410,A1
Q57411,A1
Q57412,A1
Q57413,A1
Q57414,A1
Q57415,A1
Q57416,A1
Q57417,A1
Q57418,A1
Q57419,A1
Q57420,A1
Q57421,A1
Q57422,A1
Q57423,A1
Q57424,A1
Q57425,A1
Q57426,A1
Q57427,A1
Q57428,A1
Q57429,A1
Q57430,A1
Q57431,A1
Q57432,A1
Q57433,A1
Q57434,A1
Q57435,A1
Q57436,A1
Q57437,A1
Q57438,A1
Q57439,A1
Q57440,A1
Q57441,A1
Q57442,A1
Q57443,A1
Q57444,A1
Q57445,A1
Q57446,A1
Q57447,A1
Q57448,A1
Q57449,A1
Q57450,A1
Q57451,A1
Q57452,A1
Q57453,A1
Q57454,A1
Q57455,A1
Q57456,A1
Q57457,A1
Q57458,A1
Q57459,A1
Q57460,A1
Q57461,A1
Q57462,A1
Q57463,A1
Q57464,A1
Q57465,A1
Q57466,A1
Q57467,A1
Q57468,A1
Q57469,A1
Q57470,A1
Q57471,A1
Q57472,A1
Q57473,A1
Q57474,A1
Q57475,A1
Q57476,A1
Q57477,A1
Q57478,A1
Q57479,A1
Q57480,A1
Q57481,A1
Q57482,A1
Q57483,A1
Q57484,A1
Q57485,A1
Q57486,A1
Q57487,A1
Q57488,A1
Q57489,A1
Q57490,A1
Q57491,A1
Q57492,A1
Q57493,A1
Q57494,A1
Q57495,A1
Q57496,A1
Q57497,A1
Q57498,A1
Q57499,A1
Q57500,A1
Q57501,A1
Q57502,A1
Q57503,A1
Q57504,A1
Q57505,A1
Q57506,A1
Q57507,A1
Q57508,A1
Q57509,A1
Q57510,A1
Q57511,A1
Q57512,A1
Q57513,A1
Q57514,A1
Q57515,A1
Q57516,A1
Q57517,A1
Q57518,A1
Q57519,A1
Q57520,A1
Q57521,A1
Q57522,A1
Q57523,A1
Q57524,A1
Q57525,A1
Q57526,A1
Q57527,A1
Q57528,A1
Q57529,A1
Q57530,A1
Q57531,A1
Q57532,A1
Q57533,A1
Q57534,A1
Q57535,A1
Q57536,A1
Q57537,A1
Q57538,A1
Q57539,A1
Q57540,A1
Q57541,A1
Q57542,A1
Q57543,A1
Q57544,A1
Q57545,A1
Q57546,A1
Q57547,A1
Q57548,A1
Q57549,A1
Q57550,A1
Q57551,A1
Q57552,A1
Q57553,A1
Q57554,A1
Q57555,A1
Q57556,A1
Q57557,A1
Q57558,A1
Q57559,A1
Q57560,A1
Q57561,A1
Q57562,A1
Q57563,A1
Q57564,A1
Q57565,A1
Q57566,A1
Q57567,A1
Q57568,A1
Q57569,A1
Q57570,A1
Q57571,A1
Q57572,A1
Q57573,A1
Q57574,A1
Q57575,A1
Q57576,A1
Q57577,A1
Q57578,A1
Q57579,A1
Q57580,A1
Q57581,A1
Q57582,A1
Q57583,A1
Q57584,A1
Q57585,A1
Q57586,A1
Q57587,A1
Q57588,A1
Q57589,A1
Q57590,A1
Q57591,A1
Q57592,A1
Q57593,A1
Q57594,A1
Q57595,A1
Q57596,A1
Q57597,A1
Q57598,A1
Q57599,A1
Q57600,A1
Q57601,A1
Q57602,A1
Q57603,A1
Q57604,A1
Q57605,A1
Q57606,A1
Q57607,A1
Q57608,A1
Q57609,A1
Q57610,A1
Q57611,A1
Q57612,A1
Q57613,A1
Q57614,A1
Q57615,A1
Q57616,A1
Q57617,A1
Q57618,A1
Q57619,A1
Q57620,A1
Q57621,A1
Q57622,A1
Q57623,A1
Q57624,A1
Q57625,A1
Q57626,A1
Q57627,A1
Q57628,A1
Q57629,A1
Q57630,A1
Q57631,A1
Q57632,A1
Q57633,A1
Q57634,A1
Q57635,A1
Q57636,A1
Q57637,A1
Q57638,A1
Q57639,A1
Q57640,A1
Q57641,A1
Q57642,A1
Q57643,A1
Q57644,A1
Q57645,A1
Q57646,A1
Q57647,A1
Q57648,A1
Q57649,A1
Q57650,A1
Q57651,A1
Q57652,A1
Q57653,A1
Q57654,A1
Q57655,A1
Q57656,A1
Q57657,A1
Q57658,A1
Q57659,A1
Q57660,A1
Q57661,A1
Q57662,A1
Q57663,A1
Q57664,A1
Q57665,A1
Q57666,A1
Q57667,A1
Q57668,A1
Q57669,A1
Q57670,A1
Q57671,A1
Q57672,A1
Q57673,A1
Q57674,A1
Q57675,A1
Q57676,A1
Q57677,A1
Q57678,A1
Q57679,A1
Q57680,A1
Q57681,A1
Q57682,A1
Q57683,A1
Q57684,A1
Q57685,A1
Q57686,A1
Q57687,A1
Q57688,A1
Q57689,A1
Q57690,A1
Q57691,A1
Q57692,A1
Q57693,A1
Q57694,A1
Q57695,A1
Q57696,A1
Q57697,A1
Q57698,A1
Q57699,A1
Q57700,A1
Q57701,A1
Q57702,A1
Q57703,A1
Q57704,A1
Q57705,A1
Q57706,A1
Q57707,A1
Q57708,A1
Q57709,A1
Q57710,A1
Q57711,A1
Q57712,A1
Q57713,A1
Q57714,A1
Q57715,A1
Q57716,A1
Q57717,A1
Q57718,A1
Q57719,A1
Q57720,A1
Q57721,A1
Q57722,A1
Q57723,A1
Q57724,A1
Q57725,A1
Q57726,A1
Q57727,A1
Q57728,A1
Q57729,A1
Q57730,A1
Q57731,A1
Q57732,A1
Q57733,A1
Q57734,A1
Q57735,A1
Q57736,A1
Q57737,A1
Q57738,A1
Q57739,A1
Q57740,A1
Q57741,A1
Q57742,A1
Q57743,A1
Q57744,A1
Q57745,A1
Q57746,A1
Q57747,A1
Q57748,A1
Q57749,A1
Q57750,A1
Q57751,A1
Q57752,A1
Q57753,A1
Q57754,A1
Q57755,A1
Q57756,A1
Q57757,A1
Q57758,A1
Q57759,A1
Q57760,A1
Q57761,A1
Q57762,A1
Q57763,A1
Q57764,A1
Q57765,A1
Q57766,A1
Q57767,A1
Q57768,A1
Q57769,A1
Q57770,A1
Q57771,A1
Q57772,A1
Q57773,A1
Q57774,A1
Q57775,A1
Q57776,A1
Q57777,A1
Q57778,A1
Q57779,A1
Q57780,A1
Q57781,A1
Q57782,A1
Q57783,A1
Q57784,A1
Q57785,A1
Q57786,A1
Q57787,A1
Q57788,A1
Q57789,A1
Q57790,A1
Q57791,A1
Q57792,A1
Q57793,A1
Q57794,A1
Q57795,A1
Q57796,A1
Q57797,A1
Q57798,A1
Q57799,A1
Q57800,A1
Q57801,A1
Q57802,A1
Q57803,A1
Q57804,A1
Q57805,A1
Q57806,A1
Q57807,A1
Q57808,A1
Q57809,A1
Q57810,A1
Q57811,A1
Q57812,A1
Q57813,A1
Q57814,A1
Q57815,A1
Q57816,A1
Q57817,A1
Q57818,A1
Q57819,A1
Q57820,A1
Q57821,A1
Q57822,A1
Q57823,A1
Q57824,A1
Q57825,A1
Q57826,A1
Q57827,A1
Q57828,A1
Q57829,A1
Q57830,A1
Q57831,A1
Q57832,A1
Q57833,A1
Q57834,A1
Q57835,A1
Q57836,A1
Q57837,A1
Q57838,A1
Q57839,A1
Q57840,A1
Q57841,A1
Q57842,A1
Q57843,A1
Q57844,A1
Q57845,A1
Q57846,A1
Q57847,A1
Q57848,A1
Q57849,A1
Q57850,A1
Q57851,A1
Q57852,A1
Q57853,A1
Q57854,A1
Q57855,A1
Q57856,A1
Q57857,A1
Q57858,A1
Q57859,A1
Q57860,A1
Q57861,A1
Q57862,A1
Q57863,A1
Q57864,A1
Q57865,A1
Q57866,A1
Q57867,A1
Q57868,A1
Q57869,A1
Q57870,A1
Q57871,A1
Q57872,A1
Q57873,A1
Q57874,A1
Q57875,A1
Q57876,A1
Q57877,A1
Q57878,A1
Q57879,A1
Q57880,A1
Q57881,A1
Q57882,A1
Q57883,A1
Q57884,A1
Q57885,A1
Q57886,A1
Q57887,A1
Q57888,A1
Q57889,A1
Q57890,A1
Q57891,A1
Q57892,A1
Q57893,A1
Q57894,A1
Q57895,A1
Q57896,A1
Q57897,A1
Q57898,A1
Q57899,A1
Q57900,A1
Q57901,A1
Q57902,A1
Q57903,A1
Q57904,A1
Q57905,A1
Q57906,A1
Q57907,A1
Q57908,A1
Q57909,A1
Q57910,A1
Q57911,A1
Q57912,A1
Q57913,A1
Q57914,A1
Q57915,A1
Q57916,A1
Q57917,A1
Q57918,A1
Q57919,A1
Q57920,A1
Q57921,A1
Q57922,A1
Q57923,A1
Q57924,A1
Q57925,A1
Q57926,A1
Q57927,A1
Q57928,A1
Q57929,A1
Q57930,A1
Q57931,A1
Q57932,A1
Q57933,A1
Q57934,A1
Q57935,A1
Q57936,A1
Q57937,A1
Q57938,A1
Q57939,A1
Q57940,A1
Q57941,A1
Q57942,A1
Q57943,A1
Q57944,A1
Q57945,A1
Q57946,A1
Q57947,A1
Q57948,A1
Q57949,A1
Q57950,A1
Q57951,A1
Q57952,A1
Q57953,A1
Q57954,A1
Q57955,A1
Q57956,A1
Q57957,A1
Q57958,A1
Q57959,A1
Q57960,A1
Q57961,A1
Q57962,A1
Q57963,A1
Q57964,A1
Q57965,A1
Q57966,A1
Q57967,A1
Q57968,A1
Q57969,A1
Q57970,A1
Q57971,A1
Q57972,A1
Q57973,A1
Q57974,A1
Q57975,A1
Q57976,A1
Q57977,A1
Q57978,A1
Q57979,A1
Q57980,A1
Q57981,A1
Q57982,A1
Q57983,A1
Q57984,A1
Q57985,A1
Q57986,A1
Q57987,A1
Q57988,A1
Q57989,A1
Q57990,A1
Q57991,A1
Q57992,A1
Q57993,A1
Q57994,A1
Q57995,A1
Q57996,A1
Q57997,A1
Q57998,A1
Q57999,A1
Q58000,A1
Q58001,A1
Q58002,A1
Q58003,A1
Q58004,A1
Q58005,A1
Q58006,A1
Q58007,A1
Q58008,A1
Q58009,A1
Q58010,A1
Q58011,A1
Q58012,A1
Q58013,A1
Q58014,A1
Q58015,A1
Q58016,A1
Q58017,A1
Q58018,A1
Q58019,A1
Q58020,A1
Q58021,A1
Q58022,A1
Q58023,A1
Q58024,A1
Q58025,A1
Q58026,A1
Q58027,A1
Q58028,A1
Q58029,A1
Q58030,A1
Q58031,A1
Q58032,A1
Q58033,A1
Q58034,A1
Q58035,A1
Q58036,A1
Q58037,A1
Q58038,A1
Q58039,A1
Q58040,A1
Q58041,A1
Q58042,A1
Q58043,A1
Q58044,A1
Q58045,A1
Q58046,A1
Q58047,A1
Q58048,A1
Q58049,A1
Q58050,A1
Q58051,A1
Q58052,A1
Q58053,A1
Q58054,A1
Q58055,A1
Q58056,A1
Q58057,A1
Q58058,A1
Q58059,A1
Q58060,A1
Q58061,A1
Q58062,A1
Q58063,A1
Q58064,A1
Q58065,A1
Q58066,A1
Q58067,A1
Q58068,A1
Q58069,A1
Q58070,A1
Q58071,A1
Q58072,A1
Q58073,A1
Q58074,A1
Q58075,A1
Q58076,A1
Q58077,A1
Q58078,A1
Q58079,A1
Q58080,A1
Q58081,A1
Q58082,A1
Q58083,A1
Q58084,A1
Q58085,A1
Q58086,A1
Q58087,A1
Q58088,A1
Q58089,A1
Q58090,A1
Q58091,A1
Q58092,A1
Q58093,A1
Q58094,A1
Q58095,A1
Q58096,A1
Q58097,A1
Q58098,A1
Q58099,A1
Q58100,A1
Q58101,A1
Q58102,A1
Q58103,A1
Q58104,A1
Q58105,A1
Q58106,A1
Q58107,A1
Q58108,A1
Q58109,A1
Q58110,A1
Q58111,A1
Q58112,A1
Q58113,A1
Q58114,A1
Q58115,A1
Q58116,A1
Q58117,A1
Q58118,A1
Q58119,A1
Q58120,A1
Q58121,A1
Q58122,A1
Q58123,A1
Q58124,A1
Q58125,A1
Q58126,A1
Q58127,A1
Q58128,A1
Q58129,A1
Q58130,A1
Q58131,A1
Q58132,A1
Q58133,A1
Q58134,A1
Q58135,A1
Q58136,A1
Q58137,A1
Q58138,A1
Q58139,A1
Q58140,A1
Q58141,A1
Q58142,A1
Q58143,A1
Q58144,A1
Q58145,A1
Q58146,A1
Q58147,A1
Q58148,A1
Q58149,A1
Q58150,A1
Q58151,A1
Q58152,A1
Q58153,A1
Q58154,A1
Q58155,A1
Q58156,A1
Q58157,A1
Q58158,A1
Q58159,A1
Q58160,A1
Q58161,A1
Q58162,A1
Q58163,A1
Q58164,A1
Q58165,A1
Q58166,A1
Q58167,A1
Q58168,A1
Q58169,A1
Q58170,A1
Q58171,A1
Q58172,A1
Q58173,A1
Q58174,A1
Q58175,A1
Q58176,A1
Q58177,A1
Q58178,A1
Q58179,A1
Q58180,A1
Q58181,A1
Q58182,A1
Q58183,A1
Q58184,A1
Q58185,A1
Q58186,A1
Q58187,A1
Q58188,A1
Q58189,A1
Q58190,A1
Q58191,A1
Q58192,A1
Q58193,A1
Q58194,A1
Q58195,A1
Q58196,A1
Q58197,A1
Q58198,A1
Q58199,A1
Q58200,A1
Q58201,A1
Q58202,A1
Q58203,A1
Q58204,A1
Q58205,A1
Q58206,A1
Q58207,A1
Q58208,A1
Q58209,A1
Q58210,A1
Q58211,A1
Q58212,A1
Q58213,A1
Q58214,A1
Q58215,A1
Q58216,A1
Q58217,A1
Q58218,A1
Q58219,A1
Q58220,A1
Q58221,A1
Q58222,A1
Q58223,A1
Q58224,A1
Q58225,A1
Q58226,A1
Q58227,A1
Q58228,A1
Q58229,A1
Q58230,A1
Q58231,A1
Q58232,A1
Q58233,A1
Q58234,A1
Q58235,A1
Q58236,A1
Q58237,A1
Q58238,A1
Q58239,A1
Q58240,A1
Q58241,A1
Q58242,A1
Q58243,A1
Q58244,A1
Q58245,A1
Q58246,A1
Q58247,A1
Q58248,A1
Q58249,A1
Q58250,A1
Q58251,A1
Q58252,A1
Q58253,A1
Q58254,A1
Q58255,A1
Q58256,A1
Q58257,A1
Q58258,A1
Q58259,A1
Q58260,A1
Q58261,A1
Q58262,A1
Q58263,A1
Q58264,A1
Q58265,A1
Q58266,A1
Q58267,A1
Q58268,A1
Q58269,A1
Q58270,A1
Q58271,A1
Q58272,A1
Q58273,A1
Q58274,A1
Q58275,A1
Q58276,A1
Q58277,A1
Q58278,A1
Q58279,A1
Q58280,A1
Q58281,A1
Q58282,A1
Q58283,A1
Q58284,A1
Q58285,A1
Q58286,A1
Q58287,A1
Q58288,A1
Q58289,A1
Q58290,A1
Q58291,A1
Q58292,A1
Q58293,A1
Q58294,A1
Q58295,A1
Q58296,A1
Q58297,A1
Q58298,A1
Q58299,A1
Q58300,A1
Q58301,A1
Q58302,A1
Q58303,A1
Q58304,A1
Q58305,A1
Q58306,A1
Q58307,A1
Q58308,A1
Q58309,A1
Q58310,A1
Q58311,A1
Q58312,A1
Q58313,A1
Q58314,A1
Q58315,A1
Q58316,A1
Q58317,A1
Q58318,A1
Q58319,A1
Q58320,A1
Q58321,A1
Q58322,A1
Q58323,A1
Q58324,A1
Q58325,A1
Q58326,A1
Q58327,A1
Q58328,A1
Q58329,A1
Q58330,A1
Q58331,A1
Q58332,A1
Q58333,A1
Q58334,A1
Q58335,A1
Q58336,A1
Q58337,A1
Q58338,A1
Q58339,A1
Q58340,A1
Q58341,A1
Q58342,A1
Q58343,A1
Q58344,A1
Q58345,A1
Q58346,A1
Q58347,A1
Q58348,A1
Q58349,A1
Q58350,A1
Q58351,A1
Q58352,A1
Q58353,A1
Q58354,A1
Q58355,A1
Q58356,A1
Q58357,A1
Q58358,A1
Q58359,A1
Q58360,A1
Q58361,A1
Q58362,A1
Q58363,A1
Q58364,A1
Q58365,A1
Q58366,A1
Q58367,A1
Q58368,A1
Q58369,A1
Q58370,A1
Q58371,A1
Q58372,A1
Q58373,A1
Q58374,A1
Q58375,A1
Q58376,A1
Q58377,A1
Q58378,A1
Q58379,A1
Q58380,A1
Q58381,A1
Q58382,A1
Q58383,A1
Q58384,A1
Q58385,A1
Q58386,A1
Q58387,A1
Q58388,A1
Q58389,A1
Q58390,A1
Q58391,A1
Q58392,A1
Q58393,A1
Q58394,A1
Q58395,A1
Q58396,A1
Q58397,A1
Q58398,A1
Q58399,A1
Q58400,A1
Q58401,A1
Q58402,A1
Q58403,A1
Q58404,A1
Q58405,A1
Q58406,A1
Q58407,A1
Q58408,A1
Q58409,A1
Q58410,A1
Q58411,A1
Q58412,A1
Q58413,A1
Q58414,A1
Q58415,A1
Q58416,A1
Q58417,A1
Q58418,A1
Q58419,A1
Q58420,A1
Q58421,A1
Q58422,A1
Q58423,A1
Q58424,A1
Q58425,A1
Q58426,A1
Q58427,A1
Q58428,A1
Q58429,A1
Q58430,A1
Q58431,A1
Q58432,A1
Q58433,A1
Q58434,A1
Q58435,A1
Q58436,A1
Q58437,A1
Q58438,A1
Q58439,A1
Q58440,A1
Q58441,A1
Q58442,A1
Q58443,A1
Q58444,A1
Q58445,A1
Q58446,A1
Q58447,A1
Q58448,A1
Q58449,A1
Q58450,A1
Q58451,A1
Q58452,A1
Q58453,A1
Q58454,A1
Q58455,A1
Q58456,A1
Q58457,A1
Q58458,A1
Q58459,A1
Q58460,A1
Q58461,A1
Q58462,A1
Q58463,A1
Q58464,A1
Q58465,A1
Q58466,A1
Q58467,A1
Q58468,A1
Q58469,A1
Q58470,A1
Q58471,A1
Q58472,A1
Q58473,A1
Q58474,A1
Q58475,A1
Q58476,A1
Q58477,A1
Q58478,A1
Q58479,A1
Q58480,A1
Q58481,A1
Q58482,A1
Q58483,A1
Q58484,A1
Q58485,A1
Q58486,A1
Q58487,A1
Q58488,A1
Q58489,A1
Q58490,A1
Q58491,A1
Q58492,A1
Q58493,A1
Q58494,A1
Q58495,A1
Q58496,A1
Q58497,A1
Q58498,A1
Q58499,A1
Q58500,A1
Q58501,A1
Q58502,A1
Q58503,A1
Q58504,A1
Q58505,A1
Q58506,A1
Q58507,A1
Q58508,A1
Q58509,A1
Q58510,A1
Q58511,A1
Q58512,A1
Q58513,A1
Q58514,A1
Q58515,A1
Q58516,A1
Q58517,A1
Q58518,A1
Q58519,A1
Q58520,A1
Q58521,A1
Q58522,A1
Q58523,A1
Q58524,A1
Q58525,A1
Q58526,A1
Q58527,A1
Q58528,A1
Q58529,A1
Q58530,A1
Q58531,A1
Q58532,A1
Q58533,A1
Q58534,A1
Q58535,A1
Q58536,A1
Q58537,A1
Q58538,A1
Q58539,A1
Q58540,A1
Q58541,A1
Q58542,A1
Q58543,A1
Q58544,A1
Q58545,A1
Q58546,A1
Q58547,A1
Q58548,A1
Q58549,A1
Q58550,A1
Q58551,A1
Q58552,A1
Q58553,A1
Q58554,A1
Q58555,A1
Q58556,A1
Q58557,A1
Q58558,A1
Q58559,A1
Q58560,A1
Q58561,A1
Q58562,A1
Q58563,A1
Q58564,A1
Q58565,A1
Q58566,A1
Q58567,A1
Q58568,A1
Q58569,A1
Q58570,A1
Q58571,A1
Q58572,A1
Q58573,A1
Q58574,A1
Q58575,A1
Q58576,A1
Q58577,A1
Q58578,A1
Q58579,A1
Q58580,A1
Q58581,A1
Q58582,A1
Q58583,A1
Q58584,A1
Q58585,A1
Q58586,A1
Q58587,A1
Q58588,A1
Q58589,A1
Q58590,A1
Q58591,A1
Q58592,A1
Q58593,A1
Q58594,A1
Q58595,A1
Q58596,A1
Q58597,A1
Q58598,A1
Q58599,A1
Q58600,A1
Q58601,A1
Q58602,A1
Q58603,A1
Q58604,A1
Q58605,A1
Q58606,A1
Q58607,A1
Q58608,A1
Q58609,A1
Q58610,A1
Q58611,A1
Q58612,A1
Q58613,A1
Q58614,A1
Q58615,A1
Q58616,A1
Q58617,A1
Q58618,A1
Q58619,A1
Q58620,A1
Q58621,A1
Q58622,A1
Q58623,A1
Q58624,A1
Q58625,A1
Q58626,A1
Q58627,A1
Q58628,A1
Q58629,A1
Q58630,A1
Q58631,A1
Q58632,A1
Q58633,A1
Q58634,A1
Q58635,A1
Q58636,A1
Q58637,A1
Q58638,A1
Q58639,A1
Q58640,A1
Q58641,A1
Q58642,A1
Q58643,A1
Q58644,A1
Q58645,A1
Q58646,A1
Q58647,A1
Q58648,A1
Q58649,A1
Q58650,A1
Q58651,A1
Q58652,A1
Q58653,A1
Q58654,A1
Q58655,A1
Q58656,A1
Q58657,A1
Q58658,A1
Q58659,A1
Q58660,A1
Q58661,A1
Q58662,A1
Q58663,A1
Q58664,A1
Q58665,A1
Q58666,A1
Q58667,A1
Q58668,A1
Q58669,A1
Q58670,A1
Q58671,A1
Q58672,A1
Q58673,A1
Q58674,A1
Q58675,A1
Q58676,A1
Q58677,A1
Q58678,A1
Q58679,A1
Q58680,A1
Q58681,A1
Q58682,A1
Q58683,A1
Q58684,A1
Q58685,A1
Q58686,A1
Q58687,A1
Q58688,A1
Q58689,A1
Q58690,A1
Q58691,A1
Q58692,A1
Q58693,A1
Q58694,A1
Q58695,A1
Q58696,A1
Q58697,A1
Q58698,A1
Q58699,A1
Q58700,A1
Q58701,A1
Q58702,A1
Q58703,A1
Q58704,A1
Q58705,A1
Q58706,A1
Q58707,A1
Q58708,A1
Q58709,A1
Q58710,A1
Q58711,A1
Q58712,A1
Q58713,A1
Q58714,A1
Q58715,A1
Q58716,A1
Q58717,A1
Q58718,A1
Q58719,A1
Q58720,A1
Q58721,A1
Q58722,A1
Q58723,A1
Q58724,A1
Q58725,A1
Q58726,A1
Q58727,A1
Q58728,A1
Q58729,A1
Q58730,A1
Q58731,A1
Q58732,A1
Q58733,A1
Q58734,A1
Q58735,A1
Q58736,A1
Q58737,A1
Q58738,A1
Q58739,A1
Q58740,A1
Q58741,A1
Q58742,A1
Q58743,A1
Q58744,A1
Q58745,A1
Q58746,A1
Q58747,A1
Q58748,A1
Q58749,A1
Q58750,A1
Q58751,A1
Q58752,A1
Q58753,A1
Q58754,A1
Q58755,A1
Q58756,A1
Q58757,A1
Q58758,A1
Q58759,A1
Q58760,A1
Q58761,A1
Q58762,A1
Q58763,A1
Q58764,A1
Q58765,A1
Q58766,A1
Q58767,A1
Q58768,A1
Q58769,A1
Q58770,A1
Q58771,A1
Q58772,A1
Q58773,A1
Q58774,A1
Q58775,A1
Q58776,A1
Q58777,A1
Q58778,A1
Q58779,A1
Q58780,A1
Q58781,A1
Q58782,A1
Q58783,A1
Q58784,A1
Q58785,A1
Q58786,A1
Q58787,A1
Q58788,A1
Q58789,A1
Q58790,A1
Q58791,A1
Q58792,A1
Q58793,A1
Q58794,A1
Q58795,A1
Q58796,A1
Q58797,A1
Q58798,A1
Q58799,A1
Q58800,A1
Q58801,A1
Q58802,A1
Q58803,A1
Q58804,A1
Q58805,A1
Q58806,A1
Q58807,A1
Q58808,A1
Q58809,A1
Q58810,A1
Q58811,A1
Q58812,A1
Q58813,A1
Q58814,A1
Q58815,A1
Q58816,A1
Q58817,A1
Q58818,A1
Q58819,A1
Q58820,A1
Q58821,A1
Q58822,A1
Q58823,A1
Q58824,A1
Q58825,A1
Q58826,A1
Q58827,A1
Q58828,A1
Q58829,A1
Q58830,A1
Q58831,A1
Q58832,A1
Q58833,A1
Q58834,A1
Q58835,A1
Q58836,A1
Q58837,A1
Q58838,A1
Q58839,A1
Q58840,A1
Q58841,A1
Q58842,A1
Q58843,A1
Q58844,A1
Q58845,A1
Q58846,A1
Q58847,A1
Q58848,A1
Q58849,A1
Q58850,A1
Q58851,A1
Q58852,A1
Q58853,A1
Q58854,A1
Q58855,A1
Q58856,A1
Q58857,A1
Q58858,A1
Q58859,A1
Q58860,A1
Q58861,A1
Q58862,A1
Q58863,A1
Q58864,A1
Q58865,A1
Q58866,A1
Q58867,A1
Q58868,A1
Q58869,A1
Q58870,A1
Q58871,A1
Q58872,A1
Q58873,A1
Q58874,A1
Q58875,A1
Q58876,A1
Q58877,A1
Q58878,A1
Q58879,A1
Q58880,A1
Q58881,A1
Q58882,A1
Q58883,A1
Q58884,A1
Q58885,A1
Q58886,A1
Q58887,A1
Q58888,A1
Q58889,A1
Q58890,A1
Q58891,A1
Q58892,A1
Q58893,A1
Q58894,A1
Q58895,A1
Q58896,A1
Q58897,A1
Q58898,A1
Q58899,A1
Q58900,A1
Q58901,A1
Q58902,A1
Q58903,A1
Q58904,A1
Q58905,A1
Q58906,A1
Q58907,A1
Q58908,A1
Q58909,A1
Q58910,A1
Q58911,A1
Q58912,A1
Q58913,A1
Q58914,A1
Q58915,A1
Q58916,A1
Q58917,A1
Q58918,A1
Q58919,A1
Q58920,A1
Q58921,A1
Q58922,A1
Q58923,A1
Q58924,A1
Q58925,A1
Q58926,A1
Q58927,A1
Q58928,A1
Q58929,A1
Q58930,A1
Q58931,A1
Q58932,A1
Q58933,A1
Q58934,A1
Q58935,A1
Q58936,A1
Q58937,A1
Q58938,A1
Q58939,A1
Q58940,A1
Q58941,A1
Q58942,A1
Q58943,A1
Q58944,A1
Q58945,A1
Q58946,A1
Q58947,A1
Q58948,A1
Q58949,A1
Q58950,A1
Q58951,A1
Q58952,A1
Q58953,A1
Q58954,A1
Q58955,A1
Q58956,A1
Q58957,A1
Q58958,A1
Q58959,A1
Q58960,A1
Q58961,A1
Q58962,A1
Q58963,A1
Q58964,A1
Q58965,A1
Q58966,A1
Q58967,A1
Q58968,A1
Q58969,A1
Q58970,A1
Q58971,A1
Q58972,A1
Q58973,A1
Q58974,A1
Q58975,A1
Q58976,A1
Q58977,A1
Q58978,A1
Q58979,A1
Q58980,A1
Q58981,A1
Q58982,A1
Q58983,A1
Q58984,A1
Q58985,A1
Q58986,A1
Q58987,A1
Q58988,A1
Q58989,A1
Q58990,A1
Q58991,A1
Q58992,A1
Q58993,A1
Q58994,A1
Q58995,A1
Q58996,A1
Q58997,A1
Q58998,A1
Q58999,A1
Q59000,A1
Q59001,A1
Q59002,A1
Q59003,A1
Q59004,A1
Q59005,A1
Q59006,A1
Q59007,A1
Q59008,A1
Q59009,A1
Q59010,A1
Q59011,A1
Q59012,A1
Q59013,A1
Q59014,A1
Q59015,A1
Q59016,A1
Q59017,A1
Q59018,A1
Q59019,A1
Q59020,A1
Q59021,A1
Q59022,A1
Q59023,A1
Q59024,A1
Q59025,A1
Q59026,A1
Q59027,A1
Q59028,A1
Q59029,A1
Q59030,A1
Q59031,A1
Q59032,A1
Q59033,A1
Q59034,A1
Q59035,A1
Q59036,A1
Q59037,A1
Q59038,A1
Q59039,A1
Q59040,A1
Q59041,A1
Q59042,A1
Q59043,A1
Q59044,A1
Q59045,A1
Q59046,A1
Q59047,A1
Q59048,A1
Q59049,A1
Q59050,A1
Q59051,A1
Q59052,A1
Q59053,A1
Q59054,A1
Q59055,A1
Q59056,A1
Q59057,A1
Q59058,A1
Q59059,A1
Q59060,A1
Q59061,A1
Q59062,A1
Q59063,A1
Q59064,A1
Q59065,A1
Q59066,A1
Q59067,A1
Q59068,A1
Q59069,A1
Q59070,A1
Q59071,A1
Q59072,A1
Q59073,A1
Q59074,A1
Q59075,A1
Q59076,A1
Q59077,A1
Q59078,A1
Q59079,A1
Q59080,A1
Q59081,A1
Q59082,A1
Q59083,A1
Q59084,A1
Q59085,A1
Q59086,A1
Q59087,A1
Q59088,A1
Q59089,A1
Q59090,A1
Q59091,A1
Q59092,A1
Q59093,A1
Q59094,A1
Q59095,A1
Q59096,A1
Q59097,A1
Q59098,A1
Q59099,A1
Q59100,A1
Q59101,A1
Q59102,A1
Q59103,A1
Q59104,A1
Q59105,A1
Q59106,A1
Q59107,A1
Q59108,A1
Q59109,A1
Q59110,A1
Q59111,A1
Q59112,A1
Q59113,A1
Q59114,A1
Q59115,A1
Q59116,A1
Q59117,A1
Q59118,A1
Q59119,A1
Q59120,A1
Q59121,A1
Q59122,A1
Q59123,A1
Q59124,A1
Q59125,A1
Q59126,A1
Q59127,A1
Q59128,A1
Q59129,A1
Q59130,A1
Q59131,A1
Q59132,A1
Q59133,A1
Q59134,A1
Q59135,A1
Q59136,A1
Q59137,A1
Q59138,A1
Q59139,A1
Q59140,A1
Q59141,A1
Q59142,A1
Q59143,A1
Q59144,A1
Q59145,A1
Q59146,A1
Q59147,A1
Q59148,A1
Q59149,A1
Q59150,A1
Q59151,A1
Q59152,A1
Q59153,A1
Q59154,A1
Q59155,A1
Q59156,A1
Q59157,A1
Q59158,A1
Q59159,A1
Q59160,A1
Q59161,A1
Q59162,A1
Q59163,A1
Q59164,A1
Q59165,A1
Q59166,A1
Q59167,A1
Q59168,A1
Q59169,A1
Q59170,A1
Q59171,A1
Q59172,A1
Q59173,A1
Q59174,A1
Q59175,A1
Q59176,A1
Q59177,A1
Q59178,A1
Q59179,A1
Q59180,A1
Q59181,A1
Q59182,A1
Q59183,A1
Q59184,A1
Q59185,A1
Q59186,A1
Q59187,A1
Q59188,A1
Q59189,A1
Q59190,A1
Q59191,A1
Q59192,A1
Q59193,A1
Q59194,A1
Q59195,A1
Q59196,A1
Q59197,A1
Q59198,A1
Q59199,A1
Q59200,A1
Q59201,A1
Q59202,A1
Q59203,A1
Q59204,A1
Q59205,A1
Q59206,A1
Q59207,A1
Q59208,A1
Q59209,A1
Q59210,A1
Q59211,A1
Q59212,A1
Q59213,A1
Q59214,A1
Q59215,A1
Q59216,A1
Q59217,A1
Q59218,A1
Q59219,A1
Q59220,A1
Q59221,A1
Q59222,A1
Q59223,A1
Q59224,A1
Q59225,A1
Q59226,A1
Q59227,A1
Q59228,A1
Q59229,A1
Q59230,A1
Q59231,A1
Q59232,A1
Q59233,A1
Q59234,A1
Q59235,A1
Q59236,A1
Q59237,A1
Q59238,A1
Q59239,A1
Q59240,A1
Q59241,A1
Q59242,A1
Q59243,A1
Q59244,A1
Q59245,A1
Q59246,A1
Q59247,A1
Q59248,A1
Q59249,A1
Q59250,A1
Q59251,A1
Q59252,A1
Q59253,A1
Q59254,A1
Q59255,A1
Q59256,A1
Q59257,A1
Q59258,A1
Q59259,A1
Q59260,A1
Q59261,A1
Q59262,A1
Q59263,A1
Q59264,A1
Q59265,A1
Q59266,A1
Q59267,A1
Q59268,A1
Q59269,A1
Q59270,A1
Q59271,A1
Q59272,A1
Q59273,A1
Q59274,A1
Q59275,A1
Q59276,A1
Q59277,A1
Q59278,A1
Q59279,A1
Q59280,A1
Q59281,A1
Q59282,A1
Q59283,A1
Q59284,A1
Q59285,A1
Q59286,A1
Q59287,A1
Q59288,A1
Q59289,A1
Q59290,A1
Q59291,A1
Q59292,A1
Q59293,A1
Q59294,A1
Q59295,A1
Q59296,A1
Q59297,A1
Q59298,A1
Q59299,A1
Q59300,A1
Q59301,A1
Q59302,A1
Q59303,A1
Q59304,A1
Q59305,A1
Q59306,A1
Q59307,A1
Q59308,A1
Q59309,A1
Q59310,A1
Q59311,A1
Q59312,A1
Q59313,A1
Q59314,A1
Q59315,A1
Q59316,A1
Q59317,A1
Q59318,A1
Q59319,A1
Q59320,A1
Q59321,A1
Q59322,A1
Q59323,A1
Q59324,A1
Q59325,A1
Q59326,A1
Q59327,A1
Q59328,A1
Q59329,A1
Q59330,A1
Q59331,A1
Q59332,A1
Q59333,A1
Q59334,A1
Q59335,A1
Q59336,A1
Q59337,A1
Q59338,A1
Q59339,A1
Q59340,A1
Q59341,A1
Q59342,A1
Q59343,A1
Q59344,A1
Q59345,A1
Q59346,A1
Q59347,A1
Q59348,A1
Q59349,A1
Q59350,A1
Q59351,A1
Q59352,A1
Q59353,A1
Q59354,A1
Q59355,A1
Q59356,A1
Q59357,A1
Q59358,A1
Q59359,A1
Q59360,A1
Q59361,A1
Q59362,A1
Q59363,A1
Q59364,A1
Q59365,A1
Q59366,A1
Q59367,A1
Q59368,A1
Q59369,A1
Q59370,A1
Q59371,A1
Q59372,A1
Q59373,A1
Q59374,A1
Q59375,A1
Q59376,A1
Q59377,A1
Q59378,A1
Q59379,A1
Q59380,A1
Q59381,A1
Q59382,A1
Q59383,A1
Q59384,A1
Q59385,A1
Q59386,A1
Q59387,A1
Q59388,A1
Q59389,A1
Q59390,A1
Q59391,A1
Q59392,A1
Q59393,A1
Q59394,A1
Q59395,A1
Q59396,A1
Q59397,A1
Q59398,A1
Q59399,A1
Q59400,A1
Q59401,A1
Q59402,A1
Q59403,A1
Q59404,A1
Q59405,A1
Q59406,A1
Q59407,A1
Q59408,A1
Q59409,A1
Q59410,A1
Q59411,A1
Q59412,A1
Q59413,A1
Q59414,A1
Q59415,A1
Q59416,A1
Q59417,A1
Q59418,A1
Q59419,A1
Q59420,A1
Q59421,A1
Q59422,A1
Q59423,A1
Q59424,A1
Q59425,A1
Q59426,A1
Q59427,A1
Q59428,A1
Q59429,A1
Q59430,A1
Q59431,A1
Q59432,A1
Q59433,A1
Q59434,A1
Q59435,A1
Q59436,A1
Q59437,A1
Q59438,A1
Q59439,A1
Q59440,A1
Q59441,A1
Q59442,A1
Q59443,A1
Q59444,A1
Q59445,A1
Q59446,A1
Q59447,A1
Q59448,A1
Q59449,A1
Q59450,A1
Q59451,A1
Q59452,A1
Q59453,A1
Q59454,A1
Q59455,A1
Q59456,A1
Q59457,A1
Q59458,A1
Q59459,A1
Q59460,A1
Q59461,A1
Q59462,A1
Q59463,A1
Q59464,A1
Q59465,A1
Q59466,A1
Q59467,A1
Q59468,A1
Q59469,A1
Q59470,A1
Q59471,A1
Q59472,A1
Q59473,A1
Q59474,A1
Q59475,A1
Q59476,A1
Q59477,A1
Q59478,A1
Q59479,A1
Q59480,A1
Q59481,A1
Q59482,A1
Q59483,A1
Q59484,A1
Q59485,A1
Q59486,A1
Q59487,A1
Q59488,A1
Q59489,A1
Q59490,A1
Q59491,A1
Q59492,A1
Q59493,A1
Q59494,A1
Q59495,A1
Q59496,A1
Q59497,A1
Q59498,A1
Q59499,A1
Q59500,A1
Q59501,A1
Q59502,A1
Q59503,A1
Q59504,A1
Q59505,A1
Q59506,A1
Q59507,A1
Q59508,A1
Q59509,A1
Q59510,A1
Q59511,A1
Q59512,A1
Q59513,A1
Q59514,A1
Q59515,A1
Q59516,A1
Q59517,A1
Q59518,A1
Q59519,A1
Q59520,A1
Q59521,A1
Q59522,A1
Q59523,A1
Q59524,A1
Q59525,A1
Q59526,A1
Q59527,A1
Q59528,A1
Q59529,A1
Q59530,A1
Q59531,A1
Q59532,A1
Q59533,A1
Q59534,A1
Q59535,A1
Q59536,A1
Q59537,A1
Q59538,A1
Q59539,A1
Q59540,A1
Q59541,A1
Q59542,A1
Q59543,A1
Q59544,A1
Q59545,A1
Q59546,A1
Q59547,A1
Q59548,A1
Q59549,A1
Q59550,A1
Q59551,A1
Q59552,A1
Q59553,A1
Q59554,A1
Q59555,A1
Q59556,A1
Q59557,A1
Q59558,A1
Q59559,A1
Q59560,A1
Q59561,A1
Q59562,A1
Q59563,A1
Q59564,A1
Q59565,A1
Q59566,A1
Q59567,A1
Q59568,A1
Q59569,A1
Q59570,A1
Q59571,A1
Q59572,A1
Q59573,A1
Q59574,A1
Q59575,A1
Q59576,A1
Q59577,A1
Q59578,A1
Q59579,A1
Q59580,A1
Q59581,A1
Q59582,A1
Q59583,A1
Q59584,A1
Q59585,A1
Q59586,A1
Q59587,A1
Q59588,A1
Q59589,A1
Q59590,A1
Q59591,A1
Q59592,A1
Q59593,A1
Q59594,A1
Q59595,A1
Q59596,A1
Q59597,A1
Q59598,A1
Q59599,A1
Q59600,A1
Q59601,A1
Q59602,A1
Q59603,A1
Q59604,A1
Q59605,A1
Q59606,A1
Q59607,A1
Q59608,A1
Q59609,A1
Q59610,A1
Q59611,A1
Q59612,A1
Q59613,A1
Q59614,A1
Q59615,A1
Q59616,A1
Q59617,A1
Q59618,A1
Q59619,A1
Q59620,A1
Q59621,A1
Q59622,A1
Q59623,A1
Q59624,A1
Q59625,A1
Q59626,A1
Q59627,A1
Q59628,A1
Q59629,A1
Q59630,A1
Q59631,A1
Q59632,A1
Q59633,A1
Q59634,A1
Q59635,A1
Q59636,A1
Q59637,A1
Q59638,A1
Q59639,A1
Q59640,A1
Q59641,A1
Q59642,A1
Q59643,A1
Q59644,A1
Q59645,A1
Q59646,A1
Q59647,A1
Q59648,A1
Q59649,A1
Q59650,A1
Q59651,A1
Q59652,A1
Q59653,A1
Q59654,A1
Q59655,A1
Q59656,A1
Q59657,A1
Q59658,A1
Q59659,A1
Q59660,A1
Q59661,A1
Q59662,A1
Q59663,A1
Q59664,A1
Q59665,A1
Q59666,A1
Q59667,A1
Q59668,A1
Q59669,A1
Q59670,A1
Q59671,A1
Q59672,A1
Q59673,A1
Q59674,A1
Q59675,A1
Q59676,A1
Q59677,A1
Q59678,A1
Q59679,A1
Q59680,A1
Q59681,A1
Q59682,A1
Q59683,A1
Q59684,A1
Q59685,A1
Q59686,A1
Q59687,A1
Q59688,A1
Q59689,A1
Q59690,A1
Q59691,A1
Q59692,A1
Q59693,A1
Q59694,A1
Q59695,A1
Q59696,A1
Q59697,A1
Q59698,A1
Q59699,A1
Q59700,A1
Q59701,A1
Q59702,A1
Q59703,A1
Q59704,A1
Q59705,A1
Q59706,A1
Q59707,A1
Q59708,A1
Q59709,A1
Q59710,A1
Q59711,A1
Q59712,A1
Q59713,A1
Q59714,A1
Q59715,A1
Q59716,A1
Q59717,A1
Q59718,A1
Q59719,A1
Q59720,A1
Q59721,A1
Q59722,A1
Q59723,A1
Q59724,A1
Q59725,A1
Q59726,A1
Q59727,A1
Q59728,A1
Q59729,A1
Q59730,A1
Q59731,A1
Q59732,A1
Q59733,A1
Q59734,A1
Q59735,A1
Q59736,A1
Q59737,A1
Q59738,A1
Q59739,A1
Q59740,A1
Q59741,A1
Q59742,A1
Q59743,A1
Q59744,A1
Q59745,A1
Q59746,A1
Q59747,A1
Q59748,A1
Q59749,A1
Q59750,A1
Q59751,A1
Q59752,A1
Q59753,A1
Q59754,A1
Q59755,A1
Q59756,A1
Q59757,A1
Q59758,A1
Q59759,A1
Q59760,A1
Q59761,A1
Q59762,A1
Q59763,A1
Q59764,A1
Q59765,A1
Q59766,A1
Q59767,A1
Q59768,A1
Q59769,A1
Q59770,A1
Q59771,A1
Q59772,A1
Q59773,A1
Q59774,A1
Q59775,A1
Q59776,A1
Q59777,A1
Q59778,A1
Q59779,A1
Q59780,A1
Q59781,A1
Q59782,A1
Q59783,A1
Q59784,A1
Q59785,A1
Q59786,A1
Q59787,A1
Q59788,A1
Q59789,A1
Q59790,A1
Q59791,A1
Q59792,A1
Q59793,A1
Q59794,A1
Q59795,A1
Q59796,A1
Q59797,A1
Q59798,A1
Q59799,A1
Q59800,A1
Q59801,A1
Q59802,A1
Q59803,A1
Q59804,A1
Q59805,A1
Q59806,A1
Q59807,A1
Q59808,A1
Q59809,A1
Q59810,A1
Q59811,A1
Q59812,A1
Q59813,A1
Q59814,A1
Q59815,A1
Q59816,A1
Q59817,A1
Q59818,A1
Q59819,A1
Q59820,A1
Q59821,A1
Q59822,A1
Q59823,A1
Q59824,A1
Q59825,A1
Q59826,A1
Q59827,A1
Q59828,A1
Q59829,A1
Q59830,A1
Q59831,A1
Q59832,A1
Q59833,A1
Q59834,A1
Q59835,A1
Q59836,A1
Q59837,A1
Q59838,A1
Q59839,A1
Q59840,A1
Q59841,A1
Q59842,A1
Q59843,A1
Q59844,A1
Q59845,A1
Q59846,A1
Q59847,A1
Q59848,A1
Q59849,A1
Q59850,A1
Q59851,A1
Q59852,A1
Q59853,A1
Q59854,A1
Q59855,A1
Q59856,A1
Q59857,A1
Q59858,A1
Q59859,A1
Q59860,A1
Q59861,A1
Q59862,A1
Q59863,A1
Q59864,A1
Q59865,A1
Q59866,A1
Q59867,A1
Q59868,A1
Q59869,A1
Q59870,A1
Q59871,A1
Q59872,A1
Q59873,A1
Q59874,A1
Q59875,A1
Q59876,A1
Q59877,A1
Q59878,A1
Q59879,A1
Q59880,A1
Q59881,A1
Q59882,A1
Q59883,A1
Q59884,A1
Q59885,A1
Q59886,A1
Q59887,A1
Q59888,A1
Q59889,A1
Q59890,A1
Q59891,A1
Q59892,A1
Q59893,A1
Q59894,A1
Q59895,A1
Q59896,A1
Q59897,A1
Q59898,A1
Q59899,A1
Q59900,A1
Q59901,A1
Q59902,A1
Q59903,A1
Q59904,A1
Q59905,A1
Q59906,A1
Q59907,A1
Q59908,A1
Q59909,A1
Q59910,A1
Q59911,A1
Q59912,A1
Q59913,A1
Q59914,A1
Q59915,A1
Q59916,A1
Q59917,A1
Q59918,A1
Q59919,A1
Q59920,A1
Q59921,A1
Q59922,A1
Q59923,A1
Q59924,A1
Q59925,A1
Q59926,A0
Q59927,A0
Q59928,A0
Q59929,A0
Q59930,A0
Q59931,A0
Q59932,A0
Q59933,A0
Q59934,A0
Q59935,A0
Q59936,A0
Q59937,A0
Q59938,A0
Q59939,A0
Q59940,A0
Q59941,A0
Q59942,A0
Q59943,A0
Q59944,A0
Q59945,A0
Q59946,A0
Q59947,A0
Q59948,A0
Q59949,A0
Q59950,A0
Q59951,A0
Q59952,A0
Q59953,A0
Q59954,A0
Q59955,A0
Q59956,A0
Q59957,A0
Q59958,A0
Q59959,A0
Q59960,A0
Q59961,A0
Q59962,A0
Q59963,A0
Q59964,A0
Q59965,A0
Q59966,A0
Q59967,A0
Q59968,A0
Q59969,A0
Q59970,A0
Q59971,A0
Q59972,A0
Q59973,A0
Q59974,A0
Q59975,A0
Q59976,A0
Q59977,A0
Q59978,A0
Q59979,A0
Q59980,A0
Q59981,A0
Q59982,A0
Q59983,A0
Q59984,A0
Q59985,A0
Q59986,A0
Q59987,A0
Q59988,A0
Q59989,A0
Q59990,A0
Q59991,A0
Q59992,A0
Q59993,A0
Q59994,A0
Q59995,A0
Q59996,A0
Q59997,A0
Q59998,A0
Q59999,A0
Q60000,A0
Q60001,A0
Q60002,A0
Q60003,A0
Q60004,A0
Q60005,A0
Q60006,A0
Q60007,A0
Q60008,A0
Q60009,A0
Q60010,A0
Q60011,A0
Q60012,A0
Q60013,A0
Q60014,A0
Q60015,A0
Q60016,A0
Q60017,A0
Q60018,A0
Q60019,A0
Q60020,A0
Q60021,A0
Q60022,A0
Q60023,A0
Q60024,A0
Q60025,A0
Q60026,A0
Q60027,A0
Q60028,A0
Q60029,A0
Q60030,A0
Q60031,A0
Q60032,A0
Q60033,A0
Q60034,A0
Q60035,A0
Q60036,A0
Q60037,A0
Q60038,A0
Q60039,A0
Q60040,A0
Q60041,A0
Q60042,A0
Q60043,A0
Q60044,A0
Q60045,A0
Q60046,A0
Q60047,A0
Q60048,A0
Q60049,A0
Q60050,A0
Q60051,A0
Q60052,A0
Q60053,A0
Q60054,A0
Q60055,A0
Q60056,A0
Q60057,A0
Q60058,A0
Q60059,A0
Q60060,A0
Q60061,A0
Q60062,A0
Q60063,A0
Q60064,A0
Q60065,A0
Q60066,A0
Q60067,A0
Q60068,A0
Q60069,A0
Q60070,A0
Q60071,A0
Q60072,A0
Q60073,A0
Q60074,A0
Q60075,A0
Q60076,A0
Q60077,A0
Q60078,A0
Q60079,A0
Q60080,A0
Q60081,A0
Q60082,A0
Q60083,A0
Q60084,A0
Q60085,A0
Q60086,A0
Q60087,A0
Q60088,A0
Q60089,A0
Q60090,A0
Q60091,A0
Q60092,A0
Q60093,A0
Q60094,A0
Q60095,A0
Q60096,A0
Q60097,A0
Q60098,A0
Q60099,A0
Q60100,A0
Q60101,A0
Q60102,A0
Q60103,A0
Q60104,A0
Q60105,A0
Q60106,A0
Q60107,A0
Q60108,A0
Q60109,A0
Q60110,A0
Q60111,A0
Q60112,A0
Q60113,A0
Q60114,A0
Q60115,A0
Q60116,A0
Q60117,A0
Q60118,A0
Q60119,A0
Q60120,A0
Q60121,A0
Q60122,A0
Q60123,A0
Q60124,A0
Q60125,A0
Q60126,A0
Q60127,A0
Q60128,A0
Q60129,A0
Q60130,A0
Q60131,A0
Q60132,A0
Q60133,A0
Q60134,A0
Q60135,A0
Q60136,A0
Q60137,A0
Q60138,A0
Q60139,A0
Q60140,A0
Q60141,A0
Q60142,A0
Q60143,A0
Q60144,A0
Q60145,A0
Q60146,A0
Q60147,A0
Q60148,A0
Q60149,A0
Q60150,A0
Q60151,A0
Q60152,A0
Q60153,A0
Q60154,A0
Q60155,A0
Q60156,A0
Q60157,A0
Q60158,A0
Q60159,A0
Q60160,A0
Q60161,A0
Q60162,A0
Q60163,A0
Q60164,A0
Q60165,A0
Q60166,A0
Q60167,A0
Q60168,A0
Q60169,A0
Q60170,A0
Q60171,A0
Q60172,A0
Q60173,A0
Q60174,A0
Q60175,A0
Q60176,A0
Q60177,A0
Q60178,A0
Q60179,A0
Q60180,A0
Q60181,A0
Q60182,A0
Q60183,A0
Q60184,A0
Q60185,A0
Q60186,A0
Q60187,A0
Q60188,A0
Q60189,A0
Q60190,A0
Q60191,A0
Q60192,A0
Q60193,A0
Q60194,A0
Q60195,A0
Q60196,A0
Q60197,A0
Q60198,A0
Q60199,A0
Q60200,A0
Q60201,A0
Q60202,A0
Q60203,A0
Q60204,A0
Q60205,A0
Q60206,A0
Q60207,A0
Q60208,A0
Q60209,A0
Q60210,A0
Q60211,A0
Q60212,A0
Q60213,A0
Q60214,A0
Q60215,A0
Q60216,A0
Q60217,A0
Q60218,A0
Q60219,A0
Q60220,A0
Q60221,A0
Q60222,A0
Q60223,A0
Q60224,A0
Q60225,A0
Q60226,A0
Q60227,A0
Q60228,A0
Q60229,A0
Q60230,A0
Q60231,A0
Q60232,A0
Q60233,A0
Q60234,A0
Q60235,A0
Q60236,A0
Q60237,A0
Q60238,A0
Q60239,A0
Q60240,A0
Q60241,A0
Q60242,A0
Q60243,A0
Q60244,A0
Q60245,A0
Q60246,A0
Q60247,A0
Q60248,A0
Q60249,A0
Q60250,A0
Q60251,A0
Q60252,A0
Q60253,A0
Q60254,A0
Q60255,A0
Q60256,A0
Q60257,A0
Q60258,A0
Q60259,A0
Q60260,A0
Q60261,A0
Q60262,A0
Q60263,A0
Q60264,A0
Q60265,A0
Q60266,A0
Q60267,A0
Q60268,A0
Q60269,A0
Q60270,A0
Q60271,A0
Q60272,A0
Q60273,A0
Q60274,A0
Q60275,A0
Q60276,A0
Q60277,A0
Q60278,A0
Q60279,A0
Q60280,A0
Q60281,A0
Q60282,A0
Q60283,A0
Q60284,A0
Q60285,A0
Q60286,A0
Q60287,A0
Q60288,A0
Q60289,A0
Q60290,A0
Q60291,A0
Q60292,A0
Q60293,A0
Q60294,A0
Q60295,A0
Q60296,A0
Q60297,A0
Q60298,A0
Q60299,A0
Q60300,A0
Q60301,A0
Q60302,A0
Q60303,A0
Q60304,A0
Q60305,A0
Q60306,A0
Q60307,A0
Q60308,A0
Q60309,A0
Q60310,A0
Q60311,A0
Q60312,A0
Q60313,A0
Q60314,A0
Q60315,A0
Q60316,A0
Q60317,A0
Q60318,A0
Q60319,A0
Q60320,A0
Q60321,A0
Q60322,A0
Q60323,A0
Q60324,A0
Q60325,A0
Q60326,A0
Q60327,A0
Q60328,A0
Q60329,A0
Q60330,A0
Q60331,A0
Q60332,A0
Q60333,A0
Q60334,A0
Q60335,A0
Q60336,A0
Q60337,A0
Q60338,A0
Q60339,A0
Q60340,A0
Q60341,A0
Q60342,A0
Q60343,A0
Q60344,A0
Q60345,A0
Q60346,A0
Q60347,A0
Q60348,A0
Q60349,A0
Q60350,A0
Q60351,A0
Q60352,A0
Q60353,A0
Q60354,A0
Q60355,A0
Q60356,A0
Q60357,A0
Q60358,A0
Q60359,A0
Q60360,A0
Q60361,A0
Q60362,A0
Q60363,A0
Q60364,A0
Q60365,A0
Q60366,A0
Q60367,A0
Q60368,A0
Q60369,A0
Q60370,A0
Q60371,A0
Q60372,A0
Q60373,A0
Q60374,A0
Q60375,A0
Q60376,A0
Q60377,A0
Q60378,A0
Q60379,A0
Q60380,A0
Q60381,A0
Q60382,A0
Q60383,A0
Q60384,A0
Q60385,A0
Q60386,A0
Q60387,A0
Q60388,A0
Q60389,A0
Q60390,A0
Q60391,A0
Q60392,A0
Q60393,A0
Q60394,A0
Q60395,A0
Q60396,A0
Q60397,A0
Q60398,A0
Q60399,A0
Q60400,A0
Q60401,A0
Q60402,A0
Q60403,A0
Q60404,A0
Q60405,A0
Q60406,A0
Q60407,A0
Q60408,A0
Q60409,A0
Q60410,A0
Q60411,A0
Q60412,A0
Q60413,A0
Q60414,A0
Q60415,A0
Q60416,A0
Q60417,A0
Q60418,A0
Q60419,A0
Q60420,A0
Q60421,A0
Q60422,A0
Q60423,A0
Q60424,A0
Q60425,A0
Q60426,A0
Q60427,A0
Q60428,A0
Q60429,A0
Q60430,A0
Q60431,A0
Q60432,A0
Q60433,A0
Q60434,A0
Q60435,A0
Q60436,A0
Q60437,A0
Q60438,A0
Q60439,A0
Q60440,A0
Q60441,A0
Q60442,A0
Q60443,A0
Q60444,A0
Q60445,A0
Q60446,A0
Q60447,A0
Q60448,A0
Q60449,A0
Q60450,A0
Q60451,A0
Q60452,A0
Q60453,A0
Q60454,A0
Q60455,A0
Q60456,A0
Q60457,A0
Q60458,A0
Q60459,A0
Q60460,A0
Q60461,A0
Q60462,A0
Q60463,A0
Q60464,A0
Q60465,A0
Q60466,A0
Q60467,A0
Q60468,A0
Q60469,A0
Q60470,A0
Q60471,A0
Q60472,A0
Q60473,A0
Q60474,A0
Q60475,A0
Q60476,A0
Q60477,A0
Q60478,A0
Q60479,A0
Q60480,A0
Q60481,A0
Q60482,A0
Q60483,A0
Q60484,A0
Q60485,A0
Q60486,A0
Q60487,A0
Q60488,A0
Q60489,A0
Q60490,A0
Q60491,A0
Q60492,A0
Q60493,A0
Q60494,A0
Q60495,A0
Q60496,A0
Q60497,A0
Q60498,A0
Q60499,A0
Q60500,A0
Q60501,A0
Q60502,A0
Q60503,A0
Q60504,A0
Q60505,A0
Q60506,A0
Q60507,A0
Q60508,A0
Q60509,A0
Q60510,A0
Q60511,A0
Q60512,A0
Q60513,A0
Q60514,A0
Q60515,A0
Q60516,A0
Q60517,A0
Q60518,A0
Q60519,A0
Q60520,A0
Q60521,A0
Q60522,A0
Q60523,A0
Q60524,A0
Q60525,A0
Q60526,A0
Q60527,A0
Q60528,A0
Q60529,A0
Q60530,A0
Q60531,A0
Q60532,A0
Q60533,A0
Q60534,A0
Q60535,A0
Q60536,A0
Q60537,A0
Q60538,A0
Q60539,A0
Q60540,A0
Q60541,A0
Q60542,A0
Q60543,A0
Q60544,A0
Q60545,A0
Q60546,A0
Q60547,A0
Q60548,A0
Q60549,A0
Q60550,A0
Q60551,A0
Q60552,A0
Q60553,A0
Q60554,A0
Q60555,A0
Q60556,A0
Q60557,A0
Q60558,A0
Q60559,A0
Q60560,A0
Q60561,A0
Q60562,A0
Q60563,A0
Q60564,A0
Q60565,A0
Q60566,A0
Q60567,A0
Q60568,A0
Q60569,A0
Q60570,A0
Q60571,A0
Q60572,A0
Q60573,A0
Q60574,A0
Q60575,A0
Q60576,A0
Q60577,A0
Q60578,A0
Q60579,A0
Q60580,A0
Q60581,A0
Q60582,A0
Q60583,A0
Q60584,A0
Q60585,A0
Q60586,A0
Q60587,A0
Q60588,A0
Q60589,A0
Q60590,A0
Q60591,A0
Q60592,A0
Q60593,A0
Q60594,A0
Q60595,A0
Q60596,A0
Q60597,A0
Q60598,A0
Q60599,A0
Q60600,A0
Q60601,A0
Q60602,A0
Q60603,A0
Q60604,A0
Q60605,A0
Q60606,A0
Q60607,A0
Q60608,A0
Q60609,A0
Q60610,A0
Q60611,A0
Q60612,A0
Q60613,A0
Q60614,A0
Q60615,A0
Q60616,A0
Q60617,A0
Q60618,A0
Q60619,A0
Q60620,A0
Q60621,A0
Q60622,A0
Q60623,A0
Q60624,A0
Q60625,A0
Q60626,A0
Q60627,A0
Q60628,A0
Q60629,A0
Q60630,A0
Q60631,A0
Q60632,A0
Q60633,A0
Q60634,A0
Q60635,A0
Q60636,A0
Q60637,A0
Q60638,A0
Q60639,A0
Q60640,A0
Q60641,A0
Q60642,A0
Q60643,A0
Q60644,A0
Q60645,A0
Q60646,A0
Q60647,A0
Q60648,A0
Q60649,A0
Q60650,A0
Q60651,A0
Q60652,A0
Q60653,A0
Q60654,A0
Q60655,A0
Q60656,A0
Q60657,A0
Q60658,A0
Q60659,A0
Q60660,A0
Q60661,A0
Q60662,A0
Q60663,A0
Q60664,A0
Q60665,A0
Q60666,A0
Q60667,A0
Q60668,A0
Q60669,A0
Q60670,A0
Q60671,A0
Q60672,A0
Q60673,A0
Q60674,A0
Q60675,A0
Q60676,A0
Q60677,A0
Q60678,A0
Q60679,A0
Q60680,A0
Q60681,A0
Q60682,A0
Q60683,A0
Q60684,A0
Q60685,A0
Q60686,A0
Q60687,A0
Q60688,A0
Q60689,A0
Q60690,A0
Q60691,A0
Q60692,A0
Q60693,A0
Q60694,A0
Q60695,A0
Q60696,A0
Q60697,A0
Q60698,A0
Q60699,A0
Q60700,A0
Q60701,A0
Q60702,A0
Q60703,A0
Q60704,A0
Q60705,A0
Q60706,A0
Q60707,A0
Q60708,A0
Q60709,A0
Q60710,A0
Q60711,A0
Q60712,A0
Q60713,A0
Q60714,A0
Q60715,A0
Q60716,A0
Q60717,A0
Q60718,A0
Q60719,A0
Q60720,A0
Q60721,A0
Q60722,A0
Q60723,A0
Q60724,A0
Q60725,A0
Q60726,A0
Q60727,A0
Q60728,A0
Q60729,A0
Q60730,A0
Q60731,A0
Q60732,A0
Q60733,A0
Q60734,A0
Q60735,A0
Q60736,A0
Q60737,A0
Q60738,A0
Q60739,A0
Q60740,A0
Q60741,A0
Q60742,A0
Q60743,A0
Q60744,A0
Q60745,A0
Q60746,A0
Q60747,A0
Q60748,A0
Q60749,A0
Q60750,A0
Q60751,A0
Q60752,A0
Q60753,A0
Q60754,A0
Q60755,A0
Q60756,A0
Q60757,A0
Q60758,A0
Q60759,A0
Q60760,A0
Q60761,A0
Q60762,A0
Q60763,A0
Q60764,A0
Q60765,A0
Q60766,A0
Q60767,A0
Q60768,A0
Q60769,A0
Q60770,A0
Q60771,A0
Q60772,A0
Q60773,A0
Q60774,A0
Q60775,A0
Q60776,A0
Q60777,A0
Q60778,A0
Q60779,A0
Q60780,A0
Q60781,A0
Q60782,A0
Q60783,A0
Q60784,A0
Q60785,A0
Q60786,A0
Q60787,A0
Q60788,A0
Q60789,A0
Q60790,A0
Q60791,A0
Q60792,A0
Q60793,A0
Q60794,A0
Q60795,A0
Q60796,A0
Q60797,A0
Q60798,A0
Q60799,A0
Q60800,A0
Q60801,A0
Q60802,A0
Q60803,A0
Q60804,A0
Q60805,A0
Q60806,A0
Q60807,A0
Q60808,A0
Q60809,A0
Q60810,A0
Q60811,A0
Q60812,A0
Q60813,A0
Q60814,A0
Q60815,A0
Q60816,A0
Q60817,A0
Q60818,A0
Q60819,A0
Q60820,A0
Q60821,A0
Q60822,A0
Q60823,A0
Q60824,A0
Q60825,A0
Q60826,A0
Q60827,A0
Q60828,A0
Q60829,A0
Q60830,A0
Q60831,A0
Q60832,A0
Q60833,A0
Q60834,A0
Q60835,A0
Q60836,A0
Q60837,A0
Q60838,A0
Q60839,A0
Q60840,A0
Q60841,A0
Q60842,A0
Q60843,A0
Q60844,A0
Q60845,A0
Q60846,A0
Q60847,A0
Q60848,A0
Q60849,A0
Q60850,A0
Q60851,A0
Q60852,A0
Q60853,A0
Q60854,A0
Q60855,A0
Q60856,A0
Q60857,A0
Q60858,A0
Q60859,A0
Q60860,A0
Q60861,A0
Q60862,A0
Q60863,A0
Q60864,A0
Q60865,A0
Q60866,A0
Q60867,A0
Q60868,A0
Q60869,A0
Q60870,A0
Q60871,A0
Q60872,A0
Q60873,A0
Q60874,A0
Q60875,A0
Q60876,A0
Q60877,A0
Q60878,A0
Q60879,A0
Q60880,A0
Q60881,A0
Q60882,A0
Q60883,A0
Q60884,A0
Q60885,A0
Q60886,A0
Q60887,A0
Q60888,A0
Q60889,A0
Q60890,A0
Q60891,A0
Q60892,A0
Q60893,A0
Q60894,A0
Q60895,A0
Q60896,A0
Q60897,A0
Q60898,A0
Q60899,A0
Q60900,A0
Q60901,A0
Q60902,A0
Q60903,A0
Q60904,A0
Q60905,A0
Q60906,A0
Q60907,A0
Q60908,A0
Q60909,A0
Q60910,A0
Q60911,A0
Q60912,A0
Q60913,A0
Q60914,A0
Q60915,A0
Q60916,A0
Q60917,A0
Q60918,A0
Q60919,A0
Q60920,A0
Q60921,A0
Q60922,A0
Q60923,A0
Q60924,A0
Q60925,A0
Q60926,A0
Q60927,A0
Q60928,A0
Q60929,A0
Q60930,A0
Q60931,A0
Q60932,A0
Q60933,A0
Q60934,A0
Q60935,A0
Q60936,A0
Q60937,A0
Q60938,A0
Q60939,A0
Q60940,A0
Q60941,A0
Q60942,A0
Q60943,A0
Q60944,A0
Q60945,A0
Q60946,A0
Q60947,A0
Q60948,A0
Q60949,A0
Q60950,A0
Q60951,A0
Q60952,A0
Q60953,A0
Q60954,A0
Q60955,A0
Q60956,A0
Q60957,A0
Q60958,A0
Q60959,A0
Q60960,A0
Q60961,A0
Q60962,A0
Q60963,A0
Q60964,A0
Q60965,A0
Q60966,A0
Q60967,A0
Q60968,A0
Q60969,A0
Q60970,A0
Q60971,A0
Q60972,A0
Q60973,A0
Q60974,A0
Q60975,A0
Q60976,A0
Q60977,A0
Q60978,A0
Q60979,A0
Q60980,A0
Q60981,A0
Q60982,A0
Q60983,A0
Q60984,A0
Q60985,A0
Q60986,A0
Q60987,A0
Q60988,A0
Q60989,A0
Q60990,A0
Q60991,A0
Q60992,A0
Q60993,A0
Q60994,A0
Q60995,A0
Q60996,A0
Q60997,A0
Q60998,A0
Q60999,A0
Q61000,A0
Q61001,A0
Q61002,A0
Q61003,A0
Q61004,A0
Q61005,A0
Q61006,A0
Q61007,A0
Q61008,A0
Q61009,A0
Q61010,A0
Q61011,A0
Q61012,A0
Q61013,A0
Q61014,A0
Q61015,A0
Q61016,A0
Q61017,A0
Q61018,A0
Q61019,A0
Q61020,A0
Q61021,A0
Q61022,A0
Q61023,A0
Q61024,A0
Q61025,A0
Q61026,A0
Q61027,A0
Q61028,A0
Q61029,A0
Q61030,A0
Q61031,A0
Q61032,A0
Q61033,A0
Q61034,A0
Q61035,A0
Q61036,A0
Q61037,A0
Q61038,A0
Q61039,A0
Q61040,A0
Q61041,A0
Q61042,A0
Q61043,A0
Q61044,A0
Q61045,A0
Q61046,A0
Q61047,A0
Q61048,A0
Q61049,A0
Q61050,A0
Q61051,A0
Q61052,A0
Q61053,A0
Q61054,A0
Q61055,A0
Q61056,A0
Q61057,A0
Q61058,A0
Q61059,A0
Q61060,A0
Q61061,A2
Q61062,A2
Q61063,A2
Q61064,A2
Q61065,A2
Q61066,A2
Q61067,A2
Q61068,A2
Q61069,A2
Q61070,A2
Q61071,A2
Q61072,A2
Q61073,A2
Q61074,A2
Q61075,A2
Q61076,A2
Q61077,A2
Q61078,A2
Q61079,A2
Q61080,A2
Q61081,A2
Q61082,A2
Q61083,A2
Q61084,A2
Q61085,A2
Q61086,A2
Q61087,A2
Q61088,A2
Q61089,A2
Q61090,A2
Q61091,A2
Q61092,A2
Q61093,A2
Q61094,A2
Q61095,A2
Q61096,A2
Q61097,A2
Q61098,A2
Q61099,A2
Q61100,A2
Q61101,A2
Q61102,A2
Q61103,A2
Q61104,A2
Q61105,A2
Q61106,A2
Q61107,A2
Q61108,A2
Q61109,A2
Q61110,A2
Q61111,A2
Q61112,A2
Q61113,A2
Q61114,A2
Q61115,A2
Q61116,A2
Q61117,A2
Q61118,A2
Q61119,A2
Q61120,A2
Q61121,A2
Q61122,A2
Q61123,A2
Q61124,A2
Q61125,A2
Q61126,A2
Q61127,A2
Q61128,A2
Q61129,A2
Q61130,A2
Q61131,A2
Q61132,A2
Q61133,A2
Q61134,A2
Q61135,A2
Q61136,A2
Q61137,A2
Q61138,A2
Q61139,A2
Q61140,A2
Q61141,A2
Q61142,A2
Q61143,A2
Q61144,A2
Q61145,A2
Q61146,A2
Q61147,A2
Q61148,A2
Q61149,A2
Q61150,A2
Q61151,A2
Q61152,A2
Q61153,A2
Q61154,A2
Q61155,A2
Q61156,A2
Q61157,A2
Q61158,A2
Q61159,A2
Q61160,A2
Q61161,A2
Q61162,A2
Q61163,A2
Q61164,A2
Q61165,A2
Q61166,A2
Q61167,A2
Q61168,A2
Q61169,A2
Q61170,A2
Q61171,A2
Q61172,A2
Q61173,A2
Q61174,A2
Q61175,A2
Q61176,A2
Q61177,A2
Q61178,A2
Q61179,A2
Q61180,A2
Q61181,A2
Q61182,A2
Q61183,A2
Q61184,A2
Q61185,A2
Q61186,A2
Q61187,A2
Q61188,A2
Q61189,A2
Q61190,A2
Q61191,A2
Q61192,A2
Q61193,A2
Q61194,A2
Q61195,A2
Q61196,A2
Q61197,A2
Q61198,A2
Q61199,A2
Q61200,A2
Q61201,A2
Q61202,A2
Q61203,A2
Q61204,A2
Q61205,A2
Q61206,A2
Q61207,A2
Q61208,A2
Q61209,A2
Q61210,A2
Q61211,A2
Q61212,A2
Q61213,A2
Q61214,A2
Q61215,A2
Q61216,A2
Q61217,A2
Q61218,A2
Q61219,A2
Q61220,A2
Q61221,A2
Q61222,A2
Q61223,A2
Q61224,A2
Q61225,A2
Q61226,A2
Q61227,A2
Q61228,A2
Q61229,A2
Q61230,A2
Q61231,A2
Q61232,A2
Q61233,A2
Q61234,A2
Q61235,A2
Q61236,A2
Q61237,A2
Q61238,A2
Q61239,A2
Q61240,A2
Q61241,A2
Q61242,A2
Q61243,A2
Q61244,A2
Q61245,A2
Q61246,A2
Q61247,A2
Q61248,A2
Q61249,A2
Q61250,A2
Q61251,A2
Q61252,A2
Q61253,A2
Q61254,A2
Q61255,A2
Q61256,A2
Q61257,A2
Q61258,A2
Q61259,A2
Q61260,A2
Q61261,A2
Q61262,A2
Q61263,A2
Q61264,A2
Q61265,A2
Q61266,A2
Q61267,A2
Q61268,A2
Q61269,A2
Q61270,A2
Q61271,A2
Q61272,A2
Q61273,A2
Q61274,A2
Q61275,A2
Q61276,A2
Q61277,A2
Q61278,A2
Q61279,A2
Q61280,A2
Q61281,A2
Q61282,A2
Q61283,A2
Q61284,A2
Q61285,A2
Q61286,A2
Q61287,A2
Q61288,A2
Q61289,A2
Q61290,A2
Q61291,A2
Q61292,A2
Q61293,A2
Q61294,A2
Q61295,A2
Q61296,A2
Q61297,A2
Q61298,A2
Q61299,A2
Q61300,A2
Q61301,A2
Q61302,A2
Q61303,A2
Q61304,A2
Q61305,A2
Q61306,A2
Q61307,A2
Q61308,A2
Q61309,A2
Q61310,A2
Q61311,A2
Q61312,A2
Q61313,A2
Q61314,A2
Q61315,A2
Q61316,A2
Q61317,A2
Q61318,A2
Q61319,A2
Q61320,A2
Q61321,A2
Q61322,A2
Q61323,A2
Q61324,A2
Q61325,A2
Q61326,A2
Q61327,A2
Q61328,A2
Q61329,A2
Q61330,A2
Q61331,A2
Q61332,A2
Q61333,A2
Q61334,A2
Q61335,A2
Q61336,A2
Q61337,A2
Q61338,A2
Q61339,A2
Q61340,A2
Q61341,A2
Q61342,A2
Q61343,A2
Q61344,A2
Q61345,A2
Q61346,A2
Q61347,A2
Q61348,A2
Q61349,A2
Q61350,A2
Q61351,A2
Q61352,A2
Q61353,A2
Q61354,A2
Q61355,A2
Q61356,A2
Q61357,A2
Q61358,A2
Q61359,A2
Q61360,A2
Q61361,A2
Q61362,A2
Q61363,A2
Q61364,A2
Q61365,A2
Q61366,A2
Q61367,A2
Q61368,A2
Q61369,A2
Q61370,A2
Q61371,A2
Q61372,A2
Q61373,A2
Q61374,A2
Q61375,A2
Q61376,A2
Q61377,A2
Q61378,A2
Q61379,A2
Q61380,A2
Q61381,A2
Q61382,A2
Q61383,A2
Q61384,A2
Q61385,A2
Q61386,A2
Q61387,A2
Q61388,A2
Q61389,A2
Q61390,A2
Q61391,A2
Q61392,A2
Q61393,A2
Q61394,A2
Q61395,A2
Q61396,A2
Q61397,A2
Q61398,A2
Q61399,A2
Q61400,A2
Q61401,A2
Q61402,A2
Q61403,A2
Q61404,A2
Q61405,A2
Q61406,A2
Q61407,A2
Q61408,A2
Q61409,A2
Q61410,A2
Q61411,A2
Q61412,A2
Q61413,A2
Q61414,A2
Q61415,A2
Q61416,A2
Q61417,A2
Q61418,A2
Q61419,A2
Q61420,A2
Q61421,A2
Q61422,A2
Q61423,A2
Q61424,A2
Q61425,A2
Q61426,A2
Q61427,A2
Q61428,A2
Q61429,A2
Q61430,A2
Q61431,A2
Q61432,A2
Q61433,A2
Q61434,A2
Q61435,A2
Q61436,A2
Q61437,A2
Q61438,A2
Q61439,A2
Q61440,A2
Q61441,A2
Q61442,A2
Q61443,A2
Q61444,A2
Q61445,A2
Q61446,A2
Q61447,A2
Q61448,A2
Q61449,A2
Q61450,A2
Q61451,A2
Q61452,A2
Q61453,A2
Q61454,A2
Q61455,A2
Q61456,A2
Q61457,A2
Q61458,A2
Q61459,A2
Q61460,A2
Q61461,A2
Q61462,A2
Q61463,A2
Q61464,A2
Q61465,A2
Q61466,A2
Q61467,A2
Q61468,A2
Q61469,A2
Q61470,A2
Q61471,A2
Q61472,A2
Q61473,A2
Q61474,A2
Q61475,A2
Q61476,A2
Q61477,A2
Q61478,A2
Q61479,A2
Q61480,A2
Q61481,A2
Q61482,A2
Q61483,A2
Q61484,A2
Q61485,A2
Q61486,A2
Q61487,A2
Q61488,A2
Q61489,A2
Q61490,A2
Q61491,A2
Q61492,A2
Q61493,A2
Q61494,A2
Q61495,A2
Q61496,A2
Q61497,A2
Q61498,A2
Q61499,A2
Q61500,A2
Q61501,A2
Q61502,A2
Q61503,A2
Q61504,A2
Q61505,A2
Q61506,A2
Q61507,A2
Q61508,A2
Q61509,A2
Q61510,A2
Q61511,A2
Q61512,A2
Q61513,A2
Q61514,A2
Q61515,A2
Q61516,A2
Q61517,A2
Q61518,A2
Q61519,A2
Q61520,A2
Q61521,A2
Q61522,A2
Q61523,A2
Q61524,A2
Q61525,A2
Q61526,A2
Q61527,A2
Q61528,A2
Q61529,A2
Q61530,A2
Q61531,A2
Q61532,A2
Q61533,A2
Q61534,A2
Q61535,A2
Q61536,A2
Q61537,A2
Q61538,A2
Q61539,A2
Q61540,A2
Q61541,A2
Q61542,A2
Q61543,A2
Q61544,A2
Q61545,A2
Q61546,A2
Q61547,A2
Q61548,A2
Q61549,A2
Q61550,A2
Q61551,A2
Q61552,A2
Q61553,A2
Q61554,A2
Q61555,A2
Q61556,A2
Q61557,A2
Q61558,A2
Q61559,A2
Q61560,A2
Q61561,A2
Q61562,A2
Q61563,A2
Q61564,A2
Q61565,A2
Q61566,A2
Q61567,A2
Q61568,A2
Q61569,A2
Q61570,A2
Q61571,A2
Q61572,A2
Q61573,A2
Q61574,A2
Q61575,A2
Q61576,A2
Q61577,A2
Q61578,A2
Q61579,A2
Q61580,A2
Q61581,A2
Q61582,A2
Q61583,A2
Q61584,A2
Q61585,A2
Q61586,A2
Q61587,A2
Q61588,A2
Q61589,A2
Q61590,A2
Q61591,A2
Q61592,A2
Q61593,A2
Q61594,A2
Q61595,A2
Q61596,A2
Q61597,A2
Q61598,A2
Q61599,A2
Q61600,A2
Q61601,A2
Q61602,A2
Q61603,A2
Q61604,A2
Q61605,A2
Q61606,A2
Q61607,A2
Q61608,A2
Q61609,A2
Q61610,A2
Q61611,A2
Q61612,A2
Q61613,A2
Q61614,A2
Q61615,A2
Q61616,A2
Q61617,A2
Q61618,A2
Q61619,A2
Q61620,A2
Q61621,A2
Q61622,A2
Q61623,A2
Q61624,A2
Q61625,A2
Q61626,A2
Q61627,A2
Q61628,A2
Q61629,A2
Q61630,A2
Q61631,A2
Q61632,A2
Q61633,A2
Q61634,A2
Q61635,A2
Q61636,A2
Q61637,A2
Q61638,A2
Q61639,A2
Q61640,A2
Q61641,A2
Q61642,A2
Q61643,A2
Q61644,A2
Q61645,A2
Q61646,A2
Q61647,A2
Q61648,A2
Q61649,A2
Q61650,A2
Q61651,A2
Q61652,A2
Q61653,A2
Q61654,A2
Q61655,A2
Q61656,A2
Q61657,A2
Q61658,A2
Q61659,A2
Q61660,A2
Q61661,A2
Q61662,A2
Q61663,A2
Q61664,A2
Q61665,A2
Q61666,A2
Q61667,A2
Q61668,A2
Q61669,A2
Q61670,A2
Q61671,A2
Q61672,A2
Q61673,A2
Q61674,A2
Q61675,A2
Q61676,A2
Q61677,A2
Q61678,A2
Q61679,A2
Q61680,A2
Q61681,A2
Q61682,A2
Q61683,A2
Q61684,A2
Q61685,A2
Q61686,A2
Q61687,A2
Q61688,A2
Q61689,A2
Q61690,A2
Q61691,A2
Q61692,A2
Q61693,A2
Q61694,A2
Q61695,A2
Q61696,A2
Q61697,A2
Q61698,A2
Q61699,A2
Q61700,A2
Q61701,A2
Q61702,A2
Q61703,A2
Q61704,A2
Q61705,A2
Q61706,A2
Q61707,A2
Q61708,A2
Q61709,A2
Q61710,A2
Q61711,A2
Q61712,A2
Q61713,A2
Q61714,A2
Q61715,A2
Q61716,A2
Q61717,A2
Q61718,A2
Q61719,A2
Q61720,A2
Q61721,A2
Q61722,A2
Q61723,A2
Q61724,A2
Q61725,A2
Q61726,A2
Q61727,A2
Q61728,A2
Q61729,A2
Q61730,A2
Q61731,A2
Q61732,A2
Q61733,A2
Q61734,A2
Q61735,A2
Q61736,A2
Q61737,A2
Q61738,A2
Q61739,A2
Q61740,A2
Q61741,A2
Q61742,A2
Q61743,A2
Q61744,A2
Q61745,A2
Q61746,A2
Q61747,A2
Q61748,A2
Q61749,A2
Q61750,A2
Q61751,A2
Q61752,A2
Q61753,A2
Q61754,A2
Q61755,A2
Q61756,A2
Q61757,A2
Q61758,A2
Q61759,A2
Q61760,A2
Q61761,A2
Q61762,A2
Q61763,A2
Q61764,A2
Q61765,A2
Q61766,A2
Q61767,A2
Q61768,A2
Q61769,A2
Q61770,A2
Q61771,A2
Q61772,A2
Q61773,A2
Q61774,A2
Q61775,A2
Q61776,A2
Q61777,A2
Q61778,A2
Q61779,A2
Q61780,A2
Q61781,A2
Q61782,A2
Q61783,A2
Q61784,A2
Q61785,A2
Q61786,A2
Q61787,A2
Q61788,A2
Q61789,A2
Q61790,A2
Q61791,A2
Q61792,A2
Q61793,A2
Q61794,A2
Q61795,A2
Q61796,A2
Q61797,A2
Q61798,A2
Q61799,A2
Q61800,A2
Q61801,A2
Q61802,A2
Q61803,A2
Q61804,A2
Q61805,A2
Q61806,A2
Q61807,A2
Q61808,A2
Q61809,A2
Q61810,A2
Q61811,A2
Q61812,A2
Q61813,A2
Q61814,A2
Q61815,A2
Q61816,A2
Q61817,A2
Q61818,A2
Q61819,A2
Q61820,A2
Q61821,A2
Q61822,A2
Q61823,A2
Q61824,A2
Q61825,A2
Q61826,A2
Q61827,A2
Q61828,A2
Q61829,A2
Q61830,A2
Q61831,A2
Q61832,A2
Q61833,A2
Q61834,A2
Q61835,A2
Q61836,A2
Q61837,A2
Q61838,A2
Q61839,A2
Q61840,A2
Q61841,A2
Q61842,A2
Q61843,A2
Q61844,A2
Q61845,A2
Q61846,A2
Q61847,A2
Q61848,A2
Q61849,A2
Q61850,A2
Q61851,A2
Q61852,A2
Q61853,A2
Q61854,A2
Q61855,A2
Q61856,A2
Q61857,A2
Q61858,A2
Q61859,A2
Q61860,A2
Q61861,A2
Q61862,A2
Q61863,A2
Q61864,A2
Q61865,A2
Q61866,A2
Q61867,A2
Q61868,A2
Q61869,A2
Q61870,A2
Q61871,A2
Q61872,A2
Q61873,A2
Q61874,A2
Q61875,A2
Q61876,A2
Q61877,A2
Q61878,A2
Q61879,A2
Q61880,A2
Q61881,A2
Q61882,A2
Q61883,A2
Q61884,A2
Q61885,A2
Q61886,A2
Q61887,A2
Q61888,A2
Q61889,A2
Q61890,A2
Q61891,A2
Q61892,A2
Q61893,A2
Q61894,A2
Q61895,A2
Q61896,A2
Q61897,A2
Q61898,A2
Q61899,A2
Q61900,A2
Q61901,A2
Q61902,A2
Q61903,A2
Q61904,A2
Q61905,A2
Q61906,A2
Q61907,A2
Q61908,A2
Q61909,A2
Q61910,A2
Q61911,A2
Q61912,A2
Q61913,A2
Q61914,A2
Q61915,A2
Q61916,A2
Q61917,A2
Q61918,A2
Q61919,A2
Q61920,A2
Q61921,A2
Q61922,A2
Q61923,A2
Q61924,A2
Q61925,A2
Q61926,A2
Q61927,A2
Q61928,A2
Q61929,A2
Q61930,A2
Q61931,A2
Q61932,A2
Q61933,A2
Q61934,A2
Q61935,A2
Q61936,A2
Q61937,A2
Q61938,A2
Q61939,A2
Q61940,A2
Q61941,A2
Q61942,A2
Q61943,A2
Q61944,A2
Q61945,A2
Q61946,A2
Q61947,A2
Q61948,A2
Q61949,A2
Q61950,A2
Q61951,A2
Q61952,A2
Q61953,A2
Q61954,A2
Q61955,A2
Q61956,A2
Q61957,A2
Q61958,A2
Q61959,A2
Q61960,A2
Q61961,A2
Q61962,A2
Q61963,A2
Q61964,A2
Q61965,A2
Q61966,A2
Q61967,A2
Q61968,A2
Q61969,A2
Q61970,A2
Q61971,A2
Q61972,A2
Q61973,A2
Q61974,A2
Q61975,A2
Q61976,A2
Q61977,A2
Q61978,A2
Q61979,A2
Q61980,A2
Q61981,A2
Q61982,A2
Q61983,A2
Q61984,A2
Q61985,A2
Q61986,A2
Q61987,A2
Q61988,A2
Q61989,A2
Q61990,A2
Q61991,A2
Q61992,A2
Q61993,A2
Q61994,A2
Q61995,A2
Q61996,A2
Q61997,A2
Q61998,A2
Q61999,A2
Q62000,A2
Q62001,A2
Q62002,A2
Q62003,A2
Q62004,A2
Q62005,A2
Q62006,A2
Q62007,A2
Q62008,A2
Q62009,A2
Q62010,A2
Q62011,A2
Q62012,A2
Q62013,A2
Q62014,A2
Q62015,A2
Q62016,A2
Q62017,A2
Q62018,A2
Q62019,A2
Q62020,A2
Q62021,A2
Q62022,A2
Q62023,A2
Q62024,A2
Q62025,A2
Q62026,A2
Q62027,A2
Q62028,A2
Q62029,A2
Q62030,A2
Q62031,A2
Q62032,A2
Q62033,A2
Q62034,A2
Q62035,A2
Q62036,A2
Q62037,A2
Q62038,A2
Q62039,A2
Q62040,A2
Q62041,A2
Q62042,A2
Q62043,A2
Q62044,A2
Q62045,A2
Q62046,A2
Q62047,A2
Q62048,A2
Q62049,A2
Q62050,A2
Q62051,A2
Q62052,A2
Q62053,A2
Q62054,A2
Q62055,A2
Q62056,A2
Q62057,A2
Q62058,A2
Q62059,A2
Q62060,A2
Q62061,A2
Q62062,A2
Q62063,A2
Q62064,A2
Q62065,A2
Q62066,A2
Q62067,A2
Q62068,A2
Q62069,A2
Q62070,A2
Q62071,A2
Q62072,A2
Q62073,A2
Q62074,A2
Q62075,A2
Q62076,A2
Q62077,A2
Q62078,A2
Q62079,A2
Q62080,A2
Q62081,A2
Q62082,A2
Q62083,A2
Q62084,A2
Q62085,A2
Q62086,A2
Q62087,A2
Q62088,A2
Q62089,A2
Q62090,A2
Q62091,A2
Q62092,A2
Q62093,A2
Q62094,A2
Q62095,A2
Q62096,A2
Q62097,A2
Q62098,A2
Q62099,A2
Q62100,A2
Q62101,A2
Q62102,A2
Q62103,A2
Q62104,A2
Q62105,A2
Q62106,A2
Q62107,A2
Q62108,A2
Q62109,A2
Q62110,A2
Q62111,A2
Q62112,A2
Q62113,A2
Q62114,A2
Q62115,A2
Q62116,A2
Q62117,A2
Q62118,A2
Q62119,A2
Q62120,A2
Q62121,A2
Q62122,A2
Q62123,A2
Q62124,A2
Q62125,A2
Q62126,A2
Q62127,A2
Q62128,A2
Q62129,A2
Q62130,A2
Q62131,A2
Q62132,A2
Q62133,A2
Q62134,A2
Q62135,A2
Q62136,A2
Q62137,A2
Q62138,A2
Q62139,A2
Q62140,A2
Q62141,A2
Q62142,A2
Q62143,A2
Q62144,A2
Q62145,A2
Q62146,A2
Q62147,A2
Q62148,A2
Q62149,A2
Q62150,A2
Q62151,A2
Q62152,A2
Q62153,A2
Q62154,A2
Q62155,A2
Q62156,A2
Q62157,A2
Q62158,A2
Q62159,A2
Q62160,A2
Q62161,A2
Q62162,A2
Q62163,A2
Q62164,A2
Q62165,A2
Q62166,A2
Q62167,A2
Q62168,A2
Q62169,A2
Q62170,A2
Q62171,A2
Q62172,A2
Q62173,A2
Q62174,A2
Q62175,A2
Q62176,A2
Q62177,A2
Q62178,A2
Q62179,A2
Q62180,A2
Q62181,A2
Q62182,A2
Q62183,A2
Q62184,A2
Q62185,A2
Q62186,A2
Q62187,A2
Q62188,A2
Q62189,A2
Q62190,A2
Q62191,A2
Q62192,A2
Q62193,A2
Q62194,A2
Q62195,A2
Q62196,A2
Q62197,A2
Q62198,A2
Q62199,A2
Q62200,A2
Q62201,A2
Q62202,A2
Q62203,A2
Q62204,A2
Q62205,A2
Q62206,A2
Q62207,A2
Q62208,A2
Q62209,A2
Q62210,A2
Q62211,A2
Q62212,A2
Q62213,A2
Q62214,A2
Q62215,A2
Q62216,A2
Q62217,A2
Q62218,A2
Q62219,A2
Q62220,A2
Q62221,A2
Q62222,A2
Q62223,A2
Q62224,A2
Q62225,A2
Q62226,A2
Q62227,A2
Q62228,A2
Q62229,A2
Q62230,A2
Q62231,A2
Q62232,A2
Q62233,A2
Q62234,A2
Q62235,A2
Q62236,A2
Q62237,A2
Q62238,A2
Q62239,A2
Q62240,A2
Q62241,A2
Q62242,A2
Q62243,A2
Q62244,A2
Q62245,A2
Q62246,A2
Q62247,A2
Q62248,A2
Q62249,A2
Q62250,A2
Q62251,A2
Q62252,A2
Q62253,A2
Q62254,A2
Q62255,A2
Q62256,A2
Q62257,A2
Q62258,A2
Q62259,A2
Q62260,A2
Q62261,A2
Q62262,A2
Q62263,A2
Q62264,A2
Q62265,A2
Q62266,A2
Q62267,A2
Q62268,A2
Q62269,A2
Q62270,A2
Q62271,A2
Q62272,A2
Q62273,A2
Q62274,A2
Q62275,A2
Q62276,A2
Q62277,A2
Q62278,A2
Q62279,A2
Q62280,A2
Q62281,A2
Q62282,A2
Q62283,A2
Q62284,A2
Q62285,A2
Q62286,A2
Q62287,A2
Q62288,A2
Q62289,A2
Q62290,A2
Q62291,A2
Q62292,A2
Q62293,A2
Q62294,A2
Q62295,A2
Q62296,A2
Q62297,A2
Q62298,A2
Q62299,A2
Q62300,A2
Q62301,A2
Q62302,A2
Q62303,A2
Q62304,A2
Q62305,A2
Q62306,A2
Q62307,A2
Q62308,A2
Q62309,A2
Q62310,A2
Q62311,A2
Q62312,A2
Q62313,A2
Q62314,A2
Q62315,A2
Q62316,A2
Q62317,A2
Q62318,A2
Q62319,A2
Q62320,A2
Q62321,A2
Q62322,A2
Q62323,A2
Q62324,A2
Q62325,A2
Q62326,A2
Q62327,A2
Q62328,A2
Q62329,A2
Q62330,A2
Q62331,A2
Q62332,A2
Q62333,A2
Q62334,A2
Q62335,A2
Q62336,A2
Q62337,A2
Q62338,A2
Q62339,A2
Q62340,A2
Q62341,A2
Q62342,A2
Q62343,A2
Q62344,A2
Q62345,A2
Q62346,A2
Q62347,A2
Q62348,A2
Q62349,A2
Q62350,A2
Q62351,A2
Q62352,A2
Q62353,A2
Q62354,A2
Q62355,A2
Q62356,A2
Q62357,A2
Q62358,A2
Q62359,A2
Q62360,A2
Q62361,A2
Q62362,A2
Q62363,A2
Q62364,A2
Q62365,A2
Q62366,A2
Q62367,A2
Q62368,A2
Q62369,A2
Q62370,A2
Q62371,A2
Q62372,A2
Q62373,A2
Q62374,A2
Q62375,A2
Q62376,A2
Q62377,A2
Q62378,A2
Q62379,A2
Q62380,A2
Q62381,A2
Q62382,A2
Q62383,A2
Q62384,A2
Q62385,A2
Q62386,A2
Q62387,A2
Q62388,A2
Q62389,A2
Q62390,A2
Q62391,A2
Q62392,A2
Q62393,A2
Q62394,A2
Q62395,A2
Q62396,A2
Q62397,A2
Q62398,A2
Q62399,A2
Q62400,A2
Q62401,A2
Q62402,A2
Q62403,A2
Q62404,A2
Q62405,A2
Q62406,A2
Q62407,A2
Q62408,A2
Q62409,A2
Q62410,A2
Q62411,A2
Q62412,A2
Q62413,A2
Q62414,A2
Q62415,A2
Q62416,A2
Q62417,A2
Q62418,A2
Q62419,A2
Q62420,A2
Q62421,A2
Q62422,A2
Q62423,A2
Q62424,A2
Q62425,A2
Q62426,A2
Q62427,A2
Q62428,A2
Q62429,A2
Q62430,A2
Q62431,A2
Q62432,A2
Q62433,A2
Q62434,A2
Q62435,A2
Q62436,A2
Q62437,A2
Q62438,A2
Q62439,A2
Q62440,A2
Q62441,A2
Q62442,A2
Q62443,A2
Q62444,A2
Q62445,A2
Q62446,A2
Q62447,A2
Q62448,A2
Q62449,A2
Q62450,A2
Q62451,A2
Q62452,A2
Q62453,A2
Q62454,A2
Q62455,A2
Q62456,A2
Q62457,A2
Q62458,A2
Q62459,A2
Q62460,A2
Q62461,A2
Q62462,A2
Q62463,A2
Q62464,A2
Q62465,A2
Q62466,A2
Q62467,A2
Q62468,A2
Q62469,A2
Q62470,A2
Q62471,A2
Q62472,A2
Q62473,A2
Q62474,A2
Q62475,A2
Q62476,A2
Q62477,A2
Q62478,A2
Q62479,A2
Q62480,A2
Q62481,A2
Q62482,A2
Q62483,A2
Q62484,A2
Q62485,A2
Q62486,A2
Q62487,A2
Q62488,A2
Q62489,A2
Q62490,A2
Q62491,A2
Q62492,A2
Q62493,A2
Q62494,A2
Q62495,A2
Q62496,A2
Q62497,A2
Q62498,A2
Q62499,A2
Q62500,A2
Q62501,A2
Q62502,A2
Q62503,A2
Q62504,A2
Q62505,A2
Q62506,A2
Q62507,A2
Q62508,A2
Q62509,A2
Q62510,A2
Q62511,A2
Q62512,A2
Q62513,A2
Q62514,A2
Q62515,A2
Q62516,A2
Q62517,A2
Q62518,A2
Q62519,A2
Q62520,A2
Q62521,A2
Q62522,A2
Q62523,A2
Q62524,A2
Q62525,A2
Q62526,A2
Q62527,A2
Q62528,A2
Q62529,A2
Q62530,A2
Q62531,A2
Q62532,A2
Q62533,A2
Q62534,A2
Q62535,A2
Q62536,A2
Q62537,A2
Q62538,A2
Q62539,A2
Q62540,A2
Q62541,A2
Q62542,A2
Q62543,A2
Q62544,A2
Q62545,A2
Q62546,A2
Q62547,A2
Q62548,A2
Q62549,A2
Q62550,A2
Q62551,A2
Q62552,A2
Q62553,A2
Q62554,A2
Q62555,A2
Q62556,A2
Q62557,A2
Q62558,A2
Q62559,A2
Q62560,A2
Q62561,A2
Q62562,A2
Q62563,A2
Q62564,A2
Q62565,A2
Q62566,A2
Q62567,A2
Q62568,A2
Q62569,A2
Q62570,A2
Q62571,A2
Q62572,A2
Q62573,A2
Q62574,A2
Q62575,A2
Q62576,A2
Q62577,A2
Q62578,A2
Q62579,A2
Q62580,A2
Q62581,A2
Q62582,A2
Q62583,A2
Q62584,A2
Q62585,A2
Q62586,A2
Q62587,A2
Q62588,A2
Q62589,A2
Q62590,A2
Q62591,A2
Q62592,A2
Q62593,A2
Q62594,A2
Q62595,A2
Q62596,A2
Q62597,A2
Q62598,A2
Q62599,A2
Q62600,A2
Q62601,A2
Q62602,A2
Q62603,A2
Q62604,A2
Q62605,A2
Q62606,A2
Q62607,A2
Q62608,A2
Q62609,A2
Q62610,A2
Q62611,A2
Q62612,A2
Q62613,A2
Q62614,A2
Q62615,A2
Q62616,A2
Q62617,A2
Q62618,A2
Q62619,A2
Q62620,A2
Q62621,A2
Q62622,A2
Q62623,A2
Q62624,A2
Q62625,A2
Q62626,A2
Q62627,A2
Q62628,A2
Q62629,A2
Q62630,A2
Q62631,A2
Q62632,A2
Q62633,A2
Q62634,A2
Q62635,A2
Q62636,A2
Q62637,A2
Q62638,A2
Q62639,A2
Q62640,A2
Q62641,A2
Q62642,A2
Q62643,A2
Q62644,A2
Q62645,A2
Q62646,A2
Q62647,A2
Q62648,A2
Q62649,A2
Q62650,A2
Q62651,A2
Q62652,A2
Q62653,A2
Q62654,A2
Q62655,A2
Q62656,A2
Q62657,A2
Q62658,A2
Q62659,A2
Q62660,A2
Q62661,A2
Q62662,A2
Q62663,A2
Q62664,A2
Q62665,A2
Q62666,A2
Q62667,A2
Q62668,A2
Q62669,A2
Q62670,A2
Q62671,A2
Q62672,A2
Q62673,A2
Q62674,A2
Q62675,A2
Q62676,A2
Q62677,A2
Q62678,A2
Q62679,A2
Q62680,A2
Q62681,A2
Q62682,A2
Q62683,A2
Q62684,A2
Q62685,A2
Q62686,A2
Q62687,A2
Q62688,A2
Q62689,A2
Q62690,A2
Q62691,A2
Q62692,A2
Q62693,A2
Q62694,A2
Q62695,A2
Q62696,A2
Q62697,A2
Q62698,A2
Q62699,A2
Q62700,A2
Q62701,A2
Q62702,A2
Q62703,A2
Q62704,A2
Q62705,A2
Q62706,A2
Q62707,A2
Q62708,A2
Q62709,A2
Q62710,A2
Q62711,A2
Q62712,A2
Q62713,A2
Q62714,A2
Q62715,A2
Q62716,A2
Q62717,A2
Q62718,A2
Q62719,A2
Q62720,A2
Q62721,A2
Q62722,A2
Q62723,A2
Q62724,A2
Q62725,A2
Q62726,A2
Q62727,A2
Q62728,A2
Q62729,A2
Q62730,A2
Q62731,A2
Q62732,A2
Q62733,A2
Q62734,A2
Q62735,A2
Q62736,A2
Q62737,A2
Q62738,A2
Q62739,A2
Q62740,A2
Q62741,A2
Q62742,A2
Q62743,A2
Q62744,A2
Q62745,A2
Q62746,A2
Q62747,A2
Q62748,A2
Q62749,A2
Q62750,A2
Q62751,A2
Q62752,A2
Q62753,A2
Q62754,A2
Q62755,A2
Q62756,A2
Q62757,A2
Q62758,A2
Q62759,A2
Q62760,A2
Q62761,A2
Q62762,A2
Q62763,A2
Q62764,A2
Q62765,A2
Q62766,A2
Q62767,A2
Q62768,A2
Q62769,A2
Q62770,A2
Q62771,A2
Q62772,A2
Q62773,A2
Q62774,A2
Q62775,A2
Q62776,A2
Q62777,A2
Q62778,A2
Q62779,A2
Q62780,A2
Q62781,A2
Q62782,A2
Q62783,A2
Q62784,A2
Q62785,A2
Q62786,A2
Q62787,A2
Q62788,A2
Q62789,A2
Q62790,A2
Q62791,A2
Q62792,A2
Q62793,A2
Q62794,A2
Q62795,A2
Q62796,A2
Q62797,A2
Q62798,A2
Q62799,A2
Q62800,A2
Q62801,A2
Q62802,A2
Q62803,A2
Q62804,A2
Q62805,A2
Q62806,A2
Q62807,A2
Q62808,A2
Q62809,A2
Q62810,A2
Q62811,A2
Q62812,A2
Q62813,A2
Q62814,A2
Q62815,A2
Q62816,A2
Q62817,A2
Q62818,A2
Q62819,A2
Q62820,A2
Q62821,A2
Q62822,A2
Q62823,A2
Q62824,A2
Q62825,A2
Q62826,A2
Q62827,A2
Q62828,A2
Q62829,A2
Q62830,A2
Q62831,A2
Q62832,A2
Q62833,A2
Q62834,A2
Q62835,A2
Q62836,A2
Q62837,A2
Q62838,A2
Q62839,A2
Q62840,A2
Q62841,A2
Q62842,A2
Q62843,A2
Q62844,A2
Q62845,A2
Q62846,A2
Q62847,A2
Q62848,A2
Q62849,A2
Q62850,A2
Q62851,A2
Q62852,A2
Q62853,A2
Q62854,A2
Q62855,A2
Q62856,A2
Q62857,A2
Q62858,A2
Q62859,A2
Q62860,A2
Q62861,A2
Q62862,A2
Q62863,A2
Q62864,A2
Q62865,A2
Q62866,A2
Q62867,A2
Q62868,A2
Q62869,A2
Q62870,A2
Q62871,A2
Q62872,A2
Q62873,A2
Q62874,A2
Q62875,A2
Q62876,A2
Q62877,A2
Q62878,A2
Q62879,A2
Q62880,A2
Q62881,A2
Q62882,A2
Q62883,A2
Q62884,A2
Q62885,A2
Q62886,A2
Q62887,A2
Q62888,A2
Q62889,A2
Q62890,A2
Q62891,A2
Q62892,A2
Q62893,A2
Q62894,A2
Q62895,A2
Q62896,A2
Q62897,A2
Q62898,A2
Q62899,A2
Q62900,A2
Q62901,A2
Q62902,A2
Q62903,A2
Q62904,A2
Q62905,A2
Q62906,A2
Q62907,A2
Q62908,A2
Q62909,A2
Q62910,A2
Q62911,A2
Q62912,A2
Q62913,A2
Q62914,A2
Q62915,A2
Q62916,A2
Q62917,A2
Q62918,A2
Q62919,A2
Q62920,A2
Q62921,A2
Q62922,A2
Q62923,A2
Q62924,A2
Q62925,A2
Q62926,A2
Q62927,A2
Q62928,A2
Q62929,A2
Q62930,A2
Q62931,A2
Q62932,A2
Q62933,A2
Q62934,A2
Q62935,A2
Q62936,A2
Q62937,A2
Q62938,A2
Q62939,A2
Q62940,A2
Q62941,A2
Q62942,A2
Q62943,A2
Q62944,A2
Q62945,A2
Q62946,A2
Q62947,A2
Q62948,A2
Q62949,A2
Q62950,A2
Q62951,A2
Q62952,A2
Q62953,A2
Q62954,A2
Q62955,A2
Q62956,A2
Q62957,A2
Q62958,A2
Q62959,A2
Q62960,A2
Q62961,A2
Q62962,A2
Q62963,A2
Q62964,A2
Q62965,A2
Q62966,A2
Q62967,A2
Q62968,A2
Q62969,A2
Q62970,A2
Q62971,A2
Q62972,A2
Q62973,A2
Q62974,A2
Q62975,A2
Q62976,A2
Q62977,A2
Q62978,A2
Q62979,A2
Q62980,A2
Q62981,A2
Q62982,A2
Q62983,A2
Q62984,A2
Q62985,A2
Q62986,A2
Q62987,A2
Q62988,A2
Q62989,A2
Q62990,A2
Q62991,A2
Q62992,A2
Q62993,A2
Q62994,A2
Q62995,A2
Q62996,A2
Q62997,A2
Q62998,A2
Q62999,A2
Q63000,A2
Q63001,A2
Q63002,A2
Q63003,A2
Q63004,A2
Q63005,A2
Q63006,A2
Q63007,A2
Q63008,A2
Q63009,A2
Q63010,A2
Q63011,A2
Q63012,A2
Q63013,A2
Q63014,A2
Q63015,A2
Q63016,A2
Q63017,A2
Q63018,A2
Q63019,A2
Q63020,A2
Q63021,A2
Q63022,A2
Q63023,A2
Q63024,A2
Q63025,A2
Q63026,A2
Q63027,A2
Q63028,A2
Q63029,A2
Q63030,A2
Q63031,A2
Q63032,A2
Q63033,A2
Q63034,A2
Q63035,A2
Q63036,A2
Q63037,A2
Q63038,A2
Q63039,A2
Q63040,A2
Q63041,A2
Q63042,A2
Q63043,A2
Q63044,A2
Q63045,A2
Q63046,A2
Q63047,A2
Q63048,A2
Q63049,A2
Q63050,A2
Q63051,A2
Q63052,A2
Q63053,A2
Q63054,A2
Q63055,A2
Q63056,A2
Q63057,A2
Q63058,A2
Q63059,A2
Q63060,A2
Q63061,A2
Q63062,A2
Q63063,A2
Q63064,A2
Q63065,A2
Q63066,A2
Q63067,A2
Q63068,A2
Q63069,A2
Q63070,A2
Q63071,A2
Q63072,A2
Q63073,A2
Q63074,A2
Q63075,A2
Q63076,A2
Q63077,A2
Q63078,A2
Q63079,A2
Q63080,A2
Q63081,A2
Q63082,A2
Q63083,A2
Q63084,A2
Q63085,A2
Q63086,A2
Q63087,A2
Q63088,A2
Q63089,A2
Q63090,A2
Q63091,A2
Q63092,A2
Q63093,A2
Q63094,A2
Q63095,A2
Q63096,A2
Q63097,A2
Q63098,A2
Q63099,A2
Q63100,A2
Q63101,A2
Q63102,A2
Q63103,A2
Q63104,A2
Q63105,A2
Q63106,A2
Q63107,A2
Q63108,A2
Q63109,A2
Q63110,A2
Q63111,A2
Q63112,A2
Q63113,A2
Q63114,A2
Q63115,A2
Q63116,A2
Q63117,A2
Q63118,A2
Q63119,A2
Q63120,A2
Q63121,A2
Q63122,A2
Q63123,A2
Q63124,A2
Q63125,A2
Q63126,A2
Q63127,A2
Q63128,A2
Q63129,A2
Q63130,A2
Q63131,A2
Q63132,A2
Q63133,A2
Q63134,A2
Q63135,A2
Q63136,A2
Q63137,A2
Q63138,A2
Q63139,A2
Q63140,A2
Q63141,A2
Q63142,A2
Q63143,A2
Q63144,A2
Q63145,A2
Q63146,A2
Q63147,A2
Q63148,A2
Q63149,A2
Q63150,A2
Q63151,A2
Q63152,A2
Q63153,A2
Q63154,A2
Q63155,A2
Q63156,A2
Q63157,A2
Q63158,A2
Q63159,A2
Q63160,A2
Q63161,A2
Q63162,A2
Q63163,A2
Q63164,A2
Q63165,A2
Q63166,A2
Q63167,A2
Q63168,A2
Q63169,A2
Q63170,A2
Q63171,A2
Q63172,A2
Q63173,A2
Q63174,A2
Q63175,A2
Q63176,A2
Q63177,A2
Q63178,A2
Q63179,A2
Q63180,A2
Q63181,A2
Q63182,A2
Q63183,A2
Q63184,A2
Q63185,A2
Q63186,A2
Q63187,A2
Q63188,A2
Q63189,A2
Q63190,A2
Q63191,A2
Q63192,A2
Q63193,A2
Q63194,A2
Q63195,A2
Q63196,A2
Q63197,A2
Q63198,A2
Q63199,A2
Q63200,A2
Q63201,A2
Q63202,A2
Q63203,A2
Q63204,A2
Q63205,A2
Q63206,A2
Q63207,A2
Q63208,A2
Q63209,A2
Q63210,A2
Q63211,A2
Q63212,A2
Q63213,A2
Q63214,A2
Q63215,A2
Q63216,A2
Q63217,A2
Q63218,A2
Q63219,A2
Q63220,A2
Q63221,A2
Q63222,A2
Q63223,A2
Q63224,A2
Q63225,A2
Q63226,A2
Q63227,A2
Q63228,A2
Q63229,A2
Q63230,A2
Q63231,A2
Q63232,A2
Q63233,A2
Q63234,A2
Q63235,A2
Q63236,A2
Q63237,A2
Q63238,A2
Q63239,A2
Q63240,A2
Q63241,A2
Q63242,A2
Q63243,A2
Q63244,A2
Q63245,A2
Q63246,A2
Q63247,A2
Q63248,A2
Q63249,A2
Q63250,A2
Q63251,A2
Q63252,A2
Q63253,A2
Q63254,A2
Q63255,A2
Q63256,A2
Q63257,A2
Q63258,A2
Q63259,A2
Q63260,A2
Q63261,A2
Q63262,A2
Q63263,A2
Q63264,A2
Q63265,A2
Q63266,A2
Q63267,A2
Q63268,A2
Q63269,A2
Q63270,A2
Q63271,A2
Q63272,A2
Q63273,A2
Q63274,A2
Q63275,A2
Q63276,A2
Q63277,A2
Q63278,A2
Q63279,A2
Q63280,A2
Q63281,A2
Q63282,A2
Q63283,A2
Q63284,A2
Q63285,A2
Q63286,A2
Q63287,A2
Q63288,A2
Q63289,A2
Q63290,A2
Q63291,A2
Q63292,A2
Q63293,A2
Q63294,A2
Q63295,A2
Q63296,A2
Q63297,A2
Q63298,A2
Q63299,A2
Q63300,A2
Q63301,A2
Q63302,A2
Q63303,A2
Q63304,A2
Q63305,A2
Q63306,A2
Q63307,A2
Q63308,A2
Q63309,A2
Q63310,A2
Q63311,A2
Q63312,A2
Q63313,A2
Q63314,A2
Q63315,A2
Q63316,A2
Q63317,A2
Q63318,A2
Q63319,A2
Q63320,A2
Q63321,A2
Q63322,A2
Q63323,A2
Q63324,A2
Q63325,A2
Q63326,A2
Q63327,A2
Q63328,A2
Q63329,A2
Q63330,A2
Q63331,A2
Q63332,A2
Q63333,A2
Q63334,A2
Q63335,A2
Q63336,A2
Q63337,A2
Q63338,A2
Q63339,A2
Q63340,A2
Q63341,A2
Q63342,A2
Q63343,A2
Q63344,A2
Q63345,A2
Q63346,A2
Q63347,A2
Q63348,A2
Q63349,A2
Q63350,A2
Q63351,A2
Q63352,A2
Q63353,A2
Q63354,A2
Q63355,A2
Q63356,A2
Q63357,A2
Q63358,A2
Q63359,A2
Q63360,A2
Q63361,A2
Q63362,A2
Q63363,A2
Q63364,A2
Q63365,A2
Q63366,A2
Q63367,A2
Q63368,A2
Q63369,A2
Q63370,A2
Q63371,A2
Q63372,A2
Q63373,A2
Q63374,A2
Q63375,A2
Q63376,A2
Q63377,A2
Q63378,A2
Q63379,A2
Q63380,A2
Q63381,A2
Q63382,A2
Q63383,A2
Q63384,A2
Q63385,A2
Q63386,A2
Q63387,A2
Q63388,A2
Q63389,A2
Q63390,A2
Q63391,A2
Q63392,A2
Q63393,A2
Q63394,A2
Q63395,A2
Q63396,A2
Q63397,A2
Q63398,A2
Q63399,A2
Q63400,A2
Q63401,A2
Q63402,A2
Q63403,A2
Q63404,A2
Q63405,A2
Q63406,A2
Q63407,A2
Q63408,A2
Q63409,A2
Q63410,A2
Q63411,A2
Q63412,A2
Q63413,A2
Q63414,A2
Q63415,A2
Q63416,A2
Q63417,A2
Q63418,A2
Q63419,A2
Q63420,A2
Q63421,A2
Q63422,A2
Q63423,A2
Q63424,A2
Q63425,A2
Q63426,A2
Q63427,A2
Q63428,A2
Q63429,A2
Q63430,A2
Q63431,A2
Q63432,A2
Q63433,A2
Q63434,A2
Q63435,A2
Q63436,A2
Q63437,A2
Q63438,A2
Q63439,A2
Q63440,A2
Q63441,A2
Q63442,A2
Q63443,A2
Q63444,A2
Q63445,A2
Q63446,A2
Q63447,A2
Q63448,A2
Q63449,A2
Q63450,A2
Q63451,A2
Q63452,A2
Q63453,A2
Q63454,A2
Q63455,A2
Q63456,A2
Q63457,A2
Q63458,A2
Q63459,A2
Q63460,A2
Q63461,A2
Q63462,A2
Q63463,A2
Q63464,A2
Q63465,A2
Q63466,A2
Q63467,A2
Q63468,A2
Q63469,A2
Q63470,A2
Q63471,A2
Q63472,A2
Q63473,A2
Q63474,A2
Q63475,A2
Q63476,A2
Q63477,A2
Q63478,A2
Q63479,A2
Q63480,A2
Q63481,A2
Q63482,A2
Q63483,A2
Q63484,A2
Q63485,A2
Q63486,A2
Q63487,A2
Q63488,A2
Q63489,A2
Q63490,A2
Q63491,A2
Q63492,A2
Q63493,A2
Q63494,A2
Q63495,A2
Q63496,A2
Q63497,A2
Q63498,A2
Q63499,A2
Q63500,A2
Q63501,A2
Q63502,A2
Q63503,A2
Q63504,A2
Q63505,A2
Q63506,A2
Q63507,A2
Q63508,A2
Q63509,A2
Q63510,A2
Q63511,A2
Q63512,A2
Q63513,A2
Q63514,A2
Q63515,A2
Q63516,A2
Q63517,A2
Q63518,A2
Q63519,A2
Q63520,A2
Q63521,A2
Q63522,A2
Q63523,A2
Q63524,A2
Q63525,A2
Q63526,A2
Q63527,A2
Q63528,A2
Q63529,A2
Q63530,A2
Q63531,A2
Q63532,A2
Q63533,A2
Q63534,A2
Q63535,A2
Q63536,A2
Q63537,A2
Q63538,A2
Q63539,A2
Q63540,A2
Q63541,A2
Q63542,A2
Q63543,A2
Q63544,A2
Q63545,A2
Q63546,A2
Q63547,A2
Q63548,A2
Q63549,A2
Q63550,A2
Q63551,A2
Q63552,A2
Q63553,A2
Q63554,A2
Q63555,A2
Q63556,A2
Q63557,A2
Q63558,A2
Q63559,A2
Q63560,A2
Q63561,A2
Q63562,A2
Q63563,A2
Q63564,A2
Q63565,A2
Q63566,A2
Q63567,A2
Q63568,A2
Q63569,A2
Q63570,A2
Q63571,A2
Q63572,A2
Q63573,A2
Q63574,A2
Q63575,A2
Q63576,A2
Q63577,A2
Q63578,A2
Q63579,A2
Q63580,A2
Q63581,A2
Q63582,A2
Q63583,A2
Q63584,A2
Q63585,A2
Q63586,A2
Q63587,A2
Q63588,A2
Q63589,A2
Q63590,A2
Q63591,A2
Q63592,A2
Q63593,A2
Q63594,A2
Q63595,A2
Q63596,A2
Q63597,A2
Q63598,A2
Q63599,A2
Q63600,A2
Q63601,A2
Q63602,A2
Q63603,A2
Q63604,A2
Q63605,A2
Q63606,A2
Q63607,A2
Q63608,A2
Q63609,A2
Q63610,A2
Q63611,A2
Q63612,A2
Q63613,A2
Q63614,A2
Q63615,A2
Q63616,A2
Q63617,A2
Q63618,A2
Q63619,A2
Q63620,A2
Q63621,A2
Q63622,A2
Q63623,A2
Q63624,A2
Q63625,A2
Q63626,A2
Q63627,A2
Q63628,A2
Q63629,A2
Q63630,A2
Q63631,A2
Q63632,A2
Q63633,A2
Q63634,A2
Q63635,A2
Q63636,A2
Q63637,A2
Q63638,A2
Q63639,A2
Q63640,A2
Q63641,A2
Q63642,A2
Q63643,A2
Q63644,A2
Q63645,A2
Q63646,A2
Q63647,A2
Q63648,A2
Q63649,A2
Q63650,A2
Q63651,A2
Q63652,A2
Q63653,A2
Q63654,A2
Q63655,A2
Q63656,A2
Q63657,A2
Q63658,A2
Q63659,A2
Q63660,A2
Q63661,A2
Q63662,A2
Q63663,A2
Q63664,A2
Q63665,A2
Q63666,A2
Q63667,A2
Q63668,A2
Q63669,A2
Q63670,A2
Q63671,A2
Q63672,A2
Q63673,A2
Q63674,A2
Q63675,A2
Q63676,A2
Q63677,A2
Q63678,A2
Q63679,A2
Q63680,A2
Q63681,A2
Q63682,A2
Q63683,A2
Q63684,A2
Q63685,A2
Q63686,A2
Q63687,A2
Q63688,A2
Q63689,A2
Q63690,A2
Q63691,A2
Q63692,A2
Q63693,A2
Q63694,A2
Q63695,A2
Q63696,A2
Q63697,A2
Q63698,A2
Q63699,A2
Q63700,A2
Q63701,A2
Q63702,A2
Q63703,A2
Q63704,A2
Q63705,A2
Q63706,A2
Q63707,A2
Q63708,A2
Q63709,A2
Q63710,A2
Q63711,A2
Q63712,A2
Q63713,A2
Q63714,A2
Q63715,A2
Q63716,A2
Q63717,A2
Q63718,A2
Q63719,A2
Q63720,A2
Q63721,A2
Q63722,A2
Q63723,A2
Q63724,A2
Q63725,A2
Q63726,A2
Q63727,A2
Q63728,A2
Q63729,A2
Q63730,A2
Q63731,A2
Q63732,A2
Q63733,A2
Q63734,A2
Q63735,A2
Q63736,A2
Q63737,A2
Q63738,A2
Q63739,A2
Q63740,A2
Q63741,A2
Q63742,A2
Q63743,A2
Q63744,A2
Q63745,A2
Q63746,A2
Q63747,A2
Q63748,A2
Q63749,A2
Q63750,A2
Q63751,A2
Q63752,A2
Q63753,A2
Q63754,A2
Q63755,A2
Q63756,A2
Q63757,A2
Q63758,A2
Q63759,A2
Q63760,A2
Q63761,A2
Q63762,A2
Q63763,A2
Q63764,A2
Q63765,A2
Q63766,A2
Q63767,A2
Q63768,A2
Q63769,A2
Q63770,A2
Q63771,A2
Q63772,A2
Q63773,A2
Q63774,A2
Q63775,A2
Q63776,A2
Q63777,A2
Q63778,A2
Q63779,A2
Q63780,A2
Q63781,A2
Q63782,A2
Q63783,A2
Q63784,A2
Q63785,A2
Q63786,A2
Q63787,A2
Q63788,A2
Q63789,A2
Q63790,A2
Q63791,A2
Q63792,A2
Q63793,A2
Q63794,A2
Q63795,A2
Q63796,A2
Q63797,A2
Q63798,A2
Q63799,A2
Q63800,A2
Q63801,A2
Q63802,A2
Q63803,A2
Q63804,A2
Q63805,A2
Q63806,A2
Q63807,A2
Q63808,A2
Q63809,A2
Q63810,A2
Q63811,A2
Q63812,A2
Q63813,A2
Q63814,A2
Q63815,A2
Q63816,A2
Q63817,A2
Q63818,A2
Q63819,A2
Q63820,A2
Q63821,A2
Q63822,A2
Q63823,A2
Q63824,A2
Q63825,A2
Q63826,A2
Q63827,A2
Q63828,A2
Q63829,A2
Q63830,A2
Q63831,A2
Q63832,A2
Q63833,A2
Q63834,A2
Q63835,A2
Q63836,A2
Q63837,A2
Q63838,A2
Q63839,A2
Q63840,A2
Q63841,A2
Q63842,A2
Q63843,A2
Q63844,A2
Q63845,A2
Q63846,A2
Q63847,A2
Q63848,A2
Q63849,A2
Q63850,A2
Q63851,A2
Q63852,A2
Q63853,A2
Q63854,A2
Q63855,A2
Q63856,A2
Q63857,A2
Q63858,A2
Q63859,A2
Q63860,A2
Q63861,A2
Q63862,A2
Q63863,A2
Q63864,A2
Q63865,A2
Q63866,A2
Q63867,A2
Q63868,A2
Q63869,A2
Q63870,A2
Q63871,A2
Q63872,A2
Q63873,A2
Q63874,A2
Q63875,A2
Q63876,A2
Q63877,A2
Q63878,A2
Q63879,A2
Q63880,A2
Q63881,A2
Q63882,A2
Q63883,A2
Q63884,A2
Q63885,A2
Q63886,A2
Q63887,A2
Q63888,A2
Q63889,A2
Q63890,A2
Q63891,A2
Q63892,A2
Q63893,A2
Q63894,A2
Q63895,A2
Q63896,A2
Q63897,A2
Q63898,A2
Q63899,A2
Q63900,A2
Q63901,A2
Q63902,A2
Q63903,A2
Q63904,A2
Q63905,A2
Q63906,A2
Q63907,A2
Q63908,A2
Q63909,A2
Q63910,A2
Q63911,A2
Q63912,A2
Q63913,A2
Q63914,A2
Q63915,A2
Q63916,A2
Q63917,A2
Q63918,A2
Q63919,A2
Q63920,A2
Q63921,A2
Q63922,A2
Q63923,A2
Q63924,A2
Q63925,A2
Q63926,A2
Q63927,A2
Q63928,A2
Q63929,A2
Q63930,A2
Q63931,A2
Q63932,A2
Q63933,A2
Q63934,A2
Q63935,A2
Q63936,A2
Q63937,A2
Q63938,A2
Q63939,A2
Q63940,A2
Q63941,A2
Q63942,A2
Q63943,A2
Q63944,A2
Q63945,A2
Q63946,A2
Q63947,A2
Q63948,A2
Q63949,A2
Q63950,A2
Q63951,A2
Q63952,A2
Q63953,A2
Q63954,A2
Q63955,A2
Q63956,A2
Q63957,A2
Q63958,A2
Q63959,A2
Q63960,A2
Q63961,A2
Q63962,A2
Q63963,A2
Q63964,A2
Q63965,A2
Q63966,A2
Q63967,A2
Q63968,A2
Q63969,A2
Q63970,A2
Q63971,A2
Q63972,A2
Q63973,A2
Q63974,A2
Q63975,A2
Q63976,A2
Q63977,A2
Q63978,A2
Q63979,A2
Q63980,A2
Q63981,A2
Q63982,A2
Q63983,A2
Q63984,A2
Q63985,A2
Q63986,A2
Q63987,A2
Q63988,A2
Q63989,A2
Q63990,A2
Q63991,A2
Q63992,A2
Q63993,A2
Q63994,A2
Q63995,A2
Q63996,A2
Q63997,A2
Q63998,A2
Q63999,A2
Q64000,A2
Q64001,A2
Q64002,A2
Q64003,A2
Q64004,A2
Q64005,A2
Q64006,A2
Q64007,A2
Q64008,A2
Q64009,A2
Q64010,A2
Q64011,A2
Q64012,A2
Q64013,A2
Q64014,A2
Q64015,A2
Q64016,A2
Q64017,A2
Q64018,A2
Q64019,A2
Q64020,A2
Q64021,A2
Q64022,A2
Q64023,A2
Q64024,A2
Q64025,A2
Q64026,A2
Q64027,A2
Q64028,A2
Q64029,A2
Q64030,A2
Q64031,A2
Q64032,A2
Q64033,A2
Q64034,A2
Q64035,A2
Q64036,A2
Q64037,A2
Q64038,A2
Q64039,A2
Q64040,A2
Q64041,A2
Q64042,A2
Q64043,A2
Q64044,A2
Q64045,A2
Q64046,A2
Q64047,A2
Q64048,A2
Q64049,A2
Q64050,A2
Q64051,A2
Q64052,A2
Q64053,A2
Q64054,A2
Q64055,A2
Q64056,A2
Q64057,A2
Q64058,A2
Q64059,A2
Q64060,A2
Q64061,A2
Q64062,A2
Q64063,A2
Q64064,A2
Q64065,A2
Q64066,A2
Q64067,A2
Q64068,A2
Q64069,A2
Q64070,A2
Q64071,A2
Q64072,A2
Q64073,A2
Q64074,A2
Q64075,A2
Q64076,A2
Q64077,A2
Q64078,A2
Q64079,A2
Q64080,A2
Q64081,A2
Q64082,A2
Q64083,A2
Q64084,A2
Q64085,A2
Q64086,A2
Q64087,A2
Q64088,A2
Q64089,A2
Q64090,A2
Q64091,A2
Q64092,A2
Q64093,A2
Q64094,A2
Q64095,A2
Q64096,A2
Q64097,A2
Q64098,A2
Q64099,A2
Q64100,A2
Q64101,A2
Q64102,A2
Q64103,A2
Q64104,A2
Q64105,A2
Q64106,A2
Q64107,A2
Q64108,A2
Q64109,A2
Q64110,A2
Q64111,A2
Q64112,A2
Q64113,A2
Q64114,A2
Q64115,A2
Q64116,A2
Q64117,A2
Q64118,A2
Q64119,A2
Q64120,A2
Q64121,A2
Q64122,A2
Q64123,A2
Q64124,A2
Q64125,A2
Q64126,A2
Q64127,A2
Q64128,A2
Q64129,A2
Q64130,A2
Q64131,A2
Q64132,A2
Q64133,A2
Q64134,A2
Q64135,A2
Q64136,A2
Q64137,A2
Q64138,A2
Q64139,A2
Q64140,A2
Q64141,A2
Q64142,A2
Q64143,A2
Q64144,A2
Q64145,A2
Q64146,A2
Q64147,A2
Q64148,A2
Q64149,A2
Q64150,A2
Q64151,A2
Q64152,A2
Q64153,A2
Q64154,A2
Q64155,A2
Q64156,A2
Q64157,A2
Q64158,A2
Q64159,A2
Q64160,A2
Q64161,A2
Q64162,A2
Q64163,A2
Q64164,A2
Q64165,A2
Q64166,A2
Q64167,A2
Q64168,A2
Q64169,A2
Q64170,A2
Q64171,A2
Q64172,A2
Q64173,A2
Q64174,A2
Q64175,A2
Q64176,A2
Q64177,A2
Q64178,A2
Q64179,A2
Q64180,A2
Q64181,A2
Q64182,A2
Q64183,A2
Q64184,A2
Q64185,A2
Q64186,A2
Q64187,A2
Q64188,A2
Q64189,A2
Q64190,A2
Q64191,A2
Q64192,A2
Q64193,A2
Q64194,A2
Q64195,A2
Q64196,A2
Q64197,A2
Q64198,A2
Q64199,A2
Q64200,A2
Q64201,A2
Q64202,A2
Q64203,A2
Q64204,A2
Q64205,A2
Q64206,A2
Q64207,A2
Q64208,A2
Q64209,A2
Q64210,A2
Q64211,A2
Q64212,A2
Q64213,A2
Q64214,A2
Q64215,A2
Q64216,A2
Q64217,A2
Q64218,A2
Q64219,A2
Q64220,A2
Q64221,A2
Q64222,A2
Q64223,A2
Q64224,A2
Q64225,A2
Q64226,A2
Q64227,A2
Q64228,A2
Q64229,A2
Q64230,A2
Q64231,A2
Q64232,A2
Q64233,A2
Q64234,A2
Q64235,A2
Q64236,A2
Q64237,A2
Q64238,A2
Q64239,A2
Q64240,A2
Q64241,A2
Q64242,A2
Q64243,A2
Q64244,A2
Q64245,A2
Q64246,A2
Q64247,A2
Q64248,A2
Q64249,A2
Q64250,A2
Q64251,A2
Q64252,A2
Q64253,A2
Q64254,A2
Q64255,A2
Q64256,A2
Q64257,A2
Q64258,A2
Q64259,A2
Q64260,A2
Q64261,A2
Q64262,A2
Q64263,A2
Q64264,A2
Q64265,A2
Q64266,A2
Q64267,A2
Q64268,A2
Q64269,A2
Q64270,A2
Q64271,A2
Q64272,A2
Q64273,A2
Q64274,A2
Q64275,A2
Q64276,A2
Q64277,A2
Q64278,A2
Q64279,A2
Q64280,A2
Q64281,A2
Q64282,A2
Q64283,A2
Q64284,A2
Q64285,A2
Q64286,A2
Q64287,A2
Q64288,A2
Q64289,A2
Q64290,A2
Q64291,A2
Q64292,A2
Q64293,A2
Q64294,A2
Q64295,A2
Q64296,A2
Q64297,A2
Q64298,A2
Q64299,A2
Q64300,A2
Q64301,A2
Q64302,A2
Q64303,A2
Q64304,A2
Q64305,A2
Q64306,A2
Q64307,A2
Q64308,A2
Q64309,A2
Q64310,A2
Q64311,A2
Q64312,A2
Q64313,A2
Q64314,A2
Q64315,A2
Q64316,A2
Q64317,A2
Q64318,A2
Q64319,A2
Q64320,A2
Q64321,A2
Q64322,A2
Q64323,A2
Q64324,A2
Q64325,A2
Q64326,A2
Q64327,A2
Q64328,A2
Q64329,A2
Q64330,A2
Q64331,A2
Q64332,A2
Q64333,A2
Q64334,A2
Q64335,A2
Q64336,A2
Q64337,A2
Q64338,A2
Q64339,A2
Q64340,A2
Q64341,A2
Q64342,A2
Q64343,A2
Q64344,A2
Q64345,A2
Q64346,A2
Q64347,A2
Q64348,A2
Q64349,A2
Q64350,A2
Q64351,A2
Q64352,A2
Q64353,A2
Q64354,A2
Q64355,A2
Q64356,A2
Q64357,A2
Q64358,A2
Q64359,A2
Q64360,A2
Q64361,A2
Q64362,A2
Q64363,A2
Q64364,A2
Q64365,A2
Q64366,A2
Q64367,A2
Q64368,A2
Q64369,A2
Q64370,A2
Q64371,A2
Q64372,A2
Q64373,A2
Q64374,A2
Q64375,A2
Q64376,A2
Q64377,A2
Q64378,A2
Q64379,A2
Q64380,A2
Q64381,A2
Q64382,A2
Q64383,A2
Q64384,A2
Q64385,A2
Q64386,A2
Q64387,A2
Q64388,A2
Q64389,A2
Q64390,A2
Q64391,A2
Q64392,A2
Q64393,A2
Q64394,A2
Q64395,A2
Q64396,A2
Q64397,A2
Q64398,A2
Q64399,A2
Q64400,A2
Q64401,A2
Q64402,A2
Q64403,A2
Q64404,A2
Q64405,A2
Q64406,A2
Q64407,A2
Q64408,A2
Q64409,A2
Q64410,A2
Q64411,A2
Q64412,A2
Q64413,A2
Q64414,A2
Q64415,A2
Q64416,A2
Q64417,A2
Q64418,A2
Q64419,A2
Q64420,A2
Q64421,A2
Q64422,A2
Q64423,A2
Q64424,A2
Q64425,A2
Q64426,A2
Q64427,A2
Q64428,A2
Q64429,A2
Q64430,A2
Q64431,A2
Q64432,A2
Q64433,A2
Q64434,A2
Q64435,A2
Q64436,A2
Q64437,A2
Q64438,A2
Q64439,A2
Q64440,A2
Q64441,A2
Q64442,A2
Q64443,A2
Q64444,A2
Q64445,A2
Q64446,A2
Q64447,A2
Q64448,A2
Q64449,A2
Q64450,A2
Q64451,A2
Q64452,A2
Q64453,A2
Q64454,A2
Q64455,A2
Q64456,A2
Q64457,A2
Q64458,A2
Q64459,A2
Q64460,A2
Q64461,A2
Q64462,A2
Q64463,A2
Q64464,A2
Q64465,A2
Q64466,A2
Q64467,A2
Q64468,A2
Q64469,A2
Q64470,A2
Q64471,A2
Q64472,A2
Q64473,A2
Q64474,A2
Q64475,A2
Q64476,A2
Q64477,A2
Q64478,A2
Q64479,A2
Q64480,A2
Q64481,A2
Q64482,A2
Q64483,A2
Q64484,A2
Q64485,A2
Q64486,A2
Q64487,A2
Q64488,A2
Q64489,A2
Q64490,A2
Q64491,A2
Q64492,A2
Q64493,A2
Q64494,A2
Q64495,A2
Q64496,A2
Q64497,A2
Q64498,A2
Q64499,A2
Q64500,A2
Q64501,A2
Q64502,A2
Q64503,A2
Q64504,A2
Q64505,A2
Q64506,A2
Q64507,A2
Q64508,A2
Q64509,A2
Q64510,A2
Q64511,A2
Q64512,A2
Q64513,A2
Q64514,A2
Q64515,A2
Q64516,A2
Q64517,A2
Q64518,A2
Q64519,A2
Q64520,A2
Q64521,A2
Q64522,A2
Q64523,A2
Q64524,A2
Q64525,A2
Q64526,A2
Q64527,A2
Q64528,A2
Q64529,A2
Q64530,A2
Q64531,A2
Q64532,A2
Q64533,A2
Q64534,A2
Q64535,A2
Q64536,A2
Q64537,A2
Q64538,A2
Q64539,A2
Q64540,A2
Q64541,A2
Q64542,A2
Q64543,A2
Q64544,A2
Q64545,A2
Q64546,A2
Q64547,A2
Q64548,A2
Q64549,A2
Q64550,A2
Q64551,A2
Q64552,A2
Q64553,A2
Q64554,A2
Q64555,A2
Q64556,A2
Q64557,A2
Q64558,A2
Q64559,A2
Q64560,A2
Q64561,A2
Q64562,A2
Q64563,A2
Q64564,A2
Q64565,A2
Q64566,A2
Q64567,A2
Q64568,A2
Q64569,A2
Q64570,A2
Q64571,A2
Q64572,A2
Q64573,A2
Q64574,A2
Q64575,A2
Q64576,A2
Q64577,A2
Q64578,A2
Q64579,A2
Q64580,A2
Q64581,A2
Q64582,A2
Q64583,A2
Q64584,A2
Q64585,A2
Q64586,A2
Q64587,A2
Q64588,A2
Q64589,A2
Q64590,A2
Q64591,A2
Q64592,A2
Q64593,A2
Q64594,A2
Q64595,A2
Q64596,A2
Q64597,A2
Q64598,A2
Q64599,A2
Q64600,A2
Q64601,A2
Q64602,A2
Q64603,A2
Q64604,A2
Q64605,A2
Q64606,A2
Q64607,A2
Q64608,A2
Q64609,A2
Q64610,A2
Q64611,A2
Q64612,A2
Q64613,A2
Q64614,A2
Q64615,A2
Q64616,A2
Q64617,A2
Q64618,A2
Q64619,A2
Q64620,A2
Q64621,A2
Q64622,A2
Q64623,A2
Q64624,A2
Q64625,A2
Q64626,A2
Q64627,A2
Q64628,A2
Q64629,A2
Q64630,A2
Q64631,A2
Q64632,A2
Q64633,A2
Q64634,A2
Q64635,A2
Q64636,A2
Q64637,A2
Q64638,A2
Q64639,A2
Q64640,A2
Q64641,A2
Q64642,A2
Q64643,A2
Q64644,A2
Q64645,A2
Q64646,A2
Q64647,A2
Q64648,A2
Q64649,A2
Q64650,A2
Q64651,A2
Q64652,A2
Q64653,A2
Q64654,A2
Q64655,A2
Q64656,A2
Q64657,A2
Q64658,A2
Q64659,A2
Q64660,A2
Q64661,A2
Q64662,A2
Q64663,A2
Q64664,A2
Q64665,A2
Q64666,A2
Q64667,A2
Q64668,A2
Q64669,A2
Q64670,A2
Q64671,A2
Q64672,A2
Q64673,A2
Q64674,A2
Q64675,A2
Q64676,A2
Q64677,A2
Q64678,A2
Q64679,A2
Q64680,A2
Q64681,A2
Q64682,A2
Q64683,A2
Q64684,A2
Q64685,A2
Q64686,A2
Q64687,A2
Q64688,A2
Q64689,A2
Q64690,A2
Q64691,A2
Q64692,A2
Q64693,A2
Q64694,A2
Q64695,A2
Q64696,A2
Q64697,A2
Q64698,A2
Q64699,A2
Q64700,A2
Q64701,A2
Q64702,A2
Q64703,A2
Q64704,A2
Q64705,A2
Q64706,A2
Q64707,A2
Q64708,A2
Q64709,A2
Q64710,A2
Q64711,A2
Q64712,A2
Q64713,A2
Q64714,A2
Q64715,A2
Q64716,A2
Q64717,A2
Q64718,A2
Q64719,A2
Q64720,A2
Q64721,A2
Q64722,A2
Q64723,A2
Q64724,A2
Q64725,A2
Q64726,A2
Q64727,A2
Q64728,A2
Q64729,A2
Q64730,A2
Q64731,A2
Q64732,A2
Q64733,A2
Q64734,A2
Q64735,A2
Q64736,A2
Q64737,A2
Q64738,A2
Q64739,A2
Q64740,A2
Q64741,A2
Q64742,A2
Q64743,A2
Q64744,A2
Q64745,A2
Q64746,A2
Q64747,A2
Q64748,A2
Q64749,A2
Q64750,A2
Q64751,A2
Q64752,A2
Q64753,A2
Q64754,A2
Q64755,A2
Q64756,A2
Q64757,A2
Q64758,A2
Q64759,A2
Q64760,A2
Q64761,A2
Q64762,A2
Q64763,A2
Q64764,A2
Q64765,A2
Q64766,A2
Q64767,A2
Q64768,A2
Q64769,A2
Q64770,A2
Q64771,A2
Q64772,A2
Q64773,A2
Q64774,A2
Q64775,A2
Q64776,A2
Q64777,A2
Q64778,A2
Q64779,A2
Q64780,A2
Q64781,A2
Q64782,A2
Q64783,A2
Q64784,A2
Q64785,A2
Q64786,A2
Q64787,A2
Q64788,A2
Q64789,A2
Q64790,A2
Q64791,A2
Q64792,A2
Q64793,A2
Q64794,A2
Q64795,A2
Q64796,A2
Q64797,A2
Q64798,A2
Q64799,A2
Q64800,A2
Q64801,A2
Q64802,A2
Q64803,A2
Q64804,A2
Q64805,A2
Q64806,A2
Q64807,A2
Q64808,A2
Q64809,A2
Q64810,A2
Q64811,A2
Q64812,A2
Q64813,A2
Q64814,A2
Q64815,A2
Q64816,A2
Q64817,A2
Q64818,A2
Q64819,A2
Q64820,A2
Q64821,A2
Q64822,A2
Q64823,A2
Q64824,A2
Q64825,A2
Q64826,A2
Q64827,A2
Q64828,A2
Q64829,A2
Q64830,A2
Q64831,A2
Q64832,A2
Q64833,A2
Q64834,A2
Q64835,A2
Q64836,A2
Q64837,A2
Q64838,A2
Q64839,A2
Q64840,A2
Q64841,A2
Q64842,A2
Q64843,A2
Q64844,A2
Q64845,A2
Q64846,A2
Q64847,A2
Q64848,A2
Q64849,A2
Q64850,A2
Q64851,A2
Q64852,A2
Q64853,A2
Q64854,A2
Q64855,A2
Q64856,A2
Q64857,A2
Q64858,A2
Q64859,A2
Q64860,A2
Q64861,A2
Q64862,A2
Q64863,A2
Q64864,A2
Q64865,A2
Q64866,A2
Q64867,A2
Q64868,A2
Q64869,A2
Q64870,A2
Q64871,A2
Q64872,A2
Q64873,A2
Q64874,A2
Q64875,A2
Q64876,A2
Q64877,A2
Q64878,A2
Q64879,A2
Q64880,A2
Q64881,A2
Q64882,A2
Q64883,A2
Q64884,A2
Q64885,A2
Q64886,A2
Q64887,A2
Q64888,A2
Q64889,A2
Q64890,A2
Q64891,A2
Q64892,A2
Q64893,A2
Q64894,A2
Q64895,A2
Q64896,A2
Q64897,A2
Q64898,A2
Q64899,A2
Q64900,A2
Q64901,A2
Q64902,A2
Q64903,A2
Q64904,A2
Q64905,A2
Q64906,A2
Q64907,A2
Q64908,A2
Q64909,A2
Q64910,A2
Q64911,A2
Q64912,A2
Q64913,A2
Q64914,A2
Q64915,A2
Q64916,A2
Q64917,A2
Q64918,A2
Q64919,A2
Q64920,A2
Q64921,A2
Q64922,A2
Q64923,A2
Q64924,A2
Q64925,A2
Q64926,A2
Q64927,A2
Q64928,A2
Q64929,A2
Q64930,A2
Q64931,A2
Q64932,A2
Q64933,A2
Q64934,A2
Q64935,A2
Q64936,A2
Q64937,A2
Q64938,A2
Q64939,A2
Q64940,A2
Q64941,A2
Q64942,A2
Q64943,A2
Q64944,A2
Q64945,A2
Q64946,A2
Q64947,A2
Q64948,A2
Q64949,A2
Q64950,A2
Q64951,A2
Q64952,A2
Q64953,A2
Q64954,A2
Q64955,A2
Q64956,A2
Q64957,A2
Q64958,A2
Q64959,A2
Q64960,A2
Q64961,A2
Q64962,A2
Q64963,A2
Q64964,A2
Q64965,A2
Q64966,A2
Q64967,A2
Q64968,A2
Q64969,A2
Q64970,A2
Q64971,A2
Q64972,A2
Q64973,A2
Q64974,A2
Q64975,A2
Q64976,A2
Q64977,A2
Q64978,A2
Q64979,A2
Q64980,A2
Q64981,A2
Q64982,A2
Q64983,A2
Q64984,A2
Q64985,A2
Q64986,A2
Q64987,A2
Q64988,A2
Q64989,A2
Q64990,A2
Q64991,A2
Q64992,A2
Q64993,A2
Q64994,A2
Q64995,A2
Q64996,A2
Q64997,A2
Q64998,A2
Q64999,A2
Q65000,A2
Q65001,A2
Q65002,A2
Q65003,A2
Q65004,A2
Q65005,A2
Q65006,A2
Q65007,A2
Q65008,A2
Q65009,A2
Q65010,A2
Q65011,A2
Q65012,A2
Q65013,A2
Q65014,A2
Q65015,A2
Q65016,A2
Q65017,A2
Q65018,A2
Q65019,A2
Q65020,A2
Q65021,A2
Q65022,A2
Q65023,A2
Q65024,A2
Q65025,A2
Q65026,A2
Q65027,A2
Q65028,A2
Q65029,A2
Q65030,A2
Q65031,A2
Q65032,A2
Q65033,A2
Q65034,A2
Q65035,A2
Q65036,A2
Q65037,A2
Q65038,A2
Q65039,A2
Q65040,A2
Q65041,A2
Q65042,A2
Q65043,A2
Q65044,A2
Q65045,A2
Q65046,A2
Q65047,A2
Q65048,A2
Q65049,A2
Q65050,A2
Q65051,A2
Q65052,A2
Q65053,A2
Q65054,A2
Q65055,A2
Q65056,A2
Q65057,A2
Q65058,A2
Q65059,A2
Q65060,A2
Q65061,A2
Q65062,A2
Q65063,A2
Q65064,A2
Q65065,A2
Q65066,A2
Q65067,A2
Q65068,A2
Q65069,A2
Q65070,A2
Q65071,A2
Q65072,A2
Q65073,A2
Q65074,A2
Q65075,A2
Q65076,A2
Q65077,A2
Q65078,A2
Q65079,A2
Q65080,A2
Q65081,A2
Q65082,A2
Q65083,A2
Q65084,A2
Q65085,A2
Q65086,A2
Q65087,A2
Q65088,A2
Q65089,A2
Q65090,A2
Q65091,A2
Q65092,A2
Q65093,A2
Q65094,A2
Q65095,A2
Q65096,A2
Q65097,A2
Q65098,A2
Q65099,A2
Q65100,A2
Q65101,A2
Q65102,A2
Q65103,A2
Q65104,A2
Q65105,A2
Q65106,A2
Q65107,A2
Q65108,A2
Q65109,A2
Q65110,A2
Q65111,A2
Q65112,A2
Q65113,A2
Q65114,A2
Q65115,A2
Q65116,A2
Q65117,A2
Q65118,A2
Q65119,A2
Q65120,A2
Q65121,A2
Q65122,A2
Q65123,A2
Q65124,A2
Q65125,A2
Q65126,A2
Q65127,A2
Q65128,A2
Q65129,A2
Q65130,A2
Q65131,A2
Q65132,A2
Q65133,A2
Q65134,A2
Q65135,A2
Q65136,A2
Q65137,A2
Q65138,A2
Q65139,A2
Q65140,A2
Q65141,A2
Q65142,A2
Q65143,A2
Q65144,A2
Q65145,A2
Q65146,A2
Q65147,A2
Q65148,A2
Q65149,A2
Q65150,A2
Q65151,A2
Q65152,A2
Q65153,A2
Q65154,A2
Q65155,A2
Q65156,A2
Q65157,A2
Q65158,A2
Q65159,A2
Q65160,A2
Q65161,A2
Q65162,A2
Q65163,A2
Q65164,A2
Q65165,A2
Q65166,A2
Q65167,A2
Q65168,A2
Q65169,A2
Q65170,A2
Q65171,A2
Q65172,A2
Q65173,A2
Q65174,A2
Q65175,A2
Q65176,A2
Q65177,A2
Q65178,A2
Q65179,A2
Q65180,A2
Q65181,A2
Q65182,A2
Q65183,A2
Q65184,A2
Q65185,A2
Q65186,A2
Q65187,A2
Q65188,A2
Q65189,A2
Q65190,A2
Q65191,A2
Q65192,A2
Q65193,A2
Q65194,A2
Q65195,A2
Q65196,A2
Q65197,A2
Q65198,A2
Q65199,A2
Q65200,A2
Q65201,A2
Q65202,A2
Q65203,A2
Q65204,A2
Q65205,A2
Q65206,A2
Q65207,A2
Q65208,A2
Q65209,A2
Q65210,A2
Q65211,A2
Q65212,A2
Q65213,A2
Q65214,A2
Q65215,A2
Q65216,A2
Q65217,A2
Q65218,A2
Q65219,A2
Q65220,A2
Q65221,A2
Q65222,A2
Q65223,A2
Q65224,A2
Q65225,A2
Q65226,A2
Q65227,A2
Q65228,A2
Q65229,A2
Q65230,A2
Q65231,A2
Q65232,A2
Q65233,A2
Q65234,A2
Q65235,A2
Q65236,A2
Q65237,A2
Q65238,A2
Q65239,A2
Q65240,A2
Q65241,A2
Q65242,A2
Q65243,A2
Q65244,A2
Q65245,A2
Q65246,A2
Q65247,A2
Q65248,A2
Q65249,A2
Q65250,A2
Q65251,A2
Q65252,A2
Q65253,A2
Q65254,A2
Q65255,A2
Q65256,A2
Q65257,A2
Q65258,A2
Q65259,A2
Q65260,A2
Q65261,A2
Q65262,A2
Q65263,A2
Q65264,A2
Q65265,A2
Q65266,A2
Q65267,A2
Q65268,A2
Q65269,A2
Q65270,A2
Q65271,A2
Q65272,A2
Q65273,A2
Q65274,A2
Q65275,A2
Q65276,A2
Q65277,A2
Q65278,A2
Q65279,A2
Q65280,A2
Q65281,A2
Q65282,A2
Q65283,A2
Q65284,A2
Q65285,A2
Q65286,A2
Q65287,A2
Q65288,A2
Q65289,A2
Q65290,A2
Q65291,A2
Q65292,A2
Q65293,A2
Q65294,A2
Q65295,A2
Q65296,A2
Q65297,A2
Q65298,A2
Q65299,A2
Q65300,A2
Q65301,A2
Q65302,A2
Q65303,A2
Q65304,A2
Q65305,A2
Q65306,A2
Q65307,A2
Q65308,A2
Q65309,A2
Q65310,A2
Q65311,A2
Q65312,A2
Q65313,A2
Q65314,A2
Q65315,A2
Q65316,A2
Q65317,A2
Q65318,A2
Q65319,A2
Q65320,A2
Q65321,A2
Q65322,A2
Q65323,A2
Q65324,A2
Q65325,A2
Q65326,A2
Q65327,A2
Q65328,A2
Q65329,A2
Q65330,A2
Q65331,A2
Q65332,A2
Q65333,A2
Q65334,A2
Q65335,A2
Q65336,A2
Q65337,A2
Q65338,A2
Q65339,A2
Q65340,A2
Q65341,A2
Q65342,A2
Q65343,A2
Q65344,A2
Q65345,A2
Q65346,A2
Q65347,A2
Q65348,A2
Q65349,A2
Q65350,A2
Q65351,A2
Q65352,A2
Q65353,A2
Q65354,A2
Q65355,A2
Q65356,A2
Q65357,A2
Q65358,A2
Q65359,A2
Q65360,A2
Q65361,A2
Q65362,A2
Q65363,A2
Q65364,A2
Q65365,A2
Q65366,A2
Q65367,A2
Q65368,A2
Q65369,A2
Q65370,A2
Q65371,A2
Q65372,A2
Q65373,A2
Q65374,A2
Q65375,A2
Q65376,A2
Q65377,A2
Q65378,A2
Q65379,A2
Q65380,A2
Q65381,A2
Q65382,A2
Q65383,A2
Q65384,A2
Q65385,A2
Q65386,A2
Q65387,A2
Q65388,A2
Q65389,A2
Q65390,A2
Q65391,A2
Q65392,A2
Q65393,A2
Q65394,A2
Q65395,A2
Q65396,A2
Q65397,A2
Q65398,A2
Q65399,A2
Q65400,A2
Q65401,A2
Q65402,A2
Q65403,A2
Q65404,A2
Q65405,A2
Q65406,A2
Q65407,A2
Q65408,A2
Q65409,A2
Q65410,A2
Q65411,A2
Q65412,A2
Q65413,A2
Q65414,A2
Q65415,A2
Q65416,A2
Q65417,A2
Q65418,A2
Q65419,A2
Q65420,A2
Q65421,A2
Q65422,A2
Q65423,A2
Q65424,A2
Q65425,A2
Q65426,A2
Q65427,A2
Q65428,A2
Q65429,A2
Q65430,A2
Q65431,A2
Q65432,A2
Q65433,A2
Q65434,A2
Q65435,A2
Q65436,A2
Q65437,A2
Q65438,A2
Q65439,A2
Q65440,A2
Q65441,A2
Q65442,A2
Q65443,A2
Q65444,A2
Q65445,A2
Q65446,A2
Q65447,A2
Q65448,A2
Q65449,A2
Q65450,A2
Q65451,A2
Q65452,A2
Q65453,A2
Q65454,A2
Q65455,A2
Q65456,A2
Q65457,A2
Q65458,A2
Q65459,A2
Q65460,A2
Q65461,A2
Q65462,A2
Q65463,A2
Q65464,A2
Q65465,A2
Q65466,A2
Q65467,A2
Q65468,A2
Q65469,A2
Q65470,A2
Q65471,A2
Q65472,A2
Q65473,A2
Q65474,A2
Q65475,A2
Q65476,A2
Q65477,A2
Q65478,A2
Q65479,A2
Q65480,A2
Q65481,A2
Q65482,A2
Q65483,A2
Q65484,A2
Q65485,A2
Q65486,A2
Q65487,A2
Q65488,A2
Q65489,A2
Q65490,A2
Q65491,A2
Q65492,A2
Q65493,A2
Q65494,A2
Q65495,A2
Q65496,A2
Q65497,A2
Q65498,A2
Q65499,A2
Q65500,A2
Q65501,A2
Q65502,A2
Q65503,A2
Q65504,A2
Q65505,A2
Q65506,A2
Q65507,A2
Q65508,A2
Q65509,A2
Q65510,A2
Q65511,A2
Q65512,A2
Q65513,A2
Q65514,A2
Q65515,A2
Q65516,A2
Q65517,A2
Q65518,A2
Q65519,A2
Q65520,A2
Q65521,A2
Q65522,A2
Q65523,A2
Q65524,A2
Q65525,A2
Q65526,A2
Q65527,A2
Q65528,A2
Q65529,A2
Q65530,A2
Q65531,A2
Q65532,A2
Q65533,A2
Q65534,A2
Q65535,A2
Q65536,A2
Q65537,A2
Q65538,A2
Q65539,A2
Q65540,A2
Q65541,A2
Q65542,A2
Q65543,A2
Q65544,A2
Q65545,A2
Q65546,A2
Q65547,A2
Q65548,A2
Q65549,A2
Q65550,A2
Q65551,A2
Q65552,A2
Q65553,A2
Q65554,A2
Q65555,A2
Q65556,A2
Q65557,A2
Q65558,A2
Q65559,A2
Q65560,A2
Q65561,A2
Q65562,A2
Q65563,A2
Q65564,A2
Q65565,A2
Q65566,A2
Q65567,A2
Q65568,A2
Q65569,A2
Q65570,A2
Q65571,A2
Q65572,A2
Q65573,A2
Q65574,A2
Q65575,A2
Q65576,A2
Q65577,A2
Q65578,A2
Q65579,A2
Q65580,A2
Q65581,A2
Q65582,A2
Q65583,A2
Q65584,A2
Q65585,A2
Q65586,A2
Q65587,A2
Q65588,A2
Q65589,A2
Q65590,A2
Q65591,A2
Q65592,A2
Q65593,A2
Q65594,A2
Q65595,A2
Q65596,A2
Q65597,A2
Q65598,A2
Q65599,A2
Q65600,A2
Q65601,A2
Q65602,A2
Q65603,A2
Q65604,A2
Q65605,A2
Q65606,A2
Q65607,A2
Q65608,A2
Q65609,A2
Q65610,A2
Q65611,A2
Q65612,A2
Q65613,A2
Q65614,A2
Q65615,A2
Q65616,A2
Q65617,A2
Q65618,A2
Q65619,A2
Q65620,A2
Q65621,A2
Q65622,A2
Q65623,A2
Q65624,A2
Q65625,A2
Q65626,A2
Q65627,A2
Q65628,A2
Q65629,A2
Q65630,A2
Q65631,A2
Q65632,A2
Q65633,A2
Q65634,A2
Q65635,A2
Q65636,A2
Q65637,A2
Q65638,A2
Q65639,A2
Q65640,A2
Q65641,A2
Q65642,A2
Q65643,A2
Q65644,A2
Q65645,A2
Q65646,A2
Q65647,A2
Q65648,A2
Q65649,A2
Q65650,A2
Q65651,A2
Q65652,A2
Q65653,A2
Q65654,A2
Q65655,A2
Q65656,A2
Q65657,A2
Q65658,A2
Q65659,A2
Q65660,A2
Q65661,A2
Q65662,A2
Q65663,A2
Q65664,A2
Q65665,A2
Q65666,A2
Q65667,A2
Q65668,A2
Q65669,A2
Q65670,A2
Q65671,A2
Q65672,A2
Q65673,A2
Q65674,A2
Q65675,A2
Q65676,A2
Q65677,A2
Q65678,A2
Q65679,A2
Q65680,A2
Q65681,A2
Q65682,A2
Q65683,A2
Q65684,A2
Q65685,A2
Q65686,A2
Q65687,A2
Q65688,A2
Q65689,A2
Q65690,A2
Q65691,A2
Q65692,A2
Q65693,A2
Q65694,A2
Q65695,A2
Q65696,A2
Q65697,A2
Q65698,A2
Q65699,A2
Q65700,A2
Q65701,A2
Q65702,A2
Q65703,A2
Q65704,A2
Q65705,A2
Q65706,A2
Q65707,A2
Q65708,A2
Q65709,A2
Q65710,A2
Q65711,A2
Q65712,A2
Q65713,A2
Q65714,A2
Q65715,A2
Q65716,A2
Q65717,A2
Q65718,A2
Q65719,A2
Q65720,A2
Q65721,A2
Q65722,A2
Q65723,A2
Q65724,A2
Q65725,A2
Q65726,A2
Q65727,A2
Q65728,A2
Q65729,A2
Q65730,A2
Q65731,A2
Q65732,A2
Q65733,A2
Q65734,A2
Q65735,A2
Q65736,A2
Q65737,A2
Q65738,A2
Q65739,A2
Q65740,A2
Q65741,A2
Q65742,A2
Q65743,A2
Q65744,A2
Q65745,A2
Q65746,A2
Q65747,A2
Q65748,A2
Q65749,A2
Q65750,A2
Q65751,A2
Q65752,A2
Q65753,A2
Q65754,A2
Q65755,A2
Q65756,A2
Q65757,A2
Q65758,A2
Q65759,A2
Q65760,A2
Q65761,A2
Q65762,A2
Q65763,A2
Q65764,A2
Q65765,A2
Q65766,A2
Q65767,A2
Q65768,A2
Q65769,A2
Q65770,A2
Q65771,A2
Q65772,A2
Q65773,A2
Q65774,A2
Q65775,A2
Q65776,A2
Q65777,A2
Q65778,A2
Q65779,A2
Q65780,A2
Q65781,A2
Q65782,A2
Q65783,A2
Q65784,A2
Q65785,A2
Q65786,A2
Q65787,A2
Q65788,A2
Q65789,A2
Q65790,A2
Q65791,A2
Q65792,A2
Q65793,A2
Q65794,A2
Q65795,A2
Q65796,A2
Q65797,A2
Q65798,A2
Q65799,A2
Q65800,A2
Q65801,A2
Q65802,A2
Q65803,A2
Q65804,A2
Q65805,A2
Q65806,A2
Q65807,A2
Q65808,A2
Q65809,A2
Q65810,A2
Q65811,A2
Q65812,A2
Q65813,A2
Q65814,A2
Q65815,A2
Q65816,A2
Q65817,A2
Q65818,A2
Q65819,A2
Q65820,A2
Q65821,A2
Q65822,A2
Q65823,A2
Q65824,A2
Q65825,A2
Q65826,A2
Q65827,A2
Q65828,A2
Q65829,A2
Q65830,A2
Q65831,A2
Q65832,A2
Q65833,A2
Q65834,A2
Q65835,A2
Q65836,A2
Q65837,A2
Q65838,A2
Q65839,A2
Q65840,A2
Q65841,A2
Q65842,A2
Q65843,A2
Q65844,A2
Q65845,A2
Q65846,A2
Q65847,A2
Q65848,A2
Q65849,A2
Q65850,A2
Q65851,A2
Q65852,A2
Q65853,A2
Q65854,A2
Q65855,A2
Q65856,A2
Q65857,A2
Q65858,A2
Q65859,A2
Q65860,A2
Q65861,A2
Q65862,A2
Q65863,A2
Q65864,A2
Q65865,A2
Q65866,A2
Q65867,A2
Q65868,A2
Q65869,A2
Q65870,A2
Q65871,A2
Q65872,A2
Q65873,A2
Q65874,A2
Q65875,A2
Q65876,A2
Q65877,A2
Q65878,A2
Q65879,A2
Q65880,A2
Q65881,A2
Q65882,A2
Q65883,A2
Q65884,A2
Q65885,A2
Q65886,A2
Q65887,A2
Q65888,A2
Q65889,A2
Q65890,A2
Q65891,A2
Q65892,A2
Q65893,A2
Q65894,A2
Q65895,A2
Q65896,A2
Q65897,A2
Q65898,A2
Q65899,A2
Q65900,A2
Q65901,A2
Q65902,A2
Q65903,A2
Q65904,A2
Q65905,A2
Q65906,A2
Q65907,A2
Q65908,A2
Q65909,A2
Q65910,A2
Q65911,A2
Q65912,A2
Q65913,A2
Q65914,A2
Q65915,A2
Q65916,A2
Q65917,A2
Q65918,A2
Q65919,A2
Q65920,A2
Q65921,A2
Q65922,A2
Q65923,A2
Q65924,A2
Q65925,A2
Q65926,A2
Q65927,A2
Q65928,A2
Q65929,A2
Q65930,A2
Q65931,A2
Q65932,A2
Q65933,A2
Q65934,A2
Q65935,A2
Q65936,A2
Q65937,A2
Q65938,A2
Q65939,A2
Q65940,A2
Q65941,A2
Q65942,A2
Q65943,A2
Q65944,A2
Q65945,A2
Q65946,A2
Q65947,A2
Q65948,A2
Q65949,A2
Q65950,A2
Q65951,A2
Q65952,A2
Q65953,A2
Q65954,A2
Q65955,A2
Q65956,A2
Q65957,A2
Q65958,A2
Q65959,A2
Q65960,A2
Q65961,A2
Q65962,A2
Q65963,A2
Q65964,A2
Q65965,A2
Q65966,A2
Q65967,A2
Q65968,A2
Q65969,A2
Q65970,A2
Q65971,A2
Q65972,A2
Q65973,A2
Q65974,A2
Q65975,A2
Q65976,A2
Q65977,A2
Q65978,A2
Q65979,A2
Q65980,A2
Q65981,A2
Q65982,A2
Q65983,A2
Q65984,A2
Q65985,A2
Q65986,A2
Q65987,A2
Q65988,A2
Q65989,A2
Q65990,A2
Q65991,A2
Q65992,A2
Q65993,A2
Q65994,A2
Q65995,A2
Q65996,A2
Q65997,A2
Q65998,A2
Q65999,A2
Q66000,A2
Q66001,A2
Q66002,A2
Q66003,A2
Q66004,A2
Q66005,A2
Q66006,A2
Q66007,A2
Q66008,A2
Q66009,A2
Q66010,A2
Q66011,A2
Q66012,A2
Q66013,A2
Q66014,A2
Q66015,A2
Q66016,A2
Q66017,A2
Q66018,A2
Q66019,A2
Q66020,A2
Q66021,A2
Q66022,A2
Q66023,A2
Q66024,A2
Q66025,A2
Q66026,A2
Q66027,A2
Q66028,A2
Q66029,A2
Q66030,A2
Q66031,A2
Q66032,A2
Q66033,A2
Q66034,A2
Q66035,A2
Q66036,A2
Q66037,A2
Q66038,A2
Q66039,A2
Q66040,A2
Q66041,A2
Q66042,A2
Q66043,A2
Q66044,A2
Q66045,A2
Q66046,A2
Q66047,A2
Q66048,A2
Q66049,A2
Q66050,A2
Q66051,A2
Q66052,A2
Q66053,A2
Q66054,A2
Q66055,A2
Q66056,A2
Q66057,A2
Q66058,A2
Q66059,A2
Q66060,A2
Q66061,A2
Q66062,A2
Q66063,A2
Q66064,A2
Q66065,A2
Q66066,A2
Q66067,A2
Q66068,A2
Q66069,A2
Q66070,A2
Q66071,A2
Q66072,A2
Q66073,A2
Q66074,A2
Q66075,A2
Q66076,A2
Q66077,A2
Q66078,A2
Q66079,A2
Q66080,A2
Q66081,A2
Q66082,A2
Q66083,A2
Q66084,A2
Q66085,A2
Q66086,A2
Q66087,A2
Q66088,A2
Q66089,A2
Q66090,A2
Q66091,A2
Q66092,A2
Q66093,A2
Q66094,A2
Q66095,A2
Q66096,A2
Q66097,A2
Q66098,A2
Q66099,A2
Q66100,A2
Q66101,A2
Q66102,A2
Q66103,A2
Q66104,A2
Q66105,A2
Q66106,A2
Q66107,A2
Q66108,A2
Q66109,A2
Q66110,A2
Q66111,A2
Q66112,A2
Q66113,A2
Q66114,A2
Q66115,A2
Q66116,A2
Q66117,A2
Q66118,A2
Q66119,A2
Q66120,A2
Q66121,A2
Q66122,A2
Q66123,A2
Q66124,A2
Q66125,A2
Q66126,A2
Q66127,A2
Q66128,A2
Q66129,A2
Q66130,A2
Q66131,A2
Q66132,A2
Q66133,A2
Q66134,A2
Q66135,A2
Q66136,A2
Q66137,A2
Q66138,A2
Q66139,A2
Q66140,A2
Q66141,A2
Q66142,A2
Q66143,A2
Q66144,A2
Q66145,A2
Q66146,A2
Q66147,A2
Q66148,A2
Q66149,A2
Q66150,A2
Q66151,A2
Q66152,A2
Q66153,A2
Q66154,A2
Q66155,A2
Q66156,A2
Q66157,A2
Q66158,A2
Q66159,A2
Q66160,A2
Q66161,A2
Q66162,A2
Q66163,A2
Q66164,A2
Q66165,A2
Q66166,A2
Q66167,A2
Q66168,A2
Q66169,A2
Q66170,A2
Q66171,A2
Q66172,A2
Q66173,A2
Q66174,A2
Q66175,A2
Q66176,A2
Q66177,A2
Q66178,A2
Q66179,A2
Q66180,A2
Q66181,A2
Q66182,A2
Q66183,A2
Q66184,A2
Q66185,A2
Q66186,A2
Q66187,A2
Q66188,A2
Q66189,A2
Q66190,A2
Q66191,A2
Q66192,A2
Q66193,A2
Q66194,A2
Q66195,A2
Q66196,A2
Q66197,A2
Q66198,A2
Q66199,A2
Q66200,A2
Q66201,A2
Q66202,A2
Q66203,A2
Q66204,A2
Q66205,A2
Q66206,A2
Q66207,A2
Q66208,A2
Q66209,A2
Q66210,A2
Q66211,A2
Q66212,A2
Q66213,A2
Q66214,A2
Q66215,A2
Q66216,A2
Q66217,A2
Q66218,A2
Q66219,A2
Q66220,A2
Q66221,A2
Q66222,A2
Q66223,A2
Q66224,A2
Q66225,A2
Q66226,A2
Q66227,A2
Q66228,A2
Q66229,A2
Q66230,A2
Q66231,A2
Q66232,A2
Q66233,A2
Q66234,A2
Q66235,A2
Q66236,A2
Q66237,A2
Q66238,A2
Q66239,A2
Q66240,A2
Q66241,A2
Q66242,A2
Q66243,A2
Q66244,A2
Q66245,A2
Q66246,A2
Q66247,A2
Q66248,A2
Q66249,A2
Q66250,A2
Q66251,A2
Q66252,A2
Q66253,A2
Q66254,A2
Q66255,A2
Q66256,A2
Q66257,A2
Q66258,A2
Q66259,A2
Q66260,A2
Q66261,A2
Q66262,A2
Q66263,A2
Q66264,A2
Q66265,A2
Q66266,A2
Q66267,A2
Q66268,A2
Q66269,A2
Q66270,A2
Q66271,A2
Q66272,A2
Q66273,A2
Q66274,A2
Q66275,A2
Q66276,A2
Q66277,A2
Q66278,A2
Q66279,A2
Q66280,A2
Q66281,A2
Q66282,A2
Q66283,A2
Q66284,A2
Q66285,A2
Q66286,A2
Q66287,A2
Q66288,A2
Q66289,A2
Q66290,A2
Q66291,A2
Q66292,A2
Q66293,A2
Q66294,A2
Q66295,A2
Q66296,A2
Q66297,A2
Q66298,A2
Q66299,A2
Q66300,A2
Q66301,A2
Q66302,A2
Q66303,A2
Q66304,A2
Q66305,A2
Q66306,A2
Q66307,A2
Q66308,A2
Q66309,A2
Q66310,A2
Q66311,A2
Q66312,A2
Q66313,A2
Q66314,A2
Q66315,A2
Q66316,A2
Q66317,A2
Q66318,A2
Q66319,A2
Q66320,A2
Q66321,A2
Q66322,A2
Q66323,A2
Q66324,A2
Q66325,A2
Q66326,A2
Q66327,A2
Q66328,A2
Q66329,A2
Q66330,A2
Q66331,A2
Q66332,A2
Q66333,A2
Q66334,A2
Q66335,A2
Q66336,A2
Q66337,A2
Q66338,A2
Q66339,A2
Q66340,A2
Q66341,A2
Q66342,A2
Q66343,A2
Q66344,A2
Q66345,A2
Q66346,A2
Q66347,A2
Q66348,A2
Q66349,A2
Q66350,A2
Q66351,A2
Q66352,A2
Q66353,A2
Q66354,A2
Q66355,A2
Q66356,A2
Q66357,A2
Q66358,A2
Q66359,A2
Q66360,A2
Q66361,A2
Q66362,A2
Q66363,A2
Q66364,A2
Q66365,A2
Q66366,A2
Q66367,A2
Q66368,A2
Q66369,A2
Q66370,A2
Q66371,A2
Q66372,A2
Q66373,A2
Q66374,A2
Q66375,A2
Q66376,A2
Q66377,A2
Q66378,A2
Q66379,A2
Q66380,A2
Q66381,A2
Q66382,A2
Q66383,A2
Q66384,A2
Q66385,A2
Q66386,A2
Q66387,A2
Q66388,A2
Q66389,A2
Q66390,A2
Q66391,A2
Q66392,A2
Q66393,A2
Q66394,A2
Q66395,A2
Q66396,A2
Q66397,A2
Q66398,A2
Q66399,A2
Q66400,A2
Q66401,A2
Q66402,A2
Q66403,A2
Q66404,A2
Q66405,A2
Q66406,A2
Q66407,A2
Q66408,A2
Q66409,A2
Q66410,A2
Q66411,A2
Q66412,A2
Q66413,A2
Q66414,A2
Q66415,A2
Q66416,A2
Q66417,A2
Q66418,A2
Q66419,A2
Q66420,A2
Q66421,A2
Q66422,A2
Q66423,A2
Q66424,A2
Q66425,A2
Q66426,A2
Q66427,A2
Q66428,A2
Q66429,A2
Q66430,A2
Q66431,A2
Q66432,A2
Q66433,A2
Q66434,A2
Q66435,A2
Q66436,A2
Q66437,A2
Q66438,A2
Q66439,A2
Q66440,A2
Q66441,A2
Q66442,A2
Q66443,A2
Q66444,A2
Q66445,A2
Q66446,A2
Q66447,A2
Q66448,A2
Q66449,A2
Q66450,A2
Q66451,A2
Q66452,A2
Q66453,A2
Q66454,A2
Q66455,A2
Q66456,A2
Q66457,A2
Q66458,A2
Q66459,A2
Q66460,A2
Q66461,A2
Q66462,A2
Q66463,A2
Q66464,A2
Q66465,A2
Q66466,A2
Q66467,A2
Q66468,A2
Q66469,A2
Q66470,A2
Q66471,A2
Q66472,A2
Q66473,A2
Q66474,A2
Q66475,A2
Q66476,A2
Q66477,A2
Q66478,A2
Q66479,A2
Q66480,A2
Q66481,A2
Q66482,A2
Q66483,A2
Q66484,A2
Q66485,A2
Q66486,A2
Q66487,A2
Q66488,A2
Q66489,A2
Q66490,A2
Q66491,A2
Q66492,A2
Q66493,A2
Q66494,A2
Q66495,A2
Q66496,A2
Q66497,A2
Q66498,A2
Q66499,A2
Q66500,A2
Q66501,A2
Q66502,A2
Q66503,A2
Q66504,A2
Q66505,A2
Q66506,A2
Q66507,A2
Q66508,A2
Q66509,A2
Q66510,A2
Q66511,A2
Q66512,A2
Q66513,A2
Q66514,A2
Q66515,A2
Q66516,A2
Q66517,A2
Q66518,A2
Q66519,A2
Q66520,A2
Q66521,A2
Q66522,A2
Q66523,A2
Q66524,A2
Q66525,A2
Q66526,A2
Q66527,A2
Q66528,A2
Q66529,A2
Q66530,A2
Q66531,A2
Q66532,A2
Q66533,A2
Q66534,A2
Q66535,A2
Q66536,A2
Q66537,A2
Q66538,A2
Q66539,A2
Q66540,A2
Q66541,A2
Q66542,A2
Q66543,A2
Q66544,A2
Q66545,A2
Q66546,A2
Q66547,A1
Q66548,A1
Q66549,A1
Q66550,A1
Q66551,A1
Q66552,A1
Q66553,A1
Q66554,A1
Q66555,A1
Q66556,A1
Q66557,A1
Q66558,A1
Q66559,A1
Q66560,A1
Q66561,A1
Q66562,A1
Q66563,A1
Q66564,A1
Q66565,A1
Q66566,A1
Q66567,A1
Q66568,A1
Q66569,A1
Q66570,A1
Q66571,A1
Q66572,A1
Q66573,A1
Q66574,A1
Q66575,A1
Q66576,A1
Q66577,A1
Q66578,A1
Q66579,A1
Q66580,A1
Q66581,A1
Q66582,A1
Q66583,A1
Q66584,A1
Q66585,A1
Q66586,A1
Q66587,A1
Q66588,A1
Q66589,A1
Q66590,A1
Q66591,A1
Q66592,A1
Q66593,A1
Q66594,A1
Q66595,A1
Q66596,A1
Q66597,A1
Q66598,A1
Q66599,A1
Q66600,A1
Q66601,A1
Q66602,A1
Q66603,A1
Q66604,A1
Q66605,A1
Q66606,A1
Q66607,A1
Q66608,A1
Q66609,A1
Q66610,A1
Q66611,A1
Q66612,A1
Q66613,A1
Q66614,A1
Q66615,A1
Q66616,A1
Q66617,A1
Q66618,A1
Q66619,A1
Q66620,A1
Q66621,A1
Q66622,A1
Q66623,A1
Q66624,A1
Q66625,A1
Q66626,A1
Q66627,A1
Q66628,A1
Q66629,A1
Q66630,A1
Q66631,A1
Q66632,A1
Q66633,A1
Q66634,A1
Q66635,A1
Q66636,A1
Q66637,A1
Q66638,A1
Q66639,A1
Q66640,A1
Q66641,A1
Q66642,A1
Q66643,A1
Q66644,A1
Q66645,A1
Q66646,A1
Q66647,A1
Q66648,A1
Q66649,A1
Q66650,A1
Q66651,A1
Q66652,A1
Q66653,A1
Q66654,A1
Q66655,A1
Q66656,A1
Q66657,A1
Q66658,A1
Q66659,A1
Q66660,A1
Q66661,A1
Q66662,A1
Q66663,A1
Q66664,A1
Q66665,A1
Q66666,A1
Q66667,A1
Q66668,A1
Q66669,A1
Q66670,A1
Q66671,A1
Q66672,A1
Q66673,A1
Q66674,A1
Q66675,A1
Q66676,A1
Q66677,A1
Q66678,A1
Q66679,A1
Q66680,A1
Q66681,A1
Q66682,A1
Q66683,A1
Q66684,A1
Q66685,A1
Q66686,A1
Q66687,A1
Q66688,A1
Q66689,A1
Q66690,A1
Q66691,A1
Q66692,A1
Q66693,A1
Q66694,A1
Q66695,A1
Q66696,A1
Q66697,A1
Q66698,A1
Q66699,A1
Q66700,A1
Q66701,A1
Q66702,A1
Q66703,A1
Q66704,A1
Q66705,A1
Q66706,A1
Q66707,A1
Q66708,A1
Q66709,A1
Q66710,A1
Q66711,A1
Q66712,A1
Q66713,A1
Q66714,A1
Q66715,A1
Q66716,A1
Q66717,A1
Q66718,A1
Q66719,A1
Q66720,A1
Q66721,A1
Q66722,A1
Q66723,A1
Q66724,A1
Q66725,A1
Q66726,A1
Q66727,A1
Q66728,A1
Q66729,A1
Q66730,A1
Q66731,A1
Q66732,A1
Q66733,A1
Q66734,A1
Q66735,A1
Q66736,A1
Q66737,A1
Q66738,A1
Q66739,A1
Q66740,A1
Q66741,A1
Q66742,A1
Q66743,A1
Q66744,A1
Q66745,A1
Q66746,A1
Q66747,A1
Q66748,A1
Q66749,A1
Q66750,A1
Q66751,A1
Q66752,A1
Q66753,A1
Q66754,A1
Q66755,A1
Q66756,A1
Q66757,A1
Q66758,A1
Q66759,A1
Q66760,A1
Q66761,A1
Q66762,A1
Q66763,A1
Q66764,A1
Q66765,A1
Q66766,A1
Q66767,A1
Q66768,A1
Q66769,A1
Q66770,A1
Q66771,A1
Q66772,A1
Q66773,A1
Q66774,A1
Q66775,A1
Q66776,A1
Q66777,A1
Q66778,A1
Q66779,A1
Q66780,A1
Q66781,A1
Q66782,A1
Q66783,A1
Q66784,A1
Q66785,A1
Q66786,A1
Q66787,A1
Q66788,A1
Q66789,A1
Q66790,A1
Q66791,A1
Q66792,A1
Q66793,A1
Q66794,A1
Q66795,A1
Q66796,A1
Q66797,A1
Q66798,A1
Q66799,A1
Q66800,A1
Q66801,A1
Q66802,A1
Q66803,A1
Q66804,A1
Q66805,A1
Q66806,A1
Q66807,A1
Q66808,A1
Q66809,A1
Q66810,A1
Q66811,A1
Q66812,A1
Q66813,A1
Q66814,A1
Q66815,A1
Q66816,A1
Q66817,A1
Q66818,A1
Q66819,A1
Q66820,A1
Q66821,A1
Q66822,A1
Q66823,A1
Q66824,A1
Q66825,A1
Q66826,A1
Q66827,A1
Q66828,A1
Q66829,A1
Q66830,A1
Q66831,A1
Q66832,A1
Q66833,A1
Q66834,A1
Q66835,A1
Q66836,A1
Q66837,A1
Q66838,A1
Q66839,A1
Q66840,A1
Q66841,A1
Q66842,A1
Q66843,A1
Q66844,A1
Q66845,A1
Q66846,A1
Q66847,A1
Q66848,A1
Q66849,A1
Q66850,A1
Q66851,A1
Q66852,A1
Q66853,A1
Q66854,A1
Q66855,A1
Q66856,A1
Q66857,A1
Q66858,A1
Q66859,A1
Q66860,A1
Q66861,A1
Q66862,A1
Q66863,A1
Q66864,A1
Q66865,A1
Q66866,A1
Q66867,A1
Q66868,A1
Q66869,A1
Q66870,A1
Q66871,A1
Q66872,A1
Q66873,A1
Q66874,A1
Q66875,A1
Q66876,A1
Q66877,A1
Q66878,A1
Q66879,A1
Q66880,A1
Q66881,A1
Q66882,A1
Q66883,A1
Q66884,A1
Q66885,A1
Q66886,A1
Q66887,A1
Q66888,A1
Q66889,A1
Q66890,A1
Q66891,A1
Q66892,A1
Q66893,A1
Q66894,A1
Q66895,A1
Q66896,A1
Q66897,A1
Q66898,A1
Q66899,A1
Q66900,A1
Q66901,A1
Q66902,A1
Q66903,A1
Q66904,A1
Q66905,A1
Q66906,A1
Q66907,A1
Q66908,A1
Q66909,A1
Q66910,A1
Q66911,A1
Q66912,A1
Q66913,A1
Q66914,A1
Q66915,A1
Q66916,A1
Q66917,A1
Q66918,A1
Q66919,A1
Q66920,A1
Q66921,A1
Q66922,A1
Q66923,A1
Q66924,A1
Q66925,A1
Q66926,A1
Q66927,A1
Q66928,A1
Q66929,A1
Q66930,A1
Q66931,A1
Q66932,A1
Q66933,A1
Q66934,A1
Q66935,A1
Q66936,A1
Q66937,A1
Q66938,A1
Q66939,A1
Q66940,A1
Q66941,A1
Q66942,A1
Q66943,A1
Q66944,A1
Q66945,A1
Q66946,A1
Q66947,A1
Q66948,A1
Q66949,A1
Q66950,A1
Q66951,A1
Q66952,A1
Q66953,A1
Q66954,A1
Q66955,A1
Q66956,A1
Q66957,A1
Q66958,A1
Q66959,A1
Q66960,A1
Q66961,A1
Q66962,A1
Q66963,A1
Q66964,A1
Q66965,A1
Q66966,A1
Q66967,A1
Q66968,A1
Q66969,A1
Q66970,A1
Q66971,A1
Q66972,A1
Q66973,A1
Q66974,A1
Q66975,A1
Q66976,A1
Q66977,A1
Q66978,A1
Q66979,A1
Q66980,A1
Q66981,A1
Q66982,A1
Q66983,A1
Q66984,A1
Q66985,A1
Q66986,A1
Q66987,A1
Q66988,A1
Q66989,A1
Q66990,A1
Q66991,A1
Q66992,A1
Q66993,A1
Q66994,A1
Q66995,A1
Q66996,A1
Q66997,A1
Q66998,A1
Q66999,A1
Q67000,A1
Q67001,A1
Q67002,A1
Q67003,A1
Q67004,A1
Q67005,A1
Q67006,A1
Q67007,A1
Q67008,A1
Q67009,A1
Q67010,A1
Q67011,A1
Q67012,A1
Q67013,A1
Q67014,A1
Q67015,A1
Q67016,A1
Q67017,A1
Q67018,A1
Q67019,A1
Q67020,A1
Q67021,A1
Q67022,A1
Q67023,A1
Q67024,A1
Q67025,A1
Q67026,A1
Q67027,A1
Q67028,A1
Q67029,A1
Q67030,A1
Q67031,A1
Q67032,A1
Q67033,A1
Q67034,A1
Q67035,A1
Q67036,A1
Q67037,A1
Q67038,A1
Q67039,A1
Q67040,A1
Q67041,A1
Q67042,A1
Q67043,A1
Q67044,A1
Q67045,A1
Q67046,A1
Q67047,A1
Q67048,A1
Q67049,A1
Q67050,A1
Q67051,A1
Q67052,A1
Q67053,A1
Q67054,A1
Q67055,A1
Q67056,A1
Q67057,A1
Q67058,A1
Q67059,A1
Q67060,A1
Q67061,A1
Q67062,A1
Q67063,A1
Q67064,A1
Q67065,A1
Q67066,A1
Q67067,A1
Q67068,A1
Q67069,A1
Q67070,A1
Q67071,A1
Q67072,A1
Q67073,A1
Q67074,A1
Q67075,A1
Q67076,A1
Q67077,A1
Q67078,A1
Q67079,A1
Q67080,A1
Q67081,A1
Q67082,A1
Q67083,A1
Q67084,A1
Q67085,A1
Q67086,A1
Q67087,A1
Q67088,A1
Q67089,A1
Q67090,A1
Q67091,A1
Q67092,A1
Q67093,A1
Q67094,A1
Q67095,A1
Q67096,A1
Q67097,A1
Q67098,A1
Q67099,A1
Q67100,A1
Q67101,A1
Q67102,A1
Q67103,A1
Q67104,A1
Q67105,A1
Q67106,A1
Q67107,A1
Q67108,A1
Q67109,A1
Q67110,A1
Q67111,A1
Q67112,A1
Q67113,A1
Q67114,A1
Q67115,A1
Q67116,A1
Q67117,A1
Q67118,A1
Q67119,A1
Q67120,A1
Q67121,A1
Q67122,A1
Q67123,A1
Q67124,A1
Q67125,A1
Q67126,A1
Q67127,A1
Q67128,A1
Q67129,A1
Q67130,A1
Q67131,A1
Q67132,A1
Q67133,A1
Q67134,A1
Q67135,A1
Q67136,A1
Q67137,A1
Q67138,A1
Q67139,A1
Q67140,A1
Q67141,A1
Q67142,A1
Q67143,A1
Q67144,A1
Q67145,A1
Q67146,A1
Q67147,A1
Q67148,A1
Q67149,A1
Q67150,A1
Q67151,A1
Q67152,A1
Q67153,A1
Q67154,A1
Q67155,A1
Q67156,A1
Q67157,A1
Q67158,A1
Q67159,A1
Q67160,A1
Q67161,A1
Q67162,A1
Q67163,A1
Q67164,A1
Q67165,A1
Q67166,A1
Q67167,A1
Q67168,A1
Q67169,A1
Q67170,A1
Q67171,A1
Q67172,A1
Q67173,A1
Q67174,A1
Q67175,A1
Q67176,A1
Q67177,A1
Q67178,A1
Q67179,A1
Q67180,A1
Q67181,A1
Q67182,A1
Q67183,A1
Q67184,A1
Q67185,A1
Q67186,A1
Q67187,A1
Q67188,A1
Q67189,A1
Q67190,A1
Q67191,A1
Q67192,A1
Q67193,A1
Q67194,A1
Q67195,A1
Q67196,A1
Q67197,A1
Q67198,A1
Q67199,A1
Q67200,A1
Q67201,A1
Q67202,A1
Q67203,A1
Q67204,A1
Q67205,A1
Q67206,A1
Q67207,A1
Q67208,A1
Q67209,A1
Q67210,A1
Q67211,A1
Q67212,A1
Q67213,A1
Q67214,A1
Q67215,A1
Q67216,A1
Q67217,A1
Q67218,A1
Q67219,A1
Q67220,A1
Q67221,A1
Q67222,A1
Q67223,A1
Q67224,A1
Q67225,A1
Q67226,A1
Q67227,A1
Q67228,A1
Q67229,A1
Q67230,A1
Q67231,A1
Q67232,A1
Q67233,A1
Q67234,A1
Q67235,A1
Q67236,A1
Q67237,A1
Q67238,A1
Q67239,A1
Q67240,A1
Q67241,A1
Q67242,A1
Q67243,A1
Q67244,A1
Q67245,A1
Q67246,A1
Q67247,A1
Q67248,A1
Q67249,A1
Q67250,A1
Q67251,A1
Q67252,A1
Q67253,A1
Q67254,A1
Q67255,A1
Q67256,A1
Q67257,A1
Q67258,A1
Q67259,A1
Q67260,A1
Q67261,A1
Q67262,A1
Q67263,A1
Q67264,A1
Q67265,A1
Q67266,A1
Q67267,A1
Q67268,A1
Q67269,A1
Q67270,A1
Q67271,A1
Q67272,A1
Q67273,A1
Q67274,A1
Q67275,A1
Q67276,A1
Q67277,A1
Q67278,A1
Q67279,A1
Q67280,A1
Q67281,A1
Q67282,A1
Q67283,A1
Q67284,A1
Q67285,A1
Q67286,A1
Q67287,A1
Q67288,A1
Q67289,A1
Q67290,A1
Q67291,A1
Q67292,A1
Q67293,A1
Q67294,A1
Q67295,A1
Q67296,A1
Q67297,A1
Q67298,A1
Q67299,A1
Q67300,A1
Q67301,A1
Q67302,A1
Q67303,A1
Q67304,A1
Q67305,A1
Q67306,A1
Q67307,A1
Q67308,A1
Q67309,A1
Q67310,A1
Q67311,A1
Q67312,A1
Q67313,A1
Q67314,A1
Q67315,A1
Q67316,A1
Q67317,A1
Q67318,A1
Q67319,A1
Q67320,A1
Q67321,A1
Q67322,A1
Q67323,A1
Q67324,A1
Q67325,A1
Q67326,A1
Q67327,A1
Q67328,A1
Q67329,A1
Q67330,A1
Q67331,A1
Q67332,A1
Q67333,A1
Q67334,A1
Q67335,A1
Q67336,A1
Q67337,A1
Q67338,A1
Q67339,A1
Q67340,A1
Q67341,A1
Q67342,A1
Q67343,A1
Q67344,A1
Q67345,A1
Q67346,A1
Q67347,A1
Q67348,A1
Q67349,A1
Q67350,A1
Q67351,A1
Q67352,A1
Q67353,A1
Q67354,A1
Q67355,A1
Q67356,A1
Q67357,A1
Q67358,A1
Q67359,A1
Q67360,A1
Q67361,A1
Q67362,A1
Q67363,A1
Q67364,A1
Q67365,A1
Q67366,A1
Q67367,A1
Q67368,A1
Q67369,A1
Q67370,A1
Q67371,A1
Q67372,A1
Q67373,A1
Q67374,A1
Q67375,A1
Q67376,A1
Q67377,A1
Q67378,A1
Q67379,A1
Q67380,A1
Q67381,A1
Q67382,A1
Q67383,A1
Q67384,A1
Q67385,A1
Q67386,A1
Q67387,A1
Q67388,A1
Q67389,A1
Q67390,A1
Q67391,A1
Q67392,A1
Q67393,A1
Q67394,A1
Q67395,A1
Q67396,A1
Q67397,A1
Q67398,A1
Q67399,A1
Q67400,A1
Q67401,A1
Q67402,A1
Q67403,A1
Q67404,A1
Q67405,A1
Q67406,A1
Q67407,A1
Q67408,A1
Q67409,A1
Q67410,A1
Q67411,A1
Q67412,A1
Q67413,A1
Q67414,A1
Q67415,A1
Q67416,A1
Q67417,A1
Q67418,A1
Q67419,A1
Q67420,A1
Q67421,A1
Q67422,A1
Q67423,A1
Q67424,A1
Q67425,A1
Q67426,A1
Q67427,A1
Q67428,A1
Q67429,A1
Q67430,A1
Q67431,A1
Q67432,A1
Q67433,A1
Q67434,A1
Q67435,A1
Q67436,A1
Q67437,A1
Q67438,A1
Q67439,A1
Q67440,A1
Q67441,A1
Q67442,A1
Q67443,A1
Q67444,A1
Q67445,A1
Q67446,A1
Q67447,A1
Q67448,A1
Q67449,A1
Q67450,A1
Q67451,A1
Q67452,A1
Q67453,A1
Q67454,A1
Q67455,A1
Q67456,A1
Q67457,A1
Q67458,A1
Q67459,A1
Q67460,A1
Q67461,A1
Q67462,A1
Q67463,A1
Q67464,A1
Q67465,A1
Q67466,A1
Q67467,A1
Q67468,A1
Q67469,A1
Q67470,A1
Q67471,A1
Q67472,A1
Q67473,A1
Q67474,A1
Q67475,A1
Q67476,A1
Q67477,A1
Q67478,A1
Q67479,A1
Q67480,A1
Q67481,A1
Q67482,A1
Q67483,A1
Q67484,A1
Q67485,A1
Q67486,A1
Q67487,A1
Q67488,A1
Q67489,A1
Q67490,A1
Q67491,A1
Q67492,A1
Q67493,A1
Q67494,A1
Q67495,A1
Q67496,A1
Q67497,A1
Q67498,A1
Q67499,A1
Q67500,A1
Q67501,A1
Q67502,A1
Q67503,A1
Q67504,A1
Q67505,A1
Q67506,A1
Q67507,A1
Q67508,A1
Q67509,A1
Q67510,A1
Q67511,A1
Q67512,A1
Q67513,A1
Q67514,A1
Q67515,A1
Q67516,A1
Q67517,A1
Q67518,A1
Q67519,A1
Q67520,A1
Q67521,A1
Q67522,A1
Q67523,A1
Q67524,A1
Q67525,A1
Q67526,A1
Q67527,A1
Q67528,A1
Q67529,A1
Q67530,A1
Q67531,A1
Q67532,A1
Q67533,A1
Q67534,A1
Q67535,A1
Q67536,A1
Q67537,A1
Q67538,A1
Q67539,A1
Q67540,A1
Q67541,A1
Q67542,A1
Q67543,A1
Q67544,A1
Q67545,A1
Q67546,A1
Q67547,A1
Q67548,A1
Q67549,A1
Q67550,A1
Q67551,A1
Q67552,A1
Q67553,A1
Q67554,A1
Q67555,A1
Q67556,A1
Q67557,A1
Q67558,A1
Q67559,A1
Q67560,A1
Q67561,A1
Q67562,A1
Q67563,A1
Q67564,A1
Q67565,A1
Q67566,A1
Q67567,A1
Q67568,A1
Q67569,A1
Q67570,A1
Q67571,A1
Q67572,A1
Q67573,A1
Q67574,A1
Q67575,A1
Q67576,A1
Q67577,A1
Q67578,A1
Q67579,A1
Q67580,A1
Q67581,A1
Q67582,A1
Q67583,A1
Q67584,A1
Q67585,A1
Q67586,A1
Q67587,A1
Q67588,A1
Q67589,A1
Q67590,A1
Q67591,A1
Q67592,A1
Q67593,A1
Q67594,A1
Q67595,A1
Q67596,A1
Q67597,A1
Q67598,A1
Q67599,A1
Q67600,A1
Q67601,A1
Q67602,A1
Q67603,A1
Q67604,A1
Q67605,A1
Q67606,A1
Q67607,A1
Q67608,A1
Q67609,A1
Q67610,A1
Q67611,A1
Q67612,A1
Q67613,A1
Q67614,A1
Q67615,A1
Q67616,A1
Q67617,A1
Q67618,A1
Q67619,A1
Q67620,A1
Q67621,A1
Q67622,A1
Q67623,A1
Q67624,A1
Q67625,A1
Q67626,A1
Q67627,A1
Q67628,A1
Q67629,A1
Q67630,A1
Q67631,A1
Q67632,A1
Q67633,A1
Q67634,A1
Q67635,A1
Q67636,A1
Q67637,A1
Q67638,A1
Q67639,A1
Q67640,A1
Q67641,A1
Q67642,A1
Q67643,A1
Q67644,A1
Q67645,A1
Q67646,A1
Q67647,A1
Q67648,A1
Q67649,A1
Q67650,A1
Q67651,A1
Q67652,A1
Q67653,A1
Q67654,A1
Q67655,A1
Q67656,A1
Q67657,A1
Q67658,A1
Q67659,A1
Q67660,A1
Q67661,A1
Q67662,A1
Q67663,A1
Q67664,A1
Q67665,A1
Q67666,A1
Q67667,A1
Q67668,A1
Q67669,A1
Q67670,A1
Q67671,A1
Q67672,A1
Q67673,A1
Q67674,A1
Q67675,A1
Q67676,A1
Q67677,A1
Q67678,A1
Q67679,A1
Q67680,A1
Q67681,A1
Q67682,A1
Q67683,A1
Q67684,A1
Q67685,A1
Q67686,A1
Q67687,A1
Q67688,A1
Q67689,A1
Q67690,A1
Q67691,A1
Q67692,A1
Q67693,A1
Q67694,A1
Q67695,A1
Q67696,A1
Q67697,A1
Q67698,A1
Q67699,A1
Q67700,A1
Q67701,A1
Q67702,A1
Q67703,A1
Q67704,A1
Q67705,A1
Q67706,A1
Q67707,A1
Q67708,A1
Q67709,A1
Q67710,A1
Q67711,A1
Q67712,A1
Q67713,A1
Q67714,A1
Q67715,A1
Q67716,A1
Q67717,A1
Q67718,A1
Q67719,A1
Q67720,A1
Q67721,A1
Q67722,A1
Q67723,A1
Q67724,A1
Q67725,A1
Q67726,A1
Q67727,A1
Q67728,A1
Q67729,A1
Q67730,A1
Q67731,A1
Q67732,A1
Q67733,A1
Q67734,A1
Q67735,A1
Q67736,A1
Q67737,A1
Q67738,A1
Q67739,A1
Q67740,A1
Q67741,A1
Q67742,A1
Q67743,A1
Q67744,A1
Q67745,A1
Q67746,A1
Q67747,A1
Q67748,A1
Q67749,A1
Q67750,A1
Q67751,A1
Q67752,A1
Q67753,A1
Q67754,A1
Q67755,A1
Q67756,A1
Q67757,A1
Q67758,A1
Q67759,A1
Q67760,A1
Q67761,A1
Q67762,A1
Q67763,A1
Q67764,A1
Q67765,A1
Q67766,A1
Q67767,A1
Q67768,A1
Q67769,A1
Q67770,A1
Q67771,A1
Q67772,A1
Q67773,A1
Q67774,A1
Q67775,A1
Q67776,A1
Q67777,A1
Q67778,A1
Q67779,A1
Q67780,A1
Q67781,A1
Q67782,A1
Q67783,A1
Q67784,A1
Q67785,A1
Q67786,A1
Q67787,A1
Q67788,A1
Q67789,A1
Q67790,A1
Q67791,A1
Q67792,A1
Q67793,A1
Q67794,A1
Q67795,A1
Q67796,A1
Q67797,A1
Q67798,A1
Q67799,A1
Q67800,A1
Q67801,A1
Q67802,A1
Q67803,A1
Q67804,A1
Q67805,A1
Q67806,A1
Q67807,A1
Q67808,A1
Q67809,A1
Q67810,A1
Q67811,A1
Q67812,A1
Q67813,A1
Q67814,A1
Q67815,A1
Q67816,A1
Q67817,A1
Q67818,A1
Q67819,A1
Q67820,A1
Q67821,A1
Q67822,A1
Q67823,A1
Q67824,A1
Q67825,A1
Q67826,A1
Q67827,A1
Q67828,A1
Q67829,A1
Q67830,A1
Q67831,A1
Q67832,A1
Q67833,A1
Q67834,A1
Q67835,A1
Q67836,A1
Q67837,A1
Q67838,A1
Q67839,A1
Q67840,A1
Q67841,A1
Q67842,A1
Q67843,A1
Q67844,A1
Q67845,A1
Q67846,A1
Q67847,A1
Q67848,A1
Q67849,A1
Q67850,A1
Q67851,A1
Q67852,A1
Q67853,A1
Q67854,A1
Q67855,A1
Q67856,A1
Q67857,A1
Q67858,A1
Q67859,A1
Q67860,A1
Q67861,A1
Q67862,A1
Q67863,A1
Q67864,A1
Q67865,A1
Q67866,A1
Q67867,A1
Q67868,A1
Q67869,A1
Q67870,A1
Q67871,A1
Q67872,A1
Q67873,A1
Q67874,A1
Q67875,A1
Q67876,A1
Q67877,A1
Q67878,A1
Q67879,A1
Q67880,A1
Q67881,A1
Q67882,A1
Q67883,A1
Q67884,A1
Q67885,A1
Q67886,A1
Q67887,A1
Q67888,A1
Q67889,A1
Q67890,A1
Q67891,A1
Q67892,A1
Q67893,A1
Q67894,A1
Q67895,A1
Q67896,A1
Q67897,A1
Q67898,A1
Q67899,A1
Q67900,A1
Q67901,A1
Q67902,A1
Q67903,A1
Q67904,A1
Q67905,A1
Q67906,A1
Q67907,A1
Q67908,A1
Q67909,A1
Q67910,A1
Q67911,A1
Q67912,A1
Q67913,A1
Q67914,A1
Q67915,A1
Q67916,A1
Q67917,A1
Q67918,A1
Q67919,A1
Q67920,A1
Q67921,A1
Q67922,A1
Q67923,A1
Q67924,A1
Q67925,A1
Q67926,A1
Q67927,A1
Q67928,A1
Q67929,A1
Q67930,A1
Q67931,A1
Q67932,A1
Q67933,A1
Q67934,A1
Q67935,A1
Q67936,A1
Q67937,A1
Q67938,A1
Q67939,A1
Q67940,A1
Q67941,A1
Q67942,A1
Q67943,A1
Q67944,A1
Q67945,A1
Q67946,A1
Q67947,A1
Q67948,A1
Q67949,A1
Q67950,A1
Q67951,A1
Q67952,A1
Q67953,A1
Q67954,A1
Q67955,A1
Q67956,A1
Q67957,A1
Q67958,A1
Q67959,A1
Q67960,A1
Q67961,A1
Q67962,A1
Q67963,A1
Q67964,A1
Q67965,A1
Q67966,A1
Q67967,A1
Q67968,A1
Q67969,A1
Q67970,A1
Q67971,A1
Q67972,A1
Q67973,A1
Q67974,A1
Q67975,A1
Q67976,A1
Q67977,A1
Q67978,A1
Q67979,A1
Q67980,A1
Q67981,A1
Q67982,A1
Q67983,A1
Q67984,A1
Q67985,A1
Q67986,A1
Q67987,A1
Q67988,A1
Q67989,A1
Q67990,A1
Q67991,A1
Q67992,A1
Q67993,A1
Q67994,A1
Q67995,A1
Q67996,A1
Q67997,A1
Q67998,A1
Q67999,A1
Q68000,A1
Q68001,A1
Q68002,A1
Q68003,A1
Q68004,A1
Q68005,A1
Q68006,A1
Q68007,A1
Q68008,A1
Q68009,A1
Q68010,A1
Q68011,A1
Q68012,A1
Q68013,A1
Q68014,A1
Q68015,A1
Q68016,A1
Q68017,A1
Q68018,A1
Q68019,A1
Q68020,A1
Q68021,A1
Q68022,A1
Q68023,A1
Q68024,A1
Q68025,A1
Q68026,A1
Q68027,A1
Q68028,A1
Q68029,A1
Q68030,A1
Q68031,A1
Q68032,A1
Q68033,A1
Q68034,A1
Q68035,A1
Q68036,A1
Q68037,A1
Q68038,A1
Q68039,A1
Q68040,A1
Q68041,A1
Q68042,A1
Q68043,A1
Q68044,A1
Q68045,A1
Q68046,A1
Q68047,A1
Q68048,A1
Q68049,A1
Q68050,A1
Q68051,A1
Q68052,A1
Q68053,A1
Q68054,A1
Q68055,A1
Q68056,A1
Q68057,A1
Q68058,A1
Q68059,A1
Q68060,A1
Q68061,A1
Q68062,A1
Q68063,A1
Q68064,A1
Q68065,A1
Q68066,A1
Q68067,A1
Q68068,A1
Q68069,A1
Q68070,A1
Q68071,A1
Q68072,A1
Q68073,A1
Q68074,A1
Q68075,A1
Q68076,A1
Q68077,A1
Q68078,A1
Q68079,A1
Q68080,A1
Q68081,A1
Q68082,A1
Q68083,A1
Q68084,A1
Q68085,A1
Q68086,A1
Q68087,A1
Q68088,A1
Q68089,A1
Q68090,A1
Q68091,A1
Q68092,A1
Q68093,A1
Q68094,A1
Q68095,A1
Q68096,A1
Q68097,A1
Q68098,A1
Q68099,A1
Q68100,A1
Q68101,A1
Q68102,A1
Q68103,A1
Q68104,A1
Q68105,A1
Q68106,A1
Q68107,A1
Q68108,A1
Q68109,A1
Q68110,A1
Q68111,A1
Q68112,A1
Q68113,A1
Q68114,A1
Q68115,A1
Q68116,A1
Q68117,A1
Q68118,A1
Q68119,A1
Q68120,A1
Q68121,A1
Q68122,A1
Q68123,A1
Q68124,A1
Q68125,A1
Q68126,A1
Q68127,A1
Q68128,A1
Q68129,A1
Q68130,A1
Q68131,A1
Q68132,A1
Q68133,A1
Q68134,A1
Q68135,A1
Q68136,A1
Q68137,A1
Q68138,A1
Q68139,A1
Q68140,A1
Q68141,A1
Q68142,A1
Q68143,A1
Q68144,A1
Q68145,A1
Q68146,A1
Q68147,A1
Q68148,A1
Q68149,A1
Q68150,A1
Q68151,A1
Q68152,A1
Q68153,A1
Q68154,A1
Q68155,A1
Q68156,A1
Q68157,A1
Q68158,A1
Q68159,A1
Q68160,A1
Q68161,A1
Q68162,A1
Q68163,A1
Q68164,A1
Q68165,A1
Q68166,A1
Q68167,A1
Q68168,A1
Q68169,A1
Q68170,A1
Q68171,A1
Q68172,A1
Q68173,A1
Q68174,A1
Q68175,A1
Q68176,A1
Q68177,A1
Q68178,A1
Q68179,A1
Q68180,A1
Q68181,A1
Q68182,A1
Q68183,A1
Q68184,A1
Q68185,A1
Q68186,A1
Q68187,A1
Q68188,A1
Q68189,A1
Q68190,A1
Q68191,A1
Q68192,A1
Q68193,A1
Q68194,A1
Q68195,A1
Q68196,A1
Q68197,A1
Q68198,A1
Q68199,A1
Q68200,A1
Q68201,A1
Q68202,A1
Q68203,A1
Q68204,A1
Q68205,A1
Q68206,A1
Q68207,A1
Q68208,A1
Q68209,A1
Q68210,A1
Q68211,A1
Q68212,A1
Q68213,A1
Q68214,A1
Q68215,A1
Q68216,A1
Q68217,A1
Q68218,A1
Q68219,A1
Q68220,A1
Q68221,A1
Q68222,A1
Q68223,A1
Q68224,A1
Q68225,A1
Q68226,A1
Q68227,A1
Q68228,A1
Q68229,A1
Q68230,A1
Q68231,A1
Q68232,A1
Q68233,A1
Q68234,A1
Q68235,A1
Q68236,A1
Q68237,A1
Q68238,A1
Q68239,A1
Q68240,A1
Q68241,A1
Q68242,A1
Q68243,A1
Q68244,A1
Q68245,A1
Q68246,A1
Q68247,A1
Q68248,A1
Q68249,A1
Q68250,A1
Q68251,A1
Q68252,A1
Q68253,A1
Q68254,A1
Q68255,A1
Q68256,A1
Q68257,A1
Q68258,A1
Q68259,A1
Q68260,A1
Q68261,A1
Q68262,A1
Q68263,A1
Q68264,A1
Q68265,A1
Q68266,A1
Q68267,A1
Q68268,A1
Q68269,A1
Q68270,A1
Q68271,A1
Q68272,A1
Q68273,A1
Q68274,A1
Q68275,A1
Q68276,A1
Q68277,A1
Q68278,A1
Q68279,A1
Q68280,A1
Q68281,A1
Q68282,A1
Q68283,A1
Q68284,A1
Q68285,A1
Q68286,A1
Q68287,A1
Q68288,A1
Q68289,A1
Q68290,A1
Q68291,A1
Q68292,A1
Q68293,A1
Q68294,A1
Q68295,A1
Q68296,A1
Q68297,A1
Q68298,A1
Q68299,A1
Q68300,A1
Q68301,A1
Q68302,A1
Q68303,A1
Q68304,A1
Q68305,A1
Q68306,A1
Q68307,A1
Q68308,A1
Q68309,A1
Q68310,A1
Q68311,A1
Q68312,A1
Q68313,A1
Q68314,A1
Q68315,A1
Q68316,A1
Q68317,A1
Q68318,A1
Q68319,A1
Q68320,A1
Q68321,A1
Q68322,A1
Q68323,A1
Q68324,A1
Q68325,A1
Q68326,A1
Q68327,A1
Q68328,A1
Q68329,A1
Q68330,A1
Q68331,A1
Q68332,A1
Q68333,A1
Q68334,A1
Q68335,A1
Q68336,A1
Q68337,A1
Q68338,A1
Q68339,A1
Q68340,A1
Q68341,A1
Q68342,A1
Q68343,A1
Q68344,A1
Q68345,A1
Q68346,A1
Q68347,A1
Q68348,A1
Q68349,A1
Q68350,A1
Q68351,A1
Q68352,A1
Q68353,A1
Q68354,A1
Q68355,A1
Q68356,A1
Q68357,A1
Q68358,A1
Q68359,A1
Q68360,A1
Q68361,A1
Q68362,A1
Q68363,A1
Q68364,A1
Q68365,A1
Q68366,A1
Q68367,A1
Q68368,A1
Q68369,A1
Q68370,A1
Q68371,A1
Q68372,A1
Q68373,A1
Q68374,A1
Q68375,A1
Q68376,A1
Q68377,A1
Q68378,A1
Q68379,A1
Q68380,A1
Q68381,A1
Q68382,A1
Q68383,A1
Q68384,A1
Q68385,A1
Q68386,A1
Q68387,A1
Q68388,A1
Q68389,A1
Q68390,A1
Q68391,A1
Q68392,A1
Q68393,A1
Q68394,A1
Q68395,A1
Q68396,A1
Q68397,A1
Q68398,A1
Q68399,A1
Q68400,A1
Q68401,A1
Q68402,A1
Q68403,A1
Q68404,A1
Q68405,A1
Q68406,A1
Q68407,A1
Q68408,A1
Q68409,A1
Q68410,A1
Q68411,A1
Q68412,A1
Q68413,A1
Q68414,A1
Q68415,A1
Q68416,A1
Q68417,A1
Q68418,A1
Q68419,A1
Q68420,A1
Q68421,A1
Q68422,A1
Q68423,A1
Q68424,A1
Q68425,A1
Q68426,A1
Q68427,A1
Q68428,A1
Q68429,A1
Q68430,A1
Q68431,A1
Q68432,A1
Q68433,A1
Q68434,A1
Q68435,A1
Q68436,A1
Q68437,A1
Q68438,A1
Q68439,A1
Q68440,A1
Q68441,A1
Q68442,A1
Q68443,A1
Q68444,A1
Q68445,A1
Q68446,A1
Q68447,A1
Q68448,A1
Q68449,A1
Q68450,A1
Q68451,A1
Q68452,A1
Q68453,A1
Q68454,A1
Q68455,A1
Q68456,A1
Q68457,A1
Q68458,A1
Q68459,A1
Q68460,A1
Q68461,A1
Q68462,A1
Q68463,A1
Q68464,A1
Q68465,A1
Q68466,A1
Q68467,A1
Q68468,A1
Q68469,A1
Q68470,A1
Q68471,A1
Q68472,A1
Q68473,A1
Q68474,A1
Q68475,A1
Q68476,A1
Q68477,A1
Q68478,A1
Q68479,A1
Q68480,A1
Q68481,A1
Q68482,A1
Q68483,A1
Q68484,A1
Q68485,A1
Q68486,A1
Q68487,A1
Q68488,A1
Q68489,A1
Q68490,A1
Q68491,A1
Q68492,A1
Q68493,A1
Q68494,A1
Q68495,A1
Q68496,A1
Q68497,A1
Q68498,A1
Q68499,A1
Q68500,A1
Q68501,A1
Q68502,A1
Q68503,A1
Q68504,A1
Q68505,A1
Q68506,A1
Q68507,A1
Q68508,A1
Q68509,A1
Q68510,A1
Q68511,A1
Q68512,A1
Q68513,A1
Q68514,A1
Q68515,A1
Q68516,A1
Q68517,A1
Q68518,A1
Q68519,A1
Q68520,A1
Q68521,A1
Q68522,A1
Q68523,A1
Q68524,A1
Q68525,A1
Q68526,A1
Q68527,A1
Q68528,A1
Q68529,A1
Q68530,A1
Q68531,A1
Q68532,A1
Q68533,A1
Q68534,A1
Q68535,A1
Q68536,A1
Q68537,A1
Q68538,A1
Q68539,A1
Q68540,A1
Q68541,A1
Q68542,A1
Q68543,A1
Q68544,A1
Q68545,A1
Q68546,A1
Q68547,A1
Q68548,A1
Q68549,A1
Q68550,A1
Q68551,A1
Q68552,A1
Q68553,A1
Q68554,A1
Q68555,A1
Q68556,A1
Q68557,A1
Q68558,A1
Q68559,A1
Q68560,A1
Q68561,A1
Q68562,A1
Q68563,A1
Q68564,A1
Q68565,A1
Q68566,A1
Q68567,A1
Q68568,A1
Q68569,A1
Q68570,A1
Q68571,A1
Q68572,A1
Q68573,A1
Q68574,A1
Q68575,A1
Q68576,A1
Q68577,A1
Q68578,A1
Q68579,A1
Q68580,A1
Q68581,A1
Q68582,A1
Q68583,A1
Q68584,A1
Q68585,A1
Q68586,A1
Q68587,A1
Q68588,A1
Q68589,A1
Q68590,A1
Q68591,A1
Q68592,A1
Q68593,A1
Q68594,A1
Q68595,A1
Q68596,A1
Q68597,A1
Q68598,A1
Q68599,A1
Q68600,A1
Q68601,A1
Q68602,A1
Q68603,A1
Q68604,A1
Q68605,A1
Q68606,A1
Q68607,A1
Q68608,A1
Q68609,A1
Q68610,A1
Q68611,A1
Q68612,A1
Q68613,A1
Q68614,A1
Q68615,A1
Q68616,A1
Q68617,A1
Q68618,A1
Q68619,A1
Q68620,A1
Q68621,A1
Q68622,A1
Q68623,A1
Q68624,A1
Q68625,A1
Q68626,A1
Q68627,A1
Q68628,A1
Q68629,A1
Q68630,A1
Q68631,A1
Q68632,A1
Q68633,A1
Q68634,A1
Q68635,A1
Q68636,A1
Q68637,A1
Q68638,A1
Q68639,A1
Q68640,A1
Q68641,A1
Q68642,A1
Q68643,A1
Q68644,A1
Q68645,A1
Q68646,A1
Q68647,A1
Q68648,A1
Q68649,A1
Q68650,A1
Q68651,A1
Q68652,A1
Q68653,A1
Q68654,A1
Q68655,A1
Q68656,A1
Q68657,A1
Q68658,A1
Q68659,A1
Q68660,A1
Q68661,A1
Q68662,A1
Q68663,A1
Q68664,A1
Q68665,A1
Q68666,A1
Q68667,A1
Q68668,A1
Q68669,A1
Q68670,A1
Q68671,A1
Q68672,A1
Q68673,A1
Q68674,A1
Q68675,A1
Q68676,A1
Q68677,A1
Q68678,A1
Q68679,A1
Q68680,A1
Q68681,A1
Q68682,A1
Q68683,A1
Q68684,A1
Q68685,A1
Q68686,A1
Q68687,A1
Q68688,A1
Q68689,A1
Q68690,A1
Q68691,A1
Q68692,A1
Q68693,A1
Q68694,A1
Q68695,A1
Q68696,A1
Q68697,A1
Q68698,A1
Q68699,A1
Q68700,A1
Q68701,A1
Q68702,A1
Q68703,A1
Q68704,A1
Q68705,A1
Q68706,A1
Q68707,A1
Q68708,A1
Q68709,A1
Q68710,A1
Q68711,A1
Q68712,A1
Q68713,A1
Q68714,A1
Q68715,A1
Q68716,A1
Q68717,A1
Q68718,A1
Q68719,A1
Q68720,A1
Q68721,A1
Q68722,A1
Q68723,A1
Q68724,A1
Q68725,A1
Q68726,A1
Q68727,A1
Q68728,A1
Q68729,A1
Q68730,A1
Q68731,A1
Q68732,A1
Q68733,A1
Q68734,A1
Q68735,A1
Q68736,A1
Q68737,A1
Q68738,A1
Q68739,A1
Q68740,A1
Q68741,A1
Q68742,A1
Q68743,A1
Q68744,A1
Q68745,A1
Q68746,A1
Q68747,A1
Q68748,A1
Q68749,A1
Q68750,A1
Q68751,A1
Q68752,A1
Q68753,A1
Q68754,A1
Q68755,A1
Q68756,A1
Q68757,A1
Q68758,A1
Q68759,A1
Q68760,A1
Q68761,A1
Q68762,A1
Q68763,A1
Q68764,A1
Q68765,A1
Q68766,A1
Q68767,A1
Q68768,A1
Q68769,A1
Q68770,A1
Q68771,A1
Q68772,A1
Q68773,A1
Q68774,A1
Q68775,A1
Q68776,A1
Q68777,A1
Q68778,A1
Q68779,A1
Q68780,A1
Q68781,A1
Q68782,A1
Q68783,A1
Q68784,A1
Q68785,A1
Q68786,A1
Q68787,A1
Q68788,A1
Q68789,A1
Q68790,A1
Q68791,A1
Q68792,A1
Q68793,A1
Q68794,A1
Q68795,A1
Q68796,A1
Q68797,A1
Q68798,A1
Q68799,A1
Q68800,A1
Q68801,A1
Q68802,A1
Q68803,A1
Q68804,A1
Q68805,A1
Q68806,A1
Q68807,A1
Q68808,A1
Q68809,A1
Q68810,A1
Q68811,A1
Q68812,A1
Q68813,A1
Q68814,A1
Q68815,A1
Q68816,A1
Q68817,A1
Q68818,A1
Q68819,A1
Q68820,A1
Q68821,A1
Q68822,A1
Q68823,A1
Q68824,A1
Q68825,A1
Q68826,A1
Q68827,A1
Q68828,A1
Q68829,A1
Q68830,A1
Q68831,A1
Q68832,A1
Q68833,A1
Q68834,A1
Q68835,A1
Q68836,A1
Q68837,A1
Q68838,A1
Q68839,A1
Q68840,A1
Q68841,A1
Q68842,A1
Q68843,A1
Q68844,A1
Q68845,A1
Q68846,A1
Q68847,A1
Q68848,A1
Q68849,A1
Q68850,A1
Q68851,A1
Q68852,A1
Q68853,A1
Q68854,A1
Q68855,A1
Q68856,A1
Q68857,A1
Q68858,A1
Q68859,A1
Q68860,A1
Q68861,A1
Q68862,A1
Q68863,A1
Q68864,A1
Q68865,A1
Q68866,A1
Q68867,A1
Q68868,A1
Q68869,A1
Q68870,A1
Q68871,A1
Q68872,A1
Q68873,A1
Q68874,A1
Q68875,A1
Q68876,A1
Q68877,A1
Q68878,A1
Q68879,A1
Q68880,A1
Q68881,A1
Q68882,A1
Q68883,A1
Q68884,A1
Q68885,A1
Q68886,A1
Q68887,A1
Q68888,A1
Q68889,A1
Q68890,A1
Q68891,A1
Q68892,A1
Q68893,A1
Q68894,A1
Q68895,A1
Q68896,A1
Q68897,A1
Q68898,A1
Q68899,A1
Q68900,A1
Q68901,A1
Q68902,A1
Q68903,A1
Q68904,A1
Q68905,A1
Q68906,A1
Q68907,A1
Q68908,A1
Q68909,A1
Q68910,A1
Q68911,A1
Q68912,A1
Q68913,A1
Q68914,A1
Q68915,A1
Q68916,A1
Q68917,A1
Q68918,A1
Q68919,A1
Q68920,A1
Q68921,A1
Q68922,A1
Q68923,A1
Q68924,A1
Q68925,A1
Q68926,A1
Q68927,A1
Q68928,A1
Q68929,A1
Q68930,A1
Q68931,A1
Q68932,A1
Q68933,A1
Q68934,A1
Q68935,A1
Q68936,A1
Q68937,A1
Q68938,A1
Q68939,A1
Q68940,A1
Q68941,A1
Q68942,A1
Q68943,A1
Q68944,A1
Q68945,A1
Q68946,A1
Q68947,A1
Q68948,A1
Q68949,A1
Q68950,A1
Q68951,A1
Q68952,A1
Q68953,A1
Q68954,A1
Q68955,A1
Q68956,A1
Q68957,A1
Q68958,A1
Q68959,A1
Q68960,A1
Q68961,A1
Q68962,A1
Q68963,A1
Q68964,A1
Q68965,A1
Q68966,A1
Q68967,A1
Q68968,A1
Q68969,A1
Q68970,A1
Q68971,A1
Q68972,A1
Q68973,A1
Q68974,A1
Q68975,A1
Q68976,A1
Q68977,A1
Q68978,A1
Q68979,A1
Q68980,A1
Q68981,A1
Q68982,A1
Q68983,A1
Q68984,A1
Q68985,A1
Q68986,A1
Q68987,A1
Q68988,A1
Q68989,A1
Q68990,A1
Q68991,A1
Q68992,A1
Q68993,A1
Q68994,A1
Q68995,A1
Q68996,A1
Q68997,A1
Q68998,A1
Q68999,A1
Q69000,A1
Q69001,A1
Q69002,A1
Q69003,A1
Q69004,A1
Q69005,A1
Q69006,A1
Q69007,A1
Q69008,A1
Q69009,A1
Q69010,A1
Q69011,A1
Q69012,A1
Q69013,A1
Q69014,A1
Q69015,A1
Q69016,A1
Q69017,A1
Q69018,A1
Q69019,A1
Q69020,A1
Q69021,A1
Q69022,A1
Q69023,A1
Q69024,A1
Q69025,A1
Q69026,A1
Q69027,A1
Q69028,A1
Q69029,A1
Q69030,A1
Q69031,A1
Q69032,A1
Q69033,A1
Q69034,A1
Q69035,A1
Q69036,A1
Q69037,A1
Q69038,A1
Q69039,A1
Q69040,A1
Q69041,A1
Q69042,A1
Q69043,A1
Q69044,A1
Q69045,A1
Q69046,A1
Q69047,A1
Q69048,A1
Q69049,A1
Q69050,A1
Q69051,A1
Q69052,A1
Q69053,A1
Q69054,A1
Q69055,A1
Q69056,A1
Q69057,A1
Q69058,A1
Q69059,A1
Q69060,A1
Q69061,A1
Q69062,A1
Q69063,A1
Q69064,A1
Q69065,A1
Q69066,A1
Q69067,A1
Q69068,A1
Q69069,A1
Q69070,A1
Q69071,A1
Q69072,A1
Q69073,A1
Q69074,A1
Q69075,A1
Q69076,A1
Q69077,A1
Q69078,A1
Q69079,A1
Q69080,A1
Q69081,A1
Q69082,A1
Q69083,A1
Q69084,A1
Q69085,A1
Q69086,A1
Q69087,A1
Q69088,A1
Q69089,A1
Q69090,A1
Q69091,A1
Q69092,A1
Q69093,A1
Q69094,A1
Q69095,A1
Q69096,A1
Q69097,A1
Q69098,A1
Q69099,A1
Q69100,A1
Q69101,A1
Q69102,A1
Q69103,A1
Q69104,A1
Q69105,A1
Q69106,A1
Q69107,A1
Q69108,A1
Q69109,A1
Q69110,A1
Q69111,A1
Q69112,A1
Q69113,A1
Q69114,A1
Q69115,A1
Q69116,A1
Q69117,A1
Q69118,A1
Q69119,A1
Q69120,A1
Q69121,A1
Q69122,A1
Q69123,A1
Q69124,A1
Q69125,A1
Q69126,A1
Q69127,A1
Q69128,A1
Q69129,A1
Q69130,A1
Q69131,A1
Q69132,A1
Q69133,A1
Q69134,A1
Q69135,A1
Q69136,A1
Q69137,A1
Q69138,A1
Q69139,A1
Q69140,A1
Q69141,A1
Q69142,A1
Q69143,A1
Q69144,A1
Q69145,A1
Q69146,A1
Q69147,A1
Q69148,A1
Q69149,A1
Q69150,A1
Q69151,A1
Q69152,A1
Q69153,A1
Q69154,A1
Q69155,A1
Q69156,A1
Q69157,A1
Q69158,A1
Q69159,A1
Q69160,A1
Q69161,A1
Q69162,A1
Q69163,A1
Q69164,A1
Q69165,A1
Q69166,A1
Q69167,A1
Q69168,A1
Q69169,A1
Q69170,A1
Q69171,A1
Q69172,A1
Q69173,A1
Q69174,A1
Q69175,A1
Q69176,A1
Q69177,A1
Q69178,A1
Q69179,A1
Q69180,A1
Q69181,A1
Q69182,A1
Q69183,A1
Q69184,A1
Q69185,A1
Q69186,A1
Q69187,A1
Q69188,A1
Q69189,A1
Q69190,A1
Q69191,A1
Q69192,A1
Q69193,A1
Q69194,A1
Q69195,A1
Q69196,A1
Q69197,A1
Q69198,A1
Q69199,A1
Q69200,A1
Q69201,A1
Q69202,A1
Q69203,A1
Q69204,A1
Q69205,A1
Q69206,A1
Q69207,A1
Q69208,A1
Q69209,A1
Q69210,A1
Q69211,A1
Q69212,A1
Q69213,A1
Q69214,A1
Q69215,A1
Q69216,A1
Q69217,A1
Q69218,A1
Q69219,A1
Q69220,A1
Q69221,A1
Q69222,A1
Q69223,A1
Q69224,A1
Q69225,A1
Q69226,A1
Q69227,A1
Q69228,A1
Q69229,A1
Q69230,A1
Q69231,A1
Q69232,A1
Q69233,A1
Q69234,A1
Q69235,A1
Q69236,A1
Q69237,A1
Q69238,A1
Q69239,A1
Q69240,A1
Q69241,A1
Q69242,A1
Q69243,A1
Q69244,A1
Q69245,A1
Q69246,A1
Q69247,A1
Q69248,A1
Q69249,A1
Q69250,A1
Q69251,A1
Q69252,A1
Q69253,A1
Q69254,A1
Q69255,A1
Q69256,A1
Q69257,A1
Q69258,A1
Q69259,A1
Q69260,A1
Q69261,A1
Q69262,A1
Q69263,A1
Q69264,A1
Q69265,A1
Q69266,A1
Q69267,A1
Q69268,A1
Q69269,A1
Q69270,A1
Q69271,A1
Q69272,A1
Q69273,A1
Q69274,A1
Q69275,A1
Q69276,A1
Q69277,A1
Q69278,A1
Q69279,A1
Q69280,A1
Q69281,A1
Q69282,A1
Q69283,A1
Q69284,A1
Q69285,A1
Q69286,A1
Q69287,A1
Q69288,A1
Q69289,A1
Q69290,A1
Q69291,A1
Q69292,A1
Q69293,A1
Q69294,A1
Q69295,A1
Q69296,A1
Q69297,A1
Q69298,A1
Q69299,A1
Q69300,A1
Q69301,A1
Q69302,A1
Q69303,A1
Q69304,A1
Q69305,A1
Q69306,A1
Q69307,A1
Q69308,A1
Q69309,A1
Q69310,A1
Q69311,A1
Q69312,A1
Q69313,A1
Q69314,A1
Q69315,A1
Q69316,A1
Q69317,A1
Q69318,A1
Q69319,A1
Q69320,A1
Q69321,A1
Q69322,A1
Q69323,A1
Q69324,A1
Q69325,A1
Q69326,A1
Q69327,A1
Q69328,A1
Q69329,A1
Q69330,A1
Q69331,A1
Q69332,A1
Q69333,A1
Q69334,A1
Q69335,A1
Q69336,A1
Q69337,A1
Q69338,A1
Q69339,A1
Q69340,A1
Q69341,A1
Q69342,A1
Q69343,A1
Q69344,A1
Q69345,A1
Q69346,A1
Q69347,A1
Q69348,A1
Q69349,A1
Q69350,A1
Q69351,A1
Q69352,A1
Q69353,A1
Q69354,A1
Q69355,A1
Q69356,A1
Q69357,A1
Q69358,A1
Q69359,A1
Q69360,A1
Q69361,A1
Q69362,A1
Q69363,A1
Q69364,A1
Q69365,A1
Q69366,A1
Q69367,A1
Q69368,A1
Q69369,A1
Q69370,A1
Q69371,A1
Q69372,A1
Q69373,A1
Q69374,A1
Q69375,A1
Q69376,A1
Q69377,A1
Q69378,A1
Q69379,A1
Q69380,A1
Q69381,A1
Q69382,A1
Q69383,A1
Q69384,A1
Q69385,A1
Q69386,A1
Q69387,A1
Q69388,A1
Q69389,A1
Q69390,A1
Q69391,A1
Q69392,A1
Q69393,A1
Q69394,A1
Q69395,A1
Q69396,A1
Q69397,A1
Q69398,A1
Q69399,A1
Q69400,A1
Q69401,A1
Q69402,A1
Q69403,A1
Q69404,A1
Q69405,A1
Q69406,A1
Q69407,A1
Q69408,A1
Q69409,A1
Q69410,A1
Q69411,A1
Q69412,A1
Q69413,A1
Q69414,A1
Q69415,A1
Q69416,A1
Q69417,A1
Q69418,A1
Q69419,A1
Q69420,A1
Q69421,A1
Q69422,A1
Q69423,A1
Q69424,A1
Q69425,A1
Q69426,A1
Q69427,A1
Q69428,A1
Q69429,A1
Q69430,A1
Q69431,A1
Q69432,A1
Q69433,A1
Q69434,A1
Q69435,A1
Q69436,A1
Q69437,A1
Q69438,A1
Q69439,A1
Q69440,A1
Q69441,A1
Q69442,A1
Q69443,A1
Q69444,A1
Q69445,A1
Q69446,A1
Q69447,A1
Q69448,A1
Q69449,A1
Q69450,A1
Q69451,A1
Q69452,A1
Q69453,A1
Q69454,A1
Q69455,A1
Q69456,A1
Q69457,A1
Q69458,A1
Q69459,A1
Q69460,A1
Q69461,A1
Q69462,A1
Q69463,A1
Q69464,A1
Q69465,A1
Q69466,A1
Q69467,A1
Q69468,A1
Q69469,A1
Q69470,A1
Q69471,A1
Q69472,A1
Q69473,A1
Q69474,A1
Q69475,A1
Q69476,A1
Q69477,A1
Q69478,A1
Q69479,A1
Q69480,A1
Q69481,A1
Q69482,A1
Q69483,A1
Q69484,A1
Q69485,A1
Q69486,A1
Q69487,A1
Q69488,A1
Q69489,A1
Q69490,A1
Q69491,A1
Q69492,A1
Q69493,A1
Q69494,A1
Q69495,A1
Q69496,A1
Q69497,A1
Q69498,A1
Q69499,A1
Q69500,A1
Q69501,A1
Q69502,A1
Q69503,A1
Q69504,A1
Q69505,A1
Q69506,A1
Q69507,A1
Q69508,A1
Q69509,A1
Q69510,A1
Q69511,A1
Q69512,A1
Q69513,A1
Q69514,A1
Q69515,A1
Q69516,A1
Q69517,A1
Q69518,A1
Q69519,A1
Q69520,A1
Q69521,A1
Q69522,A1
Q69523,A1
Q69524,A1
Q69525,A1
Q69526,A1
Q69527,A1
Q69528,A1
Q69529,A1
Q69530,A1
Q69531,A1
Q69532,A1
Q69533,A1
Q69534,A1
Q69535,A1
Q69536,A1
Q69537,A1
Q69538,A1
Q69539,A1
Q69540,A1
Q69541,A1
Q69542,A1
Q69543,A1
Q69544,A1
Q69545,A1
Q69546,A1
Q69547,A1
Q69548,A1
Q69549,A1
Q69550,A1
Q69551,A1
Q69552,A1
Q69553,A1
Q69554,A1
Q69555,A1
Q69556,A1
Q69557,A1
Q69558,A1
Q69559,A1
Q69560,A1
Q69561,A1
Q69562,A1
Q69563,A1
Q69564,A1
Q69565,A1
Q69566,A1
Q69567,A1
Q69568,A1
Q69569,A1
Q69570,A1
Q69571,A1
Q69572,A1
Q69573,A1
Q69574,A1
Q69575,A1
Q69576,A1
Q69577,A1
Q69578,A1
Q69579,A1
Q69580,A1
Q69581,A1
Q69582,A1
Q69583,A1
Q69584,A1
Q69585,A1
Q69586,A1
Q69587,A1
Q69588,A1
Q69589,A1
Q69590,A1
Q69591,A1
Q69592,A1
Q69593,A1
Q69594,A1
Q69595,A1
Q69596,A1
Q69597,A1
Q69598,A1
Q69599,A1
Q69600,A1
Q69601,A1
Q69602,A1
Q69603,A1
Q69604,A1
Q69605,A1
Q69606,A1
Q69607,A1
Q69608,A1
Q69609,A1
Q69610,A1
Q69611,A1
Q69612,A1
Q69613,A1
Q69614,A1
Q69615,A1
Q69616,A1
Q69617,A1
Q69618,A1
Q69619,A1
Q69620,A1
Q69621,A1
Q69622,A1
Q69623,A1
Q69624,A1
Q69625,A1
Q69626,A1
Q69627,A1
Q69628,A1
Q69629,A1
Q69630,A1
Q69631,A1
Q69632,A1
Q69633,A1
Q69634,A1
Q69635,A1
Q69636,A1
Q69637,A1
Q69638,A1
Q69639,A1
Q69640,A1
Q69641,A1
Q69642,A1
Q69643,A1
Q69644,A1
Q69645,A1
Q69646,A1
Q69647,A1
Q69648,A1
Q69649,A1
Q69650,A1
Q69651,A1
Q69652,A1
Q69653,A1
Q69654,A1
Q69655,A1
Q69656,A1
Q69657,A1
Q69658,A1
Q69659,A1
Q69660,A1
Q69661,A1
Q69662,A1
Q69663,A1
Q69664,A1
Q69665,A1
Q69666,A1
Q69667,A1
Q69668,A1
Q69669,A1
Q69670,A1
Q69671,A1
Q69672,A1
Q69673,A1
Q69674,A1
Q69675,A1
Q69676,A1
Q69677,A1
Q69678,A1
Q69679,A1
Q69680,A1
Q69681,A1
Q69682,A1
Q69683,A1
Q69684,A1
Q69685,A1
Q69686,A1
Q69687,A1
Q69688,A1
Q69689,A1
Q69690,A1
Q69691,A1
Q69692,A1
Q69693,A1
Q69694,A1
Q69695,A1
Q69696,A1
Q69697,A1
Q69698,A1
Q69699,A1
Q69700,A1
Q69701,A1
Q69702,A1
Q69703,A1
Q69704,A1
Q69705,A1
Q69706,A1
Q69707,A1
Q69708,A1
Q69709,A1
Q69710,A1
Q69711,A1
Q69712,A1
Q69713,A1
Q69714,A1
Q69715,A1
Q69716,A1
Q69717,A1
Q69718,A1
Q69719,A1
Q69720,A1
Q69721,A1
Q69722,A1
Q69723,A1
Q69724,A1
Q69725,A1
Q69726,A1
Q69727,A1
Q69728,A1
Q69729,A1
Q69730,A1
Q69731,A1
Q69732,A1
Q69733,A1
Q69734,A1
Q69735,A1
Q69736,A1
Q69737,A1
Q69738,A1
Q69739,A1
Q69740,A1
Q69741,A1
Q69742,A1
Q69743,A1
Q69744,A1
Q69745,A1
Q69746,A1
Q69747,A1
Q69748,A1
Q69749,A1
Q69750,A1
Q69751,A1
Q69752,A1
Q69753,A1
Q69754,A1
Q69755,A1
Q69756,A1
Q69757,A1
Q69758,A1
Q69759,A1
Q69760,A1
Q69761,A1
Q69762,A1
Q69763,A1
Q69764,A1
Q69765,A1
Q69766,A1
Q69767,A1
Q69768,A1
Q69769,A1
Q69770,A1
Q69771,A1
Q69772,A1
Q69773,A1
Q69774,A1
Q69775,A1
Q69776,A1
Q69777,A1
Q69778,A1
Q69779,A1
Q69780,A1
Q69781,A1
Q69782,A1
Q69783,A1
Q69784,A1
Q69785,A1
Q69786,A1
Q69787,A1
Q69788,A1
Q69789,A1
Q69790,A1
Q69791,A1
Q69792,A1
Q69793,A1
Q69794,A1
Q69795,A1
Q69796,A1
Q69797,A1
Q69798,A1
Q69799,A1
Q69800,A1
Q69801,A1
Q69802,A1
Q69803,A1
Q69804,A1
Q69805,A1
Q69806,A1
Q69807,A1
Q69808,A1
Q69809,A1
Q69810,A1
Q69811,A1
Q69812,A1
Q69813,A1
Q69814,A1
Q69815,A1
Q69816,A1
Q69817,A1
Q69818,A1
Q69819,A1
Q69820,A1
Q69821,A1
Q69822,A1
Q69823,A1
Q69824,A1
Q69825,A1
Q69826,A1
Q69827,A1
Q69828,A1
Q69829,A1
Q69830,A1
Q69831,A1
Q69832,A1
Q69833,A1
Q69834,A1
Q69835,A1
Q69836,A1
Q69837,A1
Q69838,A1
Q69839,A1
Q69840,A1
Q69841,A1
Q69842,A1
Q69843,A1
Q69844,A1
Q69845,A1
Q69846,A1
Q69847,A1
Q69848,A1
Q69849,A1
Q69850,A1
Q69851,A1
Q69852,A1
Q69853,A1
Q69854,A1
Q69855,A1
Q69856,A1
Q69857,A1
Q69858,A1
Q69859,A1
Q69860,A1
Q69861,A1
Q69862,A1
Q69863,A1
Q69864,A1
Q69865,A1
Q69866,A1
Q69867,A1
Q69868,A1
Q69869,A1
Q69870,A1
Q69871,A1
Q69872,A1
Q69873,A1
Q69874,A1
Q69875,A1
Q69876,A1
Q69877,A1
Q69878,A1
Q69879,A1
Q69880,A1
Q69881,A1
Q69882,A1
Q69883,A1
Q69884,A1
Q69885,A1
Q69886,A1
Q69887,A1
Q69888,A1
Q69889,A1
Q69890,A1
Q69891,A1
Q69892,A1
Q69893,A1
Q69894,A1
Q69895,A1
Q69896,A1
Q69897,A1
Q69898,A1
Q69899,A1
Q69900,A1
Q69901,A1
Q69902,A1
Q69903,A1
Q69904,A1
Q69905,A1
Q69906,A1
Q69907,A1
Q69908,A1
Q69909,A1
Q69910,A1
Q69911,A1
Q69912,A1
Q69913,A1
Q69914,A1
Q69915,A1
Q69916,A1
Q69917,A1
Q69918,A1
Q69919,A1
Q69920,A1
Q69921,A1
Q69922,A1
Q69923,A1
Q69924,A1
Q69925,A1
Q69926,A1
Q69927,A1
Q69928,A1
Q69929,A1
Q69930,A1
Q69931,A1
Q69932,A1
Q69933,A1
Q69934,A1
Q69935,A1
Q69936,A1
Q69937,A1
Q69938,A1
Q69939,A1
Q69940,A1
Q69941,A1
Q69942,A1
Q69943,A1
Q69944,A1
Q69945,A1
Q69946,A1
Q69947,A1
Q69948,A1
Q69949,A1
Q69950,A1
Q69951,A1
Q69952,A1
Q69953,A1
Q69954,A1
Q69955,A1
Q69956,A1
Q69957,A1
Q69958,A1
Q69959,A1
Q69960,A1
Q69961,A1
Q69962,A1
Q69963,A1
Q69964,A1
Q69965,A1
Q69966,A1
Q69967,A1
Q69968,A1
Q69969,A1
Q69970,A1
Q69971,A1
Q69972,A1
Q69973,A1
Q69974,A1
Q69975,A1
Q69976,A1
Q69977,A1
Q69978,A1
Q69979,A1
Q69980,A1
Q69981,A1
Q69982,A1
Q69983,A1
Q69984,A1
Q69985,A1
Q69986,A1
Q69987,A1
Q69988,A1
Q69989,A1
Q69990,A1
Q69991,A1
Q69992,A1
Q69993,A1
Q69994,A1
Q69995,A1
Q69996,A1
Q69997,A1
Q69998,A1
Q69999,A1
Q70000,A1
Q70001,A1
Q70002,A1
Q70003,A1
Q70004,A1
Q70005,A1
Q70006,A1
Q70007,A1
Q70008,A1
Q70009,A1
Q70010,A1
Q70011,A1
Q70012,A1
Q70013,A1
Q70014,A1
Q70015,A1
Q70016,A1
Q70017,A1
Q70018,A1
Q70019,A1
Q70020,A1
Q70021,A1
Q70022,A1
Q70023,A1
Q70024,A1
Q70025,A1
Q70026,A1
Q70027,A1
Q70028,A1
Q70029,A1
Q70030,A1
Q70031,A1
Q70032,A1
Q70033,A1
Q70034,A1
Q70035,A1
Q70036,A1
Q70037,A1
Q70038,A1
Q70039,A1
Q70040,A1
Q70041,A1
Q70042,A1
Q70043,A1
Q70044,A1
Q70045,A1
Q70046,A1
Q70047,A1
Q70048,A1
Q70049,A1
Q70050,A1
Q70051,A1
Q70052,A1
Q70053,A1
Q70054,A1
Q70055,A1
Q70056,A1
Q70057,A1
Q70058,A1
Q70059,A1
Q70060,A1
Q70061,A1
Q70062,A1
Q70063,A1
Q70064,A1
Q70065,A1
Q70066,A1
Q70067,A1
Q70068,A1
Q70069,A1
Q70070,A1
Q70071,A1
Q70072,A1
Q70073,A1
Q70074,A1
Q70075,A1
Q70076,A1
Q70077,A1
Q70078,A1
Q70079,A1
Q70080,A1
Q70081,A1
Q70082,A1
Q70083,A1
Q70084,A1
Q70085,A1
Q70086,A1
Q70087,A1
Q70088,A1
Q70089,A1
Q70090,A1
Q70091,A1
Q70092,A1
Q70093,A1
Q70094,A1
Q70095,A1
Q70096,A1
Q70097,A1
Q70098,A1
Q70099,A1
Q70100,A1
Q70101,A1
Q70102,A0
Q70103,A0
Q70104,A0
Q70105,A0
Q70106,A0
Q70107,A0
Q70108,A0
Q70109,A0
Q70110,A0
Q70111,A0
Q70112,A0
Q70113,A0
Q70114,A0
Q70115,A0
Q70116,A0
Q70117,A0
Q70118,A0
Q70119,A0
Q70120,A0
Q70121,A0
Q70122,A0
Q70123,A0
Q70124,A0
Q70125,A0
Q70126,A0
Q70127,A0
Q70128,A0
Q70129,A0
Q70130,A0
Q70131,A0
Q70132,A0
Q70133,A0
Q70134,A0
Q70135,A0
Q70136,A0
Q70137,A0
Q70138,A0
Q70139,A0
Q70140,A0
Q70141,A0
Q70142,A0
Q70143,A0
Q70144,A0
Q70145,A0
Q70146,A0
Q70147,A0
Q70148,A0
Q70149,A0
Q70150,A0
Q70151,A0
Q70152,A0
Q70153,A0
Q70154,A0
Q70155,A0
Q70156,A0
Q70157,A0
Q70158,A0
Q70159,A0
Q70160,A0
Q70161,A0
Q70162,A0
Q70163,A0
Q70164,A0
Q70165,A0
Q70166,A0
Q70167,A0
Q70168,A0
Q70169,A0
Q70170,A0
Q70171,A0
Q70172,A0
Q70173,A0
Q70174,A0
Q70175,A0
Q70176,A0
Q70177,A0
Q70178,A0
Q70179,A0
Q70180,A0
Q70181,A0
Q70182,A0
Q70183,A0
Q70184,A0
Q70185,A0
Q70186,A0
Q70187,A0
Q70188,A0
Q70189,A0
Q70190,A0
Q70191,A0
Q70192,A0
Q70193,A0
Q70194,A0
Q70195,A0
Q70196,A0
Q70197,A0
Q70198,A0
Q70199,A0
Q70200,A0
Q70201,A0
Q70202,A0
Q70203,A0
Q70204,A0
Q70205,A0
Q70206,A0
Q70207,A0
Q70208,A0
Q70209,A0
Q70210,A0
Q70211,A0
Q70212,A0
Q70213,A0
Q70214,A0
Q70215,A0
Q70216,A0
Q70217,A0
Q70218,A0
Q70219,A0
Q70220,A0
Q70221,A0
Q70222,A0
Q70223,A0
Q70224,A0
Q70225,A0
Q70226,A0
Q70227,A0
Q70228,A0
Q70229,A0
Q70230,A0
Q70231,A0
Q70232,A0
Q70233,A0
Q70234,A0
Q70235,A0
Q70236,A0
Q70237,A0
Q70238,A0
Q70239,A0
Q70240,A0
Q70241,A0
Q70242,A0
Q70243,A0
Q70244,A0
Q70245,A0
Q70246,A0
Q70247,A0
Q70248,A0
Q70249,A0
Q70250,A0
Q70251,A0
Q70252,A0
Q70253,A0
Q70254,A0
Q70255,A0
Q70256,A0
Q70257,A0
Q70258,A0
Q70259,A0
Q70260,A0
Q70261,A0
Q70262,A0
Q70263,A0
Q70264,A0
Q70265,A0
Q70266,A0
Q70267,A0
Q70268,A0
Q70269,A0
Q70270,A0
Q70271,A0
Q70272,A0
Q70273,A0
Q70274,A0
Q70275,A0
Q70276,A0
Q70277,A0
Q70278,A0
Q70279,A0
Q70280,A0
Q70281,A0
Q70282,A0
Q70283,A0
Q70284,A0
Q70285,A0
Q70286,A0
Q70287,A0
Q70288,A0
Q70289,A0
Q70290,A0
Q70291,A0
Q70292,A0
Q70293,A0
Q70294,A0
Q70295,A0
Q70296,A0
Q70297,A0
Q70298,A0
Q70299,A0
Q70300,A0
Q70301,A0
Q70302,A0
Q70303,A0
Q70304,A0
Q70305,A0
Q70306,A0
Q70307,A0
Q70308,A0
Q70309,A0
Q70310,A0
Q70311,A0
Q70312,A0
Q70313,A0
Q70314,A0
Q70315,A0
Q70316,A0
Q70317,A0
Q70318,A0
Q70319,A0
Q70320,A0
Q70321,A0
Q70322,A0
Q70323,A0
Q70324,A0
Q70325,A0
Q70326,A0
Q70327,A0
Q70328,A0
Q70329,A0
Q70330,A0
Q70331,A0
Q70332,A0
Q70333,A0
Q70334,A0
Q70335,A0
Q70336,A0
Q70337,A0
Q70338,A0
Q70339,A0
Q70340,A0
Q70341,A0
Q70342,A0
Q70343,A0
Q70344,A0
Q70345,A0
Q70346,A0
Q70347,A0
Q70348,A0
Q70349,A0
Q70350,A0
Q70351,A0
Q70352,A0
Q70353,A0
Q70354,A0
Q70355,A0
Q70356,A0
Q70357,A0
Q70358,A0
Q70359,A0
Q70360,A0
Q70361,A0
Q70362,A0
Q70363,A0
Q70364,A0
Q70365,A0
Q70366,A0
Q70367,A0
Q70368,A0
Q70369,A0
Q70370,A0
Q70371,A0
Q70372,A0
Q70373,A0
Q70374,A0
Q70375,A0
Q70376,A0
Q70377,A0
Q70378,A0
Q70379,A0
Q70380,A0
Q70381,A0
Q70382,A0
Q70383,A0
Q70384,A0
Q70385,A0
Q70386,A0
Q70387,A0
Q70388,A0
Q70389,A0
Q70390,A0
Q70391,A0
Q70392,A0
Q70393,A0
Q70394,A0
Q70395,A0
Q70396,A0
Q70397,A0
Q70398,A0
Q70399,A0
Q70400,A0
Q70401,A0
Q70402,A0
Q70403,A0
Q70404,A0
Q70405,A0
Q70406,A0
Q70407,A0
Q70408,A0
Q70409,A0
Q70410,A0
Q70411,A0
Q70412,A0
Q70413,A0
Q70414,A0
Q70415,A0
Q70416,A0
Q70417,A0
Q70418,A0
Q70419,A0
Q70420,A0
Q70421,A0
Q70422,A0
Q70423,A0
Q70424,A0
Q70425,A0
Q70426,A0
Q70427,A0
Q70428,A0
Q70429,A0
Q70430,A0
Q70431,A0
Q70432,A0
Q70433,A0
Q70434,A0
Q70435,A0
Q70436,A0
Q70437,A0
Q70438,A0
Q70439,A0
Q70440,A0
Q70441,A0
Q70442,A0
Q70443,A0
Q70444,A0
Q70445,A0
Q70446,A0
Q70447,A0
Q70448,A0
Q70449,A0
Q70450,A0
Q70451,A0
Q70452,A0
Q70453,A0
Q70454,A0
Q70455,A0
Q70456,A0
Q70457,A0
Q70458,A0
Q70459,A0
Q70460,A0
Q70461,A0
Q70462,A0
Q70463,A0
Q70464,A0
Q70465,A0
Q70466,A0
Q70467,A0
Q70468,A0
Q70469,A0
Q70470,A0
Q70471,A0
Q70472,A0
Q70473,A0
Q70474,A0
Q70475,A0
Q70476,A0
Q70477,A0
Q70478,A0
Q70479,A0
Q70480,A0
Q70481,A0
Q70482,A0
Q70483,A0
Q70484,A0
Q70485,A0
Q70486,A0
Q70487,A0
Q70488,A0
Q70489,A0
Q70490,A0
Q70491,A0
Q70492,A0
Q70493,A0
Q70494,A0
Q70495,A0
Q70496,A0
Q70497,A0
Q70498,A0
Q70499,A0
Q70500,A0
Q70501,A0
Q70502,A0
Q70503,A0
Q70504,A0
Q70505,A0
Q70506,A0
Q70507,A0
Q70508,A0
Q70509,A0
Q70510,A0
Q70511,A0
Q70512,A0
Q70513,A0
Q70514,A0
Q70515,A0
Q70516,A0
Q70517,A0
Q70518,A0
Q70519,A0
Q70520,A0
Q70521,A0
Q70522,A0
Q70523,A0
Q70524,A0
Q70525,A0
Q70526,A0
Q70527,A0
Q70528,A0
Q70529,A0
Q70530,A0
Q70531,A0
Q70532,A0
Q70533,A0
Q70534,A0
Q70535,A0
Q70536,A0
Q70537,A0
Q70538,A0
Q70539,A0
Q70540,A0
Q70541,A0
Q70542,A0
Q70543,A0
Q70544,A0
Q70545,A0
Q70546,A0
Q70547,A0
Q70548,A0
Q70549,A0
Q70550,A0
Q70551,A0
Q70552,A0
Q70553,A0
Q70554,A0
Q70555,A0
Q70556,A0
Q70557,A0
Q70558,A0
Q70559,A0
Q70560,A0
Q70561,A0
Q70562,A0
Q70563,A0
Q70564,A0
Q70565,A0
Q70566,A0
Q70567,A0
Q70568,A0
Q70569,A0
Q70570,A0
Q70571,A0
Q70572,A0
Q70573,A0
Q70574,A0
Q70575,A0
Q70576,A0
Q70577,A0
Q70578,A0
Q70579,A0
Q70580,A0
Q70581,A0
Q70582,A0
Q70583,A0
Q70584,A0
Q70585,A0
Q70586,A0
Q70587,A0
Q70588,A0
Q70589,A0
Q70590,A0
Q70591,A0
Q70592,A0
Q70593,A0
Q70594,A0
Q70595,A0
Q70596,A0
Q70597,A0
Q70598,A0
Q70599,A0
Q70600,A0
Q70601,A0
Q70602,A0
Q70603,A0
Q70604,A0
Q70605,A0
Q70606,A0
Q70607,A0
Q70608,A0
Q70609,A0
Q70610,A0
Q70611,A0
Q70612,A0
Q70613,A0
Q70614,A0
Q70615,A0
Q70616,A0
Q70617,A0
Q70618,A0
Q70619,A0
Q70620,A0
Q70621,A0
Q70622,A0
Q70623,A0
Q70624,A0
Q70625,A0
Q70626,A0
Q70627,A0
Q70628,A0
Q70629,A0
Q70630,A0
Q70631,A0
Q70632,A0
Q70633,A0
Q70634,A0
Q70635,A0
Q70636,A0
Q70637,A0
Q70638,A0
Q70639,A0
Q70640,A0
Q70641,A0
Q70642,A0
Q70643,A0
Q70644,A0
Q70645,A0
Q70646,A0
Q70647,A0
Q70648,A0
Q70649,A0
Q70650,A0
Q70651,A0
Q70652,A0
Q70653,A0
Q70654,A0
Q70655,A0
Q70656,A0
Q70657,A0
Q70658,A0
Q70659,A0
Q70660,A0
Q70661,A0
Q70662,A0
Q70663,A0
Q70664,A0
Q70665,A0
Q70666,A0
Q70667,A0
Q70668,A0
Q70669,A0
Q70670,A0
Q70671,A0
Q70672,A0
Q70673,A0
Q70674,A0
Q70675,A0
Q70676,A0
Q70677,A0
Q70678,A0
Q70679,A0
Q70680,A0
Q70681,A0
Q70682,A0
Q70683,A0
Q70684,A0
Q70685,A0
Q70686,A0
Q70687,A0
Q70688,A0
Q70689,A0
Q70690,A0
Q70691,A0
Q70692,A0
Q70693,A0
Q70694,A0
Q70695,A0
Q70696,A0
Q70697,A0
Q70698,A0
Q70699,A0
Q70700,A0
Q70701,A0
Q70702,A0
Q70703,A0
Q70704,A0
Q70705,A0
Q70706,A0
Q70707,A0
Q70708,A0
Q70709,A0
Q70710,A0
Q70711,A0
Q70712,A0
Q70713,A0
Q70714,A0
Q70715,A0
Q70716,A0
Q70717,A0
Q70718,A0
Q70719,A0
Q70720,A0
Q70721,A0
Q70722,A0
Q70723,A0
Q70724,A0
Q70725,A0
Q70726,A0
Q70727,A0
Q70728,A0
Q70729,A0
Q70730,A0
Q70731,A0
Q70732,A0
Q70733,A0
Q70734,A0
Q70735,A0
Q70736,A0
Q70737,A0
Q70738,A0
Q70739,A0
Q70740,A0
Q70741,A0
Q70742,A0
Q70743,A0
Q70744,A0
Q70745,A0
Q70746,A0
Q70747,A0
Q70748,A0
Q70749,A0
Q70750,A0
Q70751,A0
Q70752,A0
Q70753,A0
Q70754,A0
Q70755,A0
Q70756,A0
Q70757,A0
Q70758,A0
Q70759,A0
Q70760,A0
Q70761,A0
Q70762,A0
Q70763,A0
Q70764,A0
Q70765,A0
Q70766,A0
Q70767,A0
Q70768,A0
Q70769,A0
Q70770,A0
Q70771,A0
Q70772,A0
Q70773,A0
Q70774,A0
Q70775,A0
Q70776,A0
Q70777,A0
Q70778,A0
Q70779,A0
Q70780,A0
Q70781,A0
Q70782,A0
Q70783,A0
Q70784,A0
Q70785,A0
Q70786,A0
Q70787,A0
Q70788,A0
Q70789,A0
Q70790,A0
Q70791,A0
Q70792,A0
Q70793,A0
Q70794,A0
Q70795,A0
Q70796,A0
Q70797,A0
Q70798,A0
Q70799,A0
Q70800,A0
Q70801,A0
Q70802,A0
Q70803,A0
Q70804,A0
Q70805,A0
Q70806,A0
Q70807,A0
Q70808,A0
Q70809,A0
Q70810,A0
Q70811,A0
Q70812,A0
Q70813,A0
Q70814,A0
Q70815,A0
Q70816,A0
Q70817,A0
Q70818,A0
Q70819,A0
Q70820,A0
Q70821,A0
Q70822,A0
Q70823,A0
Q70824,A0
Q70825,A0
Q70826,A0
Q70827,A0
Q70828,A0
Q70829,A0
Q70830,A0
Q70831,A0
Q70832,A0
Q70833,A0
Q70834,A0
Q70835,A0
Q70836,A0
Q70837,A0
Q70838,A0
Q70839,A0
Q70840,A0
Q70841,A0
Q70842,A0
Q70843,A0
Q70844,A0
Q70845,A0
Q70846,A0
Q70847,A0
Q70848,A0
Q70849,A0
Q70850,A0
Q70851,A0
Q70852,A0
Q70853,A0
Q70854,A0
Q70855,A0
Q70856,A0
Q70857,A0
Q70858,A0
Q70859,A0
Q70860,A0
Q70861,A0
Q70862,A0
Q70863,A0
Q70864,A0
Q70865,A0
Q70866,A0
Q70867,A0
Q70868,A0
Q70869,A0
Q70870,A0
Q70871,A0
Q70872,A0
Q70873,A0
Q70874,A0
Q70875,A0
Q70876,A0
Q70877,A0
Q70878,A0
Q70879,A0
Q70880,A0
Q70881,A0
Q70882,A0
Q70883,A0
Q70884,A0
Q70885,A0
Q70886,A0
Q70887,A0
Q70888,A0
Q70889,A0
Q70890,A0
Q70891,A0
Q70892,A0
Q70893,A0
Q70894,A0
Q70895,A0
Q70896,A0
Q70897,A0
Q70898,A0
Q70899,A0
Q70900,A0
Q70901,A0
Q70902,A0
Q70903,A0
Q70904,A0
Q70905,A0
Q70906,A0
Q70907,A0
Q70908,A0
Q70909,A0
Q70910,A0
Q70911,A0
Q70912,A0
Q70913,A0
Q70914,A0
Q70915,A0
Q70916,A0
Q70917,A0
Q70918,A0
Q70919,A0
Q70920,A0
Q70921,A0
Q70922,A0
Q70923,A0
Q70924,A0
Q70925,A0
Q70926,A0
Q70927,A0
Q70928,A0
Q70929,A0
Q70930,A0
Q70931,A0
Q70932,A0
Q70933,A0
Q70934,A0
Q70935,A0
Q70936,A0
Q70937,A0
Q70938,A0
Q70939,A0
Q70940,A0
Q70941,A0
Q70942,A0
Q70943,A0
Q70944,A0
Q70945,A0
Q70946,A0
Q70947,A0
Q70948,A0
Q70949,A0
Q70950,A0
Q70951,A0
Q70952,A0
Q70953,A0
Q70954,A0
Q70955,A0
Q70956,A0
Q70957,A0
Q70958,A0
Q70959,A0
Q70960,A0
Q70961,A0
Q70962,A0
Q70963,A0
Q70964,A0
Q70965,A0
Q70966,A0
Q70967,A0
Q70968,A0
Q70969,A0
Q70970,A0
Q70971,A0
Q70972,A0
Q70973,A0
Q70974,A0
Q70975,A0
Q70976,A0
Q70977,A0
Q70978,A0
Q70979,A0
Q70980,A0
Q70981,A0
Q70982,A0
Q70983,A0
Q70984,A0
Q70985,A0
Q70986,A0
Q70987,A0
Q70988,A0
Q70989,A0
Q70990,A0
Q70991,A0
Q70992,A0
Q70993,A0
Q70994,A0
Q70995,A0
Q70996,A0
Q70997,A0
Q70998,A0
Q70999,A0
Q71000,A0
Q71001,A0
Q71002,A0
Q71003,A0
Q71004,A0
Q71005,A0
Q71006,A0
Q71007,A0
Q71008,A0
Q71009,A0
Q71010,A0
Q71011,A0
Q71012,A0
Q71013,A0
Q71014,A0
Q71015,A0
Q71016,A0
Q71017,A0
Q71018,A0
Q71019,A0
Q71020,A0
Q71021,A0
Q71022,A0
Q71023,A0
Q71024,A0
Q71025,A0
Q71026,A0
Q71027,A0
Q71028,A0
Q71029,A0
Q71030,A0
Q71031,A0
Q71032,A0
Q71033,A0
Q71034,A0
Q71035,A0
Q71036,A0
Q71037,A0
Q71038,A0
Q71039,A0
Q71040,A0
Q71041,A0
Q71042,A0
Q71043,A0
Q71044,A0
Q71045,A0
Q71046,A0
Q71047,A0
Q71048,A0
Q71049,A0
Q71050,A0
Q71051,A0
Q71052,A0
Q71053,A0
Q71054,A0
Q71055,A0
Q71056,A0
Q71057,A0
Q71058,A0
Q71059,A0
Q71060,A0
Q71061,A0
Q71062,A0
Q71063,A0
Q71064,A0
Q71065,A0
Q71066,A0
Q71067,A0
Q71068,A0
Q71069,A0
Q71070,A0
Q71071,A0
Q71072,A0
Q71073,A0
Q71074,A0
Q71075,A0
Q71076,A0
Q71077,A0
Q71078,A0
Q71079,A0
Q71080,A0
Q71081,A0
Q71082,A0
Q71083,A0
Q71084,A0
Q71085,A0
Q71086,A0
Q71087,A0
Q71088,A0
Q71089,A0
Q71090,A0
Q71091,A0
Q71092,A0
Q71093,A0
Q71094,A0
Q71095,A0
Q71096,A0
Q71097,A0
Q71098,A0
Q71099,A0
Q71100,A0
Q71101,A0
Q71102,A0
Q71103,A0
Q71104,A0
Q71105,A0
Q71106,A0
Q71107,A0
Q71108,A0
Q71109,A0
Q71110,A0
Q71111,A0
Q71112,A0
Q71113,A0
Q71114,A0
Q71115,A0
Q71116,A0
Q71117,A0
Q71118,A0
Q71119,A0
Q71120,A0
Q71121,A0
Q71122,A0
Q71123,A0
Q71124,A0
Q71125,A0
Q71126,A0
Q71127,A0
Q71128,A0
Q71129,A0
Q71130,A0
Q71131,A0
Q71132,A0
Q71133,A0
Q71134,A0
Q71135,A0
Q71136,A0
Q71137,A0
Q71138,A0
Q71139,A0
Q71140,A0
Q71141,A0
Q71142,A0
Q71143,A0
Q71144,A0
Q71145,A0
Q71146,A0
Q71147,A0
Q71148,A0
Q71149,A0
Q71150,A0
Q71151,A0
Q71152,A0
Q71153,A0
Q71154,A0
Q71155,A0
Q71156,A0
Q71157,A0
Q71158,A0
Q71159,A0
Q71160,A0
Q71161,A0
Q71162,A0
Q71163,A0
Q71164,A0
Q71165,A0
Q71166,A0
Q71167,A0
Q71168,A0
Q71169,A0
Q71170,A0
Q71171,A0
Q71172,A0
Q71173,A0
Q71174,A0
Q71175,A0
Q71176,A0
Q71177,A0
Q71178,A0
Q71179,A0
Q71180,A0
Q71181,A0
Q71182,A0
Q71183,A0
Q71184,A0
Q71185,A0
Q71186,A0
Q71187,A0
Q71188,A0
Q71189,A0
Q71190,A0
Q71191,A0
Q71192,A0
Q71193,A0
Q71194,A0
Q71195,A0
Q71196,A0
Q71197,A0
Q71198,A0
Q71199,A0
Q71200,A0
Q71201,A0
Q71202,A0
Q71203,A0
Q71204,A0
Q71205,A0
Q71206,A0
Q71207,A0
Q71208,A0
Q71209,A0
Q71210,A0
Q71211,A0
Q71212,A0
Q71213,A0
Q71214,A0
Q71215,A0
Q71216,A0
Q71217,A0
Q71218,A0
Q71219,A0
Q71220,A0
Q71221,A0
Q71222,A0
Q71223,A0
Q71224,A0
Q71225,A0
Q71226,A0
Q71227,A0
Q71228,A0
Q71229,A0
Q71230,A0
Q71231,A0
Q71232,A0
Q71233,A0
Q71234,A0
Q71235,A0
Q71236,A0
Q71237,A2
Q71238,A2
Q71239,A2
Q71240,A2
Q71241,A2
Q71242,A2
Q71243,A2
Q71244,A2
Q71245,A2
Q71246,A2
Q71247,A2
Q71248,A2
Q71249,A2
Q71250,A2
Q71251,A2
Q71252,A2
Q71253,A2
Q71254,A2
Q71255,A2
Q71256,A2
Q71257,A2
Q71258,A2
Q71259,A2
Q71260,A2
Q71261,A2
Q71262,A2
Q71263,A2
Q71264,A2
Q71265,A2
Q71266,A2
Q71267,A2
Q71268,A2
Q71269,A2
Q71270,A2
Q71271,A2
Q71272,A2
Q71273,A2
Q71274,A2
Q71275,A2
Q71276,A2
Q71277,A2
Q71278,A2
Q71279,A2
Q71280,A2
Q71281,A2
Q71282,A2
Q71283,A2
Q71284,A2
Q71285,A2
Q71286,A2
Q71287,A2
Q71288,A2
Q71289,A2
Q71290,A2
Q71291,A2
Q71292,A2
Q71293,A2
Q71294,A2
Q71295,A2
Q71296,A2
Q71297,A2
Q71298,A2
Q71299,A2
Q71300,A2
Q71301,A2
Q71302,A2
Q71303,A2
Q71304,A2
Q71305,A2
Q71306,A2
Q71307,A2
Q71308,A2
Q71309,A2
Q71310,A2
Q71311,A2
Q71312,A2
Q71313,A2
Q71314,A2
Q71315,A2
Q71316,A2
Q71317,A2
Q71318,A2
Q71319,A2
Q71320,A2
Q71321,A2
Q71322,A2
Q71323,A2
Q71324,A2
Q71325,A2
Q71326,A2
Q71327,A2
Q71328,A2
Q71329,A2
Q71330,A2
Q71331,A2
Q71332,A2
Q71333,A2
Q71334,A2
Q71335,A2
Q71336,A2
Q71337,A2
Q71338,A2
Q71339,A2
Q71340,A2
Q71341,A2
Q71342,A2
Q71343,A2
Q71344,A2
Q71345,A2
Q71346,A2
Q71347,A2
Q71348,A2
Q71349,A2
Q71350,A2
Q71351,A2
Q71352,A2
Q71353,A2
Q71354,A2
Q71355,A2
Q71356,A2
Q71357,A2
Q71358,A2
Q71359,A2
Q71360,A2
Q71361,A2
Q71362,A2
Q71363,A2
Q71364,A2
Q71365,A2
Q71366,A2
Q71367,A2
Q71368,A2
Q71369,A2
Q71370,A2
Q71371,A2
Q71372,A2
Q71373,A2
Q71374,A2
Q71375,A2
Q71376,A2
Q71377,A2
Q71378,A2
Q71379,A2
Q71380,A2
Q71381,A2
Q71382,A2
Q71383,A2
Q71384,A2
Q71385,A2
Q71386,A2
Q71387,A2
Q71388,A2
Q71389,A2
Q71390,A2
Q71391,A2
Q71392,A2
Q71393,A2
Q71394,A2
Q71395,A2
Q71396,A2
Q71397,A2
Q71398,A2
Q71399,A2
Q71400,A2
Q71401,A2
Q71402,A2
Q71403,A2
Q71404,A2
Q71405,A2
Q71406,A2
Q71407,A2
Q71408,A2
Q71409,A2
Q71410,A2
Q71411,A2
Q71412,A2
Q71413,A2
Q71414,A2
Q71415,A2
Q71416,A2
Q71417,A2
Q71418,A2
Q71419,A2
Q71420,A2
Q71421,A2
Q71422,A2
Q71423,A2
Q71424,A2
Q71425,A2
Q71426,A2
Q71427,A2
Q71428,A2
Q71429,A2
Q71430,A2
Q71431,A2
Q71432,A2
Q71433,A2
Q71434,A2
Q71435,A2
Q71436,A2
Q71437,A2
Q71438,A2
Q71439,A2
Q71440,A2
Q71441,A2
Q71442,A2
Q71443,A2
Q71444,A2
Q71445,A2
Q71446,A2
Q71447,A2
Q71448,A2
Q71449,A2
Q71450,A2
Q71451,A2
Q71452,A2
Q71453,A2
Q71454,A2
Q71455,A2
Q71456,A2
Q71457,A2
Q71458,A2
Q71459,A2
Q71460,A2
Q71461,A2
Q71462,A2
Q71463,A2
Q71464,A2
Q71465,A2
Q71466,A2
Q71467,A2
Q71468,A2
Q71469,A2
Q71470,A2
Q71471,A2
Q71472,A2
Q71473,A2
Q71474,A2
Q71475,A2
Q71476,A2
Q71477,A2
Q71478,A2
Q71479,A2
Q71480,A2
Q71481,A2
Q71482,A2
Q71483,A2
Q71484,A2
Q71485,A2
Q71486,A2
Q71487,A2
Q71488,A2
Q71489,A2
Q71490,A2
Q71491,A2
Q71492,A2
Q71493,A2
Q71494,A2
Q71495,A2
Q71496,A2
Q71497,A2
Q71498,A2
Q71499,A2
Q71500,A2
Q71501,A2
Q71502,A2
Q71503,A2
Q71504,A2
Q71505,A2
Q71506,A2
Q71507,A2
Q71508,A2
Q71509,A2
Q71510,A2
Q71511,A2
Q71512,A2
Q71513,A2
Q71514,A2
Q71515,A2
Q71516,A2
Q71517,A2
Q71518,A2
Q71519,A2
Q71520,A2
Q71521,A2
Q71522,A2
Q71523,A2
Q71524,A2
Q71525,A2
Q71526,A2
Q71527,A2
Q71528,A2
Q71529,A2
Q71530,A2
Q71531,A2
Q71532,A2
Q71533,A2
Q71534,A2
Q71535,A2
Q71536,A2
Q71537,A2
Q71538,A2
Q71539,A2
Q71540,A2
Q71541,A2
Q71542,A2
Q71543,A2
Q71544,A2
Q71545,A2
Q71546,A2
Q71547,A2
Q71548,A2
Q71549,A2
Q71550,A2
Q71551,A2
Q71552,A2
Q71553,A2
Q71554,A2
Q71555,A2
Q71556,A2
Q71557,A2
Q71558,A2
Q71559,A2
Q71560,A2
Q71561,A2
Q71562,A2
Q71563,A2
Q71564,A2
Q71565,A2
Q71566,A2
Q71567,A2
Q71568,A2
Q71569,A2
Q71570,A2
Q71571,A2
Q71572,A2
Q71573,A2
Q71574,A2
Q71575,A2
Q71576,A2
Q71577,A2
Q71578,A2
Q71579,A2
Q71580,A2
Q71581,A2
Q71582,A2
Q71583,A2
Q71584,A2
Q71585,A2
Q71586,A2
Q71587,A2
Q71588,A2
Q71589,A2
Q71590,A2
Q71591,A2
Q71592,A2
Q71593,A2
Q71594,A2
Q71595,A2
Q71596,A2
Q71597,A2
Q71598,A2
Q71599,A2
Q71600,A2
Q71601,A2
Q71602,A2
Q71603,A2
Q71604,A2
Q71605,A2
Q71606,A2
Q71607,A2
Q71608,A2
Q71609,A2
Q71610,A2
Q71611,A2
Q71612,A2
Q71613,A2
Q71614,A2
Q71615,A2
Q71616,A2
Q71617,A2
Q71618,A2
Q71619,A2
Q71620,A2
Q71621,A2
Q71622,A2
Q71623,A2
Q71624,A2
Q71625,A2
Q71626,A2
Q71627,A2
Q71628,A2
Q71629,A2
Q71630,A2
Q71631,A2
Q71632,A2
Q71633,A2
Q71634,A2
Q71635,A2
Q71636,A2
Q71637,A2
Q71638,A2
Q71639,A2
Q71640,A2
Q71641,A2
Q71642,A2
Q71643,A2
Q71644,A2
Q71645,A2
Q71646,A2
Q71647,A2
Q71648,A2
Q71649,A2
Q71650,A2
Q71651,A2
Q71652,A2
Q71653,A2
Q71654,A2
Q71655,A2
Q71656,A2
Q71657,A2
Q71658,A2
Q71659,A2
Q71660,A2
Q71661,A2
Q71662,A2
Q71663,A2
Q71664,A2
Q71665,A2
Q71666,A2
Q71667,A2
Q71668,A2
Q71669,A2
Q71670,A2
Q71671,A2
Q71672,A2
Q71673,A2
Q71674,A2
Q71675,A2
Q71676,A2
Q71677,A2
Q71678,A2
Q71679,A2
Q71680,A2
Q71681,A2
Q71682,A2
Q71683,A2
Q71684,A2
Q71685,A2
Q71686,A2
Q71687,A2
Q71688,A2
Q71689,A2
Q71690,A2
Q71691,A2
Q71692,A2
Q71693,A2
Q71694,A2
Q71695,A2
Q71696,A2
Q71697,A2
Q71698,A2
Q71699,A2
Q71700,A2
Q71701,A2
Q71702,A2
Q71703,A2
Q71704,A2
Q71705,A2
Q71706,A2
Q71707,A2
Q71708,A2
Q71709,A2
Q71710,A2
Q71711,A2
Q71712,A2
Q71713,A2
Q71714,A2
Q71715,A2
Q71716,A2
Q71717,A2
Q71718,A2
Q71719,A2
Q71720,A2
Q71721,A2
Q71722,A2
Q71723,A2
Q71724,A2
Q71725,A2
Q71726,A2
Q71727,A2
Q71728,A2
Q71729,A2
Q71730,A2
Q71731,A2
Q71732,A2
Q71733,A2
Q71734,A2
Q71735,A2
Q71736,A2
Q71737,A2
Q71738,A2
Q71739,A2
Q71740,A2
Q71741,A2
Q71742,A2
Q71743,A2
Q71744,A2
Q71745,A2
Q71746,A2
Q71747,A2
Q71748,A2
Q71749,A2
Q71750,A2
Q71751,A2
Q71752,A2
Q71753,A2
Q71754,A2
Q71755,A2
Q71756,A2
Q71757,A2
Q71758,A2
Q71759,A2
Q71760,A2
Q71761,A2
Q71762,A2
Q71763,A2
Q71764,A2
Q71765,A2
Q71766,A2
Q71767,A2
Q71768,A2
Q71769,A2
Q71770,A2
Q71771,A2
Q71772,A2
Q71773,A2
Q71774,A2
Q71775,A2
Q71776,A2
Q71777,A2
Q71778,A2
Q71779,A2
Q71780,A2
Q71781,A2
Q71782,A2
Q71783,A2
Q71784,A2
Q71785,A2
Q71786,A2
Q71787,A2
Q71788,A2
Q71789,A2
Q71790,A2
Q71791,A2
Q71792,A2
Q71793,A2
Q71794,A2
Q71795,A2
Q71796,A2
Q71797,A2
Q71798,A2
Q71799,A2
Q71800,A2
Q71801,A2
Q71802,A2
Q71803,A2
Q71804,A2
Q71805,A2
Q71806,A2
Q71807,A2
Q71808,A2
Q71809,A2
Q71810,A2
Q71811,A2
Q71812,A2
Q71813,A2
Q71814,A2
Q71815,A2
Q71816,A2
Q71817,A2
Q71818,A2
Q71819,A2
Q71820,A2
Q71821,A2
Q71822,A2
Q71823,A2
Q71824,A2
Q71825,A2
Q71826,A2
Q71827,A2
Q71828,A2
Q71829,A2
Q71830,A2
Q71831,A2
Q71832,A2
Q71833,A2
Q71834,A2
Q71835,A2
Q71836,A2
Q71837,A2
Q71838,A2
Q71839,A2
Q71840,A2
Q71841,A2
Q71842,A2
Q71843,A2
Q71844,A2
Q71845,A2
Q71846,A2
Q71847,A2
Q71848,A2
Q71849,A2
Q71850,A2
Q71851,A2
Q71852,A2
Q71853,A2
Q71854,A2
Q71855,A2
Q71856,A2
Q71857,A2
Q71858,A2
Q71859,A2
Q71860,A2
Q71861,A2
Q71862,A2
Q71863,A2
Q71864,A2
Q71865,A2
Q71866,A2
Q71867,A2
Q71868,A2
Q71869,A2
Q71870,A2
Q71871,A2
Q71872,A2
Q71873,A2
Q71874,A2
Q71875,A2
Q71876,A2
Q71877,A2
Q71878,A2
Q71879,A2
Q71880,A2
Q71881,A2
Q71882,A2
Q71883,A2
Q71884,A2
Q71885,A2
Q71886,A2
Q71887,A2
Q71888,A2
Q71889,A2
Q71890,A2
Q71891,A2
Q71892,A2
Q71893,A2
Q71894,A2
Q71895,A2
Q71896,A2
Q71897,A2
Q71898,A2
Q71899,A2
Q71900,A2
Q71901,A2
Q71902,A2
Q71903,A2
Q71904,A2
Q71905,A2
Q71906,A2
Q71907,A2
Q71908,A2
Q71909,A2
Q71910,A2
Q71911,A2
Q71912,A2
Q71913,A2
Q71914,A2
Q71915,A2
Q71916,A2
Q71917,A2
Q71918,A2
Q71919,A2
Q71920,A2
Q71921,A2
Q71922,A2
Q71923,A2
Q71924,A2
Q71925,A2
Q71926,A2
Q71927,A2
Q71928,A2
Q71929,A2
Q71930,A2
Q71931,A2
Q71932,A2
Q71933,A2
Q71934,A2
Q71935,A2
Q71936,A2
Q71937,A2
Q71938,A2
Q71939,A2
Q71940,A2
Q71941,A2
Q71942,A2
Q71943,A2
Q71944,A2
Q71945,A2
Q71946,A2
Q71947,A2
Q71948,A2
Q71949,A2
Q71950,A2
Q71951,A2
Q71952,A2
Q71953,A2
Q71954,A2
Q71955,A2
Q71956,A2
Q71957,A2
Q71958,A2
Q71959,A2
Q71960,A2
Q71961,A2
Q71962,A2
Q71963,A2
Q71964,A2
Q71965,A2
Q71966,A2
Q71967,A2
Q71968,A2
Q71969,A2
Q71970,A2
Q71971,A2
Q71972,A2
Q71973,A2
Q71974,A2
Q71975,A2
Q71976,A2
Q71977,A2
Q71978,A2
Q71979,A2
Q71980,A2
Q71981,A2
Q71982,A2
Q71983,A2
Q71984,A2
Q71985,A2
Q71986,A2
Q71987,A2
Q71988,A2
Q71989,A2
Q71990,A2
Q71991,A2
Q71992,A2
Q71993,A2
Q71994,A2
Q71995,A2
Q71996,A2
Q71997,A2
Q71998,A2
Q71999,A2
Q72000,A2
Q72001,A2
Q72002,A2
Q72003,A2
Q72004,A2
Q72005,A2
Q72006,A2
Q72007,A2
Q72008,A2
Q72009,A2
Q72010,A2
Q72011,A2
Q72012,A2
Q72013,A2
Q72014,A2
Q72015,A2
Q72016,A2
Q72017,A2
Q72018,A2
Q72019,A2
Q72020,A2
Q72021,A2
Q72022,A2
Q72023,A2
Q72024,A2
Q72025,A2
Q72026,A2
Q72027,A2
Q72028,A2
Q72029,A2
Q72030,A2
Q72031,A2
Q72032,A2
Q72033,A2
Q72034,A2
Q72035,A2
Q72036,A2
Q72037,A2
Q72038,A2
Q72039,A2
Q72040,A2
Q72041,A2
Q72042,A2
Q72043,A2
Q72044,A2
Q72045,A2
Q72046,A2
Q72047,A2
Q72048,A2
Q72049,A2
Q72050,A2
Q72051,A2
Q72052,A2
Q72053,A2
Q72054,A2
Q72055,A2
Q72056,A2
Q72057,A2
Q72058,A2
Q72059,A2
Q72060,A2
Q72061,A2
Q72062,A2
Q72063,A2
Q72064,A2
Q72065,A2
Q72066,A2
Q72067,A2
Q72068,A2
Q72069,A2
Q72070,A2
Q72071,A2
Q72072,A2
Q72073,A2
Q72074,A2
Q72075,A2
Q72076,A2
Q72077,A2
Q72078,A2
Q72079,A2
Q72080,A2
Q72081,A2
Q72082,A2
Q72083,A2
Q72084,A2
Q72085,A2
Q72086,A2
Q72087,A2
Q72088,A2
Q72089,A2
Q72090,A2
Q72091,A2
Q72092,A2
Q72093,A2
Q72094,A2
Q72095,A2
Q72096,A2
Q72097,A2
Q72098,A2
Q72099,A2
Q72100,A2
Q72101,A2
Q72102,A2
Q72103,A2
Q72104,A2
Q72105,A2
Q72106,A2
Q72107,A2
Q72108,A2
Q72109,A2
Q72110,A2
Q72111,A2
Q72112,A2
Q72113,A2
Q72114,A2
Q72115,A2
Q72116,A2
Q72117,A2
Q72118,A2
Q72119,A2
Q72120,A2
Q72121,A2
Q72122,A2
Q72123,A2
Q72124,A2
Q72125,A2
Q72126,A2
Q72127,A2
Q72128,A2
Q72129,A2
Q72130,A2
Q72131,A2
Q72132,A2
Q72133,A2
Q72134,A2
Q72135,A2
Q72136,A2
Q72137,A2
Q72138,A2
Q72139,A2
Q72140,A2
Q72141,A2
Q72142,A2
Q72143,A2
Q72144,A2
Q72145,A2
Q72146,A2
Q72147,A2
Q72148,A2
Q72149,A2
Q72150,A2
Q72151,A2
Q72152,A2
Q72153,A2
Q72154,A2
Q72155,A2
Q72156,A2
Q72157,A2
Q72158,A2
Q72159,A2
Q72160,A2
Q72161,A2
Q72162,A2
Q72163,A2
Q72164,A2
Q72165,A2
Q72166,A2
Q72167,A2
Q72168,A2
Q72169,A2
Q72170,A2
Q72171,A2
Q72172,A2
Q72173,A2
Q72174,A2
Q72175,A2
Q72176,A2
Q72177,A2
Q72178,A2
Q72179,A2
Q72180,A2
Q72181,A2
Q72182,A2
Q72183,A2
Q72184,A2
Q72185,A2
Q72186,A2
Q72187,A2
Q72188,A2
Q72189,A2
Q72190,A2
Q72191,A2
Q72192,A2
Q72193,A2
Q72194,A2
Q72195,A2
Q72196,A2
Q72197,A2
Q72198,A2
Q72199,A2
Q72200,A2
Q72201,A2
Q72202,A2
Q72203,A2
Q72204,A2
Q72205,A2
Q72206,A2
Q72207,A2
Q72208,A2
Q72209,A2
Q72210,A2
Q72211,A2
Q72212,A2
Q72213,A2
Q72214,A2
Q72215,A2
Q72216,A2
Q72217,A2
Q72218,A2
Q72219,A2
Q72220,A2
Q72221,A2
Q72222,A2
Q72223,A2
Q72224,A2
Q72225,A2
Q72226,A2
Q72227,A2
Q72228,A2
Q72229,A2
Q72230,A2
Q72231,A2
Q72232,A2
Q72233,A2
Q72234,A2
Q72235,A2
Q72236,A2
Q72237,A2
Q72238,A2
Q72239,A2
Q72240,A2
Q72241,A2
Q72242,A2
Q72243,A2
Q72244,A2
Q72245,A2
Q72246,A2
Q72247,A2
Q72248,A2
Q72249,A2
Q72250,A2
Q72251,A2
Q72252,A2
Q72253,A2
Q72254,A2
Q72255,A2
Q72256,A2
Q72257,A2
Q72258,A2
Q72259,A2
Q72260,A2
Q72261,A2
Q72262,A2
Q72263,A2
Q72264,A2
Q72265,A2
Q72266,A2
Q72267,A2
Q72268,A2
Q72269,A2
Q72270,A2
Q72271,A2
Q72272,A2
Q72273,A2
Q72274,A2
Q72275,A2
Q72276,A2
Q72277,A2
Q72278,A2
Q72279,A2
Q72280,A2
Q72281,A2
Q72282,A2
Q72283,A2
Q72284,A2
Q72285,A2
Q72286,A2
Q72287,A2
Q72288,A2
Q72289,A2
Q72290,A2
Q72291,A2
Q72292,A2
Q72293,A2
Q72294,A2
Q72295,A2
Q72296,A2
Q72297,A2
Q72298,A2
Q72299,A2
Q72300,A2
Q72301,A2
Q72302,A2
Q72303,A2
Q72304,A2
Q72305,A2
Q72306,A2
Q72307,A2
Q72308,A2
Q72309,A2
Q72310,A2
Q72311,A2
Q72312,A2
Q72313,A2
Q72314,A2
Q72315,A2
Q72316,A2
Q72317,A2
Q72318,A2
Q72319,A2
Q72320,A2
Q72321,A2
Q72322,A2
Q72323,A2
Q72324,A2
Q72325,A2
Q72326,A2
Q72327,A2
Q72328,A2
Q72329,A2
Q72330,A2
Q72331,A2
Q72332,A2
Q72333,A2
Q72334,A2
Q72335,A2
Q72336,A2
Q72337,A2
Q72338,A2
Q72339,A2
Q72340,A2
Q72341,A2
Q72342,A2
Q72343,A2
Q72344,A2
Q72345,A2
Q72346,A2
Q72347,A2
Q72348,A2
Q72349,A2
Q72350,A2
Q72351,A2
Q72352,A2
Q72353,A2
Q72354,A2
Q72355,A2
Q72356,A2
Q72357,A2
Q72358,A2
Q72359,A2
Q72360,A2
Q72361,A2
Q72362,A2
Q72363,A2
Q72364,A2
Q72365,A2
Q72366,A2
Q72367,A2
Q72368,A2
Q72369,A2
Q72370,A2
Q72371,A2
Q72372,A2
Q72373,A2
Q72374,A2
Q72375,A2
Q72376,A2
Q72377,A2
Q72378,A2
Q72379,A2
Q72380,A2
Q72381,A2
Q72382,A2
Q72383,A2
Q72384,A2
Q72385,A2
Q72386,A2
Q72387,A2
Q72388,A2
Q72389,A2
Q72390,A2
Q72391,A2
Q72392,A2
Q72393,A2
Q72394,A2
Q72395,A2
Q72396,A2
Q72397,A2
Q72398,A2
Q72399,A2
Q72400,A2
Q72401,A2
Q72402,A2
Q72403,A2
Q72404,A2
Q72405,A2
Q72406,A2
Q72407,A2
Q72408,A2
Q72409,A2
Q72410,A2
Q72411,A2
Q72412,A2
Q72413,A2
Q72414,A2
Q72415,A2
Q72416,A2
Q72417,A2
Q72418,A2
Q72419,A2
Q72420,A2
Q72421,A2
Q72422,A2
Q72423,A2
Q72424,A2
Q72425,A2
Q72426,A2
Q72427,A2
Q72428,A2
Q72429,A2
Q72430,A2
Q72431,A2
Q72432,A2
Q72433,A2
Q72434,A2
Q72435,A2
Q72436,A2
Q72437,A2
Q72438,A2
Q72439,A2
Q72440,A2
Q72441,A2
Q72442,A2
Q72443,A2
Q72444,A2
Q72445,A2
Q72446,A2
Q72447,A2
Q72448,A2
Q72449,A2
Q72450,A2
Q72451,A2
Q72452,A2
Q72453,A2
Q72454,A2
Q72455,A2
Q72456,A2
Q72457,A2
Q72458,A2
Q72459,A2
Q72460,A2
Q72461,A2
Q72462,A2
Q72463,A2
Q72464,A2
Q72465,A2
Q72466,A2
Q72467,A2
Q72468,A2
Q72469,A2
Q72470,A2
Q72471,A2
Q72472,A2
Q72473,A2
Q72474,A2
Q72475,A2
Q72476,A2
Q72477,A2
Q72478,A2
Q72479,A2
Q72480,A2
Q72481,A2
Q72482,A2
Q72483,A2
Q72484,A2
Q72485,A2
Q72486,A2
Q72487,A2
Q72488,A2
Q72489,A2
Q72490,A2
Q72491,A2
Q72492,A2
Q72493,A2
Q72494,A2
Q72495,A2
Q72496,A2
Q72497,A2
Q72498,A2
Q72499,A2
Q72500,A2
Q72501,A2
Q72502,A2
Q72503,A2
Q72504,A2
Q72505,A2
Q72506,A2
Q72507,A2
Q72508,A2
Q72509,A2
Q72510,A2
Q72511,A2
Q72512,A2
Q72513,A2
Q72514,A2
Q72515,A2
Q72516,A2
Q72517,A2
Q72518,A2
Q72519,A2
Q72520,A2
Q72521,A2
Q72522,A2
Q72523,A2
Q72524,A2
Q72525,A2
Q72526,A2
Q72527,A2
Q72528,A2
Q72529,A2
Q72530,A2
Q72531,A2
Q72532,A2
Q72533,A2
Q72534,A2
Q72535,A2
Q72536,A2
Q72537,A2
Q72538,A2
Q72539,A2
Q72540,A2
Q72541,A2
Q72542,A2
Q72543,A2
Q72544,A2
Q72545,A2
Q72546,A2
Q72547,A2
Q72548,A2
Q72549,A2
Q72550,A2
Q72551,A2
Q72552,A2
Q72553,A2
Q72554,A2
Q72555,A2
Q72556,A2
Q72557,A2
Q72558,A2
Q72559,A2
Q72560,A2
Q72561,A2
Q72562,A2
Q72563,A2
Q72564,A2
Q72565,A2
Q72566,A2
Q72567,A2
Q72568,A2
Q72569,A2
Q72570,A2
Q72571,A2
Q72572,A2
Q72573,A2
Q72574,A2
Q72575,A2
Q72576,A2
Q72577,A2
Q72578,A2
Q72579,A2
Q72580,A2
Q72581,A2
Q72582,A2
Q72583,A2
Q72584,A2
Q72585,A2
Q72586,A2
Q72587,A2
Q72588,A2
Q72589,A2
Q72590,A2
Q72591,A2
Q72592,A2
Q72593,A2
Q72594,A2
Q72595,A2
Q72596,A2
Q72597,A2
Q72598,A2
Q72599,A2
Q72600,A2
Q72601,A2
Q72602,A2
Q72603,A2
Q72604,A2
Q72605,A2
Q72606,A2
Q72607,A2
Q72608,A2
Q72609,A2
Q72610,A2
Q72611,A2
Q72612,A2
Q72613,A2
Q72614,A2
Q72615,A2
Q72616,A2
Q72617,A2
Q72618,A2
Q72619,A2
Q72620,A2
Q72621,A2
Q72622,A2
Q72623,A2
Q72624,A2
Q72625,A2
Q72626,A2
Q72627,A2
Q72628,A2
Q72629,A2
Q72630,A2
Q72631,A2
Q72632,A2
Q72633,A2
Q72634,A2
Q72635,A2
Q72636,A2
Q72637,A2
Q72638,A2
Q72639,A2
Q72640,A2
Q72641,A2
Q72642,A2
Q72643,A2
Q72644,A2
Q72645,A2
Q72646,A2
Q72647,A2
Q72648,A2
Q72649,A2
Q72650,A2
Q72651,A2
Q72652,A2
Q72653,A2
Q72654,A2
Q72655,A2
Q72656,A2
Q72657,A2
Q72658,A2
Q72659,A2
Q72660,A2
Q72661,A2
Q72662,A2
Q72663,A2
Q72664,A2
Q72665,A2
Q72666,A2
Q72667,A2
Q72668,A2
Q72669,A2
Q72670,A2
Q72671,A2
Q72672,A2
Q72673,A2
Q72674,A2
Q72675,A2
Q72676,A2
Q72677,A2
Q72678,A2
Q72679,A2
Q72680,A2
Q72681,A2
Q72682,A2
Q72683,A2
Q72684,A2
Q72685,A2
Q72686,A2
Q72687,A2
Q72688,A2
Q72689,A2
Q72690,A2
Q72691,A2
Q72692,A2
Q72693,A2
Q72694,A2
Q72695,A2
Q72696,A2
Q72697,A2
Q72698,A2
Q72699,A2
Q72700,A2
Q72701,A2
Q72702,A2
Q72703,A2
Q72704,A2
Q72705,A2
Q72706,A2
Q72707,A2
Q72708,A2
Q72709,A2
Q72710,A2
Q72711,A2
Q72712,A2
Q72713,A2
Q72714,A2
Q72715,A2
Q72716,A2
Q72717,A2
Q72718,A2
Q72719,A2
Q72720,A2
Q72721,A2
Q72722,A2
Q72723,A2
Q72724,A2
Q72725,A2
Q72726,A2
Q72727,A2
Q72728,A2
Q72729,A2
Q72730,A2
Q72731,A2
Q72732,A2
Q72733,A2
Q72734,A2
Q72735,A2
Q72736,A2
Q72737,A2
Q72738,A2
Q72739,A2
Q72740,A2
Q72741,A2
Q72742,A2
Q72743,A2
Q72744,A2
Q72745,A2
Q72746,A2
Q72747,A2
Q72748,A2
Q72749,A2
Q72750,A2
Q72751,A2
Q72752,A2
Q72753,A2
Q72754,A2
Q72755,A2
Q72756,A2
Q72757,A2
Q72758,A2
Q72759,A2
Q72760,A2
Q72761,A2
Q72762,A2
Q72763,A2
Q72764,A2
Q72765,A2
Q72766,A2
Q72767,A2
Q72768,A2
Q72769,A2
Q72770,A2
Q72771,A2
Q72772,A2
Q72773,A2
Q72774,A2
Q72775,A2
Q72776,A2
Q72777,A2
Q72778,A2
Q72779,A2
Q72780,A2
Q72781,A2
Q72782,A2
Q72783,A2
Q72784,A2
Q72785,A2
Q72786,A2
Q72787,A2
Q72788,A2
Q72789,A2
Q72790,A2
Q72791,A2
Q72792,A2
Q72793,A2
Q72794,A2
Q72795,A2
Q72796,A2
Q72797,A2
Q72798,A2
Q72799,A2
Q72800,A2
Q72801,A2
Q72802,A2
Q72803,A2
Q72804,A2
Q72805,A2
Q72806,A2
Q72807,A2
Q72808,A2
Q72809,A2
Q72810,A2
Q72811,A2
Q72812,A2
Q72813,A2
Q72814,A2
Q72815,A2
Q72816,A2
Q72817,A2
Q72818,A2
Q72819,A2
Q72820,A2
Q72821,A2
Q72822,A2
Q72823,A2
Q72824,A2
Q72825,A2
Q72826,A2
Q72827,A2
Q72828,A2
Q72829,A2
Q72830,A2
Q72831,A2
Q72832,A2
Q72833,A2
Q72834,A2
Q72835,A2
Q72836,A2
Q72837,A2
Q72838,A2
Q72839,A2
Q72840,A2
Q72841,A2
Q72842,A2
Q72843,A2
Q72844,A2
Q72845,A2
Q72846,A2
Q72847,A2
Q72848,A2
Q72849,A2
Q72850,A2
Q72851,A2
Q72852,A2
Q72853,A2
Q72854,A2
Q72855,A2
Q72856,A2
Q72857,A2
Q72858,A2
Q72859,A2
Q72860,A2
Q72861,A2
Q72862,A2
Q72863,A2
Q72864,A2
Q72865,A2
Q72866,A2
Q72867,A2
Q72868,A2
Q72869,A2
Q72870,A2
Q72871,A2
Q72872,A2
Q72873,A2
Q72874,A2
Q72875,A2
Q72876,A2
Q72877,A2
Q72878,A2
Q72879,A2
Q72880,A2
Q72881,A2
Q72882,A2
Q72883,A2
Q72884,A2
Q72885,A2
Q72886,A2
Q72887,A2
Q72888,A2
Q72889,A2
Q72890,A2
Q72891,A2
Q72892,A2
Q72893,A2
Q72894,A2
Q72895,A2
Q72896,A2
Q72897,A2
Q72898,A2
Q72899,A2
Q72900,A2
Q72901,A2
Q72902,A2
Q72903,A2
Q72904,A2
Q72905,A2
Q72906,A2
Q72907,A2
Q72908,A2
Q72909,A2
Q72910,A2
Q72911,A2
Q72912,A2
Q72913,A2
Q72914,A2
Q72915,A2
Q72916,A2
Q72917,A2
Q72918,A2
Q72919,A2
Q72920,A2
Q72921,A2
Q72922,A2
Q72923,A2
Q72924,A2
Q72925,A2
Q72926,A2
Q72927,A2
Q72928,A2
Q72929,A2
Q72930,A2
Q72931,A2
Q72932,A2
Q72933,A2
Q72934,A2
Q72935,A2
Q72936,A2
Q72937,A2
Q72938,A2
Q72939,A2
Q72940,A2
Q72941,A2
Q72942,A2
Q72943,A2
Q72944,A2
Q72945,A2
Q72946,A2
Q72947,A2
Q72948,A2
Q72949,A2
Q72950,A2
Q72951,A2
Q72952,A2
Q72953,A2
Q72954,A2
Q72955,A2
Q72956,A2
Q72957,A2
Q72958,A2
Q72959,A2
Q72960,A2
Q72961,A2
Q72962,A2
Q72963,A2
Q72964,A2
Q72965,A2
Q72966,A2
Q72967,A2
Q72968,A2
Q72969,A2
Q72970,A2
Q72971,A2
Q72972,A2
Q72973,A2
Q72974,A2
Q72975,A2
Q72976,A2
Q72977,A2
Q72978,A2
Q72979,A2
Q72980,A2
Q72981,A2
Q72982,A2
Q72983,A2
Q72984,A2
Q72985,A2
Q72986,A2
Q72987,A2
Q72988,A2
Q72989,A2
Q72990,A2
Q72991,A2
Q72992,A2
Q72993,A2
Q72994,A2
Q72995,A2
Q72996,A2
Q72997,A2
Q72998,A2
Q72999,A2
Q73000,A2
Q73001,A2
Q73002,A2
Q73003,A2
Q73004,A2
Q73005,A2
Q73006,A2
Q73007,A2
Q73008,A2
Q73009,A2
Q73010,A2
Q73011,A2
Q73012,A2
Q73013,A2
Q73014,A2
Q73015,A2
Q73016,A2
Q73017,A2
Q73018,A2
Q73019,A2
Q73020,A2
Q73021,A2
Q73022,A2
Q73023,A2
Q73024,A2
Q73025,A2
Q73026,A2
Q73027,A2
Q73028,A2
Q73029,A2
Q73030,A2
Q73031,A2
Q73032,A2
Q73033,A2
Q73034,A2
Q73035,A2
Q73036,A2
Q73037,A2
Q73038,A2
Q73039,A2
Q73040,A2
Q73041,A2
Q73042,A2
Q73043,A2
Q73044,A2
Q73045,A2
Q73046,A2
Q73047,A2
Q73048,A2
Q73049,A2
Q73050,A2
Q73051,A2
Q73052,A2
Q73053,A2
Q73054,A2
Q73055,A2
Q73056,A2
Q73057,A2
Q73058,A2
Q73059,A2
Q73060,A2
Q73061,A2
Q73062,A2
Q73063,A2
Q73064,A2
Q73065,A2
Q73066,A2
Q73067,A2
Q73068,A2
Q73069,A2
Q73070,A2
Q73071,A2
Q73072,A2
Q73073,A2
Q73074,A2
Q73075,A2
Q73076,A2
Q73077,A2
Q73078,A2
Q73079,A2
Q73080,A2
Q73081,A2
Q73082,A2
Q73083,A2
Q73084,A2
Q73085,A2
Q73086,A2
Q73087,A2
Q73088,A2
Q73089,A2
Q73090,A2
Q73091,A2
Q73092,A2
Q73093,A2
Q73094,A2
Q73095,A2
Q73096,A2
Q73097,A2
Q73098,A2
Q73099,A2
Q73100,A2
Q73101,A2
Q73102,A2
Q73103,A2
Q73104,A2
Q73105,A2
Q73106,A2
Q73107,A2
Q73108,A2
Q73109,A2
Q73110,A2
Q73111,A2
Q73112,A2
Q73113,A2
Q73114,A2
Q73115,A2
Q73116,A2
Q73117,A2
Q73118,A2
Q73119,A2
Q73120,A2
Q73121,A2
Q73122,A2
Q73123,A2
Q73124,A2
Q73125,A2
Q73126,A2
Q73127,A2
Q73128,A2
Q73129,A2
Q73130,A2
Q73131,A2
Q73132,A2
Q73133,A2
Q73134,A2
Q73135,A2
Q73136,A2
Q73137,A2
Q73138,A2
Q73139,A2
Q73140,A2
Q73141,A2
Q73142,A2
Q73143,A2
Q73144,A2
Q73145,A2
Q73146,A2
Q73147,A2
Q73148,A2
Q73149,A2
Q73150,A2
Q73151,A2
Q73152,A2
Q73153,A2
Q73154,A2
Q73155,A2
Q73156,A2
Q73157,A2
Q73158,A2
Q73159,A2
Q73160,A2
Q73161,A2
Q73162,A2
Q73163,A2
Q73164,A2
Q73165,A2
Q73166,A2
Q73167,A2
Q73168,A2
Q73169,A2
Q73170,A2
Q73171,A2
Q73172,A2
Q73173,A2
Q73174,A2
Q73175,A2
Q73176,A2
Q73177,A2
Q73178,A2
Q73179,A2
Q73180,A2
Q73181,A2
Q73182,A2
Q73183,A2
Q73184,A2
Q73185,A2
Q73186,A2
Q73187,A2
Q73188,A2
Q73189,A2
Q73190,A2
Q73191,A2
Q73192,A2
Q73193,A2
Q73194,A2
Q73195,A2
Q73196,A2
Q73197,A2
Q73198,A2
Q73199,A2
Q73200,A2
Q73201,A2
Q73202,A2
Q73203,A2
Q73204,A2
Q73205,A2
Q73206,A2
Q73207,A2
Q73208,A2
Q73209,A2
Q73210,A2
Q73211,A2
Q73212,A2
Q73213,A2
Q73214,A2
Q73215,A2
Q73216,A2
Q73217,A2
Q73218,A2
Q73219,A2
Q73220,A2
Q73221,A2
Q73222,A2
Q73223,A2
Q73224,A2
Q73225,A2
Q73226,A2
Q73227,A2
Q73228,A2
Q73229,A2
Q73230,A2
Q73231,A2
Q73232,A2
Q73233,A2
Q73234,A2
Q73235,A2
Q73236,A2
Q73237,A2
Q73238,A2
Q73239,A2
Q73240,A2
Q73241,A2
Q73242,A2
Q73243,A2
Q73244,A2
Q73245,A2
Q73246,A2
Q73247,A2
Q73248,A2
Q73249,A2
Q73250,A2
Q73251,A2
Q73252,A2
Q73253,A2
Q73254,A2
Q73255,A2
Q73256,A2
Q73257,A2
Q73258,A2
Q73259,A2
Q73260,A2
Q73261,A2
Q73262,A2
Q73263,A2
Q73264,A2
Q73265,A2
Q73266,A2
Q73267,A2
Q73268,A2
Q73269,A2
Q73270,A2
Q73271,A2
Q73272,A2
Q73273,A2
Q73274,A2
Q73275,A2
Q73276,A2
Q73277,A2
Q73278,A2
Q73279,A2
Q73280,A2
Q73281,A2
Q73282,A2
Q73283,A2
Q73284,A2
Q73285,A2
Q73286,A2
Q73287,A2
Q73288,A2
Q73289,A2
Q73290,A2
Q73291,A2
Q73292,A2
Q73293,A2
Q73294,A2
Q73295,A2
Q73296,A2
Q73297,A2
Q73298,A2
Q73299,A2
Q73300,A2
Q73301,A2
Q73302,A2
Q73303,A2
Q73304,A2
Q73305,A2
Q73306,A2
Q73307,A2
Q73308,A2
Q73309,A2
Q73310,A2
Q73311,A2
Q73312,A2
Q73313,A2
Q73314,A2
Q73315,A2
Q73316,A2
Q73317,A2
Q73318,A2
Q73319,A2
Q73320,A2
Q73321,A2
Q73322,A2
Q73323,A2
Q73324,A2
Q73325,A2
Q73326,A2
Q73327,A2
Q73328,A2
Q73329,A2
Q73330,A2
Q73331,A2
Q73332,A2
Q73333,A2
Q73334,A2
Q73335,A2
Q73336,A2
Q73337,A2
Q73338,A2
Q73339,A2
Q73340,A2
Q73341,A2
Q73342,A2
Q73343,A2
Q73344,A2
Q73345,A2
Q73346,A2
Q73347,A2
Q73348,A2
Q73349,A2
Q73350,A2
Q73351,A2
Q73352,A2
Q73353,A2
Q73354,A2
Q73355,A2
Q73356,A2
Q73357,A2
Q73358,A2
Q73359,A2
Q73360,A2
Q73361,A2
Q73362,A2
Q73363,A2
Q73364,A2
Q73365,A2
Q73366,A2
Q73367,A2
Q73368,A2
Q73369,A2
Q73370,A2
Q73371,A2
Q73372,A2
Q73373,A2
Q73374,A2
Q73375,A2
Q73376,A2
Q73377,A2
Q73378,A2
Q73379,A2
Q73380,A2
Q73381,A2
Q73382,A2
Q73383,A2
Q73384,A2
Q73385,A2
Q73386,A2
Q73387,A2
Q73388,A2
Q73389,A2
Q73390,A2
Q73391,A2
Q73392,A2
Q73393,A2
Q73394,A2
Q73395,A2
Q73396,A2
Q73397,A2
Q73398,A2
Q73399,A2
Q73400,A2
Q73401,A2
Q73402,A2
Q73403,A2
Q73404,A2
Q73405,A2
Q73406,A2
Q73407,A2
Q73408,A2
Q73409,A2
Q73410,A2
Q73411,A2
Q73412,A2
Q73413,A2
Q73414,A2
Q73415,A2
Q73416,A2
Q73417,A2
Q73418,A2
Q73419,A2
Q73420,A2
Q73421,A2
Q73422,A2
Q73423,A2
Q73424,A2
Q73425,A2
Q73426,A2
Q73427,A2
Q73428,A2
Q73429,A2
Q73430,A2
Q73431,A2
Q73432,A2
Q73433,A2
Q73434,A2
Q73435,A2
Q73436,A2
Q73437,A2
Q73438,A2
Q73439,A2
Q73440,A2
Q73441,A2
Q73442,A2
Q73443,A2
Q73444,A2
Q73445,A2
Q73446,A2
Q73447,A2
Q73448,A2
Q73449,A2
Q73450,A2
Q73451,A2
Q73452,A2
Q73453,A2
Q73454,A2
Q73455,A2
Q73456,A2
Q73457,A2
Q73458,A2
Q73459,A2
Q73460,A2
Q73461,A2
Q73462,A2
Q73463,A2
Q73464,A2
Q73465,A2
Q73466,A2
Q73467,A2
Q73468,A2
Q73469,A2
Q73470,A2
Q73471,A2
Q73472,A2
Q73473,A2
Q73474,A2
Q73475,A2
Q73476,A2
Q73477,A2
Q73478,A2
Q73479,A2
Q73480,A2
Q73481,A2
Q73482,A2
Q73483,A2
Q73484,A2
Q73485,A2
Q73486,A2
Q73487,A2
Q73488,A2
Q73489,A2
Q73490,A2
Q73491,A2
Q73492,A2
Q73493,A2
Q73494,A2
Q73495,A2
Q73496,A2
Q73497,A2
Q73498,A2
Q73499,A2
Q73500,A2
Q73501,A2
Q73502,A2
Q73503,A2
Q73504,A2
Q73505,A2
Q73506,A2
Q73507,A2
Q73508,A2
Q73509,A2
Q73510,A2
Q73511,A2
Q73512,A2
Q73513,A2
Q73514,A2
Q73515,A2
Q73516,A2
Q73517,A2
Q73518,A2
Q73519,A2
Q73520,A2
Q73521,A2
Q73522,A2
Q73523,A2
Q73524,A2
Q73525,A2
Q73526,A2
Q73527,A2
Q73528,A2
Q73529,A2
Q73530,A2
Q73531,A2
Q73532,A2
Q73533,A2
Q73534,A2
Q73535,A2
Q73536,A2
Q73537,A2
Q73538,A2
Q73539,A2
Q73540,A2
Q73541,A2
Q73542,A2
Q73543,A2
Q73544,A2
Q73545,A2
Q73546,A2
Q73547,A2
Q73548,A2
Q73549,A2
Q73550,A2
Q73551,A2
Q73552,A2
Q73553,A2
Q73554,A2
Q73555,A2
Q73556,A2
Q73557,A2
Q73558,A2
Q73559,A2
Q73560,A2
Q73561,A2
Q73562,A2
Q73563,A2
Q73564,A2
Q73565,A2
Q73566,A2
Q73567,A2
Q73568,A2
Q73569,A2
Q73570,A2
Q73571,A2
Q73572,A2
Q73573,A2
Q73574,A2
Q73575,A2
Q73576,A2
Q73577,A2
Q73578,A2
Q73579,A2
Q73580,A2
Q73581,A2
Q73582,A2
Q73583,A2
Q73584,A2
Q73585,A2
Q73586,A2
Q73587,A2
Q73588,A2
Q73589,A2
Q73590,A2
Q73591,A2
Q73592,A2
Q73593,A2
Q73594,A2
Q73595,A2
Q73596,A2
Q73597,A2
Q73598,A2
Q73599,A2
Q73600,A2
Q73601,A2
Q73602,A2
Q73603,A2
Q73604,A2
Q73605,A2
Q73606,A2
Q73607,A2
Q73608,A2
Q73609,A2
Q73610,A2
Q73611,A2
Q73612,A2
Q73613,A2
Q73614,A2
Q73615,A2
Q73616,A2
Q73617,A2
Q73618,A2
Q73619,A2
Q73620,A2
Q73621,A2
Q73622,A2
Q73623,A2
Q73624,A2
Q73625,A2
Q73626,A2
Q73627,A2
Q73628,A2
Q73629,A2
Q73630,A2
Q73631,A2
Q73632,A2
Q73633,A2
Q73634,A2
Q73635,A2
Q73636,A2
Q73637,A2
Q73638,A2
Q73639,A2
Q73640,A2
Q73641,A2
Q73642,A2
Q73643,A2
Q73644,A2
Q73645,A2
Q73646,A2
Q73647,A2
Q73648,A2
Q73649,A2
Q73650,A2
Q73651,A2
Q73652,A2
Q73653,A2
Q73654,A2
Q73655,A2
Q73656,A2
Q73657,A2
Q73658,A2
Q73659,A2
Q73660,A2
Q73661,A2
Q73662,A2
Q73663,A2
Q73664,A2
Q73665,A2
Q73666,A2
Q73667,A2
Q73668,A2
Q73669,A2
Q73670,A2
Q73671,A2
Q73672,A2
Q73673,A2
Q73674,A2
Q73675,A2
Q73676,A2
Q73677,A2
Q73678,A2
Q73679,A2
Q73680,A2
Q73681,A2
Q73682,A2
Q73683,A2
Q73684,A2
Q73685,A2
Q73686,A2
Q73687,A2
Q73688,A2
Q73689,A2
Q73690,A2
Q73691,A2
Q73692,A2
Q73693,A2
Q73694,A2
Q73695,A2
Q73696,A2
Q73697,A2
Q73698,A2
Q73699,A2
Q73700,A2
Q73701,A2
Q73702,A2
Q73703,A2
Q73704,A2
Q73705,A2
Q73706,A2
Q73707,A2
Q73708,A2
Q73709,A2
Q73710,A2
Q73711,A2
Q73712,A2
Q73713,A2
Q73714,A2
Q73715,A2
Q73716,A2
Q73717,A2
Q73718,A2
Q73719,A2
Q73720,A2
Q73721,A2
Q73722,A2
Q73723,A2
Q73724,A2
Q73725,A2
Q73726,A2
Q73727,A2
Q73728,A2
Q73729,A2
Q73730,A2
Q73731,A2
Q73732,A2
Q73733,A2
Q73734,A2
Q73735,A2
Q73736,A2
Q73737,A2
Q73738,A2
Q73739,A2
Q73740,A2
Q73741,A2
Q73742,A2
Q73743,A2
Q73744,A2
Q73745,A2
Q73746,A2
Q73747,A2
Q73748,A2
Q73749,A2
Q73750,A2
Q73751,A2
Q73752,A2
Q73753,A2
Q73754,A2
Q73755,A2
Q73756,A2
Q73757,A2
Q73758,A2
Q73759,A2
Q73760,A2
Q73761,A2
Q73762,A2
Q73763,A2
Q73764,A2
Q73765,A2
Q73766,A2
Q73767,A2
Q73768,A2
Q73769,A2
Q73770,A2
Q73771,A2
Q73772,A2
Q73773,A2
Q73774,A2
Q73775,A2
Q73776,A2
Q73777,A2
Q73778,A2
Q73779,A2
Q73780,A2
Q73781,A2
Q73782,A2
Q73783,A2
Q73784,A2
Q73785,A2
Q73786,A2
Q73787,A2
Q73788,A2
Q73789,A2
Q73790,A2
Q73791,A2
Q73792,A2
Q73793,A2
Q73794,A2
Q73795,A2
Q73796,A2
Q73797,A2
Q73798,A2
Q73799,A2
Q73800,A2
Q73801,A2
Q73802,A2
Q73803,A2
Q73804,A2
Q73805,A2
Q73806,A2
Q73807,A2
Q73808,A2
Q73809,A2
Q73810,A2
Q73811,A2
Q73812,A2
Q73813,A2
Q73814,A2
Q73815,A2
Q73816,A2
Q73817,A2
Q73818,A2
Q73819,A2
Q73820,A2
Q73821,A2
Q73822,A2
Q73823,A2
Q73824,A2
Q73825,A2
Q73826,A2
Q73827,A2
Q73828,A2
Q73829,A2
Q73830,A2
Q73831,A2
Q73832,A2
Q73833,A2
Q73834,A2
Q73835,A2
Q73836,A2
Q73837,A2
Q73838,A2
Q73839,A2
Q73840,A2
Q73841,A2
Q73842,A2
Q73843,A2
Q73844,A2
Q73845,A2
Q73846,A2
Q73847,A2
Q73848,A2
Q73849,A2
Q73850,A2
Q73851,A2
Q73852,A2
Q73853,A2
Q73854,A2
Q73855,A2
Q73856,A2
Q73857,A2
Q73858,A2
Q73859,A2
Q73860,A2
Q73861,A2
Q73862,A2
Q73863,A2
Q73864,A2
Q73865,A2
Q73866,A2
Q73867,A2
Q73868,A2
Q73869,A2
Q73870,A2
Q73871,A2
Q73872,A2
Q73873,A2
Q73874,A2
Q73875,A2
Q73876,A2
Q73877,A2
Q73878,A2
Q73879,A2
Q73880,A2
Q73881,A2
Q73882,A2
Q73883,A2
Q73884,A2
Q73885,A2
Q73886,A2
Q73887,A2
Q73888,A2
Q73889,A2
Q73890,A2
Q73891,A2
Q73892,A2
Q73893,A2
Q73894,A2
Q73895,A2
Q73896,A2
Q73897,A2
Q73898,A2
Q73899,A2
Q73900,A2
Q73901,A2
Q73902,A2
Q73903,A2
Q73904,A2
Q73905,A2
Q73906,A2
Q73907,A2
Q73908,A2
Q73909,A2
Q73910,A2
Q73911,A2
Q73912,A2
Q73913,A2
Q73914,A2
Q73915,A2
Q73916,A2
Q73917,A2
Q73918,A2
Q73919,A2
Q73920,A2
Q73921,A2
Q73922,A2
Q73923,A2
Q73924,A2
Q73925,A2
Q73926,A2
Q73927,A2
Q73928,A2
Q73929,A2
Q73930,A2
Q73931,A2
Q73932,A2
Q73933,A2
Q73934,A2
Q73935,A2
Q73936,A2
Q73937,A2
Q73938,A2
Q73939,A2
Q73940,A2
Q73941,A2
Q73942,A2
Q73943,A2
Q73944,A2
Q73945,A2
Q73946,A2
Q73947,A2
Q73948,A2
Q73949,A2
Q73950,A2
Q73951,A2
Q73952,A2
Q73953,A2
Q73954,A2
Q73955,A2
Q73956,A2
Q73957,A2
Q73958,A2
Q73959,A2
Q73960,A2
Q73961,A2
Q73962,A2
Q73963,A2
Q73964,A2
Q73965,A2
Q73966,A2
Q73967,A2
Q73968,A2
Q73969,A2
Q73970,A2
Q73971,A2
Q73972,A2
Q73973,A2
Q73974,A2
Q73975,A2
Q73976,A2
Q73977,A2
Q73978,A2
Q73979,A2
Q73980,A2
Q73981,A2
Q73982,A2
Q73983,A2
Q73984,A2
Q73985,A2
Q73986,A2
Q73987,A2
Q73988,A2
Q73989,A2
Q73990,A2
Q73991,A2
Q73992,A2
Q73993,A2
Q73994,A2
Q73995,A2
Q73996,A2
Q73997,A2
Q73998,A2
Q73999,A2
Q74000,A2
Q74001,A2
Q74002,A2
Q74003,A2
Q74004,A2
Q74005,A2
Q74006,A2
Q74007,A2
Q74008,A2
Q74009,A2
Q74010,A2
Q74011,A2
Q74012,A2
Q74013,A2
Q74014,A2
Q74015,A2
Q74016,A2
Q74017,A2
Q74018,A2
Q74019,A2
Q74020,A2
Q74021,A2
Q74022,A2
Q74023,A2
Q74024,A2
Q74025,A2
Q74026,A2
Q74027,A2
Q74028,A2
Q74029,A2
Q74030,A2
Q74031,A2
Q74032,A2
Q74033,A2
Q74034,A2
Q74035,A2
Q74036,A2
Q74037,A2
Q74038,A2
Q74039,A2
Q74040,A2
Q74041,A2
Q74042,A2
Q74043,A2
Q74044,A2
Q74045,A2
Q74046,A2
Q74047,A2
Q74048,A2
Q74049,A2
Q74050,A2
Q74051,A2
Q74052,A2
Q74053,A2
Q74054,A2
Q74055,A2
Q74056,A2
Q74057,A2
Q74058,A2
Q74059,A2
Q74060,A2
Q74061,A2
Q74062,A2
Q74063,A2
Q74064,A2
Q74065,A2
Q74066,A2
Q74067,A2
Q74068,A2
Q74069,A2
Q74070,A2
Q74071,A2
Q74072,A2
Q74073,A2
Q74074,A2
Q74075,A2
Q74076,A2
Q74077,A2
Q74078,A2
Q74079,A2
Q74080,A2
Q74081,A2
Q74082,A2
Q74083,A2
Q74084,A2
Q74085,A2
Q74086,A2
Q74087,A2
Q74088,A2
Q74089,A2
Q74090,A2
Q74091,A2
Q74092,A2
Q74093,A2
Q74094,A2
Q74095,A2
Q74096,A2
Q74097,A2
Q74098,A2
Q74099,A2
Q74100,A2
Q74101,A2
Q74102,A2
Q74103,A2
Q74104,A2
Q74105,A2
Q74106,A2
Q74107,A2
Q74108,A2
Q74109,A2
Q74110,A2
Q74111,A2
Q74112,A2
Q74113,A2
Q74114,A2
Q74115,A2
Q74116,A2
Q74117,A2
Q74118,A2
Q74119,A2
Q74120,A2
Q74121,A2
Q74122,A2
Q74123,A2
Q74124,A2
Q74125,A2
Q74126,A2
Q74127,A2
Q74128,A2
Q74129,A2
Q74130,A2
Q74131,A2
Q74132,A2
Q74133,A2
Q74134,A2
Q74135,A2
Q74136,A2
Q74137,A2
Q74138,A2
Q74139,A2
Q74140,A2
Q74141,A2
Q74142,A2
Q74143,A2
Q74144,A2
Q74145,A2
Q74146,A2
Q74147,A2
Q74148,A2
Q74149,A2
Q74150,A2
Q74151,A2
Q74152,A2
Q74153,A2
Q74154,A2
Q74155,A2
Q74156,A2
Q74157,A2
Q74158,A2
Q74159,A2
Q74160,A2
Q74161,A2
Q74162,A2
Q74163,A2
Q74164,A2
Q74165,A2
Q74166,A2
Q74167,A2
Q74168,A2
Q74169,A2
Q74170,A2
Q74171,A2
Q74172,A2
Q74173,A2
Q74174,A2
Q74175,A2
Q74176,A2
Q74177,A2
Q74178,A2
Q74179,A2
Q74180,A2
Q74181,A2
Q74182,A2
Q74183,A2
Q74184,A2
Q74185,A2
Q74186,A2
Q74187,A2
Q74188,A2
Q74189,A2
Q74190,A2
Q74191,A2
Q74192,A2
Q74193,A2
Q74194,A2
Q74195,A2
Q74196,A2
Q74197,A2
Q74198,A2
Q74199,A2
Q74200,A2
Q74201,A2
Q74202,A2
Q74203,A2
Q74204,A2
Q74205,A2
Q74206,A2
Q74207,A2
Q74208,A2
Q74209,A2
Q74210,A2
Q74211,A2
Q74212,A2
Q74213,A2
Q74214,A2
Q74215,A2
Q74216,A2
Q74217,A2
Q74218,A2
Q74219,A2
Q74220,A2
Q74221,A2
Q74222,A2
Q74223,A2
Q74224,A2
Q74225,A2
Q74226,A2
Q74227,A2
Q74228,A2
Q74229,A2
Q74230,A2
Q74231,A2
Q74232,A2
Q74233,A2
Q74234,A2
Q74235,A2
Q74236,A2
Q74237,A2
Q74238,A2
Q74239,A2
Q74240,A2
Q74241,A2
Q74242,A2
Q74243,A2
Q74244,A2
Q74245,A2
Q74246,A2
Q74247,A2
Q74248,A2
Q74249,A2
Q74250,A2
Q74251,A2
Q74252,A2
Q74253,A2
Q74254,A2
Q74255,A2
Q74256,A2
Q74257,A2
Q74258,A2
Q74259,A2
Q74260,A2
Q74261,A2
Q74262,A2
Q74263,A2
Q74264,A2
Q74265,A2
Q74266,A2
Q74267,A2
Q74268,A2
Q74269,A2
Q74270,A2
Q74271,A2
Q74272,A2
Q74273,A2
Q74274,A2
Q74275,A2
Q74276,A2
Q74277,A2
Q74278,A2
Q74279,A2
Q74280,A2
Q74281,A2
Q74282,A2
Q74283,A2
Q74284,A2
Q74285,A2
Q74286,A2
Q74287,A2
Q74288,A2
Q74289,A2
Q74290,A2
Q74291,A2
Q74292,A2
Q74293,A2
Q74294,A2
Q74295,A2
Q74296,A2
Q74297,A2
Q74298,A2
Q74299,A2
Q74300,A2
Q74301,A2
Q74302,A2
Q74303,A2
Q74304,A2
Q74305,A2
Q74306,A2
Q74307,A2
Q74308,A2
Q74309,A2
Q74310,A2
Q74311,A2
Q74312,A2
Q74313,A2
Q74314,A2
Q74315,A2
Q74316,A2
Q74317,A2
Q74318,A2
Q74319,A2
Q74320,A2
Q74321,A2
Q74322,A2
Q74323,A2
Q74324,A2
Q74325,A2
Q74326,A2
Q74327,A2
Q74328,A2
Q74329,A2
Q74330,A2
Q74331,A2
Q74332,A2
Q74333,A2
Q74334,A2
Q74335,A2
Q74336,A2
Q74337,A2
Q74338,A2
Q74339,A2
Q74340,A2
Q74341,A2
Q74342,A2
Q74343,A2
Q74344,A2
Q74345,A2
Q74346,A2
Q74347,A2
Q74348,A2
Q74349,A2
Q74350,A2
Q74351,A2
Q74352,A2
Q74353,A2
Q74354,A2
Q74355,A2
Q74356,A2
Q74357,A2
Q74358,A2
Q74359,A2
Q74360,A2
Q74361,A2
Q74362,A2
Q74363,A2
Q74364,A2
Q74365,A2
Q74366,A2
Q74367,A2
Q74368,A2
Q74369,A2
Q74370,A2
Q74371,A2
Q74372,A2
Q74373,A2
Q74374,A2
Q74375,A2
Q74376,A2
Q74377,A2
Q74378,A2
Q74379,A2
Q74380,A2
Q74381,A2
Q74382,A2
Q74383,A2
Q74384,A2
Q74385,A2
Q74386,A2
Q74387,A2
Q74388,A2
Q74389,A2
Q74390,A2
Q74391,A2
Q74392,A2
Q74393,A2
Q74394,A2
Q74395,A2
Q74396,A2
Q74397,A2
Q74398,A2
Q74399,A2
Q74400,A2
Q74401,A2
Q74402,A2
Q74403,A2
Q74404,A2
Q74405,A2
Q74406,A2
Q74407,A2
Q74408,A2
Q74409,A2
Q74410,A2
Q74411,A2
Q74412,A2
Q74413,A2
Q74414,A2
Q74415,A2
Q74416,A2
Q74417,A2
Q74418,A2
Q74419,A2
Q74420,A2
Q74421,A2
Q74422,A2
Q74423,A2
Q74424,A2
Q74425,A2
Q74426,A2
Q74427,A2
Q74428,A2
Q74429,A2
Q74430,A2
Q74431,A2
Q74432,A2
Q74433,A2
Q74434,A2
Q74435,A2
Q74436,A2
Q74437,A2
Q74438,A2
Q74439,A2
Q74440,A2
Q74441,A2
Q74442,A2
Q74443,A2
Q74444,A2
Q74445,A2
Q74446,A2
Q74447,A2
Q74448,A2
Q74449,A2
Q74450,A2
Q74451,A2
Q74452,A2
Q74453,A2
Q74454,A2
Q74455,A2
Q74456,A2
Q74457,A2
Q74458,A2
Q74459,A2
Q74460,A2
Q74461,A2
Q74462,A2
Q74463,A2
Q74464,A2
Q74465,A2
Q74466,A2
Q74467,A2
Q74468,A2
Q74469,A2
Q74470,A2
Q74471,A2
Q74472,A2
Q74473,A2
Q74474,A2
Q74475,A2
Q74476,A2
Q74477,A2
Q74478,A2
Q74479,A2
Q74480,A2
Q74481,A2
Q74482,A2
Q74483,A2
Q74484,A2
Q74485,A2
Q74486,A2
Q74487,A2
Q74488,A2
Q74489,A2
Q74490,A2
Q74491,A2
Q74492,A2
Q74493,A2
Q74494,A2
Q74495,A2
Q74496,A2
Q74497,A2
Q74498,A2
Q74499,A2
Q74500,A2
Q74501,A2
Q74502,A2
Q74503,A2
Q74504,A2
Q74505,A2
Q74506,A2
Q74507,A2
Q74508,A2
Q74509,A2
Q74510,A2
Q74511,A2
Q74512,A2
Q74513,A2
Q74514,A2
Q74515,A2
Q74516,A2
Q74517,A2
Q74518,A2
Q74519,A2
Q74520,A2
Q74521,A2
Q74522,A2
Q74523,A2
Q74524,A2
Q74525,A2
Q74526,A2
Q74527,A2
Q74528,A2
Q74529,A2
Q74530,A2
Q74531,A2
Q74532,A2
Q74533,A2
Q74534,A2
Q74535,A2
Q74536,A2
Q74537,A2
Q74538,A2
Q74539,A2
Q74540,A2
Q74541,A2
Q74542,A2
Q74543,A2
Q74544,A2
Q74545,A2
Q74546,A2
Q74547,A2
Q74548,A2
Q74549,A2
Q74550,A2
Q74551,A2
Q74552,A2
Q74553,A2
Q74554,A2
Q74555,A2
Q74556,A2
Q74557,A2
Q74558,A2
Q74559,A2
Q74560,A2
Q74561,A2
Q74562,A2
Q74563,A2
Q74564,A2
Q74565,A2
Q74566,A2
Q74567,A2
Q74568,A2
Q74569,A2
Q74570,A2
Q74571,A2
Q74572,A2
Q74573,A2
Q74574,A2
Q74575,A2
Q74576,A2
Q74577,A2
Q74578,A2
Q74579,A2
Q74580,A2
Q74581,A2
Q74582,A2
Q74583,A2
Q74584,A2
Q74585,A2
Q74586,A2
Q74587,A2
Q74588,A2
Q74589,A2
Q74590,A2
Q74591,A2
Q74592,A2
Q74593,A2
Q74594,A2
Q74595,A2
Q74596,A2
Q74597,A2
Q74598,A2
Q74599,A2
Q74600,A2
Q74601,A2
Q74602,A2
Q74603,A2
Q74604,A2
Q74605,A2
Q74606,A2
Q74607,A2
Q74608,A2
Q74609,A2
Q74610,A2
Q74611,A2
Q74612,A2
Q74613,A2
Q74614,A2
Q74615,A2
Q74616,A2
Q74617,A2
Q74618,A2
Q74619,A2
Q74620,A2
Q74621,A2
Q74622,A2
Q74623,A2
Q74624,A2
Q74625,A2
Q74626,A2
Q74627,A2
Q74628,A2
Q74629,A2
Q74630,A2
Q74631,A2
Q74632,A2
Q74633,A2
Q74634,A2
Q74635,A2
Q74636,A2
Q74637,A2
Q74638,A2
Q74639,A2
Q74640,A2
Q74641,A2
Q74642,A2
Q74643,A2
Q74644,A2
Q74645,A2
Q74646,A2
Q74647,A2
Q74648,A2
Q74649,A2
Q74650,A2
Q74651,A2
Q74652,A2
Q74653,A2
Q74654,A2
Q74655,A2
Q74656,A2
Q74657,A2
Q74658,A2
Q74659,A2
Q74660,A2
Q74661,A2
Q74662,A2
Q74663,A2
Q74664,A2
Q74665,A2
Q74666,A2
Q74667,A2
Q74668,A2
Q74669,A2
Q74670,A2
Q74671,A2
Q74672,A2
Q74673,A2
Q74674,A2
Q74675,A2
Q74676,A2
Q74677,A2
Q74678,A2
Q74679,A2
Q74680,A2
Q74681,A2
Q74682,A2
Q74683,A2
Q74684,A2
Q74685,A2
Q74686,A2
Q74687,A2
Q74688,A2
Q74689,A2
Q74690,A2
Q74691,A2
Q74692,A2
Q74693,A2
Q74694,A2
Q74695,A2
Q74696,A2
Q74697,A2
Q74698,A2
Q74699,A2
Q74700,A2
Q74701,A2
Q74702,A2
Q74703,A2
Q74704,A2
Q74705,A2
Q74706,A2
Q74707,A2
Q74708,A2
Q74709,A2
Q74710,A2
Q74711,A2
Q74712,A2
Q74713,A2
Q74714,A2
Q74715,A2
Q74716,A2
Q74717,A2
Q74718,A2
Q74719,A2
Q74720,A2
Q74721,A2
Q74722,A2
Q74723,A2
Q74724,A2
Q74725,A2
Q74726,A2
Q74727,A2
Q74728,A2
Q74729,A2
Q74730,A2
Q74731,A2
Q74732,A2
Q74733,A2
Q74734,A2
Q74735,A2
Q74736,A2
Q74737,A2
Q74738,A2
Q74739,A2
Q74740,A2
Q74741,A2
Q74742,A2
Q74743,A2
Q74744,A2
Q74745,A2
Q74746,A2
Q74747,A2
Q74748,A2
Q74749,A2
Q74750,A2
Q74751,A2
Q74752,A2
Q74753,A2
Q74754,A2
Q74755,A2
Q74756,A2
Q74757,A2
Q74758,A2
Q74759,A2
Q74760,A2
Q74761,A2
Q74762,A2
Q74763,A2
Q74764,A2
Q74765,A2
Q74766,A2
Q74767,A2
Q74768,A2
Q74769,A2
Q74770,A2
Q74771,A2
Q74772,A2
Q74773,A2
Q74774,A2
Q74775,A2
Q74776,A2
Q74777,A2
Q74778,A2
Q74779,A2
Q74780,A2
Q74781,A2
Q74782,A2
Q74783,A2
Q74784,A2
Q74785,A2
Q74786,A2
Q74787,A2
Q74788,A2
Q74789,A2
Q74790,A2
Q74791,A2
Q74792,A2
Q74793,A2
Q74794,A2
Q74795,A2
Q74796,A2
Q74797,A2
Q74798,A2
Q74799,A2
Q74800,A2
Q74801,A2
Q74802,A2
Q74803,A2
Q74804,A2
Q74805,A2
Q74806,A2
Q74807,A2
Q74808,A2
Q74809,A2
Q74810,A2
Q74811,A2
Q74812,A2
Q74813,A2
Q74814,A2
Q74815,A2
Q74816,A2
Q74817,A2
Q74818,A2
Q74819,A2
Q74820,A2
Q74821,A2
Q74822,A2
Q74823,A2
Q74824,A2
Q74825,A2
Q74826,A2
Q74827,A2
Q74828,A2
Q74829,A2
Q74830,A2
Q74831,A2
Q74832,A2
Q74833,A2
Q74834,A2
Q74835,A2
Q74836,A2
Q74837,A2
Q74838,A2
Q74839,A2
Q74840,A2
Q74841,A2
Q74842,A2
Q74843,A2
Q74844,A2
Q74845,A2
Q74846,A2
Q74847,A2
Q74848,A2
Q74849,A2
Q74850,A2
Q74851,A2
Q74852,A2
Q74853,A2
Q74854,A2
Q74855,A2
Q74856,A2
Q74857,A2
Q74858,A2
Q74859,A2
Q74860,A2
Q74861,A2
Q74862,A2
Q74863,A2
Q74864,A2
Q74865,A2
Q74866,A2
Q74867,A2
Q74868,A2
Q74869,A2
Q74870,A2
Q74871,A2
Q74872,A2
Q74873,A2
Q74874,A2
Q74875,A2
Q74876,A2
Q74877,A2
Q74878,A2
Q74879,A2
Q74880,A2
Q74881,A2
Q74882,A2
Q74883,A2
Q74884,A2
Q74885,A2
Q74886,A2
Q74887,A2
Q74888,A2
Q74889,A2
Q74890,A2
Q74891,A2
Q74892,A2
Q74893,A2
Q74894,A2
Q74895,A2
Q74896,A2
Q74897,A2
Q74898,A2
Q74899,A2
Q74900,A2
Q74901,A2
Q74902,A2
Q74903,A2
Q74904,A2
Q74905,A2
Q74906,A2
Q74907,A2
Q74908,A2
Q74909,A2
Q74910,A2
Q74911,A2
Q74912,A2
Q74913,A2
Q74914,A2
Q74915,A2
Q74916,A2
Q74917,A2
Q74918,A2
Q74919,A2
Q74920,A2
Q74921,A2
Q74922,A2
Q74923,A2
Q74924,A2
Q74925,A2
Q74926,A2
Q74927,A2
Q74928,A2
Q74929,A2
Q74930,A2
Q74931,A2
Q74932,A2
Q74933,A2
Q74934,A2
Q74935,A2
Q74936,A2
Q74937,A2
Q74938,A2
Q74939,A2
Q74940,A2
Q74941,A2
Q74942,A2
Q74943,A2
Q74944,A2
Q74945,A2
Q74946,A2
Q74947,A2
Q74948,A2
Q74949,A2
Q74950,A2
Q74951,A2
Q74952,A2
Q74953,A2
Q74954,A2
Q74955,A2
Q74956,A2
Q74957,A2
Q74958,A2
Q74959,A2
Q74960,A2
Q74961,A2
Q74962,A2
Q74963,A2
Q74964,A2
Q74965,A2
Q74966,A2
Q74967,A2
Q74968,A2
Q74969,A2
Q74970,A2
Q74971,A2
Q74972,A2
Q74973,A2
Q74974,A2
Q74975,A2
Q74976,A2
Q74977,A2
Q74978,A2
Q74979,A2
Q74980,A2
Q74981,A2
Q74982,A2
Q74983,A2
Q74984,A2
Q74985,A2
Q74986,A2
Q74987,A2
Q74988,A2
Q74989,A2
Q74990,A2
Q74991,A2
Q74992,A2
Q74993,A2
Q74994,A2
Q74995,A2
Q74996,A2
Q74997,A2
Q74998,A2
Q74999,A2
Q75000,A2
Q75001,A2
Q75002,A2
Q75003,A2
Q75004,A2
Q75005,A2
Q75006,A2
Q75007,A2
Q75008,A2
Q75009,A2
Q75010,A2
Q75011,A2
Q75012,A2
Q75013,A2
Q75014,A2
Q75015,A2
Q75016,A2
Q75017,A2
Q75018,A2
Q75019,A2
Q75020,A2
Q75021,A2
Q75022,A2
Q75023,A2
Q75024,A2
Q75025,A2
Q75026,A2
Q75027,A2
Q75028,A2
Q75029,A2
Q75030,A2
Q75031,A2
Q75032,A2
Q75033,A2
Q75034,A2
Q75035,A2
Q75036,A2
Q75037,A2
Q75038,A2
Q75039,A2
Q75040,A2
Q75041,A2
Q75042,A2
Q75043,A2
Q75044,A2
Q75045,A2
Q75046,A2
Q75047,A2
Q75048,A2
Q75049,A2
Q75050,A2
Q75051,A2
Q75052,A2
Q75053,A2
Q75054,A2
Q75055,A2
Q75056,A2
Q75057,A2
Q75058,A2
Q75059,A2
Q75060,A2
Q75061,A2
Q75062,A2
Q75063,A2
Q75064,A2
Q75065,A2
Q75066,A2
Q75067,A2
Q75068,A2
Q75069,A2
Q75070,A2
Q75071,A2
Q75072,A2
Q75073,A2
Q75074,A2
Q75075,A2
Q75076,A2
Q75077,A2
Q75078,A2
Q75079,A2
Q75080,A2
Q75081,A2
Q75082,A2
Q75083,A2
Q75084,A2
Q75085,A2
Q75086,A2
Q75087,A2
Q75088,A2
Q75089,A2
Q75090,A2
Q75091,A2
Q75092,A2
Q75093,A2
Q75094,A2
Q75095,A2
Q75096,A2
Q75097,A2
Q75098,A2
Q75099,A2
Q75100,A2
Q75101,A2
Q75102,A2
Q75103,A2
Q75104,A2
Q75105,A2
Q75106,A2
Q75107,A2
Q75108,A2
Q75109,A2
Q75110,A2
Q75111,A2
Q75112,A2
Q75113,A2
Q75114,A2
Q75115,A2
Q75116,A2
Q75117,A2
Q75118,A2
Q75119,A2
Q75120,A2
Q75121,A2
Q75122,A2
Q75123,A2
Q75124,A2
Q75125,A2
Q75126,A2
Q75127,A2
Q75128,A2
Q75129,A2
Q75130,A2
Q75131,A2
Q75132,A2
Q75133,A2
Q75134,A2
Q75135,A2
Q75136,A2
Q75137,A2
Q75138,A2
Q75139,A2
Q75140,A2
Q75141,A2
Q75142,A2
Q75143,A2
Q75144,A2
Q75145,A2
Q75146,A2
Q75147,A2
Q75148,A2
Q75149,A2
Q75150,A2
Q75151,A2
Q75152,A2
Q75153,A2
Q75154,A2
Q75155,A2
Q75156,A2
Q75157,A2
Q75158,A2
Q75159,A2
Q75160,A2
Q75161,A2
Q75162,A2
Q75163,A2
Q75164,A2
Q75165,A2
Q75166,A2
Q75167,A2
Q75168,A2
Q75169,A2
Q75170,A2
Q75171,A2
Q75172,A2
Q75173,A2
Q75174,A2
Q75175,A2
Q75176,A2
Q75177,A2
Q75178,A2
Q75179,A2
Q75180,A2
Q75181,A2
Q75182,A2
Q75183,A2
Q75184,A2
Q75185,A2
Q75186,A2
Q75187,A2
Q75188,A2
Q75189,A2
Q75190,A2
Q75191,A2
Q75192,A2
Q75193,A2
Q75194,A2
Q75195,A2
Q75196,A2
Q75197,A2
Q75198,A2
Q75199,A2
Q75200,A2
Q75201,A2
Q75202,A2
Q75203,A2
Q75204,A2
Q75205,A2
Q75206,A2
Q75207,A2
Q75208,A2
Q75209,A2
Q75210,A2
Q75211,A2
Q75212,A2
Q75213,A2
Q75214,A2
Q75215,A2
Q75216,A2
Q75217,A2
Q75218,A2
Q75219,A2
Q75220,A2
Q75221,A2
Q75222,A2
Q75223,A2
Q75224,A2
Q75225,A2
Q75226,A2
Q75227,A2
Q75228,A2
Q75229,A2
Q75230,A2
Q75231,A2
Q75232,A2
Q75233,A2
Q75234,A2
Q75235,A2
Q75236,A2
Q75237,A2
Q75238,A2
Q75239,A2
Q75240,A2
Q75241,A2
Q75242,A2
Q75243,A2
Q75244,A2
Q75245,A2
Q75246,A2
Q75247,A2
Q75248,A2
Q75249,A2
Q75250,A2
Q75251,A2
Q75252,A2
Q75253,A2
Q75254,A2
Q75255,A2
Q75256,A2
Q75257,A2
Q75258,A2
Q75259,A2
Q75260,A2
Q75261,A2
Q75262,A2
Q75263,A2
Q75264,A2
Q75265,A2
Q75266,A2
Q75267,A2
Q75268,A2
Q75269,A2
Q75270,A2
Q75271,A2
Q75272,A2
Q75273,A2
Q75274,A2
Q75275,A2
Q75276,A2
Q75277,A2
Q75278,A2
Q75279,A2
Q75280,A2
Q75281,A2
Q75282,A2
Q75283,A2
Q75284,A2
Q75285,A2
Q75286,A2
Q75287,A2
Q75288,A2
Q75289,A2
Q75290,A2
Q75291,A2
Q75292,A2
Q75293,A2
Q75294,A2
Q75295,A2
Q75296,A2
Q75297,A2
Q75298,A2
Q75299,A2
Q75300,A2
Q75301,A2
Q75302,A2
Q75303,A2
Q75304,A2
Q75305,A2
Q75306,A2
Q75307,A2
Q75308,A2
Q75309,A2
Q75310,A2
Q75311,A2
Q75312,A2
Q75313,A2
Q75314,A2
Q75315,A2
Q75316,A2
Q75317,A2
Q75318,A2
Q75319,A2
Q75320,A2
Q75321,A2
Q75322,A2
Q75323,A2
Q75324,A2
Q75325,A2
Q75326,A2
Q75327,A2
Q75328,A2
Q75329,A2
Q75330,A2
Q75331,A2
Q75332,A2
Q75333,A2
Q75334,A2
Q75335,A2
Q75336,A2
Q75337,A2
Q75338,A2
Q75339,A2
Q75340,A2
Q75341,A2
Q75342,A2
Q75343,A2
Q75344,A2
Q75345,A2
Q75346,A2
Q75347,A2
Q75348,A2
Q75349,A2
Q75350,A2
Q75351,A2
Q75352,A2
Q75353,A2
Q75354,A2
Q75355,A2
Q75356,A2
Q75357,A2
Q75358,A2
Q75359,A2
Q75360,A2
Q75361,A2
Q75362,A2
Q75363,A2
Q75364,A2
Q75365,A2
Q75366,A2
Q75367,A2
Q75368,A2
Q75369,A2
Q75370,A2
Q75371,A2
Q75372,A2
Q75373,A2
Q75374,A2
Q75375,A2
Q75376,A2
Q75377,A2
Q75378,A2
Q75379,A2
Q75380,A2
Q75381,A2
Q75382,A2
Q75383,A2
Q75384,A2
Q75385,A2
Q75386,A2
Q75387,A2
Q75388,A2
Q75389,A2
Q75390,A2
Q75391,A2
Q75392,A2
Q75393,A2
Q75394,A2
Q75395,A2
Q75396,A2
Q75397,A2
Q75398,A2
Q75399,A2
Q75400,A2
Q75401,A2
Q75402,A2
Q75403,A2
Q75404,A2
Q75405,A2
Q75406,A2
Q75407,A2
Q75408,A2
Q75409,A2
Q75410,A2
Q75411,A2
Q75412,A2
Q75413,A2
Q75414,A2
Q75415,A2
Q75416,A2
Q75417,A2
Q75418,A2
Q75419,A2
Q75420,A2
Q75421,A2
Q75422,A2
Q75423,A2
Q75424,A2
Q75425,A2
Q75426,A2
Q75427,A2
Q75428,A2
Q75429,A2
Q75430,A2
Q75431,A2
Q75432,A2
Q75433,A2
Q75434,A2
Q75435,A2
Q75436,A2
Q75437,A2
Q75438,A2
Q75439,A2
Q75440,A2
Q75441,A2
Q75442,A2
Q75443,A2
Q75444,A2
Q75445,A2
Q75446,A2
Q75447,A2
Q75448,A2
Q75449,A2
Q75450,A2
Q75451,A2
Q75452,A2
Q75453,A2
Q75454,A2
Q75455,A2
Q75456,A2
Q75457,A2
Q75458,A2
Q75459,A2
Q75460,A2
Q75461,A2
Q75462,A2
Q75463,A2
Q75464,A2
Q75465,A2
Q75466,A2
Q75467,A2
Q75468,A2
Q75469,A2
Q75470,A2
Q75471,A2
Q75472,A2
Q75473,A2
Q75474,A2
Q75475,A2
Q75476,A2
Q75477,A2
Q75478,A2
Q75479,A2
Q75480,A2
Q75481,A2
Q75482,A2
Q75483,A2
Q75484,A2
Q75485,A2
Q75486,A2
Q75487,A2
Q75488,A2
Q75489,A2
Q75490,A2
Q75491,A2
Q75492,A2
Q75493,A2
Q75494,A2
Q75495,A2
Q75496,A2
Q75497,A2
Q75498,A2
Q75499,A2
Q75500,A2
Q75501,A2
Q75502,A2
Q75503,A2
Q75504,A2
Q75505,A2
Q75506,A2
Q75507,A2
Q75508,A2
Q75509,A2
Q75510,A2
Q75511,A2
Q75512,A2
Q75513,A2
Q75514,A2
Q75515,A2
Q75516,A2
Q75517,A2
Q75518,A2
Q75519,A2
Q75520,A2
Q75521,A2
Q75522,A2
Q75523,A2
Q75524,A2
Q75525,A2
Q75526,A2
Q75527,A2
Q75528,A2
Q75529,A2
Q75530,A2
Q75531,A2
Q75532,A2
Q75533,A2
Q75534,A2
Q75535,A2
Q75536,A2
Q75537,A2
Q75538,A2
Q75539,A2
Q75540,A2
Q75541,A2
Q75542,A2
Q75543,A2
Q75544,A2
Q75545,A2
Q75546,A2
Q75547,A2
Q75548,A2
Q75549,A2
Q75550,A2
Q75551,A2
Q75552,A2
Q75553,A2
Q75554,A2
Q75555,A2
Q75556,A2
Q75557,A2
Q75558,A2
Q75559,A2
Q75560,A2
Q75561,A2
Q75562,A2
Q75563,A2
Q75564,A2
Q75565,A2
Q75566,A2
Q75567,A2
Q75568,A2
Q75569,A2
Q75570,A2
Q75571,A2
Q75572,A2
Q75573,A2
Q75574,A2
Q75575,A2
Q75576,A2
Q75577,A2
Q75578,A2
Q75579,A2
Q75580,A2
Q75581,A2
Q75582,A2
Q75583,A2
Q75584,A2
Q75585,A2
Q75586,A2
Q75587,A2
Q75588,A2
Q75589,A2
Q75590,A2
Q75591,A2
Q75592,A2
Q75593,A2
Q75594,A2
Q75595,A2
Q75596,A2
Q75597,A2
Q75598,A2
Q75599,A2
Q75600,A2
Q75601,A2
Q75602,A2
Q75603,A2
Q75604,A2
Q75605,A2
Q75606,A2
Q75607,A2
Q75608,A2
Q75609,A2
Q75610,A2
Q75611,A2
Q75612,A2
Q75613,A2
Q75614,A2
Q75615,A2
Q75616,A2
Q75617,A2
Q75618,A2
Q75619,A2
Q75620,A2
Q75621,A2
Q75622,A2
Q75623,A2
Q75624,A2
Q75625,A2
Q75626,A2
Q75627,A2
Q75628,A2
Q75629,A2
Q75630,A2
Q75631,A2
Q75632,A2
Q75633,A2
Q75634,A2
Q75635,A2
Q75636,A2
Q75637,A2
Q75638,A2
Q75639,A2
Q75640,A2
Q75641,A2
Q75642,A2
Q75643,A2
Q75644,A2
Q75645,A2
Q75646,A2
Q75647,A2
Q75648,A2
Q75649,A2
Q75650,A2
Q75651,A2
Q75652,A2
Q75653,A2
Q75654,A2
Q75655,A2
Q75656,A2
Q75657,A2
Q75658,A2
Q75659,A2
Q75660,A2
Q75661,A2
Q75662,A2
Q75663,A2
Q75664,A2
Q75665,A2
Q75666,A2
Q75667,A2
Q75668,A2
Q75669,A2
Q75670,A2
Q75671,A2
Q75672,A2
Q75673,A2
Q75674,A2
Q75675,A2
Q75676,A2
Q75677,A2
Q75678,A2
Q75679,A2
Q75680,A2
Q75681,A2
Q75682,A2
Q75683,A2
Q75684,A2
Q75685,A2
Q75686,A2
Q75687,A2
Q75688,A2
Q75689,A2
Q75690,A2
Q75691,A2
Q75692,A2
Q75693,A2
Q75694,A2
Q75695,A2
Q75696,A2
Q75697,A2
Q75698,A2
Q75699,A2
Q75700,A2
Q75701,A2
Q75702,A2
Q75703,A2
Q75704,A2
Q75705,A2
Q75706,A2
Q75707,A2
Q75708,A2
Q75709,A2
Q75710,A2
Q75711,A2
Q75712,A2
Q75713,A2
Q75714,A2
Q75715,A2
Q75716,A2
Q75717,A2
Q75718,A2
Q75719,A2
Q75720,A2
Q75721,A2
Q75722,A2
Q75723,A2
Q75724,A2
Q75725,A2
Q75726,A2
Q75727,A2
Q75728,A2
Q75729,A2
Q75730,A2
Q75731,A2
Q75732,A2
Q75733,A2
Q75734,A2
Q75735,A2
Q75736,A2
Q75737,A2
Q75738,A2
Q75739,A2
Q75740,A2
Q75741,A2
Q75742,A2
Q75743,A2
Q75744,A2
Q75745,A2
Q75746,A2
Q75747,A2
Q75748,A2
Q75749,A2
Q75750,A2
Q75751,A2
Q75752,A2
Q75753,A2
Q75754,A2
Q75755,A2
Q75756,A2
Q75757,A2
Q75758,A2
Q75759,A2
Q75760,A2
Q75761,A2
Q75762,A2
Q75763,A2
Q75764,A2
Q75765,A2
Q75766,A2
Q75767,A2
Q75768,A2
Q75769,A2
Q75770,A2
Q75771,A2
Q75772,A2
Q75773,A2
Q75774,A2
Q75775,A2
Q75776,A2
Q75777,A2
Q75778,A2
Q75779,A2
Q75780,A2
Q75781,A2
Q75782,A2
Q75783,A2
Q75784,A2
Q75785,A2
Q75786,A2
Q75787,A2
Q75788,A2
Q75789,A2
Q75790,A2
Q75791,A2
Q75792,A2
Q75793,A2
Q75794,A2
Q75795,A2
Q75796,A2
Q75797,A2
Q75798,A2
Q75799,A2
Q75800,A2
Q75801,A2
Q75802,A2
Q75803,A2
Q75804,A2
Q75805,A2
Q75806,A2
Q75807,A2
Q75808,A2
Q75809,A2
Q75810,A2
Q75811,A2
Q75812,A2
Q75813,A2
Q75814,A2
Q75815,A2
Q75816,A2
Q75817,A2
Q75818,A2
Q75819,A2
Q75820,A2
Q75821,A2
Q75822,A2
Q75823,A2
Q75824,A2
Q75825,A2
Q75826,A2
Q75827,A2
Q75828,A2
Q75829,A2
Q75830,A2
Q75831,A2
Q75832,A2
Q75833,A2
Q75834,A2
Q75835,A2
Q75836,A2
Q75837,A2
Q75838,A2
Q75839,A2
Q75840,A2
Q75841,A2
Q75842,A2
Q75843,A2
Q75844,A2
Q75845,A2
Q75846,A2
Q75847,A2
Q75848,A2
Q75849,A2
Q75850,A2
Q75851,A2
Q75852,A2
Q75853,A2
Q75854,A2
Q75855,A2
Q75856,A2
Q75857,A2
Q75858,A2
Q75859,A2
Q75860,A2
Q75861,A2
Q75862,A2
Q75863,A2
Q75864,A2
Q75865,A2
Q75866,A2
Q75867,A2
Q75868,A2
Q75869,A2
Q75870,A2
Q75871,A2
Q75872,A2
Q75873,A2
Q75874,A2
Q75875,A2
Q75876,A2
Q75877,A2
Q75878,A2
Q75879,A2
Q75880,A2
Q75881,A2
Q75882,A2
Q75883,A2
Q75884,A2
Q75885,A2
Q75886,A2
Q75887,A2
Q75888,A2
Q75889,A2
Q75890,A2
Q75891,A2
Q75892,A2
Q75893,A2
Q75894,A2
Q75895,A2
Q75896,A2
Q75897,A2
Q75898,A2
Q75899,A2
Q75900,A2
Q75901,A2
Q75902,A2
Q75903,A2
Q75904,A2
Q75905,A2
Q75906,A2
Q75907,A2
Q75908,A2
Q75909,A2
Q75910,A2
Q75911,A2
Q75912,A2
Q75913,A2
Q75914,A2
Q75915,A2
Q75916,A2
Q75917,A2
Q75918,A2
Q75919,A2
Q75920,A2
Q75921,A2
Q75922,A2
Q75923,A2
Q75924,A2
Q75925,A2
Q75926,A2
Q75927,A2
Q75928,A2
Q75929,A2
Q75930,A2
Q75931,A2
Q75932,A2
Q75933,A2
Q75934,A2
Q75935,A2
Q75936,A2
Q75937,A2
Q75938,A2
Q75939,A2
Q75940,A2
Q75941,A2
Q75942,A2
Q75943,A2
Q75944,A2
Q75945,A2
Q75946,A2
Q75947,A2
Q75948,A2
Q75949,A2
Q75950,A2
Q75951,A2
Q75952,A2
Q75953,A2
Q75954,A2
Q75955,A2
Q75956,A2
Q75957,A2
Q75958,A2
Q75959,A2
Q75960,A2
Q75961,A2
Q75962,A2
Q75963,A2
Q75964,A2
Q75965,A2
Q75966,A2
Q75967,A2
Q75968,A2
Q75969,A2
Q75970,A2
Q75971,A2
Q75972,A2
Q75973,A2
Q75974,A2
Q75975,A2
Q75976,A2
Q75977,A2
Q75978,A2
Q75979,A2
Q75980,A2
Q75981,A2
Q75982,A2
Q75983,A2
Q75984,A2
Q75985,A2
Q75986,A2
Q75987,A2
Q75988,A2
Q75989,A2
Q75990,A2
Q75991,A2
Q75992,A2
Q75993,A2
Q75994,A2
Q75995,A2
Q75996,A2
Q75997,A2
Q75998,A2
Q75999,A2
Q76000,A2
Q76001,A2
Q76002,A2
Q76003,A2
Q76004,A2
Q76005,A2
Q76006,A2
Q76007,A2
Q76008,A2
Q76009,A2
Q76010,A2
Q76011,A2
Q76012,A2
Q76013,A2
Q76014,A2
Q76015,A2
Q76016,A2
Q76017,A2
Q76018,A2
Q76019,A2
Q76020,A2
Q76021,A2
Q76022,A2
Q76023,A2
Q76024,A2
Q76025,A2
Q76026,A2
Q76027,A2
Q76028,A2
Q76029,A2
Q76030,A2
Q76031,A2
Q76032,A2
Q76033,A2
Q76034,A2
Q76035,A2
Q76036,A2
Q76037,A2
Q76038,A2
Q76039,A2
Q76040,A2
Q76041,A2
Q76042,A2
Q76043,A2
Q76044,A2
Q76045,A2
Q76046,A2
Q76047,A2
Q76048,A2
Q76049,A2
Q76050,A2
Q76051,A2
Q76052,A2
Q76053,A2
Q76054,A2
Q76055,A2
Q76056,A2
Q76057,A2
Q76058,A2
Q76059,A2
Q76060,A2
Q76061,A2
Q76062,A2
Q76063,A2
Q76064,A2
Q76065,A2
Q76066,A2
Q76067,A2
Q76068,A2
Q76069,A2
Q76070,A2
Q76071,A2
Q76072,A2
Q76073,A2
Q76074,A2
Q76075,A2
Q76076,A2
Q76077,A2
Q76078,A2
Q76079,A2
Q76080,A2
Q76081,A2
Q76082,A2
Q76083,A2
Q76084,A2
Q76085,A2
Q76086,A2
Q76087,A2
Q76088,A2
Q76089,A2
Q76090,A2
Q76091,A2
Q76092,A2
Q76093,A2
Q76094,A2
Q76095,A2
Q76096,A2
Q76097,A2
Q76098,A2
Q76099,A2
Q76100,A2
Q76101,A2
Q76102,A2
Q76103,A2
Q76104,A2
Q76105,A2
Q76106,A2
Q76107,A2
Q76108,A2
Q76109,A2
Q76110,A2
Q76111,A2
Q76112,A2
Q76113,A2
Q76114,A2
Q76115,A2
Q76116,A2
Q76117,A2
Q76118,A2
Q76119,A2
Q76120,A2
Q76121,A2
Q76122,A2
Q76123,A2
Q76124,A2
Q76125,A2
Q76126,A2
Q76127,A2
Q76128,A2
Q76129,A2
Q76130,A2
Q76131,A2
Q76132,A2
Q76133,A2
Q76134,A2
Q76135,A2
Q76136,A2
Q76137,A2
Q76138,A2
Q76139,A2
Q76140,A2
Q76141,A2
Q76142,A2
Q76143,A2
Q76144,A2
Q76145,A2
Q76146,A2
Q76147,A2
Q76148,A2
Q76149,A2
Q76150,A2
Q76151,A2
Q76152,A2
Q76153,A2
Q76154,A2
Q76155,A2
Q76156,A2
Q76157,A2
Q76158,A2
Q76159,A2
Q76160,A2
Q76161,A2
Q76162,A2
Q76163,A2
Q76164,A2
Q76165,A2
Q76166,A2
Q76167,A2
Q76168,A2
Q76169,A2
Q76170,A2
Q76171,A2
Q76172,A2
Q76173,A2
Q76174,A2
Q76175,A2
Q76176,A2
Q76177,A2
Q76178,A2
Q76179,A2
Q76180,A2
Q76181,A2
Q76182,A2
Q76183,A2
Q76184,A2
Q76185,A2
Q76186,A2
Q76187,A2
Q76188,A2
Q76189,A2
Q76190,A2
Q76191,A2
Q76192,A2
Q76193,A2
Q76194,A2
Q76195,A2
Q76196,A2
Q76197,A2
Q76198,A2
Q76199,A2
Q76200,A2
Q76201,A2
Q76202,A2
Q76203,A2
Q76204,A2
Q76205,A2
Q76206,A2
Q76207,A2
Q76208,A2
Q76209,A2
Q76210,A2
Q76211,A2
Q76212,A2
Q76213,A2
Q76214,A2
Q76215,A2
Q76216,A2
Q76217,A2
Q76218,A2
Q76219,A2
Q76220,A2
Q76221,A2
Q76222,A2
Q76223,A2
Q76224,A2
Q76225,A2
Q76226,A2
Q76227,A2
Q76228,A2
Q76229,A2
Q76230,A2
Q76231,A2
Q76232,A2
Q76233,A2
Q76234,A2
Q76235,A2
Q76236,A2
Q76237,A2
Q76238,A2
Q76239,A2
Q76240,A2
Q76241,A2
Q76242,A2
Q76243,A2
Q76244,A2
Q76245,A2
Q76246,A2
Q76247,A2
Q76248,A2
Q76249,A2
Q76250,A2
Q76251,A2
Q76252,A2
Q76253,A2
Q76254,A2
Q76255,A2
Q76256,A2
Q76257,A2
Q76258,A2
Q76259,A2
Q76260,A2
Q76261,A2
Q76262,A2
Q76263,A2
Q76264,A2
Q76265,A2
Q76266,A2
Q76267,A2
Q76268,A2
Q76269,A2
Q76270,A2
Q76271,A2
Q76272,A2
Q76273,A2
Q76274,A2
Q76275,A2
Q76276,A2
Q76277,A2
Q76278,A2
Q76279,A2
Q76280,A2
Q76281,A2
Q76282,A2
Q76283,A2
Q76284,A2
Q76285,A2
Q76286,A2
Q76287,A2
Q76288,A2
Q76289,A2
Q76290,A2
Q76291,A2
Q76292,A2
Q76293,A2
Q76294,A2
Q76295,A2
Q76296,A2
Q76297,A2
Q76298,A2
Q76299,A2
Q76300,A2
Q76301,A2
Q76302,A2
Q76303,A2
Q76304,A2
Q76305,A2
Q76306,A2
Q76307,A2
Q76308,A2
Q76309,A2
Q76310,A2
Q76311,A2
Q76312,A2
Q76313,A2
Q76314,A2
Q76315,A2
Q76316,A2
Q76317,A2
Q76318,A2
Q76319,A2
Q76320,A2
Q76321,A2
Q76322,A2
Q76323,A2
Q76324,A2
Q76325,A2
Q76326,A2
Q76327,A2
Q76328,A2
Q76329,A2
Q76330,A2
Q76331,A2
Q76332,A2
Q76333,A2
Q76334,A2
Q76335,A2
Q76336,A2
Q76337,A2
Q76338,A2
Q76339,A2
Q76340,A2
Q76341,A2
Q76342,A2
Q76343,A2
Q76344,A2
Q76345,A2
Q76346,A2
Q76347,A2
Q76348,A2
Q76349,A2
Q76350,A2
Q76351,A2
Q76352,A2
Q76353,A2
Q76354,A2
Q76355,A2
Q76356,A2
Q76357,A2
Q76358,A2
Q76359,A2
Q76360,A2
Q76361,A2
Q76362,A2
Q76363,A2
Q76364,A2
Q76365,A2
Q76366,A2
Q76367,A2
Q76368,A2
Q76369,A2
Q76370,A2
Q76371,A2
Q76372,A2
Q76373,A2
Q76374,A2
Q76375,A2
Q76376,A2
Q76377,A2
Q76378,A2
Q76379,A2
Q76380,A2
Q76381,A2
Q76382,A2
Q76383,A2
Q76384,A2
Q76385,A2
Q76386,A2
Q76387,A2
Q76388,A2
Q76389,A2
Q76390,A2
Q76391,A2
Q76392,A2
Q76393,A2
Q76394,A2
Q76395,A2
Q76396,A2
Q76397,A2
Q76398,A2
Q76399,A2
Q76400,A2
Q76401,A2
Q76402,A2
Q76403,A2
Q76404,A2
Q76405,A2
Q76406,A2
Q76407,A2
Q76408,A2
Q76409,A2
Q76410,A2
Q76411,A2
Q76412,A2
Q76413,A2
Q76414,A2
Q76415,A2
Q76416,A2
Q76417,A2
Q76418,A2
Q76419,A2
Q76420,A2
Q76421,A2
Q76422,A2
Q76423,A2
Q76424,A2
Q76425,A2
Q76426,A2
Q76427,A2
Q76428,A2
Q76429,A2
Q76430,A2
Q76431,A2
Q76432,A2
Q76433,A2
Q76434,A2
Q76435,A2
Q76436,A2
Q76437,A2
Q76438,A2
Q76439,A2
Q76440,A2
Q76441,A2
Q76442,A2
Q76443,A2
Q76444,A2
Q76445,A2
Q76446,A2
Q76447,A2
Q76448,A2
Q76449,A2
Q76450,A2
Q76451,A2
Q76452,A2
Q76453,A2
Q76454,A2
Q76455,A2
Q76456,A2
Q76457,A2
Q76458,A2
Q76459,A2
Q76460,A2
Q76461,A2
Q76462,A2
Q76463,A2
Q76464,A2
Q76465,A2
Q76466,A2
Q76467,A2
Q76468,A2
Q76469,A2
Q76470,A2
Q76471,A2
Q76472,A2
Q76473,A2
Q76474,A2
Q76475,A2
Q76476,A2
Q76477,A2
Q76478,A2
Q76479,A2
Q76480,A2
Q76481,A2
Q76482,A2
Q76483,A2
Q76484,A2
Q76485,A2
Q76486,A2
Q76487,A2
Q76488,A2
Q76489,A2
Q76490,A2
Q76491,A2
Q76492,A2
Q76493,A2
Q76494,A2
Q76495,A2
Q76496,A2
Q76497,A2
Q76498,A2
Q76499,A2
Q76500,A2
Q76501,A2
Q76502,A2
Q76503,A2
Q76504,A2
Q76505,A2
Q76506,A2
Q76507,A2
Q76508,A2
Q76509,A2
Q76510,A2
Q76511,A2
Q76512,A2
Q76513,A2
Q76514,A2
Q76515,A2
Q76516,A2
Q76517,A2
Q76518,A2
Q76519,A2
Q76520,A2
Q76521,A2
Q76522,A2
Q76523,A2
Q76524,A2
Q76525,A2
Q76526,A2
Q76527,A2
Q76528,A2
Q76529,A2
Q76530,A2
Q76531,A2
Q76532,A2
Q76533,A2
Q76534,A2
Q76535,A2
Q76536,A2
Q76537,A2
Q76538,A2
Q76539,A2
Q76540,A2
Q76541,A2
Q76542,A2
Q76543,A2
Q76544,A2
Q76545,A2
Q76546,A2
Q76547,A2
Q76548,A2
Q76549,A2
Q76550,A2
Q76551,A2
Q76552,A2
Q76553,A2
Q76554,A2
Q76555,A2
Q76556,A2
Q76557,A2
Q76558,A2
Q76559,A2
Q76560,A2
Q76561,A2
Q76562,A2
Q76563,A2
Q76564,A2
Q76565,A2
Q76566,A2
Q76567,A2
Q76568,A2
Q76569,A2
Q76570,A2
Q76571,A2
Q76572,A2
Q76573,A2
Q76574,A2
Q76575,A2
Q76576,A2
Q76577,A2
Q76578,A2
Q76579,A2
Q76580,A2
Q76581,A2
Q76582,A2
Q76583,A2
Q76584,A2
Q76585,A2
Q76586,A2
Q76587,A2
Q76588,A2
Q76589,A2
Q76590,A2
Q76591,A2
Q76592,A2
Q76593,A2
Q76594,A2
Q76595,A2
Q76596,A2
Q76597,A2
Q76598,A2
Q76599,A2
Q76600,A2
Q76601,A2
Q76602,A2
Q76603,A2
Q76604,A2
Q76605,A2
Q76606,A2
Q76607,A2
Q76608,A2
Q76609,A2
Q76610,A2
Q76611,A2
Q76612,A2
Q76613,A2
Q76614,A2
Q76615,A2
Q76616,A2
Q76617,A2
Q76618,A2
Q76619,A2
Q76620,A2
Q76621,A2
Q76622,A2
Q76623,A2
Q76624,A2
Q76625,A2
Q76626,A2
Q76627,A2
Q76628,A2
Q76629,A2
Q76630,A2
Q76631,A2
Q76632,A2
Q76633,A2
Q76634,A2
Q76635,A2
Q76636,A2
Q76637,A2
Q76638,A2
Q76639,A2
Q76640,A2
Q76641,A2
Q76642,A2
Q76643,A2
Q76644,A2
Q76645,A2
Q76646,A2
Q76647,A2
Q76648,A2
Q76649,A2
Q76650,A2
Q76651,A2
Q76652,A2
Q76653,A2
Q76654,A2
Q76655,A2
Q76656,A2
Q76657,A2
Q76658,A2
Q76659,A2
Q76660,A2
Q76661,A2
Q76662,A2
Q76663,A2
Q76664,A2
Q76665,A2
Q76666,A2
Q76667,A2
Q76668,A2
Q76669,A2
Q76670,A2
Q76671,A2
Q76672,A2
Q76673,A2
Q76674,A2
Q76675,A2
Q76676,A2
Q76677,A2
Q76678,A2
Q76679,A2
Q76680,A2
Q76681,A2
Q76682,A2
Q76683,A2
Q76684,A2
Q76685,A2
Q76686,A2
Q76687,A2
Q76688,A2
Q76689,A2
Q76690,A2
Q76691,A2
Q76692,A2
Q76693,A2
Q76694,A2
Q76695,A2
Q76696,A2
Q76697,A2
Q76698,A2
Q76699,A2
Q76700,A2
Q76701,A2
Q76702,A2
Q76703,A2
Q76704,A2
Q76705,A2
Q76706,A2
Q76707,A2
Q76708,A2
Q76709,A2
Q76710,A2
Q76711,A2
Q76712,A2
Q76713,A2
Q76714,A2
Q76715,A2
Q76716,A2
Q76717,A2
Q76718,A2
Q76719,A2
Q76720,A2
Q76721,A2
Q76722,A2
Q76723,A1
Q76724,A1
Q76725,A1
Q76726,A1
Q76727,A1
Q76728,A1
Q76729,A1
Q76730,A1
Q76731,A1
Q76732,A1
Q76733,A1
Q76734,A1
Q76735,A1
Q76736,A1
Q76737,A1
Q76738,A1
Q76739,A1
Q76740,A1
Q76741,A1
Q76742,A1
Q76743,A1
Q76744,A1
Q76745,A1
Q76746,A1
Q76747,A1
Q76748,A1
Q76749,A1
Q76750,A1
Q76751,A1
Q76752,A1
Q76753,A1
Q76754,A1
Q76755,A1
Q76756,A1
Q76757,A1
Q76758,A1
Q76759,A1
Q76760,A1
Q76761,A1
Q76762,A1
Q76763,A1
Q76764,A1
Q76765,A1
Q76766,A1
Q76767,A1
Q76768,A1
Q76769,A1
Q76770,A1
Q76771,A1
Q76772,A1
Q76773,A1
Q76774,A1
Q76775,A1
Q76776,A1
Q76777,A1
Q76778,A1
Q76779,A1
Q76780,A1
Q76781,A1
Q76782,A1
Q76783,A1
Q76784,A1
Q76785,A1
Q76786,A1
Q76787,A1
Q76788,A1
Q76789,A1
Q76790,A1
Q76791,A1
Q76792,A1
Q76793,A1
Q76794,A1
Q76795,A1
Q76796,A1
Q76797,A1
Q76798,A1
Q76799,A1
Q76800,A1
Q76801,A1
Q76802,A1
Q76803,A1
Q76804,A1
Q76805,A1
Q76806,A1
Q76807,A1
Q76808,A1
Q76809,A1
Q76810,A1
Q76811,A1
Q76812,A1
Q76813,A1
Q76814,A1
Q76815,A1
Q76816,A1
Q76817,A1
Q76818,A1
Q76819,A1
Q76820,A1
Q76821,A1
Q76822,A1
Q76823,A1
Q76824,A1
Q76825,A1
Q76826,A1
Q76827,A1
Q76828,A1
Q76829,A1
Q76830,A1
Q76831,A1
Q76832,A1
Q76833,A1
Q76834,A1
Q76835,A1
Q76836,A1
Q76837,A1
Q76838,A1
Q76839,A1
Q76840,A1
Q76841,A1
Q76842,A1
Q76843,A1
Q76844,A1
Q76845,A1
Q76846,A1
Q76847,A1
Q76848,A1
Q76849,A1
Q76850,A1
Q76851,A1
Q76852,A1
Q76853,A1
Q76854,A1
Q76855,A1
Q76856,A1
Q76857,A1
Q76858,A1
Q76859,A1
Q76860,A1
Q76861,A1
Q76862,A1
Q76863,A1
Q76864,A1
Q76865,A1
Q76866,A1
Q76867,A1
Q76868,A1
Q76869,A1
Q76870,A1
Q76871,A1
Q76872,A1
Q76873,A1
Q76874,A1
Q76875,A1
Q76876,A1
Q76877,A1
Q76878,A1
Q76879,A1
Q76880,A1
Q76881,A1
Q76882,A1
Q76883,A1
Q76884,A1
Q76885,A1
Q76886,A1
Q76887,A1
Q76888,A1
Q76889,A1
Q76890,A1
Q76891,A1
Q76892,A1
Q76893,A1
Q76894,A1
Q76895,A1
Q76896,A1
Q76897,A1
Q76898,A1
Q76899,A1
Q76900,A1
Q76901,A1
Q76902,A1
Q76903,A1
Q76904,A1
Q76905,A1
Q76906,A1
Q76907,A1
Q76908,A1
Q76909,A1
Q76910,A1
Q76911,A1
Q76912,A1
Q76913,A1
Q76914,A1
Q76915,A1
Q76916,A1
Q76917,A1
Q76918,A1
Q76919,A1
Q76920,A1
Q76921,A1
Q76922,A1
Q76923,A1
Q76924,A1
Q76925,A1
Q76926,A1
Q76927,A1
Q76928,A1
Q76929,A1
Q76930,A1
Q76931,A1
Q76932,A1
Q76933,A1
Q76934,A1
Q76935,A1
Q76936,A1
Q76937,A1
Q76938,A1
Q76939,A1
Q76940,A1
Q76941,A1
Q76942,A1
Q76943,A1
Q76944,A1
Q76945,A1
Q76946,A1
Q76947,A1
Q76948,A1
Q76949,A1
Q76950,A1
Q76951,A1
Q76952,A1
Q76953,A1
Q76954,A1
Q76955,A1
Q76956,A1
Q76957,A1
Q76958,A1
Q76959,A1
Q76960,A1
Q76961,A1
Q76962,A1
Q76963,A1
Q76964,A1
Q76965,A1
Q76966,A1
Q76967,A1
Q76968,A1
Q76969,A1
Q76970,A1
Q76971,A1
Q76972,A1
Q76973,A1
Q76974,A1
Q76975,A1
Q76976,A1
Q76977,A1
Q76978,A1
Q76979,A1
Q76980,A1
Q76981,A1
Q76982,A1
Q76983,A1
Q76984,A1
Q76985,A1
Q76986,A1
Q76987,A1
Q76988,A1
Q76989,A1
Q76990,A1
Q76991,A1
Q76992,A1
Q76993,A1
Q76994,A1
Q76995,A1
Q76996,A1
Q76997,A1
Q76998,A1
Q76999,A1
Q77000,A1
Q77001,A1
Q77002,A1
Q77003,A1
Q77004,A1
Q77005,A1
Q77006,A1
Q77007,A1
Q77008,A1
Q77009,A1
Q77010,A1
Q77011,A1
Q77012,A1
Q77013,A1
Q77014,A1
Q77015,A1
Q77016,A1
Q77017,A1
Q77018,A1
Q77019,A1
Q77020,A1
Q77021,A1
Q77022,A1
Q77023,A1
Q77024,A1
Q77025,A1
Q77026,A1
Q77027,A1
Q77028,A1
Q77029,A1
Q77030,A1
Q77031,A1
Q77032,A1
Q77033,A1
Q77034,A1
Q77035,A1
Q77036,A1
Q77037,A1
Q77038,A1
Q77039,A1
Q77040,A1
Q77041,A1
Q77042,A1
Q77043,A1
Q77044,A1
Q77045,A1
Q77046,A1
Q77047,A1
Q77048,A1
Q77049,A1
Q77050,A1
Q77051,A1
Q77052,A1
Q77053,A1
Q77054,A1
Q77055,A1
Q77056,A1
Q77057,A1
Q77058,A1
Q77059,A1
Q77060,A1
Q77061,A1
Q77062,A1
Q77063,A1
Q77064,A1
Q77065,A1
Q77066,A1
Q77067,A1
Q77068,A1
Q77069,A1
Q77070,A1
Q77071,A1
Q77072,A1
Q77073,A1
Q77074,A1
Q77075,A1
Q77076,A1
Q77077,A1
Q77078,A1
Q77079,A1
Q77080,A1
Q77081,A1
Q77082,A1
Q77083,A1
Q77084,A1
Q77085,A1
Q77086,A1
Q77087,A1
Q77088,A1
Q77089,A1
Q77090,A1
Q77091,A1
Q77092,A1
Q77093,A1
Q77094,A1
Q77095,A1
Q77096,A1
Q77097,A1
Q77098,A1
Q77099,A1
Q77100,A1
Q77101,A1
Q77102,A1
Q77103,A1
Q77104,A1
Q77105,A1
Q77106,A1
Q77107,A1
Q77108,A1
Q77109,A1
Q77110,A1
Q77111,A1
Q77112,A1
Q77113,A1
Q77114,A1
Q77115,A1
Q77116,A1
Q77117,A1
Q77118,A1
Q77119,A1
Q77120,A1
Q77121,A1
Q77122,A1
Q77123,A1
Q77124,A1
Q77125,A1
Q77126,A1
Q77127,A1
Q77128,A1
Q77129,A1
Q77130,A1
Q77131,A1
Q77132,A1
Q77133,A1
Q77134,A1
Q77135,A1
Q77136,A1
Q77137,A1
Q77138,A1
Q77139,A1
Q77140,A1
Q77141,A1
Q77142,A1
Q77143,A1
Q77144,A1
Q77145,A1
Q77146,A1
Q77147,A1
Q77148,A1
Q77149,A1
Q77150,A1
Q77151,A1
Q77152,A1
Q77153,A1
Q77154,A1
Q77155,A1
Q77156,A1
Q77157,A1
Q77158,A1
Q77159,A1
Q77160,A1
Q77161,A1
Q77162,A1
Q77163,A1
Q77164,A1
Q77165,A1
Q77166,A1
Q77167,A1
Q77168,A1
Q77169,A1
Q77170,A1
Q77171,A1
Q77172,A1
Q77173,A1
Q77174,A1
Q77175,A1
Q77176,A1
Q77177,A1
Q77178,A1
Q77179,A1
Q77180,A1
Q77181,A1
Q77182,A1
Q77183,A1
Q77184,A1
Q77185,A1
Q77186,A1
Q77187,A1
Q77188,A1
Q77189,A1
Q77190,A1
Q77191,A1
Q77192,A1
Q77193,A1
Q77194,A1
Q77195,A1
Q77196,A1
Q77197,A1
Q77198,A1
Q77199,A1
Q77200,A1
Q77201,A1
Q77202,A1
Q77203,A1
Q77204,A1
Q77205,A1
Q77206,A1
Q77207,A1
Q77208,A1
Q77209,A1
Q77210,A1
Q77211,A1
Q77212,A1
Q77213,A1
Q77214,A1
Q77215,A1
Q77216,A1
Q77217,A1
Q77218,A1
Q77219,A1
Q77220,A1
Q77221,A1
Q77222,A1
Q77223,A1
Q77224,A1
Q77225,A1
Q77226,A1
Q77227,A1
Q77228,A1
Q77229,A1
Q77230,A1
Q77231,A1
Q77232,A1
Q77233,A1
Q77234,A1
Q77235,A1
Q77236,A1
Q77237,A1
Q77238,A1
Q77239,A1
Q77240,A1
Q77241,A1
Q77242,A1
Q77243,A1
Q77244,A1
Q77245,A1
Q77246,A1
Q77247,A1
Q77248,A1
Q77249,A1
Q77250,A1
Q77251,A1
Q77252,A1
Q77253,A1
Q77254,A1
Q77255,A1
Q77256,A1
Q77257,A1
Q77258,A1
Q77259,A1
Q77260,A1
Q77261,A1
Q77262,A1
Q77263,A1
Q77264,A1
Q77265,A1
Q77266,A1
Q77267,A1
Q77268,A1
Q77269,A1
Q77270,A1
Q77271,A1
Q77272,A1
Q77273,A1
Q77274,A1
Q77275,A1
Q77276,A1
Q77277,A1
Q77278,A1
Q77279,A1
Q77280,A1
Q77281,A1
Q77282,A1
Q77283,A1
Q77284,A1
Q77285,A1
Q77286,A1
Q77287,A1
Q77288,A1
Q77289,A1
Q77290,A1
Q77291,A1
Q77292,A1
Q77293,A1
Q77294,A1
Q77295,A1
Q77296,A1
Q77297,A1
Q77298,A1
Q77299,A1
Q77300,A1
Q77301,A1
Q77302,A1
Q77303,A1
Q77304,A1
Q77305,A1
Q77306,A1
Q77307,A1
Q77308,A1
Q77309,A1
Q77310,A1
Q77311,A1
Q77312,A1
Q77313,A1
Q77314,A1
Q77315,A1
Q77316,A1
Q77317,A1
Q77318,A1
Q77319,A1
Q77320,A1
Q77321,A1
Q77322,A1
Q77323,A1
Q77324,A1
Q77325,A1
Q77326,A1
Q77327,A1
Q77328,A1
Q77329,A1
Q77330,A1
Q77331,A1
Q77332,A1
Q77333,A1
Q77334,A1
Q77335,A1
Q77336,A1
Q77337,A1
Q77338,A1
Q77339,A1
Q77340,A1
Q77341,A1
Q77342,A1
Q77343,A1
Q77344,A1
Q77345,A1
Q77346,A1
Q77347,A1
Q77348,A1
Q77349,A1
Q77350,A1
Q77351,A1
Q77352,A1
Q77353,A1
Q77354,A1
Q77355,A1
Q77356,A1
Q77357,A1
Q77358,A1
Q77359,A1
Q77360,A1
Q77361,A1
Q77362,A1
Q77363,A1
Q77364,A1
Q77365,A1
Q77366,A1
Q77367,A1
Q77368,A1
Q77369,A1
Q77370,A1
Q77371,A1
Q77372,A1
Q77373,A1
Q77374,A1
Q77375,A1
Q77376,A1
Q77377,A1
Q77378,A1
Q77379,A1
Q77380,A1
Q77381,A1
Q77382,A1
Q77383,A1
Q77384,A1
Q77385,A1
Q77386,A1
Q77387,A1
Q77388,A1
Q77389,A1
Q77390,A1
Q77391,A1
Q77392,A1
Q77393,A1
Q77394,A1
Q77395,A1
Q77396,A1
Q77397,A1
Q77398,A1
Q77399,A1
Q77400,A1
Q77401,A1
Q77402,A1
Q77403,A1
Q77404,A1
Q77405,A1
Q77406,A1
Q77407,A1
Q77408,A1
Q77409,A1
Q77410,A1
Q77411,A1
Q77412,A1
Q77413,A1
Q77414,A1
Q77415,A1
Q77416,A1
Q77417,A1
Q77418,A1
Q77419,A1
Q77420,A1
Q77421,A1
Q77422,A1
Q77423,A1
Q77424,A1
Q77425,A1
Q77426,A1
Q77427,A1
Q77428,A1
Q77429,A1
Q77430,A1
Q77431,A1
Q77432,A1
Q77433,A1
Q77434,A1
Q77435,A1
Q77436,A1
Q77437,A1
Q77438,A1
Q77439,A1
Q77440,A1
Q77441,A1
Q77442,A1
Q77443,A1
Q77444,A1
Q77445,A1
Q77446,A1
Q77447,A1
Q77448,A1
Q77449,A1
Q77450,A1
Q77451,A1
Q77452,A1
Q77453,A1
Q77454,A1
Q77455,A1
Q77456,A1
Q77457,A1
Q77458,A1
Q77459,A1
Q77460,A1
Q77461,A1
Q77462,A1
Q77463,A1
Q77464,A1
Q77465,A1
Q77466,A1
Q77467,A1
Q77468,A1
Q77469,A1
Q77470,A1
Q77471,A1
Q77472,A1
Q77473,A1
Q77474,A1
Q77475,A1
Q77476,A1
Q77477,A1
Q77478,A1
Q77479,A1
Q77480,A1
Q77481,A1
Q77482,A1
Q77483,A1
Q77484,A1
Q77485,A1
Q77486,A1
Q77487,A1
Q77488,A1
Q77489,A1
Q77490,A1
Q77491,A1
Q77492,A1
Q77493,A1
Q77494,A1
Q77495,A1
Q77496,A1
Q77497,A1
Q77498,A1
Q77499,A1
Q77500,A1
Q77501,A1
Q77502,A1
Q77503,A1
Q77504,A1
Q77505,A1
Q77506,A1
Q77507,A1
Q77508,A1
Q77509,A1
Q77510,A1
Q77511,A1
Q77512,A1
Q77513,A1
Q77514,A1
Q77515,A1
Q77516,A1
Q77517,A1
Q77518,A1
Q77519,A1
Q77520,A1
Q77521,A1
Q77522,A1
Q77523,A1
Q77524,A1
Q77525,A1
Q77526,A1
Q77527,A1
Q77528,A1
Q77529,A1
Q77530,A1
Q77531,A1
Q77532,A1
Q77533,A1
Q77534,A1
Q77535,A1
Q77536,A1
Q77537,A1
Q77538,A1
Q77539,A1
Q77540,A1
Q77541,A1
Q77542,A1
Q77543,A1
Q77544,A1
Q77545,A1
Q77546,A1
Q77547,A1
Q77548,A1
Q77549,A1
Q77550,A1
Q77551,A1
Q77552,A1
Q77553,A1
Q77554,A1
Q77555,A1
Q77556,A1
Q77557,A1
Q77558,A1
Q77559,A1
Q77560,A1
Q77561,A1
Q77562,A1
Q77563,A1
Q77564,A1
Q77565,A1
Q77566,A1
Q77567,A1
Q77568,A1
Q77569,A1
Q77570,A1
Q77571,A1
Q77572,A1
Q77573,A1
Q77574,A1
Q77575,A1
Q77576,A1
Q77577,A1
Q77578,A1
Q77579,A1
Q77580,A1
Q77581,A1
Q77582,A1
Q77583,A1
Q77584,A1
Q77585,A1
Q77586,A1
Q77587,A1
Q77588,A1
Q77589,A1
Q77590,A1
Q77591,A1
Q77592,A1
Q77593,A1
Q77594,A1
Q77595,A1
Q77596,A1
Q77597,A1
Q77598,A1
Q77599,A1
Q77600,A1
Q77601,A1
Q77602,A1
Q77603,A1
Q77604,A1
Q77605,A1
Q77606,A1
Q77607,A1
Q77608,A1
Q77609,A1
Q77610,A1
Q77611,A1
Q77612,A1
Q77613,A1
Q77614,A1
Q77615,A1
Q77616,A1
Q77617,A1
Q77618,A1
Q77619,A1
Q77620,A1
Q77621,A1
Q77622,A1
Q77623,A1
Q77624,A1
Q77625,A1
Q77626,A1
Q77627,A1
Q77628,A1
Q77629,A1
Q77630,A1
Q77631,A1
Q77632,A1
Q77633,A1
Q77634,A1
Q77635,A1
Q77636,A1
Q77637,A1
Q77638,A1
Q77639,A1
Q77640,A1
Q77641,A1
Q77642,A1
Q77643,A1
Q77644,A1
Q77645,A1
Q77646,A1
Q77647,A1
Q77648,A1
Q77649,A1
Q77650,A1
Q77651,A1
Q77652,A1
Q77653,A1
Q77654,A1
Q77655,A1
Q77656,A1
Q77657,A1
Q77658,A1
Q77659,A1
Q77660,A1
Q77661,A1
Q77662,A1
Q77663,A1
Q77664,A1
Q77665,A1
Q77666,A1
Q77667,A1
Q77668,A1
Q77669,A1
Q77670,A1
Q77671,A1
Q77672,A1
Q77673,A1
Q77674,A1
Q77675,A1
Q77676,A1
Q77677,A1
Q77678,A1
Q77679,A1
Q77680,A1
Q77681,A1
Q77682,A1
Q77683,A1
Q77684,A1
Q77685,A1
Q77686,A1
Q77687,A1
Q77688,A1
Q77689,A1
Q77690,A1
Q77691,A1
Q77692,A1
Q77693,A1
Q77694,A1
Q77695,A1
Q77696,A1
Q77697,A1
Q77698,A1
Q77699,A1
Q77700,A1
Q77701,A1
Q77702,A1
Q77703,A1
Q77704,A1
Q77705,A1
Q77706,A1
Q77707,A1
Q77708,A1
Q77709,A1
Q77710,A1
Q77711,A1
Q77712,A1
Q77713,A1
Q77714,A1
Q77715,A1
Q77716,A1
Q77717,A1
Q77718,A1
Q77719,A1
Q77720,A1
Q77721,A1
Q77722,A1
Q77723,A1
Q77724,A1
Q77725,A1
Q77726,A1
Q77727,A1
Q77728,A1
Q77729,A1
Q77730,A1
Q77731,A1
Q77732,A1
Q77733,A1
Q77734,A1
Q77735,A1
Q77736,A1
Q77737,A1
Q77738,A1
Q77739,A1
Q77740,A1
Q77741,A1
Q77742,A1
Q77743,A1
Q77744,A1
Q77745,A1
Q77746,A1
Q77747,A1
Q77748,A1
Q77749,A1
Q77750,A1
Q77751,A1
Q77752,A1
Q77753,A1
Q77754,A1
Q77755,A1
Q77756,A1
Q77757,A1
Q77758,A1
Q77759,A1
Q77760,A1
Q77761,A1
Q77762,A1
Q77763,A1
Q77764,A1
Q77765,A1
Q77766,A1
Q77767,A1
Q77768,A1
Q77769,A1
Q77770,A1
Q77771,A1
Q77772,A1
Q77773,A1
Q77774,A1
Q77775,A1
Q77776,A1
Q77777,A1
Q77778,A1
Q77779,A1
Q77780,A1
Q77781,A1
Q77782,A1
Q77783,A1
Q77784,A1
Q77785,A1
Q77786,A1
Q77787,A1
Q77788,A1
Q77789,A1
Q77790,A1
Q77791,A1
Q77792,A1
Q77793,A1
Q77794,A1
Q77795,A1
Q77796,A1
Q77797,A1
Q77798,A1
Q77799,A1
Q77800,A1
Q77801,A1
Q77802,A1
Q77803,A1
Q77804,A1
Q77805,A1
Q77806,A1
Q77807,A1
Q77808,A1
Q77809,A1
Q77810,A1
Q77811,A1
Q77812,A1
Q77813,A1
Q77814,A1
Q77815,A1
Q77816,A1
Q77817,A1
Q77818,A1
Q77819,A1
Q77820,A1
Q77821,A1
Q77822,A1
Q77823,A1
Q77824,A1
Q77825,A1
Q77826,A1
Q77827,A1
Q77828,A1
Q77829,A1
Q77830,A1
Q77831,A1
Q77832,A1
Q77833,A1
Q77834,A1
Q77835,A1
Q77836,A1
Q77837,A1
Q77838,A1
Q77839,A1
Q77840,A1
Q77841,A1
Q77842,A1
Q77843,A1
Q77844,A1
Q77845,A1
Q77846,A1
Q77847,A1
Q77848,A1
Q77849,A1
Q77850,A1
Q77851,A1
Q77852,A1
Q77853,A1
Q77854,A1
Q77855,A1
Q77856,A1
Q77857,A1
Q77858,A1
Q77859,A1
Q77860,A1
Q77861,A1
Q77862,A1
Q77863,A1
Q77864,A1
Q77865,A1
Q77866,A1
Q77867,A1
Q77868,A1
Q77869,A1
Q77870,A1
Q77871,A1
Q77872,A1
Q77873,A1
Q77874,A1
Q77875,A1
Q77876,A1
Q77877,A1
Q77878,A1
Q77879,A1
Q77880,A1
Q77881,A1
Q77882,A1
Q77883,A1
Q77884,A1
Q77885,A1
Q77886,A1
Q77887,A1
Q77888,A1
Q77889,A1
Q77890,A1
Q77891,A1
Q77892,A1
Q77893,A1
Q77894,A1
Q77895,A1
Q77896,A1
Q77897,A1
Q77898,A1
Q77899,A1
Q77900,A1
Q77901,A1
Q77902,A1
Q77903,A1
Q77904,A1
Q77905,A1
Q77906,A1
Q77907,A1
Q77908,A1
Q77909,A1
Q77910,A1
Q77911,A1
Q77912,A1
Q77913,A1
Q77914,A1
Q77915,A1
Q77916,A1
Q77917,A1
Q77918,A1
Q77919,A1
Q77920,A1
Q77921,A1
Q77922,A1
Q77923,A1
Q77924,A1
Q77925,A1
Q77926,A1
Q77927,A1
Q77928,A1
Q77929,A1
Q77930,A1
Q77931,A1
Q77932,A1
Q77933,A1
Q77934,A1
Q77935,A1
Q77936,A1
Q77937,A1
Q77938,A1
Q77939,A1
Q77940,A1
Q77941,A1
Q77942,A1
Q77943,A1
Q77944,A1
Q77945,A1
Q77946,A1
Q77947,A1
Q77948,A1
Q77949,A1
Q77950,A1
Q77951,A1
Q77952,A1
Q77953,A1
Q77954,A1
Q77955,A1
Q77956,A1
Q77957,A1
Q77958,A1
Q77959,A1
Q77960,A1
Q77961,A1
Q77962,A1
Q77963,A1
Q77964,A1
Q77965,A1
Q77966,A1
Q77967,A1
Q77968,A1
Q77969,A1
Q77970,A1
Q77971,A1
Q77972,A1
Q77973,A1
Q77974,A1
Q77975,A1
Q77976,A1
Q77977,A1
Q77978,A1
Q77979,A1
Q77980,A1
Q77981,A1
Q77982,A1
Q77983,A1
Q77984,A1
Q77985,A1
Q77986,A1
Q77987,A1
Q77988,A1
Q77989,A1
Q77990,A1
Q77991,A1
Q77992,A1
Q77993,A1
Q77994,A1
Q77995,A1
Q77996,A1
Q77997,A1
Q77998,A1
Q77999,A1
Q78000,A1
Q78001,A1
Q78002,A1
Q78003,A1
Q78004,A1
Q78005,A1
Q78006,A1
Q78007,A1
Q78008,A1
Q78009,A1
Q78010,A1
Q78011,A1
Q78012,A1
Q78013,A1
Q78014,A1
Q78015,A1
Q78016,A1
Q78017,A1
Q78018,A1
Q78019,A1
Q78020,A1
Q78021,A1
Q78022,A1
Q78023,A1
Q78024,A1
Q78025,A1
Q78026,A1
Q78027,A1
Q78028,A1
Q78029,A1
Q78030,A1
Q78031,A1
Q78032,A1
Q78033,A1
Q78034,A1
Q78035,A1
Q78036,A1
Q78037,A1
Q78038,A1
Q78039,A1
Q78040,A1
Q78041,A1
Q78042,A1
Q78043,A1
Q78044,A1
Q78045,A1
Q78046,A1
Q78047,A1
Q78048,A1
Q78049,A1
Q78050,A1
Q78051,A1
Q78052,A1
Q78053,A1
Q78054,A1
Q78055,A1
Q78056,A1
Q78057,A1
Q78058,A1
Q78059,A1
Q78060,A1
Q78061,A1
Q78062,A1
Q78063,A1
Q78064,A1
Q78065,A1
Q78066,A1
Q78067,A1
Q78068,A1
Q78069,A1
Q78070,A1
Q78071,A1
Q78072,A1
Q78073,A1
Q78074,A1
Q78075,A1
Q78076,A1
Q78077,A1
Q78078,A1
Q78079,A1
Q78080,A1
Q78081,A1
Q78082,A1
Q78083,A1
Q78084,A1
Q78085,A1
Q78086,A1
Q78087,A1
Q78088,A1
Q78089,A1
Q78090,A1
Q78091,A1
Q78092,A1
Q78093,A1
Q78094,A1
Q78095,A1
Q78096,A1
Q78097,A1
Q78098,A1
Q78099,A1
Q78100,A1
Q78101,A1
Q78102,A1
Q78103,A1
Q78104,A1
Q78105,A1
Q78106,A1
Q78107,A1
Q78108,A1
Q78109,A1
Q78110,A1
Q78111,A1
Q78112,A1
Q78113,A1
Q78114,A1
Q78115,A1
Q78116,A1
Q78117,A1
Q78118,A1
Q78119,A1
Q78120,A1
Q78121,A1
Q78122,A1
Q78123,A1
Q78124,A1
Q78125,A1
Q78126,A1
Q78127,A1
Q78128,A1
Q78129,A1
Q78130,A1
Q78131,A1
Q78132,A1
Q78133,A1
Q78134,A1
Q78135,A1
Q78136,A1
Q78137,A1
Q78138,A1
Q78139,A1
Q78140,A1
Q78141,A1
Q78142,A1
Q78143,A1
Q78144,A1
Q78145,A1
Q78146,A1
Q78147,A1
Q78148,A1
Q78149,A1
Q78150,A1
Q78151,A1
Q78152,A1
Q78153,A1
Q78154,A1
Q78155,A1
Q78156,A1
Q78157,A1
Q78158,A1
Q78159,A1
Q78160,A1
Q78161,A1
Q78162,A1
Q78163,A1
Q78164,A1
Q78165,A1
Q78166,A1
Q78167,A1
Q78168,A1
Q78169,A1
Q78170,A1
Q78171,A1
Q78172,A1
Q78173,A1
Q78174,A1
Q78175,A1
Q78176,A1
Q78177,A1
Q78178,A1
Q78179,A1
Q78180,A1
Q78181,A1
Q78182,A1
Q78183,A1
Q78184,A1
Q78185,A1
Q78186,A1
Q78187,A1
Q78188,A1
Q78189,A1
Q78190,A1
Q78191,A1
Q78192,A1
Q78193,A1
Q78194,A1
Q78195,A1
Q78196,A1
Q78197,A1
Q78198,A1
Q78199,A1
Q78200,A1
Q78201,A1
Q78202,A1
Q78203,A1
Q78204,A1
Q78205,A1
Q78206,A1
Q78207,A1
Q78208,A1
Q78209,A1
Q78210,A1
Q78211,A1
Q78212,A1
Q78213,A1
Q78214,A1
Q78215,A1
Q78216,A1
Q78217,A1
Q78218,A1
Q78219,A1
Q78220,A1
Q78221,A1
Q78222,A1
Q78223,A1
Q78224,A1
Q78225,A1
Q78226,A1
Q78227,A1
Q78228,A1
Q78229,A1
Q78230,A1
Q78231,A1
Q78232,A1
Q78233,A1
Q78234,A1
Q78235,A1
Q78236,A1
Q78237,A1
Q78238,A1
Q78239,A1
Q78240,A1
Q78241,A1
Q78242,A1
Q78243,A1
Q78244,A1
Q78245,A1
Q78246,A1
Q78247,A1
Q78248,A1
Q78249,A1
Q78250,A1
Q78251,A1
Q78252,A1
Q78253,A1
Q78254,A1
Q78255,A1
Q78256,A1
Q78257,A1
Q78258,A1
Q78259,A1
Q78260,A1
Q78261,A1
Q78262,A1
Q78263,A1
Q78264,A1
Q78265,A1
Q78266,A1
Q78267,A1
Q78268,A1
Q78269,A1
Q78270,A1
Q78271,A1
Q78272,A1
Q78273,A1
Q78274,A1
Q78275,A1
Q78276,A1
Q78277,A1
Q78278,A1
Q78279,A1
Q78280,A1
Q78281,A1
Q78282,A1
Q78283,A1
Q78284,A1
Q78285,A1
Q78286,A1
Q78287,A1
Q78288,A1
Q78289,A1
Q78290,A1
Q78291,A1
Q78292,A1
Q78293,A1
Q78294,A1
Q78295,A1
Q78296,A1
Q78297,A1
Q78298,A1
Q78299,A1
Q78300,A1
Q78301,A1
Q78302,A1
Q78303,A1
Q78304,A1
Q78305,A1
Q78306,A1
Q78307,A1
Q78308,A1
Q78309,A1
Q78310,A1
Q78311,A1
Q78312,A1
Q78313,A1
Q78314,A1
Q78315,A1
Q78316,A1
Q78317,A1
Q78318,A1
Q78319,A1
Q78320,A1
Q78321,A1
Q78322,A1
Q78323,A1
Q78324,A1
Q78325,A1
Q78326,A1
Q78327,A1
Q78328,A1
Q78329,A1
Q78330,A1
Q78331,A1
Q78332,A1
Q78333,A1
Q78334,A1
Q78335,A1
Q78336,A1
Q78337,A1
Q78338,A1
Q78339,A1
Q78340,A1
Q78341,A1
Q78342,A1
Q78343,A1
Q78344,A1
Q78345,A1
Q78346,A1
Q78347,A1
Q78348,A1
Q78349,A1
Q78350,A1
Q78351,A1
Q78352,A1
Q78353,A1
Q78354,A1
Q78355,A1
Q78356,A1
Q78357,A1
Q78358,A1
Q78359,A1
Q78360,A1
Q78361,A1
Q78362,A1
Q78363,A1
Q78364,A1
Q78365,A1
Q78366,A1
Q78367,A1
Q78368,A1
Q78369,A1
Q78370,A1
Q78371,A1
Q78372,A1
Q78373,A1
Q78374,A1
Q78375,A1
Q78376,A1
Q78377,A1
Q78378,A1
Q78379,A1
Q78380,A1
Q78381,A1
Q78382,A1
Q78383,A1
Q78384,A1
Q78385,A1
Q78386,A1
Q78387,A1
Q78388,A1
Q78389,A1
Q78390,A1
Q78391,A1
Q78392,A1
Q78393,A1
Q78394,A1
Q78395,A1
Q78396,A1
Q78397,A1
Q78398,A1
Q78399,A1
Q78400,A1
Q78401,A1
Q78402,A1
Q78403,A1
Q78404,A1
Q78405,A1
Q78406,A1
Q78407,A1
Q78408,A1
Q78409,A1
Q78410,A1
Q78411,A1
Q78412,A1
Q78413,A1
Q78414,A1
Q78415,A1
Q78416,A1
Q78417,A1
Q78418,A1
Q78419,A1
Q78420,A1
Q78421,A1
Q78422,A1
Q78423,A1
Q78424,A1
Q78425,A1
Q78426,A1
Q78427,A1
Q78428,A1
Q78429,A1
Q78430,A1
Q78431,A1
Q78432,A1
Q78433,A1
Q78434,A1
Q78435,A1
Q78436,A1
Q78437,A1
Q78438,A1
Q78439,A1
Q78440,A1
Q78441,A1
Q78442,A1
Q78443,A1
Q78444,A1
Q78445,A1
Q78446,A1
Q78447,A1
Q78448,A1
Q78449,A1
Q78450,A1
Q78451,A1
Q78452,A1
Q78453,A1
Q78454,A1
Q78455,A1
Q78456,A1
Q78457,A1
Q78458,A1
Q78459,A1
Q78460,A1
Q78461,A1
Q78462,A1
Q78463,A1
Q78464,A1
Q78465,A1
Q78466,A1
Q78467,A1
Q78468,A1
Q78469,A1
Q78470,A1
Q78471,A1
Q78472,A1
Q78473,A1
Q78474,A1
Q78475,A1
Q78476,A1
Q78477,A1
Q78478,A1
Q78479,A1
Q78480,A1
Q78481,A1
Q78482,A1
Q78483,A1
Q78484,A1
Q78485,A1
Q78486,A1
Q78487,A1
Q78488,A1
Q78489,A1
Q78490,A1
Q78491,A1
Q78492,A1
Q78493,A1
Q78494,A1
Q78495,A1
Q78496,A1
Q78497,A1
Q78498,A1
Q78499,A1
Q78500,A1
Q78501,A1
Q78502,A1
Q78503,A1
Q78504,A1
Q78505,A1
Q78506,A1
Q78507,A1
Q78508,A1
Q78509,A1
Q78510,A1
Q78511,A1
Q78512,A1
Q78513,A1
Q78514,A1
Q78515,A1
Q78516,A1
Q78517,A1
Q78518,A1
Q78519,A1
Q78520,A1
Q78521,A1
Q78522,A1
Q78523,A1
Q78524,A1
Q78525,A1
Q78526,A1
Q78527,A1
Q78528,A1
Q78529,A1
Q78530,A1
Q78531,A1
Q78532,A1
Q78533,A1
Q78534,A1
Q78535,A1
Q78536,A1
Q78537,A1
Q78538,A1
Q78539,A1
Q78540,A1
Q78541,A1
Q78542,A1
Q78543,A1
Q78544,A1
Q78545,A1
Q78546,A1
Q78547,A1
Q78548,A1
Q78549,A1
Q78550,A1
Q78551,A1
Q78552,A1
Q78553,A1
Q78554,A1
Q78555,A1
Q78556,A1
Q78557,A1
Q78558,A1
Q78559,A1
Q78560,A1
Q78561,A1
Q78562,A1
Q78563,A1
Q78564,A1
Q78565,A1
Q78566,A1
Q78567,A1
Q78568,A1
Q78569,A1
Q78570,A1
Q78571,A1
Q78572,A1
Q78573,A1
Q78574,A1
Q78575,A1
Q78576,A1
Q78577,A1
Q78578,A1
Q78579,A1
Q78580,A1
Q78581,A1
Q78582,A1
Q78583,A1
Q78584,A1
Q78585,A1
Q78586,A1
Q78587,A1
Q78588,A1
Q78589,A1
Q78590,A1
Q78591,A1
Q78592,A1
Q78593,A1
Q78594,A1
Q78595,A1
Q78596,A1
Q78597,A1
Q78598,A1
Q78599,A1
Q78600,A1
Q78601,A1
Q78602,A1
Q78603,A1
Q78604,A1
Q78605,A1
Q78606,A1
Q78607,A1
Q78608,A1
Q78609,A1
Q78610,A1
Q78611,A1
Q78612,A1
Q78613,A1
Q78614,A1
Q78615,A1
Q78616,A1
Q78617,A1
Q78618,A1
Q78619,A1
Q78620,A1
Q78621,A1
Q78622,A1
Q78623,A1
Q78624,A1
Q78625,A1
Q78626,A1
Q78627,A1
Q78628,A1
Q78629,A1
Q78630,A1
Q78631,A1
Q78632,A1
Q78633,A1
Q78634,A1
Q78635,A1
Q78636,A1
Q78637,A1
Q78638,A1
Q78639,A1
Q78640,A1
Q78641,A1
Q78642,A1
Q78643,A1
Q78644,A1
Q78645,A1
Q78646,A1
Q78647,A1
Q78648,A1
Q78649,A1
Q78650,A1
Q78651,A1
Q78652,A1
Q78653,A1
Q78654,A1
Q78655,A1
Q78656,A1
Q78657,A1
Q78658,A1
Q78659,A1
Q78660,A1
Q78661,A1
Q78662,A1
Q78663,A1
Q78664,A1
Q78665,A1
Q78666,A1
Q78667,A1
Q78668,A1
Q78669,A1
Q78670,A1
Q78671,A1
Q78672,A1
Q78673,A1
Q78674,A1
Q78675,A1
Q78676,A1
Q78677,A1
Q78678,A1
Q78679,A1
Q78680,A1
Q78681,A1
Q78682,A1
Q78683,A1
Q78684,A1
Q78685,A1
Q78686,A1
Q78687,A1
Q78688,A1
Q78689,A1
Q78690,A1
Q78691,A1
Q78692,A1
Q78693,A1
Q78694,A1
Q78695,A1
Q78696,A1
Q78697,A1
Q78698,A1
Q78699,A1
Q78700,A1
Q78701,A1
Q78702,A1
Q78703,A1
Q78704,A1
Q78705,A1
Q78706,A1
Q78707,A1
Q78708,A1
Q78709,A1
Q78710,A1
Q78711,A1
Q78712,A1
Q78713,A1
Q78714,A1
Q78715,A1
Q78716,A1
Q78717,A1
Q78718,A1
Q78719,A1
Q78720,A1
Q78721,A1
Q78722,A1
Q78723,A1
Q78724,A1
Q78725,A1
Q78726,A1
Q78727,A1
Q78728,A1
Q78729,A1
Q78730,A1
Q78731,A1
Q78732,A1
Q78733,A1
Q78734,A1
Q78735,A1
Q78736,A1
Q78737,A1
Q78738,A1
Q78739,A1
Q78740,A1
Q78741,A1
Q78742,A1
Q78743,A1
Q78744,A1
Q78745,A1
Q78746,A1
Q78747,A1
Q78748,A1
Q78749,A1
Q78750,A1
Q78751,A1
Q78752,A1
Q78753,A1
Q78754,A1
Q78755,A1
Q78756,A1
Q78757,A1
Q78758,A1
Q78759,A1
Q78760,A1
Q78761,A1
Q78762,A1
Q78763,A1
Q78764,A1
Q78765,A1
Q78766,A1
Q78767,A1
Q78768,A1
Q78769,A1
Q78770,A1
Q78771,A1
Q78772,A1
Q78773,A1
Q78774,A1
Q78775,A1
Q78776,A1
Q78777,A1
Q78778,A1
Q78779,A1
Q78780,A1
Q78781,A1
Q78782,A1
Q78783,A1
Q78784,A1
Q78785,A1
Q78786,A1
Q78787,A1
Q78788,A1
Q78789,A1
Q78790,A1
Q78791,A1
Q78792,A1
Q78793,A1
Q78794,A1
Q78795,A1
Q78796,A1
Q78797,A1
Q78798,A1
Q78799,A1
Q78800,A1
Q78801,A1
Q78802,A1
Q78803,A1
Q78804,A1
Q78805,A1
Q78806,A1
Q78807,A1
Q78808,A1
Q78809,A1
Q78810,A1
Q78811,A1
Q78812,A1
Q78813,A1
Q78814,A1
Q78815,A1
Q78816,A1
Q78817,A1
Q78818,A1
Q78819,A1
Q78820,A1
Q78821,A1
Q78822,A1
Q78823,A1
Q78824,A1
Q78825,A1
Q78826,A1
Q78827,A1
Q78828,A1
Q78829,A1
Q78830,A1
Q78831,A1
Q78832,A1
Q78833,A1
Q78834,A1
Q78835,A1
Q78836,A1
Q78837,A1
Q78838,A1
Q78839,A1
Q78840,A1
Q78841,A1
Q78842,A1
Q78843,A1
Q78844,A1
Q78845,A1
Q78846,A1
Q78847,A1
Q78848,A1
Q78849,A1
Q78850,A1
Q78851,A1
Q78852,A1
Q78853,A1
Q78854,A1
Q78855,A1
Q78856,A1
Q78857,A1
Q78858,A1
Q78859,A1
Q78860,A1
Q78861,A1
Q78862,A1
Q78863,A1
Q78864,A1
Q78865,A1
Q78866,A1
Q78867,A1
Q78868,A1
Q78869,A1
Q78870,A1
Q78871,A1
Q78872,A1
Q78873,A1
Q78874,A1
Q78875,A1
Q78876,A1
Q78877,A1
Q78878,A1
Q78879,A1
Q78880,A1
Q78881,A1
Q78882,A1
Q78883,A1
Q78884,A1
Q78885,A1
Q78886,A1
Q78887,A1
Q78888,A1
Q78889,A1
Q78890,A1
Q78891,A1
Q78892,A1
Q78893,A1
Q78894,A1
Q78895,A1
Q78896,A1
Q78897,A1
Q78898,A1
Q78899,A1
Q78900,A1
Q78901,A1
Q78902,A1
Q78903,A1
Q78904,A1
Q78905,A1
Q78906,A1
Q78907,A1
Q78908,A1
Q78909,A1
Q78910,A1
Q78911,A1
Q78912,A1
Q78913,A1
Q78914,A1
Q78915,A1
Q78916,A1
Q78917,A1
Q78918,A1
Q78919,A1
Q78920,A1
Q78921,A1
Q78922,A1
Q78923,A1
Q78924,A1
Q78925,A1
Q78926,A1
Q78927,A1
Q78928,A1
Q78929,A1
Q78930,A1
Q78931,A1
Q78932,A1
Q78933,A1
Q78934,A1
Q78935,A1
Q78936,A1
Q78937,A1
Q78938,A1
Q78939,A1
Q78940,A1
Q78941,A1
Q78942,A1
Q78943,A1
Q78944,A1
Q78945,A1
Q78946,A1
Q78947,A1
Q78948,A1
Q78949,A1
Q78950,A1
Q78951,A1
Q78952,A1
Q78953,A1
Q78954,A1
Q78955,A1
Q78956,A1
Q78957,A1
Q78958,A1
Q78959,A1
Q78960,A1
Q78961,A1
Q78962,A1
Q78963,A1
Q78964,A1
Q78965,A1
Q78966,A1
Q78967,A1
Q78968,A1
Q78969,A1
Q78970,A1
Q78971,A1
Q78972,A1
Q78973,A1
Q78974,A1
Q78975,A1
Q78976,A1
Q78977,A1
Q78978,A1
Q78979,A1
Q78980,A1
Q78981,A1
Q78982,A1
Q78983,A1
Q78984,A1
Q78985,A1
Q78986,A1
Q78987,A1
Q78988,A1
Q78989,A1
Q78990,A1
Q78991,A1
Q78992,A1
Q78993,A1
Q78994,A1
Q78995,A1
Q78996,A1
Q78997,A1
Q78998,A1
Q78999,A1
Q79000,A1
Q79001,A1
Q79002,A1
Q79003,A1
Q79004,A1
Q79005,A1
Q79006,A1
Q79007,A1
Q79008,A1
Q79009,A1
Q79010,A1
Q79011,A1
Q79012,A1
Q79013,A1
Q79014,A1
Q79015,A1
Q79016,A1
Q79017,A1
Q79018,A1
Q79019,A1
Q79020,A1
Q79021,A1
Q79022,A1
Q79023,A1
Q79024,A1
Q79025,A1
Q79026,A1
Q79027,A1
Q79028,A1
Q79029,A1
Q79030,A1
Q79031,A1
Q79032,A1
Q79033,A1
Q79034,A1
Q79035,A1
Q79036,A1
Q79037,A1
Q79038,A1
Q79039,A1
Q79040,A1
Q79041,A1
Q79042,A1
Q79043,A1
Q79044,A1
Q79045,A1
Q79046,A1
Q79047,A1
Q79048,A1
Q79049,A1
Q79050,A1
Q79051,A1
Q79052,A1
Q79053,A1
Q79054,A1
Q79055,A1
Q79056,A1
Q79057,A1
Q79058,A1
Q79059,A1
Q79060,A1
Q79061,A1
Q79062,A1
Q79063,A1
Q79064,A1
Q79065,A1
Q79066,A1
Q79067,A1
Q79068,A1
Q79069,A1
Q79070,A1
Q79071,A1
Q79072,A1
Q79073,A1
Q79074,A1
Q79075,A1
Q79076,A1
Q79077,A1
Q79078,A1
Q79079,A1
Q79080,A1
Q79081,A1
Q79082,A1
Q79083,A1
Q79084,A1
Q79085,A1
Q79086,A1
Q79087,A1
Q79088,A1
Q79089,A1
Q79090,A1
Q79091,A1
Q79092,A1
Q79093,A1
Q79094,A1
Q79095,A1
Q79096,A1
Q79097,A1
Q79098,A1
Q79099,A1
Q79100,A1
Q79101,A1
Q79102,A1
Q79103,A1
Q79104,A1
Q79105,A1
Q79106,A1
Q79107,A1
Q79108,A1
Q79109,A1
Q79110,A1
Q79111,A1
Q79112,A1
Q79113,A1
Q79114,A1
Q79115,A1
Q79116,A1
Q79117,A1
Q79118,A1
Q79119,A1
Q79120,A1
Q79121,A1
Q79122,A1
Q79123,A1
Q79124,A1
Q79125,A1
Q79126,A1
Q79127,A1
Q79128,A1
Q79129,A1
Q79130,A1
Q79131,A1
Q79132,A1
Q79133,A1
Q79134,A1
Q79135,A1
Q79136,A1
Q79137,A1
Q79138,A1
Q79139,A1
Q79140,A1
Q79141,A1
Q79142,A1
Q79143,A1
Q79144,A1
Q79145,A1
Q79146,A1
Q79147,A1
Q79148,A1
Q79149,A1
Q79150,A1
Q79151,A1
Q79152,A1
Q79153,A1
Q79154,A1
Q79155,A1
Q79156,A1
Q79157,A1
Q79158,A1
Q79159,A1
Q79160,A1
Q79161,A1
Q79162,A1
Q79163,A1
Q79164,A1
Q79165,A1
Q79166,A1
Q79167,A1
Q79168,A1
Q79169,A1
Q79170,A1
Q79171,A1
Q79172,A1
Q79173,A1
Q79174,A1
Q79175,A1
Q79176,A1
Q79177,A1
Q79178,A1
Q79179,A1
Q79180,A1
Q79181,A1
Q79182,A1
Q79183,A1
Q79184,A1
Q79185,A1
Q79186,A1
Q79187,A1
Q79188,A1
Q79189,A1
Q79190,A1
Q79191,A1
Q79192,A1
Q79193,A1
Q79194,A1
Q79195,A1
Q79196,A1
Q79197,A1
Q79198,A1
Q79199,A1
Q79200,A1
Q79201,A1
Q79202,A1
Q79203,A1
Q79204,A1
Q79205,A1
Q79206,A1
Q79207,A1
Q79208,A1
Q79209,A1
Q79210,A1
Q79211,A1
Q79212,A1
Q79213,A1
Q79214,A1
Q79215,A1
Q79216,A1
Q79217,A1
Q79218,A1
Q79219,A1
Q79220,A1
Q79221,A1
Q79222,A1
Q79223,A1
Q79224,A1
Q79225,A1
Q79226,A1
Q79227,A1
Q79228,A1
Q79229,A1
Q79230,A1
Q79231,A1
Q79232,A1
Q79233,A1
Q79234,A1
Q79235,A1
Q79236,A1
Q79237,A1
Q79238,A1
Q79239,A1
Q79240,A1
Q79241,A1
Q79242,A1
Q79243,A1
Q79244,A1
Q79245,A1
Q79246,A1
Q79247,A1
Q79248,A1
Q79249,A1
Q79250,A1
Q79251,A1
Q79252,A1
Q79253,A1
Q79254,A1
Q79255,A1
Q79256,A1
Q79257,A1
Q79258,A1
Q79259,A1
Q79260,A1
Q79261,A1
Q79262,A1
Q79263,A1
Q79264,A1
Q79265,A1
Q79266,A1
Q79267,A1
Q79268,A1
Q79269,A1
Q79270,A1
Q79271,A1
Q79272,A1
Q79273,A1
Q79274,A1
Q79275,A1
Q79276,A1
Q79277,A1
Q79278,A1
Q79279,A1
Q79280,A1
Q79281,A1
Q79282,A1
Q79283,A1
Q79284,A1
Q79285,A1
Q79286,A1
Q79287,A1
Q79288,A1
Q79289,A1
Q79290,A1
Q79291,A1
Q79292,A1
Q79293,A1
Q79294,A1
Q79295,A1
Q79296,A1
Q79297,A1
Q79298,A1
Q79299,A1
Q79300,A1
Q79301,A1
Q79302,A1
Q79303,A1
Q79304,A1
Q79305,A1
Q79306,A1
Q79307,A1
Q79308,A1
Q79309,A1
Q79310,A1
Q79311,A1
Q79312,A1
Q79313,A1
Q79314,A1
Q79315,A1
Q79316,A1
Q79317,A1
Q79318,A1
Q79319,A1
Q79320,A1
Q79321,A1
Q79322,A1
Q79323,A1
Q79324,A1
Q79325,A1
Q79326,A1
Q79327,A1
Q79328,A1
Q79329,A1
Q79330,A1
Q79331,A1
Q79332,A1
Q79333,A1
Q79334,A1
Q79335,A1
Q79336,A1
Q79337,A1
Q79338,A1
Q79339,A1
Q79340,A1
Q79341,A1
Q79342,A1
Q79343,A1
Q79344,A1
Q79345,A1
Q79346,A1
Q79347,A1
Q79348,A1
Q79349,A1
Q79350,A1
Q79351,A1
Q79352,A1
Q79353,A1
Q79354,A1
Q79355,A1
Q79356,A1
Q79357,A1
Q79358,A1
Q79359,A1
Q79360,A1
Q79361,A1
Q79362,A1
Q79363,A1
Q79364,A1
Q79365,A1
Q79366,A1
Q79367,A1
Q79368,A1
Q79369,A1
Q79370,A1
Q79371,A1
Q79372,A1
Q79373,A1
Q79374,A1
Q79375,A1
Q79376,A1
Q79377,A1
Q79378,A1
Q79379,A1
Q79380,A1
Q79381,A1
Q79382,A1
Q79383,A1
Q79384,A1
Q79385,A1
Q79386,A1
Q79387,A1
Q79388,A1
Q79389,A1
Q79390,A1
Q79391,A1
Q79392,A1
Q79393,A1
Q79394,A1
Q79395,A1
Q79396,A1
Q79397,A1
Q79398,A1
Q79399,A1
Q79400,A1
Q79401,A1
Q79402,A1
Q79403,A1
Q79404,A1
Q79405,A1
Q79406,A1
Q79407,A1
Q79408,A1
Q79409,A1
Q79410,A1
Q79411,A1
Q79412,A1
Q79413,A1
Q79414,A1
Q79415,A1
Q79416,A1
Q79417,A1
Q79418,A1
Q79419,A1
Q79420,A1
Q79421,A1
Q79422,A1
Q79423,A1
Q79424,A1
Q79425,A1
Q79426,A1
Q79427,A1
Q79428,A1
Q79429,A1
Q79430,A1
Q79431,A1
Q79432,A1
Q79433,A1
Q79434,A1
Q79435,A1
Q79436,A1
Q79437,A1
Q79438,A1
Q79439,A1
Q79440,A1
Q79441,A1
Q79442,A1
Q79443,A1
Q79444,A1
Q79445,A1
Q79446,A1
Q79447,A1
Q79448,A1
Q79449,A1
Q79450,A1
Q79451,A1
Q79452,A1
Q79453,A1
Q79454,A1
Q79455,A1
Q79456,A1
Q79457,A1
Q79458,A1
Q79459,A1
Q79460,A1
Q79461,A1
Q79462,A1
Q79463,A1
Q79464,A1
Q79465,A1
Q79466,A1
Q79467,A1
Q79468,A1
Q79469,A1
Q79470,A1
Q79471,A1
Q79472,A1
Q79473,A1
Q79474,A1
Q79475,A1
Q79476,A1
Q79477,A1
Q79478,A1
Q79479,A1
Q79480,A1
Q79481,A1
Q79482,A1
Q79483,A1
Q79484,A1
Q79485,A1
Q79486,A1
Q79487,A1
Q79488,A1
Q79489,A1
Q79490,A1
Q79491,A1
Q79492,A1
Q79493,A1
Q79494,A1
Q79495,A1
Q79496,A1
Q79497,A1
Q79498,A1
Q79499,A1
Q79500,A1
Q79501,A1
Q79502,A1
Q79503,A1
Q79504,A1
Q79505,A1
Q79506,A1
Q79507,A1
Q79508,A1
Q79509,A1
Q79510,A1
Q79511,A1
Q79512,A1
Q79513,A1
Q79514,A1
Q79515,A1
Q79516,A1
Q79517,A1
Q79518,A1
Q79519,A1
Q79520,A1
Q79521,A1
Q79522,A1
Q79523,A1
Q79524,A1
Q79525,A1
Q79526,A1
Q79527,A1
Q79528,A1
Q79529,A1
Q79530,A1
Q79531,A1
Q79532,A1
Q79533,A1
Q79534,A1
Q79535,A1
Q79536,A1
Q79537,A1
Q79538,A1
Q79539,A1
Q79540,A1
Q79541,A1
Q79542,A1
Q79543,A1
Q79544,A1
Q79545,A1
Q79546,A1
Q79547,A1
Q79548,A1
Q79549,A1
Q79550,A1
Q79551,A1
Q79552,A1
Q79553,A1
Q79554,A1
Q79555,A1
Q79556,A1
Q79557,A1
Q79558,A1
Q79559,A1
Q79560,A1
Q79561,A1
Q79562,A1
Q79563,A1
Q79564,A1
Q79565,A1
Q79566,A1
Q79567,A1
Q79568,A1
Q79569,A1
Q79570,A1
Q79571,A1
Q79572,A1
Q79573,A1
Q79574,A1
Q79575,A1
Q79576,A1
Q79577,A1
Q79578,A1
Q79579,A1
Q79580,A1
Q79581,A1
Q79582,A1
Q79583,A1
Q79584,A1
Q79585,A1
Q79586,A1
Q79587,A1
Q79588,A1
Q79589,A1
Q79590,A1
Q79591,A1
Q79592,A1
Q79593,A1
Q79594,A1
Q79595,A1
Q79596,A1
Q79597,A1
Q79598,A1
Q79599,A1
Q79600,A1
Q79601,A1
Q79602,A1
Q79603,A1
Q79604,A1
Q79605,A1
Q79606,A1
Q79607,A1
Q79608,A1
Q79609,A1
Q79610,A1
Q79611,A1
Q79612,A1
Q79613,A1
Q79614,A1
Q79615,A1
Q79616,A1
Q79617,A1
Q79618,A1
Q79619,A1
Q79620,A1
Q79621,A1
Q79622,A1
Q79623,A1
Q79624,A1
Q79625,A1
Q79626,A1
Q79627,A1
Q79628,A1
Q79629,A1
Q79630,A1
Q79631,A1
Q79632,A1
Q79633,A1
Q79634,A1
Q79635,A1
Q79636,A1
Q79637,A1
Q79638,A1
Q79639,A1
Q79640,A1
Q79641,A1
Q79642,A1
Q79643,A1
Q79644,A1
Q79645,A1
Q79646,A1
Q79647,A1
Q79648,A1
Q79649,A1
Q79650,A1
Q79651,A1
Q79652,A1
Q79653,A1
Q79654,A1
Q79655,A1
Q79656,A1
Q79657,A1
Q79658,A1
Q79659,A1
Q79660,A1
Q79661,A1
Q79662,A1
Q79663,A1
Q79664,A1
Q79665,A1
Q79666,A1
Q79667,A1
Q79668,A1
Q79669,A1
Q79670,A1
Q79671,A1
Q79672,A1
Q79673,A1
Q79674,A1
Q79675,A1
Q79676,A1
Q79677,A1
Q79678,A1
Q79679,A1
Q79680,A1
Q79681,A1
Q79682,A1
Q79683,A1
Q79684,A1
Q79685,A1
Q79686,A1
Q79687,A1
Q79688,A1
Q79689,A1
Q79690,A1
Q79691,A1
Q79692,A1
Q79693,A1
Q79694,A1
Q79695,A1
Q79696,A1
Q79697,A1
Q79698,A1
Q79699,A1
Q79700,A1
Q79701,A1
Q79702,A1
Q79703,A1
Q79704,A1
Q79705,A1
Q79706,A1
Q79707,A1
Q79708,A1
Q79709,A1
Q79710,A1
Q79711,A1
Q79712,A1
Q79713,A1
Q79714,A1
Q79715,A1
Q79716,A1
Q79717,A1
Q79718,A1
Q79719,A1
Q79720,A1
Q79721,A1
Q79722,A1
Q79723,A1
Q79724,A1
Q79725,A1
Q79726,A1
Q79727,A1
Q79728,A1
Q79729,A1
Q79730,A1
Q79731,A1
Q79732,A1
Q79733,A1
Q79734,A1
Q79735,A1
Q79736,A1
Q79737,A1
Q79738,A1
Q79739,A1
Q79740,A1
Q79741,A1
Q79742,A1
Q79743,A1
Q79744,A1
Q79745,A1
Q79746,A1
Q79747,A1
Q79748,A1
Q79749,A1
Q79750,A1
Q79751,A1
Q79752,A1
Q79753,A1
Q79754,A1
Q79755,A1
Q79756,A1
Q79757,A1
Q79758,A1
Q79759,A1
Q79760,A1
Q79761,A1
Q79762,A1
Q79763,A1
Q79764,A1
Q79765,A1
Q79766,A1
Q79767,A1
Q79768,A1
Q79769,A1
Q79770,A1
Q79771,A1
Q79772,A1
Q79773,A1
Q79774,A1
Q79775,A1
Q79776,A1
Q79777,A1
Q79778,A1
Q79779,A1
Q79780,A1
Q79781,A1
Q79782,A1
Q79783,A1
Q79784,A1
Q79785,A1
Q79786,A1
Q79787,A1
Q79788,A1
Q79789,A1
Q79790,A1
Q79791,A1
Q79792,A1
Q79793,A1
Q79794,A1
Q79795,A1
Q79796,A1
Q79797,A1
Q79798,A1
Q79799,A1
Q79800,A1
Q79801,A1
Q79802,A1
Q79803,A1
Q79804,A1
Q79805,A1
Q79806,A1
Q79807,A1
Q79808,A1
Q79809,A1
Q79810,A1
Q79811,A1
Q79812,A1
Q79813,A1
Q79814,A1
Q79815,A1
Q79816,A1
Q79817,A1
Q79818,A1
Q79819,A1
Q79820,A1
Q79821,A1
Q79822,A1
Q79823,A1
Q79824,A1
Q79825,A1
Q79826,A1
Q79827,A1
Q79828,A1
Q79829,A1
Q79830,A1
Q79831,A1
Q79832,A1
Q79833,A1
Q79834,A1
Q79835,A1
Q79836,A1
Q79837,A1
Q79838,A1
Q79839,A1
Q79840,A1
Q79841,A1
Q79842,A1
Q79843,A1
Q79844,A1
Q79845,A1
Q79846,A1
Q79847,A1
Q79848,A1
Q79849,A1
Q79850,A1
Q79851,A1
Q79852,A1
Q79853,A1
Q79854,A1
Q79855,A1
Q79856,A1
Q79857,A1
Q79858,A1
Q79859,A1
Q79860,A1
Q79861,A1
Q79862,A1
Q79863,A1
Q79864,A1
Q79865,A1
Q79866,A1
Q79867,A1
Q79868,A1
Q79869,A1
Q79870,A1
Q79871,A1
Q79872,A1
Q79873,A1
Q79874,A1
Q79875,A1
Q79876,A1
Q79877,A1
Q79878,A1
Q79879,A1
Q79880,A1
Q79881,A1
Q79882,A1
Q79883,A1
Q79884,A1
Q79885,A1
Q79886,A1
Q79887,A1
Q79888,A1
Q79889,A1
Q79890,A1
Q79891,A1
Q79892,A1
Q79893,A1
Q79894,A1
Q79895,A1
Q79896,A1
Q79897,A1
Q79898,A1
Q79899,A1
Q79900,A1
Q79901,A1
Q79902,A1
Q79903,A1
Q79904,A1
Q79905,A1
Q79906,A1
Q79907,A1
Q79908,A1
Q79909,A1
Q79910,A1
Q79911,A1
Q79912,A1
Q79913,A1
Q79914,A1
Q79915,A1
Q79916,A1
Q79917,A1
Q79918,A1
Q79919,A1
Q79920,A1
Q79921,A1
Q79922,A1
Q79923,A1
Q79924,A1
Q79925,A1
Q79926,A1
Q79927,A1
Q79928,A1
Q79929,A1
Q79930,A1
Q79931,A1
Q79932,A1
Q79933,A1
Q79934,A1
Q79935,A1
Q79936,A1
Q79937,A1
Q79938,A1
Q79939,A1
Q79940,A1
Q79941,A1
Q79942,A1
Q79943,A1
Q79944,A1
Q79945,A1
Q79946,A1
Q79947,A1
Q79948,A1
Q79949,A1
Q79950,A1
Q79951,A1
Q79952,A1
Q79953,A1
Q79954,A1
Q79955,A1
Q79956,A1
Q79957,A1
Q79958,A1
Q79959,A1
Q79960,A1
Q79961,A1
Q79962,A1
Q79963,A1
Q79964,A1
Q79965,A1
Q79966,A1
Q79967,A1
Q79968,A1
Q79969,A1
Q79970,A1
Q79971,A1
Q79972,A1
Q79973,A1
Q79974,A1
Q79975,A1
Q79976,A1
Q79977,A1
Q79978,A1
Q79979,A1
Q79980,A1
Q79981,A1
Q79982,A1
Q79983,A1
Q79984,A1
Q79985,A1
Q79986,A1
Q79987,A1
Q79988,A1
Q79989,A1
Q79990,A1
Q79991,A1
Q79992,A1
Q79993,A1
Q79994,A1
Q79995,A1
Q79996,A1
Q79997,A1
Q79998,A1
Q79999,A1
Q80000,A1
Q80001,A1
Q80002,A1
Q80003,A1
Q80004,A1
Q80005,A1
Q80006,A1
Q80007,A1
Q80008,A1
Q80009,A1
Q80010,A1
Q80011,A1
Q80012,A1
Q80013,A1
Q80014,A1
Q80015,A1
Q80016,A1
Q80017,A1
Q80018,A1
Q80019,A1
Q80020,A1
Q80021,A1
Q80022,A1
Q80023,A1
Q80024,A1
Q80025,A1
Q80026,A1
Q80027,A1
Q80028,A1
Q80029,A1
Q80030,A1
Q80031,A1
Q80032,A1
Q80033,A1
Q80034,A1
Q80035,A1
Q80036,A1
Q80037,A1
Q80038,A1
Q80039,A1
Q80040,A1
Q80041,A1
Q80042,A1
Q80043,A1
Q80044,A1
Q80045,A1
Q80046,A1
Q80047,A1
Q80048,A1
Q80049,A1
Q80050,A1
Q80051,A1
Q80052,A1
Q80053,A1
Q80054,A1
Q80055,A1
Q80056,A1
Q80057,A1
Q80058,A1
Q80059,A1
Q80060,A1
Q80061,A1
Q80062,A1
Q80063,A1
Q80064,A1
Q80065,A1
Q80066,A1
Q80067,A1
Q80068,A1
Q80069,A1
Q80070,A1
Q80071,A1
Q80072,A1
Q80073,A1
Q80074,A1
Q80075,A1
Q80076,A1
Q80077,A1
Q80078,A1
Q80079,A1
Q80080,A1
Q80081,A1
Q80082,A1
Q80083,A1
Q80084,A1
Q80085,A1
Q80086,A1
Q80087,A1
Q80088,A1
Q80089,A1
Q80090,A1
Q80091,A1
Q80092,A1
Q80093,A1
Q80094,A1
Q80095,A1
Q80096,A1
Q80097,A1
Q80098,A1
Q80099,A1
Q80100,A1
Q80101,A1
Q80102,A1
Q80103,A1
Q80104,A1
Q80105,A1
Q80106,A1
Q80107,A1
Q80108,A1
Q80109,A1
Q80110,A1
Q80111,A1
Q80112,A1
Q80113,A1
Q80114,A1
Q80115,A1
Q80116,A1
Q80117,A1
Q80118,A1
Q80119,A1
Q80120,A1
Q80121,A1
Q80122,A1
Q80123,A1
Q80124,A1
Q80125,A1
Q80126,A1
Q80127,A1
Q80128,A1
Q80129,A1
Q80130,A1
Q80131,A1
Q80132,A1
Q80133,A1
Q80134,A1
Q80135,A1
Q80136,A1
Q80137,A1
Q80138,A1
Q80139,A1
Q80140,A1
Q80141,A1
Q80142,A1
Q80143,A1
Q80144,A1
Q80145,A1
Q80146,A1
Q80147,A1
Q80148,A1
Q80149,A1
Q80150,A1
Q80151,A1
Q80152,A1
Q80153,A1
Q80154,A1
Q80155,A1
Q80156,A1
Q80157,A1
Q80158,A1
Q80159,A1
Q80160,A1
Q80161,A1
Q80162,A1
Q80163,A1
Q80164,A1
Q80165,A1
Q80166,A1
Q80167,A1
Q80168,A1
Q80169,A1
Q80170,A1
Q80171,A1
Q80172,A1
Q80173,A1
Q80174,A1
Q80175,A1
Q80176,A1
Q80177,A1
Q80178,A1
Q80179,A1
Q80180,A1
Q80181,A1
Q80182,A1
Q80183,A1
Q80184,A1
Q80185,A1
Q80186,A1
Q80187,A1
Q80188,A1
Q80189,A1
Q80190,A1
Q80191,A1
Q80192,A1
Q80193,A1
Q80194,A1
Q80195,A1
Q80196,A1
Q80197,A1
Q80198,A1
Q80199,A1
Q80200,A1
Q80201,A1
Q80202,A1
Q80203,A1
Q80204,A1
Q80205,A1
Q80206,A1
Q80207,A1
Q80208,A1
Q80209,A1
Q80210,A1
Q80211,A1
Q80212,A1
Q80213,A1
Q80214,A1
Q80215,A1
Q80216,A1
Q80217,A1
Q80218,A1
Q80219,A1
Q80220,A1
Q80221,A1
Q80222,A1
Q80223,A1
Q80224,A1
Q80225,A1
Q80226,A1
Q80227,A1
Q80228,A1
Q80229,A1
Q80230,A1
Q80231,A1
Q80232,A1
Q80233,A1
Q80234,A1
Q80235,A1
Q80236,A1
Q80237,A1
Q80238,A1
Q80239,A1
Q80240,A1
Q80241,A1
Q80242,A1
Q80243,A1
Q80244,A1
Q80245,A1
Q80246,A1
Q80247,A1
Q80248,A1
Q80249,A1
Q80250,A1
Q80251,A1
Q80252,A1
Q80253,A1
Q80254,A1
Q80255,A1
Q80256,A1
Q80257,A1
Q80258,A1
Q80259,A1
Q80260,A1
Q80261,A1
Q80262,A1
Q80263,A1
Q80264,A1
Q80265,A1
Q80266,A1
Q80267,A1
Q80268,A1
Q80269,A1
Q80270,A1
Q80271,A1
Q80272,A1
Q80273,A1
Q80274,A1
Q80275,A1
Q80276,A1
Q80277,A1
Q80278,A0
Q80279,A0
Q80280,A0
Q80281,A0
Q80282,A0
Q80283,A0
Q80284,A0
Q80285,A0
Q80286,A0
Q80287,A0
Q80288,A0
Q80289,A0
Q80290,A0
Q80291,A0
Q80292,A0
Q80293,A0
Q80294,A0
Q80295,A0
Q80296,A0
Q80297,A0
Q80298,A0
Q80299,A0
Q80300,A0
Q80301,A0
Q80302,A0
Q80303,A0
Q80304,A0
Q80305,A0
Q80306,A0
Q80307,A0
Q80308,A0
Q80309,A0
Q80310,A0
Q80311,A0
Q80312,A0
Q80313,A0
Q80314,A0
Q80315,A0
Q80316,A0
Q80317,A0
Q80318,A0
Q80319,A0
Q80320,A0
Q80321,A0
Q80322,A0
Q80323,A0
Q80324,A0
Q80325,A0
Q80326,A0
Q80327,A0
Q80328,A0
Q80329,A0
Q80330,A0
Q80331,A0
Q80332,A0
Q80333,A0
Q80334,A0
Q80335,A0
Q80336,A0
Q80337,A0
Q80338,A0
Q80339,A0
Q80340,A0
Q80341,A0
Q80342,A0
Q80343,A0
Q80344,A0
Q80345,A0
Q80346,A0
Q80347,A0
Q80348,A0
Q80349,A0
Q80350,A0
Q80351,A0
Q80352,A0
Q80353,A0
Q80354,A0
Q80355,A0
Q80356,A0
Q80357,A0
Q80358,A0
Q80359,A0
Q80360,A0
Q80361,A0
Q80362,A0
Q80363,A0
Q80364,A0
Q80365,A0
Q80366,A0
Q80367,A0
Q80368,A0
Q80369,A0
Q80370,A0
Q80371,A0
Q80372,A0
Q80373,A0
Q80374,A0
Q80375,A0
Q80376,A0
Q80377,A0
Q80378,A0
Q80379,A0
Q80380,A0
Q80381,A0
Q80382,A0
Q80383,A0
Q80384,A0
Q80385,A0
Q80386,A0
Q80387,A0
Q80388,A0
Q80389,A0
Q80390,A0
Q80391,A0
Q80392,A0
Q80393,A0
Q80394,A0
Q80395,A0
Q80396,A0
Q80397,A0
Q80398,A0
Q80399,A0
Q80400,A0
Q80401,A0
Q80402,A0
Q80403,A0
Q80404,A0
Q80405,A0
Q80406,A0
Q80407,A0
Q80408,A0
Q80409,A0
Q80410,A0
Q80411,A0
Q80412,A0
Q80413,A0
Q80414,A0
Q80415,A0
Q80416,A0
Q80417,A0
Q80418,A0
Q80419,A0
Q80420,A0
Q80421,A0
Q80422,A0
Q80423,A0
Q80424,A0
Q80425,A0
Q80426,A0
Q80427,A0
Q80428,A0
Q80429,A0
Q80430,A0
Q80431,A0
Q80432,A0
Q80433,A0
Q80434,A0
Q80435,A0
Q80436,A0
Q80437,A0
Q80438,A0
Q80439,A0
Q80440,A0
Q80441,A0
Q80442,A0
Q80443,A0
Q80444,A0
Q80445,A0
Q80446,A0
Q80447,A0
Q80448,A0
Q80449,A0
Q80450,A0
Q80451,A0
Q80452,A0
Q80453,A0
Q80454,A0
Q80455,A0
Q80456,A0
Q80457,A0
Q80458,A0
Q80459,A0
Q80460,A0
Q80461,A0
Q80462,A0
Q80463,A0
Q80464,A0
Q80465,A0
Q80466,A0
Q80467,A0
Q80468,A0
Q80469,A0
Q80470,A0
Q80471,A0
Q80472,A0
Q80473,A0
Q80474,A0
Q80475,A0
Q80476,A0
Q80477,A0
Q80478,A0
Q80479,A0
Q80480,A0
Q80481,A0
Q80482,A0
Q80483,A0
Q80484,A0
Q80485,A0
Q80486,A0
Q80487,A0
Q80488,A0
Q80489,A0
Q80490,A0
Q80491,A0
Q80492,A0
Q80493,A0
Q80494,A0
Q80495,A0
Q80496,A0
Q80497,A0
Q80498,A0
Q80499,A0
Q80500,A0
Q80501,A0
Q80502,A0
Q80503,A0
Q80504,A0
Q80505,A0
Q80506,A0
Q80507,A0
Q80508,A0
Q80509,A0
Q80510,A0
Q80511,A0
Q80512,A0
Q80513,A0
Q80514,A0
Q80515,A0
Q80516,A0
Q80517,A0
Q80518,A0
Q80519,A0
Q80520,A0
Q80521,A0
Q80522,A0
Q80523,A0
Q80524,A0
Q80525,A0
Q80526,A0
Q80527,A0
Q80528,A0
Q80529,A0
Q80530,A0
Q80531,A0
Q80532,A0
Q80533,A0
Q80534,A0
Q80535,A0
Q80536,A0
Q80537,A0
Q80538,A0
Q80539,A0
Q80540,A0
Q80541,A0
Q80542,A0
Q80543,A0
Q80544,A0
Q80545,A0
Q80546,A0
Q80547,A0
Q80548,A0
Q80549,A0
Q80550,A0
Q80551,A0
Q80552,A0
Q80553,A0
Q80554,A0
Q80555,A0
Q80556,A0
Q80557,A0
Q80558,A0
Q80559,A0
Q80560,A0
Q80561,A0
Q80562,A0
Q80563,A0
Q80564,A0
Q80565,A0
Q80566,A0
Q80567,A0
Q80568,A0
Q80569,A0
Q80570,A0
Q80571,A0
Q80572,A0
Q80573,A0
Q80574,A0
Q80575,A0
Q80576,A0
Q80577,A0
Q80578,A0
Q80579,A0
Q80580,A0
Q80581,A0
Q80582,A0
Q80583,A0
Q80584,A0
Q80585,A0
Q80586,A0
Q80587,A0
Q80588,A0
Q80589,A0
Q80590,A0
Q80591,A0
Q80592,A0
Q80593,A0
Q80594,A0
Q80595,A0
Q80596,A0
Q80597,A0
Q80598,A0
Q80599,A0
Q80600,A0
Q80601,A0
Q80602,A0
Q80603,A0
Q80604,A0
Q80605,A0
Q80606,A0
Q80607,A0
Q80608,A0
Q80609,A0
Q80610,A0
Q80611,A0
Q80612,A0
Q80613,A0
Q80614,A0
Q80615,A0
Q80616,A0
Q80617,A0
Q80618,A0
Q80619,A0
Q80620,A0
Q80621,A0
Q80622,A0
Q80623,A0
Q80624,A0
Q80625,A0
Q80626,A0
Q80627,A0
Q80628,A0
Q80629,A0
Q80630,A0
Q80631,A0
Q80632,A0
Q80633,A0
Q80634,A0
Q80635,A0
Q80636,A0
Q80637,A0
Q80638,A0
Q80639,A0
Q80640,A0
Q80641,A0
Q80642,A0
Q80643,A0
Q80644,A0
Q80645,A0
Q80646,A0
Q80647,A0
Q80648,A0
Q80649,A0
Q80650,A0
Q80651,A0
Q80652,A0
Q80653,A0
Q80654,A0
Q80655,A0
Q80656,A0
Q80657,A0
Q80658,A0
Q80659,A0
Q80660,A0
Q80661,A0
Q80662,A0
Q80663,A0
Q80664,A0
Q80665,A0
Q80666,A0
Q80667,A0
Q80668,A0
Q80669,A0
Q80670,A0
Q80671,A0
Q80672,A0
Q80673,A0
Q80674,A0
Q80675,A0
Q80676,A0
Q80677,A0
Q80678,A0
Q80679,A0
Q80680,A0
Q80681,A0
Q80682,A0
Q80683,A0
Q80684,A0
Q80685,A0
Q80686,A0
Q80687,A0
Q80688,A0
Q80689,A0
Q80690,A0
Q80691,A0
Q80692,A0
Q80693,A0
Q80694,A0
Q80695,A0
Q80696,A0
Q80697,A0
Q80698,A0
Q80699,A0
Q80700,A0
Q80701,A0
Q80702,A0
Q80703,A0
Q80704,A0
Q80705,A0
Q80706,A0
Q80707,A0
Q80708,A0
Q80709,A0
Q80710,A0
Q80711,A0
Q80712,A0
Q80713,A0
Q80714,A0
Q80715,A0
Q80716,A0
Q80717,A0
Q80718,A0
Q80719,A0
Q80720,A0
Q80721,A0
Q80722,A0
Q80723,A0
Q80724,A0
Q80725,A0
Q80726,A0
Q80727,A0
Q80728,A0
Q80729,A0
Q80730,A0
Q80731,A0
Q80732,A0
Q80733,A0
Q80734,A0
Q80735,A0
Q80736,A0
Q80737,A0
Q80738,A0
Q80739,A0
Q80740,A0
Q80741,A0
Q80742,A0
Q80743,A0
Q80744,A0
Q80745,A0
Q80746,A0
Q80747,A0
Q80748,A0
Q80749,A0
Q80750,A0
Q80751,A0
Q80752,A0
Q80753,A0
Q80754,A0
Q80755,A0
Q80756,A0
Q80757,A0
Q80758,A0
Q80759,A0
Q80760,A0
Q80761,A0
Q80762,A0
Q80763,A0
Q80764,A0
Q80765,A0
Q80766,A0
Q80767,A0
Q80768,A0
Q80769,A0
Q80770,A0
Q80771,A0
Q80772,A0
Q80773,A0
Q80774,A0
Q80775,A0
Q80776,A0
Q80777,A0
Q80778,A0
Q80779,A0
Q80780,A0
Q80781,A0
Q80782,A0
Q80783,A0
Q80784,A0
Q80785,A0
Q80786,A0
Q80787,A0
Q80788,A0
Q80789,A0
Q80790,A0
Q80791,A0
Q80792,A0
Q80793,A0
Q80794,A0
Q80795,A0
Q80796,A0
Q80797,A0
Q80798,A0
Q80799,A0
Q80800,A0
Q80801,A0
Q80802,A0
Q80803,A0
Q80804,A0
Q80805,A0
Q80806,A0
Q80807,A0
Q80808,A0
Q80809,A0
Q80810,A0
Q80811,A0
Q80812,A0
Q80813,A0
Q80814,A0
Q80815,A0
Q80816,A0
Q80817,A0
Q80818,A0
Q80819,A0
Q80820,A0
Q80821,A0
Q80822,A0
Q80823,A0
Q80824,A0
Q80825,A0
Q80826,A0
Q80827,A0
Q80828,A0
Q80829,A0
Q80830,A0
Q80831,A0
Q80832,A0
Q80833,A0
Q80834,A0
Q80835,A0
Q80836,A0
Q80837,A0
Q80838,A0
Q80839,A0
Q80840,A0
Q80841,A0
Q80842,A0
Q80843,A0
Q80844,A0
Q80845,A0
Q80846,A0
Q80847,A0
Q80848,A0
Q80849,A0
Q80850,A0
Q80851,A0
Q80852,A0
Q80853,A0
Q80854,A0
Q80855,A0
Q80856,A0
Q80857,A0
Q80858,A0
Q80859,A0
Q80860,A0
Q80861,A0
Q80862,A0
Q80863,A0
Q80864,A0
Q80865,A0
Q80866,A0
Q80867,A0
Q80868,A0
Q80869,A0
Q80870,A0
Q80871,A0
Q80872,A0
Q80873,A0
Q80874,A0
Q80875,A0
Q80876,A0
Q80877,A0
Q80878,A0
Q80879,A0
Q80880,A0
Q80881,A0
Q80882,A0
Q80883,A0
Q80884,A0
Q80885,A0
Q80886,A0
Q80887,A0
Q80888,A0
Q80889,A0
Q80890,A0
Q80891,A0
Q80892,A0
Q80893,A0
Q80894,A0
Q80895,A0
Q80896,A0
Q80897,A0
Q80898,A0
Q80899,A0
Q80900,A0
Q80901,A0
Q80902,A0
Q80903,A0
Q80904,A0
Q80905,A0
Q80906,A0
Q80907,A0
Q80908,A0
Q80909,A0
Q80910,A0
Q80911,A0
Q80912,A0
Q80913,A0
Q80914,A0
Q80915,A0
Q80916,A0
Q80917,A0
Q80918,A0
Q80919,A0
Q80920,A0
Q80921,A0
Q80922,A0
Q80923,A0
Q80924,A0
Q80925,A0
Q80926,A0
Q80927,A0
Q80928,A0
Q80929,A0
Q80930,A0
Q80931,A0
Q80932,A0
Q80933,A0
Q80934,A0
Q80935,A0
Q80936,A0
Q80937,A0
Q80938,A0
Q80939,A0
Q80940,A0
Q80941,A0
Q80942,A0
Q80943,A0
Q80944,A0
Q80945,A0
Q80946,A0
Q80947,A0
Q80948,A0
Q80949,A0
Q80950,A0
Q80951,A0
Q80952,A0
Q80953,A0
Q80954,A0
Q80955,A0
Q80956,A0
Q80957,A0
Q80958,A0
Q80959,A0
Q80960,A0
Q80961,A0
Q80962,A0
Q80963,A0
Q80964,A0
Q80965,A0
Q80966,A0
Q80967,A0
Q80968,A0
Q80969,A0
Q80970,A0
Q80971,A0
Q80972,A0
Q80973,A0
Q80974,A0
Q80975,A0
Q80976,A0
Q80977,A0
Q80978,A0
Q80979,A0
Q80980,A0
Q80981,A0
Q80982,A0
Q80983,A0
Q80984,A0
Q80985,A0
Q80986,A0
Q80987,A0
Q80988,A0
Q80989,A0
Q80990,A0
Q80991,A0
Q80992,A0
Q80993,A0
Q80994,A0
Q80995,A0
Q80996,A0
Q80997,A0
Q80998,A0
Q80999,A0
Q81000,A0
Q81001,A0
Q81002,A0
Q81003,A0
Q81004,A0
Q81005,A0
Q81006,A0
Q81007,A0
Q81008,A0
Q81009,A0
Q81010,A0
Q81011,A0
Q81012,A0
Q81013,A0
Q81014,A0
Q81015,A0
Q81016,A0
Q81017,A0
Q81018,A0
Q81019,A0
Q81020,A0
Q81021,A0
Q81022,A0
Q81023,A0
Q81024,A0
Q81025,A0
Q81026,A0
Q81027,A0
Q81028,A0
Q81029,A0
Q81030,A0
Q81031,A0
Q81032,A0
Q81033,A0
Q81034,A0
Q81035,A0
Q81036,A0
Q81037,A0
Q81038,A0
Q81039,A0
Q81040,A0
Q81041,A0
Q81042,A0
Q81043,A0
Q81044,A0
Q81045,A0
Q81046,A0
Q81047,A0
Q81048,A0
Q81049,A0
Q81050,A0
Q81051,A0
Q81052,A0
Q81053,A0
Q81054,A0
Q81055,A0
Q81056,A0
Q81057,A0
Q81058,A0
Q81059,A0
Q81060,A0
Q81061,A0
Q81062,A0
Q81063,A0
Q81064,A0
Q81065,A0
Q81066,A0
Q81067,A0
Q81068,A0
Q81069,A0
Q81070,A0
Q81071,A0
Q81072,A0
Q81073,A0
Q81074,A0
Q81075,A0
Q81076,A0
Q81077,A0
Q81078,A0
Q81079,A0
Q81080,A0
Q81081,A0
Q81082,A0
Q81083,A0
Q81084,A0
Q81085,A0
Q81086,A0
Q81087,A0
Q81088,A0
Q81089,A0
Q81090,A0
Q81091,A0
Q81092,A0
Q81093,A0
Q81094,A0
Q81095,A0
Q81096,A0
Q81097,A0
Q81098,A0
Q81099,A0
Q81100,A0
Q81101,A0
Q81102,A0
Q81103,A0
Q81104,A0
Q81105,A0
Q81106,A0
Q81107,A0
Q81108,A0
Q81109,A0
Q81110,A0
Q81111,A0
Q81112,A0
Q81113,A0
Q81114,A0
Q81115,A0
Q81116,A0
Q81117,A0
Q81118,A0
Q81119,A0
Q81120,A0
Q81121,A0
Q81122,A0
Q81123,A0
Q81124,A0
Q81125,A0
Q81126,A0
Q81127,A0
Q81128,A0
Q81129,A0
Q81130,A0
Q81131,A0
Q81132,A0
Q81133,A0
Q81134,A0
Q81135,A0
Q81136,A0
Q81137,A0
Q81138,A0
Q81139,A0
Q81140,A0
Q81141,A0
Q81142,A0
Q81143,A0
Q81144,A0
Q81145,A0
Q81146,A0
Q81147,A0
Q81148,A0
Q81149,A0
Q81150,A0
Q81151,A0
Q81152,A0
Q81153,A0
Q81154,A0
Q81155,A0
Q81156,A0
Q81157,A0
Q81158,A0
Q81159,A0
Q81160,A0
Q81161,A0
Q81162,A0
Q81163,A0
Q81164,A0
Q81165,A0
Q81166,A0
Q81167,A0
Q81168,A0
Q81169,A0
Q81170,A0
Q81171,A0
Q81172,A0
Q81173,A0
Q81174,A0
Q81175,A0
Q81176,A0
Q81177,A0
Q81178,A0
Q81179,A0
Q81180,A0
Q81181,A0
Q81182,A0
Q81183,A0
Q81184,A0
Q81185,A0
Q81186,A0
Q81187,A0
Q81188,A0
Q81189,A0
Q81190,A0
Q81191,A0
Q81192,A0
Q81193,A0
Q81194,A0
Q81195,A0
Q81196,A0
Q81197,A0
Q81198,A0
Q81199,A0
Q81200,A0
Q81201,A0
Q81202,A0
Q81203,A0
Q81204,A0
Q81205,A0
Q81206,A0
Q81207,A0
Q81208,A0
Q81209,A0
Q81210,A0
Q81211,A0
Q81212,A0
Q81213,A0
Q81214,A0
Q81215,A0
Q81216,A0
Q81217,A0
Q81218,A0
Q81219,A0
Q81220,A0
Q81221,A0
Q81222,A0
Q81223,A0
Q81224,A0
Q81225,A0
Q81226,A0
Q81227,A0
Q81228,A0
Q81229,A0
Q81230,A0
Q81231,A0
Q81232,A0
Q81233,A0
Q81234,A0
Q81235,A0
Q81236,A0
Q81237,A0
Q81238,A0
Q81239,A0
Q81240,A0
Q81241,A0
Q81242,A0
Q81243,A0
Q81244,A0
Q81245,A0
Q81246,A0
Q81247,A0
Q81248,A0
Q81249,A0
Q81250,A0
Q81251,A0
Q81252,A0
Q81253,A0
Q81254,A0
Q81255,A0
Q81256,A0
Q81257,A0
Q81258,A0
Q81259,A0
Q81260,A0
Q81261,A0
Q81262,A0
Q81263,A0
Q81264,A0
Q81265,A0
Q81266,A0
Q81267,A0
Q81268,A0
Q81269,A0
Q81270,A0
Q81271,A0
Q81272,A0
Q81273,A0
Q81274,A0
Q81275,A0
Q81276,A0
Q81277,A0
Q81278,A0
Q81279,A0
Q81280,A0
Q81281,A0
Q81282,A0
Q81283,A0
Q81284,A0
Q81285,A0
Q81286,A0
Q81287,A0
Q81288,A0
Q81289,A0
Q81290,A0
Q81291,A0
Q81292,A0
Q81293,A0
Q81294,A0
Q81295,A0
Q81296,A0
Q81297,A0
Q81298,A0
Q81299,A0
Q81300,A0
Q81301,A0
Q81302,A0
Q81303,A0
Q81304,A0
Q81305,A0
Q81306,A0
Q81307,A0
Q81308,A0
Q81309,A0
Q81310,A0
Q81311,A0
Q81312,A0
Q81313,A0
Q81314,A0
Q81315,A0
Q81316,A0
Q81317,A0
Q81318,A0
Q81319,A0
Q81320,A0
Q81321,A0
Q81322,A0
Q81323,A0
Q81324,A0
Q81325,A0
Q81326,A0
Q81327,A0
Q81328,A0
Q81329,A0
Q81330,A0
Q81331,A0
Q81332,A0
Q81333,A0
Q81334,A0
Q81335,A0
Q81336,A0
Q81337,A0
Q81338,A0
Q81339,A0
Q81340,A0
Q81341,A0
Q81342,A0
Q81343,A0
Q81344,A0
Q81345,A0
Q81346,A0
Q81347,A0
Q81348,A0
Q81349,A0
Q81350,A0
Q81351,A0
Q81352,A0
Q81353,A0
Q81354,A0
Q81355,A0
Q81356,A0
Q81357,A0
Q81358,A0
Q81359,A0
Q81360,A0
Q81361,A0
Q81362,A0
Q81363,A0
Q81364,A0
Q81365,A0
Q81366,A0
Q81367,A0
Q81368,A0
Q81369,A0
Q81370,A0
Q81371,A0
Q81372,A0
Q81373,A0
Q81374,A0
Q81375,A0
Q81376,A0
Q81377,A0
Q81378,A0
Q81379,A0
Q81380,A0
Q81381,A0
Q81382,A0
Q81383,A0
Q81384,A0
Q81385,A0
Q81386,A0
Q81387,A0
Q81388,A0
Q81389,A0
Q81390,A0
Q81391,A0
Q81392,A0
Q81393,A0
Q81394,A0
Q81395,A0
Q81396,A0
Q81397,A0
Q81398,A0
Q81399,A0
Q81400,A0
Q81401,A0
Q81402,A0
Q81403,A0
Q81404,A0
Q81405,A0
Q81406,A0
Q81407,A0
Q81408,A0
Q81409,A0
Q81410,A0
Q81411,A0
Q81412,A0
Q81413,A2
Q81414,A2
Q81415,A2
Q81416,A2
Q81417,A2
Q81418,A2
Q81419,A2
Q81420,A2
Q81421,A2
Q81422,A2
Q81423,A2
Q81424,A2
Q81425,A2
Q81426,A2
Q81427,A2
Q81428,A2
Q81429,A2
Q81430,A2
Q81431,A2
Q81432,A2
Q81433,A2
Q81434,A2
Q81435,A2
Q81436,A2
Q81437,A2
Q81438,A2
Q81439,A2
Q81440,A2
Q81441,A2
Q81442,A2
Q81443,A2
Q81444,A2
Q81445,A2
Q81446,A2
Q81447,A2
Q81448,A2
Q81449,A2
Q81450,A2
Q81451,A2
Q81452,A2
Q81453,A2
Q81454,A2
Q81455,A2
Q81456,A2
Q81457,A2
Q81458,A2
Q81459,A2
Q81460,A2
Q81461,A2
Q81462,A2
Q81463,A2
Q81464,A2
Q81465,A2
Q81466,A2
Q81467,A2
Q81468,A2
Q81469,A2
Q81470,A2
Q81471,A2
Q81472,A2
Q81473,A2
Q81474,A2
Q81475,A2
Q81476,A2
Q81477,A2
Q81478,A2
Q81479,A2
Q81480,A2
Q81481,A2
Q81482,A2
Q81483,A2
Q81484,A2
Q81485,A2
Q81486,A2
Q81487,A2
Q81488,A2
Q81489,A2
Q81490,A2
Q81491,A2
Q81492,A2
Q81493,A2
Q81494,A2
Q81495,A2
Q81496,A2
Q81497,A2
Q81498,A2
Q81499,A2
Q81500,A2
Q81501,A2
Q81502,A2
Q81503,A2
Q81504,A2
Q81505,A2
Q81506,A2
Q81507,A2
Q81508,A2
Q81509,A2
Q81510,A2
Q81511,A2
Q81512,A2
Q81513,A2
Q81514,A2
Q81515,A2
Q81516,A2
Q81517,A2
Q81518,A2
Q81519,A2
Q81520,A2
Q81521,A2
Q81522,A2
Q81523,A2
Q81524,A2
Q81525,A2
Q81526,A2
Q81527,A2
Q81528,A2
Q81529,A2
Q81530,A2
Q81531,A2
Q81532,A2
Q81533,A2
Q81534,A2
Q81535,A2
Q81536,A2
Q81537,A2
Q81538,A2
Q81539,A2
Q81540,A2
Q81541,A2
Q81542,A2
Q81543,A2
Q81544,A2
Q81545,A2
Q81546,A2
Q81547,A2
Q81548,A2
Q81549,A2
Q81550,A2
Q81551,A2
Q81552,A2
Q81553,A2
Q81554,A2
Q81555,A2
Q81556,A2
Q81557,A2
Q81558,A2
Q81559,A2
Q81560,A2
Q81561,A2
Q81562,A2
Q81563,A2
Q81564,A2
Q81565,A2
Q81566,A2
Q81567,A2
Q81568,A2
Q81569,A2
Q81570,A2
Q81571,A2
Q81572,A2
Q81573,A2
Q81574,A2
Q81575,A2
Q81576,A2
Q81577,A2
Q81578,A2
Q81579,A2
Q81580,A2
Q81581,A2
Q81582,A2
Q81583,A2
Q81584,A2
Q81585,A2
Q81586,A2
Q81587,A2
Q81588,A2
Q81589,A2
Q81590,A2
Q81591,A2
Q81592,A2
Q81593,A2
Q81594,A2
Q81595,A2
Q81596,A2
Q81597,A2
Q81598,A2
Q81599,A2
Q81600,A2
Q81601,A2
Q81602,A2
Q81603,A2
Q81604,A2
Q81605,A2
Q81606,A2
Q81607,A2
Q81608,A2
Q81609,A2
Q81610,A2
Q81611,A2
Q81612,A2
Q81613,A2
Q81614,A2
Q81615,A2
Q81616,A2
Q81617,A2
Q81618,A2
Q81619,A2
Q81620,A2
Q81621,A2
Q81622,A2
Q81623,A2
Q81624,A2
Q81625,A2
Q81626,A2
Q81627,A2
Q81628,A2
Q81629,A2
Q81630,A2
Q81631,A2
Q81632,A2
Q81633,A2
Q81634,A2
Q81635,A2
Q81636,A2
Q81637,A2
Q81638,A2
Q81639,A2
Q81640,A2
Q81641,A2
Q81642,A2
Q81643,A2
Q81644,A2
Q81645,A2
Q81646,A2
Q81647,A2
Q81648,A2
Q81649,A2
Q81650,A2
Q81651,A2
Q81652,A2
Q81653,A2
Q81654,A2
Q81655,A2
Q81656,A2
Q81657,A2
Q81658,A2
Q81659,A2
Q81660,A2
Q81661,A2
Q81662,A2
Q81663,A2
Q81664,A2
Q81665,A2
Q81666,A2
Q81667,A2
Q81668,A2
Q81669,A2
Q81670,A2
Q81671,A2
Q81672,A2
Q81673,A2
Q81674,A2
Q81675,A2
Q81676,A2
Q81677,A2
Q81678,A2
Q81679,A2
Q81680,A2
Q81681,A2
Q81682,A2
Q81683,A2
Q81684,A2
Q81685,A2
Q81686,A2
Q81687,A2
Q81688,A2
Q81689,A2
Q81690,A2
Q81691,A2
Q81692,A2
Q81693,A2
Q81694,A2
Q81695,A2
Q81696,A2
Q81697,A2
Q81698,A2
Q81699,A2
Q81700,A2
Q81701,A2
Q81702,A2
Q81703,A2
Q81704,A2
Q81705,A2
Q81706,A2
Q81707,A2
Q81708,A2
Q81709,A2
Q81710,A2
Q81711,A2
Q81712,A2
Q81713,A2
Q81714,A2
Q81715,A2
Q81716,A2
Q81717,A2
Q81718,A2
Q81719,A2
Q81720,A2
Q81721,A2
Q81722,A2
Q81723,A2
Q81724,A2
Q81725,A2
Q81726,A2
Q81727,A2
Q81728,A2
Q81729,A2
Q81730,A2
Q81731,A2
Q81732,A2
Q81733,A2
Q81734,A2
Q81735,A2
Q81736,A2
Q81737,A2
Q81738,A2
Q81739,A2
Q81740,A2
Q81741,A2
Q81742,A2
Q81743,A2
Q81744,A2
Q81745,A2
Q81746,A2
Q81747,A2
Q81748,A2
Q81749,A2
Q81750,A2
Q81751,A2
Q81752,A2
Q81753,A2
Q81754,A2
Q81755,A2
Q81756,A2
Q81757,A2
Q81758,A2
Q81759,A2
Q81760,A2
Q81761,A2
Q81762,A2
Q81763,A2
Q81764,A2
Q81765,A2
Q81766,A2
Q81767,A2
Q81768,A2
Q81769,A2
Q81770,A2
Q81771,A2
Q81772,A2
Q81773,A2
Q81774,A2
Q81775,A2
Q81776,A2
Q81777,A2
Q81778,A2
Q81779,A2
Q81780,A2
Q81781,A2
Q81782,A2
Q81783,A2
Q81784,A2
Q81785,A2
Q81786,A2
Q81787,A2
Q81788,A2
Q81789,A2
Q81790,A2
Q81791,A2
Q81792,A2
Q81793,A2
Q81794,A2
Q81795,A2
Q81796,A2
Q81797,A2
Q81798,A2
Q81799,A2
Q81800,A2
Q81801,A2
Q81802,A2
Q81803,A2
Q81804,A2
Q81805,A2
Q81806,A2
Q81807,A2
Q81808,A2
Q81809,A2
Q81810,A2
Q81811,A2
Q81812,A2
Q81813,A2
Q81814,A2
Q81815,A2
Q81816,A2
Q81817,A2
Q81818,A2
Q81819,A2
Q81820,A2
Q81821,A2
Q81822,A2
Q81823,A2
Q81824,A2
Q81825,A2
Q81826,A2
Q81827,A2
Q81828,A2
Q81829,A2
Q81830,A2
Q81831,A2
Q81832,A2
Q81833,A2
Q81834,A2
Q81835,A2
Q81836,A2
Q81837,A2
Q81838,A2
Q81839,A2
Q81840,A2
Q81841,A2
Q81842,A2
Q81843,A2
Q81844,A2
Q81845,A2
Q81846,A2
Q81847,A2
Q81848,A2
Q81849,A2
Q81850,A2
Q81851,A2
Q81852,A2
Q81853,A2
Q81854,A2
Q81855,A2
Q81856,A2
Q81857,A2
Q81858,A2
Q81859,A2
Q81860,A2
Q81861,A2
Q81862,A2
Q81863,A2
Q81864,A2
Q81865,A2
Q81866,A2
Q81867,A2
Q81868,A2
Q81869,A2
Q81870,A2
Q81871,A2
Q81872,A2
Q81873,A2
Q81874,A2
Q81875,A2
Q81876,A2
Q81877,A2
Q81878,A2
Q81879,A2
Q81880,A2
Q81881,A2
Q81882,A2
Q81883,A2
Q81884,A2
Q81885,A2
Q81886,A2
Q81887,A2
Q81888,A2
Q81889,A2
Q81890,A2
Q81891,A2
Q81892,A2
Q81893,A2
Q81894,A2
Q81895,A2
Q81896,A2
Q81897,A2
Q81898,A2
Q81899,A2
Q81900,A2
Q81901,A2
Q81902,A2
Q81903,A2
Q81904,A2
Q81905,A2
Q81906,A2
Q81907,A2
Q81908,A2
Q81909,A2
Q81910,A2
Q81911,A2
Q81912,A2
Q81913,A2
Q81914,A2
Q81915,A2
Q81916,A2
Q81917,A2
Q81918,A2
Q81919,A2
Q81920,A2
Q81921,A2
Q81922,A2
Q81923,A2
Q81924,A2
Q81925,A2
Q81926,A2
Q81927,A2
Q81928,A2
Q81929,A2
Q81930,A2
Q81931,A2
Q81932,A2
Q81933,A2
Q81934,A2
Q81935,A2
Q81936,A2
Q81937,A2
Q81938,A2
Q81939,A2
Q81940,A2
Q81941,A2
Q81942,A2
Q81943,A2
Q81944,A2
Q81945,A2
Q81946,A2
Q81947,A2
Q81948,A2
Q81949,A2
Q81950,A2
Q81951,A2
Q81952,A2
Q81953,A2
Q81954,A2
Q81955,A2
Q81956,A2
Q81957,A2
Q81958,A2
Q81959,A2
Q81960,A2
Q81961,A2
Q81962,A2
Q81963,A2
Q81964,A2
Q81965,A2
Q81966,A2
Q81967,A2
Q81968,A2
Q81969,A2
Q81970,A2
Q81971,A2
Q81972,A2
Q81973,A2
Q81974,A2
Q81975,A2
Q81976,A2
Q81977,A2
Q81978,A2
Q81979,A2
Q81980,A2
Q81981,A2
Q81982,A2
Q81983,A2
Q81984,A2
Q81985,A2
Q81986,A2
Q81987,A2
Q81988,A2
Q81989,A2
Q81990,A2
Q81991,A2
Q81992,A2
Q81993,A2
Q81994,A2
Q81995,A2
Q81996,A2
Q81997,A2
Q81998,A2
Q81999,A2
Q82000,A2
Q82001,A2
Q82002,A2
Q82003,A2
Q82004,A2
Q82005,A2
Q82006,A2
Q82007,A2
Q82008,A2
Q82009,A2
Q82010,A2
Q82011,A2
Q82012,A2
Q82013,A2
Q82014,A2
Q82015,A2
Q82016,A2
Q82017,A2
Q82018,A2
Q82019,A2
Q82020,A2
Q82021,A2
Q82022,A2
Q82023,A2
Q82024,A2
Q82025,A2
Q82026,A2
Q82027,A2
Q82028,A2
Q82029,A2
Q82030,A2
Q82031,A2
Q82032,A2
Q82033,A2
Q82034,A2
Q82035,A2
Q82036,A2
Q82037,A2
Q82038,A2
Q82039,A2
Q82040,A2
Q82041,A2
Q82042,A2
Q82043,A2
Q82044,A2
Q82045,A2
Q82046,A2
Q82047,A2
Q82048,A2
Q82049,A2
Q82050,A2
Q82051,A2
Q82052,A2
Q82053,A2
Q82054,A2
Q82055,A2
Q82056,A2
Q82057,A2
Q82058,A2
Q82059,A2
Q82060,A2
Q82061,A2
Q82062,A2
Q82063,A2
Q82064,A2
Q82065,A2
Q82066,A2
Q82067,A2
Q82068,A2
Q82069,A2
Q82070,A2
Q82071,A2
Q82072,A2
Q82073,A2
Q82074,A2
Q82075,A2
Q82076,A2
Q82077,A2
Q82078,A2
Q82079,A2
Q82080,A2
Q82081,A2
Q82082,A2
Q82083,A2
Q82084,A2
Q82085,A2
Q82086,A2
Q82087,A2
Q82088,A2
Q82089,A2
Q82090,A2
Q82091,A2
Q82092,A2
Q82093,A2
Q82094,A2
Q82095,A2
Q82096,A2
Q82097,A2
Q82098,A2
Q82099,A2
Q82100,A2
Q82101,A2
Q82102,A2
Q82103,A2
Q82104,A2
Q82105,A2
Q82106,A2
Q82107,A2
Q82108,A2
Q82109,A2
Q82110,A2
Q82111,A2
Q82112,A2
Q82113,A2
Q82114,A2
Q82115,A2
Q82116,A2
Q82117,A2
Q82118,A2
Q82119,A2
Q82120,A2
Q82121,A2
Q82122,A2
Q82123,A2
Q82124,A2
Q82125,A2
Q82126,A2
Q82127,A2
Q82128,A2
Q82129,A2
Q82130,A2
Q82131,A2
Q82132,A2
Q82133,A2
Q82134,A2
Q82135,A2
Q82136,A2
Q82137,A2
Q82138,A2
Q82139,A2
Q82140,A2
Q82141,A2
Q82142,A2
Q82143,A2
Q82144,A2
Q82145,A2
Q82146,A2
Q82147,A2
Q82148,A2
Q82149,A2
Q82150,A2
Q82151,A2
Q82152,A2
Q82153,A2
Q82154,A2
Q82155,A2
Q82156,A2
Q82157,A2
Q82158,A2
Q82159,A2
Q82160,A2
Q82161,A2
Q82162,A2
Q82163,A2
Q82164,A2
Q82165,A2
Q82166,A2
Q82167,A2
Q82168,A2
Q82169,A2
Q82170,A2
Q82171,A2
Q82172,A2
Q82173,A2
Q82174,A2
Q82175,A2
Q82176,A2
Q82177,A2
Q82178,A2
Q82179,A2
Q82180,A2
Q82181,A2
Q82182,A2
Q82183,A2
Q82184,A2
Q82185,A2
Q82186,A2
Q82187,A2
Q82188,A2
Q82189,A2
Q82190,A2
Q82191,A2
Q82192,A2
Q82193,A2
Q82194,A2
Q82195,A2
Q82196,A2
Q82197,A2
Q82198,A2
Q82199,A2
Q82200,A2
Q82201,A2
Q82202,A2
Q82203,A2
Q82204,A2
Q82205,A2
Q82206,A2
Q82207,A2
Q82208,A2
Q82209,A2
Q82210,A2
Q82211,A2
Q82212,A2
Q82213,A2
Q82214,A2
Q82215,A2
Q82216,A2
Q82217,A2
Q82218,A2
Q82219,A2
Q82220,A2
Q82221,A2
Q82222,A2
Q82223,A2
Q82224,A2
Q82225,A2
Q82226,A2
Q82227,A2
Q82228,A2
Q82229,A2
Q82230,A2
Q82231,A2
Q82232,A2
Q82233,A2
Q82234,A2
Q82235,A2
Q82236,A2
Q82237,A2
Q82238,A2
Q82239,A2
Q82240,A2
Q82241,A2
Q82242,A2
Q82243,A2
Q82244,A2
Q82245,A2
Q82246,A2
Q82247,A2
Q82248,A2
Q82249,A2
Q82250,A2
Q82251,A2
Q82252,A2
Q82253,A2
Q82254,A2
Q82255,A2
Q82256,A2
Q82257,A2
Q82258,A2
Q82259,A2
Q82260,A2
Q82261,A2
Q82262,A2
Q82263,A2
Q82264,A2
Q82265,A2
Q82266,A2
Q82267,A2
Q82268,A2
Q82269,A2
Q82270,A2
Q82271,A2
Q82272,A2
Q82273,A2
Q82274,A2
Q82275,A2
Q82276,A2
Q82277,A2
Q82278,A2
Q82279,A2
Q82280,A2
Q82281,A2
Q82282,A2
Q82283,A2
Q82284,A2
Q82285,A2
Q82286,A2
Q82287,A2
Q82288,A2
Q82289,A2
Q82290,A2
Q82291,A2
Q82292,A2
Q82293,A2
Q82294,A2
Q82295,A2
Q82296,A2
Q82297,A2
Q82298,A2
Q82299,A2
Q82300,A2
Q82301,A2
Q82302,A2
Q82303,A2
Q82304,A2
Q82305,A2
Q82306,A2
Q82307,A2
Q82308,A2
Q82309,A2
Q82310,A2
Q82311,A2
Q82312,A2
Q82313,A2
Q82314,A2
Q82315,A2
Q82316,A2
Q82317,A2
Q82318,A2
Q82319,A2
Q82320,A2
Q82321,A2
Q82322,A2
Q82323,A2
Q82324,A2
Q82325,A2
Q82326,A2
Q82327,A2
Q82328,A2
Q82329,A2
Q82330,A2
Q82331,A2
Q82332,A2
Q82333,A2
Q82334,A2
Q82335,A2
Q82336,A2
Q82337,A2
Q82338,A2
Q82339,A2
Q82340,A2
Q82341,A2
Q82342,A2
Q82343,A2
Q82344,A2
Q82345,A2
Q82346,A2
Q82347,A2
Q82348,A2
Q82349,A2
Q82350,A2
Q82351,A2
Q82352,A2
Q82353,A2
Q82354,A2
Q82355,A2
Q82356,A2
Q82357,A2
Q82358,A2
Q82359,A2
Q82360,A2
Q82361,A2
Q82362,A2
Q82363,A2
Q82364,A2
Q82365,A2
Q82366,A2
Q82367,A2
Q82368,A2
Q82369,A2
Q82370,A2
Q82371,A2
Q82372,A2
Q82373,A2
Q82374,A2
Q82375,A2
Q82376,A2
Q82377,A2
Q82378,A2
Q82379,A2
Q82380,A2
Q82381,A2
Q82382,A2
Q82383,A2
Q82384,A2
Q82385,A2
Q82386,A2
Q82387,A2
Q82388,A2
Q82389,A2
Q82390,A2
Q82391,A2
Q82392,A2
Q82393,A2
Q82394,A2
Q82395,A2
Q82396,A2
Q82397,A2
Q82398,A2
Q82399,A2
Q82400,A2
Q82401,A2
Q82402,A2
Q82403,A2
Q82404,A2
Q82405,A2
Q82406,A2
Q82407,A2
Q82408,A2
Q82409,A2
Q82410,A2
Q82411,A2
Q82412,A2
Q82413,A2
Q82414,A2
Q82415,A2
Q82416,A2
Q82417,A2
Q82418,A2
Q82419,A2
Q82420,A2
Q82421,A2
Q82422,A2
Q82423,A2
Q82424,A2
Q82425,A2
Q82426,A2
Q82427,A2
Q82428,A2
Q82429,A2
