item,worker,label
0,0,551
0,1,748
0,2,629
0,3,680
0,4,629
1,0,114
1,1,114
1,2,114
1,3,114
1,4,52
2,0,582
2,1,943
2,2,943
2,3,582
2,4,582
3,0,976
3,1,976
3,2,978
3,3,976
3,4,976
4,0,848
4,1,848
4,2,848
4,3,848
4,4,482
5,0,7
5,1,7
5,2,86
5,3,86
5,4,86
6,0,600
6,1,523
6,2,523
6,3,523
6,4,523
7,0,757
7,1,757
7,2,660
7,3,757
7,4,660
8,0,899
8,1,899
8,2,725
8,3,899
8,4,725
9,0,909
9,1,599
9,2,599
9,3,599
9,4,599
10,0,240
10,1,240
10,2,240
10,3,240
10,4,234
11,0,902
11,1,684
11,2,684
11,3,684
11,4,641
12,0,764
12,1,413
12,2,413
12,3,764
12,4,764
13,0,903
13,1,689
13,2,689
13,3,689
13,4,903
14,0,67
14,1,67
14,2,67
14,3,54
14,4,67
15,0,465
15,1,413
15,2,413
15,3,413
15,4,465
16,0,298
16,1,298
16,2,377
16,3,377
16,4,298
17,0,802
17,1,802
17,2,802
17,3,247
17,4,802
18,0,711
18,1,772
18,2,772
18,3,711
18,4,772
19,0,977
19,1,914
19,2,914
19,3,484
19,4,914
20,0,639
20,1,639
20,2,639
20,3,638
20,4,639
21,0,797
21,1,797
21,2,224
21,3,672
21,4,797
22,0,461
22,1,439
22,2,439
22,3,439
22,4,461
23,0,390
23,1,1
23,2,1
23,3,126
23,4,390
24,0,563
24,1,563
24,2,922
24,3,418
24,4,922
25,0,582
25,1,582
25,2,582
25,3,509
25,4,582
26,0,657
26,1,744
26,2,657
26,3,657
26,4,657
27,0,494
27,1,706
27,2,580
27,3,494
27,4,706
28,0,925
28,1,923
28,2,925
28,3,923
28,4,923
29,0,494
29,1,494
29,2,494
29,3,494
29,4,442
30,0,380
30,1,380
30,2,380
30,3,377
30,4,380
31,0,824
31,1,824
31,2,824
31,3,735
31,4,824
32,0,199
32,1,199
32,2,227
32,3,224
32,4,227
33,0,74
33,1,74
33,2,73
33,3,74
33,4,73
34,0,970
34,1,980
34,2,980
34,3,980
34,4,980
35,0,853
35,1,515
35,2,391
35,3,515
35,4,391
36,0,946
36,1,944
36,2,944
36,3,944
36,4,944
37,0,884
37,1,824
37,2,885
37,3,824
37,4,911
38,0,795
38,1,795
38,2,796
38,3,795
38,4,796
39,0,267
39,1,233
39,2,267
39,3,267
39,4,267
40,0,162
40,1,162
40,2,166
40,3,162
40,4,166
41,0,836
41,1,837
41,2,793
41,3,836
41,4,836
42,0,536
42,1,536
42,2,724
42,3,536
42,4,724
43,0,494
43,1,442
43,2,494
43,3,442
43,4,442
44,0,512
44,1,512
44,2,473
44,3,512
44,4,512
45,0,197
45,1,197
45,2,837
45,3,197
45,4,837
46,0,151
46,1,207
46,2,187
46,3,207
46,4,193
47,0,238
47,1,238
47,2,238
47,3,238
47,4,240
48,0,435
48,1,876
48,2,435
48,3,435
48,4,435
49,0,313
49,1,315
49,2,313
49,3,315
49,4,315
50,0,649
50,1,649
50,2,824
50,3,869
50,4,824
51,0,677
51,1,489
51,2,489
51,3,506
51,4,489
52,0,949
52,1,949
52,2,949
52,3,949
52,4,954
53,0,750
53,1,750
53,2,697
53,3,750
53,4,680
54,0,218
54,1,156
54,2,156
54,3,218
54,4,156
55,0,570
55,1,691
55,2,570
55,3,570
55,4,691
56,0,753
56,1,750
56,2,750
56,3,750
56,4,831
57,0,896
57,1,896
57,2,896
57,3,876
57,4,896
58,0,624
58,1,624
58,2,624
58,3,698
58,4,624
59,0,236
59,1,165
59,2,165
59,3,165
59,4,165
60,0,619
60,1,619
60,2,619
60,3,846
60,4,846
61,0,703
61,1,728
61,2,728
61,3,728
61,4,440
62,0,876
62,1,876
62,2,876
62,3,876
62,4,435
63,0,595
63,1,595
63,2,856
63,3,595
63,4,595
64,0,44
64,1,44
64,2,42
64,3,44
64,4,40
65,0,494
65,1,442
65,2,494
65,3,494
65,4,494
66,0,997
66,1,997
66,2,947
66,3,997
66,4,997
67,0,391
67,1,394
67,2,394
67,3,391
67,4,394
68,0,954
68,1,954
68,2,961
68,3,954
68,4,935
69,0,33
69,1,33
69,2,6
69,3,33
69,4,33
70,0,232
70,1,232
70,2,172
70,3,232
70,4,232
71,0,849
71,1,618
71,2,899
71,3,849
71,4,505
72,0,905
72,1,905
72,2,905
72,3,545
72,4,905
73,0,330
73,1,330
73,2,331
73,3,330
73,4,330
74,0,474
74,1,735
74,2,474
74,3,474
74,4,735
75,0,983
75,1,691
75,2,570
75,3,983
75,4,691
76,0,597
76,1,893
76,2,836
76,3,636
76,4,836
77,0,718
77,1,718
77,2,421
77,3,743
77,4,718
78,0,231
78,1,231
78,2,231
78,3,230
78,4,231
79,0,410
79,1,674
79,2,410
79,3,410
79,4,410
80,0,487
80,1,818
80,2,818
80,3,818
80,4,487
81,0,382
81,1,298
81,2,382
81,3,382
81,4,382
82,0,380
82,1,382
82,2,380
82,3,380
82,4,380
83,0,899
83,1,899
83,2,899
83,3,612
83,4,899
84,0,810
84,1,810
84,2,810
84,3,878
84,4,810
85,0,408
85,1,408
85,2,408
85,3,586
85,4,847
86,0,923
86,1,928
86,2,923
86,3,928
86,4,923
87,0,681
87,1,620
87,2,620
87,3,620
87,4,620
88,0,184
88,1,184
88,2,202
88,3,184
88,4,184
89,0,277
89,1,278
89,2,277
89,3,278
89,4,278
90,0,821
90,1,821
90,2,718
90,3,821
90,4,821
91,0,578
91,1,869
91,2,879
91,3,869
91,4,728
92,0,205
92,1,205
92,2,257
92,3,205
92,4,257
93,0,846
93,1,905
93,2,846
93,3,905
93,4,905
94,0,692
94,1,692
94,2,467
94,3,692
94,4,700
95,0,427
95,1,901
95,2,901
95,3,427
95,4,901
96,0,710
96,1,710
96,2,587
96,3,784
96,4,587
97,0,455
97,1,584
97,2,584
97,3,584
97,4,584
98,0,934
98,1,934
98,2,934
98,3,930
98,4,930
99,0,870
99,1,612
99,2,879
99,3,870
99,4,870
100,0,768
100,1,768
100,2,768
100,3,714
100,4,768
101,0,622
101,1,622
101,2,632
101,3,622
101,4,632
102,0,305
102,1,305
102,2,305
102,3,305
102,4,304
103,0,168
103,1,168
103,2,168
103,3,159
103,4,159
104,0,690
104,1,730
104,2,690
104,3,690
104,4,690
105,0,469
105,1,469
105,2,887
105,3,469
105,4,887
106,0,193
106,1,193
106,2,193
106,3,187
106,4,201
107,0,928
107,1,929
107,2,928
107,3,928
107,4,928
108,0,209
108,1,163
108,2,163
108,3,882
108,4,163
109,0,864
109,1,864
109,2,864
109,3,779
109,4,864
110,0,619
110,1,733
110,2,733
110,3,733
110,4,733
111,0,592
111,1,745
111,2,662
111,3,592
111,4,478
112,0,478
112,1,492
112,2,446
112,3,446
112,4,709
113,0,445
113,1,842
113,2,445
113,3,445
113,4,638
114,0,265
114,1,266
114,2,265
114,3,265
114,4,265
115,0,725
115,1,725
115,2,725
115,3,725
115,4,883
116,0,647
116,1,899
116,2,899
116,3,534
116,4,899
117,0,61
117,1,61
117,2,61
117,3,62
117,4,61
118,0,478
118,1,788
118,2,788
118,3,478
118,4,411
119,0,781
119,1,424
119,2,922
119,3,412
119,4,922
120,0,442
120,1,442
120,2,663
120,3,442
120,4,663
121,0,804
121,1,804
121,2,804
121,3,804
121,4,412
122,0,626
122,1,626
122,2,761
122,3,626
122,4,761
123,0,662
123,1,623
123,2,482
123,3,482
123,4,662
124,0,412
124,1,570
124,2,570
124,3,570
124,4,570
125,0,546
125,1,650
125,2,546
125,3,420
125,4,546
126,0,485
126,1,485
126,2,485
126,3,754
126,4,485
127,0,406
127,1,645
127,2,406
127,3,406
127,4,406
128,0,42
128,1,42
128,2,32
128,3,42
128,4,42
129,0,514
129,1,514
129,2,652
129,3,652
129,4,652
130,0,467
130,1,582
130,2,962
130,3,582
130,4,962
131,0,504
131,1,504
131,2,901
131,3,504
131,4,901
132,0,792
132,1,777
132,2,795
132,3,795
132,4,795
133,0,697
133,1,850
133,2,721
133,3,505
133,4,850
134,0,463
134,1,840
134,2,463
134,3,463
134,4,463
135,0,232
135,1,232
135,2,232
135,3,231
135,4,232
136,0,530
136,1,651
136,2,651
136,3,530
136,4,651
137,0,446
137,1,446
137,2,681
137,3,620
137,4,620
138,0,39
138,1,49
138,2,43
138,3,43
138,4,43
139,0,504
139,1,504
139,2,968
139,3,504
139,4,968
140,0,422
140,1,543
140,2,543
140,3,422
140,4,543
141,0,550
141,1,505
141,2,550
141,3,550
141,4,550
142,0,584
142,1,658
142,2,658
142,3,496
142,4,658
143,0,120
143,1,119
143,2,120
143,3,120
143,4,120
144,0,483
144,1,483
144,2,483
144,3,483
144,4,976
145,0,203
145,1,203
145,2,203
145,3,203
145,4,199
146,0,853
146,1,853
146,2,853
146,3,853
146,4,738
147,0,147
147,1,147
147,2,150
147,3,147
147,4,147
148,0,309
148,1,309
148,2,308
148,3,308
148,4,308
149,0,36
149,1,103
149,2,6
149,3,6
149,4,6
150,0,487
150,1,639
150,2,639
150,3,639
150,4,639
151,0,918
151,1,651
151,2,651
151,3,859
151,4,651
152,0,725
152,1,725
152,2,725
152,3,572
152,4,725
153,0,482
153,1,482
153,2,485
153,3,848
153,4,482
154,0,194
154,1,193
154,2,193
154,3,193
154,4,193
155,0,155
155,1,204
155,2,204
155,3,155
155,4,204
156,0,940
156,1,940
156,2,940
156,3,941
156,4,940
157,0,635
157,1,635
157,2,554
157,3,635
157,4,635
158,0,762
158,1,762
158,2,762
158,3,762
158,4,966
159,0,790
159,1,790
159,2,588
159,3,790
159,4,588
160,0,689
160,1,689
160,2,501
160,3,887
160,4,501
161,0,564
161,1,556
161,2,564
161,3,556
161,4,556
162,0,515
162,1,514
162,2,515
162,3,514
162,4,514
163,0,951
163,1,923
163,2,923
163,3,909
163,4,567
164,0,868
164,1,567
164,2,921
164,3,868
164,4,909
165,0,591
165,1,591
165,2,721
165,3,591
165,4,750
166,0,313
166,1,961
166,2,956
166,3,961
166,4,961
167,0,638
167,1,639
167,2,638
167,3,638
167,4,638
168,0,208
168,1,257
168,2,257
168,3,208
168,4,257
169,0,374
169,1,374
169,2,374
169,3,374
169,4,384
170,0,173
170,1,151
170,2,173
170,3,173
170,4,173
171,0,707
171,1,480
171,2,480
171,3,707
171,4,480
172,0,699
172,1,699
172,2,699
172,3,775
172,4,699
173,0,848
173,1,485
173,2,848
173,3,848
173,4,848
174,0,426
174,1,778
174,2,426
174,3,426
174,4,426
175,0,522
175,1,522
175,2,722
175,3,522
175,4,641
176,0,821
176,1,821
176,2,821
176,3,718
176,4,821
177,0,705
177,1,705
177,2,874
177,3,874
177,4,705
178,0,651
178,1,530
178,2,651
178,3,651
178,4,651
179,0,968
179,1,968
179,2,968
179,3,968
179,4,967
180,0,651
180,1,760
180,2,651
180,3,851
180,4,851
181,0,542
181,1,542
181,2,795
181,3,542
181,4,523
182,0,652
182,1,652
182,2,715
182,3,652
182,4,439
183,0,791
183,1,791
183,2,254
183,3,791
183,4,254
184,0,530
184,1,531
184,2,531
184,3,530
184,4,531
185,0,766
185,1,456
185,2,456
185,3,341
185,4,456
186,0,634
186,1,519
186,2,519
186,3,561
186,4,519
187,0,862
187,1,818
187,2,818
187,3,818
187,4,818
188,0,99
188,1,131
188,2,99
188,3,99
188,4,99
189,0,465
189,1,413
189,2,413
189,3,413
189,4,465
190,0,399
190,1,399
190,2,399
190,3,399
190,4,614
191,0,435
191,1,435
191,2,876
191,3,435
191,4,435
192,0,202
192,1,202
192,2,213
192,3,184
192,4,202
193,0,567
193,1,567
193,2,411
193,3,567
193,4,411
194,0,745
194,1,745
194,2,633
194,3,447
194,4,633
195,0,484
195,1,484
195,2,871
195,3,871
195,4,484
196,0,162
196,1,882
196,2,882
196,3,882
196,4,162
197,0,767
197,1,767
197,2,767
197,3,767
197,4,709
198,0,437
198,1,437
198,2,437
198,3,460
198,4,437
199,0,751
199,1,751
199,2,817
199,3,751
199,4,751
200,0,119
200,1,119
200,2,119
200,3,119
200,4,120
201,0,305
201,1,305
201,2,302
201,3,305
201,4,305
202,0,598
202,1,498
202,2,598
202,3,498
202,4,598
203,0,977
203,1,977
203,2,796
203,3,610
203,4,796
204,0,876
204,1,459
204,2,435
204,3,876
204,4,459
205,0,380
205,1,371
205,2,371
205,3,378
205,4,380
206,0,635
206,1,635
206,2,426
206,3,635
206,4,635
207,0,916
207,1,419
207,2,549
207,3,916
207,4,549
208,0,186
208,1,186
208,2,472
208,3,186
208,4,192
209,0,652
209,1,515
209,2,515
209,3,515
209,4,515
210,0,876
210,1,876
210,2,876
210,3,876
210,4,435
211,0,446
211,1,446
211,2,530
211,3,446
211,4,446
212,0,869
212,1,869
212,2,869
212,3,869
212,4,568
213,0,762
213,1,762
213,2,614
213,3,762
213,4,614
214,0,142
214,1,142
214,2,140
214,3,142
214,4,142
215,0,681
215,1,681
215,2,620
215,3,620
215,4,620
216,0,795
216,1,795
216,2,795
216,3,795
216,4,970
217,0,664
217,1,620
217,2,620
217,3,664
217,4,681
218,0,654
218,1,675
218,2,654
218,3,654
218,4,675
219,0,241
219,1,241
219,2,238
219,3,240
219,4,238
220,0,769
220,1,597
220,2,597
220,3,769
220,4,597
221,0,524
221,1,461
221,2,524
221,3,461
221,4,524
222,0,285
222,1,285
222,2,284
222,3,285
222,4,285
223,0,622
223,1,622
223,2,759
223,3,622
223,4,622
224,0,726
224,1,740
224,2,740
224,3,783
224,4,740
225,0,903
225,1,903
225,2,597
225,3,903
225,4,869
226,0,488
226,1,469
226,2,488
226,3,488
226,4,488
227,0,383
227,1,384
227,2,383
227,3,383
227,4,383
228,0,67
228,1,60
228,2,60
228,3,67
228,4,60
229,0,431
229,1,431
229,2,431
229,3,516
229,4,516
230,0,421
230,1,539
230,2,539
230,3,421
230,4,539
231,0,248
231,1,250
231,2,248
231,3,250
231,4,250
232,0,632
232,1,817
232,2,632
232,3,632
232,4,632
233,0,536
233,1,449
233,2,449
233,3,449
233,4,449
234,0,464
234,1,531
234,2,531
234,3,531
234,4,531
235,0,285
235,1,285
235,2,282
235,3,285
235,4,285
236,0,939
236,1,939
236,2,939
236,3,939
236,4,943
237,0,330
237,1,331
237,2,330
237,3,331
237,4,331
238,0,386
238,1,101
238,2,386
238,3,386
238,4,386
239,0,967
239,1,550
239,2,967
239,3,967
239,4,967
240,0,20
240,1,93
240,2,16
240,3,95
240,4,20
241,0,521
241,1,532
241,2,521
241,3,532
241,4,532
242,0,306
242,1,306
242,2,302
242,3,306
242,4,306
243,0,295
243,1,294
243,2,294
243,3,295
243,4,294
244,0,371
244,1,374
244,2,374
244,3,374
244,4,374
245,0,759
245,1,759
245,2,759
245,3,732
245,4,786
246,0,485
246,1,485
246,2,848
246,3,485
246,4,485
247,0,648
247,1,794
247,2,794
247,3,648
247,4,794
248,0,453
248,1,453
248,2,624
248,3,453
248,4,624
249,0,248
249,1,248
249,2,250
249,3,248
249,4,250
250,0,651
250,1,760
250,2,760
250,3,651
250,4,760
251,0,706
251,1,706
251,2,706
251,3,706
251,4,442
252,0,754
252,1,754
252,2,754
252,3,527
252,4,848
253,0,754
253,1,485
253,2,485
253,3,754
253,4,754
254,0,753
254,1,811
254,2,753
254,3,732
254,4,742
255,0,482
255,1,482
255,2,848
255,3,482
255,4,482
256,0,426
256,1,635
256,2,635
256,3,426
256,4,635
257,0,949
257,1,478
257,2,868
257,3,478
257,4,868
258,0,386
258,1,101
258,2,386
258,3,386
258,4,386
259,0,461
259,1,524
259,2,461
259,3,461
259,4,524
260,0,897
260,1,896
260,2,896
260,3,896
260,4,896
261,0,233
261,1,233
261,2,212
261,3,233
261,4,233
262,0,790
262,1,790
262,2,588
262,3,790
262,4,790
263,0,628
263,1,536
263,2,536
263,3,536
263,4,536
264,0,187
264,1,187
264,2,153
264,3,187
264,4,153
265,0,820
265,1,820
265,2,547
265,3,547
265,4,820
266,0,977
266,1,978
266,2,977
266,3,974
266,4,977
267,0,474
267,1,474
267,2,474
267,3,911
267,4,474
268,0,497
268,1,406
268,2,497
268,3,497
268,4,406
269,0,454
269,1,454
269,2,693
269,3,454
269,4,454
270,0,857
270,1,857
270,2,857
270,3,406
270,4,857
271,0,735
271,1,735
271,2,735
271,3,601
271,4,735
272,0,617
272,1,338
272,2,338
272,3,338
272,4,617
273,0,232
273,1,229
273,2,229
273,3,232
273,4,229
274,0,570
274,1,707
274,2,707
274,3,707
274,4,707
275,0,813
275,1,813
275,2,618
275,3,813
275,4,813
276,0,198
276,1,197
276,2,198
276,3,198
276,4,198
277,0,809
277,1,968
277,2,809
277,3,809
277,4,809
278,0,177
278,1,229
278,2,193
278,3,193
278,4,193
279,0,454
279,1,424
279,2,509
279,3,454
279,4,509
280,0,663
280,1,663
280,2,698
280,3,663
280,4,698
281,0,231
281,1,230
281,2,230
281,3,230
281,4,230
282,0,131
282,1,132
282,2,132
282,3,132
282,4,132
283,0,599
283,1,410
283,2,410
283,3,410
283,4,410
284,0,622
284,1,632
284,2,632
284,3,605
284,4,754
285,0,375
285,1,375
285,2,375
285,3,361
285,4,375
286,0,837
286,1,836
286,2,836
286,3,837
286,4,837
287,0,637
287,1,637
287,2,704
287,3,637
287,4,844
288,0,813
288,1,960
288,2,923
288,3,960
288,4,923
289,0,27
289,1,27
289,2,27
289,3,27
289,4,26
290,0,572
290,1,572
290,2,572
290,3,572
290,4,883
291,0,228
291,1,228
291,2,241
291,3,228
291,4,228
292,0,834
292,1,681
292,2,906
292,3,834
292,4,906
293,0,511
293,1,511
293,2,511
293,3,511
293,4,817
294,0,210
294,1,210
294,2,211
294,3,211
294,4,210
295,0,232
295,1,232
295,2,232
295,3,218
295,4,231
296,0,180
296,1,243
296,2,243
296,3,180
296,4,243
297,0,778
297,1,426
297,2,426
297,3,456
297,4,426
298,0,625
298,1,554
298,2,554
298,3,554
298,4,554
299,0,155
299,1,155
299,2,155
299,3,155
299,4,200
300,0,55
300,1,64
300,2,55
300,3,55
300,4,55
301,0,880
301,1,819
301,2,819
301,3,880
301,4,645
302,0,556
302,1,884
302,2,556
302,3,884
302,4,556
303,0,608
303,1,608
303,2,806
303,3,608
303,4,806
304,0,248
304,1,537
304,2,537
304,3,537
304,4,537
305,0,435
305,1,435
305,2,876
305,3,435
305,4,435
306,0,265
306,1,266
306,2,266
306,3,265
306,4,266
307,0,665
307,1,670
307,2,670
307,3,665
307,4,670
308,0,707
308,1,740
308,2,652
308,3,700
308,4,740
309,0,119
309,1,119
309,2,118
309,3,119
309,4,118
310,0,449
310,1,718
310,2,718
310,3,718
310,4,718
311,0,962
311,1,935
311,2,962
311,3,935
311,4,962
312,0,230
312,1,230
312,2,230
312,3,257
312,4,230
313,0,21
313,1,144
313,2,144
313,3,144
313,4,144
314,0,680
314,1,680
314,2,680
314,3,899
314,4,680
315,0,50
315,1,50
315,2,50
315,3,49
315,4,49
316,0,502
316,1,502
316,2,774
316,3,502
316,4,502
317,0,599
317,1,599
317,2,87
317,3,599
317,4,87
318,0,306
318,1,306
318,2,310
318,3,306
318,4,306
319,0,930
319,1,930
319,2,932
319,3,415
319,4,932
320,0,663
320,1,663
320,2,873
320,3,663
320,4,884
321,0,929
321,1,838
321,2,838
321,3,838
321,4,838
322,0,543
322,1,805
322,2,543
322,3,543
322,4,543
323,0,621
323,1,731
323,2,731
323,3,430
323,4,731
324,0,578
324,1,982
324,2,578
324,3,578
324,4,578
325,0,751
325,1,817
325,2,751
325,3,751
325,4,751
326,0,920
326,1,920
326,2,920
326,3,818
326,4,920
327,0,919
327,1,919
327,2,693
327,3,919
327,4,919
328,0,976
328,1,976
328,2,976
328,3,977
328,4,976
329,0,749
329,1,749
329,2,749
329,3,512
329,4,749
330,0,810
330,1,878
330,2,878
330,3,878
330,4,878
331,0,36
331,1,36
331,2,33
331,3,36
331,4,34
332,0,570
332,1,643
332,2,819
332,3,570
332,4,643
333,0,905
333,1,905
333,2,794
333,3,905
333,4,905
334,0,446
334,1,446
334,2,893
334,3,446
334,4,446
335,0,769
335,1,769
335,2,769
335,3,769
335,4,784
336,0,999
336,1,700
336,2,999
336,3,999
336,4,999
337,0,492
337,1,492
337,2,754
337,3,492
337,4,492
338,0,905
338,1,753
338,2,750
338,3,750
338,4,905
339,0,370
339,1,371
339,2,374
339,3,370
339,4,371
340,0,904
340,1,669
340,2,904
340,3,669
340,4,672
341,0,77
341,1,77
341,2,77
341,3,77
341,4,73
342,0,153
342,1,153
342,2,153
342,3,194
342,4,153
343,0,626
343,1,969
343,2,969
343,3,969
343,4,969
344,0,411
344,1,411
344,2,655
344,3,411
344,4,411
345,0,58
345,1,53
345,2,53
345,3,58
345,4,53
346,0,555
346,1,555
346,2,407
346,3,407
346,4,407
347,0,515
347,1,515
347,2,836
347,3,836
347,4,836
348,0,867
348,1,675
348,2,867
348,3,675
348,4,867
349,0,359
349,1,359
349,2,359
349,3,358
349,4,359
350,0,287
350,1,281
350,2,281
350,3,288
350,4,282
351,0,435
351,1,731
351,2,731
351,3,435
351,4,910
352,0,572
352,1,503
352,2,503
352,3,503
352,4,898
353,0,805
353,1,805
353,2,805
353,3,768
353,4,805
354,0,412
354,1,489
354,2,412
354,3,412
354,4,412
355,0,421
355,1,421
355,2,421
355,3,702
355,4,421
356,0,357
356,1,357
356,2,357
356,3,356
356,4,357
357,0,160
357,1,226
357,2,226
357,3,200
357,4,226
358,0,655
358,1,655
358,2,655
358,3,788
358,4,655
359,0,488
359,1,679
359,2,679
359,3,679
359,4,679
360,0,734
360,1,612
360,2,880
360,3,864
360,4,880
361,0,760
361,1,651
361,2,760
361,3,760
361,4,760
362,0,828
362,1,686
362,2,828
362,3,412
362,4,811
363,0,609
363,1,609
363,2,609
363,3,866
363,4,609
364,0,777
364,1,777
364,2,596
364,3,596
364,4,596
365,0,257
365,1,257
365,2,257
365,3,258
365,4,222
366,0,860
366,1,498
366,2,498
366,3,920
366,4,919
367,0,350
367,1,350
367,2,350
367,3,298
367,4,350
368,0,671
368,1,671
368,2,671
368,3,638
368,4,671
369,0,539
369,1,539
369,2,533
369,3,539
369,4,539
370,0,534
370,1,534
370,2,713
370,3,534
370,4,534
371,0,748
371,1,748
371,2,464
371,3,748
371,4,893
372,0,619
372,1,846
372,2,846
372,3,619
372,4,846
373,0,929
373,1,720
373,2,929
373,3,720
373,4,720
374,0,869
374,1,869
374,2,617
374,3,869
374,4,617
375,0,86
375,1,7
375,2,7
375,3,86
375,4,86
376,0,841
376,1,841
376,2,841
376,3,841
376,4,474
377,0,693
377,1,472
377,2,693
377,3,693
377,4,472
378,0,738
378,1,738
378,2,696
378,3,738
378,4,738
379,0,526
379,1,823
379,2,526
379,3,551
379,4,823
380,0,312
380,1,312
380,2,70
380,3,312
380,4,70
381,0,978
381,1,977
381,2,977
381,3,977
381,4,975
382,0,62
382,1,60
382,2,58
382,3,62
382,4,61
383,0,416
383,1,702
383,2,702
383,3,416
383,4,702
384,0,813
384,1,618
384,2,618
384,3,618
384,4,618
385,0,574
385,1,719
385,2,574
385,3,574
385,4,574
386,0,904
386,1,487
386,2,530
386,3,826
386,4,782
387,0,706
387,1,454
387,2,706
387,3,454
387,4,706
388,0,973
388,1,801
388,2,801
388,3,112
388,4,983
389,0,784
389,1,783
389,2,784
389,3,784
389,4,673
390,0,348
390,1,348
390,2,348
390,3,348
390,4,349
391,0,663
391,1,663
391,2,884
391,3,663
391,4,884
392,0,16
392,1,91
392,2,91
392,3,91
392,4,91
393,0,704
393,1,523
393,2,837
393,3,775
393,4,655
394,0,415
394,1,950
394,2,415
394,3,470
394,4,950
395,0,640
395,1,422
395,2,640
395,3,422
395,4,640
396,0,709
396,1,711
396,2,737
396,3,478
396,4,859
397,0,1
397,1,389
397,2,389
397,3,389
397,4,0
398,0,762
398,1,853
398,2,762
398,3,853
398,4,762
399,0,25
399,1,25
399,2,26
399,3,25
399,4,25
400,0,667
400,1,667
400,2,667
400,3,667
400,4,400
401,0,227
401,1,227
401,2,227
401,3,232
401,4,227
402,0,470
402,1,900
402,2,818
402,3,619
402,4,619
403,0,657
403,1,744
403,2,657
403,3,657
403,4,657
404,0,492
404,1,519
404,2,492
404,3,492
404,4,492
405,0,439
405,1,439
405,2,552
405,3,439
405,4,439
406,0,434
406,1,434
406,2,748
406,3,893
406,4,893
407,0,866
407,1,866
407,2,595
407,3,866
407,4,866
408,0,235
408,1,227
408,2,225
408,3,676
408,4,676
409,0,663
409,1,663
409,2,663
409,3,698
409,4,663
410,0,743
410,1,743
410,2,743
410,3,456
410,4,743
411,0,659
411,1,659
411,2,659
411,3,725
411,4,659
412,0,652
412,1,652
412,2,652
412,3,413
412,4,652
413,0,171
413,1,237
413,2,171
413,3,171
413,4,171
414,0,772
414,1,772
414,2,772
414,3,488
414,4,772
415,0,455
415,1,455
415,2,27
415,3,455
415,4,27
416,0,46
416,1,46
416,2,39
416,3,39
416,4,39
417,0,53
417,1,58
417,2,58
417,3,58
417,4,58
418,0,286
418,1,287
418,2,287
418,3,287
418,4,287
419,0,848
419,1,485
419,2,848
419,3,485
419,4,485
420,0,921
420,1,549
420,2,921
420,3,921
420,4,921
421,0,248
421,1,248
421,2,248
421,3,249
421,4,248
422,0,960
422,1,923
422,2,923
422,3,923
422,4,923
423,0,596
423,1,596
423,2,596
423,3,587
423,4,596
424,0,774
424,1,774
424,2,464
424,3,464
424,4,774
425,0,910
425,1,910
425,2,910
425,3,618
425,4,910
426,0,799
426,1,519
426,2,905
426,3,789
426,4,789
427,0,864
427,1,864
427,2,751
427,3,864
427,4,751
428,0,469
428,1,469
428,2,469
428,3,653
428,4,653
429,0,526
429,1,736
429,2,736
429,3,526
429,4,736
430,0,690
430,1,690
430,2,690
430,3,856
430,4,690
431,0,721
431,1,831
431,2,831
431,3,831
431,4,721
432,0,740
432,1,740
432,2,726
432,3,642
432,4,726
433,0,120
433,1,119
433,2,120
433,3,120
433,4,120
434,0,631
434,1,470
434,2,907
434,3,631
434,4,631
435,0,536
435,1,536
435,2,536
435,3,536
435,4,975
436,0,943
436,1,469
436,2,469
436,3,653
436,4,415
437,0,331
437,1,332
437,2,332
437,3,331
437,4,330
438,0,587
438,1,519
438,2,464
438,3,464
438,4,597
439,0,966
439,1,966
439,2,907
439,3,907
439,4,966
440,0,844
440,1,844
440,2,877
440,3,844
440,4,877
441,0,200
441,1,200
441,2,200
441,3,204
441,4,200
442,0,879
442,1,518
442,2,879
442,3,518
442,4,879
443,0,202
443,1,184
443,2,202
443,3,202
443,4,202
444,0,895
444,1,744
444,2,657
444,3,895
444,4,657
445,0,595
445,1,730
445,2,730
445,3,595
445,4,595
446,0,978
446,1,978
446,2,976
446,3,978
446,4,978
447,0,837
447,1,610
447,2,836
447,3,837
447,4,610
448,0,695
448,1,488
448,2,488
448,3,695
448,4,695
449,0,424
449,1,424
449,2,860
449,3,424
449,4,860
450,0,172
450,1,172
450,2,171
450,3,172
450,4,171
451,0,581
451,1,479
451,2,479
451,3,581
451,4,479
452,0,847
452,1,847
452,2,744
452,3,847
452,4,847
453,0,474
453,1,911
453,2,911
453,3,911
453,4,911
454,0,905
454,1,799
454,2,905
454,3,905
454,4,905
455,0,848
455,1,848
455,2,485
455,3,485
455,4,485
456,0,558
456,1,642
456,2,558
456,3,541
456,4,558
457,0,794
457,1,794
457,2,794
457,3,58
457,4,794
458,0,806
458,1,843
458,2,843
458,3,843
458,4,843
459,0,633
459,1,633
459,2,632
459,3,633
459,4,633
460,0,557
460,1,523
460,2,523
460,3,523
460,4,523
461,0,998
461,1,987
461,2,987
461,3,987
461,4,987
462,0,900
462,1,900
462,2,900
462,3,412
462,4,900
463,0,440
463,1,440
463,2,737
463,3,440
463,4,440
464,0,771
464,1,766
464,2,766
464,3,766
464,4,766
465,0,665
465,1,600
465,2,535
465,3,665
465,4,535
466,0,648
466,1,648
466,2,648
466,3,892
466,4,648
467,0,625
467,1,408
467,2,625
467,3,625
467,4,625
468,0,855
468,1,855
468,2,855
468,3,773
468,4,855
469,0,713
469,1,742
469,2,742
469,3,742
469,4,742
470,0,784
470,1,813
470,2,567
470,3,696
470,4,813
471,0,330
471,1,330
471,2,330
471,3,330
471,4,331
472,0,446
472,1,446
472,2,446
472,3,549
472,4,446
473,0,567
473,1,567
473,2,544
473,3,567
473,4,544
474,0,735
474,1,735
474,2,735
474,3,911
474,4,735
475,0,175
475,1,191
475,2,191
475,3,184
475,4,191
476,0,644
476,1,644
476,2,470
476,3,470
476,4,644
477,0,678
477,1,584
477,2,443
477,3,443
477,4,765
478,0,907
478,1,907
478,2,907
478,3,907
478,4,572
479,0,312
479,1,311
479,2,311
479,3,312
479,4,311
480,0,374
480,1,371
480,2,374
480,3,371
480,4,371
481,0,942
481,1,948
481,2,948
481,3,942
481,4,943
482,0,527
482,1,527
482,2,527
482,3,782
482,4,527
483,0,711
483,1,711
483,2,711
483,3,711
483,4,631
484,0,526
484,1,526
484,2,673
484,3,526
484,4,673
485,0,549
485,1,549
485,2,892
485,3,892
485,4,892
486,0,820
486,1,547
486,2,547
486,3,820
486,4,547
487,0,679
487,1,679
487,2,464
487,3,787
487,4,772
488,0,854
488,1,854
488,2,854
488,3,894
488,4,854
489,0,511
489,1,817
489,2,817
489,3,817
489,4,817
490,0,415
490,1,415
490,2,454
490,3,624
490,4,454
491,0,605
491,1,605
491,2,605
491,3,443
491,4,605
492,0,653
492,1,603
492,2,653
492,3,603
492,4,603
493,0,648
493,1,505
493,2,550
493,3,648
493,4,550
494,0,223
494,1,223
494,2,223
494,3,224
494,4,223
495,0,413
495,1,764
495,2,413
495,3,764
495,4,413
496,0,900
496,1,900
496,2,668
496,3,437
496,4,900
497,0,639
497,1,639
497,2,638
497,3,639
497,4,638
498,0,524
498,1,543
498,2,524
498,3,524
498,4,524
499,0,290
499,1,288
499,2,288
499,3,288
499,4,288
500,0,166
500,1,162
500,2,166
500,3,162
500,4,238
501,0,514
501,1,514
501,2,514
501,3,514
501,4,515
502,0,101
502,1,386
502,2,386
502,3,386
502,4,386
503,0,944
503,1,936
503,2,936
503,3,936
503,4,936
504,0,428
504,1,870
504,2,428
504,3,428
504,4,516
505,0,646
505,1,870
505,2,870
505,3,870
505,4,870
506,0,889
506,1,402
506,2,650
506,3,776
506,4,402
507,0,82
507,1,82
507,2,82
507,3,82
507,4,83
508,0,773
508,1,549
508,2,773
508,3,773
508,4,549
509,0,896
509,1,896
509,2,435
509,3,896
509,4,896
510,0,917
510,1,841
510,2,841
510,3,865
510,4,841
511,0,368
511,1,367
511,2,369
511,3,367
511,4,369
512,0,400
512,1,400
512,2,667
512,3,400
512,4,400
513,0,836
513,1,836
513,2,836
513,3,837
513,4,836
514,0,674
514,1,618
514,2,618
514,3,674
514,4,618
515,0,114
515,1,114
515,2,934
515,3,114
515,4,932
516,0,999
516,1,999
516,2,999
516,3,999
516,4,700
517,0,663
517,1,483
517,2,972
517,3,663
517,4,663
518,0,972
518,1,448
518,2,972
518,3,972
518,4,448
519,0,465
519,1,586
519,2,847
519,3,465
519,4,408
520,0,767
520,1,767
520,2,767
520,3,772
520,4,767
521,0,329
521,1,116
521,2,329
521,3,329
521,4,329
522,0,493
522,1,493
522,2,493
522,3,493
522,4,520
523,0,438
523,1,438
523,2,845
523,3,438
523,4,438
524,0,484
524,1,871
524,2,484
524,3,871
524,4,871
525,0,187
525,1,201
525,2,187
525,3,187
525,4,201
526,0,698
526,1,663
526,2,663
526,3,663
526,4,698
527,0,225
527,1,225
527,2,465
527,3,225
527,4,225
528,0,159
528,1,209
528,2,209
528,3,209
528,4,209
529,0,5
529,1,5
529,2,6
529,3,5
529,4,5
530,0,582
530,1,579
530,2,582
530,3,579
530,4,579
531,0,588
531,1,790
531,2,588
531,3,588
531,4,588
532,0,524
532,1,524
532,2,524
532,3,461
532,4,524
533,0,981
533,1,981
533,2,981
533,3,421
533,4,981
534,0,908
534,1,977
534,2,977
534,3,977
534,4,871
535,0,819
535,1,819
535,2,819
535,3,819
535,4,834
536,0,970
536,1,979
536,2,970
536,3,979
536,4,979
537,0,592
537,1,592
537,2,485
537,3,681
537,4,681
538,0,477
538,1,477
538,2,477
538,3,456
538,4,477
539,0,281
539,1,281
539,2,281
539,3,281
539,4,282
540,0,703
540,1,728
540,2,728
540,3,703
540,4,703
541,0,73
541,1,73
541,2,74
541,3,74
541,4,73
542,0,356
542,1,359
542,2,359
542,3,356
542,4,359
543,0,483
543,1,483
543,2,483
543,3,460
543,4,483
544,0,358
544,1,358
544,2,358
544,3,356
544,4,358
545,0,818
545,1,818
545,2,818
545,3,818
545,4,846
546,0,673
546,1,673
546,2,673
546,3,487
546,4,673
547,0,606
547,1,534
547,2,606
547,3,606
547,4,606
548,0,281
548,1,281
548,2,281
548,3,281
548,4,283
549,0,760
549,1,760
549,2,886
549,3,760
549,4,886
550,0,57
550,1,52
550,2,52
550,3,52
550,4,60
551,0,636
551,1,748
551,2,414
551,3,636
551,4,636
552,0,772
552,1,667
552,2,667
552,3,902
552,4,667
553,0,549
553,1,662
553,2,771
553,3,632
553,4,754
554,0,709
554,1,709
554,2,709
554,3,709
554,4,748
555,0,775
555,1,879
555,2,879
555,3,775
555,4,879
556,0,266
556,1,266
556,2,265
556,3,266
556,4,266
557,0,435
557,1,435
557,2,876
557,3,435
557,4,435
558,0,185
558,1,182
558,2,185
558,3,182
558,4,194
559,0,600
559,1,421
559,2,600
559,3,600
559,4,600
560,0,910
560,1,813
560,2,909
560,3,677
560,4,567
561,0,782
561,1,508
561,2,527
561,3,508
561,4,527
562,0,374
562,1,374
562,2,371
562,3,374
562,4,374
563,0,521
563,1,521
563,2,521
563,3,909
563,4,463
564,0,924
564,1,584
564,2,816
564,3,816
564,4,855
565,0,265
565,1,266
565,2,265
565,3,265
565,4,265
566,0,538
566,1,663
566,2,442
566,3,663
566,4,698
567,0,700
567,1,700
567,2,999
567,3,700
567,4,700
568,0,926
568,1,926
568,2,909
568,3,926
568,4,909
569,0,74
569,1,70
569,2,310
569,3,310
569,4,312
570,0,834
570,1,982
570,2,834
570,3,834
570,4,834
571,0,349
571,1,349
571,2,348
571,3,349
571,4,348
572,0,592
572,1,662
572,2,592
572,3,592
572,4,592
573,0,42
573,1,42
573,2,46
573,3,42
573,4,42
574,0,246
574,1,247
574,2,247
574,3,247
574,4,247
575,0,206
575,1,206
575,2,206
575,3,205
575,4,206
576,0,265
576,1,265
576,2,266
576,3,265
576,4,265
577,0,421
577,1,421
577,2,881
577,3,421
577,4,421
578,0,97
578,1,97
578,2,97
578,3,97
578,4,99
579,0,244
579,1,241
579,2,241
579,3,244
579,4,241
580,0,647
580,1,769
580,2,769
580,3,769
580,4,769
581,0,929
581,1,929
581,2,784
581,3,929
581,4,784
582,0,883
582,1,901
582,2,883
582,3,572
582,4,883
583,0,40
583,1,40
583,2,40
583,3,40
583,4,46
584,0,241
584,1,241
584,2,241
584,3,241
584,4,240
585,0,308
585,1,309
585,2,309
585,3,309
585,4,309
586,0,542
586,1,542
586,2,542
586,3,462
586,4,542
587,0,785
587,1,837
587,2,837
587,3,837
587,4,837
588,0,813
588,1,813
588,2,939
588,3,813
588,4,567
589,0,873
589,1,825
589,2,663
589,3,663
589,4,873
590,0,502
590,1,515
590,2,515
590,3,515
590,4,515
591,0,835
591,1,835
591,2,835
591,3,730
591,4,835
592,0,460
592,1,460
592,2,460
592,3,437
592,4,460
593,0,146
593,1,143
593,2,146
593,3,146
593,4,733
594,0,928
594,1,960
594,2,960
594,3,928
594,4,928
595,0,3
595,1,3
595,2,2
595,3,3
595,4,3
596,0,35
596,1,36
596,2,35
596,3,37
596,4,35
597,0,764
597,1,764
597,2,413
597,3,413
597,4,413
598,0,777
598,1,777
598,2,600
598,3,777
598,4,600
599,0,74
599,1,74
599,2,74
599,3,74
599,4,73
600,0,696
600,1,696
600,2,696
600,3,600
600,4,696
601,0,511
601,1,511
601,2,511
601,3,511
601,4,817
602,0,846
602,1,619
602,2,846
602,3,846
602,4,846
603,0,898
603,1,737
603,2,737
603,3,737
603,4,737
604,0,543
604,1,646
604,2,543
604,3,543
604,4,543
605,0,231
605,1,231
605,2,231
605,3,230
605,4,231
606,0,913
606,1,913
606,2,913
606,3,913
606,4,983
607,0,817
607,1,817
607,2,817
607,3,817
607,4,751
608,0,961
608,1,961
608,2,961
608,3,938
608,4,961
609,0,304
609,1,304
609,2,304
609,3,303
609,4,304
610,0,394
610,1,394
610,2,394
610,3,395
610,4,395
611,0,523
611,1,765
611,2,523
611,3,523
611,4,523
612,0,248
612,1,250
612,2,250
612,3,248
612,4,250
613,0,119
613,1,119
613,2,118
613,3,119
613,4,118
614,0,58
614,1,50
614,2,50
614,3,50
614,4,50
615,0,774
615,1,31
615,2,31
615,3,31
615,4,31
616,0,248
616,1,270
616,2,248
616,3,248
616,4,248
617,0,810
617,1,810
617,2,878
617,3,878
617,4,878
618,0,680
618,1,680
618,2,516
618,3,680
618,4,680
619,0,101
619,1,385
619,2,385
619,3,101
619,4,385
620,0,86
620,1,86
620,2,82
620,3,86
620,4,86
621,0,673
621,1,859
621,2,673
621,3,673
621,4,673
622,0,46
622,1,40
622,2,46
622,3,40
622,4,46
623,0,907
623,1,907
623,2,907
623,3,966
623,4,966
624,0,928
624,1,969
624,2,969
624,3,928
624,4,969
625,0,28
625,1,28
625,2,28
625,3,28
625,4,26
626,0,588
626,1,790
626,2,790
626,3,790
626,4,790
627,0,656
627,1,656
627,2,627
627,3,656
627,4,656
628,0,696
628,1,696
628,2,462
628,3,462
628,4,462
629,0,524
629,1,480
629,2,593
629,3,570
629,4,626
630,0,154
630,1,154
630,2,154
630,3,259
630,4,154
631,0,710
631,1,767
631,2,767
631,3,769
631,4,623
632,0,59
632,1,59
632,2,59
632,3,55
632,4,59
633,0,528
633,1,412
633,2,968
633,3,967
633,4,505
634,0,399
634,1,869
634,2,869
634,3,399
634,4,869
635,0,620
635,1,620
635,2,620
635,3,526
635,4,620
636,0,113
636,1,113
636,2,582
636,3,582
636,4,582
637,0,509
637,1,415
637,2,762
637,3,415
637,4,762
638,0,817
638,1,817
638,2,751
638,3,479
638,4,817
639,0,211
639,1,168
639,2,168
639,3,211
639,4,168
640,0,689
640,1,834
640,2,834
640,3,834
640,4,834
641,0,631
641,1,921
641,2,921
641,3,921
641,4,921
642,0,241
642,1,238
642,2,238
642,3,241
642,4,241
643,0,491
643,1,491
643,2,634
643,3,491
643,4,491
644,0,600
644,1,600
644,2,600
644,3,616
644,4,600
645,0,443
645,1,443
645,2,443
645,3,506
645,4,443
646,0,602
646,1,602
646,2,602
646,3,843
646,4,602
647,0,411
647,1,578
647,2,578
647,3,578
647,4,578
648,0,923
648,1,923
648,2,923
648,3,923
648,4,928
649,0,472
649,1,693
649,2,472
649,3,472
649,4,472
650,0,685
650,1,485
650,2,530
650,3,485
650,4,685
651,0,978
651,1,978
651,2,978
651,3,977
651,4,978
652,0,650
652,1,749
652,2,749
652,3,834
652,4,749
653,0,898
653,1,898
653,2,898
653,3,455
653,4,898
654,0,348
654,1,349
654,2,348
654,3,348
654,4,348
655,0,285
655,1,285
655,2,285
655,3,281
655,4,285
656,0,975
656,1,975
656,2,449
656,3,449
656,4,975
657,0,774
657,1,711
657,2,774
657,3,692
657,4,774
658,0,33
658,1,33
658,2,150
658,3,33
658,4,33
659,0,589
659,1,774
659,2,774
659,3,774
659,4,774
660,0,838
660,1,838
660,2,585
660,3,838
660,4,585
661,0,967
661,1,968
661,2,967
661,3,968
661,4,504
662,0,732
662,1,759
662,2,759
662,3,760
662,4,894
663,0,506
663,1,490
663,2,506
663,3,490
663,4,490
664,0,423
664,1,424
664,2,424
664,3,423
664,4,424
665,0,488
665,1,616
665,2,677
665,3,507
665,4,677
666,0,603
666,1,870
666,2,656
666,3,656
666,4,656
667,0,638
667,1,638
667,2,638
667,3,638
667,4,639
668,0,873
668,1,698
668,2,873
668,3,698
668,4,873
669,0,549
669,1,446
669,2,769
669,3,446
669,4,769
670,0,41
670,1,44
670,2,67
670,3,41
670,4,41
671,0,177
671,1,241
671,2,177
671,3,177
671,4,177
672,0,959
672,1,959
672,2,925
672,3,959
672,4,925
673,0,614
673,1,614
673,2,775
673,3,614
673,4,775
674,0,784
674,1,647
674,2,784
674,3,438
674,4,438
675,0,34
675,1,34
675,2,147
675,3,34
675,4,147
676,0,199
676,1,233
676,2,199
676,3,199
676,4,199
677,0,927
677,1,927
677,2,883
677,3,927
677,4,883
678,0,447
678,1,776
678,2,447
678,3,447
678,4,447
679,0,246
679,1,178
679,2,178
679,3,246
679,4,178
680,0,203
680,1,203
680,2,203
680,3,784
680,4,203
681,0,624
681,1,858
681,2,858
681,3,853
681,4,624
682,0,86
682,1,86
682,2,82
682,3,86
682,4,86
683,0,358
683,1,358
683,2,358
683,3,151
683,4,358
684,0,63
684,1,63
684,2,60
684,3,60
684,4,60
685,0,816
685,1,124
685,2,551
685,3,124
685,4,551
686,0,637
686,1,920
686,2,733
686,3,637
686,4,733
687,0,655
687,1,655
687,2,655
687,3,459
687,4,655
688,0,442
688,1,442
688,2,442
688,3,663
688,4,442
689,0,265
689,1,265
689,2,266
689,3,181
689,4,266
690,0,953
690,1,544
690,2,544
690,3,544
690,4,521
691,0,935
691,1,935
691,2,909
691,3,469
691,4,909
692,0,469
692,1,469
692,2,909
692,3,909
692,4,469
693,0,60
693,1,60
693,2,60
693,3,58
693,4,60
694,0,622
694,1,872
694,2,759
694,3,622
694,4,622
695,0,936
695,1,942
695,2,942
695,3,942
695,4,942
696,0,921
696,1,921
696,2,917
696,3,921
696,4,917
697,0,46
697,1,41
697,2,41
697,3,41
697,4,41
698,0,585
698,1,585
698,2,585
698,3,589
698,4,585
699,0,769
699,1,769
699,2,477
699,3,769
699,4,587
700,0,942
700,1,942
700,2,941
700,3,942
700,4,942
701,0,689
701,1,689
701,2,903
701,3,903
701,4,903
702,0,831
702,1,598
702,2,831
702,3,831
702,4,831
703,0,64
703,1,64
703,2,64
703,3,313
703,4,64
704,0,282
704,1,282
704,2,282
704,3,281
704,4,282
705,0,542
705,1,542
705,2,541
705,3,541
705,4,541
706,0,657
706,1,657
706,2,657
706,3,744
706,4,657
707,0,980
707,1,913
707,2,399
707,3,399
707,4,399
708,0,790
708,1,729
708,2,729
708,3,791
708,4,428
709,0,264
709,1,264
709,2,263
709,3,264
709,4,263
710,0,724
710,1,724
710,2,724
710,3,780
710,4,724
711,0,629
711,1,551
711,2,551
711,3,551
711,4,551
712,0,738
712,1,738
712,2,949
712,3,738
712,4,738
713,0,731
713,1,641
713,2,306
713,3,650
713,4,71
714,0,764
714,1,764
714,2,413
714,3,764
714,4,764
715,0,893
715,1,893
715,2,636
715,3,748
715,4,636
716,0,673
716,1,673
716,2,673
716,3,959
716,4,673
717,0,414
717,1,414
717,2,636
717,3,414
717,4,414
718,0,169
718,1,155
718,2,257
718,3,330
718,4,257
719,0,968
719,1,551
719,2,551
719,3,551
719,4,551
720,0,643
720,1,552
720,2,643
720,3,643
720,4,643
721,0,770
721,1,770
721,2,788
721,3,788
721,4,788
722,0,488
722,1,488
722,2,653
722,3,488
722,4,488
723,0,258
723,1,257
723,2,258
723,3,257
723,4,222
724,0,775
724,1,808
724,2,775
724,3,706
724,4,775
725,0,58
725,1,53
725,2,58
725,3,58
725,4,58
726,0,343
726,1,342
726,2,342
726,3,343
726,4,343
727,0,652
727,1,830
727,2,830
727,3,830
727,4,830
728,0,113
728,1,113
728,2,112
728,3,113
728,4,112
729,0,536
729,1,733
729,2,733
729,3,733
729,4,540
730,0,705
730,1,864
730,2,468
730,3,718
730,4,565
731,0,414
731,1,414
731,2,414
731,3,507
731,4,507
732,0,813
732,1,813
732,2,112
732,3,813
732,4,112
733,0,158
733,1,158
733,2,227
733,3,158
733,4,158
734,0,681
734,1,487
734,2,778
734,3,741
734,4,778
735,0,442
735,1,442
735,2,497
735,3,442
735,4,442
736,0,899
736,1,899
736,2,899
736,3,899
736,4,898
737,0,999
737,1,203
737,2,203
737,3,153
737,4,203
738,0,651
738,1,651
738,2,827
738,3,651
738,4,651
739,0,720
739,1,720
739,2,720
739,3,438
739,4,438
740,0,360
740,1,357
740,2,360
740,3,360
740,4,360
741,0,328
741,1,328
741,2,327
741,3,328
741,4,328
742,0,823
742,1,748
742,2,549
742,3,499
742,4,466
743,0,847
743,1,847
743,2,408
743,3,408
743,4,408
744,0,808
744,1,834
744,2,834
744,3,834
744,4,906
745,0,463
745,1,463
745,2,463
745,3,636
745,4,463
746,0,877
746,1,409
746,2,711
746,3,892
746,4,711
747,0,434
747,1,885
747,2,474
747,3,434
747,4,434
748,0,769
748,1,77
748,2,769
748,3,77
748,4,769
749,0,125
749,1,116
749,2,125
749,3,113
749,4,113
750,0,683
750,1,594
750,2,594
750,3,594
750,4,594
751,0,912
751,1,912
751,2,912
751,3,912
751,4,471
752,0,197
752,1,189
752,2,233
752,3,197
752,4,233
753,0,896
753,1,876
753,2,876
753,3,435
753,4,876
754,0,383
754,1,384
754,2,383
754,3,384
754,4,383
755,0,503
755,1,711
755,2,711
755,3,773
755,4,503
756,0,536
756,1,510
756,2,536
756,3,536
756,4,510
757,0,725
757,1,572
757,2,505
757,3,711
757,4,725
758,0,912
758,1,15
758,2,15
758,3,912
758,4,912
759,0,254
759,1,195
759,2,195
759,3,254
759,4,245
760,0,650
760,1,650
760,2,650
760,3,855
760,4,650
761,0,745
761,1,545
761,2,545
761,3,745
761,4,745
762,0,523
762,1,612
762,2,612
762,3,523
762,4,612
763,0,698
763,1,698
763,2,483
763,3,698
763,4,698
764,0,703
764,1,703
764,2,703
764,3,828
764,4,703
765,0,359
765,1,359
765,2,358
765,3,359
765,4,359
766,0,976
766,1,976
766,2,972
766,3,972
766,4,972
767,0,278
767,1,278
767,2,277
767,3,277
767,4,277
768,0,914
768,1,914
768,2,914
768,3,780
768,4,780
769,0,752
769,1,752
769,2,752
769,3,515
769,4,752
770,0,655
770,1,638
770,2,638
770,3,638
770,4,903
771,0,706
771,1,877
771,2,766
771,3,556
771,4,556
772,0,575
772,1,575
772,2,575
772,3,870
772,4,575
773,0,5
773,1,6
773,2,5
773,3,6
773,4,6
774,0,454
774,1,498
774,2,498
774,3,498
774,4,498
775,0,302
775,1,306
775,2,303
775,3,302
775,4,303
776,0,131
776,1,17
776,2,17
776,3,17
776,4,17
777,0,482
777,1,482
777,2,481
777,3,848
777,4,482
778,0,558
778,1,558
778,2,558
778,3,558
778,4,929
779,0,799
779,1,905
779,2,799
779,3,799
779,4,799
780,0,524
780,1,524
780,2,461
780,3,461
780,4,524
781,0,480
781,1,480
781,2,480
781,3,791
781,4,480
782,0,998
782,1,987
782,2,998
782,3,987
782,4,998
783,0,903
783,1,851
783,2,851
783,3,474
783,4,461
784,0,790
784,1,790
784,2,588
784,3,588
784,4,588
785,0,34
785,1,36
785,2,35
785,3,34
785,4,36
786,0,658
786,1,658
786,2,658
786,3,658
786,4,911
787,0,971
787,1,966
787,2,966
787,3,966
787,4,966
788,0,376
788,1,371
788,2,371
788,3,371
788,4,371
789,0,951
789,1,951
789,2,951
789,3,950
789,4,951
790,0,598
790,1,598
790,2,548
790,3,548
790,4,548
791,0,551
791,1,629
791,2,551
791,3,551
791,4,629
792,0,68
792,1,67
792,2,67
792,3,67
792,4,67
793,0,934
793,1,415
793,2,934
793,3,934
793,4,934
794,0,920
794,1,920
794,2,718
794,3,718
794,4,718
795,0,671
795,1,671
795,2,671
795,3,970
795,4,970
796,0,608
796,1,523
796,2,523
796,3,523
796,4,523
797,0,246
797,1,246
797,2,246
797,3,159
797,4,246
798,0,380
798,1,379
798,2,379
798,3,369
798,4,369
799,0,770
799,1,709
799,2,709
799,3,709
799,4,709
800,0,730
800,1,730
800,2,595
800,3,730
800,4,730
801,0,759
801,1,622
801,2,759
801,3,759
801,4,759
802,0,809
802,1,659
802,2,659
802,3,809
802,4,659
803,0,191
803,1,191
803,2,999
803,3,191
803,4,191
804,0,923
804,1,923
804,2,923
804,3,415
804,4,923
805,0,570
805,1,785
805,2,626
805,3,626
805,4,626
806,0,488
806,1,902
806,2,902
806,3,902
806,4,902
807,0,264
807,1,264
807,2,264
807,3,263
807,4,263
808,0,831
808,1,153
808,2,831
808,3,831
808,4,831
809,0,461
809,1,524
809,2,461
809,3,524
809,4,524
810,0,656
810,1,717
810,2,581
810,3,864
810,4,412
811,0,631
811,1,626
811,2,631
811,3,626
811,4,631
812,0,122
812,1,118
812,2,121
812,3,122
812,4,121
813,0,634
813,1,449
813,2,525
813,3,634
813,4,449
814,0,197
814,1,197
814,2,197
814,3,199
814,4,197
815,0,616
815,1,845
815,2,845
815,3,823
815,4,845
816,0,639
816,1,639
816,2,638
816,3,433
816,4,639
817,0,80
817,1,81
817,2,81
817,3,80
817,4,80
818,0,569
818,1,867
818,2,569
818,3,867
818,4,867
819,0,360
819,1,360
819,2,360
819,3,357
819,4,357
820,0,174
820,1,250
820,2,249
820,3,174
820,4,249
821,0,817
821,1,817
821,2,511
821,3,511
821,4,511
822,0,517
822,1,517
822,2,517
822,3,555
822,4,489
823,0,229
823,1,229
823,2,200
823,3,229
823,4,229
824,0,101
824,1,101
824,2,385
824,3,101
824,4,101
825,0,808
825,1,515
825,2,808
825,3,822
825,4,808
826,0,894
826,1,516
826,2,520
826,3,765
826,4,516
827,0,180
827,1,227
827,2,209
827,3,180
827,4,180
828,0,252
828,1,262
828,2,262
828,3,262
828,4,262
829,0,975
829,1,972
829,2,972
829,3,975
829,4,970
830,0,700
830,1,700
830,2,338
830,3,700
830,4,338
831,0,917
831,1,741
831,2,741
831,3,591
831,4,741
832,0,857
832,1,857
832,2,857
832,3,406
832,4,857
833,0,876
833,1,876
833,2,842
833,3,876
833,4,433
834,0,697
834,1,697
834,2,697
834,3,667
834,4,697
835,0,692
835,1,692
835,2,930
835,3,692
835,4,930
836,0,242
836,1,242
836,2,242
836,3,243
836,4,242
837,0,496
837,1,600
837,2,514
837,3,600
837,4,514
838,0,35
838,1,35
838,2,35
838,3,35
838,4,36
839,0,939
839,1,939
839,2,939
839,3,943
839,4,939
840,0,567
840,1,567
840,2,544
840,3,567
840,4,567
841,0,58
841,1,58
841,2,58
841,3,1
841,4,58
842,0,903
842,1,689
842,2,689
842,3,689
842,4,903
843,0,121
843,1,121
843,2,118
843,3,121
843,4,121
844,0,97
844,1,97
844,2,97
844,3,137
844,4,97
845,0,6
845,1,5
845,2,5
845,3,5
845,4,5
846,0,762
846,1,762
846,2,532
846,3,532
846,4,532
847,0,655
847,1,655
847,2,655
847,3,655
847,4,487
848,0,37
848,1,37
848,2,37
848,3,37
848,4,36
849,0,231
849,1,156
849,2,231
849,3,231
849,4,231
850,0,461
850,1,524
850,2,461
850,3,461
850,4,461
851,0,64
851,1,64
851,2,64
851,3,60
851,4,64
852,0,576
852,1,582
852,2,954
852,3,582
852,4,954
853,0,618
853,1,618
853,2,618
853,3,600
853,4,618
854,0,304
854,1,304
854,2,301
854,3,301
854,4,301
855,0,216
855,1,216
855,2,220
855,3,216
855,4,216
856,0,608
856,1,568
856,2,608
856,3,608
856,4,608
857,0,772
857,1,600
857,2,600
857,3,600
857,4,600
858,0,678
858,1,678
858,2,678
858,3,707
858,4,678
859,0,886
859,1,886
859,2,860
859,3,860
859,4,860
860,0,469
860,1,828
860,2,469
860,3,469
860,4,828
861,0,705
861,1,654
861,2,654
861,3,705
861,4,654
862,0,424
862,1,424
862,2,424
862,3,860
862,4,424
863,0,82
863,1,82
863,2,86
863,3,86
863,4,86
864,0,407
864,1,407
864,2,407
864,3,407
864,4,734
865,0,478
865,1,709
865,2,709
865,3,709
865,4,748
866,0,887
866,1,591
866,2,591
866,3,887
866,4,591
867,0,681
867,1,681
867,2,681
867,3,620
867,4,681
868,0,58
868,1,58
868,2,68
868,3,58
868,4,67
869,0,879
869,1,656
869,2,489
869,3,879
869,4,656
870,0,947
870,1,947
870,2,947
870,3,975
870,4,997
871,0,968
871,1,572
871,2,618
871,3,572
871,4,618
872,0,316
872,1,308
872,2,308
872,3,633
872,4,633
873,0,868
873,1,868
873,2,463
873,3,876
873,4,840
874,0,155
874,1,204
874,2,155
874,3,155
874,4,155
875,0,896
875,1,896
875,2,896
875,3,876
875,4,896
876,0,935
876,1,987
876,2,987
876,3,987
876,4,987
877,0,749
877,1,749
877,2,749
877,3,773
877,4,749
878,0,488
878,1,488
878,2,488
878,3,488
878,4,490
879,0,55
879,1,55
879,2,59
879,3,55
879,4,55
880,0,711
880,1,711
880,2,711
880,3,711
880,4,631
881,0,886
881,1,648
881,2,648
881,3,860
881,4,648
882,0,108
882,1,390
882,2,973
882,3,108
882,4,108
883,0,810
883,1,878
883,2,878
883,3,878
883,4,878
884,0,110
884,1,115
884,2,115
884,3,115
884,4,115
885,0,836
885,1,830
885,2,731
885,3,830
885,4,428
886,0,593
886,1,593
886,2,764
886,3,593
886,4,764
887,0,940
887,1,941
887,2,940
887,3,942
887,4,940
888,0,640
888,1,480
888,2,860
888,3,640
888,4,860
889,0,806
889,1,806
889,2,806
889,3,501
889,4,806
890,0,599
890,1,699
890,2,677
890,3,599
890,4,599
891,0,114
891,1,114
891,2,114
891,3,52
891,4,114
892,0,436
892,1,436
892,2,581
892,3,436
892,4,436
893,0,36
893,1,36
893,2,35
893,3,36
893,4,35
894,0,419
894,1,655
894,2,655
894,3,655
894,4,655
895,0,789
895,1,789
895,2,165
895,3,180
895,4,165
896,0,794
896,1,793
896,2,434
896,3,589
896,4,434
897,0,208
897,1,209
897,2,209
897,3,209
897,4,209
898,0,784
898,1,695
898,2,695
898,3,695
898,4,695
899,0,790
899,1,790
899,2,791
899,3,790
899,4,790
900,0,658
900,1,474
900,2,796
900,3,474
900,4,658
901,0,998
901,1,998
901,2,987
901,3,987
901,4,998
902,0,632
902,1,681
902,2,526
902,3,681
902,4,681
903,0,599
903,1,737
903,2,898
903,3,737
903,4,898
904,0,823
904,1,418
904,2,418
904,3,823
904,4,418
905,0,660
905,1,867
905,2,660
905,3,660
905,4,660
906,0,482
906,1,481
906,2,482
906,3,848
906,4,848
907,0,655
907,1,655
907,2,655
907,3,419
907,4,655
908,0,469
908,1,469
908,2,827
908,3,469
908,4,469
909,0,128
909,1,128
909,2,128
909,3,131
909,4,128
910,0,655
910,1,655
910,2,655
910,3,487
910,4,655
911,0,837
911,1,836
911,2,837
911,3,837
911,4,836
912,0,37
912,1,35
912,2,36
912,3,35
912,4,35
913,0,187
913,1,193
913,2,187
913,3,193
913,4,193
914,0,782
914,1,782
914,2,851
914,3,782
914,4,851
915,0,930
915,1,863
915,2,863
915,3,863
915,4,863
916,0,432
916,1,432
916,2,432
916,3,486
916,4,432
917,0,792
917,1,792
917,2,764
917,3,764
917,4,764
918,0,296
918,1,296
918,2,296
918,3,463
918,4,296
919,0,567
919,1,567
919,2,544
919,3,910
919,4,567
920,0,34
920,1,33
920,2,34
920,3,34
920,4,33
921,0,248
921,1,248
921,2,250
921,3,248
921,4,248
922,0,762
922,1,762
922,2,762
922,3,415
922,4,762
923,0,785
923,1,785
923,2,784
923,3,845
923,4,784
924,0,652
924,1,652
924,2,652
924,3,652
924,4,413
925,0,941
925,1,948
925,2,948
925,3,948
925,4,948
926,0,485
926,1,477
926,2,477
926,3,477
926,4,477
927,0,73
927,1,74
927,2,74
927,3,73
927,4,73
928,0,893
928,1,748
928,2,893
928,3,893
928,4,893
929,0,282
929,1,281
929,2,282
929,3,281
929,4,282
930,0,639
930,1,639
930,2,639
930,3,638
930,4,639
931,0,399
931,1,400
931,2,399
931,3,399
931,4,399
932,0,402
932,1,402
932,2,714
932,3,402
932,4,714
933,0,506
933,1,506
933,2,506
933,3,117
933,4,506
934,0,613
934,1,613
934,2,527
934,3,527
934,4,613
935,0,808
935,1,834
935,2,834
935,3,808
935,4,834
936,0,371
936,1,374
936,2,369
936,3,369
936,4,375
937,0,945
937,1,945
937,2,953
937,3,945
937,4,953
938,0,68
938,1,68
938,2,66
938,3,66
938,4,66
939,0,474
939,1,474
939,2,501
939,3,474
939,4,735
940,0,563
940,1,563
940,2,563
940,3,563
940,4,418
941,0,175
941,1,200
941,2,200
941,3,200
941,4,175
942,0,191
942,1,175
942,2,175
942,3,191
942,4,191
943,0,810
943,1,878
943,2,878
943,3,878
943,4,878
944,0,664
944,1,664
944,2,664
944,3,664
944,4,527
945,0,232
945,1,232
945,2,232
945,3,231
945,4,232
946,0,872
946,1,471
946,2,422
946,3,422
946,4,807
947,0,837
947,1,518
947,2,837
947,3,837
947,4,837
948,0,848
948,1,754
948,2,844
948,3,754
948,4,754
949,0,497
949,1,687
949,2,687
949,3,497
949,4,687
950,0,536
950,1,536
950,2,510
950,3,536
950,4,510
951,0,486
951,1,830
951,2,486
951,3,486
951,4,486
952,0,549
952,1,549
952,2,922
952,3,922
952,4,922
953,0,484
953,1,484
953,2,814
953,3,814
953,4,484
954,0,654
954,1,654
954,2,654
954,3,675
954,4,654
955,0,462
955,1,462
955,2,905
955,3,462
955,4,619
956,0,585
956,1,631
956,2,631
956,3,585
956,4,585
957,0,545
957,1,787
957,2,545
957,3,619
957,4,545
958,0,36
958,1,35
958,2,36
958,3,36
958,4,36
959,0,472
959,1,693
959,2,693
959,3,693
959,4,693
960,0,883
960,1,711
960,2,588
960,3,588
960,4,588
961,0,285
961,1,722
961,2,285
961,3,722
961,4,281
962,0,543
962,1,543
962,2,543
962,3,543
962,4,422
963,0,233
963,1,233
963,2,233
963,3,252
963,4,252
964,0,784
964,1,855
964,2,478
964,3,623
964,4,478
965,0,51
965,1,147
965,2,147
965,3,51
965,4,147
966,0,97
966,1,103
966,2,97
966,3,97
966,4,97
967,0,345
967,1,345
967,2,345
967,3,345
967,4,510
968,0,797
968,1,414
968,2,797
968,3,797
968,4,414
969,0,409
969,1,612
969,2,603
969,3,409
969,4,860
970,0,99
970,1,99
970,2,99
970,3,137
970,4,137
971,0,716
971,1,912
971,2,912
971,3,912
971,4,912
972,0,8
972,1,730
972,2,428
972,3,8
972,4,730
973,0,194
973,1,204
973,2,194
973,3,194
973,4,194
974,0,66
974,1,68
974,2,66
974,3,66
974,4,66
975,0,605
975,1,605
975,2,605
975,3,767
975,4,784
976,0,746
976,1,686
976,2,737
976,3,686
976,4,455
977,0,278
977,1,279
977,2,278
977,3,278
977,4,279
978,0,58
978,1,441
978,2,53
978,3,58
978,4,52
979,0,669
979,1,564
979,2,564
979,3,564
979,4,564
980,0,606
980,1,639
980,2,639
980,3,747
980,4,639
981,0,99
981,1,137
981,2,99
981,3,99
981,4,99
982,0,491
982,1,798
982,2,798
982,3,769
982,4,798
983,0,499
983,1,499
983,2,778
983,3,772
983,4,499
984,0,597
984,1,515
984,2,597
984,3,514
984,4,597
985,0,925
985,1,809
985,2,809
985,3,809
985,4,809
986,0,796
986,1,808
986,2,643
986,3,643
986,4,643
987,0,737
987,1,441
987,2,441
987,3,737
987,4,441
988,0,406
988,1,884
988,2,406
988,3,497
988,4,884
989,0,639
989,1,639
989,2,639
989,3,638
989,4,638
990,0,447
990,1,447
990,2,632
990,3,633
990,4,633
991,0,960
991,1,504
991,2,572
991,3,504
991,4,572
992,0,417
992,1,616
992,2,616
992,3,616
992,4,417
993,0,440
993,1,898
993,2,898
993,3,440
993,4,898
994,0,800
994,1,552
994,2,552
994,3,552
994,4,552
995,0,658
995,1,658
995,2,496
995,3,957
995,4,658
996,0,73
996,1,74
996,2,74
996,3,73
996,4,75
997,0,923
997,1,923
997,2,923
997,3,960
997,4,960
998,0,813
998,1,433
998,2,998
998,3,998
998,4,998
999,0,463
999,1,463
999,2,412
999,3,588
999,4,463
1000,0,202
1000,1,194
1000,2,192
1000,3,194
1000,4,184
1001,0,979
1001,1,970
1001,2,970
1001,3,970
1001,4,970
1002,0,189
1002,1,189
1002,2,191
1002,3,267
1002,4,189
1003,0,208
1003,1,227
1003,2,208
1003,3,227
1003,4,273
1004,0,383
1004,1,384
1004,2,384
1004,3,384
1004,4,383
1005,0,909
1005,1,909
1005,2,937
1005,3,909
1005,4,809
1006,0,848
1006,1,848
1006,2,754
1006,3,848
1006,4,754
1007,0,435
1007,1,876
1007,2,435
1007,3,435
1007,4,435
1008,0,711
1008,1,572
1008,2,572
1008,3,711
1008,4,572
1009,0,665
1009,1,665
1009,2,665
1009,3,670
1009,4,670
1010,0,204
1010,1,204
1010,2,204
1010,3,204
1010,4,153
1011,0,184
1011,1,226
1011,2,184
1011,3,226
1011,4,226
1012,0,465
1012,1,414
1012,2,414
1012,3,465
1012,4,414
1013,0,489
1013,1,488
1013,2,488
1013,3,489
1013,4,488
1014,0,987
1014,1,998
1014,2,998
1014,3,987
1014,4,998
1015,0,824
1015,1,474
1015,2,824
1015,3,474
1015,4,824
1016,0,526
1016,1,492
1016,2,492
1016,3,492
1016,4,553
1017,0,499
1017,1,499
1017,2,499
1017,3,610
1017,4,499
1018,0,465
1018,1,465
1018,2,465
1018,3,630
1018,4,413
1019,0,898
1019,1,569
1019,2,898
1019,3,898
1019,4,671
1020,0,706
1020,1,706
1020,2,970
1020,3,970
1020,4,706
1021,0,774
1021,1,539
1021,2,774
1021,3,774
1021,4,774
1022,0,962
1022,1,943
1022,2,963
1022,3,948
1022,4,963
1023,0,531
1023,1,464
1023,2,531
1023,3,531
1023,4,531
1024,0,86
1024,1,86
1024,2,82
1024,3,86
1024,4,86
1025,0,468
1025,1,468
1025,2,656
1025,3,656
1025,4,656
1026,0,818
1026,1,818
1026,2,662
1026,3,424
1026,4,632
1027,0,894
1027,1,894
1027,2,894
1027,3,799
1027,4,894
1028,0,46
1028,1,46
1028,2,40
1028,3,46
1028,4,46
1029,0,166
1029,1,162
1029,2,161
1029,3,166
1029,4,166
1030,0,232
1030,1,257
1030,2,257
1030,3,233
1030,4,257
1031,0,499
1031,1,596
1031,2,596
1031,3,477
1031,4,596
1032,0,497
1032,1,663
1032,2,497
1032,3,698
1032,4,497
1033,0,492
1033,1,492
1033,2,630
1033,3,492
1033,4,630
1034,0,413
1034,1,652
1034,2,652
1034,3,413
1034,4,413
1035,0,595
1035,1,866
1035,2,866
1035,3,595
1035,4,866
1036,0,514
1036,1,514
1036,2,788
1036,3,514
1036,4,788
1037,0,664
1037,1,782
1037,2,782
1037,3,782
1037,4,782
1038,0,559
1038,1,559
1038,2,559
1038,3,559
1038,4,706
1039,0,629
1039,1,432
1039,2,845
1039,3,432
1039,4,845
1040,0,421
1040,1,421
1040,2,877
1040,3,421
1040,4,877
1041,0,780
1041,1,628
1041,2,628
1041,3,628
1041,4,628
1042,0,744
1042,1,657
1042,2,744
1042,3,744
1042,4,657
1043,0,664
1043,1,782
1043,2,782
1043,3,664
1043,4,851
1044,0,348
1044,1,349
1044,2,348
1044,3,348
1044,4,348
1045,0,987
1045,1,588
1045,2,828
1045,3,588
1045,4,285
1046,0,996
1046,1,930
1046,2,996
1046,3,996
1046,4,947
1047,0,485
1047,1,485
1047,2,485
1047,3,754
1047,4,754
1048,0,385
1048,1,385
1048,2,385
1048,3,385
1048,4,101
1049,0,737
1049,1,969
1049,2,960
1049,3,692
1049,4,960
1050,0,960
1050,1,910
1050,2,910
1050,3,960
1050,4,960
1051,0,810
1051,1,878
1051,2,878
1051,3,878
1051,4,878
1052,0,750
1052,1,750
1052,2,797
1052,3,750
1052,4,797
1053,0,732
1053,1,732
1053,2,759
1053,3,732
1053,4,732
1054,0,643
1054,1,643
1054,2,643
1054,3,837
1054,4,643
1055,0,42
1055,1,47
1055,2,38
1055,3,47
1055,4,38
1056,0,818
1056,1,818
1056,2,819
1056,3,819
1056,4,818
1057,0,806
1057,1,806
1057,2,630
1057,3,630
1057,4,806
1058,0,460
1058,1,460
1058,2,437
1058,3,460
1058,4,460
1059,0,817
1059,1,575
1059,2,575
1059,3,817
1059,4,575
1060,0,500
1060,1,609
1060,2,609
1060,3,609
1060,4,609
1061,0,523
1061,1,882
1061,2,882
1061,3,559
1061,4,882
1062,0,795
1062,1,832
1062,2,796
1062,3,822
1062,4,465
1063,0,728
1063,1,728
1063,2,728
1063,3,728
1063,4,281
1064,0,821
1064,1,888
1064,2,888
1064,3,888
1064,4,888
1065,0,524
1065,1,524
1065,2,524
1065,3,461
1065,4,524
1066,0,432
1066,1,432
1066,2,594
1066,3,470
1066,4,594
1067,0,515
1067,1,808
1067,2,808
1067,3,515
1067,4,808
1068,0,192
1068,1,187
1068,2,187
1068,3,192
1068,4,187
1069,0,934
1069,1,933
1069,2,934
1069,3,933
1069,4,934
1070,0,792
1070,1,803
1070,2,803
1070,3,803
1070,4,803
1071,0,929
1071,1,929
1071,2,929
1071,3,929
1071,4,610
1072,0,264
1072,1,264
1072,2,263
1072,3,264
1072,4,263
1073,0,415
1073,1,931
1073,2,916
1073,3,415
1073,4,415
1074,0,903
1074,1,735
1074,2,841
1074,3,841
1074,4,903
1075,0,718
1075,1,718
1075,2,536
1075,3,718
1075,4,976
1076,0,335
1076,1,384
1076,2,377
1076,3,374
1076,4,335
1077,0,233
1077,1,200
1077,2,200
1077,3,200
1077,4,200
1078,0,186
1078,1,151
1078,2,186
1078,3,186
1078,4,151
1079,0,828
1079,1,618
1079,2,828
1079,3,828
1079,4,618
1080,0,828
1080,1,828
1080,2,584
1080,3,828
1080,4,584
1081,0,537
1081,1,248
1081,2,248
1081,3,537
1081,4,537
1082,0,40
1082,1,46
1082,2,46
1082,3,40
1082,4,46
1083,0,502
1083,1,608
1083,2,608
1083,3,608
1083,4,608
1084,0,718
1084,1,718
1084,2,821
1084,3,718
1084,4,718
1085,0,182
1085,1,185
1085,2,184
1085,3,182
1085,4,182
1086,0,264
1086,1,264
1086,2,263
1086,3,264
1086,4,263
1087,0,753
1087,1,731
1087,2,753
1087,3,753
1087,4,811
1088,0,169
1088,1,176
1088,2,176
1088,3,169
1088,4,176
1089,0,910
1089,1,910
1089,2,567
1089,3,910
1089,4,910
1090,0,385
1090,1,385
1090,2,101
1090,3,385
1090,4,385
1091,0,729
1091,1,729
1091,2,495
1091,3,729
1091,4,729
1092,0,515
1092,1,515
1092,2,515
1092,3,515
1092,4,808
1093,0,838
1093,1,773
1093,2,551
1093,3,838
1093,4,551
1094,0,424
1094,1,415
1094,2,454
1094,3,415
1094,4,454
1095,0,984
1095,1,301
1095,2,984
1095,3,984
1095,4,984
1096,0,658
1096,1,893
1096,2,883
1096,3,883
1096,4,883
1097,0,826
1097,1,590
1097,2,530
1097,3,761
1097,4,761
1098,0,652
1098,1,652
1098,2,465
1098,3,652
1098,4,652
1099,0,813
1099,1,618
1099,2,618
1099,3,762
1099,4,618
1100,0,823
1100,1,681
1100,2,681
1100,3,508
1100,4,681
1101,0,124
1101,1,121
1101,2,124
1101,3,121
1101,4,124
1102,0,993
1102,1,996
1102,2,947
1102,3,993
1102,4,996
1103,0,709
1103,1,584
1103,2,584
1103,3,584
1103,4,584
1104,0,370
1104,1,371
1104,2,370
1104,3,370
1104,4,370
1105,0,724
1105,1,780
1105,2,724
1105,3,724
1105,4,780
1106,0,277
1106,1,278
1106,2,277
1106,3,277
1106,4,277
1107,0,677
1107,1,600
1107,2,600
1107,3,473
1107,4,600
1108,0,659
1108,1,725
1108,2,899
1108,3,504
1108,4,901
1109,0,534
1109,1,534
1109,2,534
1109,3,534
1109,4,545
1110,0,967
1110,1,809
1110,2,910
1110,3,969
1110,4,809
1111,0,700
1111,1,999
1111,2,999
1111,3,999
1111,4,999
1112,0,440
1112,1,969
1112,2,969
1112,3,440
1112,4,907
1113,0,868
1113,1,868
1113,2,930
1113,3,868
1113,4,868
1114,0,423
1114,1,423
1114,2,608
1114,3,423
1114,4,423
1115,0,262
1115,1,262
1115,2,252
1115,3,262
1115,4,262
1116,0,403
1116,1,403
1116,2,403
1116,3,471
1116,4,403
1117,0,2
1117,1,2
1117,2,4
1117,3,2
1117,4,2
1118,0,504
1118,1,827
1118,2,504
1118,3,504
1118,4,504
1119,0,541
1119,1,824
1119,2,461
1119,3,456
1119,4,887
1120,0,330
1120,1,330
1120,2,331
1120,3,330
1120,4,330
1121,0,921
1121,1,921
1121,2,585
1121,3,921
1121,4,585
1122,0,158
1122,1,158
1122,2,237
1122,3,237
1122,4,158
1123,0,639
1123,1,842
1123,2,842
1123,3,842
1123,4,842
1124,0,431
1124,1,431
1124,2,750
1124,3,431
1124,4,431
1125,0,887
1125,1,787
1125,2,887
1125,3,887
1125,4,887
1126,0,732
1126,1,732
1126,2,759
1126,3,732
1126,4,759
1127,0,505
1127,1,505
1127,2,868
1127,3,505
1127,4,868
1128,0,62
1128,1,61
1128,2,62
1128,3,62
1128,4,62
1129,0,609
1129,1,803
1129,2,847
1129,3,609
1129,4,408
1130,0,700
1130,1,700
1130,2,999
1130,3,700
1130,4,700
1131,0,421
1131,1,2
1131,2,2
1131,3,693
1131,4,833
1132,0,385
1132,1,101
1132,2,101
1132,3,385
1132,4,385
1133,0,265
1133,1,265
1133,2,266
1133,3,265
1133,4,265
1134,0,348
1134,1,349
1134,2,348
1134,3,348
1134,4,348
1135,0,848
1135,1,848
1135,2,482
1135,3,848
1135,4,848
1136,0,66
1136,1,68
1136,2,66
1136,3,66
1136,4,68
1137,0,66
1137,1,68
1137,2,68
1137,3,68
1137,4,68
1138,0,542
1138,1,541
1138,2,541
1138,3,542
1138,4,541
1139,0,56
1139,1,56
1139,2,65
1139,3,56
1139,4,65
1140,0,603
1140,1,603
1140,2,958
1140,3,603
1140,4,603
1141,0,748
1141,1,748
1141,2,893
1141,3,748
1141,4,893
1142,0,588
1142,1,588
1142,2,588
1142,3,827
1142,4,790
1143,0,722
1143,1,722
1143,2,720
1143,3,720
1143,4,720
1144,0,910
1144,1,910
1144,2,910
1144,3,541
1144,4,910
1145,0,685
1145,1,685
1145,2,685
1145,3,409
1145,4,817
1146,0,951
1146,1,951
1146,2,951
1146,3,950
1146,4,951
1147,0,381
1147,1,379
1147,2,379
1147,3,365
1147,4,381
1148,0,14
1148,1,14
1148,2,12
1148,3,14
1148,4,14
1149,0,898
1149,1,898
1149,2,1
1149,3,898
1149,4,1
1150,0,241
1150,1,241
1150,2,240
1150,3,241
1150,4,240
1151,0,537
1151,1,249
1151,2,249
1151,3,249
1151,4,537
1152,0,834
1152,1,869
1152,2,869
1152,3,834
1152,4,869
1153,0,421
1153,1,579
1153,2,736
1153,3,579
1153,4,736
1154,0,267
1154,1,266
1154,2,153
1154,3,265
1154,4,265
1155,0,754
1155,1,485
1155,2,754
1155,3,754
1155,4,754
1156,0,429
1156,1,747
1156,2,502
1156,3,636
1156,4,747
1157,0,487
1157,1,487
1157,2,487
1157,3,610
1157,4,487
1158,0,630
1158,1,703
1158,2,630
1158,3,630
1158,4,630
1159,0,692
1159,1,515
1159,2,515
1159,3,700
1159,4,515
1160,0,291
1160,1,291
1160,2,737
1160,3,291
1160,4,704
1161,0,222
1161,1,222
1161,2,222
1161,3,240
1161,4,222
1162,0,757
1162,1,757
1162,2,757
1162,3,757
1162,4,779
1163,0,540
1163,1,821
1163,2,540
1163,3,540
1163,4,807
1164,0,418
1164,1,605
1164,2,592
1164,3,593
1164,4,600
1165,0,459
1165,1,459
1165,2,459
1165,3,445
1165,4,459
1166,0,764
1166,1,413
1166,2,413
1166,3,764
1166,4,413
1167,0,657
1167,1,744
1167,2,657
1167,3,657
1167,4,657
1168,0,869
1168,1,618
1168,2,568
1168,3,522
1168,4,618
1169,0,423
1169,1,424
1169,2,424
1169,3,424
1169,4,423
1170,0,487
1170,1,731
1170,2,731
1170,3,934
1170,4,731
1171,0,541
1171,1,541
1171,2,541
1171,3,559
1171,4,541
1172,0,137
1172,1,137
1172,2,136
1172,3,137
1172,4,136
1173,0,539
1173,1,905
1173,2,905
1173,3,799
1173,4,905
1174,0,359
1174,1,358
1174,2,358
1174,3,358
1174,4,358
1175,0,463
1175,1,463
1175,2,412
1175,3,818
1175,4,441
1176,0,215
1176,1,273
1176,2,257
1176,3,166
1176,4,257
1177,0,742
1177,1,742
1177,2,713
1177,3,742
1177,4,742
1178,0,465
1178,1,465
1178,2,465
1178,3,465
1178,4,570
1179,0,495
1179,1,648
1179,2,495
1179,3,495
1179,4,495
1180,0,538
1180,1,538
1180,2,668
1180,3,538
1180,4,668
1181,0,28
1181,1,28
1181,2,28
1181,3,28
1181,4,26
1182,0,850
1182,1,855
1182,2,855
1182,3,855
1182,4,855
1183,0,570
1183,1,983
1183,2,983
1183,3,463
1183,4,983
1184,0,479
1184,1,428
1184,2,428
1184,3,428
1184,4,428
1185,0,374
1185,1,374
1185,2,371
1185,3,371
1185,4,374
1186,0,637
1186,1,637
1186,2,637
1186,3,919
1186,4,637
1187,0,118
1187,1,499
1187,2,499
1187,3,118
1187,4,118
1188,0,40
1188,1,46
1188,2,46
1188,3,40
1188,4,42
1189,0,478
1189,1,448
1189,2,492
1189,3,478
1189,4,478
1190,0,221
1190,1,206
1190,2,206
1190,3,221
1190,4,206
1191,0,592
1191,1,605
1191,2,681
1191,3,681
1191,4,681
1192,0,931
1192,1,923
1192,2,923
1192,3,930
1192,4,923
1193,0,515
1193,1,515
1193,2,515
1193,3,808
1193,4,596
1194,0,596
1194,1,596
1194,2,677
1194,3,596
1194,4,596
1195,0,735
1195,1,824
1195,2,824
1195,3,735
1195,4,824
1196,0,973
1196,1,973
1196,2,973
1196,3,65
1196,4,973
1197,0,862
1197,1,862
1197,2,862
1197,3,980
1197,4,862
1198,0,813
1198,1,623
1198,2,505
1198,3,813
1198,4,813
1199,0,302
1199,1,305
1199,2,302
1199,3,302
1199,4,305
1200,0,793
1200,1,846
1200,2,793
1200,3,750
1200,4,846
1201,0,754
1201,1,662
1201,2,662
1201,3,754
1201,4,662
1202,0,835
1202,1,919
1202,2,835
1202,3,835
1202,4,835
1203,0,501
1203,1,568
1203,2,568
1203,3,501
1203,4,568
1204,0,511
1204,1,817
1204,2,817
1204,3,817
1204,4,479
1205,0,904
1205,1,904
1205,2,599
1205,3,904
1205,4,904
1206,0,836
1206,1,836
1206,2,836
1206,3,475
1206,4,836
1207,0,186
1207,1,192
1207,2,186
1207,3,186
1207,4,186
1208,0,681
1208,1,681
1208,2,810
1208,3,620
1208,4,810
1209,0,639
1209,1,639
1209,2,639
1209,3,638
1209,4,639
1210,0,167
1210,1,167
1210,2,166
1210,3,167
1210,4,167
1211,0,725
1211,1,725
1211,2,725
1211,3,883
1211,4,883
1212,0,845
1212,1,438
1212,2,845
1212,3,845
1212,4,441
1213,0,691
1213,1,570
1213,2,691
1213,3,691
1213,4,691
1214,0,960
1214,1,960
1214,2,967
1214,3,960
1214,4,967
1215,0,750
1215,1,750
1215,2,283
1215,3,283
1215,4,283
1216,0,638
1216,1,639
1216,2,639
1216,3,638
1216,4,639
1217,0,511
1217,1,817
1217,2,817
1217,3,511
1217,4,511
1218,0,690
1218,1,690
1218,2,345
1218,3,690
1218,4,345
1219,0,926
1219,1,469
1219,2,926
1219,3,926
1219,4,926
1220,0,329
1220,1,119
1220,2,125
1220,3,119
1220,4,126
1221,0,717
1221,1,675
1221,2,581
1221,3,581
1221,4,867
1222,0,708
1222,1,708
1222,2,708
1222,3,708
1222,4,646
1223,0,493
1223,1,492
1223,2,493
1223,3,493
1223,4,493
1224,0,773
1224,1,478
1224,2,855
1224,3,968
1224,4,502
1225,0,766
1225,1,859
1225,2,859
1225,3,859
1225,4,859
1226,0,482
1226,1,848
1226,2,482
1226,3,848
1226,4,848
1227,0,440
1227,1,440
1227,2,722
1227,3,440
1227,4,440
1228,0,772
1228,1,772
1228,2,600
1228,3,600
1228,4,772
1229,0,73
1229,1,73
1229,2,73
1229,3,310
1229,4,77
1230,0,157
1230,1,157
1230,2,157
1230,3,157
1230,4,151
1231,0,911
1231,1,658
1231,2,452
1231,3,452
1231,4,452
1232,0,681
1232,1,681
1232,2,681
1232,3,446
1232,4,592
1233,0,420
1233,1,420
1233,2,420
1233,3,420
1233,4,546
1234,0,582
1234,1,582
1234,2,488
1234,3,582
1234,4,679
1235,0,909
1235,1,926
1235,2,926
1235,3,909
1235,4,926
1236,0,538
1236,1,538
1236,2,538
1236,3,884
1236,4,884
1237,0,42
1237,1,42
1237,2,42
1237,3,44
1237,4,46
1238,0,202
1238,1,202
1238,2,184
1238,3,202
1238,4,202
1239,0,478
1239,1,478
1239,2,882
1239,3,478
1239,4,478
1240,0,286
1240,1,292
1240,2,292
1240,3,292
1240,4,292
1241,0,520
1241,1,520
1241,2,750
1241,3,750
1241,4,750
1242,0,895
1242,1,895
1242,2,895
1242,3,908
1242,4,895
1243,0,483
1243,1,483
1243,2,825
1243,3,483
1243,4,483
1244,0,421
1244,1,421
1244,2,905
1244,3,506
1244,4,421
1245,0,735
1245,1,735
1245,2,752
1245,3,545
1245,4,752
1246,0,484
1246,1,484
1246,2,871
1246,3,871
1246,4,871
1247,0,196
1247,1,199
1247,2,196
1247,3,196
1247,4,196
1248,0,40
1248,1,943
1248,2,943
1248,3,46
1248,4,716
1249,0,46
1249,1,44
1249,2,44
1249,3,46
1249,4,44
1250,0,681
1250,1,655
1250,2,703
1250,3,638
1250,4,703
1251,0,56
1251,1,60
1251,2,60
1251,3,54
1251,4,60
1252,0,809
1252,1,809
1252,2,809
1252,3,809
1252,4,868
1253,0,478
1253,1,478
1253,2,643
1253,3,478
1253,4,643
1254,0,240
1254,1,241
1254,2,240
1254,3,240
1254,4,240
1255,0,464
1255,1,464
1255,2,464
1255,3,710
1255,4,464
1256,0,664
1256,1,851
1256,2,851
1256,3,664
1256,4,851
1257,0,226
1257,1,197
1257,2,226
1257,3,226
1257,4,226
1258,0,7
1258,1,8
1258,2,7
1258,3,8
1258,4,7
1259,0,530
1259,1,778
1259,2,778
1259,3,778
1259,4,778
1260,0,505
1260,1,505
1260,2,503
1260,3,503
1260,4,503
1261,0,189
1261,1,189
1261,2,189
1261,3,188
1261,4,188
1262,0,756
1262,1,412
1262,2,427
1262,3,412
1262,4,463
1263,0,442
1263,1,449
1263,2,497
1263,3,449
1263,4,497
1264,0,692
1264,1,519
1264,2,519
1264,3,692
1264,4,478
1265,0,659
1265,1,659
1265,2,534
1265,3,729
1265,4,729
1266,0,925
1266,1,925
1266,2,925
1266,3,925
1266,4,987
1267,0,217
1267,1,212
1267,2,212
1267,3,212
1267,4,212
1268,0,926
1268,1,926
1268,2,809
1268,3,926
1268,4,926
1269,0,285
1269,1,285
1269,2,282
1269,3,282
1269,4,281
1270,0,383
1270,1,384
1270,2,384
1270,3,384
1270,4,383
1271,0,615
1271,1,543
1271,2,615
1271,3,597
1271,4,615
1272,0,447
1272,1,447
1272,2,447
1272,3,650
1272,4,447
1273,0,198
1273,1,196
1273,2,196
1273,3,198
1273,4,196
1274,0,413
1274,1,413
1274,2,764
1274,3,764
1274,4,764
1275,0,713
1275,1,713
1275,2,742
1275,3,713
1275,4,713
1276,0,848
1276,1,482
1276,2,482
1276,3,848
1276,4,848
1277,0,847
1277,1,408
1277,2,408
1277,3,408
1277,4,408
1278,0,266
1278,1,266
1278,2,266
1278,3,265
1278,4,267
1279,0,741
1279,1,741
1279,2,911
1279,3,741
1279,4,741
1280,0,721
1280,1,885
1280,2,885
1280,3,584
1280,4,885
1281,0,709
1281,1,748
1281,2,748
1281,3,748
1281,4,748
1282,0,756
1282,1,756
1282,2,756
1282,3,660
1282,4,756
1283,0,662
1283,1,754
1283,2,754
1283,3,754
1283,4,754
1284,0,418
1284,1,418
1284,2,563
1284,3,563
1284,4,418
1285,0,838
1285,1,838
1285,2,631
1285,3,838
1285,4,631
1286,0,62
1286,1,54
1286,2,54
1286,3,62
1286,4,54
1287,0,404
1287,1,908
1287,2,908
1287,3,908
1287,4,908
1288,0,238
1288,1,264
1288,2,238
1288,3,238
1288,4,240
1289,0,977
1289,1,525
1289,2,525
1289,3,525
1289,4,525
1290,0,6
1290,1,6
1290,2,6
1290,3,6
1290,4,5
1291,0,164
1291,1,164
1291,2,166
1291,3,166
1291,4,164
1292,0,585
1292,1,585
1292,2,585
1292,3,585
1292,4,631
1293,0,954
1293,1,950
1293,2,950
1293,3,950
1293,4,954
1294,0,516
1294,1,516
1294,2,669
1294,3,516
1294,4,516
1295,0,782
1295,1,480
1295,2,782
1295,3,480
1295,4,664
1296,0,58
1296,1,395
1296,2,395
1296,3,390
1296,4,395
1297,0,800
1297,1,441
1297,2,441
1297,3,503
1297,4,647
1298,0,650
1298,1,650
1298,2,819
1298,3,819
1298,4,401
1299,0,751
1299,1,573
1299,2,573
1299,3,573
1299,4,573
1300,0,127
1300,1,442
1300,2,858
1300,3,858
1300,4,858
1301,0,206
1301,1,206
1301,2,221
1301,3,206
1301,4,220
1302,0,232
1302,1,232
1302,2,232
1302,3,227
1302,4,232
1303,0,977
1303,1,978
1303,2,978
1303,3,977
1303,4,978
1304,0,468
1304,1,436
1304,2,436
1304,3,627
1304,4,627
1305,0,872
1305,1,447
1305,2,872
1305,3,872
1305,4,447
1306,0,806
1306,1,419
1306,2,806
1306,3,419
1306,4,530
1307,0,427
1307,1,427
1307,2,463
1307,3,427
1307,4,463
1308,0,270
1308,1,270
1308,2,270
1308,3,248
1308,4,270
1309,0,474
1309,1,474
1309,2,474
1309,3,474
1309,4,911
1310,0,892
1310,1,787
1310,2,787
1310,3,892
1310,4,787
1311,0,910
1311,1,910
1311,2,828
1311,3,828
1311,4,828
1312,0,371
1312,1,373
1312,2,373
1312,3,371
1312,4,373
1313,0,605
1313,1,285
1313,2,285
1313,3,285
1313,4,605
1314,0,523
1314,1,523
1314,2,523
1314,3,610
1314,4,523
1315,0,923
1315,1,923
1315,2,923
1315,3,868
1315,4,923
1316,0,819
1316,1,546
1316,2,819
1316,3,819
1316,4,819
1317,0,329
1317,1,110
1317,2,329
1317,3,329
1317,4,110
1318,0,907
1318,1,470
1318,2,907
1318,3,907
1318,4,907
1319,0,709
1319,1,418
1319,2,767
1319,3,767
1319,4,418
1320,0,383
1320,1,384
1320,2,383
1320,3,383
1320,4,383
1321,0,899
1321,1,725
1321,2,901
1321,3,899
1321,4,901
1322,0,639
1322,1,639
1322,2,639
1322,3,638
1322,4,639
1323,0,655
1323,1,459
1323,2,459
1323,3,459
1323,4,459
1324,0,830
1324,1,830
1324,2,830
1324,3,830
1324,4,518
1325,0,437
1325,1,975
1325,2,437
1325,3,672
1325,4,437
1326,0,625
1326,1,814
1326,2,625
1326,3,625
1326,4,625
1327,0,205
1327,1,205
1327,2,234
1327,3,234
1327,4,205
1328,0,754
1328,1,487
1328,2,754
1328,3,754
1328,4,754
1329,0,414
1329,1,414
1329,2,636
1329,3,414
1329,4,748
1330,0,389
1330,1,391
1330,2,395
1330,3,389
1330,4,389
1331,0,784
1331,1,771
1331,2,553
1331,3,412
1331,4,632
1332,0,21
1332,1,912
1332,2,21
1332,3,21
1332,4,21
1333,0,513
1333,1,513
1333,2,513
1333,3,875
1333,4,875
1334,0,837
1334,1,836
1334,2,869
1334,3,837
1334,4,869
1335,0,768
1335,1,768
1335,2,768
1335,3,414
1335,4,768
1336,0,440
1336,1,737
1336,2,455
1336,3,737
1336,4,455
1337,0,431
1337,1,431
1337,2,431
1337,3,516
1337,4,431
1338,0,359
1338,1,359
1338,2,358
1338,3,358
1338,4,358
1339,0,772
1339,1,772
1339,2,464
1339,3,772
1339,4,772
1340,0,782
1340,1,851
1340,2,664
1340,3,782
1340,4,851
1341,0,469
1341,1,544
1341,2,469
1341,3,469
1341,4,828
1342,0,718
1342,1,718
1342,2,821
1342,3,718
1342,4,821
1343,0,635
1343,1,635
1343,2,409
1343,3,635
1343,4,635
1344,0,725
1344,1,725
1344,2,505
1344,3,899
1344,4,899
1345,0,683
1345,1,875
1345,2,566
1345,3,875
1345,4,566
1346,0,638
1346,1,639
1346,2,638
1346,3,638
1346,4,639
1347,0,118
1347,1,124
1347,2,124
1347,3,124
1347,4,124
1348,0,41
1348,1,44
1348,2,44
1348,3,44
1348,4,44
1349,0,265
1349,1,265
1349,2,187
1349,3,265
1349,4,187
1350,0,664
1350,1,664
1350,2,742
1350,3,664
1350,4,782
1351,0,943
1351,1,938
1351,2,943
1351,3,943
1351,4,943
1352,0,416
1352,1,602
1352,2,416
1352,3,416
1352,4,416
1353,0,454
1353,1,624
1353,2,624
1353,3,624
1353,4,624
1354,0,737
1354,1,899
1354,2,440
1354,3,883
1354,4,907
1355,0,226
1355,1,226
1355,2,175
1355,3,226
1355,4,226
1356,0,561
1356,1,595
1356,2,807
1356,3,561
1356,4,807
1357,0,350
1357,1,972
1357,2,972
1357,3,972
1357,4,972
1358,0,538
1358,1,668
1358,2,538
1358,3,727
1358,4,538
1359,0,197
1359,1,233
1359,2,233
1359,3,233
1359,4,233
1360,0,249
1360,1,249
1360,2,248
1360,3,250
1360,4,248
1361,0,505
1361,1,969
1361,2,948
1361,3,948
1361,4,948
1362,0,113
1362,1,113
1362,2,113
1362,3,114
1362,4,113
1363,0,905
1363,1,831
1363,2,831
1363,3,905
1363,4,831
1364,0,330
1364,1,852
1364,2,852
1364,3,330
1364,4,852
1365,0,453
1365,1,453
1365,2,453
1365,3,894
1365,4,453
1366,0,631
1366,1,631
1366,2,585
1366,3,631
1366,4,585
1367,0,659
1367,1,739
1367,2,521
1367,3,739
1367,4,739
1368,0,74
1368,1,815
1368,2,74
1368,3,74
1368,4,74
1369,0,224
1369,1,224
1369,2,199
1369,3,224
1369,4,205
1370,0,399
1370,1,474
1370,2,841
1370,3,523
1370,4,841
1371,0,690
1371,1,730
1371,2,345
1371,3,345
1371,4,345
1372,0,695
1372,1,695
1372,2,695
1372,3,769
1372,4,769
1373,0,385
1373,1,385
1373,2,101
1373,3,101
1373,4,101
1374,0,997
1374,1,997
1374,2,947
1374,3,997
1374,4,997
1375,0,404
1375,1,404
1375,2,908
1375,3,908
1375,4,908
1376,0,921
1376,1,921
1376,2,692
1376,3,921
1376,4,692
1377,0,598
1377,1,894
1377,2,851
1377,3,851
1377,4,548
1378,0,858
1378,1,806
1378,2,806
1378,3,858
1378,4,806
1379,0,489
1379,1,556
1379,2,489
1379,3,489
1379,4,489
1380,0,731
1380,1,435
1380,2,731
1380,3,774
1380,4,731
1381,0,193
1381,1,193
1381,2,185
1381,3,185
1381,4,201
1382,0,457
1382,1,457
1382,2,462
1382,3,457
1382,4,641
1383,0,478
1383,1,478
1383,2,478
1383,3,478
1383,4,592
1384,0,167
1384,1,166
1384,2,166
1384,3,167
1384,4,166
1385,0,601
1385,1,461
1385,2,689
1385,3,903
1385,4,689
1386,0,356
1386,1,357
1386,2,357
1386,3,356
1386,4,357
1387,0,329
1387,1,65
1387,2,329
1387,3,329
1387,4,65
1388,0,947
1388,1,947
1388,2,109
1388,3,109
1388,4,996
1389,0,413
1389,1,413
1389,2,413
1389,3,413
1389,4,764
1390,0,651
1390,1,732
1390,2,891
1390,3,651
1390,4,859
1391,0,796
1391,1,796
1391,2,658
1391,3,796
1391,4,658
1392,0,917
1392,1,655
1392,2,655
1392,3,655
1392,4,655
1393,0,238
1393,1,241
1393,2,238
1393,3,238
1393,4,238
1394,0,586
1394,1,609
1394,2,609
1394,3,609
1394,4,609
1395,0,987
1395,1,987
1395,2,998
1395,3,987
1395,4,998
1396,0,542
1396,1,623
1396,2,558
1396,3,542
1396,4,558
1397,0,435
1397,1,435
1397,2,434
1397,3,435
1397,4,434
1398,0,361
1398,1,361
1398,2,361
1398,3,361
1398,4,428
1399,0,455
1399,1,741
1399,2,539
1399,3,741
1399,4,611
1400,0,855
1400,1,827
1400,2,827
1400,3,827
1400,4,827
1401,0,677
1401,1,513
1401,2,494
1401,3,677
1401,4,494
1402,0,838
1402,1,838
1402,2,643
1402,3,838
1402,4,643
1403,0,620
1403,1,681
1403,2,620
1403,3,620
1403,4,681
1404,0,753
1404,1,753
1404,2,753
1404,3,753
1404,4,743
1405,0,777
1405,1,726
1405,2,726
1405,3,726
1405,4,726
1406,0,571
1406,1,662
1406,2,844
1406,3,571
1406,4,662
1407,0,6
1407,1,329
1407,2,6
1407,3,6
1407,4,360
1408,0,883
1408,1,618
1408,2,696
1408,3,883
1408,4,883
1409,0,614
1409,1,614
1409,2,697
1409,3,697
1409,4,697
1410,0,756
1410,1,899
1410,2,899
1410,3,756
1410,4,899
1411,0,966
1411,1,907
1411,2,901
1411,3,504
1411,4,901
1412,0,777
1412,1,893
1412,2,777
1412,3,636
1412,4,777
1413,0,433
1413,1,433
1413,2,433
1413,3,501
1413,4,433
1414,0,101
1414,1,101
1414,2,101
1414,3,386
1414,4,101
1415,0,626
1415,1,642
1415,2,642
1415,3,626
1415,4,542
1416,0,930
1416,1,930
1416,2,931
1416,3,930
1416,4,931
1417,0,45
1417,1,56
1417,2,56
1417,3,56
1417,4,56
1418,0,981
1418,1,598
1418,2,598
1418,3,981
1418,4,598
1419,0,345
1419,1,345
1419,2,346
1419,3,345
1419,4,345
1420,0,806
1420,1,806
1420,2,806
1420,3,502
1420,4,806
1421,0,49
1421,1,49
1421,2,49
1421,3,50
1421,4,49
1422,0,659
1422,1,659
1422,2,961
1422,3,961
1422,4,521
1423,0,912
1423,1,703
1423,2,703
1423,3,703
1423,4,703
1424,0,308
1424,1,308
1424,2,308
1424,3,316
1424,4,302
1425,0,534
1425,1,534
1425,2,729
1425,3,534
1425,4,534
1426,0,796
1426,1,797
1426,2,434
1426,3,434
1426,4,434
1427,0,784
1427,1,558
1427,2,784
1427,3,902
1427,4,902
1428,0,52
1428,1,56
1428,2,60
1428,3,53
1428,4,56
1429,0,964
1429,1,964
1429,2,987
1429,3,987
1429,4,567
1430,0,452
1430,1,452
1430,2,658
1430,3,568
1430,4,568
1431,0,337
1431,1,337
1431,2,360
1431,3,360
1431,4,360
1432,0,223
1432,1,813
1432,2,775
1432,3,775
1432,4,775
1433,0,681
1433,1,681
1433,2,681
1433,3,620
1433,4,681
1434,0,931
1434,1,930
1434,2,931
1434,3,930
1434,4,930
1435,0,492
1435,1,726
1435,2,492
1435,3,492
1435,4,492
1436,0,536
1436,1,670
1436,2,536
1436,3,536
1436,4,670
1437,0,579
1437,1,687
1437,2,579
1437,3,579
1437,4,881
1438,0,266
1438,1,266
1438,2,267
1438,3,266
1438,4,266
1439,0,961
1439,1,544
1439,2,544
1439,3,961
1439,4,544
1440,0,752
1440,1,752
1440,2,752
1440,3,852
1440,4,752
1441,0,573
1441,1,865
1441,2,692
1441,3,865
1441,4,692
1442,0,383
1442,1,384
1442,2,384
1442,3,384
1442,4,383
1443,0,213
1443,1,244
1443,2,213
1443,3,244
1443,4,244
1444,0,386
1444,1,385
1444,2,386
1444,3,386
1444,4,386
1445,0,49
1445,1,49
1445,2,50
1445,3,49
1445,4,49
1446,0,335
1446,1,335
1446,2,335
1446,3,359
1446,4,335
1447,0,314
1447,1,126
1447,2,126
1447,3,126
1447,4,126
1448,0,523
1448,1,558
1448,2,869
1448,3,610
1448,4,523
1449,0,195
1449,1,151
1449,2,151
1449,3,151
1449,4,151
1450,0,266
1450,1,266
1450,2,266
1450,3,265
1450,4,265
1451,0,776
1451,1,401
1451,2,401
1451,3,420
1451,4,401
1452,0,581
1452,1,818
1452,2,581
1452,3,818
1452,4,581
1453,0,799
1453,1,799
1453,2,799
1453,3,894
1453,4,894
1454,0,579
1454,1,881
1454,2,881
1454,3,881
1454,4,579
1455,0,485
1455,1,485
1455,2,848
1455,3,848
1455,4,848
1456,0,439
1456,1,439
1456,2,708
1456,3,439
1456,4,439
1457,0,327
1457,1,679
1457,2,327
1457,3,327
1457,4,327
1458,0,501
1458,1,501
1458,2,501
1458,3,523
1458,4,501
1459,0,676
1459,1,676
1459,2,281
1459,3,676
1459,4,676
1460,0,52
1460,1,52
1460,2,110
1460,3,52
1460,4,110
1461,0,301
1461,1,703
1461,2,703
1461,3,677
1461,4,703
1462,0,193
1462,1,193
1462,2,193
1462,3,193
1462,4,192
1463,0,591
1463,1,898
1463,2,898
1463,3,898
1463,4,898
1464,0,648
1464,1,648
1464,2,896
1464,3,896
1464,4,896
1465,0,151
1465,1,158
1465,2,158
1465,3,151
1465,4,158
1466,0,238
1466,1,227
1466,2,207
1466,3,238
1466,4,207
1467,0,409
1467,1,826
1467,2,826
1467,3,826
1467,4,826
1468,0,463
1468,1,659
1468,2,756
1468,3,756
1468,4,427
1469,0,487
1469,1,487
1469,2,590
1469,3,487
1469,4,487
1470,0,696
1470,1,696
1470,2,473
1470,3,696
1470,4,696
1471,0,666
1471,1,455
1471,2,901
1471,3,455
1471,4,901
1472,0,598
1472,1,423
1472,2,423
1472,3,423
1472,4,423
1473,0,162
1473,1,162
1473,2,212
1473,3,247
1473,4,212
1474,0,459
1474,1,610
1474,2,459
1474,3,443
1474,4,459
1475,0,839
1475,1,489
1475,2,489
1475,3,489
1475,4,489
1476,0,857
1476,1,857
1476,2,857
1476,3,406
1476,4,857
1477,0,907
1477,1,907
1477,2,907
1477,3,907
1477,4,966
1478,0,77
1478,1,77
1478,2,77
1478,3,73
1478,4,77
1479,0,650
1479,1,650
1479,2,819
1479,3,650
1479,4,819
1480,0,829
1480,1,829
1480,2,705
1480,3,705
1480,4,829
1481,0,162
1481,1,162
1481,2,162
1481,3,162
1481,4,166
1482,0,484
1482,1,484
1482,2,871
1482,3,484
1482,4,871
1483,0,998
1483,1,987
1483,2,998
1483,3,998
1483,4,987
1484,0,966
1484,1,572
1484,2,572
1484,3,572
1484,4,572
1485,0,393
1485,1,393
1485,2,108
1485,3,393
1485,4,108
1486,0,155
1486,1,155
1486,2,155
1486,3,155
1486,4,154
1487,0,470
1487,1,572
1487,2,470
1487,3,923
1487,4,532
1488,0,500
1488,1,500
1488,2,972
1488,3,972
1488,4,972
1489,0,461
1489,1,461
1489,2,461
1489,3,461
1489,4,524
1490,0,277
1490,1,277
1490,2,277
1490,3,278
1490,4,277
1491,0,485
1491,1,848
1491,2,848
1491,3,485
1491,4,485
1492,0,681
1492,1,681
1492,2,898
1492,3,898
1492,4,898
1493,0,999
1493,1,529
1493,2,529
1493,3,999
1493,4,529
1494,0,348
1494,1,349
1494,2,348
1494,3,348
1494,4,348
1495,0,733
1495,1,557
1495,2,733
1495,3,733
1495,4,733
1496,0,49
1496,1,49
1496,2,49
1496,3,562
1496,4,395
1497,0,478
1497,1,478
1497,2,838
1497,3,478
1497,4,478
1498,0,522
1498,1,491
1498,2,912
1498,3,805
1498,4,716
1499,0,463
1499,1,463
1499,2,756
1499,3,463
1499,4,756
1500,0,706
1500,1,706
1500,2,861
1500,3,861
1500,4,861
1501,0,857
1501,1,857
1501,2,857
1501,3,639
1501,4,857
1502,0,201
1502,1,201
1502,2,187
1502,3,201
1502,4,187
1503,0,322
1503,1,325
1503,2,322
1503,3,322
1503,4,322
1504,0,825
1504,1,825
1504,2,649
1504,3,649
1504,4,649
1505,0,922
1505,1,582
1505,2,922
1505,3,922
1505,4,922
1506,0,507
1506,1,754
1506,2,754
1506,3,754
1506,4,688
1507,0,773
1507,1,773
1507,2,773
1507,3,773
1507,4,720
1508,0,410
1508,1,410
1508,2,410
1508,3,410
1508,4,778
1509,0,787
1509,1,787
1509,2,787
1509,3,787
1509,4,461
1510,0,569
1510,1,450
1510,2,802
1510,3,895
1510,4,450
1511,0,975
1511,1,975
1511,2,970
1511,3,975
1511,4,975
1512,0,566
1512,1,566
1512,2,513
1512,3,566
1512,4,566
1513,0,272
1513,1,272
1513,2,272
1513,3,372
1513,4,272
1514,0,718
1514,1,839
1514,2,839
1514,3,839
1514,4,839
1515,0,683
1515,1,683
1515,2,683
1515,3,683
1515,4,875
1516,0,107
1516,1,107
1516,2,107
1516,3,107
1516,4,712
1517,0,101
1517,1,101
1517,2,386
1517,3,386
1517,4,386
1518,0,846
1518,1,846
1518,2,905
1518,3,905
1518,4,846
1519,0,902
1519,1,777
1519,2,596
1519,3,777
1519,4,902
1520,0,168
1520,1,159
1520,2,159
1520,3,159
1520,4,159
1521,0,975
1521,1,975
1521,2,562
1521,3,562
1521,4,562
1522,0,35
1522,1,36
1522,2,36
1522,3,36
1522,4,35
1523,0,737
1523,1,737
1523,2,969
1523,3,969
1523,4,969
1524,0,204
1524,1,201
1524,2,200
1524,3,204
1524,4,200
1525,0,850
1525,1,106
1525,2,106
1525,3,106
1525,4,106
1526,0,120
1526,1,119
1526,2,120
1526,3,120
1526,4,120
1527,0,562
1527,1,562
1527,2,529
1527,3,529
1527,4,529
1528,0,26
1528,1,29
1528,2,29
1528,3,29
1528,4,29
1529,0,445
1529,1,929
1529,2,838
1529,3,929
1529,4,838
1530,0,64
1530,1,55
1530,2,55
1530,3,64
1530,4,55
1531,0,423
1531,1,424
1531,2,424
1531,3,424
1531,4,424
1532,0,954
1532,1,955
1532,2,428
1532,3,954
1532,4,428
1533,0,33
1533,1,33
1533,2,34
1533,3,34
1533,4,33
1534,0,461
1534,1,524
1534,2,461
1534,3,461
1534,4,524
1535,0,503
1535,1,504
1535,2,504
1535,3,504
1535,4,504
1536,0,744
1536,1,657
1536,2,657
1536,3,744
1536,4,657
1537,0,336
1537,1,336
1537,2,336
1537,3,337
1537,4,336
1538,0,738
1538,1,738
1538,2,949
1538,3,949
1538,4,738
1539,0,435
1539,1,435
1539,2,876
1539,3,435
1539,4,435
1540,0,352
1540,1,353
1540,2,353
1540,3,353
1540,4,353
1541,0,194
1541,1,194
1541,2,194
1541,3,198
1541,4,194
1542,0,657
1542,1,744
1542,2,657
1542,3,744
1542,4,657
1543,0,991
1543,1,991
1543,2,109
1543,3,991
1543,4,109
1544,0,840
1544,1,674
1544,2,674
1544,3,674
1544,4,674
1545,0,741
1545,1,741
1545,2,539
1545,3,539
1545,4,741
1546,0,911
1546,1,911
1546,2,616
1546,3,911
1546,4,911
1547,0,718
1547,1,718
1547,2,718
1547,3,718
1547,4,839
1548,0,493
1548,1,526
1548,2,526
1548,3,526
1548,4,493
1549,0,505
1549,1,505
1549,2,505
1549,3,899
1549,4,899
1550,0,348
1550,1,349
1550,2,348
1550,3,348
1550,4,348
1551,0,599
1551,1,410
1551,2,599
1551,3,599
1551,4,599
1552,0,978
1552,1,340
1552,2,340
1552,3,915
1552,4,340
1553,0,841
1553,1,735
1553,2,841
1553,3,841
1553,4,841
1554,0,201
1554,1,201
1554,2,201
1554,3,187
1554,4,201
1555,0,595
1555,1,866
1555,2,866
1555,3,866
1555,4,866
1556,0,374
1556,1,374
1556,2,371
1556,3,374
1556,4,374
1557,0,584
1557,1,723
1557,2,584
1557,3,584
1557,4,584
1558,0,644
1558,1,644
1558,2,623
1558,3,644
1558,4,623
1559,0,831
1559,1,831
1559,2,831
1559,3,831
1559,4,775
1560,0,477
1560,1,740
1560,2,740
1560,3,740
1560,4,740
1561,0,155
1561,1,155
1561,2,155
1561,3,155
1561,4,187
1562,0,856
1562,1,428
1562,2,428
1562,3,856
1562,4,856
1563,0,526
1563,1,526
1563,2,526
1563,3,559
1563,4,526
1564,0,968
1564,1,968
1564,2,968
1564,3,968
1564,4,504
1565,0,968
1565,1,968
1565,2,968
1565,3,809
1565,4,659
1566,0,4
1566,1,4
1566,2,4
1566,3,4
1566,4,150
1567,0,419
1567,1,478
1567,2,692
1567,3,478
1567,4,692
1568,0,204
1568,1,204
1568,2,200
1568,3,200
1568,4,200
1569,0,824
1569,1,824
1569,2,911
1569,3,911
1569,4,911
1570,0,757
1570,1,757
1570,2,757
1570,3,867
1570,4,757
1571,0,436
1571,1,479
1571,2,436
1571,3,436
1571,4,436
1572,0,515
1572,1,414
1572,2,414
1572,3,414
1572,4,515
1573,0,708
1573,1,708
1573,2,708
1573,3,884
1573,4,663
1574,0,274
1574,1,271
1574,2,271
1574,3,271
1574,4,271
1575,0,907
1575,1,907
1575,2,966
1575,3,907
1575,4,966
1576,0,837
1576,1,836
1576,2,837
1576,3,837
1576,4,837
1577,0,582
1577,1,943
1577,2,582
1577,3,582
1577,4,582
1578,0,200
1578,1,204
1578,2,204
1578,3,200
1578,4,200
1579,0,200
1579,1,200
1579,2,200
1579,3,200
1579,4,202
1580,0,590
1580,1,590
1580,2,590
1580,3,590
1580,4,527
1581,0,249
1581,1,248
1581,2,248
1581,3,249
1581,4,248
1582,0,933
1582,1,933
1582,2,933
1582,3,923
1582,4,931
1583,0,743
1583,1,743
1583,2,743
1583,3,743
1583,4,424
1584,0,518
1584,1,643
1584,2,643
1584,3,691
1584,4,676
1585,0,8
1585,1,84
1585,2,8
1585,3,8
1585,4,84
1586,0,920
1586,1,867
1586,2,867
1586,3,920
1586,4,867
1587,0,545
1587,1,755
1587,2,807
1587,3,545
1587,4,545
1588,0,538
1588,1,668
1588,2,668
1588,3,538
1588,4,668
1589,0,166
1589,1,166
1589,2,167
1589,3,166
1589,4,167
1590,0,950
1590,1,949
1590,2,949
1590,3,949
1590,4,949
1591,0,895
1591,1,908
1591,2,895
1591,3,895
1591,4,895
1592,0,697
1592,1,731
1592,2,697
1592,3,813
1592,4,851
1593,0,856
1593,1,856
1593,2,856
1593,3,856
1593,4,561
1594,0,716
1594,1,716
1594,2,643
1594,3,716
1594,4,716
1595,0,744
1595,1,744
1595,2,744
1595,3,471
1595,4,471
1596,0,349
1596,1,349
1596,2,349
1596,3,348
1596,4,348
1597,0,448
1597,1,646
1597,2,646
1597,3,448
1597,4,646
1598,0,559
1598,1,559
1598,2,559
1598,3,410
1598,4,559
1599,0,433
1599,1,433
1599,2,433
1599,3,445
1599,4,433
1600,0,101
1600,1,385
1600,2,385
1600,3,385
1600,4,385
1601,0,624
1601,1,453
1601,2,453
1601,3,624
1601,4,453
1602,0,409
1602,1,418
1602,2,507
1602,3,826
1602,4,507
1603,0,526
1603,1,553
1603,2,526
1603,3,526
1603,4,526
1604,0,187
1604,1,193
1604,2,193
1604,3,187
1604,4,193
1605,0,495
1605,1,495
1605,2,453
1605,3,495
1605,4,495
1606,0,170
1606,1,170
1606,2,177
1606,3,177
1606,4,177
1607,0,799
1607,1,104
1607,2,89
1607,3,799
1607,4,89
1608,0,763
1608,1,763
1608,2,413
1608,3,763
1608,4,413
1609,0,231
1609,1,230
1609,2,230
1609,3,230
1609,4,230
1610,0,516
1610,1,765
1610,2,765
1610,3,765
1610,4,765
1611,0,478
1611,1,478
1611,2,478
1611,3,549
1611,4,478
1612,0,139
1612,1,140
1612,2,139
1612,3,139
1612,4,139
1613,0,718
1613,1,821
1613,2,821
1613,3,821
1613,4,821
1614,0,813
1614,1,827
1614,2,827
1614,3,827
1614,4,827
1615,0,50
1615,1,49
1615,2,49
1615,3,50
1615,4,49
1616,0,589
1616,1,619
1616,2,415
1616,3,415
1616,4,415
1617,0,725
1617,1,899
1617,2,725
1617,3,725
1617,4,725
1618,0,846
1618,1,846
1618,2,846
1618,3,619
1618,4,619
1619,0,975
1619,1,460
1619,2,460
1619,3,975
1619,4,460
1620,0,831
1620,1,918
1620,2,918
1620,3,761
1620,4,918
1621,0,446
1621,1,446
1621,2,922
1621,3,446
1621,4,922
1622,0,639
1622,1,883
1622,2,773
1622,3,604
1622,4,773
1623,0,655
1623,1,583
1623,2,514
1623,3,655
1623,4,655
1624,0,409
1624,1,860
1624,2,860
1624,3,892
1624,4,860
1625,0,923
1625,1,928
1625,2,923
1625,3,928
1625,4,928
1626,0,245
1626,1,245
1626,2,622
1626,3,245
1626,4,622
1627,0,910
1627,1,809
1627,2,959
1627,3,969
1627,4,809
1628,0,681
1628,1,681
1628,2,662
1628,3,681
1628,4,681
1629,0,412
1629,1,621
1629,2,412
1629,3,621
1629,4,412
1630,0,893
1630,1,893
1630,2,597
1630,3,893
1630,4,748
1631,0,709
1631,1,893
1631,2,893
1631,3,709
1631,4,893
1632,0,469
1632,1,909
1632,2,469
1632,3,909
1632,4,469
1633,0,332
1633,1,331
1633,2,332
1633,3,332
1633,4,330
1634,0,189
1634,1,189
1634,2,184
1634,3,189
1634,4,189
1635,0,248
1635,1,248
1635,2,248
1635,3,248
1635,4,250
1636,0,718
1636,1,839
1636,2,718
1636,3,839
1636,4,718
1637,0,415
1637,1,509
1637,2,509
1637,3,509
1637,4,509
1638,0,464
1638,1,464
1638,2,464
1638,3,893
1638,4,464
1639,0,895
1639,1,908
1639,2,908
1639,3,407
1639,4,908
1640,0,265
1640,1,265
1640,2,266
1640,3,265
1640,4,265
1641,0,598
1641,1,548
1641,2,548
1641,3,632
1641,4,598
1642,0,513
1642,1,776
1642,2,513
1642,3,513
1642,4,776
1643,0,843
1643,1,463
1643,2,463
1643,3,463
1643,4,463
1644,0,226
1644,1,226
1644,2,233
1644,3,226
1644,4,233
1645,0,168
1645,1,159
1645,2,168
1645,3,168
1645,4,168
1646,0,526
1646,1,526
1646,2,664
1646,3,526
1646,4,664
1647,0,731
1647,1,731
1647,2,284
1647,3,731
1647,4,731
1648,0,281
1648,1,281
1648,2,281
1648,3,281
1648,4,282
1649,0,494
1649,1,442
1649,2,494
1649,3,494
1649,4,494
1650,0,80
1650,1,80
1650,2,82
1650,3,83
1650,4,82
1651,0,978
1651,1,978
1651,2,978
1651,3,354
1651,4,978
1652,0,490
1652,1,488
1652,2,490
1652,3,488
1652,4,488
1653,0,752
1653,1,752
1653,2,752
1653,3,752
1653,4,828
1654,0,863
1654,1,863
1654,2,643
1654,3,863
1654,4,643
1655,0,454
1655,1,454
1655,2,860
1655,3,860
1655,4,860
1656,0,62
1656,1,60
1656,2,62
1656,3,62
1656,4,62
1657,0,385
1657,1,101
1657,2,385
1657,3,385
1657,4,385
1658,0,713
1658,1,742
1658,2,742
1658,3,742
1658,4,742
1659,0,386
1659,1,386
1659,2,386
1659,3,386
1659,4,385
1660,0,64
1660,1,55
1660,2,64
1660,3,55
1660,4,55
1661,0,771
1661,1,771
1661,2,507
1661,3,771
1661,4,771
1662,0,448
1662,1,557
1662,2,818
1662,3,448
1662,4,818
1663,0,813
1663,1,813
1663,2,813
1663,3,910
1663,4,813
1664,0,75
1664,1,971
1664,2,73
1664,3,75
1664,4,971
1665,0,32
1665,1,30
1665,2,30
1665,3,30
1665,4,30
1666,0,899
1666,1,899
1666,2,725
1666,3,725
1666,4,725
1667,0,97
1667,1,97
1667,2,99
1667,3,99
1667,4,99
1668,0,525
1668,1,525
1668,2,525
1668,3,977
1668,4,525
1669,0,819
1669,1,819
1669,2,819
1669,3,402
1669,4,819
1670,0,965
1670,1,899
1670,2,470
1670,3,898
1670,4,899
1671,0,879
1671,1,879
1671,2,879
1671,3,412
1671,4,879
1672,0,578
1672,1,794
1672,2,794
1672,3,794
1672,4,794
1673,0,722
1673,1,722
1673,2,736
1673,3,722
1673,4,722
1674,0,380
1674,1,380
1674,2,377
1674,3,377
1674,4,380
1675,0,33
1675,1,33
1675,2,33
1675,3,36
1675,4,33
1676,0,850
1676,1,765
1676,2,850
1676,3,516
1676,4,850
1677,0,901
1677,1,901
1677,2,901
1677,3,725
1677,4,901
1678,0,580
1678,1,706
1678,2,580
1678,3,580
1678,4,580
1679,0,505
1679,1,505
1679,2,505
1679,3,725
1679,4,505
1680,0,266
1680,1,266
1680,2,267
1680,3,266
1680,4,267
1681,0,231
1681,1,231
1681,2,231
1681,3,230
1681,4,231
1682,0,497
1682,1,497
1682,2,663
1682,3,497
1682,4,497
1683,0,545
1683,1,545
1683,2,545
1683,3,545
1683,4,421
1684,0,427
1684,1,460
1684,2,460
1684,3,972
1684,4,618
1685,0,452
1685,1,452
1685,2,452
1685,3,748
1685,4,452
1686,0,813
1686,1,813
1686,2,567
1686,3,813
1686,4,567
1687,0,905
1687,1,905
1687,2,905
1687,3,750
1687,4,905
1688,0,552
1688,1,552
1688,2,552
1688,3,552
1688,4,921
1689,0,759
1689,1,441
1689,2,732
1689,3,419
1689,4,732
1690,0,821
1690,1,839
1690,2,821
1690,3,888
1690,4,888
1691,0,239
1691,1,241
1691,2,239
1691,3,239
1691,4,239
1692,0,416
1692,1,702
1692,2,602
1692,3,602
1692,4,702
1693,0,838
1693,1,838
1693,2,631
1693,3,838
1693,4,631
1694,0,960
1694,1,769
1694,2,696
1694,3,696
1694,4,696
1695,0,156
1695,1,218
1695,2,218
1695,3,218
1695,4,218
1696,0,772
1696,1,772
1696,2,772
1696,3,855
1696,4,772
1697,0,433
1697,1,433
1697,2,842
1697,3,433
1697,4,433
1698,0,662
1698,1,613
1698,2,844
1698,3,613
1698,4,844
1699,0,904
1699,1,319
1699,2,904
1699,3,904
1699,4,904
1700,0,335
1700,1,335
1700,2,917
1700,3,335
1700,4,917
1701,0,659
1701,1,659
1701,2,659
1701,3,809
1701,4,659
1702,0,684
1702,1,684
1702,2,684
1702,3,719
1702,4,684
1703,0,441
1703,1,441
1703,2,441
1703,3,968
1703,4,968
1704,0,922
1704,1,921
1704,2,922
1704,3,922
1704,4,922
1705,0,667
1705,1,678
1705,2,903
1705,3,400
1705,4,903
1706,0,553
1706,1,883
1706,2,493
1706,3,493
1706,4,493
1707,0,894
1707,1,651
1707,2,534
1707,3,894
1707,4,894
1708,0,195
1708,1,195
1708,2,195
1708,3,195
1708,4,805
1709,0,744
1709,1,657
1709,2,657
1709,3,657
1709,4,657
1710,0,631
1710,1,804
1710,2,631
1710,3,804
1710,4,631
1711,0,967
1711,1,960
1711,2,968
1711,3,960
1711,4,967
1712,0,121
1712,1,122
1712,2,122
1712,3,121
1712,4,122
1713,0,680
1713,1,680
1713,2,680
1713,3,845
1713,4,845
1714,0,529
1714,1,562
1714,2,529
1714,3,562
1714,4,562
1715,0,215
1715,1,162
1715,2,164
1715,3,162
1715,4,164
1716,0,608
1716,1,515
1716,2,608
1716,3,608
1716,4,608
1717,0,173
1717,1,173
1717,2,173
1717,3,173
1717,4,176
1718,0,780
1718,1,724
1718,2,460
1718,3,536
1718,4,780
1719,0,673
1719,1,673
1719,2,673
1719,3,622
1719,4,673
1720,0,320
1720,1,319
1720,2,320
1720,3,319
1720,4,320
1721,0,866
1721,1,730
1721,2,866
1721,3,730
1721,4,866
1722,0,352
1722,1,353
1722,2,353
1722,3,352
1722,4,352
1723,0,469
1723,1,469
1723,2,469
1723,3,544
1723,4,469
1724,0,497
1724,1,884
1724,2,497
1724,3,497
1724,4,884
1725,0,961
1725,1,932
1725,2,961
1725,3,961
1725,4,961
1726,0,559
1726,1,559
1726,2,423
1726,3,559
1726,4,559
1727,0,725
1727,1,725
1727,2,849
1727,3,505
1727,4,899
1728,0,975
1728,1,99
1728,2,99
1728,3,99
1728,4,99
1729,0,433
1729,1,433
1729,2,433
1729,3,801
1729,4,433
1730,0,999
1730,1,999
1730,2,700
1730,3,999
1730,4,700
1731,0,796
1731,1,796
1731,2,796
1731,3,747
1731,4,796
1732,0,311
1732,1,311
1732,2,312
1732,3,311
1732,4,311
1733,0,243
1733,1,242
1733,2,242
1733,3,242
1733,4,242
1734,0,154
1734,1,155
1734,2,155
1734,3,154
1734,4,155
1735,0,600
1735,1,730
1735,2,600
1735,3,730
1735,4,600
1736,0,474
1736,1,474
1736,2,474
1736,3,474
1736,4,824
1737,0,916
1737,1,127
1737,2,129
1737,3,144
1737,4,129
1738,0,920
1738,1,818
1738,2,818
1738,3,920
1738,4,920
1739,0,502
1739,1,502
1739,2,630
1739,3,502
1739,4,630
1740,0,749
1740,1,839
1740,2,749
1740,3,839
1740,4,815
1741,0,945
1741,1,945
1741,2,945
1741,3,998
1741,4,945
1742,0,748
1742,1,748
1742,2,748
1742,3,748
1742,4,600
1743,0,488
1743,1,487
1743,2,714
1743,3,761
1743,4,488
1744,0,175
1744,1,182
1744,2,208
1744,3,175
1744,4,208
1745,0,379
1745,1,379
1745,2,379
1745,3,381
1745,4,379
1746,0,151
1746,1,151
1746,2,934
1746,3,151
1746,4,934
1747,0,919
1747,1,612
1747,2,919
1747,3,920
1747,4,770
1748,0,46
1748,1,103
1748,2,103
1748,3,39
1748,4,103
1749,0,413
1749,1,413
1749,2,764
1749,3,413
1749,4,413
1750,0,40
1750,1,40
1750,2,40
1750,3,46
1750,4,40
1751,0,265
1751,1,265
1751,2,200
1751,3,265
1751,4,266
1752,0,218
1752,1,215
1752,2,218
1752,3,215
1752,4,218
1753,0,904
1753,1,905
1753,2,904
1753,3,904
1753,4,904
1754,0,914
1754,1,821
1754,2,914
1754,3,914
1754,4,914
1755,0,327
1755,1,327
1755,2,112
1755,3,112
1755,4,112
1756,0,337
1756,1,360
1756,2,360
1756,3,360
1756,4,360
1757,0,899
1757,1,809
1757,2,967
1757,3,504
1757,4,967
1758,0,914
1758,1,914
1758,2,484
1758,3,914
1758,4,914
1759,0,82
1759,1,81
1759,2,81
1759,3,81
1759,4,81
1760,0,750
1760,1,750
1760,2,750
1760,3,750
1760,4,165
1761,0,848
1761,1,481
1761,2,848
1761,3,848
1761,4,848
1762,0,166
1762,1,162
1762,2,166
1762,3,166
1762,4,166
1763,0,659
1763,1,968
1763,2,932
1763,3,659
1763,4,932
1764,0,263
1764,1,225
1764,2,263
1764,3,263
1764,4,263
1765,0,179
1765,1,243
1765,2,159
1765,3,243
1765,4,159
1766,0,586
1766,1,586
1766,2,407
1766,3,586
1766,4,586
1767,0,406
1767,1,999
1767,2,999
1767,3,406
1767,4,999
1768,0,905
1768,1,799
1768,2,905
1768,3,905
1768,4,905
1769,0,709
1769,1,709
1769,2,893
1769,3,893
1769,4,709
1770,0,369
1770,1,367
1770,2,369
1770,3,367
1770,4,367
1771,0,850
1771,1,660
1771,2,660
1771,3,850
1771,4,660
1772,0,66
1772,1,68
1772,2,68
1772,3,66
1772,4,68
1773,0,436
1773,1,656
1773,2,656
1773,3,656
1773,4,436
1774,0,6
1774,1,6
1774,2,719
1774,3,723
1774,4,327
1775,0,596
1775,1,596
1775,2,596
1775,3,499
1775,4,596
1776,0,714
1776,1,542
1776,2,542
1776,3,714
1776,4,714
1777,0,61
1777,1,61
1777,2,61
1777,3,61
1777,4,62
1778,0,824
1778,1,824
1778,2,911
1778,3,474
1778,4,824
1779,0,947
1779,1,328
1779,2,328
1779,3,116
1779,4,328
1780,0,632
1780,1,632
1780,2,598
1780,3,632
1780,4,632
1781,0,938
1781,1,938
1781,2,936
1781,3,938
1781,4,938
1782,0,241
1782,1,241
1782,2,241
1782,3,241
1782,4,240
1783,0,857
1783,1,857
1783,2,556
1783,3,556
1783,4,556
1784,0,285
1784,1,285
1784,2,285
1784,3,281
1784,4,282
1785,0,596
1785,1,596
1785,2,596
1785,3,456
1785,4,596
1786,0,337
1786,1,337
1786,2,337
1786,3,342
1786,4,337
1787,0,528
1787,1,528
1787,2,851
1787,3,528
1787,4,851
1788,0,115
1788,1,115
1788,2,115
1788,3,110
1788,4,115
1789,0,775
1789,1,885
1789,2,775
1789,3,885
1789,4,775
1790,0,353
1790,1,352
1790,2,353
1790,3,352
1790,4,352
1791,0,917
1791,1,917
1791,2,917
1791,3,697
1791,4,917
1792,0,689
1792,1,689
1792,2,601
1792,3,601
1792,4,601
1793,0,231
1793,1,230
1793,2,230
1793,3,231
1793,4,231
1794,0,186
1794,1,186
1794,2,185
1794,3,186
1794,4,192
1795,0,838
1795,1,711
1795,2,711
1795,3,711
1795,4,711
1796,0,263
1796,1,264
1796,2,263
1796,3,263
1796,4,264
1797,0,807
1797,1,752
1797,2,752
1797,3,781
1797,4,752
1798,0,754
1798,1,754
1798,2,754
1798,3,482
1798,4,482
1799,0,166
1799,1,166
1799,2,166
1799,3,166
1799,4,165
1800,0,559
1800,1,889
1800,2,559
1800,3,819
1800,4,401
1801,0,756
1801,1,756
1801,2,756
1801,3,427
1801,4,756
1802,0,124
1802,1,125
1802,2,124
1802,3,125
1802,4,124
1803,0,572
1803,1,572
1803,2,846
1803,3,572
1803,4,846
1804,0,620
1804,1,620
1804,2,774
1804,3,564
1804,4,620
1805,0,371
1805,1,379
1805,2,378
1805,3,375
1805,4,375
1806,0,870
1806,1,870
1806,2,665
1806,3,870
1806,4,870
1807,0,201
1807,1,201
1807,2,187
1807,3,201
1807,4,201
1808,0,784
1808,1,587
1808,2,784
1808,3,587
1808,4,587
1809,0,471
1809,1,471
1809,2,744
1809,3,471
1809,4,471
1810,0,495
1810,1,495
1810,2,495
1810,3,504
1810,4,495
1811,0,518
1811,1,444
1811,2,444
1811,3,880
1811,4,444
1812,0,960
1812,1,968
1812,2,928
1812,3,928
1812,4,415
1813,0,754
1813,1,650
1813,2,633
1813,3,662
1813,4,818
1814,0,832
1814,1,879
1814,2,879
1814,3,645
1814,4,879
1815,0,193
1815,1,189
1815,2,184
1815,3,194
1815,4,189
1816,0,86
1816,1,86
1816,2,82
1816,3,86
1816,4,86
1817,0,828
1817,1,773
1817,2,828
1817,3,828
1817,4,855
1818,0,21
1818,1,22
1818,2,21
1818,3,21
1818,4,21
1819,0,698
1819,1,698
1819,2,698
1819,3,698
1819,4,538
1820,0,497
1820,1,538
1820,2,538
1820,3,538
1820,4,663
1821,0,971
1821,1,949
1821,2,949
1821,3,971
1821,4,971
1822,0,593
1822,1,692
1822,2,631
1822,3,692
1822,4,692
1823,0,899
1823,1,673
1823,2,899
1823,3,899
1823,4,899
1824,0,68
1824,1,56
1824,2,66
1824,3,68
1824,4,68
1825,0,718
1825,1,718
1825,2,718
1825,3,821
1825,4,821
1826,0,925
1826,1,809
1826,2,925
1826,3,925
1826,4,925
1827,0,195
1827,1,195
1827,2,195
1827,3,245
1827,4,195
1828,0,49
1828,1,49
1828,2,49
1828,3,49
1828,4,50
1829,0,944
1829,1,944
1829,2,989
1829,3,944
1829,4,944
1830,0,902
1830,1,515
1830,2,696
1830,3,696
1830,4,696
1831,0,492
1831,1,492
1831,2,865
1831,3,492
1831,4,492
1832,0,38
1832,1,38
1832,2,42
1832,3,42
1832,4,38
1833,0,907
1833,1,907
1833,2,907
1833,3,767
1833,4,907
1834,0,459
1834,1,711
1834,2,711
1834,3,711
1834,4,711
1835,0,642
1835,1,642
1835,2,642
1835,3,731
1835,4,642
1836,0,892
1836,1,892
1836,2,892
1836,3,409
1836,4,892
1837,0,98
1837,1,137
1837,2,98
1837,3,137
1837,4,98
1838,0,770
1838,1,806
1838,2,806
1838,3,806
1838,4,806
1839,0,200
1839,1,200
1839,2,175
1839,3,200
1839,4,200
1840,0,258
1840,1,258
1840,2,258
1840,3,248
1840,4,248
1841,0,426
1841,1,848
1841,2,507
1841,3,848
1841,4,844
1842,0,243
1842,1,243
1842,2,243
1842,3,243
1842,4,180
1843,0,413
1843,1,764
1843,2,413
1843,3,413
1843,4,764
1844,0,384
1844,1,383
1844,2,383
1844,3,384
1844,4,383
1845,0,848
1845,1,848
1845,2,848
1845,3,848
1845,4,482
1846,0,766
1846,1,341
1846,2,341
1846,3,341
1846,4,766
1847,0,242
1847,1,159
1847,2,159
1847,3,159
1847,4,243
1848,0,823
1848,1,684
1848,2,684
1848,3,684
1848,4,684
1849,0,5
1849,1,6
1849,2,5
1849,3,5
1849,4,5
1850,0,391
1850,1,391
1850,2,391
1850,3,394
1850,4,391
1851,0,20
1851,1,93
1851,2,18
1851,3,91
1851,4,20
1852,0,883
1852,1,644
1852,2,644
1852,3,644
1852,4,644
1853,0,353
1853,1,352
1853,2,352
1853,3,352
1853,4,352
1854,0,3
1854,1,3
1854,2,2
1854,3,3
1854,4,3
1855,0,467
1855,1,766
1855,2,467
1855,3,467
1855,4,467
1856,0,313
1856,1,70
1856,2,70
1856,3,74
1856,4,313
1857,0,357
1857,1,358
1857,2,356
1857,3,358
1857,4,358
1858,0,999
1858,1,542
1858,2,542
1858,3,710
1858,4,767
1859,0,843
1859,1,805
1859,2,770
1859,3,843
1859,4,770
1860,0,774
1860,1,774
1860,2,774
1860,3,464
1860,4,774
1861,0,556
1861,1,556
1861,2,827
1861,3,556
1861,4,556
1862,0,644
1862,1,644
1862,2,644
1862,3,626
1862,4,644
1863,0,267
1863,1,267
1863,2,265
1863,3,267
1863,4,265
1864,0,21
1864,1,21
1864,2,21
1864,3,12
1864,4,21
1865,0,304
1865,1,304
1865,2,304
1865,3,304
1865,4,305
1866,0,784
1866,1,418
1866,2,418
1866,3,726
1866,4,769
1867,0,966
1867,1,966
1867,2,572
1867,3,966
1867,4,966
1868,0,143
1868,1,98
1868,2,98
1868,3,98
1868,4,98
1869,0,481
1869,1,692
1869,2,549
1869,3,692
1869,4,692
1870,0,487
1870,1,685
1870,2,754
1870,3,754
1870,4,662
1871,0,908
1871,1,404
1871,2,404
1871,3,404
1871,4,908
1872,0,923
1872,1,932
1872,2,932
1872,3,932
1872,4,932
1873,0,512
1873,1,623
1873,2,542
1873,3,845
1873,4,816
1874,0,174
1874,1,174
1874,2,174
1874,3,249
1874,4,174
1875,0,584
1875,1,464
1875,2,868
1875,3,721
1875,4,584
1876,0,686
1876,1,686
1876,2,901
1876,3,686
1876,4,686
1877,0,887
1877,1,887
1877,2,399
1877,3,887
1877,4,887
1878,0,482
1878,1,848
1878,2,848
1878,3,848
1878,4,482
1879,0,544
1879,1,544
1879,2,567
1879,3,567
1879,4,567
1880,0,453
1880,1,453
1880,2,453
1880,3,453
1880,4,917
1881,0,539
1881,1,539
1881,2,266
1881,3,539
1881,4,539
1882,0,399
1882,1,709
1882,2,414
1882,3,709
1882,4,453
1883,0,743
1883,1,877
1883,2,877
1883,3,743
1883,4,877
1884,0,799
1884,1,523
1884,2,851
1884,3,799
1884,4,829
1885,0,519
1885,1,519
1885,2,519
1885,3,448
1885,4,519
1886,0,485
1886,1,897
1886,2,485
1886,3,485
1886,4,485
1887,0,504
1887,1,725
1887,2,901
1887,3,725
1887,4,901
1888,0,907
1888,1,907
1888,2,907
1888,3,907
1888,4,440
1889,0,624
1889,1,453
1889,2,453
1889,3,624
1889,4,453
1890,0,504
1890,1,504
1890,2,969
1890,3,504
1890,4,969
1891,0,419
1891,1,617
1891,2,419
1891,3,419
1891,4,419
1892,0,649
1892,1,649
1892,2,733
1892,3,733
1892,4,733
1893,0,623
1893,1,623
1893,2,623
1893,3,777
1893,4,623
1894,0,580
1894,1,423
1894,2,423
1894,3,423
1894,4,423
1895,0,250
1895,1,249
1895,2,250
1895,3,250
1895,4,249
1896,0,57
1896,1,57
1896,2,57
1896,3,57
1896,4,55
1897,0,702
1897,1,733
1897,2,733
1897,3,733
1897,4,733
1898,0,681
1898,1,742
1898,2,553
1898,3,620
1898,4,742
1899,0,498
1899,1,557
1899,2,557
1899,3,498
1899,4,557
1900,0,999
1900,1,700
1900,2,999
1900,3,700
1900,4,700
1901,0,677
1901,1,587
1901,2,587
1901,3,587
1901,4,677
1902,0,294
1902,1,294
1902,2,101
1902,3,101
1902,4,101
1903,0,25
1903,1,28
1903,2,25
1903,3,25
1903,4,25
1904,0,767
1904,1,767
1904,2,767
1904,3,767
1904,4,929
1905,0,748
1905,1,533
1905,2,533
1905,3,533
1905,4,533
1906,0,409
1906,1,635
1906,2,635
1906,3,635
1906,4,635
1907,0,598
1907,1,681
1907,2,851
1907,3,851
1907,4,851
1908,0,234
1908,1,234
1908,2,236
1908,3,234
1908,4,234
1909,0,399
1909,1,981
1909,2,741
1909,3,399
1909,4,741
1910,0,399
1910,1,399
1910,2,796
1910,3,399
1910,4,796
1911,0,231
1911,1,230
1911,2,230
1911,3,230
1911,4,230
1912,0,367
1912,1,367
1912,2,366
1912,3,367
1912,4,367
1913,0,527
1913,1,527
1913,2,527
1913,3,527
1913,4,782
1914,0,774
1914,1,774
1914,2,774
1914,3,630
1914,4,774
1915,0,928
1915,1,928
1915,2,962
1915,3,415
1915,4,962
1916,0,383
1916,1,384
1916,2,383
1916,3,384
1916,4,383
1917,0,811
1917,1,753
1917,2,811
1917,3,811
1917,4,811
1918,0,654
1918,1,757
1918,2,654
1918,3,654
1918,4,654
1919,0,650
1919,1,650
1919,2,836
1919,3,650
1919,4,836
1920,0,151
1920,1,245
1920,2,245
1920,3,245
1920,4,245
1921,0,856
1921,1,856
1921,2,595
1921,3,856
1921,4,856
1922,0,720
1922,1,631
1922,2,773
1922,3,585
1922,4,773
1923,0,511
1923,1,581
1923,2,581
1923,3,511
1923,4,581
1924,0,257
1924,1,232
1924,2,231
1924,3,232
1924,4,232
1925,0,969
1925,1,626
1925,2,626
1925,3,626
1925,4,626
1926,0,478
1926,1,722
1926,2,722
1926,3,478
1926,4,722
1927,0,942
1927,1,942
1927,2,941
1927,3,942
1927,4,941
1928,0,655
1928,1,793
1928,2,601
1928,3,806
1928,4,669
1929,0,706
1929,1,703
1929,2,642
1929,3,706
1929,4,703
1930,0,53
1930,1,56
1930,2,56
1930,3,53
1930,4,56
1931,0,884
1931,1,884
1931,2,884
1931,3,500
1931,4,884
1932,0,978
1932,1,977
1932,2,978
1932,3,977
1932,4,978
1933,0,414
1933,1,414
1933,2,731
1933,3,414
1933,4,414
1934,0,453
1934,1,453
1934,2,421
1934,3,421
1934,4,421
1935,0,682
1935,1,835
1935,2,835
1935,3,682
1935,4,835
1936,0,503
1936,1,503
1936,2,503
1936,3,503
1936,4,948
1937,0,448
1937,1,489
1937,2,489
1937,3,448
1937,4,695
1938,0,167
1938,1,166
1938,2,167
1938,3,167
1938,4,167
1939,0,46
1939,1,46
1939,2,46
1939,3,46
1939,4,40
1940,0,59
1940,1,59
1940,2,59
1940,3,55
1940,4,59
1941,0,965
1941,1,924
1941,2,924
1941,3,924
1941,4,924
1942,0,875
1942,1,792
1942,2,792
1942,3,875
1942,4,792
1943,0,455
1943,1,455
1943,2,455
1943,3,679
1943,4,455
1944,0,539
1944,1,539
1944,2,916
1944,3,549
1944,4,819
1945,0,66
1945,1,68
1945,2,66
1945,3,66
1945,4,68
1946,0,409
1946,1,530
1946,2,826
1946,3,409
1946,4,530
1947,0,981
1947,1,981
1947,2,429
1947,3,981
1947,4,429
1948,0,976
1948,1,460
1948,2,976
1948,3,460
1948,4,976
1949,0,710
1949,1,710
1949,2,767
1949,3,710
1949,4,710
1950,0,860
1950,1,415
1950,2,860
1950,3,860
1950,4,860
1951,0,752
1951,1,535
1951,2,535
1951,3,671
1951,4,535
1952,0,790
1952,1,790
1952,2,588
1952,3,790
1952,4,790
1953,0,536
1953,1,536
1953,2,780
1953,3,536
1953,4,536
1954,0,266
1954,1,266
1954,2,242
1954,3,265
1954,4,217
1955,0,156
1955,1,156
1955,2,156
1955,3,156
1955,4,152
1956,0,440
1956,1,440
1956,2,737
1956,3,440
1956,4,440
1957,0,493
1957,1,492
1957,2,492
1957,3,492
1957,4,492
1958,0,435
1958,1,876
1958,2,435
1958,3,435
1958,4,435
1959,0,910
1959,1,910
1959,2,813
1959,3,618
1959,4,813
1960,0,238
1960,1,166
1960,2,166
1960,3,166
1960,4,166
1961,0,756
1961,1,756
1961,2,818
1961,3,545
1961,4,818
1962,0,987
1962,1,987
1962,2,987
1962,3,987
1962,4,998
1963,0,942
1963,1,940
1963,2,940
1963,3,942
1963,4,940
1964,0,177
1964,1,170
1964,2,170
1964,3,177
1964,4,177
1965,0,976
1965,1,976
1965,2,972
1965,3,972
1965,4,972
1966,0,466
1966,1,466
1966,2,705
1966,3,466
1966,4,705
1967,0,491
1967,1,617
1967,2,570
1967,3,740
1967,4,570
1968,0,495
1968,1,532
1968,2,495
1968,3,495
1968,4,495
1969,0,580
1969,1,580
1969,2,580
1969,3,580
1969,4,706
1970,0,876
1970,1,463
1970,2,463
1970,3,876
1970,4,876
1971,0,517
1971,1,536
1971,2,517
1971,3,517
1971,4,517
1972,0,52
1972,1,53
1972,2,52
1972,3,52
1972,4,52
1973,0,542
1973,1,767
1973,2,767
1973,3,767
1973,4,767
1974,0,748
1974,1,464
1974,2,748
1974,3,748
1974,4,885
1975,0,924
1975,1,924
1975,2,965
1975,3,924
1975,4,924
1976,0,243
1976,1,180
1976,2,159
1976,3,159
1976,4,159
1977,0,444
1977,1,870
1977,2,870
1977,3,870
1977,4,870
1978,0,962
1978,1,962
1978,2,935
1978,3,935
1978,4,935
1979,0,941
1979,1,940
1979,2,941
1979,3,940
1979,4,941
1980,0,622
1980,1,622
1980,2,759
1980,3,622
1980,4,759
1981,0,731
1981,1,731
1981,2,792
1981,3,838
1981,4,587
1982,0,158
1982,1,158
1982,2,237
1982,3,158
1982,4,236
1983,0,424
1983,1,423
1983,2,424
1983,3,424
1983,4,423
1984,0,928
1984,1,928
1984,2,960
1984,3,960
1984,4,960
1985,0,222
1985,1,222
1985,2,207
1985,3,222
1985,4,222
1986,0,860
1986,1,860
1986,2,652
1986,3,860
1986,4,652
1987,0,553
1987,1,553
1987,2,446
1987,3,553
1987,4,553
1988,0,58
1988,1,59
1988,2,58
1988,3,58
1988,4,32
1989,0,35
1989,1,36
1989,2,37
1989,3,36
1989,4,36
1990,0,780
1990,1,780
1990,2,914
1990,3,780
1990,4,780
1991,0,452
1991,1,452
1991,2,689
1991,3,689
1991,4,689
1992,0,719
1992,1,714
1992,2,419
1992,3,419
1992,4,419
1993,0,976
1993,1,976
1993,2,976
1993,3,976
1993,4,972
1994,0,487
1994,1,732
1994,2,732
1994,3,745
1994,4,732
1995,0,853
1995,1,977
1995,2,975
1995,3,975
1995,4,978
1996,0,530
1996,1,530
1996,2,530
1996,3,530
1996,4,811
1997,0,445
1997,1,459
1997,2,459
1997,3,445
1997,4,445
1998,0,659
1998,1,659
1998,2,968
1998,3,659
1998,4,659
1999,0,640
1999,1,640
1999,2,835
1999,3,640
1999,4,640
2000,0,320
2000,1,320
2000,2,320
2000,3,319
2000,4,320
2001,0,485
2001,1,485
2001,2,848
2001,3,485
2001,4,848
2002,0,667
2002,1,667
2002,2,667
2002,3,667
2002,4,400
2003,0,698
2003,1,483
2003,2,483
2003,3,698
2003,4,483
2004,0,578
2004,1,982
2004,2,578
2004,3,982
2004,4,982
2005,0,926
2005,1,469
2005,2,926
2005,3,469
2005,4,926
2006,0,240
2006,1,241
2006,2,241
2006,3,240
2006,4,241
2007,0,327
2007,1,44
2007,2,50
2007,3,457
2007,4,49
2008,0,460
2008,1,523
2008,2,523
2008,3,693
2008,4,523
2009,0,490
2009,1,683
2009,2,683
2009,3,623
2009,4,683
2010,0,887
2010,1,887
2010,2,610
2010,3,610
2010,4,610
2011,0,281
2011,1,281
2011,2,478
2011,3,281
2011,4,285
2012,0,433
2012,1,977
2012,2,842
2012,3,608
2012,4,842
2013,0,248
2013,1,248
2013,2,248
2013,3,248
2013,4,537
2014,0,600
2014,1,845
2014,2,643
2014,3,643
2014,4,643
2015,0,66
2015,1,68
2015,2,66
2015,3,68
2015,4,66
2016,0,541
2016,1,542
2016,2,542
2016,3,541
2016,4,541
2017,0,201
2017,1,201
2017,2,201
2017,3,201
2017,4,187
2018,0,46
2018,1,46
2018,2,39
2018,3,46
2018,4,39
2019,0,612
2019,1,423
2019,2,423
2019,3,423
2019,4,423
2020,0,834
2020,1,834
2020,2,834
2020,3,655
2020,4,834
2021,0,405
2021,1,405
2021,2,405
2021,3,404
2021,4,405
2022,0,73
2022,1,77
2022,2,77
2022,3,77
2022,4,73
2023,0,44
2023,1,44
2023,2,44
2023,3,44
2023,4,41
2024,0,427
2024,1,412
2024,2,427
2024,3,427
2024,4,427
2025,0,498
2025,1,781
2025,2,498
2025,3,498
2025,4,498
2026,0,538
2026,1,718
2026,2,727
2026,3,718
2026,4,727
2027,0,412
2027,1,412
2027,2,412
2027,3,412
2027,4,637
2028,0,718
2028,1,839
2028,2,839
2028,3,839
2028,4,839
2029,0,598
2029,1,598
2029,2,548
2029,3,598
2029,4,548
2030,0,851
2030,1,851
2030,2,851
2030,3,753
2030,4,894
2031,0,501
2031,1,667
2031,2,400
2031,3,487
2031,4,400
2032,0,976
2032,1,976
2032,2,442
2032,3,976
2032,4,976
2033,0,440
2033,1,737
2033,2,737
2033,3,737
2033,4,737
2034,0,883
2034,1,907
2034,2,907
2034,3,907
2034,4,907
2035,0,205
2035,1,224
2035,2,205
2035,3,208
2035,4,224
2036,0,601
2036,1,655
2036,2,655
2036,3,456
2036,4,655
2037,0,86
2037,1,85
2037,2,138
2037,3,85
2037,4,8
2038,0,762
2038,1,762
2038,2,532
2038,3,532
2038,4,532
2039,0,954
2039,1,951
2039,2,951
2039,3,951
2039,4,954
2040,0,204
2040,1,153
2040,2,153
2040,3,153
2040,4,153
2041,0,602
2041,1,602
2041,2,602
2041,3,602
2041,4,702
2042,0,199
2042,1,529
2042,2,593
2042,3,918
2042,4,529
2043,0,526
2043,1,527
2043,2,526
2043,3,526
2043,4,526
2044,0,242
2044,1,243
2044,2,242
2044,3,242
2044,4,242
2045,0,806
2045,1,630
2045,2,630
2045,3,630
2045,4,630
2046,0,681
2046,1,681
2046,2,620
2046,3,620
2046,4,620
2047,0,808
2047,1,515
2047,2,808
2047,3,808
2047,4,808
2048,0,631
2048,1,585
2048,2,585
2048,3,585
2048,4,585
2049,0,624
2049,1,624
2049,2,624
2049,3,885
2049,4,624
2050,0,780
2050,1,914
2050,2,780
2050,3,780
2050,4,914
2051,0,281
2051,1,281
2051,2,281
2051,3,281
2051,4,285
2052,0,470
2052,1,880
2052,2,470
2052,3,736
2052,4,470
2053,0,435
2053,1,876
2053,2,876
2053,3,435
2053,4,435
2054,0,762
2054,1,762
2054,2,884
2054,3,762
2054,4,762
2055,0,680
2055,1,680
2055,2,720
2055,3,720
2055,4,680
2056,0,834
2056,1,870
2056,2,444
2056,3,444
2056,4,444
2057,0,981
2057,1,981
2057,2,981
2057,3,981
2057,4,781
2058,0,482
2058,1,485
2058,2,848
2058,3,848
2058,4,482
2059,0,195
2059,1,195
2059,2,195
2059,3,151
2059,4,180
2060,0,485
2060,1,485
2060,2,485
2060,3,485
2060,4,848
2061,0,185
2061,1,185
2061,2,187
2061,3,185
2061,4,187
2062,0,119
2062,1,119
2062,2,119
2062,3,119
2062,4,118
2063,0,979
2063,1,979
2063,2,970
2063,3,979
2063,4,970
2064,0,600
2064,1,600
2064,2,421
2064,3,600
2064,4,600
2065,0,432
2065,1,432
2065,2,513
2065,3,432
2065,4,432
2066,0,928
2066,1,415
2066,2,928
2066,3,928
2066,4,928
2067,0,52
2067,1,52
2067,2,52
2067,3,60
2067,4,52
2068,0,658
2068,1,658
2068,2,658
2068,3,911
2068,4,658
2069,0,808
2069,1,808
2069,2,434
2069,3,808
2069,4,669
2070,0,310
2070,1,310
2070,2,599
2070,3,947
2070,4,599
2071,0,601
2071,1,452
2071,2,601
2071,3,601
2071,4,689
2072,0,447
2072,1,447
2072,2,778
2072,3,447
2072,4,778
2073,0,499
2073,1,499
2073,2,943
2073,3,499
2073,4,943
2074,0,792
2074,1,792
2074,2,792
2074,3,499
2074,4,792
2075,0,670
2075,1,670
2075,2,665
2075,3,670
2075,4,670
2076,0,579
2076,1,854
2076,2,854
2076,3,579
2076,4,819
2077,0,234
2077,1,191
2077,2,234
2077,3,234
2077,4,234
2078,0,467
2078,1,544
2078,2,544
2078,3,467
2078,4,567
2079,0,824
2079,1,452
2079,2,452
2079,3,452
2079,4,452
2080,0,570
2080,1,513
2080,2,875
2080,3,763
2080,4,870
2081,0,151
2081,1,158
2081,2,151
2081,3,151
2081,4,151
2082,0,534
2082,1,729
2082,2,534
2082,3,729
2082,4,534
2083,0,813
2083,1,813
2083,2,813
2083,3,813
2083,4,647
2084,0,516
2084,1,516
2084,2,431
2084,3,516
2084,4,516
2085,0,538
2085,1,884
2085,2,506
2085,3,538
2085,4,538
2086,0,884
2086,1,884
2086,2,663
2086,3,884
2086,4,663
2087,0,627
2087,1,468
2087,2,581
2087,3,627
2087,4,479
2088,0,438
2088,1,438
2088,2,647
2088,3,438
2088,4,647
2089,0,901
2089,1,883
2089,2,725
2089,3,901
2089,4,901
2090,0,492
2090,1,859
2090,2,859
2090,3,760
2090,4,859
2091,0,354
2091,1,386
2091,2,386
2091,3,386
2091,4,386
2092,0,4
2092,1,3
2092,2,3
2092,3,4
2092,4,3
2093,0,541
2093,1,541
2093,2,541
2093,3,541
2093,4,822
2094,0,941
2094,1,942
2094,2,941
2094,3,930
2094,4,942
2095,0,66
2095,1,68
2095,2,66
2095,3,66
2095,4,66
2096,0,519
2096,1,492
2096,2,519
2096,3,519
2096,4,519
2097,0,462
2097,1,958
2097,2,853
2097,3,462
2097,4,853
2098,0,930
2098,1,809
2098,2,470
2098,3,813
2098,4,470
2099,0,573
2099,1,751
2099,2,573
2099,3,573
2099,4,573
2100,0,975
2100,1,975
2100,2,970
2100,3,975
2100,4,970
2101,0,608
2101,1,474
2101,2,608
2101,3,608
2101,4,608
2102,0,655
2102,1,775
2102,2,679
2102,3,689
2102,4,655
2103,0,433
2103,1,639
2103,2,433
2103,3,639
2103,4,433
2104,0,277
2104,1,277
2104,2,278
2104,3,278
2104,4,277
2105,0,207
2105,1,239
2105,2,239
2105,3,239
2105,4,239
2106,0,566
2106,1,566
2106,2,513
2106,3,875
2106,4,513
2107,0,161
2107,1,539
2107,2,162
2107,3,161
2107,4,162
2108,0,950
2108,1,950
2108,2,951
2108,3,950
2108,4,950
2109,0,504
2109,1,504
2109,2,504
2109,3,968
2109,4,504
2110,0,748
2110,1,893
2110,2,893
2110,3,893
2110,4,893
2111,0,892
2111,1,409
2111,2,409
2111,3,892
2111,4,409
2112,0,180
2112,1,180
2112,2,180
2112,3,180
2112,4,211
2113,0,710
2113,1,709
2113,2,709
2113,3,709
2113,4,709
2114,0,861
2114,1,738
2114,2,861
2114,3,861
2114,4,861
2115,0,864
2115,1,705
2115,2,705
2115,3,705
2115,4,757
2116,0,657
2116,1,744
2116,2,657
2116,3,744
2116,4,657
2117,0,606
2117,1,606
2117,2,707
2117,3,745
2117,4,606
2118,0,681
2118,1,620
2118,2,620
2118,3,681
2118,4,620
2119,0,961
2119,1,961
2119,2,932
2119,3,961
2119,4,932
2120,0,772
2120,1,772
2120,2,506
2120,3,772
2120,4,772
2121,0,463
2121,1,463
2121,2,463
2121,3,840
2121,4,463
2122,0,487
2122,1,487
2122,2,748
2122,3,487
2122,4,487
2123,0,654
2123,1,654
2123,2,656
2123,3,654
2123,4,654
2124,0,187
2124,1,204
2124,2,204
2124,3,155
2124,4,204
2125,0,804
2125,1,896
2125,2,896
2125,3,896
2125,4,896
2126,0,620
2126,1,681
2126,2,681
2126,3,681
2126,4,681
2127,0,431
2127,1,516
2127,2,431
2127,3,431
2127,4,431
2128,0,662
2128,1,662
2128,2,662
2128,3,592
2128,4,681
2129,0,541
2129,1,542
2129,2,541
2129,3,541
2129,4,541
2130,0,30
2130,1,31
2130,2,32
2130,3,30
2130,4,32
2131,0,12
2131,1,448
2131,2,448
2131,3,12
2131,4,448
2132,0,281
2132,1,904
2132,2,904
2132,3,904
2132,4,904
2133,0,709
2133,1,709
2133,2,893
2133,3,748
2133,4,893
2134,0,124
2134,1,7
2134,2,616
2134,3,124
2134,4,616
2135,0,529
2135,1,709
2135,2,709
2135,3,529
2135,4,709
2136,0,638
2136,1,638
2136,2,638
2136,3,638
2136,4,639
2137,0,987
2137,1,969
2137,2,987
2137,3,987
2137,4,987
2138,0,435
2138,1,876
2138,2,909
2138,3,896
2138,4,876
2139,0,923
2139,1,933
2139,2,943
2139,3,121
2139,4,390
2140,0,861
2140,1,896
2140,2,861
2140,3,861
2140,4,861
2141,0,601
2141,1,601
2141,2,601
2141,3,399
2141,4,601
2142,0,417
2142,1,417
2142,2,417
2142,3,417
2142,4,645
2143,0,208
2143,1,207
2143,2,170
2143,3,169
2143,4,170
2144,0,250
2144,1,197
2144,2,250
2144,3,250
2144,4,250
2145,0,638
2145,1,639
2145,2,639
2145,3,638
2145,4,639
2146,0,697
2146,1,842
2146,2,697
2146,3,842
2146,4,697
2147,0,790
2147,1,830
2147,2,636
2147,3,636
2147,4,636
2148,0,882
2148,1,414
2148,2,797
2148,3,414
2148,4,414
2149,0,442
2149,1,442
2149,2,494
2149,3,494
2149,4,494
2150,0,872
2150,1,872
2150,2,759
2150,3,872
2150,4,872
2151,0,686
2151,1,686
2151,2,686
2151,3,686
2151,4,753
2152,0,942
2152,1,942
2152,2,945
2152,3,942
2152,4,987
2153,0,725
2153,1,725
2153,2,725
2153,3,725
2153,4,899
2154,0,605
2154,1,605
2154,2,681
2154,3,664
2154,4,664
2155,0,735
2155,1,735
2155,2,824
2155,3,735
2155,4,824
2156,0,825
2156,1,460
2156,2,460
2156,3,825
2156,4,460
2157,0,390
2157,1,390
2157,2,973
2157,3,973
2157,4,973
2158,0,499
2158,1,473
2158,2,499
2158,3,545
2158,4,499
2159,0,807
2159,1,807
2159,2,807
2159,3,538
2159,4,799
2160,0,77
2160,1,73
2160,2,77
2160,3,73
2160,4,73
2161,0,235
2161,1,193
2161,2,193
2161,3,193
2161,4,193
2162,0,538
2162,1,538
2162,2,557
2162,3,538
2162,4,557
2163,0,469
2163,1,544
2163,2,544
2163,3,827
2163,4,827
2164,0,507
2164,1,507
2164,2,507
2164,3,512
2164,4,507
2165,0,44
2165,1,41
2165,2,42
2165,3,38
2165,4,42
2166,0,696
2166,1,684
2166,2,684
2166,3,633
2166,4,684
2167,0,671
2167,1,872
2167,2,671
2167,3,671
2167,4,671
2168,0,902
2168,1,902
2168,2,902
2168,3,473
2168,4,902
2169,0,314
2169,1,314
2169,2,314
2169,3,310
2169,4,314
2170,0,454
2170,1,454
2170,2,454
2170,3,509
2170,4,454
2171,0,920
2171,1,920
2171,2,920
2171,3,405
2171,4,405
2172,0,630
2172,1,630
2172,2,502
2172,3,630
2172,4,630
2173,0,243
2173,1,179
2173,2,180
2173,3,243
2173,4,180
2174,0,222
2174,1,228
2174,2,228
2174,3,267
2174,4,228
2175,0,663
2175,1,497
2175,2,497
2175,3,497
2175,4,497
2176,0,870
2176,1,870
2176,2,870
2176,3,444
2176,4,870
2177,0,712
2177,1,948
2177,2,712
2177,3,712
2177,4,966
2178,0,653
2178,1,787
2178,2,863
2178,3,787
2178,4,721
2179,0,524
2179,1,524
2179,2,461
2179,3,461
2179,4,461
2180,0,817
2180,1,817
2180,2,468
2180,3,581
2180,4,817
2181,0,859
2181,1,662
2181,2,662
2181,3,662
2181,4,662
2182,0,790
2182,1,588
2182,2,790
2182,3,588
2182,4,790
2183,0,515
2183,1,642
2183,2,808
2183,3,515
2183,4,808
2184,0,459
2184,1,459
2184,2,459
2184,3,457
2184,4,459
2185,0,716
2185,1,716
2185,2,912
2185,3,716
2185,4,716
2186,0,972
2186,1,825
2186,2,825
2186,3,972
2186,4,974
2187,0,695
2187,1,695
2187,2,695
2187,3,507
2187,4,695
2188,0,764
2188,1,764
2188,2,917
2188,3,764
2188,4,764
2189,0,618
2189,1,618
2189,2,618
2189,3,618
2189,4,469
2190,0,849
2190,1,849
2190,2,828
2190,3,849
2190,4,849
2191,0,267
2191,1,267
2191,2,267
2191,3,267
2191,4,266
2192,0,811
2192,1,818
2192,2,482
2192,3,786
2192,4,818
2193,0,935
2193,1,926
2193,2,935
2193,3,926
2193,4,935
2194,0,364
2194,1,364
2194,2,366
2194,3,346
2194,4,366
2195,0,743
2195,1,497
2195,2,497
2195,3,743
2195,4,497
2196,0,283
2196,1,283
2196,2,283
2196,3,282
2196,4,283
2197,0,665
2197,1,879
2197,2,665
2197,3,665
2197,4,653
2198,0,142
2198,1,140
2198,2,140
2198,3,140
2198,4,140
2199,0,343
2199,1,343
2199,2,342
2199,3,342
2199,4,342
2200,0,240
2200,1,240
2200,2,240
2200,3,238
2200,4,240
2201,0,717
2201,1,654
2201,2,717
2201,3,654
2201,4,717
2202,0,582
2202,1,652
2202,2,860
2202,3,917
2202,4,917
2203,0,891
2203,1,891
2203,2,521
2203,3,891
2203,4,891
2204,0,530
2204,1,530
2204,2,761
2204,3,530
2204,4,778
2205,0,679
2205,1,679
2205,2,679
2205,3,679
2205,4,772
2206,0,830
2206,1,660
2206,2,660
2206,3,660
2206,4,660
2207,0,666
2207,1,618
2207,2,618
2207,3,909
2207,4,968
2208,0,440
2208,1,440
2208,2,440
2208,3,441
2208,4,440
2209,0,909
2209,1,909
2209,2,909
2209,3,926
2209,4,909
2210,0,64
2210,1,64
2210,2,55
2210,3,55
2210,4,64
2211,0,359
2211,1,358
2211,2,358
2211,3,358
2211,4,358
2212,0,523
2212,1,882
2212,2,523
2212,3,523
2212,4,523
2213,0,753
2213,1,771
2213,2,811
2213,3,811
2213,4,754
2214,0,677
2214,1,677
2214,2,677
2214,3,677
2214,4,784
2215,0,920
2215,1,920
2215,2,920
2215,3,717
2215,4,717
2216,0,438
2216,1,899
2216,2,438
2216,3,438
2216,4,438
2217,0,926
2217,1,926
2217,2,910
2217,3,926
2217,4,926
2218,0,871
2218,1,484
2218,2,871
2218,3,484
2218,4,871
2219,0,902
2219,1,731
2219,2,643
2219,3,903
2219,4,643
2220,0,656
2220,1,656
2220,2,656
2220,3,656
2220,4,436
2221,0,591
2221,1,516
2221,2,729
2221,3,591
2221,4,591
2222,0,935
2222,1,935
2222,2,962
2222,3,935
2222,4,935
2223,0,894
2223,1,894
2223,2,493
2223,3,894
2223,4,771
2224,0,519
2224,1,729
2224,2,729
2224,3,519
2224,4,729
2225,0,899
2225,1,410
2225,2,519
2225,3,428
2225,4,519
2226,0,943
2226,1,943
2226,2,943
2226,3,943
2226,4,951
2227,0,934
2227,1,948
2227,2,948
2227,3,934
2227,4,948
2228,0,867
2228,1,867
2228,2,866
2228,3,866
2228,4,866
2229,0,831
2229,1,831
2229,2,750
2229,3,750
2229,4,750
2230,0,777
2230,1,777
2230,2,587
2230,3,777
2230,4,587
2231,0,142
2231,1,142
2231,2,142
2231,3,142
2231,4,141
2232,0,435
2232,1,180
2232,2,180
2232,3,180
2232,4,180
2233,0,250
2233,1,250
2233,2,250
2233,3,248
2233,4,250
2234,0,987
2234,1,998
2234,2,998
2234,3,998
2234,4,998
2235,0,583
2235,1,682
2235,2,406
2235,3,583
2235,4,583
2236,0,870
2236,1,765
2236,2,791
2236,3,621
2236,4,765
2237,0,281
2237,1,552
2237,2,282
2237,3,281
2237,4,281
2238,0,620
2238,1,810
2238,2,810
2238,3,620
2238,4,508
2239,0,972
2239,1,976
2239,2,972
2239,3,972
2239,4,979
2240,0,553
2240,1,553
2240,2,742
2240,3,553
2240,4,553
2241,0,464
2241,1,464
2241,2,622
2241,3,898
2241,4,560
2242,0,477
2242,1,666
2242,2,744
2242,3,909
2242,4,744
2243,0,166
2243,1,166
2243,2,167
2243,3,166
2243,4,162
2244,0,501
2244,1,501
2244,2,399
2244,3,399
2244,4,399
2245,0,159
2245,1,159
2245,2,165
2245,3,159
2245,4,159
2246,0,857
2246,1,857
2246,2,857
2246,3,831
2246,4,857
2247,0,754
2247,1,754
2247,2,527
2247,3,754
2247,4,526
2248,0,406
2248,1,406
2248,2,884
2248,3,497
2248,4,884
2249,0,602
2249,1,702
2249,2,602
2249,3,602
2249,4,602
2250,0,972
2250,1,839
2250,2,839
2250,3,525
2250,4,525
2251,0,263
2251,1,264
2251,2,263
2251,3,263
2251,4,263
2252,0,185
2252,1,203
2252,2,203
2252,3,203
2252,4,203
2253,0,481
2253,1,848
2253,2,481
2253,3,481
2253,4,481
2254,0,975
2254,1,975
2254,2,449
2254,3,975
2254,4,449
2255,0,865
2255,1,495
2255,2,865
2255,3,865
2255,4,865
2256,0,31
2256,1,31
2256,2,30
2256,3,32
2256,4,32
2257,0,597
2257,1,502
2257,2,524
2257,3,524
2257,4,524
2258,0,636
2258,1,748
2258,2,748
2258,3,636
2258,4,636
2259,0,675
2259,1,675
2259,2,675
2259,3,565
2259,4,675
2260,0,72
2260,1,72
2260,2,74
2260,3,72
2260,4,72
2261,0,836
2261,1,836
2261,2,836
2261,3,898
2261,4,836
2262,0,911
2262,1,584
2262,2,584
2262,3,911
2262,4,584
2263,0,63
2263,1,63
2263,2,63
2263,3,62
2263,4,63
2264,0,255
2264,1,225
2264,2,255
2264,3,255
2264,4,225
2265,0,882
2265,1,891
2265,2,882
2265,3,882
2265,4,882
2266,0,919
2266,1,919
2266,2,733
2266,3,733
2266,4,733
2267,0,150
2267,1,150
2267,2,360
2267,3,150
2267,4,360
2268,0,819
2268,1,819
2268,2,819
2268,3,557
2268,4,819
2269,0,659
2269,1,495
2269,2,495
2269,3,495
2269,4,495
2270,0,522
2270,1,522
2270,2,522
2270,3,574
2270,4,522
2271,0,110
2271,1,110
2271,2,115
2271,3,110
2271,4,110
2272,0,907
2272,1,907
2272,2,748
2272,3,907
2272,4,907
2273,0,123
2273,1,124
2273,2,123
2273,3,124
2273,4,123
2274,0,294
2274,1,342
2274,2,294
2274,3,294
2274,4,294
2275,0,189
2275,1,189
2275,2,191
2275,3,189
2275,4,189
2276,0,424
2276,1,762
2276,2,559
2276,3,415
2276,4,899
2277,0,210
2277,1,210
2277,2,214
2277,3,210
2277,4,217
2278,0,892
2278,1,787
2278,2,643
2278,3,892
2278,4,787
2279,0,733
2279,1,557
2279,2,557
2279,3,557
2279,4,557
2280,0,344
2280,1,344
2280,2,879
2280,3,51
2280,4,344
2281,0,466
2281,1,850
2281,2,850
2281,3,466
2281,4,850
2282,0,712
2282,1,760
2282,2,760
2282,3,712
2282,4,760
2283,0,249
2283,1,248
2283,2,248
2283,3,248
2283,4,248
2284,0,998
2284,1,987
2284,2,998
2284,3,998
2284,4,998
2285,0,859
2285,1,967
2285,2,809
2285,3,659
2285,4,809
2286,0,689
2286,1,689
2286,2,689
2286,3,601
2286,4,689
2287,0,233
2287,1,183
2287,2,183
2287,3,233
2287,4,233
2288,0,748
2288,1,748
2288,2,893
2288,3,893
2288,4,748
2289,0,835
2289,1,892
2289,2,892
2289,3,835
2289,4,835
2290,0,155
2290,1,155
2290,2,155
2290,3,204
2290,4,155
2291,0,718
2291,1,839
2291,2,718
2291,3,839
2291,4,718
2292,0,992
2292,1,947
2292,2,947
2292,3,947
2292,4,185
2293,0,714
2293,1,746
2293,2,746
2293,3,746
2293,4,746
2294,0,734
2294,1,609
2294,2,609
2294,3,654
2294,4,609
2295,0,819
2295,1,819
2295,2,601
2295,3,819
2295,4,819
2296,0,580
2296,1,580
2296,2,580
2296,3,428
2296,4,580
2297,0,170
2297,1,170
2297,2,184
2297,3,170
2297,4,170
2298,0,532
2298,1,799
2298,2,495
2298,3,532
2298,4,532
2299,0,240
2299,1,238
2299,2,240
2299,3,240
2299,4,240
2300,0,785
2300,1,627
2300,2,627
2300,3,627
2300,4,785
2301,0,131
2301,1,132
2301,2,131
2301,3,132
2301,4,131
2302,0,203
2302,1,203
2302,2,192
2302,3,203
2302,4,192
2303,0,517
2303,1,517
2303,2,733
2303,3,733
2303,4,517
2304,0,211
2304,1,211
2304,2,211
2304,3,211
2304,4,159
2305,0,887
2305,1,824
2305,2,735
2305,3,887
2305,4,735
2306,0,895
2306,1,895
2306,2,895
2306,3,908
2306,4,895
2307,0,411
2307,1,411
2307,2,411
2307,3,689
2307,4,411
2308,0,250
2308,1,250
2308,2,248
2308,3,250
2308,4,248
2309,0,841
2309,1,841
2309,2,446
2309,3,841
2309,4,841
2310,0,728
2310,1,467
2310,2,467
2310,3,467
2310,4,467
2311,0,441
2311,1,441
2311,2,440
2311,3,441
2311,4,441
2312,0,510
2312,1,510
2312,2,510
2312,3,510
2312,4,517
2313,0,402
2313,1,546
2313,2,402
2313,3,402
2313,4,402
2314,0,798
2314,1,798
2314,2,798
2314,3,835
2314,4,798
2315,0,311
2315,1,315
2315,2,315
2315,3,315
2315,4,315
2316,0,238
2316,1,241
2316,2,238
2316,3,241
2316,4,238
2317,0,516
2317,1,516
2317,2,520
2317,3,729
2317,4,520
2318,0,253
2318,1,253
2318,2,253
2318,3,237
2318,4,253
2319,0,914
2319,1,871
2319,2,914
2319,3,871
2319,4,914
2320,0,153
2320,1,153
2320,2,153
2320,3,204
2320,4,153
2321,0,558
2321,1,473
2321,2,563
2321,3,902
2321,4,763
2322,0,910
2322,1,923
2322,2,923
2322,3,910
2322,4,923
2323,0,425
2323,1,425
2323,2,634
2323,3,716
2323,4,634
2324,0,519
2324,1,519
2324,2,519
2324,3,692
2324,4,519
2325,0,162
2325,1,162
2325,2,162
2325,3,676
2325,4,676
2326,0,409
2326,1,409
2326,2,409
2326,3,892
2326,4,892
2327,0,482
2327,1,848
2327,2,482
2327,3,482
2327,4,848
2328,0,454
2328,1,860
2328,2,860
2328,3,454
2328,4,860
2329,0,175
2329,1,202
2329,2,202
2329,3,202
2329,4,202
2330,0,126
2330,1,125
2330,2,126
2330,3,126
2330,4,126
2331,0,876
2331,1,876
2331,2,876
2331,3,876
2331,4,435
2332,0,784
2332,1,845
2332,2,845
2332,3,784
2332,4,845
2333,0,588
2333,1,588
2333,2,588
2333,3,588
2333,4,790
2334,0,747
2334,1,747
2334,2,417
2334,3,417
2334,4,417
2335,0,799
2335,1,799
2335,2,894
2335,3,799
2335,4,799
2336,0,675
2336,1,675
2336,2,675
2336,3,734
2336,4,675
2337,0,174
2337,1,261
2337,2,261
2337,3,261
2337,4,261
2338,0,971
2338,1,897
2338,2,897
2338,3,897
2338,4,897
2339,0,961
2339,1,961
2339,2,930
2339,3,961
2339,4,961
2340,0,503
2340,1,773
2340,2,773
2340,3,503
2340,4,773
2341,0,998
2341,1,998
2341,2,987
2341,3,998
2341,4,998
2342,0,600
2342,1,679
2342,2,600
2342,3,600
2342,4,600
2343,0,542
2343,1,542
2343,2,623
2343,3,749
2343,4,623
2344,0,62
2344,1,61
2344,2,61
2344,3,61
2344,4,62
2345,0,968
2345,1,868
2345,2,868
2345,3,762
2345,4,967
2346,0,413
2346,1,615
2346,2,413
2346,3,764
2346,4,465
2347,0,248
2347,1,248
2347,2,250
2347,3,248
2347,4,248
2348,0,578
2348,1,793
2348,2,578
2348,3,793
2348,4,578
2349,0,624
2349,1,633
2349,2,633
2349,3,481
2349,4,633
2350,0,451
2350,1,808
2350,2,515
2350,3,515
2350,4,808
2351,0,73
2351,1,74
2351,2,74
2351,3,74
2351,4,74
2352,0,538
2352,1,557
2352,2,557
2352,3,557
2352,4,557
2353,0,419
2353,1,237
2353,2,697
2353,3,419
2353,4,697
2354,0,106
2354,1,106
2354,2,106
2354,3,363
2354,4,106
2355,0,418
2355,1,418
2355,2,418
2355,3,418
2355,4,902
2356,0,54
2356,1,60
2356,2,60
2356,3,60
2356,4,65
2357,0,777
2357,1,885
2357,2,777
2357,3,777
2357,4,777
2358,0,809
2358,1,809
2358,2,618
2358,3,809
2358,4,809
2359,0,734
2359,1,654
2359,2,569
2359,3,734
2359,4,654
2360,0,527
2360,1,526
2360,2,527
2360,3,527
2360,4,527
2361,0,436
2361,1,468
2361,2,468
2361,3,468
2361,4,436
2362,0,469
2362,1,898
2362,2,773
2362,3,898
2362,4,883
2363,0,118
2363,1,118
2363,2,119
2363,3,118
2363,4,118
2364,0,222
2364,1,222
2364,2,222
2364,3,207
2364,4,222
2365,0,767
2365,1,767
2365,2,767
2365,3,769
2365,4,769
2366,0,769
2366,1,477
2366,2,477
2366,3,769
2366,4,477
2367,0,369
2367,1,368
2367,2,369
2367,3,368
2367,4,368
2368,0,108
2368,1,115
2368,2,329
2368,3,108
2368,4,115
2369,0,950
2369,1,950
2369,2,700
2369,3,950
2369,4,950
2370,0,860
2370,1,860
2370,2,498
2370,3,762
2370,4,498
2371,0,718
2371,1,405
2371,2,405
2371,3,405
2371,4,405
2372,0,638
2372,1,639
2372,2,638
2372,3,638
2372,4,639
2373,0,706
2373,1,706
2373,2,876
2373,3,706
2373,4,876
2374,0,303
2374,1,303
2374,2,307
2374,3,303
2374,4,303
2375,0,638
2375,1,638
2375,2,638
2375,3,638
2375,4,639
2376,0,830
2376,1,830
2376,2,652
2376,3,830
2376,4,830
2377,0,181
2377,1,181
2377,2,181
2377,3,267
2377,4,181
2378,0,708
2378,1,708
2378,2,708
2378,3,975
2378,4,708
2379,0,380
2379,1,382
2379,2,380
2379,3,380
2379,4,382
2380,0,973
2380,1,973
2380,2,973
2380,3,973
2380,4,108
2381,0,485
2381,1,482
2381,2,848
2381,3,482
2381,4,485
2382,0,601
2382,1,601
2382,2,601
2382,3,406
2382,4,601
2383,0,171
2383,1,172
2383,2,171
2383,3,171
2383,4,171
2384,0,935
2384,1,935
2384,2,962
2384,3,935
2384,4,962
2385,0,40
2385,1,46
2385,2,40
2385,3,40
2385,4,40
2386,0,120
2386,1,126
2386,2,122
2386,3,120
2386,4,118
2387,0,792
2387,1,792
2387,2,428
2387,3,792
2387,4,428
2388,0,938
2388,1,938
2388,2,937
2388,3,938
2388,4,937
2389,0,988
2389,1,113
2389,2,113
2389,3,113
2389,4,113
2390,0,123
2390,1,124
2390,2,123
2390,3,123
2390,4,124
2391,0,779
2391,1,779
2391,2,489
2391,3,779
2391,4,489
2392,0,876
2392,1,876
2392,2,876
2392,3,876
2392,4,435
2393,0,846
2393,1,619
2393,2,619
2393,3,619
2393,4,619
2394,0,678
2394,1,787
2394,2,787
2394,3,689
2394,4,787
2395,0,506
2395,1,512
2395,2,506
2395,3,506
2395,4,506
2396,0,477
2396,1,587
2396,2,784
2396,3,587
2396,4,477
2397,0,909
2397,1,909
2397,2,909
2397,3,909
2397,4,618
2398,0,263
2398,1,273
2398,2,263
2398,3,263
2398,4,263
2399,0,44
2399,1,60
2399,2,58
2399,3,62
2399,4,58
2400,0,698
2400,1,483
2400,2,483
2400,3,698
2400,4,483
2401,0,640
2401,1,567
2401,2,868
2401,3,987
2401,4,997
2402,0,698
2402,1,460
2402,2,460
2402,3,698
2402,4,975
2403,0,572
2403,1,968
2403,2,968
2403,3,572
2403,4,968
2404,0,803
2404,1,717
2404,2,803
2404,3,717
2404,4,803
2405,0,773
2405,1,773
2405,2,773
2405,3,773
2405,4,883
2406,0,251
2406,1,199
2406,2,251
2406,3,251
2406,4,251
2407,0,885
2407,1,885
2407,2,885
2407,3,529
2407,4,885
2408,0,441
2408,1,440
2408,2,440
2408,3,440
2408,4,440
2409,0,768
2409,1,830
2409,2,830
2409,3,830
2409,4,830
2410,0,764
2410,1,413
2410,2,413
2410,3,764
2410,4,413
2411,0,493
2411,1,526
2411,2,493
2411,3,493
2411,4,493
2412,0,619
2412,1,619
2412,2,728
2412,3,619
2412,4,619
2413,0,682
2413,1,649
2413,2,682
2413,3,497
2413,4,682
2414,0,664
2414,1,527
2414,2,664
2414,3,527
2414,4,664
2415,0,834
2415,1,487
2415,2,487
2415,3,487
2415,4,714
2416,0,268
2416,1,363
2416,2,341
2416,3,268
2416,4,341
2417,0,846
2417,1,846
2417,2,846
2417,3,619
2417,4,619
2418,0,880
2418,1,880
2418,2,731
2418,3,731
2418,4,880
2419,0,710
2419,1,710
2419,2,767
2419,3,710
2419,4,710
2420,0,338
2420,1,338
2420,2,338
2420,3,330
2420,4,338
2421,0,764
2421,1,764
2421,2,764
2421,3,514
2421,4,764
2422,0,504
2422,1,725
2422,2,504
2422,3,504
2422,4,504
2423,0,204
2423,1,155
2423,2,155
2423,3,204
2423,4,155
2424,0,743
2424,1,381
2424,2,743
2424,3,743
2424,4,743
2425,0,737
2425,1,899
2425,2,883
2425,3,899
2425,4,901
2426,0,53
2426,1,58
2426,2,58
2426,3,58
2426,4,58
2427,0,310
2427,1,310
2427,2,310
2427,3,320
2427,4,310
2428,0,759
2428,1,745
2428,2,745
2428,3,745
2428,4,745
2429,0,327
2429,1,108
2429,2,327
2429,3,327
2429,4,108
2430,0,483
2430,1,743
2430,2,743
2430,3,483
2430,4,743
2431,0,384
2431,1,384
2431,2,384
2431,3,384
2431,4,383
2432,0,270
2432,1,269
2432,2,269
2432,3,270
2432,4,269
2433,0,855
2433,1,855
2433,2,855
2433,3,623
2433,4,855
2434,0,26
2434,1,26
2434,2,26
2434,3,32
2434,4,26
2435,0,693
2435,1,693
2435,2,693
2435,3,693
2435,4,472
2436,0,724
2436,1,724
2436,2,913
2436,3,724
2436,4,913
2437,0,567
2437,1,942
2437,2,567
2437,3,868
2437,4,567
2438,0,391
2438,1,391
2438,2,391
2438,3,499
2438,4,390
2439,0,282
2439,1,281
2439,2,281
2439,3,281
2439,4,282
2440,0,166
2440,1,162
2440,2,166
2440,3,166
2440,4,166
2441,0,911
2441,1,735
2441,2,911
2441,3,911
2441,4,911
2442,0,503
2442,1,968
2442,2,966
2442,3,503
2442,4,503
2443,0,391
2443,1,391
2443,2,4
2443,3,4
2443,4,391
2444,0,32
2444,1,31
2444,2,32
2444,3,32
2444,4,32
2445,0,891
2445,1,891
2445,2,827
2445,3,891
2445,4,891
2446,0,426
2446,1,826
2446,2,409
2446,3,426
2446,4,635
2447,0,448
2447,1,448
2447,2,679
2447,3,448
2447,4,455
2448,0,104
2448,1,273
2448,2,104
2448,3,273
2448,4,104
2449,0,766
2449,1,341
2449,2,766
2449,3,766
2449,4,766
2450,0,16
2450,1,16
2450,2,18
2450,3,16
2450,4,18
2451,0,731
2451,1,731
2451,2,731
2451,3,731
2451,4,736
2452,0,865
2452,1,509
2452,2,509
2452,3,509
2452,4,509
2453,0,774
2453,1,770
2453,2,770
2453,3,770
2453,4,770
2454,0,186
2454,1,186
2454,2,185
2454,3,186
2454,4,185
2455,0,440
2455,1,440
2455,2,760
2455,3,440
2455,4,440
2456,0,462
2456,1,523
2456,2,523
2456,3,462
2456,4,523
2457,0,435
2457,1,794
2457,2,794
2457,3,435
2457,4,794
2458,0,683
2458,1,432
2458,2,432
2458,3,683
2458,4,683
2459,0,784
2459,1,446
2459,2,767
2459,3,692
2459,4,446
2460,0,231
2460,1,231
2460,2,230
2460,3,231
2460,4,231
2461,0,204
2461,1,155
2461,2,155
2461,3,155
2461,4,155
2462,0,266
2462,1,265
2462,2,267
2462,3,266
2462,4,266
2463,0,451
2463,1,684
2463,2,451
2463,3,451
2463,4,451
2464,0,725
2464,1,725
2464,2,725
2464,3,725
2464,4,899
2465,0,528
2465,1,902
2465,2,310
2465,3,310
2465,4,310
2466,0,682
2466,1,835
2466,2,682
2466,3,682
2466,4,835
2467,0,234
2467,1,234
2467,2,214
2467,3,244
2467,4,234
2468,0,718
2468,1,718
2468,2,839
2468,3,718
2468,4,718
2469,0,240
2469,1,240
2469,2,241
2469,3,240
2469,4,240
2470,0,961
2470,1,961
2470,2,930
2470,3,930
2470,4,544
2471,0,923
2471,1,923
2471,2,987
2471,3,923
2471,4,987
2472,0,261
2472,1,261
2472,2,174
2472,3,261
2472,4,174
2473,0,775
2473,1,602
2473,2,775
2473,3,837
2473,4,775
2474,0,578
2474,1,982
2474,2,578
2474,3,578
2474,4,578
2475,0,446
2475,1,446
2475,2,893
2475,3,446
2475,4,446
2476,0,598
2476,1,851
2476,2,851
2476,3,598
2476,4,851
2477,0,98
2477,1,97
2477,2,97
2477,3,97
2477,4,97
2478,0,462
2478,1,882
2478,2,882
2478,3,462
2478,4,882
2479,0,844
2479,1,844
2479,2,686
2479,3,744
2479,4,686
2480,0,531
2480,1,531
2480,2,531
2480,3,806
2480,4,531
2481,0,637
2481,1,412
2481,2,412
2481,3,637
2481,4,412
2482,0,513
2482,1,776
2482,2,776
2482,3,776
2482,4,513
2483,0,327
2483,1,327
2483,2,329
2483,3,112
2483,4,327
2484,0,526
2484,1,553
2484,2,553
2484,3,553
2484,4,526
2485,0,35
2485,1,35
2485,2,35
2485,3,35
2485,4,37
2486,0,880
2486,1,429
2486,2,837
2486,3,414
2486,4,474
2487,0,202
2487,1,184
2487,2,202
2487,3,202
2487,4,202
2488,0,228
2488,1,265
2488,2,265
2488,3,265
2488,4,265
2489,0,998
2489,1,998
2489,2,987
2489,3,998
2489,4,998
2490,0,995
2490,1,995
2490,2,995
2490,3,995
2490,4,994
2491,0,896
2491,1,804
2491,2,804
2491,3,896
2491,4,711
2492,0,750
2492,1,655
2492,2,655
2492,3,655
2492,4,655
2493,0,400
2493,1,636
2493,2,667
2493,3,473
2493,4,667
2494,0,864
2494,1,569
2494,2,864
2494,3,864
2494,4,864
2495,0,64
2495,1,59
2495,2,64
2495,3,64
2495,4,64
2496,0,582
2496,1,582
2496,2,617
2496,3,582
2496,4,617
2497,0,433
2497,1,801
2497,2,433
2497,3,842
2497,4,639
2498,0,453
2498,1,495
2498,2,894
2498,3,453
2498,4,894
2499,0,652
2499,1,652
2499,2,652
2499,3,715
2499,4,652
2500,0,803
2500,1,561
2500,2,803
2500,3,803
2500,4,803
2501,0,494
2501,1,442
2501,2,494
2501,3,494
2501,4,494
2502,0,651
2502,1,651
2502,2,651
2502,3,651
2502,4,187
2503,0,121
2503,1,123
2503,2,123
2503,3,121
2503,4,123
2504,0,637
2504,1,637
2504,2,637
2504,3,704
2504,4,704
2505,0,952
2505,1,952
2505,2,124
2505,3,952
2505,4,124
2506,0,460
2506,1,460
2506,2,517
2506,3,913
2506,4,460
2507,0,424
2507,1,454
2507,2,424
2507,3,415
2507,4,424
2508,0,909
2508,1,926
2508,2,909
2508,3,909
2508,4,909
2509,0,454
2509,1,762
2509,2,424
2509,3,762
2509,4,424
2510,0,212
2510,1,212
2510,2,212
2510,3,217
2510,4,212
2511,0,680
2511,1,680
2511,2,691
2511,3,691
2511,4,691
2512,0,281
2512,1,282
2512,2,282
2512,3,281
2512,4,281
2513,0,111
2513,1,60
2513,2,111
2513,3,60
2513,4,111
2514,0,879
2514,1,636
2514,2,879
2514,3,879
2514,4,600
2515,0,837
2515,1,838
2515,2,838
2515,3,838
2515,4,838
2516,0,870
2516,1,697
2516,2,870
2516,3,870
2516,4,417
2517,0,910
2517,1,748
2517,2,464
2517,3,451
2517,4,961
2518,0,342
2518,1,342
2518,2,342
2518,3,342
2518,4,343
2519,0,883
2519,1,883
2519,2,883
2519,3,773
2519,4,883
2520,0,68
2520,1,68
2520,2,68
2520,3,66
2520,4,68
2521,0,424
2521,1,423
2521,2,424
2521,3,424
2521,4,424
2522,0,709
2522,1,709
2522,2,709
2522,3,893
2522,4,709
2523,0,125
2523,1,116
2523,2,116
2523,3,113
2523,4,116
2524,0,244
2524,1,244
2524,2,244
2524,3,269
2524,4,244
2525,0,931
2525,1,969
2525,2,969
2525,3,631
2525,4,969
2526,0,280
2526,1,280
2526,2,280
2526,3,342
2526,4,280
2527,0,348
2527,1,825
2527,2,825
2527,3,825
2527,4,825
2528,0,270
2528,1,258
2528,2,270
2528,3,270
2528,4,248
2529,0,737
2529,1,503
2529,2,503
2529,3,647
2529,4,503
2530,0,249
2530,1,249
2530,2,248
2530,3,250
2530,4,250
2531,0,655
2531,1,655
2531,2,707
2531,3,655
2531,4,655
2532,0,468
2532,1,530
2532,2,530
2532,3,530
2532,4,530
2533,0,457
2533,1,457
2533,2,906
2533,3,457
2533,4,457
2534,0,380
2534,1,382
2534,2,382
2534,3,380
2534,4,380
2535,0,725
2535,1,883
2535,2,738
2535,3,883
2535,4,883
2536,0,411
2536,1,411
2536,2,411
2536,3,411
2536,4,591
2537,0,879
2537,1,582
2537,2,879
2537,3,879
2537,4,879
2538,0,516
2538,1,520
2538,2,520
2538,3,516
2538,4,520
2539,0,819
2539,1,981
2539,2,921
2539,3,456
2539,4,611
2540,0,421
2540,1,421
2540,2,912
2540,3,421
2540,4,912
2541,0,347
2541,1,347
2541,2,347
2541,3,345
2541,4,269
2542,0,848
2542,1,848
2542,2,848
2542,3,754
2542,4,848
2543,0,721
2543,1,721
2543,2,885
2543,3,885
2543,4,721
2544,0,928
2544,1,928
2544,2,928
2544,3,928
2544,4,960
2545,0,939
2545,1,939
2545,2,942
2545,3,942
2545,4,942
2546,0,869
2546,1,869
2546,2,617
2546,3,617
2546,4,617
2547,0,427
2547,1,822
2547,2,427
2547,3,427
2547,4,427
2548,0,85
2548,1,85
2548,2,85
2548,3,86
2548,4,85
2549,0,643
2549,1,643
2549,2,643
2549,3,501
2549,4,643
2550,0,68
2550,1,68
2550,2,66
2550,3,66
2550,4,68
2551,0,932
2551,1,923
2551,2,923
2551,3,923
2551,4,923
2552,0,435
2552,1,876
2552,2,435
2552,3,876
2552,4,435
2553,0,419
2553,1,419
2553,2,934
2553,3,419
2553,4,934
2554,0,440
2554,1,440
2554,2,737
2554,3,440
2554,4,440
2555,0,911
2555,1,911
2555,2,658
2555,3,911
2555,4,658
2556,0,970
2556,1,872
2556,2,483
2556,3,872
2556,4,972
2557,0,926
2557,1,926
2557,2,926
2557,3,909
2557,4,926
2558,0,651
2558,1,521
2558,2,521
2558,3,651
2558,4,521
2559,0,996
2559,1,991
2559,2,991
2559,3,996
2559,4,991
2560,0,150
2560,1,34
2560,2,150
2560,3,34
2560,4,150
2561,0,454
2561,1,527
2561,2,811
2561,3,454
2561,4,454
2562,0,599
2562,1,692
2562,2,599
2562,3,599
2562,4,599
2563,0,852
2563,1,752
2563,2,852
2563,3,852
2563,4,852
2564,0,738
2564,1,738
2564,2,463
2564,3,738
2564,4,738
2565,0,180
2565,1,180
2565,2,172
2565,3,180
2565,4,180
2566,0,868
2566,1,539
2566,2,640
2566,3,539
2566,4,539
2567,0,70
2567,1,70
2567,2,313
2567,3,70
2567,4,313
2568,0,618
2568,1,641
2568,2,641
2568,3,641
2568,4,618
2569,0,457
2569,1,982
2569,2,457
2569,3,457
2569,4,457
2570,0,836
2570,1,837
2570,2,836
2570,3,837
2570,4,837
2571,0,759
2571,1,759
2571,2,796
2571,3,759
2571,4,759
2572,0,883
2572,1,725
2572,2,725
2572,3,725
2572,4,725
2573,0,978
2573,1,977
2573,2,977
2573,3,977
2573,4,977
2574,0,305
2574,1,300
2574,2,305
2574,3,305
2574,4,304
2575,0,66
2575,1,68
2575,2,66
2575,3,66
2575,4,66
2576,0,39
2576,1,46
2576,2,39
2576,3,39
2576,4,39
2577,0,657
2577,1,657
2577,2,744
2577,3,657
2577,4,657
2578,0,594
2578,1,594
2578,2,681
2578,3,594
2578,4,594
2579,0,479
2579,1,581
2579,2,436
2579,3,479
2579,4,436
2580,0,679
2580,1,813
2580,2,584
2580,3,679
2580,4,584
2581,0,494
2581,1,442
2581,2,494
2581,3,494
2581,4,494
2582,0,916
2582,1,681
2582,2,916
2582,3,916
2582,4,916
2583,0,396
2583,1,6
2583,2,396
2583,3,973
2583,4,396
2584,0,836
2584,1,837
2584,2,837
2584,3,837
2584,4,837
2585,0,773
2585,1,604
2585,2,773
2585,3,773
2585,4,773
2586,0,772
2586,1,772
2586,2,610
2586,3,610
2586,4,610
2587,0,660
2587,1,757
2587,2,660
2587,3,757
2587,4,757
2588,0,513
2588,1,566
2588,2,513
2588,3,875
2588,4,513
2589,0,529
2589,1,529
2589,2,516
2589,3,529
2589,4,529
2590,0,619
2590,1,818
2590,2,619
2590,3,619
2590,4,619
2591,0,407
2591,1,734
2591,2,654
2591,3,734
2591,4,734
2592,0,600
2592,1,600
2592,2,421
2592,3,600
2592,4,600
2593,0,482
2593,1,848
2593,2,848
2593,3,848
2593,4,848
2594,0,68
2594,1,68
2594,2,68
2594,3,68
2594,4,66
2595,0,651
2595,1,532
2595,2,532
2595,3,651
2595,4,651
2596,0,421
2596,1,799
2596,2,498
2596,3,799
2596,4,498
2597,0,711
2597,1,760
2597,2,521
2597,3,931
2597,4,827
2598,0,772
2598,1,772
2598,2,772
2598,3,203
2598,4,772
2599,0,544
2599,1,909
2599,2,909
2599,3,544
2599,4,909
2600,0,899
2600,1,899
2600,2,725
2600,3,725
2600,4,725
2601,0,482
2601,1,848
2601,2,481
2601,3,848
2601,4,481
2602,0,598
2602,1,598
2602,2,598
2602,3,851
2602,4,598
2603,0,785
2603,1,785
2603,2,785
2603,3,785
2603,4,597
2604,0,848
2604,1,848
2604,2,613
2604,3,848
2604,4,613
2605,0,696
2605,1,681
2605,2,632
2605,3,664
2605,4,632
2606,0,411
2606,1,411
2606,2,411
2606,3,414
2606,4,414
2607,0,106
2607,1,106
2607,2,106
2607,3,347
2607,4,106
2608,0,810
2608,1,810
2608,2,878
2608,3,878
2608,4,810
2609,0,555
2609,1,652
2609,2,555
2609,3,555
2609,4,555
2610,0,500
2610,1,106
2610,2,106
2610,3,106
2610,4,703
2611,0,335
2611,1,703
2611,2,335
2611,3,703
2611,4,703
2612,0,529
2612,1,529
2612,2,979
2612,3,529
2612,4,529
2613,0,850
2613,1,158
2613,2,850
2613,3,158
2613,4,850
2614,0,460
2614,1,976
2614,2,976
2614,3,976
2614,4,976
2615,0,415
2615,1,415
2615,2,930
2615,3,415
2615,4,954
2616,0,819
2616,1,546
2616,2,546
2616,3,819
2616,4,819
2617,0,723
2617,1,830
2617,2,723
2617,3,723
2617,4,723
2618,0,767
2618,1,709
2618,2,709
2618,3,709
2618,4,709
2619,0,651
2619,1,651
2619,2,651
2619,3,851
2619,4,651
2620,0,746
2620,1,746
2620,2,844
2620,3,844
2620,4,844
2621,0,281
2621,1,281
2621,2,282
2621,3,281
2621,4,281
2622,0,63
2622,1,62
2622,2,62
2622,3,61
2622,4,62
2623,0,467
2623,1,766
2623,2,467
2623,3,766
2623,4,467
2624,0,421
2624,1,421
2624,2,421
2624,3,506
2624,4,506
2625,0,638
2625,1,638
2625,2,639
2625,3,638
2625,4,638
2626,0,193
2626,1,193
2626,2,193
2626,3,201
2626,4,193
2627,0,60
2627,1,60
2627,2,60
2627,3,58
2627,4,60
2628,0,898
2628,1,898
2628,2,898
2628,3,899
2628,4,898
2629,0,506
2629,1,506
2629,2,506
2629,3,506
2629,4,698
2630,0,222
2630,1,257
2630,2,222
2630,3,222
2630,4,222
2631,0,667
2631,1,400
2631,2,667
2631,3,667
2631,4,667
2632,0,720
2632,1,604
2632,2,838
2632,3,747
2632,4,419
2633,0,621
2633,1,621
2633,2,573
2633,3,621
2633,4,621
2634,0,287
2634,1,287
2634,2,287
2634,3,282
2634,4,285
2635,0,129
2635,1,129
2635,2,600
2635,3,523
2635,4,600
2636,0,640
2636,1,640
2636,2,835
2636,3,640
2636,4,458
2637,0,240
2637,1,241
2637,2,239
2637,3,240
2637,4,240
2638,0,629
2638,1,629
2638,2,626
2638,3,629
2638,4,629
2639,0,453
2639,1,453
2639,2,454
2639,3,453
2639,4,453
2640,0,509
2640,1,886
2640,2,886
2640,3,737
2640,4,886
2641,0,978
2641,1,978
2641,2,978
2641,3,975
2641,4,978
2642,0,435
2642,1,859
2642,2,534
2642,3,700
2642,4,859
2643,0,865
2643,1,509
2643,2,509
2643,3,865
2643,4,509
2644,0,16
2644,1,16
2644,2,16
2644,3,80
2644,4,16
2645,0,851
2645,1,598
2645,2,851
2645,3,598
2645,4,851
2646,0,650
2646,1,650
2646,2,650
2646,3,837
2646,4,650
2647,0,299
2647,1,279
2647,2,299
2647,3,299
2647,4,299
2648,0,515
2648,1,775
2648,2,775
2648,3,515
2648,4,775
2649,0,646
2649,1,646
2649,2,646
2649,3,488
2649,4,646
2650,0,742
2650,1,742
2650,2,786
2650,3,742
2650,4,742
2651,0,348
2651,1,349
2651,2,348
2651,3,348
2651,4,348
2652,0,652
2652,1,413
2652,2,465
2652,3,465
2652,4,465
2653,0,962
2653,1,962
2653,2,962
2653,3,962
2653,4,930
2654,0,5
2654,1,30
2654,2,69
2654,3,728
2654,4,103
2655,0,504
2655,1,901
2655,2,725
2655,3,725
2655,4,725
2656,0,452
2656,1,452
2656,2,793
2656,3,452
2656,4,452
2657,0,54
2657,1,63
2657,2,67
2657,3,43
2657,4,67
2658,0,489
2658,1,489
2658,2,489
2658,3,828
2658,4,489
2659,0,673
2659,1,673
2659,2,613
2659,3,613
2659,4,673
2660,0,909
2660,1,567
2660,2,567
2660,3,567
2660,4,567
2661,0,850
2661,1,267
2661,2,267
2661,3,850
2661,4,267
2662,0,182
2662,1,182
2662,2,184
2662,3,182
2662,4,184
2663,0,43
2663,1,43
2663,2,43
2663,3,43
2663,4,42
2664,0,608
2664,1,728
2664,2,728
2664,3,636
2664,4,728
2665,0,404
2665,1,405
2665,2,405
2665,3,405
2665,4,914
2666,0,725
2666,1,725
2666,2,505
2666,3,505
2666,4,725
2667,0,424
2667,1,860
2667,2,498
2667,3,481
2667,4,919
2668,0,903
2668,1,678
2668,2,903
2668,3,523
2668,4,905
2669,0,212
2669,1,181
2669,2,181
2669,3,222
2669,4,181
2670,0,876
2670,1,876
2670,2,435
2670,3,876
2670,4,435
2671,0,459
2671,1,589
2671,2,589
2671,3,824
2671,4,434
2672,0,657
2672,1,657
2672,2,744
2672,3,744
2672,4,657
2673,0,184
2673,1,188
2673,2,188
2673,3,184
2673,4,188
2674,0,671
2674,1,671
2674,2,671
2674,3,671
2674,4,518
2675,0,851
2675,1,361
2675,2,68
2675,3,362
2675,4,67
2676,0,720
2676,1,720
2676,2,883
2676,3,720
2676,4,509
2677,0,599
2677,1,599
2677,2,917
2677,3,599
2677,4,917
2678,0,454
2678,1,454
2678,2,454
2678,3,570
2678,4,454
2679,0,659
2679,1,927
2679,2,968
2679,3,968
2679,4,960
2680,0,120
2680,1,314
2680,2,317
2680,3,120
2680,4,317
2681,0,429
2681,1,981
2681,2,981
2681,3,429
2681,4,981
2682,0,846
2682,1,807
2682,2,619
2682,3,409
2682,4,807
2683,0,798
2683,1,798
2683,2,798
2683,3,549
2683,4,769
2684,0,950
2684,1,950
2684,2,950
2684,3,950
2684,4,952
2685,0,764
2685,1,413
2685,2,413
2685,3,413
2685,4,764
2686,0,867
2686,1,867
2686,2,675
2686,3,867
2686,4,867
2687,0,889
2687,1,402
2687,2,889
2687,3,851
2687,4,889
2688,0,391
2688,1,391
2688,2,391
2688,3,389
2688,4,391
2689,0,802
2689,1,802
2689,2,802
2689,3,518
2689,4,802
2690,0,204
2690,1,155
2690,2,155
2690,3,155
2690,4,155
2691,0,250
2691,1,248
2691,2,250
2691,3,248
2691,4,250
2692,0,520
2692,1,520
2692,2,520
2692,3,431
2692,4,520
2693,0,579
2693,1,406
2693,2,399
2693,3,406
2693,4,399
2694,0,541
2694,1,977
2694,2,541
2694,3,541
2694,4,541
2695,0,149
2695,1,103
2695,2,360
2695,3,149
2695,4,103
2696,0,909
2696,1,567
2696,2,567
2696,3,618
2696,4,909
2697,0,910
2697,1,910
2697,2,696
2697,3,922
2697,4,813
2698,0,875
2698,1,875
2698,2,875
2698,3,513
2698,4,875
2699,0,411
2699,1,906
2699,2,906
2699,3,760
2699,4,906
2700,0,436
2700,1,479
2700,2,436
2700,3,468
2700,4,468
2701,0,246
2701,1,178
2701,2,246
2701,3,246
2701,4,246
2702,0,624
2702,1,624
2702,2,454
2702,3,624
2702,4,454
2703,0,830
2703,1,537
2703,2,450
2703,3,830
2703,4,450
2704,0,515
2704,1,515
2704,2,515
2704,3,515
2704,4,652
2705,0,723
2705,1,723
2705,2,455
2705,3,893
2705,4,455
2706,0,966
2706,1,572
2706,2,966
2706,3,572
2706,4,966
2707,0,434
2707,1,434
2707,2,885
2707,3,434
2707,4,885
2708,0,434
2708,1,709
2708,2,709
2708,3,893
2708,4,748
2709,0,107
2709,1,107
2709,2,108
2709,3,107
2709,4,108
2710,0,454
2710,1,788
2710,2,415
2710,3,454
2710,4,415
2711,0,132
2711,1,131
2711,2,131
2711,3,132
2711,4,134
2712,0,744
2712,1,744
2712,2,744
2712,3,841
2712,4,744
2713,0,194
2713,1,204
2713,2,194
2713,3,194
2713,4,194
2714,0,242
2714,1,243
2714,2,243
2714,3,243
2714,4,243
2715,0,858
2715,1,858
2715,2,858
2715,3,858
2715,4,624
2716,0,68
2716,1,66
2716,2,66
2716,3,66
2716,4,66
2717,0,466
2717,1,466
2717,2,466
2717,3,829
2717,4,466
2718,0,358
2718,1,362
2718,2,357
2718,3,334
2718,4,362
2719,0,838
2719,1,838
2719,2,686
2719,3,838
2719,4,686
2720,0,874
2720,1,874
2720,2,874
2720,3,705
2720,4,705
2721,0,541
2721,1,541
2721,2,542
2721,3,542
2721,4,542
2722,0,663
2722,1,972
2722,2,663
2722,3,663
2722,4,663
2723,0,132
2723,1,147
2723,2,147
2723,3,147
2723,4,147
2724,0,200
2724,1,233
2724,2,200
2724,3,200
2724,4,200
2725,0,838
2725,1,582
2725,2,838
2725,3,838
2725,4,838
2726,0,548
2726,1,598
2726,2,548
2726,3,548
2726,4,548
2727,0,463
2727,1,828
2727,2,435
2727,3,463
2727,4,463
2728,0,618
2728,1,544
2728,2,926
2728,3,469
2728,4,926
2729,0,445
2729,1,445
2729,2,445
2729,3,445
2729,4,638
2730,0,75
2730,1,815
2730,2,75
2730,3,75
2730,4,73
2731,0,926
2731,1,926
2731,2,909
2731,3,926
2731,4,926
2732,0,194
2732,1,194
2732,2,190
2732,3,194
2732,4,190
2733,0,963
2733,1,963
2733,2,961
2733,3,963
2733,4,961
2734,0,193
2734,1,193
2734,2,187
2734,3,201
2734,4,187
2735,0,452
2735,1,452
2735,2,773
2735,3,452
2735,4,773
2736,0,921
2736,1,921
2736,2,446
2736,3,478
2736,4,446
2737,0,62
2737,1,61
2737,2,62
2737,3,62
2737,4,62
2738,0,232
2738,1,151
2738,2,232
2738,3,232
2738,4,151
2739,0,941
2739,1,941
2739,2,940
2739,3,941
2739,4,940
2740,0,790
2740,1,790
2740,2,790
2740,3,588
2740,4,588
2741,0,973
2741,1,124
2741,2,123
2741,3,973
2741,4,973
2742,0,455
2742,1,868
2742,2,787
2742,3,455
2742,4,868
2743,0,766
2743,1,415
2743,2,923
2743,3,415
2743,4,762
2744,0,599
2744,1,988
2744,2,126
2744,3,126
2744,4,995
2745,0,624
2745,1,624
2745,2,400
2745,3,400
2745,4,400
2746,0,978
2746,1,978
2746,2,837
2746,3,978
2746,4,824
2747,0,62
2747,1,62
2747,2,61
2747,3,61
2747,4,62
2748,0,961
2748,1,961
2748,2,930
2748,3,930
2748,4,961
2749,0,189
2749,1,189
2749,2,189
2749,3,189
2749,4,184
2750,0,633
2750,1,746
2750,2,551
2750,3,746
2750,4,633
2751,0,548
2751,1,526
2751,2,548
2751,3,526
2751,4,526
2752,0,835
2752,1,640
2752,2,640
2752,3,835
2752,4,835
2753,0,785
2753,1,785
2753,2,785
2753,3,759
2753,4,785
2754,0,536
2754,1,536
2754,2,536
2754,3,536
2754,4,780
2755,0,318
2755,1,318
2755,2,312
2755,3,312
2755,4,312
2756,0,692
2756,1,478
2756,2,969
2756,3,478
2756,4,969
2757,0,652
2757,1,652
2757,2,609
2757,3,652
2757,4,413
2758,0,201
2758,1,201
2758,2,201
2758,3,187
2758,4,201
2759,0,714
2759,1,838
2759,2,631
2759,3,838
2759,4,838
2760,0,750
2760,1,797
2760,2,750
2760,3,797
2760,4,750
2761,0,162
2761,1,159
2761,2,162
2761,3,159
2761,4,159
2762,0,738
2762,1,44
2762,2,44
2762,3,738
2762,4,44
2763,0,523
2763,1,523
2763,2,523
2763,3,834
2763,4,457
2764,0,655
2764,1,655
2764,2,474
2764,3,655
2764,4,474
2765,0,928
2765,1,659
2765,2,962
2765,3,659
2765,4,962
2766,0,758
2766,1,758
2766,2,733
2766,3,758
2766,4,758
2767,0,624
2767,1,624
2767,2,454
2767,3,624
2767,4,454
2768,0,590
2768,1,487
2768,2,590
2768,3,487
2768,4,590
2769,0,528
2769,1,786
2769,2,613
2769,3,784
2769,4,528
2770,0,371
2770,1,372
2770,2,371
2770,3,372
2770,4,372
2771,0,536
2771,1,484
2771,2,536
2771,3,536
2771,4,536
2772,0,866
2772,1,866
2772,2,866
2772,3,856
2772,4,866
2773,0,555
2773,1,740
2773,2,740
2773,3,555
2773,4,740
2774,0,728
2774,1,728
2774,2,961
2774,3,728
2774,4,728
2775,0,639
2775,1,638
2775,2,638
2775,3,638
2775,4,638
2776,0,821
2776,1,718
2776,2,821
2776,3,821
2776,4,821
2777,0,578
2777,1,601
2777,2,578
2777,3,578
2777,4,578
2778,0,706
2778,1,706
2778,2,706
2778,3,706
2778,4,762
2779,0,815
2779,1,815
2779,2,815
2779,3,90
2779,4,815
2780,0,432
2780,1,432
2780,2,432
2780,3,432
2780,4,683
2781,0,195
2781,1,151
2781,2,151
2781,3,245
2781,4,151
2782,0,630
2782,1,630
2782,2,630
2782,3,630
2782,4,502
2783,0,678
2783,1,978
2783,2,678
2783,3,678
2783,4,678
2784,0,242
2784,1,247
2784,2,247
2784,3,247
2784,4,242
2785,0,750
2785,1,750
2785,2,564
2785,3,750
2785,4,750
2786,0,577
2786,1,816
2786,2,577
2786,3,577
2786,4,577
2787,0,811
2787,1,905
2787,2,905
2787,3,905
2787,4,905
2788,0,473
2788,1,512
2788,2,512
2788,3,512
2788,4,512
2789,0,858
2789,1,858
2789,2,858
2789,3,728
2789,4,728
2790,0,925
2790,1,809
2790,2,959
2790,3,925
2790,4,925
2791,0,883
2791,1,883
2791,2,883
2791,3,883
2791,4,653
2792,0,636
2792,1,636
2792,2,748
2792,3,636
2792,4,748
2793,0,367
2793,1,367
2793,2,366
2793,3,367
2793,4,367
2794,0,303
2794,1,303
2794,2,307
2794,3,303
2794,4,303
2795,0,895
2795,1,403
2795,2,403
2795,3,895
2795,4,895
2796,0,107
2796,1,107
2796,2,107
2796,3,619
2796,4,107
2797,0,813
2797,1,923
2797,2,923
2797,3,923
2797,4,813
2798,0,713
2798,1,897
2798,2,897
2798,3,713
2798,4,897
2799,0,505
2799,1,505
2799,2,505
2799,3,505
2799,4,738
2800,0,893
2800,1,893
2800,2,549
2800,3,893
2800,4,549
2801,0,534
2801,1,534
2801,2,411
2801,3,534
2801,4,411
2802,0,353
2802,1,352
2802,2,351
2802,3,353
2802,4,352
2803,0,572
2803,1,572
2803,2,441
2803,3,572
2803,4,572
2804,0,459
2804,1,459
2804,2,459
2804,3,638
2804,4,459
2805,0,593
2805,1,902
2805,2,902
2805,3,902
2805,4,902
2806,0,905
2806,1,504
2806,2,504
2806,3,487
2806,4,504
2807,0,421
2807,1,681
2807,2,681
2807,3,421
2807,4,681
2808,0,248
2808,1,248
2808,2,250
2808,3,248
2808,4,248
2809,0,526
2809,1,526
2809,2,527
2809,3,526
2809,4,527
2810,0,708
2810,1,706
2810,2,706
2810,3,557
2810,4,708
2811,0,243
2811,1,180
2811,2,159
2811,3,243
2811,4,180
2812,0,527
2812,1,673
2812,2,633
2812,3,527
2812,4,633
2813,0,601
2813,1,655
2813,2,806
2813,3,601
2813,4,806
2814,0,837
2814,1,837
2814,2,836
2814,3,837
2814,4,836
2815,0,8
2815,1,397
2815,2,397
2815,3,9
2815,4,397
2816,0,64
2816,1,64
2816,2,59
2816,3,59
2816,4,64
2817,0,252
2817,1,226
2817,2,252
2817,3,177
2817,4,200
2818,0,620
2818,1,481
2818,2,481
2818,3,620
2818,4,481
2819,0,183
2819,1,189
2819,2,189
2819,3,183
2819,4,183
2820,0,692
2820,1,588
2820,2,509
2820,3,860
2820,4,509
2821,0,163
2821,1,163
2821,2,166
2821,3,163
2821,4,166
2822,0,331
2822,1,331
2822,2,330
2822,3,331
2822,4,331
2823,0,588
2823,1,588
2823,2,431
2823,3,431
2823,4,588
2824,0,654
2824,1,654
2824,2,757
2824,3,757
2824,4,757
2825,0,999
2825,1,999
2825,2,999
2825,3,831
2825,4,999
2826,0,758
2826,1,445
2826,2,775
2826,3,775
2826,4,836
2827,0,762
2827,1,762
2827,2,966
2827,3,762
2827,4,762
2828,0,784
2828,1,784
2828,2,710
2828,3,784
2828,4,449
2829,0,725
2829,1,725
2829,2,968
2829,3,725
2829,4,883
2830,0,597
2830,1,597
2830,2,597
2830,3,764
2830,4,597
2831,0,159
2831,1,159
2831,2,211
2831,3,211
2831,4,159
2832,0,479
2832,1,479
2832,2,535
2832,3,535
2832,4,479
2833,0,636
2833,1,748
2833,2,885
2833,3,885
2833,4,885
2834,0,417
2834,1,417
2834,2,405
2834,3,595
2834,4,417
2835,0,799
2835,1,799
2835,2,799
2835,3,905
2835,4,799
2836,0,72
2836,1,72
2836,2,74
2836,3,72
2836,4,72
2837,0,473
2837,1,473
2837,2,650
2837,3,600
2837,4,473
2838,0,192
2838,1,192
2838,2,192
2838,3,192
2838,4,186
2839,0,205
2839,1,224
2839,2,224
2839,3,205
2839,4,223
2840,0,669
2840,1,743
2840,2,743
2840,3,606
2840,4,743
2841,0,704
2841,1,704
2841,2,637
2841,3,637
2841,4,637
2842,0,825
2842,1,825
2842,2,460
2842,3,825
2842,4,460
2843,0,487
2843,1,826
2843,2,714
2843,3,487
2843,4,714
2844,0,749
2844,1,749
2844,2,749
2844,3,749
2844,4,584
2845,0,166
2845,1,162
2845,2,161
2845,3,162
2845,4,166
2846,0,843
2846,1,615
2846,2,615
2846,3,608
2846,4,615
2847,0,404
2847,1,908
2847,2,908
2847,3,908
2847,4,908
2848,0,885
2848,1,501
2848,2,501
2848,3,501
2848,4,501
2849,0,900
2849,1,417
2849,2,442
2849,3,497
2849,4,442
2850,0,828
2850,1,828
2850,2,809
2850,3,828
2850,4,828
2851,0,618
2851,1,735
2851,2,735
2851,3,474
2851,4,618
2852,0,747
2852,1,747
2852,2,747
2852,3,955
2852,4,747
2853,0,911
2853,1,911
2853,2,728
2853,3,728
2853,4,728
2854,0,485
2854,1,482
2854,2,482
2854,3,482
2854,4,482
2855,0,864
2855,1,627
2855,2,864
2855,3,864
2855,4,407
2856,0,794
2856,1,905
2856,2,905
2856,3,905
2856,4,905
2857,0,271
2857,1,235
2857,2,225
2857,3,225
2857,4,225
2858,0,904
2858,1,799
2858,2,799
2858,3,424
2858,4,799
2859,0,497
2859,1,663
2859,2,663
2859,3,663
2859,4,497
2860,0,598
2860,1,285
2860,2,285
2860,3,598
2860,4,285
2861,0,551
2861,1,551
2861,2,551
2861,3,629
2861,4,585
2862,0,44
2862,1,56
2862,2,56
2862,3,53
2862,4,60
2863,0,844
2863,1,754
2863,2,848
2863,3,455
2863,4,848
2864,0,836
2864,1,836
2864,2,542
2864,3,836
2864,4,542
2865,0,5
2865,1,6
2865,2,5
2865,3,5
2865,4,5
2866,0,534
2866,1,534
2866,2,651
2866,3,534
2866,4,534
2867,0,710
2867,1,482
2867,2,710
2867,3,461
2867,4,851
2868,0,907
2868,1,907
2868,2,907
2868,3,440
2868,4,907
2869,0,905
2869,1,743
2869,2,904
2869,3,743
2869,4,905
2870,0,119
2870,1,119
2870,2,120
2870,3,120
2870,4,120
2871,0,663
2871,1,663
2871,2,663
2871,3,442
2871,4,663
2872,0,731
2872,1,589
2872,2,740
2872,3,433
2872,4,589
2873,0,66
2873,1,66
2873,2,66
2873,3,54
2873,4,66
2874,0,413
2874,1,764
2874,2,413
2874,3,413
2874,4,413
2875,0,572
2875,1,816
2875,2,816
2875,3,816
2875,4,584
2876,0,217
2876,1,218
2876,2,217
2876,3,218
2876,4,218
2877,0,435
2877,1,876
2877,2,876
2877,3,876
2877,4,876
2878,0,911
2878,1,816
2878,2,911
2878,3,816
2878,4,816
2879,0,876
2879,1,736
2879,2,736
2879,3,819
2879,4,736
2880,0,373
2880,1,501
2880,2,501
2880,3,147
2880,4,501
2881,0,966
2881,1,966
2881,2,966
2881,3,907
2881,4,966
2882,0,59
2882,1,89
2882,2,64
2882,3,59
2882,4,64
2883,0,504
2883,1,849
2883,2,725
2883,3,746
2883,4,968
2884,0,101
2884,1,101
2884,2,386
2884,3,101
2884,4,101
2885,0,559
2885,1,764
2885,2,413
2885,3,559
2885,4,559
2886,0,971
2886,1,722
2886,2,722
2886,3,419
2886,4,722
2887,0,848
2887,1,482
2887,2,678
2887,3,848
2887,4,482
2888,0,633
2888,1,633
2888,2,862
2888,3,633
2888,4,633
2889,0,412
2889,1,946
2889,2,946
2889,3,946
2889,4,756
2890,0,679
2890,1,714
2890,2,714
2890,3,714
2890,4,714
2891,0,748
2891,1,748
2891,2,893
2891,3,748
2891,4,893
2892,0,996
2892,1,996
2892,2,991
2892,3,996
2892,4,996
2893,0,880
2893,1,444
2893,2,489
2893,3,444
2893,4,489
2894,0,848
2894,1,827
2894,2,848
2894,3,827
2894,4,827
2895,0,639
2895,1,639
2895,2,639
2895,3,638
2895,4,639
2896,0,349
2896,1,349
2896,2,348
2896,3,348
2896,4,349
2897,0,186
2897,1,192
2897,2,186
2897,3,192
2897,4,192
2898,0,678
2898,1,112
2898,2,678
2898,3,837
2898,4,837
2899,0,545
2899,1,573
2899,2,751
2899,3,751
2899,4,751
2900,0,766
2900,1,467
2900,2,766
2900,3,766
2900,4,762
2901,0,712
2901,1,712
2901,2,617
2901,3,712
2901,4,712
2902,0,887
2902,1,887
2902,2,887
2902,3,501
2902,4,887
2903,0,758
2903,1,395
2903,2,758
2903,3,758
2903,4,395
2904,0,557
2904,1,456
2904,2,733
2904,3,733
2904,4,733
2905,0,435
2905,1,435
2905,2,435
2905,3,435
2905,4,876
2906,0,748
2906,1,893
2906,2,748
2906,3,748
2906,4,748
2907,0,526
2907,1,527
2907,2,527
2907,3,526
2907,4,527
2908,0,837
2908,1,836
2908,2,837
2908,3,837
2908,4,837
2909,0,917
2909,1,917
2909,2,922
2909,3,917
2909,4,922
2910,0,795
2910,1,795
2910,2,746
2910,3,795
2910,4,746
2911,0,618
2911,1,618
2911,2,618
2911,3,787
2911,4,729
2912,0,69
2912,1,126
2912,2,79
2912,3,69
2912,4,126
2913,0,271
2913,1,271
2913,2,271
2913,3,271
2913,4,272
2914,0,400
2914,1,400
2914,2,400
2914,3,400
2914,4,667
2915,0,846
2915,1,846
2915,2,619
2915,3,846
2915,4,619
2916,0,655
2916,1,788
2916,2,788
2916,3,655
2916,4,788
2917,0,761
2917,1,761
2917,2,632
2917,3,636
2917,4,754
2918,0,679
2918,1,679
2918,2,679
2918,3,679
2918,4,584
2919,0,373
2919,1,373
2919,2,373
2919,3,380
2919,4,373
2920,0,605
2920,1,761
2920,2,761
2920,3,761
2920,4,761
2921,0,911
2921,1,796
2921,2,796
2921,3,911
2921,4,796
2922,0,40
2922,1,40
2922,2,46
2922,3,40
2922,4,40
2923,0,435
2923,1,435
2923,2,435
2923,3,435
2923,4,876
2924,0,863
2924,1,863
2924,2,365
2924,3,863
2924,4,863
2925,0,828
2925,1,828
2925,2,926
2925,3,828
2925,4,828
2926,0,310
2926,1,79
2926,2,79
2926,3,79
2926,4,79
2927,0,608
2927,1,411
2927,2,608
2927,3,411
2927,4,608
2928,0,404
2928,1,908
2928,2,895
2928,3,895
2928,4,404
2929,0,663
2929,1,743
2929,2,663
2929,3,663
2929,4,663
2930,0,119
2930,1,119
2930,2,120
2930,3,120
2930,4,120
2931,0,428
2931,1,905
2931,2,825
2931,3,905
2931,4,905
2932,0,817
2932,1,751
2932,2,751
2932,3,751
2932,4,751
2933,0,21
2933,1,460
2933,2,146
2933,3,13
2933,4,146
2934,0,861
2934,1,861
2934,2,861
2934,3,728
2934,4,728
2935,0,689
2935,1,689
2935,2,819
2935,3,689
2935,4,601
2936,0,976
2936,1,976
2936,2,978
2936,3,976
2936,4,976
2937,0,231
2937,1,230
2937,2,231
2937,3,231
2937,4,231
2938,0,735
2938,1,735
2938,2,824
2938,3,735
2938,4,735
2939,0,487
2939,1,487
2939,2,487
2939,3,487
2939,4,826
2940,0,752
2940,1,429
2940,2,429
2940,3,752
2940,4,429
2941,0,348
2941,1,349
2941,2,348
2941,3,348
2941,4,349
2942,0,445
2942,1,775
2942,2,775
2942,3,775
2942,4,775
2943,0,485
2943,1,485
2943,2,485
2943,3,848
2943,4,848
2944,0,555
2944,1,609
2944,2,554
2944,3,864
2944,4,555
2945,0,917
2945,1,917
2945,2,691
2945,3,917
2945,4,917
2946,0,818
2946,1,818
2946,2,818
2946,3,686
2946,4,818
2947,0,734
2947,1,734
2947,2,654
2947,3,734
2947,4,654
2948,0,33
2948,1,33
2948,2,36
2948,3,36
2948,4,36
2949,0,44
2949,1,44
2949,2,38
2949,3,38
2949,4,38
2950,0,207
2950,1,208
2950,2,207
2950,3,215
2950,4,215
2951,0,866
2951,1,856
2951,2,866
2951,3,856
2951,4,866
2952,0,743
2952,1,762
2952,2,705
2952,3,705
2952,4,705
2953,0,789
2953,1,696
2953,2,629
2953,3,614
2953,4,789
2954,0,848
2954,1,848
2954,2,481
2954,3,848
2954,4,482
2955,0,818
2955,1,447
2955,2,447
2955,3,818
2955,4,447
2956,0,570
2956,1,570
2956,2,570
2956,3,643
2956,4,643
2957,0,418
2957,1,767
2957,2,767
2957,3,767
2957,4,767
2958,0,835
2958,1,958
2958,2,506
2958,3,835
2958,4,733
2959,0,799
2959,1,706
2959,2,706
2959,3,799
2959,4,799
2960,0,670
2960,1,518
2960,2,670
2960,3,670
2960,4,670
2961,0,250
2961,1,250
2961,2,248
2961,3,248
2961,4,248
2962,0,842
2962,1,842
2962,2,830
2962,3,33
2962,4,33
2963,0,8
2963,1,7
2963,2,7
2963,3,7
2963,4,8
2964,0,686
2964,1,686
2964,2,473
2964,3,968
2964,4,692
2965,0,394
2965,1,391
2965,2,391
2965,3,395
2965,4,391
2966,0,549
2966,1,549
2966,2,549
2966,3,922
2966,4,922
2967,0,66
2967,1,68
2967,2,66
2967,3,66
2967,4,68
2968,0,920
2968,1,457
2968,2,920
2968,3,617
2968,4,920
2969,0,311
2969,1,311
2969,2,312
2969,3,311
2969,4,312
2970,0,978
2970,1,978
2970,2,972
2970,3,972
2970,4,972
2971,0,125
2971,1,125
2971,2,125
2971,3,124
2971,4,124
2972,0,527
2972,1,526
2972,2,527
2972,3,527
2972,4,527
2973,0,278
2973,1,277
2973,2,277
2973,3,277
2973,4,277
2974,0,368
2974,1,368
2974,2,369
2974,3,368
2974,4,368
2975,0,582
2975,1,582
2975,2,955
2975,3,955
2975,4,955
2976,0,958
2976,1,825
2976,2,958
2976,3,958
2976,4,958
2977,0,756
2977,1,427
2977,2,427
2977,3,339
2977,4,339
2978,0,637
2978,1,618
2978,2,899
2978,3,637
2978,4,899
2979,0,524
2979,1,524
2979,2,461
2979,3,524
2979,4,524
2980,0,763
2980,1,597
2980,2,763
2980,3,763
2980,4,763
2981,0,634
2981,1,492
2981,2,500
2981,3,634
2981,4,634
2982,0,845
2982,1,626
2982,2,626
2982,3,798
2982,4,626
2983,0,345
2983,1,345
2983,2,730
2983,3,345
2983,4,345
2984,0,664
2984,1,664
2984,2,527
2984,3,664
2984,4,664
2985,0,541
2985,1,542
2985,2,541
2985,3,541
2985,4,542
2986,0,803
2986,1,803
2986,2,803
2986,3,866
2986,4,803
2987,0,483
2987,1,483
2987,2,483
2987,3,483
2987,4,698
2988,0,402
2988,1,487
2988,2,487
2988,3,487
2988,4,402
2989,0,428
2989,1,428
2989,2,621
2989,3,428
2989,4,428
2990,0,211
2990,1,210
2990,2,210
2990,3,210
2990,4,211
2991,0,248
2991,1,248
2991,2,250
2991,3,250
2991,4,250
2992,0,443
2992,1,411
2992,2,658
2992,3,411
2992,4,658
2993,0,844
2993,1,712
2993,2,844
2993,3,632
2993,4,844
2994,0,598
2994,1,598
2994,2,851
2994,3,598
2994,4,598
2995,0,773
2995,1,618
2995,2,808
2995,3,773
2995,4,808
2996,0,881
2996,1,881
2996,2,889
2996,3,881
2996,4,881
2997,0,710
2997,1,414
2997,2,523
2997,3,882
2997,4,523
2998,0,204
2998,1,264
2998,2,264
2998,3,264
2998,4,264
2999,0,729
2999,1,729
2999,2,729
2999,3,729
2999,4,516
3000,0,836
3000,1,836
3000,2,836
3000,3,617
3000,4,457
3001,0,933
3001,1,933
3001,2,964
3001,3,933
3001,4,964
3002,0,689
3002,1,689
3002,2,578
3002,3,689
3002,4,887
3003,0,519
3003,1,950
3003,2,950
3003,3,950
3003,4,519
3004,0,763
3004,1,763
3004,2,763
3004,3,763
3004,4,764
3005,0,951
3005,1,950
3005,2,951
3005,3,950
3005,4,950
3006,0,2
3006,1,3
3006,2,3
3006,3,2
3006,4,3
3007,0,869
3007,1,841
3007,2,841
3007,3,869
3007,4,841
3008,0,331
3008,1,330
3008,2,331
3008,3,330
3008,4,331
3009,0,209
3009,1,246
3009,2,246
3009,3,209
3009,4,246
3010,0,265
3010,1,265
3010,2,266
3010,3,265
3010,4,265
3011,0,880
3011,1,880
3011,2,862
3011,3,880
3011,4,862
3012,0,469
3012,1,469
3012,2,909
3012,3,909
3012,4,567
3013,0,860
3013,1,469
3013,2,469
3013,3,860
3013,4,469
3014,0,929
3014,1,836
3014,2,836
3014,3,929
3014,4,837
3015,0,802
3015,1,978
3015,2,975
3015,3,296
3015,4,802
3016,0,513
3016,1,652
3016,2,513
3016,3,513
3016,4,513
3017,0,983
3017,1,801
3017,2,801
3017,3,801
3017,4,801
3018,0,310
3018,1,390
3018,2,390
3018,3,390
3018,4,390
3019,0,544
3019,1,567
3019,2,544
3019,3,544
3019,4,544
3020,0,422
3020,1,543
3020,2,543
3020,3,422
3020,4,543
3021,0,65
3021,1,390
3021,2,390
3021,3,390
3021,4,390
3022,0,799
3022,1,799
3022,2,799
3022,3,704
3022,4,799
3023,0,308
3023,1,318
3023,2,318
3023,3,318
3023,4,318
3024,0,429
3024,1,752
3024,2,429
3024,3,752
3024,4,429
3025,0,833
3025,1,913
3025,2,913
3025,3,536
3025,4,913
3026,0,669
3026,1,669
3026,2,669
3026,3,516
3026,4,669
3027,0,692
3027,1,737
3027,2,692
3027,3,692
3027,4,692
3028,0,66
3028,1,68
3028,2,68
3028,3,66
3028,4,66
3029,0,205
3029,1,208
3029,2,208
3029,3,205
3029,4,208
3030,0,172
3030,1,170
3030,2,176
3030,3,257
3030,4,172
3031,0,65
3031,1,65
3031,2,973
3031,3,65
3031,4,329
3032,0,390
3032,1,65
3032,2,390
3032,3,65
3032,4,390
3033,0,563
3033,1,563
3033,2,563
3033,3,826
3033,4,563
3034,0,435
3034,1,876
3034,2,876
3034,3,876
3034,4,876
3035,0,266
3035,1,266
3035,2,265
3035,3,265
3035,4,265
3036,0,703
3036,1,458
3036,2,703
3036,3,825
3036,4,703
3037,0,705
3037,1,705
3037,2,705
3037,3,705
3037,4,537
3038,0,366
3038,1,517
3038,2,517
3038,3,730
3038,4,517
3039,0,592
3039,1,844
3039,2,592
3039,3,848
3039,4,848
3040,0,249
3040,1,248
3040,2,248
3040,3,249
3040,4,248
3041,0,754
3041,1,754
3041,2,754
3041,3,754
3041,4,759
3042,0,762
3042,1,850
3042,2,865
3042,3,865
3042,4,865
3043,0,648
3043,1,648
3043,2,896
3043,3,648
3043,4,896
3044,0,665
3044,1,870
3044,2,837
3044,3,665
3044,4,665
3045,0,763
3045,1,585
3045,2,838
3045,3,763
3045,4,838
3046,0,312
3046,1,312
3046,2,312
3046,3,312
3046,4,304
3047,0,474
3047,1,824
3047,2,824
3047,3,474
3047,4,824
3048,0,818
3048,1,619
3048,2,619
3048,3,818
3048,4,818
3049,0,269
3049,1,270
3049,2,270
3049,3,269
3049,4,270
3050,0,498
3050,1,498
3050,2,879
3050,3,498
3050,4,498
3051,0,588
3051,1,588
3051,2,431
3051,3,281
3051,4,850
3052,0,516
3052,1,516
3052,2,520
3052,3,516
3052,4,516
3053,0,673
3053,1,681
3053,2,673
3053,3,681
3053,4,673
3054,0,196
3054,1,183
3054,2,183
3054,3,198
3054,4,189
3055,0,979
3055,1,825
3055,2,979
3055,3,825
3055,4,979
3056,0,471
3056,1,471
3056,2,471
3056,3,471
3056,4,666
3057,0,735
3057,1,887
3057,2,735
3057,3,735
3057,4,735
3058,0,228
3058,1,228
3058,2,267
3058,3,228
3058,4,228
3059,0,909
3059,1,909
3059,2,909
3059,3,909
3059,4,567
3060,0,524
3060,1,524
3060,2,777
3060,3,524
3060,4,524
3061,0,417
3061,1,417
3061,2,417
3061,3,818
3061,4,417
3062,0,497
3062,1,497
3062,2,682
3062,3,497
3062,4,682
3063,0,822
3063,1,775
3063,2,706
3063,3,837
3063,4,837
3064,0,381
3064,1,369
3064,2,369
3064,3,369
3064,4,381
3065,0,650
3065,1,818
3065,2,650
3065,3,650
3065,4,650
3066,0,598
3066,1,598
3066,2,598
3066,3,598
3066,4,789
3067,0,877
3067,1,877
3067,2,444
3067,3,454
3067,4,799
3068,0,718
3068,1,839
3068,2,839
3068,3,839
3068,4,839
3069,0,296
3069,1,269
3069,2,67
3069,3,104
3069,4,272
3070,0,552
3070,1,552
3070,2,552
3070,3,552
3070,4,749
3071,0,555
3071,1,609
3071,2,609
3071,3,555
3071,4,555
3072,0,583
3072,1,892
3072,2,892
3072,3,583
3072,4,892
3073,0,811
3073,1,811
3073,2,662
3073,3,583
3073,4,811
3074,0,305
3074,1,305
3074,2,305
3074,3,305
3074,4,302
3075,0,968
3075,1,968
3075,2,968
3075,3,968
3075,4,504
3076,0,486
3076,1,889
3076,2,486
3076,3,889
3076,4,889
3077,0,26
3077,1,114
3077,2,114
3077,3,114
3077,4,114
3078,0,939
3078,1,939
3078,2,943
3078,3,939
3078,4,943
3079,0,528
3079,1,528
3079,2,528
3079,3,528
3079,4,480
3080,0,923
3080,1,962
3080,2,930
3080,3,962
3080,4,930
3081,0,577
3081,1,818
3081,2,818
3081,3,577
3081,4,818
3082,0,751
3082,1,751
3082,2,751
3082,3,817
3082,4,751
3083,0,530
3083,1,482
3083,2,482
3083,3,482
3083,4,482
3084,0,916
3084,1,830
3084,2,830
3084,3,916
3084,4,830
3085,0,846
3085,1,619
3085,2,846
3085,3,846
3085,4,846
3086,0,571
3086,1,844
3086,2,844
3086,3,844
3086,4,844
3087,0,873
3087,1,825
3087,2,708
3087,3,873
3087,4,873
3088,0,538
3088,1,538
3088,2,538
3088,3,497
3088,4,538
3089,0,923
3089,1,940
3089,2,923
3089,3,923
3089,4,923
3090,0,721
3090,1,721
3090,2,741
3090,3,721
3090,4,721
3091,0,748
3091,1,893
3091,2,464
3091,3,893
3091,4,777
3092,0,553
3092,1,553
3092,2,553
3092,3,553
3092,4,526
3093,0,922
3093,1,922
3093,2,791
3093,3,922
3093,4,922
3094,0,46
3094,1,46
3094,2,39
3094,3,39
3094,4,39
3095,0,612
3095,1,612
3095,2,612
3095,3,575
3095,4,612
3096,0,601
3096,1,655
3096,2,689
3096,3,601
3096,4,601
3097,0,708
3097,1,733
3097,2,733
3097,3,733
3097,4,733
3098,0,348
3098,1,348
3098,2,348
3098,3,348
3098,4,349
3099,0,537
3099,1,537
3099,2,248
3099,3,537
3099,4,537
3100,0,159
3100,1,211
3100,2,168
3100,3,211
3100,4,168
3101,0,784
3101,1,784
3101,2,784
3101,3,784
3101,4,477
3102,0,201
3102,1,201
3102,2,201
3102,3,187
3102,4,201
3103,0,536
3103,1,536
3103,2,510
3103,3,536
3103,4,536
3104,0,846
3104,1,530
3104,2,530
3104,3,619
3104,4,530
3105,0,26
3105,1,32
3105,2,25
3105,3,32
3105,4,25
3106,0,526
3106,1,526
3106,2,527
3106,3,527
3106,4,527
3107,0,595
3107,1,866
3107,2,730
3107,3,595
3107,4,866
3108,0,40
3108,1,40
3108,2,46
3108,3,40
3108,4,46
3109,0,303
3109,1,303
3109,2,303
3109,3,311
3109,4,303
3110,0,426
3110,1,635
3110,2,426
3110,3,426
3110,4,426
3111,0,668
3111,1,668
3111,2,884
3111,3,741
3111,4,884
3112,0,428
3112,1,929
3112,2,930
3112,3,929
3112,4,930
3113,0,870
3113,1,843
3113,2,655
3113,3,529
3113,4,655
3114,0,162
3114,1,158
3114,2,162
3114,3,162
3114,4,162
3115,0,380
3115,1,380
3115,2,377
3115,3,380
3115,4,377
3116,0,695
3116,1,695
3116,2,488
3116,3,695
3116,4,695
3117,0,173
3117,1,257
3117,2,173
3117,3,173
3117,4,180
3118,0,51
3118,1,302
3118,2,310
3118,3,51
3118,4,310
3119,0,552
3119,1,552
3119,2,151
3119,3,552
3119,4,552
3120,0,383
3120,1,383
3120,2,383
3120,3,383
3120,4,384
3121,0,58
3121,1,58
3121,2,58
3121,3,58
3121,4,65
3122,0,551
3122,1,551
3122,2,696
3122,3,551
3122,4,551
3123,0,838
3123,1,838
3123,2,838
3123,3,631
3123,4,838
3124,0,68
3124,1,67
3124,2,67
3124,3,67
3124,4,67
3125,0,295
3125,1,295
3125,2,294
3125,3,294
3125,4,295
3126,0,359
3126,1,359
3126,2,358
3126,3,358
3126,4,358
3127,0,903
3127,1,903
3127,2,643
3127,3,643
3127,4,643
3128,0,905
3128,1,904
3128,2,905
3128,3,905
3128,4,905
3129,0,182
3129,1,266
3129,2,209
3129,3,266
3129,4,265
3130,0,140
3130,1,140
3130,2,140
3130,3,139
3130,4,140
3131,0,680
3131,1,443
3131,2,902
3131,3,680
3131,4,902
3132,0,838
3132,1,838
3132,2,631
3132,3,838
3132,4,838
3133,0,373
3133,1,373
3133,2,447
3133,3,373
3133,4,373
3134,0,780
3134,1,780
3134,2,914
3134,3,780
3134,4,780
3135,0,536
3135,1,724
3135,2,724
3135,3,536
3135,4,536
3136,0,266
3136,1,266
3136,2,265
3136,3,265
3136,4,265
3137,0,550
3137,1,550
3137,2,550
3137,3,473
3137,4,550
3138,0,854
3138,1,498
3138,2,854
3138,3,854
3138,4,854
3139,0,916
3139,1,683
3139,2,916
3139,3,916
3139,4,916
3140,0,155
3140,1,155
3140,2,155
3140,3,204
3140,4,155
3141,0,608
3141,1,772
3141,2,608
3141,3,772
3141,4,772
3142,0,738
3142,1,756
3142,2,738
3142,3,738
3142,4,427
3143,0,180
3143,1,180
3143,2,180
3143,3,159
3143,4,180
3144,0,976
3144,1,976
3144,2,978
3144,3,978
3144,4,978
3145,0,166
3145,1,166
3145,2,162
3145,3,167
3145,4,167
3146,0,589
3146,1,740
3146,2,740
3146,3,736
3146,4,589
3147,0,519
3147,1,427
3147,2,738
3147,3,519
3147,4,738
3148,0,811
3148,1,811
3148,2,412
3148,3,811
3148,4,412
3149,0,62
3149,1,62
3149,2,61
3149,3,62
3149,4,60
3150,0,770
3150,1,542
3150,2,696
3150,3,558
3150,4,542
3151,0,244
3151,1,244
3151,2,248
3151,3,244
3151,4,244
3152,0,921
3152,1,921
3152,2,917
3152,3,921
3152,4,921
3153,0,544
3153,1,544
3153,2,964
3153,3,544
3153,4,964
3154,0,419
3154,1,419
3154,2,692
3154,3,692
3154,4,692
3155,0,949
3155,1,931
3155,2,931
3155,3,957
3155,4,931
3156,0,639
3156,1,639
3156,2,638
3156,3,638
3156,4,639
3157,0,922
3157,1,549
3157,2,585
3157,3,922
3157,4,585
3158,0,527
3158,1,664
3158,2,526
3158,3,664
3158,4,527
3159,0,665
3159,1,665
3159,2,665
3159,3,880
3159,4,665
3160,0,538
3160,1,538
3160,2,668
3160,3,538
3160,4,668
3161,0,302
3161,1,302
3161,2,300
3161,3,302
3161,4,302
3162,0,433
3162,1,433
3162,2,445
3162,3,433
3162,4,445
3163,0,482
3163,1,482
3163,2,848
3163,3,848
3163,4,848
3164,0,52
3164,1,52
3164,2,52
3164,3,60
3164,4,52
3165,0,981
3165,1,451
3165,2,596
3165,3,542
3165,4,596
3166,0,132
3166,1,131
3166,2,131
3166,3,132
3166,4,131
3167,0,617
3167,1,617
3167,2,691
3167,3,617
3167,4,691
3168,0,281
3168,1,281
3168,2,281
3168,3,285
3168,4,281
3169,0,976
3169,1,976
3169,2,978
3169,3,978
3169,4,976
3170,0,825
3170,1,758
3170,2,603
3170,3,830
3170,4,899
3171,0,415
3171,1,868
3171,2,960
3171,3,415
3171,4,415
3172,0,235
3172,1,172
3172,2,172
3172,3,172
3172,4,235
3173,0,721
3173,1,721
3173,2,700
3173,3,721
3173,4,748
3174,0,523
3174,1,792
3174,2,792
3174,3,523
3174,4,618
3175,0,776
3175,1,776
3175,2,776
3175,3,916
3175,4,776
3176,0,982
3176,1,982
3176,2,982
3176,3,578
3176,4,578
3177,0,639
3177,1,638
3177,2,433
3177,3,638
3177,4,433
3178,0,405
3178,1,405
3178,2,405
3178,3,660
3178,4,701
3179,0,774
3179,1,419
3179,2,419
3179,3,419
3179,4,419
3180,0,859
3180,1,859
3180,2,651
3180,3,859
3180,4,859
3181,0,659
3181,1,659
3181,2,659
3181,3,518
3181,4,659
3182,0,281
3182,1,283
3182,2,281
3182,3,281
3182,4,281
3183,0,685
3183,1,685
3183,2,685
3183,3,531
3183,4,685
3184,0,923
3184,1,499
3184,2,499
3184,3,499
3184,4,499
3185,0,202
3185,1,266
3185,2,266
3185,3,265
3185,4,266
3186,0,507
3186,1,507
3186,2,695
3186,3,507
3186,4,507
3187,0,223
3187,1,227
3187,2,223
3187,3,227
3187,4,227
3188,0,599
3188,1,310
3188,2,310
3188,3,599
3188,4,310
3189,0,930
3189,1,930
3189,2,868
3189,3,930
3189,4,868
3190,0,189
3190,1,189
3190,2,199
3190,3,189
3190,4,189
3191,0,186
3191,1,186
3191,2,840
3191,3,164
3191,4,840
3192,0,795
3192,1,842
3192,2,523
3192,3,523
3192,4,523
3193,0,403
3193,1,895
3193,2,895
3193,3,403
3193,4,403
3194,0,717
3194,1,864
3194,2,717
3194,3,717
3194,4,717
3195,0,529
3195,1,529
3195,2,608
3195,3,529
3195,4,529
3196,0,539
3196,1,539
3196,2,539
3196,3,412
3196,4,858
3197,0,610
3197,1,841
3197,2,610
3197,3,610
3197,4,610
3198,0,969
3198,1,969
3198,2,961
3198,3,969
3198,4,961
3199,0,553
3199,1,553
3199,2,493
3199,3,553
3199,4,553
3200,0,101
3200,1,101
3200,2,386
3200,3,101
3200,4,101
3201,0,457
3201,1,697
3201,2,457
3201,3,457
3201,4,457
3202,0,447
3202,1,447
3202,2,633
3202,3,633
3202,4,447
3203,0,938
3203,1,938
3203,2,582
3203,3,938
3203,4,938
3204,0,71
3204,1,312
3204,2,71
3204,3,73
3204,4,73
3205,0,416
3205,1,602
3205,2,602
3205,3,602
3205,4,602
3206,0,579
3206,1,579
3206,2,881
3206,3,579
3206,4,579
3207,0,606
3207,1,120
3207,2,710
3207,3,674
3207,4,710
3208,0,406
3208,1,406
3208,2,497
3208,3,497
3208,4,857
3209,0,496
3209,1,496
3209,2,496
3209,3,658
3209,4,496
3210,0,484
3210,1,871
3210,2,871
3210,3,871
3210,4,484
3211,0,373
3211,1,373
3211,2,373
3211,3,373
3211,4,370
3212,0,402
3212,1,468
3212,2,402
3212,3,699
3212,4,699
3213,0,563
3213,1,418
3213,2,418
3213,3,563
3213,4,563
3214,0,578
3214,1,578
3214,2,578
3214,3,578
3214,4,655
3215,0,617
3215,1,519
3215,2,692
3215,3,735
3215,4,478
3216,0,765
3216,1,882
3216,2,765
3216,3,423
3216,4,765
3217,0,472
3217,1,472
3217,2,472
3217,3,472
3217,4,693
3218,0,838
3218,1,838
3218,2,836
3218,3,838
3218,4,836
3219,0,911
3219,1,452
3219,2,452
3219,3,452
3219,4,452
3220,0,492
3220,1,826
3220,2,492
3220,3,426
3220,4,426
3221,0,872
3221,1,872
3221,2,872
3221,3,872
3221,4,759
3222,0,602
3222,1,702
3222,2,602
3222,3,702
3222,4,602
3223,0,512
3223,1,813
3223,2,512
3223,3,813
3223,4,473
3224,0,541
3224,1,684
3224,2,541
3224,3,684
3224,4,684
3225,0,593
3225,1,593
3225,2,477
3225,3,593
3225,4,593
3226,0,241
3226,1,241
3226,2,241
3226,3,238
3226,4,238
3227,0,871
3227,1,484
3227,2,871
3227,3,484
3227,4,484
3228,0,57
3228,1,57
3228,2,57
3228,3,44
3228,4,57
3229,0,445
3229,1,638
3229,2,638
3229,3,445
3229,4,445
3230,0,883
3230,1,725
3230,2,883
3230,3,883
3230,4,725
3231,0,668
3231,1,668
3231,2,538
3231,3,668
3231,4,668
3232,0,452
3232,1,452
3232,2,689
3232,3,452
3232,4,689
3233,0,124
3233,1,124
3233,2,125
3233,3,124
3233,4,124
3234,0,546
3234,1,546
3234,2,546
3234,3,546
3234,4,420
3235,0,526
3235,1,526
3235,2,532
3235,3,526
3235,4,532
3236,0,748
3236,1,748
3236,2,414
3236,3,414
3236,4,414
3237,0,877
3237,1,655
3237,2,836
3237,3,837
3237,4,836
3238,0,248
3238,1,250
3238,2,250
3238,3,248
3238,4,250
3239,0,311
3239,1,312
3239,2,312
3239,3,311
3239,4,312
3240,0,781
3240,1,781
3240,2,751
3240,3,781
3240,4,751
3241,0,837
3241,1,703
3241,2,652
3241,3,575
3241,4,652
3242,0,21
3242,1,23
3242,2,23
3242,3,23
3242,4,23
3243,0,964
3243,1,964
3243,2,813
3243,3,813
3243,4,813
3244,0,584
3244,1,584
3244,2,928
3244,3,584
3244,4,928
3245,0,382
3245,1,377
3245,2,377
3245,3,382
3245,4,377
3246,0,224
3246,1,224
3246,2,269
3246,3,269
3246,4,270
3247,0,858
3247,1,858
3247,2,10
3247,3,10
3247,4,10
3248,0,696
3248,1,696
3248,2,862
3248,3,696
3248,4,862
3249,0,367
3249,1,295
3249,2,369
3249,3,366
3249,4,366
3250,0,618
3250,1,618
3250,2,969
3250,3,969
3250,4,969
3251,0,492
3251,1,492
3251,2,478
3251,3,492
3251,4,478
3252,0,237
3252,1,253
3252,2,237
3252,3,237
3252,4,237
3253,0,440
3253,1,737
3253,2,737
3253,3,440
3253,4,737
3254,0,642
3254,1,642
3254,2,881
3254,3,881
3254,4,881
3255,0,222
3255,1,207
3255,2,207
3255,3,222
3255,4,222
3256,0,436
3256,1,436
3256,2,581
3256,3,436
3256,4,581
3257,0,416
3257,1,602
3257,2,602
3257,3,602
3257,4,602
3258,0,790
3258,1,790
3258,2,952
3258,3,790
3258,4,790
3259,0,974
3259,1,974
3259,2,974
3259,3,802
3259,4,974
3260,0,667
3260,1,667
3260,2,400
3260,3,400
3260,4,400
3261,0,185
3261,1,188
3261,2,185
3261,3,184
3261,4,188
3262,0,380
3262,1,377
3262,2,380
3262,3,377
3262,4,377
3263,0,424
3263,1,424
3263,2,423
3263,3,424
3263,4,424
3264,0,846
3264,1,846
3264,2,619
3264,3,846
3264,4,846
3265,0,563
3265,1,605
3265,2,605
3265,3,563
3265,4,605
3266,0,785
3266,1,837
3266,2,836
3266,3,837
3266,4,837
3267,0,349
3267,1,349
3267,2,350
3267,3,719
3267,4,349
3268,0,35
3268,1,37
3268,2,37
3268,3,37
3268,4,36
3269,0,101
3269,1,366
3269,2,366
3269,3,366
3269,4,366
3270,0,97
3270,1,99
3270,2,99
3270,3,99
3270,4,97
3271,0,70
3271,1,904
3271,2,70
3271,3,70
3271,4,70
3272,0,236
3272,1,165
3272,2,165
3272,3,236
3272,4,236
3273,0,151
3273,1,876
3273,2,151
3273,3,151
3273,4,151
3274,0,431
3274,1,516
3274,2,431
3274,3,431
3274,4,431
3275,0,488
3275,1,488
3275,2,488
3275,3,488
3275,4,577
3276,0,769
3276,1,769
3276,2,587
3276,3,587
3276,4,587
3277,0,940
3277,1,940
3277,2,943
3277,3,940
3277,4,940
3278,0,445
3278,1,838
3278,2,838
3278,3,838
3278,4,838
3279,0,198
3279,1,198
3279,2,196
3279,3,198
3279,4,198
3280,0,692
3280,1,711
3280,2,925
3280,3,925
3280,4,925
3281,0,610
3281,1,610
3281,2,424
3281,3,610
3281,4,424
3282,0,309
3282,1,904
3282,2,904
3282,3,904
3282,4,309
3283,0,243
3283,1,805
3283,2,243
3283,3,243
3283,4,243
3284,0,978
3284,1,977
3284,2,978
3284,3,978
3284,4,978
3285,0,911
3285,1,502
3285,2,911
3285,3,533
3285,4,911
3286,0,899
3286,1,725
3286,2,899
3286,3,899
3286,4,899
3287,0,385
3287,1,386
3287,2,385
3287,3,385
3287,4,385
3288,0,910
3288,1,910
3288,2,910
3288,3,809
3288,4,910
3289,0,567
3289,1,622
3289,2,592
3289,3,592
3289,4,592
3290,0,579
3290,1,495
3290,2,601
3290,3,601
3290,4,601
3291,0,721
3291,1,721
3291,2,446
3291,3,446
3291,4,446
3292,0,461
3292,1,524
3292,2,524
3292,3,524
3292,4,524
3293,0,562
3293,1,562
3293,2,385
3293,3,562
3293,4,385
3294,0,419
3294,1,855
3294,2,419
3294,3,419
3294,4,419
3295,0,385
3295,1,101
3295,2,385
3295,3,101
3295,4,385
3296,0,416
3296,1,602
3296,2,602
3296,3,416
3296,4,702
3297,0,764
3297,1,413
3297,2,413
3297,3,764
3297,4,764
3298,0,987
3298,1,927
3298,2,927
3298,3,868
3298,4,949
3299,0,318
3299,1,126
3299,2,318
3299,3,318
3299,4,318
3300,0,711
3300,1,907
3300,2,907
3300,3,907
3300,4,907
3301,0,274
3301,1,274
3301,2,271
3301,3,272
3301,4,271
3302,0,26
3302,1,26
3302,2,26
3302,3,44
3302,4,26
3303,0,787
3303,1,787
3303,2,458
3303,3,787
3303,4,787
3304,0,409
3304,1,892
3304,2,409
3304,3,409
3304,4,409
3305,0,921
3305,1,921
3305,2,692
3305,3,921
3305,4,692
3306,0,432
3306,1,683
3306,2,432
3306,3,432
3306,4,683
3307,0,358
3307,1,358
3307,2,358
3307,3,357
3307,4,358
3308,0,124
3308,1,71
3308,2,316
3308,3,316
3308,4,124
3309,0,919
3309,1,919
3309,2,919
3309,3,919
3309,4,489
3310,0,290
3310,1,290
3310,2,285
3310,3,290
3310,4,285
3311,0,706
3311,1,978
3311,2,706
3311,3,706
3311,4,706
3312,0,406
3312,1,406
3312,2,497
3312,3,406
3312,4,406
3313,0,709
3313,1,709
3313,2,709
3313,3,709
3313,4,767
3314,0,240
3314,1,238
3314,2,240
3314,3,240
3314,4,238
3315,0,767
3315,1,622
3315,2,631
3315,3,748
3315,4,419
3316,0,348
3316,1,349
3316,2,348
3316,3,348
3316,4,348
3317,0,172
3317,1,172
3317,2,172
3317,3,173
3317,4,172
3318,0,192
3318,1,192
3318,2,192
3318,3,192
3318,4,186
3319,0,961
3319,1,415
3319,2,961
3319,3,961
3319,4,415
3320,0,6
3320,1,6
3320,2,6
3320,3,149
3320,4,6
3321,0,912
3321,1,660
3321,2,660
3321,3,912
3321,4,660
3322,0,953
3322,1,953
3322,2,949
3322,3,953
3322,4,953
3323,0,967
3323,1,967
3323,2,868
3323,3,868
3323,4,967
3324,0,634
3324,1,587
3324,2,587
3324,3,587
3324,4,587
3325,0,849
3325,1,505
3325,2,849
3325,3,505
3325,4,505
3326,0,34
3326,1,33
3326,2,34
3326,3,33
3326,4,34
3327,0,87
3327,1,650
3327,2,593
3327,3,650
3327,4,650
3328,0,593
3328,1,593
3328,2,650
3328,3,593
3328,4,593
3329,0,975
3329,1,460
3329,2,975
3329,3,975
3329,4,975
3330,0,848
3330,1,482
3330,2,848
3330,3,848
3330,4,848
3331,0,840
3331,1,523
3331,2,999
3331,3,830
3331,4,999
3332,0,494
3332,1,577
3332,2,577
3332,3,577
3332,4,577
3333,0,629
3333,1,714
3333,2,695
3333,3,731
3333,4,813
3334,0,665
3334,1,670
3334,2,670
3334,3,665
3334,4,670
3335,0,117
3335,1,117
3335,2,117
3335,3,117
3335,4,328
3336,0,391
3336,1,391
3336,2,391
3336,3,397
3336,4,391
3337,0,885
3337,1,689
3337,2,689
3337,3,689
3337,4,689
3338,0,916
3338,1,429
3338,2,429
3338,3,429
3338,4,429
3339,0,395
3339,1,395
3339,2,395
3339,3,394
3339,4,395
3340,0,758
3340,1,758
3340,2,758
3340,3,0
3340,4,758
3341,0,834
3341,1,834
3341,2,834
3341,3,834
3341,4,655
3342,0,35
3342,1,36
3342,2,36
3342,3,36
3342,4,36
3343,0,327
3343,1,327
3343,2,327
3343,3,391
3343,4,327
3344,0,880
3344,1,671
3344,2,958
3344,3,880
3344,4,671
3345,0,773
3345,1,773
3345,2,855
3345,3,773
3345,4,773
3346,0,623
3346,1,777
3346,2,777
3346,3,499
3346,4,777
3347,0,902
3347,1,902
3347,2,902
3347,3,693
3347,4,902
3348,0,987
3348,1,633
3348,2,633
3348,3,987
3348,4,633
3349,0,372
3349,1,372
3349,2,370
3349,3,372
3349,4,372
3350,0,837
3350,1,836
3350,2,837
3350,3,837
3350,4,836
3351,0,556
3351,1,827
3351,2,827
3351,3,556
3351,4,827
3352,0,968
3352,1,504
3352,2,504
3352,3,850
3352,4,504
3353,0,681
3353,1,681
3353,2,681
3353,3,681
3353,4,673
3354,0,507
3354,1,530
3354,2,918
3354,3,679
3354,4,916
3355,0,96
3355,1,96
3355,2,93
3355,3,93
3355,4,96
3356,0,446
3356,1,446
3356,2,632
3356,3,446
3356,4,446
3357,0,620
3357,1,745
3357,2,526
3357,3,624
3357,4,526
3358,0,603
3358,1,603
3358,2,608
3358,3,462
3358,4,608
3359,0,979
3359,1,970
3359,2,970
3359,3,979
3359,4,970
3360,0,898
3360,1,898
3360,2,898
3360,3,700
3360,4,898
3361,0,781
3361,1,703
3361,2,918
3361,3,781
3361,4,781
3362,0,123
3362,1,123
3362,2,121
3362,3,123
3362,4,123
3363,0,567
3363,1,567
3363,2,909
3363,3,909
3363,4,567
3364,0,594
3364,1,594
3364,2,501
3364,3,594
3364,4,594
3365,0,435
3365,1,435
3365,2,435
3365,3,435
3365,4,876
3366,0,75
3366,1,75
3366,2,73
3366,3,310
3366,4,73
3367,0,411
3367,1,608
3367,2,608
3367,3,608
3367,4,608
3368,0,363
3368,1,363
3368,2,501
3368,3,501
3368,4,501
3369,0,526
3369,1,673
3369,2,526
3369,3,526
3369,4,526
3370,0,580
3370,1,738
3370,2,986
3370,3,301
3370,4,738
3371,0,787
3371,1,787
3371,2,461
3371,3,787
3371,4,461
3372,0,527
3372,1,527
3372,2,664
3372,3,526
3372,4,527
3373,0,497
3373,1,698
3373,2,607
3373,3,698
3373,4,607
3374,0,776
3374,1,743
3374,2,703
3374,3,681
3374,4,703
3375,0,961
3375,1,746
3375,2,977
3375,3,961
3375,4,961
3376,0,688
3376,1,754
3376,2,754
3376,3,688
3376,4,754
3377,0,735
3377,1,735
3377,2,490
3377,3,490
3377,4,490
3378,0,664
3378,1,851
3378,2,664
3378,3,851
3378,4,664
3379,0,623
3379,1,623
3379,2,777
3379,3,764
3379,4,623
3380,0,756
3380,1,427
3380,2,427
3380,3,756
3380,4,427
3381,0,711
3381,1,762
3381,2,532
3381,3,762
3381,4,762
3382,0,189
3382,1,188
3382,2,188
3382,3,188
3382,4,188
3383,0,642
3383,1,33
3383,2,33
3383,3,36
3383,4,33
3384,0,212
3384,1,162
3384,2,166
3384,3,166
3384,4,167
3385,0,574
3385,1,574
3385,2,522
3385,3,574
3385,4,522
3386,0,410
3386,1,410
3386,2,599
3386,3,599
3386,4,599
3387,0,22
3387,1,23
3387,2,21
3387,3,22
3387,4,21
3388,0,124
3388,1,124
3388,2,124
3388,3,124
3388,4,123
3389,0,930
3389,1,930
3389,2,415
3389,3,415
3389,4,930
3390,0,834
3390,1,834
3390,2,869
3390,3,834
3390,4,834
3391,0,681
3391,1,681
3391,2,681
3391,3,620
3391,4,681
3392,0,601
3392,1,846
3392,2,601
3392,3,982
3392,4,601
3393,0,883
3393,1,572
3393,2,883
3393,3,883
3393,4,572
3394,0,949
3394,1,949
3394,2,772
3394,3,949
3394,4,772
3395,0,568
3395,1,568
3395,2,568
3395,3,885
3395,4,568
3396,0,211
3396,1,211
3396,2,211
3396,3,168
3396,4,211
3397,0,53
3397,1,54
3397,2,54
3397,3,60
3397,4,54
3398,0,983
3398,1,4
3398,2,33
3398,3,983
3398,4,33
3399,0,718
3399,1,839
3399,2,718
3399,3,718
3399,4,839
3400,0,125
3400,1,125
3400,2,125
3400,3,125
3400,4,124
3401,0,805
3401,1,805
3401,2,204
3401,3,202
3401,4,805
3402,0,899
3402,1,899
3402,2,899
3402,3,898
3402,4,899
3403,0,249
3403,1,248
3403,2,248
3403,3,248
3403,4,248
3404,0,360
3404,1,4
3404,2,4
3404,3,4
3404,4,3
3405,0,705
3405,1,555
3405,2,757
3405,3,757
3405,4,757
3406,0,897
3406,1,882
3406,2,778
3406,3,897
3406,4,811
3407,0,77
3407,1,77
3407,2,77
3407,3,77
3407,4,73
3408,0,618
3408,1,677
3408,2,677
3408,3,816
3408,4,584
3409,0,138
3409,1,293
3409,2,343
3409,3,343
3409,4,293
3410,0,66
3410,1,66
3410,2,60
3410,3,54
3410,4,68
3411,0,370
3411,1,373
3411,2,370
3411,3,370
3411,4,370
3412,0,419
3412,1,419
3412,2,419
3412,3,610
3412,4,419
3413,0,40
3413,1,40
3413,2,40
3413,3,40
3413,4,46
3414,0,648
3414,1,648
3414,2,648
3414,3,648
3414,4,896
3415,0,866
3415,1,561
3415,2,866
3415,3,561
3415,4,866
3416,0,599
3416,1,599
3416,2,599
3416,3,868
3416,4,599
3417,0,234
3417,1,234
3417,2,234
3417,3,180
3417,4,151
3418,0,817
3418,1,817
3418,2,817
3418,3,817
3418,4,581
3419,0,769
3419,1,769
3419,2,769
3419,3,600
3419,4,769
3420,0,60
3420,1,57
3420,2,57
3420,3,57
3420,4,57
3421,0,34
3421,1,947
3421,2,599
3421,3,34
3421,4,599
3422,0,533
3422,1,539
3422,2,533
3422,3,539
3422,4,533
3423,0,826
3423,1,826
3423,2,531
3423,3,531
3423,4,531
3424,0,907
3424,1,907
3424,2,907
3424,3,907
3424,4,966
3425,0,884
3425,1,442
3425,2,884
3425,3,884
3425,4,884
3426,0,534
3426,1,655
3426,2,655
3426,3,516
3426,4,655
3427,0,501
3427,1,501
3427,2,501
3427,3,568
3427,4,501
3428,0,910
3428,1,910
3428,2,623
3428,3,910
3428,4,910
3429,0,474
3429,1,474
3429,2,824
3429,3,474
3429,4,474
3430,0,656
3430,1,654
3430,2,654
3430,3,654
3430,4,654
3431,0,226
3431,1,199
3431,2,199
3431,3,199
3431,4,199
3432,0,524
3432,1,524
3432,2,524
3432,3,524
3432,4,461
3433,0,972
3433,1,972
3433,2,972
3433,3,972
3433,4,976
3434,0,873
3434,1,708
3434,2,708
3434,3,708
3434,4,708
3435,0,631
3435,1,700
3435,2,700
3435,3,700
3435,4,700
3436,0,877
3436,1,478
3436,2,478
3436,3,478
3436,4,478
3437,0,605
3437,1,605
3437,2,605
3437,3,606
3437,4,605
3438,0,600
3438,1,600
3438,2,600
3438,3,311
3438,4,600
3439,0,15
3439,1,15
3439,2,86
3439,3,86
3439,4,86
3440,0,692
3440,1,692
3440,2,478
3440,3,478
3440,4,732
3441,0,472
3441,1,472
3441,2,472
3441,3,693
3441,4,693
3442,0,567
3442,1,567
3442,2,415
3442,3,813
3442,4,964
3443,0,221
3443,1,266
3443,2,221
3443,3,267
3443,4,221
3444,0,811
3444,1,687
3444,2,687
3444,3,854
3444,4,687
3445,0,69
3445,1,70
3445,2,70
3445,3,314
3445,4,70
3446,0,871
3446,1,484
3446,2,484
3446,3,484
3446,4,871
3447,0,683
3447,1,715
3447,2,883
3447,3,883
3447,4,901
3448,0,462
3448,1,523
3448,2,462
3448,3,462
3448,4,523
3449,0,269
3449,1,271
3449,2,271
3449,3,269
3449,4,272
3450,0,436
3450,1,656
3450,2,436
3450,3,436
3450,4,436
3451,0,697
3451,1,697
3451,2,697
3451,3,697
3451,4,680
3452,0,917
3452,1,731
3452,2,731
3452,3,917
3452,4,731
3453,0,664
3453,1,620
3453,2,527
3453,3,664
3453,4,620
3454,0,448
3454,1,738
3454,2,861
3454,3,883
3454,4,999
3455,0,772
3455,1,584
3455,2,464
3455,3,464
3455,4,464
3456,0,848
3456,1,487
3456,2,487
3456,3,487
3456,4,487
3457,0,852
3457,1,752
3457,2,852
3457,3,852
3457,4,752
3458,0,905
3458,1,905
3458,2,843
3458,3,905
3458,4,488
3459,0,754
3459,1,754
3459,2,598
3459,3,598
3459,4,598
3460,0,893
3460,1,632
3460,2,632
3460,3,632
3460,4,745
3461,0,981
3461,1,981
3461,2,981
3461,3,981
3461,4,560
3462,0,694
3462,1,449
3462,2,449
3462,3,449
3462,4,449
3463,0,105
3463,1,105
3463,2,105
3463,3,105
3463,4,104
3464,0,40
3464,1,46
3464,2,46
3464,3,46
3464,4,46
3465,0,969
3465,1,969
3465,2,680
3465,3,680
3465,4,680
3466,0,757
3466,1,757
3466,2,757
3466,3,757
3466,4,734
3467,0,267
3467,1,267
3467,2,267
3467,3,155
3467,4,267
3468,0,696
3468,1,696
3468,2,696
3468,3,696
3468,4,551
3469,0,589
3469,1,589
3469,2,818
3469,3,589
3469,4,589
3470,0,911
3470,1,735
3470,2,735
3470,3,735
3470,4,735
3471,0,485
3471,1,485
3471,2,485
3471,3,485
3471,4,742
3472,0,963
3472,1,963
3472,2,963
3472,3,930
3472,4,963
3473,0,227
3473,1,227
3473,2,227
3473,3,227
3473,4,248
3474,0,949
3474,1,415
3474,2,415
3474,3,415
3474,4,415
3475,0,848
3475,1,848
3475,2,848
3475,3,848
3475,4,632
3476,0,966
3476,1,441
3476,2,966
3476,3,572
3476,4,966
3477,0,493
3477,1,492
3477,2,493
3477,3,493
3477,4,493
3478,0,414
3478,1,414
3478,2,431
3478,3,414
3478,4,431
3479,0,679
3479,1,591
3479,2,679
3479,3,679
3479,4,824
3480,0,804
3480,1,804
3480,2,811
3480,3,804
3480,4,804
3481,0,460
3481,1,975
3481,2,975
3481,3,975
3481,4,975
3482,0,751
3482,1,751
3482,2,751
3482,3,573
3482,4,751
3483,0,481
3483,1,446
3483,2,481
3483,3,446
3483,4,481
3484,0,669
3484,1,669
3484,2,515
3484,3,564
3484,4,775
3485,0,804
3485,1,804
3485,2,629
3485,3,897
3485,4,804
3486,0,312
3486,1,312
3486,2,312
3486,3,315
3486,4,312
3487,0,848
3487,1,848
3487,2,485
3487,3,485
3487,4,848
3488,0,385
3488,1,385
3488,2,385
3488,3,385
3488,4,101
3489,0,757
3489,1,734
3489,2,757
3489,3,757
3489,4,757
3490,0,848
3490,1,844
3490,2,844
3490,3,848
3490,4,848
3491,0,499
3491,1,499
3491,2,467
3491,3,499
3491,4,499
3492,0,958
3492,1,958
3492,2,570
3492,3,958
3492,4,570
3493,0,477
3493,1,477
3493,2,512
3493,3,477
3493,4,845
3494,0,985
3494,1,985
3494,2,985
3494,3,985
3494,4,738
3495,0,415
3495,1,415
3495,2,415
3495,3,415
3495,4,930
3496,0,838
3496,1,838
3496,2,838
3496,3,631
3496,4,838
3497,0,448
3497,1,733
3497,2,448
3497,3,733
3497,4,733
3498,0,635
3498,1,447
3498,2,635
3498,3,635
3498,4,635
3499,0,513
3499,1,566
3499,2,566
3499,3,566
3499,4,566
3500,0,665
3500,1,665
3500,2,665
3500,3,665
3500,4,670
3501,0,162
3501,1,162
3501,2,162
3501,3,161
3501,4,161
3502,0,418
3502,1,623
3502,2,623
3502,3,623
3502,4,623
3503,0,702
3503,1,416
3503,2,416
3503,3,416
3503,4,416
3504,0,362
3504,1,362
3504,2,362
3504,3,362
3504,4,358
3505,0,967
3505,1,960
3505,2,967
3505,3,967
3505,4,960
3506,0,382
3506,1,382
3506,2,382
3506,3,380
3506,4,382
3507,0,180
3507,1,179
3507,2,179
3507,3,179
3507,4,179
3508,0,693
3508,1,852
3508,2,852
3508,3,795
3508,4,852
3509,0,809
3509,1,809
3509,2,925
3509,3,809
3509,4,925
3510,0,759
3510,1,759
3510,2,633
3510,3,759
3510,4,633
3511,0,524
3511,1,524
3511,2,461
3511,3,461
3511,4,461
3512,0,328
3512,1,125
3512,2,328
3512,3,328
3512,4,328
3513,0,592
3513,1,605
3513,2,761
3513,3,592
3513,4,605
3514,0,454
3514,1,454
3514,2,454
3514,3,454
3514,4,624
3515,0,996
3515,1,991
3515,2,991
3515,3,991
3515,4,991
3516,0,412
3516,1,412
3516,2,412
3516,3,412
3516,4,704
3517,0,799
3517,1,799
3517,2,799
3517,3,760
3517,4,799
3518,0,735
3518,1,474
3518,2,911
3518,3,735
3518,4,474
3519,0,638
3519,1,842
3519,2,842
3519,3,638
3519,4,638
3520,0,342
3520,1,341
3520,2,342
3520,3,342
3520,4,342
3521,0,444
3521,1,444
3521,2,444
3521,3,444
3521,4,671
3522,0,939
3522,1,709
3522,2,943
3522,3,939
3522,4,943
3523,0,209
3523,1,357
3523,2,357
3523,3,209
3523,4,357
3524,0,570
3524,1,665
3524,2,518
3524,3,665
3524,4,665
3525,0,879
3525,1,879
3525,2,879
3525,3,693
3525,4,879
3526,0,706
3526,1,706
3526,2,799
3526,3,706
3526,4,706
3527,0,473
3527,1,473
3527,2,600
3527,3,473
3527,4,473
3528,0,50
3528,1,50
3528,2,50
3528,3,49
3528,4,50
3529,0,518
3529,1,518
3529,2,518
3529,3,518
3529,4,670
3530,0,381
3530,1,381
3530,2,381
3530,3,371
3530,4,381
3531,0,443
3531,1,415
3531,2,509
3531,3,415
3531,4,748
3532,0,434
3532,1,999
3532,2,999
3532,3,2
3532,4,999
3533,0,541
3533,1,619
3533,2,619
3533,3,619
3533,4,619
3534,0,221
3534,1,221
3534,2,226
3534,3,221
3534,4,160
3535,0,601
3535,1,578
3535,2,601
3535,3,601
3535,4,601
3536,0,657
3536,1,744
3536,2,744
3536,3,744
3536,4,657
3537,0,638
3537,1,638
3537,2,639
3537,3,638
3537,4,639
3538,0,917
3538,1,917
3538,2,947
3538,3,917
3538,4,966
3539,0,804
3539,1,804
3539,2,804
3539,3,711
3539,4,804
3540,0,968
3540,1,504
3540,2,504
3540,3,504
3540,4,504
3541,0,446
3541,1,446
3541,2,626
3541,3,626
3541,4,446
3542,0,863
3542,1,863
3542,2,863
3542,3,570
3542,4,863
3543,0,490
3543,1,971
3543,2,521
3543,3,907
3543,4,907
3544,0,976
3544,1,976
3544,2,978
3544,3,976
3544,4,978
3545,0,374
3545,1,374
3545,2,374
3545,3,374
3545,4,375
3546,0,738
3546,1,706
3546,2,738
3546,3,738
3546,4,799
3547,0,263
3547,1,264
3547,2,263
3547,3,264
3547,4,263
3548,0,632
3548,1,632
3548,2,700
3548,3,632
3548,4,632
3549,0,455
3549,1,415
3549,2,415
3549,3,415
3549,4,415
3550,0,600
3550,1,494
3550,2,600
3550,3,600
3550,4,600
3551,0,384
3551,1,384
3551,2,384
3551,3,371
3551,4,384
3552,0,541
3552,1,822
3552,2,541
3552,3,541
3552,4,541
3553,0,238
3553,1,241
3553,2,238
3553,3,238
3553,4,238
3554,0,409
3554,1,892
3554,2,409
3554,3,409
3554,4,409
3555,0,694
3555,1,913
3555,2,694
3555,3,694
3555,4,694
3556,0,618
3556,1,969
3556,2,969
3556,3,969
3556,4,969
3557,0,290
3557,1,290
3557,2,290
3557,3,290
3557,4,288
3558,0,653
3558,1,862
3558,2,862
3558,3,909
3558,4,862
3559,0,183
3559,1,206
3559,2,206
3559,3,183
3559,4,206
3560,0,450
3560,1,814
3560,2,450
3560,3,450
3560,4,450
3561,0,706
3561,1,663
3561,2,663
3561,3,663
3561,4,663
3562,0,499
3562,1,852
3562,2,836
3562,3,655
3562,4,570
3563,0,848
3563,1,485
3563,2,598
3563,3,598
3563,4,598
3564,0,1
3564,1,1
3564,2,917
3564,3,917
3564,4,917
3565,0,590
3565,1,681
3565,2,681
3565,3,681
3565,4,590
3566,0,748
3566,1,533
3566,2,533
3566,3,898
3566,4,748
3567,0,909
3567,1,909
3567,2,909
3567,3,909
3567,4,469
3568,0,799
3568,1,799
3568,2,799
3568,3,799
3568,4,454
3569,0,617
3569,1,617
3569,2,617
3569,3,608
3569,4,617
3570,0,797
3570,1,869
3570,2,869
3570,3,869
3570,4,869
3571,0,461
3571,1,524
3571,2,524
3571,3,643
3571,4,787
3572,0,179
3572,1,208
3572,2,208
3572,3,245
3572,4,179
3573,0,596
3573,1,792
3573,2,830
3573,3,421
3573,4,830
3574,0,916
3574,1,916
3574,2,921
3574,3,916
3574,4,921
3575,0,309
3575,1,309
3575,2,309
3575,3,309
3575,4,308
3576,0,116
3576,1,116
3576,2,116
3576,3,126
3576,4,116
3577,0,681
3577,1,620
3577,2,681
3577,3,620
3577,4,620
3578,0,505
3578,1,773
3578,2,773
3578,3,773
3578,4,773
3579,0,526
3579,1,495
3579,2,526
3579,3,526
3579,4,526
3580,0,155
3580,1,155
3580,2,204
3580,3,155
3580,4,155
3581,0,797
3581,1,797
3581,2,434
3581,3,797
3581,4,797
3582,0,438
3582,1,931
3582,2,899
3582,3,931
3582,4,931
3583,0,896
3583,1,896
3583,2,896
3583,3,804
3583,4,896
3584,0,661
3584,1,555
3584,2,407
3584,3,555
3584,4,407
3585,0,850
3585,1,850
3585,2,850
3585,3,676
3585,4,850
3586,0,470
3586,1,884
3586,2,406
3586,3,470
3586,4,470
3587,0,598
3587,1,598
3587,2,598
3587,3,851
3587,4,598
3588,0,471
3588,1,623
3588,2,623
3588,3,618
3588,4,623
3589,0,755
3589,1,517
3589,2,517
3589,3,755
3589,4,755
3590,0,879
3590,1,879
3590,2,879
3590,3,692
3590,4,879
3591,0,556
3591,1,556
3591,2,787
3591,3,556
3591,4,556
3592,0,262
3592,1,252
3592,2,252
3592,3,252
3592,4,252
3593,0,435
3593,1,478
3593,2,478
3593,3,435
3593,4,478
3594,0,54
3594,1,786
3594,2,786
3594,3,786
3594,4,786
3595,0,551
3595,1,551
3595,2,541
3595,3,551
3595,4,541
3596,0,112
3596,1,506
3596,2,680
3596,3,720
3596,4,898
3597,0,723
3597,1,415
3597,2,415
3597,3,415
3597,4,415
3598,0,752
3598,1,752
3598,2,752
3598,3,890
3598,4,752
3599,0,754
3599,1,507
3599,2,507
3599,3,507
3599,4,771
3600,0,664
3600,1,527
3600,2,664
3600,3,664
3600,4,664
3601,0,41
3601,1,46
3601,2,41
3601,3,41
3601,4,41
3602,0,358
3602,1,359
3602,2,358
3602,3,358
3602,4,358
3603,0,515
3603,1,515
3603,2,515
3603,3,808
3603,4,515
3604,0,506
3604,1,679
3604,2,464
3604,3,464
3604,4,679
3605,0,435
3605,1,435
3605,2,876
3605,3,435
3605,4,435
3606,0,892
3606,1,409
3606,2,409
3606,3,409
3606,4,409
3607,0,860
3607,1,860
3607,2,860
3607,3,454
3607,4,860
3608,0,888
3608,1,888
3608,2,649
3608,3,888
3608,4,888
3609,0,713
3609,1,848
3609,2,769
3609,3,593
3609,4,784
3610,0,209
3610,1,209
3610,2,676
3610,3,676
3610,4,209
3611,0,353
3611,1,352
3611,2,353
3611,3,352
3611,4,353
3612,0,911
3612,1,911
3612,2,796
3612,3,911
3612,4,796
3613,0,981
3613,1,981
3613,2,981
3613,3,981
3613,4,429
3614,0,638
3614,1,639
3614,2,638
3614,3,638
3614,4,639
3615,0,601
3615,1,601
3615,2,617
3615,3,903
3615,4,617
3616,0,832
3616,1,832
3616,2,698
3616,3,832
3616,4,832
3617,0,730
3617,1,730
3617,2,690
3617,3,730
3617,4,730
3618,0,481
3618,1,464
3618,2,464
3618,3,481
3618,4,464
3619,0,381
3619,1,378
3619,2,378
3619,3,379
3619,4,378
3620,0,848
3620,1,481
3620,2,848
3620,3,848
3620,4,848
3621,0,101
3621,1,385
3621,2,101
3621,3,101
3621,4,101
3622,0,278
3622,1,280
3622,2,280
3622,3,278
3622,4,280
3623,0,371
3623,1,374
3623,2,371
3623,3,374
3623,4,374
3624,0,488
3624,1,488
3624,2,695
3624,3,488
3624,4,695
3625,0,930
3625,1,931
3625,2,931
3625,3,931
3625,4,931
3626,0,231
3626,1,230
3626,2,230
3626,3,231
3626,4,231
3627,0,260
3627,1,259
3627,2,257
3627,3,259
3627,4,283
3628,0,615
3628,1,615
3628,2,615
3628,3,796
3628,4,615
3629,0,457
3629,1,844
3629,2,633
3629,3,587
3629,4,844
3630,0,776
3630,1,513
3630,2,513
3630,3,513
3630,4,513
3631,0,506
3631,1,540
3631,2,506
3631,3,506
3631,4,506
3632,0,671
3632,1,671
3632,2,898
3632,3,615
3632,4,898
3633,0,358
3633,1,358
3633,2,361
3633,3,361
3633,4,361
3634,0,311
3634,1,315
3634,2,315
3634,3,311
3634,4,315
3635,0,488
3635,1,488
3635,2,843
3635,3,843
3635,4,843
3636,0,555
3636,1,555
3636,2,874
3636,3,555
3636,4,555
3637,0,477
3637,1,767
3637,2,767
3637,3,477
3637,4,767
3638,0,411
3638,1,443
3638,2,443
3638,3,443
3638,4,443
3639,0,776
3639,1,776
3639,2,776
3639,3,151
3639,4,776
3640,0,212
3640,1,217
3640,2,217
3640,3,212
3640,4,212
3641,0,775
3641,1,596
3641,2,596
3641,3,775
3641,4,596
3642,0,934
3642,1,923
3642,2,415
3642,3,934
3642,4,415
3643,0,819
3643,1,541
3643,2,541
3643,3,541
3643,4,541
3644,0,469
3644,1,469
3644,2,926
3644,3,469
3644,4,469
3645,0,627
3645,1,627
3645,2,609
3645,3,627
3645,4,627
3646,0,907
3646,1,551
3646,2,629
3646,3,551
3646,4,629
3647,0,449
3647,1,449
3647,2,449
3647,3,449
3647,4,425
3648,0,923
3648,1,962
3648,2,935
3648,3,923
3648,4,935
3649,0,357
3649,1,360
3649,2,360
3649,3,360
3649,4,360
3650,0,978
3650,1,978
3650,2,982
3650,3,978
3650,4,982
3651,0,463
3651,1,909
3651,2,738
3651,3,943
3651,4,909
3652,0,710
3652,1,710
3652,2,767
3652,3,710
3652,4,710
3653,0,525
3653,1,970
3653,2,525
3653,3,525
3653,4,525
3654,0,954
3654,1,950
3654,2,954
3654,3,950
3654,4,954
3655,0,977
3655,1,977
3655,2,842
3655,3,978
3655,4,842
3656,0,567
3656,1,567
3656,2,567
3656,3,567
3656,4,963
3657,0,184
3657,1,184
3657,2,182
3657,3,184
3657,4,184
3658,0,54
3658,1,54
3658,2,67
3658,3,66
3658,4,67
3659,0,813
3659,1,793
3659,2,793
3659,3,784
3659,4,793
3660,0,111
3660,1,52
3660,2,52
3660,3,111
3660,4,111
3661,0,192
3661,1,192
3661,2,223
3661,3,254
3661,4,192
3662,0,904
3662,1,672
3662,2,672
3662,3,672
3662,4,672
3663,0,782
3663,1,527
3663,2,527
3663,3,527
3663,4,527
3664,0,336
3664,1,336
3664,2,336
3664,3,337
3664,4,337
3665,0,504
3665,1,710
3665,2,710
3665,3,710
3665,4,710
3666,0,522
3666,1,574
3666,2,574
3666,3,574
3666,4,574
3667,0,621
3667,1,621
3667,2,803
3667,3,803
3667,4,802
3668,0,781
3668,1,781
3668,2,498
3668,3,781
3668,4,498
3669,0,791
3669,1,582
3669,2,582
3669,3,791
3669,4,791
3670,0,731
3670,1,890
3670,2,890
3670,3,731
3670,4,838
3671,0,981
3671,1,429
3671,2,981
3671,3,981
3671,4,981
3672,0,514
3672,1,514
3672,2,655
3672,3,655
3672,4,655
3673,0,716
3673,1,666
3673,2,677
3673,3,716
3673,4,677
3674,0,679
3674,1,492
3674,2,825
3674,3,679
3674,4,826
3675,0,166
3675,1,165
3675,2,165
3675,3,165
3675,4,165
3676,0,951
3676,1,966
3676,2,954
3676,3,954
3676,4,512
3677,0,571
3677,1,428
3677,2,446
3677,3,446
3677,4,830
3678,0,552
3678,1,903
3678,2,903
3678,3,903
3678,4,903
3679,0,212
3679,1,214
3679,2,214
3679,3,219
3679,4,214
3680,0,392
3680,1,392
3680,2,392
3680,3,392
3680,4,973
3681,0,867
3681,1,867
3681,2,867
3681,3,900
3681,4,867
3682,0,508
3682,1,673
3682,2,508
3682,3,508
3682,4,673
3683,0,906
3683,1,906
3683,2,906
3683,3,457
3683,4,876
3684,0,968
3684,1,762
3684,2,968
3684,3,968
3684,4,968
3685,0,740
3685,1,740
3685,2,587
3685,3,587
3685,4,587
3686,0,925
3686,1,925
3686,2,828
3686,3,925
3686,4,925
3687,0,248
3687,1,248
3687,2,248
3687,3,248
3687,4,250
3688,0,919
3688,1,919
3688,2,919
3688,3,919
3688,4,424
3689,0,526
3689,1,798
3689,2,798
3689,3,813
3689,4,798
3690,0,420
3690,1,889
3690,2,889
3690,3,889
3690,4,889
3691,0,82
3691,1,85
3691,2,85
3691,3,85
3691,4,82
3692,0,657
3692,1,744
3692,2,744
3692,3,744
3692,4,744
3693,0,467
3693,1,467
3693,2,389
3693,3,467
3693,4,389
3694,0,879
3694,1,879
3694,2,879
3694,3,904
3694,4,879
3695,0,925
3695,1,925
3695,2,504
3695,3,925
3695,4,968
3696,0,975
3696,1,975
3696,2,975
3696,3,975
3696,4,705
3697,0,877
3697,1,702
3697,2,702
3697,3,702
3697,4,702
3698,0,847
3698,1,408
3698,2,847
3698,3,408
3698,4,847
3699,0,686
3699,1,999
3699,2,999
3699,3,686
3699,4,999
3700,0,482
3700,1,848
3700,2,482
3700,3,481
3700,4,482
3701,0,909
3701,1,909
3701,2,968
3701,3,909
3701,4,504
3702,0,101
3702,1,386
3702,2,386
3702,3,101
3702,4,386
3703,0,658
3703,1,658
3703,2,658
3703,3,457
3703,4,658
3704,0,38
3704,1,47
3704,2,38
3704,3,47
3704,4,47
3705,0,819
3705,1,819
3705,2,819
3705,3,486
3705,4,819
3706,0,552
3706,1,921
3706,2,883
3706,3,552
3706,4,883
3707,0,528
3707,1,707
3707,2,528
3707,3,528
3707,4,528
3708,0,868
3708,1,868
3708,2,868
3708,3,923
3708,4,532
3709,0,639
3709,1,639
3709,2,639
3709,3,876
3709,4,639
3710,0,888
3710,1,525
3710,2,888
3710,3,525
3710,4,888
3711,0,878
3711,1,440
3711,2,440
3711,3,440
3711,4,440
3712,0,763
3712,1,391
3712,2,389
3712,3,391
3712,4,391
3713,0,73
3713,1,815
3713,2,815
3713,3,73
3713,4,815
3714,0,813
3714,1,813
3714,2,813
3714,3,618
3714,4,647
3715,0,854
3715,1,854
3715,2,854
3715,3,585
3715,4,854
3716,0,63
3716,1,63
3716,2,63
3716,3,358
3716,4,63
3717,0,743
3717,1,904
3717,2,877
3717,3,904
3717,4,743
3718,0,254
3718,1,245
3718,2,254
3718,3,254
3718,4,254
3719,0,738
3719,1,883
3719,2,883
3719,3,738
3719,4,883
3720,0,863
3720,1,832
3720,2,832
3720,3,832
3720,4,832
3721,0,395
3721,1,389
3721,2,394
3721,3,395
3721,4,389
3722,0,854
3722,1,854
3722,2,854
3722,3,642
3722,4,854
3723,0,848
3723,1,482
3723,2,848
3723,3,848
3723,4,482
3724,0,453
3724,1,453
3724,2,453
3724,3,453
3724,4,553
3725,0,937
3725,1,937
3725,2,937
3725,3,938
3725,4,937
3726,0,671
3726,1,671
3726,2,671
3726,3,444
3726,4,671
3727,0,860
3727,1,919
3727,2,919
3727,3,787
3727,4,787
3728,0,68
3728,1,67
3728,2,67
3728,3,68
3728,4,68
3729,0,694
3729,1,694
3729,2,694
3729,3,506
3729,4,506
3730,0,122
3730,1,122
3730,2,122
3730,3,119
3730,4,122
3731,0,523
3731,1,830
3731,2,523
3731,3,559
3731,4,523
3732,0,823
3732,1,823
3732,2,477
3732,3,555
3732,4,823
3733,0,74
3733,1,815
3733,2,815
3733,3,74
3733,4,74
3734,0,460
3734,1,978
3734,2,975
3734,3,975
3734,4,975
3735,0,142
3735,1,140
3735,2,140
3735,3,140
3735,4,140
3736,0,697
3736,1,470
3736,2,470
3736,3,641
3736,4,470
3737,0,277
3737,1,278
3737,2,278
3737,3,278
3737,4,278
3738,0,411
3738,1,636
3738,2,411
3738,3,411
3738,4,411
3739,0,618
3739,1,659
3739,2,618
3739,3,659
3739,4,618
3740,0,655
3740,1,514
3740,2,514
3740,3,655
3740,4,514
3741,0,928
3741,1,929
3741,2,470
3741,3,929
3741,4,433
3742,0,948
3742,1,733
3742,2,912
3742,3,733
3742,4,733
3743,0,66
3743,1,68
3743,2,66
3743,3,66
3743,4,66
3744,0,355
3744,1,355
3744,2,355
3744,3,355
3744,4,368
3745,0,508
3745,1,681
3745,2,681
3745,3,681
3745,4,681
3746,0,409
3746,1,409
3746,2,409
3746,3,826
3746,4,409
3747,0,883
3747,1,883
3747,2,725
3747,3,883
3747,4,883
3748,0,523
3748,1,584
3748,2,584
3748,3,584
3748,4,584
3749,0,241
3749,1,241
3749,2,241
3749,3,241
3749,4,238
3750,0,436
3750,1,581
3750,2,436
3750,3,436
3750,4,436
3751,0,783
3751,1,784
3751,2,784
3751,3,783
3751,4,784
3752,0,705
3752,1,654
3752,2,705
3752,3,705
3752,4,705
3753,0,436
3753,1,656
3753,2,656
3753,3,656
3753,4,656
3754,0,548
3754,1,548
3754,2,548
3754,3,548
3754,4,851
3755,0,202
3755,1,229
3755,2,229
3755,3,229
3755,4,229
3756,0,549
3756,1,549
3756,2,865
3756,3,865
3756,4,865
3757,0,246
3757,1,268
3757,2,268
3757,3,246
3757,4,268
3758,0,968
3758,1,659
3758,2,659
3758,3,659
3758,4,809
3759,0,979
3759,1,979
3759,2,972
3759,3,970
3759,4,972
3760,0,457
3760,1,982
3760,2,834
3760,3,457
3760,4,834
3761,0,639
3761,1,639
3761,2,639
3761,3,638
3761,4,639
3762,0,527
3762,1,527
3762,2,681
3762,3,526
3762,4,681
3763,0,224
3763,1,224
3763,2,224
3763,3,224
3763,4,223
3764,0,846
3764,1,846
3764,2,619
3764,3,619
3764,4,619
3765,0,519
3765,1,893
3765,2,608
3765,3,519
3765,4,608
3766,0,248
3766,1,248
3766,2,250
3766,3,248
3766,4,248
3767,0,714
3767,1,714
3767,2,714
3767,3,402
3767,4,714
3768,0,698
3768,1,741
3768,2,741
3768,3,698
3768,4,741
3769,0,266
3769,1,266
3769,2,265
3769,3,265
3769,4,265
3770,0,815
3770,1,999
3770,2,815
3770,3,815
3770,4,815
3771,0,703
3771,1,402
3771,2,402
3771,3,402
3771,4,402
3772,0,966
3772,1,572
3772,2,966
3772,3,966
3772,4,572
3773,0,240
3773,1,240
3773,2,240
3773,3,238
3773,4,240
3774,0,511
3774,1,581
3774,2,581
3774,3,581
3774,4,581
3775,0,931
3775,1,931
3775,2,931
3775,3,931
3775,4,415
3776,0,471
3776,1,471
3776,2,471
3776,3,471
3776,4,447
3777,0,35
3777,1,35
3777,2,35
3777,3,36
3777,4,35
3778,0,82
3778,1,91
3778,2,91
3778,3,17
3778,4,93
3779,0,542
3779,1,541
3779,2,542
3779,3,541
3779,4,542
3780,0,515
3780,1,232
3780,2,515
3780,3,515
3780,4,515
3781,0,610
3781,1,610
3781,2,747
3781,3,610
3781,4,610
3782,0,536
3782,1,536
3782,2,510
3782,3,536
3782,4,536
3783,0,211
3783,1,163
3783,2,163
3783,3,168
3783,4,163
3784,0,998
3784,1,987
3784,2,987
3784,3,987
3784,4,998
3785,0,601
3785,1,601
3785,2,578
3785,3,601
3785,4,578
3786,0,848
3786,1,482
3786,2,848
3786,3,848
3786,4,848
3787,0,895
3787,1,895
3787,2,403
3787,3,403
3787,4,403
3788,0,67
3788,1,54
3788,2,54
3788,3,54
3788,4,54
3789,0,934
3789,1,930
3789,2,930
3789,3,930
3789,4,962
3790,0,824
3790,1,824
3790,2,824
3790,3,735
3790,4,824
3791,0,202
3791,1,189
3791,2,184
3791,3,265
3791,4,184
3792,0,914
3792,1,914
3792,2,780
3792,3,780
3792,4,780
3793,0,513
3793,1,776
3793,2,513
3793,3,513
3793,4,513
3794,0,832
3794,1,731
3794,2,601
3794,3,406
3794,4,601
3795,0,496
3795,1,496
3795,2,496
3795,3,658
3795,4,496
3796,0,149
3796,1,147
3796,2,147
3796,3,147
3796,4,147
3797,0,760
3797,1,760
3797,2,760
3797,3,760
3797,4,894
3798,0,465
3798,1,652
3798,2,465
3798,3,465
3798,4,465
3799,0,257
3799,1,257
3799,2,257
3799,3,270
3799,4,258
3800,0,980
3800,1,103
3800,2,103
3800,3,980
3800,4,103
3801,0,979
3801,1,979
3801,2,979
3801,3,525
3801,4,979
3802,0,806
3802,1,658
3802,2,806
3802,3,806
3802,4,806
3803,0,468
3803,1,468
3803,2,436
3803,3,468
3803,4,436
3804,0,248
3804,1,250
3804,2,250
3804,3,248
3804,4,250
3805,0,170
3805,1,170
3805,2,170
3805,3,170
3805,4,192
3806,0,435
3806,1,876
3806,2,435
3806,3,435
3806,4,435
3807,0,748
3807,1,631
3807,2,709
3807,3,893
3807,4,893
3808,0,460
3808,1,977
3808,2,975
3808,3,460
3808,4,975
3809,0,889
3809,1,486
3809,2,486
3809,3,486
3809,4,486
3810,0,886
3810,1,886
3810,2,897
3810,3,886
3810,4,886
3811,0,141
3811,1,141
3811,2,141
3811,3,141
3811,4,143
3812,0,49
3812,1,49
3812,2,58
3812,3,337
3812,4,58
3813,0,207
3813,1,219
3813,2,219
3813,3,207
3813,4,219
3814,0,549
3814,1,551
3814,2,78
3814,3,551
3814,4,78
3815,0,681
3815,1,681
3815,2,487
3815,3,681
3815,4,681
3816,0,322
3816,1,322
3816,2,326
3816,3,322
3816,4,322
3817,0,265
3817,1,265
3817,2,265
3817,3,265
3817,4,266
3818,0,717
3818,1,717
3818,2,864
3818,3,717
3818,4,864
3819,0,736
3819,1,736
3819,2,819
3819,3,819
3819,4,819
3820,0,969
3820,1,969
3820,2,969
3820,3,567
3820,4,969
3821,0,93
3821,1,96
3821,2,93
3821,3,93
3821,4,93
3822,0,978
3822,1,977
3822,2,774
3822,3,843
3822,4,608
3823,0,893
3823,1,893
3823,2,748
3823,3,893
3823,4,893
3824,0,40
3824,1,40
3824,2,46
3824,3,40
3824,4,40
3825,0,443
3825,1,443
3825,2,443
3825,3,804
3825,4,443
3826,0,868
3826,1,868
3826,2,868
3826,3,868
3826,4,567
3827,0,750
3827,1,750
3827,2,564
3827,3,750
3827,4,448
3828,0,881
3828,1,579
3828,2,579
3828,3,881
3828,4,881
3829,0,538
3829,1,975
3829,2,975
3829,3,722
3829,4,107
3830,0,677
3830,1,600
3830,2,677
3830,3,677
3830,4,677
3831,0,837
3831,1,836
3831,2,836
3831,3,836
3831,4,837
3832,0,185
3832,1,185
3832,2,182
3832,3,184
3832,4,185
3833,0,502
3833,1,655
3833,2,655
3833,3,502
3833,4,502
3834,0,290
3834,1,290
3834,2,290
3834,3,290
3834,4,286
3835,0,463
3835,1,739
3835,2,398
3835,3,842
3835,4,522
3836,0,586
3836,1,586
3836,2,847
3836,3,847
3836,4,586
3837,0,407
3837,1,407
3837,2,734
3837,3,407
3837,4,407
3838,0,802
3838,1,24
3838,2,24
3838,3,802
3838,4,24
3839,0,617
3839,1,793
3839,2,793
3839,3,617
3839,4,793
3840,0,964
3840,1,930
3840,2,964
3840,3,964
3840,4,964
3841,0,784
3841,1,876
3841,2,784
3841,3,542
3841,4,677
3842,0,563
3842,1,418
3842,2,563
3842,3,473
3842,4,418
3843,0,587
3843,1,596
3843,2,596
3843,3,240
3843,4,596
3844,0,32
3844,1,32
3844,2,43
3844,3,32
3844,4,32
3845,0,991
3845,1,994
3845,2,994
3845,3,994
3845,4,994
3846,0,374
3846,1,374
3846,2,368
3846,3,374
3846,4,374
3847,0,530
3847,1,530
3847,2,530
3847,3,754
3847,4,530
3848,0,113
3848,1,78
3848,2,78
3848,3,78
3848,4,310
3849,0,390
3849,1,390
3849,2,390
3849,3,397
3849,4,390
3850,0,860
3850,1,707
3850,2,582
3850,3,865
3850,4,582
3851,0,150
3851,1,150
3851,2,360
3851,3,150
3851,4,360
3852,0,970
3852,1,795
3852,2,970
3852,3,829
3852,4,829
3853,0,128
3853,1,132
3853,2,131
3853,3,131
3853,4,131
3854,0,643
3854,1,679
3854,2,451
3854,3,816
3854,4,643
3855,0,480
3855,1,877
3855,2,877
3855,3,877
3855,4,877
3856,0,413
3856,1,413
3856,2,413
3856,3,413
3856,4,764
3857,0,631
3857,1,680
3857,2,631
3857,3,631
3857,4,631
3858,0,807
3858,1,580
3858,2,580
3858,3,580
3858,4,580
3859,0,418
3859,1,418
3859,2,563
3859,3,418
3859,4,418
3860,0,215
3860,1,217
3860,2,215
3860,3,215
3860,4,215
3861,0,920
3861,1,654
3861,2,654
3861,3,407
3861,4,654
3862,0,518
3862,1,518
3862,2,709
3862,3,518
3862,4,768
3863,0,807
3863,1,756
3863,2,756
3863,3,653
3863,4,756
3864,0,809
3864,1,809
3864,2,809
3864,3,937
3864,4,809
3865,0,409
3865,1,892
3865,2,409
3865,3,409
3865,4,409
3866,0,508
3866,1,782
3866,2,527
3866,3,527
3866,4,782
3867,0,433
3867,1,650
3867,2,650
3867,3,650
3867,4,650
3868,0,461
3868,1,524
3868,2,524
3868,3,461
3868,4,524
3869,0,967
3869,1,441
3869,2,441
3869,3,967
3869,4,441
3870,0,970
3870,1,459
3870,2,456
3870,3,459
3870,4,456
3871,0,539
3871,1,804
3871,2,539
3871,3,539
3871,4,539
3872,0,60
3872,1,62
3872,2,62
3872,3,62
3872,4,60
3873,0,538
3873,1,538
3873,2,828
3873,3,904
3873,4,828
3874,0,4
3874,1,6
3874,2,5
3874,3,3
3874,4,4
3875,0,686
3875,1,686
3875,2,686
3875,3,811
3875,4,686
3876,0,578
3876,1,578
3876,2,578
3876,3,578
3876,4,499
3877,0,8
3877,1,85
3877,2,82
3877,3,82
3877,4,8
3878,0,123
3878,1,123
3878,2,123
3878,3,123
3878,4,124
3879,0,497
3879,1,538
3879,2,538
3879,3,538
3879,4,538
3880,0,771
3880,1,827
3880,2,766
3880,3,771
3880,4,534
3881,0,211
3881,1,211
3881,2,210
3881,3,210
3881,4,210
3882,0,463
3882,1,494
3882,2,463
3882,3,463
3882,4,632
3883,0,965
3883,1,415
3883,2,960
3883,3,960
3883,4,960
3884,0,600
3884,1,600
3884,2,695
3884,3,695
3884,4,600
3885,0,231
3885,1,231
3885,2,232
3885,3,232
3885,4,232
3886,0,869
3886,1,892
3886,2,869
3886,3,905
3886,4,869
3887,0,835
3887,1,835
3887,2,835
3887,3,730
3887,4,835
3888,0,657
3888,1,657
3888,2,744
3888,3,657
3888,4,657
3889,0,754
3889,1,754
3889,2,844
3889,3,754
3889,4,844
3890,0,880
3890,1,880
3890,2,880
3890,3,880
3890,4,444
3891,0,513
3891,1,776
3891,2,513
3891,3,541
3891,4,513
3892,0,153
3892,1,204
3892,2,204
3892,3,153
3892,4,204
3893,0,36
3893,1,36
3893,2,37
3893,3,36
3893,4,35
3894,0,727
3894,1,538
3894,2,538
3894,3,538
3894,4,538
3895,0,386
3895,1,386
3895,2,386
3895,3,385
3895,4,386
3896,0,584
3896,1,490
3896,2,490
3896,3,488
3896,4,490
3897,0,827
3897,1,827
3897,2,651
3897,3,827
3897,4,827
3898,0,266
3898,1,219
3898,2,219
3898,3,266
3898,4,266
3899,0,233
3899,1,197
3899,2,197
3899,3,233
3899,4,197
3900,0,962
3900,1,962
3900,2,962
3900,3,962
3900,4,923
3901,0,161
3901,1,218
3901,2,218
3901,3,161
3901,4,161
3902,0,240
3902,1,241
3902,2,241
3902,3,240
3902,4,241
3903,0,424
3903,1,424
3903,2,423
3903,3,424
3903,4,423
3904,0,32
3904,1,32
3904,2,47
3904,3,47
3904,4,47
3905,0,32
3905,1,30
3905,2,30
3905,3,30
3905,4,30
3906,0,968
3906,1,659
3906,2,659
3906,3,659
3906,4,659
3907,0,26
3907,1,32
3907,2,32
3907,3,26
3907,4,26
3908,0,710
3908,1,505
3908,2,686
3908,3,849
3908,4,710
3909,0,852
3909,1,305
3909,2,75
3909,3,305
3909,4,305
3910,0,848
3910,1,482
3910,2,848
3910,3,848
3910,4,848
3911,0,650
3911,1,823
3911,2,823
3911,3,650
3911,4,823
3912,0,739
3912,1,903
3912,2,903
3912,3,903
3912,4,903
3913,0,970
3913,1,970
3913,2,837
3913,3,970
3913,4,837
3914,0,893
3914,1,446
3914,2,893
3914,3,636
3914,4,893
3915,0,742
3915,1,742
3915,2,713
3915,3,742
3915,4,713
3916,0,634
3916,1,634
3916,2,565
3916,3,634
3916,4,565
3917,0,543
3917,1,589
3917,2,589
3917,3,503
3917,4,589
3918,0,359
3918,1,359
3918,2,358
3918,3,359
3918,4,358
3919,0,428
3919,1,428
3919,2,428
3919,3,634
3919,4,428
3920,0,485
3920,1,485
3920,2,754
3920,3,485
3920,4,485
3921,0,591
3921,1,591
3921,2,549
3921,3,591
3921,4,591
3922,0,834
3922,1,834
3922,2,906
3922,3,834
3922,4,906
3923,0,536
3923,1,536
3923,2,536
3923,3,449
3923,4,536
3924,0,281
3924,1,285
3924,2,285
3924,3,285
3924,4,281
3925,0,846
3925,1,846
3925,2,846
3925,3,619
3925,4,619
3926,0,743
3926,1,674
3926,2,674
3926,3,674
3926,4,674
3927,0,412
3927,1,412
3927,2,899
3927,3,412
3927,4,504
3928,0,422
3928,1,543
3928,2,543
3928,3,543
3928,4,543
3929,0,240
3929,1,166
3929,2,166
3929,3,240
3929,4,166
3930,0,978
3930,1,978
3930,2,977
3930,3,978
3930,4,879
3931,0,911
3931,1,741
3931,2,885
3931,3,911
3931,4,794
3932,0,804
3932,1,804
3932,2,804
3932,3,928
3932,4,804
3933,0,733
3933,1,970
3933,2,733
3933,3,970
3933,4,733
3934,0,925
3934,1,813
3934,2,813
3934,3,659
3934,4,659
3935,0,265
3935,1,265
3935,2,265
3935,3,265
3935,4,266
3936,0,176
3936,1,176
3936,2,176
3936,3,176
3936,4,172
3937,0,972
3937,1,972
3937,2,972
3937,3,972
3937,4,970
3938,0,929
3938,1,655
3938,2,655
3938,3,655
3938,4,655
3939,0,32
3939,1,32
3939,2,32
3939,3,125
3939,4,32
3940,0,513
3940,1,513
3940,2,875
3940,3,513
3940,4,513
3941,0,435
3941,1,876
3941,2,435
3941,3,876
3941,4,876
3942,0,355
3942,1,898
3942,2,355
3942,3,680
3942,4,355
3943,0,531
3943,1,531
3943,2,531
3943,3,409
3943,4,531
3944,0,166
3944,1,167
3944,2,167
3944,3,167
3944,4,167
3945,0,980
3945,1,980
3945,2,980
3945,3,980
3945,4,975
3946,0,525
3946,1,525
3946,2,646
3946,3,835
3946,4,525
3947,0,536
3947,1,536
3947,2,449
3947,3,536
3947,4,536
3948,0,531
3948,1,826
3948,2,531
3948,3,531
3948,4,531
3949,0,631
3949,1,629
3949,2,551
3949,3,629
3949,4,551
3950,0,950
3950,1,989
3950,2,738
3950,3,950
3950,4,738
3951,0,801
3951,1,801
3951,2,971
3951,3,801
3951,4,836
3952,0,369
3952,1,369
3952,2,381
3952,3,369
3952,4,381
3953,0,725
3953,1,725
3953,2,505
3953,3,725
3953,4,725
3954,0,872
3954,1,622
3954,2,872
3954,3,872
3954,4,872
3955,0,317
3955,1,317
3955,2,317
3955,3,317
3955,4,74
3956,0,380
3956,1,377
3956,2,377
3956,3,377
3956,4,377
3957,0,283
3957,1,287
3957,2,287
3957,3,283
3957,4,287
3958,0,556
3958,1,556
3958,2,556
3958,3,448
3958,4,556
3959,0,246
3959,1,246
3959,2,178
3959,3,246
3959,4,246
3960,0,584
3960,1,772
3960,2,496
3960,3,415
3960,4,932
3961,0,730
3961,1,866
3961,2,856
3961,3,856
3961,4,595
3962,0,415
3962,1,415
3962,2,415
3962,3,415
3962,4,588
3963,0,972
3963,1,972
3963,2,976
3963,3,976
3963,4,976
3964,0,824
3964,1,824
3964,2,824
3964,3,735
3964,4,824
3965,0,415
3965,1,415
3965,2,415
3965,3,509
3965,4,932
3966,0,611
3966,1,558
3966,2,558
3966,3,558
3966,4,558
3967,0,947
3967,1,947
3967,2,992
3967,3,947
3967,4,947
3968,0,433
3968,1,460
3968,2,978
3968,3,433
3968,4,433
3969,0,559
3969,1,765
3969,2,765
3969,3,765
3969,4,765
3970,0,598
3970,1,598
3970,2,598
3970,3,851
3970,4,598
3971,0,46
3971,1,46
3971,2,40
3971,3,40
3971,4,40
3972,0,208
3972,1,224
3972,2,226
3972,3,208
3972,4,205
3973,0,358
3973,1,104
3973,2,104
3973,3,277
3973,4,104
3974,0,270
3974,1,257
3974,2,257
3974,3,257
3974,4,257
3975,0,541
3975,1,439
3975,2,439
3975,3,541
3975,4,541
3976,0,163
3976,1,163
3976,2,168
3976,3,163
3976,4,163
3977,0,885
3977,1,885
3977,2,841
3977,3,885
3977,4,885
3978,0,789
3978,1,138
3978,2,138
3978,3,85
3978,4,138
3979,0,844
3979,1,818
3979,2,695
3979,3,999
3979,4,818
3980,0,428
3980,1,428
3980,2,112
3980,3,113
3980,4,113
3981,0,239
3981,1,239
3981,2,239
3981,3,241
3981,4,239
3982,0,892
3982,1,409
3982,2,409
3982,3,409
3982,4,409
3983,0,799
3983,1,894
3983,2,789
3983,3,799
3983,4,799
3984,0,849
3984,1,849
3984,2,849
3984,3,719
3984,4,849
3985,0,973
3985,1,973
3985,2,973
3985,3,973
3985,4,109
3986,0,952
3986,1,679
3986,2,679
3986,3,721
3986,4,584
3987,0,773
3987,1,877
3987,2,906
3987,3,887
3987,4,906
3988,0,377
3988,1,377
3988,2,377
3988,3,377
3988,4,380
3989,0,824
3989,1,456
3989,2,879
3989,3,824
3989,4,879
3990,0,754
3990,1,485
3990,2,485
3990,3,482
3990,4,632
3991,0,231
3991,1,230
3991,2,230
3991,3,230
3991,4,230
3992,0,907
3992,1,907
3992,2,489
3992,3,489
3992,4,489
3993,0,74
3993,1,616
3993,2,73
3993,3,74
3993,4,74
3994,0,723
3994,1,879
3994,2,879
3994,3,879
3994,4,971
3995,0,778
3995,1,778
3995,2,778
3995,3,922
3995,4,778
3996,0,425
3996,1,425
3996,2,634
3996,3,425
3996,4,634
3997,0,722
3997,1,722
3997,2,438
3997,3,722
3997,4,438
3998,0,264
3998,1,264
3998,2,263
3998,3,264
3998,4,263
3999,0,109
3999,1,109
3999,2,973
3999,3,109
3999,4,109
4000,0,475
4000,1,572
4000,2,618
4000,3,572
4000,4,807
4001,0,66
4001,1,68
4001,2,68
4001,3,68
4001,4,68
4002,0,708
4002,1,682
4002,2,682
4002,3,708
4002,4,682
4003,0,572
4003,1,441
4003,2,441
4003,3,572
4003,4,441
4004,0,668
4004,1,668
4004,2,538
4004,3,668
4004,4,668
4005,0,366
4005,1,380
4005,2,380
4005,3,366
4005,4,366
4006,0,861
4006,1,314
4006,2,314
4006,3,861
4006,4,861
4007,0,803
4007,1,569
4007,2,569
4007,3,803
4007,4,803
4008,0,382
4008,1,382
4008,2,382
4008,3,380
4008,4,382
4009,0,109
4009,1,490
4009,2,619
4009,3,109
4009,4,883
4010,0,916
4010,1,921
4010,2,916
4010,3,916
4010,4,916
4011,0,45
4011,1,763
4011,2,763
4011,3,763
4011,4,763
4012,0,846
4012,1,846
4012,2,619
4012,3,619
4012,4,846
4013,0,975
4013,1,975
4013,2,975
4013,3,99
4013,4,97
4014,0,670
4014,1,670
4014,2,670
4014,3,518
4014,4,670
4015,0,380
4015,1,377
4015,2,377
4015,3,380
4015,4,380
4016,0,400
4016,1,667
4016,2,667
4016,3,400
4016,4,667
4017,0,205
4017,1,256
4017,2,256
4017,3,256
4017,4,256
4018,0,412
4018,1,505
4018,2,412
4018,3,412
4018,4,412
4019,0,455
4019,1,455
4019,2,760
4019,3,455
4019,4,455
4020,0,653
4020,1,653
4020,2,653
4020,3,503
4020,4,653
4021,0,361
4021,1,362
4021,2,361
4021,3,361
4021,4,361
4022,0,848
4022,1,482
4022,2,848
4022,3,485
4022,4,482
4023,0,827
4023,1,827
4023,2,827
4023,3,827
4023,4,544
4024,0,426
4024,1,635
4024,2,635
4024,3,635
4024,4,635
4025,0,550
4025,1,859
4025,2,534
4025,3,729
4025,4,729
4026,0,943
4026,1,931
4026,2,931
4026,3,931
4026,4,943
4027,0,909
4027,1,967
4027,2,968
4027,3,968
4027,4,441
4028,0,598
4028,1,598
4028,2,598
4028,3,745
4028,4,598
4029,0,655
4029,1,514
4029,2,514
4029,3,655
4029,4,514
4030,0,853
4030,1,853
4030,2,865
4030,3,865
4030,4,865
4031,0,442
4031,1,494
4031,2,494
4031,3,494
4031,4,494
4032,0,741
4032,1,721
4032,2,741
4032,3,741
4032,4,741
4033,0,468
4033,1,920
4033,2,468
4033,3,468
4033,4,468
4034,0,678
4034,1,982
4034,2,678
4034,3,457
4034,4,678
4035,0,657
4035,1,744
4035,2,744
4035,3,744
4035,4,657
4036,0,37
4036,1,37
4036,2,36
4036,3,37
4036,4,36
4037,0,817
4037,1,817
4037,2,817
4037,3,817
4037,4,479
4038,0,505
4038,1,505
4038,2,505
4038,3,505
4038,4,550
4039,0,753
4039,1,811
4039,2,811
4039,3,811
4039,4,811
4040,0,860
4040,1,454
4040,2,454
4040,3,454
4040,4,454
4041,0,400
4041,1,400
4041,2,400
4041,3,667
4041,4,667
4042,0,328
4042,1,328
4042,2,328
4042,3,973
4042,4,328
4043,0,605
4043,1,605
4043,2,605
4043,3,605
4043,4,662
4044,0,246
4044,1,159
4044,2,246
4044,3,246
4044,4,159
4045,0,202
4045,1,184
4045,2,184
4045,3,202
4045,4,202
4046,0,914
4046,1,914
4046,2,914
4046,3,914
4046,4,780
4047,0,825
4047,1,825
4047,2,825
4047,3,825
4047,4,799
4048,0,31
4048,1,31
4048,2,31
4048,3,32
4048,4,32
4049,0,231
4049,1,231
4049,2,230
4049,3,230
4049,4,230
4050,0,836
4050,1,836
4050,2,837
4050,3,836
4050,4,836
4051,0,238
4051,1,166
4051,2,166
4051,3,166
4051,4,166
4052,0,696
4052,1,696
4052,2,696
4052,3,749
4052,4,696
4053,0,161
4053,1,161
4053,2,161
4053,3,161
4053,4,162
4054,0,128
4054,1,23
4054,2,127
4054,3,23
4054,4,128
4055,0,600
4055,1,600
4055,2,600
4055,3,600
4055,4,730
4056,0,788
4056,1,807
4056,2,424
4056,3,424
4056,4,424
4057,0,85
4057,1,85
4057,2,86
4057,3,85
4057,4,86
4058,0,770
4058,1,774
4058,2,774
4058,3,419
4058,4,774
4059,0,327
4059,1,327
4059,2,327
4059,3,327
4059,4,108
4060,0,106
4060,1,106
4060,2,106
4060,3,337
4060,4,106
4061,0,470
4061,1,470
4061,2,644
4061,3,470
4061,4,644
4062,0,82
4062,1,83
4062,2,82
4062,3,82
4062,4,86
4063,0,996
4063,1,944
4063,2,944
4063,3,996
4063,4,996
4064,0,884
4064,1,884
4064,2,884
4064,3,884
4064,4,663
4065,0,810
4065,1,878
4065,2,878
4065,3,878
4065,4,878
4066,0,873
4066,1,884
4066,2,873
4066,3,873
4066,4,873
4067,0,830
4067,1,830
4067,2,830
4067,3,616
4067,4,830
4068,0,686
4068,1,686
4068,2,686
4068,3,686
4068,4,535
4069,0,730
4069,1,866
4069,2,866
4069,3,866
4069,4,866
4070,0,186
4070,1,262
4070,2,185
4070,3,151
4070,4,262
4071,0,964
4071,1,964
4071,2,951
4071,3,964
4071,4,964
4072,0,541
4072,1,822
4072,2,822
4072,3,822
4072,4,822
4073,0,751
4073,1,751
4073,2,757
4073,3,751
4073,4,751
4074,0,964
4074,1,964
4074,2,933
4074,3,933
4074,4,961
4075,0,539
4075,1,840
4075,2,840
4075,3,840
4075,4,840
4076,0,836
4076,1,836
4076,2,837
4076,3,837
4076,4,836
4077,0,234
4077,1,236
4077,2,236
4077,3,236
4077,4,236
4078,0,987
4078,1,987
4078,2,923
4078,3,987
4078,4,784
4079,0,164
4079,1,164
4079,2,217
4079,3,164
4079,4,217
4080,0,651
4080,1,827
4080,2,827
4080,3,827
4080,4,827
4081,0,688
4081,1,688
4081,2,664
4081,3,590
4081,4,664
4082,0,784
4082,1,623
4082,2,623
4082,3,623
4082,4,623
4083,0,868
4083,1,700
4083,2,475
4083,3,868
4083,4,475
4084,0,928
4084,1,452
4084,2,697
4084,3,452
4084,4,610
4085,0,526
4085,1,553
4085,2,553
4085,3,553
4085,4,553
4086,0,485
4086,1,754
4086,2,485
4086,3,485
4086,4,485
4087,0,564
4087,1,564
4087,2,564
4087,3,516
4087,4,564
4088,0,894
4088,1,583
4088,2,583
4088,3,583
4088,4,583
4089,0,74
4089,1,74
4089,2,815
4089,3,815
4089,4,815
4090,0,175
4090,1,175
4090,2,228
4090,3,228
4090,4,175
4091,0,32
4091,1,31
4091,2,31
4091,3,31
4091,4,31
4092,0,528
4092,1,507
4092,2,507
4092,3,528
4092,4,507
4093,0,635
4093,1,635
4093,2,635
4093,3,835
4093,4,635
4094,0,222
4094,1,222
4094,2,257
4094,3,222
4094,4,222
4095,0,567
4095,1,567
4095,2,700
4095,3,700
4095,4,567
4096,0,682
4096,1,884
4096,2,884
4096,3,698
4096,4,698
4097,0,743
4097,1,743
4097,2,663
4097,3,830
4097,4,707
4098,0,767
4098,1,767
4098,2,767
4098,3,692
4098,4,767
4099,0,261
4099,1,235
4099,2,235
4099,3,235
4099,4,235
4100,0,435
4100,1,876
4100,2,435
4100,3,435
4100,4,876
4101,0,964
4101,1,544
4101,2,964
4101,3,964
4101,4,964
4102,0,711
4102,1,551
4102,2,711
4102,3,711
4102,4,711
4103,0,879
4103,1,879
4103,2,575
4103,3,879
4103,4,879
4104,0,819
4104,1,795
4104,2,795
4104,3,862
4104,4,795
4105,0,164
4105,1,164
4105,2,164
4105,3,166
4105,4,164
4106,0,406
4106,1,887
4106,2,887
4106,3,406
4106,4,887
4107,0,141
4107,1,141
4107,2,141
4107,3,143
4107,4,141
4108,0,398
4108,1,398
4108,2,679
4108,3,398
4108,4,679
4109,0,101
4109,1,385
4109,2,385
4109,3,101
4109,4,385
4110,0,432
4110,1,486
4110,2,889
4110,3,889
4110,4,889
4111,0,231
4111,1,231
4111,2,231
4111,3,230
4111,4,231
4112,0,520
4112,1,520
4112,2,431
4112,3,520
4112,4,520
4113,0,582
4113,1,582
4113,2,791
4113,3,790
4113,4,790
4114,0,997
4114,1,997
4114,2,947
4114,3,997
4114,4,997
4115,0,468
4115,1,468
4115,2,779
4115,3,468
4115,4,468
4116,0,762
4116,1,762
4116,2,762
4116,3,762
4116,4,532
4117,0,511
4117,1,511
4117,2,817
4117,3,817
4117,4,817
4118,0,620
4118,1,620
4118,2,664
4118,3,527
4118,4,664
4119,0,968
4119,1,969
4119,2,911
4119,3,968
4119,4,969
4120,0,463
4120,1,463
4120,2,696
4120,3,463
4120,4,696
4121,0,502
4121,1,464
4121,2,774
4121,3,502
4121,4,774
4122,0,652
4122,1,413
4122,2,465
4122,3,413
4122,4,465
4123,0,422
4123,1,543
4123,2,422
4123,3,543
4123,4,422
4124,0,108
4124,1,393
4124,2,393
4124,3,393
4124,4,108
4125,0,564
4125,1,799
4125,2,564
4125,3,564
4125,4,799
4126,0,587
4126,1,523
4126,2,523
4126,3,523
4126,4,523
4127,0,663
4127,1,663
4127,2,663
4127,3,442
4127,4,663
4128,0,559
4128,1,559
4128,2,790
4128,3,790
4128,4,790
4129,0,583
4129,1,583
4129,2,421
4129,3,421
4129,4,583
4130,0,446
4130,1,893
4130,2,446
4130,3,446
4130,4,446
4131,0,762
4131,1,659
4131,2,762
4131,3,762
4131,4,762
4132,0,52
4132,1,63
4132,2,63
4132,3,54
4132,4,52
4133,0,977
4133,1,977
4133,2,977
4133,3,971
4133,4,977
4134,0,248
4134,1,248
4134,2,250
4134,3,248
4134,4,248
4135,0,558
4135,1,776
4135,2,558
4135,3,558
4135,4,558
4136,0,3
4136,1,801
4136,2,389
4136,3,801
4136,4,389
4137,0,309
4137,1,308
4137,2,319
4137,3,418
4137,4,319
4138,0,379
4138,1,378
4138,2,378
4138,3,378
4138,4,378
4139,0,898
4139,1,899
4139,2,899
4139,3,899
4139,4,898
4140,0,999
4140,1,700
4140,2,499
4140,3,999
4140,4,499
4141,0,797
4141,1,285
4141,2,728
4141,3,281
4141,4,281
4142,0,269
4142,1,270
4142,2,269
4142,3,269
4142,4,269
4143,0,231
4143,1,232
4143,2,231
4143,3,231
4143,4,232
4144,0,721
4144,1,721
4144,2,721
4144,3,643
4144,4,748
4145,0,508
4145,1,508
4145,2,673
4145,3,508
4145,4,508
4146,0,309
4146,1,949
4146,2,949
4146,3,949
4146,4,949
4147,0,689
4147,1,601
4147,2,601
4147,3,689
4147,4,601
4148,0,819
4148,1,678
4148,2,678
4148,3,731
4148,4,678
4149,0,731
4149,1,902
4149,2,610
4149,3,610
4149,4,610
4150,0,848
4150,1,482
4150,2,482
4150,3,482
4150,4,848
4151,0,852
4151,1,752
4151,2,752
4151,3,852
4151,4,752
4152,0,816
4152,1,879
4152,2,454
4152,3,865
4152,4,454
4153,0,748
4153,1,748
4153,2,636
4153,3,911
4153,4,636
4154,0,560
4154,1,518
4154,2,518
4154,3,571
4154,4,802
4155,0,62
4155,1,60
4155,2,61
4155,3,61
4155,4,52
4156,0,345
4156,1,690
4156,2,345
4156,3,345
4156,4,345
4157,0,883
4157,1,883
4157,2,818
4157,3,883
4157,4,818
4158,0,711
4158,1,711
4158,2,457
4158,3,572
4158,4,711
4159,0,54
4159,1,56
4159,2,54
4159,3,54
4159,4,54
4160,0,485
4160,1,592
4160,2,592
4160,3,827
4160,4,485
4161,0,272
4161,1,272
4161,2,280
4161,3,280
4161,4,272
4162,0,62
4162,1,61
4162,2,62
4162,3,62
4162,4,62
4163,0,644
4163,1,644
4163,2,827
4163,3,644
4163,4,862
4164,0,744
4164,1,744
4164,2,657
4164,3,744
4164,4,744
4165,0,446
4165,1,811
4165,2,742
4165,3,446
4165,4,742
4166,0,281
4166,1,281
4166,2,281
4166,3,281
4166,4,282
4167,0,817
4167,1,817
4167,2,751
4167,3,479
4167,4,751
4168,0,86
4168,1,86
4168,2,82
4168,3,86
4168,4,86
4169,0,663
4169,1,663
4169,2,663
4169,3,663
4169,4,698
4170,0,516
4170,1,516
4170,2,516
4170,3,516
4170,4,431
4171,0,359
4171,1,359
4171,2,358
4171,3,358
4171,4,358
4172,0,691
4172,1,570
4172,2,691
4172,3,691
4172,4,691
4173,0,572
4173,1,969
4173,2,572
4173,3,572
4173,4,925
4174,0,446
4174,1,446
4174,2,446
4174,3,626
4174,4,446
4175,0,701
4175,1,731
4175,2,523
4175,3,701
4175,4,830
4176,0,405
4176,1,833
4176,2,833
4176,3,833
4176,4,833
4177,0,230
4177,1,230
4177,2,263
4177,3,230
4177,4,263
4178,0,760
4178,1,827
4178,2,773
4178,3,827
4178,4,827
4179,0,253
4179,1,273
4179,2,253
4179,3,273
4179,4,253
4180,0,399
4180,1,399
4180,2,399
4180,3,501
4180,4,399
4181,0,119
4181,1,120
4181,2,119
4181,3,120
4181,4,119
4182,0,964
4182,1,942
4182,2,942
4182,3,942
4182,4,942
4183,0,505
4183,1,503
4183,2,503
4183,3,503
4183,4,503
4184,0,374
4184,1,369
4184,2,374
4184,3,369
4184,4,369
4185,0,86
4185,1,86
4185,2,85
4185,3,86
4185,4,86
4186,0,880
4186,1,879
4186,2,880
4186,3,880
4186,4,880
4187,0,530
4187,1,844
4187,2,844
4187,3,844
4187,4,844
4188,0,187
4188,1,187
4188,2,187
4188,3,187
4188,4,193
4189,0,866
4189,1,866
4189,2,621
4189,3,864
4189,4,866
4190,0,54
4190,1,66
4190,2,60
4190,3,54
4190,4,68
4191,0,130
4191,1,129
4191,2,130
4191,3,129
4191,4,130
4192,0,916
4192,1,549
4192,2,549
4192,3,549
4192,4,549
4193,0,528
4193,1,844
4193,2,528
4193,3,528
4193,4,844
4194,0,665
4194,1,670
4194,2,670
4194,3,665
4194,4,670
4195,0,409
4195,1,785
4195,2,785
4195,3,785
4195,4,785
4196,0,270
4196,1,273
4196,2,273
4196,3,273
4196,4,270
4197,0,524
4197,1,461
4197,2,461
4197,3,461
4197,4,461
4198,0,751
4198,1,751
4198,2,479
4198,3,751
4198,4,751
4199,0,681
4199,1,681
4199,2,620
4199,3,620
4199,4,681
4200,0,125
4200,1,125
4200,2,113
4200,3,125
4200,4,113
4201,0,476
4201,1,700
4201,2,700
4201,3,700
4201,4,700
4202,0,341
4202,1,341
4202,2,719
4202,3,341
4202,4,341
4203,0,842
4203,1,842
4203,2,838
4203,3,838
4203,4,842
4204,0,263
4204,1,273
4204,2,273
4204,3,263
4204,4,273
4205,0,783
4205,1,783
4205,2,784
4205,3,783
4205,4,784
4206,0,903
4206,1,903
4206,2,903
4206,3,903
4206,4,584
4207,0,823
4207,1,929
4207,2,728
4207,3,655
4207,4,728
4208,0,82
4208,1,86
4208,2,82
4208,3,82
4208,4,82
4209,0,648
4209,1,648
4209,2,901
4209,3,648
4209,4,901
4210,0,424
4210,1,424
4210,2,498
4210,3,415
4210,4,498
4211,0,675
4211,1,654
4211,2,675
4211,3,675
4211,4,675
4212,0,657
4212,1,744
4212,2,657
4212,3,744
4212,4,744
4213,0,849
4213,1,849
4213,2,725
4213,3,725
4213,4,849
4214,0,858
4214,1,858
4214,2,538
4214,3,858
4214,4,858
4215,0,462
4215,1,696
4215,2,462
4215,3,462
4215,4,462
4216,0,7
4216,1,8
4216,2,7
4216,3,7
4216,4,8
4217,0,638
4217,1,655
4217,2,691
4217,3,655
4217,4,638
4218,0,201
4218,1,201
4218,2,154
4218,3,201
4218,4,154
4219,0,434
4219,1,531
4219,2,530
4219,3,530
4219,4,530
4220,0,772
4220,1,455
4220,2,772
4220,3,772
4220,4,772
4221,0,46
4221,1,40
4221,2,46
4221,3,46
4221,4,46
4222,0,724
4222,1,724
4222,2,536
4222,3,724
4222,4,780
4223,0,928
4223,1,928
4223,2,960
4223,3,928
4223,4,928
4224,0,638
4224,1,775
4224,2,775
4224,3,638
4224,4,775
4225,0,37
4225,1,35
4225,2,37
4225,3,35
4225,4,35
4226,0,73
4226,1,73
4226,2,73
4226,3,73
4226,4,77
4227,0,861
4227,1,896
4227,2,896
4227,3,648
4227,4,896
4228,0,489
4228,1,616
4228,2,912
4228,3,703
4228,4,616
4229,0,744
4229,1,895
4229,2,895
4229,3,657
4229,4,895
4230,0,463
4230,1,790
4230,2,790
4230,3,588
4230,4,790
4231,0,526
4231,1,831
4231,2,527
4231,3,526
4231,4,453
4232,0,710
4232,1,710
4232,2,710
4232,3,767
4232,4,710
4233,0,733
4233,1,864
4233,2,733
4233,3,733
4233,4,517
4234,0,572
4234,1,966
4234,2,572
4234,3,572
4234,4,572
4235,0,577
4235,1,494
4235,2,577
4235,3,577
4235,4,577
4236,0,761
4236,1,487
4236,2,761
4236,3,487
4236,4,761
4237,0,435
4237,1,435
4237,2,435
4237,3,876
4237,4,435
4238,0,817
4238,1,817
4238,2,511
4238,3,511
4238,4,511
4239,0,754
4239,1,844
4239,2,844
4239,3,688
4239,4,754
4240,0,259
4240,1,259
4240,2,151
4240,3,259
4240,4,151
4241,0,793
4241,1,452
4241,2,793
4241,3,793
4241,4,793
4242,0,834
4242,1,630
4242,2,834
4242,3,834
4242,4,834
4243,0,161
4243,1,161
4243,2,161
4243,3,238
4243,4,161
4244,0,101
4244,1,101
4244,2,386
4244,3,386
4244,4,386
4245,0,200
4245,1,201
4245,2,201
4245,3,200
4245,4,201
4246,0,35
4246,1,36
4246,2,35
4246,3,35
4246,4,49
4247,0,703
4247,1,242
4247,2,242
4247,3,242
4247,4,242
4248,0,725
4248,1,725
4248,2,666
4248,3,849
4248,4,725
4249,0,666
4249,1,666
4249,2,666
4249,3,666
4249,4,924
4250,0,893
4250,1,457
4250,2,457
4250,3,457
4250,4,457
4251,0,369
4251,1,381
4251,2,381
4251,3,381
4251,4,381
4252,0,485
4252,1,485
4252,2,485
4252,3,662
4252,4,485
4253,0,836
4253,1,836
4253,2,584
4253,3,836
4253,4,584
4254,0,193
4254,1,193
4254,2,170
4254,3,193
4254,4,193
4255,0,928
4255,1,927
4255,2,927
4255,3,927
4255,4,927
4256,0,703
4256,1,414
4256,2,797
4256,3,414
4256,4,797
4257,0,929
4257,1,929
4257,2,929
4257,3,929
4257,4,928
4258,0,489
4258,1,489
4258,2,489
4258,3,489
4258,4,695
4259,0,588
4259,1,588
4259,2,588
4259,3,850
4259,4,588
4260,0,615
4260,1,838
4260,2,515
4260,3,808
4260,4,808
4261,0,655
4261,1,655
4261,2,697
4261,3,236
4261,4,655
4262,0,40
4262,1,40
4262,2,46
4262,3,40
4262,4,40
4263,0,51
4263,1,708
4263,2,51
4263,3,51
4263,4,51
4264,0,705
4264,1,829
4264,2,705
4264,3,705
4264,4,705
4265,0,427
4265,1,412
4265,2,463
4265,3,427
4265,4,463
4266,0,527
4266,1,526
4266,2,527
4266,3,527
4266,4,527
4267,0,590
4267,1,590
4267,2,590
4267,3,921
4267,4,590
4268,0,207
4268,1,184
4268,2,189
4268,3,189
4268,4,189
4269,0,977
4269,1,247
4269,2,247
4269,3,154
4269,4,247
4270,0,827
4270,1,827
4270,2,766
4270,3,827
4270,4,766
4271,0,952
4271,1,952
4271,2,949
4271,3,991
4271,4,949
4272,0,970
4272,1,970
4272,2,795
4272,3,970
4272,4,970
4273,0,966
4273,1,966
4273,2,966
4273,3,966
4273,4,907
4274,0,999
4274,1,617
4274,2,999
4274,3,999
4274,4,999
4275,0,909
4275,1,544
4275,2,544
4275,3,909
4275,4,544
4276,0,846
4276,1,619
4276,2,619
4276,3,619
4276,4,619
4277,0,784
4277,1,740
4277,2,740
4277,3,784
4277,4,784
4278,0,778
4278,1,530
4278,2,530
4278,3,530
4278,4,530
4279,0,52
4279,1,56
4279,2,56
4279,3,56
4279,4,60
4280,0,776
4280,1,513
4280,2,513
4280,3,875
4280,4,513
4281,0,667
4281,1,667
4281,2,667
4281,3,667
4281,4,400
4282,0,810
4282,1,878
4282,2,878
4282,3,810
4282,4,878
4283,0,983
4283,1,983
4283,2,393
4283,3,973
4283,4,983
4284,0,801
4284,1,801
4284,2,838
4284,3,801
4284,4,801
4285,0,66
4285,1,68
4285,2,68
4285,3,66
4285,4,66
4286,0,162
4286,1,785
4286,2,162
4286,3,162
4286,4,162
4287,0,807
4287,1,807
4287,2,807
4287,3,858
4287,4,858
4288,0,615
4288,1,643
4288,2,643
4288,3,643
4288,4,643
4289,0,762
4289,1,532
4289,2,868
4289,3,532
4289,4,532
4290,0,654
4290,1,654
4290,2,575
4290,3,656
4290,4,575
4291,0,751
4291,1,751
4291,2,751
4291,3,817
4291,4,751
4292,0,973
4292,1,973
4292,2,973
4292,3,65
4292,4,973
4293,0,226
4293,1,202
4293,2,238
4293,3,184
4293,4,228
4294,0,773
4294,1,773
4294,2,828
4294,3,773
4294,4,828
4295,0,968
4295,1,504
4295,2,968
4295,3,968
4295,4,969
4296,0,648
4296,1,896
4296,2,896
4296,3,648
4296,4,896
4297,0,743
4297,1,743
4297,2,743
4297,3,905
4297,4,789
4298,0,516
4298,1,697
4298,2,516
4298,3,697
4298,4,516
4299,0,978
4299,1,978
4299,2,977
4299,3,978
4299,4,978
4300,0,284
4300,1,283
4300,2,618
4300,3,283
4300,4,618
4301,0,56
4301,1,56
4301,2,54
4301,3,56
4301,4,56
4302,0,960
4302,1,928
4302,2,928
4302,3,960
4302,4,928
4303,0,744
4303,1,767
4303,2,626
4303,3,310
4303,4,709
4304,0,848
4304,1,784
4304,2,757
4304,3,904
4304,4,757
4305,0,572
4305,1,441
4305,2,441
4305,3,441
4305,4,441
4306,0,698
4306,1,698
4306,2,538
4306,3,698
4306,4,698
4307,0,461
4307,1,524
4307,2,524
4307,3,461
4307,4,524
4308,0,75
4308,1,77
4308,2,75
4308,3,75
4308,4,76
4309,0,837
4309,1,608
4309,2,837
4309,3,529
4309,4,837
4310,0,764
4310,1,764
4310,2,764
4310,3,764
4310,4,413
4311,0,709
4311,1,837
4311,2,837
4311,3,837
4311,4,837
4312,0,769
4312,1,563
4312,2,744
4312,3,657
4312,4,657
4313,0,513
4313,1,513
4313,2,566
4313,3,513
4313,4,875
4314,0,849
4314,1,849
4314,2,849
4314,3,846
4314,4,849
4315,0,295
4315,1,297
4315,2,295
4315,3,295
4315,4,295
4316,0,728
4316,1,728
4316,2,728
4316,3,591
4316,4,728
4317,0,148
4317,1,2
4317,2,2
4317,3,395
4317,4,2
4318,0,35
4318,1,35
4318,2,36
4318,3,37
4318,4,36
4319,0,627
4319,1,511
4319,2,627
4319,3,627
4319,4,511
4320,0,305
4320,1,306
4320,2,306
4320,3,306
4320,4,306
4321,0,395
4321,1,394
4321,2,390
4321,3,394
4321,4,394
4322,0,744
4322,1,744
4322,2,657
4322,3,744
4322,4,657
4323,0,497
4323,1,497
4323,2,497
4323,3,497
4323,4,663
4324,0,430
4324,1,890
4324,2,430
4324,3,430
4324,4,430
4325,0,918
4325,1,666
4325,2,666
4325,3,887
4325,4,666
4326,0,637
4326,1,637
4326,2,637
4326,3,771
4326,4,637
4327,0,795
4327,1,795
4327,2,795
4327,3,970
4327,4,970
4328,0,875
4328,1,513
4328,2,513
4328,3,513
4328,4,513
4329,0,929
4329,1,684
4329,2,684
4329,3,684
4329,4,684
4330,0,281
4330,1,282
4330,2,282
4330,3,281
4330,4,282
4331,0,769
4331,1,446
4331,2,446
4331,3,922
4331,4,769
4332,0,308
4332,1,319
4332,2,319
4332,3,319
4332,4,319
4333,0,285
4333,1,281
4333,2,281
4333,3,285
4333,4,281
4334,0,119
4334,1,118
4334,2,118
4334,3,118
4334,4,118
4335,0,638
4335,1,639
4335,2,638
4335,3,638
4335,4,639
4336,0,119
4336,1,118
4336,2,118
4336,3,118
4336,4,118
4337,0,422
4337,1,422
4337,2,543
4337,3,543
4337,4,543
4338,0,72
4338,1,72
4338,2,73
4338,3,72
4338,4,72
4339,0,304
4339,1,301
4339,2,304
4339,3,301
4339,4,301
4340,0,819
4340,1,862
4340,2,862
4340,3,862
4340,4,862
4341,0,692
4341,1,921
4341,2,692
4341,3,692
4341,4,692
4342,0,42
4342,1,42
4342,2,42
4342,3,42
4342,4,43
4343,0,886
4343,1,886
4343,2,886
4343,3,737
4343,4,886
4344,0,418
4344,1,563
4344,2,563
4344,3,563
4344,4,563
4345,0,903
4345,1,750
4345,2,750
4345,3,750
4345,4,697
4346,0,166
4346,1,166
4346,2,166
4346,3,167
4346,4,166
4347,0,383
4347,1,384
4347,2,383
4347,3,853
4347,4,383
4348,0,197
4348,1,226
4348,2,197
4348,3,233
4348,4,197
4349,0,159
4349,1,243
4349,2,243
4349,3,243
4349,4,243
4350,0,706
4350,1,706
4350,2,706
4350,3,706
4350,4,876
4351,0,539
4351,1,539
4351,2,539
4351,3,285
4351,4,539
4352,0,701
4352,1,701
4352,2,417
4352,3,701
4352,4,701
4353,0,569
4353,1,867
4353,2,654
4353,3,569
4353,4,757
4354,0,245
4354,1,245
4354,2,245
4354,3,245
4354,4,189
4355,0,472
4355,1,472
4355,2,472
4355,3,693
4355,4,472
4356,0,727
4356,1,538
4356,2,727
4356,3,727
4356,4,727
4357,0,118
4357,1,124
4357,2,118
4357,3,118
4357,4,118
4358,0,39
4358,1,119
4358,2,39
4358,3,119
4358,4,39
4359,0,586
4359,1,586
4359,2,586
4359,3,586
4359,4,847
4360,0,434
4360,1,434
4360,2,434
4360,3,434
4360,4,797
4361,0,756
4361,1,756
4361,2,427
4361,3,756
4361,4,756
4362,0,801
4362,1,801
4362,2,445
4362,3,801
4362,4,801
4363,0,636
4363,1,414
4363,2,636
4363,3,636
4363,4,414
4364,0,393
4364,1,393
4364,2,393
4364,3,108
4364,4,393
4365,0,823
4365,1,589
4365,2,662
4365,3,589
4365,4,589
4366,0,353
4366,1,343
4366,2,343
4366,3,343
4366,4,343
4367,0,860
4367,1,860
4367,2,860
4367,3,424
4367,4,860
4368,0,779
4368,1,829
4368,2,829
4368,3,829
4368,4,705
4369,0,68
4369,1,66
4369,2,66
4369,3,66
4369,4,66
4370,0,865
4370,1,865
4370,2,453
4370,3,865
4370,4,865
4371,0,716
4371,1,716
4371,2,716
4371,3,972
4371,4,716
4372,0,441
4372,1,441
4372,2,968
4372,3,441
4372,4,968
4373,0,679
4373,1,679
4373,2,679
4373,3,679
4373,4,837
4374,0,976
4374,1,976
4374,2,976
4374,3,976
4374,4,978
4375,0,482
4375,1,482
4375,2,848
4375,3,754
4375,4,482
4376,0,851
4376,1,851
4376,2,851
4376,3,688
4376,4,851
4377,0,919
4377,1,685
4377,2,685
4377,3,920
4377,4,685
4378,0,312
4378,1,312
4378,2,312
4378,3,311
4378,4,312
4379,0,906
4379,1,906
4379,2,906
4379,3,906
4379,4,457
4380,0,640
4380,1,543
4380,2,398
4380,3,677
4380,4,506
4381,0,652
4381,1,652
4381,2,715
4381,3,652
4381,4,439
4382,0,386
4382,1,101
4382,2,386
4382,3,386
4382,4,386
4383,0,487
4383,1,747
4383,2,747
4383,3,747
4383,4,747
4384,0,46
4384,1,40
4384,2,46
4384,3,46
4384,4,40
4385,0,497
4385,1,497
4385,2,557
4385,3,497
4385,4,497
4386,0,394
4386,1,391
4386,2,394
4386,3,394
4386,4,394
4387,0,979
4387,1,970
4387,2,970
4387,3,970
4387,4,970
4388,0,941
4388,1,941
4388,2,941
4388,3,940
4388,4,940
4389,0,580
4389,1,646
4389,2,853
4389,3,580
4389,4,646
4390,0,488
4390,1,679
4390,2,679
4390,3,679
4390,4,679
4391,0,824
4391,1,452
4391,2,824
4391,3,721
4391,4,824
4392,0,797
4392,1,797
4392,2,797
4392,3,281
4392,4,750
4393,0,515
4393,1,808
4393,2,515
4393,3,808
4393,4,808
4394,0,997
4394,1,499
4394,2,997
4394,3,997
4394,4,997
4395,0,278
4395,1,277
4395,2,278
4395,3,278
4395,4,278
4396,0,762
4396,1,706
4396,2,706
4396,3,706
4396,4,706
4397,0,997
4397,1,947
4397,2,947
4397,3,947
4397,4,947
4398,0,910
4398,1,909
4398,2,567
4398,3,909
4398,4,910
4399,0,386
4399,1,101
4399,2,386
4399,3,386
4399,4,386
4400,0,755
4400,1,755
4400,2,807
4400,3,755
4400,4,807
4401,0,556
4401,1,556
4401,2,556
4401,3,556
4401,4,884
4402,0,470
4402,1,773
4402,2,509
4402,3,415
4402,4,865
4403,0,709
4403,1,893
4403,2,709
4403,3,709
4403,4,692
4404,0,327
4404,1,327
4404,2,980
4404,3,601
4404,4,980
4405,0,975
4405,1,151
4405,2,975
4405,3,173
4405,4,151
4406,0,551
4406,1,551
4406,2,481
4406,3,633
4406,4,481
4407,0,290
4407,1,288
4407,2,288
4407,3,290
4407,4,290
4408,0,405
4408,1,405
4408,2,405
4408,3,976
4408,4,405
4409,0,771
4409,1,844
4409,2,844
4409,3,771
4409,4,844
4410,0,745
4410,1,776
4410,2,541
4410,3,875
4410,4,650
4411,0,108
4411,1,393
4411,2,393
4411,3,393
4411,4,108
4412,0,838
4412,1,838
4412,2,692
4412,3,922
4412,4,692
4413,0,510
4413,1,984
4413,2,984
4413,3,510
4413,4,984
4414,0,619
4414,1,794
4414,2,794
4414,3,794
4414,4,794
4415,0,796
4415,1,478
4415,2,478
4415,3,478
4415,4,478
4416,0,36
4416,1,103
4416,2,103
4416,3,29
4416,4,103
4417,0,718
4417,1,821
4417,2,821
4417,3,821
4417,4,821
4418,0,817
4418,1,817
4418,2,817
4418,3,751
4418,4,817
4419,0,617
4419,1,617
4419,2,906
4419,3,617
4419,4,617
4420,0,751
4420,1,751
4420,2,751
4420,3,751
4420,4,817
4421,0,460
4421,1,460
4421,2,536
4421,3,460
4421,4,460
4422,0,156
4422,1,156
4422,2,156
4422,3,218
4422,4,156
4423,0,876
4423,1,435
4423,2,876
4423,3,876
4423,4,435
4424,0,461
4424,1,461
4424,2,461
4424,3,461
4424,4,524
4425,0,487
4425,1,810
4425,2,681
4425,3,605
4425,4,681
4426,0,655
4426,1,655
4426,2,523
4426,3,655
4426,4,655
4427,0,881
4427,1,722
4427,2,881
4427,3,881
4427,4,881
4428,0,999
4428,1,700
4428,2,999
4428,3,999
4428,4,999
4429,0,788
4429,1,788
4429,2,502
4429,3,461
4429,4,502
4430,0,923
4430,1,965
4430,2,923
4430,3,923
4430,4,923
4431,0,441
4431,1,441
4431,2,837
4431,3,441
4431,4,837
4432,0,724
4432,1,724
4432,2,724
4432,3,536
4432,4,724
4433,0,505
4433,1,505
4433,2,503
4433,3,503
4433,4,437
4434,0,343
4434,1,343
4434,2,346
4434,3,346
4434,4,346
4435,0,796
4435,1,748
4435,2,796
4435,3,443
4435,4,796
4436,0,762
4436,1,860
4436,2,860
4436,3,860
4436,4,860
4437,0,671
4437,1,671
4437,2,671
4437,3,671
4437,4,970
4438,0,964
4438,1,948
4438,2,948
4438,3,948
4438,4,948
4439,0,567
4439,1,567
4439,2,960
4439,3,567
4439,4,567
4440,0,224
4440,1,224
4440,2,205
4440,3,224
4440,4,224
4441,0,787
4441,1,458
4441,2,458
4441,3,458
4441,4,458
4442,0,582
4442,1,619
4442,2,519
4442,3,582
4442,4,582
4443,0,787
4443,1,787
4443,2,461
4443,3,787
4443,4,787
4444,0,681
4444,1,620
4444,2,620
4444,3,620
4444,4,620
4445,0,733
4445,1,780
4445,2,775
4445,3,775
4445,4,775
4446,0,754
4446,1,632
4446,2,632
4446,3,632
4446,4,632
4447,0,810
4447,1,629
4447,2,629
4447,3,629
4447,4,629
4448,0,808
4448,1,808
4448,2,515
4448,3,808
4448,4,515
4449,0,602
4449,1,602
4449,2,602
4449,3,602
4449,4,733
4450,0,265
4450,1,199
4450,2,265
4450,3,219
4450,4,265
4451,0,949
4451,1,949
4451,2,949
4451,3,954
4451,4,949
4452,0,497
4452,1,643
4452,2,643
4452,3,643
4452,4,643
4453,0,170
4453,1,170
4453,2,177
4453,3,170
4453,4,170
4454,0,763
4454,1,764
4454,2,764
4454,3,763
4454,4,764
4455,0,899
4455,1,899
4455,2,725
4455,3,899
4455,4,572
4456,0,784
4456,1,587
4456,2,784
4456,3,784
4456,4,784
4457,0,553
4457,1,553
4457,2,493
4457,3,553
4457,4,553
4458,0,664
4458,1,664
4458,2,664
4458,3,664
4458,4,527
4459,0,655
4459,1,655
4459,2,515
4459,3,655
4459,4,514
4460,0,859
4460,1,619
4460,2,818
4460,3,859
4460,4,285
4461,0,624
4461,1,645
4461,2,698
4461,3,624
4461,4,762
4462,0,435
4462,1,896
4462,2,896
4462,3,435
4462,4,435
4463,0,584
4463,1,885
4463,2,885
4463,3,885
4463,4,885
4464,0,523
4464,1,608
4464,2,597
4464,3,523
4464,4,597
4465,0,451
4465,1,714
4465,2,714
4465,3,451
4465,4,714
4466,0,219
4466,1,217
4466,2,219
4466,3,219
4466,4,217
4467,0,240
4467,1,241
4467,2,238
4467,3,240
4467,4,238
4468,0,170
4468,1,170
4468,2,170
4468,3,177
4468,4,170
4469,0,844
4469,1,543
4469,2,753
4469,3,844
4469,4,543
4470,0,638
4470,1,638
4470,2,638
4470,3,638
4470,4,639
4471,0,191
4471,1,191
4471,2,191
4471,3,189
4471,4,191
4472,0,166
4472,1,164
4472,2,164
4472,3,164
4472,4,164
4473,0,330
4473,1,330
4473,2,331
4473,3,330
4473,4,330
4474,0,909
4474,1,909
4474,2,567
4474,3,747
4474,4,567
4475,0,711
4475,1,711
4475,2,629
4475,3,629
4475,4,629
4476,0,894
4476,1,894
4476,2,894
4476,3,831
4476,4,894
4477,0,346
4477,1,346
4477,2,345
4477,3,346
4477,4,345
4478,0,531
4478,1,464
4478,2,531
4478,3,584
4478,4,531
4479,0,638
4479,1,638
4479,2,638
4479,3,638
4479,4,639
4480,0,713
4480,1,553
4480,2,713
4480,3,713
4480,4,713
4481,0,351
4481,1,346
4481,2,351
4481,3,351
4481,4,351
4482,0,511
4482,1,817
4482,2,511
4482,3,511
4482,4,511
4483,0,313
4483,1,313
4483,2,70
4483,3,313
4483,4,70
4484,0,848
4484,1,848
4484,2,481
4484,3,848
4484,4,481
4485,0,841
4485,1,841
4485,2,610
4485,3,841
4485,4,841
4486,0,556
4486,1,556
4486,2,556
4486,3,406
4486,4,556
4487,0,901
4487,1,695
4487,2,695
4487,3,695
4487,4,695
4488,0,821
4488,1,718
4488,2,821
4488,3,821
4488,4,821
4489,0,534
4489,1,827
4489,2,534
4489,3,534
4489,4,827
4490,0,202
4490,1,184
4490,2,202
4490,3,202
4490,4,202
4491,0,839
4491,1,839
4491,2,718
4491,3,819
4491,4,718
4492,0,409
4492,1,498
4492,2,409
4492,3,409
4492,4,409
4493,0,6
4493,1,5
4493,2,6
4493,3,6
4493,4,983
4494,0,803
4494,1,803
4494,2,705
4494,3,547
4494,4,803
4495,0,874
4495,1,654
4495,2,654
4495,3,705
4495,4,705
4496,0,549
4496,1,549
4496,2,549
4496,3,549
4496,4,922
4497,0,119
4497,1,124
4497,2,124
4497,3,124
4497,4,124
4498,0,28
4498,1,25
4498,2,25
4498,3,25
4498,4,32
4499,0,172
4499,1,515
4499,2,515
4499,3,515
4499,4,515
4500,0,886
4500,1,771
4500,2,553
4500,3,553
4500,4,771
4501,0,878
4501,1,878
4501,2,878
4501,3,810
4501,4,878
4502,0,377
4502,1,182
4502,2,104
4502,3,364
4502,4,105
4503,0,717
4503,1,660
4503,2,717
4503,3,757
4503,4,660
4504,0,417
4504,1,417
4504,2,562
4504,3,417
4504,4,557
4505,0,944
4505,1,946
4505,2,944
4505,3,944
4505,4,944
4506,0,415
4506,1,512
4506,2,415
4506,3,415
4506,4,618
4507,0,570
4507,1,474
4507,2,474
4507,3,474
4507,4,474
4508,0,63
4508,1,64
4508,2,63
4508,3,63
4508,4,63
4509,0,879
4509,1,879
4509,2,879
4509,3,762
4509,4,879
4510,0,66
4510,1,66
4510,2,60
4510,3,54
4510,4,66
4511,0,790
4511,1,790
4511,2,588
4511,3,588
4511,4,790
4512,0,524
4512,1,501
4512,2,501
4512,3,501
4512,4,887
4513,0,801
4513,1,801
4513,2,801
4513,3,801
4513,4,327
4514,0,211
4514,1,168
4514,2,171
4514,3,211
4514,4,173
4515,0,975
4515,1,132
4515,2,132
4515,3,975
4515,4,132
4516,0,617
4516,1,786
4516,2,617
4516,3,786
4516,4,617
4517,0,101
4517,1,101
4517,2,386
4517,3,101
4517,4,101
4518,0,966
4518,1,924
4518,2,959
4518,3,966
4518,4,966
4519,0,877
4519,1,877
4519,2,667
4519,3,667
4519,4,877
4520,0,851
4520,1,492
4520,2,492
4520,3,492
4520,4,492
4521,0,468
4521,1,468
4521,2,609
4521,3,468
4521,4,468
4522,0,20
4522,1,20
4522,2,20
4522,3,16
4522,4,10
4523,0,703
4523,1,703
4523,2,488
4523,3,912
4523,4,488
4524,0,253
4524,1,151
4524,2,253
4524,3,253
4524,4,253
4525,0,581
4525,1,661
4525,2,661
4525,3,581
4525,4,661
4526,0,328
4526,1,328
4526,2,973
4526,3,328
4526,4,973
4527,0,411
4527,1,411
4527,2,549
4527,3,411
4527,4,549
4528,0,887
4528,1,406
4528,2,887
4528,3,406
4528,4,887
4529,0,871
4529,1,484
4529,2,871
4529,3,871
4529,4,484
4530,0,923
4530,1,923
4530,2,71
4530,3,923
4530,4,71
4531,0,189
4531,1,188
4531,2,189
4531,3,188
4531,4,188
4532,0,618
4532,1,567
4532,2,567
4532,3,640
4532,4,567
4533,0,441
4533,1,572
4533,2,572
4533,3,441
4533,4,441
4534,0,698
4534,1,698
4534,2,483
4534,3,698
4534,4,483
4535,0,589
4535,1,409
4535,2,512
4535,3,473
4535,4,473
4536,0,764
4536,1,763
4536,2,763
4536,3,764
4536,4,763
4537,0,814
4537,1,625
4537,2,814
4537,3,814
4537,4,814
4538,0,617
4538,1,906
4538,2,906
4538,3,906
4538,4,906
4539,0,557
4539,1,557
4539,2,733
4539,3,557
4539,4,733
4540,0,549
4540,1,893
4540,2,893
4540,3,549
4540,4,549
4541,0,52
4541,1,52
4541,2,60
4541,3,52
4541,4,60
4542,0,403
4542,1,833
4542,2,833
4542,3,833
4542,4,536
4543,0,434
4543,1,709
4543,2,434
4543,3,434
4543,4,434
4544,0,394
4544,1,394
4544,2,394
4544,3,394
4544,4,389
4545,0,771
4545,1,868
4545,2,771
4545,3,771
4545,4,771
4546,0,876
4546,1,435
4546,2,435
4546,3,435
4546,4,435
4547,0,470
4547,1,413
4547,2,413
4547,3,830
4547,4,413
4548,0,940
4548,1,940
4548,2,940
4548,3,415
4548,4,940
4549,0,844
4549,1,844
4549,2,844
4549,3,637
4549,4,844
4550,0,638
4550,1,638
4550,2,639
4550,3,445
4550,4,638
4551,0,828
4551,1,729
4551,2,729
4551,3,729
4551,4,729
4552,0,998
4552,1,998
4552,2,998
4552,3,987
4552,4,987
4553,0,508
4553,1,673
4553,2,527
4553,3,508
4553,4,527
4554,0,817
4554,1,479
4554,2,479
4554,3,817
4554,4,479
4555,0,348
4555,1,348
4555,2,349
4555,3,348
4555,4,349
4556,0,409
4556,1,826
4556,2,826
4556,3,635
4556,4,635
4557,0,978
4557,1,978
4557,2,976
4557,3,977
4557,4,978
4558,0,623
4558,1,961
4558,2,965
4558,3,965
4558,4,749
4559,0,170
4559,1,170
4559,2,170
4559,3,170
4559,4,177
4560,0,167
4560,1,159
4560,2,167
4560,3,167
4560,4,167
4561,0,928
4561,1,499
4561,2,499
4561,3,928
4561,4,499
4562,0,717
4562,1,864
4562,2,864
4562,3,864
4562,4,864
4563,0,197
4563,1,197
4563,2,197
4563,3,198
4563,4,197
4564,0,873
4564,1,538
4564,2,663
4564,3,538
4564,4,538
4565,0,824
4565,1,824
4565,2,679
4565,3,824
4565,4,824
4566,0,480
4566,1,480
4566,2,707
4566,3,480
4566,4,480
4567,0,427
4567,1,756
4567,2,756
4567,3,756
4567,4,427
4568,0,620
4568,1,681
4568,2,499
4568,3,499
4568,4,620
4569,0,358
4569,1,359
4569,2,359
4569,3,358
4569,4,358
4570,0,805
4570,1,805
4570,2,446
4570,3,805
4570,4,805
4571,0,381
4571,1,381
4571,2,381
4571,3,381
4571,4,379
4572,0,426
4572,1,549
4572,2,635
4572,3,635
4572,4,635
4573,0,159
4573,1,208
4573,2,208
4573,3,159
4573,4,159
4574,0,559
4574,1,559
4574,2,559
4574,3,559
4574,4,515
4575,0,691
4575,1,691
4575,2,570
4575,3,570
4575,4,570
4576,0,154
4576,1,155
4576,2,155
4576,3,154
4576,4,154
4577,0,50
4577,1,65
4577,2,65
4577,3,50
4577,4,65
4578,0,788
4578,1,504
4578,2,504
4578,3,504
4578,4,504
4579,0,431
4579,1,830
4579,2,431
4579,3,431
4579,4,431
4580,0,162
4580,1,162
4580,2,162
4580,3,161
4580,4,162
4581,0,273
4581,1,253
4581,2,273
4581,3,273
4581,4,273
4582,0,417
4582,1,417
4582,2,794
4582,3,417
4582,4,417
4583,0,809
4583,1,809
4583,2,925
4583,3,809
4583,4,925
4584,0,709
4584,1,748
4584,2,629
4584,3,629
4584,4,629
4585,0,197
4585,1,233
4585,2,233
4585,3,233
4585,4,233
4586,0,666
4586,1,666
4586,2,924
4586,3,666
4586,4,924
4587,0,233
4587,1,233
4587,2,233
4587,3,183
4587,4,183
4588,0,123
4588,1,123
4588,2,124
4588,3,115
4588,4,123
4589,0,408
4589,1,847
4589,2,847
4589,3,847
4589,4,408
4590,0,841
4590,1,911
4590,2,841
4590,3,911
4590,4,841
4591,0,453
4591,1,453
4591,2,894
4591,3,453
4591,4,894
4592,0,921
4592,1,461
4592,2,490
4592,3,490
4592,4,524
4593,0,400
4593,1,400
4593,2,667
4593,3,400
4593,4,400
4594,0,363
4594,1,363
4594,2,363
4594,3,975
4594,4,363
4595,0,265
4595,1,266
4595,2,266
4595,3,266
4595,4,266
4596,0,567
4596,1,891
4596,2,935
4596,3,618
4596,4,935
4597,0,743
4597,1,442
4597,2,743
4597,3,442
4597,4,442
4598,0,488
4598,1,488
4598,2,695
4598,3,679
4598,4,695
4599,0,608
4599,1,531
4599,2,608
4599,3,608
4599,4,608
4600,0,192
4600,1,192
4600,2,182
4600,3,192
4600,4,182
4601,0,896
4601,1,896
4601,2,598
4601,3,896
4601,4,896
4602,0,46
4602,1,46
4602,2,46
4602,3,46
4602,4,40
4603,0,188
4603,1,188
4603,2,158
4603,3,188
4603,4,188
4604,0,449
4604,1,449
4604,2,449
4604,3,580
4604,4,449
4605,0,215
4605,1,215
4605,2,218
4605,3,215
4605,4,219
4606,0,182
4606,1,205
4606,2,182
4606,3,154
4606,4,192
4607,0,73
4607,1,73
4607,2,73
4607,3,73
4607,4,77
4608,0,417
4608,1,808
4608,2,641
4608,3,857
4608,4,641
4609,0,813
4609,1,813
4609,2,813
4609,3,731
4609,4,813
4610,0,527
4610,1,527
4610,2,527
4610,3,664
4610,4,664
4611,0,101
4611,1,101
4611,2,386
4611,3,386
4611,4,101
4612,0,696
4612,1,882
4612,2,447
4612,3,697
4612,4,447
4613,0,270
4613,1,270
4613,2,248
4613,3,270
4613,4,270
4614,0,740
4614,1,740
4614,2,459
4614,3,459
4614,4,740
4615,0,821
4615,1,821
4615,2,718
4615,3,821
4615,4,821
4616,0,249
4616,1,258
4616,2,257
4616,3,258
4616,4,258
4617,0,526
4617,1,632
4617,2,818
4617,3,632
4617,4,818
4618,0,271
4618,1,271
4618,2,271
4618,3,271
4618,4,269
4619,0,101
4619,1,101
4619,2,101
4619,3,101
4619,4,385
4620,0,34
4620,1,801
4620,2,33
4620,3,34
4620,4,801
4621,0,554
4621,1,814
4621,2,814
4621,3,814
4621,4,814
4622,0,289
4622,1,287
4622,2,289
4622,3,289
4622,4,289
4623,0,418
4623,1,418
4623,2,767
4623,3,418
4623,4,418
4624,0,196
4624,1,196
4624,2,196
4624,3,203
4624,4,196
4625,0,743
4625,1,743
4625,2,665
4625,3,743
4625,4,743
4626,0,424
4626,1,424
4626,2,886
4626,3,424
4626,4,886
4627,0,968
4627,1,910
4627,2,725
4627,3,899
4627,4,504
4628,0,666
4628,1,666
4628,2,649
4628,3,666
4628,4,649
4629,0,639
4629,1,639
4629,2,639
4629,3,638
4629,4,639
4630,0,869
4630,1,869
4630,2,869
4630,3,614
4630,4,869
4631,0,860
4631,1,860
4631,2,860
4631,3,401
4631,4,860
4632,0,348
4632,1,348
4632,2,348
4632,3,348
4632,4,349
4633,0,249
4633,1,248
4633,2,249
4633,3,248
4633,4,248
4634,0,213
4634,1,214
4634,2,214
4634,3,214
4634,4,214
4635,0,516
4635,1,516
4635,2,516
4635,3,516
4635,4,431
4636,0,581
4636,1,511
4636,2,581
4636,3,581
4636,4,581
4637,0,969
4637,1,441
4637,2,440
4637,3,737
4637,4,440
4638,0,591
4638,1,700
4638,2,700
4638,3,591
4638,4,700
4639,0,406
4639,1,497
4639,2,406
4639,3,406
4639,4,406
4640,0,407
4640,1,407
4640,2,637
4640,3,757
4640,4,637
4641,0,853
4641,1,448
4641,2,448
4641,3,448
4641,4,448
4642,0,808
4642,1,414
4642,2,808
4642,3,808
4642,4,808
4643,0,619
4643,1,619
4643,2,818
4643,3,818
4643,4,818
4644,0,163
4644,1,163
4644,2,163
4644,3,211
4644,4,163
4645,0,967
4645,1,969
4645,2,969
4645,3,967
4645,4,504
4646,0,926
4646,1,521
4646,2,926
4646,3,926
4646,4,521
4647,0,262
4647,1,254
4647,2,262
4647,3,262
4647,4,262
4648,0,601
4648,1,452
4648,2,601
4648,3,452
4648,4,601
4649,0,911
4649,1,474
4649,2,474
4649,3,911
4649,4,474
4650,0,774
4650,1,774
4650,2,774
4650,3,774
4650,4,502
4651,0,610
4651,1,841
4651,2,841
4651,3,824
4651,4,841
4652,0,657
4652,1,657
4652,2,744
4652,3,657
4652,4,657
4653,0,819
4653,1,819
4653,2,819
4653,3,420
4653,4,402
4654,0,907
4654,1,907
4654,2,907
4654,3,966
4654,4,966
4655,0,271
4655,1,269
4655,2,271
4655,3,271
4655,4,269
4656,0,179
4656,1,179
4656,2,179
4656,3,179
4656,4,180
4657,0,221
4657,1,209
4657,2,206
4657,3,233
4657,4,221
4658,0,638
4658,1,445
4658,2,445
4658,3,445
4658,4,445
4659,0,440
4659,1,440
4659,2,907
4659,3,440
4659,4,966
4660,0,982
4660,1,578
4660,2,578
4660,3,982
4660,4,578
4661,0,386
4661,1,101
4661,2,101
4661,3,386
4661,4,101
4662,0,229
4662,1,228
4662,2,228
4662,3,228
4662,4,228
4663,0,200
4663,1,202
4663,2,200
4663,3,200
4663,4,200
4664,0,690
4664,1,690
4664,2,345
4664,3,345
4664,4,345
4665,0,805
4665,1,652
4665,2,630
4665,3,543
4665,4,630
4666,0,112
4666,1,112
4666,2,112
4666,3,631
4666,4,112
4667,0,447
4667,1,447
4667,2,414
4667,3,447
4667,4,447
4668,0,804
4668,1,804
4668,2,804
4668,3,605
4668,4,804
4669,0,236
4669,1,236
4669,2,165
4669,3,236
4669,4,165
4670,0,734
4670,1,734
4670,2,734
4670,3,654
4670,4,734
4671,0,403
4671,1,403
4671,2,536
4671,3,403
4671,4,403
4672,0,582
4672,1,582
4672,2,932
4672,3,582
4672,4,932
4673,0,731
4673,1,731
4673,2,861
4673,3,731
4673,4,731
4674,0,35
4674,1,35
4674,2,36
4674,3,35
4674,4,35
4675,0,743
4675,1,743
4675,2,877
4675,3,421
4675,4,743
4676,0,720
4676,1,720
4676,2,585
4676,3,631
4676,4,585
4677,0,634
4677,1,634
4677,2,634
4677,3,580
4677,4,634
4678,0,41
4678,1,42
4678,2,42
4678,3,41
4678,4,38
4679,0,380
4679,1,373
4679,2,373
4679,3,373
4679,4,373
4680,0,265
4680,1,265
4680,2,265
4680,3,153
4680,4,265
4681,0,70
4681,1,815
4681,2,815
4681,3,815
4681,4,126
4682,0,523
4682,1,559
4682,2,608
4682,3,608
4682,4,608
4683,0,856
4683,1,730
4683,2,730
4683,3,730
4683,4,730
4684,0,66
4684,1,68
4684,2,68
4684,3,66
4684,4,68
4685,0,969
4685,1,967
4685,2,967
4685,3,969
4685,4,967
4686,0,138
4686,1,138
4686,2,138
4686,3,80
4686,4,80
4687,0,272
4687,1,272
4687,2,278
4687,3,272
4687,4,280
4688,0,427
4688,1,463
4688,2,427
4688,3,427
4688,4,427
4689,0,146
4689,1,146
4689,2,127
4689,3,132
4689,4,127
4690,0,617
4690,1,617
4690,2,515
4690,3,617
4690,4,617
4691,0,139
4691,1,85
4691,2,140
4691,3,139
4691,4,140
4692,0,846
4692,1,846
4692,2,846
4692,3,846
4692,4,619
4693,0,657
4693,1,744
4693,2,657
4693,3,744
4693,4,657
4694,0,993
4694,1,993
4694,2,996
4694,3,995
4694,4,993
4695,0,301
4695,1,304
4695,2,301
4695,3,301
4695,4,301
4696,0,619
4696,1,887
4696,2,887
4696,3,721
4696,4,887
4697,0,144
4697,1,134
4697,2,23
4697,3,23
4697,4,144
4698,0,931
4698,1,931
4698,2,932
4698,3,931
4698,4,931
4699,0,959
4699,1,809
4699,2,809
4699,3,959
4699,4,809
4700,0,151
4700,1,237
4700,2,237
4700,3,151
4700,4,151
4701,0,654
4701,1,654
4701,2,656
4701,3,654
4701,4,654
4702,0,223
4702,1,208
4702,2,209
4702,3,178
4702,4,178
4703,0,410
4703,1,660
4703,2,660
4703,3,660
4703,4,660
4704,0,73
4704,1,73
4704,2,74
4704,3,73
4704,4,73
4705,0,495
4705,1,556
4705,2,789
4705,3,789
4705,4,556
4706,0,536
4706,1,510
4706,2,510
4706,3,536
4706,4,536
4707,0,856
4707,1,856
4707,2,866
4707,3,856
4707,4,856
4708,0,916
4708,1,692
4708,2,916
4708,3,922
4708,4,916
4709,0,804
4709,1,804
4709,2,804
4709,3,804
4709,4,899
4710,0,940
4710,1,927
4710,2,964
4710,3,987
4710,4,962
4711,0,4
4711,1,2
4711,2,2
4711,3,2
4711,4,2
4712,0,37
4712,1,35
4712,2,37
4712,3,35
4712,4,35
4713,0,563
4713,1,881
4713,2,558
4713,3,881
4713,4,558
4714,0,517
4714,1,517
4714,2,600
4714,3,517
4714,4,517
4715,0,848
4715,1,482
4715,2,848
4715,3,848
4715,4,482
4716,0,980
4716,1,980
4716,2,980
4716,3,980
4716,4,497
4717,0,266
4717,1,265
4717,2,266
4717,3,265
4717,4,265
4718,0,427
4718,1,440
4718,2,440
4718,3,427
4718,4,440
4719,0,866
4719,1,866
4719,2,866
4719,3,866
4719,4,856
4720,0,998
4720,1,987
4720,2,998
4720,3,987
4720,4,998
4721,0,665
4721,1,671
4721,2,671
4721,3,671
4721,4,665
4722,0,248
4722,1,248
4722,2,250
4722,3,248
4722,4,248
4723,0,867
4723,1,867
4723,2,510
4723,3,517
4723,4,867
4724,0,880
4724,1,444
4724,2,444
4724,3,444
4724,4,444
4725,0,599
4725,1,489
4725,2,489
4725,3,489
4725,4,489
4726,0,655
4726,1,34
4726,2,842
4726,3,395
4726,4,655
4727,0,658
4727,1,641
4727,2,816
4727,3,679
4727,4,584
4728,0,263
4728,1,164
4728,2,164
4728,3,164
4728,4,164
4729,0,929
4729,1,542
4729,2,477
4729,3,477
4729,4,542
4730,0,741
4730,1,887
4730,2,887
4730,3,591
4730,4,887
4731,0,600
4731,1,600
4731,2,637
4731,3,600
4731,4,637
4732,0,14
4732,1,11
4732,2,11
4732,3,14
4732,4,11
4733,0,764
4733,1,413
4733,2,696
4733,3,413
4733,4,565
4734,0,879
4734,1,879
4734,2,879
4734,3,879
4734,4,474
4735,0,861
4735,1,731
4735,2,861
4735,3,861
4735,4,861
4736,0,894
4736,1,553
4736,2,894
4736,3,894
4736,4,894
4737,0,588
4737,1,790
4737,2,588
4737,3,588
4737,4,588
4738,0,577
4738,1,731
4738,2,731
4738,3,731
4738,4,731
4739,0,899
4739,1,899
4739,2,899
4739,3,842
4739,4,899
4740,0,515
4740,1,401
4740,2,808
4740,3,515
4740,4,808
4741,0,66
4741,1,66
4741,2,66
4741,3,54
4741,4,66
4742,0,862
4742,1,981
4742,2,541
4742,3,981
4742,4,541
4743,0,58
4743,1,58
4743,2,32
4743,3,58
4743,4,32
4744,0,698
4744,1,663
4744,2,698
4744,3,698
4744,4,698
4745,0,219
4745,1,219
4745,2,217
4745,3,217
4745,4,219
4746,0,977
4746,1,978
4746,2,978
4746,3,977
4746,4,978
4747,0,637
4747,1,637
4747,2,637
4747,3,637
4747,4,834
4748,0,854
4748,1,562
4748,2,854
4748,3,854
4748,4,854
4749,0,424
4749,1,424
4749,2,424
4749,3,415
4749,4,424
4750,0,847
4750,1,847
4750,2,408
4750,3,847
4750,4,847
4751,0,482
4751,1,482
4751,2,745
4751,3,482
4751,4,482
4752,0,921
4752,1,446
4752,2,921
4752,3,446
4752,4,921
4753,0,717
4753,1,864
4753,2,864
4753,3,717
4753,4,717
4754,0,765
4754,1,765
4754,2,765
4754,3,765
4754,4,559
4755,0,46
4755,1,40
4755,2,46
4755,3,40
4755,4,40
4756,0,198
4756,1,196
4756,2,196
4756,3,196
4756,4,196
4757,0,878
4757,1,878
4757,2,878
4757,3,878
4757,4,810
4758,0,348
4758,1,349
4758,2,348
4758,3,349
4758,4,348
4759,0,380
4759,1,380
4759,2,380
4759,3,380
4759,4,382
4760,0,873
4760,1,873
4760,2,663
4760,3,873
4760,4,873
4761,0,311
4761,1,312
4761,2,311
4761,3,311
4761,4,312
4762,0,311
4762,1,312
4762,2,312
4762,3,311
4762,4,312
4763,0,488
4763,1,488
4763,2,679
4763,3,488
4763,4,679
4764,0,761
4764,1,761
4764,2,487
4764,3,761
4764,4,761
4765,0,698
4765,1,698
4765,2,483
4765,3,698
4765,4,698
4766,0,3
4766,1,4
4766,2,395
4766,3,395
4766,4,4
4767,0,789
4767,1,789
4767,2,799
4767,3,789
4767,4,799
4768,0,237
4768,1,808
4768,2,808
4768,3,237
4768,4,808
4769,0,534
4769,1,534
4769,2,713
4769,3,534
4769,4,534
4770,0,553
4770,1,827
4770,2,553
4770,3,553
4770,4,553
4771,0,613
4771,1,523
4771,2,523
4771,3,422
4771,4,523
4772,0,173
4772,1,173
4772,2,173
4772,3,173
4772,4,158
4773,0,784
4773,1,740
4773,2,740
4773,3,740
4773,4,740
4774,0,959
4774,1,959
4774,2,959
4774,3,567
4774,4,959
4775,0,192
4775,1,184
4775,2,184
4775,3,184
4775,4,184
4776,0,558
4776,1,558
4776,2,558
4776,3,558
4776,4,921
4777,0,527
4777,1,527
4777,2,526
4777,3,527
4777,4,527
4778,0,541
4778,1,778
4778,2,961
4778,3,778
4778,4,778
4779,0,489
4779,1,489
4779,2,981
4779,3,489
4779,4,981
4780,0,769
4780,1,767
4780,2,419
4780,3,921
4780,4,419
4781,0,557
4781,1,557
4781,2,724
4781,3,557
4781,4,724
4782,0,743
4782,1,884
4782,2,421
4782,3,743
4782,4,421
4783,0,631
4783,1,711
4783,2,631
4783,3,631
4783,4,631
4784,0,598
4784,1,761
4784,2,598
4784,3,761
4784,4,761
4785,0,428
4785,1,427
4785,2,428
4785,3,428
4785,4,428
4786,0,813
4786,1,766
4786,2,766
4786,3,467
4786,4,467
4787,0,530
4787,1,531
4787,2,530
4787,3,531
4787,4,530
4788,0,699
4788,1,643
4788,2,643
4788,3,643
4788,4,643
4789,0,734
4789,1,407
4789,2,654
4789,3,734
4789,4,734
4790,0,636
4790,1,636
4790,2,636
4790,3,748
4790,4,636
4791,0,492
4791,1,492
4791,2,492
4791,3,492
4791,4,648
4792,0,404
4792,1,812
4792,2,812
4792,3,812
4792,4,812
4793,0,369
4793,1,850
4793,2,457
4793,3,850
4793,4,457
4794,0,485
4794,1,485
4794,2,848
4794,3,485
4794,4,848
4795,0,440
4795,1,901
4795,2,901
4795,3,440
4795,4,901
4796,0,920
4796,1,733
4796,2,733
4796,3,733
4796,4,733
4797,0,542
4797,1,558
4797,2,558
4797,3,456
4797,4,558
4798,0,893
4798,1,487
4798,2,911
4798,3,911
4798,4,714
4799,0,470
4799,1,924
4799,2,924
4799,3,470
4799,4,470
4800,0,618
4800,1,813
4800,2,813
4800,3,618
4800,4,813
4801,0,866
4801,1,661
4801,2,866
4801,3,661
4801,4,661
4802,0,866
4802,1,866
4802,2,866
4802,3,730
4802,4,730
4803,0,424
4803,1,465
4803,2,465
4803,3,465
4803,4,465
4804,0,964
4804,1,961
4804,2,935
4804,3,415
4804,4,935
4805,0,973
4805,1,973
4805,2,973
4805,3,396
4805,4,329
4806,0,472
4806,1,975
4806,2,977
4806,3,975
4806,4,977
4807,0,108
4807,1,393
4807,2,108
4807,3,108
4807,4,393
4808,0,630
4808,1,770
4808,2,770
4808,3,788
4808,4,770
4809,0,693
4809,1,693
4809,2,693
4809,3,910
4809,4,693
4810,0,345
4810,1,730
4810,2,690
4810,3,730
4810,4,730
4811,0,506
4811,1,828
4811,2,828
4811,3,506
4811,4,828
4812,0,664
4812,1,664
4812,2,527
4812,3,664
4812,4,664
4813,0,26
4813,1,52
4813,2,52
4813,3,356
4813,4,52
4814,0,452
4814,1,411
4814,2,457
4814,3,411
4814,4,457
4815,0,689
4815,1,601
4815,2,689
4815,3,689
4815,4,689
4816,0,501
4816,1,841
4816,2,501
4816,3,501
4816,4,700
4817,0,538
4817,1,497
4817,2,497
4817,3,538
4817,4,538
4818,0,582
4818,1,582
4818,2,860
4818,3,582
4818,4,860
4819,0,622
4819,1,622
4819,2,759
4819,3,622
4819,4,622
4820,0,496
4820,1,496
4820,2,806
4820,3,496
4820,4,496
4821,0,239
4821,1,239
4821,2,239
4821,3,239
4821,4,240
4822,0,680
4822,1,680
4822,2,680
4822,3,680
4822,4,898
4823,0,591
4823,1,721
4823,2,591
4823,3,591
4823,4,591
4824,0,195
4824,1,195
4824,2,898
4824,3,898
4824,4,898
4825,0,391
4825,1,391
4825,2,394
4825,3,391
4825,4,394
4826,0,203
4826,1,153
4826,2,153
4826,3,203
4826,4,153
4827,0,773
4827,1,504
4827,2,773
4827,3,773
4827,4,773
4828,0,681
4828,1,620
4828,2,620
4828,3,620
4828,4,620
4829,0,978
4829,1,978
4829,2,978
4829,3,976
4829,4,978
4830,0,512
4830,1,413
4830,2,413
4830,3,512
4830,4,413
4831,0,801
4831,1,801
4831,2,976
4831,3,973
4831,4,801
4832,0,474
4832,1,474
4832,2,474
4832,3,608
4832,4,474
4833,0,585
4833,1,631
4833,2,585
4833,3,631
4833,4,631
4834,0,487
4834,1,485
4834,2,485
4834,3,620
4834,4,485
4835,0,760
4835,1,818
4835,2,760
4835,3,760
4835,4,760
4836,0,383
4836,1,384
4836,2,383
4836,3,384
4836,4,383
4837,0,899
4837,1,725
4837,2,725
4837,3,725
4837,4,899
4838,0,837
4838,1,836
4838,2,836
4838,3,836
4838,4,837
4839,0,692
4839,1,921
4839,2,692
4839,3,446
4839,4,478
4840,0,131
4840,1,131
4840,2,131
4840,3,132
4840,4,131
4841,0,925
4841,1,809
4841,2,809
4841,3,809
4841,4,809
4842,0,144
4842,1,144
4842,2,128
4842,3,144
4842,4,128
4843,0,155
4843,1,155
4843,2,155
4843,3,155
4843,4,852
4844,0,884
4844,1,497
4844,2,497
4844,3,884
4844,4,497
4845,0,459
4845,1,655
4845,2,399
4845,3,885
4845,4,885
4846,0,263
4846,1,263
4846,2,263
4846,3,264
4846,4,263
4847,0,549
4847,1,549
4847,2,623
4847,3,749
4847,4,633
4848,0,522
4848,1,232
4848,2,232
4848,3,231
4848,4,232
4849,0,271
4849,1,271
4849,2,271
4849,3,272
4849,4,272
4850,0,474
4850,1,834
4850,2,869
4850,3,834
4850,4,869
4851,0,610
4851,1,465
4851,2,465
4851,3,414
4851,4,465
4852,0,848
4852,1,848
4852,2,481
4852,3,848
4852,4,848
4853,0,630
4853,1,748
4853,2,748
4853,3,630
4853,4,774
4854,0,706
4854,1,421
4854,2,835
4854,3,435
4854,4,835
4855,0,100
4855,1,99
4855,2,99
4855,3,99
4855,4,99
4856,0,578
4856,1,669
4856,2,689
4856,3,669
4856,4,669
4857,0,357
4857,1,743
4857,2,743
4857,3,743
4857,4,743
4858,0,610
4858,1,615
4858,2,615
4858,3,610
4858,4,615
4859,0,397
4859,1,842
4859,2,562
4859,3,977
4859,4,562
4860,0,116
4860,1,327
4860,2,327
4860,3,327
4860,4,327
4861,0,740
4861,1,740
4861,2,740
4861,3,823
4861,4,740
4862,0,881
4862,1,579
4862,2,881
4862,3,579
4862,4,881
4863,0,966
4863,1,966
4863,2,966
4863,3,966
4863,4,720
4864,0,652
4864,1,652
4864,2,715
4864,3,652
4864,4,715
4865,0,265
4865,1,265
4865,2,266
4865,3,265
4865,4,266
4866,0,969
4866,1,441
4866,2,969
4866,3,969
4866,4,969
4867,0,163
4867,1,165
4867,2,165
4867,3,165
4867,4,163
4868,0,333
4868,1,674
4868,2,674
4868,3,674
4868,4,674
4869,0,977
4869,1,980
4869,2,980
4869,3,977
4869,4,980
4870,0,797
4870,1,797
4870,2,797
4870,3,797
4870,4,658
4871,0,585
4871,1,551
4871,2,585
4871,3,631
4871,4,631
4872,0,877
4872,1,877
4872,2,771
4872,3,877
4872,4,877
4873,0,406
4873,1,857
4873,2,406
4873,3,406
4873,4,406
4874,0,652
4874,1,501
4874,2,399
4874,3,869
4874,4,583
4875,0,3
4875,1,395
4875,2,389
4875,3,389
4875,4,389
4876,0,536
4876,1,975
4876,2,449
4876,3,975
4876,4,536
4877,0,533
4877,1,721
4877,2,967
4877,3,967
4877,4,967
4878,0,142
4878,1,142
4878,2,143
4878,3,140
4878,4,143
4879,0,966
4879,1,966
4879,2,907
4879,3,966
4879,4,907
4880,0,834
4880,1,474
4880,2,474
4880,3,474
4880,4,474
4881,0,745
4881,1,745
4881,2,851
4881,3,841
4881,4,745
4882,0,754
4882,1,754
4882,2,754
4882,3,754
4882,4,688
4883,0,483
4883,1,449
4883,2,449
4883,3,449
4883,4,497
4884,0,285
4884,1,285
4884,2,542
4884,3,285
4884,4,845
4885,0,722
4885,1,722
4885,2,778
4885,3,722
4885,4,722
4886,0,716
4886,1,877
4886,2,716
4886,3,877
4886,4,421
4887,0,445
4887,1,578
4887,2,578
4887,3,578
4887,4,578
4888,0,207
4888,1,230
4888,2,230
4888,3,151
4888,4,230
4889,0,504
4889,1,504
4889,2,968
4889,3,968
4889,4,968
4890,0,733
4890,1,843
4890,2,843
4890,3,843
4890,4,843
4891,0,271
4891,1,271
4891,2,274
4891,3,271
4891,4,271
4892,0,68
4892,1,67
4892,2,67
4892,3,67
4892,4,67
4893,0,717
4893,1,717
4893,2,717
4893,3,581
4893,4,717
4894,0,267
4894,1,265
4894,2,267
4894,3,267
4894,4,267
4895,0,909
4895,1,926
4895,2,926
4895,3,909
4895,4,926
4896,0,626
4896,1,626
4896,2,711
4896,3,711
4896,4,711
4897,0,807
4897,1,712
4897,2,807
4897,3,807
4897,4,807
4898,0,921
4898,1,921
4898,2,921
4898,3,692
4898,4,921
4899,0,585
4899,1,838
4899,2,477
4899,3,838
4899,4,585
4900,0,767
4900,1,710
4900,2,710
4900,3,767
4900,4,850
4901,0,639
4901,1,638
4901,2,639
4901,3,638
4901,4,638
4902,0,90
4902,1,90
4902,2,96
4902,3,90
4902,4,95
4903,0,819
4903,1,593
4903,2,593
4903,3,558
4903,4,819
4904,0,414
4904,1,414
4904,2,622
4904,3,622
4904,4,622
4905,0,485
4905,1,485
4905,2,848
4905,3,485
4905,4,848
4906,0,910
4906,1,910
4906,2,716
4906,3,708
4906,4,788
4907,0,421
4907,1,421
4907,2,421
4907,3,421
4907,4,882
4908,0,189
4908,1,192
4908,2,252
4908,3,192
4908,4,252
4909,0,588
4909,1,588
4909,2,588
4909,3,588
4909,4,549
4910,0,885
4910,1,885
4910,2,885
4910,3,591
4910,4,885
4911,0,871
4911,1,871
4911,2,484
4911,3,871
4911,4,484
4912,0,54
4912,1,54
4912,2,58
4912,3,58
4912,4,54
4913,0,664
4913,1,633
4913,2,527
4913,3,664
4913,4,633
4914,0,434
4914,1,434
4914,2,452
4914,3,411
4914,4,434
4915,0,623
4915,1,623
4915,2,623
4915,3,563
4915,4,418
4916,0,413
4916,1,413
4916,2,764
4916,3,413
4916,4,413
4917,0,485
4917,1,485
4917,2,485
4917,3,485
4917,4,754
4918,0,353
4918,1,352
4918,2,352
4918,3,352
4918,4,352
4919,0,703
4919,1,836
4919,2,703
4919,3,837
4919,4,837
4920,0,431
4920,1,431
4920,2,516
4920,3,431
4920,4,516
4921,0,506
4921,1,733
4921,2,616
4921,3,506
4921,4,506
4922,0,922
4922,1,922
4922,2,466
4922,3,922
4922,4,466
4923,0,482
4923,1,485
4923,2,485
4923,3,485
4923,4,848
4924,0,611
4924,1,611
4924,2,455
4924,3,831
4924,4,455
4925,0,977
4925,1,977
4925,2,132
4925,3,977
4925,4,134
4926,0,30
4926,1,30
4926,2,31
4926,3,31
4926,4,31
4927,0,744
4927,1,744
4927,2,744
4927,3,744
4927,4,657
4928,0,964
4928,1,964
4928,2,964
4928,3,964
4928,4,455
4929,0,200
4929,1,200
4929,2,202
4929,3,200
4929,4,200
4930,0,999
4930,1,999
4930,2,999
4930,3,999
4930,4,700
4931,0,300
4931,1,300
4931,2,300
4931,3,305
4931,4,300
4932,0,271
4932,1,272
4932,2,272
4932,3,272
4932,4,272
4933,0,909
4933,1,926
4933,2,909
4933,3,909
4933,4,909
4934,0,485
4934,1,485
4934,2,848
4934,3,482
4934,4,848
4935,0,619
4935,1,846
4935,2,846
4935,3,619
4935,4,846
4936,0,553
4936,1,553
4936,2,526
4936,3,553
4936,4,526
4937,0,536
4937,1,449
4937,2,449
4937,3,536
4937,4,449
4938,0,513
4938,1,566
4938,2,513
4938,3,513
4938,4,566
4939,0,662
4939,1,754
4939,2,662
4939,3,754
4939,4,662
4940,0,750
4940,1,205
4940,2,256
4940,3,205
4940,4,205
4941,0,231
4941,1,230
4941,2,231
4941,3,230
4941,4,230
4942,0,869
4942,1,457
4942,2,457
4942,3,869
4942,4,457
4943,0,712
4943,1,712
4943,2,712
4943,3,470
4943,4,712
4944,0,208
4944,1,248
4944,2,258
4944,3,248
4944,4,258
4945,0,834
4945,1,451
4945,2,451
4945,3,474
4945,4,772
4946,0,598
4946,1,745
4946,2,745
4946,3,745
4946,4,598
4947,0,179
4947,1,180
4947,2,180
4947,3,180
4947,4,180
4948,0,542
4948,1,542
4948,2,542
4948,3,558
4948,4,767
4949,0,443
4949,1,443
4949,2,415
4949,3,415
4949,4,431
4950,0,622
4950,1,622
4950,2,759
4950,3,622
4950,4,633
4951,0,964
4951,1,935
4951,2,931
4951,3,963
4951,4,931
4952,0,879
4952,1,619
4952,2,619
4952,3,619
4952,4,619
4953,0,591
4953,1,591
4953,2,885
4953,3,584
4953,4,885
4954,0,894
4954,1,648
4954,2,894
4954,3,894
4954,4,894
4955,0,171
4955,1,172
4955,2,172
4955,3,171
4955,4,172
4956,0,648
4956,1,648
4956,2,651
4956,3,651
4956,4,648
4957,0,506
4957,1,646
4957,2,506
4957,3,545
4957,4,506
4958,0,725
4958,1,725
4958,2,725
4958,3,725
4958,4,899
4959,0,689
4959,1,689
4959,2,689
4959,3,614
4959,4,689
4960,0,48
4960,1,45
4960,2,48
4960,3,45
4960,4,48
4961,0,152
4961,1,152
4961,2,155
4961,3,152
4961,4,152
4962,0,592
4962,1,592
4962,2,592
4962,3,534
4962,4,592
4963,0,400
4963,1,667
4963,2,400
4963,3,400
4963,4,400
4964,0,599
4964,1,490
4964,2,599
4964,3,599
4964,4,860
4965,0,508
4965,1,681
4965,2,508
4965,3,508
4965,4,508
4966,0,972
4966,1,978
4966,2,972
4966,3,972
4966,4,972
4967,0,180
4967,1,179
4967,2,180
4967,3,180
4967,4,180
4968,0,464
4968,1,584
4968,2,885
4968,3,885
4968,4,584
4969,0,784
4969,1,587
4969,2,792
4969,3,477
4969,4,477
4970,0,778
4970,1,778
4970,2,778
4970,3,778
4970,4,409
4971,0,33
4971,1,33
4971,2,33
4971,3,33
4971,4,34
4972,0,138
4972,1,80
4972,2,80
4972,3,80
4972,4,138
4973,0,418
4973,1,418
4973,2,709
4973,3,418
4973,4,418
4974,0,925
4974,1,925
4974,2,925
4974,3,923
4974,4,925
4975,0,193
4975,1,201
4975,2,201
4975,3,193
4975,4,193
4976,0,602
4976,1,602
4976,2,702
4976,3,702
4976,4,702
4977,0,658
4977,1,658
4977,2,911
4977,3,658
4977,4,806
4978,0,37
4978,1,36
4978,2,773
4978,3,849
4978,4,36
4979,0,405
4979,1,405
4979,2,664
4979,3,405
4979,4,664
4980,0,781
4980,1,530
4980,2,781
4980,3,530
4980,4,781
4981,0,728
4981,1,805
4981,2,865
4981,3,643
4981,4,865
4982,0,767
4982,1,710
4982,2,769
4982,3,710
4982,4,769
4983,0,632
4983,1,446
4983,2,446
4983,3,446
4983,4,446
4984,0,797
4984,1,837
4984,2,837
4984,3,837
4984,4,633
4985,0,987
4985,1,998
4985,2,998
4985,3,998
4985,4,998
4986,0,657
4986,1,657
4986,2,657
4986,3,657
4986,4,744
4987,0,748
4987,1,748
4987,2,748
4987,3,893
4987,4,748
4988,0,756
4988,1,756
4988,2,756
4988,3,756
4988,4,421
4989,0,466
4989,1,466
4989,2,466
4989,3,705
4989,4,466
4990,0,29
4990,1,29
4990,2,25
4990,3,126
4990,4,29
4991,0,666
4991,1,634
4991,2,634
4991,3,634
4991,4,634
4992,0,385
4992,1,385
4992,2,101
4992,3,385
4992,4,385
4993,0,724
4993,1,724
4993,2,780
4993,3,780
4993,4,780
4994,0,101
4994,1,101
4994,2,386
4994,3,101
4994,4,386
4995,0,784
4995,1,784
4995,2,784
4995,3,784
4995,4,898
4996,0,469
4996,1,469
4996,2,469
4996,3,524
4996,4,469
4997,0,189
4997,1,361
4997,2,357
4997,3,356
4997,4,357
4998,0,249
4998,1,568
4998,2,250
4998,3,568
4998,4,568
4999,0,484
4999,1,484
4999,2,484
4999,3,871
4999,4,484
5000,0,648
5000,1,453
5000,2,453
5000,3,453
5000,4,453
5001,0,730
5001,1,836
5001,2,836
5001,3,730
5001,4,638
5002,0,158
5002,1,158
5002,2,158
5002,3,171
5002,4,158
5003,0,515
5003,1,808
5003,2,515
5003,3,515
5003,4,515
5004,0,977
5004,1,731
5004,2,731
5004,3,731
5004,4,579
5005,0,630
5005,1,492
5005,2,630
5005,3,492
5005,4,630
5006,0,229
5006,1,229
5006,2,229
5006,3,229
5006,4,153
5007,0,551
5007,1,531
5007,2,531
5007,3,826
5007,4,531
5008,0,681
5008,1,681
5008,2,681
5008,3,951
5008,4,620
5009,0,245
5009,1,195
5009,2,195
5009,3,195
5009,4,195
5010,0,947
5010,1,992
5010,2,947
5010,3,947
5010,4,947
5011,0,238
5011,1,238
5011,2,238
5011,3,238
5011,4,240
5012,0,475
5012,1,479
5012,2,475
5012,3,475
5012,4,475
5013,0,727
5013,1,624
5013,2,884
5013,3,884
5013,4,884
5014,0,617
5014,1,617
5014,2,681
5014,3,617
5014,4,681
5015,0,47
5015,1,47
5015,2,47
5015,3,319
5015,4,47
5016,0,50
5016,1,329
5016,2,329
5016,3,639
5016,4,445
5017,0,809
5017,1,925
5017,2,925
5017,3,809
5017,4,925
5018,0,454
5018,1,415
5018,2,415
5018,3,498
5018,4,762
5019,0,889
5019,1,902
5019,2,889
5019,3,889
5019,4,558
5020,0,867
5020,1,867
5020,2,867
5020,3,569
5020,4,867
5021,0,624
5021,1,624
5021,2,617
5021,3,617
5021,4,617
5022,0,852
5022,1,186
5022,2,852
5022,3,186
5022,4,186
5023,0,735
5023,1,735
5023,2,735
5023,3,824
5023,4,735
5024,0,805
5024,1,207
5024,2,207
5024,3,207
5024,4,207
5025,0,17
5025,1,91
5025,2,16
5025,3,17
5025,4,16
5026,0,928
5026,1,928
5026,2,927
5026,3,928
5026,4,928
5027,0,752
5027,1,752
5027,2,818
5027,3,818
5027,4,818
5028,0,899
5028,1,899
5028,2,849
5028,3,899
5028,4,849
5029,0,65
5029,1,65
5029,2,65
5029,3,58
5029,4,65
5030,0,302
5030,1,306
5030,2,303
5030,3,302
5030,4,303
5031,0,720
5031,1,950
5031,2,438
5031,3,950
5031,4,503
5032,0,170
5032,1,170
5032,2,177
5032,3,170
5032,4,170
5033,0,946
5033,1,946
5033,2,946
5033,3,990
5033,4,946
5034,0,827
5034,1,827
5034,2,651
5034,3,827
5034,4,827
5035,0,219
5035,1,213
5035,2,219
5035,3,219
5035,4,213
5036,0,339
5036,1,339
5036,2,958
5036,3,339
5036,4,958
5037,0,669
5037,1,520
5037,2,520
5037,3,669
5037,4,669
5038,0,849
5038,1,849
5038,2,505
5038,3,966
5038,4,849
5039,0,648
5039,1,894
5039,2,894
5039,3,651
5039,4,894
5040,0,250
5040,1,248
5040,2,250
5040,3,248
5040,4,248
5041,0,266
5041,1,265
5041,2,266
5041,3,265
5041,4,266
5042,0,501
5042,1,841
5042,2,501
5042,3,601
5042,4,501
5043,0,656
5043,1,436
5043,2,656
5043,3,656
5043,4,656
5044,0,349
5044,1,349
5044,2,348
5044,3,349
5044,4,349
5045,0,631
5045,1,838
5045,2,838
5045,3,838
5045,4,838
5046,0,657
5046,1,657
5046,2,657
5046,3,744
5046,4,744
5047,0,527
5047,1,527
5047,2,527
5047,3,664
5047,4,527
5048,0,511
5048,1,511
5048,2,817
5048,3,511
5048,4,817
5049,0,738
5049,1,738
5049,2,945
5049,3,738
5049,4,945
5050,0,991
5050,1,991
5050,2,991
5050,3,996
5050,4,991
5051,0,638
5051,1,638
5051,2,638
5051,3,638
5051,4,639
5052,0,624
5052,1,624
5052,2,532
5052,3,698
5052,4,532
5053,0,8
5053,1,7
5053,2,7
5053,3,7
5053,4,8
5054,0,207
5054,1,185
5054,2,207
5054,3,207
5054,4,207
5055,0,619
5055,1,619
5055,2,619
5055,3,846
5055,4,619
5056,0,47
5056,1,47
5056,2,46
5056,3,47
5056,4,47
5057,0,505
5057,1,505
5057,2,550
5057,3,505
5057,4,505
5058,0,664
5058,1,851
5058,2,851
5058,3,851
5058,4,851
5059,0,66
5059,1,68
5059,2,66
5059,3,68
5059,4,66
5060,0,167
5060,1,167
5060,2,167
5060,3,167
5060,4,166
5061,0,843
5061,1,834
5061,2,843
5061,3,843
5061,4,834
5062,0,371
5062,1,371
5062,2,368
5062,3,371
5062,4,368
5063,0,858
5063,1,498
5063,2,858
5063,3,436
5063,4,705
5064,0,348
5064,1,349
5064,2,348
5064,3,348
5064,4,349
5065,0,925
5065,1,868
5065,2,868
5065,3,923
5065,4,868
5066,0,601
5066,1,689
5066,2,601
5066,3,601
5066,4,902
5067,0,681
5067,1,681
5067,2,681
5067,3,681
5067,4,624
5068,0,474
5068,1,474
5068,2,411
5068,3,474
5068,4,411
5069,0,698
5069,1,483
5069,2,698
5069,3,698
5069,4,698
5070,0,635
5070,1,409
5070,2,409
5070,3,635
5070,4,409
5071,0,619
5071,1,846
5071,2,619
5071,3,619
5071,4,846
5072,0,211
5072,1,211
5072,2,211
5072,3,216
5072,4,211
5073,0,597
5073,1,597
5073,2,313
5073,3,464
5073,4,313
5074,0,898
5074,1,737
5074,2,737
5074,3,440
5074,4,440
5075,0,172
5075,1,151
5075,2,151
5075,3,151
5075,4,151
5076,0,471
5076,1,471
5076,2,447
5076,3,447
5076,4,447
5077,0,237
5077,1,237
5077,2,151
5077,3,237
5077,4,237
5078,0,735
5078,1,841
5078,2,735
5078,3,841
5078,4,841
5079,0,767
5079,1,767
5079,2,769
5079,3,767
5079,4,769
5080,0,684
5080,1,651
5080,2,868
5080,3,502
5080,4,868
5081,0,469
5081,1,524
5081,2,524
5081,3,524
5081,4,461
5082,0,168
5082,1,208
5082,2,208
5082,3,208
5082,4,208
5083,0,463
5083,1,463
5083,2,412
5083,3,412
5083,4,412
5084,0,167
5084,1,167
5084,2,167
5084,3,166
5084,4,167
5085,0,870
5085,1,870
5085,2,444
5085,3,870
5085,4,444
5086,0,843
5086,1,758
5086,2,758
5086,3,823
5086,4,758
5087,0,77
5087,1,73
5087,2,73
5087,3,73
5087,4,77
5088,0,742
5088,1,742
5088,2,753
5088,3,742
5088,4,757
5089,0,767
5089,1,767
5089,2,587
5089,3,587
5089,4,587
5090,0,68
5090,1,66
5090,2,66
5090,3,66
5090,4,68
5091,0,954
5091,1,954
5091,2,928
5091,3,954
5091,4,928
5092,0,277
5092,1,277
5092,2,277
5092,3,278
5092,4,278
5093,0,448
5093,1,494
5093,2,448
5093,3,448
5093,4,448
5094,0,998
5094,1,987
5094,2,998
5094,3,998
5094,4,998
5095,0,638
5095,1,638
5095,2,639
5095,3,638
5095,4,638
5096,0,419
5096,1,438
5096,2,907
5096,3,907
5096,4,438
5097,0,147
5097,1,761
5097,2,696
5097,3,696
5097,4,696
5098,0,964
5098,1,964
5098,2,964
5098,3,930
5098,4,415
5099,0,776
5099,1,714
5099,2,714
5099,3,714
5099,4,714
5100,0,894
5100,1,857
5100,2,894
5100,3,894
5100,4,894
5101,0,316
5101,1,316
5101,2,316
5101,3,308
5101,4,316
5102,0,910
5102,1,544
5102,2,544
5102,3,544
5102,4,910
5103,0,580
5103,1,191
5103,2,191
5103,3,191
5103,4,191
5104,0,789
5104,1,789
5104,2,789
5104,3,903
5104,4,789
5105,0,909
5105,1,827
5105,2,909
5105,3,909
5105,4,909
5106,0,869
5106,1,869
5106,2,869
5106,3,879
5106,4,879
5107,0,445
5107,1,445
5107,2,842
5107,3,445
5107,4,445
5108,0,975
5108,1,805
5108,2,805
5108,3,805
5108,4,543
5109,0,547
5109,1,705
5109,2,547
5109,3,547
5109,4,547
5110,0,503
5110,1,711
5110,2,711
5110,3,711
5110,4,711
5111,0,535
5111,1,488
5111,2,488
5111,3,535
5111,4,488
5112,0,543
5112,1,641
5112,2,641
5112,3,641
5112,4,641
5113,0,929
5113,1,805
5113,2,443
5113,3,697
5113,4,443
5114,0,458
5114,1,835
5114,2,787
5114,3,640
5114,4,787
5115,0,197
5115,1,233
5115,2,183
5115,3,183
5115,4,267
5116,0,710
5116,1,811
5116,2,811
5116,3,811
5116,4,811
5117,0,180
5117,1,166
5117,2,166
5117,3,173
5117,4,166
5118,0,837
5118,1,837
5118,2,836
5118,3,837
5118,4,837
5119,0,600
5119,1,446
5119,2,418
5119,3,767
5119,4,767
5120,0,647
5120,1,618
5120,2,438
5120,3,696
5120,4,647
5121,0,876
5121,1,876
5121,2,445
5121,3,876
5121,4,638
5122,0,790
5122,1,790
5122,2,415
5122,3,709
5122,4,415
5123,0,21
5123,1,21
5123,2,146
5123,3,146
5123,4,146
5124,0,596
5124,1,596
5124,2,596
5124,3,777
5124,4,587
5125,0,591
5125,1,659
5125,2,659
5125,3,591
5125,4,659
5126,0,769
5126,1,769
5126,2,769
5126,3,769
5126,4,633
5127,0,638
5127,1,639
5127,2,639
5127,3,638
5127,4,638
5128,0,582
5128,1,582
5128,2,454
5128,3,582
5128,4,454
5129,0,61
5129,1,61
5129,2,62
5129,3,62
5129,4,62
5130,0,497
5130,1,912
5130,2,716
5130,3,497
5130,4,912
5131,0,740
5131,1,473
5131,2,740
5131,3,740
5131,4,740
5132,0,926
5132,1,926
5132,2,909
5132,3,926
5132,4,926
5133,0,219
5133,1,219
5133,2,217
5133,3,219
5133,4,219
5134,0,621
5134,1,865
5134,2,865
5134,3,865
5134,4,865
5135,0,680
5135,1,845
5135,2,512
5135,3,512
5135,4,731
5136,0,248
5136,1,249
5136,2,248
5136,3,248
5136,4,248
5137,0,895
5137,1,661
5137,2,908
5137,3,895
5137,4,908
5138,0,271
5138,1,271
5138,2,271
5138,3,269
5138,4,269
5139,0,728
5139,1,735
5139,2,728
5139,3,728
5139,4,728
5140,0,774
5140,1,774
5140,2,774
5140,3,502
5140,4,774
5141,0,420
5141,1,420
5141,2,761
5141,3,420
5141,4,420
5142,0,414
5142,1,872
5142,2,414
5142,3,414
5142,4,414
5143,0,921
5143,1,919
5143,2,446
5143,3,549
5143,4,446
5144,0,241
5144,1,589
5144,2,589
5144,3,241
5144,4,589
5145,0,943
5145,1,987
5145,2,987
5145,3,998
5145,4,987
5146,0,66
5146,1,66
5146,2,66
5146,3,66
5146,4,68
5147,0,842
5147,1,562
5147,2,562
5147,3,460
5147,4,562
5148,0,652
5148,1,652
5148,2,586
5148,3,652
5148,4,652
5149,0,628
5149,1,536
5149,2,628
5149,3,628
5149,4,536
5150,0,518
5150,1,461
5150,2,461
5150,3,518
5150,4,898
5151,0,794
5151,1,824
5151,2,794
5151,3,794
5151,4,794
5152,0,490
5152,1,488
5152,2,488
5152,3,490
5152,4,490
5153,0,677
5153,1,435
5153,2,502
5153,3,896
5153,4,435
5154,0,789
5154,1,789
5154,2,799
5154,3,799
5154,4,799
5155,0,884
5155,1,506
5155,2,818
5155,3,884
5155,4,506
5156,0,982
5156,1,578
5156,2,578
5156,3,578
5156,4,578
5157,0,885
5157,1,285
5157,2,285
5157,3,285
5157,4,285
5158,0,54
5158,1,54
5158,2,57
5158,3,57
5158,4,53
5159,0,510
5159,1,510
5159,2,510
5159,3,536
5159,4,510
5160,0,735
5160,1,474
5160,2,824
5160,3,735
5160,4,824
5161,0,159
5161,1,159
5161,2,159
5161,3,159
5161,4,168
5162,0,596
5162,1,726
5162,2,726
5162,3,726
5162,4,726
5163,0,441
5163,1,441
5163,2,441
5163,3,441
5163,4,725
5164,0,618
5164,1,618
5164,2,910
5164,3,726
5164,4,813
5165,0,489
5165,1,315
5165,2,315
5165,3,489
5165,4,315
5166,0,887
5166,1,568
5166,2,568
5166,3,824
5166,4,568
5167,0,399
5167,1,414
5167,2,414
5167,3,399
5167,4,636
5168,0,664
5168,1,664
5168,2,664
5168,3,851
5168,4,664
5169,0,718
5169,1,460
5169,2,806
5169,3,718
5169,4,806
5170,0,910
5170,1,935
5170,2,910
5170,3,935
5170,4,935
5171,0,926
5171,1,926
5171,2,926
5171,3,909
5171,4,926
5172,0,622
5172,1,622
5172,2,622
5172,3,622
5172,4,759
5173,0,765
5173,1,765
5173,2,765
5173,3,857
5173,4,857
5174,0,703
5174,1,703
5174,2,975
5174,3,703
5174,4,703
5175,0,892
5175,1,892
5175,2,892
5175,3,892
5175,4,409
5176,0,45
5176,1,38
5176,2,38
5176,3,38
5176,4,38
5177,0,666
5177,1,778
5177,2,567
5177,3,666
5177,4,567
5178,0,66
5178,1,68
5178,2,68
5178,3,68
5178,4,68
5179,0,309
5179,1,309
5179,2,309
5179,3,308
5179,4,309
5180,0,114
5180,1,114
5180,2,110
5180,3,111
5180,4,114
5181,0,277
5181,1,273
5181,2,277
5181,3,277
5181,4,277
5182,0,158
5182,1,158
5182,2,158
5182,3,237
5182,4,158
5183,0,761
5183,1,761
5183,2,761
5183,3,227
5183,4,761
5184,0,600
5184,1,600
5184,2,622
5184,3,600
5184,4,464
5185,0,683
5185,1,432
5185,2,432
5185,3,432
5185,4,683
5186,0,732
5186,1,732
5186,2,745
5186,3,745
5186,4,745
5187,0,420
5187,1,818
5187,2,402
5187,3,402
5187,4,818
5188,0,586
5188,1,586
5188,2,586
5188,3,586
5188,4,864
5189,0,530
5189,1,530
5189,2,530
5189,3,754
5189,4,530
5190,0,613
5190,1,696
5190,2,696
5190,3,629
5190,4,696
5191,0,955
5191,1,955
5191,2,961
5191,3,961
5191,4,961
5192,0,482
5192,1,685
5192,2,485
5192,3,511
5192,4,485
5193,0,600
5193,1,600
5193,2,488
5193,3,600
5193,4,600
5194,0,702
5194,1,602
5194,2,602
5194,3,702
5194,4,602
5195,0,683
5195,1,683
5195,2,558
5195,3,683
5195,4,558
5196,0,724
5196,1,724
5196,2,724
5196,3,780
5196,4,780
5197,0,838
5197,1,838
5197,2,838
5197,3,838
5197,4,631
5198,0,434
5198,1,735
5198,2,434
5198,3,434
5198,4,434
5199,0,538
5199,1,668
5199,2,668
5199,3,538
5199,4,538
5200,0,799
5200,1,799
5200,2,905
5200,3,799
5200,4,905
5201,0,892
5201,1,892
5201,2,409
5201,3,892
5201,4,892
5202,0,846
5202,1,846
5202,2,619
5202,3,619
5202,4,744
5203,0,623
5203,1,623
5203,2,777
5203,3,777
5203,4,777
5204,0,884
5204,1,538
5204,2,538
5204,3,884
5204,4,538
5205,0,543
5205,1,733
5205,2,422
5205,3,543
5205,4,543
5206,0,485
5206,1,485
5206,2,485
5206,3,485
5206,4,482
5207,0,453
5207,1,526
5207,2,453
5207,3,894
5207,4,453
5208,0,987
5208,1,987
5208,2,998
5208,3,987
5208,4,987
5209,0,407
5209,1,407
5209,2,407
5209,3,734
5209,4,407
5210,0,462
5210,1,462
5210,2,462
5210,3,840
5210,4,462
5211,0,875
5211,1,420
5211,2,875
5211,3,875
5211,4,420
5212,0,754
5212,1,754
5212,2,811
5212,3,754
5212,4,811
5213,0,660
5213,1,660
5213,2,660
5213,3,660
5213,4,557
5214,0,597
5214,1,763
5214,2,763
5214,3,763
5214,4,763
5215,0,42
5215,1,42
5215,2,45
5215,3,43
5215,4,39
5216,0,201
5216,1,201
5216,2,187
5216,3,201
5216,4,201
5217,0,810
5217,1,878
5217,2,878
5217,3,878
5217,4,810
5218,0,507
5218,1,507
5218,2,507
5218,3,491
5218,4,507
5219,0,992
5219,1,947
5219,2,947
5219,3,947
5219,4,947
5220,0,583
5220,1,766
5220,2,583
5220,3,766
5220,4,583
5221,0,674
5221,1,674
5221,2,674
5221,3,845
5221,4,674
5222,0,691
5222,1,650
5222,2,650
5222,3,691
5222,4,650
5223,0,249
5223,1,249
5223,2,249
5223,3,249
5223,4,248
5224,0,648
5224,1,753
5224,2,906
5224,3,906
5224,4,906
5225,0,907
5225,1,907
5225,2,907
5225,3,907
5225,4,572
5226,0,562
5226,1,442
5226,2,698
5226,3,442
5226,4,442
5227,0,702
5227,1,602
5227,2,602
5227,3,416
5227,4,702
5228,0,848
5228,1,485
5228,2,848
5228,3,485
5228,4,485
5229,0,295
5229,1,295
5229,2,297
5229,3,295
5229,4,295
5230,0,8
5230,1,8
5230,2,7
5230,3,8
5230,4,8
5231,0,744
5231,1,744
5231,2,657
5231,3,744
5231,4,657
5232,0,741
5232,1,894
5232,2,741
5232,3,741
5232,4,741
5233,0,256
5233,1,219
5233,2,219
5233,3,219
5233,4,219
5234,0,518
5234,1,518
5234,2,518
5234,3,570
5234,4,643
5235,0,195
5235,1,195
5235,2,195
5235,3,179
5235,4,195
5236,0,348
5236,1,349
5236,2,348
5236,3,348
5236,4,349
5237,0,492
5237,1,492
5237,2,492
5237,3,519
5237,4,492
5238,0,119
5238,1,119
5238,2,119
5238,3,124
5238,4,119
5239,0,617
5239,1,823
5239,2,823
5239,3,823
5239,4,823
5240,0,133
5240,1,133
5240,2,133
5240,3,133
5240,4,142
5241,0,600
5241,1,523
5241,2,523
5241,3,600
5241,4,523
5242,0,759
5242,1,759
5242,2,732
5242,3,759
5242,4,732
5243,0,409
5243,1,802
5243,2,409
5243,3,409
5243,4,409
5244,0,8
5244,1,8
5244,2,8
5244,3,7
5244,4,7
5245,0,567
5245,1,567
5245,2,567
5245,3,567
5245,4,909
5246,0,503
5246,1,711
5246,2,883
5246,3,572
5246,4,503
5247,0,589
5247,1,454
5247,2,641
5247,3,824
5247,4,865
5248,0,285
5248,1,896
5248,2,285
5248,3,285
5248,4,285
5249,0,290
5249,1,288
5249,2,288
5249,3,290
5249,4,288
5250,0,996
5250,1,996
5250,2,991
5250,3,996
5250,4,996
5251,0,595
5251,1,595
5251,2,856
5251,3,595
5251,4,595
5252,0,845
5252,1,664
5252,2,828
5252,3,845
5252,4,328
5253,0,236
5253,1,236
5253,2,234
5253,3,236
5253,4,240
5254,0,926
5254,1,809
5254,2,809
5254,3,926
5254,4,809
5255,0,168
5255,1,168
5255,2,168
5255,3,168
5255,4,401
5256,0,782
5256,1,782
5256,2,782
5256,3,605
5256,4,782
5257,0,728
5257,1,529
5257,2,797
5257,3,728
5257,4,529
5258,0,790
5258,1,790
5258,2,790
5258,3,808
5258,4,790
5259,0,398
5259,1,398
5259,2,543
5259,3,398
5259,4,398
5260,0,526
5260,1,527
5260,2,527
5260,3,664
5260,4,527
5261,0,747
5261,1,615
5261,2,795
5261,3,795
5261,4,795
5262,0,542
5262,1,515
5262,2,515
5262,3,515
5262,4,515
5263,0,187
5263,1,187
5263,2,186
5263,3,187
5263,4,187
5264,0,675
5264,1,675
5264,2,675
5264,3,675
5264,4,478
5265,0,784
5265,1,784
5265,2,784
5265,3,929
5265,4,784
5266,0,614
5266,1,614
5266,2,971
5266,3,614
5266,4,643
5267,0,478
5267,1,492
5267,2,492
5267,3,551
5267,4,492
5268,0,505
5268,1,505
5268,2,773
5268,3,505
5268,4,505
5269,0,922
5269,1,781
5269,2,922
5269,3,922
5269,4,922
5270,0,386
5270,1,386
5270,2,385
5270,3,386
5270,4,385
5271,0,177
5271,1,177
5271,2,170
5271,3,177
5271,4,177
5272,0,272
5272,1,272
5272,2,271
5272,3,272
5272,4,272
5273,0,851
5273,1,523
5273,2,523
5273,3,523
5273,4,523
5274,0,848
5274,1,848
5274,2,848
5274,3,848
5274,4,485
5275,0,204
5275,1,201
5275,2,204
5275,3,200
5275,4,204
5276,0,598
5276,1,598
5276,2,598
5276,3,598
5276,4,527
5277,0,888
5277,1,525
5277,2,888
5277,3,525
5277,4,525
5278,0,362
5278,1,362
5278,2,412
5278,3,362
5278,4,412
5279,0,189
5279,1,202
5279,2,202
5279,3,202
5279,4,202
5280,0,616
5280,1,616
5280,2,616
5280,3,979
5280,4,616
5281,0,204
5281,1,155
5281,2,204
5281,3,155
5281,4,204
5282,0,618
5282,1,150
5282,2,150
5282,3,150
5282,4,150
5283,0,409
5283,1,892
5283,2,892
5283,3,409
5283,4,892
5284,0,901
5284,1,849
5284,2,849
5284,3,901
5284,4,849
5285,0,614
5285,1,887
5285,2,614
5285,3,887
5285,4,614
5286,0,967
5286,1,504
5286,2,967
5286,3,967
5286,4,967
5287,0,41
5287,1,44
5287,2,44
5287,3,41
5287,4,44
5288,0,496
5288,1,496
5288,2,658
5288,3,496
5288,4,658
5289,0,729
5289,1,731
5289,2,818
5289,3,543
5289,4,818
5290,0,553
5290,1,553
5290,2,493
5290,3,553
5290,4,493
5291,0,748
5291,1,748
5291,2,885
5291,3,539
5291,4,748
5292,0,190
5292,1,196
5292,2,190
5292,3,190
5292,4,196
5293,0,514
5293,1,514
5293,2,514
5293,3,502
5293,4,514
5294,0,237
5294,1,237
5294,2,237
5294,3,208
5294,4,237
5295,0,580
5295,1,895
5295,2,908
5295,3,908
5295,4,908
5296,0,970
5296,1,751
5296,2,751
5296,3,751
5296,4,751
5297,0,679
5297,1,885
5297,2,679
5297,3,679
5297,4,679
5298,0,563
5298,1,503
5298,2,503
5298,3,563
5298,4,744
5299,0,807
5299,1,879
5299,2,879
5299,3,879
5299,4,879
5300,0,470
5300,1,470
5300,2,629
5300,3,720
5300,4,629
5301,0,524
5301,1,461
5301,2,461
5301,3,524
5301,4,461
5302,0,914
5302,1,914
5302,2,914
5302,3,914
5302,4,484
5303,0,926
5303,1,926
5303,2,618
5303,3,926
5303,4,618
5304,0,909
5304,1,910
5304,2,910
5304,3,910
5304,4,910
5305,0,583
5305,1,583
5305,2,743
5305,3,583
5305,4,583
5306,0,883
5306,1,544
5306,2,521
5306,3,544
5306,4,544
5307,0,493
5307,1,492
5307,2,493
5307,3,493
5307,4,493
5308,0,651
5308,1,651
5308,2,651
5308,3,827
5308,4,651
5309,0,518
5309,1,518
5309,2,670
5309,3,518
5309,4,670
5310,0,809
5310,1,809
5310,2,925
5310,3,809
5310,4,809
5311,0,764
5311,1,421
5311,2,472
5311,3,594
5311,4,693
5312,0,970
5312,1,970
5312,2,795
5312,3,795
5312,4,795
5313,0,939
5313,1,939
5313,2,939
5313,3,943
5313,4,939
5314,0,748
5314,1,748
5314,2,636
5314,3,748
5314,4,636
5315,0,479
5315,1,479
5315,2,535
5315,3,479
5315,4,479
5316,0,695
5316,1,662
5316,2,695
5316,3,695
5316,4,695
5317,0,919
5317,1,919
5317,2,860
5317,3,919
5317,4,860
5318,0,846
5318,1,846
5318,2,619
5318,3,846
5318,4,846
5319,0,199
5319,1,199
5319,2,199
5319,3,199
5319,4,197
5320,0,536
5320,1,536
5320,2,421
5320,3,536
5320,4,421
5321,0,153
5321,1,153
5321,2,153
5321,3,153
5321,4,204
5322,0,499
5322,1,499
5322,2,499
5322,3,499
5322,4,617
5323,0,629
5323,1,629
5323,2,629
5323,3,711
5323,4,629
5324,0,938
5324,1,987
5324,2,987
5324,3,938
5324,4,987
5325,0,634
5325,1,634
5325,2,634
5325,3,740
5325,4,634
5326,0,679
5326,1,488
5326,2,490
5326,3,679
5326,4,490
5327,0,581
5327,1,581
5327,2,581
5327,3,581
5327,4,627
5328,0,761
5328,1,626
5328,2,761
5328,3,761
5328,4,761
5329,0,127
5329,1,127
5329,2,128
5329,3,128
5329,4,128
5330,0,836
5330,1,836
5330,2,836
5330,3,837
5330,4,836
5331,0,159
5331,1,211
5331,2,211
5331,3,159
5331,4,211
5332,0,794
5332,1,854
5332,2,794
5332,3,794
5332,4,905
5333,0,982
5333,1,458
5333,2,458
5333,3,458
5333,4,458
5334,0,673
5334,1,673
5334,2,673
5334,3,778
5334,4,673
5335,0,871
5335,1,484
5335,2,484
5335,3,871
5335,4,871
5336,0,279
5336,1,272
5336,2,272
5336,3,279
5336,4,272
5337,0,193
5337,1,193
5337,2,193
5337,3,187
5337,4,193
5338,0,663
5338,1,442
5338,2,442
5338,3,663
5338,4,442
5339,0,716
5339,1,434
5339,2,840
5339,3,912
5339,4,434
5340,0,940
5340,1,940
5340,2,941
5340,3,940
5340,4,940
5341,0,633
5341,1,313
5341,2,633
5341,3,313
5341,4,633
5342,0,774
5342,1,774
5342,2,788
5342,3,774
5342,4,774
5343,0,435
5343,1,435
5343,2,876
5343,3,435
5343,4,435
5344,0,504
5344,1,504
5344,2,504
5344,3,504
5344,4,968
5345,0,929
5345,1,902
5345,2,414
5345,3,414
5345,4,797
5346,0,970
5346,1,979
5346,2,970
5346,3,979
5346,4,970
5347,0,680
5347,1,680
5347,2,470
5347,3,680
5347,4,680
5348,0,710
5348,1,710
5348,2,767
5348,3,710
5348,4,767
5349,0,475
5349,1,475
5349,2,475
5349,3,818
5349,4,475
5350,0,735
5350,1,735
5350,2,735
5350,3,735
5350,4,443
5351,0,988
5351,1,952
5351,2,952
5351,3,995
5351,4,384
5352,0,477
5352,1,418
5352,2,623
5352,3,418
5352,4,418
5353,0,617
5353,1,617
5353,2,823
5353,3,823
5353,4,617
5354,0,725
5354,1,725
5354,2,725
5354,3,725
5354,4,849
5355,0,638
5355,1,638
5355,2,461
5355,3,638
5355,4,459
5356,0,499
5356,1,499
5356,2,996
5356,3,938
5356,4,996
5357,0,608
5357,1,608
5357,2,608
5357,3,683
5357,4,630
5358,0,209
5358,1,178
5358,2,178
5358,3,178
5358,4,178
5359,0,545
5359,1,545
5359,2,545
5359,3,606
5359,4,545
5360,0,3
5360,1,3
5360,2,149
5360,3,3
5360,4,148
5361,0,294
5361,1,296
5361,2,296
5361,3,296
5361,4,296
5362,0,628
5362,1,421
5362,2,628
5362,3,628
5362,4,628
5363,0,515
5363,1,515
5363,2,808
5363,3,515
5363,4,808
5364,0,539
5364,1,504
5364,2,504
5364,3,885
5364,4,504
5365,0,742
5365,1,745
5365,2,745
5365,3,745
5365,4,742
5366,0,66
5366,1,66
5366,2,68
5366,3,68
5366,4,66
5367,0,636
5367,1,636
5367,2,636
5367,3,748
5367,4,636
5368,0,846
5368,1,619
5368,2,619
5368,3,619
5368,4,619
5369,0,805
5369,1,768
5369,2,768
5369,3,890
5369,4,768
5370,0,977
5370,1,976
5370,2,525
5370,3,977
5370,4,525
5371,0,860
5371,1,860
5371,2,762
5371,3,860
5371,4,762
5372,0,754
5372,1,754
5372,2,754
5372,3,754
5372,4,485
5373,0,864
5373,1,864
5373,2,717
5373,3,654
5373,4,654
5374,0,968
5374,1,968
5374,2,818
5374,3,664
5374,4,971
5375,0,828
5375,1,828
5375,2,828
5375,3,828
5375,4,618
5376,0,825
5376,1,835
5376,2,835
5376,3,825
5376,4,835
5377,0,406
5377,1,406
5377,2,884
5377,3,884
5377,4,884
5378,0,470
5378,1,470
5378,2,907
5378,3,470
5378,4,907
5379,0,62
5379,1,62
5379,2,60
5379,3,62
5379,4,60
5380,0,389
5380,1,0
5380,2,389
5380,3,389
5380,4,389
5381,0,73
5381,1,74
5381,2,74
5381,3,73
5381,4,73
5382,0,620
5382,1,692
5382,2,692
5382,3,692
5382,4,692
5383,0,653
5383,1,653
5383,2,653
5383,3,740
5383,4,653
5384,0,893
5384,1,893
5384,2,692
5384,3,692
5384,4,893
5385,0,57
5385,1,58
5385,2,57
5385,3,57
5385,4,57
5386,0,539
5386,1,417
5386,2,539
5386,3,417
5386,4,539
5387,0,457
5387,1,540
5387,2,652
5387,3,872
5387,4,652
5388,0,759
5388,1,759
5388,2,622
5388,3,622
5388,4,759
5389,0,509
5389,1,509
5389,2,886
5389,3,509
5389,4,886
5390,0,823
5390,1,823
5390,2,823
5390,3,823
5390,4,617
5391,0,73
5391,1,77
5391,2,77
5391,3,77
5391,4,77
5392,0,784
5392,1,696
5392,2,696
5392,3,696
5392,4,696
5393,0,245
5393,1,245
5393,2,245
5393,3,151
5393,4,151
5394,0,939
5394,1,939
5394,2,939
5394,3,938
5394,4,939
5395,0,411
5395,1,794
5395,2,411
5395,3,411
5395,4,411
5396,0,526
5396,1,526
5396,2,527
5396,3,526
5396,4,527
5397,0,794
5397,1,361
5397,2,361
5397,3,361
5397,4,361
5398,0,963
5398,1,930
5398,2,930
5398,3,963
5398,4,930
5399,0,271
5399,1,271
5399,2,269
5399,3,271
5399,4,269
5400,0,893
5400,1,464
5400,2,748
5400,3,464
5400,4,893
5401,0,741
5401,1,741
5401,2,741
5401,3,539
5401,4,741
5402,0,534
5402,1,783
5402,2,534
5402,3,534
5402,4,534
5403,0,928
5403,1,923
5403,2,923
5403,3,923
5403,4,923
5404,0,524
5404,1,524
5404,2,461
5404,3,524
5404,4,461
5405,0,478
5405,1,414
5405,2,414
5405,3,478
5405,4,414
5406,0,738
5406,1,738
5406,2,738
5406,3,738
5406,4,723
5407,0,383
5407,1,383
5407,2,384
5407,3,383
5407,4,384
5408,0,486
5408,1,401
5408,2,486
5408,3,401
5408,4,401
5409,0,836
5409,1,701
5409,2,701
5409,3,837
5409,4,701
5410,0,103
5410,1,103
5410,2,103
5410,3,103
5410,4,58
5411,0,651
5411,1,827
5411,2,651
5411,3,651
5411,4,651
5412,0,412
5412,1,412
5412,2,412
5412,3,412
5412,4,455
5413,0,844
5413,1,662
5413,2,844
5413,3,844
5413,4,844
5414,0,904
5414,1,738
5414,2,738
5414,3,738
5414,4,738
5415,0,891
5415,1,891
5415,2,891
5415,3,827
5415,4,827
5416,0,196
5416,1,199
5416,2,196
5416,3,198
5416,4,196
5417,0,480
5417,1,480
5417,2,880
5417,3,880
5417,4,480
5418,0,402
5418,1,402
5418,2,402
5418,3,655
5418,4,402
5419,0,329
5419,1,329
5419,2,329
5419,3,116
5419,4,329
5420,0,558
5420,1,558
5420,2,499
5420,3,558
5420,4,777
5421,0,926
5421,1,469
5421,2,567
5421,3,926
5421,4,469
5422,0,720
5422,1,415
5422,2,845
5422,3,415
5422,4,845
5423,0,213
5423,1,207
5423,2,207
5423,3,213
5423,4,207
5424,0,224
5424,1,205
5424,2,205
5424,3,223
5424,4,256
5425,0,727
5425,1,727
5425,2,727
5425,3,498
5425,4,727
5426,0,860
5426,1,454
5426,2,860
5426,3,498
5426,4,860
5427,0,682
5427,1,708
5427,2,863
5427,3,682
5427,4,682
5428,0,678
5428,1,678
5428,2,678
5428,3,503
5428,4,678
5429,0,54
5429,1,60
5429,2,56
5429,3,60
5429,4,56
5430,0,66
5430,1,68
5430,2,68
5430,3,66
5430,4,66
5431,0,600
5431,1,600
5431,2,600
5431,3,473
5431,4,473
5432,0,335
5432,1,374
5432,2,374
5432,3,374
5432,4,371
5433,0,819
5433,1,819
5433,2,402
5433,3,819
5433,4,402
5434,0,73
5434,1,74
5434,2,74
5434,3,73
5434,4,74
5435,0,365
5435,1,365
5435,2,365
5435,3,76
5435,4,365
5436,0,35
5436,1,35
5436,2,37
5436,3,35
5436,4,35
5437,0,786
5437,1,786
5437,2,453
5437,3,786
5437,4,453
5438,0,706
5438,1,706
5438,2,706
5438,3,706
5438,4,738
5439,0,657
5439,1,657
5439,2,744
5439,3,744
5439,4,657
5440,0,852
5440,1,852
5440,2,232
5440,3,852
5440,4,852
5441,0,298
5441,1,298
5441,2,298
5441,3,337
5441,4,298
5442,0,956
5442,1,956
5442,2,956
5442,3,956
5442,4,957
5443,0,66
5443,1,68
5443,2,68
5443,3,66
5443,4,68
5444,0,516
5444,1,431
5444,2,431
5444,3,678
5444,4,431
5445,0,793
5445,1,639
5445,2,639
5445,3,639
5445,4,639
5446,0,498
5446,1,498
5446,2,454
5446,3,498
5446,4,919
5447,0,858
5447,1,884
5447,2,884
5447,3,884
5447,4,497
5448,0,770
5448,1,770
5448,2,774
5448,3,770
5448,4,774
5449,0,762
5449,1,762
5449,2,401
5449,3,762
5449,4,401
5450,0,757
5450,1,654
5450,2,654
5450,3,757
5450,4,675
5451,0,979
5451,1,705
5451,2,705
5451,3,565
5451,4,975
5452,0,266
5452,1,266
5452,2,266
5452,3,266
5452,4,265
5453,0,472
5453,1,693
5453,2,472
5453,3,693
5453,4,693
5454,0,717
5454,1,479
5454,2,717
5454,3,479
5454,4,717
5455,0,849
5455,1,505
5455,2,849
5455,3,505
5455,4,849
5456,0,281
5456,1,281
5456,2,282
5456,3,281
5456,4,281
5457,0,35
5457,1,36
5457,2,36
5457,3,35
5457,4,36
5458,0,74
5458,1,73
5458,2,73
5458,3,74
5458,4,74
5459,0,238
5459,1,241
5459,2,241
5459,3,241
5459,4,238
5460,0,269
5460,1,270
5460,2,270
5460,3,269
5460,4,270
5461,0,172
5461,1,210
5461,2,172
5461,3,210
5461,4,210
5462,0,745
5462,1,872
5462,2,742
5462,3,745
5462,4,745
5463,0,349
5463,1,349
5463,2,348
5463,3,349
5463,4,348
5464,0,813
5464,1,813
5464,2,813
5464,3,501
5464,4,501
5465,0,202
5465,1,202
5465,2,202
5465,3,202
5465,4,226
5466,0,869
5466,1,869
5466,2,869
5466,3,834
5466,4,869
5467,0,49
5467,1,50
5467,2,49
5467,3,49
5467,4,50
5468,0,503
5468,1,503
5468,2,503
5468,3,503
5468,4,773
5469,0,950
5469,1,950
5469,2,942
5469,3,945
5469,4,942
5470,0,592
5470,1,620
5470,2,592
5470,3,592
5470,4,592
5471,0,77
5471,1,77
5471,2,77
5471,3,73
5471,4,77
5472,0,706
5472,1,706
5472,2,706
5472,3,428
5472,4,428
5473,0,186
5473,1,186
5473,2,193
5473,3,186
5473,4,193
5474,0,345
5474,1,690
5474,2,690
5474,3,345
5474,4,690
5475,0,903
5475,1,903
5475,2,501
5475,3,903
5475,4,501
5476,0,649
5476,1,500
5476,2,649
5476,3,649
5476,4,649
5477,0,167
5477,1,167
5477,2,166
5477,3,167
5477,4,167
5478,0,732
5478,1,732
5478,2,759
5478,3,732
5478,4,732
5479,0,671
5479,1,880
5479,2,460
5479,3,671
5479,4,460
5480,0,537
5480,1,248
5480,2,537
5480,3,537
5480,4,537
5481,0,77
5481,1,70
5481,2,70
5481,3,73
5481,4,70
5482,0,728
5482,1,893
5482,2,893
5482,3,728
5482,4,893
5483,0,737
5483,1,737
5483,2,519
5483,3,519
5483,4,519
5484,0,815
5484,1,815
5484,2,815
5484,3,301
5484,4,815
5485,0,831
5485,1,831
5485,2,705
5485,3,831
5485,4,705
5486,0,913
5486,1,913
5486,2,460
5486,3,913
5486,4,718
5487,0,542
5487,1,541
5487,2,541
5487,3,542
5487,4,641
5488,0,412
5488,1,653
5488,2,653
5488,3,412
5488,4,653
5489,0,180
5489,1,180
5489,2,179
5489,3,264
5489,4,180
5490,0,624
5490,1,454
5490,2,624
5490,3,624
5490,4,624
5491,0,40
5491,1,40
5491,2,46
5491,3,40
5491,4,46
5492,0,60
5492,1,60
5492,2,56
5492,3,60
5492,4,60
5493,0,943
5493,1,899
5493,2,953
5493,3,953
5493,4,953
5494,0,855
5494,1,738
5494,2,883
5494,3,855
5494,4,738
5495,0,703
5495,1,703
5495,2,765
5495,3,703
5495,4,765
5496,0,873
5496,1,873
5496,2,698
5496,3,873
5496,4,698
5497,0,997
5497,1,947
5497,2,997
5497,3,997
5497,4,947
5498,0,173
5498,1,173
5498,2,173
5498,3,251
5498,4,173
5499,0,609
5499,1,609
5499,2,408
5499,3,408
5499,4,408
5500,0,539
5500,1,539
5500,2,709
5500,3,539
5500,4,906
5501,0,440
5501,1,412
5501,2,412
5501,3,440
5501,4,412
5502,0,631
5502,1,631
5502,2,631
5502,3,631
5502,4,838
5503,0,893
5503,1,487
5503,2,487
5503,3,487
5503,4,487
5504,0,804
5504,1,882
5504,2,804
5504,3,804
5504,4,606
5505,0,157
5505,1,156
5505,2,156
5505,3,156
5505,4,156
5506,0,166
5506,1,166
5506,2,166
5506,3,166
5506,4,167
5507,0,745
5507,1,818
5507,2,745
5507,3,745
5507,4,818
5508,0,557
5508,1,557
5508,2,557
5508,3,818
5508,4,557
5509,0,617
5509,1,33
5509,2,617
5509,3,617
5509,4,617
5510,0,784
5510,1,784
5510,2,784
5510,3,740
5510,4,784
5511,0,265
5511,1,265
5511,2,265
5511,3,267
5511,4,265
5512,0,656
5512,1,675
5512,2,654
5512,3,654
5512,4,675
5513,0,754
5513,1,754
5513,2,754
5513,3,754
5513,4,848
5514,0,277
5514,1,278
5514,2,278
5514,3,278
5514,4,278
5515,0,910
5515,1,909
5515,2,909
5515,3,910
5515,4,909
5516,0,650
5516,1,650
5516,2,650
5516,3,541
5516,4,650
5517,0,455
5517,1,721
5517,2,721
5517,3,455
5517,4,721
5518,0,586
5518,1,586
5518,2,586
5518,3,555
5518,4,586
5519,0,631
5519,1,720
5519,2,647
5519,3,631
5519,4,809
5520,0,610
5520,1,608
5520,2,608
5520,3,608
5520,4,608
5521,0,817
5521,1,817
5521,2,479
5521,3,817
5521,4,817
5522,0,663
5522,1,483
5522,2,483
5522,3,663
5522,4,483
5523,0,277
5523,1,278
5523,2,278
5523,3,278
5523,4,278
5524,0,299
5524,1,299
5524,2,447
5524,3,299
5524,4,299
5525,0,741
5525,1,911
5525,2,741
5525,3,911
5525,4,741
5526,0,167
5526,1,166
5526,2,166
5526,3,167
5526,4,166
5527,0,68
5527,1,68
5527,2,54
5527,3,68
5527,4,68
5528,0,493
5528,1,556
5528,2,556
5528,3,556
5528,4,556
5529,0,817
5529,1,817
5529,2,817
5529,3,817
5529,4,751
5530,0,584
5530,1,584
5530,2,679
5530,3,584
5530,4,885
5531,0,187
5531,1,158
5531,2,187
5531,3,187
5531,4,187
5532,0,590
5532,1,590
5532,2,681
5532,3,590
5532,4,620
5533,0,966
5533,1,966
5533,2,728
5533,3,966
5533,4,728
5534,0,110
5534,1,52
5534,2,110
5534,3,110
5534,4,110
5535,0,875
5535,1,566
5535,2,513
5535,3,566
5535,4,566
5536,0,23
5536,1,23
5536,2,23
5536,3,23
5536,4,21
5537,0,121
5537,1,121
5537,2,118
5537,3,121
5537,4,121
5538,0,932
5538,1,932
5538,2,932
5538,3,960
5538,4,932
5539,0,628
5539,1,913
5539,2,913
5539,3,913
5539,4,913
5540,0,964
5540,1,964
5540,2,935
5540,3,964
5540,4,935
5541,0,302
5541,1,302
5541,2,302
5541,3,305
5541,4,305
5542,0,263
5542,1,264
5542,2,263
5542,3,263
5542,4,263
5543,0,305
5543,1,305
5543,2,302
5543,3,302
5543,4,306
5544,0,515
5544,1,515
5544,2,457
5544,3,515
5544,4,457
5545,0,514
5545,1,514
5545,2,763
5545,3,514
5545,4,763
5546,0,575
5546,1,575
5546,2,575
5546,3,573
5546,4,575
5547,0,876
5547,1,876
5547,2,876
5547,3,876
5547,4,435
5548,0,495
5548,1,495
5548,2,786
5548,3,526
5548,4,786
5549,0,708
5549,1,708
5549,2,682
5549,3,708
5549,4,708
5550,0,73
5550,1,318
5550,2,318
5550,3,318
5550,4,318
5551,0,544
5551,1,827
5551,2,827
5551,3,544
5551,4,505
5552,0,731
5552,1,731
5552,2,620
5552,3,731
5552,4,620
5553,0,461
5553,1,461
5553,2,524
5553,3,524
5553,4,461
5554,0,433
5554,1,639
5554,2,639
5554,3,433
5554,4,639
5555,0,456
5555,1,764
5555,2,764
5555,3,456
5555,4,456
5556,0,764
5556,1,491
5556,2,652
5556,3,830
5556,4,652
5557,0,846
5557,1,619
5557,2,619
5557,3,846
5557,4,846
5558,0,470
5558,1,441
5558,2,470
5558,3,470
5558,4,470
5559,0,902
5559,1,902
5559,2,902
5559,3,680
5559,4,531
5560,0,563
5560,1,418
5560,2,446
5560,3,563
5560,4,418
5561,0,900
5561,1,463
5561,2,900
5561,3,427
5561,4,900
5562,0,151
5562,1,237
5562,2,151
5562,3,151
5562,4,151
5563,0,389
5563,1,3
5563,2,389
5563,3,389
5563,4,389
5564,0,880
5564,1,880
5564,2,444
5564,3,880
5564,4,444
5565,0,972
5565,1,972
5565,2,825
5565,3,972
5565,4,972
5566,0,681
5566,1,681
5566,2,681
5566,3,681
5566,4,590
5567,0,238
5567,1,238
5567,2,238
5567,3,238
5567,4,241
5568,0,585
5568,1,982
5568,2,982
5568,3,457
5568,4,982
5569,0,671
5569,1,715
5569,2,715
5569,3,444
5569,4,715
5570,0,770
5570,1,774
5570,2,774
5570,3,770
5570,4,774
5571,0,822
5571,1,808
5571,2,822
5571,3,808
5571,4,822
5572,0,469
5572,1,544
5572,2,469
5572,3,469
5572,4,969
5573,0,845
5573,1,845
5573,2,845
5573,3,415
5573,4,845
5574,0,543
5574,1,416
5574,2,416
5574,3,543
5574,4,602
5575,0,416
5575,1,602
5575,2,416
5575,3,602
5575,4,416
5576,0,237
5576,1,158
5576,2,158
5576,3,158
5576,4,158
5577,0,931
5577,1,931
5577,2,932
5577,3,931
5577,4,931
5578,0,343
5578,1,970
5578,2,970
5578,3,347
5578,4,970
5579,0,437
5579,1,899
5579,2,505
5579,3,437
5579,4,505
5580,0,933
5580,1,933
5580,2,933
5580,3,933
5580,4,965
5581,0,719
5581,1,770
5581,2,480
5581,3,615
5581,4,728
5582,0,868
5582,1,868
5582,2,868
5582,3,813
5582,4,868
5583,0,258
5583,1,222
5583,2,222
5583,3,207
5583,4,207
5584,0,73
5584,1,73
5584,2,77
5584,3,73
5584,4,73
5585,0,902
5585,1,473
5585,2,473
5585,3,902
5585,4,473
5586,0,661
5586,1,661
5586,2,661
5586,3,581
5586,4,661
5587,0,406
5587,1,406
5587,2,406
5587,3,406
5587,4,857
5588,0,929
5588,1,879
5588,2,879
5588,3,879
5588,4,879
5589,0,520
5589,1,520
5589,2,520
5589,3,421
5589,4,421
5590,0,638
5590,1,639
5590,2,639
5590,3,638
5590,4,639
5591,0,837
5591,1,834
5591,2,834
5591,3,837
5591,4,834
5592,0,504
5592,1,504
5592,2,901
5592,3,504
5592,4,901
5593,0,741
5593,1,663
5593,2,741
5593,3,741
5593,4,741
5594,0,638
5594,1,655
5594,2,638
5594,3,638
5594,4,774
5595,0,541
5595,1,541
5595,2,541
5595,3,577
5595,4,541
5596,0,406
5596,1,406
5596,2,406
5596,3,698
5596,4,406
5597,0,679
5597,1,488
5597,2,488
5597,3,488
5597,4,488
5598,0,222
5598,1,258
5598,2,222
5598,3,258
5598,4,222
5599,0,931
5599,1,931
5599,2,930
5599,3,931
5599,4,930
5600,0,745
5600,1,818
5600,2,818
5600,3,818
5600,4,818
5601,0,710
5601,1,710
5601,2,528
5601,3,719
5601,4,528
5602,0,172
5602,1,171
5602,2,171
5602,3,171
5602,4,171
5603,0,517
5603,1,536
5603,2,517
5603,3,536
5603,4,517
5604,0,876
5604,1,876
5604,2,435
5604,3,435
5604,4,435
5605,0,75
5605,1,75
5605,2,75
5605,3,75
5605,4,73
5606,0,793
5606,1,529
5606,2,419
5606,3,529
5606,4,419
5607,0,633
5607,1,633
5607,2,772
5607,3,633
5607,4,512
5608,0,582
5608,1,582
5608,2,582
5608,3,680
5608,4,582
5609,0,694
5609,1,694
5609,2,545
5609,3,694
5609,4,694
5610,0,462
5610,1,462
5610,2,523
5610,3,600
5610,4,462
5611,0,404
5611,1,404
5611,2,895
5611,3,895
5611,4,895
5612,0,429
5612,1,981
5612,2,429
5612,3,429
5612,4,429
5613,0,765
5613,1,765
5613,2,765
5613,3,765
5613,4,703
5614,0,690
5614,1,690
5614,2,345
5614,3,690
5614,4,690
5615,0,587
5615,1,845
5615,2,633
5615,3,902
5615,4,633
5616,0,843
5616,1,879
5616,2,879
5616,3,879
5616,4,879
5617,0,435
5617,1,876
5617,2,435
5617,3,435
5617,4,435
5618,0,904
5618,1,828
5618,2,904
5618,3,828
5618,4,904
5619,0,770
5619,1,774
5619,2,774
5619,3,770
5619,4,774
5620,0,806
5620,1,806
5620,2,806
5620,3,205
5620,4,806
5621,0,166
5621,1,166
5621,2,161
5621,3,166
5621,4,166
5622,0,865
5622,1,961
5622,2,149
5622,3,509
5622,4,149
5623,0,162
5623,1,162
5623,2,166
5623,3,162
5623,4,166
5624,0,469
5624,1,469
5624,2,925
5624,3,469
5624,4,925
5625,0,490
5625,1,488
5625,2,679
5625,3,488
5625,4,679
5626,0,760
5626,1,648
5626,2,648
5626,3,648
5626,4,648
5627,0,868
5627,1,868
5627,2,927
5627,3,927
5627,4,927
5628,0,188
5628,1,155
5628,2,188
5628,3,188
5628,4,188
5629,0,821
5629,1,718
5629,2,821
5629,3,718
5629,4,821
5630,0,492
5630,1,492
5630,2,362
5630,3,492
5630,4,362
5631,0,508
5631,1,810
5631,2,508
5631,3,508
5631,4,508
5632,0,837
5632,1,837
5632,2,837
5632,3,837
5632,4,836
5633,0,910
5633,1,910
5633,2,567
5633,3,910
5633,4,910
5634,0,114
5634,1,114
5634,2,114
5634,3,114
5634,4,990
5635,0,733
5635,1,733
5635,2,829
5635,3,900
5635,4,829
5636,0,35
5636,1,107
5636,2,107
5636,3,107
5636,4,107
5637,0,470
5637,1,470
5637,2,697
5637,3,697
5637,4,697
5638,0,959
5638,1,959
5638,2,923
5638,3,959
5638,4,923
5639,0,810
5639,1,878
5639,2,878
5639,3,878
5639,4,878
5640,0,662
5640,1,446
5640,2,592
5640,3,662
5640,4,592
5641,0,118
5641,1,124
5641,2,923
5641,3,118
5641,4,923
5642,0,960
5642,1,960
5642,2,928
5642,3,928
5642,4,960
5643,0,647
5643,1,647
5643,2,332
5643,3,647
5643,4,647
5644,0,618
5644,1,567
5644,2,618
5644,3,567
5644,4,567
5645,0,385
5645,1,101
5645,2,385
5645,3,101
5645,4,101
5646,0,899
5646,1,899
5646,2,438
5646,3,899
5646,4,899
5647,0,718
5647,1,839
5647,2,839
5647,3,839
5647,4,839
5648,0,436
5648,1,656
5648,2,656
5648,3,656
5648,4,656
5649,0,421
5649,1,432
5649,2,432
5649,3,421
5649,4,432
5650,0,464
5650,1,676
5650,2,676
5650,3,774
5650,4,676
5651,0,231
5651,1,232
5651,2,232
5651,3,232
5651,4,232
5652,0,345
5652,1,690
5652,2,345
5652,3,345
5652,4,345
5653,0,842
5653,1,641
5653,2,417
5653,3,747
5653,4,747
5654,0,401
5654,1,587
5654,2,587
5654,3,587
5654,4,696
5655,0,650
5655,1,650
5655,2,650
5655,3,650
5655,4,819
5656,0,786
5656,1,786
5656,2,786
5656,3,526
5656,4,786
5657,0,149
5657,1,6
5657,2,149
5657,3,149
5657,4,149
5658,0,359
5658,1,359
5658,2,359
5658,3,356
5658,4,359
5659,0,661
5659,1,661
5659,2,717
5659,3,661
5659,4,479
5660,0,847
5660,1,847
5660,2,586
5660,3,847
5660,4,586
5661,0,819
5661,1,819
5661,2,546
5661,3,819
5661,4,819
5662,0,26
5662,1,27
5662,2,26
5662,3,26
5662,4,26
5663,0,743
5663,1,707
5663,2,707
5663,3,480
5663,4,707
5664,0,449
5664,1,449
5664,2,975
5664,3,449
5664,4,449
5665,0,847
5665,1,847
5665,2,847
5665,3,609
5665,4,847
5666,0,489
5666,1,488
5666,2,489
5666,3,489
5666,4,489
5667,0,664
5667,1,782
5667,2,782
5667,3,782
5667,4,782
5668,0,893
5668,1,457
5668,2,748
5668,3,893
5668,4,748
5669,0,414
5669,1,414
5669,2,636
5669,3,588
5669,4,414
5670,0,445
5670,1,445
5670,2,445
5670,3,799
5670,4,799
5671,0,639
5671,1,801
5671,2,638
5671,3,433
5671,4,445
5672,0,843
5672,1,843
5672,2,843
5672,3,843
5672,4,778
5673,0,730
5673,1,730
5673,2,730
5673,3,730
5673,4,792
5674,0,101
5674,1,385
5674,2,385
5674,3,385
5674,4,101
5675,0,988
5675,1,113
5675,2,113
5675,3,113
5675,4,113
5676,0,819
5676,1,819
5676,2,819
5676,3,546
5676,4,819
5677,0,837
5677,1,837
5677,2,836
5677,3,837
5677,4,837
5678,0,843
5678,1,843
5678,2,843
5678,3,843
5678,4,445
5679,0,48
5679,1,48
5679,2,48
5679,3,48
5679,4,39
5680,0,998
5680,1,998
5680,2,987
5680,3,987
5680,4,998
5681,0,548
5681,1,598
5681,2,548
5681,3,851
5681,4,598
5682,0,857
5682,1,857
5682,2,857
5682,3,741
5682,4,857
5683,0,738
5683,1,738
5683,2,463
5683,3,738
5683,4,463
5684,0,617
5684,1,617
5684,2,624
5684,3,617
5684,4,624
5685,0,527
5685,1,526
5685,2,526
5685,3,527
5685,4,526
5686,0,226
5686,1,267
5686,2,267
5686,3,226
5686,4,267
5687,0,359
5687,1,359
5687,2,358
5687,3,359
5687,4,359
5688,0,762
5688,1,762
5688,2,799
5688,3,877
5688,4,762
5689,0,957
5689,1,957
5689,2,957
5689,3,968
5689,4,957
5690,0,249
5690,1,250
5690,2,248
5690,3,249
5690,4,248
5691,0,684
5691,1,593
5691,2,593
5691,3,593
5691,4,593
5692,0,751
5692,1,817
5692,2,817
5692,3,751
5692,4,817
5693,0,968
5693,1,967
5693,2,928
5693,3,967
5693,4,928
5694,0,473
5694,1,600
5694,2,804
5694,3,896
5694,4,804
5695,0,636
5695,1,636
5695,2,748
5695,3,636
5695,4,636
5696,0,844
5696,1,471
5696,2,657
5696,3,902
5696,4,471
5697,0,163
5697,1,163
5697,2,165
5697,3,163
5697,4,163
5698,0,441
5698,1,441
5698,2,441
5698,3,441
5698,4,899
5699,0,206
5699,1,197
5699,2,197
5699,3,206
5699,4,206
5700,0,588
5700,1,533
5700,2,774
5700,3,533
5700,4,539
5701,0,789
5701,1,789
5701,2,789
5701,3,789
5701,4,532
5702,0,383
5702,1,384
5702,2,383
5702,3,383
5702,4,383
5703,0,280
5703,1,280
5703,2,362
5703,3,280
5703,4,280
5704,0,238
5704,1,238
5704,2,238
5704,3,241
5704,4,238
5705,0,804
5705,1,631
5705,2,631
5705,3,631
5705,4,631
5706,0,204
5706,1,155
5706,2,155
5706,3,204
5706,4,155
5707,0,75
5707,1,504
5707,2,968
5707,3,75
5707,4,968
5708,0,636
5708,1,748
5708,2,636
5708,3,636
5708,4,636
5709,0,438
5709,1,868
5709,2,438
5709,3,438
5709,4,438
5710,0,965
5710,1,965
5710,2,965
5710,3,692
5710,4,965
5711,0,382
5711,1,380
5711,2,382
5711,3,382
5711,4,382
5712,0,269
5712,1,272
5712,2,269
5712,3,269
5712,4,269
5713,0,794
5713,1,669
5713,2,564
5713,3,564
5713,4,564
5714,0,552
5714,1,552
5714,2,850
5714,3,552
5714,4,552
5715,0,692
5715,1,692
5715,2,692
5715,3,692
5715,4,860
5716,0,159
5716,1,159
5716,2,159
5716,3,159
5716,4,186
5717,0,838
5717,1,842
5717,2,977
5717,3,838
5717,4,977
5718,0,923
5718,1,962
5718,2,923
5718,3,923
5718,4,935
5719,0,857
5719,1,857
5719,2,703
5719,3,857
5719,4,857
5720,0,692
5720,1,919
5720,2,498
5720,3,498
5720,4,498
5721,0,703
5721,1,898
5721,2,703
5721,3,703
5721,4,703
5722,0,652
5722,1,715
5722,2,652
5722,3,652
5722,4,652
5723,0,153
5723,1,153
5723,2,203
5723,3,153
5723,4,153
5724,0,207
5724,1,260
5724,2,207
5724,3,207
5724,4,207
5725,0,517
5725,1,517
5725,2,536
5725,3,517
5725,4,517
5726,0,637
5726,1,412
5726,2,412
5726,3,412
5726,4,412
5727,0,185
5727,1,185
5727,2,185
5727,3,188
5727,4,200
5728,0,588
5728,1,790
5728,2,790
5728,3,790
5728,4,790
5729,0,395
5729,1,395
5729,2,395
5729,3,363
5729,4,395
5730,0,677
5730,1,958
5730,2,113
5730,3,113
5730,4,113
5731,0,526
5731,1,527
5731,2,526
5731,3,526
5731,4,526
5732,0,950
5732,1,950
5732,2,951
5732,3,950
5732,4,951
5733,0,634
5733,1,491
5733,2,634
5733,3,634
5733,4,634
5734,0,787
5734,1,787
5734,2,787
5734,3,406
5734,4,787
5735,0,888
5735,1,821
5735,2,821
5735,3,888
5735,4,888
5736,0,296
5736,1,193
5736,2,257
5736,3,248
5736,4,208
5737,0,801
5737,1,433
5737,2,793
5737,3,793
5737,4,801
5738,0,914
5738,1,914
5738,2,914
5738,3,780
5738,4,914
5739,0,692
5739,1,838
5739,2,692
5739,3,692
5739,4,692
5740,0,591
5740,1,452
5740,2,591
5740,3,591
5740,4,591
5741,0,639
5741,1,639
5741,2,639
5741,3,638
5741,4,639
5742,0,248
5742,1,213
5742,2,213
5742,3,213
5742,4,213
5743,0,218
5743,1,999
5743,2,218
5743,3,218
5743,4,218
5744,0,850
5744,1,850
5744,2,911
5744,3,911
5744,4,911
5745,0,681
5745,1,620
5745,2,620
5745,3,681
5745,4,681
5746,0,475
5746,1,837
5746,2,837
5746,3,837
5746,4,836
5747,0,5
5747,1,6
5747,2,6
5747,3,6
5747,4,6
5748,0,580
5748,1,580
5748,2,936
5748,3,580
5748,4,936
5749,0,586
5749,1,847
5749,2,847
5749,3,586
5749,4,586
5750,0,623
5750,1,623
5750,2,499
5750,3,696
5750,4,777
5751,0,265
5751,1,265
5751,2,266
5751,3,265
5751,4,265
5752,0,488
5752,1,488
5752,2,494
5752,3,494
5752,4,488
5753,0,474
5753,1,474
5753,2,474
5753,3,474
5753,4,911
5754,0,349
5754,1,349
5754,2,348
5754,3,349
5754,4,349
5755,0,895
5755,1,895
5755,2,908
5755,3,405
5755,4,657
5756,0,570
5756,1,760
5756,2,638
5756,3,461
5756,4,638
5757,0,976
5757,1,976
5757,2,975
5757,3,975
5757,4,975
5758,0,241
5758,1,241
5758,2,238
5758,3,241
5758,4,241
5759,0,312
5759,1,316
5759,2,312
5759,3,312
5759,4,316
5760,0,304
5760,1,303
5760,2,303
5760,3,303
5760,4,303
5761,0,911
5761,1,911
5761,2,911
5761,3,735
5761,4,911
5762,0,837
5762,1,801
5762,2,438
5762,3,801
5762,4,801
5763,0,857
5763,1,489
5763,2,489
5763,3,857
5763,4,489
5764,0,409
5764,1,892
5764,2,892
5764,3,409
5764,4,892
5765,0,380
5765,1,380
5765,2,382
5765,3,380
5765,4,382
5766,0,245
5766,1,245
5766,2,242
5766,3,179
5766,4,245
5767,0,200
5767,1,188
5767,2,196
5767,3,200
5767,4,196
5768,0,922
5768,1,933
5768,2,922
5768,3,922
5768,4,922
5769,0,477
5769,1,477
5769,2,477
5769,3,477
5769,4,499
5770,0,595
5770,1,621
5770,2,791
5770,3,595
5770,4,573
5771,0,320
5771,1,320
5771,2,319
5771,3,319
5771,4,320
5772,0,278
5772,1,278
5772,2,278
5772,3,277
5772,4,277
5773,0,454
5773,1,454
5773,2,582
5773,3,509
5773,4,509
5774,0,548
5774,1,548
5774,2,598
5774,3,548
5774,4,598
5775,0,657
5775,1,657
5775,2,744
5775,3,744
5775,4,657
5776,0,39
5776,1,39
5776,2,46
5776,3,39
5776,4,39
5777,0,879
5777,1,879
5777,2,978
5777,3,879
5777,4,978
5778,0,948
5778,1,948
5778,2,951
5778,3,722
5778,4,951
5779,0,894
5779,1,799
5779,2,894
5779,3,894
5779,4,894
5780,0,681
5780,1,620
5780,2,681
5780,3,620
5780,4,681
5781,0,848
5781,1,485
5781,2,482
5781,3,848
5781,4,848
5782,0,641
5782,1,641
5782,2,641
5782,3,522
5782,4,641
5783,0,484
5783,1,484
5783,2,484
5783,3,484
5783,4,871
5784,0,686
5784,1,463
5784,2,686
5784,3,686
5784,4,686
5785,0,93
5785,1,96
5785,2,96
5785,3,96
5785,4,96
5786,0,748
5786,1,748
5786,2,636
5786,3,636
5786,4,636
5787,0,801
5787,1,433
5787,2,433
5787,3,801
5787,4,433
5788,0,709
5788,1,709
5788,2,180
5788,3,180
5788,4,180
5789,0,635
5789,1,635
5789,2,409
5789,3,685
5789,4,635
5790,0,435
5790,1,896
5790,2,896
5790,3,896
5790,4,896
5791,0,972
5791,1,972
5791,2,523
5791,3,972
5791,4,972
5792,0,747
5792,1,747
5792,2,747
5792,3,747
5792,4,417
5793,0,841
5793,1,474
5793,2,474
5793,3,841
5793,4,474
5794,0,998
5794,1,987
5794,2,998
5794,3,998
5794,4,998
5795,0,452
5795,1,452
5795,2,452
5795,3,533
5795,4,452
5796,0,978
5796,1,842
5796,2,978
5796,3,842
5796,4,529
5797,0,50
5797,1,50
5797,2,50
5797,3,801
5797,4,50
5798,0,681
5798,1,620
5798,2,620
5798,3,681
5798,4,620
5799,0,472
5799,1,693
5799,2,693
5799,3,693
5799,4,693
5800,0,414
5800,1,797
5800,2,414
5800,3,414
5800,4,414
5801,0,477
5801,1,740
5801,2,740
5801,3,740
5801,4,740
5802,0,74
5802,1,74
5802,2,73
5802,3,74
5802,4,73
5803,0,493
5803,1,648
5803,2,894
5803,3,493
5803,4,894
5804,0,682
5804,1,682
5804,2,657
5804,3,682
5804,4,657
5805,0,283
5805,1,435
5805,2,283
5805,3,283
5805,4,283
5806,0,921
5806,1,568
5806,2,568
5806,3,501
5806,4,568
5807,0,232
5807,1,232
5807,2,217
5807,3,232
5807,4,232
5808,0,905
5808,1,799
5808,2,905
5808,3,799
5808,4,905
5809,0,175
5809,1,226
5809,2,226
5809,3,175
5809,4,175
5810,0,33
5810,1,33
5810,2,33
5810,3,33
5810,4,983
5811,0,478
5811,1,478
5811,2,446
5811,3,478
5811,4,478
5812,0,654
5812,1,609
5812,2,609
5812,3,654
5812,4,717
5813,0,676
5813,1,354
5813,2,354
5813,3,354
5813,4,354
5814,0,926
5814,1,784
5814,2,550
5814,3,926
5814,4,828
5815,0,997
5815,1,994
5815,2,997
5815,3,994
5815,4,997
5816,0,463
5816,1,373
5816,2,463
5816,3,463
5816,4,373
5817,0,592
5817,1,592
5817,2,592
5817,3,592
5817,4,662
5818,0,434
5818,1,434
5818,2,434
5818,3,591
5818,4,434
5819,0,925
5819,1,910
5819,2,618
5819,3,910
5819,4,618
5820,0,431
5820,1,431
5820,2,697
5820,3,697
5820,4,697
5821,0,524
5821,1,524
5821,2,524
5821,3,461
5821,4,524
5822,0,468
5822,1,468
5822,2,468
5822,3,468
5822,4,581
5823,0,35
5823,1,35
5823,2,35
5823,3,36
5823,4,36
5824,0,369
5824,1,367
5824,2,367
5824,3,369
5824,4,369
5825,0,616
5825,1,616
5825,2,616
5825,3,616
5825,4,733
5826,0,623
5826,1,623
5826,2,623
5826,3,623
5826,4,749
5827,0,924
5827,1,943
5827,2,924
5827,3,924
5827,4,924
5828,0,473
5828,1,695
5828,2,695
5828,3,473
5828,4,695
5829,0,411
5829,1,747
5829,2,411
5829,3,411
5829,4,630
5830,0,791
5830,1,556
5830,2,791
5830,3,674
5830,4,791
5831,0,257
5831,1,257
5831,2,257
5831,3,257
5831,4,222
5832,0,762
5832,1,762
5832,2,762
5832,3,578
5832,4,762
5833,0,474
5833,1,841
5833,2,841
5833,3,474
5833,4,841
5834,0,967
5834,1,967
5834,2,967
5834,3,967
5834,4,504
5835,0,911
5835,1,911
5835,2,911
5835,3,911
5835,4,452
5836,0,436
5836,1,436
5836,2,656
5836,3,436
5836,4,436
5837,0,172
5837,1,172
5837,2,172
5837,3,171
5837,4,172
5838,0,662
5838,1,662
5838,2,742
5838,3,662
5838,4,662
5839,0,754
5839,1,688
5839,2,754
5839,3,754
5839,4,688
5840,0,415
5840,1,415
5840,2,509
5840,3,509
5840,4,415
5841,0,436
5841,1,436
5841,2,436
5841,3,656
5841,4,436
5842,0,217
5842,1,217
5842,2,217
5842,3,215
5842,4,215
5843,0,948
5843,1,948
5843,2,945
5843,3,945
5843,4,948
5844,0,631
5844,1,838
5844,2,838
5844,3,838
5844,4,838
5845,0,664
5845,1,673
5845,2,673
5845,3,673
5845,4,527
5846,0,739
5846,1,739
5846,2,587
5846,3,596
5846,4,587
5847,0,192
5847,1,192
5847,2,192
5847,3,199
5847,4,192
5848,0,308
5848,1,315
5848,2,315
5848,3,308
5848,4,315
5849,0,638
5849,1,639
5849,2,639
5849,3,638
5849,4,639
5850,0,248
5850,1,249
5850,2,249
5850,3,248
5850,4,249
5851,0,435
5851,1,794
5851,2,435
5851,3,435
5851,4,435
5852,0,636
5852,1,636
5852,2,748
5852,3,636
5852,4,636
5853,0,35
5853,1,36
5853,2,35
5853,3,35
5853,4,35
5854,0,626
5854,1,692
5854,2,767
5854,3,692
5854,4,692
5855,0,698
5855,1,698
5855,2,483
5855,3,698
5855,4,698
5856,0,371
5856,1,381
5856,2,381
5856,3,371
5856,4,374
5857,0,83
5857,1,83
5857,2,81
5857,3,83
5857,4,83
5858,0,917
5858,1,917
5858,2,921
5858,3,917
5858,4,921
5859,0,492
5859,1,894
5859,2,881
5859,3,556
5859,4,556
5860,0,975
5860,1,536
5860,2,460
5860,3,525
5860,4,536
5861,0,878
5861,1,857
5861,2,854
5861,3,406
5861,4,854
5862,0,834
5862,1,655
5862,2,834
5862,3,834
5862,4,834
5863,0,526
5863,1,526
5863,2,681
5863,3,526
5863,4,526
5864,0,413
5864,1,764
5864,2,764
5864,3,413
5864,4,764
5865,0,616
5865,1,692
5865,2,692
5865,3,769
5865,4,549
5866,0,994
5866,1,828
5866,2,828
5866,3,674
5866,4,828
5867,0,369
5867,1,368
5867,2,369
5867,3,369
5867,4,368
5868,0,556
5868,1,492
5868,2,492
5868,3,771
5868,4,708
5869,0,808
5869,1,642
5869,2,642
5869,3,642
5869,4,642
5870,0,382
5870,1,380
5870,2,382
5870,3,382
5870,4,382
5871,0,383
5871,1,383
5871,2,383
5871,3,383
5871,4,384
5872,0,827
5872,1,827
5872,2,618
5872,3,827
5872,4,618
5873,0,810
5873,1,810
5873,2,878
5873,3,878
5873,4,878
5874,0,528
5874,1,528
5874,2,992
5874,3,528
5874,4,528
5875,0,411
5875,1,411
5875,2,697
5875,3,411
5875,4,411
5876,0,504
5876,1,901
5876,2,899
5876,3,504
5876,4,901
5877,0,454
5877,1,453
5877,2,454
5877,3,454
5877,4,454
5878,0,777
5878,1,777
5878,2,623
5878,3,623
5878,4,749
5879,0,202
5879,1,202
5879,2,184
5879,3,184
5879,4,184
5880,0,869
5880,1,834
5880,2,834
5880,3,869
5880,4,834
5881,0,358
5881,1,362
5881,2,358
5881,3,362
5881,4,362
5882,0,644
5882,1,619
5882,2,818
5882,3,786
5882,4,818
5883,0,667
5883,1,667
5883,2,400
5883,3,667
5883,4,667
5884,0,206
5884,1,206
5884,2,206
5884,3,267
5884,4,206
5885,0,785
5885,1,785
5885,2,836
5885,3,837
5885,4,837
5886,0,461
5886,1,461
5886,2,643
5886,3,461
5886,4,461
5887,0,295
5887,1,290
5887,2,286
5887,3,290
5887,4,290
5888,0,928
5888,1,415
5888,2,415
5888,3,415
5888,4,415
5889,0,94
5889,1,94
5889,2,16
5889,3,94
5889,4,16
5890,0,125
5890,1,125
5890,2,125
5890,3,119
5890,4,125
5891,0,725
5891,1,883
5891,2,883
5891,3,883
5891,4,883
5892,0,443
5892,1,529
5892,2,464
5892,3,823
5892,4,464
5893,0,111
5893,1,114
5893,2,111
5893,3,111
5893,4,111
5894,0,620
5894,1,620
5894,2,681
5894,3,620
5894,4,620
5895,0,359
5895,1,358
5895,2,359
5895,3,358
5895,4,358
5896,0,499
5896,1,593
5896,2,499
5896,3,446
5896,4,499
5897,0,784
5897,1,587
5897,2,477
5897,3,477
5897,4,477
5898,0,304
5898,1,304
5898,2,304
5898,3,304
5898,4,305
5899,0,665
5899,1,670
5899,2,665
5899,3,670
5899,4,670
5900,0,481
5900,1,481
5900,2,481
5900,3,848
5900,4,481
5901,0,159
5901,1,159
5901,2,243
5901,3,180
5901,4,243
5902,0,240
5902,1,238
5902,2,238
5902,3,238
5902,4,238
5903,0,750
5903,1,750
5903,2,741
5903,3,750
5903,4,750
5904,0,162
5904,1,166
5904,2,166
5904,3,162
5904,4,166
5905,0,403
5905,1,403
5905,2,403
5905,3,404
5905,4,403
5906,0,531
5906,1,531
5906,2,531
5906,3,826
5906,4,531
5907,0,968
5907,1,968
5907,2,968
5907,3,968
5907,4,868
5908,0,775
5908,1,775
5908,2,614
5908,3,614
5908,4,634
5909,0,534
5909,1,534
5909,2,760
5909,3,760
5909,4,760
5910,0,799
5910,1,799
5910,2,765
5910,3,799
5910,4,799
5911,0,476
5911,1,476
5911,2,130
5911,3,476
5911,4,476
5912,0,54
5912,1,54
5912,2,58
5912,3,54
5912,4,54
5913,0,717
5913,1,399
5913,2,654
5913,3,654
5913,4,654
5914,0,775
5914,1,655
5914,2,655
5914,3,655
5914,4,655
5915,0,413
5915,1,652
5915,2,652
5915,3,413
5915,4,652
5916,0,128
5916,1,143
5916,2,128
5916,3,136
5916,4,136
5917,0,567
5917,1,987
5917,2,618
5917,3,618
5917,4,809
5918,0,274
5918,1,280
5918,2,274
5918,3,274
5918,4,274
5919,0,718
5919,1,540
5919,2,718
5919,3,718
5919,4,540
5920,0,949
5920,1,949
5920,2,949
5920,3,957
5920,4,949
5921,0,374
5921,1,374
5921,2,374
5921,3,374
5921,4,368
5922,0,810
5922,1,878
5922,2,878
5922,3,878
5922,4,878
5923,0,809
5923,1,618
5923,2,618
5923,3,961
5923,4,618
5924,0,883
5924,1,532
5924,2,883
5924,3,532
5924,4,883
5925,0,664
5925,1,905
5925,2,799
5925,3,799
5925,4,765
5926,0,698
5926,1,698
5926,2,698
5926,3,698
5926,4,741
5927,0,451
5927,1,902
5927,2,650
5927,3,546
5927,4,819
5928,0,408
5928,1,408
5928,2,847
5928,3,408
5928,4,408
5929,0,493
5929,1,492
5929,2,493
5929,3,493
5929,4,493
5930,0,991
5930,1,728
5930,2,728
5930,3,728
5930,4,728
5931,0,677
5931,1,767
5931,2,769
5931,3,919
5931,4,918
5932,0,265
5932,1,265
5932,2,151
5932,3,265
5932,4,265
5933,0,536
5933,1,536
5933,2,975
5933,3,536
5933,4,975
5934,0,869
5934,1,869
5934,2,869
5934,3,678
5934,4,841
5935,0,470
5935,1,470
5935,2,470
5935,3,680
5935,4,470
5936,0,411
5936,1,689
5936,2,689
5936,3,411
5936,4,689
5937,0,509
5937,1,982
5937,2,982
5937,3,509
5937,4,982
5938,0,47
5938,1,47
5938,2,47
5938,3,47
5938,4,46
5939,0,652
5939,1,652
5939,2,413
5939,3,413
5939,4,652
5940,0,970
5940,1,970
5940,2,350
5940,3,979
5940,4,970
5941,0,738
5941,1,738
5941,2,580
5941,3,580
5941,4,738
5942,0,921
5942,1,921
5942,2,921
5942,3,78
5942,4,921
5943,0,557
5943,1,557
5943,2,624
5943,3,436
5943,4,624
5944,0,490
5944,1,490
5944,2,524
5944,3,524
5944,4,524
5945,0,978
5945,1,977
5945,2,978
5945,3,977
5945,4,977
5946,0,916
5946,1,675
5946,2,916
5946,3,916
5946,4,916
5947,0,607
5947,1,607
5947,2,607
5947,3,619
5947,4,607
5948,0,760
5948,1,811
5948,2,811
5948,3,760
5948,4,811
5949,0,454
5949,1,454
5949,2,624
5949,3,454
5949,4,624
5950,0,543
5950,1,422
5950,2,543
5950,3,543
5950,4,543
5951,0,498
5951,1,498
5951,2,415
5951,3,498
5951,4,415
5952,0,899
5952,1,395
5952,2,391
5952,3,395
5952,4,390
5953,0,497
5953,1,497
5953,2,497
5953,3,497
5953,4,442
5954,0,173
5954,1,184
5954,2,186
5954,3,159
5954,4,186
5955,0,39
5955,1,46
5955,2,39
5955,3,43
5955,4,46
5956,0,976
5956,1,976
5956,2,978
5956,3,978
5956,4,978
5957,0,897
5957,1,756
5957,2,435
5957,3,897
5957,4,897
5958,0,926
5958,1,926
5958,2,926
5958,3,926
5958,4,909
5959,0,569
5959,1,569
5959,2,569
5959,3,864
5959,4,867
5960,0,542
5960,1,840
5960,2,523
5960,3,523
5960,4,462
5961,0,260
5961,1,260
5961,2,260
5961,3,244
5961,4,260
5962,0,554
5962,1,562
5962,2,562
5962,3,562
5962,4,562
5963,0,373
5963,1,373
5963,2,371
5963,3,373
5963,4,380
5964,0,317
5964,1,596
5964,2,677
5964,3,845
5964,4,677
5965,0,956
5965,1,956
5965,2,956
5965,3,956
5965,4,519
5966,0,123
5966,1,123
5966,2,614
5966,3,123
5966,4,123
5967,0,978
5967,1,977
5967,2,977
5967,3,977
5967,4,977
5968,0,948
5968,1,948
5968,2,924
5968,3,943
5968,4,930
5969,0,443
5969,1,728
5969,2,728
5969,3,412
5969,4,412
5970,0,875
5970,1,875
5970,2,875
5970,3,683
5970,4,875
5971,0,266
5971,1,266
5971,2,265
5971,3,266
5971,4,266
5972,0,15
5972,1,10
5972,2,10
5972,3,10
5972,4,10
5973,0,999
5973,1,999
5973,2,999
5973,3,700
5973,4,999
5974,0,165
5974,1,165
5974,2,165
5974,3,165
5974,4,676
5975,0,978
5975,1,977
5975,2,460
5975,3,977
5975,4,460
5976,0,976
5976,1,976
5976,2,437
5976,3,976
5976,4,437
5977,0,484
5977,1,536
5977,2,628
5977,3,628
5977,4,536
5978,0,903
5978,1,735
5978,2,689
5978,3,735
5978,4,824
5979,0,794
5979,1,876
5979,2,434
5979,3,207
5979,4,434
5980,0,518
5980,1,751
5980,2,573
5980,3,751
5980,4,518
5981,0,526
5981,1,799
5981,2,526
5981,3,526
5981,4,526
5982,0,577
5982,1,646
5982,2,577
5982,3,646
5982,4,577
5983,0,828
5983,1,828
5983,2,647
5983,3,647
5983,4,647
5984,0,601
5984,1,601
5984,2,982
5984,3,601
5984,4,601
5985,0,492
5985,1,493
5985,2,492
5985,3,492
5985,4,493
5986,0,111
5986,1,111
5986,2,308
5986,3,111
5986,4,111
5987,0,681
5987,1,664
5987,2,664
5987,3,664
5987,4,664
5988,0,191
5988,1,191
5988,2,191
5988,3,184
5988,4,191
5989,0,664
5989,1,949
5989,2,949
5989,3,950
5989,4,949
5990,0,966
5990,1,966
5990,2,966
5990,3,966
5990,4,572
5991,0,630
5991,1,806
5991,2,630
5991,3,630
5991,4,630
5992,0,250
5992,1,250
5992,2,250
5992,3,248
5992,4,250
5993,0,776
5993,1,456
5993,2,456
5993,3,456
5993,4,456
5994,0,810
5994,1,810
5994,2,878
5994,3,810
5994,4,878
5995,0,620
5995,1,620
5995,2,620
5995,3,508
5995,4,620
5996,0,871
5996,1,484
5996,2,871
5996,3,871
5996,4,871
5997,0,765
5997,1,778
5997,2,892
5997,3,409
5997,4,892
5998,0,801
5998,1,731
5998,2,801
5998,3,570
5998,4,801
5999,0,285
5999,1,285
5999,2,282
5999,3,285
5999,4,285
6000,0,517
6000,1,517
6000,2,634
6000,3,517
6000,4,634
6001,0,62
6001,1,62
6001,2,117
6001,3,62
6001,4,117
6002,0,306
6002,1,305
6002,2,306
6002,3,306
6002,4,306
6003,0,151
6003,1,151
6003,2,158
6003,3,151
6003,4,151
6004,0,316
6004,1,304
6004,2,119
6004,3,304
6004,4,305
6005,0,689
6005,1,689
6005,2,689
6005,3,578
6005,4,689
6006,0,998
6006,1,987
6006,2,987
6006,3,987
6006,4,987
6007,0,144
6007,1,144
6007,2,144
6007,3,146
6007,4,144
6008,0,506
6008,1,634
6008,2,506
6008,3,427
6008,4,506
6009,0,642
6009,1,642
6009,2,643
6009,3,642
6009,4,642
6010,0,489
6010,1,852
6010,2,852
6010,3,852
6010,4,852
6011,0,757
6011,1,757
6011,2,660
6011,3,757
6011,4,757
6012,0,474
6012,1,474
6012,2,474
6012,3,474
6012,4,841
6013,0,638
6013,1,639
6013,2,638
6013,3,639
6013,4,639
6014,0,305
6014,1,305
6014,2,306
6014,3,305
6014,4,305
6015,0,529
6015,1,885
6015,2,797
6015,3,591
6015,4,797
6016,0,659
6016,1,659
6016,2,731
6016,3,659
6016,4,942
6017,0,702
6017,1,282
6017,2,702
6017,3,282
6017,4,282
6018,0,902
6018,1,902
6018,2,462
6018,3,112
6018,4,902
6019,0,371
6019,1,371
6019,2,370
6019,3,371
6019,4,370
6020,0,689
6020,1,887
6020,2,887
6020,3,689
6020,4,887
6021,0,633
6021,1,633
6021,2,916
6021,3,633
6021,4,633
6022,0,814
6022,1,814
6022,2,484
6022,3,814
6022,4,484
6023,0,792
6023,1,792
6023,2,758
6023,3,792
6023,4,758
6024,0,570
6024,1,555
6024,2,570
6024,3,570
6024,4,570
6025,0,896
6025,1,896
6025,2,589
6025,3,896
6025,4,896
6026,0,308
6026,1,309
6026,2,308
6026,3,308
6026,4,308
6027,0,783
6027,1,783
6027,2,783
6027,3,783
6027,4,764
6028,0,723
6028,1,723
6028,2,723
6028,3,723
6028,4,509
6029,0,624
6029,1,509
6029,2,509
6029,3,509
6029,4,454
6030,0,717
6030,1,717
6030,2,864
6030,3,717
6030,4,717
6031,0,753
6031,1,477
6031,2,754
6031,3,753
6031,4,785
6032,0,579
6032,1,579
6032,2,594
6032,3,421
6032,4,677
6033,0,782
6033,1,782
6033,2,664
6033,3,782
6033,4,664
6034,0,308
6034,1,309
6034,2,308
6034,3,308
6034,4,308
6035,0,893
6035,1,709
6035,2,709
6035,3,893
6035,4,709
6036,0,418
6036,1,862
6036,2,650
6036,3,563
6036,4,563
6037,0,250
6037,1,250
6037,2,250
6037,3,250
6037,4,248
6038,0,348
6038,1,349
6038,2,348
6038,3,348
6038,4,349
6039,0,240
6039,1,240
6039,2,240
6039,3,240
6039,4,238
6040,0,386
6040,1,386
6040,2,385
6040,3,386
6040,4,386
6041,0,699
6041,1,699
6041,2,699
6041,3,822
6041,4,699
6042,0,74
6042,1,74
6042,2,73
6042,3,74
6042,4,74
6043,0,557
6043,1,22
6043,2,557
6043,3,22
6043,4,557
6044,0,932
6044,1,932
6044,2,932
6044,3,931
6044,4,932
6045,0,402
6045,1,515
6045,2,515
6045,3,402
6045,4,515
6046,0,477
6046,1,543
6046,2,543
6046,3,543
6046,4,543
6047,0,750
6047,1,735
6047,2,735
6047,3,750
6047,4,533
6048,0,193
6048,1,193
6048,2,201
6048,3,193
6048,4,201
6049,0,655
6049,1,638
6049,2,543
6049,3,655
6049,4,696
6050,0,751
6050,1,609
6050,2,751
6050,3,751
6050,4,751
6051,0,823
6051,1,617
6051,2,617
6051,3,823
6051,4,617
6052,0,655
6052,1,655
6052,2,834
6052,3,655
6052,4,655
6053,0,926
6053,1,909
6053,2,926
6053,3,926
6053,4,926
6054,0,605
6054,1,605
6054,2,605
6054,3,605
6054,4,916
6055,0,542
6055,1,542
6055,2,542
6055,3,542
6055,4,541
6056,0,773
6056,1,855
6056,2,773
6056,3,855
6056,4,773
6057,0,228
6057,1,228
6057,2,202
6057,3,228
6057,4,228
6058,0,184
6058,1,184
6058,2,184
6058,3,185
6058,4,202
6059,0,341
6059,1,346
6059,2,346
6059,3,346
6059,4,346
6060,0,487
6060,1,811
6060,2,487
6060,3,487
6060,4,811
6061,0,188
6061,1,188
6061,2,182
6061,3,188
6061,4,192
6062,0,358
6062,1,358
6062,2,359
6062,3,358
6062,4,358
6063,0,689
6063,1,689
6063,2,601
6063,3,689
6063,4,452
6064,0,445
6064,1,445
6064,2,890
6064,3,445
6064,4,445
6065,0,266
6065,1,265
6065,2,266
6065,3,265
6065,4,265
6066,0,884
6066,1,884
6066,2,844
6066,3,884
6066,4,587
6067,0,717
6067,1,479
6067,2,717
6067,3,717
6067,4,661
6068,0,162
6068,1,162
6068,2,162
6068,3,162
6068,4,166
6069,0,819
6069,1,819
6069,2,898
6069,3,819
6069,4,898
6070,0,550
6070,1,505
6070,2,550
6070,3,505
6070,4,505
6071,0,630
6071,1,630
6071,2,630
6071,3,630
6071,4,806
6072,0,792
6072,1,792
6072,2,792
6072,3,795
6072,4,792
6073,0,75
6073,1,75
6073,2,75
6073,3,73
6073,4,75
6074,0,580
6074,1,580
6074,2,580
6074,3,580
6074,4,428
6075,0,632
6075,1,448
6075,2,897
6075,3,632
6075,4,499
6076,0,814
6076,1,405
6076,2,405
6076,3,657
6076,4,657
6077,0,266
6077,1,266
6077,2,266
6077,3,266
6077,4,265
6078,0,359
6078,1,359
6078,2,358
6078,3,358
6078,4,358
6079,0,845
6079,1,845
6079,2,845
6079,3,845
6079,4,712
6080,0,570
6080,1,691
6080,2,570
6080,3,570
6080,4,570
6081,0,60
6081,1,60
6081,2,65
6081,3,60
6081,4,65
6082,0,278
6082,1,277
6082,2,278
6082,3,278
6082,4,277
6083,0,431
6083,1,516
6083,2,520
6083,3,516
6083,4,520
6084,0,917
6084,1,917
6084,2,411
6084,3,917
6084,4,917
6085,0,797
6085,1,797
6085,2,797
6085,3,797
6085,4,151
6086,0,916
6086,1,59
6086,2,916
6086,3,916
6086,4,916
6087,0,587
6087,1,587
6087,2,587
6087,3,462
6087,4,587
6088,0,459
6088,1,459
6088,2,638
6088,3,459
6088,4,445
6089,0,776
6089,1,546
6089,2,546
6089,3,819
6089,4,546
6090,0,807
6090,1,580
6090,2,807
6090,3,807
6090,4,807
6091,0,767
6091,1,710
6091,2,710
6091,3,710
6091,4,710
6092,0,45
6092,1,60
6092,2,62
6092,3,62
6092,4,58
6093,0,596
6093,1,413
6093,2,413
6093,3,413
6093,4,764
6094,0,917
6094,1,454
6094,2,917
6094,3,917
6094,4,917
6095,0,675
6095,1,675
6095,2,656
6095,3,675
6095,4,675
6096,0,54
6096,1,52
6096,2,52
6096,3,52
6096,4,53
6097,0,320
6097,1,320
6097,2,319
6097,3,319
6097,4,319
6098,0,883
6098,1,738
6098,2,883
6098,3,562
6098,4,738
6099,0,385
6099,1,344
6099,2,344
6099,3,344
6099,4,344
6100,0,486
6100,1,889
6100,2,889
6100,3,889
6100,4,889
6101,0,632
6101,1,412
6101,2,632
6101,3,412
6101,4,632
6102,0,420
6102,1,420
6102,2,546
6102,3,819
6102,4,420
6103,0,836
6103,1,447
6103,2,447
6103,3,447
6103,4,447
6104,0,807
6104,1,703
6104,2,637
6104,3,448
6104,4,637
6105,0,655
6105,1,806
6105,2,806
6105,3,806
6105,4,806
6106,0,919
6106,1,919
6106,2,920
6106,3,919
6106,4,920
6107,0,752
6107,1,752
6107,2,593
6107,3,593
6107,4,457
6108,0,445
6108,1,842
6108,2,445
6108,3,445
6108,4,445
6109,0,166
6109,1,166
6109,2,162
6109,3,162
6109,4,162
6110,0,407
6110,1,407
6110,2,675
6110,3,407
6110,4,407
6111,0,702
6111,1,543
6111,2,702
6111,3,702
6111,4,702
6112,0,823
6112,1,617
6112,2,617
6112,3,823
6112,4,617
6113,0,264
6113,1,264
6113,2,264
6113,3,264
6113,4,263
6114,0,492
6114,1,492
6114,2,493
6114,3,492
6114,4,492
6115,0,186
6115,1,186
6115,2,192
6115,3,186
6115,4,192
6116,0,409
6116,1,437
6116,2,409
6116,3,409
6116,4,409
6117,0,384
6117,1,384
6117,2,384
6117,3,380
6117,4,380
6118,0,511
6118,1,511
6118,2,511
6118,3,511
6118,4,817
6119,0,112
6119,1,710
6119,2,710
6119,3,605
6119,4,710
6120,0,533
6120,1,824
6120,2,533
6120,3,824
6120,4,824
6121,0,306
6121,1,306
6121,2,306
6121,3,306
6121,4,303
6122,0,415
6122,1,415
6122,2,415
6122,3,850
6122,4,415
6123,0,67
6123,1,67
6123,2,67
6123,3,66
6123,4,67
6124,0,872
6124,1,764
6124,2,764
6124,3,872
6124,4,764
6125,0,115
6125,1,115
6125,2,115
6125,3,115
6125,4,329
6126,0,263
6126,1,151
6126,2,273
6126,3,263
6126,4,273
6127,0,12
6127,1,12
6127,2,12
6127,3,10
6127,4,12
6128,0,699
6128,1,558
6128,2,558
6128,3,699
6128,4,558
6129,0,880
6129,1,970
6129,2,770
6129,3,574
6129,4,770
6130,0,305
6130,1,305
6130,2,304
6130,3,305
6130,4,305
6131,0,469
6131,1,792
6131,2,792
6131,3,792
6131,4,792
6132,0,505
6132,1,505
6132,2,550
6132,3,550
6132,4,550
6133,0,624
6133,1,454
6133,2,454
6133,3,454
6133,4,454
6134,0,617
6134,1,438
6134,2,438
6134,3,617
6134,4,617
6135,0,960
6135,1,928
6135,2,960
6135,3,928
6135,4,960
6136,0,78
6136,1,78
6136,2,78
6136,3,302
6136,4,78
6137,0,962
6137,1,923
6137,2,762
6137,3,923
6137,4,762
6138,0,975
6138,1,979
6138,2,442
6138,3,970
6138,4,442
6139,0,958
6139,1,649
6139,2,649
6139,3,649
6139,4,437
6140,0,636
6140,1,485
6140,2,636
6140,3,636
6140,4,636
6141,0,232
6141,1,232
6141,2,217
6141,3,232
6141,4,232
6142,0,425
6142,1,912
6142,2,912
6142,3,912
6142,4,912
6143,0,412
6143,1,412
6143,2,412
6143,3,448
6143,4,412
6144,0,920
6144,1,920
6144,2,733
6144,3,733
6144,4,920
6145,0,42
6145,1,43
6145,2,43
6145,3,42
6145,4,43
6146,0,798
6146,1,769
6146,2,769
6146,3,769
6146,4,420
6147,0,558
6147,1,731
6147,2,731
6147,3,801
6147,4,731
6148,0,811
6148,1,811
6148,2,811
6148,3,545
6148,4,811
6149,0,767
6149,1,767
6149,2,418
6149,3,418
6149,4,418
6150,0,601
6150,1,982
6150,2,982
6150,3,601
6150,4,982
6151,0,210
6151,1,556
6151,2,556
6151,3,556
6151,4,168
6152,0,187
6152,1,192
6152,2,187
6152,3,182
6152,4,192
6153,0,618
6153,1,618
6153,2,618
6153,3,813
6153,4,813
6154,0,884
6154,1,884
6154,2,884
6154,3,884
6154,4,497
6155,0,44
6155,1,46
6155,2,46
6155,3,46
6155,4,46
6156,0,754
6156,1,745
6156,2,482
6156,3,754
6156,4,759
6157,0,648
6157,1,495
6157,2,495
6157,3,648
6157,4,495
6158,0,503
6158,1,503
6158,2,503
6158,3,626
6158,4,503
6159,0,951
6159,1,572
6159,2,969
6159,3,951
6159,4,969
6160,0,239
6160,1,239
6160,2,240
6160,3,239
6160,4,239
6161,0,554
6161,1,536
6161,2,536
6161,3,536
6161,4,536
6162,0,578
6162,1,629
6162,2,629
6162,3,578
6162,4,711
6163,0,834
6163,1,834
6163,2,906
6163,3,834
6163,4,906
6164,0,208
6164,1,228
6164,2,267
6164,3,228
6164,4,228
6165,0,909
6165,1,909
6165,2,923
6165,3,909
6165,4,923
6166,0,478
6166,1,519
6166,2,681
6166,3,478
6166,4,681
6167,0,593
6167,1,593
6167,2,902
6167,3,593
6167,4,593
6168,0,74
6168,1,74
6168,2,74
6168,3,74
6168,4,73
6169,0,407
6169,1,654
6169,2,654
6169,3,654
6169,4,654
6170,0,925
6170,1,925
6170,2,737
6170,3,925
6170,4,599
6171,0,524
6171,1,461
6171,2,461
6171,3,461
6171,4,461
6172,0,880
6172,1,880
6172,2,414
6172,3,880
6172,4,414
6173,0,372
6173,1,371
6173,2,372
6173,3,372
6173,4,372
6174,0,970
6174,1,970
6174,2,795
6174,3,970
6174,4,795
6175,0,837
6175,1,899
6175,2,837
6175,3,899
6175,4,837
6176,0,559
6176,1,559
6176,2,402
6176,3,151
6176,4,402
6177,0,695
6177,1,825
6177,2,825
6177,3,412
6177,4,695
6178,0,961
6178,1,930
6178,2,961
6178,3,930
6178,4,930
6179,0,68
6179,1,68
6179,2,66
6179,3,66
6179,4,68
6180,0,654
6180,1,675
6180,2,654
6180,3,654
6180,4,654
6181,0,731
6181,1,731
6181,2,896
6181,3,896
6181,4,896
6182,0,609
6182,1,609
6182,2,867
6182,3,609
6182,4,609
6183,0,661
6183,1,661
6183,2,661
6183,3,757
6183,4,661
6184,0,631
6184,1,648
6184,2,648
6184,3,648
6184,4,631
6185,0,907
6185,1,907
6185,2,907
6185,3,834
6185,4,907
6186,0,527
6186,1,527
6186,2,527
6186,3,782
6186,4,782
6187,0,270
6187,1,270
6187,2,269
6187,3,270
6187,4,269
6188,0,225
6188,1,225
6188,2,805
6188,3,225
6188,4,225
6189,0,55
6189,1,64
6189,2,64
6189,3,55
6189,4,64
6190,0,441
6190,1,441
6190,2,441
6190,3,572
6190,4,441
6191,0,848
6191,1,848
6191,2,848
6191,3,848
6191,4,482
6192,0,704
6192,1,704
6192,2,704
6192,3,707
6192,4,707
6193,0,907
6193,1,860
6193,2,440
6193,3,440
6193,4,440
6194,0,527
6194,1,527
6194,2,527
6194,3,508
6194,4,527
6195,0,452
6195,1,452
6195,2,911
6195,3,452
6195,4,452
6196,0,703
6196,1,412
6196,2,412
6196,3,703
6196,4,703
6197,0,756
6197,1,412
6197,2,756
6197,3,412
6197,4,756
6198,0,412
6198,1,478
6198,2,478
6198,3,478
6198,4,478
6199,0,440
6199,1,737
6199,2,440
6199,3,737
6199,4,440
6200,0,858
6200,1,434
6200,2,434
6200,3,489
6200,4,434
6201,0,906
6201,1,906
6201,2,457
6201,3,457
6201,4,457
6202,0,499
6202,1,499
6202,2,499
6202,3,499
6202,4,813
6203,0,908
6203,1,895
6203,2,908
6203,3,908
6203,4,908
6204,0,630
6204,1,539
6204,2,630
6204,3,630
6204,4,630
6205,0,326
6205,1,322
6205,2,326
6205,3,322
6205,4,326
6206,0,642
6206,1,642
6206,2,642
6206,3,642
6206,4,541
6207,0,310
6207,1,310
6207,2,310
6207,3,314
6207,4,310
6208,0,918
6208,1,749
6208,2,749
6208,3,749
6208,4,749
6209,0,542
6209,1,731
6209,2,736
6209,3,542
6209,4,731
6210,0,200
6210,1,200
6210,2,204
6210,3,204
6210,4,204
6211,0,921
6211,1,921
6211,2,639
6211,3,917
6211,4,639
6212,0,526
6212,1,527
6212,2,527
6212,3,526
6212,4,527
6213,0,55
6213,1,55
6213,2,55
6213,3,59
6213,4,55
6214,0,978
6214,1,34
6214,2,978
6214,3,978
6214,4,978
6215,0,725
6215,1,849
6215,2,725
6215,3,725
6215,4,725
6216,0,371
6216,1,373
6216,2,373
6216,3,373
6216,4,373
6217,0,714
6217,1,402
6217,2,714
6217,3,402
6217,4,714
6218,0,639
6218,1,638
6218,2,639
6218,3,515
6218,4,639
6219,0,748
6219,1,636
6219,2,748
6219,3,636
6219,4,748
6220,0,513
6220,1,513
6220,2,875
6220,3,513
6220,4,513
6221,0,683
6221,1,432
6221,2,683
6221,3,683
6221,4,683
6222,0,809
6222,1,809
6222,2,809
6222,3,925
6222,4,809
6223,0,592
6223,1,771
6223,2,771
6223,3,844
6223,4,844
6224,0,359
6224,1,359
6224,2,358
6224,3,358
6224,4,358
6225,0,626
6225,1,626
6225,2,862
6225,3,626
6225,4,862
6226,0,639
6226,1,639
6226,2,639
6226,3,638
6226,4,639
6227,0,482
6227,1,848
6227,2,848
6227,3,848
6227,4,848
6228,0,876
6228,1,765
6228,2,765
6228,3,765
6228,4,905
6229,0,655
6229,1,610
6229,2,921
6229,3,917
6229,4,655
6230,0,985
6230,1,985
6230,2,309
6230,3,985
6230,4,309
6231,0,681
6231,1,620
6231,2,620
6231,3,620
6231,4,681
6232,0,348
6232,1,349
6232,2,349
6232,3,348
6232,4,349
6233,0,697
6233,1,841
6233,2,697
6233,3,841
6233,4,697
6234,0,664
6234,1,527
6234,2,527
6234,3,664
6234,4,664
6235,0,759
6235,1,759
6235,2,732
6235,3,759
6235,4,732
6236,0,907
6236,1,509
6236,2,907
6236,3,907
6236,4,950
6237,0,530
6237,1,651
6237,2,530
6237,3,530
6237,4,530
6238,0,725
6238,1,505
6238,2,849
6238,3,849
6238,4,849
6239,0,439
6239,1,982
6239,2,982
6239,3,762
6239,4,982
6240,0,421
6240,1,421
6240,2,646
6240,3,646
6240,4,646
6241,0,631
6241,1,631
6241,2,631
6241,3,692
6241,4,631
6242,0,424
6242,1,424
6242,2,424
6242,3,762
6242,4,424
6243,0,647
6243,1,463
6243,2,463
6243,3,828
6243,4,463
6244,0,786
6244,1,650
6244,2,786
6244,3,710
6244,4,786
6245,0,259
6245,1,400
6245,2,259
6245,3,259
6245,4,259
6246,0,73
6246,1,74
6246,2,73
6246,3,74
6246,4,74
6247,0,104
6247,1,104
6247,2,331
6247,3,104
6247,4,104
6248,0,721
6248,1,748
6248,2,748
6248,3,748
6248,4,692
6249,0,189
6249,1,245
6249,2,189
6249,3,245
6249,4,189
6250,0,146
6250,1,99
6250,2,99
6250,3,99
6250,4,99
6251,0,754
6251,1,754
6251,2,626
6251,3,754
6251,4,754
6252,0,309
6252,1,309
6252,2,309
6252,3,308
6252,4,309
6253,0,744
6253,1,744
6253,2,744
6253,3,666
6253,4,744
6254,0,590
6254,1,487
6254,2,590
6254,3,487
6254,4,487
6255,0,864
6255,1,864
6255,2,660
6255,3,660
6255,4,660
6256,0,268
6256,1,268
6256,2,268
6256,3,246
6256,4,268
6257,0,794
6257,1,600
6257,2,600
6257,3,600
6257,4,600
6258,0,598
6258,1,548
6258,2,548
6258,3,548
6258,4,598
6259,0,689
6259,1,689
6259,2,689
6259,3,461
6259,4,689
6260,0,682
6260,1,835
6260,2,682
6260,3,682
6260,4,835
6261,0,702
6261,1,702
6261,2,602
6261,3,702
6261,4,702
6262,0,140
6262,1,140
6262,2,140
6262,3,140
6262,4,141
6263,0,157
6263,1,151
6263,2,151
6263,3,157
6263,4,151
6264,0,686
6264,1,686
6264,2,427
6264,3,686
6264,4,427
6265,0,970
6265,1,979
6265,2,970
6265,3,979
6265,4,970
6266,0,452
6266,1,748
6266,2,452
6266,3,748
6266,4,452
6267,0,731
6267,1,655
6267,2,731
6267,3,731
6267,4,731
6268,0,517
6268,1,540
6268,2,540
6268,3,540
6268,4,540
6269,0,715
6269,1,652
6269,2,652
6269,3,652
6269,4,652
6270,0,754
6270,1,754
6270,2,754
6270,3,492
6270,4,754
6271,0,123
6271,1,123
6271,2,124
6271,3,124
6271,4,124
6272,0,79
6272,1,124
6272,2,124
6272,3,124
6272,4,124
6273,0,233
6273,1,233
6273,2,267
6273,3,233
6273,4,233
6274,0,825
6274,1,519
6274,2,825
6274,3,825
6274,4,825
6275,0,930
6275,1,964
6275,2,964
6275,3,964
6275,4,964
6276,0,846
6276,1,846
6276,2,846
6276,3,846
6276,4,619
6277,0,254
6277,1,254
6277,2,254
6277,3,243
6277,4,254
6278,0,193
6278,1,193
6278,2,187
6278,3,193
6278,4,193
6279,0,940
6279,1,941
6279,2,940
6279,3,940
6279,4,940
6280,0,202
6280,1,204
6280,2,229
6280,3,203
6280,4,203
6281,0,407
6281,1,734
6281,2,654
6281,3,407
6281,4,757
6282,0,149
6282,1,149
6282,2,149
6282,3,149
6282,4,150
6283,0,438
6283,1,647
6283,2,647
6283,3,647
6283,4,647
6284,0,161
6284,1,166
6284,2,161
6284,3,167
6284,4,166
6285,0,883
6285,1,725
6285,2,883
6285,3,711
6285,4,469
6286,0,905
6286,1,905
6286,2,873
6286,3,905
6286,4,858
6287,0,225
6287,1,225
6287,2,225
6287,3,225
6287,4,235
6288,0,637
6288,1,726
6288,2,726
6288,3,637
6288,4,726
6289,0,639
6289,1,639
6289,2,639
6289,3,445
6289,4,639
6290,0,657
6290,1,657
6290,2,657
6290,3,657
6290,4,744
6291,0,619
6291,1,619
6291,2,837
6291,3,837
6291,4,837
6292,0,967
6292,1,967
6292,2,967
6292,3,960
6292,4,967
6293,0,793
6293,1,793
6293,2,433
6293,3,793
6293,4,793
6294,0,519
6294,1,478
6294,2,478
6294,3,478
6294,4,519
6295,0,790
6295,1,790
6295,2,588
6295,3,790
6295,4,790
6296,0,693
6296,1,693
6296,2,693
6296,3,693
6296,4,523
6297,0,968
6297,1,968
6297,2,868
6297,3,968
6297,4,868
6298,0,799
6298,1,799
6298,2,799
6298,3,799
6298,4,807
6299,0,120
6299,1,119
6299,2,120
6299,3,314
6299,4,120
6300,0,897
6300,1,651
6300,2,897
6300,3,897
6300,4,651
6301,0,68
6301,1,66
6301,2,66
6301,3,66
6301,4,68
6302,0,964
6302,1,961
6302,2,415
6302,3,964
6302,4,415
6303,0,465
6303,1,465
6303,2,734
6303,3,465
6303,4,734
6304,0,743
6304,1,743
6304,2,583
6304,3,890
6304,4,743
6305,0,737
6305,1,737
6305,2,737
6305,3,440
6305,4,440
6306,0,348
6306,1,348
6306,2,348
6306,3,519
6306,4,348
6307,0,203
6307,1,153
6307,2,153
6307,3,153
6307,4,153
6308,0,278
6308,1,278
6308,2,278
6308,3,278
6308,4,277
6309,0,536
6309,1,724
6309,2,724
6309,3,724
6309,4,724
6310,0,709
6310,1,709
6310,2,418
6310,3,709
6310,4,418
6311,0,337
6311,1,337
6311,2,337
6311,3,337
6311,4,338
6312,0,465
6312,1,413
6312,2,652
6312,3,413
6312,4,541
6313,0,536
6313,1,536
6313,2,484
6313,3,536
6313,4,536
6314,0,240
6314,1,240
6314,2,236
6314,3,240
6314,4,240
6315,0,553
6315,1,553
6315,2,553
6315,3,553
6315,4,886
6316,0,893
6316,1,414
6316,2,797
6316,3,636
6316,4,414
6317,0,250
6317,1,249
6317,2,249
6317,3,249
6317,4,250
6318,0,435
6318,1,435
6318,2,876
6318,3,435
6318,4,435
6319,0,885
6319,1,885
6319,2,721
6319,3,885
6319,4,885
6320,0,549
6320,1,549
6320,2,549
6320,3,549
6320,4,750
6321,0,882
6321,1,740
6321,2,740
6321,3,740
6321,4,740
6322,0,322
6322,1,322
6322,2,321
6322,3,322
6322,4,322
6323,0,304
6323,1,304
6323,2,304
6323,3,304
6323,4,301
6324,0,61
6324,1,60
6324,2,62
6324,3,61
6324,4,60
6325,0,492
6325,1,549
6325,2,492
6325,3,635
6325,4,492
6326,0,3
6326,1,3
6326,2,4
6326,3,4
6326,4,4
6327,0,233
6327,1,221
6327,2,267
6327,3,233
6327,4,233
6328,0,495
6328,1,532
6328,2,532
6328,3,495
6328,4,532
6329,0,862
6329,1,902
6329,2,731
6329,3,862
6329,4,650
6330,0,824
6330,1,824
6330,2,824
6330,3,735
6330,4,824
6331,0,748
6331,1,748
6331,2,636
6331,3,748
6331,4,636
6332,0,777
6332,1,473
6332,2,477
6332,3,473
6332,4,473
6333,0,705
6333,1,555
6333,2,407
6333,3,407
6333,4,734
6334,0,410
6334,1,410
6334,2,599
6334,3,410
6334,4,599
6335,0,926
6335,1,926
6335,2,909
6335,3,926
6335,4,909
6336,0,558
6336,1,902
6336,2,558
6336,3,902
6336,4,902
6337,0,198
6337,1,196
6337,2,198
6337,3,194
6337,4,198
6338,0,348
6338,1,348
6338,2,348
6338,3,348
6338,4,349
6339,0,442
6339,1,497
6339,2,497
6339,3,442
6339,4,497
6340,0,935
6340,1,935
6340,2,924
6340,3,935
6340,4,935
6341,0,886
6341,1,886
6341,2,778
6341,3,886
6341,4,886
6342,0,120
6342,1,120
6342,2,119
6342,3,120
6342,4,120
6343,0,543
6343,1,747
6343,2,422
6343,3,422
6343,4,422
6344,0,119
6344,1,124
6344,2,124
6344,3,124
6344,4,119
6345,0,712
6345,1,712
6345,2,551
6345,3,551
6345,4,551
6346,0,617
6346,1,869
6346,2,869
6346,3,869
6346,4,869
6347,0,911
6347,1,911
6347,2,658
6347,3,911
6347,4,658
6348,0,561
6348,1,561
6348,2,882
6348,3,561
6348,4,575
6349,0,249
6349,1,249
6349,2,249
6349,3,249
6349,4,248
6350,0,920
6350,1,704
6350,2,704
6350,3,920
6350,4,920
6351,0,611
6351,1,750
6351,2,794
6351,3,611
6351,4,611
6352,0,752
6352,1,752
6352,2,752
6352,3,499
6352,4,752
6353,0,70
6353,1,70
6353,2,74
6353,3,74
6353,4,74
6354,0,592
6354,1,848
6354,2,662
6354,3,592
6354,4,481
6355,0,77
6355,1,77
6355,2,77
6355,3,76
6355,4,77
6356,0,787
6356,1,787
6356,2,787
6356,3,787
6356,4,652
6357,0,397
6357,1,397
6357,2,397
6357,3,390
6357,4,397
6358,0,459
6358,1,445
6358,2,922
6358,3,917
6358,4,445
6359,0,698
6359,1,698
6359,2,663
6359,3,698
6359,4,663
6360,0,147
6360,1,148
6360,2,147
6360,3,147
6360,4,147
6361,0,505
6361,1,505
6361,2,550
6361,3,505
6361,4,505
6362,0,663
6362,1,663
6362,2,884
6362,3,698
6362,4,884
6363,0,709
6363,1,748
6363,2,709
6363,3,748
6363,4,709
6364,0,844
6364,1,461
6364,2,844
6364,3,844
6364,4,844
6365,0,799
6365,1,799
6365,2,799
6365,3,458
6365,4,799
6366,0,714
6366,1,593
6366,2,593
6366,3,451
6366,4,593
6367,0,542
6367,1,767
6367,2,767
6367,3,644
6367,4,767
6368,0,443
6368,1,608
6368,2,434
6368,3,443
6368,4,434
6369,0,659
6369,1,813
6369,2,813
6369,3,813
6369,4,813
6370,0,704
6370,1,704
6370,2,728
6370,3,523
6370,4,728
6371,0,689
6371,1,596
6371,2,689
6371,3,689
6371,4,689
6372,0,969
6372,1,969
6372,2,969
6372,3,659
6372,4,969
6373,0,836
6373,1,837
6373,2,837
6373,3,837
6373,4,837
6374,0,748
6374,1,748
6374,2,748
6374,3,636
6374,4,748
6375,0,813
6375,1,567
6375,2,813
6375,3,813
6375,4,813
6376,0,901
6376,1,899
6376,2,899
6376,3,899
6376,4,898
6377,0,66
6377,1,68
6377,2,66
6377,3,66
6377,4,66
6378,0,242
6378,1,243
6378,2,243
6378,3,242
6378,4,243
6379,0,691
6379,1,407
6379,2,830
6379,3,678
6379,4,407
6380,0,729
6380,1,516
6380,2,729
6380,3,729
6380,4,729
6381,0,877
6381,1,877
6381,2,571
6381,3,877
6381,4,877
6382,0,637
6382,1,463
6382,2,412
6382,3,412
6382,4,412
6383,0,120
6383,1,120
6383,2,124
6383,3,124
6383,4,124
6384,0,981
6384,1,830
6384,2,830
6384,3,775
6384,4,775
6385,0,79
6385,1,79
6385,2,79
6385,3,126
6385,4,79
6386,0,899
6386,1,899
6386,2,883
6386,3,899
6386,4,519
6387,0,343
6387,1,342
6387,2,343
6387,3,342
6387,4,342
6388,0,925
6388,1,925
6388,2,441
6388,3,925
6388,4,968
6389,0,709
6389,1,709
6389,2,893
6389,3,893
6389,4,893
6390,0,834
6390,1,834
6390,2,834
6390,3,743
6390,4,834
6391,0,606
6391,1,606
6391,2,662
6391,3,606
6391,4,606
6392,0,431
6392,1,431
6392,2,431
6392,3,431
6392,4,516
6393,0,692
6393,1,419
6393,2,838
6393,3,692
6393,4,419
6394,0,866
6394,1,625
6394,2,625
6394,3,625
6394,4,625
6395,0,263
6395,1,162
6395,2,263
6395,3,263
6395,4,263
6396,0,377
6396,1,380
6396,2,380
6396,3,377
6396,4,380
6397,0,782
6397,1,782
6397,2,527
6397,3,782
6397,4,527
6398,0,400
6398,1,400
6398,2,471
6398,3,400
6398,4,612
6399,0,504
6399,1,281
6399,2,281
6399,3,281
6399,4,281
6400,0,515
6400,1,515
6400,2,514
6400,3,515
6400,4,515
6401,0,463
6401,1,463
6401,2,463
6401,3,463
6401,4,733
6402,0,35
6402,1,36
6402,2,36
6402,3,36
6402,4,36
6403,0,819
6403,1,632
6403,2,819
6403,3,819
6403,4,819
6404,0,698
6404,1,698
6404,2,884
6404,3,538
6404,4,698
6405,0,68
6405,1,68
6405,2,66
6405,3,68
6405,4,68
6406,0,513
6406,1,875
6406,2,513
6406,3,513
6406,4,513
6407,0,930
6407,1,930
6407,2,415
6407,3,415
6407,4,930
6408,0,828
6408,1,828
6408,2,618
6408,3,828
6408,4,828
6409,0,422
6409,1,543
6409,2,543
6409,3,422
6409,4,543
6410,0,975
6410,1,449
6410,2,975
6410,3,975
6410,4,975
6411,0,468
6411,1,817
6411,2,468
6411,3,475
6411,4,475
6412,0,615
6412,1,615
6412,2,615
6412,3,543
6412,4,615
6413,0,619
6413,1,846
6413,2,846
6413,3,619
6413,4,846
6414,0,485
6414,1,485
6414,2,754
6414,3,754
6414,4,754
6415,0,810
6415,1,810
6415,2,878
6415,3,810
6415,4,878
6416,0,740
6416,1,827
6416,2,740
6416,3,740
6416,4,740
6417,0,656
6417,1,734
6417,2,675
6417,3,864
6417,4,656
6418,0,748
6418,1,748
6418,2,885
6418,3,748
6418,4,443
6419,0,77
6419,1,77
6419,2,77
6419,3,73
6419,4,73
6420,0,815
6420,1,818
6420,2,815
6420,3,794
6420,4,904
6421,0,893
6421,1,893
6421,2,709
6421,3,893
6421,4,893
6422,0,163
6422,1,168
6422,2,163
6422,3,163
6422,4,168
6423,0,593
6423,1,593
6423,2,650
6423,3,593
6423,4,650
6424,0,740
6424,1,784
6424,2,740
6424,3,740
6424,4,740
6425,0,690
6425,1,690
6425,2,346
6425,3,690
6425,4,346
6426,0,717
6426,1,575
6426,2,575
6426,3,575
6426,4,575
6427,0,846
6427,1,619
6427,2,619
6427,3,619
6427,4,619
6428,0,470
6428,1,470
6428,2,910
6428,3,470
6428,4,910
6429,0,968
6429,1,968
6429,2,883
6429,3,572
6429,4,968
6430,0,400
6430,1,400
6430,2,667
6430,3,400
6430,4,400
6431,0,831
6431,1,846
6431,2,846
6431,3,564
6431,4,564
6432,0,659
6432,1,809
6432,2,809
6432,3,809
6432,4,809
6433,0,223
6433,1,223
6433,2,223
6433,3,223
6433,4,227
6434,0,589
6434,1,589
6434,2,424
6434,3,424
6434,4,424
6435,0,68
6435,1,68
6435,2,66
6435,3,68
6435,4,68
6436,0,281
6436,1,282
6436,2,285
6436,3,281
6436,4,285
6437,0,115
6437,1,115
6437,2,110
6437,3,115
6437,4,115
6438,0,469
6438,1,521
6438,2,521
6438,3,926
6438,4,521
6439,0,73
6439,1,77
6439,2,77
6439,3,73
6439,4,77
6440,0,358
6440,1,358
6440,2,359
6440,3,358
6440,4,358
6441,0,750
6441,1,831
6441,2,750
6441,3,831
6441,4,750
6442,0,725
6442,1,725
6442,2,725
6442,3,849
6442,4,849
6443,0,434
6443,1,434
6443,2,591
6443,3,434
6443,4,591
6444,0,582
6444,1,582
6444,2,582
6444,3,582
6444,4,955
6445,0,672
6445,1,596
6445,2,596
6445,3,672
6445,4,596
6446,0,40
6446,1,46
6446,2,46
6446,3,46
6446,4,46
6447,0,529
6447,1,478
6447,2,529
6447,3,529
6447,4,529
6448,0,272
6448,1,272
6448,2,271
6448,3,272
6448,4,272
6449,0,508
6449,1,508
6449,2,508
6449,3,508
6449,4,527
6450,0,935
6450,1,935
6450,2,935
6450,3,935
6450,4,938
6451,0,552
6451,1,552
6451,2,37
6451,3,37
6451,4,37
6452,0,922
6452,1,458
6452,2,922
6452,3,922
6452,4,922
6453,0,969
6453,1,969
6453,2,809
6453,3,969
6453,4,809
6454,0,824
6454,1,515
6454,2,515
6454,3,735
6454,4,515
6455,0,518
6455,1,518
6455,2,518
6455,3,518
6455,4,670
6456,0,526
6456,1,526
6456,2,526
6456,3,526
6456,4,664
6457,0,174
6457,1,174
6457,2,235
6457,3,235
6457,4,174
6458,0,126
6458,1,317
6458,2,126
6458,3,126
6458,4,124
6459,0,610
6459,1,610
6459,2,836
6459,3,610
6459,4,610
6460,0,4
6460,1,4
6460,2,6
6460,3,4
6460,4,4
6461,0,544
6461,1,544
6461,2,567
6461,3,567
6461,4,964
6462,0,865
6462,1,454
6462,2,454
6462,3,454
6462,4,454
6463,0,809
6463,1,925
6463,2,925
6463,3,925
6463,4,925
6464,0,730
6464,1,730
6464,2,595
6464,3,730
6464,4,730
6465,0,786
6465,1,786
6465,2,545
6465,3,786
6465,4,786
6466,0,420
6466,1,641
6466,2,889
6466,3,420
6466,4,889
6467,0,230
6467,1,232
6467,2,232
6467,3,231
6467,4,232
6468,0,488
6468,1,634
6468,2,634
6468,3,634
6468,4,488
6469,0,852
6469,1,448
6469,2,448
6469,3,478
6469,4,478
6470,0,449
6470,1,975
6470,2,449
6470,3,975
6470,4,449
6471,0,891
6471,1,710
6471,2,710
6471,3,710
6471,4,710
6472,0,558
6472,1,558
6472,2,558
6472,3,600
6472,4,558
6473,0,775
6473,1,775
6473,2,775
6473,3,879
6473,4,775
6474,0,240
6474,1,240
6474,2,238
6474,3,240
6474,4,238
6475,0,965
6475,1,924
6475,2,965
6475,3,924
6475,4,924
6476,0,35
6476,1,35
6476,2,35
6476,3,35
6476,4,36
6477,0,931
6477,1,931
6477,2,960
6477,3,932
6477,4,415
6478,0,513
6478,1,513
6478,2,875
6478,3,513
6478,4,513
6479,0,37
6479,1,35
6479,2,37
6479,3,37
6479,4,35
6480,0,883
6480,1,725
6480,2,883
6480,3,773
6480,4,883
6481,0,629
6481,1,551
6481,2,629
6481,3,629
6481,4,629
6482,0,979
6482,1,979
6482,2,972
6482,3,976
6482,4,976
6483,0,225
6483,1,225
6483,2,246
6483,3,246
6483,4,246
6484,0,843
6484,1,843
6484,2,872
6484,3,843
6484,4,843
6485,0,588
6485,1,876
6485,2,463
6485,3,876
6485,4,463
6486,0,958
6486,1,866
6486,2,866
6486,3,958
6486,4,958
6487,0,11
6487,1,11
6487,2,11
6487,3,11
6487,4,10
6488,0,893
6488,1,549
6488,2,446
6488,3,921
6488,4,749
6489,0,250
6489,1,249
6489,2,249
6489,3,249
6489,4,249
6490,0,660
6490,1,660
6490,2,706
6490,3,706
6490,4,660
6491,0,577
6491,1,577
6491,2,787
6491,3,577
6491,4,577
6492,0,412
6492,1,412
6492,2,412
6492,3,854
6492,4,412
6493,0,957
6493,1,957
6493,2,949
6493,3,957
6493,4,949
6494,0,790
6494,1,790
6494,2,588
6494,3,790
6494,4,790
6495,0,741
6495,1,735
6495,2,741
6495,3,741
6495,4,741
6496,0,431
6496,1,870
6496,2,790
6496,3,870
6496,4,431
6497,0,40
6497,1,40
6497,2,46
6497,3,46
6497,4,46
6498,0,585
6498,1,743
6498,2,743
6498,3,743
6498,4,743
6499,0,813
6499,1,813
6499,2,505
6499,3,813
6499,4,813
6500,0,154
6500,1,204
6500,2,187
6500,3,154
6500,4,204
6501,0,632
6501,1,759
6501,2,632
6501,3,632
6501,4,632
6502,0,870
6502,1,870
6502,2,870
6502,3,428
6502,4,870
6503,0,615
6503,1,841
6503,2,759
6503,3,585
6503,4,414
6504,0,609
6504,1,803
6504,2,408
6504,3,609
6504,4,609
6505,0,281
6505,1,281
6505,2,281
6505,3,285
6505,4,281
6506,0,551
6506,1,838
6506,2,551
6506,3,551
6506,4,551
6507,0,764
6507,1,413
6507,2,413
6507,3,413
6507,4,413
6508,0,682
6508,1,708
6508,2,682
6508,3,708
6508,4,682
6509,0,194
6509,1,216
6509,2,175
6509,3,153
6509,4,200
6510,0,70
6510,1,74
6510,2,73
6510,3,113
6510,4,73
6511,0,573
6511,1,575
6511,2,575
6511,3,573
6511,4,573
6512,0,200
6512,1,200
6512,2,226
6512,3,202
6512,4,200
6513,0,592
6513,1,534
6513,2,534
6513,3,534
6513,4,534
6514,0,792
6514,1,792
6514,2,428
6514,3,792
6514,4,978
6515,0,342
6515,1,342
6515,2,343
6515,3,342
6515,4,342
6516,0,762
6516,1,762
6516,2,706
6516,3,762
6516,4,706
6517,0,248
6517,1,250
6517,2,250
6517,3,249
6517,4,250
6518,0,657
6518,1,744
6518,2,744
6518,3,657
6518,4,744
6519,0,752
6519,1,752
6519,2,752
6519,3,852
6519,4,752
6520,0,403
6520,1,403
6520,2,403
6520,3,403
6520,4,536
6521,0,961
6521,1,961
6521,2,961
6521,3,464
6521,4,961
6522,0,287
6522,1,290
6522,2,287
6522,3,287
6522,4,285
6523,0,648
6523,1,648
6523,2,999
6523,3,648
6523,4,648
6524,0,810
6524,1,508
6524,2,508
6524,3,878
6524,4,487
6525,0,179
6525,1,179
6525,2,179
6525,3,180
6525,4,180
6526,0,73
6526,1,76
6526,2,76
6526,3,76
6526,4,73
6527,0,58
6527,1,58
6527,2,390
6527,3,390
6527,4,390
6528,0,652
6528,1,652
6528,2,652
6528,3,413
6528,4,652
6529,0,411
6529,1,414
6529,2,414
6529,3,411
6529,4,414
6530,0,894
6530,1,894
6530,2,495
6530,3,894
6530,4,894
6531,0,664
6531,1,673
6531,2,673
6531,3,526
6531,4,527
6532,0,544
6532,1,544
6532,2,917
6532,3,917
6532,4,917
6533,0,782
6533,1,673
6533,2,527
6533,3,664
6533,4,527
6534,0,725
6534,1,725
6534,2,725
6534,3,463
6534,4,725
6535,0,681
6535,1,681
6535,2,916
6535,3,620
6535,4,681
6536,0,553
6536,1,848
6536,2,485
6536,3,848
6536,4,848
6537,0,54
6537,1,60
6537,2,54
6537,3,54
6537,4,54
6538,0,892
6538,1,787
6538,2,787
6538,3,406
6538,4,577
6539,0,270
6539,1,270
6539,2,269
6539,3,270
6539,4,269
6540,0,729
6540,1,827
6540,2,729
6540,3,827
6540,4,729
6541,0,644
6541,1,644
6541,2,644
6541,3,804
6541,4,644
6542,0,834
6542,1,834
6542,2,834
6542,3,834
6542,4,641
6543,0,899
6543,1,899
6543,2,899
6543,3,899
6543,4,653
6544,0,457
6544,1,457
6544,2,158
6544,3,151
6544,4,158
6545,0,557
6545,1,975
6545,2,536
6545,3,557
6545,4,536
6546,0,844
6546,1,844
6546,2,844
6546,3,844
6546,4,771
6547,0,110
6547,1,115
6547,2,110
6547,3,110
6547,4,110
6548,0,635
6548,1,635
6548,2,635
6548,3,409
6548,4,635
6549,0,731
6549,1,731
6549,2,722
6549,3,651
6549,4,421
6550,0,66
6550,1,66
6550,2,66
6550,3,60
6550,4,66
6551,0,192
6551,1,186
6551,2,186
6551,3,186
6551,4,192
6552,0,673
6552,1,673
6552,2,508
6552,3,673
6552,4,508
6553,0,767
6553,1,767
6553,2,767
6553,3,709
6553,4,767
6554,0,460
6554,1,460
6554,2,460
6554,3,972
6554,4,460
6555,0,784
6555,1,623
6555,2,784
6555,3,696
6555,4,623
6556,0,823
6556,1,823
6556,2,823
6556,3,617
6556,4,617
6557,0,968
6557,1,968
6557,2,932
6557,3,968
6557,4,968
6558,0,764
6558,1,652
6558,2,652
6558,3,764
6558,4,652
6559,0,792
6559,1,971
6559,2,971
6559,3,596
6559,4,971
6560,0,781
6560,1,743
6560,2,781
6560,3,781
6560,4,743
6561,0,411
6561,1,443
6561,2,411
6561,3,443
6561,4,411
6562,0,335
6562,1,335
6562,2,963
6562,3,335
6562,4,335
6563,0,696
6563,1,696
6563,2,696
6563,3,696
6563,4,806
6564,0,54
6564,1,53
6564,2,53
6564,3,53
6564,4,52
6565,0,687
6565,1,687
6565,2,687
6565,3,754
6565,4,527
6566,0,193
6566,1,193
6566,2,187
6566,3,193
6566,4,193
6567,0,883
6567,1,883
6567,2,883
6567,3,883
6567,4,868
6568,0,400
6568,1,400
6568,2,399
6568,3,399
6568,4,399
6569,0,689
6569,1,689
6569,2,578
6569,3,689
6569,4,578
6570,0,22
6570,1,16
6570,2,16
6570,3,85
6570,4,16
6571,0,762
6571,1,521
6571,2,762
6571,3,923
6571,4,762
6572,0,778
6572,1,778
6572,2,778
6572,3,23
6572,4,778
6573,0,936
6573,1,936
6573,2,582
6573,3,936
6573,4,936
6574,0,751
6574,1,817
6574,2,751
6574,3,751
6574,4,751
6575,0,825
6575,1,825
6575,2,825
6575,3,649
6575,4,825
6576,0,453
6576,1,453
6576,2,453
6576,3,921
6576,4,470
6577,0,503
6577,1,572
6577,2,572
6577,3,505
6577,4,572
6578,0,493
6578,1,493
6578,2,905
6578,3,493
6578,4,894
6579,0,799
6579,1,894
6579,2,894
6579,3,799
6579,4,894
6580,0,898
6580,1,737
6580,2,737
6580,3,737
6580,4,898
6581,0,488
6581,1,600
6581,2,600
6581,3,600
6581,4,600
6582,0,738
6582,1,738
6582,2,738
6582,3,580
6582,4,580
6583,0,971
6583,1,971
6583,2,971
6583,3,971
6583,4,517
6584,0,205
6584,1,219
6584,2,219
6584,3,214
6584,4,219
6585,0,32
6585,1,32
6585,2,30
6585,3,32
6585,4,32
6586,0,526
6586,1,553
6586,2,526
6586,3,526
6586,4,553
6587,0,29
6587,1,268
6587,2,338
6587,3,338
6587,4,338
6588,0,818
6588,1,818
6588,2,861
6588,3,818
6588,4,861
6589,0,767
6589,1,767
6589,2,710
6589,3,767
6589,4,709
6590,0,128
6590,1,131
6590,2,131
6590,3,128
6590,4,131
6591,0,937
6591,1,937
6591,2,937
6591,3,937
6591,4,633
6592,0,617
6592,1,747
6592,2,796
6592,3,617
6592,4,796
6593,0,767
6593,1,792
6593,2,418
6593,3,542
6593,4,418
6594,0,709
6594,1,414
6594,2,414
6594,3,414
6594,4,414
6595,0,618
6595,1,398
6595,2,733
6595,3,632
6595,4,506
6596,0,453
6596,1,765
6596,2,453
6596,3,453
6596,4,453
6597,0,455
6597,1,455
6597,2,868
6597,3,455
6597,4,868
6598,0,631
6598,1,838
6598,2,631
6598,3,631
6598,4,631
6599,0,102
6599,1,56
6599,2,514
6599,3,102
6599,4,44
6600,0,957
6600,1,506
6600,2,927
6600,3,868
6600,4,506
6601,0,380
6601,1,380
6601,2,368
6601,3,380
6601,4,368
6602,0,67
6602,1,67
6602,2,58
6602,3,67
6602,4,67
6603,0,82
6603,1,82
6603,2,82
6603,3,82
6603,4,86
6604,0,718
6604,1,718
6604,2,718
6604,3,458
6604,4,718
6605,0,605
6605,1,605
6605,2,605
6605,3,605
6605,4,487
6606,0,744
6606,1,744
6606,2,744
6606,3,744
6606,4,657
6607,0,370
6607,1,294
6607,2,356
6607,3,370
6607,4,280
6608,0,655
6608,1,655
6608,2,851
6608,3,664
6608,4,851
6609,0,509
6609,1,509
6609,2,692
6609,3,509
6609,4,692
6610,0,548
6610,1,548
6610,2,598
6610,3,598
6610,4,598
6611,0,461
6611,1,524
6611,2,461
6611,3,461
6611,4,524
6612,0,409
6612,1,409
6612,2,892
6612,3,746
6612,4,409
6613,0,278
6613,1,277
6613,2,277
6613,3,277
6613,4,278
6614,0,862
6614,1,862
6614,2,862
6614,3,862
6614,4,470
6615,0,475
6615,1,919
6615,2,818
6615,3,920
6615,4,733
6616,0,758
6616,1,758
6616,2,758
6616,3,587
6616,4,758
6617,0,219
6617,1,218
6617,2,219
6617,3,219
6617,4,219
6618,0,587
6618,1,784
6618,2,587
6618,3,587
6618,4,587
6619,0,933
6619,1,933
6619,2,933
6619,3,933
6619,4,962
6620,0,524
6620,1,524
6620,2,524
6620,3,461
6620,4,524
6621,0,415
6621,1,467
6621,2,467
6621,3,582
6621,4,467
6622,0,935
6622,1,935
6622,2,935
6622,3,962
6622,4,962
6623,0,876
6623,1,876
6623,2,435
6623,3,876
6623,4,643
6624,0,41
6624,1,41
6624,2,41
6624,3,42
6624,4,42
6625,0,382
6625,1,380
6625,2,380
6625,3,380
6625,4,382
6626,0,592
6626,1,592
6626,2,592
6626,3,545
6626,4,545
6627,0,753
6627,1,686
6627,2,753
6627,3,753
6627,4,753
6628,0,914
6628,1,914
6628,2,914
6628,3,914
6628,4,484
6629,0,525
6629,1,525
6629,2,975
6629,3,525
6629,4,525
6630,0,744
6630,1,744
6630,2,657
6630,3,657
6630,4,657
6631,0,66
6631,1,68
6631,2,68
6631,3,66
6631,4,68
6632,0,72
6632,1,72
6632,2,74
6632,3,72
6632,4,72
6633,0,249
6633,1,249
6633,2,249
6633,3,249
6633,4,753
6634,0,745
6634,1,745
6634,2,422
6634,3,745
6634,4,745
6635,0,767
6635,1,855
6635,2,855
6635,3,855
6635,4,855
6636,0,215
6636,1,162
6636,2,215
6636,3,215
6636,4,238
6637,0,717
6637,1,717
6637,2,717
6637,3,511
6637,4,717
6638,0,950
6638,1,503
6638,2,950
6638,3,950
6638,4,950
6639,0,896
6639,1,896
6639,2,896
6639,3,861
6639,4,896
6640,0,501
6640,1,735
6640,2,501
6640,3,501
6640,4,501
6641,0,359
6641,1,359
6641,2,359
6641,3,358
6641,4,359
6642,0,731
6642,1,731
6642,2,499
6642,3,542
6642,4,731
6643,0,742
6643,1,742
6643,2,742
6643,3,742
6643,4,745
6644,0,222
6644,1,222
6644,2,257
6644,3,257
6644,4,257
6645,0,911
6645,1,911
6645,2,643
6645,3,911
6645,4,906
6646,0,460
6646,1,977
6646,2,460
6646,3,978
6646,4,977
6647,0,444
6647,1,444
6647,2,870
6647,3,444
6647,4,665
6648,0,813
6648,1,618
6648,2,618
6648,3,813
6648,4,910
6649,0,836
6649,1,514
6649,2,514
6649,3,459
6649,4,514
6650,0,237
6650,1,158
6650,2,237
6650,3,158
6650,4,237
6651,0,208
6651,1,254
6651,2,208
6651,3,208
6651,4,254
6652,0,432
6652,1,683
6652,2,683
6652,3,764
6652,4,558
6653,0,669
6653,1,669
6653,2,522
6653,3,669
6653,4,728
6654,0,556
6654,1,556
6654,2,556
6654,3,446
6654,4,556
6655,0,151
6655,1,151
6655,2,151
6655,3,237
6655,4,151
6656,0,197
6656,1,197
6656,2,197
6656,3,183
6656,4,197
6657,0,460
6657,1,460
6657,2,460
6657,3,460
6657,4,536
6658,0,621
6658,1,621
6658,2,621
6658,3,621
6658,4,583
6659,0,159
6659,1,159
6659,2,159
6659,3,211
6659,4,159
6660,0,544
6660,1,567
6660,2,567
6660,3,544
6660,4,567
6661,0,543
6661,1,585
6661,2,585
6661,3,543
6661,4,585
6662,0,998
6662,1,998
6662,2,987
6662,3,998
6662,4,998
6663,0,835
6663,1,835
6663,2,892
6663,3,835
6663,4,835
6664,0,166
6664,1,166
6664,2,166
6664,3,167
6664,4,167
6665,0,539
6665,1,539
6665,2,539
6665,3,893
6665,4,539
6666,0,543
6666,1,543
6666,2,543
6666,3,566
6666,4,543
6667,0,921
6667,1,921
6667,2,921
6667,3,921
6667,4,798
6668,0,935
6668,1,953
6668,2,935
6668,3,953
6668,4,935
6669,0,839
6669,1,468
6669,2,468
6669,3,839
6669,4,839
6670,0,526
6670,1,526
6670,2,894
6670,3,526
6670,4,553
6671,0,643
6671,1,570
6671,2,570
6671,3,643
6671,4,643
6672,0,848
6672,1,485
6672,2,848
6672,3,848
6672,4,848
6673,0,625
6673,1,625
6673,2,842
6673,3,625
6673,4,842
6674,0,445
6674,1,977
6674,2,445
6674,3,433
6674,4,445
6675,0,250
6675,1,250
6675,2,250
6675,3,248
6675,4,248
6676,0,471
6676,1,471
6676,2,586
6676,3,847
6676,4,847
6677,0,786
6677,1,897
6677,2,786
6677,3,786
6677,4,786
6678,0,714
6678,1,761
6678,2,771
6678,3,761
6678,4,771
6679,0,833
6679,1,833
6679,2,833
6679,3,628
6679,4,833
6680,0,938
6680,1,938
6680,2,938
6680,3,959
6680,4,938
6681,0,158
6681,1,151
6681,2,151
6681,3,151
6681,4,151
6682,0,698
6682,1,698
6682,2,708
6682,3,698
6682,4,708
6683,0,114
6683,1,114
6683,2,504
6683,3,114
6683,4,114
6684,0,744
6684,1,744
6684,2,657
6684,3,744
6684,4,657
6685,0,60
6685,1,60
6685,2,67
6685,3,60
6685,4,60
6686,0,543
6686,1,422
6686,2,543
6686,3,543
6686,4,543
6687,0,468
6687,1,468
6687,2,468
6687,3,436
6687,4,468
6688,0,505
6688,1,725
6688,2,725
6688,3,725
6688,4,725
6689,0,379
6689,1,368
6689,2,368
6689,3,368
6689,4,368
6690,0,549
6690,1,549
6690,2,549
6690,3,883
6690,4,549
6691,0,893
6691,1,893
6691,2,893
6691,3,893
6691,4,709
6692,0,118
6692,1,118
6692,2,118
6692,3,118
6692,4,121
6693,0,502
6693,1,502
6693,2,774
6693,3,774
6693,4,774
6694,0,101
6694,1,101
6694,2,101
6694,3,101
6694,4,385
6695,0,597
6695,1,597
6695,2,597
6695,3,459
6695,4,763
6696,0,679
6696,1,679
6696,2,885
6696,3,679
6696,4,885
6697,0,951
6697,1,951
6697,2,951
6697,3,582
6697,4,951
6698,0,235
6698,1,260
6698,2,260
6698,3,235
6698,4,260
6699,0,611
6699,1,509
6699,2,509
6699,3,582
6699,4,509
6700,0,718
6700,1,718
6700,2,525
6700,3,718
6700,4,525
6701,0,722
6701,1,784
6701,2,677
6701,3,677
6701,4,726
6702,0,580
6702,1,580
6702,2,727
6702,3,580
6702,4,580
6703,0,119
6703,1,119
6703,2,118
6703,3,119
6703,4,119
6704,0,874
6704,1,874
6704,2,874
6704,3,654
6704,4,874
6705,0,533
6705,1,533
6705,2,464
6705,3,533
6705,4,464
6706,0,662
6706,1,662
6706,2,620
6706,3,784
6706,4,605
6707,0,211
6707,1,211
6707,2,159
6707,3,159
6707,4,159
6708,0,595
6708,1,595
6708,2,595
6708,3,565
6708,4,595
6709,0,582
6709,1,582
6709,2,948
6709,3,951
6709,4,951
6710,0,809
6710,1,809
6710,2,925
6710,3,809
6710,4,925
6711,0,711
6711,1,966
6711,2,898
6711,3,711
6711,4,966
6712,0,58
6712,1,58
6712,2,60
6712,3,60
6712,4,58
6713,0,937
6713,1,935
6713,2,935
6713,3,935
6713,4,935
6714,0,581
6714,1,511
6714,2,511
6714,3,581
6714,4,511
6715,0,765
6715,1,765
6715,2,765
6715,3,857
6715,4,765
6716,0,493
6716,1,520
6716,2,520
6716,3,493
6716,4,520
6717,0,602
6717,1,733
6717,2,602
6717,3,733
6717,4,602
6718,0,650
6718,1,834
6718,2,650
6718,3,650
6718,4,650
6719,0,640
6719,1,721
6719,2,327
6719,3,455
6719,4,327
6720,0,831
6720,1,831
6720,2,905
6720,3,831
6720,4,831
6721,0,847
6721,1,847
6721,2,586
6721,3,847
6721,4,408
6722,0,427
6722,1,672
6722,2,417
6722,3,51
6722,4,363
6723,0,236
6723,1,237
6723,2,236
6723,3,236
6723,4,236
6724,0,990
6724,1,990
6724,2,945
6724,3,945
6724,4,945
6725,0,659
6725,1,659
6725,2,910
6725,3,659
6725,4,659
6726,0,570
6726,1,691
6726,2,691
6726,3,691
6726,4,570
6727,0,913
6727,1,913
6727,2,913
6727,3,913
6727,4,724
6728,0,551
6728,1,551
6728,2,629
6728,3,551
6728,4,629
6729,0,620
6729,1,681
6729,2,681
6729,3,681
6729,4,681
6730,0,298
6730,1,206
6730,2,206
6730,3,206
6730,4,206
6731,0,431
6731,1,797
6731,2,431
6731,3,431
6731,4,431
6732,0,45
6732,1,45
6732,2,48
6732,3,45
6732,4,41
6733,0,850
6733,1,750
6733,2,850
6733,3,850
6733,4,850
6734,0,469
6734,1,885
6734,2,854
6734,3,858
6734,4,427
6735,0,251
6735,1,251
6735,2,246
6735,3,251
6735,4,251
6736,0,508
6736,1,681
6736,2,681
6736,3,681
6736,4,681
6737,0,918
6737,1,761
6737,2,464
6737,3,530
6737,4,464
6738,0,624
6738,1,454
6738,2,454
6738,3,454
6738,4,454
6739,0,527
6739,1,590
6739,2,681
6739,3,527
6739,4,527
6740,0,821
6740,1,718
6740,2,705
6740,3,821
6740,4,874
6741,0,187
6741,1,201
6741,2,201
6741,3,187
6741,4,201
6742,0,581
6742,1,817
6742,2,817
6742,3,817
6742,4,817
6743,0,793
6743,1,452
6743,2,452
6743,3,452
6743,4,793
6744,0,504
6744,1,968
6744,2,254
6744,3,968
6744,4,504
6745,0,582
6745,1,582
6745,2,454
6745,3,582
6745,4,454
6746,0,539
6746,1,539
6746,2,539
6746,3,774
6746,4,646
6747,0,642
6747,1,642
6747,2,642
6747,3,642
6747,4,699
6748,0,434
6748,1,434
6748,2,520
6748,3,750
6748,4,721
6749,0,909
6749,1,926
6749,2,909
6749,3,909
6749,4,909
6750,0,681
6750,1,681
6750,2,620
6750,3,681
6750,4,620
6751,0,2
6751,1,801
6751,2,801
6751,3,983
6751,4,983
6752,0,608
6752,1,805
6752,2,412
6752,3,636
6752,4,471
6753,0,419
6753,1,739
6753,2,419
6753,3,726
6753,4,419
6754,0,810
6754,1,761
6754,2,761
6754,3,761
6754,4,487
6755,0,297
6755,1,297
6755,2,295
6755,3,297
6755,4,297
6756,0,562
6756,1,562
6756,2,562
6756,3,562
6756,4,795
6757,0,280
6757,1,272
6757,2,272
6757,3,272
6757,4,272
6758,0,839
6758,1,718
6758,2,718
6758,3,839
6758,4,718
6759,0,650
6759,1,650
6759,2,650
6759,3,363
6759,4,650
6760,0,106
6760,1,360
6760,2,360
6760,3,356
6760,4,360
6761,0,46
6761,1,40
6761,2,46
6761,3,46
6761,4,46
6762,0,549
6762,1,549
6762,2,749
6762,3,549
6762,4,749
6763,0,939
6763,1,943
6763,2,943
6763,3,943
6763,4,943
6764,0,558
6764,1,683
6764,2,683
6764,3,558
6764,4,683
6765,0,232
6765,1,232
6765,2,232
6765,3,264
6765,4,232
6766,0,681
6766,1,549
6766,2,681
6766,3,922
6766,4,620
6767,0,663
6767,1,663
6767,2,663
6767,3,663
6767,4,497
6768,0,999
6768,1,999
6768,2,999
6768,3,700
6768,4,999
6769,0,602
6769,1,602
6769,2,602
6769,3,702
6769,4,602
6770,0,973
6770,1,973
6770,2,109
6770,3,973
6770,4,973
6771,0,544
6771,1,544
6771,2,567
6771,3,544
6771,4,544
6772,0,177
6772,1,170
6772,2,170
6772,3,170
6772,4,170
6773,0,522
6773,1,950
6773,2,950
6773,3,950
6773,4,950
6774,0,461
6774,1,524
6774,2,461
6774,3,461
6774,4,524
6775,0,836
6775,1,836
6775,2,837
6775,3,836
6775,4,837
6776,0,537
6776,1,797
6776,2,797
6776,3,830
6776,4,830
6777,0,933
6777,1,933
6777,2,923
6777,3,923
6777,4,962
6778,0,86
6778,1,86
6778,2,82
6778,3,86
6778,4,86
6779,0,240
6779,1,238
6779,2,241
6779,3,241
6779,4,241
6780,0,374
6780,1,374
6780,2,370
6780,3,374
6780,4,374
6781,0,718
6781,1,718
6781,2,718
6781,3,839
6781,4,839
6782,0,876
6782,1,435
6782,2,876
6782,3,876
6782,4,435
6783,0,46
6783,1,40
6783,2,46
6783,3,40
6783,4,40
6784,0,409
6784,1,530
6784,2,409
6784,3,409
6784,4,530
6785,0,165
6785,1,227
6785,2,165
6785,3,234
6785,4,165
6786,0,634
6786,1,634
6786,2,856
6786,3,634
6786,4,634
6787,0,416
6787,1,416
6787,2,416
6787,3,775
6787,4,416
6788,0,495
6788,1,495
6788,2,495
6788,3,495
6788,4,729
6789,0,960
6789,1,928
6789,2,960
6789,3,960
6789,4,928
6790,0,938
6790,1,938
6790,2,596
6790,3,938
6790,4,938
6791,0,8
6791,1,217
6791,2,217
6791,3,217
6791,4,217
6792,0,132
6792,1,708
6792,2,708
6792,3,708
6792,4,708
6793,0,256
6793,1,256
6793,2,256
6793,3,205
6793,4,205
6794,0,709
6794,1,709
6794,2,767
6794,3,709
6794,4,709
6795,0,848
6795,1,848
6795,2,481
6795,3,848
6795,4,848
6796,0,271
6796,1,271
6796,2,273
6796,3,271
6796,4,271
6797,0,65
6797,1,396
6797,2,33
6797,3,34
6797,4,34
6798,0,841
6798,1,474
6798,2,474
6798,3,474
6798,4,474
6799,0,129
6799,1,129
6799,2,99
6799,3,129
6799,4,129
6800,0,386
6800,1,101
6800,2,386
6800,3,386
6800,4,386
6801,0,975
6801,1,718
6801,2,150
6801,3,975
6801,4,150
6802,0,265
6802,1,265
6802,2,153
6802,3,265
6802,4,153
6803,0,639
6803,1,655
6803,2,639
6803,3,638
6803,4,639
6804,0,461
6804,1,524
6804,2,461
6804,3,461
6804,4,461
6805,0,738
6805,1,738
6805,2,706
6805,3,706
6805,4,706
6806,0,885
6806,1,885
6806,2,741
6806,3,885
6806,4,741
6807,0,384
6807,1,384
6807,2,384
6807,3,384
6807,4,383
6808,0,738
6808,1,883
6808,2,738
6808,3,883
6808,4,738
6809,0,191
6809,1,189
6809,2,191
6809,3,191
6809,4,191
6810,0,876
6810,1,435
6810,2,876
6810,3,876
6810,4,435
6811,0,736
6811,1,736
6811,2,515
6811,3,736
6811,4,736
6812,0,842
6812,1,491
6812,2,775
6812,3,775
6812,4,775
6813,0,732
6813,1,732
6813,2,759
6813,3,732
6813,4,732
6814,0,858
6814,1,858
6814,2,825
6814,3,858
6814,4,858
6815,0,61
6815,1,62
6815,2,62
6815,3,62
6815,4,62
6816,0,657
6816,1,744
6816,2,744
6816,3,744
6816,4,657
6817,0,617
6817,1,617
6817,2,617
6817,3,617
6817,4,823
6818,0,563
6818,1,563
6818,2,563
6818,3,767
6818,4,563
6819,0,527
6819,1,527
6819,2,688
6819,3,527
6819,4,620
6820,0,725
6820,1,725
6820,2,725
6820,3,899
6820,4,725
6821,0,485
6821,1,485
6821,2,848
6821,3,848
6821,4,485
6822,0,521
6822,1,521
6822,2,544
6822,3,544
6822,4,544
6823,0,680
6823,1,473
6823,2,680
6823,3,473
6823,4,731
6824,0,725
6824,1,725
6824,2,725
6824,3,696
6824,4,725
6825,0,294
6825,1,294
6825,2,294
6825,3,295
6825,4,294
6826,0,636
6826,1,636
6826,2,788
6826,3,636
6826,4,636
6827,0,598
6827,1,498
6827,2,819
6827,3,854
6827,4,854
6828,0,502
6828,1,899
6828,2,899
6828,3,898
6828,4,898
6829,0,657
6829,1,744
6829,2,657
6829,3,657
6829,4,744
6830,0,921
6830,1,917
6830,2,917
6830,3,921
6830,4,921
6831,0,695
6831,1,600
6831,2,492
6831,3,695
6831,4,492
6832,0,894
6832,1,894
6832,2,894
6832,3,799
6832,4,894
6833,0,834
6833,1,834
6833,2,834
6833,3,834
6833,4,444
6834,0,627
6834,1,627
6834,2,627
6834,3,627
6834,4,654
6835,0,999
6835,1,999
6835,2,999
6835,3,999
6835,4,591
6836,0,212
6836,1,212
6836,2,212
6836,3,215
6836,4,212
6837,0,73
6837,1,74
6837,2,74
6837,3,73
6837,4,73
6838,0,707
6838,1,707
6838,2,707
6838,3,528
6838,4,707
6839,0,787
6839,1,787
6839,2,543
6839,3,850
6839,4,543
6840,0,582
6840,1,957
6840,2,957
6840,3,582
6840,4,957
6841,0,895
6841,1,895
6841,2,403
6841,3,895
6841,4,913
6842,0,827
6842,1,567
6842,2,827
6842,3,827
6842,4,827
6843,0,860
6843,1,498
6843,2,498
6843,3,424
6843,4,498
6844,0,979
6844,1,979
6844,2,970
6844,3,979
6844,4,970
6845,0,703
6845,1,703
6845,2,630
6845,3,703
6845,4,630
6846,0,33
6846,1,33
6846,2,983
6846,3,33
6846,4,983
6847,0,947
6847,1,947
6847,2,947
6847,3,947
6847,4,992
6848,0,785
6848,1,180
6848,2,180
6848,3,180
6848,4,180
6849,0,846
6849,1,818
6849,2,846
6849,3,818
6849,4,846
6850,0,659
6850,1,738
6850,2,618
6850,3,960
6850,4,816
6851,0,598
6851,1,556
6851,2,598
6851,3,556
6851,4,598
6852,0,222
6852,1,257
6852,2,207
6852,3,222
6852,4,207
6853,0,295
6853,1,295
6853,2,294
6853,3,297
6853,4,295
6854,0,663
6854,1,562
6854,2,663
6854,3,663
6854,4,663
6855,0,717
6855,1,717
6855,2,660
6855,3,660
6855,4,717
6856,0,505
6856,1,505
6856,2,505
6856,3,505
6856,4,849
6857,0,934
6857,1,934
6857,2,934
6857,3,933
6857,4,934
6858,0,435
6858,1,894
6858,2,876
6858,3,876
6858,4,435
6859,0,320
6859,1,320
6859,2,319
6859,3,319
6859,4,319
6860,0,282
6860,1,559
6860,2,559
6860,3,282
6860,4,559
6861,0,916
6861,1,549
6861,2,916
6861,3,916
6861,4,916
6862,0,432
6862,1,683
6862,2,683
6862,3,432
6862,4,683
6863,0,598
6863,1,598
6863,2,548
6863,3,598
6863,4,548
6864,0,710
6864,1,767
6864,2,767
6864,3,710
6864,4,767
6865,0,550
6865,1,505
6865,2,505
6865,3,505
6865,4,550
6866,0,214
6866,1,347
6866,2,347
6866,3,295
6866,4,347
6867,0,89
6867,1,84
6867,2,84
6867,3,84
6867,4,84
6868,0,788
6868,1,770
6868,2,788
6868,3,770
6868,4,788
6869,0,780
6869,1,914
6869,2,914
6869,3,914
6869,4,914
6870,0,226
6870,1,226
6870,2,226
6870,3,226
6870,4,197
6871,0,385
6871,1,101
6871,2,101
6871,3,101
6871,4,101
6872,0,199
6872,1,199
6872,2,233
6872,3,197
6872,4,233
6873,0,446
6873,1,549
6873,2,549
6873,3,549
6873,4,549
6874,0,402
6874,1,546
6874,2,402
6874,3,402
6874,4,546
6875,0,504
6875,1,968
6875,2,504
6875,3,504
6875,4,504
6876,0,239
6876,1,214
6876,2,214
6876,3,239
6876,4,214
6877,0,705
6877,1,874
6877,2,874
6877,3,874
6877,4,705
6878,0,928
6878,1,470
6878,2,968
6878,3,470
6878,4,572
6879,0,348
6879,1,912
6879,2,348
6879,3,912
6879,4,912
6880,0,638
6880,1,819
6880,2,638
6880,3,638
6880,4,638
6881,0,844
6881,1,844
6881,2,844
6881,3,613
6881,4,844
6882,0,251
6882,1,251
6882,2,558
6882,3,251
6882,4,251
6883,0,700
6883,1,700
6883,2,999
6883,3,700
6883,4,700
6884,0,416
6884,1,602
6884,2,602
6884,3,602
6884,4,602
6885,0,711
6885,1,951
6885,2,950
6885,3,948
6885,4,950
6886,0,438
6886,1,438
6886,2,438
6886,3,659
6886,4,438
6887,0,500
6887,1,500
6887,2,500
6887,3,972
6887,4,500
6888,0,133
6888,1,141
6888,2,133
6888,3,133
6888,4,133
6889,0,921
6889,1,921
6889,2,99
6889,3,99
6889,4,99
6890,0,852
6890,1,852
6890,2,752
6890,3,852
6890,4,852
6891,0,838
6891,1,434
6891,2,824
6891,3,748
6891,4,824
6892,0,846
6892,1,831
6892,2,831
6892,3,831
6892,4,598
6893,0,174
6893,1,225
6893,2,225
6893,3,235
6893,4,235
6894,0,743
6894,1,743
6894,2,369
6894,3,743
6894,4,367
6895,0,36
6895,1,33
6895,2,33
6895,3,34
6895,4,33
6896,0,523
6896,1,730
6896,2,730
6896,3,730
6896,4,730
6897,0,492
6897,1,771
6897,2,495
6897,3,771
6897,4,553
6898,0,603
6898,1,603
6898,2,345
6898,3,603
6898,4,345
6899,0,421
6899,1,421
6899,2,912
6899,3,421
6899,4,556
6900,0,970
6900,1,795
6900,2,970
6900,3,970
6900,4,970
6901,0,842
6901,1,523
6901,2,842
6901,3,842
6901,4,842
6902,0,606
6902,1,606
6902,2,891
6902,3,535
6902,4,745
6903,0,881
6903,1,579
6903,2,881
6903,3,881
6903,4,881
6904,0,566
6904,1,566
6904,2,566
6904,3,875
6904,4,566
6905,0,744
6905,1,657
6905,2,744
6905,3,744
6905,4,657
6906,0,837
6906,1,480
6906,2,498
6906,3,557
6906,4,498
6907,0,180
6907,1,180
6907,2,180
6907,3,180
6907,4,676
6908,0,103
6908,1,337
6908,2,104
6908,3,103
6908,4,104
6909,0,904
6909,1,424
6909,2,919
6909,3,424
6909,4,919
6910,0,159
6910,1,159
6910,2,227
6910,3,159
6910,4,159
6911,0,586
6911,1,586
6911,2,408
6911,3,586
6911,4,586
6912,0,638
6912,1,639
6912,2,638
6912,3,638
6912,4,638
6913,0,302
6913,1,305
6913,2,302
6913,3,305
6913,4,305
6914,0,568
6914,1,570
6914,2,570
6914,3,524
6914,4,568
6915,0,837
6915,1,838
6915,2,836
6915,3,837
6915,4,837
6916,0,467
6916,1,467
6916,2,467
6916,3,778
6916,4,467
6917,0,940
6917,1,963
6917,2,964
6917,3,924
6917,4,964
6918,0,601
6918,1,578
6918,2,601
6918,3,601
6918,4,578
6919,0,852
6919,1,852
6919,2,179
6919,3,179
6919,4,179
6920,0,876
6920,1,876
6920,2,876
6920,3,876
6920,4,435
6921,0,827
6921,1,827
6921,2,827
6921,3,556
6921,4,827
6922,0,657
6922,1,657
6922,2,744
6922,3,744
6922,4,657
6923,0,857
6923,1,857
6923,2,698
6923,3,857
6923,4,857
6924,0,429
6924,1,981
6924,2,981
6924,3,981
6924,4,981
6925,0,627
6925,1,678
6925,2,678
6925,3,627
6925,4,678
6926,0,599
6926,1,599
6926,2,599
6926,3,309
6926,4,599
6927,0,474
6927,1,474
6927,2,568
6927,3,568
6927,4,568
6928,0,53
6928,1,53
6928,2,58
6928,3,53
6928,4,53
6929,0,598
6929,1,598
6929,2,598
6929,3,548
6929,4,598
6930,0,26
6930,1,395
6930,2,395
6930,3,395
6930,4,395
6931,0,506
6931,1,971
6931,2,398
6931,3,506
6931,4,506
6932,0,899
6932,1,882
6932,2,882
6932,3,882
6932,4,882
6933,0,855
6933,1,855
6933,2,855
6933,3,711
6933,4,855
6934,0,494
6934,1,494
6934,2,442
6934,3,494
6934,4,494
6935,0,519
6935,1,644
6935,2,519
6935,3,580
6935,4,519
6936,0,748
6936,1,636
6936,2,636
6936,3,636
6936,4,636
6937,0,494
6937,1,577
6937,2,577
6937,3,577
6937,4,577
6938,0,664
6938,1,664
6938,2,527
6938,3,664
6938,4,527
6939,0,899
6939,1,696
6939,2,461
6939,3,811
6939,4,461
6940,0,312
6940,1,32
6940,2,302
6940,3,314
6940,4,314
6941,0,632
6941,1,494
6941,2,494
6941,3,494
6941,4,494
6942,0,585
6942,1,585
6942,2,596
6942,3,585
6942,4,585
6943,0,626
6943,1,626
6943,2,626
6943,3,626
6943,4,503
6944,0,414
6944,1,414
6944,2,414
6944,3,446
6944,4,414
6945,0,524
6945,1,524
6945,2,461
6945,3,524
6945,4,524
6946,0,526
6946,1,526
6946,2,527
6946,3,527
6946,4,527
6947,0,884
6947,1,884
6947,2,884
6947,3,884
6947,4,698
6948,0,467
6948,1,521
6948,2,544
6948,3,901
6948,4,544
6949,0,179
6949,1,179
6949,2,179
6949,3,151
6949,4,158
6950,0,512
6950,1,758
6950,2,600
6950,3,758
6950,4,758
6951,0,969
6951,1,969
6951,2,712
6951,3,969
6951,4,712
6952,0,789
6952,1,789
6952,2,789
6952,3,799
6952,4,789
6953,0,379
6953,1,379
6953,2,374
6953,3,381
6953,4,374
6954,0,527
6954,1,526
6954,2,527
6954,3,527
6954,4,526
6955,0,66
6955,1,68
6955,2,68
6955,3,66
6955,4,68
6956,0,907
6956,1,907
6956,2,907
6956,3,440
6956,4,907
6957,0,361
6957,1,599
6957,2,599
6957,3,599
6957,4,599
6958,0,577
6958,1,541
6958,2,541
6958,3,643
6958,4,541
6959,0,919
6959,1,919
6959,2,860
6959,3,919
6959,4,860
6960,0,64
6960,1,64
6960,2,55
6960,3,64
6960,4,64
6961,0,496
6961,1,658
6961,2,658
6961,3,496
6961,4,658
6962,0,750
6962,1,797
6962,2,750
6962,3,750
6962,4,750
6963,0,184
6963,1,202
6963,2,184
6963,3,184
6963,4,184
6964,0,731
6964,1,731
6964,2,731
6964,3,463
6964,4,861
6965,0,657
6965,1,744
6965,2,744
6965,3,744
6965,4,657
6966,0,617
6966,1,27
6966,2,29
6966,3,27
6966,4,28
6967,0,914
6967,1,871
6967,2,871
6967,3,871
6967,4,871
6968,0,708
6968,1,884
6968,2,884
6968,3,884
6968,4,663
6969,0,66
6969,1,66
6969,2,66
6969,3,66
6969,4,68
6970,0,894
6970,1,894
6970,2,894
6970,3,771
6970,4,894
6971,0,724
6971,1,724
6971,2,536
6971,3,780
6971,4,724
6972,0,41
6972,1,40
6972,2,41
6972,3,41
6972,4,41
6973,0,431
6973,1,516
6973,2,516
6973,3,516
6973,4,516
6974,0,359
6974,1,359
6974,2,359
6974,3,358
6974,4,358
6975,0,504
6975,1,504
6975,2,968
6975,3,968
6975,4,968
6976,0,890
6976,1,890
6976,2,890
6976,3,890
6976,4,805
6977,0,831
6977,1,885
6977,2,885
6977,3,831
6977,4,885
6978,0,527
6978,1,527
6978,2,664
6978,3,527
6978,4,664
6979,0,557
6979,1,588
6979,2,588
6979,3,588
6979,4,588
6980,0,653
6980,1,653
6980,2,653
6980,3,653
6980,4,802
6981,0,929
6981,1,929
6981,2,929
6981,3,838
6981,4,929
6982,0,639
6982,1,639
6982,2,638
6982,3,638
6982,4,639
6983,0,918
6983,1,723
6983,2,723
6983,3,767
6983,4,723
6984,0,970
6984,1,671
6984,2,671
6984,3,671
6984,4,671
6985,0,464
6985,1,464
6985,2,597
6985,3,597
6985,4,597
6986,0,587
6986,1,587
6986,2,587
6986,3,587
6986,4,677
6987,0,167
6987,1,173
6987,2,173
6987,3,167
6987,4,173
6988,0,669
6988,1,728
6988,2,728
6988,3,728
6988,4,728
6989,0,975
6989,1,976
6989,2,975
6989,3,780
6989,4,975
6990,0,907
6990,1,966
6990,2,907
6990,3,966
6990,4,907
6991,0,569
6991,1,864
6991,2,864
6991,3,864
6991,4,864
6992,0,231
6992,1,230
6992,2,231
6992,3,230
6992,4,230
6993,0,314
6993,1,314
6993,2,314
6993,3,312
6993,4,314
6994,0,717
6994,1,670
6994,2,665
6994,3,665
6994,4,670
6995,0,638
6995,1,977
6995,2,529
6995,3,842
6995,4,529
6996,0,996
6996,1,997
6996,2,996
6996,3,996
6996,4,996
6997,0,546
6997,1,420
6997,2,546
6997,3,499
6997,4,841
6998,0,539
6998,1,539
6998,2,502
6998,3,539
6998,4,539
6999,0,189
6999,1,189
6999,2,191
6999,3,191
6999,4,189
7000,0,780
7000,1,780
7000,2,724
7000,3,780
7000,4,724
7001,0,928
7001,1,927
7001,2,927
7001,3,415
7001,4,928
7002,0,140
7002,1,140
7002,2,140
7002,3,140
7002,4,142
7003,0,319
7003,1,319
7003,2,311
7003,3,319
7003,4,318
7004,0,630
7004,1,630
7004,2,630
7004,3,597
7004,4,630
7005,0,636
7005,1,414
7005,2,414
7005,3,636
7005,4,414
7006,0,773
7006,1,503
7006,2,503
7006,3,773
7006,4,503
7007,0,861
7007,1,861
7007,2,826
7007,3,455
7007,4,826
7008,0,894
7008,1,799
7008,2,799
7008,3,799
7008,4,799
7009,0,582
7009,1,943
7009,2,943
7009,3,582
7009,4,943
7010,0,81
7010,1,81
7010,2,102
7010,3,81
7010,4,81
7011,0,170
7011,1,177
7011,2,177
7011,3,170
7011,4,177
7012,0,954
7012,1,954
7012,2,954
7012,3,950
7012,4,954
7013,0,744
7013,1,744
7013,2,784
7013,3,744
7013,4,784
7014,0,178
7014,1,852
7014,2,852
7014,3,852
7014,4,852
7015,0,7
7015,1,7
7015,2,8
7015,3,7
7015,4,8
7016,0,421
7016,1,399
7016,2,523
7016,3,399
7016,4,841
7017,0,61
7017,1,62
7017,2,62
7017,3,61
7017,4,62
7018,0,66
7018,1,68
7018,2,66
7018,3,66
7018,4,66
7019,0,487
7019,1,487
7019,2,487
7019,3,487
7019,4,590
7020,0,926
7020,1,469
7020,2,926
7020,3,926
7020,4,926
7021,0,638
7021,1,639
7021,2,639
7021,3,638
7021,4,639
7022,0,999
7022,1,999
7022,2,999
7022,3,606
7022,4,700
7023,0,887
7023,1,406
7023,2,406
7023,3,887
7023,4,406
7024,0,879
7024,1,764
7024,2,764
7024,3,764
7024,4,764
7025,0,599
7025,1,599
7025,2,828
7025,3,599
7025,4,599
7026,0,526
7026,1,526
7026,2,453
7026,3,786
7026,4,493
7027,0,690
7027,1,730
7027,2,345
7027,3,345
7027,4,345
7028,0,204
7028,1,204
7028,2,204
7028,3,204
7028,4,200
7029,0,463
7029,1,463
7029,2,968
7029,3,463
7029,4,968
7030,0,536
7030,1,833
7030,2,833
7030,3,460
7030,4,833
7031,0,636
7031,1,636
7031,2,465
7031,3,465
7031,4,414
7032,0,454
7032,1,454
7032,2,454
7032,3,457
7032,4,454
7033,0,630
7033,1,502
7033,2,514
7033,3,774
7033,4,630
7034,0,741
7034,1,496
7034,2,496
7034,3,496
7034,4,496
7035,0,957
7035,1,957
7035,2,448
7035,3,448
7035,4,448
7036,0,364
7036,1,380
7036,2,380
7036,3,380
7036,4,380
7037,0,783
7037,1,783
7037,2,872
7037,3,872
7037,4,872
7038,0,899
7038,1,901
7038,2,899
7038,3,901
7038,4,901
7039,0,2
7039,1,2
7039,2,4
7039,3,4
7039,4,2
7040,0,550
7040,1,550
7040,2,505
7040,3,550
7040,4,550
7041,0,813
7041,1,813
7041,2,415
7041,3,813
7041,4,415
7042,0,345
7042,1,730
7042,2,730
7042,3,345
7042,4,345
7043,0,28
7043,1,79
7043,2,79
7043,3,303
7043,4,79
7044,0,888
7044,1,449
7044,2,888
7044,3,888
7044,4,888
7045,0,903
7045,1,903
7045,2,903
7045,3,638
7045,4,903
7046,0,703
7046,1,703
7046,2,706
7046,3,703
7046,4,703
7047,0,527
7047,1,782
7047,2,527
7047,3,782
7047,4,664
7048,0,572
7048,1,572
7048,2,711
7048,3,572
7048,4,901
7049,0,827
7049,1,827
7049,2,827
7049,3,505
7049,4,827
7050,0,359
7050,1,359
7050,2,358
7050,3,358
7050,4,358
7051,0,241
7051,1,239
7051,2,250
7051,3,241
7051,4,231
7052,0,488
7052,1,600
7052,2,600
7052,3,488
7052,4,488
7053,0,990
7053,1,949
7053,2,956
7053,3,949
7053,4,956
7054,0,699
7054,1,476
7054,2,476
7054,3,660
7054,4,687
7055,0,698
7055,1,698
7055,2,698
7055,3,698
7055,4,663
7056,0,551
7056,1,635
7056,2,809
7056,3,551
7056,4,809
7057,0,487
7057,1,487
7057,2,487
7057,3,487
7057,4,605
7058,0,320
7058,1,319
7058,2,319
7058,3,319
7058,4,319
7059,0,578
7059,1,578
7059,2,578
7059,3,578
7059,4,601
7060,0,508
7060,1,508
7060,2,508
7060,3,620
7060,4,508
7061,0,510
7061,1,510
7061,2,510
7061,3,510
7061,4,628
7062,0,742
7062,1,859
7062,2,859
7062,3,859
7062,4,859
7063,0,469
7063,1,469
7063,2,544
7063,3,469
7063,4,469
7064,0,804
7064,1,711
7064,2,711
7064,3,711
7064,4,711
7065,0,877
7065,1,877
7065,2,970
7065,3,877
7065,4,877
7066,0,898
7066,1,898
7066,2,898
7066,3,899
7066,4,898
7067,0,557
7067,1,733
7067,2,733
7067,3,733
7067,4,733
7068,0,420
7068,1,402
7068,2,402
7068,3,420
7068,4,402
7069,0,819
7069,1,650
7069,2,819
7069,3,819
7069,4,819
7070,0,304
7070,1,304
7070,2,304
7070,3,307
7070,4,304
7071,0,734
7071,1,734
7071,2,734
7071,3,487
7071,4,734
7072,0,547
7072,1,705
7072,2,547
7072,3,547
7072,4,547
7073,0,271
7073,1,271
7073,2,272
7073,3,271
7073,4,272
7074,0,771
7074,1,771
7074,2,553
7074,3,771
7074,4,894
7075,0,981
7075,1,652
7075,2,981
7075,3,981
7075,4,981
7076,0,884
7076,1,884
7076,2,663
7076,3,884
7076,4,857
7077,0,711
7077,1,711
7077,2,865
7077,3,711
7077,4,865
7078,0,513
7078,1,513
7078,2,513
7078,3,566
7078,4,513
7079,0,545
7079,1,753
7079,2,545
7079,3,753
7079,4,753
7080,0,262
7080,1,151
7080,2,151
7080,3,151
7080,4,151
7081,0,715
7081,1,652
7081,2,652
7081,3,439
7081,4,715
7082,0,928
7082,1,928
7082,2,928
7082,3,928
7082,4,960
7083,0,172
7083,1,236
7083,2,230
7083,3,230
7083,4,230
7084,0,968
7084,1,968
7084,2,968
7084,3,968
7084,4,504
7085,0,526
7085,1,664
7085,2,664
7085,3,526
7085,4,526
7086,0,527
7086,1,527
7086,2,782
7086,3,527
7086,4,527
7087,0,959
7087,1,923
7087,2,959
7087,3,959
7087,4,959
7088,0,288
7088,1,288
7088,2,288
7088,3,293
7088,4,288
7089,0,619
7089,1,818
7089,2,498
7089,3,619
7089,4,619
7090,0,431
7090,1,431
7090,2,431
7090,3,850
7090,4,431
7091,0,839
7091,1,839
7091,2,489
7091,3,839
7091,4,839
7092,0,570
7092,1,850
7092,2,850
7092,3,850
7092,4,388
7093,0,470
7093,1,767
7093,2,767
7093,3,692
7093,4,767
7094,0,280
7094,1,280
7094,2,271
7094,3,272
7094,4,280
7095,0,709
7095,1,709
7095,2,748
7095,3,709
7095,4,709
7096,0,610
7096,1,610
7096,2,610
7096,3,841
7096,4,610
7097,0,532
7097,1,831
7097,2,831
7097,3,831
7097,4,831
7098,0,451
7098,1,451
7098,2,451
7098,3,860
7098,4,451
7099,0,721
7099,1,721
7099,2,721
7099,3,748
7099,4,721
7100,0,662
7100,1,662
7100,2,662
7100,3,662
7100,4,534
7101,0,499
7101,1,499
7101,2,473
7101,3,499
7101,4,499
7102,0,893
7102,1,748
7102,2,893
7102,3,893
7102,4,893
7103,0,46
7103,1,40
7103,2,40
7103,3,40
7103,4,40
7104,0,405
7104,1,405
7104,2,405
7104,3,976
7104,4,405
7105,0,905
7105,1,799
7105,2,799
7105,3,738
7105,4,738
7106,0,567
7106,1,409
7106,2,635
7106,3,823
7106,4,826
7107,0,504
7107,1,504
7107,2,968
7107,3,968
7107,4,849
7108,0,264
7108,1,171
7108,2,171
7108,3,171
7108,4,171
7109,0,851
7109,1,664
7109,2,877
7109,3,664
7109,4,664
7110,0,885
7110,1,443
7110,2,529
7110,3,529
7110,4,885
7111,0,582
7111,1,582
7111,2,582
7111,3,478
7111,4,582
7112,0,761
7112,1,872
7112,2,761
7112,3,761
7112,4,872
7113,0,28
7113,1,28
7113,2,28
7113,3,26
7113,4,26
7114,0,976
7114,1,970
7114,2,979
7114,3,979
7114,4,979
7115,0,58
7115,1,30
7115,2,1
7115,3,58
7115,4,1
7116,0,597
7116,1,777
7116,2,777
7116,3,777
7116,4,777
7117,0,46
7117,1,46
7117,2,39
7117,3,46
7117,4,46
7118,0,850
7118,1,850
7118,2,850
7118,3,911
7118,4,911
7119,0,663
7119,1,698
7119,2,663
7119,3,698
7119,4,497
7120,0,412
7120,1,412
7120,2,412
7120,3,756
7120,4,412
7121,0,452
7121,1,452
7121,2,452
7121,3,434
7121,4,452
7122,0,477
7122,1,587
7122,2,587
7122,3,587
7122,4,477
7123,0,810
7123,1,810
7123,2,810
7123,3,810
7123,4,878
7124,0,817
7124,1,817
7124,2,751
7124,3,817
7124,4,751
7125,0,526
7125,1,526
7125,2,526
7125,3,527
7125,4,526
7126,0,233
7126,1,177
7126,2,177
7126,3,233
7126,4,177
7127,0,60
7127,1,63
7127,2,63
7127,3,63
7127,4,60
7128,0,696
7128,1,823
7128,2,823
7128,3,918
7128,4,823
7129,0,782
7129,1,782
7129,2,664
7129,3,782
7129,4,664
7130,0,666
7130,1,666
7130,2,924
7130,3,924
7130,4,666
7131,0,852
7131,1,852
7131,2,852
7131,3,852
7131,4,752
7132,0,717
7132,1,717
7132,2,581
7132,3,581
7132,4,468
7133,0,548
7133,1,894
7133,2,894
7133,3,894
7133,4,894
7134,0,587
7134,1,587
7134,2,558
7134,3,587
7134,4,587
7135,0,849
7135,1,719
7135,2,861
7135,3,883
7135,4,861
7136,0,709
7136,1,692
7136,2,868
7136,3,868
7136,4,868
7137,0,2
7137,1,725
7137,2,2
7137,3,2
7137,4,467
7138,0,437
7138,1,437
7138,2,460
7138,3,437
7138,4,460
7139,0,425
7139,1,425
7139,2,425
7139,3,425
7139,4,716
7140,0,410
7140,1,309
7140,2,410
7140,3,309
7140,4,599
7141,0,658
7141,1,658
7141,2,883
7141,3,883
7141,4,883
7142,0,692
7142,1,692
7142,2,948
7142,3,692
7142,4,692
7143,0,156
7143,1,156
7143,2,203
7143,3,156
7143,4,156
7144,0,271
7144,1,272
7144,2,271
7144,3,272
7144,4,271
7145,0,428
7145,1,516
7145,2,428
7145,3,428
7145,4,790
7146,0,754
7146,1,754
7146,2,848
7146,3,848
7146,4,761
7147,0,905
7147,1,905
7147,2,905
7147,3,799
7147,4,905
7148,0,70
7148,1,313
7148,2,313
7148,3,77
7148,4,77
7149,0,962
7149,1,935
7149,2,935
7149,3,962
7149,4,935
7150,0,597
7150,1,597
7150,2,597
7150,3,777
7150,4,597
7151,0,231
7151,1,231
7151,2,230
7151,3,231
7151,4,230
7152,0,26
7152,1,26
7152,2,26
7152,3,26
7152,4,28
7153,0,265
7153,1,183
7153,2,183
7153,3,183
7153,4,183
7154,0,471
7154,1,471
7154,2,471
7154,3,471
7154,4,847
7155,0,409
7155,1,442
7155,2,442
7155,3,409
7155,4,409
7156,0,473
7156,1,813
7156,2,813
7156,3,813
7156,4,813
7157,0,442
7157,1,497
7157,2,442
7157,3,497
7157,4,442
7158,0,238
7158,1,241
7158,2,238
7158,3,238
7158,4,240
7159,0,873
7159,1,708
7159,2,873
7159,3,873
7159,4,708
7160,0,585
7160,1,585
7160,2,585
7160,3,585
7160,4,631
7161,0,844
7161,1,844
7161,2,859
7161,3,516
7161,4,859
7162,0,687
7162,1,687
7162,2,687
7162,3,754
7162,4,527
7163,0,774
7163,1,788
7163,2,788
7163,3,608
7163,4,788
7164,0,837
7164,1,837
7164,2,836
7164,3,837
7164,4,836
7165,0,536
7165,1,536
7165,2,871
7165,3,780
7165,4,914
7166,0,114
7166,1,947
7166,2,114
7166,3,114
7166,4,114
7167,0,648
7167,1,897
7167,2,897
7167,3,897
7167,4,897
7168,0,980
7168,1,663
7168,2,980
7168,3,980
7168,4,980
7169,0,831
7169,1,831
7169,2,765
7169,3,765
7169,4,765
7170,0,893
7170,1,893
7170,2,893
7170,3,885
7170,4,885
7171,0,610
7171,1,841
7171,2,610
7171,3,610
7171,4,841
7172,0,468
7172,1,734
7172,2,734
7172,3,734
7172,4,734
7173,0,968
7173,1,504
7173,2,968
7173,3,967
7173,4,968
7174,0,970
7174,1,970
7174,2,972
7174,3,972
7174,4,972
7175,0,849
7175,1,849
7175,2,849
7175,3,968
7175,4,849
7176,0,527
7176,1,527
7176,2,664
7176,3,527
7176,4,527
7177,0,152
7177,1,152
7177,2,155
7177,3,152
7177,4,152
7178,0,906
7178,1,834
7178,2,834
7178,3,834
7178,4,906
7179,0,285
7179,1,285
7179,2,282
7179,3,285
7179,4,285
7180,0,972
7180,1,976
7180,2,972
7180,3,972
7180,4,972
7181,0,599
7181,1,599
7181,2,599
7181,3,8
7181,4,599
7182,0,502
7182,1,502
7182,2,502
7182,3,502
7182,4,911
7183,0,485
7183,1,620
7183,2,620
7183,3,620
7183,4,620
7184,0,656
7184,1,656
7184,2,511
7184,3,656
7184,4,511
7185,0,23
7185,1,23
7185,2,363
7185,3,23
7185,4,23
7186,0,187
7186,1,187
7186,2,193
7186,3,187
7186,4,187
7187,0,585
7187,1,585
7187,2,585
7187,3,631
7187,4,585
7188,0,657
7188,1,657
7188,2,895
7188,3,657
7188,4,657
7189,0,892
7189,1,448
7189,2,892
7189,3,892
7189,4,892
7190,0,735
7190,1,824
7190,2,824
7190,3,735
7190,4,824
7191,0,610
7191,1,610
7191,2,610
7191,3,841
7191,4,610
7192,0,585
7192,1,961
7192,2,585
7192,3,585
7192,4,585
7193,0,762
7193,1,851
7193,2,664
7193,3,851
7193,4,664
7194,0,850
7194,1,388
7194,2,388
7194,3,388
7194,4,388
7195,0,961
7195,1,813
7195,2,813
7195,3,813
7195,4,813
7196,0,941
7196,1,941
7196,2,415
7196,3,960
7196,4,960
7197,0,767
7197,1,767
7197,2,767
7197,3,769
7197,4,769
7198,0,910
7198,1,618
7198,2,618
7198,3,618
7198,4,618
7199,0,180
7199,1,179
7199,2,179
7199,3,179
7199,4,179
7200,0,830
7200,1,636
7200,2,636
7200,3,624
7200,4,830
7201,0,412
7201,1,739
7201,2,646
7201,3,539
7201,4,770
7202,0,960
7202,1,868
7202,2,868
7202,3,928
7202,4,868
7203,0,443
7203,1,893
7203,2,748
7203,3,591
7203,4,748
7204,0,550
7204,1,550
7204,2,760
7204,3,760
7204,4,760
7205,0,549
7205,1,446
7205,2,446
7205,3,549
7205,4,446
7206,0,819
7206,1,546
7206,2,546
7206,3,819
7206,4,819
7207,0,427
7207,1,427
7207,2,427
7207,3,427
7207,4,822
7208,0,692
7208,1,692
7208,2,692
7208,3,549
7208,4,623
7209,0,341
7209,1,341
7209,2,341
7209,3,467
7209,4,341
7210,0,579
7210,1,579
7210,2,881
7210,3,579
7210,4,579
7211,0,157
7211,1,151
7211,2,151
7211,3,151
7211,4,151
7212,0,250
7212,1,539
7212,2,250
7212,3,539
7212,4,539
7213,0,546
7213,1,546
7213,2,650
7213,3,402
7213,4,655
7214,0,884
7214,1,743
7214,2,884
7214,3,425
7214,4,884
7215,0,200
7215,1,192
7215,2,200
7215,3,204
7215,4,200
7216,0,665
7216,1,653
7216,2,653
7216,3,665
7216,4,653
7217,0,478
7217,1,478
7217,2,478
7217,3,478
7217,4,549
7218,0,934
7218,1,934
7218,2,933
7218,3,934
7218,4,933
7219,0,675
7219,1,656
7219,2,424
7219,3,656
7219,4,656
7220,0,263
7220,1,263
7220,2,151
7220,3,263
7220,4,151
7221,0,807
7221,1,556
7221,2,753
7221,3,556
7221,4,753
7222,0,489
7222,1,429
7222,2,429
7222,3,429
7222,4,429
7223,0,888
7223,1,839
7223,2,888
7223,3,839
7223,4,888
7224,0,995
7224,1,997
7224,2,997
7224,3,995
7224,4,997
7225,0,40
7225,1,40
7225,2,46
7225,3,40
7225,4,46
7226,0,980
7226,1,980
7226,2,980
7226,3,355
7226,4,980
7227,0,256
7227,1,160
7227,2,256
7227,3,160
7227,4,160
7228,0,633
7228,1,531
7228,2,633
7228,3,531
7228,4,633
7229,0,488
7229,1,600
7229,2,600
7229,3,679
7229,4,600
7230,0,681
7230,1,681
7230,2,681
7230,3,662
7230,4,681
7231,0,580
7231,1,580
7231,2,341
7231,3,580
7231,4,341
7232,0,117
7232,1,506
7232,2,506
7232,3,505
7232,4,506
7233,0,908
7233,1,908
7233,2,417
7233,3,733
7233,4,733
7234,0,905
7234,1,885
7234,2,700
7234,3,700
7234,4,794
7235,0,474
7235,1,474
7235,2,474
7235,3,601
7235,4,474
7236,0,386
7236,1,386
7236,2,385
7236,3,386
7236,4,386
7237,0,346
7237,1,366
7237,2,348
7237,3,346
7237,4,345
7238,0,772
7238,1,644
7238,2,644
7238,3,478
7238,4,478
7239,0,580
7239,1,797
7239,2,915
7239,3,399
7239,4,672
7240,0,657
7240,1,657
7240,2,657
7240,3,744
7240,4,657
7241,0,704
7241,1,704
7241,2,919
7241,3,409
7241,4,919
7242,0,935
7242,1,935
7242,2,935
7242,3,933
7242,4,935
7243,0,517
7243,1,517
7243,2,895
7243,3,895
7243,4,908
7244,0,868
7244,1,868
7244,2,868
7244,3,968
7244,4,968
7245,0,238
7245,1,238
7245,2,238
7245,3,238
7245,4,240
7246,0,35
7246,1,35
7246,2,35
7246,3,36
7246,4,35
7247,0,155
7247,1,155
7247,2,155
7247,3,155
7247,4,204
7248,0,493
7248,1,492
7248,2,648
7248,3,894
7248,4,495
7249,0,904
7249,1,799
7249,2,799
7249,3,424
7249,4,445
7250,0,465
7250,1,465
7250,2,597
7250,3,465
7250,4,465
7251,0,750
7251,1,721
7251,2,750
7251,3,750
7251,4,750
7252,0,543
7252,1,543
7252,2,746
7252,3,543
7252,4,746
7253,0,664
7253,1,664
7253,2,851
7253,3,664
7253,4,782
7254,0,294
7254,1,295
7254,2,295
7254,3,295
7254,4,295
7255,0,531
7255,1,531
7255,2,826
7255,3,692
7255,4,531
7256,0,499
7256,1,923
7256,2,813
7256,3,923
7256,4,813
7257,0,358
7257,1,356
7257,2,358
7257,3,358
7257,4,358
7258,0,232
7258,1,222
7258,2,257
7258,3,257
7258,4,257
7259,0,895
7259,1,908
7259,2,908
7259,3,908
7259,4,404
7260,0,579
7260,1,579
7260,2,579
7260,3,881
7260,4,881
7261,0,845
7261,1,927
7261,2,126
7261,3,712
7261,4,126
7262,0,399
7262,1,501
7262,2,501
7262,3,501
7262,4,501
7263,0,624
7263,1,624
7263,2,454
7263,3,582
7263,4,454
7264,0,460
7264,1,460
7264,2,460
7264,3,975
7264,4,460
7265,0,411
7265,1,794
7265,2,794
7265,3,697
7265,4,854
7266,0,159
7266,1,159
7266,2,159
7266,3,999
7266,4,159
7267,0,461
7267,1,524
7267,2,524
7267,3,461
7267,4,461
7268,0,899
7268,1,967
7268,2,647
7268,3,647
7268,4,647
7269,0,559
7269,1,703
7269,2,588
7269,3,559
7269,4,559
7270,0,362
7270,1,362
7270,2,362
7270,3,412
7270,4,412
7271,0,250
7271,1,248
7271,2,250
7271,3,250
7271,4,250
7272,0,302
7272,1,305
7272,2,302
7272,3,302
7272,4,305
7273,0,615
7273,1,583
7273,2,583
7273,3,879
7273,4,733
7274,0,608
7274,1,608
7274,2,841
7274,3,841
7274,4,610
7275,0,598
7275,1,632
7275,2,632
7275,3,598
7275,4,598
7276,0,908
7276,1,908
7276,2,908
7276,3,908
7276,4,895
7277,0,738
7277,1,738
7277,2,998
7277,3,580
7277,4,580
7278,0,513
7278,1,513
7278,2,776
7278,3,513
7278,4,513
7279,0,428
7279,1,559
7279,2,559
7279,3,428
7279,4,559
7280,0,1
7280,1,1
7280,2,1
7280,3,1
7280,4,794
7281,0,272
7281,1,272
7281,2,272
7281,3,274
7281,4,272
7282,0,359
7282,1,359
7282,2,359
7282,3,358
7282,4,359
7283,0,921
7283,1,720
7283,2,585
7283,3,692
7283,4,585
7284,0,601
7284,1,601
7284,2,431
7284,3,601
7284,4,601
7285,0,305
7285,1,305
7285,2,305
7285,3,305
7285,4,306
7286,0,928
7286,1,415
7286,2,415
7286,3,415
7286,4,415
7287,0,702
7287,1,702
7287,2,602
7287,3,702
7287,4,702
7288,0,697
7288,1,697
7288,2,697
7288,3,697
7288,4,797
7289,0,792
7289,1,596
7289,2,596
7289,3,843
7289,4,596
7290,0,923
7290,1,962
7290,2,962
7290,3,962
7290,4,962
7291,0,189
7291,1,189
7291,2,184
7291,3,189
7291,4,189
7292,0,610
7292,1,610
7292,2,794
7292,3,610
7292,4,591
7293,0,357
7293,1,357
7293,2,356
7293,3,357
7293,4,356
7294,0,46
7294,1,46
7294,2,46
7294,3,46
7294,4,40
7295,0,233
7295,1,233
7295,2,233
7295,3,233
7295,4,226
7296,0,781
7296,1,819
7296,2,819
7296,3,819
7296,4,819
7297,0,928
7297,1,928
7297,2,928
7297,3,928
7297,4,960
7298,0,641
7298,1,473
7298,2,473
7298,3,641
7298,4,473
7299,0,930
7299,1,930
7299,2,987
7299,3,987
7299,4,987
7300,0,331
7300,1,331
7300,2,331
7300,3,331
7300,4,330
7301,0,195
7301,1,195
7301,2,161
7301,3,195
7301,4,195
7302,0,113
7302,1,113
7302,2,112
7302,3,113
7302,4,112
7303,0,170
7303,1,170
7303,2,170
7303,3,170
7303,4,177
7304,0,242
7304,1,242
7304,2,242
7304,3,242
7304,4,164
7305,0,254
7305,1,254
7305,2,254
7305,3,254
7305,4,242
7306,0,26
7306,1,41
7306,2,26
7306,3,26
7306,4,26
7307,0,412
7307,1,553
7307,2,553
7307,3,412
7307,4,553
7308,0,939
7308,1,939
7308,2,939
7308,3,943
7308,4,939
7309,0,978
7309,1,728
7309,2,728
7309,3,978
7309,4,728
7310,0,615
7310,1,465
7310,2,465
7310,3,615
7310,4,615
7311,0,704
7311,1,919
7311,2,860
7311,3,919
7311,4,919
7312,0,917
7312,1,921
7312,2,917
7312,3,917
7312,4,917
7313,0,653
7313,1,653
7313,2,653
7313,3,901
7313,4,653
7314,0,846
7314,1,619
7314,2,700
7314,3,700
7314,4,700
7315,0,744
7315,1,657
7315,2,657
7315,3,657
7315,4,657
7316,0,509
7316,1,697
7316,2,385
7316,3,883
7316,4,865
7317,0,640
7317,1,640
7317,2,640
7317,3,646
7317,4,640
7318,0,930
7318,1,930
7318,2,966
7318,3,930
7318,4,930
7319,0,838
7319,1,838
7319,2,838
7319,3,929
7319,4,838
7320,0,114
7320,1,114
7320,2,947
7320,3,114
7320,4,947
7321,0,210
7321,1,210
7321,2,210
7321,3,161
7321,4,210
7322,0,384
7322,1,384
7322,2,383
7322,3,384
7322,4,384
7323,0,327
7323,1,327
7323,2,116
7323,3,116
7323,4,327
7324,0,590
7324,1,590
7324,2,681
7324,3,590
7324,4,681
7325,0,706
7325,1,706
7325,2,523
7325,3,743
7325,4,523
7326,0,623
7326,1,623
7326,2,623
7326,3,623
7326,4,418
7327,0,44
7327,1,42
7327,2,39
7327,3,42
7327,4,42
7328,0,846
7328,1,619
7328,2,846
7328,3,846
7328,4,619
7329,0,248
7329,1,250
7329,2,248
7329,3,248
7329,4,248
7330,0,584
7330,1,679
7330,2,584
7330,3,679
7330,4,584
7331,0,824
7331,1,474
7331,2,474
7331,3,474
7331,4,474
7332,0,868
7332,1,868
7332,2,948
7332,3,868
7332,4,948
7333,0,66
7333,1,66
7333,2,66
7333,3,60
7333,4,66
7334,0,213
7334,1,220
7334,2,213
7334,3,213
7334,4,220
7335,0,493
7335,1,553
7335,2,553
7335,3,493
7335,4,493
7336,0,909
7336,1,909
7336,2,909
7336,3,697
7336,4,700
7337,0,803
7337,1,561
7337,2,561
7337,3,561
7337,4,634
7338,0,894
7338,1,799
7338,2,799
7338,3,894
7338,4,480
7339,0,288
7339,1,292
7339,2,289
7339,3,289
7339,4,289
7340,0,520
7340,1,750
7340,2,750
7340,3,750
7340,4,750
7341,0,265
7341,1,845
7341,2,845
7341,3,265
7341,4,845
7342,0,527
7342,1,527
7342,2,673
7342,3,527
7342,4,664
7343,0,158
7343,1,151
7343,2,158
7343,3,151
7343,4,158
7344,0,740
7344,1,784
7344,2,686
7344,3,844
7344,4,686
7345,0,60
7345,1,59
7345,2,52
7345,3,52
7345,4,59
7346,0,520
7346,1,520
7346,2,431
7346,3,516
7346,4,431
7347,0,452
7347,1,452
7347,2,452
7347,3,496
7347,4,452
7348,0,964
7348,1,969
7348,2,964
7348,3,415
7348,4,964
7349,0,382
7349,1,380
7349,2,380
7349,3,380
7349,4,382
7350,0,639
7350,1,639
7350,2,445
7350,3,639
7350,4,445
7351,0,676
7351,1,676
7351,2,235
7351,3,676
7351,4,676
7352,0,667
7352,1,400
7352,2,400
7352,3,400
7352,4,400
7353,0,103
7353,1,30
7353,2,30
7353,3,58
7353,4,30
7354,0,236
7354,1,236
7354,2,165
7354,3,236
7354,4,165
7355,0,860
7355,1,454
7355,2,860
7355,3,424
7355,4,860
7356,0,492
7356,1,891
7356,2,891
7356,3,891
7356,4,891
7357,0,823
7357,1,982
7357,2,982
7357,3,982
7357,4,982
7358,0,60
7358,1,766
7358,2,314
7358,3,314
7358,4,314
7359,0,626
7359,1,454
7359,2,813
7359,3,813
7359,4,550
7360,0,774
7360,1,608
7360,2,774
7360,3,608
7360,4,774
7361,0,159
7361,1,237
7361,2,179
7361,3,237
7361,4,168
7362,0,967
7362,1,441
7362,2,438
7362,3,441
7362,4,438
7363,0,509
7363,1,722
7363,2,509
7363,3,509
7363,4,509
7364,0,651
7364,1,651
7364,2,651
7364,3,526
7364,4,651
7365,0,322
7365,1,326
7365,2,322
7365,3,326
7365,4,326
7366,0,462
7366,1,462
7366,2,259
7366,3,259
7366,4,462
7367,0,179
7367,1,180
7367,2,180
7367,3,179
7367,4,180
7368,0,828
7368,1,623
7368,2,828
7368,3,828
7368,4,828
7369,0,540
7369,1,540
7369,2,536
7369,3,536
7369,4,540
7370,0,997
7370,1,997
7370,2,993
7370,3,997
7370,4,997
7371,0,501
7371,1,887
7371,2,501
7371,3,689
7371,4,501
7372,0,994
7372,1,947
7372,2,947
7372,3,994
7372,4,992
7373,0,423
7373,1,424
7373,2,424
7373,3,424
7373,4,423
7374,0,400
7374,1,400
7374,2,400
7374,3,400
7374,4,667
7375,0,559
7375,1,559
7375,2,765
7375,3,765
7375,4,559
7376,0,920
7376,1,920
7376,2,867
7376,3,867
7376,4,733
7377,0,767
7377,1,767
7377,2,767
7377,3,767
7377,4,542
7378,0,559
7378,1,978
7378,2,559
7378,3,559
7378,4,978
7379,0,73
7379,1,73
7379,2,70
7379,3,73
7379,4,73
7380,0,529
7380,1,529
7380,2,667
7380,3,667
7380,4,667
7381,0,977
7381,1,836
7381,2,608
7381,3,836
7381,4,414
7382,0,205
7382,1,205
7382,2,256
7382,3,197
7382,4,205
7383,0,438
7383,1,438
7383,2,438
7383,3,691
7383,4,438
7384,0,558
7384,1,209
7384,2,491
7384,3,428
7384,4,830
7385,0,198
7385,1,198
7385,2,198
7385,3,196
7385,4,198
7386,0,681
7386,1,527
7386,2,526
7386,3,527
7386,4,527
7387,0,861
7387,1,861
7387,2,896
7387,3,896
7387,4,896
7388,0,259
7388,1,154
7388,2,154
7388,3,154
7388,4,151
7389,0,371
7389,1,370
7389,2,371
7389,3,371
7389,4,370
7390,0,911
7390,1,474
7390,2,911
7390,3,474
7390,4,911
7391,0,283
7391,1,454
7391,2,283
7391,3,283
7391,4,454
7392,0,182
7392,1,174
7392,2,182
7392,3,243
7392,4,235
7393,0,197
7393,1,197
7393,2,197
7393,3,197
7393,4,226
7394,0,589
7394,1,314
7394,2,314
7394,3,619
7394,4,314
7395,0,804
7395,1,804
7395,2,631
7395,3,804
7395,4,631
7396,0,738
7396,1,944
7396,2,738
7396,3,738
7396,4,738
7397,0,691
7397,1,570
7397,2,570
7397,3,691
7397,4,570
7398,0,647
7398,1,441
7398,2,725
7398,3,647
7398,4,725
7399,0,876
7399,1,706
7399,2,799
7399,3,799
7399,4,799
7400,0,916
7400,1,916
7400,2,590
7400,3,409
7400,4,487
7401,0,951
7401,1,951
7401,2,951
7401,3,950
7401,4,951
7402,0,896
7402,1,896
7402,2,896
7402,3,896
7402,4,804
7403,0,77
7403,1,73
7403,2,77
7403,3,73
7403,4,77
7404,0,893
7404,1,709
7404,2,709
7404,3,893
7404,4,709
7405,0,162
7405,1,201
7405,2,161
7405,3,187
7405,4,201
7406,0,460
7406,1,460
7406,2,460
7406,3,437
7406,4,437
7407,0,253
7407,1,166
7407,2,253
7407,3,166
7407,4,253
7408,0,836
7408,1,836
7408,2,836
7408,3,837
7408,4,836
7409,0,349
7409,1,349
7409,2,348
7409,3,348
7409,4,349
7410,0,281
7410,1,281
7410,2,282
7410,3,285
7410,4,282
7411,0,999
7411,1,876
7411,2,435
7411,3,999
7411,4,876
7412,0,46
7412,1,40
7412,2,40
7412,3,46
7412,4,40
7413,0,68
7413,1,68
7413,2,68
7413,3,66
7413,4,68
7414,0,945
7414,1,937
7414,2,937
7414,3,945
7414,4,937
7415,0,219
7415,1,218
7415,2,219
7415,3,219
7415,4,219
7416,0,374
7416,1,374
7416,2,371
7416,3,374
7416,4,374
7417,0,886
7417,1,480
7417,2,886
7417,3,886
7417,4,886
7418,0,248
7418,1,248
7418,2,248
7418,3,250
7418,4,248
7419,0,698
7419,1,483
7419,2,698
7419,3,698
7419,4,483
7420,0,622
7420,1,584
7420,2,443
7420,3,452
7420,4,443
7421,0,162
7421,1,166
7421,2,166
7421,3,162
7421,4,166
7422,0,702
7422,1,702
7422,2,602
7422,3,416
7422,4,702
7423,0,217
7423,1,215
7423,2,218
7423,3,217
7423,4,218
7424,0,748
7424,1,684
7424,2,868
7424,3,584
7424,4,868
7425,0,524
7425,1,524
7425,2,643
7425,3,401
7425,4,678
7426,0,604
7426,1,835
7426,2,604
7426,3,583
7426,4,604
7427,0,187
7427,1,201
7427,2,201
7427,3,187
7427,4,201
7428,0,239
7428,1,238
7428,2,240
7428,3,240
7428,4,240
7429,0,109
7429,1,109
7429,2,973
7429,3,973
7429,4,109
7430,0,799
7430,1,760
7430,2,760
7430,3,760
7430,4,760
7431,0,758
7431,1,391
7431,2,758
7431,3,758
7431,4,758
7432,0,704
7432,1,704
7432,2,707
7432,3,807
7432,4,704
7433,0,968
7433,1,968
7433,2,504
7433,3,968
7433,4,504
7434,0,979
7434,1,663
7434,2,970
7434,3,663
7434,4,663
7435,0,698
7435,1,698
7435,2,698
7435,3,668
7435,4,698
7436,0,35
7436,1,390
7436,2,36
7436,3,35
7436,4,36
7437,0,581
7437,1,581
7437,2,436
7437,3,817
7437,4,436
7438,0,336
7438,1,336
7438,2,336
7438,3,337
7438,4,337
7439,0,708
7439,1,682
7439,2,708
7439,3,708
7439,4,708
7440,0,280
7440,1,280
7440,2,272
7440,3,280
7440,4,272
7441,0,692
7441,1,692
7441,2,631
7441,3,692
7441,4,692
7442,0,825
7442,1,743
7442,2,483
7442,3,825
7442,4,698
7443,0,109
7443,1,109
7443,2,109
7443,3,109
7443,4,328
7444,0,34
7444,1,980
7444,2,568
7444,3,837
7444,4,655
7445,0,5
7445,1,5
7445,2,5
7445,3,5
7445,4,147
7446,0,53
7446,1,52
7446,2,52
7446,3,52
7446,4,53
7447,0,481
7447,1,481
7447,2,626
7447,3,481
7447,4,481
7448,0,548
7448,1,553
7448,2,548
7448,3,548
7448,4,553
7449,0,59
7449,1,55
7449,2,59
7449,3,59
7449,4,59
7450,0,452
7450,1,824
7450,2,824
7450,3,824
7450,4,824
7451,0,679
7451,1,679
7451,2,679
7451,3,679
7451,4,488
7452,0,651
7452,1,651
7452,2,745
7452,3,651
7452,4,651
7453,0,221
7453,1,266
7453,2,266
7453,3,266
7453,4,266
7454,0,611
7454,1,539
7454,2,345
7454,3,539
7454,4,345
7455,0,909
7455,1,909
7455,2,469
7455,3,909
7455,4,909
7456,0,511
7456,1,511
7456,2,751
7456,3,751
7456,4,751
7457,0,958
7457,1,958
7457,2,958
7457,3,706
7457,4,958
7458,0,540
7458,1,540
7458,2,510
7458,3,540
7458,4,517
7459,0,474
7459,1,841
7459,2,841
7459,3,841
7459,4,841
7460,0,961
7460,1,961
7460,2,961
7460,3,910
7460,4,961
7461,0,826
7461,1,826
7461,2,826
7461,3,688
7461,4,826
7462,0,7
7462,1,7
7462,2,7
7462,3,8
7462,4,7
7463,0,435
7463,1,876
7463,2,876
7463,3,435
7463,4,435
7464,0,504
7464,1,808
7464,2,808
7464,3,504
7464,4,725
7465,0,448
7465,1,637
7465,2,410
7465,3,448
7465,4,410
7466,0,541
7466,1,463
7466,2,463
7466,3,541
7466,4,541
7467,0,458
7467,1,458
7467,2,458
7467,3,458
7467,4,743
7468,0,472
7468,1,777
7468,2,777
7468,3,777
7468,4,777
7469,0,664
7469,1,664
7469,2,851
7469,3,664
7469,4,851
7470,0,655
7470,1,834
7470,2,834
7470,3,834
7470,4,834
7471,0,266
7471,1,202
7471,2,202
7471,3,202
7471,4,202
7472,0,681
7472,1,742
7472,2,681
7472,3,742
7472,4,681
7473,0,704
7473,1,468
7473,2,468
7473,3,704
7473,4,627
7474,0,349
7474,1,349
7474,2,348
7474,3,349
7474,4,349
7475,0,478
7475,1,219
7475,2,478
7475,3,219
7475,4,219
7476,0,208
7476,1,208
7476,2,208
7476,3,208
7476,4,257
7477,0,600
7477,1,794
7477,2,600
7477,3,600
7477,4,600
7478,0,620
7478,1,620
7478,2,681
7478,3,620
7478,4,620
7479,0,582
7479,1,398
7479,2,398
7479,3,398
7479,4,950
7480,0,606
7480,1,523
7480,2,882
7480,3,606
7480,4,523
7481,0,634
7481,1,634
7481,2,60
7481,3,502
7481,4,60
7482,0,458
7482,1,922
7482,2,922
7482,3,922
7482,4,922
7483,0,461
7483,1,461
7483,2,461
7483,3,461
7483,4,787
7484,0,393
7484,1,973
7484,2,973
7484,3,973
7484,4,393
7485,0,15
7485,1,15
7485,2,15
7485,3,448
7485,4,15
7486,0,582
7486,1,415
7486,2,932
7486,3,582
7486,4,932
7487,0,743
7487,1,743
7487,2,436
7487,3,520
7487,4,436
7488,0,755
7488,1,807
7488,2,807
7488,3,807
7488,4,807
7489,0,526
7489,1,526
7489,2,673
7489,3,782
7489,4,782
7490,0,637
7490,1,637
7490,2,879
7490,3,637
7490,4,637
7491,0,988
7491,1,988
7491,2,879
7491,3,988
7491,4,619
7492,0,857
7492,1,406
7492,2,406
7492,3,406
7492,4,406
7493,0,756
7493,1,559
7493,2,559
7493,3,559
7493,4,559
7494,0,527
7494,1,527
7494,2,527
7494,3,527
7494,4,664
7495,0,451
7495,1,464
7495,2,714
7495,3,787
7495,4,778
7496,0,475
7496,1,589
7496,2,589
7496,3,475
7496,4,589
7497,0,171
7497,1,171
7497,2,434
7497,3,171
7497,4,434
7498,0,346
7498,1,346
7498,2,348
7498,3,346
7498,4,346
7499,0,888
7499,1,884
7499,2,888
7499,3,884
7499,4,888
7500,0,837
7500,1,643
7500,2,643
7500,3,837
7500,4,643
7501,0,357
7501,1,674
7501,2,674
7501,3,357
7501,4,335
7502,0,538
7502,1,727
7502,2,538
7502,3,538
7502,4,538
7503,0,921
7503,1,746
7503,2,746
7503,3,746
7503,4,746
7504,0,421
7504,1,506
7504,2,421
7504,3,421
7504,4,421
7505,0,951
7505,1,519
7505,2,943
7505,3,582
7505,4,582
7506,0,748
7506,1,893
7506,2,492
7506,3,893
7506,4,893
7507,0,63
7507,1,53
7507,2,52
7507,3,52
7507,4,56
7508,0,787
7508,1,787
7508,2,458
7508,3,787
7508,4,787
7509,0,890
7509,1,890
7509,2,445
7509,3,890
7509,4,445
7510,0,837
7510,1,837
7510,2,837
7510,3,837
7510,4,885
7511,0,629
7511,1,767
7511,2,629
7511,3,629
7511,4,767
7512,0,718
7512,1,821
7512,2,821
7512,3,718
7512,4,821
7513,0,848
7513,1,848
7513,2,848
7513,3,482
7513,4,482
7514,0,689
7514,1,689
7514,2,411
7514,3,689
7514,4,411
7515,0,917
7515,1,406
7515,2,406
7515,3,611
7515,4,406
7516,0,684
7516,1,684
7516,2,679
7516,3,679
7516,4,679
7517,0,173
7517,1,173
7517,2,253
7517,3,173
7517,4,173
7518,0,427
7518,1,756
7518,2,427
7518,3,427
7518,4,756
7519,0,65
7519,1,65
7519,2,6
7519,3,65
7519,4,65
7520,0,848
7520,1,632
7520,2,848
7520,3,754
7520,4,632
7521,0,460
7521,1,460
7521,2,437
7521,3,460
7521,4,460
7522,0,455
7522,1,504
7522,2,455
7522,3,504
7522,4,692
7523,0,85
7523,1,84
7523,2,7
7523,3,84
7523,4,7
7524,0,966
7524,1,845
7524,2,845
7524,3,845
7524,4,845
7525,0,371
7525,1,371
7525,2,372
7525,3,371
7525,4,371
7526,0,277
7526,1,277
7526,2,277
7526,3,278
7526,4,277
7527,0,753
7527,1,753
7527,2,753
7527,3,811
7527,4,753
7528,0,639
7528,1,638
7528,2,639
7528,3,639
7528,4,638
7529,0,983
7529,1,983
7529,2,801
7529,3,837
7529,4,983
7530,0,790
7530,1,790
7530,2,588
7530,3,790
7530,4,790
7531,0,201
7531,1,201
7531,2,154
7531,3,201
7531,4,154
7532,0,53
7532,1,53
7532,2,58
7532,3,53
7532,4,53
7533,0,929
7533,1,433
7533,2,433
7533,3,433
7533,4,433
7534,0,391
7534,1,394
7534,2,391
7534,3,391
7534,4,391
7535,0,21
7535,1,134
7535,2,134
7535,3,129
7535,4,134
7536,0,599
7536,1,971
7536,2,971
7536,3,971
7536,4,971
7537,0,638
7537,1,639
7537,2,639
7537,3,638
7537,4,639
7538,0,641
7538,1,850
7538,2,587
7538,3,850
7538,4,596
7539,0,271
7539,1,269
7539,2,269
7539,3,269
7539,4,269
7540,0,489
7540,1,489
7540,2,489
7540,3,498
7540,4,489
7541,0,426
7541,1,635
7541,2,426
7541,3,635
7541,4,635
7542,0,276
7542,1,276
7542,2,276
7542,3,51
7542,4,276
7543,0,487
7543,1,777
7543,2,487
7543,3,487
7543,4,777
7544,0,683
7544,1,683
7544,2,432
7544,3,683
7544,4,432
7545,0,153
7545,1,153
7545,2,265
7545,3,153
7545,4,153
7546,0,654
7546,1,734
7546,2,654
7546,3,654
7546,4,654
7547,0,598
7547,1,598
7547,2,598
7547,3,664
7547,4,598
7548,0,811
7548,1,897
7548,2,534
7548,3,811
7548,4,811
7549,0,657
7549,1,657
7549,2,657
7549,3,657
7549,4,744
7550,0,880
7550,1,880
7550,2,880
7550,3,870
7550,4,880
7551,0,664
7551,1,664
7551,2,527
7551,3,673
7551,4,527
7552,0,281
7552,1,287
7552,2,281
7552,3,284
7552,4,281
7553,0,230
7553,1,230
7553,2,231
7553,3,230
7553,4,231
7554,0,650
7554,1,650
7554,2,650
7554,3,650
7554,4,855
7555,0,18
7555,1,21
7555,2,21
7555,3,21
7555,4,21
7556,0,903
7556,1,459
7556,2,903
7556,3,903
7556,4,903
7557,0,692
7557,1,969
7557,2,969
7557,3,692
7557,4,969
7558,0,591
7558,1,591
7558,2,591
7558,3,591
7558,4,459
7559,0,960
7559,1,415
7559,2,960
7559,3,960
7559,4,960
7560,0,374
7560,1,374
7560,2,371
7560,3,374
7560,4,374
7561,0,585
7561,1,585
7561,2,823
7561,3,823
7561,4,585
7562,0,415
7562,1,415
7562,2,637
7562,3,415
7562,4,857
7563,0,159
7563,1,168
7563,2,159
7563,3,159
7563,4,168
7564,0,137
7564,1,137
7564,2,97
7564,3,137
7564,4,98
7565,0,172
7565,1,172
7565,2,172
7565,3,208
7565,4,172
7566,0,356
7566,1,359
7566,2,359
7566,3,358
7566,4,359
7567,0,527
7567,1,527
7567,2,526
7567,3,527
7567,4,527
7568,0,65
7568,1,65
7568,2,115
7568,3,115
7568,4,115
7569,0,101
7569,1,386
7569,2,101
7569,3,101
7569,4,101
7570,0,610
7570,1,411
7570,2,610
7570,3,679
7570,4,610
7571,0,728
7571,1,465
7571,2,465
7571,3,728
7571,4,465
7572,0,180
7572,1,180
7572,2,243
7572,3,243
7572,4,243
7573,0,627
7573,1,627
7573,2,795
7573,3,627
7573,4,627
7574,0,836
7574,1,518
7574,2,837
7574,3,837
7574,4,836
7575,0,482
7575,1,848
7575,2,481
7575,3,848
7575,4,481
7576,0,380
7576,1,365
7576,2,365
7576,3,365
7576,4,365
7577,0,517
7577,1,517
7577,2,488
7577,3,517
7577,4,517
7578,0,767
7578,1,767
7578,2,477
7578,3,477
7578,4,477
7579,0,264
7579,1,227
7579,2,227
7579,3,273
7579,4,227
7580,0,887
7580,1,887
7580,2,887
7580,3,735
7580,4,735
7581,0,511
7581,1,685
7581,2,511
7581,3,511
7581,4,511
7582,0,66
7582,1,68
7582,2,54
7582,3,54
7582,4,68
7583,0,502
7583,1,630
7583,2,630
7583,3,502
7583,4,630
7584,0,978
7584,1,978
7584,2,978
7584,3,814
7584,4,978
7585,0,774
7585,1,435
7585,2,608
7585,3,774
7585,4,447
7586,0,556
7586,1,765
7586,2,765
7586,3,556
7586,4,765
7587,0,40
7587,1,40
7587,2,40
7587,3,46
7587,4,40
7588,0,4
7588,1,3
7588,2,3
7588,3,3
7588,4,3
7589,0,448
7589,1,637
7589,2,637
7589,3,448
7589,4,637
7590,0,922
7590,1,700
7590,2,922
7590,3,922
7590,4,762
7591,0,349
7591,1,349
7591,2,348
7591,3,349
7591,4,349
7592,0,236
7592,1,165
7592,2,165
7592,3,234
7592,4,165
7593,0,717
7593,1,791
7593,2,717
7593,3,436
7593,4,717
7594,0,497
7594,1,23
7594,2,497
7594,3,497
7594,4,497
7595,0,536
7595,1,536
7595,2,403
7595,3,536
7595,4,536
7596,0,885
7596,1,446
7596,2,446
7596,3,885
7596,4,446
7597,0,906
7597,1,457
7597,2,906
7597,3,906
7597,4,906
7598,0,865
7598,1,917
7598,2,917
7598,3,917
7598,4,917
7599,0,759
7599,1,759
7599,2,745
7599,3,759
7599,4,745
7600,0,562
7600,1,762
7600,2,762
7600,3,532
7600,4,762
7601,0,998
7601,1,998
7601,2,998
7601,3,987
7601,4,998
7602,0,332
7602,1,332
7602,2,332
7602,3,154
7602,4,526
7603,0,617
7603,1,834
7603,2,836
7603,3,617
7603,4,836
7604,0,444
7604,1,665
7604,2,665
7604,3,444
7604,4,444
7605,0,881
7605,1,766
7605,2,740
7605,3,881
7605,4,740
7606,0,796
7606,1,841
7606,2,796
7606,3,501
7606,4,501
7607,0,40
7607,1,40
7607,2,46
7607,3,40
7607,4,46
7608,0,852
7608,1,852
7608,2,152
7608,3,852
7608,4,852
7609,0,151
7609,1,158
7609,2,158
7609,3,158
7609,4,158
7610,0,584
7610,1,584
7610,2,584
7610,3,584
7610,4,490
7611,0,582
7611,1,934
7611,2,582
7611,3,582
7611,4,467
7612,0,917
7612,1,917
7612,2,917
7612,3,454
7612,4,917
7613,0,557
7613,1,560
7613,2,560
7613,3,560
7613,4,560
7614,0,397
7614,1,390
7614,2,390
7614,3,390
7614,4,973
7615,0,502
7615,1,502
7615,2,502
7615,3,774
7615,4,502
7616,0,358
7616,1,358
7616,2,359
7616,3,358
7616,4,359
7617,0,899
7617,1,899
7617,2,725
7617,3,899
7617,4,725
7618,0,415
7618,1,415
7618,2,415
7618,3,415
7618,4,762
7619,0,411
7619,1,411
7619,2,797
7619,3,735
7619,4,735
7620,0,702
7620,1,416
7620,2,702
7620,3,702
7620,4,702
7621,0,777
7621,1,777
7621,2,777
7621,3,563
7621,4,563
7622,0,700
7622,1,700
7622,2,950
7622,3,950
7622,4,950
7623,0,689
7623,1,606
7623,2,689
7623,3,689
7623,4,689
7624,0,760
7624,1,897
7624,2,897
7624,3,897
7624,4,608
7625,0,42
7625,1,42
7625,2,42
7625,3,42
7625,4,44
7626,0,795
7626,1,970
7626,2,970
7626,3,795
7626,4,970
7627,0,597
7627,1,652
7627,2,652
7627,3,597
7627,4,652
7628,0,828
7628,1,968
7628,2,828
7628,3,828
7628,4,828
7629,0,774
7629,1,774
7629,2,502
7629,3,774
7629,4,770
7630,0,529
7630,1,824
7630,2,841
7630,3,721
7630,4,841
7631,0,434
7631,1,434
7631,2,443
7631,3,591
7631,4,443
7632,0,513
7632,1,513
7632,2,513
7632,3,875
7632,4,513
7633,0,834
7633,1,906
7633,2,906
7633,3,834
7633,4,906
7634,0,769
7634,1,769
7634,2,769
7634,3,769
7634,4,606
7635,0,461
7635,1,524
7635,2,461
7635,3,461
7635,4,524
7636,0,898
7636,1,898
7636,2,826
7636,3,868
7636,4,898
7637,0,473
7637,1,641
7637,2,473
7637,3,473
7637,4,473
7638,0,605
7638,1,605
7638,2,761
7638,3,605
7638,4,605
7639,0,883
7639,1,883
7639,2,666
7639,3,883
7639,4,666
7640,0,662
7640,1,754
7640,2,662
7640,3,662
7640,4,662
7641,0,436
7641,1,436
7641,2,436
7641,3,656
7641,4,656
7642,0,314
7642,1,126
7642,2,79
7642,3,316
7642,4,126
7643,0,192
7643,1,186
7643,2,185
7643,3,186
7643,4,186
7644,0,907
7644,1,907
7644,2,697
7644,3,907
7644,4,907
7645,0,650
7645,1,819
7645,2,650
7645,3,650
7645,4,650
7646,0,976
7646,1,979
7646,2,979
7646,3,976
7646,4,979
7647,0,711
7647,1,406
7647,2,572
7647,3,406
7647,4,572
7648,0,638
7648,1,638
7648,2,638
7648,3,638
7648,4,639
7649,0,524
7649,1,524
7649,2,524
7649,3,524
7649,4,461
7650,0,66
7650,1,54
7650,2,66
7650,3,54
7650,4,66
7651,0,519
7651,1,495
7651,2,495
7651,3,495
7651,4,495
7652,0,189
7652,1,202
7652,2,202
7652,3,202
7652,4,202
7653,0,828
7653,1,828
7653,2,818
7653,3,632
7653,4,545
7654,0,508
7654,1,681
7654,2,531
7654,3,508
7654,4,508
7655,0,442
7655,1,442
7655,2,708
7655,3,442
7655,4,442
7656,0,277
7656,1,278
7656,2,277
7656,3,277
7656,4,277
7657,0,804
7657,1,804
7657,2,503
7657,3,804
7657,4,503
7658,0,703
7658,1,518
7658,2,703
7658,3,518
7658,4,796
7659,0,437
7659,1,437
7659,2,460
7659,3,437
7659,4,437
7660,0,539
7660,1,496
7660,2,865
7660,3,539
7660,4,865
7661,0,797
7661,1,496
7661,2,443
7661,3,797
7661,4,797
7662,0,605
7662,1,605
7662,2,605
7662,3,844
7662,4,605
7663,0,598
7663,1,848
7663,2,485
7663,3,848
7663,4,848
7664,0,631
7664,1,470
7664,2,999
7664,3,999
7664,4,999
7665,0,59
7665,1,60
7665,2,59
7665,3,59
7665,4,59
7666,0,843
7666,1,859
7666,2,622
7666,3,622
7666,4,622
7667,0,624
7667,1,624
7667,2,624
7667,3,453
7667,4,624
7668,0,571
7668,1,571
7668,2,480
7668,3,571
7668,4,480
7669,0,66
7669,1,68
7669,2,66
7669,3,66
7669,4,66
7670,0,357
7670,1,357
7670,2,357
7670,3,357
7670,4,298
7671,0,203
7671,1,190
7671,2,203
7671,3,228
7671,4,203
7672,0,104
7672,1,269
7672,2,272
7672,3,104
7672,4,271
7673,0,695
7673,1,608
7673,2,608
7673,3,608
7673,4,608
7674,0,227
7674,1,227
7674,2,227
7674,3,227
7674,4,232
7675,0,680
7675,1,680
7675,2,680
7675,3,680
7675,4,804
7676,0,590
7676,1,590
7676,2,487
7676,3,590
7676,4,590
7677,0,505
7677,1,470
7677,2,470
7677,3,505
7677,4,470
7678,0,845
7678,1,424
7678,2,432
7678,3,696
7678,4,558
7679,0,685
7679,1,685
7679,2,778
7679,3,685
7679,4,778
7680,0,286
7680,1,349
7680,2,349
7680,3,286
7680,4,286
7681,0,960
7681,1,927
7681,2,960
7681,3,927
7681,4,960
7682,0,708
7682,1,708
7682,2,456
7682,3,708
7682,4,456
7683,0,700
7683,1,999
7683,2,551
7683,3,893
7683,4,893
7684,0,454
7684,1,523
7684,2,523
7684,3,454
7684,4,523
7685,0,591
7685,1,549
7685,2,549
7685,3,549
7685,4,549
7686,0,816
7686,1,533
7686,2,769
7686,3,769
7686,4,769
7687,0,545
7687,1,632
7687,2,494
7687,3,632
7687,4,632
7688,0,519
7688,1,492
7688,2,519
7688,3,519
7688,4,519
7689,0,999
7689,1,999
7689,2,896
7689,3,896
7689,4,896
7690,0,288
7690,1,288
7690,2,290
7690,3,288
7690,4,288
7691,0,79
7691,1,79
7691,2,314
7691,3,79
7691,4,79
7692,0,899
7692,1,898
7692,2,929
7692,3,929
7692,4,929
7693,0,352
7693,1,274
7693,2,291
7693,3,352
7693,4,352
7694,0,545
7694,1,581
7694,2,545
7694,3,581
7694,4,545
7695,0,168
7695,1,168
7695,2,168
7695,3,168
7695,4,159
7696,0,744
7696,1,657
7696,2,744
7696,3,744
7696,4,744
7697,0,809
7697,1,809
7697,2,809
7697,3,925
7697,4,925
7698,0,423
7698,1,424
7698,2,423
7698,3,423
7698,4,423
7699,0,786
7699,1,424
7699,2,786
7699,3,860
7699,4,786
7700,0,799
7700,1,905
7700,2,799
7700,3,495
7700,4,495
7701,0,869
7701,1,869
7701,2,399
7701,3,608
7701,4,399
7702,0,608
7702,1,841
7702,2,636
7702,3,837
7702,4,608
7703,0,526
7703,1,585
7703,2,424
7703,3,424
7703,4,424
7704,0,827
7704,1,427
7704,2,469
7704,3,469
7704,4,827
7705,0,719
7705,1,719
7705,2,712
7705,3,719
7705,4,674
7706,0,470
7706,1,470
7706,2,647
7706,3,463
7706,4,463
7707,0,630
7707,1,630
7707,2,770
7707,3,630
7707,4,770
7708,0,619
7708,1,846
7708,2,619
7708,3,619
7708,4,619
7709,0,725
7709,1,968
7709,2,504
7709,3,725
7709,4,504
7710,0,526
7710,1,588
7710,2,532
7710,3,532
7710,4,896
7711,0,237
7711,1,237
7711,2,263
7711,3,151
7711,4,237
7712,0,497
7712,1,497
7712,2,538
7712,3,497
7712,4,538
7713,0,245
7713,1,929
7713,2,929
7713,3,929
7713,4,929
7714,0,379
7714,1,379
7714,2,378
7714,3,378
7714,4,378
7715,0,913
7715,1,517
7715,2,517
7715,3,913
7715,4,517
7716,0,876
7716,1,876
7716,2,876
7716,3,876
7716,4,435
7717,0,790
7717,1,790
7717,2,791
7717,3,791
7717,4,791
7718,0,473
7718,1,758
7718,2,535
7718,3,507
7718,4,535
7719,0,883
7719,1,223
7719,2,738
7719,3,521
7719,4,738
7720,0,971
7720,1,971
7720,2,971
7720,3,902
7720,4,971
7721,0,112
7721,1,117
7721,2,112
7721,3,112
7721,4,112
7722,0,462
7722,1,677
7722,2,677
7722,3,677
7722,4,677
7723,0,8
7723,1,8
7723,2,7
7723,3,7
7723,4,8
7724,0,285
7724,1,285
7724,2,285
7724,3,285
7724,4,281
7725,0,380
7725,1,380
7725,2,382
7725,3,380
7725,4,382
7726,0,265
7726,1,266
7726,2,266
7726,3,265
7726,4,266
7727,0,848
7727,1,482
7727,2,482
7727,3,848
7727,4,848
7728,0,766
7728,1,122
7728,2,766
7728,3,813
7728,4,122
7729,0,551
7729,1,551
7729,2,551
7729,3,629
7729,4,551
7730,0,636
7730,1,636
7730,2,772
7730,3,841
7730,4,772
7731,0,848
7731,1,848
7731,2,848
7731,3,481
7731,4,481
7732,0,745
7732,1,745
7732,2,745
7732,3,786
7732,4,745
7733,0,322
7733,1,324
7733,2,322
7733,3,322
7733,4,324
7734,0,208
7734,1,208
7734,2,207
7734,3,208
7734,4,208
7735,0,5
7735,1,394
7735,2,394
7735,3,390
7735,4,394
7736,0,899
7736,1,725
7736,2,725
7736,3,494
7736,4,725
7737,0,636
7737,1,549
7737,2,549
7737,3,549
7737,4,549
7738,0,328
7738,1,328
7738,2,619
7738,3,328
7738,4,619
7739,0,893
7739,1,893
7739,2,748
7739,3,893
7739,4,748
7740,0,960
7740,1,960
7740,2,470
7740,3,960
7740,4,960
7741,0,588
7741,1,790
7741,2,588
7741,3,790
7741,4,588
7742,0,823
7742,1,713
7742,2,823
7742,3,823
7742,4,823
7743,0,754
7743,1,485
7743,2,754
7743,3,754
7743,4,754
7744,0,857
7744,1,406
7744,2,406
7744,3,857
7744,4,406
7745,0,764
7745,1,764
7745,2,764
7745,3,764
7745,4,683
7746,0,64
7746,1,64
7746,2,55
7746,3,64
7746,4,55
7747,0,504
7747,1,673
7747,2,504
7747,3,503
7747,4,504
7748,0,281
7748,1,281
7748,2,281
7748,3,281
7748,4,285
7749,0,77
7749,1,307
7749,2,307
7749,3,307
7749,4,307
7750,0,266
7750,1,202
7750,2,189
7750,3,199
7750,4,202
7751,0,312
7751,1,312
7751,2,312
7751,3,937
7751,4,312
7752,0,813
7752,1,618
7752,2,813
7752,3,813
7752,4,618
7753,0,487
7753,1,862
7753,2,578
7753,3,578
7753,4,578
7754,0,733
7754,1,910
7754,2,602
7754,3,733
7754,4,733
7755,0,524
7755,1,461
7755,2,461
7755,3,524
7755,4,524
7756,0,769
7756,1,798
7756,2,769
7756,3,769
7756,4,798
7757,0,910
7757,1,948
7757,2,948
7757,3,948
7757,4,948
7758,0,506
7758,1,679
7758,2,679
7758,3,679
7758,4,679
7759,0,600
7759,1,813
7759,2,813
7759,3,813
7759,4,813
7760,0,998
7760,1,987
7760,2,998
7760,3,998
7760,4,998
7761,0,997
7761,1,997
7761,2,947
7761,3,947
7761,4,997
7762,0,218
7762,1,218
7762,2,218
7762,3,215
7762,4,218
7763,0,641
7763,1,641
7763,2,641
7763,3,574
7763,4,641
7764,0,564
7764,1,492
7764,2,564
7764,3,492
7764,4,564
7765,0,787
7765,1,892
7765,2,818
7765,3,818
7765,4,818
7766,0,99
7766,1,99
7766,2,100
7766,3,100
7766,4,100
7767,0,409
7767,1,409
7767,2,826
7767,3,409
7767,4,826
7768,0,773
7768,1,773
7768,2,773
7768,3,773
7768,4,992
7769,0,42
7769,1,42
7769,2,46
7769,3,46
7769,4,46
7770,0,548
7770,1,548
7770,2,598
7770,3,598
7770,4,548
7771,0,718
7771,1,839
7771,2,839
7771,3,839
7771,4,839
7772,0,590
7772,1,810
7772,2,810
7772,3,810
7772,4,590
7773,0,61
7773,1,61
7773,2,62
7773,3,60
7773,4,60
7774,0,738
7774,1,703
7774,2,738
7774,3,703
7774,4,738
7775,0,162
7775,1,162
7775,2,162
7775,3,166
7775,4,166
7776,0,811
7776,1,753
7776,2,753
7776,3,753
7776,4,753
7777,0,772
7777,1,813
7777,2,813
7777,3,813
7777,4,587
7778,0,403
7778,1,554
7778,2,554
7778,3,405
7778,4,554
7779,0,781
7779,1,781
7779,2,919
7779,3,650
7779,4,919
7780,0,969
7780,1,927
7780,2,927
7780,3,927
7780,4,927
7781,0,687
7781,1,687
7781,2,406
7781,3,687
7781,4,406
7782,0,818
7782,1,641
7782,2,641
7782,3,641
7782,4,641
7783,0,823
7783,1,617
7783,2,720
7783,3,617
7783,4,720
7784,0,810
7784,1,810
7784,2,878
7784,3,878
7784,4,878
7785,0,967
7785,1,773
7785,2,773
7785,3,868
7785,4,967
7786,0,570
7786,1,570
7786,2,570
7786,3,570
7786,4,465
7787,0,512
7787,1,512
7787,2,512
7787,3,512
7787,4,473
7788,0,397
7788,1,65
7788,2,390
7788,3,397
7788,4,973
7789,0,503
7789,1,503
7789,2,503
7789,3,503
7789,4,641
7790,0,638
7790,1,775
7790,2,639
7790,3,638
7790,4,639
7791,0,75
7791,1,75
7791,2,75
7791,3,75
7791,4,314
7792,0,977
7792,1,145
7792,2,145
7792,3,977
7792,4,145
7793,0,283
7793,1,231
7793,2,332
7793,3,283
7793,4,283
7794,0,943
7794,1,945
7794,2,945
7794,3,945
7794,4,945
7795,0,789
7795,1,789
7795,2,789
7795,3,789
7795,4,799
7796,0,333
7796,1,260
7796,2,387
7796,3,356
7796,4,356
7797,0,828
7797,1,828
7797,2,924
7797,3,943
7797,4,943
7798,0,363
7798,1,50
7798,2,50
7798,3,363
7798,4,363
7799,0,885
7799,1,885
7799,2,885
7799,3,578
7799,4,689
7800,0,423
7800,1,423
7800,2,423
7800,3,566
7800,4,423
7801,0,424
7801,1,423
7801,2,424
7801,3,423
7801,4,423
7802,0,957
7802,1,738
7802,2,957
7802,3,957
7802,4,957
7803,0,927
7803,1,927
7803,2,868
7803,3,928
7803,4,927
7804,0,66
7804,1,66
7804,2,66
7804,3,34
7804,4,66
7805,0,436
7805,1,454
7805,2,860
7805,3,436
7805,4,860
7806,0,871
7806,1,871
7806,2,484
7806,3,871
7806,4,871
7807,0,526
7807,1,553
7807,2,453
7807,3,526
7807,4,553
7808,0,839
7808,1,839
7808,2,718
7808,3,839
7808,4,839
7809,0,718
7809,1,460
7809,2,718
7809,3,718
7809,4,718
7810,0,269
7810,1,269
7810,2,271
7810,3,280
7810,4,271
7811,0,922
7811,1,470
7811,2,470
7811,3,928
7811,4,470
7812,0,524
7812,1,524
7812,2,524
7812,3,524
7812,4,461
7813,0,422
7813,1,543
7813,2,543
7813,3,422
7813,4,543
7814,0,767
7814,1,710
7814,2,767
7814,3,767
7814,4,710
7815,0,402
7815,1,402
7815,2,402
7815,3,650
7815,4,402
7816,0,208
7816,1,805
7816,2,805
7816,3,805
7816,4,805
7817,0,473
7817,1,777
7817,2,777
7817,3,777
7817,4,777
7818,0,879
7818,1,405
7818,2,405
7818,3,870
7818,4,822
7819,0,555
7819,1,555
7819,2,570
7819,3,555
7819,4,691
7820,0,743
7820,1,412
7820,2,877
7820,3,687
7820,4,905
7821,0,895
7821,1,812
7821,2,895
7821,3,404
7821,4,812
7822,0,865
7822,1,509
7822,2,865
7822,3,509
7822,4,509
7823,0,689
7823,1,775
7823,2,689
7823,3,689
7823,4,775
7824,0,549
7824,1,549
7824,2,549
7824,3,446
7824,4,549
7825,0,848
7825,1,482
7825,2,848
7825,3,848
7825,4,848
7826,0,489
7826,1,912
7826,2,912
7826,3,489
7826,4,489
7827,0,748
7827,1,709
7827,2,893
7827,3,748
7827,4,893
7828,0,516
7828,1,797
7828,2,285
7828,3,797
7828,4,516
7829,0,748
7829,1,709
7829,2,709
7829,3,709
7829,4,709
7830,0,61
7830,1,62
7830,2,62
7830,3,61
7830,4,62
7831,0,793
7831,1,971
7831,2,971
7831,3,793
7831,4,971
7832,0,792
7832,1,792
7832,2,795
7832,3,795
7832,4,795
7833,0,587
7833,1,587
7833,2,587
7833,3,587
7833,4,769
7834,0,421
7834,1,421
7834,2,421
7834,3,421
7834,4,506
7835,0,809
7835,1,952
7835,2,944
7835,3,923
7835,4,944
7836,0,926
7836,1,909
7836,2,909
7836,3,926
7836,4,926
7837,0,834
7837,1,834
7837,2,457
7837,3,834
7837,4,457
7838,0,241
7838,1,241
7838,2,240
7838,3,240
7838,4,240
7839,0,810
7839,1,810
7839,2,810
7839,3,810
7839,4,878
7840,0,478
7840,1,709
7840,2,478
7840,3,709
7840,4,478
7841,0,939
7841,1,943
7841,2,939
7841,3,939
7841,4,939
7842,0,624
7842,1,884
7842,2,884
7842,3,884
7842,4,884
7843,0,66
7843,1,401
7843,2,61
7843,3,60
7843,4,62
7844,0,895
7844,1,908
7844,2,908
7844,3,908
7844,4,908
7845,0,101
7845,1,101
7845,2,386
7845,3,101
7845,4,101
7846,0,851
7846,1,851
7846,2,851
7846,3,782
7846,4,664
7847,0,997
7847,1,997
7847,2,997
7847,3,947
7847,4,997
7848,0,553
7848,1,553
7848,2,493
7848,3,553
7848,4,493
7849,0,617
7849,1,617
7849,2,841
7849,3,617
7849,4,841
7850,0,840
7850,1,840
7850,2,792
7850,3,561
7850,4,792
7851,0,598
7851,1,598
7851,2,598
7851,3,598
7851,4,548
7852,0,907
7852,1,868
7852,2,868
7852,3,868
7852,4,503
7853,0,418
7853,1,418
7853,2,623
7853,3,623
7853,4,623
7854,0,828
7854,1,845
7854,2,845
7854,3,845
7854,4,845
7855,0,876
7855,1,876
7855,2,435
7855,3,876
7855,4,435
7856,0,477
7856,1,414
7856,2,759
7856,3,477
7856,4,414
7857,0,843
7857,1,677
7857,2,488
7857,3,488
7857,4,677
7858,0,495
7858,1,492
7858,2,495
7858,3,495
7858,4,495
7859,0,865
7859,1,860
7859,2,865
7859,3,509
7859,4,865
7860,0,215
7860,1,238
7860,2,256
7860,3,247
7860,4,256
7861,0,496
7861,1,496
7861,2,420
7861,3,496
7861,4,619
7862,0,32
7862,1,30
7862,2,30
7862,3,32
7862,4,32
7863,0,700
7863,1,999
7863,2,999
7863,3,999
7863,4,999
7864,0,32
7864,1,32
7864,2,30
7864,3,32
7864,4,32
7865,0,740
7865,1,740
7865,2,783
7865,3,740
7865,4,740
7866,0,718
7866,1,718
7866,2,536
7866,3,718
7866,4,536
7867,0,867
7867,1,867
7867,2,867
7867,3,757
7867,4,867
7868,0,973
7868,1,983
7868,2,983
7868,3,983
7868,4,983
7869,0,458
7869,1,458
7869,2,708
7869,3,458
7869,4,458
7870,0,868
7870,1,588
7870,2,588
7870,3,868
7870,4,868
7871,0,931
7871,1,931
7871,2,930
7871,3,931
7871,4,930
7872,0,902
7872,1,804
7872,2,473
7872,3,804
7872,4,482
7873,0,623
7873,1,563
7873,2,749
7873,3,563
7873,4,749
7874,0,215
7874,1,215
7874,2,215
7874,3,215
7874,4,207
7875,0,849
7875,1,849
7875,2,883
7875,3,469
7875,4,618
7876,0,847
7876,1,847
7876,2,847
7876,3,847
7876,4,408
7877,0,962
7877,1,927
7877,2,949
7877,3,927
7877,4,949
7878,0,748
7878,1,893
7878,2,636
7878,3,893
7878,4,464
7879,0,664
7879,1,664
7879,2,851
7879,3,664
7879,4,782
7880,0,696
7880,1,443
7880,2,443
7880,3,443
7880,4,463
7881,0,693
7881,1,802
7881,2,408
7881,3,913
7881,4,660
7882,0,549
7882,1,700
7882,2,700
7882,3,549
7882,4,446
7883,0,943
7883,1,948
7883,2,943
7883,3,943
7883,4,943
7884,0,527
7884,1,527
7884,2,527
7884,3,527
7884,4,664
7885,0,488
7885,1,488
7885,2,488
7885,3,488
7885,4,490
7886,0,667
7886,1,667
7886,2,400
7886,3,667
7886,4,667
7887,0,308
7887,1,309
7887,2,308
7887,3,308
7887,4,308
7888,0,283
7888,1,283
7888,2,283
7888,3,285
7888,4,285
7889,0,894
7889,1,894
7889,2,894
7889,3,453
7889,4,894
7890,0,424
7890,1,424
7890,2,489
7890,3,424
7890,4,489
7891,0,524
7891,1,524
7891,2,524
7891,3,524
7891,4,461
7892,0,931
7892,1,950
7892,2,968
7892,3,504
7892,4,868
7893,0,223
7893,1,223
7893,2,223
7893,3,224
7893,4,223
7894,0,532
7894,1,762
7894,2,762
7894,3,854
7894,4,762
7895,0,478
7895,1,478
7895,2,692
7895,3,478
7895,4,478
7896,0,470
7896,1,470
7896,2,620
7896,3,470
7896,4,470
7897,0,491
7897,1,733
7897,2,733
7897,3,660
7897,4,733
7898,0,445
7898,1,459
7898,2,459
7898,3,445
7898,4,459
7899,0,542
7899,1,542
7899,2,541
7899,3,542
7899,4,541
7900,0,597
7900,1,676
7900,2,477
7900,3,636
7900,4,597
7901,0,972
7901,1,972
7901,2,972
7901,3,976
7901,4,976
7902,0,240
7902,1,241
7902,2,239
7902,3,240
7902,4,240
7903,0,600
7903,1,600
7903,2,600
7903,3,488
7903,4,600
7904,0,809
7904,1,809
7904,2,809
7904,3,618
7904,4,809
7905,0,647
7905,1,647
7905,2,659
7905,3,647
7905,4,647
7906,0,250
7906,1,250
7906,2,250
7906,3,250
7906,4,248
7907,0,721
7907,1,721
7907,2,721
7907,3,5
7907,4,721
7908,0,494
7908,1,494
7908,2,494
7908,3,469
7908,4,494
7909,0,759
7909,1,722
7909,2,759
7909,3,759
7909,4,622
7910,0,529
7910,1,431
7910,2,529
7910,3,516
7910,4,516
7911,0,148
7911,1,148
7911,2,148
7911,3,147
7911,4,148
7912,0,508
7912,1,508
7912,2,508
7912,3,508
7912,4,620
7913,0,776
7913,1,819
7913,2,513
7913,3,819
7913,4,513
7914,0,904
7914,1,637
7914,2,904
7914,3,904
7914,4,904
7915,0,923
7915,1,470
7915,2,470
7915,3,470
7915,4,470
7916,0,500
7916,1,677
7916,2,649
7916,3,825
7916,4,500
7917,0,589
7917,1,585
7917,2,589
7917,3,740
7917,4,589
7918,0,733
7918,1,792
7918,2,730
7918,3,600
7918,4,792
7919,0,972
7919,1,976
7919,2,976
7919,3,972
7919,4,976
7920,0,721
7920,1,721
7920,2,765
7920,3,721
7920,4,765
7921,0,979
7921,1,970
7921,2,979
7921,3,979
7921,4,979
7922,0,602
7922,1,702
7922,2,602
7922,3,702
7922,4,702
7923,0,238
7923,1,238
7923,2,238
7923,3,238
7923,4,240
7924,0,600
7924,1,740
7924,2,740
7924,3,596
7924,4,740
7925,0,987
7925,1,987
7925,2,987
7925,3,998
7925,4,987
7926,0,563
7926,1,477
7926,2,477
7926,3,473
7926,4,477
7927,0,673
7927,1,673
7927,2,673
7927,3,464
7927,4,673
7928,0,846
7928,1,532
7928,2,532
7928,3,532
7928,4,846
7929,0,881
7929,1,881
7929,2,881
7929,3,579
7929,4,881
7930,0,659
7930,1,659
7930,2,891
7930,3,659
7930,4,659
7931,0,457
7931,1,585
7931,2,585
7931,3,585
7931,4,585
7932,0,943
7932,1,939
7932,2,939
7932,3,939
7932,4,939
7933,0,436
7933,1,479
7933,2,656
7933,3,656
7933,4,479
7934,0,58
7934,1,20
7934,2,20
7934,3,58
7934,4,20
7935,0,544
7935,1,544
7935,2,544
7935,3,544
7935,4,926
7936,0,637
7936,1,444
7936,2,444
7936,3,637
7936,4,444
7937,0,895
7937,1,895
7937,2,895
7937,3,895
7937,4,908
7938,0,914
7938,1,914
7938,2,914
7938,3,914
7938,4,780
7939,0,408
7939,1,652
7939,2,847
7939,3,408
7939,4,408
7940,0,60
7940,1,60
7940,2,62
7940,3,60
7940,4,62
7941,0,897
7941,1,534
7941,2,897
7941,3,534
7941,4,534
7942,0,204
7942,1,204
7942,2,153
7942,3,153
7942,4,204
7943,0,922
7943,1,692
7943,2,592
7943,3,922
7943,4,592
7944,0,536
7944,1,536
7944,2,536
7944,3,536
7944,4,780
7945,0,519
7945,1,673
7945,2,673
7945,3,478
7945,4,478
7946,0,240
7946,1,227
7946,2,234
7946,3,234
7946,4,234
7947,0,808
7947,1,808
7947,2,808
7947,3,516
7947,4,808
7948,0,448
7948,1,843
7948,2,616
7948,3,448
7948,4,843
7949,0,908
7949,1,908
7949,2,404
7949,3,404
7949,4,404
7950,0,675
7950,1,675
7950,2,867
7950,3,867
7950,4,867
7951,0,324
7951,1,325
7951,2,324
7951,3,325
7951,4,325
7952,0,691
7952,1,691
7952,2,691
7952,3,691
7952,4,570
7953,0,634
7953,1,425
7953,2,853
7953,3,634
7953,4,853
7954,0,192
7954,1,192
7954,2,200
7954,3,192
7954,4,200
7955,0,463
7955,1,463
7955,2,647
7955,3,463
7955,4,647
7956,0,480
7956,1,480
7956,2,480
7956,3,782
7956,4,480
7957,0,870
7957,1,612
7957,2,612
7957,3,612
7957,4,612
7958,0,980
7958,1,976
7958,2,980
7958,3,980
7958,4,980
7959,0,973
7959,1,973
7959,2,985
7959,3,973
7959,4,985
7960,0,603
7960,1,603
7960,2,690
7960,3,603
7960,4,690
7961,0,410
7961,1,410
7961,2,599
7961,3,410
7961,4,599
7962,0,447
7962,1,759
7962,2,447
7962,3,615
7962,4,447
7963,0,764
7963,1,501
7963,2,501
7963,3,501
7963,4,413
7964,0,884
7964,1,538
7964,2,624
7964,3,884
7964,4,624
7965,0,406
7965,1,887
7965,2,887
7965,3,406
7965,4,887
7966,0,384
7966,1,384
7966,2,384
7966,3,384
7966,4,383
7967,0,749
7967,1,749
7967,2,749
7967,3,563
7967,4,749
7968,0,662
7968,1,662
7968,2,754
7968,3,754
7968,4,754
7969,0,562
7969,1,421
7969,2,562
7969,3,421
7969,4,562
7970,0,706
7970,1,708
7970,2,706
7970,3,706
7970,4,706
7971,0,883
7971,1,478
7971,2,446
7971,3,883
7971,4,478
7972,0,748
7972,1,636
7972,2,464
7972,3,748
7972,4,464
7973,0,923
7973,1,923
7973,2,935
7973,3,923
7973,4,923
7974,0,281
7974,1,281
7974,2,285
7974,3,281
7974,4,281
7975,0,419
7975,1,419
7975,2,445
7975,3,419
7975,4,459
7976,0,454
7976,1,454
7976,2,624
7976,3,454
7976,4,454
7977,0,717
7977,1,717
7977,2,717
7977,3,555
7977,4,864
7978,0,828
7978,1,828
7978,2,828
7978,3,828
7978,4,600
7979,0,68
7979,1,68
7979,2,68
7979,3,66
7979,4,68
7980,0,902
7980,1,558
7980,2,558
7980,3,902
7980,4,558
7981,0,266
7981,1,265
7981,2,266
7981,3,265
7981,4,265
7982,0,232
7982,1,247
7982,2,232
7982,3,215
7982,4,247
7983,0,511
7983,1,817
7983,2,511
7983,3,511
7983,4,479
7984,0,403
7984,1,403
7984,2,536
7984,3,403
7984,4,403
7985,0,618
7985,1,618
7985,2,910
7985,3,618
7985,4,618
7986,0,520
7986,1,520
7986,2,431
7986,3,431
7986,4,431
7987,0,558
7987,1,558
7987,2,558
7987,3,566
7987,4,558
7988,0,345
7988,1,345
7988,2,690
7988,3,345
7988,4,345
7989,0,223
7989,1,224
7989,2,224
7989,3,223
7989,4,224
7990,0,263
7990,1,676
7990,2,676
7990,3,676
7990,4,676
7991,0,702
7991,1,602
7991,2,602
7991,3,602
7991,4,602
7992,0,146
7992,1,99
7992,2,146
7992,3,146
7992,4,146
7993,0,166
7993,1,166
7993,2,162
7993,3,166
7993,4,166
7994,0,385
7994,1,101
7994,2,385
7994,3,385
7994,4,385
7995,0,925
7995,1,925
7995,2,925
7995,3,928
7995,4,928
7996,0,836
7996,1,836
7996,2,836
7996,3,837
7996,4,836
7997,0,298
7997,1,299
7997,2,299
7997,3,299
7997,4,299
7998,0,164
7998,1,165
7998,2,164
7998,3,165
7998,4,165
7999,0,184
7999,1,202
7999,2,184
7999,3,202
7999,4,202
8000,0,838
8000,1,838
8000,2,838
8000,3,631
8000,4,838
8001,0,458
8001,1,787
8001,2,640
8001,3,835
8001,4,787
8002,0,753
8002,1,905
8002,2,753
8002,3,753
8002,4,753
8003,0,222
8003,1,257
8003,2,257
8003,3,257
8003,4,257
8004,0,195
8004,1,811
8004,2,237
8004,3,806
8004,4,237
8005,0,217
8005,1,164
8005,2,164
8005,3,164
8005,4,164
8006,0,721
8006,1,721
8006,2,721
8006,3,721
8006,4,790
8007,0,385
8007,1,385
8007,2,101
8007,3,385
8007,4,385
8008,0,634
8008,1,634
8008,2,778
8008,3,634
8008,4,766
8009,0,848
8009,1,848
8009,2,848
8009,3,482
8009,4,482
8010,0,848
8010,1,481
8010,2,481
8010,3,481
8010,4,481
8011,0,973
8011,1,115
8011,2,110
8011,3,973
8011,4,110
8012,0,857
8012,1,857
8012,2,857
8012,3,406
8012,4,857
8013,0,186
8013,1,192
8013,2,182
8013,3,192
8013,4,193
8014,0,404
8014,1,404
8014,2,404
8014,3,404
8014,4,908
8015,0,762
8015,1,498
8015,2,860
8015,3,498
8015,4,860
8016,0,419
8016,1,906
8016,2,906
8016,3,906
8016,4,906
8017,0,881
8017,1,881
8017,2,881
8017,3,579
8017,4,881
8018,0,979
8018,1,979
8018,2,970
8018,3,979
8018,4,970
8019,0,836
8019,1,837
8019,2,836
8019,3,836
8019,4,836
8020,0,176
8020,1,172
8020,2,172
8020,3,172
8020,4,172
8021,0,186
8021,1,192
8021,2,192
8021,3,192
8021,4,192
8022,0,204
8022,1,204
8022,2,200
8022,3,200
8022,4,200
8023,0,862
8023,1,862
8023,2,862
8023,3,610
8023,4,862
8024,0,947
8024,1,992
8024,2,947
8024,3,947
8024,4,947
8025,0,838
8025,1,838
8025,2,838
8025,3,631
8025,4,838
8026,0,12
8026,1,12
8026,2,12
8026,3,11
8026,4,12
8027,0,746
8027,1,746
8027,2,479
8027,3,746
8027,4,479
8028,0,739
8028,1,961
8028,2,891
8028,3,778
8028,4,891
8029,0,634
8029,1,690
8029,2,856
8029,3,634
8029,4,690
8030,0,567
8030,1,567
8030,2,544
8030,3,567
8030,4,567
8031,0,558
8031,1,558
8031,2,683
8031,3,683
8031,4,558
8032,0,851
8032,1,424
8032,2,424
8032,3,424
8032,4,424
8033,0,931
8033,1,931
8033,2,931
8033,3,433
8033,4,931
8034,0,904
8034,1,839
8034,2,839
8034,3,839
8034,4,839
8035,0,652
8035,1,652
8035,2,413
8035,3,652
8035,4,652
8036,0,226
8036,1,197
8036,2,197
8036,3,233
8036,4,226
8037,0,644
8037,1,988
8037,2,126
8037,3,644
8037,4,126
8038,0,183
8038,1,197
8038,2,183
8038,3,183
8038,4,183
8039,0,859
8039,1,766
8039,2,534
8039,3,766
8039,4,859
8040,0,86
8040,1,86
8040,2,139
8040,3,140
8040,4,140
8041,0,338
8041,1,338
8041,2,338
8041,3,929
8041,4,338
8042,0,240
8042,1,238
8042,2,238
8042,3,240
8042,4,240
8043,0,310
8043,1,310
8043,2,310
8043,3,303
8043,4,303
8044,0,240
8044,1,238
8044,2,238
8044,3,240
8044,4,240
8045,0,166
8045,1,162
8045,2,166
8045,3,166
8045,4,166
8046,0,623
8046,1,584
8046,2,623
8046,3,623
8046,4,623
8047,0,108
8047,1,108
8047,2,108
8047,3,329
8047,4,108
8048,0,65
8048,1,65
8048,2,65
8048,3,6
8048,4,395
8049,0,303
8049,1,303
8049,2,644
8049,3,303
8049,4,303
8050,0,455
8050,1,491
8050,2,455
8050,3,455
8050,4,455
8051,0,151
8051,1,151
8051,2,230
8051,3,230
8051,4,151
8052,0,182
8052,1,182
8052,2,262
8052,3,182
8052,4,182
8053,0,505
8053,1,968
8053,2,968
8053,3,922
8053,4,968
8054,0,265
8054,1,265
8054,2,153
8054,3,265
8054,4,266
8055,0,713
8055,1,742
8055,2,742
8055,3,742
8055,4,742
8056,0,513
8056,1,875
8056,2,513
8056,3,513
8056,4,566
8057,0,20
8057,1,20
8057,2,20
8057,3,114
8057,4,20
8058,0,697
8058,1,697
8058,2,816
8058,3,831
8058,4,761
8059,0,681
8059,1,681
8059,2,681
8059,3,620
8059,4,681
8060,0,227
8060,1,227
8060,2,223
8060,3,227
8060,4,227
8061,0,807
8061,1,755
8061,2,755
8061,3,807
8061,4,755
8062,0,889
8062,1,889
8062,2,558
8062,3,889
8062,4,558
8063,0,220
8063,1,219
8063,2,219
8063,3,219
8063,4,219
8064,0,507
8064,1,771
8064,2,507
8064,3,507
8064,4,507
8065,0,831
8065,1,598
8065,2,799
8065,3,831
8065,4,831
8066,0,997
8066,1,996
8066,2,995
8066,3,996
8066,4,996
8067,0,172
8067,1,172
8067,2,246
8067,3,225
8067,4,246
8068,0,238
8068,1,238
8068,2,241
8068,3,238
8068,4,238
8069,0,735
8069,1,841
8069,2,735
8069,3,735
8069,4,735
8070,0,240
8070,1,240
8070,2,241
8070,3,240
8070,4,241
8071,0,814
8071,1,814
8071,2,484
8071,3,408
8071,4,814
8072,0,926
8072,1,923
8072,2,909
8072,3,923
8072,4,909
8073,0,609
8073,1,814
8073,2,609
8073,3,408
8073,4,408
8074,0,138
8074,1,138
8074,2,353
8074,3,353
8074,4,138
8075,0,482
8075,1,485
8075,2,848
8075,3,482
8075,4,482
8076,0,847
8076,1,613
8076,2,745
8076,3,847
8076,4,745
8077,0,80
8077,1,336
8077,2,336
8077,3,336
8077,4,336
8078,0,34
8078,1,33
8078,2,34
8078,3,33
8078,4,34
8079,0,284
8079,1,283
8079,2,284
8079,3,284
8079,4,284
8080,0,824
8080,1,559
8080,2,559
8080,3,559
8080,4,559
8081,0,846
8081,1,846
8081,2,846
8081,3,901
8081,4,846
8082,0,96
8082,1,88
8082,2,96
8082,3,93
8082,4,93
8083,0,524
8083,1,524
8083,2,461
8083,3,461
8083,4,524
8084,0,963
8084,1,931
8084,2,931
8084,3,931
8084,4,931
8085,0,436
8085,1,436
8085,2,717
8085,3,717
8085,4,627
8086,0,617
8086,1,617
8086,2,823
8086,3,617
8086,4,823
8087,0,216
8087,1,652
8087,2,652
8087,3,830
8087,4,413
8088,0,414
8088,1,689
8088,2,689
8088,3,689
8088,4,689
8089,0,224
8089,1,256
8089,2,224
8089,3,224
8089,4,224
8090,0,62
8090,1,54
8090,2,61
8090,3,61
8090,4,61
8091,0,379
8091,1,89
8091,2,89
8091,3,89
8091,4,105
8092,0,489
8092,1,507
8092,2,489
8092,3,489
8092,4,507
8093,0,617
8093,1,617
8093,2,617
8093,3,591
8093,4,617
8094,0,524
8094,1,524
8094,2,461
8094,3,461
8094,4,461
8095,0,46
8095,1,40
8095,2,40
8095,3,46
8095,4,40
8096,0,416
8096,1,602
8096,2,638
8096,3,416
8096,4,416
8097,0,909
8097,1,567
8097,2,544
8097,3,567
8097,4,567
8098,0,965
8098,1,950
8098,2,121
8098,3,931
8098,4,121
8099,0,593
8099,1,593
8099,2,593
8099,3,593
8099,4,419
8100,0,495
8100,1,495
8100,2,495
8100,3,729
8100,4,495
8101,0,285
8101,1,281
8101,2,285
8101,3,285
8101,4,282
8102,0,233
8102,1,233
8102,2,183
8102,3,233
8102,4,183
8103,0,193
8103,1,201
8103,2,201
8103,3,193
8103,4,201
8104,0,442
8104,1,442
8104,2,497
8104,3,497
8104,4,497
8105,0,797
8105,1,797
8105,2,797
8105,3,885
8105,4,797
8106,0,390
8106,1,65
8106,2,65
8106,3,65
8106,4,65
8107,0,312
8107,1,312
8107,2,311
8107,3,312
8107,4,312
8108,0,496
8108,1,496
8108,2,496
8108,3,496
8108,4,911
8109,0,767
8109,1,418
8109,2,418
8109,3,418
8109,4,418
8110,0,679
8110,1,600
8110,2,600
8110,3,600
8110,4,600
8111,0,943
8111,1,943
8111,2,943
8111,3,939
8111,4,943
8112,0,523
8112,1,840
8112,2,792
8112,3,792
8112,4,840
8113,0,977
8113,1,977
8113,2,978
8113,3,978
8113,4,536
8114,0,705
8114,1,547
8114,2,547
8114,3,547
8114,4,547
8115,0,162
8115,1,162
8115,2,162
8115,3,166
8115,4,162
8116,0,427
8116,1,463
8116,2,463
8116,3,463
8116,4,463
8117,0,655
8117,1,585
8117,2,585
8117,3,585
8117,4,585
8118,0,807
8118,1,807
8118,2,755
8118,3,807
8118,4,807
8119,0,214
8119,1,239
8119,2,235
8119,3,232
8119,4,214
8120,0,404
8120,1,908
8120,2,404
8120,3,908
8120,4,404
8121,0,244
8121,1,244
8121,2,256
8121,3,244
8121,4,256
8122,0,789
8122,1,789
8122,2,789
8122,3,904
8122,4,789
8123,0,197
8123,1,197
8123,2,197
8123,3,233
8123,4,197
8124,0,256
8124,1,217
8124,2,218
8124,3,241
8124,4,217
8125,0,52
8125,1,53
8125,2,53
8125,3,53
8125,4,53
8126,0,914
8126,1,914
8126,2,780
8126,3,914
8126,4,780
8127,0,505
8127,1,505
8127,2,550
8127,3,550
8127,4,550
8128,0,101
8128,1,385
8128,2,101
8128,3,101
8128,4,385
8129,0,881
8129,1,881
8129,2,881
8129,3,579
8129,4,579
8130,0,431
8130,1,431
8130,2,516
8130,3,431
8130,4,431
8131,0,132
8131,1,132
8131,2,131
8131,3,132
8131,4,131
8132,0,402
8132,1,402
8132,2,402
8132,3,402
8132,4,714
8133,0,241
8133,1,240
8133,2,241
8133,3,241
8133,4,241
8134,0,54
8134,1,58
8134,2,58
8134,3,58
8134,4,58
8135,0,962
8135,1,962
8135,2,962
8135,3,960
8135,4,960
8136,0,764
8136,1,764
8136,2,413
8136,3,764
8136,4,764
8137,0,998
8137,1,998
8137,2,987
8137,3,998
8137,4,998
8138,0,693
8138,1,693
8138,2,693
8138,3,693
8138,4,445
8139,0,489
8139,1,412
8139,2,427
8139,3,412
8139,4,489
8140,0,586
8140,1,586
8140,2,847
8140,3,847
8140,4,847
8141,0,666
8141,1,787
8141,2,787
8141,3,787
8141,4,666
8142,0,600
8142,1,600
8142,2,488
8142,3,600
8142,4,488
8143,0,198
8143,1,198
8143,2,198
8143,3,196
8143,4,198
8144,0,438
8144,1,438
8144,2,438
8144,3,966
8144,4,438
8145,0,171
8145,1,172
8145,2,171
8145,3,171
8145,4,171
8146,0,582
8146,1,582
8146,2,953
8146,3,582
8146,4,953
8147,0,892
8147,1,787
8147,2,835
8147,3,787
8147,4,892
8148,0,731
8148,1,731
8148,2,731
8148,3,731
8148,4,722
8149,0,767
8149,1,710
8149,2,767
8149,3,767
8149,4,710
8150,0,663
8150,1,730
8150,2,730
8150,3,603
8150,4,730
8151,0,131
8151,1,132
8151,2,132
8151,3,131
8151,4,134
8152,0,627
8152,1,656
8152,2,654
8152,3,627
8152,4,654
8153,0,631
8153,1,631
8153,2,898
8153,3,440
8153,4,631
8154,0,497
8154,1,497
8154,2,497
8154,3,663
8154,4,663
8155,0,547
8155,1,547
8155,2,565
8155,3,547
8155,4,547
8156,0,743
8156,1,877
8156,2,818
8156,3,421
8156,4,818
8157,0,301
8157,1,304
8157,2,301
8157,3,301
8157,4,301
8158,0,847
8158,1,847
8158,2,847
8158,3,586
8158,4,847
8159,0,373
8159,1,373
8159,2,373
8159,3,373
8159,4,374
8160,0,696
8160,1,858
8160,2,499
8160,3,499
8160,4,499
8161,0,784
8161,1,740
8161,2,740
8161,3,740
8161,4,740
8162,0,348
8162,1,349
8162,2,349
8162,3,349
8162,4,349
8163,0,845
8163,1,419
8163,2,626
8163,3,419
8163,4,626
8164,0,965
8164,1,963
8164,2,963
8164,3,963
8164,4,963
8165,0,588
8165,1,790
8165,2,588
8165,3,790
8165,4,868
8166,0,636
8166,1,446
8166,2,446
8166,3,446
8166,4,446
8167,0,673
8167,1,673
8167,2,681
8167,3,508
8167,4,508
8168,0,615
8168,1,615
8168,2,615
8168,3,465
8168,4,615
8169,0,380
8169,1,380
8169,2,382
8169,3,380
8169,4,380
8170,0,566
8170,1,513
8170,2,875
8170,3,566
8170,4,566
8171,0,852
8171,1,767
8171,2,767
8171,3,767
8171,4,767
8172,0,248
8172,1,250
8172,2,250
8172,3,250
8172,4,250
8173,0,501
8173,1,501
8173,2,841
8173,3,501
8173,4,841
8174,0,186
8174,1,186
8174,2,185
8174,3,186
8174,4,185
8175,0,681
8175,1,681
8175,2,681
8175,3,508
8175,4,681
8176,0,240
8176,1,238
8176,2,240
8176,3,240
8176,4,240
8177,0,182
8177,1,247
8177,2,169
8177,3,230
8177,4,170
8178,0,412
8178,1,704
8178,2,412
8178,3,704
8178,4,707
8179,0,885
8179,1,885
8179,2,885
8179,3,885
8179,4,721
8180,0,119
8180,1,119
8180,2,118
8180,3,119
8180,4,119
8181,0,101
8181,1,101
8181,2,385
8181,3,101
8181,4,101
8182,0,511
8182,1,511
8182,2,511
8182,3,511
8182,4,717
8183,0,81
8183,1,81
8183,2,81
8183,3,82
8183,4,82
8184,0,924
8184,1,923
8184,2,924
8184,3,923
8184,4,924
8185,0,443
8185,1,434
8185,2,443
8185,3,443
8185,4,680
8186,0,411
8186,1,411
8186,2,411
8186,3,610
8186,4,411
8187,0,924
8187,1,935
8187,2,924
8187,3,924
8187,4,924
8188,0,21
8188,1,24
8188,2,24
8188,3,695
8188,4,24
8189,0,330
8189,1,330
8189,2,330
8189,3,330
8189,4,331
8190,0,395
8190,1,395
8190,2,389
8190,3,395
8190,4,389
8191,0,272
8191,1,272
8191,2,271
8191,3,272
8191,4,271
8192,0,210
8192,1,210
8192,2,210
8192,3,210
8192,4,178
8193,0,271
8193,1,273
8193,2,271
8193,3,272
8193,4,272
8194,0,733
8194,1,863
8194,2,863
8194,3,863
8194,4,863
8195,0,433
8195,1,692
8195,2,692
8195,3,710
8195,4,692
8196,0,78
8196,1,126
8196,2,126
8196,3,78
8196,4,78
8197,0,35
8197,1,36
8197,2,35
8197,3,35
8197,4,35
8198,0,663
8198,1,663
8198,2,663
8198,3,663
8198,4,698
8199,0,467
8199,1,467
8199,2,3
8199,3,467
8199,4,467
8200,0,302
8200,1,303
8200,2,303
8200,3,310
8200,4,303
8201,0,192
8201,1,106
8201,2,285
8201,3,106
8201,4,285
8202,0,428
8202,1,690
8202,2,690
8202,3,345
8202,4,690
8203,0,548
8203,1,548
8203,2,453
8203,3,453
8203,4,453
8204,0,926
8204,1,925
8204,2,926
8204,3,469
8204,4,926
8205,0,877
8205,1,799
8205,2,471
8205,3,738
8205,4,471
8206,0,902
8206,1,902
8206,2,902
8206,3,473
8206,4,902
8207,0,638
8207,1,639
8207,2,638
8207,3,638
8207,4,639
8208,0,946
8208,1,944
8208,2,946
8208,3,946
8208,4,944
8209,0,728
8209,1,281
8209,2,281
8209,3,728
8209,4,281
8210,0,485
8210,1,530
8210,2,485
8210,3,485
8210,4,534
8211,0,219
8211,1,219
8211,2,204
8211,3,207
8211,4,204
8212,0,348
8212,1,349
8212,2,349
8212,3,349
8212,4,349
8213,0,208
8213,1,208
8213,2,678
8213,3,676
8213,4,676
8214,0,431
8214,1,520
8214,2,431
8214,3,529
8214,4,520
8215,0,423
8215,1,506
8215,2,506
8215,3,506
8215,4,506
8216,0,735
8216,1,735
8216,2,824
8216,3,735
8216,4,735
8217,0,68
8217,1,68
8217,2,68
8217,3,60
8217,4,66
8218,0,187
8218,1,187
8218,2,201
8218,3,187
8218,4,187
8219,0,584
8219,1,523
8219,2,584
8219,3,584
8219,4,584
8220,0,851
8220,1,650
8220,2,819
8220,3,650
8220,4,819
8221,0,400
8221,1,400
8221,2,400
8221,3,667
8221,4,400
8222,0,697
8222,1,697
8222,2,697
8222,3,697
8222,4,831
8223,0,521
8223,1,584
8223,2,584
8223,3,584
8223,4,521
