Q0,A3
Q1,A0
Q2,A8
Q3,A0
Q4,A0
Q5,A2
Q6,A0
Q7,A0
Q8,A0
Q9,A3
Q10,A8
Q11,A4
Q12,A0
Q13,A3
Q14,A0
Q15,A2
Q16,A0
Q17,A1
Q18,A0
Q19,A0
Q20,A8
Q21,A2
Q22,A0
Q23,A0
Q24,A0
Q25,A2
Q26,A1
Q27,A0
Q28,A0
Q29,A8
Q30,A0
Q31,A7
Q32,A4
Q33,A0
Q34,A1
Q35,A0
Q36,A2
Q37,A7
Q38,A8
Q39,A0
Q40,A3
Q41,A2
Q42,A2
Q43,A0
Q44,A0
Q45,A0
Q46,A0
Q47,A1
Q48,A0
Q49,A0
Q50,A3
Q51,A0
Q52,A7
Q53,A0
Q54,A3
Q55,A0
Q56,A2
Q57,A0
Q58,A4
Q59,A2
Q60,A0
Q61,A0
Q62,A0
Q63,A4
Q64,A0
Q65,A0
Q66,A3
Q67,A0
Q68,A2
Q69,A1
Q70,A0
Q71,A2
Q72,A0
Q73,A8
Q74,A0
Q75,A0
Q76,A3
Q77,A0
Q78,A0
Q79,A0
Q80,A12
Q81,A3
Q82,A3
Q83,A3
Q84,A7
Q85,A0
Q86,A0
Q87,A0
Q88,A0
Q89,A0
Q90,A0
Q91,A10
Q92,A0
Q93,A2
Q94,A0
Q95,A4
Q96,A0
Q97,A0
Q98,A1
Q99,A12
Q100,A4
Q101,A0
Q102,A1
Q103,A0
Q104,A0
Q105,A10
Q106,A0
Q107,A1
Q108,A0
Q109,A0
Q110,A0
Q111,A0
Q112,A2
Q113,A2
Q114,A1
Q115,A10
Q116,A7
Q117,A0
Q118,A0
Q119,A0
Q120,A0
Q121,A0
Q122,A0
Q123,A4
Q124,A1
Q125,A0
Q126,A3
Q127,A0
Q128,A2
Q129,A2
Q130,A7
Q131,A2
Q132,A12
Q133,A0
Q134,A0
Q135,A0
Q136,A3
Q137,A8
Q138,A0
Q139,A0
Q140,A1
Q141,A0
Q142,A0
Q143,A3
Q144,A0
Q145,A3
Q146,A0
Q147,A2
Q148,A12
Q149,A0
Q150,A0
Q151,A0
Q152,A12
Q153,A2
Q154,A0
Q155,A0
Q156,A0
Q157,A0
Q158,A0
Q159,A0
Q160,A2
Q161,A0
Q162,A8
Q163,A0
Q164,A3
Q165,A1
Q166,A3
Q167,A2
Q168,A7
Q169,A0
Q170,A0
Q171,A0
Q172,A1
Q173,A0
Q174,A0
Q175,A3
Q176,A4
Q177,A7
Q178,A0
Q179,A1
Q180,A3
Q181,A0
Q182,A0
Q183,A0
Q184,A2
Q185,A3
Q186,A0
Q187,A0
Q188,A3
Q189,A2
Q190,A3
Q191,A7
Q192,A1
Q193,A0
Q194,A3
Q195,A0
Q196,A0
Q197,A0
Q198,A0
Q199,A3
Q200,A12
Q201,A0
Q202,A1
Q203,A4
Q204,A7
Q205,A0
Q206,A0
Q207,A0
Q208,A0
Q209,A3
Q210,A1
Q211,A0
Q212,A0
Q213,A10
Q214,A0
Q215,A0
Q216,A8
Q217,A3
Q218,A7
Q219,A3
Q220,A3
Q221,A8
Q222,A0
Q223,A4
Q224,A3
Q225,A0
Q226,A7
Q227,A0
Q228,A3
Q229,A3
Q230,A1
Q231,A0
Q232,A2
Q233,A3
Q234,A3
Q235,A2
Q236,A0
Q237,A0
Q238,A3
Q239,A2
Q240,A0
Q241,A3
Q242,A4
Q243,A0
Q244,A0
Q245,A0
Q246,A0
Q247,A1
Q248,A8
Q249,A0
Q250,A0
Q251,A0
Q252,A2
Q253,A3
Q254,A4
Q255,A8
Q256,A0
Q257,A2
Q258,A3
Q259,A1
Q260,A0
Q261,A8
Q262,A0
Q263,A0
Q264,A0
Q265,A2
Q266,A10
Q267,A0
Q268,A0
Q269,A0
Q270,A3
Q271,A0
Q272,A0
Q273,A0
Q274,A0
Q275,A0
Q276,A0
Q277,A0
Q278,A0
Q279,A0
Q280,A0
Q281,A7
Q282,A3
Q283,A10
Q284,A2
Q285,A0
Q286,A3
Q287,A0
Q288,A0
Q289,A2
Q290,A12
Q291,A0
Q292,A8
Q293,A0
Q294,A0
Q295,A0
Q296,A1
Q297,A2
Q298,A12
Q299,A7
Q300,A7
Q301,A4
Q302,A3
Q303,A1
Q304,A2
Q305,A2
Q306,A0
Q307,A7
Q308,A0
Q309,A0
Q310,A0
Q311,A0
Q312,A4
Q313,A0
Q314,A3
Q315,A0
Q316,A0
Q317,A0
Q318,A0
Q319,A0
Q320,A2
Q321,A3
Q322,A0
Q323,A3
Q324,A1
Q325,A7
Q326,A0
Q327,A3
Q328,A3
Q329,A7
Q330,A0
Q331,A3
Q332,A0
Q333,A0
Q334,A0
Q335,A2
Q336,A0
Q337,A3
Q338,A0
Q339,A4
Q340,A0
Q341,A0
Q342,A3
Q343,A0
Q344,A8
Q345,A0
Q346,A0
Q347,A8
Q348,A0
Q349,A0
Q350,A2
Q351,A2
Q352,A2
Q353,A0
Q354,A3
Q355,A2
Q356,A1
Q357,A2
Q358,A1
Q359,A0
Q360,A1
Q361,A0
Q362,A0
Q363,A0
Q364,A1
Q365,A0
Q366,A0
Q367,A1
Q368,A2
Q369,A2
Q370,A7
Q371,A0
Q372,A3
Q373,A0
Q374,A7
Q375,A2
Q376,A0
Q377,A2
Q378,A3
Q379,A0
Q380,A0
Q381,A1
Q382,A2
Q383,A2
Q384,A3
Q385,A0
Q386,A0
Q387,A1
Q388,A0
Q389,A0
Q390,A1
Q391,A0
Q392,A0
Q393,A10
Q394,A0
Q395,A0
Q396,A0
Q397,A0
Q398,A0
Q399,A0
Q400,A1
Q401,A1
Q402,A0
Q403,A0
Q404,A1
Q405,A0
Q406,A7
Q407,A4
Q408,A8
Q409,A0
Q410,A0
Q411,A0
Q412,A7
Q413,A3
Q414,A0
Q415,A2
Q416,A3
Q417,A0
Q418,A0
Q419,A2
Q420,A10
Q421,A0
Q422,A0
Q423,A2
Q424,A0
Q425,A0
Q426,A2
Q427,A1
Q428,A0
Q429,A0
Q430,A0
Q431,A3
Q432,A2
Q433,A0
Q434,A0
Q435,A3
Q436,A0
Q437,A12
Q438,A0
Q439,A0
Q440,A1
Q441,A0
Q442,A0
Q443,A0
Q444,A2
Q445,A0
Q446,A12
Q447,A3
Q448,A3
Q449,A0
Q450,A7
Q451,A3
Q452,A0
Q453,A0
Q454,A0
Q455,A0
Q456,A0
Q457,A2
Q458,A0
Q459,A7
Q460,A0
Q461,A0
Q462,A2
Q463,A0
Q464,A0
Q465,A0
Q466,A0
Q467,A1
Q468,A3
Q469,A7
Q470,A1
Q471,A8
Q472,A0
Q473,A0
Q474,A7
Q475,A1
Q476,A0
Q477,A0
Q478,A8
Q479,A8
Q480,A0
Q481,A0
Q482,A3
Q483,A2
Q484,A0
Q485,A3
Q486,A7
Q487,A0
Q488,A2
Q489,A0
Q490,A0
Q491,A0
Q492,A3
Q493,A0
Q494,A0
Q495,A7
Q496,A3
Q497,A10
Q498,A0
Q499,A3
Q500,A2
Q501,A7
Q502,A0
Q503,A3
Q504,A0
Q505,A0
Q506,A0
Q507,A0
Q508,A2
Q509,A0
Q510,A7
Q511,A2
Q512,A2
Q513,A0
Q514,A3
Q515,A7
Q516,A2
Q517,A2
Q518,A7
Q519,A3
Q520,A0
Q521,A10
Q522,A0
Q523,A0
Q524,A3
Q525,A0
Q526,A2
Q527,A4
Q528,A0
Q529,A0
Q530,A2
Q531,A3
Q532,A1
Q533,A0
Q534,A3
Q535,A0
Q536,A3
Q537,A0
Q538,A0
Q539,A5
Q540,A0
Q541,A12
Q542,A0
Q543,A0
Q544,A3
Q545,A0
Q546,A8
Q547,A1
Q548,A7
Q549,A3
Q550,A3
Q551,A0
Q552,A0
Q553,A0
Q554,A12
Q555,A8
Q556,A2
Q557,A3
Q558,A0
Q559,A2
Q560,A0
Q561,A0
Q562,A9
Q563,A0
Q564,A0
Q565,A8
Q566,A1
Q567,A0
Q568,A4
Q569,A0
Q570,A0
Q571,A0
Q572,A0
Q573,A3
Q574,A0
Q575,A0
Q576,A7
Q577,A1
Q578,A4
Q579,A0
Q580,A0
Q581,A0
Q582,A12
Q583,A3
Q584,A0
Q585,A3
Q586,A2
Q587,A0
Q588,A1
Q589,A0
Q590,A4
Q591,A0
Q592,A0
Q593,A0
Q594,A12
Q595,A0
Q596,A0
Q597,A0
Q598,A0
Q599,A2
Q600,A0
Q601,A3
Q602,A2
Q603,A3
Q604,A8
Q605,A7
Q606,A4
Q607,A0
Q608,A0
Q609,A0
Q610,A3
Q611,A0
Q612,A7
Q613,A0
Q614,A4
Q615,A7
Q616,A3
Q617,A2
Q618,A0
Q619,A7
Q620,A0
Q621,A10
Q622,A0
Q623,A0
Q624,A0
Q625,A1
Q626,A0
Q627,A0
Q628,A0
Q629,A0
Q630,A0
Q631,A0
Q632,A0
Q633,A0
Q634,A3
Q635,A7
Q636,A7
Q637,A0
Q638,A0
Q639,A0
Q640,A0
Q641,A0
Q642,A1
Q643,A0
Q644,A1
Q645,A0
Q646,A2
Q647,A0
Q648,A0
Q649,A1
Q650,A2
Q651,A0
Q652,A4
Q653,A1
Q654,A2
Q655,A0
Q656,A4
Q657,A0
Q658,A8
Q659,A4
Q660,A0
Q661,A0
Q662,A0
Q663,A0
Q664,A3
Q665,A0
Q666,A8
Q667,A0
Q668,A2
Q669,A0
Q670,A0
Q671,A2
Q672,A7
Q673,A0
Q674,A0
Q675,A4
Q676,A0
Q677,A7
Q678,A4
Q679,A0
Q680,A0
Q681,A3
Q682,A2
Q683,A4
Q684,A0
Q685,A0
Q686,A0
Q687,A0
Q688,A3
Q689,A0
Q690,A0
Q691,A1
Q692,A0
Q693,A0
Q694,A0
Q695,A0
Q696,A0
Q697,A3
Q698,A1
Q699,A0
Q700,A0
Q701,A3
Q702,A0
Q703,A0
Q704,A0
Q705,A0
Q706,A0
Q707,A0
Q708,A0
Q709,A0
Q710,A8
Q711,A4
Q712,A3
Q713,A0
Q714,A0
Q715,A0
Q716,A3
Q717,A3
Q718,A3
Q719,A0
Q720,A3
Q721,A8
Q722,A4
Q723,A0
Q724,A12
Q725,A0
Q726,A0
Q727,A0
Q728,A0
Q729,A2
Q730,A3
Q731,A0
Q732,A0
Q733,A0
Q734,A0
Q735,A0
Q736,A0
Q737,A0
Q738,A2
Q739,A3
Q740,A0
Q741,A7
Q742,A1
Q743,A0
Q744,A0
Q745,A4
Q746,A0
Q747,A7
Q748,A3
Q749,A7
Q750,A0
Q751,A0
Q752,A0
Q753,A0
Q754,A7
Q755,A2
Q756,A3
Q757,A2
Q758,A0
Q759,A3
Q760,A10
Q761,A4
Q762,A0
Q763,A0
Q764,A0
Q765,A12
Q766,A0
Q767,A0
Q768,A1
Q769,A1
Q770,A0
Q771,A10
Q772,A1
Q773,A0
Q774,A10
Q775,A2
Q776,A0
Q777,A0
Q778,A0
Q779,A2
Q780,A0
Q781,A0
Q782,A0
Q783,A0
Q784,A0
Q785,A1
Q786,A8
Q787,A3
Q788,A1
Q789,A12
Q790,A3
Q791,A0
Q792,A0
Q793,A3
Q794,A2
Q795,A0
Q796,A7
Q797,A0
Q798,A8
Q799,A0
Q800,A0
Q801,A4
Q802,A0
Q803,A0
Q804,A0
Q805,A0
Q806,A0
Q807,A7
Q808,A0
Q809,A0
Q810,A0
Q811,A3
Q812,A0
Q813,A3
Q814,A0
Q815,A0
Q816,A2
Q817,A0
Q818,A0
Q819,A0
Q820,A0
Q821,A0
Q822,A12
Q823,A0
Q824,A0
Q825,A0
Q826,A7
Q827,A0
Q828,A3
Q829,A2
Q830,A0
Q831,A7
Q832,A0
Q833,A0
Q834,A3
Q835,A7
Q836,A0
Q837,A2
Q838,A3
Q839,A0
Q840,A0
Q841,A12
Q842,A2
Q843,A0
Q844,A2
Q845,A2
Q846,A0
Q847,A0
Q848,A0
Q849,A2
Q850,A0
Q851,A0
Q852,A3
Q853,A2
Q854,A3
Q855,A0
Q856,A2
Q857,A0
Q858,A3
Q859,A0
Q860,A7
Q861,A0
Q862,A0
Q863,A0
Q864,A3
Q865,A0
Q866,A0
Q867,A0
Q868,A2
Q869,A7
Q870,A3
Q871,A12
Q872,A0
Q873,A0
Q874,A1
Q875,A1
Q876,A0
Q877,A2
Q878,A0
Q879,A2
Q880,A1
Q881,A8
Q882,A3
Q883,A1
Q884,A7
Q885,A10
Q886,A4
Q887,A0
Q888,A0
Q889,A2
Q890,A0
Q891,A0
Q892,A2
Q893,A7
Q894,A2
Q895,A12
Q896,A0
Q897,A1
Q898,A0
Q899,A2
Q900,A0
Q901,A1
Q902,A2
Q903,A0
Q904,A0
Q905,A3
Q906,A3
Q907,A0
Q908,A0
Q909,A3
Q910,A0
Q911,A0
Q912,A4
Q913,A8
Q914,A0
Q915,A0
Q916,A7
Q917,A0
Q918,A0
Q919,A0
Q920,A0
Q921,A0
Q922,A0
Q923,A0
Q924,A4
Q925,A3
Q926,A12
Q927,A2
Q928,A0
Q929,A0
Q930,A0
Q931,A10
Q932,A0
Q933,A0
Q934,A3
Q935,A0
Q936,A3
Q937,A7
Q938,A0
Q939,A2
Q940,A3
Q941,A0
Q942,A0
Q943,A0
Q944,A0
Q945,A3
Q946,A0
Q947,A3
Q948,A0
Q949,A0
Q950,A0
Q951,A2
Q952,A0
Q953,A2
Q954,A2
Q955,A2
Q956,A0
Q957,A0
Q958,A0
Q959,A2
Q960,A0
Q961,A0
Q962,A1
Q963,A2
Q964,A3
Q965,A2
Q966,A10
Q967,A0
Q968,A7
Q969,A3
Q970,A2
Q971,A0
Q972,A0
Q973,A2
Q974,A1
Q975,A0
Q976,A0
Q977,A4
Q978,A2
Q979,A3
Q980,A0
Q981,A0
Q982,A2
Q983,A0
Q984,A0
Q985,A2
Q986,A3
Q987,A3
Q988,A0
Q989,A0
Q990,A0
Q991,A0
Q992,A10
Q993,A0
Q994,A0
Q995,A0
Q996,A1
Q997,A0
Q998,A0
Q999,A0
Q1000,A0
Q1001,A4
Q1002,A10
Q1003,A0
Q1004,A7
Q1005,A3
Q1006,A0
Q1007,A1
Q1008,A0
Q1009,A0
Q1010,A2
Q1011,A2
Q1012,A0
Q1013,A0
Q1014,A0
Q1015,A2
Q1016,A2
Q1017,A0
Q1018,A3
Q1019,A3
Q1020,A1
Q1021,A3
Q1022,A0
Q1023,A3
Q1024,A12
Q1025,A0
Q1026,A7
Q1027,A3
Q1028,A0
Q1029,A0
Q1030,A0
Q1031,A4
Q1032,A0
Q1033,A0
Q1034,A4
Q1035,A0
Q1036,A8
Q1037,A10
Q1038,A0
Q1039,A2
Q1040,A0
Q1041,A0
Q1042,A0
Q1043,A7
Q1044,A0
Q1045,A0
Q1046,A0
Q1047,A0
Q1048,A1
Q1049,A0
Q1050,A3
Q1051,A0
Q1052,A0
Q1053,A0
Q1054,A0
Q1055,A0
Q1056,A7
Q1057,A0
Q1058,A0
Q1059,A4
Q1060,A0
Q1061,A0
Q1062,A0
Q1063,A2
Q1064,A0
Q1065,A3
Q1066,A3
Q1067,A3
Q1068,A1
Q1069,A10
Q1070,A2
Q1071,A2
Q1072,A0
Q1073,A1
Q1074,A0
Q1075,A0
Q1076,A7
Q1077,A1
Q1078,A3
Q1079,A1
Q1080,A3
Q1081,A2
Q1082,A0
Q1083,A4
Q1084,A12
Q1085,A0
Q1086,A0
Q1087,A0
Q1088,A0
Q1089,A0
Q1090,A2
Q1091,A0
Q1092,A0
Q1093,A0
Q1094,A0
Q1095,A10
Q1096,A3
Q1097,A0
Q1098,A0
Q1099,A0
Q1100,A7
Q1101,A7
Q1102,A0
Q1103,A0
Q1104,A1
Q1105,A0
Q1106,A0
Q1107,A3
Q1108,A0
Q1109,A3
Q1110,A0
Q1111,A10
Q1112,A0
Q1113,A0
Q1114,A3
Q1115,A0
Q1116,A0
Q1117,A8
Q1118,A3
Q1119,A10
Q1120,A2
Q1121,A3
Q1122,A0
Q1123,A0
Q1124,A0
Q1125,A3
Q1126,A0
Q1127,A0
Q1128,A0
Q1129,A0
Q1130,A10
Q1131,A1
Q1132,A10
Q1133,A0
Q1134,A0
Q1135,A0
Q1136,A2
Q1137,A12
Q1138,A4
Q1139,A0
Q1140,A0
Q1141,A0
Q1142,A0
Q1143,A0
Q1144,A0
Q1145,A0
Q1146,A0
Q1147,A1
Q1148,A0
Q1149,A5
Q1150,A0
Q1151,A8
Q1152,A0
Q1153,A2
Q1154,A7
Q1155,A1
Q1156,A0
Q1157,A0
Q1158,A3
Q1159,A0
Q1160,A0
Q1161,A0
Q1162,A1
Q1163,A2
Q1164,A0
Q1165,A4
Q1166,A3
Q1167,A1
Q1168,A0
Q1169,A0
Q1170,A7
Q1171,A0
Q1172,A0
Q1173,A3
Q1174,A3
Q1175,A10
Q1176,A2
Q1177,A0
Q1178,A0
Q1179,A2
Q1180,A1
Q1181,A0
Q1182,A2
Q1183,A12
Q1184,A0
Q1185,A2
Q1186,A0
Q1187,A0
Q1188,A0
Q1189,A0
Q1190,A0
Q1191,A0
Q1192,A2
Q1193,A0
Q1194,A7
Q1195,A7
Q1196,A0
Q1197,A0
Q1198,A0
Q1199,A8
Q1200,A3
Q1201,A0
Q1202,A12
Q1203,A1
Q1204,A2
Q1205,A0
Q1206,A0
Q1207,A4
Q1208,A0
Q1209,A0
Q1210,A0
Q1211,A3
Q1212,A0
Q1213,A0
Q1214,A0
Q1215,A3
Q1216,A1
Q1217,A3
Q1218,A0
Q1219,A0
Q1220,A7
Q1221,A0
Q1222,A7
Q1223,A0
Q1224,A1
Q1225,A0
Q1226,A0
Q1227,A0
Q1228,A2
Q1229,A3
Q1230,A3
Q1231,A0
Q1232,A3
Q1233,A1
Q1234,A0
Q1235,A0
Q1236,A2
Q1237,A0
Q1238,A0
Q1239,A8
Q1240,A0
Q1241,A0
Q1242,A0
Q1243,A0
Q1244,A3
Q1245,A2
Q1246,A12
Q1247,A0
Q1248,A0
Q1249,A1
Q1250,A12
Q1251,A0
Q1252,A8
Q1253,A0
Q1254,A0
Q1255,A3
Q1256,A0
Q1257,A0
Q1258,A0
Q1259,A8
Q1260,A7
Q1261,A0
Q1262,A0
Q1263,A0
Q1264,A0
Q1265,A3
Q1266,A3
Q1267,A0
Q1268,A0
Q1269,A0
Q1270,A0
Q1271,A2
Q1272,A0
Q1273,A7
Q1274,A0
Q1275,A0
Q1276,A3
Q1277,A0
Q1278,A0
Q1279,A3
Q1280,A0
Q1281,A12
Q1282,A2
Q1283,A3
Q1284,A0
Q1285,A8
Q1286,A2
Q1287,A0
Q1288,A12
Q1289,A4
Q1290,A0
Q1291,A2
Q1292,A1
Q1293,A0
Q1294,A0
Q1295,A0
Q1296,A1
Q1297,A3
Q1298,A2
Q1299,A1
Q1300,A0
Q1301,A7
Q1302,A12
Q1303,A0
Q1304,A0
Q1305,A8
Q1306,A2
Q1307,A8
Q1308,A12
Q1309,A0
Q1310,A1
Q1311,A7
Q1312,A4
Q1313,A0
Q1314,A0
Q1315,A0
Q1316,A0
Q1317,A0
Q1318,A2
Q1319,A3
Q1320,A0
Q1321,A5
Q1322,A0
Q1323,A0
Q1324,A0
Q1325,A0
Q1326,A2
Q1327,A0
Q1328,A0
Q1329,A4
Q1330,A0
Q1331,A3
Q1332,A3
Q1333,A2
Q1334,A1
Q1335,A2
Q1336,A3
Q1337,A2
Q1338,A0
Q1339,A3
Q1340,A0
Q1341,A0
Q1342,A0
Q1343,A0
Q1344,A0
Q1345,A4
Q1346,A0
Q1347,A0
Q1348,A2
Q1349,A0
Q1350,A0
Q1351,A4
Q1352,A2
Q1353,A2
Q1354,A0
Q1355,A7
Q1356,A3
Q1357,A8
Q1358,A3
Q1359,A0
Q1360,A0
Q1361,A7
Q1362,A0
Q1363,A0
Q1364,A0
Q1365,A0
Q1366,A1
Q1367,A0
Q1368,A3
Q1369,A3
Q1370,A0
Q1371,A0
Q1372,A4
Q1373,A0
Q1374,A2
Q1375,A1
Q1376,A1
Q1377,A3
Q1378,A2
Q1379,A3
Q1380,A0
Q1381,A1
Q1382,A0
Q1383,A2
Q1384,A0
Q1385,A3
Q1386,A0
Q1387,A3
Q1388,A2
Q1389,A0
Q1390,A0
Q1391,A3
Q1392,A1
Q1393,A0
Q1394,A3
Q1395,A0
Q1396,A7
Q1397,A0
Q1398,A0
Q1399,A12
Q1400,A3
Q1401,A1
Q1402,A0
Q1403,A0
Q1404,A0
Q1405,A7
Q1406,A4
Q1407,A0
Q1408,A4
Q1409,A7
Q1410,A0
Q1411,A0
Q1412,A0
Q1413,A0
Q1414,A0
Q1415,A0
Q1416,A1
Q1417,A0
Q1418,A9
Q1419,A0
Q1420,A0
Q1421,A12
Q1422,A0
Q1423,A9
Q1424,A0
Q1425,A0
Q1426,A0
Q1427,A7
Q1428,A1
Q1429,A2
Q1430,A0
Q1431,A0
Q1432,A3
Q1433,A2
Q1434,A3
Q1435,A7
Q1436,A0
Q1437,A0
Q1438,A0
Q1439,A1
Q1440,A1
Q1441,A2
Q1442,A0
Q1443,A2
Q1444,A0
Q1445,A0
Q1446,A0
Q1447,A3
Q1448,A3
Q1449,A0
Q1450,A3
Q1451,A7
Q1452,A0
Q1453,A0
Q1454,A4
Q1455,A3
Q1456,A0
Q1457,A2
Q1458,A12
Q1459,A3
Q1460,A7
Q1461,A0
Q1462,A0
Q1463,A1
Q1464,A0
Q1465,A0
Q1466,A8
Q1467,A3
Q1468,A1
Q1469,A0
Q1470,A5
Q1471,A0
Q1472,A0
Q1473,A0
Q1474,A0
Q1475,A3
Q1476,A4
Q1477,A0
Q1478,A8
Q1479,A0
Q1480,A2
Q1481,A3
Q1482,A3
Q1483,A0
Q1484,A0
Q1485,A0
Q1486,A1
Q1487,A0
Q1488,A0
Q1489,A3
Q1490,A0
Q1491,A2
Q1492,A3
Q1493,A0
Q1494,A7
Q1495,A0
Q1496,A8
Q1497,A0
Q1498,A3
Q1499,A0
Q1500,A4
Q1501,A3
Q1502,A0
Q1503,A0
Q1504,A0
Q1505,A7
Q1506,A0
Q1507,A10
Q1508,A0
Q1509,A0
Q1510,A7
Q1511,A0
Q1512,A2
Q1513,A0
Q1514,A0
Q1515,A7
Q1516,A12
Q1517,A3
Q1518,A3
Q1519,A1
Q1520,A2
Q1521,A0
Q1522,A1
Q1523,A1
Q1524,A2
Q1525,A1
Q1526,A0
Q1527,A0
Q1528,A0
Q1529,A0
Q1530,A8
Q1531,A0
Q1532,A10
Q1533,A3
Q1534,A2
Q1535,A0
Q1536,A0
Q1537,A0
Q1538,A0
Q1539,A1
Q1540,A7
Q1541,A7
Q1542,A7
Q1543,A0
Q1544,A2
Q1545,A1
Q1546,A10
Q1547,A0
Q1548,A0
Q1549,A0
Q1550,A0
Q1551,A10
Q1552,A2
Q1553,A2
Q1554,A0
Q1555,A0
Q1556,A0
Q1557,A0
Q1558,A7
Q1559,A3
Q1560,A0
Q1561,A0
Q1562,A3
Q1563,A3
Q1564,A7
Q1565,A0
Q1566,A0
Q1567,A0
Q1568,A1
Q1569,A0
Q1570,A0
Q1571,A0
Q1572,A2
Q1573,A0
Q1574,A0
Q1575,A2
Q1576,A0
Q1577,A0
Q1578,A0
Q1579,A2
Q1580,A3
Q1581,A3
Q1582,A1
Q1583,A3
Q1584,A2
Q1585,A0
Q1586,A3
Q1587,A0
Q1588,A3
Q1589,A0
Q1590,A0
Q1591,A0
Q1592,A4
Q1593,A4
Q1594,A0
Q1595,A0
Q1596,A7
Q1597,A0
Q1598,A0
Q1599,A1
Q1600,A3
Q1601,A0
Q1602,A4
Q1603,A2
Q1604,A0
Q1605,A7
Q1606,A3
Q1607,A0
Q1608,A0
Q1609,A3
Q1610,A3
Q1611,A0
Q1612,A0
Q1613,A3
Q1614,A0
Q1615,A0
Q1616,A3
Q1617,A3
Q1618,A0
Q1619,A4
Q1620,A2
Q1621,A1
Q1622,A3
Q1623,A0
Q1624,A0
Q1625,A2
Q1626,A2
Q1627,A3
Q1628,A0
Q1629,A3
Q1630,A7
Q1631,A12
Q1632,A0
Q1633,A0
Q1634,A0
Q1635,A2
Q1636,A0
Q1637,A7
Q1638,A3
Q1639,A0
Q1640,A3
Q1641,A0
Q1642,A10
Q1643,A0
Q1644,A1
Q1645,A7
Q1646,A3
Q1647,A0
Q1648,A0
Q1649,A8
Q1650,A0
Q1651,A0
Q1652,A0
Q1653,A2
Q1654,A0
Q1655,A4
Q1656,A0
Q1657,A1
Q1658,A0
Q1659,A12
Q1660,A0
Q1661,A2
Q1662,A0
Q1663,A8
Q1664,A0
Q1665,A0
Q1666,A2
Q1667,A2
Q1668,A2
Q1669,A1
Q1670,A0
Q1671,A10
Q1672,A1
Q1673,A12
Q1674,A0
Q1675,A0
Q1676,A12
Q1677,A0
Q1678,A0
Q1679,A3
Q1680,A1
Q1681,A0
Q1682,A0
Q1683,A0
Q1684,A2
Q1685,A3
Q1686,A0
Q1687,A0
Q1688,A0
Q1689,A3
Q1690,A3
Q1691,A0
Q1692,A0
Q1693,A0
Q1694,A7
Q1695,A0
Q1696,A0
Q1697,A2
Q1698,A0
Q1699,A0
Q1700,A4
Q1701,A0
Q1702,A12
Q1703,A3
Q1704,A0
Q1705,A0
Q1706,A3
Q1707,A0
Q1708,A3
Q1709,A0
Q1710,A4
Q1711,A3
Q1712,A12
Q1713,A1
Q1714,A8
Q1715,A7
Q1716,A0
Q1717,A10
Q1718,A0
Q1719,A0
Q1720,A0
Q1721,A0
Q1722,A3
Q1723,A7
Q1724,A2
Q1725,A0
Q1726,A3
Q1727,A0
Q1728,A0
Q1729,A2
Q1730,A0
Q1731,A0
Q1732,A2
Q1733,A0
Q1734,A0
Q1735,A0
Q1736,A12
Q1737,A0
Q1738,A0
Q1739,A0
Q1740,A0
Q1741,A0
Q1742,A0
Q1743,A3
Q1744,A1
Q1745,A8
Q1746,A2
Q1747,A1
Q1748,A3
Q1749,A0
Q1750,A0
Q1751,A0
Q1752,A0
Q1753,A7
Q1754,A3
Q1755,A0
Q1756,A0
Q1757,A1
Q1758,A0
Q1759,A1
Q1760,A0
Q1761,A0
Q1762,A3
Q1763,A3
Q1764,A1
Q1765,A0
Q1766,A0
Q1767,A3
Q1768,A1
Q1769,A0
Q1770,A2
Q1771,A0
Q1772,A7
Q1773,A0
Q1774,A0
Q1775,A0
Q1776,A8
Q1777,A0
Q1778,A3
Q1779,A2
Q1780,A0
Q1781,A1
Q1782,A12
Q1783,A0
Q1784,A0
Q1785,A0
Q1786,A2
Q1787,A0
Q1788,A0
Q1789,A3
Q1790,A0
Q1791,A3
Q1792,A0
Q1793,A4
Q1794,A1
Q1795,A1
Q1796,A0
Q1797,A1
Q1798,A0
Q1799,A4
Q1800,A1
Q1801,A2
Q1802,A0
Q1803,A0
Q1804,A0
Q1805,A7
Q1806,A4
Q1807,A0
Q1808,A0
Q1809,A0
Q1810,A0
Q1811,A0
Q1812,A0
Q1813,A2
Q1814,A4
Q1815,A0
Q1816,A0
Q1817,A0
Q1818,A0
Q1819,A3
Q1820,A10
Q1821,A0
Q1822,A3
Q1823,A0
Q1824,A7
Q1825,A3
Q1826,A2
Q1827,A1
Q1828,A0
Q1829,A0
Q1830,A2
Q1831,A0
Q1832,A3
Q1833,A2
Q1834,A0
Q1835,A1
Q1836,A0
Q1837,A0
Q1838,A0
Q1839,A0
Q1840,A3
Q1841,A2
Q1842,A0
Q1843,A3
Q1844,A12
Q1845,A0
Q1846,A3
Q1847,A3
Q1848,A4
Q1849,A4
Q1850,A8
Q1851,A7
Q1852,A3
Q1853,A0
Q1854,A0
Q1855,A0
Q1856,A7
Q1857,A0
Q1858,A2
Q1859,A2
Q1860,A3
Q1861,A0
Q1862,A1
Q1863,A0
Q1864,A1
Q1865,A0
Q1866,A7
Q1867,A3
Q1868,A0
Q1869,A0
Q1870,A0
Q1871,A7
Q1872,A0
Q1873,A0
Q1874,A4
Q1875,A2
Q1876,A7
Q1877,A7
Q1878,A0
Q1879,A3
Q1880,A0
Q1881,A0
Q1882,A0
Q1883,A10
Q1884,A0
Q1885,A0
Q1886,A3
Q1887,A0
Q1888,A0
Q1889,A7
Q1890,A1
Q1891,A0
Q1892,A3
Q1893,A0
Q1894,A7
Q1895,A0
Q1896,A0
Q1897,A1
Q1898,A1
Q1899,A0
Q1900,A0
Q1901,A3
Q1902,A0
Q1903,A12
Q1904,A0
Q1905,A2
Q1906,A3
Q1907,A3
Q1908,A0
Q1909,A0
Q1910,A2
Q1911,A2
Q1912,A0
Q1913,A0
Q1914,A0
Q1915,A0
Q1916,A2
Q1917,A2
Q1918,A0
Q1919,A7
Q1920,A3
Q1921,A3
Q1922,A7
Q1923,A0
Q1924,A0
Q1925,A0
Q1926,A0
Q1927,A3
Q1928,A3
Q1929,A3
Q1930,A0
Q1931,A0
Q1932,A0
Q1933,A1
Q1934,A12
Q1935,A0
Q1936,A12
Q1937,A0
Q1938,A0
Q1939,A0
Q1940,A0
Q1941,A3
Q1942,A2
Q1943,A0
Q1944,A1
Q1945,A12
Q1946,A2
Q1947,A2
Q1948,A0
Q1949,A0
Q1950,A0
Q1951,A0
Q1952,A7
Q1953,A0
Q1954,A3
Q1955,A0
Q1956,A1
Q1957,A12
Q1958,A0
Q1959,A0
Q1960,A3
Q1961,A12
Q1962,A0
Q1963,A7
Q1964,A0
Q1965,A3
Q1966,A0
Q1967,A0
Q1968,A1
Q1969,A1
Q1970,A0
Q1971,A0
Q1972,A2
Q1973,A7
Q1974,A2
Q1975,A0
Q1976,A0
Q1977,A7
Q1978,A0
Q1979,A0
Q1980,A0
Q1981,A0
Q1982,A0
Q1983,A2
Q1984,A3
Q1985,A3
Q1986,A3
Q1987,A0
Q1988,A3
Q1989,A10
Q1990,A2
Q1991,A1
Q1992,A0
Q1993,A0
Q1994,A0
Q1995,A2
Q1996,A1
Q1997,A1
Q1998,A7
Q1999,A3
Q2000,A2
Q2001,A8
Q2002,A12
Q2003,A0
Q2004,A1
Q2005,A0
Q2006,A1
Q2007,A3
Q2008,A0
Q2009,A2
Q2010,A0
Q2011,A2
Q2012,A7
Q2013,A0
Q2014,A12
Q2015,A2
Q2016,A0
Q2017,A0
Q2018,A0
Q2019,A0
Q2020,A1
Q2021,A4
Q2022,A3
Q2023,A0
Q2024,A0
Q2025,A0
Q2026,A0
Q2027,A3
Q2028,A2
Q2029,A3
Q2030,A0
Q2031,A3
Q2032,A3
Q2033,A0
Q2034,A0
Q2035,A4
Q2036,A2
Q2037,A3
Q2038,A3
Q2039,A10
Q2040,A1
Q2041,A3
Q2042,A0
Q2043,A0
Q2044,A0
Q2045,A0
Q2046,A1
Q2047,A0
Q2048,A3
Q2049,A0
Q2050,A7
Q2051,A0
Q2052,A0
Q2053,A12
Q2054,A12
Q2055,A2
Q2056,A12
Q2057,A1
Q2058,A0
Q2059,A3
Q2060,A3
Q2061,A3
Q2062,A1
Q2063,A4
Q2064,A0
Q2065,A0
Q2066,A3
Q2067,A0
Q2068,A0
Q2069,A1
Q2070,A0
Q2071,A3
Q2072,A0
Q2073,A0
Q2074,A0
Q2075,A0
Q2076,A3
Q2077,A3
Q2078,A3
Q2079,A0
Q2080,A2
Q2081,A0
Q2082,A0
Q2083,A0
Q2084,A7
Q2085,A0
Q2086,A8
Q2087,A1
Q2088,A10
Q2089,A0
Q2090,A3
Q2091,A7
Q2092,A7
Q2093,A8
Q2094,A0
Q2095,A0
Q2096,A0
Q2097,A0
Q2098,A0
Q2099,A0
Q2100,A1
Q2101,A0
Q2102,A0
Q2103,A0
Q2104,A0
Q2105,A0
Q2106,A0
Q2107,A0
Q2108,A0
Q2109,A7
Q2110,A0
Q2111,A0
Q2112,A3
Q2113,A2
Q2114,A0
Q2115,A0
Q2116,A0
Q2117,A0
Q2118,A0
Q2119,A3
Q2120,A0
Q2121,A2
Q2122,A8
Q2123,A4
Q2124,A0
Q2125,A0
Q2126,A0
Q2127,A3
Q2128,A0
Q2129,A0
Q2130,A3
Q2131,A2
Q2132,A0
Q2133,A0
Q2134,A0
Q2135,A0
Q2136,A0
Q2137,A0
Q2138,A2
Q2139,A7
Q2140,A0
Q2141,A0
Q2142,A4
Q2143,A0
Q2144,A2
Q2145,A2
Q2146,A0
Q2147,A2
Q2148,A0
Q2149,A0
Q2150,A0
Q2151,A3
Q2152,A0
Q2153,A0
Q2154,A0
Q2155,A1
Q2156,A0
Q2157,A0
Q2158,A0
Q2159,A3
Q2160,A0
Q2161,A3
Q2162,A2
Q2163,A3
Q2164,A0
Q2165,A7
Q2166,A0
Q2167,A0
Q2168,A0
Q2169,A0
Q2170,A3
Q2171,A2
Q2172,A7
Q2173,A0
Q2174,A0
Q2175,A0
Q2176,A3
Q2177,A0
Q2178,A3
Q2179,A0
Q2180,A0
Q2181,A0
Q2182,A0
Q2183,A1
Q2184,A12
Q2185,A0
Q2186,A3
Q2187,A0
Q2188,A0
Q2189,A0
Q2190,A2
Q2191,A0
Q2192,A0
Q2193,A7
Q2194,A0
Q2195,A0
Q2196,A3
Q2197,A0
Q2198,A4
Q2199,A0
Q2200,A0
Q2201,A1
Q2202,A4
Q2203,A9
Q2204,A0
Q2205,A0
Q2206,A3
Q2207,A0
Q2208,A4
Q2209,A0
Q2210,A1
Q2211,A3
Q2212,A0
Q2213,A0
Q2214,A1
Q2215,A0
Q2216,A3
Q2217,A0
Q2218,A2
Q2219,A0
Q2220,A3
Q2221,A2
Q2222,A0
Q2223,A2
Q2224,A10
Q2225,A0
Q2226,A0
Q2227,A8
Q2228,A2
Q2229,A12
Q2230,A7
Q2231,A12
Q2232,A0
Q2233,A8
Q2234,A0
Q2235,A0
Q2236,A7
Q2237,A2
Q2238,A0
Q2239,A0
Q2240,A0
Q2241,A0
Q2242,A1
Q2243,A2
Q2244,A3
Q2245,A0
Q2246,A0
Q2247,A0
Q2248,A0
Q2249,A0
Q2250,A0
Q2251,A7
Q2252,A3
Q2253,A7
Q2254,A0
Q2255,A0
Q2256,A3
Q2257,A1
Q2258,A0
Q2259,A0
Q2260,A7
Q2261,A0
Q2262,A0
Q2263,A0
Q2264,A4
Q2265,A0
Q2266,A0
Q2267,A9
Q2268,A4
Q2269,A3
Q2270,A3
Q2271,A1
Q2272,A0
Q2273,A2
Q2274,A0
Q2275,A3
Q2276,A8
Q2277,A4
Q2278,A0
Q2279,A3
Q2280,A3
Q2281,A4
Q2282,A2
Q2283,A3
Q2284,A0
Q2285,A2
Q2286,A0
Q2287,A0
Q2288,A3
Q2289,A2
Q2290,A2
Q2291,A1
Q2292,A2
Q2293,A0
Q2294,A0
Q2295,A7
Q2296,A4
Q2297,A1
Q2298,A0
Q2299,A12
Q2300,A0
Q2301,A0
Q2302,A2
Q2303,A2
Q2304,A4
Q2305,A0
Q2306,A0
Q2307,A3
Q2308,A0
Q2309,A3
Q2310,A0
Q2311,A0
Q2312,A8
Q2313,A2
Q2314,A0
Q2315,A3
Q2316,A0
Q2317,A7
Q2318,A0
Q2319,A0
Q2320,A12
Q2321,A1
Q2322,A0
Q2323,A0
Q2324,A10
Q2325,A0
Q2326,A7
Q2327,A0
Q2328,A8
Q2329,A0
Q2330,A2
Q2331,A0
Q2332,A2
Q2333,A0
Q2334,A0
Q2335,A3
Q2336,A0
Q2337,A3
Q2338,A1
Q2339,A2
Q2340,A1
Q2341,A1
Q2342,A0
Q2343,A0
Q2344,A1
Q2345,A2
Q2346,A0
Q2347,A7
Q2348,A0
Q2349,A0
Q2350,A0
Q2351,A0
Q2352,A2
Q2353,A7
Q2354,A3
Q2355,A4
Q2356,A0
Q2357,A0
Q2358,A0
Q2359,A3
Q2360,A3
Q2361,A7
Q2362,A2
Q2363,A7
Q2364,A7
Q2365,A0
Q2366,A0
Q2367,A7
Q2368,A0
Q2369,A0
Q2370,A2
Q2371,A3
Q2372,A12
Q2373,A2
Q2374,A3
Q2375,A0
Q2376,A2
Q2377,A2
Q2378,A0
Q2379,A0
Q2380,A7
Q2381,A2
Q2382,A0
Q2383,A0
Q2384,A0
Q2385,A2
Q2386,A0
Q2387,A1
Q2388,A7
Q2389,A0
Q2390,A2
Q2391,A0
Q2392,A8
Q2393,A2
Q2394,A1
Q2395,A8
Q2396,A0
Q2397,A7
Q2398,A0
Q2399,A0
Q2400,A2
Q2401,A2
Q2402,A2
Q2403,A8
Q2404,A0
Q2405,A0
Q2406,A0
Q2407,A2
Q2408,A0
Q2409,A7
Q2410,A2
Q2411,A4
Q2412,A2
Q2413,A4
Q2414,A0
Q2415,A2
Q2416,A0
Q2417,A0
Q2418,A0
Q2419,A1
Q2420,A3
Q2421,A0
Q2422,A1
Q2423,A1
Q2424,A1
Q2425,A3
Q2426,A0
Q2427,A0
Q2428,A0
Q2429,A0
Q2430,A0
Q2431,A0
Q2432,A0
Q2433,A2
Q2434,A0
Q2435,A2
Q2436,A0
Q2437,A0
Q2438,A1
Q2439,A0
Q2440,A0
Q2441,A0
Q2442,A4
Q2443,A0
Q2444,A2
Q2445,A0
Q2446,A3
Q2447,A0
Q2448,A0
Q2449,A0
Q2450,A0
Q2451,A0
Q2452,A10
Q2453,A3
Q2454,A0
Q2455,A0
Q2456,A0
Q2457,A0
Q2458,A3
Q2459,A2
Q2460,A0
Q2461,A0
Q2462,A0
Q2463,A0
Q2464,A3
Q2465,A0
Q2466,A0
Q2467,A0
Q2468,A1
Q2469,A0
Q2470,A0
Q2471,A7
Q2472,A0
Q2473,A2
Q2474,A8
Q2475,A1
Q2476,A3
Q2477,A0
Q2478,A0
Q2479,A1
Q2480,A7
Q2481,A7
Q2482,A0
Q2483,A2
Q2484,A0
Q2485,A12
Q2486,A7
Q2487,A2
Q2488,A1
Q2489,A0
Q2490,A2
Q2491,A8
Q2492,A3
Q2493,A8
Q2494,A2
Q2495,A7
Q2496,A0
Q2497,A3
Q2498,A0
Q2499,A0
Q2500,A2
Q2501,A12
Q2502,A2
Q2503,A3
Q2504,A4
Q2505,A0
Q2506,A1
Q2507,A7
Q2508,A0
Q2509,A0
Q2510,A0
Q2511,A0
Q2512,A3
Q2513,A0
Q2514,A3
Q2515,A3
Q2516,A3
Q2517,A0
Q2518,A0
Q2519,A1
Q2520,A2
Q2521,A0
Q2522,A4
Q2523,A0
Q2524,A0
Q2525,A0
Q2526,A2
Q2527,A0
Q2528,A0
Q2529,A0
Q2530,A7
Q2531,A0
Q2532,A0
Q2533,A0
Q2534,A0
Q2535,A0
Q2536,A3
Q2537,A1
Q2538,A0
Q2539,A0
Q2540,A0
Q2541,A1
Q2542,A7
Q2543,A8
Q2544,A0
Q2545,A2
Q2546,A0
Q2547,A0
Q2548,A0
Q2549,A0
Q2550,A3
Q2551,A0
Q2552,A0
Q2553,A0
Q2554,A8
Q2555,A0
Q2556,A0
Q2557,A0
Q2558,A0
Q2559,A0
Q2560,A0
Q2561,A2
Q2562,A2
Q2563,A3
Q2564,A0
Q2565,A0
Q2566,A3
Q2567,A8
Q2568,A0
Q2569,A0
Q2570,A0
Q2571,A4
Q2572,A0
Q2573,A0
Q2574,A2
Q2575,A0
Q2576,A2
Q2577,A0
Q2578,A1
Q2579,A0
Q2580,A3
Q2581,A0
Q2582,A7
Q2583,A0
Q2584,A2
Q2585,A3
Q2586,A0
Q2587,A0
Q2588,A3
Q2589,A0
Q2590,A0
Q2591,A3
Q2592,A0
Q2593,A2
Q2594,A3
Q2595,A2
Q2596,A2
Q2597,A3
Q2598,A0
Q2599,A1
Q2600,A12
Q2601,A0
Q2602,A2
Q2603,A0
Q2604,A2
Q2605,A2
Q2606,A0
Q2607,A0
Q2608,A2
Q2609,A0
Q2610,A0
Q2611,A0
Q2612,A0
Q2613,A4
Q2614,A3
Q2615,A1
Q2616,A0
Q2617,A1
Q2618,A0
Q2619,A0
Q2620,A2
Q2621,A1
Q2622,A8
Q2623,A4
Q2624,A1
Q2625,A0
Q2626,A0
Q2627,A0
Q2628,A0
Q2629,A8
Q2630,A10
Q2631,A0
Q2632,A1
Q2633,A2
Q2634,A3
Q2635,A3
Q2636,A8
Q2637,A2
Q2638,A2
Q2639,A1
Q2640,A0
Q2641,A0
Q2642,A2
Q2643,A1
Q2644,A0
Q2645,A0
Q2646,A0
Q2647,A0
Q2648,A0
Q2649,A2
Q2650,A0
Q2651,A12
Q2652,A0
Q2653,A7
Q2654,A0
Q2655,A3
Q2656,A8
Q2657,A3
Q2658,A7
Q2659,A0
Q2660,A4
Q2661,A8
Q2662,A2
Q2663,A0
Q2664,A0
Q2665,A0
Q2666,A7
Q2667,A0
Q2668,A0
Q2669,A0
Q2670,A1
Q2671,A0
Q2672,A2
Q2673,A10
Q2674,A0
Q2675,A1
Q2676,A0
Q2677,A0
Q2678,A1
Q2679,A0
Q2680,A0
Q2681,A0
Q2682,A3
Q2683,A8
Q2684,A0
Q2685,A3
Q2686,A1
Q2687,A0
Q2688,A4
Q2689,A3
Q2690,A2
Q2691,A1
Q2692,A1
Q2693,A4
Q2694,A2
Q2695,A0
Q2696,A0
Q2697,A3
Q2698,A2
Q2699,A10
Q2700,A0
Q2701,A12
Q2702,A0
Q2703,A0
Q2704,A0
Q2705,A0
Q2706,A0
Q2707,A1
Q2708,A0
Q2709,A0
Q2710,A3
Q2711,A1
Q2712,A0
Q2713,A2
Q2714,A0
Q2715,A7
Q2716,A2
Q2717,A12
Q2718,A10
Q2719,A7
Q2720,A0
Q2721,A12
Q2722,A2
Q2723,A7
Q2724,A0
Q2725,A3
Q2726,A2
Q2727,A7
Q2728,A0
Q2729,A0
Q2730,A2
Q2731,A7
Q2732,A2
Q2733,A4
Q2734,A12
Q2735,A0
Q2736,A0
Q2737,A0
Q2738,A3
Q2739,A0
Q2740,A2
Q2741,A0
Q2742,A2
Q2743,A2
Q2744,A0
Q2745,A0
Q2746,A0
Q2747,A0
Q2748,A3
Q2749,A0
Q2750,A0
Q2751,A2
Q2752,A0
Q2753,A5
Q2754,A3
Q2755,A0
Q2756,A2
Q2757,A2
Q2758,A2
Q2759,A3
Q2760,A0
Q2761,A8
Q2762,A7
Q2763,A2
Q2764,A7
Q2765,A2
Q2766,A0
Q2767,A1
Q2768,A0
Q2769,A7
Q2770,A0
Q2771,A8
Q2772,A0
Q2773,A7
Q2774,A3
Q2775,A2
Q2776,A2
Q2777,A0
Q2778,A0
Q2779,A4
Q2780,A0
Q2781,A0
Q2782,A0
Q2783,A8
Q2784,A0
Q2785,A2
Q2786,A0
Q2787,A4
Q2788,A8
Q2789,A3
Q2790,A2
Q2791,A3
Q2792,A0
Q2793,A0
Q2794,A0
Q2795,A0
Q2796,A0
Q2797,A2
Q2798,A0
Q2799,A0
Q2800,A0
Q2801,A0
Q2802,A1
Q2803,A0
Q2804,A0
Q2805,A7
Q2806,A1
Q2807,A3
Q2808,A3
Q2809,A0
Q2810,A0
Q2811,A0
Q2812,A7
Q2813,A0
Q2814,A3
Q2815,A0
Q2816,A0
Q2817,A0
Q2818,A3
Q2819,A0
Q2820,A0
Q2821,A8
Q2822,A0
Q2823,A7
Q2824,A0
Q2825,A4
Q2826,A7
Q2827,A7
Q2828,A0
Q2829,A1
Q2830,A0
Q2831,A3
Q2832,A0
Q2833,A0
Q2834,A0
Q2835,A0
Q2836,A0
Q2837,A10
Q2838,A3
Q2839,A3
Q2840,A0
Q2841,A0
Q2842,A0
Q2843,A0
Q2844,A4
Q2845,A0
Q2846,A0
Q2847,A7
Q2848,A1
Q2849,A0
Q2850,A0
Q2851,A7
Q2852,A8
Q2853,A3
Q2854,A3
Q2855,A1
Q2856,A2
Q2857,A0
Q2858,A3
Q2859,A8
Q2860,A0
Q2861,A2
Q2862,A0
Q2863,A0
Q2864,A3
Q2865,A3
Q2866,A0
Q2867,A2
Q2868,A0
Q2869,A0
Q2870,A0
Q2871,A0
Q2872,A2
Q2873,A0
Q2874,A0
Q2875,A0
Q2876,A0
Q2877,A0
Q2878,A7
Q2879,A4
Q2880,A0
Q2881,A3
Q2882,A0
Q2883,A2
Q2884,A0
Q2885,A3
Q2886,A0
Q2887,A3
Q2888,A1
Q2889,A0
Q2890,A3
Q2891,A1
Q2892,A7
Q2893,A0
Q2894,A1
Q2895,A0
Q2896,A3
Q2897,A2
Q2898,A0
Q2899,A10
Q2900,A7
Q2901,A2
Q2902,A2
Q2903,A4
Q2904,A12
Q2905,A0
Q2906,A7
Q2907,A8
Q2908,A0
Q2909,A3
Q2910,A2
Q2911,A0
Q2912,A0
Q2913,A1
Q2914,A12
Q2915,A0
Q2916,A0
Q2917,A0
Q2918,A0
Q2919,A0
Q2920,A0
Q2921,A10
Q2922,A0
Q2923,A0
Q2924,A2
Q2925,A0
Q2926,A0
Q2927,A0
Q2928,A0
Q2929,A0
Q2930,A3
Q2931,A0
Q2932,A0
Q2933,A0
Q2934,A0
Q2935,A0
Q2936,A0
Q2937,A8
Q2938,A4
Q2939,A10
Q2940,A4
Q2941,A1
Q2942,A12
Q2943,A0
Q2944,A4
Q2945,A0
Q2946,A0
Q2947,A0
Q2948,A0
Q2949,A2
Q2950,A2
Q2951,A0
Q2952,A0
Q2953,A0
Q2954,A0
Q2955,A0
Q2956,A0
Q2957,A0
Q2958,A0
Q2959,A3
Q2960,A7
Q2961,A0
Q2962,A1
Q2963,A3
Q2964,A7
Q2965,A0
Q2966,A0
Q2967,A8
Q2968,A0
Q2969,A0
Q2970,A0
Q2971,A3
Q2972,A12
Q2973,A0
Q2974,A0
Q2975,A4
Q2976,A0
Q2977,A4
Q2978,A0
Q2979,A1
Q2980,A1
Q2981,A0
Q2982,A4
Q2983,A8
Q2984,A0
Q2985,A0
Q2986,A8
Q2987,A0
Q2988,A1
Q2989,A7
Q2990,A7
Q2991,A1
Q2992,A8
Q2993,A1
Q2994,A0
Q2995,A0
Q2996,A4
Q2997,A1
Q2998,A1
Q2999,A0
Q3000,A0
Q3001,A0
Q3002,A3
Q3003,A3
Q3004,A0
Q3005,A0
Q3006,A0
Q3007,A0
Q3008,A8
Q3009,A0
Q3010,A0
Q3011,A8
Q3012,A0
Q3013,A1
Q3014,A7
Q3015,A0
Q3016,A0
Q3017,A0
Q3018,A12
Q3019,A0
Q3020,A0
Q3021,A2
Q3022,A0
Q3023,A0
Q3024,A7
Q3025,A0
Q3026,A8
Q3027,A0
Q3028,A5
Q3029,A2
Q3030,A2
Q3031,A0
Q3032,A0
Q3033,A3
Q3034,A0
Q3035,A0
Q3036,A0
Q3037,A2
Q3038,A3
Q3039,A0
Q3040,A3
Q3041,A0
Q3042,A3
Q3043,A0
Q3044,A1
Q3045,A0
Q3046,A1
Q3047,A0
Q3048,A0
Q3049,A12
Q3050,A0
Q3051,A0
Q3052,A0
Q3053,A2
Q3054,A7
Q3055,A0
Q3056,A0
Q3057,A0
Q3058,A0
Q3059,A0
Q3060,A0
Q3061,A0
Q3062,A4
Q3063,A0
Q3064,A0
Q3065,A12
Q3066,A3
Q3067,A1
Q3068,A1
Q3069,A0
Q3070,A0
Q3071,A2
Q3072,A0
Q3073,A0
Q3074,A4
Q3075,A3
Q3076,A0
Q3077,A0
Q3078,A0
Q3079,A8
Q3080,A0
Q3081,A8
Q3082,A1
Q3083,A0
Q3084,A3
Q3085,A1
Q3086,A0
Q3087,A0
Q3088,A0
Q3089,A10
Q3090,A0
Q3091,A2
Q3092,A0
Q3093,A2
Q3094,A0
Q3095,A0
Q3096,A2
Q3097,A0
Q3098,A0
Q3099,A4
Q3100,A2
Q3101,A2
Q3102,A1
Q3103,A7
Q3104,A2
Q3105,A0
Q3106,A0
Q3107,A7
Q3108,A2
Q3109,A7
Q3110,A2
Q3111,A3
Q3112,A3
Q3113,A0
Q3114,A0
Q3115,A0
Q3116,A4
Q3117,A2
Q3118,A0
Q3119,A2
Q3120,A0
Q3121,A7
Q3122,A0
Q3123,A3
Q3124,A0
Q3125,A0
Q3126,A12
Q3127,A4
Q3128,A0
Q3129,A2
Q3130,A0
Q3131,A0
Q3132,A0
Q3133,A0
Q3134,A0
Q3135,A12
Q3136,A2
Q3137,A0
Q3138,A0
Q3139,A7
Q3140,A8
Q3141,A7
Q3142,A0
Q3143,A7
Q3144,A2
Q3145,A2
Q3146,A2
Q3147,A0
Q3148,A0
Q3149,A3
Q3150,A0
Q3151,A4
Q3152,A7
Q3153,A7
Q3154,A7
Q3155,A0
Q3156,A0
Q3157,A0
Q3158,A0
Q3159,A2
Q3160,A1
Q3161,A0
Q3162,A10
Q3163,A0
Q3164,A0
Q3165,A1
Q3166,A0
Q3167,A0
Q3168,A2
Q3169,A0
Q3170,A0
Q3171,A0
Q3172,A4
Q3173,A0
Q3174,A0
Q3175,A0
Q3176,A0
Q3177,A1
Q3178,A12
Q3179,A0
Q3180,A0
Q3181,A1
Q3182,A1
Q3183,A0
Q3184,A0
Q3185,A0
Q3186,A0
Q3187,A0
Q3188,A0
Q3189,A0
Q3190,A0
Q3191,A0
Q3192,A7
Q3193,A0
Q3194,A0
Q3195,A3
Q3196,A12
Q3197,A0
Q3198,A3
Q3199,A3
Q3200,A0
Q3201,A7
Q3202,A0
Q3203,A2
Q3204,A1
Q3205,A8
Q3206,A0
Q3207,A0
Q3208,A0
Q3209,A3
Q3210,A0
Q3211,A0
Q3212,A0
Q3213,A3
Q3214,A2
Q3215,A2
Q3216,A2
Q3217,A0
Q3218,A3
Q3219,A3
Q3220,A0
Q3221,A12
Q3222,A0
Q3223,A0
Q3224,A0
Q3225,A1
Q3226,A2
Q3227,A8
Q3228,A0
Q3229,A0
Q3230,A0
Q3231,A2
Q3232,A0
Q3233,A1
Q3234,A3
Q3235,A0
Q3236,A0
Q3237,A7
Q3238,A0
Q3239,A0
Q3240,A0
Q3241,A0
Q3242,A3
Q3243,A0
Q3244,A12
Q3245,A10
Q3246,A0
Q3247,A0
Q3248,A2
Q3249,A0
Q3250,A3
Q3251,A0
Q3252,A10
Q3253,A0
Q3254,A0
Q3255,A0
Q3256,A7
Q3257,A12
Q3258,A3
Q3259,A0
Q3260,A12
Q3261,A0
Q3262,A0
Q3263,A4
Q3264,A0
Q3265,A0
Q3266,A0
Q3267,A3
Q3268,A3
Q3269,A0
Q3270,A12
Q3271,A0
Q3272,A1
Q3273,A1
Q3274,A7
Q3275,A3
Q3276,A0
Q3277,A2
Q3278,A0
Q3279,A3
Q3280,A1
Q3281,A2
Q3282,A0
Q3283,A1
Q3284,A0
Q3285,A2
Q3286,A0
Q3287,A3
Q3288,A0
Q3289,A0
Q3290,A3
Q3291,A0
Q3292,A0
Q3293,A0
Q3294,A3
Q3295,A1
Q3296,A1
Q3297,A1
Q3298,A3
Q3299,A7
Q3300,A0
Q3301,A0
Q3302,A0
Q3303,A0
Q3304,A3
Q3305,A0
Q3306,A0
Q3307,A2
Q3308,A0
Q3309,A3
Q3310,A2
Q3311,A1
Q3312,A3
Q3313,A2
Q3314,A3
Q3315,A3
Q3316,A3
Q3317,A0
Q3318,A0
Q3319,A4
Q3320,A2
Q3321,A0
Q3322,A4
Q3323,A0
Q3324,A2
Q3325,A2
Q3326,A3
Q3327,A7
Q3328,A0
Q3329,A0
Q3330,A0
Q3331,A0
Q3332,A1
Q3333,A0
Q3334,A2
Q3335,A2
Q3336,A0
Q3337,A2
Q3338,A4
Q3339,A0
Q3340,A0
Q3341,A3
Q3342,A0
Q3343,A0
Q3344,A2
Q3345,A3
Q3346,A10
Q3347,A3
Q3348,A0
Q3349,A3
Q3350,A0
Q3351,A0
Q3352,A1
Q3353,A3
Q3354,A1
Q3355,A0
Q3356,A2
Q3357,A3
Q3358,A0
Q3359,A0
Q3360,A10
Q3361,A12
Q3362,A0
Q3363,A2
Q3364,A0
Q3365,A7
Q3366,A0
Q3367,A10
Q3368,A1
Q3369,A2
Q3370,A1
Q3371,A2
Q3372,A0
Q3373,A7
Q3374,A0
Q3375,A0
Q3376,A0
Q3377,A7
Q3378,A3
Q3379,A2
Q3380,A2
Q3381,A0
Q3382,A0
Q3383,A0
Q3384,A0
Q3385,A0
Q3386,A0
Q3387,A0
Q3388,A2
Q3389,A0
Q3390,A2
Q3391,A0
Q3392,A1
Q3393,A5
Q3394,A3
Q3395,A2
Q3396,A0
Q3397,A0
Q3398,A12
Q3399,A0
Q3400,A0
Q3401,A0
Q3402,A0
Q3403,A0
Q3404,A4
Q3405,A1
Q3406,A2
Q3407,A3
Q3408,A3
Q3409,A10
Q3410,A8
Q3411,A0
Q3412,A0
Q3413,A7
Q3414,A0
Q3415,A0
Q3416,A0
Q3417,A0
Q3418,A7
Q3419,A1
Q3420,A0
Q3421,A2
Q3422,A3
Q3423,A0
Q3424,A3
Q3425,A0
Q3426,A0
Q3427,A0
Q3428,A0
Q3429,A0
Q3430,A0
Q3431,A2
Q3432,A1
Q3433,A0
Q3434,A3
Q3435,A0
Q3436,A2
Q3437,A0
Q3438,A10
Q3439,A3
Q3440,A0
Q3441,A0
Q3442,A3
Q3443,A0
Q3444,A3
Q3445,A0
Q3446,A0
Q3447,A0
Q3448,A0
Q3449,A3
Q3450,A4
Q3451,A2
Q3452,A0
Q3453,A0
Q3454,A0
Q3455,A0
Q3456,A2
Q3457,A1
Q3458,A0
Q3459,A1
Q3460,A0
Q3461,A0
Q3462,A0
Q3463,A2
Q3464,A0
Q3465,A3
Q3466,A0
Q3467,A1
Q3468,A2
Q3469,A2
Q3470,A0
Q3471,A0
Q3472,A12
Q3473,A0
Q3474,A0
Q3475,A1
Q3476,A0
Q3477,A0
Q3478,A7
Q3479,A3
Q3480,A8
Q3481,A0
Q3482,A3
Q3483,A2
Q3484,A2
Q3485,A0
Q3486,A3
Q3487,A1
Q3488,A3
Q3489,A8
Q3490,A0
Q3491,A10
Q3492,A1
Q3493,A8
Q3494,A0
Q3495,A1
Q3496,A0
Q3497,A0
Q3498,A0
Q3499,A10
Q3500,A2
Q3501,A3
Q3502,A0
Q3503,A0
Q3504,A0
Q3505,A3
Q3506,A0
Q3507,A0
Q3508,A0
Q3509,A3
Q3510,A2
Q3511,A0
Q3512,A0
Q3513,A0
Q3514,A2
Q3515,A0
Q3516,A0
Q3517,A2
Q3518,A0
Q3519,A3
Q3520,A0
Q3521,A7
Q3522,A0
Q3523,A2
Q3524,A0
Q3525,A8
Q3526,A0
Q3527,A3
Q3528,A12
Q3529,A0
Q3530,A0
Q3531,A0
Q3532,A3
Q3533,A0
Q3534,A2
Q3535,A8
Q3536,A0
Q3537,A0
Q3538,A0
Q3539,A0
Q3540,A0
Q3541,A3
Q3542,A3
Q3543,A3
Q3544,A0
Q3545,A0
Q3546,A0
Q3547,A3
Q3548,A2
Q3549,A0
Q3550,A7
Q3551,A2
Q3552,A4
Q3553,A2
Q3554,A0
Q3555,A10
Q3556,A3
Q3557,A0
Q3558,A3
Q3559,A1
Q3560,A3
Q3561,A0
Q3562,A2
Q3563,A3
Q3564,A12
Q3565,A2
Q3566,A0
Q3567,A0
Q3568,A0
Q3569,A3
Q3570,A1
Q3571,A0
Q3572,A8
Q3573,A0
Q3574,A0
Q3575,A0
Q3576,A0
Q3577,A0
Q3578,A0
Q3579,A2
Q3580,A0
Q3581,A0
Q3582,A2
Q3583,A3
Q3584,A0
Q3585,A0
Q3586,A0
Q3587,A7
Q3588,A0
Q3589,A1
Q3590,A1
Q3591,A3
Q3592,A3
Q3593,A0
Q3594,A0
Q3595,A0
Q3596,A0
Q3597,A0
Q3598,A2
Q3599,A3
Q3600,A0
Q3601,A0
Q3602,A0
Q3603,A2
Q3604,A4
Q3605,A0
Q3606,A0
Q3607,A7
Q3608,A1
Q3609,A1
Q3610,A0
Q3611,A0
Q3612,A0
Q3613,A3
Q3614,A1
Q3615,A2
Q3616,A1
Q3617,A0
Q3618,A0
Q3619,A2
Q3620,A8
Q3621,A0
Q3622,A3
Q3623,A4
Q3624,A0
Q3625,A0
Q3626,A3
Q3627,A0
Q3628,A3
Q3629,A2
Q3630,A0
Q3631,A2
Q3632,A0
Q3633,A3
Q3634,A0
Q3635,A0
Q3636,A0
Q3637,A3
Q3638,A8
Q3639,A7
Q3640,A2
Q3641,A3
Q3642,A0
Q3643,A3
Q3644,A0
Q3645,A0
Q3646,A0
Q3647,A2
Q3648,A7
Q3649,A0
Q3650,A2
Q3651,A3
Q3652,A0
Q3653,A1
Q3654,A3
Q3655,A1
Q3656,A4
Q3657,A0
Q3658,A2
Q3659,A0
Q3660,A3
Q3661,A7
Q3662,A2
Q3663,A0
Q3664,A0
Q3665,A0
Q3666,A0
Q3667,A0
Q3668,A0
Q3669,A12
Q3670,A1
Q3671,A0
Q3672,A0
Q3673,A1
Q3674,A0
Q3675,A2
Q3676,A2
Q3677,A2
Q3678,A2
Q3679,A0
Q3680,A0
Q3681,A1
Q3682,A12
Q3683,A0
Q3684,A0
Q3685,A0
Q3686,A0
Q3687,A0
Q3688,A0
Q3689,A0
Q3690,A3
Q3691,A7
Q3692,A0
Q3693,A2
Q3694,A7
Q3695,A12
Q3696,A0
Q3697,A7
Q3698,A0
Q3699,A2
Q3700,A0
Q3701,A7
Q3702,A7
Q3703,A0
Q3704,A2
Q3705,A0
Q3706,A0
Q3707,A0
Q3708,A0
Q3709,A0
Q3710,A0
Q3711,A8
Q3712,A12
Q3713,A2
Q3714,A10
Q3715,A3
Q3716,A0
Q3717,A2
Q3718,A0
Q3719,A0
Q3720,A12
Q3721,A0
Q3722,A3
Q3723,A0
Q3724,A2
Q3725,A0
Q3726,A0
Q3727,A0
Q3728,A0
Q3729,A4
Q3730,A1
Q3731,A0
Q3732,A0
Q3733,A7
Q3734,A7
Q3735,A0
Q3736,A9
Q3737,A4
Q3738,A0
Q3739,A2
Q3740,A7
Q3741,A0
Q3742,A0
Q3743,A0
Q3744,A1
Q3745,A0
Q3746,A0
Q3747,A8
Q3748,A4
Q3749,A0
Q3750,A8
Q3751,A8
Q3752,A0
Q3753,A0
Q3754,A1
Q3755,A0
Q3756,A0
Q3757,A0
Q3758,A0
Q3759,A0
Q3760,A8
Q3761,A0
Q3762,A0
Q3763,A0
Q3764,A0
Q3765,A2
Q3766,A0
Q3767,A3
Q3768,A0
Q3769,A2
Q3770,A2
Q3771,A3
Q3772,A1
Q3773,A0
Q3774,A0
Q3775,A0
Q3776,A7
Q3777,A1
Q3778,A0
Q3779,A0
Q3780,A0
Q3781,A0
Q3782,A0
Q3783,A0
Q3784,A3
Q3785,A8
Q3786,A0
Q3787,A8
Q3788,A0
Q3789,A2
Q3790,A0
Q3791,A0
Q3792,A0
Q3793,A0
Q3794,A0
Q3795,A2
Q3796,A0
Q3797,A1
Q3798,A2
Q3799,A0
Q3800,A7
Q3801,A0
Q3802,A0
Q3803,A2
Q3804,A0
Q3805,A0
Q3806,A0
Q3807,A2
Q3808,A0
Q3809,A2
Q3810,A0
Q3811,A8
Q3812,A2
Q3813,A0
Q3814,A3
Q3815,A0
Q3816,A2
Q3817,A2
Q3818,A2
Q3819,A8
Q3820,A2
Q3821,A0
Q3822,A3
Q3823,A0
Q3824,A0
Q3825,A0
Q3826,A0
Q3827,A0
Q3828,A1
Q3829,A2
Q3830,A0
Q3831,A0
Q3832,A0
Q3833,A0
Q3834,A0
Q3835,A0
Q3836,A3
Q3837,A0
Q3838,A7
Q3839,A0
Q3840,A3
Q3841,A0
Q3842,A0
Q3843,A0
Q3844,A0
Q3845,A0
Q3846,A0
Q3847,A2
Q3848,A0
Q3849,A3
Q3850,A0
Q3851,A1
Q3852,A2
Q3853,A0
Q3854,A0
Q3855,A3
Q3856,A0
Q3857,A3
Q3858,A0
Q3859,A2
Q3860,A0
Q3861,A0
Q3862,A3
Q3863,A0
Q3864,A0
Q3865,A2
Q3866,A2
Q3867,A3
Q3868,A1
Q3869,A2
Q3870,A3
Q3871,A0
Q3872,A3
Q3873,A0
Q3874,A1
Q3875,A0
Q3876,A0
Q3877,A2
Q3878,A7
Q3879,A2
Q3880,A0
Q3881,A0
Q3882,A4
Q3883,A3
Q3884,A3
Q3885,A0
Q3886,A12
Q3887,A2
Q3888,A1
Q3889,A0
Q3890,A0
Q3891,A0
Q3892,A12
Q3893,A2
Q3894,A0
Q3895,A2
Q3896,A0
Q3897,A8
Q3898,A4
Q3899,A1
Q3900,A0
Q3901,A3
Q3902,A0
Q3903,A0
Q3904,A10
Q3905,A7
Q3906,A2
Q3907,A2
Q3908,A12
Q3909,A3
Q3910,A1
Q3911,A12
Q3912,A2
Q3913,A7
Q3914,A7
Q3915,A0
Q3916,A2
Q3917,A2
Q3918,A7
Q3919,A1
Q3920,A0
Q3921,A7
Q3922,A8
Q3923,A0
Q3924,A3
Q3925,A3
Q3926,A3
Q3927,A0
Q3928,A2
Q3929,A1
Q3930,A0
Q3931,A3
Q3932,A0
Q3933,A0
Q3934,A0
Q3935,A2
Q3936,A0
Q3937,A0
Q3938,A3
Q3939,A7
Q3940,A1
Q3941,A2
Q3942,A0
Q3943,A0
Q3944,A3
Q3945,A0
Q3946,A1
Q3947,A8
Q3948,A0
Q3949,A2
Q3950,A2
Q3951,A2
Q3952,A3
Q3953,A2
Q3954,A3
Q3955,A0
Q3956,A0
Q3957,A3
Q3958,A4
Q3959,A0
Q3960,A0
Q3961,A0
Q3962,A0
Q3963,A1
Q3964,A7
Q3965,A10
Q3966,A7
Q3967,A7
Q3968,A0
Q3969,A3
Q3970,A0
Q3971,A1
Q3972,A2
Q3973,A0
Q3974,A0
Q3975,A1
Q3976,A3
Q3977,A3
Q3978,A0
Q3979,A0
Q3980,A0
Q3981,A3
Q3982,A1
Q3983,A0
Q3984,A0
Q3985,A1
Q3986,A0
Q3987,A4
Q3988,A7
Q3989,A7
Q3990,A3
Q3991,A3
Q3992,A0
Q3993,A0
Q3994,A0
Q3995,A0
Q3996,A7
Q3997,A0
Q3998,A2
Q3999,A0
Q4000,A0
Q4001,A2
Q4002,A2
Q4003,A4
Q4004,A0
Q4005,A3
Q4006,A0
Q4007,A4
Q4008,A0
Q4009,A0
Q4010,A0
Q4011,A1
Q4012,A3
Q4013,A0
Q4014,A0
Q4015,A0
Q4016,A0
Q4017,A0
Q4018,A2
Q4019,A1
Q4020,A0
Q4021,A0
Q4022,A0
Q4023,A0
Q4024,A7
Q4025,A3
Q4026,A3
Q4027,A0
Q4028,A7
Q4029,A0
Q4030,A0
Q4031,A0
Q4032,A0
Q4033,A0
Q4034,A3
Q4035,A0
Q4036,A4
Q4037,A0
Q4038,A7
Q4039,A12
Q4040,A0
Q4041,A0
Q4042,A7
Q4043,A0
Q4044,A0
Q4045,A2
Q4046,A3
Q4047,A1
Q4048,A2
Q4049,A0
Q4050,A1
Q4051,A3
Q4052,A1
Q4053,A8
Q4054,A3
Q4055,A2
Q4056,A0
Q4057,A0
Q4058,A1
Q4059,A2
Q4060,A0
Q4061,A7
Q4062,A4
Q4063,A0
Q4064,A0
Q4065,A0
Q4066,A0
Q4067,A2
Q4068,A3
Q4069,A0
Q4070,A0
Q4071,A2
Q4072,A1
Q4073,A1
Q4074,A0
Q4075,A0
Q4076,A2
Q4077,A0
Q4078,A4
Q4079,A0
Q4080,A0
Q4081,A0
Q4082,A1
Q4083,A0
Q4084,A0
Q4085,A8
Q4086,A0
Q4087,A8
Q4088,A2
Q4089,A0
Q4090,A0
Q4091,A0
Q4092,A0
Q4093,A0
Q4094,A2
Q4095,A2
Q4096,A7
Q4097,A2
Q4098,A0
Q4099,A0
Q4100,A3
Q4101,A3
Q4102,A0
Q4103,A0
Q4104,A0
Q4105,A0
Q4106,A2
Q4107,A3
Q4108,A1
Q4109,A0
Q4110,A3
Q4111,A1
Q4112,A0
Q4113,A3
Q4114,A0
Q4115,A0
Q4116,A1
Q4117,A0
Q4118,A3
Q4119,A7
Q4120,A0
Q4121,A8
Q4122,A12
Q4123,A1
Q4124,A2
Q4125,A8
Q4126,A3
Q4127,A0
Q4128,A0
Q4129,A0
Q4130,A0
Q4131,A1
Q4132,A0
Q4133,A12
Q4134,A2
Q4135,A0
Q4136,A2
Q4137,A4
Q4138,A0
Q4139,A8
Q4140,A0
Q4141,A0
Q4142,A0
Q4143,A0
Q4144,A0
Q4145,A0
Q4146,A1
Q4147,A0
Q4148,A0
Q4149,A3
Q4150,A0
Q4151,A0
Q4152,A2
Q4153,A0
Q4154,A0
Q4155,A0
Q4156,A0
Q4157,A2
Q4158,A3
Q4159,A0
Q4160,A1
Q4161,A10
Q4162,A3
Q4163,A0
Q4164,A3
Q4165,A7
Q4166,A2
Q4167,A0
Q4168,A0
Q4169,A1
Q4170,A7
Q4171,A0
Q4172,A0
Q4173,A0
Q4174,A0
Q4175,A0
Q4176,A0
Q4177,A0
Q4178,A3
Q4179,A2
Q4180,A0
Q4181,A0
Q4182,A0
Q4183,A7
Q4184,A3
Q4185,A0
Q4186,A0
Q4187,A0
Q4188,A8
Q4189,A1
Q4190,A0
Q4191,A3
Q4192,A2
Q4193,A2
Q4194,A0
Q4195,A0
Q4196,A3
Q4197,A3
Q4198,A1
Q4199,A0
Q4200,A0
Q4201,A0
Q4202,A3
Q4203,A0
Q4204,A0
Q4205,A4
Q4206,A0
Q4207,A0
Q4208,A2
Q4209,A7
Q4210,A0
Q4211,A0
Q4212,A0
Q4213,A0
Q4214,A0
Q4215,A7
Q4216,A0
Q4217,A4
Q4218,A0
Q4219,A0
Q4220,A1
Q4221,A2
Q4222,A3
Q4223,A0
Q4224,A7
Q4225,A0
Q4226,A0
Q4227,A0
Q4228,A1
Q4229,A7
Q4230,A3
Q4231,A8
Q4232,A0
Q4233,A2
Q4234,A7
Q4235,A0
Q4236,A0
Q4237,A3
Q4238,A8
Q4239,A9
Q4240,A0
Q4241,A0
Q4242,A0
Q4243,A1
Q4244,A0
Q4245,A0
Q4246,A2
Q4247,A0
Q4248,A0
Q4249,A1
Q4250,A0
Q4251,A4
Q4252,A7
Q4253,A0
Q4254,A1
Q4255,A0
Q4256,A0
Q4257,A0
Q4258,A3
Q4259,A3
Q4260,A0
Q4261,A2
Q4262,A3
Q4263,A0
Q4264,A0
Q4265,A0
Q4266,A0
Q4267,A0
Q4268,A3
Q4269,A3
Q4270,A3
Q4271,A4
Q4272,A0
Q4273,A2
Q4274,A2
Q4275,A1
Q4276,A2
Q4277,A3
Q4278,A0
Q4279,A0
Q4280,A2
Q4281,A0
Q4282,A12
Q4283,A7
Q4284,A3
Q4285,A0
Q4286,A3
Q4287,A12
Q4288,A0
Q4289,A0
Q4290,A0
Q4291,A7
Q4292,A0
Q4293,A0
Q4294,A0
Q4295,A7
Q4296,A0
Q4297,A0
Q4298,A0
Q4299,A0
Q4300,A7
Q4301,A0
Q4302,A1
Q4303,A3
Q4304,A12
Q4305,A1
Q4306,A1
Q4307,A7
Q4308,A0
Q4309,A0
Q4310,A0
Q4311,A3
Q4312,A3
Q4313,A4
Q4314,A7
Q4315,A0
Q4316,A0
Q4317,A3
Q4318,A3
Q4319,A3
Q4320,A0
Q4321,A0
Q4322,A0
Q4323,A0
Q4324,A2
Q4325,A8
Q4326,A2
Q4327,A0
Q4328,A8
Q4329,A0
Q4330,A0
Q4331,A0
Q4332,A3
Q4333,A1
Q4334,A0
Q4335,A0
Q4336,A1
Q4337,A0
Q4338,A2
Q4339,A2
Q4340,A2
Q4341,A2
Q4342,A0
Q4343,A0
Q4344,A0
Q4345,A2
Q4346,A0
Q4347,A3
Q4348,A1
Q4349,A3
Q4350,A0
Q4351,A0
Q4352,A0
Q4353,A3
Q4354,A0
Q4355,A7
Q4356,A0
Q4357,A0
Q4358,A0
Q4359,A2
Q4360,A0
Q4361,A1
Q4362,A0
Q4363,A0
Q4364,A0
Q4365,A0
Q4366,A3
Q4367,A2
Q4368,A3
Q4369,A0
Q4370,A2
Q4371,A7
Q4372,A0
Q4373,A7
Q4374,A0
Q4375,A3
Q4376,A3
Q4377,A8
Q4378,A0
Q4379,A0
Q4380,A0
Q4381,A0
Q4382,A0
Q4383,A2
Q4384,A1
Q4385,A0
Q4386,A2
Q4387,A2
Q4388,A0
Q4389,A0
Q4390,A3
Q4391,A4
Q4392,A0
Q4393,A0
Q4394,A3
Q4395,A0
Q4396,A3
Q4397,A0
Q4398,A0
Q4399,A0
Q4400,A3
Q4401,A0
Q4402,A0
Q4403,A0
Q4404,A0
Q4405,A3
Q4406,A7
Q4407,A1
Q4408,A0
Q4409,A2
Q4410,A7
Q4411,A7
Q4412,A0
Q4413,A3
Q4414,A0
Q4415,A0
Q4416,A1
Q4417,A0
Q4418,A8
Q4419,A7
Q4420,A2
Q4421,A0
Q4422,A0
Q4423,A0
Q4424,A3
Q4425,A3
Q4426,A3
Q4427,A0
Q4428,A0
Q4429,A2
Q4430,A0
Q4431,A1
Q4432,A3
Q4433,A10
Q4434,A0
Q4435,A3
Q4436,A0
Q4437,A3
Q4438,A0
Q4439,A2
Q4440,A2
Q4441,A4
Q4442,A8
Q4443,A3
Q4444,A2
Q4445,A0
Q4446,A0
Q4447,A0
Q4448,A1
Q4449,A3
Q4450,A0
Q4451,A1
Q4452,A12
Q4453,A0
Q4454,A4
Q4455,A3
Q4456,A0
Q4457,A0
Q4458,A7
Q4459,A0
Q4460,A3
Q4461,A7
Q4462,A0
Q4463,A1
Q4464,A3
Q4465,A3
Q4466,A3
Q4467,A10
Q4468,A7
Q4469,A0
Q4470,A1
Q4471,A0
Q4472,A1
Q4473,A0
Q4474,A2
Q4475,A3
Q4476,A2
Q4477,A0
Q4478,A0
Q4479,A3
Q4480,A12
Q4481,A12
Q4482,A2
Q4483,A8
Q4484,A0
Q4485,A2
Q4486,A3
Q4487,A7
Q4488,A0
Q4489,A4
Q4490,A10
Q4491,A2
Q4492,A1
Q4493,A2
Q4494,A0
Q4495,A0
Q4496,A0
Q4497,A0
Q4498,A7
Q4499,A2
Q4500,A2
Q4501,A0
Q4502,A0
Q4503,A0
Q4504,A8
Q4505,A0
Q4506,A1
Q4507,A0
Q4508,A12
Q4509,A3
Q4510,A3
Q4511,A0
Q4512,A0
Q4513,A0
Q4514,A7
Q4515,A0
Q4516,A0
Q4517,A4
Q4518,A0
Q4519,A0
Q4520,A3
Q4521,A0
Q4522,A0
Q4523,A8
Q4524,A0
Q4525,A0
Q4526,A0
Q4527,A0
Q4528,A0
Q4529,A0
Q4530,A1
Q4531,A0
Q4532,A7
Q4533,A0
Q4534,A0
Q4535,A0
Q4536,A0
Q4537,A2
Q4538,A1
Q4539,A0
Q4540,A0
Q4541,A7
Q4542,A3
Q4543,A0
Q4544,A0
Q4545,A10
Q4546,A0
Q4547,A0
Q4548,A0
Q4549,A4
Q4550,A12
Q4551,A0
Q4552,A1
Q4553,A0
Q4554,A3
Q4555,A0
Q4556,A3
Q4557,A0
Q4558,A0
Q4559,A2
Q4560,A7
Q4561,A3
Q4562,A0
Q4563,A0
Q4564,A2
Q4565,A2
Q4566,A0
Q4567,A0
Q4568,A0
Q4569,A0
Q4570,A0
Q4571,A2
Q4572,A0
Q4573,A1
Q4574,A0
Q4575,A12
Q4576,A0
Q4577,A3
Q4578,A0
Q4579,A0
Q4580,A1
Q4581,A4
Q4582,A0
Q4583,A12
Q4584,A0
Q4585,A2
Q4586,A0
Q4587,A2
Q4588,A0
Q4589,A7
Q4590,A1
Q4591,A2
Q4592,A1
Q4593,A7
Q4594,A0
Q4595,A0
Q4596,A1
Q4597,A0
Q4598,A0
Q4599,A1
Q4600,A0
Q4601,A3
Q4602,A8
Q4603,A8
Q4604,A3
Q4605,A4
Q4606,A0
Q4607,A0
Q4608,A7
Q4609,A0
Q4610,A0
Q4611,A10
Q4612,A1
Q4613,A12
Q4614,A0
Q4615,A0
Q4616,A3
Q4617,A0
Q4618,A2
Q4619,A3
Q4620,A0
Q4621,A8
Q4622,A3
Q4623,A0
Q4624,A2
Q4625,A0
Q4626,A0
Q4627,A2
Q4628,A1
Q4629,A1
Q4630,A0
Q4631,A0
Q4632,A8
Q4633,A2
Q4634,A4
Q4635,A0
Q4636,A0
Q4637,A12
Q4638,A0
Q4639,A0
Q4640,A3
Q4641,A0
Q4642,A0
Q4643,A0
Q4644,A0
Q4645,A3
Q4646,A2
Q4647,A2
Q4648,A7
Q4649,A0
Q4650,A0
Q4651,A7
Q4652,A0
Q4653,A0
Q4654,A1
Q4655,A0
Q4656,A0
Q4657,A1
Q4658,A3
Q4659,A3
Q4660,A0
Q4661,A7
Q4662,A0
Q4663,A7
Q4664,A2
Q4665,A12
Q4666,A0
Q4667,A3
Q4668,A3
Q4669,A8
Q4670,A0
Q4671,A2
Q4672,A10
Q4673,A1
Q4674,A2
Q4675,A2
Q4676,A0
Q4677,A7
Q4678,A0
Q4679,A2
Q4680,A0
Q4681,A0
Q4682,A0
Q4683,A0
Q4684,A0
Q4685,A7
Q4686,A0
Q4687,A2
Q4688,A0
Q4689,A0
Q4690,A0
Q4691,A3
Q4692,A0
Q4693,A1
Q4694,A0
Q4695,A1
Q4696,A0
Q4697,A3
Q4698,A2
Q4699,A0
Q4700,A1
Q4701,A7
Q4702,A2
Q4703,A0
Q4704,A3
Q4705,A0
Q4706,A0
Q4707,A2
Q4708,A4
Q4709,A0
Q4710,A0
Q4711,A0
Q4712,A0
Q4713,A1
Q4714,A0
Q4715,A8
Q4716,A7
Q4717,A0
Q4718,A0
Q4719,A7
Q4720,A3
Q4721,A8
Q4722,A3
Q4723,A2
Q4724,A0
Q4725,A0
Q4726,A0
Q4727,A3
Q4728,A0
Q4729,A3
Q4730,A0
Q4731,A0
Q4732,A7
Q4733,A0
Q4734,A8
Q4735,A8
Q4736,A0
Q4737,A0
Q4738,A0
Q4739,A7
Q4740,A10
Q4741,A0
Q4742,A2
Q4743,A3
Q4744,A0
Q4745,A0
Q4746,A0
Q4747,A2
Q4748,A3
Q4749,A8
Q4750,A2
Q4751,A7
Q4752,A0
Q4753,A0
Q4754,A0
Q4755,A0
Q4756,A0
Q4757,A1
Q4758,A2
Q4759,A0
Q4760,A8
Q4761,A0
Q4762,A3
Q4763,A3
Q4764,A0
Q4765,A1
Q4766,A0
Q4767,A3
Q4768,A7
Q4769,A0
Q4770,A0
Q4771,A8
Q4772,A1
Q4773,A0
Q4774,A3
Q4775,A2
Q4776,A1
Q4777,A0
Q4778,A2
Q4779,A2
Q4780,A3
Q4781,A3
Q4782,A0
Q4783,A4
Q4784,A0
Q4785,A0
Q4786,A3
Q4787,A3
Q4788,A8
Q4789,A3
Q4790,A3
Q4791,A0
Q4792,A1
Q4793,A0
Q4794,A0
Q4795,A4
Q4796,A0
Q4797,A3
Q4798,A0
Q4799,A3
Q4800,A0
Q4801,A0
Q4802,A0
Q4803,A0
Q4804,A0
Q4805,A0
Q4806,A0
Q4807,A0
Q4808,A0
Q4809,A2
Q4810,A2
Q4811,A3
Q4812,A0
Q4813,A2
Q4814,A3
Q4815,A4
Q4816,A0
Q4817,A7
Q4818,A0
Q4819,A0
Q4820,A0
Q4821,A2
Q4822,A0
Q4823,A2
Q4824,A7
Q4825,A8
Q4826,A1
Q4827,A0
Q4828,A1
Q4829,A0
Q4830,A0
Q4831,A1
Q4832,A2
Q4833,A0
Q4834,A3
Q4835,A0
Q4836,A0
Q4837,A0
Q4838,A0
Q4839,A4
Q4840,A2
Q4841,A0
Q4842,A0
Q4843,A3
Q4844,A0
Q4845,A2
Q4846,A1
Q4847,A0
Q4848,A4
Q4849,A0
Q4850,A4
Q4851,A7
Q4852,A0
Q4853,A0
Q4854,A2
Q4855,A8
Q4856,A3
Q4857,A0
Q4858,A0
Q4859,A3
Q4860,A3
Q4861,A1
Q4862,A7
Q4863,A0
Q4864,A0
Q4865,A2
Q4866,A2
Q4867,A0
Q4868,A2
Q4869,A4
Q4870,A1
Q4871,A12
Q4872,A2
Q4873,A7
Q4874,A1
Q4875,A7
Q4876,A0
Q4877,A3
Q4878,A0
Q4879,A12
Q4880,A7
Q4881,A0
Q4882,A0
Q4883,A0
Q4884,A3
Q4885,A0
Q4886,A2
Q4887,A2
Q4888,A2
Q4889,A4
Q4890,A1
Q4891,A7
Q4892,A7
Q4893,A0
Q4894,A2
Q4895,A3
Q4896,A0
Q4897,A0
Q4898,A0
Q4899,A3
Q4900,A1
Q4901,A0
Q4902,A2
Q4903,A0
Q4904,A0
Q4905,A12
Q4906,A0
Q4907,A1
Q4908,A2
Q4909,A4
Q4910,A0
Q4911,A0
Q4912,A2
Q4913,A2
Q4914,A0
Q4915,A2
Q4916,A0
Q4917,A12
Q4918,A0
Q4919,A3
Q4920,A7
Q4921,A0
Q4922,A7
Q4923,A0
Q4924,A0
Q4925,A0
Q4926,A0
Q4927,A7
Q4928,A1
Q4929,A0
Q4930,A0
Q4931,A0
Q4932,A4
Q4933,A3
Q4934,A0
Q4935,A0
Q4936,A0
Q4937,A0
Q4938,A0
Q4939,A0
Q4940,A0
Q4941,A2
Q4942,A2
Q4943,A3
Q4944,A2
Q4945,A0
Q4946,A0
Q4947,A0
Q4948,A0
Q4949,A0
Q4950,A4
Q4951,A0
Q4952,A1
Q4953,A0
Q4954,A0
Q4955,A8
Q4956,A0
Q4957,A3
Q4958,A0
Q4959,A0
Q4960,A3
Q4961,A0
Q4962,A0
Q4963,A2
Q4964,A3
Q4965,A0
Q4966,A7
Q4967,A0
Q4968,A0
Q4969,A1
Q4970,A2
Q4971,A12
Q4972,A0
Q4973,A1
Q4974,A7
Q4975,A1
Q4976,A0
Q4977,A8
Q4978,A2
Q4979,A7
Q4980,A3
Q4981,A2
Q4982,A0
Q4983,A12
Q4984,A1
Q4985,A0
Q4986,A0
Q4987,A0
Q4988,A2
Q4989,A0
Q4990,A0
Q4991,A0
Q4992,A0
Q4993,A4
Q4994,A0
Q4995,A0
Q4996,A12
Q4997,A0
Q4998,A0
Q4999,A0
Q5000,A7
Q5001,A4
Q5002,A3
Q5003,A2
Q5004,A3
Q5005,A1
Q5006,A7
Q5007,A3
Q5008,A0
Q5009,A0
Q5010,A2
Q5011,A3
Q5012,A0
Q5013,A10
Q5014,A3
Q5015,A0
Q5016,A0
Q5017,A4
Q5018,A2
Q5019,A0
Q5020,A2
Q5021,A1
Q5022,A2
Q5023,A0
Q5024,A3
Q5025,A0
Q5026,A1
Q5027,A2
Q5028,A0
Q5029,A3
Q5030,A3
Q5031,A1
Q5032,A0
Q5033,A4
Q5034,A2
Q5035,A3
Q5036,A0
Q5037,A7
Q5038,A0
Q5039,A2
Q5040,A1
Q5041,A0
Q5042,A7
Q5043,A0
Q5044,A0
Q5045,A3
Q5046,A0
Q5047,A0
Q5048,A3
Q5049,A0
Q5050,A12
Q5051,A2
Q5052,A8
Q5053,A2
Q5054,A10
Q5055,A0
Q5056,A0
Q5057,A2
Q5058,A3
Q5059,A7
Q5060,A0
Q5061,A0
Q5062,A3
Q5063,A0
Q5064,A1
Q5065,A0
Q5066,A0
Q5067,A0
Q5068,A2
Q5069,A0
Q5070,A0
Q5071,A7
Q5072,A3
Q5073,A3
Q5074,A3
Q5075,A0
Q5076,A12
Q5077,A0
Q5078,A0
Q5079,A2
Q5080,A2
Q5081,A0
Q5082,A0
Q5083,A0
Q5084,A3
Q5085,A0
Q5086,A0
Q5087,A0
Q5088,A0
Q5089,A7
Q5090,A0
Q5091,A0
Q5092,A10
Q5093,A0
Q5094,A2
Q5095,A0
Q5096,A2
Q5097,A0
Q5098,A0
Q5099,A0
Q5100,A0
Q5101,A3
Q5102,A0
Q5103,A7
Q5104,A10
Q5105,A0
Q5106,A0
Q5107,A0
Q5108,A2
Q5109,A3
Q5110,A0
Q5111,A3
Q5112,A3
Q5113,A0
Q5114,A2
Q5115,A0
Q5116,A3
Q5117,A1
Q5118,A0
Q5119,A2
Q5120,A0
Q5121,A0
Q5122,A1
Q5123,A0
Q5124,A4
Q5125,A1
Q5126,A0
Q5127,A3
Q5128,A0
Q5129,A2
Q5130,A0
Q5131,A2
Q5132,A0
Q5133,A0
Q5134,A7
Q5135,A3
Q5136,A0
Q5137,A8
Q5138,A1
Q5139,A7
Q5140,A7
Q5141,A0
Q5142,A3
Q5143,A0
Q5144,A10
Q5145,A0
Q5146,A0
Q5147,A0
Q5148,A1
Q5149,A8
Q5150,A0
Q5151,A0
Q5152,A0
Q5153,A7
Q5154,A0
Q5155,A0
Q5156,A3
Q5157,A0
Q5158,A0
Q5159,A0
Q5160,A1
Q5161,A0
Q5162,A7
Q5163,A0
Q5164,A0
Q5165,A0
Q5166,A4
Q5167,A0
Q5168,A3
Q5169,A2
Q5170,A0
Q5171,A0
Q5172,A0
Q5173,A0
Q5174,A0
Q5175,A0
Q5176,A0
Q5177,A0
Q5178,A0
Q5179,A1
Q5180,A0
Q5181,A7
Q5182,A0
Q5183,A3
Q5184,A0
Q5185,A0
Q5186,A7
Q5187,A2
Q5188,A2
Q5189,A0
Q5190,A3
Q5191,A3
Q5192,A2
Q5193,A7
Q5194,A0
Q5195,A0
Q5196,A12
Q5197,A3
Q5198,A3
Q5199,A12
Q5200,A0
Q5201,A0
Q5202,A2
Q5203,A0
Q5204,A0
Q5205,A0
Q5206,A0
Q5207,A0
Q5208,A12
Q5209,A2
Q5210,A0
Q5211,A3
Q5212,A2
Q5213,A3
Q5214,A12
Q5215,A0
Q5216,A2
Q5217,A7
Q5218,A0
Q5219,A0
Q5220,A1
Q5221,A0
Q5222,A2
Q5223,A2
Q5224,A0
Q5225,A2
Q5226,A0
Q5227,A0
Q5228,A0
Q5229,A8
Q5230,A0
Q5231,A0
Q5232,A10
Q5233,A2
Q5234,A0
Q5235,A2
Q5236,A0
Q5237,A0
Q5238,A0
Q5239,A0
Q5240,A3
Q5241,A8
Q5242,A0
Q5243,A7
Q5244,A7
Q5245,A0
Q5246,A10
Q5247,A0
Q5248,A7
Q5249,A2
Q5250,A0
Q5251,A0
Q5252,A1
Q5253,A0
Q5254,A0
Q5255,A0
Q5256,A1
Q5257,A0
Q5258,A7
Q5259,A2
Q5260,A12
Q5261,A0
Q5262,A3
Q5263,A0
Q5264,A0
Q5265,A7
Q5266,A0
Q5267,A2
Q5268,A1
Q5269,A0
Q5270,A0
Q5271,A8
Q5272,A0
Q5273,A0
Q5274,A1
Q5275,A3
Q5276,A0
Q5277,A1
Q5278,A0
Q5279,A0
Q5280,A0
Q5281,A0
Q5282,A0
Q5283,A7
Q5284,A0
Q5285,A8
Q5286,A0
Q5287,A2
Q5288,A2
Q5289,A3
Q5290,A0
Q5291,A10
Q5292,A1
Q5293,A0
Q5294,A8
Q5295,A0
Q5296,A7
Q5297,A4
Q5298,A0
Q5299,A0
Q5300,A1
Q5301,A4
Q5302,A8
Q5303,A3
Q5304,A0
Q5305,A0
Q5306,A1
Q5307,A0
Q5308,A1
Q5309,A0
Q5310,A8
Q5311,A0
Q5312,A0
Q5313,A0
Q5314,A0
Q5315,A8
Q5316,A7
Q5317,A3
Q5318,A7
Q5319,A10
Q5320,A0
Q5321,A7
Q5322,A0
Q5323,A2
Q5324,A0
Q5325,A1
Q5326,A7
Q5327,A3
Q5328,A0
Q5329,A0
Q5330,A0
Q5331,A0
Q5332,A0
Q5333,A2
Q5334,A0
Q5335,A2
Q5336,A2
Q5337,A1
Q5338,A3
Q5339,A0
Q5340,A3
Q5341,A2
Q5342,A3
Q5343,A2
Q5344,A2
Q5345,A0
Q5346,A0
Q5347,A0
Q5348,A1
Q5349,A0
Q5350,A1
Q5351,A12
Q5352,A10
Q5353,A0
Q5354,A0
Q5355,A4
Q5356,A3
Q5357,A4
Q5358,A5
Q5359,A2
Q5360,A3
Q5361,A0
Q5362,A0
Q5363,A2
Q5364,A0
Q5365,A10
Q5366,A0
Q5367,A7
Q5368,A0
Q5369,A2
Q5370,A1
Q5371,A0
Q5372,A4
Q5373,A4
Q5374,A3
Q5375,A7
Q5376,A1
Q5377,A0
Q5378,A0
Q5379,A0
Q5380,A7
Q5381,A1
Q5382,A0
Q5383,A3
Q5384,A12
Q5385,A0
Q5386,A3
Q5387,A0
Q5388,A2
Q5389,A3
Q5390,A2
Q5391,A7
Q5392,A1
Q5393,A0
Q5394,A0
Q5395,A3
Q5396,A0
Q5397,A0
Q5398,A3
Q5399,A0
Q5400,A0
Q5401,A2
Q5402,A0
Q5403,A10
Q5404,A0
Q5405,A0
Q5406,A3
Q5407,A0
Q5408,A2
Q5409,A0
Q5410,A4
Q5411,A0
Q5412,A0
Q5413,A0
Q5414,A0
Q5415,A2
Q5416,A0
Q5417,A3
Q5418,A3
Q5419,A0
Q5420,A0
Q5421,A0
Q5422,A4
Q5423,A0
Q5424,A0
Q5425,A0
Q5426,A0
Q5427,A0
Q5428,A3
Q5429,A2
Q5430,A0
Q5431,A0
Q5432,A2
Q5433,A0
Q5434,A3
Q5435,A0
Q5436,A0
Q5437,A1
Q5438,A0
Q5439,A0
Q5440,A0
Q5441,A2
Q5442,A3
Q5443,A0
Q5444,A0
Q5445,A0
Q5446,A0
Q5447,A0
Q5448,A0
Q5449,A0
Q5450,A3
Q5451,A2
Q5452,A2
Q5453,A0
Q5454,A0
Q5455,A0
Q5456,A3
Q5457,A0
Q5458,A12
Q5459,A3
Q5460,A0
Q5461,A4
Q5462,A3
Q5463,A0
Q5464,A1
Q5465,A0
Q5466,A0
Q5467,A0
Q5468,A0
Q5469,A2
Q5470,A0
Q5471,A3
Q5472,A0
Q5473,A0
Q5474,A12
Q5475,A0
Q5476,A2
Q5477,A2
Q5478,A3
Q5479,A0
Q5480,A0
Q5481,A0
Q5482,A0
Q5483,A3
Q5484,A4
Q5485,A0
Q5486,A0
Q5487,A3
Q5488,A3
Q5489,A3
Q5490,A0
Q5491,A7
Q5492,A0
Q5493,A2
Q5494,A3
Q5495,A1
Q5496,A3
Q5497,A0
Q5498,A0
Q5499,A0
Q5500,A0
Q5501,A0
Q5502,A1
Q5503,A0
Q5504,A0
Q5505,A2
Q5506,A7
Q5507,A0
Q5508,A0
Q5509,A3
Q5510,A3
Q5511,A0
Q5512,A0
Q5513,A7
Q5514,A0
Q5515,A10
Q5516,A7
Q5517,A2
Q5518,A0
Q5519,A3
Q5520,A0
Q5521,A0
Q5522,A0
Q5523,A0
Q5524,A0
Q5525,A3
Q5526,A0
Q5527,A0
Q5528,A0
Q5529,A3
Q5530,A0
Q5531,A0
Q5532,A1
Q5533,A12
Q5534,A0
Q5535,A3
Q5536,A0
Q5537,A12
Q5538,A2
Q5539,A12
Q5540,A0
Q5541,A3
Q5542,A3
Q5543,A0
Q5544,A0
Q5545,A0
Q5546,A3
Q5547,A2
Q5548,A1
Q5549,A0
Q5550,A2
Q5551,A0
Q5552,A3
Q5553,A1
Q5554,A1
Q5555,A7
Q5556,A0
Q5557,A2
Q5558,A0
Q5559,A7
Q5560,A4
Q5561,A0
Q5562,A3
Q5563,A12
Q5564,A1
Q5565,A3
Q5566,A0
Q5567,A3
Q5568,A0
Q5569,A0
Q5570,A4
Q5571,A12
Q5572,A4
Q5573,A8
Q5574,A3
Q5575,A1
Q5576,A3
Q5577,A7
Q5578,A0
Q5579,A0
Q5580,A0
Q5581,A3
Q5582,A0
Q5583,A0
Q5584,A0
Q5585,A2
Q5586,A2
Q5587,A0
Q5588,A0
Q5589,A0
Q5590,A0
Q5591,A3
Q5592,A0
Q5593,A0
Q5594,A4
Q5595,A3
Q5596,A2
Q5597,A0
Q5598,A3
Q5599,A2
Q5600,A0
Q5601,A1
Q5602,A1
Q5603,A0
Q5604,A0
Q5605,A4
Q5606,A0
Q5607,A0
Q5608,A0
Q5609,A0
Q5610,A0
Q5611,A3
Q5612,A0
Q5613,A0
Q5614,A0
Q5615,A0
Q5616,A4
Q5617,A7
Q5618,A0
Q5619,A0
Q5620,A0
Q5621,A0
Q5622,A2
Q5623,A0
Q5624,A0
Q5625,A4
Q5626,A2
Q5627,A0
Q5628,A3
Q5629,A0
Q5630,A0
Q5631,A0
Q5632,A0
Q5633,A1
Q5634,A0
Q5635,A0
Q5636,A3
Q5637,A0
Q5638,A0
Q5639,A0
Q5640,A1
Q5641,A0
Q5642,A0
Q5643,A0
Q5644,A2
Q5645,A0
Q5646,A0
Q5647,A0
Q5648,A2
Q5649,A1
Q5650,A0
Q5651,A0
Q5652,A3
Q5653,A0
Q5654,A0
Q5655,A0
Q5656,A0
Q5657,A0
Q5658,A0
Q5659,A1
Q5660,A0
Q5661,A0
Q5662,A7
Q5663,A2
Q5664,A0
Q5665,A0
Q5666,A1
Q5667,A10
Q5668,A0
Q5669,A12
Q5670,A1
Q5671,A3
Q5672,A0
Q5673,A7
Q5674,A0
Q5675,A1
Q5676,A0
Q5677,A0
Q5678,A0
Q5679,A0
Q5680,A2
Q5681,A4
Q5682,A0
Q5683,A2
Q5684,A10
Q5685,A0
Q5686,A0
Q5687,A0
Q5688,A0
Q5689,A8
Q5690,A0
Q5691,A0
Q5692,A3
Q5693,A2
Q5694,A0
Q5695,A2
Q5696,A12
Q5697,A0
Q5698,A0
Q5699,A0
Q5700,A0
Q5701,A2
Q5702,A0
Q5703,A0
Q5704,A0
Q5705,A0
Q5706,A3
Q5707,A2
Q5708,A0
Q5709,A0
Q5710,A0
Q5711,A0
Q5712,A1
Q5713,A10
Q5714,A12
Q5715,A0
Q5716,A2
Q5717,A0
Q5718,A0
Q5719,A0
Q5720,A3
Q5721,A0
Q5722,A7
Q5723,A3
Q5724,A3
Q5725,A0
Q5726,A12
Q5727,A3
Q5728,A7
Q5729,A1
Q5730,A2
Q5731,A0
Q5732,A3
Q5733,A0
Q5734,A0
Q5735,A0
Q5736,A0
Q5737,A0
Q5738,A4
Q5739,A8
Q5740,A0
Q5741,A4
Q5742,A0
Q5743,A0
Q5744,A7
Q5745,A3
Q5746,A0
Q5747,A5
Q5748,A0
Q5749,A0
Q5750,A0
Q5751,A0
Q5752,A0
Q5753,A0
Q5754,A0
Q5755,A2
Q5756,A0
Q5757,A0
Q5758,A0
Q5759,A3
Q5760,A0
Q5761,A2
Q5762,A0
Q5763,A0
Q5764,A3
Q5765,A4
Q5766,A0
Q5767,A0
Q5768,A0
Q5769,A0
Q5770,A7
Q5771,A2
Q5772,A8
Q5773,A0
Q5774,A2
Q5775,A0
Q5776,A2
Q5777,A0
Q5778,A0
Q5779,A3
Q5780,A7
Q5781,A2
Q5782,A0
Q5783,A7
Q5784,A0
Q5785,A3
Q5786,A0
Q5787,A4
Q5788,A4
Q5789,A3
Q5790,A0
Q5791,A0
Q5792,A0
Q5793,A0
Q5794,A1
Q5795,A3
Q5796,A1
Q5797,A3
Q5798,A2
Q5799,A3
Q5800,A2
Q5801,A0
Q5802,A0
Q5803,A0
Q5804,A10
Q5805,A0
Q5806,A4
Q5807,A8
Q5808,A0
Q5809,A7
Q5810,A4
Q5811,A0
Q5812,A3
Q5813,A2
Q5814,A0
Q5815,A0
Q5816,A0
Q5817,A0
Q5818,A0
Q5819,A0
Q5820,A0
Q5821,A3
Q5822,A0
Q5823,A1
Q5824,A0
Q5825,A0
Q5826,A3
Q5827,A3
Q5828,A0
Q5829,A0
Q5830,A2
Q5831,A0
Q5832,A2
Q5833,A0
Q5834,A10
Q5835,A0
Q5836,A2
Q5837,A1
Q5838,A2
Q5839,A7
Q5840,A2
Q5841,A0
Q5842,A3
Q5843,A1
Q5844,A2
Q5845,A2
Q5846,A0
Q5847,A0
Q5848,A4
Q5849,A1
Q5850,A0
Q5851,A1
Q5852,A3
Q5853,A1
Q5854,A2
Q5855,A0
Q5856,A2
Q5857,A0
Q5858,A0
Q5859,A0
Q5860,A8
Q5861,A0
Q5862,A3
Q5863,A0
Q5864,A3
Q5865,A0
Q5866,A1
Q5867,A4
Q5868,A0
Q5869,A3
Q5870,A0
Q5871,A1
Q5872,A0
Q5873,A0
Q5874,A7
Q5875,A2
Q5876,A10
Q5877,A0
Q5878,A3
Q5879,A0
Q5880,A3
Q5881,A0
Q5882,A4
Q5883,A0
Q5884,A0
Q5885,A3
Q5886,A0
Q5887,A0
Q5888,A0
Q5889,A0
Q5890,A0
Q5891,A0
Q5892,A3
Q5893,A0
Q5894,A3
Q5895,A0
Q5896,A7
Q5897,A0
Q5898,A0
Q5899,A1
Q5900,A2
Q5901,A0
Q5902,A0
Q5903,A0
Q5904,A0
Q5905,A0
Q5906,A3
Q5907,A3
Q5908,A0
Q5909,A1
Q5910,A1
Q5911,A0
Q5912,A0
Q5913,A0
Q5914,A3
Q5915,A0
Q5916,A2
Q5917,A3
Q5918,A7
Q5919,A0
Q5920,A7
Q5921,A3
Q5922,A0
Q5923,A0
Q5924,A1
Q5925,A0
Q5926,A0
Q5927,A3
Q5928,A1
Q5929,A3
Q5930,A0
Q5931,A0
Q5932,A3
Q5933,A0
Q5934,A4
Q5935,A7
Q5936,A0
Q5937,A0
Q5938,A3
Q5939,A8
Q5940,A1
Q5941,A7
Q5942,A2
Q5943,A0
Q5944,A0
Q5945,A0
Q5946,A2
Q5947,A0
Q5948,A0
Q5949,A0
Q5950,A3
Q5951,A0
Q5952,A0
Q5953,A0
Q5954,A0
Q5955,A3
Q5956,A0
Q5957,A7
Q5958,A0
Q5959,A0
Q5960,A2
Q5961,A7
Q5962,A2
Q5963,A0
Q5964,A0
Q5965,A3
Q5966,A0
Q5967,A7
Q5968,A0
Q5969,A2
Q5970,A7
Q5971,A0
Q5972,A0
Q5973,A0
Q5974,A2
Q5975,A7
Q5976,A0
Q5977,A1
Q5978,A0
Q5979,A0
Q5980,A4
Q5981,A0
Q5982,A4
Q5983,A4
Q5984,A0
Q5985,A0
Q5986,A3
Q5987,A0
Q5988,A0
Q5989,A3
Q5990,A0
Q5991,A0
Q5992,A7
Q5993,A2
Q5994,A8
Q5995,A3
Q5996,A12
Q5997,A0
Q5998,A0
Q5999,A0
Q6000,A1
Q6001,A0
Q6002,A7
Q6003,A1
Q6004,A4
Q6005,A0
Q6006,A0
Q6007,A0
Q6008,A10
Q6009,A7
Q6010,A0
Q6011,A0
Q6012,A7
Q6013,A2
Q6014,A10
Q6015,A0
Q6016,A0
Q6017,A7
Q6018,A2
Q6019,A3
Q6020,A2
Q6021,A1
Q6022,A8
Q6023,A4
Q6024,A0
Q6025,A0
Q6026,A0
Q6027,A8
Q6028,A2
Q6029,A4
Q6030,A10
Q6031,A0
Q6032,A0
Q6033,A0
Q6034,A2
Q6035,A0
Q6036,A0
Q6037,A0
Q6038,A3
Q6039,A0
Q6040,A0
Q6041,A1
Q6042,A7
Q6043,A0
Q6044,A0
Q6045,A3
Q6046,A0
Q6047,A10
Q6048,A0
Q6049,A1
Q6050,A0
Q6051,A0
Q6052,A0
Q6053,A0
Q6054,A0
Q6055,A0
Q6056,A0
Q6057,A0
Q6058,A0
Q6059,A0
Q6060,A0
Q6061,A1
Q6062,A0
Q6063,A7
Q6064,A0
Q6065,A0
Q6066,A1
Q6067,A2
Q6068,A2
Q6069,A0
Q6070,A3
Q6071,A0
Q6072,A0
Q6073,A10
Q6074,A0
Q6075,A7
Q6076,A0
Q6077,A3
Q6078,A4
Q6079,A3
Q6080,A1
Q6081,A10
Q6082,A12
Q6083,A2
Q6084,A0
Q6085,A0
Q6086,A0
Q6087,A3
Q6088,A0
Q6089,A0
Q6090,A2
Q6091,A2
Q6092,A0
Q6093,A0
Q6094,A1
Q6095,A0
Q6096,A2
Q6097,A0
Q6098,A0
Q6099,A0
Q6100,A2
Q6101,A0
Q6102,A0
Q6103,A1
Q6104,A0
Q6105,A3
Q6106,A0
Q6107,A3
Q6108,A0
Q6109,A2
Q6110,A3
Q6111,A3
Q6112,A2
Q6113,A0
Q6114,A0
Q6115,A2
Q6116,A1
Q6117,A2
Q6118,A0
Q6119,A0
Q6120,A1
Q6121,A0
Q6122,A0
Q6123,A0
Q6124,A0
Q6125,A8
Q6126,A3
Q6127,A2
Q6128,A10
Q6129,A2
Q6130,A0
Q6131,A3
Q6132,A2
Q6133,A0
Q6134,A3
Q6135,A0
Q6136,A0
Q6137,A0
Q6138,A0
Q6139,A3
Q6140,A0
Q6141,A0
Q6142,A3
Q6143,A3
Q6144,A4
Q6145,A1
Q6146,A3
Q6147,A2
Q6148,A7
Q6149,A3
Q6150,A10
Q6151,A0
Q6152,A3
Q6153,A0
Q6154,A0
Q6155,A4
Q6156,A0
Q6157,A0
Q6158,A1
Q6159,A0
Q6160,A7
Q6161,A2
Q6162,A0
Q6163,A0
Q6164,A2
Q6165,A0
Q6166,A0
Q6167,A2
Q6168,A2
Q6169,A8
Q6170,A3
Q6171,A3
Q6172,A10
Q6173,A0
Q6174,A1
Q6175,A0
Q6176,A3
Q6177,A10
Q6178,A0
Q6179,A0
Q6180,A0
Q6181,A4
Q6182,A3
Q6183,A0
Q6184,A3
Q6185,A0
Q6186,A2
Q6187,A0
Q6188,A2
Q6189,A0
Q6190,A0
Q6191,A12
Q6192,A12
Q6193,A1
Q6194,A0
Q6195,A3
Q6196,A3
Q6197,A0
Q6198,A4
Q6199,A0
Q6200,A0
Q6201,A0
Q6202,A0
Q6203,A0
Q6204,A8
Q6205,A12
Q6206,A3
Q6207,A0
Q6208,A0
Q6209,A1
Q6210,A3
Q6211,A7
Q6212,A1
Q6213,A0
Q6214,A0
Q6215,A0
Q6216,A0
Q6217,A0
Q6218,A0
Q6219,A1
Q6220,A2
Q6221,A3
Q6222,A2
Q6223,A2
Q6224,A0
Q6225,A0
Q6226,A3
Q6227,A0
Q6228,A3
Q6229,A0
Q6230,A2
Q6231,A0
Q6232,A2
Q6233,A1
Q6234,A0
Q6235,A0
Q6236,A2
Q6237,A7
Q6238,A1
Q6239,A2
Q6240,A2
Q6241,A0
Q6242,A3
Q6243,A8
Q6244,A4
Q6245,A3
Q6246,A10
Q6247,A3
Q6248,A10
Q6249,A0
Q6250,A8
Q6251,A2
Q6252,A1
Q6253,A0
Q6254,A0
Q6255,A0
Q6256,A7
Q6257,A0
Q6258,A0
Q6259,A0
Q6260,A0
Q6261,A1
Q6262,A0
Q6263,A0
Q6264,A0
Q6265,A0
Q6266,A0
Q6267,A0
Q6268,A0
Q6269,A3
Q6270,A0
Q6271,A1
Q6272,A3
Q6273,A4
Q6274,A3
Q6275,A3
Q6276,A0
Q6277,A0
Q6278,A2
Q6279,A0
Q6280,A2
Q6281,A8
Q6282,A3
Q6283,A2
Q6284,A0
Q6285,A0
Q6286,A0
Q6287,A0
Q6288,A2
Q6289,A0
Q6290,A0
Q6291,A0
Q6292,A0
Q6293,A3
Q6294,A0
Q6295,A12
Q6296,A8
Q6297,A0
Q6298,A3
Q6299,A7
Q6300,A2
Q6301,A1
Q6302,A0
Q6303,A7
Q6304,A0
Q6305,A2
Q6306,A0
Q6307,A12
Q6308,A0
Q6309,A3
Q6310,A12
Q6311,A3
Q6312,A0
Q6313,A0
Q6314,A2
Q6315,A3
Q6316,A2
Q6317,A0
Q6318,A2
Q6319,A4
Q6320,A2
Q6321,A0
Q6322,A0
Q6323,A0
Q6324,A2
Q6325,A0
Q6326,A0
Q6327,A2
Q6328,A4
Q6329,A0
Q6330,A0
Q6331,A0
Q6332,A1
Q6333,A4
Q6334,A0
Q6335,A0
Q6336,A2
Q6337,A0
Q6338,A0
Q6339,A2
Q6340,A0
Q6341,A0
Q6342,A3
Q6343,A3
Q6344,A2
Q6345,A0
Q6346,A0
Q6347,A0
Q6348,A4
Q6349,A12
Q6350,A0
Q6351,A7
Q6352,A0
Q6353,A0
Q6354,A0
Q6355,A12
Q6356,A2
Q6357,A2
Q6358,A0
Q6359,A0
Q6360,A0
Q6361,A2
Q6362,A0
Q6363,A0
Q6364,A0
Q6365,A3
Q6366,A2
Q6367,A8
Q6368,A0
Q6369,A0
Q6370,A0
Q6371,A0
Q6372,A7
Q6373,A0
Q6374,A0
Q6375,A7
Q6376,A8
Q6377,A0
Q6378,A2
Q6379,A1
Q6380,A0
Q6381,A0
Q6382,A3
Q6383,A8
Q6384,A0
Q6385,A0
Q6386,A3
Q6387,A0
Q6388,A2
Q6389,A2
Q6390,A0
Q6391,A0
Q6392,A7
Q6393,A3
Q6394,A1
Q6395,A0
Q6396,A0
Q6397,A0
Q6398,A0
Q6399,A3
Q6400,A3
Q6401,A0
Q6402,A0
Q6403,A1
Q6404,A0
Q6405,A0
Q6406,A3
Q6407,A2
Q6408,A0
Q6409,A0
Q6410,A0
Q6411,A2
Q6412,A0
Q6413,A0
Q6414,A3
Q6415,A1
Q6416,A12
Q6417,A12
Q6418,A0
Q6419,A0
Q6420,A0
Q6421,A4
Q6422,A0
Q6423,A3
Q6424,A12
Q6425,A3
Q6426,A0
Q6427,A2
Q6428,A2
Q6429,A2
Q6430,A0
Q6431,A0
Q6432,A7
Q6433,A0
Q6434,A0
Q6435,A3
Q6436,A10
Q6437,A0
Q6438,A0
Q6439,A0
Q6440,A0
Q6441,A7
Q6442,A8
Q6443,A0
Q6444,A2
Q6445,A10
Q6446,A7
Q6447,A1
Q6448,A2
Q6449,A0
Q6450,A0
Q6451,A2
Q6452,A0
Q6453,A0
Q6454,A0
Q6455,A3
Q6456,A0
Q6457,A2
Q6458,A0
Q6459,A0
Q6460,A3
Q6461,A0
Q6462,A0
Q6463,A0
Q6464,A1
Q6465,A3
Q6466,A2
Q6467,A8
Q6468,A0
Q6469,A1
Q6470,A0
Q6471,A0
Q6472,A3
Q6473,A7
Q6474,A0
Q6475,A7
Q6476,A7
Q6477,A1
Q6478,A3
Q6479,A2
Q6480,A0
Q6481,A4
Q6482,A0
Q6483,A2
Q6484,A4
Q6485,A0
Q6486,A8
Q6487,A0
Q6488,A2
Q6489,A0
Q6490,A0
Q6491,A0
Q6492,A7
Q6493,A0
Q6494,A0
Q6495,A2
Q6496,A2
Q6497,A1
Q6498,A0
Q6499,A2
Q6500,A1
Q6501,A2
Q6502,A2
Q6503,A8
Q6504,A1
Q6505,A0
Q6506,A0
Q6507,A1
Q6508,A0
Q6509,A0
Q6510,A12
Q6511,A0
Q6512,A3
Q6513,A0
Q6514,A0
Q6515,A3
Q6516,A0
Q6517,A0
Q6518,A7
Q6519,A0
Q6520,A0
Q6521,A0
Q6522,A0
Q6523,A3
Q6524,A0
Q6525,A0
Q6526,A3
Q6527,A0
Q6528,A12
Q6529,A2
Q6530,A3
Q6531,A0
Q6532,A0
Q6533,A3
Q6534,A0
Q6535,A3
Q6536,A0
Q6537,A3
Q6538,A3
Q6539,A7
Q6540,A0
Q6541,A1
Q6542,A0
Q6543,A0
Q6544,A0
Q6545,A0
Q6546,A0
Q6547,A0
Q6548,A0
Q6549,A2
Q6550,A3
Q6551,A0
Q6552,A0
Q6553,A3
Q6554,A0
Q6555,A8
Q6556,A12
Q6557,A10
Q6558,A0
Q6559,A1
Q6560,A0
Q6561,A1
Q6562,A12
Q6563,A0
Q6564,A0
Q6565,A0
Q6566,A3
Q6567,A0
Q6568,A0
Q6569,A2
Q6570,A0
Q6571,A1
Q6572,A0
Q6573,A0
Q6574,A3
Q6575,A0
Q6576,A0
Q6577,A4
Q6578,A2
Q6579,A0
Q6580,A1
Q6581,A0
Q6582,A10
Q6583,A2
Q6584,A3
Q6585,A2
Q6586,A8
Q6587,A0
Q6588,A0
Q6589,A0
Q6590,A0
Q6591,A3
Q6592,A10
Q6593,A2
Q6594,A0
Q6595,A2
Q6596,A0
Q6597,A0
Q6598,A2
Q6599,A2
Q6600,A3
Q6601,A0
Q6602,A0
Q6603,A12
Q6604,A4
Q6605,A0
Q6606,A1
Q6607,A8
Q6608,A0
Q6609,A0
Q6610,A0
Q6611,A0
Q6612,A0
Q6613,A0
Q6614,A3
Q6615,A7
Q6616,A0
Q6617,A0
Q6618,A2
Q6619,A0
Q6620,A0
Q6621,A0
Q6622,A0
Q6623,A0
Q6624,A0
Q6625,A0
Q6626,A1
Q6627,A10
Q6628,A0
Q6629,A0
Q6630,A9
Q6631,A3
Q6632,A0
Q6633,A0
Q6634,A3
Q6635,A0
Q6636,A2
Q6637,A2
Q6638,A0
Q6639,A0
Q6640,A12
Q6641,A0
Q6642,A3
Q6643,A3
Q6644,A2
Q6645,A8
Q6646,A2
Q6647,A0
Q6648,A12
Q6649,A0
Q6650,A2
Q6651,A3
Q6652,A0
Q6653,A10
Q6654,A0
Q6655,A0
Q6656,A2
Q6657,A4
Q6658,A3
Q6659,A2
Q6660,A2
Q6661,A2
Q6662,A0
Q6663,A7
Q6664,A2
Q6665,A3
Q6666,A0
Q6667,A3
Q6668,A0
Q6669,A0
Q6670,A0
Q6671,A0
Q6672,A0
Q6673,A0
Q6674,A8
Q6675,A4
Q6676,A3
Q6677,A3
Q6678,A0
Q6679,A0
Q6680,A0
Q6681,A3
Q6682,A0
Q6683,A8
Q6684,A0
Q6685,A0
Q6686,A1
Q6687,A0
Q6688,A0
Q6689,A8
Q6690,A7
Q6691,A0
Q6692,A0
Q6693,A8
Q6694,A0
Q6695,A2
Q6696,A0
Q6697,A0
Q6698,A3
Q6699,A0
Q6700,A0
Q6701,A0
Q6702,A3
Q6703,A0
Q6704,A3
Q6705,A8
Q6706,A7
Q6707,A0
Q6708,A0
Q6709,A0
Q6710,A8
Q6711,A2
Q6712,A2
Q6713,A3
Q6714,A1
Q6715,A0
Q6716,A0
Q6717,A0
Q6718,A0
Q6719,A0
Q6720,A0
Q6721,A0
Q6722,A0
Q6723,A2
Q6724,A0
Q6725,A8
Q6726,A7
Q6727,A0
Q6728,A2
Q6729,A3
Q6730,A4
Q6731,A0
Q6732,A7
Q6733,A0
Q6734,A0
Q6735,A0
Q6736,A0
Q6737,A1
Q6738,A0
Q6739,A12
Q6740,A0
Q6741,A7
Q6742,A0
Q6743,A12
Q6744,A0
Q6745,A1
Q6746,A0
Q6747,A2
Q6748,A0
Q6749,A0
Q6750,A0
Q6751,A0
Q6752,A3
Q6753,A10
Q6754,A0
Q6755,A0
Q6756,A0
Q6757,A2
Q6758,A7
Q6759,A4
Q6760,A7
Q6761,A0
Q6762,A0
Q6763,A4
Q6764,A2
Q6765,A2
Q6766,A2
Q6767,A0
Q6768,A0
Q6769,A0
Q6770,A7
Q6771,A0
Q6772,A2
Q6773,A1
Q6774,A0
Q6775,A0
Q6776,A0
Q6777,A0
Q6778,A0
Q6779,A0
Q6780,A12
Q6781,A8
Q6782,A4
Q6783,A3
Q6784,A0
Q6785,A2
Q6786,A3
Q6787,A0
Q6788,A0
Q6789,A0
Q6790,A3
Q6791,A3
Q6792,A1
Q6793,A3
Q6794,A0
Q6795,A0
Q6796,A2
Q6797,A3
Q6798,A1
Q6799,A2
Q6800,A4
Q6801,A0
Q6802,A0
Q6803,A2
Q6804,A3
Q6805,A3
Q6806,A3
Q6807,A0
Q6808,A0
Q6809,A3
Q6810,A0
Q6811,A0
Q6812,A2
Q6813,A1
Q6814,A0
Q6815,A8
Q6816,A0
Q6817,A0
Q6818,A2
Q6819,A3
Q6820,A3
Q6821,A0
Q6822,A2
Q6823,A7
Q6824,A0
Q6825,A10
Q6826,A0
Q6827,A0
Q6828,A0
Q6829,A0
Q6830,A1
Q6831,A1
Q6832,A0
Q6833,A2
Q6834,A0
Q6835,A4
Q6836,A0
Q6837,A0
Q6838,A12
Q6839,A3
Q6840,A7
Q6841,A0
Q6842,A2
Q6843,A0
Q6844,A9
Q6845,A0
Q6846,A2
Q6847,A2
Q6848,A0
Q6849,A0
Q6850,A0
Q6851,A0
Q6852,A7
Q6853,A7
Q6854,A7
Q6855,A0
Q6856,A0
Q6857,A0
Q6858,A2
Q6859,A0
Q6860,A3
Q6861,A3
Q6862,A3
Q6863,A0
Q6864,A3
Q6865,A0
Q6866,A0
Q6867,A4
Q6868,A7
Q6869,A7
Q6870,A0
Q6871,A2
Q6872,A0
Q6873,A4
Q6874,A0
Q6875,A7
Q6876,A0
Q6877,A0
Q6878,A7
Q6879,A1
Q6880,A0
Q6881,A0
Q6882,A0
Q6883,A0
Q6884,A1
Q6885,A4
Q6886,A0
Q6887,A0
Q6888,A0
Q6889,A0
Q6890,A0
Q6891,A2
Q6892,A3
Q6893,A2
Q6894,A7
Q6895,A4
Q6896,A0
Q6897,A8
Q6898,A2
Q6899,A1
Q6900,A2
Q6901,A0
Q6902,A1
Q6903,A3
Q6904,A3
Q6905,A2
Q6906,A10
Q6907,A0
Q6908,A0
Q6909,A0
Q6910,A2
Q6911,A0
Q6912,A0
Q6913,A1
Q6914,A3
Q6915,A3
Q6916,A0
Q6917,A0
Q6918,A4
Q6919,A1
Q6920,A0
Q6921,A0
Q6922,A2
Q6923,A4
Q6924,A2
Q6925,A1
Q6926,A1
Q6927,A4
Q6928,A0
Q6929,A0
Q6930,A1
Q6931,A0
Q6932,A4
Q6933,A0
Q6934,A0
Q6935,A7
Q6936,A0
Q6937,A1
Q6938,A0
Q6939,A0
Q6940,A0
Q6941,A0
Q6942,A8
Q6943,A3
Q6944,A0
Q6945,A7
Q6946,A3
Q6947,A0
Q6948,A3
Q6949,A0
Q6950,A3
Q6951,A1
Q6952,A0
Q6953,A12
Q6954,A2
Q6955,A0
Q6956,A12
Q6957,A0
Q6958,A2
Q6959,A3
Q6960,A0
Q6961,A0
Q6962,A0
Q6963,A0
Q6964,A0
Q6965,A2
Q6966,A1
Q6967,A0
Q6968,A0
Q6969,A4
Q6970,A0
Q6971,A0
Q6972,A0
Q6973,A0
Q6974,A0
Q6975,A0
Q6976,A0
Q6977,A2
Q6978,A0
Q6979,A0
Q6980,A0
Q6981,A0
Q6982,A3
Q6983,A2
Q6984,A3
Q6985,A4
Q6986,A0
Q6987,A0
Q6988,A0
Q6989,A0
Q6990,A2
Q6991,A2
Q6992,A0
Q6993,A0
Q6994,A2
Q6995,A4
Q6996,A0
Q6997,A0
Q6998,A0
Q6999,A0
Q7000,A3
Q7001,A3
Q7002,A7
Q7003,A3
Q7004,A2
Q7005,A0
Q7006,A0
Q7007,A2
Q7008,A7
Q7009,A1
Q7010,A0
Q7011,A0
Q7012,A2
Q7013,A3
Q7014,A2
Q7015,A0
Q7016,A0
Q7017,A7
Q7018,A0
Q7019,A2
Q7020,A1
Q7021,A0
Q7022,A0
Q7023,A3
Q7024,A0
Q7025,A1
Q7026,A0
Q7027,A1
Q7028,A0
Q7029,A2
Q7030,A3
Q7031,A1
Q7032,A12
Q7033,A3
Q7034,A2
Q7035,A2
Q7036,A0
Q7037,A0
Q7038,A0
Q7039,A0
Q7040,A8
Q7041,A2
Q7042,A2
Q7043,A0
Q7044,A3
Q7045,A0
Q7046,A0
Q7047,A4
Q7048,A2
Q7049,A0
Q7050,A0
Q7051,A2
Q7052,A0
Q7053,A0
Q7054,A0
Q7055,A2
Q7056,A1
Q7057,A0
Q7058,A3
Q7059,A2
Q7060,A1
Q7061,A0
Q7062,A0
Q7063,A2
Q7064,A2
Q7065,A7
Q7066,A3
Q7067,A0
Q7068,A0
Q7069,A0
Q7070,A1
Q7071,A3
Q7072,A0
Q7073,A0
Q7074,A2
Q7075,A0
Q7076,A2
Q7077,A0
Q7078,A3
Q7079,A3
Q7080,A1
Q7081,A0
Q7082,A3
Q7083,A1
Q7084,A0
Q7085,A0
Q7086,A2
Q7087,A8
Q7088,A0
Q7089,A0
Q7090,A7
Q7091,A1
Q7092,A4
Q7093,A4
Q7094,A3
Q7095,A0
Q7096,A7
Q7097,A0
Q7098,A0
Q7099,A3
Q7100,A2
Q7101,A3
Q7102,A1
Q7103,A0
Q7104,A1
Q7105,A0
Q7106,A0
Q7107,A0
Q7108,A0
Q7109,A0
Q7110,A3
Q7111,A3
Q7112,A3
Q7113,A0
Q7114,A0
Q7115,A10
Q7116,A2
Q7117,A0
Q7118,A7
Q7119,A0
Q7120,A0
Q7121,A2
Q7122,A0
Q7123,A0
Q7124,A0
Q7125,A7
Q7126,A0
Q7127,A0
Q7128,A0
Q7129,A8
Q7130,A10
Q7131,A0
Q7132,A2
Q7133,A2
Q7134,A1
Q7135,A2
Q7136,A3
Q7137,A1
Q7138,A8
Q7139,A0
Q7140,A7
Q7141,A0
Q7142,A0
Q7143,A3
Q7144,A0
Q7145,A3
Q7146,A4
Q7147,A0
Q7148,A0
Q7149,A0
Q7150,A2
Q7151,A2
Q7152,A0
Q7153,A7
Q7154,A8
Q7155,A1
Q7156,A0
Q7157,A0
Q7158,A0
Q7159,A7
Q7160,A1
Q7161,A0
Q7162,A0
Q7163,A4
Q7164,A0
Q7165,A0
Q7166,A0
Q7167,A0
Q7168,A0
Q7169,A0
Q7170,A12
Q7171,A0
Q7172,A0
Q7173,A0
Q7174,A2
Q7175,A3
Q7176,A4
Q7177,A0
Q7178,A0
Q7179,A0
Q7180,A0
Q7181,A0
Q7182,A2
Q7183,A0
Q7184,A0
Q7185,A0
Q7186,A0
Q7187,A0
Q7188,A0
Q7189,A2
Q7190,A0
Q7191,A2
Q7192,A0
Q7193,A1
Q7194,A2
Q7195,A0
Q7196,A3
Q7197,A3
Q7198,A0
Q7199,A1
Q7200,A3
Q7201,A0
Q7202,A0
Q7203,A2
Q7204,A0
Q7205,A0
Q7206,A0
Q7207,A0
Q7208,A0
Q7209,A0
Q7210,A7
Q7211,A2
Q7212,A4
Q7213,A4
Q7214,A7
Q7215,A0
Q7216,A0
Q7217,A10
Q7218,A0
Q7219,A0
Q7220,A3
Q7221,A0
Q7222,A0
Q7223,A0
Q7224,A0
Q7225,A0
Q7226,A4
Q7227,A2
Q7228,A2
Q7229,A3
Q7230,A0
Q7231,A4
Q7232,A0
Q7233,A8
Q7234,A8
Q7235,A1
Q7236,A3
Q7237,A0
Q7238,A0
Q7239,A0
Q7240,A7
Q7241,A2
Q7242,A12
Q7243,A0
Q7244,A0
Q7245,A3
Q7246,A0
Q7247,A0
Q7248,A7
Q7249,A0
Q7250,A0
Q7251,A3
Q7252,A0
Q7253,A2
Q7254,A2
Q7255,A8
Q7256,A7
Q7257,A7
Q7258,A10
Q7259,A3
Q7260,A3
Q7261,A7
Q7262,A3
Q7263,A0
Q7264,A2
Q7265,A3
Q7266,A8
Q7267,A0
Q7268,A1
Q7269,A2
Q7270,A1
Q7271,A3
Q7272,A0
Q7273,A0
Q7274,A2
Q7275,A3
Q7276,A0
Q7277,A3
Q7278,A0
Q7279,A2
Q7280,A2
Q7281,A8
Q7282,A2
Q7283,A0
Q7284,A8
Q7285,A0
Q7286,A0
Q7287,A0
Q7288,A0
Q7289,A0
Q7290,A1
Q7291,A0
Q7292,A0
Q7293,A0
Q7294,A7
Q7295,A2
Q7296,A0
Q7297,A2
Q7298,A0
Q7299,A0
Q7300,A8
Q7301,A4
Q7302,A3
Q7303,A0
Q7304,A0
Q7305,A0
Q7306,A0
Q7307,A7
Q7308,A3
Q7309,A2
Q7310,A0
Q7311,A0
Q7312,A3
Q7313,A2
Q7314,A0
Q7315,A2
Q7316,A1
Q7317,A1
Q7318,A3
Q7319,A0
Q7320,A8
Q7321,A0
Q7322,A8
Q7323,A0
Q7324,A0
Q7325,A0
Q7326,A0
Q7327,A0
Q7328,A3
Q7329,A3
Q7330,A0
Q7331,A2
Q7332,A0
Q7333,A0
Q7334,A0
Q7335,A0
Q7336,A3
Q7337,A0
Q7338,A4
Q7339,A0
Q7340,A0
Q7341,A0
Q7342,A3
Q7343,A0
Q7344,A0
Q7345,A4
Q7346,A2
Q7347,A0
Q7348,A1
Q7349,A3
Q7350,A0
Q7351,A0
Q7352,A0
Q7353,A3
Q7354,A3
Q7355,A7
Q7356,A2
Q7357,A0
Q7358,A1
Q7359,A10
Q7360,A2
Q7361,A0
Q7362,A0
Q7363,A3
Q7364,A2
Q7365,A2
Q7366,A0
Q7367,A4
Q7368,A2
Q7369,A3
Q7370,A2
Q7371,A0
Q7372,A0
Q7373,A0
Q7374,A0
Q7375,A0
Q7376,A2
Q7377,A3
Q7378,A8
Q7379,A0
Q7380,A10
Q7381,A0
Q7382,A2
Q7383,A3
Q7384,A0
Q7385,A0
Q7386,A1
Q7387,A10
Q7388,A0
Q7389,A4
Q7390,A1
Q7391,A4
Q7392,A0
Q7393,A7
Q7394,A0
Q7395,A0
Q7396,A4
Q7397,A0
Q7398,A1
Q7399,A3
Q7400,A2
Q7401,A0
Q7402,A0
Q7403,A3
Q7404,A3
Q7405,A0
Q7406,A2
Q7407,A0
Q7408,A0
Q7409,A0
Q7410,A0
Q7411,A0
Q7412,A2
Q7413,A3
Q7414,A0
Q7415,A0
Q7416,A0
Q7417,A2
Q7418,A0
Q7419,A2
Q7420,A3
Q7421,A3
Q7422,A0
Q7423,A0
Q7424,A3
Q7425,A4
Q7426,A3
Q7427,A8
Q7428,A0
Q7429,A2
Q7430,A3
Q7431,A0
Q7432,A0
Q7433,A0
Q7434,A0
Q7435,A2
Q7436,A3
Q7437,A1
Q7438,A0
Q7439,A12
Q7440,A4
Q7441,A0
Q7442,A3
Q7443,A2
Q7444,A0
Q7445,A3
Q7446,A1
Q7447,A1
Q7448,A1
Q7449,A2
Q7450,A1
Q7451,A0
Q7452,A7
Q7453,A1
Q7454,A4
Q7455,A1
Q7456,A3
Q7457,A0
Q7458,A2
Q7459,A0
Q7460,A7
Q7461,A4
Q7462,A3
Q7463,A0
Q7464,A0
Q7465,A2
Q7466,A0
Q7467,A3
Q7468,A0
Q7469,A3
Q7470,A0
Q7471,A0
Q7472,A0
Q7473,A2
Q7474,A0
Q7475,A7
Q7476,A1
Q7477,A0
Q7478,A0
Q7479,A0
Q7480,A4
Q7481,A0
Q7482,A0
Q7483,A2
Q7484,A2
Q7485,A2
Q7486,A0
Q7487,A7
Q7488,A0
Q7489,A1
Q7490,A0
Q7491,A7
Q7492,A0
Q7493,A0
Q7494,A0
Q7495,A0
Q7496,A0
Q7497,A2
Q7498,A0
Q7499,A0
Q7500,A1
Q7501,A0
Q7502,A1
Q7503,A0
Q7504,A0
Q7505,A4
Q7506,A0
Q7507,A2
Q7508,A3
Q7509,A3
Q7510,A0
Q7511,A7
Q7512,A0
Q7513,A0
Q7514,A7
Q7515,A0
Q7516,A2
Q7517,A2
Q7518,A0
Q7519,A7
Q7520,A3
Q7521,A0
Q7522,A0
Q7523,A3
Q7524,A2
Q7525,A0
Q7526,A2
Q7527,A3
Q7528,A0
Q7529,A0
Q7530,A4
Q7531,A0
Q7532,A0
Q7533,A0
Q7534,A0
Q7535,A1
Q7536,A2
Q7537,A3
Q7538,A2
Q7539,A0
Q7540,A0
Q7541,A3
Q7542,A0
Q7543,A0
Q7544,A0
Q7545,A0
Q7546,A0
Q7547,A0
Q7548,A1
Q7549,A4
Q7550,A0
Q7551,A0
Q7552,A2
Q7553,A2
Q7554,A3
Q7555,A3
Q7556,A4
Q7557,A4
Q7558,A3
Q7559,A2
Q7560,A0
Q7561,A0
Q7562,A3
Q7563,A2
Q7564,A0
Q7565,A0
Q7566,A3
Q7567,A0
Q7568,A0
Q7569,A0
Q7570,A0
Q7571,A0
Q7572,A7
Q7573,A0
Q7574,A0
Q7575,A3
Q7576,A3
Q7577,A7
Q7578,A10
Q7579,A0
Q7580,A0
Q7581,A0
Q7582,A0
Q7583,A0
Q7584,A0
Q7585,A3
Q7586,A2
Q7587,A3
Q7588,A0
Q7589,A2
Q7590,A2
Q7591,A0
Q7592,A0
Q7593,A7
Q7594,A0
Q7595,A4
Q7596,A3
Q7597,A0
Q7598,A7
Q7599,A1
Q7600,A3
Q7601,A0
Q7602,A8
Q7603,A0
Q7604,A8
Q7605,A0
Q7606,A0
Q7607,A10
Q7608,A0
Q7609,A8
Q7610,A0
Q7611,A7
Q7612,A4
Q7613,A2
Q7614,A0
Q7615,A0
Q7616,A2
Q7617,A0
Q7618,A3
Q7619,A4
Q7620,A3
Q7621,A0
Q7622,A3
Q7623,A0
Q7624,A0
Q7625,A3
Q7626,A0
Q7627,A0
Q7628,A8
Q7629,A0
Q7630,A2
Q7631,A0
Q7632,A0
Q7633,A2
Q7634,A3
Q7635,A2
Q7636,A0
Q7637,A0
Q7638,A7
Q7639,A2
Q7640,A0
Q7641,A0
Q7642,A2
Q7643,A3
Q7644,A0
Q7645,A7
Q7646,A1
Q7647,A4
Q7648,A2
Q7649,A0
Q7650,A0
Q7651,A3
Q7652,A0
Q7653,A7
Q7654,A1
Q7655,A8
Q7656,A7
Q7657,A3
Q7658,A3
Q7659,A7
Q7660,A2
Q7661,A1
Q7662,A0
Q7663,A0
Q7664,A0
Q7665,A0
Q7666,A0
Q7667,A0
Q7668,A0
Q7669,A0
Q7670,A1
Q7671,A0
Q7672,A4
Q7673,A8
Q7674,A1
Q7675,A0
Q7676,A0
Q7677,A0
Q7678,A0
Q7679,A0
Q7680,A0
Q7681,A0
Q7682,A0
Q7683,A3
Q7684,A3
Q7685,A7
Q7686,A0
Q7687,A0
Q7688,A8
Q7689,A0
Q7690,A3
Q7691,A0
Q7692,A0
Q7693,A0
Q7694,A0
Q7695,A3
Q7696,A0
Q7697,A12
Q7698,A0
Q7699,A3
Q7700,A2
Q7701,A0
Q7702,A2
Q7703,A0
Q7704,A2
Q7705,A2
Q7706,A1
Q7707,A0
Q7708,A0
Q7709,A0
Q7710,A0
Q7711,A4
Q7712,A2
Q7713,A0
Q7714,A8
Q7715,A7
Q7716,A0
Q7717,A4
Q7718,A0
Q7719,A0
Q7720,A0
Q7721,A1
Q7722,A0
Q7723,A0
Q7724,A0
Q7725,A0
Q7726,A0
Q7727,A0
Q7728,A3
Q7729,A3
Q7730,A0
Q7731,A0
Q7732,A3
Q7733,A1
Q7734,A0
Q7735,A0
Q7736,A3
Q7737,A0
Q7738,A0
Q7739,A0
Q7740,A0
Q7741,A3
Q7742,A0
Q7743,A0
Q7744,A0
Q7745,A8
Q7746,A0
Q7747,A3
Q7748,A0
Q7749,A0
Q7750,A0
Q7751,A2
Q7752,A0
Q7753,A0
Q7754,A2
Q7755,A3
Q7756,A0
Q7757,A2
Q7758,A1
Q7759,A0
Q7760,A0
Q7761,A0
Q7762,A2
Q7763,A2
Q7764,A12
Q7765,A3
Q7766,A0
Q7767,A2
Q7768,A0
Q7769,A0
Q7770,A2
Q7771,A2
Q7772,A2
Q7773,A0
Q7774,A0
Q7775,A0
Q7776,A0
Q7777,A3
Q7778,A0
Q7779,A0
Q7780,A2
Q7781,A7
Q7782,A0
Q7783,A2
Q7784,A2
Q7785,A0
Q7786,A2
Q7787,A1
Q7788,A0
Q7789,A7
Q7790,A12
Q7791,A4
Q7792,A0
Q7793,A0
Q7794,A2
Q7795,A0
Q7796,A0
Q7797,A0
Q7798,A4
Q7799,A1
Q7800,A0
Q7801,A0
Q7802,A2
Q7803,A0
Q7804,A1
Q7805,A3
Q7806,A7
Q7807,A2
Q7808,A0
Q7809,A0
Q7810,A2
Q7811,A0
Q7812,A2
Q7813,A3
Q7814,A0
Q7815,A7
Q7816,A0
Q7817,A2
Q7818,A12
Q7819,A3
Q7820,A0
Q7821,A0
Q7822,A4
Q7823,A0
Q7824,A2
Q7825,A4
Q7826,A7
Q7827,A0
Q7828,A2
Q7829,A3
Q7830,A3
Q7831,A3
Q7832,A1
Q7833,A0
Q7834,A9
Q7835,A0
Q7836,A2
Q7837,A0
Q7838,A7
Q7839,A0
Q7840,A8
Q7841,A0
Q7842,A0
Q7843,A3
Q7844,A0
Q7845,A0
Q7846,A3
Q7847,A3
Q7848,A0
Q7849,A0
Q7850,A4
Q7851,A0
Q7852,A10
Q7853,A0
Q7854,A0
Q7855,A0
Q7856,A1
Q7857,A12
Q7858,A4
Q7859,A0
Q7860,A7
Q7861,A0
Q7862,A3
Q7863,A0
Q7864,A2
Q7865,A0
Q7866,A0
Q7867,A0
Q7868,A0
Q7869,A0
Q7870,A0
Q7871,A1
Q7872,A0
Q7873,A0
Q7874,A0
Q7875,A3
Q7876,A1
Q7877,A7
Q7878,A0
Q7879,A0
Q7880,A0
Q7881,A0
Q7882,A0
Q7883,A0
Q7884,A0
Q7885,A2
Q7886,A2
Q7887,A1
Q7888,A3
Q7889,A7
Q7890,A0
Q7891,A1
Q7892,A0
Q7893,A3
Q7894,A3
Q7895,A3
Q7896,A3
Q7897,A2
Q7898,A0
Q7899,A3
Q7900,A0
Q7901,A3
Q7902,A0
Q7903,A0
Q7904,A12
Q7905,A2
Q7906,A1
Q7907,A3
Q7908,A0
Q7909,A0
Q7910,A3
Q7911,A0
Q7912,A3
Q7913,A3
Q7914,A0
Q7915,A0
Q7916,A0
Q7917,A0
Q7918,A0
Q7919,A3
Q7920,A0
Q7921,A0
Q7922,A10
Q7923,A3
Q7924,A0
Q7925,A0
Q7926,A2
Q7927,A12
Q7928,A0
Q7929,A0
Q7930,A1
Q7931,A2
Q7932,A0
Q7933,A0
Q7934,A0
Q7935,A2
Q7936,A3
Q7937,A0
Q7938,A0
Q7939,A1
Q7940,A0
Q7941,A0
Q7942,A0
Q7943,A0
Q7944,A0
Q7945,A0
Q7946,A0
Q7947,A0
Q7948,A0
Q7949,A3
Q7950,A0
Q7951,A0
Q7952,A0
Q7953,A8
Q7954,A0
Q7955,A0
Q7956,A0
Q7957,A4
Q7958,A0
Q7959,A0
Q7960,A0
Q7961,A3
Q7962,A3
Q7963,A3
Q7964,A0
Q7965,A7
Q7966,A1
Q7967,A1
Q7968,A0
Q7969,A0
Q7970,A0
Q7971,A2
Q7972,A4
Q7973,A2
Q7974,A0
Q7975,A3
Q7976,A0
Q7977,A0
Q7978,A0
Q7979,A0
Q7980,A0
Q7981,A1
Q7982,A3
Q7983,A0
Q7984,A0
Q7985,A0
Q7986,A1
Q7987,A0
Q7988,A0
Q7989,A8
Q7990,A0
Q7991,A3
Q7992,A0
Q7993,A7
Q7994,A0
Q7995,A0
Q7996,A0
Q7997,A0
Q7998,A1
Q7999,A0
Q8000,A3
Q8001,A0
Q8002,A7
Q8003,A8
Q8004,A0
Q8005,A7
Q8006,A12
Q8007,A0
Q8008,A2
Q8009,A12
Q8010,A8
Q8011,A1
Q8012,A4
Q8013,A9
Q8014,A0
Q8015,A3
Q8016,A8
Q8017,A0
Q8018,A2
Q8019,A0
Q8020,A8
Q8021,A4
Q8022,A0
Q8023,A3
Q8024,A3
Q8025,A0
Q8026,A3
Q8027,A8
Q8028,A2
Q8029,A0
Q8030,A0
Q8031,A0
Q8032,A2
Q8033,A0
Q8034,A2
Q8035,A0
Q8036,A2
Q8037,A3
Q8038,A2
Q8039,A0
Q8040,A12
Q8041,A0
Q8042,A0
Q8043,A0
Q8044,A0
Q8045,A0
Q8046,A8
Q8047,A0
Q8048,A0
Q8049,A8
Q8050,A1
Q8051,A1
Q8052,A0
Q8053,A0
Q8054,A0
Q8055,A3
Q8056,A4
Q8057,A0
Q8058,A0
Q8059,A12
Q8060,A0
Q8061,A0
Q8062,A0
Q8063,A0
Q8064,A1
Q8065,A0
Q8066,A12
Q8067,A7
Q8068,A8
Q8069,A2
Q8070,A3
Q8071,A3
Q8072,A1
Q8073,A0
Q8074,A0
Q8075,A2
Q8076,A1
Q8077,A0
Q8078,A3
Q8079,A0
Q8080,A0
Q8081,A0
Q8082,A2
Q8083,A7
Q8084,A10
Q8085,A8
Q8086,A0
Q8087,A0
Q8088,A3
Q8089,A3
Q8090,A2
Q8091,A0
Q8092,A3
Q8093,A0
Q8094,A10
Q8095,A1
Q8096,A1
Q8097,A4
Q8098,A0
Q8099,A2
Q8100,A7
Q8101,A2
Q8102,A0
Q8103,A0
Q8104,A1
Q8105,A0
Q8106,A2
Q8107,A3
Q8108,A1
Q8109,A0
Q8110,A7
Q8111,A0
Q8112,A2
Q8113,A0
Q8114,A0
Q8115,A0
Q8116,A0
Q8117,A3
Q8118,A0
Q8119,A4
Q8120,A2
Q8121,A2
Q8122,A2
Q8123,A0
Q8124,A2
Q8125,A0
Q8126,A0
Q8127,A0
Q8128,A0
Q8129,A0
Q8130,A0
Q8131,A0
Q8132,A4
Q8133,A0
Q8134,A0
Q8135,A0
Q8136,A0
Q8137,A0
Q8138,A3
Q8139,A0
Q8140,A0
Q8141,A1
Q8142,A0
Q8143,A0
Q8144,A2
Q8145,A0
Q8146,A0
Q8147,A0
Q8148,A0
Q8149,A2
Q8150,A2
Q8151,A0
Q8152,A0
Q8153,A2
Q8154,A0
Q8155,A2
Q8156,A0
Q8157,A0
Q8158,A4
Q8159,A7
Q8160,A0
Q8161,A0
Q8162,A0
Q8163,A2
Q8164,A2
Q8165,A3
Q8166,A1
Q8167,A0
Q8168,A0
Q8169,A0
Q8170,A2
Q8171,A0
Q8172,A1
Q8173,A3
Q8174,A2
Q8175,A2
Q8176,A0
Q8177,A0
Q8178,A0
Q8179,A0
Q8180,A2
Q8181,A0
Q8182,A8
Q8183,A0
Q8184,A3
Q8185,A7
Q8186,A3
Q8187,A0
Q8188,A8
Q8189,A0
Q8190,A2
Q8191,A10
Q8192,A0
Q8193,A0
Q8194,A2
Q8195,A0
Q8196,A3
Q8197,A0
Q8198,A1
Q8199,A4
Q8200,A0
Q8201,A0
Q8202,A7
Q8203,A8
Q8204,A0
Q8205,A7
Q8206,A0
Q8207,A0
Q8208,A0
Q8209,A2
Q8210,A1
Q8211,A0
Q8212,A3
Q8213,A1
Q8214,A0
Q8215,A3
Q8216,A0
Q8217,A8
Q8218,A4
Q8219,A1
Q8220,A0
Q8221,A0
Q8222,A0
Q8223,A2
Q8224,A0
Q8225,A1
Q8226,A0
Q8227,A0
Q8228,A0
Q8229,A0
Q8230,A8
Q8231,A12
Q8232,A1
Q8233,A7
Q8234,A1
Q8235,A0
Q8236,A2
Q8237,A2
Q8238,A3
Q8239,A2
Q8240,A2
Q8241,A0
Q8242,A0
Q8243,A3
Q8244,A0
Q8245,A0
Q8246,A0
Q8247,A2
Q8248,A0
Q8249,A2
Q8250,A2
Q8251,A4
Q8252,A10
Q8253,A0
Q8254,A1
Q8255,A3
Q8256,A0
Q8257,A3
Q8258,A3
Q8259,A2
Q8260,A0
Q8261,A0
Q8262,A3
Q8263,A10
Q8264,A0
Q8265,A2
Q8266,A0
Q8267,A0
Q8268,A3
Q8269,A0
Q8270,A2
Q8271,A1
Q8272,A8
Q8273,A0
Q8274,A0
Q8275,A7
Q8276,A0
Q8277,A0
Q8278,A0
Q8279,A0
Q8280,A0
Q8281,A7
Q8282,A0
Q8283,A0
Q8284,A0
Q8285,A4
Q8286,A2
Q8287,A0
Q8288,A0
Q8289,A10
Q8290,A3
Q8291,A2
Q8292,A1
Q8293,A0
Q8294,A3
Q8295,A3
Q8296,A0
Q8297,A1
Q8298,A0
Q8299,A0
Q8300,A0
Q8301,A0
Q8302,A1
Q8303,A1
Q8304,A0
Q8305,A10
Q8306,A4
Q8307,A7
Q8308,A0
Q8309,A2
Q8310,A0
Q8311,A2
Q8312,A0
Q8313,A1
Q8314,A0
Q8315,A3
Q8316,A3
Q8317,A3
Q8318,A3
Q8319,A10
Q8320,A7
Q8321,A0
Q8322,A0
Q8323,A3
Q8324,A8
Q8325,A8
Q8326,A7
Q8327,A1
Q8328,A0
Q8329,A3
Q8330,A0
Q8331,A0
Q8332,A0
Q8333,A7
Q8334,A2
Q8335,A0
Q8336,A0
Q8337,A0
Q8338,A3
Q8339,A3
Q8340,A7
Q8341,A0
Q8342,A2
Q8343,A0
Q8344,A0
Q8345,A0
Q8346,A8
Q8347,A12
Q8348,A3
Q8349,A10
Q8350,A0
Q8351,A10
Q8352,A0
Q8353,A0
Q8354,A0
Q8355,A0
Q8356,A7
Q8357,A0
Q8358,A3
Q8359,A0
Q8360,A0
Q8361,A0
Q8362,A0
Q8363,A3
Q8364,A0
Q8365,A4
Q8366,A8
Q8367,A0
Q8368,A4
Q8369,A0
Q8370,A0
Q8371,A4
Q8372,A0
Q8373,A2
Q8374,A0
Q8375,A3
Q8376,A4
Q8377,A9
Q8378,A0
Q8379,A1
Q8380,A3
Q8381,A1
Q8382,A1
Q8383,A0
Q8384,A1
Q8385,A0
Q8386,A3
Q8387,A0
Q8388,A3
Q8389,A3
Q8390,A0
Q8391,A1
Q8392,A0
Q8393,A0
Q8394,A3
Q8395,A0
Q8396,A12
Q8397,A10
Q8398,A0
Q8399,A0
Q8400,A0
Q8401,A4
Q8402,A2
Q8403,A7
Q8404,A3
Q8405,A1
Q8406,A3
Q8407,A0
Q8408,A0
Q8409,A0
Q8410,A8
Q8411,A1
Q8412,A2
Q8413,A7
Q8414,A0
Q8415,A3
Q8416,A0
Q8417,A10
Q8418,A0
Q8419,A0
Q8420,A0
Q8421,A0
Q8422,A0
Q8423,A0
Q8424,A3
Q8425,A0
Q8426,A4
Q8427,A0
Q8428,A0
Q8429,A0
Q8430,A3
Q8431,A9
Q8432,A0
Q8433,A10
Q8434,A0
Q8435,A0
Q8436,A2
Q8437,A3
Q8438,A0
Q8439,A0
Q8440,A0
Q8441,A2
Q8442,A0
Q8443,A2
Q8444,A2
Q8445,A1
Q8446,A0
Q8447,A0
Q8448,A12
Q8449,A2
Q8450,A8
Q8451,A7
Q8452,A0
Q8453,A1
Q8454,A3
Q8455,A2
Q8456,A0
Q8457,A0
Q8458,A1
Q8459,A0
Q8460,A8
Q8461,A1
Q8462,A0
Q8463,A0
Q8464,A2
Q8465,A0
Q8466,A2
Q8467,A0
Q8468,A0
Q8469,A4
Q8470,A2
Q8471,A0
Q8472,A0
Q8473,A0
Q8474,A2
Q8475,A0
Q8476,A0
Q8477,A10
Q8478,A0
Q8479,A4
Q8480,A0
Q8481,A0
Q8482,A3
Q8483,A0
Q8484,A0
Q8485,A2
Q8486,A3
Q8487,A0
Q8488,A0
Q8489,A3
Q8490,A0
Q8491,A1
Q8492,A0
Q8493,A0
Q8494,A0
Q8495,A0
Q8496,A0
Q8497,A0
Q8498,A3
Q8499,A0
Q8500,A3
Q8501,A0
Q8502,A2
Q8503,A0
Q8504,A0
Q8505,A3
Q8506,A10
Q8507,A4
Q8508,A0
Q8509,A0
Q8510,A4
Q8511,A0
Q8512,A0
Q8513,A2
Q8514,A3
Q8515,A0
Q8516,A0
Q8517,A3
Q8518,A0
Q8519,A0
Q8520,A0
Q8521,A2
Q8522,A12
Q8523,A0
Q8524,A0
Q8525,A7
Q8526,A0
Q8527,A1
Q8528,A1
Q8529,A3
Q8530,A0
Q8531,A12
Q8532,A2
Q8533,A9
Q8534,A3
Q8535,A0
Q8536,A12
Q8537,A0
Q8538,A8
Q8539,A4
Q8540,A0
Q8541,A3
Q8542,A0
Q8543,A0
Q8544,A0
Q8545,A0
Q8546,A0
Q8547,A0
Q8548,A0
Q8549,A0
Q8550,A0
Q8551,A7
Q8552,A0
Q8553,A3
Q8554,A0
Q8555,A0
Q8556,A0
Q8557,A0
Q8558,A3
Q8559,A8
Q8560,A4
Q8561,A0
Q8562,A0
Q8563,A3
Q8564,A0
Q8565,A0
Q8566,A0
Q8567,A0
Q8568,A12
Q8569,A1
Q8570,A4
Q8571,A7
Q8572,A1
Q8573,A2
Q8574,A0
Q8575,A0
Q8576,A2
Q8577,A0
Q8578,A0
Q8579,A0
Q8580,A2
Q8581,A2
Q8582,A0
Q8583,A4
Q8584,A2
Q8585,A0
Q8586,A0
Q8587,A0
Q8588,A2
Q8589,A3
Q8590,A0
Q8591,A2
Q8592,A0
Q8593,A2
Q8594,A7
Q8595,A0
Q8596,A0
Q8597,A0
Q8598,A7
Q8599,A0
Q8600,A0
Q8601,A0
Q8602,A0
Q8603,A3
Q8604,A0
Q8605,A0
Q8606,A3
Q8607,A0
Q8608,A0
Q8609,A0
Q8610,A0
Q8611,A2
Q8612,A0
Q8613,A1
Q8614,A2
Q8615,A2
Q8616,A7
Q8617,A3
Q8618,A0
Q8619,A2
Q8620,A0
Q8621,A2
Q8622,A7
Q8623,A0
Q8624,A2
Q8625,A3
Q8626,A3
Q8627,A1
Q8628,A3
Q8629,A7
Q8630,A2
Q8631,A0
Q8632,A1
Q8633,A3
Q8634,A0
Q8635,A8
Q8636,A0
Q8637,A0
Q8638,A0
Q8639,A0
Q8640,A0
Q8641,A2
Q8642,A0
Q8643,A10
Q8644,A0
Q8645,A0
Q8646,A2
Q8647,A0
Q8648,A0
Q8649,A0
Q8650,A0
Q8651,A2
Q8652,A0
Q8653,A0
Q8654,A1
Q8655,A0
Q8656,A0
Q8657,A1
Q8658,A0
Q8659,A0
Q8660,A0
Q8661,A5
Q8662,A0
Q8663,A0
Q8664,A0
Q8665,A1
Q8666,A2
Q8667,A2
Q8668,A0
Q8669,A0
Q8670,A0
Q8671,A0
Q8672,A0
Q8673,A0
Q8674,A7
Q8675,A2
Q8676,A8
Q8677,A0
Q8678,A2
Q8679,A0
Q8680,A0
Q8681,A0
Q8682,A2
Q8683,A0
Q8684,A2
Q8685,A2
Q8686,A7
Q8687,A4
Q8688,A0
Q8689,A0
Q8690,A0
Q8691,A4
Q8692,A0
Q8693,A0
Q8694,A3
Q8695,A0
Q8696,A0
Q8697,A0
Q8698,A2
Q8699,A2
Q8700,A1
Q8701,A0
Q8702,A2
Q8703,A0
Q8704,A0
Q8705,A0
Q8706,A0
Q8707,A2
Q8708,A0
Q8709,A10
Q8710,A0
Q8711,A2
Q8712,A0
Q8713,A4
Q8714,A2
Q8715,A2
Q8716,A0
Q8717,A12
Q8718,A0
Q8719,A0
Q8720,A0
Q8721,A3
Q8722,A3
Q8723,A0
Q8724,A0
Q8725,A3
Q8726,A3
Q8727,A0
Q8728,A0
Q8729,A7
Q8730,A0
Q8731,A1
Q8732,A3
Q8733,A1
Q8734,A7
Q8735,A0
Q8736,A0
Q8737,A2
Q8738,A0
Q8739,A0
Q8740,A9
Q8741,A0
Q8742,A0
Q8743,A0
Q8744,A12
Q8745,A0
Q8746,A0
Q8747,A3
Q8748,A0
Q8749,A2
Q8750,A0
Q8751,A0
Q8752,A1
Q8753,A0
Q8754,A0
Q8755,A3
Q8756,A7
Q8757,A2
Q8758,A1
Q8759,A4
Q8760,A2
Q8761,A0
Q8762,A0
Q8763,A10
Q8764,A0
Q8765,A0
Q8766,A4
Q8767,A12
Q8768,A3
Q8769,A0
Q8770,A12
Q8771,A0
Q8772,A0
Q8773,A1
Q8774,A7
Q8775,A12
Q8776,A0
Q8777,A2
Q8778,A3
Q8779,A2
Q8780,A1
Q8781,A0
Q8782,A0
Q8783,A0
Q8784,A0
Q8785,A2
Q8786,A10
Q8787,A3
Q8788,A0
Q8789,A1
Q8790,A4
Q8791,A7
Q8792,A0
Q8793,A0
Q8794,A0
Q8795,A7
Q8796,A2
Q8797,A0
Q8798,A0
Q8799,A0
Q8800,A3
Q8801,A0
Q8802,A4
Q8803,A0
Q8804,A0
Q8805,A0
Q8806,A0
Q8807,A2
Q8808,A2
Q8809,A0
Q8810,A0
Q8811,A0
Q8812,A0
Q8813,A3
Q8814,A3
Q8815,A2
Q8816,A0
Q8817,A10
Q8818,A3
Q8819,A0
Q8820,A3
Q8821,A0
Q8822,A0
Q8823,A0
Q8824,A0
Q8825,A0
Q8826,A3
Q8827,A2
Q8828,A0
Q8829,A12
Q8830,A0
Q8831,A2
Q8832,A1
Q8833,A1
Q8834,A2
Q8835,A3
Q8836,A7
Q8837,A12
Q8838,A0
Q8839,A3
Q8840,A0
Q8841,A1
Q8842,A0
Q8843,A0
Q8844,A0
Q8845,A7
Q8846,A2
Q8847,A7
Q8848,A0
Q8849,A0
Q8850,A0
Q8851,A0
Q8852,A0
Q8853,A0
Q8854,A0
Q8855,A3
Q8856,A0
Q8857,A0
Q8858,A8
Q8859,A7
Q8860,A0
Q8861,A0
Q8862,A4
Q8863,A0
Q8864,A3
Q8865,A0
Q8866,A2
Q8867,A0
Q8868,A3
Q8869,A0
Q8870,A0
Q8871,A2
Q8872,A8
Q8873,A0
Q8874,A2
Q8875,A12
Q8876,A0
Q8877,A0
Q8878,A2
Q8879,A2
Q8880,A0
Q8881,A7
Q8882,A1
Q8883,A7
Q8884,A0
Q8885,A0
Q8886,A0
Q8887,A0
Q8888,A0
Q8889,A0
Q8890,A0
Q8891,A0
Q8892,A0
Q8893,A1
Q8894,A3
Q8895,A0
Q8896,A0
Q8897,A0
Q8898,A4
Q8899,A0
Q8900,A0
Q8901,A0
Q8902,A1
Q8903,A0
Q8904,A0
Q8905,A0
Q8906,A0
Q8907,A3
Q8908,A0
Q8909,A0
Q8910,A0
Q8911,A0
Q8912,A2
Q8913,A0
Q8914,A0
Q8915,A0
Q8916,A3
Q8917,A0
Q8918,A3
Q8919,A3
Q8920,A2
Q8921,A0
Q8922,A2
Q8923,A0
Q8924,A0
Q8925,A0
Q8926,A0
Q8927,A2
Q8928,A0
Q8929,A0
Q8930,A0
Q8931,A7
Q8932,A10
Q8933,A7
Q8934,A0
Q8935,A0
Q8936,A0
Q8937,A0
Q8938,A0
Q8939,A0
Q8940,A0
Q8941,A1
Q8942,A0
Q8943,A1
Q8944,A0
Q8945,A0
Q8946,A0
Q8947,A7
Q8948,A3
Q8949,A12
Q8950,A0
Q8951,A0
Q8952,A3
Q8953,A7
Q8954,A0
Q8955,A10
Q8956,A2
Q8957,A7
Q8958,A0
Q8959,A1
Q8960,A0
Q8961,A4
Q8962,A0
Q8963,A0
Q8964,A2
Q8965,A2
Q8966,A4
Q8967,A1
Q8968,A0
Q8969,A0
Q8970,A0
Q8971,A0
Q8972,A7
Q8973,A0
Q8974,A0
Q8975,A0
Q8976,A0
Q8977,A0
Q8978,A4
Q8979,A3
Q8980,A0
Q8981,A0
Q8982,A2
Q8983,A0
Q8984,A0
Q8985,A1
Q8986,A3
Q8987,A3
Q8988,A0
Q8989,A0
Q8990,A0
Q8991,A0
Q8992,A0
Q8993,A2
Q8994,A0
Q8995,A0
Q8996,A0
Q8997,A0
Q8998,A0
Q8999,A3
Q9000,A0
Q9001,A0
Q9002,A0
Q9003,A0
Q9004,A7
Q9005,A1
Q9006,A0
Q9007,A0
Q9008,A0
Q9009,A8
Q9010,A0
Q9011,A0
Q9012,A3
Q9013,A1
Q9014,A0
Q9015,A3
Q9016,A0
Q9017,A0
Q9018,A7
Q9019,A0
Q9020,A2
Q9021,A0
Q9022,A1
Q9023,A0
Q9024,A3
Q9025,A0
Q9026,A7
Q9027,A7
Q9028,A0
Q9029,A3
Q9030,A3
Q9031,A3
Q9032,A8
Q9033,A3
Q9034,A0
Q9035,A2
Q9036,A0
Q9037,A8
Q9038,A7
Q9039,A7
Q9040,A2
Q9041,A12
Q9042,A0
Q9043,A0
Q9044,A0
Q9045,A0
Q9046,A8
Q9047,A0
Q9048,A0
Q9049,A2
Q9050,A0
Q9051,A2
Q9052,A0
Q9053,A3
Q9054,A8
Q9055,A0
Q9056,A1
Q9057,A3
Q9058,A0
Q9059,A3
Q9060,A3
Q9061,A0
Q9062,A0
Q9063,A0
Q9064,A1
Q9065,A7
Q9066,A4
Q9067,A0
Q9068,A12
Q9069,A0
Q9070,A0
Q9071,A0
Q9072,A0
Q9073,A0
Q9074,A0
Q9075,A1
Q9076,A3
Q9077,A2
Q9078,A3
Q9079,A0
Q9080,A0
Q9081,A8
Q9082,A0
Q9083,A8
Q9084,A0
Q9085,A1
Q9086,A3
Q9087,A10
Q9088,A0
Q9089,A7
Q9090,A2
Q9091,A0
Q9092,A7
Q9093,A7
Q9094,A2
Q9095,A3
Q9096,A0
Q9097,A0
Q9098,A2
Q9099,A0
Q9100,A5
Q9101,A3
Q9102,A0
Q9103,A0
Q9104,A0
Q9105,A2
Q9106,A0
Q9107,A3
Q9108,A0
Q9109,A0
Q9110,A0
Q9111,A0
Q9112,A0
Q9113,A0
Q9114,A4
Q9115,A1
Q9116,A2
Q9117,A7
Q9118,A0
Q9119,A2
Q9120,A0
Q9121,A3
Q9122,A0
Q9123,A2
Q9124,A0
Q9125,A0
Q9126,A0
Q9127,A0
Q9128,A3
Q9129,A3
Q9130,A0
Q9131,A2
Q9132,A2
Q9133,A0
Q9134,A0
Q9135,A0
Q9136,A0
Q9137,A0
Q9138,A2
Q9139,A0
Q9140,A3
Q9141,A7
Q9142,A0
Q9143,A0
Q9144,A3
Q9145,A2
Q9146,A1
Q9147,A3
Q9148,A0
Q9149,A0
Q9150,A0
Q9151,A4
Q9152,A0
Q9153,A10
Q9154,A2
Q9155,A0
Q9156,A0
Q9157,A2
Q9158,A0
Q9159,A3
Q9160,A0
Q9161,A2
Q9162,A2
Q9163,A2
Q9164,A12
Q9165,A2
Q9166,A12
Q9167,A7
Q9168,A2
Q9169,A4
Q9170,A3
Q9171,A4
Q9172,A3
Q9173,A0
Q9174,A0
Q9175,A7
Q9176,A0
Q9177,A0
Q9178,A0
Q9179,A3
Q9180,A2
Q9181,A0
Q9182,A3
Q9183,A0
Q9184,A0
Q9185,A1
Q9186,A0
Q9187,A0
Q9188,A7
Q9189,A2
Q9190,A0
Q9191,A0
Q9192,A3
Q9193,A2
Q9194,A7
Q9195,A0
Q9196,A12
Q9197,A3
Q9198,A1
Q9199,A2
Q9200,A0
Q9201,A2
Q9202,A3
Q9203,A7
Q9204,A3
Q9205,A0
Q9206,A0
Q9207,A0
Q9208,A0
Q9209,A0
Q9210,A3
Q9211,A2
Q9212,A2
Q9213,A8
Q9214,A3
Q9215,A0
Q9216,A0
Q9217,A2
Q9218,A10
Q9219,A2
Q9220,A2
Q9221,A1
Q9222,A0
Q9223,A3
Q9224,A3
Q9225,A0
Q9226,A0
Q9227,A2
Q9228,A3
Q9229,A7
Q9230,A2
Q9231,A3
Q9232,A3
Q9233,A0
Q9234,A2
Q9235,A0
Q9236,A3
Q9237,A1
Q9238,A2
Q9239,A0
Q9240,A8
Q9241,A4
Q9242,A2
Q9243,A2
Q9244,A0
Q9245,A0
Q9246,A0
Q9247,A2
Q9248,A4
Q9249,A3
Q9250,A4
Q9251,A0
Q9252,A0
Q9253,A7
Q9254,A0
Q9255,A0
Q9256,A0
Q9257,A4
Q9258,A12
Q9259,A0
Q9260,A0
Q9261,A3
Q9262,A0
Q9263,A7
Q9264,A2
Q9265,A2
Q9266,A0
Q9267,A0
Q9268,A0
Q9269,A2
Q9270,A3
Q9271,A3
Q9272,A4
Q9273,A1
Q9274,A0
Q9275,A0
Q9276,A0
Q9277,A0
Q9278,A2
Q9279,A0
Q9280,A2
Q9281,A1
Q9282,A0
Q9283,A8
Q9284,A1
Q9285,A2
Q9286,A0
Q9287,A3
Q9288,A0
Q9289,A2
Q9290,A0
Q9291,A0
Q9292,A0
Q9293,A7
Q9294,A1
Q9295,A2
Q9296,A0
Q9297,A0
Q9298,A12
Q9299,A0
Q9300,A0
Q9301,A0
Q9302,A0
Q9303,A0
Q9304,A0
Q9305,A2
Q9306,A0
Q9307,A2
Q9308,A3
Q9309,A0
Q9310,A0
Q9311,A2
Q9312,A0
Q9313,A7
Q9314,A0
Q9315,A4
Q9316,A0
Q9317,A0
Q9318,A3
Q9319,A0
Q9320,A2
Q9321,A0
Q9322,A3
Q9323,A10
Q9324,A2
Q9325,A0
Q9326,A1
Q9327,A0
Q9328,A0
Q9329,A7
Q9330,A2
Q9331,A0
Q9332,A0
Q9333,A3
Q9334,A2
Q9335,A2
Q9336,A3
Q9337,A0
Q9338,A0
Q9339,A7
Q9340,A2
Q9341,A10
Q9342,A2
Q9343,A8
Q9344,A0
Q9345,A0
Q9346,A12
Q9347,A0
Q9348,A0
Q9349,A0
Q9350,A0
Q9351,A0
Q9352,A3
Q9353,A0
Q9354,A2
Q9355,A0
Q9356,A0
Q9357,A0
Q9358,A0
Q9359,A0
Q9360,A2
Q9361,A0
Q9362,A7
Q9363,A0
Q9364,A12
Q9365,A0
Q9366,A7
Q9367,A2
Q9368,A0
Q9369,A0
Q9370,A2
Q9371,A0
Q9372,A0
Q9373,A7
Q9374,A1
Q9375,A0
Q9376,A0
Q9377,A0
Q9378,A1
Q9379,A0
Q9380,A7
Q9381,A0
Q9382,A0
Q9383,A0
Q9384,A0
Q9385,A0
Q9386,A0
Q9387,A2
Q9388,A0
Q9389,A0
Q9390,A0
Q9391,A0
Q9392,A10
Q9393,A0
Q9394,A0
Q9395,A0
Q9396,A2
Q9397,A3
Q9398,A7
Q9399,A2
Q9400,A12
Q9401,A10
Q9402,A4
Q9403,A2
Q9404,A3
Q9405,A0
Q9406,A0
Q9407,A0
Q9408,A0
Q9409,A8
Q9410,A0
Q9411,A0
Q9412,A3
Q9413,A1
Q9414,A0
Q9415,A4
Q9416,A3
Q9417,A0
Q9418,A0
Q9419,A0
Q9420,A0
Q9421,A0
Q9422,A0
Q9423,A0
Q9424,A3
Q9425,A1
Q9426,A7
Q9427,A4
Q9428,A3
Q9429,A8
Q9430,A0
Q9431,A2
Q9432,A0
Q9433,A0
Q9434,A2
Q9435,A0
Q9436,A1
Q9437,A0
Q9438,A0
Q9439,A1
Q9440,A3
Q9441,A3
Q9442,A3
Q9443,A3
Q9444,A2
Q9445,A0
Q9446,A2
Q9447,A0
Q9448,A0
Q9449,A0
Q9450,A2
Q9451,A0
Q9452,A0
Q9453,A10
Q9454,A0
Q9455,A0
Q9456,A7
Q9457,A1
Q9458,A7
Q9459,A0
Q9460,A0
Q9461,A9
Q9462,A3
Q9463,A2
Q9464,A0
Q9465,A2
Q9466,A3
Q9467,A0
Q9468,A0
Q9469,A0
Q9470,A2
Q9471,A2
Q9472,A0
Q9473,A0
Q9474,A0
Q9475,A2
Q9476,A8
Q9477,A0
Q9478,A0
Q9479,A7
Q9480,A2
Q9481,A0
Q9482,A0
Q9483,A10
Q9484,A0
Q9485,A2
Q9486,A0
Q9487,A0
Q9488,A1
Q9489,A1
Q9490,A1
Q9491,A7
Q9492,A2
Q9493,A0
Q9494,A2
Q9495,A7
Q9496,A0
Q9497,A4
Q9498,A0
Q9499,A0
Q9500,A3
Q9501,A3
Q9502,A0
Q9503,A1
Q9504,A0
Q9505,A2
Q9506,A0
Q9507,A2
Q9508,A0
Q9509,A0
Q9510,A1
Q9511,A1
Q9512,A0
Q9513,A7
Q9514,A12
Q9515,A0
Q9516,A0
Q9517,A0
Q9518,A0
Q9519,A0
Q9520,A0
Q9521,A0
Q9522,A0
Q9523,A0
Q9524,A0
Q9525,A0
Q9526,A0
Q9527,A0
Q9528,A3
Q9529,A2
Q9530,A3
Q9531,A0
Q9532,A0
Q9533,A0
Q9534,A1
Q9535,A0
Q9536,A0
Q9537,A1
Q9538,A0
Q9539,A0
Q9540,A0
Q9541,A3
Q9542,A3
Q9543,A1
Q9544,A0
Q9545,A0
Q9546,A7
Q9547,A10
Q9548,A0
Q9549,A0
Q9550,A3
Q9551,A7
Q9552,A7
Q9553,A8
Q9554,A0
Q9555,A3
Q9556,A0
Q9557,A0
Q9558,A0
Q9559,A1
Q9560,A10
Q9561,A3
Q9562,A3
Q9563,A0
Q9564,A2
Q9565,A8
Q9566,A3
Q9567,A8
Q9568,A0
Q9569,A3
Q9570,A4
Q9571,A0
Q9572,A0
Q9573,A3
Q9574,A0
Q9575,A0
Q9576,A3
Q9577,A10
Q9578,A0
Q9579,A0
Q9580,A0
Q9581,A0
Q9582,A0
Q9583,A4
Q9584,A7
Q9585,A3
Q9586,A0
Q9587,A7
Q9588,A0
Q9589,A3
Q9590,A0
Q9591,A0
Q9592,A4
Q9593,A3
Q9594,A0
Q9595,A3
Q9596,A0
Q9597,A0
Q9598,A4
Q9599,A0
Q9600,A0
Q9601,A0
Q9602,A4
Q9603,A0
Q9604,A0
Q9605,A0
Q9606,A0
Q9607,A1
Q9608,A0
Q9609,A10
Q9610,A1
Q9611,A0
Q9612,A0
Q9613,A0
Q9614,A2
Q9615,A0
Q9616,A0
Q9617,A3
Q9618,A7
Q9619,A0
Q9620,A0
Q9621,A3
Q9622,A10
Q9623,A2
Q9624,A0
Q9625,A4
Q9626,A0
Q9627,A2
Q9628,A0
Q9629,A0
Q9630,A2
Q9631,A1
Q9632,A7
Q9633,A8
Q9634,A2
Q9635,A0
Q9636,A2
Q9637,A7
Q9638,A0
Q9639,A0
Q9640,A0
Q9641,A2
Q9642,A0
Q9643,A0
Q9644,A3
Q9645,A0
Q9646,A0
Q9647,A0
Q9648,A0
Q9649,A0
Q9650,A0
Q9651,A12
Q9652,A0
Q9653,A3
Q9654,A2
Q9655,A0
Q9656,A3
Q9657,A2
Q9658,A7
Q9659,A4
Q9660,A3
Q9661,A2
Q9662,A0
Q9663,A10
Q9664,A10
Q9665,A2
Q9666,A7
Q9667,A0
Q9668,A0
Q9669,A2
Q9670,A0
Q9671,A1
Q9672,A0
Q9673,A0
Q9674,A0
Q9675,A7
Q9676,A3
Q9677,A3
Q9678,A4
Q9679,A0
Q9680,A0
Q9681,A0
Q9682,A8
Q9683,A2
Q9684,A4
Q9685,A0
Q9686,A1
Q9687,A10
Q9688,A4
Q9689,A3
Q9690,A0
Q9691,A1
Q9692,A3
Q9693,A0
Q9694,A7
Q9695,A0
Q9696,A0
Q9697,A2
Q9698,A7
Q9699,A0
Q9700,A12
Q9701,A8
Q9702,A0
Q9703,A1
Q9704,A0
Q9705,A0
Q9706,A0
Q9707,A0
Q9708,A1
Q9709,A0
Q9710,A0
Q9711,A0
Q9712,A0
Q9713,A1
Q9714,A0
Q9715,A0
Q9716,A3
Q9717,A0
Q9718,A0
Q9719,A2
Q9720,A4
Q9721,A12
Q9722,A12
Q9723,A0
Q9724,A0
Q9725,A0
Q9726,A0
Q9727,A12
Q9728,A2
Q9729,A0
Q9730,A3
Q9731,A0
Q9732,A2
Q9733,A0
Q9734,A3
Q9735,A4
Q9736,A0
Q9737,A0
Q9738,A2
Q9739,A2
Q9740,A1
Q9741,A0
Q9742,A3
Q9743,A3
Q9744,A0
Q9745,A4
Q9746,A0
Q9747,A0
Q9748,A7
Q9749,A0
Q9750,A0
Q9751,A12
Q9752,A0
Q9753,A0
Q9754,A0
Q9755,A4
Q9756,A0
Q9757,A0
Q9758,A3
Q9759,A2
Q9760,A3
Q9761,A0
Q9762,A0
Q9763,A0
Q9764,A3
Q9765,A0
Q9766,A8
Q9767,A2
Q9768,A2
Q9769,A10
Q9770,A0
Q9771,A8
Q9772,A3
Q9773,A0
Q9774,A4
Q9775,A4
Q9776,A0
Q9777,A0
Q9778,A0
Q9779,A3
Q9780,A3
Q9781,A2
Q9782,A0
Q9783,A0
Q9784,A0
Q9785,A0
Q9786,A7
Q9787,A0
Q9788,A0
Q9789,A3
Q9790,A8
Q9791,A1
Q9792,A2
Q9793,A1
Q9794,A7
Q9795,A2
Q9796,A7
Q9797,A12
Q9798,A0
Q9799,A0
Q9800,A0
Q9801,A1
Q9802,A3
Q9803,A3
Q9804,A0
Q9805,A2
Q9806,A2
Q9807,A4
Q9808,A4
Q9809,A4
Q9810,A3
Q9811,A7
Q9812,A0
Q9813,A2
Q9814,A0
Q9815,A0
Q9816,A0
Q9817,A0
Q9818,A0
Q9819,A2
Q9820,A2
Q9821,A3
Q9822,A2
Q9823,A1
Q9824,A0
Q9825,A0
Q9826,A0
Q9827,A7
Q9828,A0
Q9829,A3
Q9830,A0
Q9831,A8
Q9832,A3
Q9833,A10
Q9834,A3
Q9835,A2
Q9836,A0
Q9837,A3
Q9838,A2
Q9839,A4
Q9840,A2
Q9841,A2
Q9842,A7
Q9843,A0
Q9844,A0
Q9845,A0
Q9846,A4
Q9847,A0
Q9848,A2
Q9849,A0
Q9850,A0
Q9851,A0
Q9852,A0
Q9853,A2
Q9854,A3
Q9855,A3
Q9856,A0
Q9857,A0
Q9858,A0
Q9859,A8
Q9860,A0
Q9861,A0
Q9862,A2
Q9863,A3
Q9864,A0
Q9865,A7
Q9866,A0
Q9867,A0
Q9868,A2
Q9869,A3
Q9870,A2
Q9871,A2
Q9872,A2
Q9873,A0
Q9874,A0
Q9875,A3
Q9876,A1
Q9877,A0
Q9878,A3
Q9879,A2
Q9880,A0
Q9881,A0
Q9882,A1
Q9883,A0
Q9884,A0
Q9885,A0
Q9886,A8
Q9887,A4
Q9888,A0
Q9889,A0
Q9890,A0
Q9891,A3
Q9892,A3
Q9893,A3
Q9894,A0
Q9895,A3
Q9896,A0
Q9897,A0
Q9898,A0
Q9899,A7
Q9900,A7
Q9901,A0
Q9902,A3
Q9903,A0
Q9904,A0
Q9905,A3
Q9906,A1
Q9907,A4
Q9908,A0
Q9909,A0
Q9910,A0
Q9911,A7
Q9912,A0
Q9913,A0
Q9914,A0
Q9915,A0
Q9916,A3
Q9917,A0
Q9918,A0
Q9919,A0
Q9920,A1
Q9921,A0
Q9922,A2
Q9923,A0
Q9924,A1
Q9925,A0
Q9926,A0
Q9927,A3
Q9928,A1
Q9929,A0
Q9930,A0
Q9931,A0
Q9932,A2
Q9933,A0
Q9934,A0
Q9935,A7
Q9936,A1
Q9937,A10
Q9938,A7
Q9939,A0
Q9940,A4
Q9941,A2
Q9942,A0
Q9943,A0
Q9944,A2
Q9945,A0
Q9946,A4
Q9947,A12
Q9948,A0
Q9949,A0
Q9950,A0
Q9951,A0
Q9952,A0
Q9953,A0
Q9954,A7
Q9955,A2
Q9956,A0
Q9957,A7
Q9958,A0
Q9959,A0
Q9960,A0
Q9961,A0
Q9962,A0
Q9963,A0
Q9964,A0
Q9965,A3
Q9966,A7
Q9967,A2
Q9968,A7
Q9969,A3
Q9970,A7
Q9971,A3
Q9972,A0
Q9973,A3
Q9974,A0
Q9975,A0
Q9976,A7
Q9977,A8
Q9978,A1
Q9979,A4
Q9980,A0
Q9981,A0
Q9982,A2
Q9983,A10
Q9984,A10
Q9985,A1
Q9986,A7
Q9987,A7
Q9988,A1
Q9989,A0
Q9990,A10
Q9991,A0
Q9992,A0
Q9993,A0
Q9994,A0
Q9995,A0
Q9996,A0
Q9997,A3
Q9998,A3
Q9999,A0
Q10000,A0
Q10001,A3
Q10002,A0
Q10003,A3
Q10004,A4
Q10005,A3
Q10006,A2
Q10007,A0
Q10008,A0
Q10009,A0
Q10010,A3
Q10011,A3
Q10012,A3
Q10013,A0
Q10014,A7
Q10015,A0
Q10016,A0
Q10017,A0
Q10018,A0
Q10019,A7
Q10020,A0
Q10021,A0
Q10022,A1
Q10023,A0
Q10024,A0
Q10025,A0
Q10026,A0
Q10027,A3
Q10028,A0
Q10029,A7
Q10030,A12
Q10031,A3
Q10032,A1
Q10033,A2
Q10034,A0
Q10035,A0
Q10036,A0
Q10037,A7
Q10038,A2
Q10039,A0
Q10040,A0
Q10041,A12
Q10042,A0
Q10043,A8
Q10044,A0
Q10045,A0
Q10046,A0
Q10047,A0
Q10048,A7
Q10049,A3
Q10050,A1
Q10051,A0
Q10052,A0
Q10053,A0
Q10054,A0
Q10055,A0
Q10056,A0
Q10057,A7
Q10058,A8
Q10059,A3
Q10060,A0
Q10061,A0
Q10062,A0
Q10063,A0
Q10064,A3
Q10065,A3
Q10066,A3
Q10067,A2
Q10068,A12
Q10069,A7
Q10070,A0
Q10071,A12
Q10072,A3
Q10073,A0
Q10074,A3
Q10075,A1
Q10076,A4
Q10077,A0
Q10078,A0
Q10079,A0
Q10080,A12
Q10081,A0
Q10082,A1
Q10083,A12
Q10084,A3
Q10085,A3
Q10086,A0
Q10087,A0
Q10088,A1
Q10089,A0
Q10090,A0
Q10091,A1
Q10092,A0
Q10093,A0
Q10094,A0
Q10095,A2
Q10096,A1
Q10097,A0
Q10098,A0
Q10099,A10
Q10100,A1
Q10101,A0
Q10102,A0
Q10103,A0
Q10104,A0
Q10105,A0
Q10106,A0
Q10107,A0
Q10108,A0
Q10109,A0
Q10110,A0
Q10111,A3
Q10112,A12
Q10113,A0
Q10114,A4
Q10115,A0
Q10116,A0
Q10117,A0
Q10118,A3
Q10119,A0
Q10120,A0
Q10121,A4
Q10122,A1
Q10123,A3
Q10124,A0
Q10125,A2
Q10126,A3
Q10127,A1
Q10128,A1
Q10129,A3
Q10130,A0
Q10131,A0
Q10132,A9
Q10133,A3
Q10134,A3
Q10135,A1
Q10136,A3
Q10137,A2
Q10138,A7
Q10139,A0
Q10140,A3
Q10141,A3
Q10142,A0
Q10143,A3
Q10144,A0
Q10145,A7
Q10146,A0
Q10147,A8
Q10148,A2
Q10149,A7
Q10150,A1
Q10151,A3
Q10152,A3
Q10153,A0
Q10154,A12
Q10155,A0
Q10156,A0
Q10157,A1
Q10158,A2
Q10159,A2
Q10160,A3
Q10161,A8
Q10162,A2
Q10163,A0
Q10164,A0
Q10165,A3
Q10166,A7
Q10167,A0
Q10168,A3
Q10169,A2
Q10170,A0
Q10171,A1
Q10172,A3
Q10173,A3
Q10174,A0
Q10175,A0
Q10176,A0
Q10177,A2
Q10178,A2
Q10179,A0
Q10180,A3
Q10181,A0
Q10182,A0
Q10183,A0
Q10184,A0
Q10185,A0
Q10186,A2
Q10187,A0
Q10188,A3
Q10189,A0
Q10190,A3
Q10191,A0
Q10192,A4
Q10193,A0
Q10194,A2
Q10195,A0
Q10196,A7
Q10197,A3
Q10198,A0
Q10199,A4
Q10200,A0
Q10201,A0
Q10202,A0
Q10203,A0
Q10204,A0
Q10205,A9
Q10206,A7
Q10207,A3
Q10208,A4
Q10209,A0
Q10210,A2
Q10211,A0
Q10212,A3
Q10213,A0
Q10214,A2
Q10215,A2
Q10216,A3
Q10217,A0
Q10218,A0
Q10219,A2
Q10220,A0
Q10221,A2
Q10222,A0
Q10223,A0
Q10224,A10
Q10225,A7
Q10226,A0
Q10227,A1
Q10228,A0
Q10229,A2
Q10230,A1
Q10231,A0
Q10232,A0
Q10233,A0
Q10234,A0
Q10235,A3
Q10236,A0
Q10237,A2
Q10238,A2
Q10239,A3
Q10240,A0
Q10241,A0
Q10242,A0
Q10243,A7
Q10244,A3
Q10245,A2
Q10246,A0
Q10247,A0
Q10248,A2
Q10249,A0
Q10250,A2
Q10251,A4
Q10252,A3
Q10253,A3
Q10254,A7
Q10255,A3
Q10256,A8
Q10257,A7
Q10258,A2
Q10259,A7
Q10260,A1
Q10261,A0
Q10262,A0
Q10263,A0
Q10264,A0
Q10265,A0
Q10266,A1
Q10267,A0
Q10268,A0
Q10269,A3
Q10270,A1
Q10271,A0
Q10272,A1
Q10273,A10
Q10274,A2
Q10275,A1
Q10276,A1
Q10277,A4
Q10278,A1
Q10279,A0
Q10280,A0
Q10281,A0
Q10282,A0
Q10283,A0
Q10284,A0
Q10285,A0
Q10286,A3
Q10287,A0
Q10288,A0
Q10289,A2
Q10290,A0
Q10291,A0
Q10292,A4
Q10293,A2
Q10294,A0
Q10295,A2
Q10296,A0
Q10297,A3
Q10298,A0
Q10299,A0
Q10300,A2
Q10301,A0
Q10302,A3
Q10303,A0
Q10304,A0
Q10305,A2
Q10306,A0
Q10307,A2
Q10308,A0
Q10309,A2
Q10310,A0
Q10311,A2
Q10312,A8
Q10313,A0
Q10314,A0
Q10315,A0
Q10316,A0
Q10317,A0
Q10318,A0
Q10319,A4
Q10320,A3
Q10321,A2
Q10322,A2
Q10323,A3
Q10324,A2
Q10325,A3
Q10326,A0
Q10327,A2
Q10328,A1
Q10329,A4
Q10330,A0
Q10331,A0
Q10332,A3
Q10333,A3
Q10334,A0
Q10335,A2
Q10336,A8
Q10337,A12
Q10338,A0
Q10339,A3
Q10340,A0
Q10341,A3
Q10342,A0
Q10343,A2
Q10344,A0
Q10345,A0
Q10346,A3
Q10347,A3
Q10348,A0
Q10349,A0
Q10350,A0
Q10351,A0
Q10352,A3
Q10353,A3
Q10354,A0
Q10355,A0
Q10356,A0
Q10357,A0
Q10358,A3
Q10359,A0
Q10360,A3
Q10361,A8
Q10362,A4
Q10363,A0
Q10364,A8
Q10365,A1
Q10366,A0
Q10367,A0
Q10368,A0
Q10369,A0
Q10370,A0
Q10371,A1
Q10372,A0
Q10373,A0
Q10374,A7
Q10375,A0
Q10376,A1
Q10377,A7
Q10378,A3
Q10379,A1
Q10380,A2
Q10381,A0
Q10382,A4
Q10383,A0
Q10384,A0
Q10385,A10
Q10386,A0
Q10387,A8
Q10388,A0
Q10389,A2
Q10390,A0
Q10391,A0
Q10392,A0
Q10393,A0
Q10394,A0
Q10395,A2
Q10396,A3
Q10397,A0
Q10398,A3
Q10399,A0
Q10400,A0
Q10401,A3
Q10402,A0
Q10403,A0
Q10404,A0
Q10405,A2
Q10406,A0
Q10407,A0
Q10408,A2
Q10409,A3
Q10410,A0
Q10411,A3
Q10412,A2
Q10413,A0
Q10414,A0
Q10415,A3
Q10416,A0
Q10417,A2
Q10418,A7
Q10419,A12
Q10420,A7
Q10421,A0
Q10422,A4
Q10423,A7
Q10424,A0
Q10425,A2
Q10426,A1
Q10427,A7
Q10428,A7
Q10429,A0
Q10430,A2
Q10431,A0
Q10432,A0
Q10433,A0
Q10434,A1
Q10435,A0
Q10436,A0
Q10437,A0
Q10438,A0
Q10439,A3
Q10440,A7
Q10441,A3
Q10442,A0
Q10443,A7
Q10444,A0
Q10445,A5
Q10446,A0
Q10447,A2
Q10448,A0
Q10449,A0
Q10450,A0
Q10451,A0
Q10452,A3
Q10453,A0
Q10454,A2
Q10455,A4
Q10456,A3
Q10457,A3
Q10458,A7
Q10459,A0
Q10460,A0
Q10461,A2
Q10462,A0
Q10463,A2
Q10464,A0
Q10465,A1
Q10466,A3
Q10467,A2
Q10468,A2
Q10469,A0
Q10470,A4
Q10471,A3
Q10472,A2
Q10473,A0
Q10474,A0
Q10475,A3
Q10476,A10
Q10477,A0
Q10478,A2
Q10479,A0
Q10480,A12
Q10481,A0
Q10482,A7
Q10483,A0
Q10484,A0
Q10485,A0
Q10486,A0
Q10487,A7
Q10488,A1
Q10489,A1
Q10490,A2
Q10491,A0
Q10492,A0
Q10493,A2
Q10494,A0
Q10495,A8
Q10496,A0
Q10497,A2
Q10498,A1
Q10499,A0
Q10500,A0
Q10501,A8
Q10502,A4
Q10503,A0
Q10504,A0
Q10505,A0
Q10506,A2
Q10507,A0
Q10508,A4
Q10509,A0
Q10510,A8
Q10511,A4
Q10512,A0
Q10513,A0
Q10514,A0
Q10515,A3
Q10516,A0
Q10517,A0
Q10518,A0
Q10519,A0
Q10520,A0
Q10521,A3
Q10522,A0
Q10523,A0
Q10524,A3
Q10525,A7
Q10526,A1
Q10527,A8
Q10528,A12
Q10529,A4
Q10530,A1
Q10531,A2
Q10532,A7
Q10533,A3
Q10534,A3
Q10535,A2
Q10536,A8
Q10537,A0
Q10538,A0
Q10539,A2
Q10540,A0
Q10541,A0
Q10542,A7
Q10543,A0
Q10544,A3
Q10545,A2
Q10546,A0
Q10547,A0
Q10548,A0
Q10549,A2
Q10550,A0
Q10551,A0
Q10552,A0
Q10553,A0
Q10554,A1
Q10555,A1
Q10556,A0
Q10557,A0
Q10558,A0
Q10559,A3
Q10560,A0
Q10561,A0
Q10562,A0
Q10563,A3
Q10564,A0
Q10565,A0
Q10566,A4
Q10567,A0
Q10568,A0
Q10569,A0
Q10570,A0
Q10571,A2
Q10572,A0
Q10573,A0
Q10574,A4
Q10575,A0
Q10576,A1
Q10577,A1
Q10578,A1
Q10579,A0
Q10580,A3
Q10581,A0
Q10582,A0
Q10583,A3
Q10584,A0
Q10585,A2
Q10586,A0
Q10587,A1
Q10588,A2
Q10589,A0
Q10590,A2
Q10591,A1
Q10592,A7
Q10593,A2
Q10594,A8
Q10595,A2
Q10596,A2
Q10597,A12
Q10598,A2
Q10599,A2
Q10600,A5
Q10601,A0
Q10602,A3
Q10603,A3
Q10604,A0
Q10605,A0
Q10606,A3
Q10607,A3
Q10608,A3
Q10609,A7
Q10610,A1
Q10611,A0
Q10612,A0
Q10613,A3
Q10614,A0
Q10615,A2
Q10616,A0
Q10617,A0
Q10618,A3
Q10619,A3
Q10620,A0
Q10621,A0
Q10622,A3
Q10623,A0
Q10624,A1
Q10625,A0
Q10626,A0
Q10627,A2
Q10628,A0
Q10629,A3
Q10630,A0
Q10631,A3
Q10632,A0
Q10633,A3
Q10634,A0
Q10635,A12
Q10636,A2
Q10637,A0
Q10638,A0
Q10639,A0
Q10640,A2
Q10641,A4
Q10642,A0
Q10643,A0
Q10644,A2
Q10645,A0
Q10646,A0
Q10647,A9
Q10648,A0
Q10649,A2
Q10650,A0
Q10651,A1
Q10652,A7
Q10653,A0
Q10654,A10
Q10655,A0
Q10656,A1
Q10657,A0
Q10658,A0
Q10659,A1
Q10660,A1
Q10661,A0
Q10662,A3
Q10663,A3
Q10664,A7
Q10665,A0
Q10666,A10
Q10667,A2
Q10668,A0
Q10669,A3
Q10670,A3
Q10671,A3
Q10672,A0
Q10673,A0
Q10674,A7
Q10675,A0
Q10676,A0
Q10677,A0
Q10678,A0
Q10679,A7
Q10680,A8
Q10681,A0
Q10682,A0
Q10683,A0
Q10684,A1
Q10685,A0
Q10686,A0
Q10687,A8
Q10688,A1
Q10689,A3
Q10690,A2
Q10691,A0
Q10692,A0
Q10693,A0
Q10694,A0
Q10695,A3
Q10696,A0
Q10697,A0
Q10698,A10
Q10699,A2
Q10700,A0
Q10701,A1
Q10702,A0
Q10703,A0
Q10704,A0
Q10705,A0
Q10706,A0
Q10707,A2
Q10708,A2
Q10709,A2
Q10710,A3
Q10711,A0
Q10712,A4
Q10713,A0
Q10714,A4
Q10715,A1
Q10716,A0
Q10717,A3
Q10718,A0
Q10719,A3
Q10720,A2
Q10721,A0
Q10722,A0
Q10723,A0
Q10724,A1
Q10725,A7
Q10726,A0
Q10727,A0
Q10728,A0
Q10729,A4
Q10730,A2
Q10731,A3
Q10732,A1
Q10733,A0
Q10734,A10
Q10735,A7
Q10736,A12
Q10737,A0
Q10738,A2
Q10739,A0
Q10740,A2
Q10741,A0
Q10742,A3
Q10743,A2
Q10744,A3
Q10745,A3
Q10746,A2
Q10747,A0
Q10748,A3
Q10749,A0
Q10750,A1
Q10751,A0
Q10752,A0
Q10753,A0
Q10754,A0
Q10755,A0
Q10756,A0
Q10757,A2
Q10758,A2
Q10759,A0
Q10760,A0
Q10761,A1
Q10762,A0
Q10763,A0
Q10764,A0
Q10765,A1
Q10766,A7
Q10767,A10
Q10768,A10
Q10769,A1
Q10770,A0
Q10771,A10
Q10772,A3
Q10773,A0
Q10774,A3
Q10775,A3
Q10776,A0
Q10777,A0
Q10778,A0
Q10779,A1
Q10780,A7
Q10781,A0
Q10782,A4
Q10783,A0
Q10784,A0
Q10785,A0
Q10786,A4
Q10787,A0
Q10788,A2
Q10789,A0
Q10790,A0
Q10791,A0
Q10792,A0
Q10793,A0
Q10794,A0
Q10795,A1
Q10796,A2
Q10797,A0
Q10798,A3
Q10799,A0
Q10800,A0
Q10801,A4
Q10802,A0
Q10803,A0
Q10804,A3
Q10805,A2
Q10806,A0
Q10807,A0
Q10808,A0
Q10809,A0
Q10810,A1
Q10811,A0
Q10812,A3
Q10813,A0
Q10814,A0
Q10815,A2
Q10816,A0
Q10817,A1
Q10818,A1
Q10819,A2
Q10820,A8
Q10821,A2
Q10822,A3
Q10823,A0
Q10824,A0
Q10825,A0
Q10826,A2
Q10827,A10
Q10828,A0
Q10829,A2
Q10830,A0
Q10831,A2
Q10832,A0
Q10833,A3
Q10834,A2
Q10835,A0
Q10836,A0
Q10837,A0
Q10838,A2
Q10839,A1
Q10840,A0
Q10841,A3
Q10842,A3
Q10843,A2
Q10844,A0
Q10845,A3
Q10846,A3
Q10847,A0
Q10848,A7
Q10849,A0
Q10850,A0
Q10851,A0
Q10852,A2
Q10853,A0
Q10854,A0
Q10855,A0
Q10856,A0
Q10857,A0
Q10858,A1
Q10859,A3
Q10860,A7
Q10861,A7
Q10862,A0
Q10863,A0
Q10864,A0
Q10865,A0
Q10866,A0
Q10867,A7
Q10868,A1
Q10869,A4
Q10870,A3
Q10871,A3
Q10872,A0
Q10873,A0
Q10874,A0
Q10875,A3
Q10876,A0
Q10877,A3
Q10878,A3
Q10879,A0
Q10880,A0
Q10881,A0
Q10882,A1
Q10883,A0
Q10884,A0
Q10885,A12
Q10886,A0
Q10887,A0
Q10888,A2
Q10889,A3
Q10890,A0
Q10891,A7
Q10892,A0
Q10893,A0
Q10894,A0
Q10895,A3
Q10896,A3
Q10897,A0
Q10898,A0
Q10899,A3
Q10900,A2
Q10901,A4
Q10902,A12
Q10903,A0
Q10904,A12
Q10905,A0
Q10906,A0
Q10907,A0
Q10908,A0
Q10909,A0
Q10910,A3
Q10911,A0
Q10912,A3
Q10913,A1
Q10914,A10
Q10915,A1
Q10916,A0
Q10917,A3
Q10918,A4
Q10919,A2
Q10920,A0
Q10921,A7
Q10922,A0
Q10923,A1
Q10924,A2
Q10925,A3
Q10926,A10
Q10927,A2
Q10928,A7
Q10929,A0
Q10930,A7
Q10931,A0
Q10932,A0
Q10933,A3
Q10934,A0
Q10935,A2
Q10936,A5
Q10937,A0
Q10938,A3
Q10939,A3
Q10940,A0
Q10941,A0
Q10942,A10
Q10943,A0
Q10944,A1
Q10945,A0
Q10946,A3
Q10947,A0
Q10948,A0
Q10949,A3
Q10950,A0
Q10951,A5
Q10952,A0
Q10953,A2
Q10954,A0
Q10955,A2
Q10956,A0
Q10957,A3
Q10958,A0
Q10959,A7
Q10960,A0
Q10961,A0
Q10962,A0
Q10963,A0
Q10964,A7
Q10965,A0
Q10966,A8
Q10967,A0
Q10968,A0
Q10969,A1
Q10970,A3
Q10971,A4
Q10972,A3
Q10973,A0
Q10974,A2
Q10975,A0
Q10976,A0
Q10977,A0
Q10978,A12
Q10979,A0
Q10980,A0
Q10981,A0
Q10982,A0
Q10983,A12
Q10984,A0
Q10985,A0
Q10986,A3
Q10987,A3
Q10988,A2
Q10989,A3
Q10990,A0
Q10991,A0
Q10992,A3
Q10993,A2
Q10994,A0
Q10995,A0
Q10996,A0
Q10997,A2
Q10998,A3
Q10999,A0
Q11000,A2
Q11001,A3
Q11002,A3
Q11003,A3
Q11004,A3
Q11005,A0
Q11006,A7
Q11007,A0
Q11008,A0
Q11009,A2
Q11010,A0
Q11011,A0
Q11012,A1
Q11013,A0
Q11014,A2
Q11015,A0
Q11016,A3
Q11017,A0
Q11018,A0
Q11019,A3
Q11020,A0
Q11021,A0
Q11022,A2
Q11023,A8
Q11024,A0
Q11025,A0
Q11026,A0
Q11027,A0
Q11028,A2
Q11029,A3
Q11030,A0
Q11031,A0
Q11032,A3
Q11033,A0
Q11034,A7
Q11035,A0
Q11036,A5
Q11037,A3
Q11038,A8
Q11039,A1
Q11040,A0
Q11041,A2
Q11042,A0
Q11043,A0
Q11044,A0
Q11045,A0
Q11046,A3
Q11047,A4
Q11048,A0
Q11049,A0
Q11050,A0
Q11051,A3
Q11052,A2
Q11053,A3
Q11054,A0
Q11055,A2
Q11056,A0
Q11057,A7
Q11058,A0
Q11059,A0
Q11060,A8
Q11061,A0
Q11062,A0
Q11063,A3
Q11064,A7
Q11065,A2
Q11066,A0
Q11067,A2
Q11068,A0
Q11069,A0
Q11070,A8
Q11071,A0
Q11072,A7
Q11073,A0
Q11074,A0
Q11075,A0
Q11076,A0
Q11077,A0
Q11078,A3
Q11079,A0
Q11080,A1
Q11081,A2
Q11082,A0
Q11083,A2
Q11084,A8
Q11085,A0
Q11086,A2
Q11087,A0
Q11088,A0
Q11089,A0
Q11090,A8
Q11091,A0
Q11092,A0
Q11093,A0
Q11094,A0
Q11095,A2
Q11096,A4
Q11097,A3
Q11098,A0
Q11099,A12
Q11100,A7
Q11101,A0
Q11102,A0
Q11103,A0
Q11104,A3
Q11105,A4
Q11106,A4
Q11107,A12
Q11108,A0
Q11109,A0
Q11110,A3
Q11111,A4
Q11112,A8
Q11113,A1
Q11114,A2
Q11115,A0
Q11116,A7
Q11117,A0
Q11118,A0
Q11119,A0
Q11120,A0
Q11121,A4
Q11122,A7
Q11123,A7
Q11124,A2
Q11125,A0
Q11126,A0
Q11127,A0
Q11128,A4
Q11129,A0
Q11130,A0
Q11131,A3
Q11132,A0
Q11133,A0
Q11134,A0
Q11135,A0
Q11136,A2
Q11137,A3
Q11138,A0
Q11139,A2
Q11140,A0
Q11141,A2
Q11142,A0
Q11143,A0
Q11144,A0
Q11145,A1
Q11146,A0
Q11147,A0
Q11148,A0
Q11149,A3
Q11150,A0
Q11151,A0
Q11152,A1
Q11153,A3
Q11154,A3
Q11155,A0
Q11156,A3
Q11157,A0
Q11158,A2
Q11159,A12
Q11160,A0
Q11161,A5
Q11162,A10
Q11163,A0
Q11164,A0
Q11165,A0
Q11166,A1
Q11167,A0
Q11168,A0
Q11169,A0
Q11170,A12
Q11171,A3
Q11172,A0
Q11173,A0
Q11174,A0
Q11175,A0
Q11176,A2
Q11177,A0
Q11178,A2
Q11179,A0
Q11180,A0
Q11181,A0
Q11182,A0
Q11183,A0
Q11184,A1
Q11185,A3
Q11186,A0
Q11187,A0
Q11188,A0
Q11189,A0
Q11190,A7
Q11191,A4
Q11192,A1
Q11193,A7
Q11194,A0
Q11195,A1
Q11196,A0
Q11197,A2
Q11198,A0
Q11199,A0
Q11200,A8
Q11201,A0
Q11202,A3
Q11203,A0
Q11204,A0
Q11205,A0
Q11206,A0
Q11207,A0
Q11208,A3
Q11209,A0
Q11210,A0
Q11211,A1
Q11212,A2
Q11213,A0
Q11214,A7
Q11215,A2
Q11216,A2
Q11217,A10
Q11218,A0
Q11219,A0
Q11220,A0
Q11221,A0
Q11222,A2
Q11223,A2
Q11224,A0
Q11225,A1
Q11226,A0
Q11227,A2
Q11228,A2
Q11229,A0
Q11230,A0
Q11231,A0
Q11232,A0
Q11233,A0
Q11234,A8
Q11235,A0
Q11236,A0
Q11237,A2
Q11238,A3
Q11239,A0
Q11240,A4
Q11241,A2
Q11242,A0
Q11243,A0
Q11244,A0
Q11245,A0
Q11246,A0
Q11247,A0
Q11248,A0
Q11249,A0
Q11250,A0
Q11251,A0
Q11252,A3
Q11253,A4
Q11254,A3
Q11255,A9
Q11256,A0
Q11257,A1
Q11258,A0
Q11259,A0
Q11260,A0
Q11261,A2
Q11262,A2
Q11263,A2
Q11264,A1
Q11265,A1
Q11266,A0
Q11267,A3
Q11268,A0
Q11269,A4
Q11270,A0
Q11271,A2
Q11272,A0
Q11273,A2
Q11274,A0
Q11275,A0
Q11276,A8
Q11277,A3
Q11278,A0
Q11279,A0
Q11280,A3
Q11281,A0
Q11282,A0
Q11283,A7
Q11284,A1
Q11285,A2
Q11286,A0
Q11287,A0
Q11288,A0
Q11289,A2
Q11290,A0
Q11291,A0
Q11292,A4
Q11293,A0
Q11294,A3
Q11295,A7
Q11296,A7
Q11297,A2
Q11298,A12
Q11299,A8
Q11300,A0
Q11301,A3
Q11302,A0
Q11303,A0
Q11304,A1
Q11305,A0
Q11306,A7
Q11307,A0
Q11308,A1
Q11309,A0
Q11310,A0
Q11311,A3
Q11312,A3
Q11313,A0
Q11314,A0
Q11315,A7
Q11316,A1
Q11317,A0
Q11318,A12
Q11319,A4
Q11320,A0
Q11321,A0
Q11322,A0
Q11323,A1
Q11324,A0
Q11325,A0
Q11326,A0
Q11327,A0
Q11328,A0
Q11329,A0
Q11330,A2
Q11331,A0
Q11332,A0
Q11333,A4
Q11334,A8
Q11335,A0
Q11336,A7
Q11337,A0
Q11338,A0
Q11339,A0
Q11340,A0
Q11341,A0
Q11342,A2
Q11343,A2
Q11344,A0
Q11345,A0
Q11346,A7
Q11347,A0
Q11348,A0
Q11349,A3
Q11350,A1
Q11351,A0
Q11352,A3
Q11353,A0
Q11354,A3
Q11355,A2
Q11356,A0
Q11357,A1
Q11358,A1
Q11359,A1
Q11360,A7
Q11361,A8
Q11362,A0
Q11363,A0
Q11364,A3
Q11365,A1
Q11366,A0
Q11367,A0
Q11368,A4
Q11369,A4
Q11370,A0
Q11371,A0
Q11372,A0
Q11373,A0
Q11374,A0
Q11375,A2
Q11376,A4
Q11377,A0
Q11378,A0
Q11379,A3
Q11380,A0
Q11381,A2
Q11382,A0
Q11383,A1
Q11384,A3
Q11385,A0
Q11386,A0
Q11387,A0
Q11388,A0
Q11389,A2
Q11390,A0
Q11391,A2
Q11392,A0
Q11393,A0
Q11394,A0
Q11395,A0
Q11396,A1
Q11397,A10
Q11398,A8
Q11399,A0
Q11400,A3
Q11401,A0
Q11402,A1
Q11403,A0
Q11404,A0
Q11405,A10
Q11406,A2
Q11407,A0
Q11408,A7
Q11409,A0
Q11410,A0
Q11411,A0
Q11412,A0
Q11413,A8
Q11414,A0
Q11415,A0
Q11416,A0
Q11417,A0
Q11418,A0
Q11419,A3
Q11420,A1
Q11421,A0
Q11422,A12
Q11423,A2
Q11424,A2
Q11425,A0
Q11426,A3
Q11427,A2
Q11428,A7
Q11429,A2
Q11430,A1
Q11431,A0
Q11432,A0
Q11433,A0
Q11434,A0
Q11435,A4
Q11436,A0
Q11437,A0
Q11438,A2
Q11439,A8
Q11440,A2
Q11441,A2
Q11442,A0
Q11443,A0
Q11444,A7
Q11445,A1
Q11446,A2
Q11447,A3
Q11448,A0
Q11449,A12
Q11450,A8
Q11451,A0
Q11452,A2
Q11453,A0
Q11454,A0
Q11455,A12
Q11456,A0
Q11457,A2
Q11458,A1
Q11459,A0
Q11460,A0
Q11461,A0
Q11462,A3
Q11463,A0
Q11464,A0
Q11465,A7
Q11466,A12
Q11467,A2
Q11468,A0
Q11469,A0
Q11470,A0
Q11471,A3
Q11472,A0
Q11473,A3
Q11474,A2
Q11475,A2
Q11476,A8
Q11477,A0
Q11478,A0
Q11479,A0
Q11480,A7
Q11481,A0
Q11482,A4
Q11483,A2
Q11484,A0
Q11485,A0
Q11486,A0
Q11487,A0
Q11488,A0
Q11489,A8
Q11490,A0
Q11491,A7
Q11492,A0
Q11493,A4
Q11494,A3
Q11495,A3
Q11496,A2
Q11497,A0
Q11498,A0
Q11499,A3
Q11500,A5
Q11501,A0
Q11502,A2
Q11503,A0
Q11504,A1
Q11505,A7
Q11506,A2
Q11507,A0
Q11508,A2
Q11509,A2
Q11510,A0
Q11511,A10
Q11512,A0
Q11513,A0
Q11514,A0
Q11515,A3
Q11516,A3
Q11517,A7
Q11518,A0
Q11519,A3
Q11520,A0
Q11521,A3
Q11522,A7
Q11523,A2
Q11524,A3
Q11525,A3
Q11526,A0
Q11527,A7
Q11528,A0
Q11529,A0
Q11530,A2
Q11531,A2
Q11532,A0
Q11533,A0
Q11534,A4
Q11535,A0
Q11536,A3
Q11537,A0
Q11538,A0
Q11539,A0
Q11540,A0
Q11541,A0
Q11542,A0
Q11543,A0
Q11544,A0
Q11545,A1
Q11546,A0
Q11547,A3
Q11548,A0
Q11549,A3
Q11550,A0
Q11551,A2
Q11552,A0
Q11553,A0
Q11554,A0
Q11555,A0
Q11556,A0
Q11557,A3
Q11558,A3
Q11559,A7
Q11560,A0
Q11561,A2
Q11562,A7
Q11563,A2
Q11564,A1
Q11565,A2
Q11566,A2
Q11567,A2
Q11568,A0
Q11569,A0
Q11570,A0
Q11571,A3
Q11572,A0
Q11573,A2
Q11574,A0
Q11575,A0
Q11576,A0
Q11577,A8
Q11578,A2
Q11579,A2
Q11580,A2
Q11581,A3
Q11582,A3
Q11583,A8
Q11584,A0
Q11585,A0
Q11586,A2
Q11587,A0
Q11588,A0
Q11589,A7
Q11590,A7
Q11591,A7
Q11592,A3
Q11593,A4
Q11594,A0
Q11595,A0
Q11596,A12
Q11597,A0
Q11598,A2
Q11599,A0
Q11600,A0
Q11601,A1
Q11602,A0
Q11603,A0
Q11604,A0
Q11605,A0
Q11606,A0
Q11607,A2
Q11608,A0
Q11609,A0
Q11610,A3
Q11611,A1
Q11612,A0
Q11613,A0
Q11614,A0
Q11615,A2
Q11616,A0
Q11617,A0
Q11618,A12
Q11619,A7
Q11620,A0
Q11621,A0
Q11622,A0
Q11623,A2
Q11624,A2
Q11625,A3
Q11626,A1
Q11627,A0
Q11628,A0
Q11629,A0
Q11630,A0
Q11631,A0
Q11632,A0
Q11633,A0
Q11634,A7
Q11635,A0
Q11636,A0
Q11637,A7
Q11638,A1
Q11639,A0
Q11640,A3
Q11641,A0
Q11642,A0
Q11643,A0
Q11644,A0
Q11645,A0
Q11646,A3
Q11647,A3
Q11648,A0
Q11649,A3
Q11650,A0
Q11651,A7
Q11652,A2
Q11653,A2
Q11654,A8
Q11655,A0
Q11656,A0
Q11657,A0
Q11658,A0
Q11659,A7
Q11660,A5
Q11661,A0
Q11662,A0
Q11663,A0
Q11664,A3
Q11665,A0
Q11666,A3
Q11667,A3
Q11668,A4
Q11669,A0
Q11670,A0
Q11671,A2
Q11672,A0
Q11673,A8
Q11674,A2
Q11675,A2
Q11676,A3
Q11677,A0
Q11678,A0
Q11679,A0
Q11680,A0
Q11681,A0
Q11682,A0
Q11683,A0
Q11684,A0
Q11685,A7
Q11686,A7
Q11687,A0
Q11688,A10
Q11689,A3
Q11690,A0
Q11691,A3
Q11692,A1
Q11693,A0
Q11694,A3
Q11695,A3
Q11696,A3
Q11697,A1
Q11698,A0
Q11699,A0
Q11700,A8
Q11701,A4
Q11702,A3
Q11703,A0
Q11704,A0
Q11705,A0
Q11706,A1
Q11707,A0
Q11708,A1
Q11709,A0
Q11710,A8
Q11711,A0
Q11712,A0
Q11713,A3
Q11714,A2
Q11715,A9
Q11716,A4
Q11717,A0
Q11718,A2
Q11719,A0
Q11720,A3
Q11721,A3
Q11722,A3
Q11723,A2
Q11724,A0
Q11725,A0
Q11726,A3
Q11727,A12
Q11728,A0
Q11729,A0
Q11730,A2
Q11731,A8
Q11732,A0
Q11733,A2
Q11734,A0
Q11735,A3
Q11736,A4
Q11737,A2
Q11738,A7
Q11739,A0
Q11740,A0
Q11741,A4
Q11742,A10
Q11743,A3
Q11744,A1
Q11745,A0
Q11746,A0
Q11747,A0
Q11748,A0
Q11749,A0
Q11750,A0
Q11751,A0
Q11752,A1
Q11753,A1
Q11754,A0
Q11755,A7
Q11756,A0
Q11757,A0
Q11758,A2
Q11759,A0
Q11760,A0
Q11761,A0
Q11762,A4
Q11763,A0
Q11764,A0
Q11765,A0
Q11766,A2
Q11767,A3
Q11768,A0
Q11769,A0
Q11770,A4
Q11771,A0
Q11772,A8
Q11773,A3
Q11774,A0
Q11775,A0
Q11776,A0
Q11777,A0
Q11778,A1
Q11779,A3
Q11780,A1
Q11781,A3
Q11782,A3
Q11783,A8
Q11784,A2
Q11785,A4
Q11786,A7
Q11787,A2
Q11788,A2
Q11789,A0
Q11790,A1
Q11791,A1
Q11792,A2
Q11793,A2
Q11794,A7
Q11795,A0
Q11796,A0
Q11797,A2
Q11798,A3
Q11799,A0
Q11800,A4
Q11801,A2
Q11802,A0
Q11803,A0
Q11804,A0
Q11805,A0
Q11806,A3
Q11807,A2
Q11808,A3
Q11809,A2
Q11810,A0
Q11811,A1
Q11812,A0
Q11813,A0
Q11814,A0
Q11815,A0
Q11816,A0
Q11817,A3
Q11818,A0
Q11819,A7
Q11820,A3
Q11821,A10
Q11822,A3
Q11823,A3
Q11824,A2
Q11825,A2
Q11826,A8
Q11827,A3
Q11828,A0
Q11829,A0
Q11830,A12
Q11831,A0
Q11832,A12
Q11833,A2
Q11834,A0
Q11835,A0
Q11836,A0
Q11837,A0
Q11838,A2
Q11839,A0
Q11840,A2
Q11841,A0
Q11842,A3
Q11843,A0
Q11844,A1
Q11845,A4
Q11846,A0
Q11847,A8
Q11848,A0
Q11849,A2
Q11850,A0
Q11851,A3
Q11852,A0
Q11853,A0
Q11854,A0
Q11855,A7
Q11856,A7
Q11857,A3
Q11858,A0
Q11859,A8
Q11860,A0
Q11861,A0
Q11862,A7
Q11863,A0
Q11864,A0
Q11865,A0
Q11866,A0
Q11867,A0
Q11868,A0
Q11869,A2
Q11870,A3
Q11871,A1
Q11872,A0
Q11873,A1
Q11874,A2
Q11875,A3
Q11876,A0
Q11877,A3
Q11878,A2
Q11879,A0
Q11880,A3
Q11881,A3
Q11882,A1
Q11883,A0
Q11884,A3
Q11885,A0
Q11886,A2
Q11887,A2
Q11888,A7
Q11889,A0
Q11890,A0
Q11891,A7
Q11892,A0
Q11893,A7
Q11894,A0
Q11895,A4
Q11896,A2
Q11897,A0
Q11898,A3
Q11899,A3
Q11900,A0
Q11901,A3
Q11902,A0
Q11903,A0
Q11904,A0
Q11905,A0
Q11906,A3
Q11907,A8
Q11908,A0
Q11909,A4
Q11910,A0
Q11911,A0
Q11912,A3
Q11913,A0
Q11914,A1
Q11915,A0
Q11916,A3
Q11917,A2
Q11918,A4
Q11919,A5
Q11920,A4
Q11921,A7
Q11922,A0
Q11923,A0
Q11924,A3
Q11925,A3
Q11926,A3
Q11927,A2
Q11928,A0
Q11929,A5
Q11930,A2
Q11931,A3
Q11932,A3
Q11933,A0
Q11934,A0
Q11935,A0
Q11936,A3
Q11937,A0
Q11938,A1
Q11939,A2
Q11940,A4
Q11941,A4
Q11942,A10
Q11943,A0
Q11944,A0
Q11945,A0
Q11946,A0
Q11947,A3
Q11948,A7
Q11949,A0
Q11950,A7
Q11951,A3
Q11952,A3
Q11953,A0
Q11954,A0
Q11955,A0
Q11956,A0
Q11957,A4
Q11958,A0
Q11959,A2
Q11960,A0
Q11961,A0
Q11962,A3
Q11963,A0
Q11964,A0
Q11965,A0
Q11966,A2
Q11967,A0
Q11968,A2
Q11969,A2
Q11970,A8
Q11971,A3
Q11972,A4
Q11973,A3
Q11974,A3
Q11975,A7
Q11976,A3
Q11977,A3
Q11978,A2
Q11979,A2
Q11980,A0
Q11981,A5
Q11982,A8
Q11983,A0
Q11984,A0
Q11985,A0
Q11986,A0
Q11987,A0
Q11988,A3
Q11989,A0
Q11990,A4
Q11991,A3
Q11992,A0
Q11993,A0
Q11994,A3
Q11995,A0
Q11996,A0
Q11997,A0
Q11998,A0
Q11999,A2
Q12000,A0
Q12001,A3
Q12002,A2
Q12003,A1
Q12004,A0
Q12005,A0
Q12006,A0
Q12007,A7
Q12008,A0
Q12009,A0
Q12010,A12
Q12011,A0
Q12012,A0
Q12013,A0
Q12014,A0
Q12015,A0
Q12016,A2
Q12017,A4
Q12018,A0
Q12019,A0
Q12020,A0
Q12021,A1
Q12022,A0
Q12023,A0
Q12024,A0
Q12025,A1
Q12026,A4
Q12027,A0
Q12028,A2
Q12029,A1
Q12030,A0
Q12031,A0
Q12032,A0
Q12033,A12
Q12034,A3
Q12035,A0
Q12036,A0
Q12037,A3
Q12038,A0
Q12039,A0
Q12040,A2
Q12041,A0
Q12042,A0
Q12043,A0
Q12044,A0
Q12045,A0
Q12046,A0
Q12047,A0
Q12048,A3
Q12049,A3
Q12050,A0
Q12051,A1
Q12052,A0
Q12053,A2
Q12054,A1
Q12055,A0
Q12056,A0
Q12057,A7
Q12058,A0
Q12059,A3
Q12060,A0
Q12061,A0
Q12062,A7
Q12063,A0
Q12064,A3
Q12065,A4
Q12066,A0
Q12067,A0
Q12068,A0
Q12069,A2
Q12070,A0
Q12071,A7
Q12072,A7
Q12073,A1
Q12074,A1
Q12075,A0
Q12076,A0
Q12077,A2
Q12078,A3
Q12079,A0
Q12080,A8
Q12081,A0
Q12082,A10
Q12083,A0
Q12084,A2
Q12085,A3
Q12086,A2
Q12087,A4
Q12088,A2
Q12089,A3
Q12090,A2
Q12091,A0
Q12092,A2
Q12093,A0
Q12094,A3
Q12095,A0
Q12096,A0
Q12097,A0
Q12098,A3
Q12099,A0
Q12100,A0
Q12101,A10
Q12102,A0
Q12103,A3
Q12104,A0
Q12105,A0
Q12106,A0
Q12107,A1
Q12108,A3
Q12109,A7
Q12110,A0
Q12111,A0
Q12112,A4
Q12113,A0
Q12114,A0
Q12115,A2
Q12116,A3
Q12117,A3
Q12118,A0
Q12119,A3
Q12120,A0
Q12121,A12
Q12122,A0
Q12123,A0
Q12124,A2
Q12125,A0
Q12126,A0
Q12127,A0
Q12128,A0
Q12129,A4
Q12130,A0
Q12131,A0
Q12132,A0
Q12133,A0
Q12134,A2
Q12135,A1
Q12136,A0
Q12137,A0
Q12138,A0
Q12139,A1
Q12140,A2
Q12141,A0
Q12142,A0
Q12143,A0
Q12144,A1
Q12145,A4
Q12146,A1
Q12147,A0
Q12148,A3
Q12149,A7
Q12150,A0
Q12151,A1
Q12152,A1
Q12153,A0
Q12154,A0
Q12155,A0
Q12156,A0
Q12157,A7
Q12158,A3
Q12159,A2
Q12160,A0
Q12161,A0
Q12162,A3
Q12163,A0
Q12164,A0
Q12165,A0
Q12166,A3
Q12167,A0
Q12168,A2
Q12169,A0
Q12170,A2
Q12171,A0
Q12172,A0
Q12173,A0
Q12174,A0
Q12175,A3
Q12176,A0
Q12177,A0
Q12178,A0
Q12179,A1
Q12180,A0
Q12181,A0
Q12182,A0
Q12183,A3
Q12184,A4
Q12185,A0
Q12186,A1
Q12187,A4
Q12188,A3
Q12189,A0
Q12190,A0
Q12191,A3
Q12192,A2
Q12193,A0
Q12194,A2
Q12195,A1
Q12196,A7
Q12197,A3
Q12198,A7
Q12199,A3
Q12200,A0
Q12201,A0
Q12202,A0
Q12203,A3
Q12204,A7
Q12205,A0
Q12206,A0
Q12207,A0
Q12208,A4
Q12209,A0
Q12210,A0
Q12211,A2
Q12212,A0
Q12213,A0
Q12214,A0
Q12215,A0
Q12216,A0
Q12217,A0
Q12218,A0
Q12219,A4
Q12220,A2
Q12221,A4
Q12222,A2
Q12223,A3
Q12224,A0
Q12225,A0
Q12226,A0
Q12227,A0
Q12228,A0
Q12229,A2
Q12230,A3
Q12231,A2
Q12232,A3
Q12233,A3
Q12234,A2
Q12235,A1
Q12236,A0
Q12237,A12
Q12238,A0
Q12239,A2
Q12240,A0
Q12241,A0
Q12242,A0
Q12243,A0
Q12244,A2
Q12245,A1
Q12246,A12
Q12247,A1
Q12248,A2
Q12249,A0
Q12250,A0
Q12251,A10
Q12252,A2
Q12253,A8
Q12254,A0
Q12255,A0
Q12256,A0
Q12257,A4
Q12258,A7
Q12259,A0
Q12260,A0
Q12261,A7
Q12262,A0
Q12263,A3
Q12264,A3
Q12265,A0
Q12266,A7
Q12267,A10
Q12268,A0
Q12269,A0
Q12270,A0
Q12271,A0
Q12272,A0
Q12273,A1
Q12274,A0
Q12275,A0
Q12276,A0
Q12277,A0
Q12278,A2
Q12279,A2
Q12280,A3
Q12281,A1
Q12282,A0
Q12283,A2
Q12284,A4
Q12285,A0
Q12286,A0
Q12287,A0
Q12288,A4
Q12289,A3
Q12290,A0
Q12291,A0
Q12292,A0
Q12293,A0
Q12294,A3
Q12295,A0
Q12296,A0
Q12297,A0
Q12298,A0
Q12299,A0
Q12300,A0
Q12301,A0
Q12302,A0
Q12303,A1
Q12304,A1
Q12305,A0
Q12306,A0
Q12307,A0
Q12308,A2
Q12309,A1
Q12310,A2
Q12311,A3
Q12312,A1
Q12313,A0
Q12314,A0
Q12315,A0
Q12316,A0
Q12317,A0
Q12318,A3
Q12319,A0
Q12320,A0
Q12321,A2
Q12322,A12
Q12323,A3
Q12324,A0
Q12325,A2
Q12326,A7
Q12327,A2
Q12328,A0
Q12329,A3
Q12330,A1
Q12331,A0
Q12332,A0
Q12333,A2
Q12334,A3
Q12335,A0
Q12336,A8
Q12337,A7
Q12338,A7
Q12339,A0
Q12340,A4
Q12341,A4
Q12342,A0
Q12343,A0
Q12344,A0
Q12345,A7
Q12346,A0
Q12347,A0
Q12348,A1
Q12349,A0
Q12350,A0
Q12351,A0
Q12352,A0
Q12353,A7
Q12354,A3
Q12355,A0
Q12356,A0
Q12357,A0
Q12358,A4
Q12359,A0
Q12360,A0
Q12361,A0
Q12362,A0
Q12363,A3
Q12364,A0
Q12365,A7
Q12366,A3
Q12367,A0
Q12368,A0
Q12369,A2
Q12370,A0
Q12371,A0
Q12372,A3
Q12373,A3
Q12374,A0
Q12375,A0
Q12376,A2
Q12377,A1
Q12378,A3
Q12379,A3
Q12380,A0
Q12381,A0
Q12382,A1
Q12383,A2
Q12384,A4
Q12385,A0
Q12386,A0
Q12387,A3
Q12388,A10
Q12389,A0
Q12390,A1
Q12391,A3
Q12392,A3
Q12393,A8
Q12394,A2
Q12395,A0
Q12396,A3
Q12397,A3
Q12398,A10
Q12399,A0
Q12400,A0
Q12401,A3
Q12402,A0
Q12403,A0
Q12404,A2
Q12405,A0
Q12406,A0
Q12407,A1
Q12408,A0
Q12409,A0
Q12410,A0
Q12411,A0
Q12412,A2
Q12413,A0
Q12414,A0
Q12415,A2
Q12416,A0
Q12417,A12
Q12418,A0
Q12419,A2
Q12420,A0
Q12421,A8
Q12422,A3
Q12423,A0
Q12424,A7
Q12425,A0
Q12426,A0
Q12427,A1
Q12428,A0
Q12429,A3
Q12430,A0
Q12431,A0
Q12432,A0
Q12433,A7
Q12434,A0
Q12435,A0
Q12436,A8
Q12437,A0
Q12438,A0
Q12439,A0
Q12440,A0
Q12441,A0
Q12442,A12
Q12443,A2
Q12444,A2
Q12445,A4
Q12446,A4
Q12447,A2
Q12448,A4
Q12449,A3
Q12450,A0
Q12451,A12
Q12452,A10
Q12453,A0
Q12454,A1
Q12455,A0
Q12456,A2
Q12457,A0
Q12458,A0
Q12459,A1
Q12460,A0
Q12461,A3
Q12462,A0
Q12463,A0
Q12464,A2
Q12465,A0
Q12466,A4
Q12467,A0
Q12468,A8
Q12469,A2
Q12470,A0
Q12471,A0
Q12472,A0
Q12473,A0
Q12474,A4
Q12475,A2
Q12476,A2
Q12477,A0
Q12478,A7
Q12479,A3
Q12480,A3
Q12481,A1
Q12482,A3
Q12483,A3
Q12484,A12
Q12485,A7
Q12486,A0
Q12487,A3
Q12488,A0
Q12489,A0
Q12490,A2
Q12491,A3
Q12492,A1
Q12493,A2
Q12494,A0
Q12495,A7
Q12496,A3
Q12497,A7
Q12498,A0
Q12499,A1
Q12500,A0
Q12501,A0
Q12502,A3
Q12503,A0
Q12504,A3
Q12505,A0
Q12506,A0
Q12507,A0
Q12508,A8
Q12509,A0
Q12510,A0
Q12511,A8
Q12512,A0
Q12513,A0
Q12514,A2
Q12515,A0
Q12516,A2
Q12517,A0
Q12518,A0
Q12519,A0
Q12520,A2
Q12521,A2
Q12522,A0
Q12523,A0
Q12524,A7
Q12525,A0
Q12526,A0
Q12527,A0
Q12528,A0
Q12529,A0
Q12530,A0
Q12531,A3
Q12532,A0
Q12533,A0
Q12534,A2
Q12535,A7
Q12536,A10
Q12537,A0
Q12538,A4
Q12539,A3
Q12540,A0
Q12541,A3
Q12542,A0
Q12543,A0
Q12544,A2
Q12545,A3
Q12546,A0
Q12547,A0
Q12548,A0
Q12549,A0
Q12550,A2
Q12551,A0
Q12552,A2
Q12553,A0
Q12554,A0
Q12555,A0
Q12556,A0
Q12557,A0
Q12558,A1
Q12559,A0
Q12560,A0
Q12561,A7
Q12562,A3
Q12563,A0
Q12564,A1
Q12565,A7
Q12566,A3
Q12567,A3
Q12568,A7
Q12569,A8
Q12570,A12
Q12571,A2
Q12572,A0
Q12573,A2
Q12574,A2
Q12575,A3
Q12576,A0
Q12577,A0
Q12578,A0
Q12579,A3
Q12580,A0
Q12581,A0
Q12582,A0
Q12583,A3
Q12584,A3
Q12585,A10
Q12586,A1
Q12587,A0
Q12588,A0
Q12589,A3
Q12590,A1
Q12591,A0
Q12592,A3
Q12593,A0
Q12594,A0
Q12595,A2
Q12596,A0
Q12597,A7
Q12598,A0
Q12599,A10
Q12600,A0
Q12601,A3
Q12602,A3
Q12603,A0
Q12604,A0
Q12605,A3
Q12606,A3
Q12607,A3
Q12608,A0
Q12609,A0
Q12610,A2
Q12611,A3
Q12612,A0
Q12613,A2
Q12614,A2
Q12615,A3
Q12616,A8
Q12617,A7
Q12618,A1
Q12619,A0
Q12620,A12
Q12621,A0
Q12622,A0
Q12623,A0
Q12624,A0
Q12625,A0
Q12626,A2
Q12627,A7
Q12628,A0
Q12629,A0
Q12630,A0
Q12631,A7
Q12632,A0
Q12633,A8
Q12634,A0
Q12635,A0
Q12636,A0
Q12637,A0
Q12638,A2
Q12639,A3
Q12640,A4
Q12641,A0
Q12642,A0
Q12643,A3
Q12644,A10
Q12645,A0
Q12646,A0
Q12647,A0
Q12648,A2
Q12649,A3
Q12650,A0
Q12651,A0
Q12652,A0
Q12653,A0
Q12654,A3
Q12655,A1
Q12656,A2
Q12657,A0
Q12658,A0
Q12659,A9
Q12660,A0
Q12661,A3
Q12662,A3
Q12663,A1
Q12664,A0
Q12665,A0
Q12666,A3
Q12667,A0
Q12668,A0
Q12669,A0
Q12670,A2
Q12671,A7
Q12672,A4
Q12673,A0
Q12674,A3
Q12675,A2
Q12676,A0
Q12677,A3
Q12678,A2
Q12679,A0
Q12680,A9
Q12681,A4
Q12682,A2
Q12683,A3
Q12684,A0
Q12685,A0
Q12686,A0
Q12687,A3
Q12688,A0
Q12689,A4
Q12690,A1
Q12691,A4
Q12692,A5
Q12693,A0
Q12694,A1
Q12695,A3
Q12696,A2
Q12697,A0
Q12698,A0
Q12699,A0
Q12700,A10
Q12701,A2
Q12702,A7
Q12703,A3
Q12704,A2
Q12705,A2
Q12706,A0
Q12707,A1
Q12708,A4
Q12709,A8
Q12710,A0
Q12711,A0
Q12712,A3
Q12713,A2
Q12714,A0
Q12715,A0
Q12716,A0
Q12717,A3
Q12718,A0
Q12719,A0
Q12720,A0
Q12721,A0
Q12722,A2
Q12723,A0
Q12724,A1
Q12725,A0
Q12726,A0
Q12727,A0
Q12728,A3
Q12729,A3
Q12730,A0
Q12731,A12
Q12732,A3
Q12733,A0
Q12734,A0
Q12735,A2
Q12736,A0
Q12737,A12
Q12738,A1
Q12739,A0
Q12740,A10
Q12741,A0
Q12742,A0
Q12743,A1
Q12744,A4
Q12745,A0
Q12746,A0
Q12747,A0
Q12748,A8
Q12749,A0
Q12750,A7
Q12751,A0
Q12752,A0
Q12753,A2
Q12754,A1
Q12755,A0
Q12756,A2
Q12757,A0
Q12758,A0
Q12759,A1
Q12760,A0
Q12761,A0
Q12762,A7
Q12763,A8
Q12764,A0
Q12765,A0
Q12766,A0
Q12767,A7
Q12768,A0
Q12769,A0
Q12770,A2
Q12771,A0
Q12772,A3
Q12773,A0
Q12774,A0
Q12775,A0
Q12776,A2
Q12777,A7
Q12778,A0
Q12779,A0
Q12780,A7
Q12781,A0
Q12782,A0
Q12783,A0
Q12784,A0
Q12785,A0
Q12786,A0
Q12787,A1
Q12788,A0
Q12789,A1
Q12790,A2
Q12791,A4
Q12792,A0
Q12793,A7
Q12794,A3
Q12795,A2
Q12796,A3
Q12797,A4
Q12798,A0
Q12799,A12
Q12800,A3
Q12801,A3
Q12802,A0
Q12803,A0
Q12804,A0
Q12805,A0
Q12806,A7
Q12807,A0
Q12808,A0
Q12809,A0
Q12810,A0
Q12811,A8
Q12812,A2
Q12813,A0
Q12814,A0
Q12815,A3
Q12816,A0
Q12817,A0
Q12818,A3
Q12819,A0
Q12820,A2
Q12821,A12
Q12822,A1
Q12823,A0
Q12824,A7
Q12825,A0
Q12826,A0
Q12827,A2
Q12828,A2
Q12829,A0
Q12830,A0
Q12831,A0
Q12832,A8
Q12833,A0
Q12834,A0
Q12835,A0
Q12836,A0
Q12837,A0
Q12838,A0
Q12839,A0
Q12840,A3
Q12841,A2
Q12842,A1
Q12843,A1
Q12844,A0
Q12845,A0
Q12846,A0
Q12847,A12
Q12848,A1
Q12849,A0
Q12850,A2
Q12851,A0
Q12852,A0
Q12853,A1
Q12854,A7
Q12855,A2
Q12856,A3
Q12857,A1
Q12858,A4
Q12859,A2
Q12860,A0
Q12861,A0
Q12862,A0
Q12863,A1
Q12864,A0
Q12865,A12
Q12866,A1
Q12867,A3
Q12868,A7
Q12869,A0
Q12870,A1
Q12871,A3
Q12872,A0
Q12873,A3
Q12874,A0
Q12875,A2
Q12876,A0
Q12877,A0
Q12878,A0
Q12879,A0
Q12880,A3
Q12881,A0
Q12882,A3
Q12883,A3
Q12884,A0
Q12885,A0
Q12886,A0
Q12887,A0
Q12888,A0
Q12889,A0
Q12890,A0
Q12891,A0
Q12892,A3
Q12893,A0
Q12894,A0
Q12895,A8
Q12896,A3
Q12897,A0
Q12898,A0
Q12899,A3
Q12900,A0
Q12901,A10
Q12902,A7
Q12903,A0
Q12904,A2
Q12905,A3
Q12906,A0
Q12907,A0
Q12908,A8
Q12909,A0
Q12910,A0
Q12911,A0
Q12912,A0
Q12913,A4
Q12914,A0
Q12915,A0
Q12916,A0
Q12917,A7
Q12918,A3
Q12919,A1
Q12920,A1
Q12921,A3
Q12922,A0
Q12923,A0
Q12924,A0
Q12925,A0
Q12926,A0
Q12927,A0
Q12928,A0
Q12929,A0
Q12930,A0
Q12931,A0
Q12932,A0
Q12933,A12
Q12934,A12
Q12935,A0
Q12936,A0
Q12937,A0
Q12938,A0
Q12939,A0
Q12940,A0
Q12941,A0
Q12942,A3
Q12943,A10
Q12944,A2
Q12945,A0
Q12946,A0
Q12947,A0
Q12948,A12
Q12949,A0
Q12950,A2
Q12951,A8
Q12952,A7
Q12953,A3
Q12954,A0
Q12955,A2
Q12956,A0
Q12957,A2
Q12958,A3
Q12959,A2
Q12960,A12
Q12961,A0
Q12962,A0
Q12963,A10
Q12964,A3
Q12965,A3
Q12966,A10
Q12967,A3
Q12968,A2
Q12969,A4
Q12970,A8
Q12971,A3
Q12972,A2
Q12973,A0
Q12974,A2
Q12975,A0
Q12976,A0
Q12977,A1
Q12978,A0
Q12979,A0
Q12980,A1
Q12981,A1
Q12982,A1
Q12983,A1
Q12984,A0
Q12985,A7
Q12986,A2
Q12987,A0
Q12988,A0
Q12989,A0
Q12990,A3
Q12991,A0
Q12992,A0
Q12993,A0
Q12994,A3
Q12995,A0
Q12996,A4
Q12997,A10
Q12998,A0
Q12999,A2
Q13000,A0
Q13001,A0
Q13002,A3
Q13003,A2
Q13004,A2
Q13005,A3
