Q0,A19
Q1,A29
Q2,A0
Q3,A11
Q4,A1
Q5,A86
Q6,A90
Q7,A28
Q8,A23
Q9,A31
Q10,A39
Q11,A96
Q12,A82
Q13,A17
Q14,A71
Q15,A39
Q16,A8
Q17,A97
Q18,A80
Q19,A71
Q20,A74
Q21,A59
Q22,A70
Q23,A87
Q24,A59
Q25,A84
Q26,A64
Q27,A52
Q28,A42
Q29,A64
Q30,A8
Q31,A17
Q32,A47
Q33,A65
Q34,A21
Q35,A22
Q36,A81
Q37,A11
Q38,A24
Q39,A84
Q40,A78
Q41,A45
Q42,A49
Q43,A97
Q44,A56
Q45,A76
Q46,A11
Q47,A90
Q48,A89
Q49,A78
Q50,A73
Q51,A14
Q52,A87
Q53,A9
Q54,A71
Q55,A6
Q56,A47
Q57,A20
Q58,A98
Q59,A47
Q60,A36
Q61,A55
Q62,A72
Q63,A43
Q64,A51
Q65,A35
Q66,A83
Q67,A33
Q68,A27
Q69,A53
Q70,A92
Q71,A50
Q72,A15
Q73,A89
Q74,A36
Q75,A18
Q76,A89
Q77,A46
Q78,A33
Q79,A42
Q80,A39
Q81,A64
Q82,A75
Q83,A38
Q84,A23
Q85,A42
Q86,A66
Q87,A77
Q88,A49
Q89,A18
Q90,A46
Q91,A15
Q92,A35
Q93,A69
Q94,A95
Q95,A83
Q96,A75
Q97,A99
Q98,A73
Q99,A93
Q100,A55
Q101,A39
Q102,A4
Q103,A97
Q104,A61
Q105,A93
Q106,A51
Q107,A69
Q108,A56
Q109,A84
Q110,A59
Q111,A64
Q112,A94
Q113,A4
Q114,A11
Q115,A33
Q116,A68
Q117,A38
Q118,A20
Q119,A33
Q120,A34
Q121,A32
Q122,A46
Q123,A53
Q124,A88
Q125,A67
Q126,A70
Q127,A64
Q128,A53
Q129,A64
Q130,A8
Q131,A96
Q132,A87
Q133,A30
Q134,A20
Q135,A30
Q136,A66
Q137,A19
Q138,A76
Q139,A87
Q140,A52
Q141,A62
Q142,A35
Q143,A63
Q144,A40
Q145,A4
Q146,A99
Q147,A63
Q148,A74
Q149,A53
Q150,A26
Q151,A95
Q152,A48
Q153,A27
Q154,A33
Q155,A29
Q156,A39
Q157,A79
Q158,A32
Q159,A46
Q160,A64
Q161,A28
Q162,A85
Q163,A32
Q164,A82
Q165,A78
Q166,A39
Q167,A54
Q168,A28
Q169,A66
Q170,A65
Q171,A72
Q172,A21
Q173,A64
Q174,A62
Q175,A72
Q176,A0
Q177,A44
Q178,A7
Q179,A12
Q180,A19
Q181,A11
Q182,A31
Q183,A61
Q184,A79
Q185,A45
Q186,A81
Q187,A79
Q188,A98
Q189,A43
Q190,A46
Q191,A67
Q192,A80
Q193,A68
Q194,A74
Q195,A48
Q196,A81
Q197,A94
Q198,A86
Q199,A69
Q200,A39
Q201,A73
Q202,A2
Q203,A46
Q204,A49
Q205,A63
Q206,A43
Q207,A14
Q208,A49
Q209,A68
Q210,A65
Q211,A41
Q212,A37
Q213,A45
Q214,A36
Q215,A21
Q216,A77
Q217,A37
Q218,A39
Q219,A8
Q220,A9
Q221,A62
Q222,A86
Q223,A39
Q224,A19
Q225,A54
Q226,A39
Q227,A28
Q228,A11
Q229,A89
Q230,A90
Q231,A90
Q232,A79
Q233,A66
Q234,A81
Q235,A21
Q236,A79
Q237,A40
Q238,A29
Q239,A22
Q240,A13
Q241,A25
Q242,A11
Q243,A38
Q244,A10
Q245,A96
Q246,A54
Q247,A65
Q248,A39
Q249,A40
Q250,A42
Q251,A48
Q252,A48
Q253,A51
Q254,A11
Q255,A23
Q256,A23
Q257,A89
Q258,A52
Q259,A46
Q260,A2
Q261,A95
Q262,A43
Q263,A86
Q264,A34
Q265,A66
Q266,A18
Q267,A46
Q268,A66
Q269,A56
Q270,A57
Q271,A1
Q272,A44
Q273,A11
Q274,A82
Q275,A23
Q276,A90
Q277,A56
Q278,A19
Q279,A68
Q280,A66
Q281,A28
Q282,A1
Q283,A57
Q284,A67
Q285,A5
Q286,A13
Q287,A78
Q288,A6
Q289,A84
Q290,A7
Q291,A41
Q292,A65
Q293,A80
Q294,A12
Q295,A50
Q296,A63
Q297,A26
Q298,A8
Q299,A53
Q300,A60
Q301,A99
Q302,A97
Q303,A85
Q304,A0
Q305,A78
Q306,A31
Q307,A10
Q308,A2
Q309,A7
Q310,A43
Q311,A83
Q312,A97
Q313,A91
Q314,A82
Q315,A28
Q316,A42
Q317,A0
Q318,A82
Q319,A5
Q320,A68
Q321,A60
Q322,A30
Q323,A98
Q324,A82
Q325,A20
Q326,A64
Q327,A66
Q328,A10
Q329,A75
Q330,A54
Q331,A57
Q332,A87
Q333,A66
Q334,A66
Q335,A73
Q336,A54
Q337,A88
Q338,A42
Q339,A37
Q340,A80
Q341,A87
Q342,A3
Q343,A29
Q344,A43
Q345,A12
Q346,A73
Q347,A96
Q348,A23
Q349,A96
Q350,A84
Q351,A19
Q352,A62
Q353,A0
Q354,A21
Q355,A11
Q356,A36
Q357,A64
Q358,A76
Q359,A60
Q360,A3
Q361,A80
Q362,A82
Q363,A79
Q364,A26
Q365,A65
Q366,A72
Q367,A11
Q368,A15
Q369,A31
Q370,A48
Q371,A12
Q372,A91
Q373,A71
Q374,A87
Q375,A77
Q376,A15
Q377,A7
Q378,A58
Q379,A51
Q380,A55
Q381,A85
Q382,A2
Q383,A3
Q384,A89
Q385,A10
Q386,A3
Q387,A11
Q388,A20
Q389,A4
Q390,A48
Q391,A27
Q392,A48
Q393,A7
Q394,A67
Q395,A3
Q396,A65
Q397,A56
Q398,A9
Q399,A44
Q400,A95
Q401,A46
Q402,A83
Q403,A40
Q404,A58
Q405,A87
Q406,A59
Q407,A18
Q408,A48
Q409,A5
Q410,A88
Q411,A26
Q412,A21
Q413,A24
Q414,A53
Q415,A68
Q416,A49
Q417,A89
Q418,A96
Q419,A92
Q420,A7
Q421,A13
Q422,A99
Q423,A49
Q424,A22
Q425,A56
Q426,A67
Q427,A13
Q428,A97
Q429,A6
Q430,A19
Q431,A76
Q432,A65
Q433,A9
Q434,A71
Q435,A63
Q436,A71
Q437,A18
Q438,A55
Q439,A34
Q440,A18
Q441,A0
Q442,A56
Q443,A23
Q444,A75
Q445,A70
Q446,A78
Q447,A45
Q448,A66
Q449,A91
Q450,A25
Q451,A58
Q452,A90
Q453,A29
Q454,A68
Q455,A35
Q456,A54
Q457,A77
Q458,A97
Q459,A0
Q460,A70
Q461,A75
Q462,A60
Q463,A65
Q464,A5
Q465,A58
Q466,A82
Q467,A49
Q468,A61
Q469,A28
Q470,A44
Q471,A56
Q472,A82
Q473,A61
Q474,A43
Q475,A20
Q476,A38
Q477,A85
Q478,A87
Q479,A49
Q480,A85
Q481,A24
Q482,A7
Q483,A88
Q484,A40
Q485,A38
Q486,A72
Q487,A56
Q488,A4
Q489,A81
Q490,A98
Q491,A97
Q492,A14
Q493,A46
Q494,A23
Q495,A89
Q496,A86
Q497,A83
Q498,A54
Q499,A27
Q500,A41
Q501,A96
Q502,A1
Q503,A81
Q504,A79
Q505,A30
Q506,A17
Q507,A14
Q508,A67
Q509,A20
Q510,A54
Q511,A92
Q512,A33
Q513,A57
Q514,A65
Q515,A49
Q516,A71
Q517,A59
Q518,A85
Q519,A22
Q520,A31
Q521,A85
Q522,A17
Q523,A42
Q524,A62
Q525,A26
Q526,A60
Q527,A27
Q528,A57
Q529,A19
Q530,A97
Q531,A88
Q532,A10
Q533,A31
Q534,A23
Q535,A84
Q536,A74
Q537,A63
Q538,A94
Q539,A77
Q540,A90
Q541,A60
Q542,A5
Q543,A1
Q544,A61
Q545,A95
Q546,A32
Q547,A95
Q548,A57
Q549,A32
Q550,A23
Q551,A39
Q552,A45
Q553,A41
Q554,A69
Q555,A89
Q556,A45
Q557,A47
Q558,A57
Q559,A11
Q560,A48
Q561,A74
Q562,A2
Q563,A11
Q564,A95
Q565,A50
Q566,A37
Q567,A59
Q568,A71
Q569,A84
Q570,A89
Q571,A84
Q572,A70
Q573,A16
Q574,A71
Q575,A8
Q576,A48
Q577,A31
Q578,A98
Q579,A32
Q580,A2
Q581,A74
Q582,A62
Q583,A71
Q584,A90
Q585,A34
Q586,A51
Q587,A0
Q588,A12
Q589,A26
Q590,A57
Q591,A62
Q592,A57
Q593,A31
Q594,A65
Q595,A32
Q596,A16
Q597,A35
Q598,A98
Q599,A11
Q600,A87
Q601,A38
Q602,A52
Q603,A89
Q604,A40
Q605,A76
Q606,A7
Q607,A54
Q608,A76
Q609,A30
Q610,A59
Q611,A84
Q612,A3
Q613,A91
Q614,A46
Q615,A65
Q616,A43
Q617,A49
Q618,A6
Q619,A33
Q620,A5
Q621,A14
Q622,A77
Q623,A44
Q624,A68
Q625,A82
Q626,A94
Q627,A66
Q628,A73
Q629,A56
Q630,A89
Q631,A53
Q632,A22
Q633,A69
Q634,A77
Q635,A84
Q636,A20
Q637,A98
Q638,A4
Q639,A69
Q640,A79
Q641,A40
Q642,A45
Q643,A1
Q644,A56
Q645,A65
Q646,A51
Q647,A5
Q648,A80
Q649,A54
Q650,A92
Q651,A4
Q652,A23
Q653,A60
Q654,A81
Q655,A77
Q656,A73
Q657,A98
Q658,A0
Q659,A14
Q660,A9
Q661,A44
Q662,A27
Q663,A8
Q664,A43
Q665,A74
Q666,A46
Q667,A94
Q668,A86
Q669,A30
Q670,A61
Q671,A57
Q672,A11
Q673,A81
Q674,A25
Q675,A81
Q676,A70
Q677,A29
Q678,A27
Q679,A3
Q680,A71
Q681,A53
Q682,A48
Q683,A19
Q684,A80
Q685,A57
Q686,A19
Q687,A59
Q688,A25
Q689,A56
Q690,A74
Q691,A32
Q692,A98
Q693,A37
Q694,A13
Q695,A45
Q696,A12
Q697,A80
Q698,A64
Q699,A16
Q700,A17
Q701,A24
Q702,A30
Q703,A25
Q704,A96
Q705,A37
Q706,A5
Q707,A98
Q708,A31
Q709,A94
Q710,A5
Q711,A29
Q712,A66
Q713,A51
Q714,A6
Q715,A67
Q716,A50
Q717,A68
Q718,A27
Q719,A62
Q720,A89
Q721,A5
Q722,A11
Q723,A13
Q724,A66
Q725,A55
Q726,A15
Q727,A62
Q728,A74
Q729,A31
Q730,A93
Q731,A59
Q732,A1
Q733,A97
Q734,A32
Q735,A39
Q736,A41
Q737,A62
Q738,A71
Q739,A70
Q740,A98
Q741,A41
Q742,A42
Q743,A70
Q744,A3
Q745,A35
Q746,A90
Q747,A22
Q748,A50
Q749,A61
Q750,A66
Q751,A92
Q752,A53
Q753,A12
Q754,A84
Q755,A33
Q756,A57
Q757,A93
Q758,A79
Q759,A69
Q760,A53
Q761,A9
Q762,A19
Q763,A6
Q764,A20
Q765,A76
Q766,A5
Q767,A98
Q768,A92
Q769,A78
Q770,A93
Q771,A79
Q772,A21
Q773,A51
Q774,A74
Q775,A76
Q776,A56
Q777,A75
Q778,A27
Q779,A22
Q780,A37
Q781,A16
Q782,A72
Q783,A81
Q784,A36
Q785,A48
Q786,A13
Q787,A56
Q788,A70
Q789,A0
Q790,A63
Q791,A90
Q792,A53
Q793,A29
Q794,A64
Q795,A2
Q796,A83
Q797,A63
Q798,A89
Q799,A14
Q800,A66
Q801,A95
Q802,A65
Q803,A85
Q804,A5
Q805,A7
Q806,A58
Q807,A61
Q808,A42
Q809,A59
Q810,A37
Q811,A12
Q812,A42
Q813,A66
Q814,A71
Q815,A40
Q816,A63
Q817,A45
Q818,A19
Q819,A33
Q820,A55
Q821,A26
Q822,A0
Q823,A60
Q824,A72
Q825,A4
Q826,A63
Q827,A76
Q828,A46
Q829,A64
Q830,A96
Q831,A69
Q832,A64
Q833,A75
Q834,A33
Q835,A36
Q836,A26
Q837,A62
Q838,A18
Q839,A48
Q840,A50
Q841,A36
Q842,A26
Q843,A28
Q844,A71
Q845,A76
Q846,A45
Q847,A52
Q848,A65
Q849,A59
Q850,A41
Q851,A69
Q852,A15
Q853,A87
Q854,A50
Q855,A11
Q856,A71
Q857,A36
Q858,A84
Q859,A73
Q860,A46
Q861,A83
Q862,A12
Q863,A79
Q864,A54
Q865,A50
Q866,A75
Q867,A72
Q868,A37
Q869,A91
Q870,A19
Q871,A82
Q872,A22
Q873,A41
Q874,A53
Q875,A14
Q876,A15
Q877,A84
Q878,A11
Q879,A35
Q880,A83
Q881,A36
Q882,A17
Q883,A74
Q884,A26
Q885,A46
Q886,A97
Q887,A85
Q888,A98
Q889,A10
Q890,A63
Q891,A72
Q892,A93
Q893,A45
Q894,A95
Q895,A68
Q896,A14
Q897,A62
Q898,A73
Q899,A62
Q900,A11
Q901,A23
Q902,A24
Q903,A97
Q904,A32
Q905,A78
Q906,A29
Q907,A54
Q908,A20
Q909,A41
Q910,A88
Q911,A34
Q912,A87
Q913,A62
Q914,A29
Q915,A0
Q916,A4
Q917,A31
Q918,A50
Q919,A33
Q920,A5
Q921,A8
Q922,A48
Q923,A71
Q924,A71
Q925,A94
Q926,A5
Q927,A15
Q928,A16
Q929,A98
Q930,A29
Q931,A42
Q932,A68
Q933,A40
Q934,A95
Q935,A85
Q936,A64
Q937,A40
Q938,A24
Q939,A3
Q940,A11
Q941,A79
Q942,A10
Q943,A3
Q944,A73
Q945,A22
Q946,A28
Q947,A70
Q948,A94
Q949,A42
Q950,A14
Q951,A4
Q952,A18
Q953,A86
Q954,A4
Q955,A32
Q956,A38
Q957,A24
Q958,A65
Q959,A75
Q960,A1
Q961,A7
Q962,A99
Q963,A58
Q964,A8
Q965,A67
Q966,A10
Q967,A44
Q968,A98
Q969,A88
Q970,A31
Q971,A83
Q972,A63
Q973,A59
Q974,A34
Q975,A81
Q976,A54
Q977,A28
Q978,A76
Q979,A84
Q980,A44
Q981,A88
Q982,A59
Q983,A65
Q984,A8
Q985,A91
Q986,A51
Q987,A42
Q988,A23
Q989,A20
Q990,A26
Q991,A77
Q992,A77
Q993,A4
Q994,A84
Q995,A4
Q996,A8
Q997,A60
Q998,A41
Q999,A96
Q1000,A54
Q1001,A30
Q1002,A51
Q1003,A35
Q1004,A11
Q1005,A18
Q1006,A47
Q1007,A89
Q1008,A63
Q1009,A6
Q1010,A32
Q1011,A26
Q1012,A30
Q1013,A42
Q1014,A67
Q1015,A7
Q1016,A12
Q1017,A1
Q1018,A37
Q1019,A30
Q1020,A53
Q1021,A98
Q1022,A76
Q1023,A8
Q1024,A36
Q1025,A67
Q1026,A91
Q1027,A67
Q1028,A33
Q1029,A82
Q1030,A93
Q1031,A84
Q1032,A52
Q1033,A84
Q1034,A90
Q1035,A7
Q1036,A33
Q1037,A78
Q1038,A66
Q1039,A9
Q1040,A12
Q1041,A27
Q1042,A44
Q1043,A18
Q1044,A63
Q1045,A75
Q1046,A95
Q1047,A50
Q1048,A59
Q1049,A63
Q1050,A45
Q1051,A28
Q1052,A19
Q1053,A50
Q1054,A7
Q1055,A27
Q1056,A92
Q1057,A53
Q1058,A64
Q1059,A53
Q1060,A41
Q1061,A44
Q1062,A39
Q1063,A73
Q1064,A61
Q1065,A43
Q1066,A80
Q1067,A35
Q1068,A85
Q1069,A71
Q1070,A21
Q1071,A36
Q1072,A53
Q1073,A67
Q1074,A90
Q1075,A74
Q1076,A34
Q1077,A14
Q1078,A46
Q1079,A55
Q1080,A37
Q1081,A80
Q1082,A73
Q1083,A86
Q1084,A12
Q1085,A44
Q1086,A75
Q1087,A24
Q1088,A67
Q1089,A24
Q1090,A80
Q1091,A51
Q1092,A5
Q1093,A71
Q1094,A53
Q1095,A90
Q1096,A74
Q1097,A49
Q1098,A51
Q1099,A73
Q1100,A17
Q1101,A67
Q1102,A54
Q1103,A54
Q1104,A54
Q1105,A81
Q1106,A2
Q1107,A64
Q1108,A90
Q1109,A35
Q1110,A24
Q1111,A71
Q1112,A92
Q1113,A38
Q1114,A8
Q1115,A90
Q1116,A15
Q1117,A50
Q1118,A44
Q1119,A88
Q1120,A68
Q1121,A47
Q1122,A84
Q1123,A64
Q1124,A80
Q1125,A34
Q1126,A51
Q1127,A85
Q1128,A52
Q1129,A1
Q1130,A61
Q1131,A26
Q1132,A48
Q1133,A24
Q1134,A7
Q1135,A78
Q1136,A82
Q1137,A87
Q1138,A13
Q1139,A68
Q1140,A49
Q1141,A90
Q1142,A77
Q1143,A82
Q1144,A54
Q1145,A32
Q1146,A98
Q1147,A49
Q1148,A4
Q1149,A50
Q1150,A15
Q1151,A93
Q1152,A41
Q1153,A37
Q1154,A89
Q1155,A24
Q1156,A19
Q1157,A80
Q1158,A8
Q1159,A6
Q1160,A59
Q1161,A13
Q1162,A12
Q1163,A31
Q1164,A77
Q1165,A9
Q1166,A71
Q1167,A56
Q1168,A97
Q1169,A63
Q1170,A48
Q1171,A90
Q1172,A15
Q1173,A10
Q1174,A3
Q1175,A65
Q1176,A13
Q1177,A19
Q1178,A54
Q1179,A58
Q1180,A4
Q1181,A63
Q1182,A63
Q1183,A31
Q1184,A26
Q1185,A68
Q1186,A86
Q1187,A45
Q1188,A93
Q1189,A94
Q1190,A87
Q1191,A24
Q1192,A60
Q1193,A38
Q1194,A80
Q1195,A2
Q1196,A47
Q1197,A54
Q1198,A2
Q1199,A15
Q1200,A87
Q1201,A6
Q1202,A45
Q1203,A40
Q1204,A93
Q1205,A4
Q1206,A69
Q1207,A93
Q1208,A23
Q1209,A51
Q1210,A20
Q1211,A58
Q1212,A80
Q1213,A5
Q1214,A30
Q1215,A88
Q1216,A41
Q1217,A76
Q1218,A63
Q1219,A7
Q1220,A74
Q1221,A75
Q1222,A45
Q1223,A80
Q1224,A93
Q1225,A68
Q1226,A52
Q1227,A55
Q1228,A46
Q1229,A44
Q1230,A12
Q1231,A54
Q1232,A88
Q1233,A5
Q1234,A56
Q1235,A26
Q1236,A40
Q1237,A59
Q1238,A0
Q1239,A27
Q1240,A74
Q1241,A81
Q1242,A18
Q1243,A33
Q1244,A86
Q1245,A68
Q1246,A95
Q1247,A67
Q1248,A78
Q1249,A11
Q1250,A45
Q1251,A61
Q1252,A16
Q1253,A80
Q1254,A15
Q1255,A8
Q1256,A41
Q1257,A25
Q1258,A83
Q1259,A70
Q1260,A37
Q1261,A75
Q1262,A93
Q1263,A26
Q1264,A78
Q1265,A51
Q1266,A35
Q1267,A98
Q1268,A80
Q1269,A38
Q1270,A59
Q1271,A15
Q1272,A66
Q1273,A18
Q1274,A74
Q1275,A12
Q1276,A58
Q1277,A90
Q1278,A62
Q1279,A19
Q1280,A21
Q1281,A52
Q1282,A40
Q1283,A3
Q1284,A17
Q1285,A27
Q1286,A60
Q1287,A13
Q1288,A52
Q1289,A99
Q1290,A8
Q1291,A98
Q1292,A34
Q1293,A28
Q1294,A97
Q1295,A54
Q1296,A82
Q1297,A94
Q1298,A49
Q1299,A31
Q1300,A16
Q1301,A21
Q1302,A4
Q1303,A35
Q1304,A95
Q1305,A94
Q1306,A89
Q1307,A41
Q1308,A4
Q1309,A50
Q1310,A53
Q1311,A98
Q1312,A86
Q1313,A65
Q1314,A65
Q1315,A31
Q1316,A29
Q1317,A79
Q1318,A43
Q1319,A9
Q1320,A6
Q1321,A7
Q1322,A80
Q1323,A29
Q1324,A3
Q1325,A38
Q1326,A85
Q1327,A91
Q1328,A98
Q1329,A28
Q1330,A50
Q1331,A70
Q1332,A33
Q1333,A21
Q1334,A48
Q1335,A60
Q1336,A19
Q1337,A50
Q1338,A3
Q1339,A63
Q1340,A25
Q1341,A59
Q1342,A86
Q1343,A77
Q1344,A92
Q1345,A1
Q1346,A38
Q1347,A72
Q1348,A24
Q1349,A85
Q1350,A3
Q1351,A1
Q1352,A5
Q1353,A89
Q1354,A25
Q1355,A10
Q1356,A67
Q1357,A48
Q1358,A92
Q1359,A62
Q1360,A26
Q1361,A21
Q1362,A8
Q1363,A58
Q1364,A58
Q1365,A12
Q1366,A46
Q1367,A53
Q1368,A11
Q1369,A34
Q1370,A12
Q1371,A71
Q1372,A85
Q1373,A64
Q1374,A44
Q1375,A9
Q1376,A64
Q1377,A20
Q1378,A59
Q1379,A75
Q1380,A26
Q1381,A45
Q1382,A25
Q1383,A20
Q1384,A12
Q1385,A77
Q1386,A5
Q1387,A94
Q1388,A27
Q1389,A40
Q1390,A73
Q1391,A95
Q1392,A67
Q1393,A44
Q1394,A34
Q1395,A81
Q1396,A1
Q1397,A24
Q1398,A85
Q1399,A15
Q1400,A37
Q1401,A15
Q1402,A82
Q1403,A28
Q1404,A80
Q1405,A69
Q1406,A84
Q1407,A91
Q1408,A41
Q1409,A7
Q1410,A56
Q1411,A5
Q1412,A81
Q1413,A83
Q1414,A16
Q1415,A6
Q1416,A40
Q1417,A64
Q1418,A12
Q1419,A15
Q1420,A69
Q1421,A3
Q1422,A58
Q1423,A73
Q1424,A72
Q1425,A20
Q1426,A53
Q1427,A53
Q1428,A66
Q1429,A81
Q1430,A43
Q1431,A52
Q1432,A71
Q1433,A17
Q1434,A49
Q1435,A94
Q1436,A31
Q1437,A61
Q1438,A38
Q1439,A86
Q1440,A79
Q1441,A5
Q1442,A22
Q1443,A45
Q1444,A28
Q1445,A33
Q1446,A39
Q1447,A34
Q1448,A38
Q1449,A79
Q1450,A54
Q1451,A98
Q1452,A17
Q1453,A74
Q1454,A18
Q1455,A35
Q1456,A44
Q1457,A8
Q1458,A24
Q1459,A64
Q1460,A28
Q1461,A37
Q1462,A94
Q1463,A37
Q1464,A84
Q1465,A69
Q1466,A94
Q1467,A33
Q1468,A56
Q1469,A66
Q1470,A19
Q1471,A25
Q1472,A34
Q1473,A46
Q1474,A6
Q1475,A76
Q1476,A90
Q1477,A30
Q1478,A71
Q1479,A5
Q1480,A29
Q1481,A81
Q1482,A99
Q1483,A94
Q1484,A70
Q1485,A86
Q1486,A23
Q1487,A25
Q1488,A93
Q1489,A10
Q1490,A71
Q1491,A30
Q1492,A96
Q1493,A77
Q1494,A39
Q1495,A57
Q1496,A24
Q1497,A90
Q1498,A95
Q1499,A75
Q1500,A42
Q1501,A57
Q1502,A90
Q1503,A84
Q1504,A14
Q1505,A20
Q1506,A24
Q1507,A57
Q1508,A61
Q1509,A84
Q1510,A5
Q1511,A2
Q1512,A80
Q1513,A86
Q1514,A74
Q1515,A42
Q1516,A60
Q1517,A7
Q1518,A11
Q1519,A47
Q1520,A11
Q1521,A25
Q1522,A30
Q1523,A59
Q1524,A24
Q1525,A38
Q1526,A60
Q1527,A69
Q1528,A51
Q1529,A56
Q1530,A26
Q1531,A64
Q1532,A91
Q1533,A56
Q1534,A91
Q1535,A29
Q1536,A91
Q1537,A64
Q1538,A27
Q1539,A78
Q1540,A25
Q1541,A42
Q1542,A49
Q1543,A15
Q1544,A55
Q1545,A50
Q1546,A33
Q1547,A92
Q1548,A33
Q1549,A99
Q1550,A34
Q1551,A9
Q1552,A61
Q1553,A17
Q1554,A64
Q1555,A8
Q1556,A37
Q1557,A86
Q1558,A21
Q1559,A33
Q1560,A15
Q1561,A92
Q1562,A59
Q1563,A41
Q1564,A8
Q1565,A1
Q1566,A61
Q1567,A52
Q1568,A95
Q1569,A71
Q1570,A43
Q1571,A59
Q1572,A76
Q1573,A90
Q1574,A85
Q1575,A74
Q1576,A98
Q1577,A54
Q1578,A61
Q1579,A10
Q1580,A70
Q1581,A24
Q1582,A41
Q1583,A74
Q1584,A27
Q1585,A44
Q1586,A15
Q1587,A10
Q1588,A72
Q1589,A75
Q1590,A23
Q1591,A49
Q1592,A7
Q1593,A57
Q1594,A33
Q1595,A15
Q1596,A58
Q1597,A18
Q1598,A27
Q1599,A6
Q1600,A6
Q1601,A24
Q1602,A52
Q1603,A90
Q1604,A85
Q1605,A11
Q1606,A71
Q1607,A90
Q1608,A51
Q1609,A70
Q1610,A49
Q1611,A44
Q1612,A30
Q1613,A37
Q1614,A17
Q1615,A94
Q1616,A59
Q1617,A45
Q1618,A57
Q1619,A78
Q1620,A47
Q1621,A43
Q1622,A33
Q1623,A94
Q1624,A37
Q1625,A75
Q1626,A0
Q1627,A67
Q1628,A47
Q1629,A80
Q1630,A60
Q1631,A27
Q1632,A31
Q1633,A41
Q1634,A57
Q1635,A57
Q1636,A4
Q1637,A3
Q1638,A88
Q1639,A50
Q1640,A99
Q1641,A81
Q1642,A62
Q1643,A60
Q1644,A48
Q1645,A10
Q1646,A80
Q1647,A62
Q1648,A35
Q1649,A90
Q1650,A3
Q1651,A24
Q1652,A1
Q1653,A3
Q1654,A52
Q1655,A50
Q1656,A66
Q1657,A37
Q1658,A71
Q1659,A33
Q1660,A82
Q1661,A61
Q1662,A28
Q1663,A85
Q1664,A2
Q1665,A47
Q1666,A6
Q1667,A79
Q1668,A52
Q1669,A25
Q1670,A47
Q1671,A89
Q1672,A21
Q1673,A68
Q1674,A42
Q1675,A36
Q1676,A15
Q1677,A69
Q1678,A72
Q1679,A55
Q1680,A23
Q1681,A36
Q1682,A64
Q1683,A47
Q1684,A57
Q1685,A90
Q1686,A90
Q1687,A97
Q1688,A87
Q1689,A35
Q1690,A69
Q1691,A65
Q1692,A77
Q1693,A35
Q1694,A83
Q1695,A62
Q1696,A2
Q1697,A31
Q1698,A50
Q1699,A6
Q1700,A72
Q1701,A56
Q1702,A21
Q1703,A47
Q1704,A64
Q1705,A2
Q1706,A26
Q1707,A85
Q1708,A91
Q1709,A72
Q1710,A79
Q1711,A30
Q1712,A1
Q1713,A88
Q1714,A95
Q1715,A55
Q1716,A64
Q1717,A34
Q1718,A24
Q1719,A28
Q1720,A97
Q1721,A87
Q1722,A23
Q1723,A83
Q1724,A17
Q1725,A91
Q1726,A52
Q1727,A15
Q1728,A12
Q1729,A4
Q1730,A75
Q1731,A70
Q1732,A32
Q1733,A97
Q1734,A39
Q1735,A5
Q1736,A77
Q1737,A47
Q1738,A65
Q1739,A52
Q1740,A58
Q1741,A33
Q1742,A61
Q1743,A16
Q1744,A90
Q1745,A42
Q1746,A13
Q1747,A8
Q1748,A87
Q1749,A32
Q1750,A52
Q1751,A74
Q1752,A9
Q1753,A16
Q1754,A62
Q1755,A5
Q1756,A92
Q1757,A35
Q1758,A14
Q1759,A32
Q1760,A16
Q1761,A97
Q1762,A6
Q1763,A26
Q1764,A33
Q1765,A47
Q1766,A88
Q1767,A4
Q1768,A20
Q1769,A41
Q1770,A97
Q1771,A27
Q1772,A98
Q1773,A57
Q1774,A64
Q1775,A84
Q1776,A26
Q1777,A12
Q1778,A2
Q1779,A13
Q1780,A42
Q1781,A16
Q1782,A27
Q1783,A56
Q1784,A2
Q1785,A73
Q1786,A47
Q1787,A49
Q1788,A23
Q1789,A88
Q1790,A85
Q1791,A89
Q1792,A16
Q1793,A71
Q1794,A21
Q1795,A27
Q1796,A67
Q1797,A93
Q1798,A35
Q1799,A10
Q1800,A93
Q1801,A89
Q1802,A17
Q1803,A26
Q1804,A2
Q1805,A12
Q1806,A61
Q1807,A52
Q1808,A1
Q1809,A86
Q1810,A64
Q1811,A78
Q1812,A9
Q1813,A51
Q1814,A65
Q1815,A92
Q1816,A89
Q1817,A13
Q1818,A8
Q1819,A20
Q1820,A64
Q1821,A19
Q1822,A56
Q1823,A96
Q1824,A68
Q1825,A92
Q1826,A31
Q1827,A20
Q1828,A0
Q1829,A93
Q1830,A37
Q1831,A68
Q1832,A58
Q1833,A16
Q1834,A29
Q1835,A65
Q1836,A14
Q1837,A2
Q1838,A95
Q1839,A58
Q1840,A33
Q1841,A48
Q1842,A78
Q1843,A1
Q1844,A59
Q1845,A29
Q1846,A51
Q1847,A69
Q1848,A96
Q1849,A87
Q1850,A19
Q1851,A22
Q1852,A35
Q1853,A46
Q1854,A82
Q1855,A68
Q1856,A42
Q1857,A83
Q1858,A5
Q1859,A18
Q1860,A98
Q1861,A46
Q1862,A56
Q1863,A24
Q1864,A47
Q1865,A44
Q1866,A85
Q1867,A77
Q1868,A58
Q1869,A55
Q1870,A35
Q1871,A46
Q1872,A99
Q1873,A35
Q1874,A55
Q1875,A53
Q1876,A9
Q1877,A12
Q1878,A36
Q1879,A2
Q1880,A78
Q1881,A69
Q1882,A43
Q1883,A84
Q1884,A87
Q1885,A48
Q1886,A36
Q1887,A84
Q1888,A54
Q1889,A18
Q1890,A92
Q1891,A26
Q1892,A4
Q1893,A93
Q1894,A62
Q1895,A2
Q1896,A70
Q1897,A10
Q1898,A16
Q1899,A2
Q1900,A14
Q1901,A52
Q1902,A21
Q1903,A98
Q1904,A29
Q1905,A55
Q1906,A80
Q1907,A13
Q1908,A46
Q1909,A60
Q1910,A26
Q1911,A51
Q1912,A91
Q1913,A82
Q1914,A73
Q1915,A37
Q1916,A11
Q1917,A65
Q1918,A56
Q1919,A82
Q1920,A28
Q1921,A24
Q1922,A89
Q1923,A63
Q1924,A63
Q1925,A3
Q1926,A25
Q1927,A59
Q1928,A64
Q1929,A4
Q1930,A14
Q1931,A66
Q1932,A40
Q1933,A58
Q1934,A65
Q1935,A14
Q1936,A7
Q1937,A64
Q1938,A34
Q1939,A59
Q1940,A27
Q1941,A86
Q1942,A48
Q1943,A81
Q1944,A99
Q1945,A83
Q1946,A73
Q1947,A19
Q1948,A62
Q1949,A52
Q1950,A60
Q1951,A34
Q1952,A41
Q1953,A36
Q1954,A25
Q1955,A21
Q1956,A90
Q1957,A85
Q1958,A51
Q1959,A24
Q1960,A17
Q1961,A3
Q1962,A9
Q1963,A75
Q1964,A48
Q1965,A48
Q1966,A52
Q1967,A21
Q1968,A32
Q1969,A34
Q1970,A99
Q1971,A28
Q1972,A92
Q1973,A67
Q1974,A5
Q1975,A16
Q1976,A25
Q1977,A79
Q1978,A66
Q1979,A0
Q1980,A47
Q1981,A7
Q1982,A65
Q1983,A44
Q1984,A13
Q1985,A17
Q1986,A11
Q1987,A71
Q1988,A31
Q1989,A10
Q1990,A40
Q1991,A13
Q1992,A46
Q1993,A1
Q1994,A51
Q1995,A3
Q1996,A77
Q1997,A86
Q1998,A45
Q1999,A80
Q2000,A59
Q2001,A56
Q2002,A86
Q2003,A18
Q2004,A16
Q2005,A69
Q2006,A6
Q2007,A26
Q2008,A87
Q2009,A2
Q2010,A8
Q2011,A11
Q2012,A85
Q2013,A84
Q2014,A31
Q2015,A36
Q2016,A46
Q2017,A6
Q2018,A86
Q2019,A75
Q2020,A20
Q2021,A25
Q2022,A36
Q2023,A57
Q2024,A53
Q2025,A95
Q2026,A98
Q2027,A95
Q2028,A95
Q2029,A55
Q2030,A58
Q2031,A21
Q2032,A87
Q2033,A32
Q2034,A90
Q2035,A37
Q2036,A69
Q2037,A42
Q2038,A63
Q2039,A84
Q2040,A93
Q2041,A30
Q2042,A47
Q2043,A72
Q2044,A28
Q2045,A80
Q2046,A94
Q2047,A46
Q2048,A23
Q2049,A85
Q2050,A41
Q2051,A2
Q2052,A91
Q2053,A22
Q2054,A60
Q2055,A41
Q2056,A96
Q2057,A52
Q2058,A78
Q2059,A36
Q2060,A20
Q2061,A73
Q2062,A67
Q2063,A50
Q2064,A93
Q2065,A37
Q2066,A31
Q2067,A40
Q2068,A91
Q2069,A30
Q2070,A50
Q2071,A33
Q2072,A25
Q2073,A35
Q2074,A70
Q2075,A89
Q2076,A0
Q2077,A37
Q2078,A10
Q2079,A8
Q2080,A28
Q2081,A79
Q2082,A55
Q2083,A70
Q2084,A92
Q2085,A3
Q2086,A76
Q2087,A57
Q2088,A35
Q2089,A63
Q2090,A47
Q2091,A32
Q2092,A27
Q2093,A11
Q2094,A60
Q2095,A62
Q2096,A66
Q2097,A81
Q2098,A33
Q2099,A33
Q2100,A97
Q2101,A92
Q2102,A89
Q2103,A98
Q2104,A79
Q2105,A8
Q2106,A98
Q2107,A5
Q2108,A96
Q2109,A83
Q2110,A73
Q2111,A77
Q2112,A57
Q2113,A89
Q2114,A38
Q2115,A85
Q2116,A68
Q2117,A73
Q2118,A47
Q2119,A23
Q2120,A24
Q2121,A6
Q2122,A99
Q2123,A41
Q2124,A1
Q2125,A18
Q2126,A0
Q2127,A10
Q2128,A21
Q2129,A40
Q2130,A61
Q2131,A46
Q2132,A81
Q2133,A94
Q2134,A64
Q2135,A22
Q2136,A93
Q2137,A36
Q2138,A99
Q2139,A4
Q2140,A31
Q2141,A29
Q2142,A93
Q2143,A53
Q2144,A71
Q2145,A96
Q2146,A78
Q2147,A82
Q2148,A22
Q2149,A7
Q2150,A87
Q2151,A64
Q2152,A69
Q2153,A74
Q2154,A99
Q2155,A67
Q2156,A81
Q2157,A63
Q2158,A85
Q2159,A64
Q2160,A94
Q2161,A7
Q2162,A40
Q2163,A8
Q2164,A7
Q2165,A30
Q2166,A31
Q2167,A14
Q2168,A40
Q2169,A73
Q2170,A27
Q2171,A86
Q2172,A9
Q2173,A71
Q2174,A83
Q2175,A65
Q2176,A38
Q2177,A66
Q2178,A28
Q2179,A46
Q2180,A64
Q2181,A49
Q2182,A14
Q2183,A14
Q2184,A84
Q2185,A14
Q2186,A17
Q2187,A31
Q2188,A37
Q2189,A12
Q2190,A84
Q2191,A66
Q2192,A2
Q2193,A21
Q2194,A40
Q2195,A85
Q2196,A56
Q2197,A97
Q2198,A70
Q2199,A85
Q2200,A43
Q2201,A35
Q2202,A85
Q2203,A55
Q2204,A7
Q2205,A57
Q2206,A40
Q2207,A85
Q2208,A19
Q2209,A53
Q2210,A98
Q2211,A61
Q2212,A22
Q2213,A39
Q2214,A39
Q2215,A85
Q2216,A62
Q2217,A1
Q2218,A75
Q2219,A49
Q2220,A71
Q2221,A85
Q2222,A32
Q2223,A85
Q2224,A40
Q2225,A21
Q2226,A45
Q2227,A3
Q2228,A63
Q2229,A35
Q2230,A32
Q2231,A27
Q2232,A23
Q2233,A49
Q2234,A37
Q2235,A86
Q2236,A49
Q2237,A10
Q2238,A30
Q2239,A55
Q2240,A50
Q2241,A3
Q2242,A54
Q2243,A92
Q2244,A73
Q2245,A23
Q2246,A94
Q2247,A71
Q2248,A69
Q2249,A9
Q2250,A1
Q2251,A22
Q2252,A53
Q2253,A37
Q2254,A66
Q2255,A56
Q2256,A37
Q2257,A31
Q2258,A97
Q2259,A99
Q2260,A69
Q2261,A79
Q2262,A49
Q2263,A81
Q2264,A0
Q2265,A49
Q2266,A31
Q2267,A38
Q2268,A41
Q2269,A12
Q2270,A11
Q2271,A20
Q2272,A50
Q2273,A51
Q2274,A36
Q2275,A84
Q2276,A77
Q2277,A73
Q2278,A47
Q2279,A92
Q2280,A89
Q2281,A27
Q2282,A79
Q2283,A71
Q2284,A33
Q2285,A96
Q2286,A64
Q2287,A37
Q2288,A44
Q2289,A51
Q2290,A59
Q2291,A45
Q2292,A73
Q2293,A11
Q2294,A49
Q2295,A62
Q2296,A48
Q2297,A69
Q2298,A94
Q2299,A43
Q2300,A39
Q2301,A28
Q2302,A62
Q2303,A30
Q2304,A28
Q2305,A64
Q2306,A85
Q2307,A41
Q2308,A52
Q2309,A94
Q2310,A17
Q2311,A39
Q2312,A40
Q2313,A63
Q2314,A90
Q2315,A51
Q2316,A61
Q2317,A98
Q2318,A36
Q2319,A48
Q2320,A57
Q2321,A70
Q2322,A80
Q2323,A65
Q2324,A34
Q2325,A73
Q2326,A67
Q2327,A56
Q2328,A66
Q2329,A80
Q2330,A68
Q2331,A83
Q2332,A43
Q2333,A57
Q2334,A87
Q2335,A21
Q2336,A61
Q2337,A28
Q2338,A66
Q2339,A42
Q2340,A27
Q2341,A40
Q2342,A10
Q2343,A14
Q2344,A47
Q2345,A5
Q2346,A83
Q2347,A26
Q2348,A38
Q2349,A60
Q2350,A53
Q2351,A83
Q2352,A2
Q2353,A86
Q2354,A60
Q2355,A78
Q2356,A7
Q2357,A85
Q2358,A66
Q2359,A96
Q2360,A55
Q2361,A49
Q2362,A76
Q2363,A38
Q2364,A80
Q2365,A32
Q2366,A24
Q2367,A44
Q2368,A1
Q2369,A21
Q2370,A19
Q2371,A57
Q2372,A49
Q2373,A79
Q2374,A43
Q2375,A5
Q2376,A84
Q2377,A81
Q2378,A86
Q2379,A53
Q2380,A3
Q2381,A51
Q2382,A34
Q2383,A46
Q2384,A45
Q2385,A80
Q2386,A7
Q2387,A10
Q2388,A43
Q2389,A60
Q2390,A41
Q2391,A28
Q2392,A96
Q2393,A88
Q2394,A23
Q2395,A20
Q2396,A58
Q2397,A53
Q2398,A15
Q2399,A98
Q2400,A47
Q2401,A86
Q2402,A52
Q2403,A30
Q2404,A35
Q2405,A88
Q2406,A21
Q2407,A53
Q2408,A28
Q2409,A19
Q2410,A73
Q2411,A78
Q2412,A3
Q2413,A30
Q2414,A38
Q2415,A36
Q2416,A87
Q2417,A55
Q2418,A5
Q2419,A11
Q2420,A83
Q2421,A3
Q2422,A62
Q2423,A11
Q2424,A65
Q2425,A37
Q2426,A85
Q2427,A90
Q2428,A23
Q2429,A4
Q2430,A54
Q2431,A54
Q2432,A74
Q2433,A50
Q2434,A18
Q2435,A18
Q2436,A58
Q2437,A80
Q2438,A25
Q2439,A26
Q2440,A46
Q2441,A14
Q2442,A51
Q2443,A7
Q2444,A49
Q2445,A73
Q2446,A29
Q2447,A66
Q2448,A33
Q2449,A55
Q2450,A68
Q2451,A66
Q2452,A52
Q2453,A57
Q2454,A19
Q2455,A24
Q2456,A38
Q2457,A55
Q2458,A44
Q2459,A3
Q2460,A70
Q2461,A85
Q2462,A63
Q2463,A72
Q2464,A29
Q2465,A40
Q2466,A70
Q2467,A78
Q2468,A42
Q2469,A43
Q2470,A47
Q2471,A13
Q2472,A32
Q2473,A26
Q2474,A91
Q2475,A41
Q2476,A51
Q2477,A46
Q2478,A80
Q2479,A14
Q2480,A90
Q2481,A26
Q2482,A56
Q2483,A12
Q2484,A74
Q2485,A44
Q2486,A94
Q2487,A92
Q2488,A78
Q2489,A87
Q2490,A50
Q2491,A99
Q2492,A32
Q2493,A67
Q2494,A94
Q2495,A21
Q2496,A53
Q2497,A7
Q2498,A40
Q2499,A48
Q2500,A0
Q2501,A28
Q2502,A15
Q2503,A22
Q2504,A50
Q2505,A36
Q2506,A44
Q2507,A34
Q2508,A70
Q2509,A12
Q2510,A20
Q2511,A30
Q2512,A42
Q2513,A61
Q2514,A91
Q2515,A66
Q2516,A60
Q2517,A5
Q2518,A6
Q2519,A27
Q2520,A77
Q2521,A32
Q2522,A66
Q2523,A91
Q2524,A61
Q2525,A48
Q2526,A27
Q2527,A28
Q2528,A64
Q2529,A70
Q2530,A59
Q2531,A0
Q2532,A69
Q2533,A64
Q2534,A44
Q2535,A32
Q2536,A38
Q2537,A0
Q2538,A33
Q2539,A71
Q2540,A45
Q2541,A30
Q2542,A82
Q2543,A96
Q2544,A82
Q2545,A96
Q2546,A67
Q2547,A94
Q2548,A31
Q2549,A3
Q2550,A64
Q2551,A41
Q2552,A96
Q2553,A80
Q2554,A18
Q2555,A21
Q2556,A15
Q2557,A18
Q2558,A33
Q2559,A10
Q2560,A18
Q2561,A55
Q2562,A94
Q2563,A58
Q2564,A70
Q2565,A99
Q2566,A32
Q2567,A38
Q2568,A58
Q2569,A30
Q2570,A35
Q2571,A75
Q2572,A68
Q2573,A94
Q2574,A72
Q2575,A62
Q2576,A44
Q2577,A40
Q2578,A25
Q2579,A27
Q2580,A78
Q2581,A76
Q2582,A4
Q2583,A27
Q2584,A22
Q2585,A35
Q2586,A80
Q2587,A20
Q2588,A11
Q2589,A94
Q2590,A26
Q2591,A1
Q2592,A87
Q2593,A18
Q2594,A42
Q2595,A43
Q2596,A81
Q2597,A89
Q2598,A48
Q2599,A8
Q2600,A10
Q2601,A4
Q2602,A33
Q2603,A80
Q2604,A20
Q2605,A51
Q2606,A23
Q2607,A31
Q2608,A94
Q2609,A23
Q2610,A91
Q2611,A73
Q2612,A49
Q2613,A33
Q2614,A71
Q2615,A87
Q2616,A16
Q2617,A79
Q2618,A43
Q2619,A84
Q2620,A6
Q2621,A66
Q2622,A29
Q2623,A28
Q2624,A96
Q2625,A54
Q2626,A13
Q2627,A20
Q2628,A69
Q2629,A72
Q2630,A78
Q2631,A58
Q2632,A63
Q2633,A99
Q2634,A73
Q2635,A51
Q2636,A86
Q2637,A97
Q2638,A96
Q2639,A78
Q2640,A0
Q2641,A91
Q2642,A54
Q2643,A71
Q2644,A16
Q2645,A51
Q2646,A58
Q2647,A9
Q2648,A34
Q2649,A6
Q2650,A38
Q2651,A36
Q2652,A46
Q2653,A20
Q2654,A13
Q2655,A20
Q2656,A77
Q2657,A62
Q2658,A16
Q2659,A88
Q2660,A87
Q2661,A57
Q2662,A97
Q2663,A45
Q2664,A1
Q2665,A77
Q2666,A83
Q2667,A47
Q2668,A2
Q2669,A41
Q2670,A68
Q2671,A18
Q2672,A75
Q2673,A38
Q2674,A70
Q2675,A38
Q2676,A16
Q2677,A96
Q2678,A92
Q2679,A57
Q2680,A88
Q2681,A95
Q2682,A61
Q2683,A57
Q2684,A66
Q2685,A64
Q2686,A52
Q2687,A24
Q2688,A59
Q2689,A35
Q2690,A25
Q2691,A13
Q2692,A18
Q2693,A20
Q2694,A64
Q2695,A21
Q2696,A13
Q2697,A19
Q2698,A3
Q2699,A34
Q2700,A96
Q2701,A54
Q2702,A53
Q2703,A38
Q2704,A37
Q2705,A62
Q2706,A46
Q2707,A11
Q2708,A53
Q2709,A97
Q2710,A3
Q2711,A4
Q2712,A43
Q2713,A89
Q2714,A90
Q2715,A44
Q2716,A63
Q2717,A11
Q2718,A63
Q2719,A96
Q2720,A46
Q2721,A74
Q2722,A70
Q2723,A86
Q2724,A15
Q2725,A93
Q2726,A34
Q2727,A29
Q2728,A63
Q2729,A2
Q2730,A29
Q2731,A95
Q2732,A41
Q2733,A37
Q2734,A85
Q2735,A63
Q2736,A95
Q2737,A49
Q2738,A21
Q2739,A68
Q2740,A68
Q2741,A98
Q2742,A67
Q2743,A55
Q2744,A83
Q2745,A63
Q2746,A44
Q2747,A20
Q2748,A44
Q2749,A14
Q2750,A58
Q2751,A76
Q2752,A22
Q2753,A82
Q2754,A68
Q2755,A54
Q2756,A36
Q2757,A39
Q2758,A20
Q2759,A14
Q2760,A25
Q2761,A97
Q2762,A56
Q2763,A64
Q2764,A56
Q2765,A84
Q2766,A85
Q2767,A19
Q2768,A57
Q2769,A4
Q2770,A76
Q2771,A67
Q2772,A63
Q2773,A3
Q2774,A88
Q2775,A76
Q2776,A35
Q2777,A21
Q2778,A18
Q2779,A14
Q2780,A89
Q2781,A33
Q2782,A72
Q2783,A5
Q2784,A17
Q2785,A67
Q2786,A76
Q2787,A1
Q2788,A58
Q2789,A61
Q2790,A48
Q2791,A80
Q2792,A76
Q2793,A22
Q2794,A85
Q2795,A63
Q2796,A51
Q2797,A37
Q2798,A67
Q2799,A29
Q2800,A47
Q2801,A60
Q2802,A38
Q2803,A76
Q2804,A92
Q2805,A25
Q2806,A71
Q2807,A18
Q2808,A39
Q2809,A64
Q2810,A27
Q2811,A18
Q2812,A42
Q2813,A83
Q2814,A92
Q2815,A68
Q2816,A67
Q2817,A40
Q2818,A41
Q2819,A18
Q2820,A51
Q2821,A85
Q2822,A84
Q2823,A39
Q2824,A60
Q2825,A90
Q2826,A58
Q2827,A35
Q2828,A62
Q2829,A83
Q2830,A39
Q2831,A47
Q2832,A46
Q2833,A61
Q2834,A59
Q2835,A99
Q2836,A47
Q2837,A64
Q2838,A8
Q2839,A27
Q2840,A69
Q2841,A81
Q2842,A78
Q2843,A56
Q2844,A49
Q2845,A64
Q2846,A84
Q2847,A90
Q2848,A28
Q2849,A72
Q2850,A22
Q2851,A79
Q2852,A8
Q2853,A56
Q2854,A18
Q2855,A32
Q2856,A5
Q2857,A5
Q2858,A2
Q2859,A73
Q2860,A67
Q2861,A76
Q2862,A49
Q2863,A83
Q2864,A17
Q2865,A13
Q2866,A4
Q2867,A58
Q2868,A16
Q2869,A53
Q2870,A61
Q2871,A79
Q2872,A84
Q2873,A41
Q2874,A58
Q2875,A58
Q2876,A40
Q2877,A23
Q2878,A33
Q2879,A30
Q2880,A29
Q2881,A29
Q2882,A51
Q2883,A54
Q2884,A43
Q2885,A76
Q2886,A36
Q2887,A63
Q2888,A16
Q2889,A23
Q2890,A44
Q2891,A43
Q2892,A32
Q2893,A28
Q2894,A46
Q2895,A78
Q2896,A99
Q2897,A43
Q2898,A3
Q2899,A95
Q2900,A63
Q2901,A27
Q2902,A2
Q2903,A92
Q2904,A46
Q2905,A89
Q2906,A67
Q2907,A88
Q2908,A1
Q2909,A56
Q2910,A38
Q2911,A16
Q2912,A29
Q2913,A44
Q2914,A74
Q2915,A87
Q2916,A78
Q2917,A96
Q2918,A56
Q2919,A68
Q2920,A49
Q2921,A9
Q2922,A95
Q2923,A85
Q2924,A55
Q2925,A2
Q2926,A51
Q2927,A34
Q2928,A66
Q2929,A55
Q2930,A53
Q2931,A69
Q2932,A38
Q2933,A98
Q2934,A74
Q2935,A75
Q2936,A0
Q2937,A58
Q2938,A80
Q2939,A38
Q2940,A16
Q2941,A38
Q2942,A74
Q2943,A4
Q2944,A13
Q2945,A71
Q2946,A39
Q2947,A55
Q2948,A37
Q2949,A4
Q2950,A53
Q2951,A96
Q2952,A48
Q2953,A84
Q2954,A35
Q2955,A99
Q2956,A68
Q2957,A79
Q2958,A72
Q2959,A94
Q2960,A96
Q2961,A77
Q2962,A77
Q2963,A38
Q2964,A9
Q2965,A37
Q2966,A72
Q2967,A87
Q2968,A75
Q2969,A80
Q2970,A59
Q2971,A62
Q2972,A65
Q2973,A8
Q2974,A67
Q2975,A40
Q2976,A97
Q2977,A32
Q2978,A52
Q2979,A14
Q2980,A42
Q2981,A41
Q2982,A37
Q2983,A87
Q2984,A39
Q2985,A53
Q2986,A73
Q2987,A59
Q2988,A77
Q2989,A73
Q2990,A70
Q2991,A16
Q2992,A68
Q2993,A55
Q2994,A32
Q2995,A99
Q2996,A87
Q2997,A70
Q2998,A1
Q2999,A35
Q3000,A73
Q3001,A28
Q3002,A78
Q3003,A62
Q3004,A22
Q3005,A94
Q3006,A15
Q3007,A0
Q3008,A97
Q3009,A81
Q3010,A53
Q3011,A98
Q3012,A35
Q3013,A28
Q3014,A69
Q3015,A97
Q3016,A28
Q3017,A67
Q3018,A64
Q3019,A34
Q3020,A70
Q3021,A45
Q3022,A75
Q3023,A73
Q3024,A30
Q3025,A71
Q3026,A80
Q3027,A63
Q3028,A85
Q3029,A49
Q3030,A43
Q3031,A6
Q3032,A78
Q3033,A20
Q3034,A89
Q3035,A74
Q3036,A25
Q3037,A11
Q3038,A91
Q3039,A99
Q3040,A82
Q3041,A23
Q3042,A14
Q3043,A21
Q3044,A56
Q3045,A86
Q3046,A19
Q3047,A71
Q3048,A47
Q3049,A14
Q3050,A77
Q3051,A58
Q3052,A55
Q3053,A8
Q3054,A40
Q3055,A71
Q3056,A42
Q3057,A0
Q3058,A97
Q3059,A10
Q3060,A41
Q3061,A53
Q3062,A72
Q3063,A32
Q3064,A12
Q3065,A63
Q3066,A84
Q3067,A4
Q3068,A91
Q3069,A83
Q3070,A51
Q3071,A85
Q3072,A2
Q3073,A45
Q3074,A3
Q3075,A76
Q3076,A63
Q3077,A34
Q3078,A61
Q3079,A17
Q3080,A4
Q3081,A99
Q3082,A21
Q3083,A3
Q3084,A60
Q3085,A32
Q3086,A79
Q3087,A7
Q3088,A60
Q3089,A76
Q3090,A76
Q3091,A63
Q3092,A97
Q3093,A40
Q3094,A27
Q3095,A80
Q3096,A13
Q3097,A33
Q3098,A45
Q3099,A77
Q3100,A41
Q3101,A71
Q3102,A53
Q3103,A55
Q3104,A73
Q3105,A65
Q3106,A31
Q3107,A4
Q3108,A40
Q3109,A70
Q3110,A22
Q3111,A34
Q3112,A2
Q3113,A52
Q3114,A18
Q3115,A87
Q3116,A66
Q3117,A20
Q3118,A70
Q3119,A53
Q3120,A20
Q3121,A99
Q3122,A33
Q3123,A76
Q3124,A3
Q3125,A46
Q3126,A54
Q3127,A49
Q3128,A40
Q3129,A69
Q3130,A38
Q3131,A35
Q3132,A9
Q3133,A75
Q3134,A32
Q3135,A58
Q3136,A31
Q3137,A35
Q3138,A53
Q3139,A79
Q3140,A90
Q3141,A62
Q3142,A75
Q3143,A24
Q3144,A91
Q3145,A3
Q3146,A55
Q3147,A35
Q3148,A91
Q3149,A89
Q3150,A64
Q3151,A66
Q3152,A7
Q3153,A73
Q3154,A61
Q3155,A79
Q3156,A56
Q3157,A68
Q3158,A20
Q3159,A58
Q3160,A5
Q3161,A88
Q3162,A48
Q3163,A52
Q3164,A90
Q3165,A59
Q3166,A15
Q3167,A77
Q3168,A1
Q3169,A61
Q3170,A68
Q3171,A29
Q3172,A42
Q3173,A28
Q3174,A15
Q3175,A66
Q3176,A28
Q3177,A94
Q3178,A57
Q3179,A80
Q3180,A36
Q3181,A34
Q3182,A32
Q3183,A83
Q3184,A94
Q3185,A41
Q3186,A38
Q3187,A13
Q3188,A64
Q3189,A47
Q3190,A95
Q3191,A95
Q3192,A15
Q3193,A3
Q3194,A9
Q3195,A51
Q3196,A52
Q3197,A20
Q3198,A10
Q3199,A83
Q3200,A33
Q3201,A26
Q3202,A73
Q3203,A19
Q3204,A52
Q3205,A90
Q3206,A65
Q3207,A71
Q3208,A68
Q3209,A53
Q3210,A36
Q3211,A31
Q3212,A33
Q3213,A4
Q3214,A28
Q3215,A64
Q3216,A63
Q3217,A70
Q3218,A84
Q3219,A78
Q3220,A64
Q3221,A82
Q3222,A78
Q3223,A6
Q3224,A7
Q3225,A29
Q3226,A9
Q3227,A11
Q3228,A8
Q3229,A50
Q3230,A4
Q3231,A83
Q3232,A81
Q3233,A76
Q3234,A62
Q3235,A27
Q3236,A33
Q3237,A7
Q3238,A87
Q3239,A7
Q3240,A27
Q3241,A23
Q3242,A45
Q3243,A45
Q3244,A15
Q3245,A76
Q3246,A58
Q3247,A58
Q3248,A43
Q3249,A61
Q3250,A29
Q3251,A63
Q3252,A18
Q3253,A11
Q3254,A98
Q3255,A19
Q3256,A75
Q3257,A7
Q3258,A10
Q3259,A23
Q3260,A64
Q3261,A24
Q3262,A88
Q3263,A5
Q3264,A64
Q3265,A83
Q3266,A71
Q3267,A13
Q3268,A30
Q3269,A79
Q3270,A99
Q3271,A36
Q3272,A98
Q3273,A55
Q3274,A38
Q3275,A1
Q3276,A45
Q3277,A21
Q3278,A12
Q3279,A92
Q3280,A43
Q3281,A47
Q3282,A52
Q3283,A34
Q3284,A87
Q3285,A7
Q3286,A8
Q3287,A12
Q3288,A23
Q3289,A98
Q3290,A61
Q3291,A99
Q3292,A54
Q3293,A22
Q3294,A0
Q3295,A89
Q3296,A44
Q3297,A30
Q3298,A71
Q3299,A77
Q3300,A13
Q3301,A77
Q3302,A79
Q3303,A97
Q3304,A29
Q3305,A31
Q3306,A99
Q3307,A39
Q3308,A90
Q3309,A61
Q3310,A4
Q3311,A99
Q3312,A15
Q3313,A51
Q3314,A82
Q3315,A87
Q3316,A59
Q3317,A28
Q3318,A86
Q3319,A80
Q3320,A84
Q3321,A95
Q3322,A32
Q3323,A37
Q3324,A28
Q3325,A73
Q3326,A78
Q3327,A47
Q3328,A26
Q3329,A72
Q3330,A89
Q3331,A80
Q3332,A0
Q3333,A79
Q3334,A86
Q3335,A81
Q3336,A88
Q3337,A58
Q3338,A91
Q3339,A63
Q3340,A82
Q3341,A75
Q3342,A60
Q3343,A18
Q3344,A81
Q3345,A35
Q3346,A66
Q3347,A89
Q3348,A24
Q3349,A46
Q3350,A16
Q3351,A35
Q3352,A22
Q3353,A30
Q3354,A99
Q3355,A53
Q3356,A27
Q3357,A26
Q3358,A77
Q3359,A73
Q3360,A99
Q3361,A65
Q3362,A55
Q3363,A94
Q3364,A14
Q3365,A42
Q3366,A44
Q3367,A30
Q3368,A26
Q3369,A81
Q3370,A55
Q3371,A9
Q3372,A88
Q3373,A33
Q3374,A15
Q3375,A7
Q3376,A50
Q3377,A68
Q3378,A57
Q3379,A10
Q3380,A10
Q3381,A12
Q3382,A16
Q3383,A11
Q3384,A53
Q3385,A77
Q3386,A19
Q3387,A84
Q3388,A60
Q3389,A99
Q3390,A54
Q3391,A85
Q3392,A78
Q3393,A20
Q3394,A30
Q3395,A14
Q3396,A29
Q3397,A43
Q3398,A50
Q3399,A57
Q3400,A26
Q3401,A81
Q3402,A20
Q3403,A51
Q3404,A92
Q3405,A85
Q3406,A89
Q3407,A33
Q3408,A96
Q3409,A30
Q3410,A29
Q3411,A93
Q3412,A84
Q3413,A91
Q3414,A17
Q3415,A55
Q3416,A19
Q3417,A26
Q3418,A92
Q3419,A74
Q3420,A31
Q3421,A41
Q3422,A78
Q3423,A4
Q3424,A77
Q3425,A33
Q3426,A56
Q3427,A31
Q3428,A75
Q3429,A80
Q3430,A86
Q3431,A7
Q3432,A94
Q3433,A11
Q3434,A26
Q3435,A55
Q3436,A17
Q3437,A55
Q3438,A82
Q3439,A34
Q3440,A79
Q3441,A1
Q3442,A90
Q3443,A45
Q3444,A22
Q3445,A74
Q3446,A14
Q3447,A22
Q3448,A62
Q3449,A74
Q3450,A58
Q3451,A28
Q3452,A90
Q3453,A52
Q3454,A91
Q3455,A36
Q3456,A35
Q3457,A40
Q3458,A0
Q3459,A76
Q3460,A67
Q3461,A78
Q3462,A61
Q3463,A97
Q3464,A48
Q3465,A35
Q3466,A36
Q3467,A70
Q3468,A10
Q3469,A69
Q3470,A4
Q3471,A72
Q3472,A64
Q3473,A17
Q3474,A88
Q3475,A36
Q3476,A7
Q3477,A71
Q3478,A88
Q3479,A69
Q3480,A55
Q3481,A85
Q3482,A83
Q3483,A40
Q3484,A80
Q3485,A90
Q3486,A82
Q3487,A14
Q3488,A59
Q3489,A38
Q3490,A24
Q3491,A97
Q3492,A40
Q3493,A79
Q3494,A88
Q3495,A39
Q3496,A61
Q3497,A96
Q3498,A97
Q3499,A34
Q3500,A59
Q3501,A14
Q3502,A74
Q3503,A44
Q3504,A36
Q3505,A65
Q3506,A89
Q3507,A82
Q3508,A63
Q3509,A36
Q3510,A54
Q3511,A45
Q3512,A34
Q3513,A15
Q3514,A80
Q3515,A34
Q3516,A66
Q3517,A35
Q3518,A24
Q3519,A21
Q3520,A0
Q3521,A58
Q3522,A82
Q3523,A83
Q3524,A39
Q3525,A77
Q3526,A73
Q3527,A76
Q3528,A13
Q3529,A43
Q3530,A22
Q3531,A42
Q3532,A97
Q3533,A68
Q3534,A28
Q3535,A0
Q3536,A13
Q3537,A89
Q3538,A87
Q3539,A92
Q3540,A67
Q3541,A62
Q3542,A40
Q3543,A23
Q3544,A73
Q3545,A27
Q3546,A92
Q3547,A95
Q3548,A42
Q3549,A75
Q3550,A42
Q3551,A6
Q3552,A16
Q3553,A1
Q3554,A38
Q3555,A82
Q3556,A18
Q3557,A40
Q3558,A38
Q3559,A94
Q3560,A57
Q3561,A28
Q3562,A25
Q3563,A83
Q3564,A72
Q3565,A84
Q3566,A8
Q3567,A63
Q3568,A30
Q3569,A82
Q3570,A18
Q3571,A45
Q3572,A79
Q3573,A53
Q3574,A48
Q3575,A96
Q3576,A65
Q3577,A29
Q3578,A57
Q3579,A17
Q3580,A14
Q3581,A94
Q3582,A66
Q3583,A64
Q3584,A8
Q3585,A3
Q3586,A57
Q3587,A69
Q3588,A93
Q3589,A41
Q3590,A56
Q3591,A43
Q3592,A5
Q3593,A9
Q3594,A0
Q3595,A25
Q3596,A36
Q3597,A8
Q3598,A88
Q3599,A66
Q3600,A14
Q3601,A84
Q3602,A65
Q3603,A50
Q3604,A21
Q3605,A12
Q3606,A72
Q3607,A19
Q3608,A16
Q3609,A73
Q3610,A36
Q3611,A19
Q3612,A38
Q3613,A2
Q3614,A97
Q3615,A71
Q3616,A8
Q3617,A95
Q3618,A7
Q3619,A85
Q3620,A91
Q3621,A13
Q3622,A12
Q3623,A87
Q3624,A98
Q3625,A62
Q3626,A78
Q3627,A76
Q3628,A69
Q3629,A37
Q3630,A42
Q3631,A42
Q3632,A72
Q3633,A46
Q3634,A92
Q3635,A74
Q3636,A91
Q3637,A13
Q3638,A49
Q3639,A88
Q3640,A84
Q3641,A80
Q3642,A92
Q3643,A3
Q3644,A72
Q3645,A60
Q3646,A32
Q3647,A15
Q3648,A69
Q3649,A79
Q3650,A37
Q3651,A25
Q3652,A58
Q3653,A8
Q3654,A4
Q3655,A10
Q3656,A30
Q3657,A71
Q3658,A87
Q3659,A47
Q3660,A68
Q3661,A3
Q3662,A15
Q3663,A93
Q3664,A45
Q3665,A25
Q3666,A66
Q3667,A49
Q3668,A13
Q3669,A25
Q3670,A30
Q3671,A40
Q3672,A23
Q3673,A95
Q3674,A60
Q3675,A89
Q3676,A48
Q3677,A98
Q3678,A3
Q3679,A98
Q3680,A34
Q3681,A96
Q3682,A10
Q3683,A57
Q3684,A55
Q3685,A60
Q3686,A51
Q3687,A93
Q3688,A83
Q3689,A12
Q3690,A42
Q3691,A33
Q3692,A21
Q3693,A60
Q3694,A99
Q3695,A11
Q3696,A43
Q3697,A74
Q3698,A16
Q3699,A38
Q3700,A28
Q3701,A94
Q3702,A42
Q3703,A93
Q3704,A99
Q3705,A40
Q3706,A19
Q3707,A62
Q3708,A0
Q3709,A91
Q3710,A27
Q3711,A59
Q3712,A33
Q3713,A57
Q3714,A73
Q3715,A24
Q3716,A26
Q3717,A24
Q3718,A19
Q3719,A11
Q3720,A13
Q3721,A45
Q3722,A21
Q3723,A7
Q3724,A1
Q3725,A2
Q3726,A82
Q3727,A73
Q3728,A42
Q3729,A3
Q3730,A63
Q3731,A28
Q3732,A53
Q3733,A26
Q3734,A65
Q3735,A63
Q3736,A90
Q3737,A21
Q3738,A41
Q3739,A70
Q3740,A59
Q3741,A89
Q3742,A16
Q3743,A42
Q3744,A30
Q3745,A39
Q3746,A50
Q3747,A58
Q3748,A60
Q3749,A61
Q3750,A49
Q3751,A66
Q3752,A9
Q3753,A91
Q3754,A32
Q3755,A5
Q3756,A28
Q3757,A0
Q3758,A39
Q3759,A43
Q3760,A60
Q3761,A30
Q3762,A79
Q3763,A15
Q3764,A78
Q3765,A33
Q3766,A98
Q3767,A45
Q3768,A80
Q3769,A16
Q3770,A52
Q3771,A87
Q3772,A40
Q3773,A34
Q3774,A29
Q3775,A93
Q3776,A20
Q3777,A55
Q3778,A62
Q3779,A4
Q3780,A0
Q3781,A51
Q3782,A29
Q3783,A71
Q3784,A41
Q3785,A51
Q3786,A71
Q3787,A62
Q3788,A29
Q3789,A55
Q3790,A53
Q3791,A97
Q3792,A30
Q3793,A75
Q3794,A30
Q3795,A86
Q3796,A79
Q3797,A47
Q3798,A13
Q3799,A65
Q3800,A29
Q3801,A4
Q3802,A81
Q3803,A13
Q3804,A30
Q3805,A5
Q3806,A36
Q3807,A65
Q3808,A84
Q3809,A75
Q3810,A7
Q3811,A12
Q3812,A89
Q3813,A79
Q3814,A37
Q3815,A78
Q3816,A44
Q3817,A48
Q3818,A67
Q3819,A69
Q3820,A59
Q3821,A2
Q3822,A4
Q3823,A45
Q3824,A93
Q3825,A53
Q3826,A25
Q3827,A50
Q3828,A42
Q3829,A73
Q3830,A31
Q3831,A50
Q3832,A6
Q3833,A82
Q3834,A65
Q3835,A3
Q3836,A68
Q3837,A61
Q3838,A65
Q3839,A84
Q3840,A19
Q3841,A12
Q3842,A82
Q3843,A90
Q3844,A53
Q3845,A68
Q3846,A7
Q3847,A67
Q3848,A56
Q3849,A22
Q3850,A87
Q3851,A62
Q3852,A25
Q3853,A17
Q3854,A62
Q3855,A42
Q3856,A52
Q3857,A7
Q3858,A23
Q3859,A14
Q3860,A66
Q3861,A66
Q3862,A85
Q3863,A34
Q3864,A30
Q3865,A4
Q3866,A62
Q3867,A40
Q3868,A34
Q3869,A16
Q3870,A55
Q3871,A81
Q3872,A60
Q3873,A74
Q3874,A42
Q3875,A4
Q3876,A82
Q3877,A35
Q3878,A2
Q3879,A73
Q3880,A17
Q3881,A47
Q3882,A11
Q3883,A15
Q3884,A83
Q3885,A70
Q3886,A32
Q3887,A3
Q3888,A61
Q3889,A10
Q3890,A66
Q3891,A2
Q3892,A38
Q3893,A64
Q3894,A87
Q3895,A86
Q3896,A60
Q3897,A49
Q3898,A31
Q3899,A72
Q3900,A21
Q3901,A93
Q3902,A36
Q3903,A88
Q3904,A65
Q3905,A66
Q3906,A14
Q3907,A69
Q3908,A13
Q3909,A52
Q3910,A27
Q3911,A63
Q3912,A58
Q3913,A88
Q3914,A61
Q3915,A67
Q3916,A58
Q3917,A31
Q3918,A68
Q3919,A6
Q3920,A36
Q3921,A29
Q3922,A84
Q3923,A48
Q3924,A80
Q3925,A24
Q3926,A54
Q3927,A31
Q3928,A67
Q3929,A70
Q3930,A17
Q3931,A46
Q3932,A90
Q3933,A26
Q3934,A10
Q3935,A55
Q3936,A0
Q3937,A54
Q3938,A72
Q3939,A74
Q3940,A31
Q3941,A22
Q3942,A24
Q3943,A22
Q3944,A77
Q3945,A50
Q3946,A31
Q3947,A78
Q3948,A16
Q3949,A89
Q3950,A61
Q3951,A4
Q3952,A59
Q3953,A66
Q3954,A8
Q3955,A99
Q3956,A31
Q3957,A91
Q3958,A69
Q3959,A30
Q3960,A63
Q3961,A83
Q3962,A55
Q3963,A7
Q3964,A11
Q3965,A39
Q3966,A3
Q3967,A54
Q3968,A64
Q3969,A26
Q3970,A39
Q3971,A86
Q3972,A88
Q3973,A35
Q3974,A90
Q3975,A22
Q3976,A78
Q3977,A91
Q3978,A86
Q3979,A44
Q3980,A99
Q3981,A45
Q3982,A90
Q3983,A21
Q3984,A78
Q3985,A36
Q3986,A93
Q3987,A71
Q3988,A60
Q3989,A66
Q3990,A76
Q3991,A39
Q3992,A88
Q3993,A24
Q3994,A90
Q3995,A59
Q3996,A84
Q3997,A54
Q3998,A2
Q3999,A11
Q4000,A7
Q4001,A34
Q4002,A26
Q4003,A72
Q4004,A44
Q4005,A63
Q4006,A41
Q4007,A51
Q4008,A31
Q4009,A64
Q4010,A59
Q4011,A11
Q4012,A52
Q4013,A75
Q4014,A43
Q4015,A58
Q4016,A84
Q4017,A29
Q4018,A59
Q4019,A82
Q4020,A2
Q4021,A4
Q4022,A59
Q4023,A15
Q4024,A33
Q4025,A90
Q4026,A10
Q4027,A48
Q4028,A72
Q4029,A99
Q4030,A42
Q4031,A2
Q4032,A79
Q4033,A92
Q4034,A25
Q4035,A23
Q4036,A48
Q4037,A82
Q4038,A19
Q4039,A5
Q4040,A11
Q4041,A89
Q4042,A42
Q4043,A44
Q4044,A85
Q4045,A9
Q4046,A16
Q4047,A49
Q4048,A32
Q4049,A3
Q4050,A37
Q4051,A4
Q4052,A78
Q4053,A70
Q4054,A70
Q4055,A0
Q4056,A88
Q4057,A30
Q4058,A97
Q4059,A53
Q4060,A58
Q4061,A94
Q4062,A90
Q4063,A68
Q4064,A10
Q4065,A91
Q4066,A63
Q4067,A45
Q4068,A88
Q4069,A45
Q4070,A84
Q4071,A45
Q4072,A76
Q4073,A63
Q4074,A19
Q4075,A26
Q4076,A67
Q4077,A52
Q4078,A43
Q4079,A43
Q4080,A68
Q4081,A31
Q4082,A76
Q4083,A30
Q4084,A83
Q4085,A7
Q4086,A97
Q4087,A78
Q4088,A52
Q4089,A10
Q4090,A42
Q4091,A34
Q4092,A56
Q4093,A30
Q4094,A85
Q4095,A42
Q4096,A21
Q4097,A48
Q4098,A34
Q4099,A35
Q4100,A91
Q4101,A30
Q4102,A36
Q4103,A52
Q4104,A50
Q4105,A78
Q4106,A98
Q4107,A18
Q4108,A41
Q4109,A1
Q4110,A86
Q4111,A76
Q4112,A63
Q4113,A59
Q4114,A37
Q4115,A12
Q4116,A90
Q4117,A37
Q4118,A36
Q4119,A38
Q4120,A42
Q4121,A58
Q4122,A40
Q4123,A65
Q4124,A5
Q4125,A4
Q4126,A93
Q4127,A91
Q4128,A91
Q4129,A76
Q4130,A53
Q4131,A73
Q4132,A85
Q4133,A12
Q4134,A64
Q4135,A11
Q4136,A19
Q4137,A64
Q4138,A68
Q4139,A45
Q4140,A96
Q4141,A19
Q4142,A0
Q4143,A27
Q4144,A93
Q4145,A95
Q4146,A44
Q4147,A22
Q4148,A91
Q4149,A29
Q4150,A86
Q4151,A5
Q4152,A90
Q4153,A17
Q4154,A62
Q4155,A39
Q4156,A95
Q4157,A13
Q4158,A65
Q4159,A84
Q4160,A60
Q4161,A92
Q4162,A1
Q4163,A37
Q4164,A43
Q4165,A1
Q4166,A95
Q4167,A14
Q4168,A29
Q4169,A73
Q4170,A82
Q4171,A1
Q4172,A60
Q4173,A89
Q4174,A45
Q4175,A41
Q4176,A44
Q4177,A96
Q4178,A5
Q4179,A98
Q4180,A33
Q4181,A33
Q4182,A42
Q4183,A98
Q4184,A62
Q4185,A65
Q4186,A70
Q4187,A12
Q4188,A85
Q4189,A64
Q4190,A77
Q4191,A51
Q4192,A54
Q4193,A49
Q4194,A55
Q4195,A96
Q4196,A14
Q4197,A48
Q4198,A46
Q4199,A16
Q4200,A57
Q4201,A69
Q4202,A34
Q4203,A35
Q4204,A58
Q4205,A93
Q4206,A13
Q4207,A8
Q4208,A25
Q4209,A32
Q4210,A72
Q4211,A91
Q4212,A8
Q4213,A20
Q4214,A90
Q4215,A56
Q4216,A50
Q4217,A69
Q4218,A14
Q4219,A95
Q4220,A61
Q4221,A8
Q4222,A26
Q4223,A69
Q4224,A17
Q4225,A79
Q4226,A67
Q4227,A92
Q4228,A22
Q4229,A36
Q4230,A77
Q4231,A9
Q4232,A1
Q4233,A28
Q4234,A33
Q4235,A7
Q4236,A50
Q4237,A79
Q4238,A53
Q4239,A78
Q4240,A47
Q4241,A62
Q4242,A23
Q4243,A71
Q4244,A1
Q4245,A38
Q4246,A86
Q4247,A5
Q4248,A40
Q4249,A97
Q4250,A99
Q4251,A0
Q4252,A93
Q4253,A94
Q4254,A99
Q4255,A84
Q4256,A40
Q4257,A93
Q4258,A42
Q4259,A60
Q4260,A78
Q4261,A77
Q4262,A23
Q4263,A90
Q4264,A49
Q4265,A24
Q4266,A51
Q4267,A68
Q4268,A60
Q4269,A82
Q4270,A60
Q4271,A98
Q4272,A51
Q4273,A69
Q4274,A71
Q4275,A7
Q4276,A11
Q4277,A42
Q4278,A94
Q4279,A24
Q4280,A21
Q4281,A95
Q4282,A77
Q4283,A19
Q4284,A91
Q4285,A43
Q4286,A6
Q4287,A14
Q4288,A36
Q4289,A19
Q4290,A96
Q4291,A8
Q4292,A34
Q4293,A67
Q4294,A87
Q4295,A47
Q4296,A27
Q4297,A68
Q4298,A70
Q4299,A28
Q4300,A99
Q4301,A24
Q4302,A15
Q4303,A14
Q4304,A4
Q4305,A50
Q4306,A32
Q4307,A79
Q4308,A24
Q4309,A1
Q4310,A92
Q4311,A95
Q4312,A34
Q4313,A5
Q4314,A56
Q4315,A74
Q4316,A62
Q4317,A42
Q4318,A53
Q4319,A56
Q4320,A8
Q4321,A99
Q4322,A29
Q4323,A90
Q4324,A79
Q4325,A51
Q4326,A44
Q4327,A9
Q4328,A72
Q4329,A86
Q4330,A36
Q4331,A35
Q4332,A96
Q4333,A78
Q4334,A38
Q4335,A37
Q4336,A67
Q4337,A72
Q4338,A58
Q4339,A31
Q4340,A5
Q4341,A79
Q4342,A68
Q4343,A77
Q4344,A0
Q4345,A32
Q4346,A32
Q4347,A58
Q4348,A1
Q4349,A80
Q4350,A80
Q4351,A49
Q4352,A30
Q4353,A3
Q4354,A93
Q4355,A9
Q4356,A19
Q4357,A33
Q4358,A75
Q4359,A13
Q4360,A80
Q4361,A68
Q4362,A67
Q4363,A51
Q4364,A3
Q4365,A44
Q4366,A35
Q4367,A8
Q4368,A50
Q4369,A38
Q4370,A94
Q4371,A92
Q4372,A21
Q4373,A63
Q4374,A86
Q4375,A41
Q4376,A62
Q4377,A50
Q4378,A54
Q4379,A85
Q4380,A80
Q4381,A82
Q4382,A2
Q4383,A55
Q4384,A18
Q4385,A37
Q4386,A18
Q4387,A56
Q4388,A33
Q4389,A44
Q4390,A54
Q4391,A92
Q4392,A86
Q4393,A87
Q4394,A41
Q4395,A56
Q4396,A74
Q4397,A93
Q4398,A0
Q4399,A79
Q4400,A93
Q4401,A83
Q4402,A5
Q4403,A19
Q4404,A9
Q4405,A10
Q4406,A71
Q4407,A75
Q4408,A83
Q4409,A41
Q4410,A3
Q4411,A67
Q4412,A44
Q4413,A87
Q4414,A38
Q4415,A11
Q4416,A48
Q4417,A40
Q4418,A69
Q4419,A82
Q4420,A28
Q4421,A52
Q4422,A56
Q4423,A12
Q4424,A12
Q4425,A9
Q4426,A23
Q4427,A99
Q4428,A14
Q4429,A35
Q4430,A56
Q4431,A83
Q4432,A63
Q4433,A92
Q4434,A86
Q4435,A72
Q4436,A23
Q4437,A8
Q4438,A51
Q4439,A69
Q4440,A50
Q4441,A14
Q4442,A40
Q4443,A11
Q4444,A72
Q4445,A51
Q4446,A64
Q4447,A53
Q4448,A8
Q4449,A4
Q4450,A66
Q4451,A46
Q4452,A71
Q4453,A57
Q4454,A68
Q4455,A21
Q4456,A3
Q4457,A39
Q4458,A56
Q4459,A6
Q4460,A95
Q4461,A18
Q4462,A77
Q4463,A24
Q4464,A23
Q4465,A60
Q4466,A95
Q4467,A89
Q4468,A45
Q4469,A25
Q4470,A58
Q4471,A68
Q4472,A4
Q4473,A33
Q4474,A4
Q4475,A60
Q4476,A38
Q4477,A9
Q4478,A48
Q4479,A45
Q4480,A0
Q4481,A46
Q4482,A25
Q4483,A54
Q4484,A51
Q4485,A95
Q4486,A25
Q4487,A35
Q4488,A15
Q4489,A35
Q4490,A77
Q4491,A77
Q4492,A54
Q4493,A56
Q4494,A40
Q4495,A78
Q4496,A51
Q4497,A47
Q4498,A7
Q4499,A92
Q4500,A46
Q4501,A80
Q4502,A16
Q4503,A42
Q4504,A50
Q4505,A40
Q4506,A31
Q4507,A57
Q4508,A43
Q4509,A48
Q4510,A70
Q4511,A16
Q4512,A86
Q4513,A33
Q4514,A21
Q4515,A35
Q4516,A67
Q4517,A79
Q4518,A57
Q4519,A39
Q4520,A32
Q4521,A57
Q4522,A22
Q4523,A56
Q4524,A85
Q4525,A12
Q4526,A57
Q4527,A38
Q4528,A62
Q4529,A52
Q4530,A42
Q4531,A66
Q4532,A55
Q4533,A27
Q4534,A21
Q4535,A64
Q4536,A78
Q4537,A61
Q4538,A81
Q4539,A57
Q4540,A91
Q4541,A91
Q4542,A16
Q4543,A63
Q4544,A55
Q4545,A54
Q4546,A99
Q4547,A62
Q4548,A99
Q4549,A31
Q4550,A65
Q4551,A16
Q4552,A59
Q4553,A5
Q4554,A56
Q4555,A46
Q4556,A34
Q4557,A33
Q4558,A11
Q4559,A28
Q4560,A59
Q4561,A80
Q4562,A41
Q4563,A10
Q4564,A71
Q4565,A25
Q4566,A45
Q4567,A16
Q4568,A35
Q4569,A69
Q4570,A25
Q4571,A73
Q4572,A7
Q4573,A53
Q4574,A62
Q4575,A43
Q4576,A79
Q4577,A34
Q4578,A66
Q4579,A57
Q4580,A59
Q4581,A90
Q4582,A72
Q4583,A19
Q4584,A40
Q4585,A3
Q4586,A20
Q4587,A38
Q4588,A4
Q4589,A30
Q4590,A17
Q4591,A41
Q4592,A19
Q4593,A62
Q4594,A5
Q4595,A26
Q4596,A88
Q4597,A17
Q4598,A70
Q4599,A81
Q4600,A8
Q4601,A87
Q4602,A54
Q4603,A65
Q4604,A92
Q4605,A18
Q4606,A71
Q4607,A76
Q4608,A45
Q4609,A67
Q4610,A21
Q4611,A12
Q4612,A69
Q4613,A95
Q4614,A88
Q4615,A87
Q4616,A68
Q4617,A44
Q4618,A71
Q4619,A61
Q4620,A16
Q4621,A2
Q4622,A50
Q4623,A20
Q4624,A41
Q4625,A57
Q4626,A43
Q4627,A83
Q4628,A16
Q4629,A76
Q4630,A15
Q4631,A66
Q4632,A96
Q4633,A89
Q4634,A70
Q4635,A85
Q4636,A33
Q4637,A11
Q4638,A87
Q4639,A19
Q4640,A42
Q4641,A44
Q4642,A10
Q4643,A49
Q4644,A40
Q4645,A47
Q4646,A18
Q4647,A22
Q4648,A20
Q4649,A59
Q4650,A53
Q4651,A86
Q4652,A53
Q4653,A74
Q4654,A48
Q4655,A78
Q4656,A56
Q4657,A56
Q4658,A33
Q4659,A28
Q4660,A73
Q4661,A52
Q4662,A5
Q4663,A25
Q4664,A88
Q4665,A64
Q4666,A85
Q4667,A50
Q4668,A24
Q4669,A30
Q4670,A15
Q4671,A44
Q4672,A55
Q4673,A10
Q4674,A25
Q4675,A58
Q4676,A83
Q4677,A67
Q4678,A54
Q4679,A71
Q4680,A67
Q4681,A34
Q4682,A50
Q4683,A63
Q4684,A26
Q4685,A98
Q4686,A15
Q4687,A16
Q4688,A22
Q4689,A71
Q4690,A8
Q4691,A0
Q4692,A95
Q4693,A48
Q4694,A88
Q4695,A71
Q4696,A38
Q4697,A97
Q4698,A44
Q4699,A29
Q4700,A52
Q4701,A37
Q4702,A57
Q4703,A66
Q4704,A4
Q4705,A57
Q4706,A75
Q4707,A29
Q4708,A59
Q4709,A70
Q4710,A31
Q4711,A78
Q4712,A71
Q4713,A55
Q4714,A44
Q4715,A93
Q4716,A55
Q4717,A40
Q4718,A57
Q4719,A43
Q4720,A97
Q4721,A71
Q4722,A94
Q4723,A52
Q4724,A37
Q4725,A90
Q4726,A0
Q4727,A53
Q4728,A95
Q4729,A42
Q4730,A51
Q4731,A20
Q4732,A92
Q4733,A72
Q4734,A94
Q4735,A63
Q4736,A95
Q4737,A43
Q4738,A79
Q4739,A6
Q4740,A11
Q4741,A37
Q4742,A96
Q4743,A17
Q4744,A79
Q4745,A63
Q4746,A43
Q4747,A2
Q4748,A85
Q4749,A45
Q4750,A2
Q4751,A87
Q4752,A67
Q4753,A91
Q4754,A60
Q4755,A65
Q4756,A96
Q4757,A0
Q4758,A36
Q4759,A24
Q4760,A90
Q4761,A72
Q4762,A26
Q4763,A51
Q4764,A18
Q4765,A21
Q4766,A30
Q4767,A0
Q4768,A20
Q4769,A63
Q4770,A99
Q4771,A25
Q4772,A41
Q4773,A35
Q4774,A20
Q4775,A70
Q4776,A10
Q4777,A80
Q4778,A51
Q4779,A48
Q4780,A62
Q4781,A76
Q4782,A85
Q4783,A9
Q4784,A62
Q4785,A50
Q4786,A18
Q4787,A56
Q4788,A56
Q4789,A25
Q4790,A27
Q4791,A49
Q4792,A40
Q4793,A76
Q4794,A73
Q4795,A9
Q4796,A52
Q4797,A10
Q4798,A18
Q4799,A70
Q4800,A39
Q4801,A79
Q4802,A53
Q4803,A48
Q4804,A43
Q4805,A91
Q4806,A87
Q4807,A22
Q4808,A92
Q4809,A28
Q4810,A21
Q4811,A32
Q4812,A66
Q4813,A4
Q4814,A85
Q4815,A60
Q4816,A61
Q4817,A53
Q4818,A10
Q4819,A66
Q4820,A42
Q4821,A16
Q4822,A93
Q4823,A7
Q4824,A22
Q4825,A21
Q4826,A6
Q4827,A79
Q4828,A57
Q4829,A72
Q4830,A57
Q4831,A20
Q4832,A26
Q4833,A20
Q4834,A25
Q4835,A57
Q4836,A5
Q4837,A31
Q4838,A8
Q4839,A51
Q4840,A85
Q4841,A32
Q4842,A16
Q4843,A58
Q4844,A77
Q4845,A56
Q4846,A4
Q4847,A43
Q4848,A66
Q4849,A83
Q4850,A10
Q4851,A4
Q4852,A57
Q4853,A6
Q4854,A93
Q4855,A84
Q4856,A29
Q4857,A56
Q4858,A15
Q4859,A46
Q4860,A87
Q4861,A2
Q4862,A80
Q4863,A67
Q4864,A14
Q4865,A4
Q4866,A64
Q4867,A83
Q4868,A56
Q4869,A49
Q4870,A56
Q4871,A14
Q4872,A76
Q4873,A79
Q4874,A50
Q4875,A34
Q4876,A19
Q4877,A82
Q4878,A72
Q4879,A57
Q4880,A48
Q4881,A88
Q4882,A53
Q4883,A30
Q4884,A7
Q4885,A50
Q4886,A25
Q4887,A99
Q4888,A85
Q4889,A69
Q4890,A11
Q4891,A78
Q4892,A50
Q4893,A80
Q4894,A87
Q4895,A99
Q4896,A5
Q4897,A11
Q4898,A58
Q4899,A4
Q4900,A8
Q4901,A34
Q4902,A40
Q4903,A60
Q4904,A81
Q4905,A24
Q4906,A63
Q4907,A9
Q4908,A10
Q4909,A51
Q4910,A94
Q4911,A8
Q4912,A39
Q4913,A84
Q4914,A62
Q4915,A22
Q4916,A22
Q4917,A60
Q4918,A38
Q4919,A19
Q4920,A83
Q4921,A8
Q4922,A39
Q4923,A69
Q4924,A80
Q4925,A81
Q4926,A72
Q4927,A52
Q4928,A68
Q4929,A98
Q4930,A68
Q4931,A13
Q4932,A23
Q4933,A45
Q4934,A35
Q4935,A77
Q4936,A59
Q4937,A99
Q4938,A95
Q4939,A83
Q4940,A40
Q4941,A85
Q4942,A74
Q4943,A88
Q4944,A32
Q4945,A51
Q4946,A31
Q4947,A70
Q4948,A37
Q4949,A27
Q4950,A13
Q4951,A63
Q4952,A6
Q4953,A15
Q4954,A81
Q4955,A81
Q4956,A10
Q4957,A48
Q4958,A16
Q4959,A73
Q4960,A9
Q4961,A22
Q4962,A99
Q4963,A63
Q4964,A17
Q4965,A70
Q4966,A7
Q4967,A36
Q4968,A9
Q4969,A1
Q4970,A67
Q4971,A52
Q4972,A10
Q4973,A74
Q4974,A49
Q4975,A37
Q4976,A99
Q4977,A65
Q4978,A7
Q4979,A98
Q4980,A96
Q4981,A11
Q4982,A68
Q4983,A41
Q4984,A38
Q4985,A83
Q4986,A16
Q4987,A1
Q4988,A94
Q4989,A20
Q4990,A57
Q4991,A83
Q4992,A87
Q4993,A19
Q4994,A98
Q4995,A1
Q4996,A64
Q4997,A48
Q4998,A49
Q4999,A39
Q5000,A42
Q5001,A8
Q5002,A20
Q5003,A72
Q5004,A16
Q5005,A76
Q5006,A57
Q5007,A9
Q5008,A33
Q5009,A89
Q5010,A58
Q5011,A89
Q5012,A14
Q5013,A25
Q5014,A55
Q5015,A93
Q5016,A73
Q5017,A64
Q5018,A51
Q5019,A2
Q5020,A47
Q5021,A39
Q5022,A53
Q5023,A24
Q5024,A65
Q5025,A85
Q5026,A33
Q5027,A66
Q5028,A46
Q5029,A21
Q5030,A52
Q5031,A70
Q5032,A24
Q5033,A8
Q5034,A4
Q5035,A42
Q5036,A92
Q5037,A17
Q5038,A66
Q5039,A98
Q5040,A89
Q5041,A70
Q5042,A89
Q5043,A66
Q5044,A64
Q5045,A93
Q5046,A38
Q5047,A9
Q5048,A69
Q5049,A46
Q5050,A40
Q5051,A58
Q5052,A40
Q5053,A85
Q5054,A95
Q5055,A93
Q5056,A85
Q5057,A84
Q5058,A13
Q5059,A32
Q5060,A18
Q5061,A49
Q5062,A60
Q5063,A98
Q5064,A34
Q5065,A42
Q5066,A99
Q5067,A74
Q5068,A38
Q5069,A76
Q5070,A90
Q5071,A54
Q5072,A92
Q5073,A82
Q5074,A45
Q5075,A60
Q5076,A63
Q5077,A0
Q5078,A11
Q5079,A63
Q5080,A20
Q5081,A38
Q5082,A53
Q5083,A90
Q5084,A24
Q5085,A41
Q5086,A91
Q5087,A24
Q5088,A22
Q5089,A85
Q5090,A68
Q5091,A76
Q5092,A88
Q5093,A63
Q5094,A62
Q5095,A30
Q5096,A87
Q5097,A96
Q5098,A77
Q5099,A44
Q5100,A72
Q5101,A76
Q5102,A22
Q5103,A65
Q5104,A50
Q5105,A21
Q5106,A94
Q5107,A67
Q5108,A13
Q5109,A11
Q5110,A75
Q5111,A12
Q5112,A90
Q5113,A31
Q5114,A72
Q5115,A99
Q5116,A25
Q5117,A11
Q5118,A54
Q5119,A86
Q5120,A61
Q5121,A68
Q5122,A20
Q5123,A58
Q5124,A34
Q5125,A40
Q5126,A90
Q5127,A30
Q5128,A54
Q5129,A0
Q5130,A45
Q5131,A57
Q5132,A97
Q5133,A41
Q5134,A47
Q5135,A1
Q5136,A13
Q5137,A64
Q5138,A61
Q5139,A4
Q5140,A9
Q5141,A93
Q5142,A97
Q5143,A36
Q5144,A72
Q5145,A33
Q5146,A89
Q5147,A13
Q5148,A75
Q5149,A94
Q5150,A65
Q5151,A51
Q5152,A8
Q5153,A0
Q5154,A11
Q5155,A88
Q5156,A40
Q5157,A9
Q5158,A26
Q5159,A50
Q5160,A51
Q5161,A94
Q5162,A55
Q5163,A55
Q5164,A2
Q5165,A88
Q5166,A16
Q5167,A63
Q5168,A78
Q5169,A18
Q5170,A36
Q5171,A77
Q5172,A40
Q5173,A3
Q5174,A37
Q5175,A13
Q5176,A58
Q5177,A91
Q5178,A89
Q5179,A90
Q5180,A2
Q5181,A85
Q5182,A50
Q5183,A44
Q5184,A97
Q5185,A35
Q5186,A86
Q5187,A5
Q5188,A5
Q5189,A18
Q5190,A56
Q5191,A14
Q5192,A25
Q5193,A10
Q5194,A27
Q5195,A72
Q5196,A35
Q5197,A85
Q5198,A85
Q5199,A66
Q5200,A26
Q5201,A92
Q5202,A46
Q5203,A44
Q5204,A97
Q5205,A18
Q5206,A26
Q5207,A75
Q5208,A99
Q5209,A9
Q5210,A52
Q5211,A97
Q5212,A7
Q5213,A8
Q5214,A78
Q5215,A5
Q5216,A27
Q5217,A28
Q5218,A10
Q5219,A6
Q5220,A50
Q5221,A78
Q5222,A90
Q5223,A36
Q5224,A35
Q5225,A72
Q5226,A35
Q5227,A37
Q5228,A27
Q5229,A2
Q5230,A95
Q5231,A20
Q5232,A72
Q5233,A56
Q5234,A70
Q5235,A92
Q5236,A63
Q5237,A84
Q5238,A91
Q5239,A0
Q5240,A46
Q5241,A66
Q5242,A76
Q5243,A13
Q5244,A82
Q5245,A28
Q5246,A11
Q5247,A60
Q5248,A34
Q5249,A63
Q5250,A22
Q5251,A86
Q5252,A72
Q5253,A27
Q5254,A94
Q5255,A77
Q5256,A58
Q5257,A82
Q5258,A85
Q5259,A9
Q5260,A50
Q5261,A91
Q5262,A86
Q5263,A21
Q5264,A70
Q5265,A91
Q5266,A93
Q5267,A62
Q5268,A58
Q5269,A47
Q5270,A86
Q5271,A45
Q5272,A53
Q5273,A4
Q5274,A24
Q5275,A82
Q5276,A47
Q5277,A59
Q5278,A72
Q5279,A7
Q5280,A95
Q5281,A40
Q5282,A72
Q5283,A47
Q5284,A20
Q5285,A16
Q5286,A21
Q5287,A34
Q5288,A85
Q5289,A55
Q5290,A31
Q5291,A30
Q5292,A3
Q5293,A22
Q5294,A65
Q5295,A24
Q5296,A98
Q5297,A53
Q5298,A54
Q5299,A98
Q5300,A97
Q5301,A71
Q5302,A5
Q5303,A40
Q5304,A90
Q5305,A77
Q5306,A26
Q5307,A40
Q5308,A34
Q5309,A14
Q5310,A99
Q5311,A42
Q5312,A48
Q5313,A90
Q5314,A31
Q5315,A14
Q5316,A56
Q5317,A25
Q5318,A15
Q5319,A29
Q5320,A39
Q5321,A3
Q5322,A91
Q5323,A43
Q5324,A87
Q5325,A63
Q5326,A76
Q5327,A11
Q5328,A78
Q5329,A31
Q5330,A37
Q5331,A65
Q5332,A43
Q5333,A38
Q5334,A92
Q5335,A2
Q5336,A54
Q5337,A99
Q5338,A38
Q5339,A88
Q5340,A39
Q5341,A62
Q5342,A46
Q5343,A12
Q5344,A39
Q5345,A47
Q5346,A94
Q5347,A79
Q5348,A78
Q5349,A79
Q5350,A35
Q5351,A56
Q5352,A8
Q5353,A73
Q5354,A75
Q5355,A30
Q5356,A1
Q5357,A38
Q5358,A96
Q5359,A40
Q5360,A3
Q5361,A56
Q5362,A89
Q5363,A47
Q5364,A55
Q5365,A1
Q5366,A1
Q5367,A12
Q5368,A82
Q5369,A47
Q5370,A30
Q5371,A12
Q5372,A67
Q5373,A25
Q5374,A76
Q5375,A8
Q5376,A61
Q5377,A25
Q5378,A46
Q5379,A34
Q5380,A42
Q5381,A21
Q5382,A50
Q5383,A19
Q5384,A43
Q5385,A67
Q5386,A8
Q5387,A11
Q5388,A41
Q5389,A90
Q5390,A2
Q5391,A74
Q5392,A99
Q5393,A28
Q5394,A66
Q5395,A92
Q5396,A27
Q5397,A19
Q5398,A27
Q5399,A67
Q5400,A78
Q5401,A20
Q5402,A22
Q5403,A48
Q5404,A79
Q5405,A39
Q5406,A35
Q5407,A33
Q5408,A12
Q5409,A71
Q5410,A6
Q5411,A13
Q5412,A86
Q5413,A74
Q5414,A39
Q5415,A67
Q5416,A10
Q5417,A2
Q5418,A57
Q5419,A32
Q5420,A25
Q5421,A45
Q5422,A80
Q5423,A64
Q5424,A66
Q5425,A28
Q5426,A43
Q5427,A52
Q5428,A54
Q5429,A56
Q5430,A89
Q5431,A15
Q5432,A27
Q5433,A56
Q5434,A27
Q5435,A11
Q5436,A64
Q5437,A53
Q5438,A55
Q5439,A52
Q5440,A7
Q5441,A64
Q5442,A37
Q5443,A65
Q5444,A49
Q5445,A85
Q5446,A32
Q5447,A46
Q5448,A92
Q5449,A22
Q5450,A82
Q5451,A39
Q5452,A91
Q5453,A60
Q5454,A82
Q5455,A98
Q5456,A26
Q5457,A57
Q5458,A37
Q5459,A98
Q5460,A30
Q5461,A89
Q5462,A68
Q5463,A23
Q5464,A14
Q5465,A36
Q5466,A39
Q5467,A28
Q5468,A99
Q5469,A32
Q5470,A18
Q5471,A49
Q5472,A28
Q5473,A61
Q5474,A44
Q5475,A66
Q5476,A78
Q5477,A18
Q5478,A15
Q5479,A1
Q5480,A2
Q5481,A4
Q5482,A23
Q5483,A0
Q5484,A30
Q5485,A79
Q5486,A68
Q5487,A2
Q5488,A83
Q5489,A77
Q5490,A4
Q5491,A40
Q5492,A44
Q5493,A4
Q5494,A19
Q5495,A15
Q5496,A15
Q5497,A14
Q5498,A77
Q5499,A55
Q5500,A78
Q5501,A24
Q5502,A69
Q5503,A63
Q5504,A59
Q5505,A65
Q5506,A94
Q5507,A79
Q5508,A51
Q5509,A32
Q5510,A83
Q5511,A16
Q5512,A57
Q5513,A1
Q5514,A17
Q5515,A76
Q5516,A7
Q5517,A62
Q5518,A36
Q5519,A4
Q5520,A18
Q5521,A28
Q5522,A90
Q5523,A84
Q5524,A32
Q5525,A39
Q5526,A42
Q5527,A83
Q5528,A15
Q5529,A49
Q5530,A89
Q5531,A33
Q5532,A66
Q5533,A89
Q5534,A60
Q5535,A6
Q5536,A40
Q5537,A1
Q5538,A78
Q5539,A81
Q5540,A19
Q5541,A69
Q5542,A4
Q5543,A67
Q5544,A74
Q5545,A57
Q5546,A24
Q5547,A81
Q5548,A85
Q5549,A26
Q5550,A12
Q5551,A48
Q5552,A34
Q5553,A85
Q5554,A41
Q5555,A25
Q5556,A33
Q5557,A95
Q5558,A44
Q5559,A29
Q5560,A20
Q5561,A23
Q5562,A12
Q5563,A71
Q5564,A46
Q5565,A84
Q5566,A8
Q5567,A72
Q5568,A96
Q5569,A78
Q5570,A39
Q5571,A57
Q5572,A36
Q5573,A41
Q5574,A24
Q5575,A5
Q5576,A49
Q5577,A84
Q5578,A82
Q5579,A95
Q5580,A30
Q5581,A69
Q5582,A35
Q5583,A75
Q5584,A35
Q5585,A29
Q5586,A82
Q5587,A89
Q5588,A8
Q5589,A68
Q5590,A1
Q5591,A89
Q5592,A91
Q5593,A88
Q5594,A79
Q5595,A86
Q5596,A21
Q5597,A16
Q5598,A47
Q5599,A27
Q5600,A38
Q5601,A34
Q5602,A11
Q5603,A36
Q5604,A6
Q5605,A33
Q5606,A95
Q5607,A28
Q5608,A86
Q5609,A12
Q5610,A26
Q5611,A58
Q5612,A13
Q5613,A72
Q5614,A9
Q5615,A70
Q5616,A62
Q5617,A98
Q5618,A83
Q5619,A11
Q5620,A92
Q5621,A39
Q5622,A71
Q5623,A84
Q5624,A55
Q5625,A85
Q5626,A14
Q5627,A13
Q5628,A14
Q5629,A86
Q5630,A54
Q5631,A11
Q5632,A39
Q5633,A81
Q5634,A96
Q5635,A37
Q5636,A77
Q5637,A47
Q5638,A90
Q5639,A52
Q5640,A8
Q5641,A22
Q5642,A16
Q5643,A20
Q5644,A99
Q5645,A86
Q5646,A3
Q5647,A66
Q5648,A95
Q5649,A0
Q5650,A35
Q5651,A99
Q5652,A94
Q5653,A25
Q5654,A70
Q5655,A99
Q5656,A82
Q5657,A95
Q5658,A82
Q5659,A23
Q5660,A11
Q5661,A2
Q5662,A49
Q5663,A84
Q5664,A25
Q5665,A53
Q5666,A31
Q5667,A60
Q5668,A14
Q5669,A97
Q5670,A9
Q5671,A9
Q5672,A59
Q5673,A39
Q5674,A46
Q5675,A89
Q5676,A80
Q5677,A4
Q5678,A99
Q5679,A70
Q5680,A68
Q5681,A15
Q5682,A68
Q5683,A9
Q5684,A20
Q5685,A63
Q5686,A88
Q5687,A3
Q5688,A39
Q5689,A80
Q5690,A1
Q5691,A31
Q5692,A87
Q5693,A57
Q5694,A23
Q5695,A15
Q5696,A10
Q5697,A77
Q5698,A86
Q5699,A77
Q5700,A94
Q5701,A61
Q5702,A76
Q5703,A57
Q5704,A52
Q5705,A79
Q5706,A94
Q5707,A71
Q5708,A95
Q5709,A81
Q5710,A71
Q5711,A39
Q5712,A70
Q5713,A21
Q5714,A97
Q5715,A60
Q5716,A5
Q5717,A54
Q5718,A7
Q5719,A31
Q5720,A75
Q5721,A73
Q5722,A20
Q5723,A14
Q5724,A41
Q5725,A22
Q5726,A38
Q5727,A20
Q5728,A80
Q5729,A79
Q5730,A67
Q5731,A49
Q5732,A53
Q5733,A14
Q5734,A38
Q5735,A80
Q5736,A74
Q5737,A30
Q5738,A98
Q5739,A95
Q5740,A38
Q5741,A89
Q5742,A14
Q5743,A99
Q5744,A26
Q5745,A10
Q5746,A89
Q5747,A41
Q5748,A91
Q5749,A42
Q5750,A19
Q5751,A26
Q5752,A39
Q5753,A57
Q5754,A14
Q5755,A97
Q5756,A95
Q5757,A8
Q5758,A29
Q5759,A8
Q5760,A30
Q5761,A17
Q5762,A33
Q5763,A13
Q5764,A87
Q5765,A53
Q5766,A22
Q5767,A86
Q5768,A97
Q5769,A26
Q5770,A27
Q5771,A58
Q5772,A66
Q5773,A76
Q5774,A59
Q5775,A1
Q5776,A46
Q5777,A17
Q5778,A89
Q5779,A31
Q5780,A72
Q5781,A93
Q5782,A81
Q5783,A19
Q5784,A46
Q5785,A92
Q5786,A97
Q5787,A44
Q5788,A95
Q5789,A17
Q5790,A27
Q5791,A37
Q5792,A0
Q5793,A87
Q5794,A22
Q5795,A60
Q5796,A12
Q5797,A28
Q5798,A50
Q5799,A85
Q5800,A15
Q5801,A26
Q5802,A2
Q5803,A41
Q5804,A79
Q5805,A50
Q5806,A37
Q5807,A67
Q5808,A55
Q5809,A18
Q5810,A16
Q5811,A1
Q5812,A73
Q5813,A93
Q5814,A84
Q5815,A62
Q5816,A26
Q5817,A76
Q5818,A69
Q5819,A7
Q5820,A65
Q5821,A88
Q5822,A36
Q5823,A11
Q5824,A19
Q5825,A67
Q5826,A44
Q5827,A44
Q5828,A22
Q5829,A80
Q5830,A8
Q5831,A14
Q5832,A6
Q5833,A19
Q5834,A17
Q5835,A34
Q5836,A31
Q5837,A13
Q5838,A6
Q5839,A13
Q5840,A30
Q5841,A4
Q5842,A76
Q5843,A93
Q5844,A60
Q5845,A78
Q5846,A20
Q5847,A29
Q5848,A59
Q5849,A21
Q5850,A1
Q5851,A78
Q5852,A6
Q5853,A2
Q5854,A96
Q5855,A40
Q5856,A51
Q5857,A41
Q5858,A71
Q5859,A88
Q5860,A47
Q5861,A55
Q5862,A73
Q5863,A73
Q5864,A9
Q5865,A77
Q5866,A8
Q5867,A16
Q5868,A44
Q5869,A71
Q5870,A71
Q5871,A52
Q5872,A72
Q5873,A38
Q5874,A23
Q5875,A77
Q5876,A64
Q5877,A6
Q5878,A62
Q5879,A64
Q5880,A4
Q5881,A13
Q5882,A48
Q5883,A9
Q5884,A34
Q5885,A22
Q5886,A8
Q5887,A39
Q5888,A94
Q5889,A58
Q5890,A87
Q5891,A32
Q5892,A1
Q5893,A43
Q5894,A68
Q5895,A46
Q5896,A89
Q5897,A58
Q5898,A84
Q5899,A44
Q5900,A70
Q5901,A47
Q5902,A85
Q5903,A99
Q5904,A82
Q5905,A94
Q5906,A41
Q5907,A53
Q5908,A49
Q5909,A16
Q5910,A75
Q5911,A47
Q5912,A78
Q5913,A98
Q5914,A0
Q5915,A30
Q5916,A78
Q5917,A64
Q5918,A41
Q5919,A26
Q5920,A19
Q5921,A2
Q5922,A19
Q5923,A50
Q5924,A92
Q5925,A90
Q5926,A24
Q5927,A50
Q5928,A36
Q5929,A56
Q5930,A39
Q5931,A99
Q5932,A34
Q5933,A53
Q5934,A68
Q5935,A76
Q5936,A99
Q5937,A12
Q5938,A87
Q5939,A76
Q5940,A20
Q5941,A57
Q5942,A13
Q5943,A21
Q5944,A23
Q5945,A21
Q5946,A19
Q5947,A10
Q5948,A40
Q5949,A38
Q5950,A0
Q5951,A45
Q5952,A37
Q5953,A60
Q5954,A56
Q5955,A24
Q5956,A77
Q5957,A73
Q5958,A85
Q5959,A23
Q5960,A5
Q5961,A23
Q5962,A79
Q5963,A96
Q5964,A3
Q5965,A35
Q5966,A18
Q5967,A86
Q5968,A77
Q5969,A41
Q5970,A73
Q5971,A58
Q5972,A27
Q5973,A3
Q5974,A21
Q5975,A48
Q5976,A91
Q5977,A41
Q5978,A75
Q5979,A19
Q5980,A43
Q5981,A13
Q5982,A87
Q5983,A12
Q5984,A44
Q5985,A17
Q5986,A1
Q5987,A97
Q5988,A89
Q5989,A57
Q5990,A84
Q5991,A15
Q5992,A50
Q5993,A97
Q5994,A63
Q5995,A7
Q5996,A43
Q5997,A46
Q5998,A58
Q5999,A71
Q6000,A42
Q6001,A41
Q6002,A86
Q6003,A12
Q6004,A71
Q6005,A28
Q6006,A39
Q6007,A69
Q6008,A61
Q6009,A63
Q6010,A15
Q6011,A58
Q6012,A33
Q6013,A23
Q6014,A36
Q6015,A43
Q6016,A88
Q6017,A75
Q6018,A63
Q6019,A22
Q6020,A66
Q6021,A98
Q6022,A75
Q6023,A81
Q6024,A15
Q6025,A80
Q6026,A37
Q6027,A22
Q6028,A18
Q6029,A63
Q6030,A91
Q6031,A12
Q6032,A51
Q6033,A96
Q6034,A87
Q6035,A75
Q6036,A67
Q6037,A29
Q6038,A20
Q6039,A75
Q6040,A65
Q6041,A51
Q6042,A10
Q6043,A61
Q6044,A92
Q6045,A59
Q6046,A21
Q6047,A80
Q6048,A54
Q6049,A76
Q6050,A24
Q6051,A4
Q6052,A14
Q6053,A77
Q6054,A89
Q6055,A71
Q6056,A3
Q6057,A82
Q6058,A35
Q6059,A78
Q6060,A74
Q6061,A72
Q6062,A37
Q6063,A76
Q6064,A28
Q6065,A59
Q6066,A57
Q6067,A83
Q6068,A97
Q6069,A9
Q6070,A8
Q6071,A30
Q6072,A20
Q6073,A47
Q6074,A71
Q6075,A19
Q6076,A12
Q6077,A84
Q6078,A86
Q6079,A97
Q6080,A36
Q6081,A44
Q6082,A91
Q6083,A24
Q6084,A48
Q6085,A70
Q6086,A45
Q6087,A70
Q6088,A1
Q6089,A44
Q6090,A22
Q6091,A91
Q6092,A8
Q6093,A26
Q6094,A49
Q6095,A66
Q6096,A34
Q6097,A98
Q6098,A36
Q6099,A63
Q6100,A59
Q6101,A90
Q6102,A44
Q6103,A30
Q6104,A62
Q6105,A85
Q6106,A94
Q6107,A87
Q6108,A83
Q6109,A95
Q6110,A90
Q6111,A49
Q6112,A29
Q6113,A80
Q6114,A90
Q6115,A70
Q6116,A73
Q6117,A49
Q6118,A25
Q6119,A40
Q6120,A42
Q6121,A93
Q6122,A52
Q6123,A48
Q6124,A39
Q6125,A55
Q6126,A77
Q6127,A91
Q6128,A33
Q6129,A76
Q6130,A17
Q6131,A69
Q6132,A51
Q6133,A21
Q6134,A13
Q6135,A66
Q6136,A21
Q6137,A20
Q6138,A7
Q6139,A87
Q6140,A14
Q6141,A82
Q6142,A42
Q6143,A47
Q6144,A49
Q6145,A76
Q6146,A23
Q6147,A95
Q6148,A43
Q6149,A46
Q6150,A69
Q6151,A81
Q6152,A67
Q6153,A44
Q6154,A70
Q6155,A73
Q6156,A37
Q6157,A65
Q6158,A80
Q6159,A98
Q6160,A60
Q6161,A26
Q6162,A75
Q6163,A56
Q6164,A32
Q6165,A56
Q6166,A61
Q6167,A11
Q6168,A99
Q6169,A47
Q6170,A96
Q6171,A58
Q6172,A81
Q6173,A82
Q6174,A17
Q6175,A17
Q6176,A40
Q6177,A71
Q6178,A16
Q6179,A53
Q6180,A80
Q6181,A62
Q6182,A33
Q6183,A52
Q6184,A38
Q6185,A64
Q6186,A67
Q6187,A21
Q6188,A34
Q6189,A12
Q6190,A13
Q6191,A86
Q6192,A30
Q6193,A37
Q6194,A42
Q6195,A82
Q6196,A32
Q6197,A16
Q6198,A83
Q6199,A33
Q6200,A42
Q6201,A89
Q6202,A91
Q6203,A10
Q6204,A83
Q6205,A15
Q6206,A1
Q6207,A62
Q6208,A37
Q6209,A81
Q6210,A10
Q6211,A79
Q6212,A33
Q6213,A58
Q6214,A81
Q6215,A30
Q6216,A35
Q6217,A12
Q6218,A23
Q6219,A78
Q6220,A51
Q6221,A61
Q6222,A8
Q6223,A2
Q6224,A41
Q6225,A16
Q6226,A6
Q6227,A82
Q6228,A73
Q6229,A39
Q6230,A28
Q6231,A87
Q6232,A25
Q6233,A25
Q6234,A44
Q6235,A45
Q6236,A95
Q6237,A6
Q6238,A19
Q6239,A70
Q6240,A10
Q6241,A0
Q6242,A73
Q6243,A56
Q6244,A41
Q6245,A49
Q6246,A36
Q6247,A0
Q6248,A38
Q6249,A43
Q6250,A95
Q6251,A64
Q6252,A48
Q6253,A29
Q6254,A65
Q6255,A65
Q6256,A83
Q6257,A96
Q6258,A81
Q6259,A71
Q6260,A70
Q6261,A86
Q6262,A6
Q6263,A14
Q6264,A87
Q6265,A13
Q6266,A24
Q6267,A63
Q6268,A25
Q6269,A89
Q6270,A76
Q6271,A82
Q6272,A95
Q6273,A66
Q6274,A85
Q6275,A36
Q6276,A54
Q6277,A82
Q6278,A83
Q6279,A20
Q6280,A60
Q6281,A3
Q6282,A27
Q6283,A59
Q6284,A68
Q6285,A36
Q6286,A19
Q6287,A49
Q6288,A88
Q6289,A12
Q6290,A56
Q6291,A29
Q6292,A60
Q6293,A8
Q6294,A0
Q6295,A53
Q6296,A27
Q6297,A25
Q6298,A40
Q6299,A99
Q6300,A22
Q6301,A52
Q6302,A76
Q6303,A75
Q6304,A16
Q6305,A16
Q6306,A18
Q6307,A20
Q6308,A57
Q6309,A45
Q6310,A56
Q6311,A89
Q6312,A54
Q6313,A2
Q6314,A67
Q6315,A50
Q6316,A1
Q6317,A52
Q6318,A47
Q6319,A98
Q6320,A80
Q6321,A91
Q6322,A79
Q6323,A88
Q6324,A38
Q6325,A46
Q6326,A98
Q6327,A31
Q6328,A29
Q6329,A83
Q6330,A8
Q6331,A43
Q6332,A77
Q6333,A48
Q6334,A93
Q6335,A49
Q6336,A97
Q6337,A81
Q6338,A34
Q6339,A62
Q6340,A23
Q6341,A89
Q6342,A80
Q6343,A30
Q6344,A71
Q6345,A36
Q6346,A52
Q6347,A41
Q6348,A19
Q6349,A44
Q6350,A64
Q6351,A49
Q6352,A89
Q6353,A46
Q6354,A13
Q6355,A15
Q6356,A77
Q6357,A21
Q6358,A72
Q6359,A32
Q6360,A73
Q6361,A14
Q6362,A63
Q6363,A75
Q6364,A25
Q6365,A83
Q6366,A64
Q6367,A7
Q6368,A28
Q6369,A22
Q6370,A72
Q6371,A5
Q6372,A10
Q6373,A67
Q6374,A40
Q6375,A21
Q6376,A22
Q6377,A32
Q6378,A68
Q6379,A50
Q6380,A67
Q6381,A15
Q6382,A89
Q6383,A99
Q6384,A92
Q6385,A44
Q6386,A8
Q6387,A73
Q6388,A60
Q6389,A0
Q6390,A90
Q6391,A81
Q6392,A32
Q6393,A29
Q6394,A44
Q6395,A1
Q6396,A37
Q6397,A77
Q6398,A65
Q6399,A7
Q6400,A5
Q6401,A73
Q6402,A75
Q6403,A49
Q6404,A6
Q6405,A93
Q6406,A35
Q6407,A39
Q6408,A13
Q6409,A16
Q6410,A44
Q6411,A65
Q6412,A96
Q6413,A67
Q6414,A44
Q6415,A3
Q6416,A0
Q6417,A78
Q6418,A60
Q6419,A17
Q6420,A14
Q6421,A96
Q6422,A5
Q6423,A58
Q6424,A5
Q6425,A66
Q6426,A10
Q6427,A10
Q6428,A90
Q6429,A47
Q6430,A44
Q6431,A18
Q6432,A21
Q6433,A76
Q6434,A55
Q6435,A50
Q6436,A62
Q6437,A33
Q6438,A0
Q6439,A6
Q6440,A80
Q6441,A57
Q6442,A93
Q6443,A53
Q6444,A51
Q6445,A73
Q6446,A51
Q6447,A51
Q6448,A87
Q6449,A68
Q6450,A43
Q6451,A54
Q6452,A90
Q6453,A19
Q6454,A66
Q6455,A67
Q6456,A28
Q6457,A30
Q6458,A68
Q6459,A80
Q6460,A47
Q6461,A69
Q6462,A5
Q6463,A74
Q6464,A25
Q6465,A78
Q6466,A93
Q6467,A76
Q6468,A44
Q6469,A44
Q6470,A41
Q6471,A2
Q6472,A47
Q6473,A84
Q6474,A45
Q6475,A60
Q6476,A58
Q6477,A87
Q6478,A60
Q6479,A80
Q6480,A28
Q6481,A91
Q6482,A24
Q6483,A1
Q6484,A18
Q6485,A95
Q6486,A56
Q6487,A26
Q6488,A25
Q6489,A23
Q6490,A79
Q6491,A93
Q6492,A89
Q6493,A83
Q6494,A79
Q6495,A40
Q6496,A57
Q6497,A99
Q6498,A15
Q6499,A42
Q6500,A77
Q6501,A95
Q6502,A61
Q6503,A75
Q6504,A1
Q6505,A95
Q6506,A9
Q6507,A21
Q6508,A45
Q6509,A56
Q6510,A76
Q6511,A26
Q6512,A54
Q6513,A79
Q6514,A4
Q6515,A47
Q6516,A94
Q6517,A25
Q6518,A74
Q6519,A8
Q6520,A37
Q6521,A69
Q6522,A56
Q6523,A55
Q6524,A70
Q6525,A54
Q6526,A22
Q6527,A36
Q6528,A64
Q6529,A13
Q6530,A31
Q6531,A91
Q6532,A72
Q6533,A72
Q6534,A62
Q6535,A16
Q6536,A94
Q6537,A45
Q6538,A97
Q6539,A27
Q6540,A8
Q6541,A66
Q6542,A39
Q6543,A98
Q6544,A22
Q6545,A40
Q6546,A86
Q6547,A28
Q6548,A84
Q6549,A15
Q6550,A68
Q6551,A55
Q6552,A70
Q6553,A40
Q6554,A49
Q6555,A36
Q6556,A19
Q6557,A31
Q6558,A99
Q6559,A14
Q6560,A34
Q6561,A7
Q6562,A63
Q6563,A5
Q6564,A40
Q6565,A4
Q6566,A90
Q6567,A88
Q6568,A30
Q6569,A10
Q6570,A82
Q6571,A59
Q6572,A69
Q6573,A91
Q6574,A39
Q6575,A55
Q6576,A30
Q6577,A90
Q6578,A82
Q6579,A15
Q6580,A46
Q6581,A73
Q6582,A6
Q6583,A5
Q6584,A43
Q6585,A21
Q6586,A43
Q6587,A91
Q6588,A43
Q6589,A25
Q6590,A93
Q6591,A4
Q6592,A54
Q6593,A83
Q6594,A28
Q6595,A56
Q6596,A41
Q6597,A89
Q6598,A83
Q6599,A64
Q6600,A16
Q6601,A79
Q6602,A9
Q6603,A53
Q6604,A63
Q6605,A18
Q6606,A38
Q6607,A0
Q6608,A96
Q6609,A85
Q6610,A38
Q6611,A70
Q6612,A84
Q6613,A9
Q6614,A61
Q6615,A24
Q6616,A7
Q6617,A44
Q6618,A33
Q6619,A42
Q6620,A85
Q6621,A61
Q6622,A49
Q6623,A92
Q6624,A27
Q6625,A40
Q6626,A78
Q6627,A93
Q6628,A27
Q6629,A26
Q6630,A78
Q6631,A93
Q6632,A66
Q6633,A64
Q6634,A69
Q6635,A89
Q6636,A36
Q6637,A13
Q6638,A86
Q6639,A39
Q6640,A27
Q6641,A5
Q6642,A10
Q6643,A90
Q6644,A3
Q6645,A78
Q6646,A95
Q6647,A96
Q6648,A1
Q6649,A86
Q6650,A21
Q6651,A73
Q6652,A14
Q6653,A42
Q6654,A41
Q6655,A25
Q6656,A77
Q6657,A98
Q6658,A19
Q6659,A47
Q6660,A92
Q6661,A38
Q6662,A53
Q6663,A21
Q6664,A57
Q6665,A13
Q6666,A67
Q6667,A20
Q6668,A57
Q6669,A22
Q6670,A68
Q6671,A77
Q6672,A92
Q6673,A71
Q6674,A22
Q6675,A83
Q6676,A77
Q6677,A50
Q6678,A96
Q6679,A7
Q6680,A40
Q6681,A47
Q6682,A90
Q6683,A89
Q6684,A14
Q6685,A43
Q6686,A17
Q6687,A48
Q6688,A26
Q6689,A91
Q6690,A94
Q6691,A9
Q6692,A98
Q6693,A69
Q6694,A30
Q6695,A65
Q6696,A39
Q6697,A63
Q6698,A32
Q6699,A80
Q6700,A66
Q6701,A8
Q6702,A12
Q6703,A27
Q6704,A47
Q6705,A72
Q6706,A80
Q6707,A2
Q6708,A65
Q6709,A3
Q6710,A48
Q6711,A89
Q6712,A83
Q6713,A42
Q6714,A65
Q6715,A81
Q6716,A57
Q6717,A58
Q6718,A48
Q6719,A53
Q6720,A79
Q6721,A77
Q6722,A44
Q6723,A57
Q6724,A72
Q6725,A54
Q6726,A84
Q6727,A35
Q6728,A20
Q6729,A26
Q6730,A37
Q6731,A79
Q6732,A93
Q6733,A48
Q6734,A32
Q6735,A17
Q6736,A41
Q6737,A70
Q6738,A87
Q6739,A70
Q6740,A11
Q6741,A48
Q6742,A79
Q6743,A28
Q6744,A31
Q6745,A18
Q6746,A59
Q6747,A49
Q6748,A96
Q6749,A33
Q6750,A74
Q6751,A62
Q6752,A29
Q6753,A88
Q6754,A70
Q6755,A26
Q6756,A5
Q6757,A42
Q6758,A49
Q6759,A78
Q6760,A45
Q6761,A82
Q6762,A22
Q6763,A61
Q6764,A18
Q6765,A97
Q6766,A56
Q6767,A1
Q6768,A72
Q6769,A93
Q6770,A58
Q6771,A22
Q6772,A60
Q6773,A47
Q6774,A74
Q6775,A66
Q6776,A39
Q6777,A55
Q6778,A68
Q6779,A58
Q6780,A58
Q6781,A20
Q6782,A34
Q6783,A24
Q6784,A12
Q6785,A5
Q6786,A66
Q6787,A63
Q6788,A61
Q6789,A36
Q6790,A96
Q6791,A45
Q6792,A7
Q6793,A16
Q6794,A54
Q6795,A39
Q6796,A90
Q6797,A57
Q6798,A89
Q6799,A32
Q6800,A51
Q6801,A92
Q6802,A43
Q6803,A0
Q6804,A45
Q6805,A58
Q6806,A70
Q6807,A37
Q6808,A72
Q6809,A49
Q6810,A61
Q6811,A76
Q6812,A16
Q6813,A95
Q6814,A74
Q6815,A67
Q6816,A6
Q6817,A2
Q6818,A90
Q6819,A80
Q6820,A38
Q6821,A27
Q6822,A84
Q6823,A70
Q6824,A83
Q6825,A35
Q6826,A97
Q6827,A36
Q6828,A24
Q6829,A56
Q6830,A62
Q6831,A25
Q6832,A8
Q6833,A12
Q6834,A4
Q6835,A12
Q6836,A90
Q6837,A27
Q6838,A56
Q6839,A96
Q6840,A69
Q6841,A11
Q6842,A79
Q6843,A40
Q6844,A10
Q6845,A51
Q6846,A41
Q6847,A81
Q6848,A51
Q6849,A34
Q6850,A61
Q6851,A0
Q6852,A47
Q6853,A48
Q6854,A4
Q6855,A50
Q6856,A7
Q6857,A40
Q6858,A59
Q6859,A45
Q6860,A95
Q6861,A27
Q6862,A26
Q6863,A43
Q6864,A61
Q6865,A62
Q6866,A64
Q6867,A72
Q6868,A3
Q6869,A61
Q6870,A48
Q6871,A85
Q6872,A9
Q6873,A49
Q6874,A11
Q6875,A68
Q6876,A62
Q6877,A77
Q6878,A2
Q6879,A64
Q6880,A95
Q6881,A22
Q6882,A90
Q6883,A59
Q6884,A43
Q6885,A74
Q6886,A38
Q6887,A42
Q6888,A63
Q6889,A52
Q6890,A91
Q6891,A94
Q6892,A73
Q6893,A1
Q6894,A64
Q6895,A48
Q6896,A3
Q6897,A62
Q6898,A49
Q6899,A83
Q6900,A66
Q6901,A2
Q6902,A55
Q6903,A8
Q6904,A60
Q6905,A73
Q6906,A93
Q6907,A78
Q6908,A15
Q6909,A88
Q6910,A6
Q6911,A61
Q6912,A35
Q6913,A11
Q6914,A65
Q6915,A58
Q6916,A56
Q6917,A6
Q6918,A12
Q6919,A67
Q6920,A45
Q6921,A33
Q6922,A30
Q6923,A2
Q6924,A84
Q6925,A4
Q6926,A96
Q6927,A38
Q6928,A67
Q6929,A68
Q6930,A97
Q6931,A75
Q6932,A78
Q6933,A9
Q6934,A53
Q6935,A17
Q6936,A30
Q6937,A20
Q6938,A21
Q6939,A52
Q6940,A99
Q6941,A90
Q6942,A25
Q6943,A52
Q6944,A87
Q6945,A9
Q6946,A81
Q6947,A32
Q6948,A11
Q6949,A11
Q6950,A87
Q6951,A29
Q6952,A44
Q6953,A63
Q6954,A62
Q6955,A53
Q6956,A92
Q6957,A39
Q6958,A40
Q6959,A71
Q6960,A58
Q6961,A82
Q6962,A9
Q6963,A93
Q6964,A93
Q6965,A16
Q6966,A41
Q6967,A26
Q6968,A22
Q6969,A35
Q6970,A89
Q6971,A83
Q6972,A16
Q6973,A59
Q6974,A43
Q6975,A2
Q6976,A66
Q6977,A42
Q6978,A67
Q6979,A21
Q6980,A87
Q6981,A57
Q6982,A62
Q6983,A85
Q6984,A51
Q6985,A36
Q6986,A57
Q6987,A87
Q6988,A11
Q6989,A63
Q6990,A44
Q6991,A21
Q6992,A57
Q6993,A4
Q6994,A29
Q6995,A70
Q6996,A66
Q6997,A81
Q6998,A81
Q6999,A90
Q7000,A14
Q7001,A58
Q7002,A7
Q7003,A45
Q7004,A42
Q7005,A10
Q7006,A10
Q7007,A41
Q7008,A58
Q7009,A19
Q7010,A65
Q7011,A87
Q7012,A58
Q7013,A87
Q7014,A37
Q7015,A4
Q7016,A79
Q7017,A4
Q7018,A23
Q7019,A92
Q7020,A95
Q7021,A92
Q7022,A78
Q7023,A81
Q7024,A65
Q7025,A0
Q7026,A48
Q7027,A82
Q7028,A75
Q7029,A67
Q7030,A17
Q7031,A4
Q7032,A80
Q7033,A98
Q7034,A24
Q7035,A60
Q7036,A73
Q7037,A59
Q7038,A20
Q7039,A72
Q7040,A84
Q7041,A35
Q7042,A51
Q7043,A63
Q7044,A53
Q7045,A51
Q7046,A95
Q7047,A95
Q7048,A88
Q7049,A62
Q7050,A98
Q7051,A91
Q7052,A17
Q7053,A76
Q7054,A5
Q7055,A31
Q7056,A97
Q7057,A22
Q7058,A1
Q7059,A47
Q7060,A39
Q7061,A59
Q7062,A28
Q7063,A74
Q7064,A62
Q7065,A59
Q7066,A2
Q7067,A57
Q7068,A71
Q7069,A70
Q7070,A48
Q7071,A69
Q7072,A79
Q7073,A68
Q7074,A12
Q7075,A70
Q7076,A38
Q7077,A25
Q7078,A90
Q7079,A33
Q7080,A32
Q7081,A38
Q7082,A60
Q7083,A4
Q7084,A96
Q7085,A66
Q7086,A70
Q7087,A95
Q7088,A3
Q7089,A43
Q7090,A3
Q7091,A86
Q7092,A21
Q7093,A59
Q7094,A57
Q7095,A50
Q7096,A6
Q7097,A99
Q7098,A29
Q7099,A75
Q7100,A9
Q7101,A8
Q7102,A88
Q7103,A30
Q7104,A18
Q7105,A8
Q7106,A9
Q7107,A77
Q7108,A98
Q7109,A78
Q7110,A7
Q7111,A99
Q7112,A11
Q7113,A35
Q7114,A65
Q7115,A85
Q7116,A74
Q7117,A70
Q7118,A59
Q7119,A8
Q7120,A8
Q7121,A47
Q7122,A30
Q7123,A15
Q7124,A35
Q7125,A56
Q7126,A15
Q7127,A60
Q7128,A19
Q7129,A34
Q7130,A87
Q7131,A63
Q7132,A64
Q7133,A79
Q7134,A21
Q7135,A1
Q7136,A0
Q7137,A8
Q7138,A14
Q7139,A88
Q7140,A79
Q7141,A28
Q7142,A10
Q7143,A0
Q7144,A15
Q7145,A85
Q7146,A70
Q7147,A96
Q7148,A69
Q7149,A18
Q7150,A58
Q7151,A95
Q7152,A50
Q7153,A17
Q7154,A6
Q7155,A0
Q7156,A56
Q7157,A53
Q7158,A35
Q7159,A21
Q7160,A62
Q7161,A8
Q7162,A42
Q7163,A88
Q7164,A67
Q7165,A69
Q7166,A47
Q7167,A27
Q7168,A76
Q7169,A84
Q7170,A27
Q7171,A42
Q7172,A52
Q7173,A7
Q7174,A97
Q7175,A24
Q7176,A53
Q7177,A51
Q7178,A4
Q7179,A10
Q7180,A88
Q7181,A70
Q7182,A75
Q7183,A3
Q7184,A78
Q7185,A48
Q7186,A69
Q7187,A61
Q7188,A49
Q7189,A94
Q7190,A76
Q7191,A80
Q7192,A45
Q7193,A29
Q7194,A34
Q7195,A13
Q7196,A83
Q7197,A45
Q7198,A70
Q7199,A16
Q7200,A72
Q7201,A5
Q7202,A85
Q7203,A5
Q7204,A31
Q7205,A20
Q7206,A34
Q7207,A89
Q7208,A81
Q7209,A49
Q7210,A26
Q7211,A36
Q7212,A98
Q7213,A17
Q7214,A98
Q7215,A27
Q7216,A35
Q7217,A95
Q7218,A35
Q7219,A41
Q7220,A95
Q7221,A26
Q7222,A58
Q7223,A13
Q7224,A21
Q7225,A26
Q7226,A7
Q7227,A60
Q7228,A43
Q7229,A8
Q7230,A70
Q7231,A96
Q7232,A97
Q7233,A51
Q7234,A0
Q7235,A72
Q7236,A89
Q7237,A7
Q7238,A63
Q7239,A78
Q7240,A15
Q7241,A60
Q7242,A76
Q7243,A25
Q7244,A66
Q7245,A73
Q7246,A9
Q7247,A46
Q7248,A33
Q7249,A32
Q7250,A97
Q7251,A54
Q7252,A35
Q7253,A48
Q7254,A45
Q7255,A8
Q7256,A28
Q7257,A64
Q7258,A2
Q7259,A54
Q7260,A31
Q7261,A30
Q7262,A85
Q7263,A98
Q7264,A38
Q7265,A11
Q7266,A0
Q7267,A31
Q7268,A13
Q7269,A57
Q7270,A4
Q7271,A60
Q7272,A71
Q7273,A37
Q7274,A90
Q7275,A54
Q7276,A78
Q7277,A91
Q7278,A91
Q7279,A67
Q7280,A24
Q7281,A50
Q7282,A48
Q7283,A35
Q7284,A33
Q7285,A20
Q7286,A8
Q7287,A26
Q7288,A24
Q7289,A56
Q7290,A4
Q7291,A16
Q7292,A44
Q7293,A19
Q7294,A14
Q7295,A39
Q7296,A62
Q7297,A28
Q7298,A19
Q7299,A10
Q7300,A88
Q7301,A96
Q7302,A10
Q7303,A47
Q7304,A28
Q7305,A58
Q7306,A14
Q7307,A94
Q7308,A5
Q7309,A93
Q7310,A11
Q7311,A6
Q7312,A34
Q7313,A11
Q7314,A21
Q7315,A24
Q7316,A57
Q7317,A89
Q7318,A26
Q7319,A91
Q7320,A59
Q7321,A96
Q7322,A65
Q7323,A65
Q7324,A51
Q7325,A12
Q7326,A58
Q7327,A78
Q7328,A14
Q7329,A29
Q7330,A61
Q7331,A11
Q7332,A92
Q7333,A47
Q7334,A82
Q7335,A10
Q7336,A60
Q7337,A55
Q7338,A79
Q7339,A65
Q7340,A57
Q7341,A22
Q7342,A61
Q7343,A91
Q7344,A70
Q7345,A86
Q7346,A32
Q7347,A14
Q7348,A78
Q7349,A5
Q7350,A12
Q7351,A78
Q7352,A90
Q7353,A5
Q7354,A65
Q7355,A54
Q7356,A83
Q7357,A14
Q7358,A21
Q7359,A92
Q7360,A27
Q7361,A47
Q7362,A8
Q7363,A69
Q7364,A60
Q7365,A65
Q7366,A38
Q7367,A1
Q7368,A34
Q7369,A90
Q7370,A81
Q7371,A15
Q7372,A4
Q7373,A81
Q7374,A78
Q7375,A83
Q7376,A7
Q7377,A61
Q7378,A30
Q7379,A60
Q7380,A64
Q7381,A70
Q7382,A78
Q7383,A1
Q7384,A19
Q7385,A73
Q7386,A18
Q7387,A87
Q7388,A35
Q7389,A5
Q7390,A59
Q7391,A77
Q7392,A90
Q7393,A51
Q7394,A55
Q7395,A93
Q7396,A62
Q7397,A13
Q7398,A77
Q7399,A34
Q7400,A61
Q7401,A24
Q7402,A33
Q7403,A35
Q7404,A3
Q7405,A25
Q7406,A10
Q7407,A45
Q7408,A58
Q7409,A94
Q7410,A51
Q7411,A13
Q7412,A68
Q7413,A30
Q7414,A57
Q7415,A82
Q7416,A74
Q7417,A60
Q7418,A29
Q7419,A43
Q7420,A7
Q7421,A68
Q7422,A13
Q7423,A46
Q7424,A83
Q7425,A27
Q7426,A99
Q7427,A32
Q7428,A81
Q7429,A10
Q7430,A67
Q7431,A74
Q7432,A80
Q7433,A97
Q7434,A94
Q7435,A63
Q7436,A23
Q7437,A23
Q7438,A61
Q7439,A88
Q7440,A2
Q7441,A49
Q7442,A82
Q7443,A10
Q7444,A32
Q7445,A63
Q7446,A75
Q7447,A99
Q7448,A43
Q7449,A64
Q7450,A25
Q7451,A30
Q7452,A0
Q7453,A77
Q7454,A88
Q7455,A32
Q7456,A23
Q7457,A17
Q7458,A11
Q7459,A10
Q7460,A24
Q7461,A41
Q7462,A72
Q7463,A55
Q7464,A94
Q7465,A2
Q7466,A81
Q7467,A6
Q7468,A24
Q7469,A32
Q7470,A79
Q7471,A82
Q7472,A41
Q7473,A27
Q7474,A2
Q7475,A28
Q7476,A10
Q7477,A64
Q7478,A14
Q7479,A15
Q7480,A1
Q7481,A5
Q7482,A78
Q7483,A23
Q7484,A62
Q7485,A70
Q7486,A26
Q7487,A6
Q7488,A61
Q7489,A93
Q7490,A25
Q7491,A27
Q7492,A56
Q7493,A39
Q7494,A23
Q7495,A53
Q7496,A74
Q7497,A46
Q7498,A0
Q7499,A22
Q7500,A70
Q7501,A21
Q7502,A69
Q7503,A77
Q7504,A90
Q7505,A48
Q7506,A85
Q7507,A56
Q7508,A33
Q7509,A13
Q7510,A69
Q7511,A43
Q7512,A90
Q7513,A16
Q7514,A16
Q7515,A34
Q7516,A28
Q7517,A8
Q7518,A37
Q7519,A47
Q7520,A30
Q7521,A68
Q7522,A31
Q7523,A80
Q7524,A4
Q7525,A51
Q7526,A98
Q7527,A52
Q7528,A14
Q7529,A5
Q7530,A66
Q7531,A28
Q7532,A15
Q7533,A81
Q7534,A14
Q7535,A64
Q7536,A56
Q7537,A28
Q7538,A92
Q7539,A89
Q7540,A43
Q7541,A73
Q7542,A46
Q7543,A91
Q7544,A37
Q7545,A43
Q7546,A3
Q7547,A44
Q7548,A21
Q7549,A42
Q7550,A25
Q7551,A95
Q7552,A1
Q7553,A83
Q7554,A81
Q7555,A9
Q7556,A32
Q7557,A18
Q7558,A24
Q7559,A14
Q7560,A51
Q7561,A44
Q7562,A11
Q7563,A65
Q7564,A26
Q7565,A92
Q7566,A99
Q7567,A31
Q7568,A65
Q7569,A55
Q7570,A78
Q7571,A79
Q7572,A13
Q7573,A89
Q7574,A19
Q7575,A61
Q7576,A44
Q7577,A0
Q7578,A57
Q7579,A42
Q7580,A11
Q7581,A61
Q7582,A41
Q7583,A31
Q7584,A39
Q7585,A20
Q7586,A82
Q7587,A49
Q7588,A44
Q7589,A93
Q7590,A61
Q7591,A26
Q7592,A63
Q7593,A27
Q7594,A88
Q7595,A4
Q7596,A10
Q7597,A33
Q7598,A52
Q7599,A80
Q7600,A39
Q7601,A12
Q7602,A33
Q7603,A47
Q7604,A12
Q7605,A64
Q7606,A20
Q7607,A47
Q7608,A86
Q7609,A87
Q7610,A22
Q7611,A26
Q7612,A81
Q7613,A40
Q7614,A2
Q7615,A72
Q7616,A16
Q7617,A24
Q7618,A85
Q7619,A56
Q7620,A45
Q7621,A41
Q7622,A15
Q7623,A42
Q7624,A78
Q7625,A3
Q7626,A87
Q7627,A51
Q7628,A99
Q7629,A97
Q7630,A46
Q7631,A67
Q7632,A31
Q7633,A6
Q7634,A78
Q7635,A51
Q7636,A35
Q7637,A77
Q7638,A25
Q7639,A39
Q7640,A56
Q7641,A94
Q7642,A54
Q7643,A40
Q7644,A64
Q7645,A33
Q7646,A86
Q7647,A34
Q7648,A31
Q7649,A18
Q7650,A48
Q7651,A29
Q7652,A74
Q7653,A17
Q7654,A69
Q7655,A97
Q7656,A74
Q7657,A70
Q7658,A61
Q7659,A31
Q7660,A82
Q7661,A72
Q7662,A69
Q7663,A62
Q7664,A59
Q7665,A76
Q7666,A14
Q7667,A5
Q7668,A70
Q7669,A12
Q7670,A38
Q7671,A82
Q7672,A7
Q7673,A99
Q7674,A14
Q7675,A33
Q7676,A24
Q7677,A36
Q7678,A22
Q7679,A63
Q7680,A21
Q7681,A76
Q7682,A4
Q7683,A28
Q7684,A71
Q7685,A1
Q7686,A7
Q7687,A72
Q7688,A89
Q7689,A19
Q7690,A73
Q7691,A88
Q7692,A19
Q7693,A11
Q7694,A76
Q7695,A45
Q7696,A22
Q7697,A17
Q7698,A19
Q7699,A8
Q7700,A17
Q7701,A55
Q7702,A21
Q7703,A84
Q7704,A29
Q7705,A22
Q7706,A19
Q7707,A65
Q7708,A93
Q7709,A19
Q7710,A17
Q7711,A62
Q7712,A10
Q7713,A41
Q7714,A73
Q7715,A8
Q7716,A26
Q7717,A90
Q7718,A85
Q7719,A48
Q7720,A5
Q7721,A62
Q7722,A78
Q7723,A73
Q7724,A29
Q7725,A54
Q7726,A90
Q7727,A29
Q7728,A90
Q7729,A44
Q7730,A84
Q7731,A41
Q7732,A48
Q7733,A2
Q7734,A90
Q7735,A63
Q7736,A59
Q7737,A93
Q7738,A26
Q7739,A67
Q7740,A33
Q7741,A80
Q7742,A37
Q7743,A40
Q7744,A99
Q7745,A30
Q7746,A28
Q7747,A45
Q7748,A96
Q7749,A24
Q7750,A87
Q7751,A56
Q7752,A67
Q7753,A55
Q7754,A17
Q7755,A25
Q7756,A53
Q7757,A52
Q7758,A79
Q7759,A27
Q7760,A88
Q7761,A22
Q7762,A65
Q7763,A84
Q7764,A99
Q7765,A96
Q7766,A78
Q7767,A43
Q7768,A67
Q7769,A27
Q7770,A31
Q7771,A80
Q7772,A38
Q7773,A49
Q7774,A41
Q7775,A79
Q7776,A63
Q7777,A65
Q7778,A68
Q7779,A46
Q7780,A23
Q7781,A85
Q7782,A97
Q7783,A64
Q7784,A22
Q7785,A49
Q7786,A67
Q7787,A14
Q7788,A38
Q7789,A65
Q7790,A99
Q7791,A41
Q7792,A41
Q7793,A95
Q7794,A53
Q7795,A69
Q7796,A55
Q7797,A46
Q7798,A5
Q7799,A28
Q7800,A20
Q7801,A23
Q7802,A2
Q7803,A52
Q7804,A97
Q7805,A72
Q7806,A43
Q7807,A26
Q7808,A25
Q7809,A60
Q7810,A23
Q7811,A87
Q7812,A41
Q7813,A20
Q7814,A60
Q7815,A54
Q7816,A35
Q7817,A68
Q7818,A36
Q7819,A4
Q7820,A21
Q7821,A19
Q7822,A16
Q7823,A41
Q7824,A98
Q7825,A12
Q7826,A16
Q7827,A91
Q7828,A94
Q7829,A56
Q7830,A47
Q7831,A59
Q7832,A77
Q7833,A77
Q7834,A76
Q7835,A83
Q7836,A68
Q7837,A72
Q7838,A57
Q7839,A40
Q7840,A11
Q7841,A4
Q7842,A52
Q7843,A58
Q7844,A24
Q7845,A56
Q7846,A30
Q7847,A54
Q7848,A58
Q7849,A1
Q7850,A72
Q7851,A46
Q7852,A45
Q7853,A34
Q7854,A2
Q7855,A57
Q7856,A6
Q7857,A60
Q7858,A86
Q7859,A36
Q7860,A46
Q7861,A92
Q7862,A30
Q7863,A83
Q7864,A10
Q7865,A26
Q7866,A73
Q7867,A79
Q7868,A9
Q7869,A32
Q7870,A66
Q7871,A14
Q7872,A32
Q7873,A27
Q7874,A96
Q7875,A43
Q7876,A52
Q7877,A2
Q7878,A10
Q7879,A53
Q7880,A85
Q7881,A42
Q7882,A58
Q7883,A36
Q7884,A97
Q7885,A11
Q7886,A80
Q7887,A5
Q7888,A22
Q7889,A78
Q7890,A20
Q7891,A2
Q7892,A90
Q7893,A21
Q7894,A33
Q7895,A16
Q7896,A48
Q7897,A29
Q7898,A99
Q7899,A13
Q7900,A52
Q7901,A61
Q7902,A58
Q7903,A49
Q7904,A32
Q7905,A52
Q7906,A74
Q7907,A77
Q7908,A18
Q7909,A72
Q7910,A7
Q7911,A85
Q7912,A55
Q7913,A78
Q7914,A29
Q7915,A68
Q7916,A64
Q7917,A77
Q7918,A72
Q7919,A88
Q7920,A26
Q7921,A92
Q7922,A37
Q7923,A0
Q7924,A33
Q7925,A77
Q7926,A76
Q7927,A64
Q7928,A58
Q7929,A80
Q7930,A16
Q7931,A20
Q7932,A4
Q7933,A57
Q7934,A90
Q7935,A62
Q7936,A4
Q7937,A42
Q7938,A7
Q7939,A72
Q7940,A79
Q7941,A10
Q7942,A73
Q7943,A48
Q7944,A68
Q7945,A76
Q7946,A8
Q7947,A14
Q7948,A37
Q7949,A84
Q7950,A13
Q7951,A62
Q7952,A51
Q7953,A90
Q7954,A30
Q7955,A18
Q7956,A28
Q7957,A43
Q7958,A57
Q7959,A82
Q7960,A76
Q7961,A67
Q7962,A72
Q7963,A68
Q7964,A56
Q7965,A87
Q7966,A69
Q7967,A25
Q7968,A63
Q7969,A17
Q7970,A44
Q7971,A9
Q7972,A83
Q7973,A65
Q7974,A1
Q7975,A75
Q7976,A48
Q7977,A13
Q7978,A7
Q7979,A24
Q7980,A59
Q7981,A62
Q7982,A99
Q7983,A93
Q7984,A94
Q7985,A72
Q7986,A30
Q7987,A77
Q7988,A12
Q7989,A17
Q7990,A35
Q7991,A21
Q7992,A12
Q7993,A53
Q7994,A29
Q7995,A69
Q7996,A33
Q7997,A1
Q7998,A9
Q7999,A39
Q8000,A91
Q8001,A94
Q8002,A83
Q8003,A63
Q8004,A18
Q8005,A92
Q8006,A51
Q8007,A79
Q8008,A4
Q8009,A65
Q8010,A27
Q8011,A10
Q8012,A0
Q8013,A13
Q8014,A59
Q8015,A6
Q8016,A22
Q8017,A53
Q8018,A52
Q8019,A3
Q8020,A3
Q8021,A40
Q8022,A89
Q8023,A20
Q8024,A12
Q8025,A49
Q8026,A14
Q8027,A92
Q8028,A16
Q8029,A31
Q8030,A50
Q8031,A39
Q8032,A89
Q8033,A79
Q8034,A33
Q8035,A72
Q8036,A36
Q8037,A47
Q8038,A54
Q8039,A55
Q8040,A4
Q8041,A73
Q8042,A9
Q8043,A77
Q8044,A17
Q8045,A0
Q8046,A38
Q8047,A47
Q8048,A10
Q8049,A36
Q8050,A26
Q8051,A23
Q8052,A80
Q8053,A54
Q8054,A66
Q8055,A95
Q8056,A28
Q8057,A16
Q8058,A85
Q8059,A91
Q8060,A55
Q8061,A82
Q8062,A91
Q8063,A56
Q8064,A42
Q8065,A0
Q8066,A78
Q8067,A40
Q8068,A31
Q8069,A74
Q8070,A82
Q8071,A95
Q8072,A40
Q8073,A31
Q8074,A34
Q8075,A62
Q8076,A80
Q8077,A6
Q8078,A82
Q8079,A14
Q8080,A92
Q8081,A59
Q8082,A39
Q8083,A24
Q8084,A87
Q8085,A17
Q8086,A86
Q8087,A31
Q8088,A22
Q8089,A44
Q8090,A13
Q8091,A51
Q8092,A62
Q8093,A89
Q8094,A80
Q8095,A55
Q8096,A94
Q8097,A19
Q8098,A32
Q8099,A82
Q8100,A2
Q8101,A58
Q8102,A52
Q8103,A40
Q8104,A36
Q8105,A14
Q8106,A0
Q8107,A43
Q8108,A76
Q8109,A14
Q8110,A7
Q8111,A9
Q8112,A34
Q8113,A59
Q8114,A55
Q8115,A37
Q8116,A89
Q8117,A22
Q8118,A98
Q8119,A58
Q8120,A16
Q8121,A61
Q8122,A32
Q8123,A65
Q8124,A84
Q8125,A76
Q8126,A22
Q8127,A64
Q8128,A20
Q8129,A98
Q8130,A57
Q8131,A76
Q8132,A30
Q8133,A6
Q8134,A72
Q8135,A58
Q8136,A44
Q8137,A68
Q8138,A48
Q8139,A44
Q8140,A22
Q8141,A85
Q8142,A11
Q8143,A27
Q8144,A28
Q8145,A87
Q8146,A54
Q8147,A40
Q8148,A95
Q8149,A86
Q8150,A61
Q8151,A96
Q8152,A3
Q8153,A8
Q8154,A71
Q8155,A32
Q8156,A73
Q8157,A16
Q8158,A78
Q8159,A50
Q8160,A75
Q8161,A88
Q8162,A97
Q8163,A27
Q8164,A94
Q8165,A92
Q8166,A95
Q8167,A62
Q8168,A25
Q8169,A73
Q8170,A82
Q8171,A96
Q8172,A94
Q8173,A68
Q8174,A28
Q8175,A35
Q8176,A67
Q8177,A61
Q8178,A38
Q8179,A4
Q8180,A0
Q8181,A49
Q8182,A58
Q8183,A59
Q8184,A97
Q8185,A47
Q8186,A46
Q8187,A84
Q8188,A42
Q8189,A33
Q8190,A59
Q8191,A8
Q8192,A1
Q8193,A47
Q8194,A74
Q8195,A92
Q8196,A53
Q8197,A87
Q8198,A53
Q8199,A15
Q8200,A58
Q8201,A84
Q8202,A54
Q8203,A13
Q8204,A9
Q8205,A36
Q8206,A67
Q8207,A82
Q8208,A98
Q8209,A48
Q8210,A76
Q8211,A43
Q8212,A38
Q8213,A84
Q8214,A42
Q8215,A83
Q8216,A30
Q8217,A71
Q8218,A18
Q8219,A71
Q8220,A72
Q8221,A6
Q8222,A8
Q8223,A79
Q8224,A73
Q8225,A65
Q8226,A92
Q8227,A55
Q8228,A30
Q8229,A37
Q8230,A47
Q8231,A85
Q8232,A12
Q8233,A45
Q8234,A70
Q8235,A28
Q8236,A58
Q8237,A51
Q8238,A7
Q8239,A29
Q8240,A80
Q8241,A59
Q8242,A98
Q8243,A30
Q8244,A29
Q8245,A11
Q8246,A23
Q8247,A48
Q8248,A45
Q8249,A38
Q8250,A16
Q8251,A86
Q8252,A19
Q8253,A82
Q8254,A40
Q8255,A65
Q8256,A93
Q8257,A82
Q8258,A50
Q8259,A96
Q8260,A77
Q8261,A86
Q8262,A7
Q8263,A71
Q8264,A70
Q8265,A41
Q8266,A56
Q8267,A49
Q8268,A27
Q8269,A91
Q8270,A57
Q8271,A59
Q8272,A92
Q8273,A5
Q8274,A96
Q8275,A77
Q8276,A81
Q8277,A13
Q8278,A3
Q8279,A20
Q8280,A61
Q8281,A73
Q8282,A16
Q8283,A26
Q8284,A88
Q8285,A55
Q8286,A94
Q8287,A88
Q8288,A43
Q8289,A53
Q8290,A91
Q8291,A82
Q8292,A4
Q8293,A79
Q8294,A55
Q8295,A60
Q8296,A38
Q8297,A95
Q8298,A62
Q8299,A57
Q8300,A41
Q8301,A49
Q8302,A52
Q8303,A86
Q8304,A41
Q8305,A51
Q8306,A7
Q8307,A9
Q8308,A31
Q8309,A57
Q8310,A88
Q8311,A93
Q8312,A75
Q8313,A9
Q8314,A64
Q8315,A76
Q8316,A34
Q8317,A97
Q8318,A63
Q8319,A83
Q8320,A92
Q8321,A81
Q8322,A48
Q8323,A67
Q8324,A59
Q8325,A12
Q8326,A11
Q8327,A31
Q8328,A87
Q8329,A96
Q8330,A63
Q8331,A82
Q8332,A52
Q8333,A3
Q8334,A51
Q8335,A2
Q8336,A79
Q8337,A53
Q8338,A65
Q8339,A85
Q8340,A85
Q8341,A22
Q8342,A77
Q8343,A69
Q8344,A74
Q8345,A67
Q8346,A18
Q8347,A28
Q8348,A27
Q8349,A15
Q8350,A25
Q8351,A5
Q8352,A26
Q8353,A1
Q8354,A38
Q8355,A8
Q8356,A94
Q8357,A13
Q8358,A95
Q8359,A11
Q8360,A19
Q8361,A42
Q8362,A88
Q8363,A54
Q8364,A87
Q8365,A3
Q8366,A57
Q8367,A63
Q8368,A7
Q8369,A45
Q8370,A6
Q8371,A35
Q8372,A31
Q8373,A40
Q8374,A9
Q8375,A98
Q8376,A97
Q8377,A44
Q8378,A56
Q8379,A86
Q8380,A66
Q8381,A62
Q8382,A78
Q8383,A96
Q8384,A27
Q8385,A84
Q8386,A87
Q8387,A33
Q8388,A17
Q8389,A22
Q8390,A51
Q8391,A26
Q8392,A46
Q8393,A35
Q8394,A21
Q8395,A62
Q8396,A34
Q8397,A42
Q8398,A15
Q8399,A68
Q8400,A12
Q8401,A57
Q8402,A22
Q8403,A71
Q8404,A33
Q8405,A18
Q8406,A34
Q8407,A74
Q8408,A8
Q8409,A0
Q8410,A93
Q8411,A22
Q8412,A68
Q8413,A46
Q8414,A64
Q8415,A39
Q8416,A91
Q8417,A97
Q8418,A90
Q8419,A58
Q8420,A58
Q8421,A12
Q8422,A39
Q8423,A74
Q8424,A76
Q8425,A12
Q8426,A42
Q8427,A46
Q8428,A19
Q8429,A22
Q8430,A92
Q8431,A1
Q8432,A42
Q8433,A54
Q8434,A66
Q8435,A89
Q8436,A22
Q8437,A55
Q8438,A64
Q8439,A70
Q8440,A24
Q8441,A64
Q8442,A14
Q8443,A63
Q8444,A7
Q8445,A76
Q8446,A75
Q8447,A55
Q8448,A86
Q8449,A61
Q8450,A14
Q8451,A74
Q8452,A33
Q8453,A55
Q8454,A61
Q8455,A32
Q8456,A10
Q8457,A64
Q8458,A10
Q8459,A30
Q8460,A51
Q8461,A77
Q8462,A4
Q8463,A62
Q8464,A11
Q8465,A64
Q8466,A99
Q8467,A77
Q8468,A25
Q8469,A23
Q8470,A98
Q8471,A66
Q8472,A88
Q8473,A66
Q8474,A77
Q8475,A67
Q8476,A71
Q8477,A50
Q8478,A25
Q8479,A23
Q8480,A32
Q8481,A84
Q8482,A71
Q8483,A55
Q8484,A67
Q8485,A92
Q8486,A31
Q8487,A94
Q8488,A25
Q8489,A91
Q8490,A35
Q8491,A66
Q8492,A40
Q8493,A94
Q8494,A34
Q8495,A72
Q8496,A61
Q8497,A53
Q8498,A49
Q8499,A32
Q8500,A35
Q8501,A84
Q8502,A92
Q8503,A26
Q8504,A29
Q8505,A87
Q8506,A73
Q8507,A51
Q8508,A43
Q8509,A8
Q8510,A98
Q8511,A55
Q8512,A0
Q8513,A37
Q8514,A63
Q8515,A49
Q8516,A24
Q8517,A38
Q8518,A82
Q8519,A89
Q8520,A60
Q8521,A29
Q8522,A62
Q8523,A74
Q8524,A55
Q8525,A74
Q8526,A65
Q8527,A78
Q8528,A14
Q8529,A38
Q8530,A72
Q8531,A65
Q8532,A71
Q8533,A48
Q8534,A74
Q8535,A14
Q8536,A95
Q8537,A40
Q8538,A5
Q8539,A38
Q8540,A9
Q8541,A91
Q8542,A9
Q8543,A51
Q8544,A40
Q8545,A8
Q8546,A89
Q8547,A84
Q8548,A74
Q8549,A15
Q8550,A95
Q8551,A97
Q8552,A50
Q8553,A82
Q8554,A71
Q8555,A34
Q8556,A29
Q8557,A62
Q8558,A50
Q8559,A81
Q8560,A67
Q8561,A6
Q8562,A15
Q8563,A73
Q8564,A43
Q8565,A24
Q8566,A73
Q8567,A64
Q8568,A97
Q8569,A63
Q8570,A78
Q8571,A64
Q8572,A21
Q8573,A82
Q8574,A92
Q8575,A76
Q8576,A9
Q8577,A16
Q8578,A59
Q8579,A48
Q8580,A82
Q8581,A82
Q8582,A63
Q8583,A18
Q8584,A72
Q8585,A48
Q8586,A79
Q8587,A91
Q8588,A69
Q8589,A14
Q8590,A9
Q8591,A32
Q8592,A55
Q8593,A11
Q8594,A3
Q8595,A48
Q8596,A3
Q8597,A80
Q8598,A78
Q8599,A1
Q8600,A13
Q8601,A30
Q8602,A99
Q8603,A22
Q8604,A44
Q8605,A28
Q8606,A83
Q8607,A50
Q8608,A38
Q8609,A50
Q8610,A54
Q8611,A89
Q8612,A10
Q8613,A35
Q8614,A38
Q8615,A93
Q8616,A4
Q8617,A0
Q8618,A5
Q8619,A25
Q8620,A99
Q8621,A98
Q8622,A81
Q8623,A94
Q8624,A59
Q8625,A63
Q8626,A99
Q8627,A84
Q8628,A56
Q8629,A72
Q8630,A97
Q8631,A94
Q8632,A77
Q8633,A16
Q8634,A5
Q8635,A58
Q8636,A2
Q8637,A0
Q8638,A22
Q8639,A18
Q8640,A50
Q8641,A34
Q8642,A41
Q8643,A34
Q8644,A50
Q8645,A55
Q8646,A11
Q8647,A19
Q8648,A15
Q8649,A34
Q8650,A98
Q8651,A71
Q8652,A17
Q8653,A47
Q8654,A71
Q8655,A55
Q8656,A22
Q8657,A48
Q8658,A95
Q8659,A16
Q8660,A68
Q8661,A5
Q8662,A72
Q8663,A56
Q8664,A53
Q8665,A13
Q8666,A65
Q8667,A44
Q8668,A81
Q8669,A53
Q8670,A14
Q8671,A54
Q8672,A69
Q8673,A97
Q8674,A8
Q8675,A26
Q8676,A59
Q8677,A25
Q8678,A32
Q8679,A28
Q8680,A45
Q8681,A2
Q8682,A12
Q8683,A39
Q8684,A6
Q8685,A20
Q8686,A43
Q8687,A19
Q8688,A21
Q8689,A87
Q8690,A11
Q8691,A70
Q8692,A67
Q8693,A27
Q8694,A60
Q8695,A12
Q8696,A83
Q8697,A93
Q8698,A41
Q8699,A81
Q8700,A21
Q8701,A60
Q8702,A16
Q8703,A50
Q8704,A40
Q8705,A72
Q8706,A22
Q8707,A10
Q8708,A74
Q8709,A61
Q8710,A68
Q8711,A98
Q8712,A66
Q8713,A1
Q8714,A9
Q8715,A8
Q8716,A7
Q8717,A63
Q8718,A68
Q8719,A11
Q8720,A2
Q8721,A49
Q8722,A70
Q8723,A60
Q8724,A5
Q8725,A21
Q8726,A30
Q8727,A82
Q8728,A74
Q8729,A88
Q8730,A64
Q8731,A88
Q8732,A84
Q8733,A57
Q8734,A16
Q8735,A23
Q8736,A84
Q8737,A69
Q8738,A53
Q8739,A95
Q8740,A48
Q8741,A23
Q8742,A83
Q8743,A36
Q8744,A8
Q8745,A43
Q8746,A99
Q8747,A46
Q8748,A5
Q8749,A12
Q8750,A78
Q8751,A55
Q8752,A1
Q8753,A57
Q8754,A86
Q8755,A38
Q8756,A92
Q8757,A15
Q8758,A14
Q8759,A52
Q8760,A81
Q8761,A80
Q8762,A23
Q8763,A83
Q8764,A78
Q8765,A87
Q8766,A95
Q8767,A20
Q8768,A57
Q8769,A96
Q8770,A35
Q8771,A57
Q8772,A1
Q8773,A57
Q8774,A92
Q8775,A78
Q8776,A75
Q8777,A80
Q8778,A93
Q8779,A90
Q8780,A8
Q8781,A55
Q8782,A74
Q8783,A45
Q8784,A21
Q8785,A5
Q8786,A93
Q8787,A32
Q8788,A36
Q8789,A19
Q8790,A27
Q8791,A54
Q8792,A66
Q8793,A51
Q8794,A14
Q8795,A74
Q8796,A83
Q8797,A48
Q8798,A14
Q8799,A81
Q8800,A37
Q8801,A36
Q8802,A86
Q8803,A41
Q8804,A44
Q8805,A60
Q8806,A80
Q8807,A89
Q8808,A65
Q8809,A97
Q8810,A7
Q8811,A79
Q8812,A67
Q8813,A44
Q8814,A37
Q8815,A99
Q8816,A12
Q8817,A70
Q8818,A21
Q8819,A50
Q8820,A26
Q8821,A69
Q8822,A94
Q8823,A74
Q8824,A34
Q8825,A67
Q8826,A76
Q8827,A58
Q8828,A63
Q8829,A29
Q8830,A72
Q8831,A33
Q8832,A12
Q8833,A5
Q8834,A46
Q8835,A1
Q8836,A40
Q8837,A9
Q8838,A35
Q8839,A12
Q8840,A77
Q8841,A78
Q8842,A32
Q8843,A59
Q8844,A47
Q8845,A86
Q8846,A71
Q8847,A0
Q8848,A4
Q8849,A50
Q8850,A76
Q8851,A80
Q8852,A97
Q8853,A10
Q8854,A79
Q8855,A35
Q8856,A49
Q8857,A51
Q8858,A14
Q8859,A36
Q8860,A23
Q8861,A55
Q8862,A47
Q8863,A85
Q8864,A68
Q8865,A61
Q8866,A53
Q8867,A24
Q8868,A48
Q8869,A64
Q8870,A38
Q8871,A72
Q8872,A40
Q8873,A81
Q8874,A95
Q8875,A68
Q8876,A85
Q8877,A30
Q8878,A47
Q8879,A75
Q8880,A38
Q8881,A75
Q8882,A20
Q8883,A46
Q8884,A99
Q8885,A48
Q8886,A91
Q8887,A63
Q8888,A34
Q8889,A12
Q8890,A16
Q8891,A89
Q8892,A13
Q8893,A41
Q8894,A44
Q8895,A53
Q8896,A47
Q8897,A80
Q8898,A9
Q8899,A65
Q8900,A88
Q8901,A69
Q8902,A19
Q8903,A28
Q8904,A33
Q8905,A64
Q8906,A71
Q8907,A76
Q8908,A74
Q8909,A63
Q8910,A54
Q8911,A99
Q8912,A45
Q8913,A31
Q8914,A56
Q8915,A58
Q8916,A45
Q8917,A26
Q8918,A59
Q8919,A87
Q8920,A22
Q8921,A16
Q8922,A21
Q8923,A76
Q8924,A19
Q8925,A9
Q8926,A73
Q8927,A52
Q8928,A41
Q8929,A16
Q8930,A76
Q8931,A59
Q8932,A13
Q8933,A8
Q8934,A69
Q8935,A95
Q8936,A18
Q8937,A29
Q8938,A12
Q8939,A79
Q8940,A99
Q8941,A34
Q8942,A22
Q8943,A31
Q8944,A33
Q8945,A3
Q8946,A4
Q8947,A77
Q8948,A66
Q8949,A34
Q8950,A24
Q8951,A68
Q8952,A83
Q8953,A42
Q8954,A90
Q8955,A2
Q8956,A87
Q8957,A0
Q8958,A97
Q8959,A18
Q8960,A43
Q8961,A36
Q8962,A39
Q8963,A14
Q8964,A92
Q8965,A18
Q8966,A85
Q8967,A1
Q8968,A5
Q8969,A89
Q8970,A95
Q8971,A68
Q8972,A64
Q8973,A56
Q8974,A66
Q8975,A19
Q8976,A81
Q8977,A53
Q8978,A5
Q8979,A21
Q8980,A61
Q8981,A92
Q8982,A85
Q8983,A98
Q8984,A76
Q8985,A97
Q8986,A92
Q8987,A49
Q8988,A58
Q8989,A24
Q8990,A15
Q8991,A15
Q8992,A94
Q8993,A52
Q8994,A61
Q8995,A11
Q8996,A44
Q8997,A49
Q8998,A51
Q8999,A76
Q9000,A42
Q9001,A50
Q9002,A92
Q9003,A57
Q9004,A1
Q9005,A25
Q9006,A8
Q9007,A58
Q9008,A25
Q9009,A26
Q9010,A65
Q9011,A72
Q9012,A55
Q9013,A44
Q9014,A76
Q9015,A60
Q9016,A9
Q9017,A12
Q9018,A40
Q9019,A95
Q9020,A49
Q9021,A38
Q9022,A84
Q9023,A11
Q9024,A38
Q9025,A66
Q9026,A59
Q9027,A19
Q9028,A14
Q9029,A91
Q9030,A68
Q9031,A46
Q9032,A26
Q9033,A15
Q9034,A67
Q9035,A48
Q9036,A40
Q9037,A50
Q9038,A22
Q9039,A13
Q9040,A65
Q9041,A77
Q9042,A64
Q9043,A21
Q9044,A10
Q9045,A49
Q9046,A53
Q9047,A14
Q9048,A75
Q9049,A71
Q9050,A56
Q9051,A42
Q9052,A84
Q9053,A80
Q9054,A14
Q9055,A27
Q9056,A94
Q9057,A1
Q9058,A38
Q9059,A70
Q9060,A23
Q9061,A56
Q9062,A0
Q9063,A85
Q9064,A24
Q9065,A26
Q9066,A8
Q9067,A77
Q9068,A18
Q9069,A40
Q9070,A87
Q9071,A74
Q9072,A51
Q9073,A65
Q9074,A8
Q9075,A16
Q9076,A12
Q9077,A32
Q9078,A49
Q9079,A6
Q9080,A51
Q9081,A50
Q9082,A54
Q9083,A77
Q9084,A61
Q9085,A27
Q9086,A77
Q9087,A21
Q9088,A96
Q9089,A48
Q9090,A11
Q9091,A63
Q9092,A67
Q9093,A76
Q9094,A8
Q9095,A2
Q9096,A44
Q9097,A9
Q9098,A77
Q9099,A97
Q9100,A18
Q9101,A8
Q9102,A56
Q9103,A41
Q9104,A22
Q9105,A62
Q9106,A81
Q9107,A76
Q9108,A34
Q9109,A9
Q9110,A40
Q9111,A82
Q9112,A94
Q9113,A86
Q9114,A60
Q9115,A38
Q9116,A66
Q9117,A92
Q9118,A7
Q9119,A24
Q9120,A84
Q9121,A25
Q9122,A41
Q9123,A32
Q9124,A70
Q9125,A9
Q9126,A75
Q9127,A46
Q9128,A73
Q9129,A99
Q9130,A91
Q9131,A9
Q9132,A8
Q9133,A32
Q9134,A36
Q9135,A84
Q9136,A12
Q9137,A48
Q9138,A9
Q9139,A11
Q9140,A89
Q9141,A42
Q9142,A49
Q9143,A36
Q9144,A18
Q9145,A96
Q9146,A72
Q9147,A50
Q9148,A69
Q9149,A13
Q9150,A45
Q9151,A47
Q9152,A79
Q9153,A30
Q9154,A50
Q9155,A3
Q9156,A36
Q9157,A94
Q9158,A40
Q9159,A86
Q9160,A35
Q9161,A69
Q9162,A60
Q9163,A28
Q9164,A1
Q9165,A1
Q9166,A16
Q9167,A97
Q9168,A89
Q9169,A78
Q9170,A27
Q9171,A22
Q9172,A73
Q9173,A17
Q9174,A67
Q9175,A23
Q9176,A56
Q9177,A21
Q9178,A9
Q9179,A54
Q9180,A5
Q9181,A67
Q9182,A69
Q9183,A10
Q9184,A98
Q9185,A38
Q9186,A71
Q9187,A85
Q9188,A26
Q9189,A69
Q9190,A27
Q9191,A74
Q9192,A2
Q9193,A30
Q9194,A64
Q9195,A29
Q9196,A68
Q9197,A36
Q9198,A66
Q9199,A48
Q9200,A33
Q9201,A88
Q9202,A9
Q9203,A12
Q9204,A22
Q9205,A19
Q9206,A97
Q9207,A97
Q9208,A71
Q9209,A10
Q9210,A50
Q9211,A70
Q9212,A34
Q9213,A15
Q9214,A3
Q9215,A80
Q9216,A83
Q9217,A33
Q9218,A4
Q9219,A46
Q9220,A19
Q9221,A22
Q9222,A35
Q9223,A94
Q9224,A19
Q9225,A41
Q9226,A7
Q9227,A47
Q9228,A90
Q9229,A7
Q9230,A8
Q9231,A42
Q9232,A51
Q9233,A97
Q9234,A61
Q9235,A70
Q9236,A0
Q9237,A57
Q9238,A24
Q9239,A54
Q9240,A63
Q9241,A90
Q9242,A2
Q9243,A2
Q9244,A96
Q9245,A91
Q9246,A89
Q9247,A95
Q9248,A42
Q9249,A95
Q9250,A10
Q9251,A19
Q9252,A71
Q9253,A55
Q9254,A81
Q9255,A35
Q9256,A21
Q9257,A99
Q9258,A78
Q9259,A56
Q9260,A62
Q9261,A16
Q9262,A88
Q9263,A76
Q9264,A91
Q9265,A23
Q9266,A99
Q9267,A51
Q9268,A77
Q9269,A71
Q9270,A54
Q9271,A34
Q9272,A84
Q9273,A64
Q9274,A44
Q9275,A81
Q9276,A63
Q9277,A24
Q9278,A94
Q9279,A37
Q9280,A97
Q9281,A81
Q9282,A64
Q9283,A31
Q9284,A33
Q9285,A84
Q9286,A96
Q9287,A77
Q9288,A14
Q9289,A20
Q9290,A60
Q9291,A47
Q9292,A42
Q9293,A72
Q9294,A68
Q9295,A14
Q9296,A26
Q9297,A36
Q9298,A83
Q9299,A35
Q9300,A30
Q9301,A60
Q9302,A80
Q9303,A71
Q9304,A94
Q9305,A22
Q9306,A62
Q9307,A36
Q9308,A55
Q9309,A70
Q9310,A42
Q9311,A33
Q9312,A23
Q9313,A33
Q9314,A44
Q9315,A92
Q9316,A14
Q9317,A8
Q9318,A55
Q9319,A33
Q9320,A87
Q9321,A2
Q9322,A22
Q9323,A33
Q9324,A0
Q9325,A97
Q9326,A38
Q9327,A45
Q9328,A48
Q9329,A41
Q9330,A73
Q9331,A67
Q9332,A28
Q9333,A56
Q9334,A98
Q9335,A26
Q9336,A86
Q9337,A84
Q9338,A60
Q9339,A33
Q9340,A14
Q9341,A62
Q9342,A44
Q9343,A52
Q9344,A52
Q9345,A37
Q9346,A54
Q9347,A68
Q9348,A81
Q9349,A52
Q9350,A92
Q9351,A44
Q9352,A1
Q9353,A64
Q9354,A50
Q9355,A51
Q9356,A8
Q9357,A37
Q9358,A66
Q9359,A87
Q9360,A38
Q9361,A42
Q9362,A29
Q9363,A71
Q9364,A83
Q9365,A14
Q9366,A5
Q9367,A92
Q9368,A51
Q9369,A87
Q9370,A83
Q9371,A28
Q9372,A60
Q9373,A99
Q9374,A20
Q9375,A88
Q9376,A46
Q9377,A97
Q9378,A79
Q9379,A5
Q9380,A4
Q9381,A61
Q9382,A44
Q9383,A90
Q9384,A47
Q9385,A63
Q9386,A10
Q9387,A78
Q9388,A1
Q9389,A16
Q9390,A21
Q9391,A1
Q9392,A88
Q9393,A94
Q9394,A54
Q9395,A54
Q9396,A84
Q9397,A9
Q9398,A95
Q9399,A95
Q9400,A38
Q9401,A99
Q9402,A52
Q9403,A95
Q9404,A0
Q9405,A19
Q9406,A89
Q9407,A63
Q9408,A81
Q9409,A79
Q9410,A62
Q9411,A51
Q9412,A75
Q9413,A5
Q9414,A18
Q9415,A36
Q9416,A64
Q9417,A53
Q9418,A1
Q9419,A72
Q9420,A19
Q9421,A71
Q9422,A95
Q9423,A19
Q9424,A28
Q9425,A52
Q9426,A0
Q9427,A13
Q9428,A95
Q9429,A30
Q9430,A41
Q9431,A41
Q9432,A67
Q9433,A21
Q9434,A3
Q9435,A83
Q9436,A46
Q9437,A26
Q9438,A87
Q9439,A8
Q9440,A43
Q9441,A68
Q9442,A29
Q9443,A98
Q9444,A29
Q9445,A94
Q9446,A80
Q9447,A63
Q9448,A42
Q9449,A52
Q9450,A37
Q9451,A62
Q9452,A56
Q9453,A28
Q9454,A5
Q9455,A48
Q9456,A32
Q9457,A89
Q9458,A25
Q9459,A3
Q9460,A65
Q9461,A28
Q9462,A84
Q9463,A49
Q9464,A77
Q9465,A72
Q9466,A12
Q9467,A27
Q9468,A41
Q9469,A45
Q9470,A0
Q9471,A5
Q9472,A75
Q9473,A35
Q9474,A64
Q9475,A35
Q9476,A33
Q9477,A16
Q9478,A53
Q9479,A69
Q9480,A77
Q9481,A65
Q9482,A19
Q9483,A67
Q9484,A87
Q9485,A23
Q9486,A35
Q9487,A4
Q9488,A93
Q9489,A62
Q9490,A63
Q9491,A56
Q9492,A70
Q9493,A6
Q9494,A74
Q9495,A25
Q9496,A72
Q9497,A85
Q9498,A1
Q9499,A40
Q9500,A20
Q9501,A7
Q9502,A19
Q9503,A56
Q9504,A41
Q9505,A11
Q9506,A92
Q9507,A20
Q9508,A20
Q9509,A25
Q9510,A78
Q9511,A47
Q9512,A82
Q9513,A85
Q9514,A85
Q9515,A93
Q9516,A84
Q9517,A87
Q9518,A8
Q9519,A62
Q9520,A38
Q9521,A99
Q9522,A87
Q9523,A63
Q9524,A90
Q9525,A50
Q9526,A3
Q9527,A30
Q9528,A31
Q9529,A47
Q9530,A21
Q9531,A9
Q9532,A23
Q9533,A27
Q9534,A8
Q9535,A81
Q9536,A89
Q9537,A32
Q9538,A35
Q9539,A17
Q9540,A58
Q9541,A82
Q9542,A56
Q9543,A15
Q9544,A21
Q9545,A57
Q9546,A87
Q9547,A9
Q9548,A16
Q9549,A33
Q9550,A86
Q9551,A41
Q9552,A84
Q9553,A98
Q9554,A75
Q9555,A47
Q9556,A99
Q9557,A94
Q9558,A25
Q9559,A58
Q9560,A47
Q9561,A19
Q9562,A70
Q9563,A3
Q9564,A54
Q9565,A53
Q9566,A66
Q9567,A86
Q9568,A78
Q9569,A23
Q9570,A45
Q9571,A5
Q9572,A8
Q9573,A70
Q9574,A12
Q9575,A9
Q9576,A55
Q9577,A69
Q9578,A13
Q9579,A4
Q9580,A2
Q9581,A70
Q9582,A80
Q9583,A85
Q9584,A97
Q9585,A30
Q9586,A60
Q9587,A20
Q9588,A21
Q9589,A99
Q9590,A19
Q9591,A68
Q9592,A69
Q9593,A81
Q9594,A60
Q9595,A69
Q9596,A57
Q9597,A5
Q9598,A15
Q9599,A58
Q9600,A11
Q9601,A48
Q9602,A63
Q9603,A14
Q9604,A75
Q9605,A18
Q9606,A64
Q9607,A61
Q9608,A33
Q9609,A75
Q9610,A87
Q9611,A96
Q9612,A19
Q9613,A61
Q9614,A8
Q9615,A8
Q9616,A26
Q9617,A23
Q9618,A19
Q9619,A98
Q9620,A66
Q9621,A16
Q9622,A18
Q9623,A38
Q9624,A11
Q9625,A7
Q9626,A63
Q9627,A13
Q9628,A76
Q9629,A85
Q9630,A55
Q9631,A58
Q9632,A56
Q9633,A73
Q9634,A41
Q9635,A73
Q9636,A62
Q9637,A82
Q9638,A32
Q9639,A92
Q9640,A22
Q9641,A61
Q9642,A99
Q9643,A36
Q9644,A47
Q9645,A18
Q9646,A64
Q9647,A52
Q9648,A70
Q9649,A11
Q9650,A8
Q9651,A57
Q9652,A36
Q9653,A67
Q9654,A18
Q9655,A35
Q9656,A55
Q9657,A8
Q9658,A14
Q9659,A42
Q9660,A39
Q9661,A79
Q9662,A41
Q9663,A13
Q9664,A53
Q9665,A0
Q9666,A5
Q9667,A9
Q9668,A24
Q9669,A51
Q9670,A18
Q9671,A92
Q9672,A71
Q9673,A79
Q9674,A25
Q9675,A58
Q9676,A80
Q9677,A59
Q9678,A36
Q9679,A59
Q9680,A50
Q9681,A22
Q9682,A30
Q9683,A43
Q9684,A29
Q9685,A57
Q9686,A55
Q9687,A90
Q9688,A92
Q9689,A11
Q9690,A5
Q9691,A75
Q9692,A30
Q9693,A55
Q9694,A55
Q9695,A25
Q9696,A81
Q9697,A99
Q9698,A88
Q9699,A50
Q9700,A82
Q9701,A3
Q9702,A67
Q9703,A10
Q9704,A47
Q9705,A18
Q9706,A33
Q9707,A37
Q9708,A40
Q9709,A21
Q9710,A94
Q9711,A16
Q9712,A97
Q9713,A41
Q9714,A94
Q9715,A65
Q9716,A79
Q9717,A93
Q9718,A18
Q9719,A5
Q9720,A57
Q9721,A77
Q9722,A64
Q9723,A68
Q9724,A20
Q9725,A42
Q9726,A29
Q9727,A59
Q9728,A83
Q9729,A25
Q9730,A31
Q9731,A3
Q9732,A92
Q9733,A25
Q9734,A41
Q9735,A79
Q9736,A94
Q9737,A87
Q9738,A24
Q9739,A75
Q9740,A36
Q9741,A94
Q9742,A68
Q9743,A48
Q9744,A92
Q9745,A78
Q9746,A82
Q9747,A88
Q9748,A44
Q9749,A54
Q9750,A76
Q9751,A31
Q9752,A44
Q9753,A31
Q9754,A70
Q9755,A5
Q9756,A97
Q9757,A43
Q9758,A35
Q9759,A15
Q9760,A30
Q9761,A31
Q9762,A31
Q9763,A74
Q9764,A39
Q9765,A7
Q9766,A84
Q9767,A79
Q9768,A31
Q9769,A47
Q9770,A74
Q9771,A77
Q9772,A45
Q9773,A2
Q9774,A18
Q9775,A37
Q9776,A86
Q9777,A65
Q9778,A75
Q9779,A7
Q9780,A81
Q9781,A37
Q9782,A18
Q9783,A15
Q9784,A98
Q9785,A38
Q9786,A88
Q9787,A98
Q9788,A55
Q9789,A81
Q9790,A1
Q9791,A67
Q9792,A66
Q9793,A79
Q9794,A45
Q9795,A46
Q9796,A76
Q9797,A48
Q9798,A49
Q9799,A30
Q9800,A94
Q9801,A98
Q9802,A98
Q9803,A46
Q9804,A61
Q9805,A9
Q9806,A64
Q9807,A20
Q9808,A62
Q9809,A77
Q9810,A5
Q9811,A56
Q9812,A34
Q9813,A29
Q9814,A75
Q9815,A93
Q9816,A7
Q9817,A47
Q9818,A32
Q9819,A63
Q9820,A85
Q9821,A14
Q9822,A40
Q9823,A27
Q9824,A49
Q9825,A75
Q9826,A3
Q9827,A8
Q9828,A22
Q9829,A51
Q9830,A44
Q9831,A87
Q9832,A27
Q9833,A4
Q9834,A32
Q9835,A85
Q9836,A72
Q9837,A73
Q9838,A11
Q9839,A73
Q9840,A15
Q9841,A61
Q9842,A66
Q9843,A3
Q9844,A80
Q9845,A34
Q9846,A73
Q9847,A14
Q9848,A40
Q9849,A5
Q9850,A1
Q9851,A95
Q9852,A62
Q9853,A67
Q9854,A83
Q9855,A26
Q9856,A74
Q9857,A70
Q9858,A42
Q9859,A15
Q9860,A16
Q9861,A89
Q9862,A7
Q9863,A68
Q9864,A16
Q9865,A69
Q9866,A99
Q9867,A3
Q9868,A95
Q9869,A75
Q9870,A94
Q9871,A68
Q9872,A82
Q9873,A72
Q9874,A33
Q9875,A85
Q9876,A47
Q9877,A28
Q9878,A19
Q9879,A6
Q9880,A87
Q9881,A98
Q9882,A83
Q9883,A86
Q9884,A1
Q9885,A38
Q9886,A32
Q9887,A60
Q9888,A93
Q9889,A89
Q9890,A9
Q9891,A82
Q9892,A56
Q9893,A58
Q9894,A36
Q9895,A46
Q9896,A46
Q9897,A46
Q9898,A64
Q9899,A89
Q9900,A88
Q9901,A29
Q9902,A82
Q9903,A11
Q9904,A83
Q9905,A26
Q9906,A26
Q9907,A52
Q9908,A1
Q9909,A31
Q9910,A27
Q9911,A49
Q9912,A46
Q9913,A30
Q9914,A11
Q9915,A57
Q9916,A81
Q9917,A94
Q9918,A73
Q9919,A72
Q9920,A9
Q9921,A77
Q9922,A64
Q9923,A32
Q9924,A57
Q9925,A71
Q9926,A11
Q9927,A44
Q9928,A30
Q9929,A6
Q9930,A41
Q9931,A10
Q9932,A88
Q9933,A9
Q9934,A32
Q9935,A80
Q9936,A23
Q9937,A3
Q9938,A61
Q9939,A94
Q9940,A26
Q9941,A84
Q9942,A54
Q9943,A92
Q9944,A24
Q9945,A17
Q9946,A78
Q9947,A28
Q9948,A62
Q9949,A70
Q9950,A24
Q9951,A78
Q9952,A38
Q9953,A63
Q9954,A13
Q9955,A21
Q9956,A81
Q9957,A72
Q9958,A33
Q9959,A58
Q9960,A88
Q9961,A92
Q9962,A41
Q9963,A28
Q9964,A2
Q9965,A36
Q9966,A98
Q9967,A87
Q9968,A32
Q9969,A97
Q9970,A52
Q9971,A52
Q9972,A8
Q9973,A52
Q9974,A45
Q9975,A25
Q9976,A34
Q9977,A55
Q9978,A95
Q9979,A65
Q9980,A86
Q9981,A59
Q9982,A86
Q9983,A78
Q9984,A5
Q9985,A86
Q9986,A19
Q9987,A95
Q9988,A58
Q9989,A50
Q9990,A57
Q9991,A41
Q9992,A64
Q9993,A9
Q9994,A29
Q9995,A37
Q9996,A67
Q9997,A43
Q9998,A26
Q9999,A23
Q10000,A48
Q10001,A77
Q10002,A30
Q10003,A22
Q10004,A96
Q10005,A36
Q10006,A51
Q10007,A62
Q10008,A88
Q10009,A46
Q10010,A1
Q10011,A38
Q10012,A46
Q10013,A40
Q10014,A14
Q10015,A11
Q10016,A34
Q10017,A80
Q10018,A69
Q10019,A44
Q10020,A59
Q10021,A46
Q10022,A72
Q10023,A35
Q10024,A88
Q10025,A52
Q10026,A96
Q10027,A54
Q10028,A68
Q10029,A72
Q10030,A42
Q10031,A13
Q10032,A55
Q10033,A52
Q10034,A12
Q10035,A71
Q10036,A30
Q10037,A0
Q10038,A65
Q10039,A51
Q10040,A99
Q10041,A54
Q10042,A81
Q10043,A88
Q10044,A25
Q10045,A74
Q10046,A69
Q10047,A89
Q10048,A66
Q10049,A43
Q10050,A48
Q10051,A15
Q10052,A47
Q10053,A78
Q10054,A62
Q10055,A49
Q10056,A96
Q10057,A42
Q10058,A4
Q10059,A43
Q10060,A77
Q10061,A4
Q10062,A10
Q10063,A96
Q10064,A59
Q10065,A18
Q10066,A4
Q10067,A95
Q10068,A71
Q10069,A84
Q10070,A56
Q10071,A61
Q10072,A7
Q10073,A59
Q10074,A4
Q10075,A17
Q10076,A20
Q10077,A73
Q10078,A50
Q10079,A96
Q10080,A35
Q10081,A95
Q10082,A90
Q10083,A48
Q10084,A5
Q10085,A26
Q10086,A87
Q10087,A59
Q10088,A84
Q10089,A15
Q10090,A19
Q10091,A48
Q10092,A59
Q10093,A19
Q10094,A80
Q10095,A94
Q10096,A83
Q10097,A19
Q10098,A8
Q10099,A4
Q10100,A3
Q10101,A25
Q10102,A57
Q10103,A59
Q10104,A4
Q10105,A79
Q10106,A90
Q10107,A63
Q10108,A77
Q10109,A26
Q10110,A31
Q10111,A59
Q10112,A41
Q10113,A64
Q10114,A70
Q10115,A35
Q10116,A44
Q10117,A57
Q10118,A30
Q10119,A9
Q10120,A40
Q10121,A38
Q10122,A87
Q10123,A38
Q10124,A47
Q10125,A39
Q10126,A42
Q10127,A18
Q10128,A97
Q10129,A48
Q10130,A13
Q10131,A17
Q10132,A66
Q10133,A80
Q10134,A2
Q10135,A76
Q10136,A31
Q10137,A49
Q10138,A1
Q10139,A29
Q10140,A77
Q10141,A79
Q10142,A99
Q10143,A23
Q10144,A18
Q10145,A5
Q10146,A29
Q10147,A37
Q10148,A76
Q10149,A80
Q10150,A23
Q10151,A1
Q10152,A52
Q10153,A34
Q10154,A39
Q10155,A53
Q10156,A32
Q10157,A45
Q10158,A33
Q10159,A83
Q10160,A32
Q10161,A3
Q10162,A44
Q10163,A23
Q10164,A60
Q10165,A57
Q10166,A52
Q10167,A59
Q10168,A18
Q10169,A50
Q10170,A58
Q10171,A21
Q10172,A15
Q10173,A90
Q10174,A90
Q10175,A80
Q10176,A86
Q10177,A65
Q10178,A42
Q10179,A23
Q10180,A81
Q10181,A58
Q10182,A72
Q10183,A85
Q10184,A88
Q10185,A38
Q10186,A52
Q10187,A36
Q10188,A31
Q10189,A69
Q10190,A7
Q10191,A5
Q10192,A66
Q10193,A57
Q10194,A67
Q10195,A95
Q10196,A90
Q10197,A47
Q10198,A75
Q10199,A72
Q10200,A91
Q10201,A42
Q10202,A21
Q10203,A49
Q10204,A85
Q10205,A84
Q10206,A54
Q10207,A11
Q10208,A81
Q10209,A76
Q10210,A80
Q10211,A69
Q10212,A9
Q10213,A79
Q10214,A38
Q10215,A26
Q10216,A34
Q10217,A55
Q10218,A86
Q10219,A20
Q10220,A5
Q10221,A0
Q10222,A81
Q10223,A95
Q10224,A25
Q10225,A38
Q10226,A9
Q10227,A2
Q10228,A76
Q10229,A54
Q10230,A23
Q10231,A6
Q10232,A41
Q10233,A79
Q10234,A20
Q10235,A60
Q10236,A37
Q10237,A6
Q10238,A34
Q10239,A56
Q10240,A22
Q10241,A50
Q10242,A13
Q10243,A4
Q10244,A83
Q10245,A47
Q10246,A46
Q10247,A89
Q10248,A72
Q10249,A89
Q10250,A6
Q10251,A22
Q10252,A20
Q10253,A37
Q10254,A16
Q10255,A17
Q10256,A96
Q10257,A5
Q10258,A63
Q10259,A98
Q10260,A78
Q10261,A26
Q10262,A62
Q10263,A65
Q10264,A31
Q10265,A79
Q10266,A79
Q10267,A95
Q10268,A61
Q10269,A20
Q10270,A28
Q10271,A7
Q10272,A7
Q10273,A61
Q10274,A56
Q10275,A97
Q10276,A25
Q10277,A61
Q10278,A11
Q10279,A12
Q10280,A10
Q10281,A71
Q10282,A66
Q10283,A82
Q10284,A21
Q10285,A19
Q10286,A88
Q10287,A76
Q10288,A72
Q10289,A37
Q10290,A52
Q10291,A22
Q10292,A53
Q10293,A1
Q10294,A99
Q10295,A92
Q10296,A66
Q10297,A51
Q10298,A13
Q10299,A86
Q10300,A1
Q10301,A46
Q10302,A74
Q10303,A21
Q10304,A31
Q10305,A40
Q10306,A99
Q10307,A12
Q10308,A42
Q10309,A82
Q10310,A74
Q10311,A83
Q10312,A60
Q10313,A92
Q10314,A94
Q10315,A79
Q10316,A50
Q10317,A98
Q10318,A55
Q10319,A5
Q10320,A2
Q10321,A75
Q10322,A10
Q10323,A47
Q10324,A23
Q10325,A13
Q10326,A78
Q10327,A58
Q10328,A87
Q10329,A20
Q10330,A25
Q10331,A99
Q10332,A66
Q10333,A65
Q10334,A6
Q10335,A20
Q10336,A67
Q10337,A23
Q10338,A91
Q10339,A63
Q10340,A39
Q10341,A84
Q10342,A62
Q10343,A73
Q10344,A91
Q10345,A62
Q10346,A90
Q10347,A77
Q10348,A96
Q10349,A88
Q10350,A63
Q10351,A68
Q10352,A56
Q10353,A50
Q10354,A86
Q10355,A29
Q10356,A35
Q10357,A56
Q10358,A85
Q10359,A18
Q10360,A19
Q10361,A68
Q10362,A13
Q10363,A28
Q10364,A89
Q10365,A98
Q10366,A27
Q10367,A2
Q10368,A98
Q10369,A70
Q10370,A84
Q10371,A93
Q10372,A29
Q10373,A89
Q10374,A73
Q10375,A18
Q10376,A7
Q10377,A48
Q10378,A58
Q10379,A72
Q10380,A67
Q10381,A82
Q10382,A0
Q10383,A62
Q10384,A39
Q10385,A54
Q10386,A39
Q10387,A93
Q10388,A24
Q10389,A63
Q10390,A56
Q10391,A35
Q10392,A61
Q10393,A51
Q10394,A56
Q10395,A26
Q10396,A77
Q10397,A20
Q10398,A6
Q10399,A13
Q10400,A14
Q10401,A51
Q10402,A17
Q10403,A30
Q10404,A38
Q10405,A88
Q10406,A59
Q10407,A7
Q10408,A66
Q10409,A93
Q10410,A27
Q10411,A40
Q10412,A66
Q10413,A50
Q10414,A88
Q10415,A74
Q10416,A4
Q10417,A4
Q10418,A64
Q10419,A18
Q10420,A71
Q10421,A49
Q10422,A22
Q10423,A61
Q10424,A68
Q10425,A36
Q10426,A76
Q10427,A43
Q10428,A47
Q10429,A37
Q10430,A89
Q10431,A44
Q10432,A50
Q10433,A43
Q10434,A30
Q10435,A23
Q10436,A57
Q10437,A51
Q10438,A55
Q10439,A61
Q10440,A21
Q10441,A92
Q10442,A29
Q10443,A80
Q10444,A1
Q10445,A35
Q10446,A78
Q10447,A63
Q10448,A99
Q10449,A71
Q10450,A52
Q10451,A74
Q10452,A72
Q10453,A97
Q10454,A96
Q10455,A55
Q10456,A76
Q10457,A46
Q10458,A89
Q10459,A88
Q10460,A42
Q10461,A23
Q10462,A18
Q10463,A21
Q10464,A17
Q10465,A36
Q10466,A93
Q10467,A86
Q10468,A8
Q10469,A56
Q10470,A73
Q10471,A93
Q10472,A32
Q10473,A3
Q10474,A52
Q10475,A37
Q10476,A22
Q10477,A8
Q10478,A70
Q10479,A69
Q10480,A85
Q10481,A23
Q10482,A90
Q10483,A85
Q10484,A37
Q10485,A97
Q10486,A41
Q10487,A41
Q10488,A0
Q10489,A52
Q10490,A76
Q10491,A73
Q10492,A32
Q10493,A60
Q10494,A46
Q10495,A55
Q10496,A29
Q10497,A69
Q10498,A76
Q10499,A62
Q10500,A38
Q10501,A25
Q10502,A94
Q10503,A88
Q10504,A8
Q10505,A82
Q10506,A36
Q10507,A88
Q10508,A19
Q10509,A16
Q10510,A97
Q10511,A44
Q10512,A22
Q10513,A3
Q10514,A80
Q10515,A90
Q10516,A98
Q10517,A55
Q10518,A4
Q10519,A82
Q10520,A14
Q10521,A51
Q10522,A51
Q10523,A8
Q10524,A44
Q10525,A46
Q10526,A30
Q10527,A77
Q10528,A50
Q10529,A84
Q10530,A25
Q10531,A68
Q10532,A89
Q10533,A50
Q10534,A17
Q10535,A13
Q10536,A18
Q10537,A58
Q10538,A88
Q10539,A23
Q10540,A17
Q10541,A31
Q10542,A94
Q10543,A96
Q10544,A50
Q10545,A92
Q10546,A21
Q10547,A78
Q10548,A32
Q10549,A71
Q10550,A1
Q10551,A27
Q10552,A35
Q10553,A74
Q10554,A88
Q10555,A72
Q10556,A79
Q10557,A48
Q10558,A12
Q10559,A88
Q10560,A93
Q10561,A52
Q10562,A43
Q10563,A20
Q10564,A72
Q10565,A34
Q10566,A53
Q10567,A37
Q10568,A59
Q10569,A75
Q10570,A19
Q10571,A48
Q10572,A46
Q10573,A51
Q10574,A94
Q10575,A80
Q10576,A64
Q10577,A10
Q10578,A32
Q10579,A65
Q10580,A42
Q10581,A14
Q10582,A78
Q10583,A30
Q10584,A81
Q10585,A43
Q10586,A37
Q10587,A87
Q10588,A24
Q10589,A30
Q10590,A7
Q10591,A92
Q10592,A75
Q10593,A53
Q10594,A72
Q10595,A87
Q10596,A76
Q10597,A90
Q10598,A53
Q10599,A60
Q10600,A92
Q10601,A68
Q10602,A92
Q10603,A87
Q10604,A85
Q10605,A55
Q10606,A44
Q10607,A69
Q10608,A48
Q10609,A49
Q10610,A57
Q10611,A16
Q10612,A52
Q10613,A96
Q10614,A69
Q10615,A13
Q10616,A16
Q10617,A54
Q10618,A40
Q10619,A16
Q10620,A48
Q10621,A42
Q10622,A74
Q10623,A61
Q10624,A95
Q10625,A63
Q10626,A27
Q10627,A23
Q10628,A52
Q10629,A31
Q10630,A67
Q10631,A79
Q10632,A48
Q10633,A35
Q10634,A83
Q10635,A43
Q10636,A88
Q10637,A1
Q10638,A76
Q10639,A10
Q10640,A94
Q10641,A38
Q10642,A33
Q10643,A34
Q10644,A94
Q10645,A39
Q10646,A80
Q10647,A55
Q10648,A24
Q10649,A93
Q10650,A4
Q10651,A92
Q10652,A22
Q10653,A69
Q10654,A56
Q10655,A87
Q10656,A22
Q10657,A26
Q10658,A13
Q10659,A23
Q10660,A86
Q10661,A86
Q10662,A22
Q10663,A93
Q10664,A59
Q10665,A48
Q10666,A34
Q10667,A30
Q10668,A54
Q10669,A96
Q10670,A93
Q10671,A30
Q10672,A98
Q10673,A68
Q10674,A34
Q10675,A61
Q10676,A21
Q10677,A96
Q10678,A92
Q10679,A70
Q10680,A49
Q10681,A35
Q10682,A29
Q10683,A38
Q10684,A97
Q10685,A58
Q10686,A25
Q10687,A87
Q10688,A28
Q10689,A39
Q10690,A30
Q10691,A92
Q10692,A5
Q10693,A18
Q10694,A33
Q10695,A65
Q10696,A18
Q10697,A15
Q10698,A57
Q10699,A82
Q10700,A98
Q10701,A2
Q10702,A26
Q10703,A33
Q10704,A65
Q10705,A19
Q10706,A62
Q10707,A99
Q10708,A88
Q10709,A41
Q10710,A11
Q10711,A71
Q10712,A11
Q10713,A98
Q10714,A40
Q10715,A72
Q10716,A20
Q10717,A14
Q10718,A99
Q10719,A27
Q10720,A40
Q10721,A80
Q10722,A77
Q10723,A11
Q10724,A32
Q10725,A80
Q10726,A21
Q10727,A82
Q10728,A55
Q10729,A7
Q10730,A17
Q10731,A62
Q10732,A78
Q10733,A42
Q10734,A93
Q10735,A13
Q10736,A50
Q10737,A69
Q10738,A60
Q10739,A84
Q10740,A31
Q10741,A48
Q10742,A10
Q10743,A46
Q10744,A86
Q10745,A40
Q10746,A31
Q10747,A80
Q10748,A93
Q10749,A92
Q10750,A50
Q10751,A13
Q10752,A24
Q10753,A28
Q10754,A71
Q10755,A7
Q10756,A43
Q10757,A82
Q10758,A49
Q10759,A33
Q10760,A84
Q10761,A28
Q10762,A8
Q10763,A72
Q10764,A25
Q10765,A26
Q10766,A60
Q10767,A76
Q10768,A17
Q10769,A58
Q10770,A34
Q10771,A78
Q10772,A69
Q10773,A59
Q10774,A46
Q10775,A54
Q10776,A99
Q10777,A23
Q10778,A39
Q10779,A76
Q10780,A69
Q10781,A29
Q10782,A3
Q10783,A23
Q10784,A12
Q10785,A23
Q10786,A26
Q10787,A89
Q10788,A10
Q10789,A91
Q10790,A39
Q10791,A63
Q10792,A51
Q10793,A16
Q10794,A8
Q10795,A71
Q10796,A96
Q10797,A12
Q10798,A8
Q10799,A47
Q10800,A31
Q10801,A60
Q10802,A54
Q10803,A36
Q10804,A58
Q10805,A95
Q10806,A1
Q10807,A15
Q10808,A94
Q10809,A12
Q10810,A90
Q10811,A50
Q10812,A3
Q10813,A41
Q10814,A27
Q10815,A35
Q10816,A80
Q10817,A22
Q10818,A37
Q10819,A42
Q10820,A88
Q10821,A53
Q10822,A10
Q10823,A97
Q10824,A90
Q10825,A28
Q10826,A22
Q10827,A25
Q10828,A69
Q10829,A18
Q10830,A61
Q10831,A47
Q10832,A93
Q10833,A63
Q10834,A26
Q10835,A77
Q10836,A14
Q10837,A86
Q10838,A17
Q10839,A37
Q10840,A29
Q10841,A47
Q10842,A90
Q10843,A51
Q10844,A78
Q10845,A43
Q10846,A9
Q10847,A72
Q10848,A13
Q10849,A77
Q10850,A26
Q10851,A24
Q10852,A69
Q10853,A74
Q10854,A95
Q10855,A11
Q10856,A56
Q10857,A54
Q10858,A2
Q10859,A96
Q10860,A9
Q10861,A96
Q10862,A27
Q10863,A74
Q10864,A42
Q10865,A27
Q10866,A58
Q10867,A68
Q10868,A33
Q10869,A10
Q10870,A43
Q10871,A90
Q10872,A99
Q10873,A36
Q10874,A15
Q10875,A27
Q10876,A53
Q10877,A17
Q10878,A2
Q10879,A90
Q10880,A17
Q10881,A73
Q10882,A4
Q10883,A89
Q10884,A15
Q10885,A58
Q10886,A83
Q10887,A43
Q10888,A69
Q10889,A47
Q10890,A84
Q10891,A89
Q10892,A90
Q10893,A54
Q10894,A47
Q10895,A90
Q10896,A41
Q10897,A81
Q10898,A47
Q10899,A53
Q10900,A78
Q10901,A82
Q10902,A87
Q10903,A36
Q10904,A65
Q10905,A47
Q10906,A15
Q10907,A12
Q10908,A74
Q10909,A82
Q10910,A94
Q10911,A34
Q10912,A33
Q10913,A55
Q10914,A89
Q10915,A86
Q10916,A95
Q10917,A60
Q10918,A45
Q10919,A59
Q10920,A59
Q10921,A68
Q10922,A90
Q10923,A82
Q10924,A40
Q10925,A54
Q10926,A69
Q10927,A59
Q10928,A99
Q10929,A7
Q10930,A70
Q10931,A43
Q10932,A15
Q10933,A40
Q10934,A41
Q10935,A97
Q10936,A22
Q10937,A37
Q10938,A87
Q10939,A84
Q10940,A34
Q10941,A95
Q10942,A94
Q10943,A60
Q10944,A45
Q10945,A92
Q10946,A67
Q10947,A67
Q10948,A67
Q10949,A45
Q10950,A98
Q10951,A8
Q10952,A13
Q10953,A39
Q10954,A37
Q10955,A10
Q10956,A14
Q10957,A41
Q10958,A0
Q10959,A55
Q10960,A90
Q10961,A89
Q10962,A65
Q10963,A97
Q10964,A88
Q10965,A29
Q10966,A72
Q10967,A33
Q10968,A78
Q10969,A68
Q10970,A0
Q10971,A11
Q10972,A26
Q10973,A30
Q10974,A91
Q10975,A52
Q10976,A22
Q10977,A77
Q10978,A62
Q10979,A63
Q10980,A55
Q10981,A34
Q10982,A56
Q10983,A4
Q10984,A80
Q10985,A20
Q10986,A26
Q10987,A64
Q10988,A67
Q10989,A70
Q10990,A77
Q10991,A86
Q10992,A22
Q10993,A18
Q10994,A62
Q10995,A49
Q10996,A79
Q10997,A23
Q10998,A12
Q10999,A29
Q11000,A64
Q11001,A20
Q11002,A22
Q11003,A55
Q11004,A59
Q11005,A84
Q11006,A72
Q11007,A15
Q11008,A74
Q11009,A28
Q11010,A36
Q11011,A39
Q11012,A12
Q11013,A60
Q11014,A96
Q11015,A24
Q11016,A59
Q11017,A74
Q11018,A35
Q11019,A19
Q11020,A56
Q11021,A89
Q11022,A12
Q11023,A56
Q11024,A63
Q11025,A27
Q11026,A78
Q11027,A66
Q11028,A83
Q11029,A58
Q11030,A94
Q11031,A21
Q11032,A57
Q11033,A18
Q11034,A76
Q11035,A86
Q11036,A44
Q11037,A72
Q11038,A4
Q11039,A14
Q11040,A11
Q11041,A23
Q11042,A2
Q11043,A87
Q11044,A72
Q11045,A33
Q11046,A39
Q11047,A64
Q11048,A0
Q11049,A64
Q11050,A67
Q11051,A1
Q11052,A41
Q11053,A77
Q11054,A2
Q11055,A92
Q11056,A60
Q11057,A69
Q11058,A0
Q11059,A49
Q11060,A42
Q11061,A18
Q11062,A50
Q11063,A98
Q11064,A63
Q11065,A0
Q11066,A94
Q11067,A9
Q11068,A55
Q11069,A95
Q11070,A46
Q11071,A58
Q11072,A0
Q11073,A46
Q11074,A4
Q11075,A59
Q11076,A57
Q11077,A84
Q11078,A14
Q11079,A91
Q11080,A48
Q11081,A49
Q11082,A39
Q11083,A61
Q11084,A82
Q11085,A55
Q11086,A62
Q11087,A79
Q11088,A6
Q11089,A31
Q11090,A21
Q11091,A75
Q11092,A98
Q11093,A86
Q11094,A73
Q11095,A52
Q11096,A62
Q11097,A61
Q11098,A1
Q11099,A93
Q11100,A26
Q11101,A14
Q11102,A90
Q11103,A58
Q11104,A73
Q11105,A53
Q11106,A8
Q11107,A26
Q11108,A90
Q11109,A73
Q11110,A85
Q11111,A57
Q11112,A61
Q11113,A38
Q11114,A89
Q11115,A80
Q11116,A47
Q11117,A39
Q11118,A31
Q11119,A5
Q11120,A76
Q11121,A0
Q11122,A49
Q11123,A79
Q11124,A73
Q11125,A21
Q11126,A73
Q11127,A31
Q11128,A14
Q11129,A94
Q11130,A29
Q11131,A67
Q11132,A18
Q11133,A57
Q11134,A40
Q11135,A81
Q11136,A28
Q11137,A71
Q11138,A3
Q11139,A2
Q11140,A36
Q11141,A47
Q11142,A80
Q11143,A69
Q11144,A52
Q11145,A37
Q11146,A93
Q11147,A68
Q11148,A19
Q11149,A65
Q11150,A87
Q11151,A66
Q11152,A37
Q11153,A68
Q11154,A99
Q11155,A99
Q11156,A40
Q11157,A62
Q11158,A68
Q11159,A18
Q11160,A80
Q11161,A83
Q11162,A36
Q11163,A75
Q11164,A66
Q11165,A27
Q11166,A16
Q11167,A32
Q11168,A89
Q11169,A39
Q11170,A45
Q11171,A24
Q11172,A21
Q11173,A60
Q11174,A48
Q11175,A44
Q11176,A65
Q11177,A27
Q11178,A73
Q11179,A39
Q11180,A69
Q11181,A5
Q11182,A4
Q11183,A32
Q11184,A27
Q11185,A10
Q11186,A60
Q11187,A59
Q11188,A0
Q11189,A61
Q11190,A64
Q11191,A36
Q11192,A46
Q11193,A91
Q11194,A25
Q11195,A75
Q11196,A42
Q11197,A7
Q11198,A51
Q11199,A80
Q11200,A63
Q11201,A53
Q11202,A99
Q11203,A22
Q11204,A14
Q11205,A75
Q11206,A71
Q11207,A71
Q11208,A62
Q11209,A54
Q11210,A21
Q11211,A6
Q11212,A29
Q11213,A1
Q11214,A19
Q11215,A57
Q11216,A61
Q11217,A64
Q11218,A10
Q11219,A57
Q11220,A74
Q11221,A41
Q11222,A25
Q11223,A81
Q11224,A12
Q11225,A68
Q11226,A27
Q11227,A99
Q11228,A97
Q11229,A8
Q11230,A45
Q11231,A92
Q11232,A84
Q11233,A94
Q11234,A67
Q11235,A75
Q11236,A72
Q11237,A63
Q11238,A60
Q11239,A62
Q11240,A46
Q11241,A19
Q11242,A62
Q11243,A57
Q11244,A12
Q11245,A36
Q11246,A41
Q11247,A81
Q11248,A58
Q11249,A44
Q11250,A88
Q11251,A42
Q11252,A3
Q11253,A57
Q11254,A59
Q11255,A38
Q11256,A31
Q11257,A4
Q11258,A86
Q11259,A33
Q11260,A59
Q11261,A87
Q11262,A48
Q11263,A47
Q11264,A0
Q11265,A39
Q11266,A84
Q11267,A2
Q11268,A75
Q11269,A9
Q11270,A51
Q11271,A35
Q11272,A98
Q11273,A70
Q11274,A9
Q11275,A15
Q11276,A18
Q11277,A62
Q11278,A66
Q11279,A51
Q11280,A37
Q11281,A73
Q11282,A14
Q11283,A83
Q11284,A16
Q11285,A23
Q11286,A17
Q11287,A23
Q11288,A88
Q11289,A73
Q11290,A30
Q11291,A13
Q11292,A33
Q11293,A91
Q11294,A15
Q11295,A52
Q11296,A82
Q11297,A28
Q11298,A13
Q11299,A22
Q11300,A14
Q11301,A73
Q11302,A71
Q11303,A85
Q11304,A42
Q11305,A56
Q11306,A59
Q11307,A48
Q11308,A49
Q11309,A46
Q11310,A79
Q11311,A48
Q11312,A65
Q11313,A96
Q11314,A0
Q11315,A32
Q11316,A23
Q11317,A87
Q11318,A76
Q11319,A21
Q11320,A44
Q11321,A95
Q11322,A66
Q11323,A73
Q11324,A37
Q11325,A11
Q11326,A31
Q11327,A90
Q11328,A71
Q11329,A30
Q11330,A45
Q11331,A25
Q11332,A32
Q11333,A9
Q11334,A98
Q11335,A71
Q11336,A84
Q11337,A83
Q11338,A92
Q11339,A64
Q11340,A60
Q11341,A79
Q11342,A85
Q11343,A13
Q11344,A88
Q11345,A71
Q11346,A45
Q11347,A81
Q11348,A33
Q11349,A0
Q11350,A29
Q11351,A33
Q11352,A53
Q11353,A27
Q11354,A72
Q11355,A3
Q11356,A28
Q11357,A72
Q11358,A90
Q11359,A4
Q11360,A26
Q11361,A72
Q11362,A23
Q11363,A62
Q11364,A2
Q11365,A42
Q11366,A46
Q11367,A21
Q11368,A83
Q11369,A86
Q11370,A45
Q11371,A97
Q11372,A63
Q11373,A94
Q11374,A24
Q11375,A91
Q11376,A56
Q11377,A53
Q11378,A12
Q11379,A38
Q11380,A84
Q11381,A8
Q11382,A43
Q11383,A8
Q11384,A2
Q11385,A18
Q11386,A58
Q11387,A69
Q11388,A8
Q11389,A51
Q11390,A88
Q11391,A94
Q11392,A47
Q11393,A75
Q11394,A72
Q11395,A13
Q11396,A9
Q11397,A49
Q11398,A6
Q11399,A60
Q11400,A79
Q11401,A61
Q11402,A0
Q11403,A12
Q11404,A60
Q11405,A82
Q11406,A89
Q11407,A54
Q11408,A66
Q11409,A68
Q11410,A6
Q11411,A37
Q11412,A67
Q11413,A52
Q11414,A92
Q11415,A65
Q11416,A3
Q11417,A76
Q11418,A23
Q11419,A41
Q11420,A44
Q11421,A60
Q11422,A29
Q11423,A27
Q11424,A34
Q11425,A90
Q11426,A63
Q11427,A39
Q11428,A5
Q11429,A22
Q11430,A24
Q11431,A82
Q11432,A11
Q11433,A77
Q11434,A6
Q11435,A67
Q11436,A94
Q11437,A78
Q11438,A71
Q11439,A38
Q11440,A83
Q11441,A65
Q11442,A49
Q11443,A22
Q11444,A29
Q11445,A42
Q11446,A76
Q11447,A3
Q11448,A63
Q11449,A82
Q11450,A12
Q11451,A8
Q11452,A85
Q11453,A72
Q11454,A95
Q11455,A21
Q11456,A11
Q11457,A43
Q11458,A84
Q11459,A54
Q11460,A87
Q11461,A80
Q11462,A38
Q11463,A24
Q11464,A97
Q11465,A69
Q11466,A96
Q11467,A33
Q11468,A31
Q11469,A26
Q11470,A82
Q11471,A95
Q11472,A46
Q11473,A38
Q11474,A57
Q11475,A50
Q11476,A78
Q11477,A72
Q11478,A74
Q11479,A20
Q11480,A29
Q11481,A28
Q11482,A12
Q11483,A21
Q11484,A64
Q11485,A47
Q11486,A10
Q11487,A83
Q11488,A20
Q11489,A74
Q11490,A77
Q11491,A40
Q11492,A70
Q11493,A71
Q11494,A43
Q11495,A83
Q11496,A10
Q11497,A57
Q11498,A29
Q11499,A93
Q11500,A39
Q11501,A82
Q11502,A80
Q11503,A52
Q11504,A98
Q11505,A14
Q11506,A3
Q11507,A0
Q11508,A35
Q11509,A77
Q11510,A3
Q11511,A24
Q11512,A91
Q11513,A75
Q11514,A31
Q11515,A40
Q11516,A39
Q11517,A49
Q11518,A41
Q11519,A99
Q11520,A73
Q11521,A6
Q11522,A17
Q11523,A18
Q11524,A44
Q11525,A30
Q11526,A99
Q11527,A51
Q11528,A74
Q11529,A21
Q11530,A83
Q11531,A26
Q11532,A73
Q11533,A40
Q11534,A86
Q11535,A33
Q11536,A27
Q11537,A86
Q11538,A32
Q11539,A55
Q11540,A7
Q11541,A25
Q11542,A76
Q11543,A88
Q11544,A82
Q11545,A45
Q11546,A81
Q11547,A98
Q11548,A7
Q11549,A92
Q11550,A53
Q11551,A75
Q11552,A71
Q11553,A70
Q11554,A69
Q11555,A59
Q11556,A93
Q11557,A6
Q11558,A14
Q11559,A85
Q11560,A96
Q11561,A99
Q11562,A90
Q11563,A36
Q11564,A62
Q11565,A43
Q11566,A81
Q11567,A69
Q11568,A36
Q11569,A65
Q11570,A66
Q11571,A67
Q11572,A12
Q11573,A12
Q11574,A18
Q11575,A81
Q11576,A63
Q11577,A14
Q11578,A17
Q11579,A94
Q11580,A40
Q11581,A90
Q11582,A36
Q11583,A35
Q11584,A54
Q11585,A44
Q11586,A10
Q11587,A59
Q11588,A42
Q11589,A93
Q11590,A12
Q11591,A61
Q11592,A13
Q11593,A50
Q11594,A34
Q11595,A16
Q11596,A93
Q11597,A39
Q11598,A45
Q11599,A76
Q11600,A82
Q11601,A9
Q11602,A60
Q11603,A70
Q11604,A77
Q11605,A41
Q11606,A54
Q11607,A98
Q11608,A71
Q11609,A50
Q11610,A26
Q11611,A52
Q11612,A12
Q11613,A12
Q11614,A0
Q11615,A52
Q11616,A16
Q11617,A8
Q11618,A15
Q11619,A81
Q11620,A11
Q11621,A27
Q11622,A1
Q11623,A71
Q11624,A47
Q11625,A48
Q11626,A99
Q11627,A46
Q11628,A7
Q11629,A3
Q11630,A79
Q11631,A88
Q11632,A65
Q11633,A59
Q11634,A70
Q11635,A22
Q11636,A92
Q11637,A59
Q11638,A35
Q11639,A27
Q11640,A50
Q11641,A58
Q11642,A87
Q11643,A70
Q11644,A62
Q11645,A63
Q11646,A34
Q11647,A77
Q11648,A71
Q11649,A75
Q11650,A75
Q11651,A32
Q11652,A49
Q11653,A8
Q11654,A2
Q11655,A43
Q11656,A51
Q11657,A80
Q11658,A32
Q11659,A3
Q11660,A73
Q11661,A33
Q11662,A57
Q11663,A51
Q11664,A29
Q11665,A4
Q11666,A61
Q11667,A72
Q11668,A19
Q11669,A54
Q11670,A94
Q11671,A31
Q11672,A24
Q11673,A95
Q11674,A96
Q11675,A81
Q11676,A44
Q11677,A98
Q11678,A46
Q11679,A2
Q11680,A93
Q11681,A81
Q11682,A73
Q11683,A67
Q11684,A2
Q11685,A42
Q11686,A9
Q11687,A4
Q11688,A29
Q11689,A84
Q11690,A51
Q11691,A60
Q11692,A79
Q11693,A22
Q11694,A49
Q11695,A42
Q11696,A32
Q11697,A54
Q11698,A41
Q11699,A16
Q11700,A83
Q11701,A57
Q11702,A61
Q11703,A23
Q11704,A80
Q11705,A9
Q11706,A34
Q11707,A88
Q11708,A48
Q11709,A66
Q11710,A59
Q11711,A25
Q11712,A21
Q11713,A74
Q11714,A82
Q11715,A15
Q11716,A83
Q11717,A8
Q11718,A53
Q11719,A17
Q11720,A17
Q11721,A23
Q11722,A46
Q11723,A86
Q11724,A23
Q11725,A70
Q11726,A31
Q11727,A56
Q11728,A71
Q11729,A15
Q11730,A67
Q11731,A49
Q11732,A35
Q11733,A13
Q11734,A80
Q11735,A69
Q11736,A49
Q11737,A91
Q11738,A94
Q11739,A78
Q11740,A17
Q11741,A37
Q11742,A40
Q11743,A26
Q11744,A40
Q11745,A6
Q11746,A88
Q11747,A86
Q11748,A77
Q11749,A29
Q11750,A77
Q11751,A8
Q11752,A51
Q11753,A56
Q11754,A14
Q11755,A23
Q11756,A56
Q11757,A38
Q11758,A75
Q11759,A66
Q11760,A56
Q11761,A67
Q11762,A17
Q11763,A46
Q11764,A62
Q11765,A19
Q11766,A41
Q11767,A7
Q11768,A80
Q11769,A51
Q11770,A68
Q11771,A3
Q11772,A15
Q11773,A92
Q11774,A89
Q11775,A39
Q11776,A9
Q11777,A31
Q11778,A71
Q11779,A72
Q11780,A32
Q11781,A44
Q11782,A89
Q11783,A12
Q11784,A40
Q11785,A20
Q11786,A60
Q11787,A40
Q11788,A53
Q11789,A8
Q11790,A74
Q11791,A80
Q11792,A3
Q11793,A78
Q11794,A3
Q11795,A99
Q11796,A51
Q11797,A39
Q11798,A4
Q11799,A38
Q11800,A91
Q11801,A31
Q11802,A14
Q11803,A78
Q11804,A34
Q11805,A25
Q11806,A98
Q11807,A72
Q11808,A18
Q11809,A79
Q11810,A54
Q11811,A67
Q11812,A61
Q11813,A32
Q11814,A80
Q11815,A13
Q11816,A45
Q11817,A16
Q11818,A28
Q11819,A8
Q11820,A15
Q11821,A58
Q11822,A39
Q11823,A47
Q11824,A17
Q11825,A98
Q11826,A88
Q11827,A47
Q11828,A27
Q11829,A55
Q11830,A74
Q11831,A32
Q11832,A82
Q11833,A2
Q11834,A13
Q11835,A60
Q11836,A65
Q11837,A65
Q11838,A41
Q11839,A45
Q11840,A60
Q11841,A0
Q11842,A29
Q11843,A56
Q11844,A76
Q11845,A92
Q11846,A76
Q11847,A42
Q11848,A46
Q11849,A15
Q11850,A22
Q11851,A54
Q11852,A5
Q11853,A96
Q11854,A68
Q11855,A60
Q11856,A88
Q11857,A56
Q11858,A10
Q11859,A25
Q11860,A12
Q11861,A90
Q11862,A72
Q11863,A79
Q11864,A43
Q11865,A74
Q11866,A96
Q11867,A39
Q11868,A38
Q11869,A83
Q11870,A13
Q11871,A17
Q11872,A74
Q11873,A30
Q11874,A23
Q11875,A23
Q11876,A1
Q11877,A70
Q11878,A25
Q11879,A26
Q11880,A59
Q11881,A15
Q11882,A46
Q11883,A39
Q11884,A2
Q11885,A81
Q11886,A89
Q11887,A44
Q11888,A21
Q11889,A87
Q11890,A30
Q11891,A12
Q11892,A86
Q11893,A18
Q11894,A30
Q11895,A78
Q11896,A20
Q11897,A14
Q11898,A38
Q11899,A62
Q11900,A25
Q11901,A82
Q11902,A5
Q11903,A2
Q11904,A93
Q11905,A46
Q11906,A50
Q11907,A98
Q11908,A89
Q11909,A11
Q11910,A37
Q11911,A2
Q11912,A35
Q11913,A68
Q11914,A87
Q11915,A87
Q11916,A60
Q11917,A83
Q11918,A54
Q11919,A49
Q11920,A44
Q11921,A51
Q11922,A52
Q11923,A88
Q11924,A62
Q11925,A65
Q11926,A41
Q11927,A70
Q11928,A33
Q11929,A30
Q11930,A88
Q11931,A26
Q11932,A68
Q11933,A97
Q11934,A98
Q11935,A88
Q11936,A66
Q11937,A35
Q11938,A51
Q11939,A81
Q11940,A78
Q11941,A91
Q11942,A28
Q11943,A0
Q11944,A62
Q11945,A25
Q11946,A61
Q11947,A71
Q11948,A97
Q11949,A43
Q11950,A4
Q11951,A84
Q11952,A7
Q11953,A74
Q11954,A11
Q11955,A8
Q11956,A84
Q11957,A12
Q11958,A20
Q11959,A12
Q11960,A47
Q11961,A17
Q11962,A6
Q11963,A56
Q11964,A50
Q11965,A61
Q11966,A58
Q11967,A87
Q11968,A71
Q11969,A79
Q11970,A76
Q11971,A87
Q11972,A22
Q11973,A37
Q11974,A94
Q11975,A48
Q11976,A99
Q11977,A93
Q11978,A25
Q11979,A3
Q11980,A61
Q11981,A21
Q11982,A6
Q11983,A84
Q11984,A79
Q11985,A4
Q11986,A35
Q11987,A37
Q11988,A43
Q11989,A55
Q11990,A46
Q11991,A80
Q11992,A31
Q11993,A55
Q11994,A63
Q11995,A0
Q11996,A57
Q11997,A15
Q11998,A35
Q11999,A18
Q12000,A53
Q12001,A98
Q12002,A75
Q12003,A66
Q12004,A38
Q12005,A12
Q12006,A59
Q12007,A78
Q12008,A18
Q12009,A18
Q12010,A20
Q12011,A49
Q12012,A99
Q12013,A56
Q12014,A77
Q12015,A27
Q12016,A96
Q12017,A55
Q12018,A58
Q12019,A46
Q12020,A25
Q12021,A57
Q12022,A31
Q12023,A8
Q12024,A33
Q12025,A39
Q12026,A93
Q12027,A17
Q12028,A24
Q12029,A61
Q12030,A60
Q12031,A9
Q12032,A29
Q12033,A29
Q12034,A3
Q12035,A29
Q12036,A91
Q12037,A2
Q12038,A92
Q12039,A34
Q12040,A41
Q12041,A38
Q12042,A21
Q12043,A69
Q12044,A16
Q12045,A99
Q12046,A26
Q12047,A29
Q12048,A29
Q12049,A78
Q12050,A33
Q12051,A73
Q12052,A23
Q12053,A4
Q12054,A59
Q12055,A21
Q12056,A41
Q12057,A64
Q12058,A48
Q12059,A79
Q12060,A72
Q12061,A80
Q12062,A54
Q12063,A36
Q12064,A40
Q12065,A20
Q12066,A86
Q12067,A33
Q12068,A62
Q12069,A97
Q12070,A6
Q12071,A41
Q12072,A27
Q12073,A94
Q12074,A2
Q12075,A97
Q12076,A3
Q12077,A81
Q12078,A4
Q12079,A77
Q12080,A15
Q12081,A80
Q12082,A59
Q12083,A88
Q12084,A26
Q12085,A43
Q12086,A20
Q12087,A89
Q12088,A24
Q12089,A89
Q12090,A72
Q12091,A13
Q12092,A52
Q12093,A10
Q12094,A73
Q12095,A1
Q12096,A93
Q12097,A3
Q12098,A41
Q12099,A93
Q12100,A70
Q12101,A63
Q12102,A99
Q12103,A68
Q12104,A17
Q12105,A70
Q12106,A74
Q12107,A35
Q12108,A99
Q12109,A97
Q12110,A93
Q12111,A40
Q12112,A71
Q12113,A59
Q12114,A2
Q12115,A87
Q12116,A44
Q12117,A55
Q12118,A19
Q12119,A80
Q12120,A70
Q12121,A42
Q12122,A4
Q12123,A12
Q12124,A7
Q12125,A40
Q12126,A83
Q12127,A91
Q12128,A92
Q12129,A55
Q12130,A48
Q12131,A17
Q12132,A51
Q12133,A51
Q12134,A7
Q12135,A39
Q12136,A29
Q12137,A94
Q12138,A63
Q12139,A58
Q12140,A17
Q12141,A87
Q12142,A40
Q12143,A28
Q12144,A53
Q12145,A99
Q12146,A94
Q12147,A41
Q12148,A38
Q12149,A67
Q12150,A90
Q12151,A15
Q12152,A11
Q12153,A28
Q12154,A37
Q12155,A74
Q12156,A3
Q12157,A37
Q12158,A80
Q12159,A47
Q12160,A17
Q12161,A30
Q12162,A83
Q12163,A98
Q12164,A6
Q12165,A99
Q12166,A54
Q12167,A28
Q12168,A39
Q12169,A66
Q12170,A98
Q12171,A82
Q12172,A68
Q12173,A88
Q12174,A6
Q12175,A71
Q12176,A98
Q12177,A32
Q12178,A12
Q12179,A1
Q12180,A50
Q12181,A97
Q12182,A23
Q12183,A41
Q12184,A39
Q12185,A77
Q12186,A40
Q12187,A5
Q12188,A8
Q12189,A49
Q12190,A99
Q12191,A42
Q12192,A76
Q12193,A44
Q12194,A98
Q12195,A81
Q12196,A15
Q12197,A27
Q12198,A20
Q12199,A70
Q12200,A54
Q12201,A31
Q12202,A7
Q12203,A11
Q12204,A92
Q12205,A28
Q12206,A34
Q12207,A36
Q12208,A0
Q12209,A63
Q12210,A82
Q12211,A26
Q12212,A27
Q12213,A23
Q12214,A43
Q12215,A19
Q12216,A84
Q12217,A60
Q12218,A1
Q12219,A58
Q12220,A40
Q12221,A63
Q12222,A9
Q12223,A53
Q12224,A93
Q12225,A44
Q12226,A83
Q12227,A75
Q12228,A34
Q12229,A37
Q12230,A11
Q12231,A8
Q12232,A90
Q12233,A4
Q12234,A6
Q12235,A41
Q12236,A88
Q12237,A3
Q12238,A1
Q12239,A55
Q12240,A44
Q12241,A67
Q12242,A17
Q12243,A47
Q12244,A56
Q12245,A43
Q12246,A81
Q12247,A44
Q12248,A69
Q12249,A46
Q12250,A77
Q12251,A33
Q12252,A82
Q12253,A20
Q12254,A59
Q12255,A63
Q12256,A16
Q12257,A6
Q12258,A38
Q12259,A38
Q12260,A73
Q12261,A84
Q12262,A91
Q12263,A39
Q12264,A23
Q12265,A48
Q12266,A10
Q12267,A34
Q12268,A78
Q12269,A96
Q12270,A98
Q12271,A63
Q12272,A21
Q12273,A52
Q12274,A9
Q12275,A93
Q12276,A31
Q12277,A38
Q12278,A27
Q12279,A35
Q12280,A68
Q12281,A30
Q12282,A31
Q12283,A62
Q12284,A66
Q12285,A78
Q12286,A0
Q12287,A45
Q12288,A98
Q12289,A98
Q12290,A42
Q12291,A98
Q12292,A96
Q12293,A7
Q12294,A21
Q12295,A40
Q12296,A8
Q12297,A43
Q12298,A80
Q12299,A90
Q12300,A87
Q12301,A51
Q12302,A6
Q12303,A87
Q12304,A65
Q12305,A58
Q12306,A22
Q12307,A51
Q12308,A58
Q12309,A65
Q12310,A93
Q12311,A84
Q12312,A40
Q12313,A26
Q12314,A20
Q12315,A23
Q12316,A6
Q12317,A22
Q12318,A59
Q12319,A49
Q12320,A44
Q12321,A65
Q12322,A37
Q12323,A29
Q12324,A2
Q12325,A64
Q12326,A15
Q12327,A33
Q12328,A71
Q12329,A34
Q12330,A6
Q12331,A68
Q12332,A50
Q12333,A12
Q12334,A21
Q12335,A75
Q12336,A79
Q12337,A95
Q12338,A50
Q12339,A36
Q12340,A16
Q12341,A33
Q12342,A19
Q12343,A30
Q12344,A78
Q12345,A49
Q12346,A81
Q12347,A10
Q12348,A15
Q12349,A38
Q12350,A16
Q12351,A58
Q12352,A74
Q12353,A33
Q12354,A41
Q12355,A21
Q12356,A9
Q12357,A93
Q12358,A0
Q12359,A35
Q12360,A58
Q12361,A57
Q12362,A77
Q12363,A2
Q12364,A40
Q12365,A69
Q12366,A33
Q12367,A26
Q12368,A21
Q12369,A84
Q12370,A37
Q12371,A73
Q12372,A44
Q12373,A83
Q12374,A75
Q12375,A86
Q12376,A19
Q12377,A5
Q12378,A46
Q12379,A13
Q12380,A82
Q12381,A50
Q12382,A94
Q12383,A85
Q12384,A24
Q12385,A91
Q12386,A39
Q12387,A90
Q12388,A64
Q12389,A42
Q12390,A61
Q12391,A77
Q12392,A29
Q12393,A28
Q12394,A35
Q12395,A81
Q12396,A38
Q12397,A37
Q12398,A44
Q12399,A75
Q12400,A93
Q12401,A41
Q12402,A10
Q12403,A23
Q12404,A69
Q12405,A9
Q12406,A94
Q12407,A78
Q12408,A82
Q12409,A71
Q12410,A91
Q12411,A83
Q12412,A39
Q12413,A1
Q12414,A69
Q12415,A25
Q12416,A37
Q12417,A54
Q12418,A36
Q12419,A50
Q12420,A90
Q12421,A69
Q12422,A76
Q12423,A85
Q12424,A88
Q12425,A33
Q12426,A23
Q12427,A57
Q12428,A60
Q12429,A22
Q12430,A57
Q12431,A79
Q12432,A6
Q12433,A95
Q12434,A79
Q12435,A98
Q12436,A46
Q12437,A67
Q12438,A15
Q12439,A23
Q12440,A89
Q12441,A52
Q12442,A10
Q12443,A92
Q12444,A43
Q12445,A84
Q12446,A99
Q12447,A16
Q12448,A7
Q12449,A58
Q12450,A69
Q12451,A64
Q12452,A13
Q12453,A40
Q12454,A54
Q12455,A40
Q12456,A99
Q12457,A38
Q12458,A30
Q12459,A34
Q12460,A19
Q12461,A1
Q12462,A53
Q12463,A30
Q12464,A74
Q12465,A37
Q12466,A13
Q12467,A2
Q12468,A54
Q12469,A66
Q12470,A66
Q12471,A50
Q12472,A10
Q12473,A54
Q12474,A55
Q12475,A51
Q12476,A71
Q12477,A73
Q12478,A35
Q12479,A65
Q12480,A81
Q12481,A11
Q12482,A88
Q12483,A44
Q12484,A90
Q12485,A62
Q12486,A94
Q12487,A27
Q12488,A16
Q12489,A26
Q12490,A15
Q12491,A33
Q12492,A42
Q12493,A33
Q12494,A23
Q12495,A79
Q12496,A99
Q12497,A12
Q12498,A37
Q12499,A56
Q12500,A80
Q12501,A52
Q12502,A95
Q12503,A2
Q12504,A46
Q12505,A32
Q12506,A97
Q12507,A54
Q12508,A9
Q12509,A15
Q12510,A79
Q12511,A98
Q12512,A80
Q12513,A98
Q12514,A38
Q12515,A78
Q12516,A93
Q12517,A3
Q12518,A82
Q12519,A53
Q12520,A95
Q12521,A68
Q12522,A43
Q12523,A81
Q12524,A37
Q12525,A43
Q12526,A4
Q12527,A69
Q12528,A43
Q12529,A4
Q12530,A18
Q12531,A94
Q12532,A66
Q12533,A50
Q12534,A23
Q12535,A52
Q12536,A89
Q12537,A35
Q12538,A41
Q12539,A81
Q12540,A51
Q12541,A18
Q12542,A33
Q12543,A82
Q12544,A19
Q12545,A1
Q12546,A92
Q12547,A10
Q12548,A70
Q12549,A37
Q12550,A31
Q12551,A12
Q12552,A46
Q12553,A27
Q12554,A49
Q12555,A49
Q12556,A90
Q12557,A45
Q12558,A84
Q12559,A66
Q12560,A62
Q12561,A86
Q12562,A61
Q12563,A50
Q12564,A56
Q12565,A81
Q12566,A19
Q12567,A98
Q12568,A75
Q12569,A87
Q12570,A67
Q12571,A56
Q12572,A66
Q12573,A75
Q12574,A38
Q12575,A67
Q12576,A77
Q12577,A99
Q12578,A69
Q12579,A71
Q12580,A90
Q12581,A55
Q12582,A17
Q12583,A91
Q12584,A88
Q12585,A18
Q12586,A76
Q12587,A77
Q12588,A81
Q12589,A84
Q12590,A83
Q12591,A94
Q12592,A86
Q12593,A36
Q12594,A27
Q12595,A42
Q12596,A79
Q12597,A85
Q12598,A77
Q12599,A20
Q12600,A42
Q12601,A85
Q12602,A69
Q12603,A56
Q12604,A96
Q12605,A2
Q12606,A74
Q12607,A50
Q12608,A43
Q12609,A1
Q12610,A71
Q12611,A73
Q12612,A32
Q12613,A88
Q12614,A26
Q12615,A78
Q12616,A2
Q12617,A2
Q12618,A23
Q12619,A18
Q12620,A27
Q12621,A94
Q12622,A73
Q12623,A72
Q12624,A90
Q12625,A62
Q12626,A36
Q12627,A22
Q12628,A19
Q12629,A36
Q12630,A84
Q12631,A49
Q12632,A15
Q12633,A48
Q12634,A69
Q12635,A86
Q12636,A34
Q12637,A90
Q12638,A81
Q12639,A83
Q12640,A93
Q12641,A69
Q12642,A11
Q12643,A16
Q12644,A58
Q12645,A4
Q12646,A79
Q12647,A68
Q12648,A22
Q12649,A91
Q12650,A70
Q12651,A24
Q12652,A53
Q12653,A26
Q12654,A76
Q12655,A13
Q12656,A17
Q12657,A58
Q12658,A73
Q12659,A30
Q12660,A18
Q12661,A81
Q12662,A18
Q12663,A50
Q12664,A13
Q12665,A96
Q12666,A34
Q12667,A91
Q12668,A17
Q12669,A21
Q12670,A22
Q12671,A3
Q12672,A14
Q12673,A89
Q12674,A65
Q12675,A22
Q12676,A12
Q12677,A96
Q12678,A66
Q12679,A19
Q12680,A9
Q12681,A42
Q12682,A55
Q12683,A81
Q12684,A15
Q12685,A13
Q12686,A95
Q12687,A24
Q12688,A81
Q12689,A98
Q12690,A99
Q12691,A9
Q12692,A71
Q12693,A9
Q12694,A58
Q12695,A89
Q12696,A30
Q12697,A39
Q12698,A17
Q12699,A41
Q12700,A61
Q12701,A53
Q12702,A99
Q12703,A10
Q12704,A15
Q12705,A28
Q12706,A74
Q12707,A98
Q12708,A70
Q12709,A16
Q12710,A87
Q12711,A59
Q12712,A17
Q12713,A49
Q12714,A89
Q12715,A55
Q12716,A53
Q12717,A63
Q12718,A89
Q12719,A5
Q12720,A40
Q12721,A47
Q12722,A49
Q12723,A55
Q12724,A80
Q12725,A32
Q12726,A22
Q12727,A91
Q12728,A83
Q12729,A52
Q12730,A27
Q12731,A93
Q12732,A74
Q12733,A52
Q12734,A25
Q12735,A62
Q12736,A50
Q12737,A61
Q12738,A0
Q12739,A53
Q12740,A60
Q12741,A80
Q12742,A40
Q12743,A91
Q12744,A72
Q12745,A44
Q12746,A81
Q12747,A78
Q12748,A69
Q12749,A45
Q12750,A78
Q12751,A81
Q12752,A24
Q12753,A41
Q12754,A33
Q12755,A86
Q12756,A42
Q12757,A57
Q12758,A47
Q12759,A10
Q12760,A58
Q12761,A37
Q12762,A2
Q12763,A43
Q12764,A58
Q12765,A79
Q12766,A97
Q12767,A8
Q12768,A30
Q12769,A64
Q12770,A6
Q12771,A52
Q12772,A23
Q12773,A7
Q12774,A86
Q12775,A0
Q12776,A93
Q12777,A68
Q12778,A1
Q12779,A17
Q12780,A7
Q12781,A41
Q12782,A43
Q12783,A66
Q12784,A21
Q12785,A84
Q12786,A39
Q12787,A12
Q12788,A5
Q12789,A52
Q12790,A32
Q12791,A99
Q12792,A98
Q12793,A46
Q12794,A71
Q12795,A87
Q12796,A1
Q12797,A30
Q12798,A97
Q12799,A12
Q12800,A15
Q12801,A82
Q12802,A4
Q12803,A84
Q12804,A32
Q12805,A52
Q12806,A74
Q12807,A31
Q12808,A79
Q12809,A13
Q12810,A13
Q12811,A75
Q12812,A15
Q12813,A75
Q12814,A5
Q12815,A63
Q12816,A10
Q12817,A25
Q12818,A87
Q12819,A56
Q12820,A94
Q12821,A17
Q12822,A48
Q12823,A36
Q12824,A47
Q12825,A24
Q12826,A68
Q12827,A90
Q12828,A17
Q12829,A69
Q12830,A26
Q12831,A20
Q12832,A59
Q12833,A45
Q12834,A16
Q12835,A36
Q12836,A41
Q12837,A23
Q12838,A33
Q12839,A70
Q12840,A31
Q12841,A36
Q12842,A91
Q12843,A89
Q12844,A69
Q12845,A48
Q12846,A91
Q12847,A1
Q12848,A31
Q12849,A9
Q12850,A91
Q12851,A27
Q12852,A2
Q12853,A97
Q12854,A83
Q12855,A82
Q12856,A49
Q12857,A90
Q12858,A36
Q12859,A16
Q12860,A49
Q12861,A69
Q12862,A20
Q12863,A97
Q12864,A69
Q12865,A85
Q12866,A82
Q12867,A74
Q12868,A71
Q12869,A43
Q12870,A43
Q12871,A28
Q12872,A22
Q12873,A28
Q12874,A40
Q12875,A54
Q12876,A15
Q12877,A42
Q12878,A9
Q12879,A78
Q12880,A40
Q12881,A28
Q12882,A62
Q12883,A54
Q12884,A45
Q12885,A6
Q12886,A18
Q12887,A43
Q12888,A70
Q12889,A37
Q12890,A97
Q12891,A83
Q12892,A24
Q12893,A99
Q12894,A26
Q12895,A58
Q12896,A92
Q12897,A4
Q12898,A33
Q12899,A14
Q12900,A13
Q12901,A80
Q12902,A60
Q12903,A20
Q12904,A84
Q12905,A80
Q12906,A74
Q12907,A59
Q12908,A67
Q12909,A16
Q12910,A46
Q12911,A73
Q12912,A91
Q12913,A47
Q12914,A45
Q12915,A45
Q12916,A11
Q12917,A29
Q12918,A99
Q12919,A98
Q12920,A68
Q12921,A56
Q12922,A20
Q12923,A44
Q12924,A73
Q12925,A93
Q12926,A82
Q12927,A97
Q12928,A4
Q12929,A30
Q12930,A14
Q12931,A39
Q12932,A53
Q12933,A44
Q12934,A63
Q12935,A75
Q12936,A62
Q12937,A13
Q12938,A42
Q12939,A54
Q12940,A60
Q12941,A97
Q12942,A94
Q12943,A65
Q12944,A15
Q12945,A89
Q12946,A0
Q12947,A55
Q12948,A93
Q12949,A61
Q12950,A82
Q12951,A92
Q12952,A17
Q12953,A27
Q12954,A41
Q12955,A3
Q12956,A2
Q12957,A66
Q12958,A29
Q12959,A10
Q12960,A23
Q12961,A53
Q12962,A31
Q12963,A4
Q12964,A8
Q12965,A73
Q12966,A16
Q12967,A88
Q12968,A18
Q12969,A36
Q12970,A57
Q12971,A56
Q12972,A56
Q12973,A79
Q12974,A1
Q12975,A13
Q12976,A69
Q12977,A74
Q12978,A54
Q12979,A13
Q12980,A44
Q12981,A61
Q12982,A24
Q12983,A54
Q12984,A71
Q12985,A16
Q12986,A77
Q12987,A74
Q12988,A14
Q12989,A19
Q12990,A85
Q12991,A53
Q12992,A31
Q12993,A9
Q12994,A22
Q12995,A67
Q12996,A28
Q12997,A5
Q12998,A21
Q12999,A60
Q13000,A17
Q13001,A76
Q13002,A19
Q13003,A76
Q13004,A59
Q13005,A59
Q13006,A31
Q13007,A70
Q13008,A2
Q13009,A48
Q13010,A66
Q13011,A50
Q13012,A57
Q13013,A36
Q13014,A81
Q13015,A81
Q13016,A99
Q13017,A2
Q13018,A37
Q13019,A26
Q13020,A98
Q13021,A79
Q13022,A65
Q13023,A51
Q13024,A75
Q13025,A56
Q13026,A85
Q13027,A35
Q13028,A91
Q13029,A4
Q13030,A18
Q13031,A60
Q13032,A10
Q13033,A12
Q13034,A55
Q13035,A92
Q13036,A15
Q13037,A6
Q13038,A34
Q13039,A33
Q13040,A25
Q13041,A45
Q13042,A93
Q13043,A70
Q13044,A68
Q13045,A56
Q13046,A25
Q13047,A19
Q13048,A38
Q13049,A95
Q13050,A66
Q13051,A87
Q13052,A58
Q13053,A86
Q13054,A85
Q13055,A35
Q13056,A40
Q13057,A52
Q13058,A74
Q13059,A17
Q13060,A81
Q13061,A27
Q13062,A49
Q13063,A29
Q13064,A73
Q13065,A75
Q13066,A54
Q13067,A60
Q13068,A57
Q13069,A77
Q13070,A54
Q13071,A54
Q13072,A29
Q13073,A1
Q13074,A34
Q13075,A41
Q13076,A73
Q13077,A39
Q13078,A23
Q13079,A94
Q13080,A10
Q13081,A98
Q13082,A98
Q13083,A36
Q13084,A22
Q13085,A83
Q13086,A92
Q13087,A12
Q13088,A43
Q13089,A8
Q13090,A91
Q13091,A41
Q13092,A21
Q13093,A59
Q13094,A20
Q13095,A26
Q13096,A31
Q13097,A7
Q13098,A55
Q13099,A45
Q13100,A18
Q13101,A78
Q13102,A72
Q13103,A46
Q13104,A29
Q13105,A59
Q13106,A33
Q13107,A35
Q13108,A41
Q13109,A89
Q13110,A61
Q13111,A93
Q13112,A57
Q13113,A2
Q13114,A31
Q13115,A26
Q13116,A38
Q13117,A25
Q13118,A97
Q13119,A83
Q13120,A75
Q13121,A86
Q13122,A93
Q13123,A66
Q13124,A45
Q13125,A46
Q13126,A29
Q13127,A84
Q13128,A94
Q13129,A96
Q13130,A75
Q13131,A30
Q13132,A68
Q13133,A46
Q13134,A40
Q13135,A71
Q13136,A17
Q13137,A30
Q13138,A84
Q13139,A57
Q13140,A92
Q13141,A52
Q13142,A14
Q13143,A78
Q13144,A13
Q13145,A9
Q13146,A3
Q13147,A78
Q13148,A18
Q13149,A73
Q13150,A22
Q13151,A31
Q13152,A65
Q13153,A36
Q13154,A68
Q13155,A42
Q13156,A35
Q13157,A55
Q13158,A81
Q13159,A89
Q13160,A92
Q13161,A79
Q13162,A7
Q13163,A55
Q13164,A37
Q13165,A27
Q13166,A6
Q13167,A69
Q13168,A74
Q13169,A68
Q13170,A95
Q13171,A13
Q13172,A18
Q13173,A35
Q13174,A50
Q13175,A25
Q13176,A43
Q13177,A7
Q13178,A59
Q13179,A88
Q13180,A52
Q13181,A0
Q13182,A76
Q13183,A71
Q13184,A74
Q13185,A13
Q13186,A52
Q13187,A65
Q13188,A57
Q13189,A56
Q13190,A45
Q13191,A21
Q13192,A28
Q13193,A3
Q13194,A0
Q13195,A20
Q13196,A46
Q13197,A11
Q13198,A87
Q13199,A5
Q13200,A5
Q13201,A99
Q13202,A11
Q13203,A13
Q13204,A82
Q13205,A92
Q13206,A85
Q13207,A79
Q13208,A67
Q13209,A22
Q13210,A36
Q13211,A4
Q13212,A68
Q13213,A66
Q13214,A13
Q13215,A49
Q13216,A24
Q13217,A87
Q13218,A55
Q13219,A39
Q13220,A6
Q13221,A1
Q13222,A71
Q13223,A42
Q13224,A30
Q13225,A55
Q13226,A27
Q13227,A77
Q13228,A86
Q13229,A85
Q13230,A63
Q13231,A88
Q13232,A5
Q13233,A93
Q13234,A23
Q13235,A71
Q13236,A43
Q13237,A61
Q13238,A38
Q13239,A95
Q13240,A84
Q13241,A45
Q13242,A62
Q13243,A36
Q13244,A24
Q13245,A53
Q13246,A53
Q13247,A84
Q13248,A79
Q13249,A59
Q13250,A94
Q13251,A62
Q13252,A0
Q13253,A4
Q13254,A5
Q13255,A46
Q13256,A29
Q13257,A76
Q13258,A81
Q13259,A11
Q13260,A21
Q13261,A2
Q13262,A76
Q13263,A77
Q13264,A24
Q13265,A33
Q13266,A67
Q13267,A30
Q13268,A52
Q13269,A18
Q13270,A97
Q13271,A70
Q13272,A34
Q13273,A55
Q13274,A33
Q13275,A9
Q13276,A25
Q13277,A18
Q13278,A99
Q13279,A48
Q13280,A63
Q13281,A58
Q13282,A19
Q13283,A91
Q13284,A94
Q13285,A12
Q13286,A7
Q13287,A84
Q13288,A69
Q13289,A35
Q13290,A23
Q13291,A47
Q13292,A18
Q13293,A66
Q13294,A35
Q13295,A8
Q13296,A41
Q13297,A7
Q13298,A8
Q13299,A68
Q13300,A99
Q13301,A47
Q13302,A3
Q13303,A80
Q13304,A5
Q13305,A31
Q13306,A13
Q13307,A70
Q13308,A29
Q13309,A82
Q13310,A35
Q13311,A64
Q13312,A87
Q13313,A34
Q13314,A24
Q13315,A70
Q13316,A41
Q13317,A5
Q13318,A82
Q13319,A97
Q13320,A47
Q13321,A13
Q13322,A48
Q13323,A36
Q13324,A51
Q13325,A32
Q13326,A66
Q13327,A8
Q13328,A59
Q13329,A13
Q13330,A75
Q13331,A3
Q13332,A28
Q13333,A57
Q13334,A70
Q13335,A34
Q13336,A36
Q13337,A60
Q13338,A59
Q13339,A66
Q13340,A14
Q13341,A67
Q13342,A83
Q13343,A10
Q13344,A91
Q13345,A33
Q13346,A54
Q13347,A76
Q13348,A26
Q13349,A73
Q13350,A68
Q13351,A75
Q13352,A85
Q13353,A73
Q13354,A81
Q13355,A84
Q13356,A11
Q13357,A79
Q13358,A21
Q13359,A0
Q13360,A44
Q13361,A24
Q13362,A21
Q13363,A70
Q13364,A81
Q13365,A79
Q13366,A36
Q13367,A61
Q13368,A32
Q13369,A63
Q13370,A51
Q13371,A32
Q13372,A14
Q13373,A40
Q13374,A90
Q13375,A71
Q13376,A36
Q13377,A55
Q13378,A89
Q13379,A51
Q13380,A23
Q13381,A98
Q13382,A20
Q13383,A11
Q13384,A52
Q13385,A9
Q13386,A32
Q13387,A39
Q13388,A91
Q13389,A1
Q13390,A63
Q13391,A84
Q13392,A78
Q13393,A76
Q13394,A87
Q13395,A51
Q13396,A31
Q13397,A66
Q13398,A73
Q13399,A65
Q13400,A9
Q13401,A91
Q13402,A79
Q13403,A18
Q13404,A31
Q13405,A87
Q13406,A56
Q13407,A35
Q13408,A12
Q13409,A0
Q13410,A53
Q13411,A79
Q13412,A76
Q13413,A16
Q13414,A35
Q13415,A89
Q13416,A34
Q13417,A18
Q13418,A74
Q13419,A54
Q13420,A59
Q13421,A44
Q13422,A4
Q13423,A89
Q13424,A1
Q13425,A73
Q13426,A99
Q13427,A29
Q13428,A54
Q13429,A83
Q13430,A63
Q13431,A47
Q13432,A57
Q13433,A40
Q13434,A22
Q13435,A38
Q13436,A7
Q13437,A69
Q13438,A42
Q13439,A91
Q13440,A64
Q13441,A84
Q13442,A4
Q13443,A73
Q13444,A21
Q13445,A28
Q13446,A71
Q13447,A22
Q13448,A93
Q13449,A78
Q13450,A96
Q13451,A47
Q13452,A72
Q13453,A72
Q13454,A4
Q13455,A78
Q13456,A64
Q13457,A38
Q13458,A82
Q13459,A31
Q13460,A51
Q13461,A68
Q13462,A9
Q13463,A5
Q13464,A45
Q13465,A59
Q13466,A5
Q13467,A76
Q13468,A61
Q13469,A2
Q13470,A91
Q13471,A89
Q13472,A23
Q13473,A39
Q13474,A28
Q13475,A47
Q13476,A7
Q13477,A18
Q13478,A33
Q13479,A77
Q13480,A90
Q13481,A34
Q13482,A8
Q13483,A14
Q13484,A62
Q13485,A44
Q13486,A3
Q13487,A77
Q13488,A10
Q13489,A39
Q13490,A58
Q13491,A96
Q13492,A51
Q13493,A86
Q13494,A98
Q13495,A58
Q13496,A13
Q13497,A33
Q13498,A19
Q13499,A41
Q13500,A97
Q13501,A91
Q13502,A66
Q13503,A4
Q13504,A61
Q13505,A78
Q13506,A69
Q13507,A97
Q13508,A11
Q13509,A35
Q13510,A81
Q13511,A74
Q13512,A98
Q13513,A95
Q13514,A95
Q13515,A90
Q13516,A89
Q13517,A12
Q13518,A23
Q13519,A5
Q13520,A48
Q13521,A15
Q13522,A75
Q13523,A52
Q13524,A2
Q13525,A95
Q13526,A69
Q13527,A45
Q13528,A0
Q13529,A30
Q13530,A41
Q13531,A0
Q13532,A48
Q13533,A65
Q13534,A50
Q13535,A69
Q13536,A13
Q13537,A15
Q13538,A46
Q13539,A37
Q13540,A52
Q13541,A59
Q13542,A61
Q13543,A16
Q13544,A61
Q13545,A62
Q13546,A82
Q13547,A77
Q13548,A89
Q13549,A54
Q13550,A11
Q13551,A54
Q13552,A10
Q13553,A15
Q13554,A10
Q13555,A79
Q13556,A74
Q13557,A99
Q13558,A71
Q13559,A24
Q13560,A65
Q13561,A14
Q13562,A85
Q13563,A94
Q13564,A26
Q13565,A15
Q13566,A84
Q13567,A60
Q13568,A29
Q13569,A91
Q13570,A27
Q13571,A35
Q13572,A76
Q13573,A22
Q13574,A54
Q13575,A67
Q13576,A48
Q13577,A35
Q13578,A80
Q13579,A3
Q13580,A25
Q13581,A3
Q13582,A8
Q13583,A68
Q13584,A16
Q13585,A14
Q13586,A19
Q13587,A54
Q13588,A98
Q13589,A71
Q13590,A64
Q13591,A61
Q13592,A81
Q13593,A87
Q13594,A41
Q13595,A15
Q13596,A28
Q13597,A66
Q13598,A15
Q13599,A38
Q13600,A56
Q13601,A87
Q13602,A45
Q13603,A81
Q13604,A26
Q13605,A17
Q13606,A18
Q13607,A36
Q13608,A40
Q13609,A67
Q13610,A27
Q13611,A96
Q13612,A37
Q13613,A85
Q13614,A42
Q13615,A22
Q13616,A23
Q13617,A44
Q13618,A28
Q13619,A23
Q13620,A24
Q13621,A40
Q13622,A0
Q13623,A21
Q13624,A70
Q13625,A60
Q13626,A21
Q13627,A41
Q13628,A10
Q13629,A92
Q13630,A22
Q13631,A1
Q13632,A9
Q13633,A63
Q13634,A2
Q13635,A40
Q13636,A55
Q13637,A84
Q13638,A85
Q13639,A16
Q13640,A95
Q13641,A35
Q13642,A48
Q13643,A95
Q13644,A1
Q13645,A83
Q13646,A28
Q13647,A47
Q13648,A32
Q13649,A97
Q13650,A68
Q13651,A25
Q13652,A66
Q13653,A75
Q13654,A50
Q13655,A44
Q13656,A59
Q13657,A64
Q13658,A37
Q13659,A35
Q13660,A33
Q13661,A72
Q13662,A52
Q13663,A49
Q13664,A51
Q13665,A44
Q13666,A98
Q13667,A23
Q13668,A9
Q13669,A87
Q13670,A30
Q13671,A73
Q13672,A37
Q13673,A34
Q13674,A25
Q13675,A35
Q13676,A23
Q13677,A50
Q13678,A45
Q13679,A50
Q13680,A6
Q13681,A42
Q13682,A32
Q13683,A92
Q13684,A8
Q13685,A37
Q13686,A50
Q13687,A99
Q13688,A23
Q13689,A16
Q13690,A71
Q13691,A35
Q13692,A8
Q13693,A4
Q13694,A62
Q13695,A4
Q13696,A87
Q13697,A70
Q13698,A9
Q13699,A52
Q13700,A20
Q13701,A33
Q13702,A50
Q13703,A37
Q13704,A67
Q13705,A84
Q13706,A3
Q13707,A98
Q13708,A52
Q13709,A84
Q13710,A19
Q13711,A96
Q13712,A27
Q13713,A46
Q13714,A2
Q13715,A97
Q13716,A8
Q13717,A57
Q13718,A73
Q13719,A32
Q13720,A25
Q13721,A6
Q13722,A76
Q13723,A40
Q13724,A39
Q13725,A16
Q13726,A76
Q13727,A87
Q13728,A62
Q13729,A61
Q13730,A28
Q13731,A89
Q13732,A18
Q13733,A78
Q13734,A74
Q13735,A3
Q13736,A9
Q13737,A14
Q13738,A41
Q13739,A59
Q13740,A48
Q13741,A62
Q13742,A72
Q13743,A16
Q13744,A76
Q13745,A39
Q13746,A88
Q13747,A36
Q13748,A34
Q13749,A56
Q13750,A80
Q13751,A93
Q13752,A6
Q13753,A72
Q13754,A9
Q13755,A49
Q13756,A71
Q13757,A68
Q13758,A34
Q13759,A29
Q13760,A20
Q13761,A51
Q13762,A48
Q13763,A89
Q13764,A52
Q13765,A37
Q13766,A10
Q13767,A88
Q13768,A72
Q13769,A36
Q13770,A23
Q13771,A75
Q13772,A8
Q13773,A11
Q13774,A35
Q13775,A58
Q13776,A45
Q13777,A9
Q13778,A50
Q13779,A1
Q13780,A95
Q13781,A22
Q13782,A75
Q13783,A23
Q13784,A62
Q13785,A18
Q13786,A48
Q13787,A27
Q13788,A21
Q13789,A1
Q13790,A6
Q13791,A77
Q13792,A16
Q13793,A91
Q13794,A20
Q13795,A43
Q13796,A55
Q13797,A49
Q13798,A95
Q13799,A50
Q13800,A58
Q13801,A95
Q13802,A23
Q13803,A71
Q13804,A84
Q13805,A65
Q13806,A21
Q13807,A42
Q13808,A42
Q13809,A8
Q13810,A92
Q13811,A39
Q13812,A45
Q13813,A99
Q13814,A11
Q13815,A94
Q13816,A23
Q13817,A54
Q13818,A12
Q13819,A13
Q13820,A29
Q13821,A38
Q13822,A69
Q13823,A34
Q13824,A74
Q13825,A39
Q13826,A94
Q13827,A31
Q13828,A50
Q13829,A57
Q13830,A59
Q13831,A46
Q13832,A78
Q13833,A36
Q13834,A90
Q13835,A64
Q13836,A4
Q13837,A43
Q13838,A40
Q13839,A27
Q13840,A37
Q13841,A5
Q13842,A95
Q13843,A27
Q13844,A61
Q13845,A30
Q13846,A79
Q13847,A64
Q13848,A52
Q13849,A49
Q13850,A49
Q13851,A31
Q13852,A0
Q13853,A32
Q13854,A68
Q13855,A61
Q13856,A27
Q13857,A47
Q13858,A38
Q13859,A49
Q13860,A48
Q13861,A83
Q13862,A35
Q13863,A75
Q13864,A99
Q13865,A97
Q13866,A9
Q13867,A76
Q13868,A30
Q13869,A46
Q13870,A53
Q13871,A55
Q13872,A19
Q13873,A59
Q13874,A27
Q13875,A69
Q13876,A5
Q13877,A29
Q13878,A1
Q13879,A8
Q13880,A68
Q13881,A97
Q13882,A43
Q13883,A89
Q13884,A66
Q13885,A94
Q13886,A67
Q13887,A17
Q13888,A92
Q13889,A55
Q13890,A58
Q13891,A73
Q13892,A90
Q13893,A64
Q13894,A97
Q13895,A78
Q13896,A45
Q13897,A40
Q13898,A6
Q13899,A40
Q13900,A20
Q13901,A66
Q13902,A15
Q13903,A39
Q13904,A69
Q13905,A67
Q13906,A69
Q13907,A47
Q13908,A56
Q13909,A67
Q13910,A84
Q13911,A3
Q13912,A21
Q13913,A18
Q13914,A42
Q13915,A97
Q13916,A78
Q13917,A30
Q13918,A35
Q13919,A19
Q13920,A92
Q13921,A79
Q13922,A50
Q13923,A97
Q13924,A33
Q13925,A78
Q13926,A69
Q13927,A69
Q13928,A7
Q13929,A54
Q13930,A91
Q13931,A85
Q13932,A94
Q13933,A44
Q13934,A1
Q13935,A22
Q13936,A71
Q13937,A53
Q13938,A28
Q13939,A73
Q13940,A20
Q13941,A37
Q13942,A97
Q13943,A27
Q13944,A82
Q13945,A73
Q13946,A69
Q13947,A46
Q13948,A10
Q13949,A38
Q13950,A93
Q13951,A37
Q13952,A89
Q13953,A41
Q13954,A1
Q13955,A27
Q13956,A2
Q13957,A49
Q13958,A51
Q13959,A93
Q13960,A69
Q13961,A31
Q13962,A7
Q13963,A67
Q13964,A1
Q13965,A32
Q13966,A27
Q13967,A35
Q13968,A83
Q13969,A2
Q13970,A71
Q13971,A0
Q13972,A47
Q13973,A45
Q13974,A72
Q13975,A72
Q13976,A88
Q13977,A22
Q13978,A2
Q13979,A42
Q13980,A2
Q13981,A45
Q13982,A33
Q13983,A19
Q13984,A46
Q13985,A7
Q13986,A7
Q13987,A3
Q13988,A16
Q13989,A88
Q13990,A86
Q13991,A12
Q13992,A57
Q13993,A30
Q13994,A6
Q13995,A67
Q13996,A39
Q13997,A48
Q13998,A80
Q13999,A11
Q14000,A86
Q14001,A2
Q14002,A63
Q14003,A9
Q14004,A59
Q14005,A83
Q14006,A81
Q14007,A28
Q14008,A57
Q14009,A64
Q14010,A72
Q14011,A96
Q14012,A80
Q14013,A7
Q14014,A61
Q14015,A31
Q14016,A95
Q14017,A91
Q14018,A49
Q14019,A16
Q14020,A53
Q14021,A15
Q14022,A96
Q14023,A22
Q14024,A23
Q14025,A13
Q14026,A47
Q14027,A8
Q14028,A5
Q14029,A20
Q14030,A52
Q14031,A40
Q14032,A51
Q14033,A99
Q14034,A44
Q14035,A10
Q14036,A25
Q14037,A16
Q14038,A47
Q14039,A47
Q14040,A9
Q14041,A82
Q14042,A93
Q14043,A47
Q14044,A45
Q14045,A44
Q14046,A19
Q14047,A40
Q14048,A2
Q14049,A54
Q14050,A1
Q14051,A42
Q14052,A59
Q14053,A81
Q14054,A3
Q14055,A46
Q14056,A98
Q14057,A82
Q14058,A4
Q14059,A98
Q14060,A94
Q14061,A50
Q14062,A74
Q14063,A90
Q14064,A15
Q14065,A76
Q14066,A62
Q14067,A8
Q14068,A68
Q14069,A46
Q14070,A50
Q14071,A69
Q14072,A10
Q14073,A96
Q14074,A17
Q14075,A15
Q14076,A23
Q14077,A91
Q14078,A55
Q14079,A61
Q14080,A72
Q14081,A69
Q14082,A0
Q14083,A63
Q14084,A89
Q14085,A18
Q14086,A85
Q14087,A2
Q14088,A81
Q14089,A20
Q14090,A77
Q14091,A59
Q14092,A43
Q14093,A58
Q14094,A38
Q14095,A46
Q14096,A39
Q14097,A85
Q14098,A63
Q14099,A6
Q14100,A69
Q14101,A21
Q14102,A18
Q14103,A52
Q14104,A6
Q14105,A63
Q14106,A25
Q14107,A18
Q14108,A30
Q14109,A21
Q14110,A47
Q14111,A41
Q14112,A45
Q14113,A36
Q14114,A72
Q14115,A74
Q14116,A2
Q14117,A53
Q14118,A55
Q14119,A59
Q14120,A14
Q14121,A41
Q14122,A30
Q14123,A88
Q14124,A60
Q14125,A90
Q14126,A70
Q14127,A63
Q14128,A18
Q14129,A86
Q14130,A43
Q14131,A82
Q14132,A46
Q14133,A50
Q14134,A12
Q14135,A57
Q14136,A12
Q14137,A68
Q14138,A31
Q14139,A20
Q14140,A69
Q14141,A46
Q14142,A44
Q14143,A31
Q14144,A81
Q14145,A52
Q14146,A84
Q14147,A28
Q14148,A70
Q14149,A10
Q14150,A1
Q14151,A82
Q14152,A24
Q14153,A61
Q14154,A74
Q14155,A98
Q14156,A45
Q14157,A67
Q14158,A37
Q14159,A16
Q14160,A40
Q14161,A6
Q14162,A82
Q14163,A42
Q14164,A36
Q14165,A75
Q14166,A47
Q14167,A56
Q14168,A67
Q14169,A79
Q14170,A86
Q14171,A33
Q14172,A39
Q14173,A35
Q14174,A89
Q14175,A79
Q14176,A76
Q14177,A79
Q14178,A69
Q14179,A10
Q14180,A15
Q14181,A37
Q14182,A16
Q14183,A81
Q14184,A54
Q14185,A25
Q14186,A69
Q14187,A31
Q14188,A9
Q14189,A50
Q14190,A15
Q14191,A96
Q14192,A96
Q14193,A64
Q14194,A12
Q14195,A71
Q14196,A70
Q14197,A48
Q14198,A34
Q14199,A3
Q14200,A65
Q14201,A73
Q14202,A70
Q14203,A95
Q14204,A31
Q14205,A88
Q14206,A94
Q14207,A20
Q14208,A86
Q14209,A89
Q14210,A69
Q14211,A31
Q14212,A63
Q14213,A21
Q14214,A65
Q14215,A56
Q14216,A6
Q14217,A72
Q14218,A11
Q14219,A73
Q14220,A69
Q14221,A97
Q14222,A79
Q14223,A43
Q14224,A11
Q14225,A87
Q14226,A45
Q14227,A70
Q14228,A97
Q14229,A88
Q14230,A23
Q14231,A10
Q14232,A81
Q14233,A34
Q14234,A23
Q14235,A81
Q14236,A75
Q14237,A10
Q14238,A91
Q14239,A99
Q14240,A66
Q14241,A26
Q14242,A11
Q14243,A26
Q14244,A76
Q14245,A51
Q14246,A49
Q14247,A15
Q14248,A91
Q14249,A67
Q14250,A94
Q14251,A95
Q14252,A6
Q14253,A10
Q14254,A8
Q14255,A53
Q14256,A2
Q14257,A55
Q14258,A50
Q14259,A75
Q14260,A44
Q14261,A91
Q14262,A21
Q14263,A2
Q14264,A73
Q14265,A42
Q14266,A91
Q14267,A43
Q14268,A89
Q14269,A20
Q14270,A62
Q14271,A64
Q14272,A39
Q14273,A77
Q14274,A70
Q14275,A66
Q14276,A62
Q14277,A92
Q14278,A70
Q14279,A18
Q14280,A94
Q14281,A75
Q14282,A21
Q14283,A18
Q14284,A76
Q14285,A92
Q14286,A76
Q14287,A66
Q14288,A23
Q14289,A25
Q14290,A81
Q14291,A72
Q14292,A93
Q14293,A52
Q14294,A35
Q14295,A52
Q14296,A47
Q14297,A58
Q14298,A13
Q14299,A13
Q14300,A11
Q14301,A13
Q14302,A97
Q14303,A36
Q14304,A54
Q14305,A4
Q14306,A48
Q14307,A29
Q14308,A65
Q14309,A16
Q14310,A34
Q14311,A45
Q14312,A8
Q14313,A23
Q14314,A11
Q14315,A92
Q14316,A77
Q14317,A70
Q14318,A66
Q14319,A50
Q14320,A12
Q14321,A90
Q14322,A57
Q14323,A44
Q14324,A74
Q14325,A54
Q14326,A6
Q14327,A36
Q14328,A91
Q14329,A20
Q14330,A44
Q14331,A36
Q14332,A59
Q14333,A37
Q14334,A56
Q14335,A84
Q14336,A41
Q14337,A40
Q14338,A81
Q14339,A36
Q14340,A11
Q14341,A1
Q14342,A17
Q14343,A32
Q14344,A0
Q14345,A44
Q14346,A39
Q14347,A52
Q14348,A15
Q14349,A11
Q14350,A60
Q14351,A33
Q14352,A7
Q14353,A44
Q14354,A69
Q14355,A75
Q14356,A71
Q14357,A66
Q14358,A59
Q14359,A17
Q14360,A41
Q14361,A65
Q14362,A16
Q14363,A20
Q14364,A92
Q14365,A71
Q14366,A2
Q14367,A88
Q14368,A21
Q14369,A8
Q14370,A24
Q14371,A12
Q14372,A65
Q14373,A6
Q14374,A39
Q14375,A90
Q14376,A59
Q14377,A81
Q14378,A34
Q14379,A94
Q14380,A44
Q14381,A99
Q14382,A98
Q14383,A39
Q14384,A10
Q14385,A28
Q14386,A54
Q14387,A76
Q14388,A40
Q14389,A52
Q14390,A79
Q14391,A28
Q14392,A56
Q14393,A71
Q14394,A34
Q14395,A79
Q14396,A99
Q14397,A11
Q14398,A82
Q14399,A78
Q14400,A24
Q14401,A85
Q14402,A5
Q14403,A76
Q14404,A21
Q14405,A32
Q14406,A49
Q14407,A92
Q14408,A28
Q14409,A15
Q14410,A65
Q14411,A12
Q14412,A44
Q14413,A59
Q14414,A46
Q14415,A31
Q14416,A17
Q14417,A71
Q14418,A48
Q14419,A21
Q14420,A31
Q14421,A37
Q14422,A38
Q14423,A56
Q14424,A25
Q14425,A16
Q14426,A70
Q14427,A21
Q14428,A2
Q14429,A72
Q14430,A32
Q14431,A18
Q14432,A75
Q14433,A88
Q14434,A31
Q14435,A70
Q14436,A4
Q14437,A48
Q14438,A39
Q14439,A79
Q14440,A85
Q14441,A79
Q14442,A9
Q14443,A3
Q14444,A0
Q14445,A92
Q14446,A76
Q14447,A16
Q14448,A50
Q14449,A89
Q14450,A31
Q14451,A21
Q14452,A13
Q14453,A66
Q14454,A81
Q14455,A78
Q14456,A45
Q14457,A36
Q14458,A83
Q14459,A34
Q14460,A22
Q14461,A0
Q14462,A87
Q14463,A61
Q14464,A77
Q14465,A97
Q14466,A30
Q14467,A79
Q14468,A79
Q14469,A35
Q14470,A7
Q14471,A30
Q14472,A42
Q14473,A39
Q14474,A28
Q14475,A63
Q14476,A80
Q14477,A66
Q14478,A59
Q14479,A73
Q14480,A0
Q14481,A38
Q14482,A23
Q14483,A88
Q14484,A97
Q14485,A8
Q14486,A26
Q14487,A37
Q14488,A94
Q14489,A95
Q14490,A57
Q14491,A57
Q14492,A79
Q14493,A80
Q14494,A32
Q14495,A80
Q14496,A13
Q14497,A63
Q14498,A27
Q14499,A2
Q14500,A37
Q14501,A19
Q14502,A95
Q14503,A75
Q14504,A48
Q14505,A47
Q14506,A83
Q14507,A22
Q14508,A36
Q14509,A16
Q14510,A84
Q14511,A68
Q14512,A18
Q14513,A0
Q14514,A61
Q14515,A67
Q14516,A30
Q14517,A91
Q14518,A89
Q14519,A72
Q14520,A75
Q14521,A9
Q14522,A42
Q14523,A54
Q14524,A28
Q14525,A23
Q14526,A77
Q14527,A39
Q14528,A57
Q14529,A51
Q14530,A5
Q14531,A1
Q14532,A97
Q14533,A49
Q14534,A73
Q14535,A96
Q14536,A49
Q14537,A43
Q14538,A12
Q14539,A31
Q14540,A17
Q14541,A80
Q14542,A45
Q14543,A49
Q14544,A29
Q14545,A32
Q14546,A28
Q14547,A26
Q14548,A11
Q14549,A4
Q14550,A3
Q14551,A8
Q14552,A99
Q14553,A7
Q14554,A85
Q14555,A5
Q14556,A35
Q14557,A82
Q14558,A42
Q14559,A34
Q14560,A11
Q14561,A33
Q14562,A46
Q14563,A58
Q14564,A31
Q14565,A19
Q14566,A31
Q14567,A73
Q14568,A93
Q14569,A35
Q14570,A96
Q14571,A15
Q14572,A43
Q14573,A31
Q14574,A0
Q14575,A84
Q14576,A80
Q14577,A64
Q14578,A81
Q14579,A21
Q14580,A77
Q14581,A21
Q14582,A82
Q14583,A19
Q14584,A38
Q14585,A31
Q14586,A36
Q14587,A9
Q14588,A10
Q14589,A6
Q14590,A45
Q14591,A67
Q14592,A80
Q14593,A72
Q14594,A22
Q14595,A24
Q14596,A34
Q14597,A11
Q14598,A44
Q14599,A29
Q14600,A81
Q14601,A45
Q14602,A46
Q14603,A42
Q14604,A67
Q14605,A29
Q14606,A1
Q14607,A0
Q14608,A23
Q14609,A40
Q14610,A38
Q14611,A49
Q14612,A9
Q14613,A91
Q14614,A21
Q14615,A62
Q14616,A19
Q14617,A5
Q14618,A86
Q14619,A34
Q14620,A40
Q14621,A81
Q14622,A51
Q14623,A58
Q14624,A62
Q14625,A78
Q14626,A95
Q14627,A90
Q14628,A79
Q14629,A52
Q14630,A61
Q14631,A77
Q14632,A11
Q14633,A18
Q14634,A85
Q14635,A32
Q14636,A74
Q14637,A67
Q14638,A36
Q14639,A31
Q14640,A91
Q14641,A85
Q14642,A2
Q14643,A95
Q14644,A26
Q14645,A23
Q14646,A91
Q14647,A24
Q14648,A81
Q14649,A23
Q14650,A18
Q14651,A93
Q14652,A13
Q14653,A61
Q14654,A69
Q14655,A14
Q14656,A1
Q14657,A93
Q14658,A85
Q14659,A39
Q14660,A81
Q14661,A79
Q14662,A46
Q14663,A99
Q14664,A85
Q14665,A83
Q14666,A47
Q14667,A62
Q14668,A72
Q14669,A70
Q14670,A39
Q14671,A59
Q14672,A15
Q14673,A40
Q14674,A66
Q14675,A98
Q14676,A65
Q14677,A32
Q14678,A7
Q14679,A48
Q14680,A97
Q14681,A25
Q14682,A70
Q14683,A87
Q14684,A12
Q14685,A54
Q14686,A42
Q14687,A17
Q14688,A53
Q14689,A94
Q14690,A81
Q14691,A4
Q14692,A1
Q14693,A27
Q14694,A18
Q14695,A27
Q14696,A96
Q14697,A42
Q14698,A57
Q14699,A34
Q14700,A73
Q14701,A7
Q14702,A74
Q14703,A74
Q14704,A29
Q14705,A52
Q14706,A68
Q14707,A95
Q14708,A90
Q14709,A56
Q14710,A20
Q14711,A67
Q14712,A65
Q14713,A54
Q14714,A92
Q14715,A48
Q14716,A57
Q14717,A67
Q14718,A64
Q14719,A10
Q14720,A96
Q14721,A6
Q14722,A47
Q14723,A83
Q14724,A56
Q14725,A88
Q14726,A50
Q14727,A4
Q14728,A55
Q14729,A71
Q14730,A14
Q14731,A17
Q14732,A83
Q14733,A66
Q14734,A94
Q14735,A83
Q14736,A64
Q14737,A54
Q14738,A87
Q14739,A71
Q14740,A13
Q14741,A24
Q14742,A87
Q14743,A89
Q14744,A29
Q14745,A74
Q14746,A37
Q14747,A6
Q14748,A79
Q14749,A87
Q14750,A1
Q14751,A15
Q14752,A56
Q14753,A52
Q14754,A53
Q14755,A57
Q14756,A23
Q14757,A99
Q14758,A59
Q14759,A38
Q14760,A58
Q14761,A77
Q14762,A7
Q14763,A91
Q14764,A66
Q14765,A75
Q14766,A14
Q14767,A95
Q14768,A41
Q14769,A17
Q14770,A55
Q14771,A60
Q14772,A84
Q14773,A93
Q14774,A33
Q14775,A69
Q14776,A18
Q14777,A31
Q14778,A67
Q14779,A80
Q14780,A42
Q14781,A37
Q14782,A23
Q14783,A8
Q14784,A23
Q14785,A16
Q14786,A8
Q14787,A56
Q14788,A5
Q14789,A38
Q14790,A9
Q14791,A41
Q14792,A32
Q14793,A68
Q14794,A5
Q14795,A21
Q14796,A46
Q14797,A35
Q14798,A74
Q14799,A28
Q14800,A28
Q14801,A58
Q14802,A93
Q14803,A26
Q14804,A49
Q14805,A95
Q14806,A96
Q14807,A82
Q14808,A26
Q14809,A81
Q14810,A90
Q14811,A18
Q14812,A41
Q14813,A40
Q14814,A15
Q14815,A39
Q14816,A98
Q14817,A68
Q14818,A36
Q14819,A63
Q14820,A78
Q14821,A95
Q14822,A23
Q14823,A49
Q14824,A34
Q14825,A56
Q14826,A4
Q14827,A55
Q14828,A78
Q14829,A34
Q14830,A10
Q14831,A50
Q14832,A82
Q14833,A24
Q14834,A1
Q14835,A59
Q14836,A30
Q14837,A62
Q14838,A95
Q14839,A24
Q14840,A37
Q14841,A56
Q14842,A28
Q14843,A67
Q14844,A71
Q14845,A31
Q14846,A14
Q14847,A33
Q14848,A93
Q14849,A42
Q14850,A92
Q14851,A33
Q14852,A64
Q14853,A27
Q14854,A90
Q14855,A54
Q14856,A13
Q14857,A23
Q14858,A81
Q14859,A34
Q14860,A94
Q14861,A97
Q14862,A22
Q14863,A50
Q14864,A50
Q14865,A4
Q14866,A90
Q14867,A22
Q14868,A64
Q14869,A0
Q14870,A61
Q14871,A14
Q14872,A43
Q14873,A89
Q14874,A92
Q14875,A91
Q14876,A16
Q14877,A17
Q14878,A12
Q14879,A57
Q14880,A94
Q14881,A93
Q14882,A67
Q14883,A60
Q14884,A37
Q14885,A47
Q14886,A78
Q14887,A65
Q14888,A57
Q14889,A41
Q14890,A49
Q14891,A27
Q14892,A69
Q14893,A40
Q14894,A15
Q14895,A78
Q14896,A68
Q14897,A50
Q14898,A23
Q14899,A92
Q14900,A15
Q14901,A38
Q14902,A66
Q14903,A7
Q14904,A79
Q14905,A88
Q14906,A56
Q14907,A54
Q14908,A51
Q14909,A62
Q14910,A66
Q14911,A19
Q14912,A43
Q14913,A74
Q14914,A67
Q14915,A96
Q14916,A40
Q14917,A5
Q14918,A18
Q14919,A17
Q14920,A14
Q14921,A45
Q14922,A58
Q14923,A29
Q14924,A16
Q14925,A52
Q14926,A6
Q14927,A93
Q14928,A38
Q14929,A49
Q14930,A98
Q14931,A1
Q14932,A41
Q14933,A12
Q14934,A83
Q14935,A42
Q14936,A51
Q14937,A43
Q14938,A86
Q14939,A40
Q14940,A38
Q14941,A65
Q14942,A16
Q14943,A94
Q14944,A94
Q14945,A91
Q14946,A2
Q14947,A91
Q14948,A41
Q14949,A43
Q14950,A91
Q14951,A73
Q14952,A85
Q14953,A83
Q14954,A80
Q14955,A11
Q14956,A59
Q14957,A99
Q14958,A26
Q14959,A32
Q14960,A96
Q14961,A97
Q14962,A70
Q14963,A40
Q14964,A47
Q14965,A37
Q14966,A58
Q14967,A0
Q14968,A33
Q14969,A40
Q14970,A60
Q14971,A73
Q14972,A56
Q14973,A84
Q14974,A66
Q14975,A2
Q14976,A17
Q14977,A18
Q14978,A79
Q14979,A54
Q14980,A32
Q14981,A58
Q14982,A41
Q14983,A85
Q14984,A28
Q14985,A70
Q14986,A65
Q14987,A66
Q14988,A36
Q14989,A60
Q14990,A89
Q14991,A9
Q14992,A82
Q14993,A35
Q14994,A86
Q14995,A37
Q14996,A4
Q14997,A25
Q14998,A13
Q14999,A67
Q15000,A56
Q15001,A85
Q15002,A3
Q15003,A83
Q15004,A84
Q15005,A80
Q15006,A87
Q15007,A48
Q15008,A80
Q15009,A52
Q15010,A72
Q15011,A76
Q15012,A3
Q15013,A90
Q15014,A36
Q15015,A13
Q15016,A95
Q15017,A22
Q15018,A30
Q15019,A23
Q15020,A65
Q15021,A97
Q15022,A68
Q15023,A56
Q15024,A70
Q15025,A80
Q15026,A80
Q15027,A23
Q15028,A87
Q15029,A70
Q15030,A78
Q15031,A62
Q15032,A27
Q15033,A72
Q15034,A96
Q15035,A5
Q15036,A8
Q15037,A69
Q15038,A53
Q15039,A15
Q15040,A33
Q15041,A16
Q15042,A7
Q15043,A50
Q15044,A39
Q15045,A14
Q15046,A68
Q15047,A53
Q15048,A90
Q15049,A5
Q15050,A27
Q15051,A60
Q15052,A27
Q15053,A5
Q15054,A58
Q15055,A89
Q15056,A38
Q15057,A44
Q15058,A94
Q15059,A32
Q15060,A29
Q15061,A74
Q15062,A63
Q15063,A4
Q15064,A87
Q15065,A19
Q15066,A27
Q15067,A70
Q15068,A19
Q15069,A90
Q15070,A58
Q15071,A21
Q15072,A72
Q15073,A4
Q15074,A47
Q15075,A62
Q15076,A91
Q15077,A86
Q15078,A40
Q15079,A59
Q15080,A79
Q15081,A12
Q15082,A66
Q15083,A48
Q15084,A29
Q15085,A0
Q15086,A77
Q15087,A34
Q15088,A6
Q15089,A49
Q15090,A15
Q15091,A51
Q15092,A73
Q15093,A73
Q15094,A16
Q15095,A75
Q15096,A32
Q15097,A7
Q15098,A39
Q15099,A7
Q15100,A49
Q15101,A14
Q15102,A99
Q15103,A21
Q15104,A19
Q15105,A0
Q15106,A80
Q15107,A3
Q15108,A8
Q15109,A15
Q15110,A87
Q15111,A67
Q15112,A9
Q15113,A82
Q15114,A96
Q15115,A42
Q15116,A80
Q15117,A4
Q15118,A98
Q15119,A81
Q15120,A4
Q15121,A75
Q15122,A10
Q15123,A96
Q15124,A5
Q15125,A95
Q15126,A41
Q15127,A32
Q15128,A69
Q15129,A91
Q15130,A48
Q15131,A70
Q15132,A39
Q15133,A11
Q15134,A2
Q15135,A52
Q15136,A97
Q15137,A7
Q15138,A59
Q15139,A58
Q15140,A56
Q15141,A82
Q15142,A58
Q15143,A20
Q15144,A12
Q15145,A57
Q15146,A31
Q15147,A24
Q15148,A39
Q15149,A81
Q15150,A96
Q15151,A38
Q15152,A42
Q15153,A98
Q15154,A75
Q15155,A25
Q15156,A39
Q15157,A74
Q15158,A53
Q15159,A12
Q15160,A94
Q15161,A36
Q15162,A62
Q15163,A72
Q15164,A16
Q15165,A34
Q15166,A20
Q15167,A85
Q15168,A51
Q15169,A83
Q15170,A63
Q15171,A57
Q15172,A96
Q15173,A76
Q15174,A18
Q15175,A0
Q15176,A99
Q15177,A8
Q15178,A63
Q15179,A34
Q15180,A1
Q15181,A27
Q15182,A22
Q15183,A60
Q15184,A58
Q15185,A46
Q15186,A66
Q15187,A29
Q15188,A61
Q15189,A61
Q15190,A25
Q15191,A62
Q15192,A91
Q15193,A48
Q15194,A73
Q15195,A55
Q15196,A21
Q15197,A24
Q15198,A46
Q15199,A9
Q15200,A89
Q15201,A35
Q15202,A7
Q15203,A3
Q15204,A75
Q15205,A66
Q15206,A70
Q15207,A38
Q15208,A99
Q15209,A77
Q15210,A76
Q15211,A92
Q15212,A18
Q15213,A43
Q15214,A43
Q15215,A49
Q15216,A95
Q15217,A63
Q15218,A28
Q15219,A74
Q15220,A40
Q15221,A16
Q15222,A10
Q15223,A83
Q15224,A70
Q15225,A55
Q15226,A25
Q15227,A11
Q15228,A27
Q15229,A99
Q15230,A44
Q15231,A36
Q15232,A89
Q15233,A79
Q15234,A30
Q15235,A92
Q15236,A89
Q15237,A58
Q15238,A7
Q15239,A15
Q15240,A53
Q15241,A90
Q15242,A25
Q15243,A7
Q15244,A9
Q15245,A46
Q15246,A73
Q15247,A98
Q15248,A95
Q15249,A66
Q15250,A19
Q15251,A85
Q15252,A81
Q15253,A73
Q15254,A31
Q15255,A42
Q15256,A21
Q15257,A40
Q15258,A99
Q15259,A61
Q15260,A69
Q15261,A74
Q15262,A55
Q15263,A39
Q15264,A6
Q15265,A34
Q15266,A36
Q15267,A8
Q15268,A67
Q15269,A6
Q15270,A67
Q15271,A70
Q15272,A53
Q15273,A16
Q15274,A0
Q15275,A17
Q15276,A98
Q15277,A36
Q15278,A0
Q15279,A19
Q15280,A36
Q15281,A25
Q15282,A32
Q15283,A35
Q15284,A70
Q15285,A93
Q15286,A10
Q15287,A95
Q15288,A37
Q15289,A25
Q15290,A14
Q15291,A34
Q15292,A3
Q15293,A3
Q15294,A84
Q15295,A5
Q15296,A65
Q15297,A34
Q15298,A63
Q15299,A24
Q15300,A95
Q15301,A91
Q15302,A58
Q15303,A29
Q15304,A82
Q15305,A79
Q15306,A40
Q15307,A41
Q15308,A81
Q15309,A72
Q15310,A34
Q15311,A3
Q15312,A48
Q15313,A34
Q15314,A34
Q15315,A53
Q15316,A14
Q15317,A82
Q15318,A22
Q15319,A60
Q15320,A21
Q15321,A84
Q15322,A68
Q15323,A58
Q15324,A67
Q15325,A54
Q15326,A47
Q15327,A71
Q15328,A84
Q15329,A22
Q15330,A20
Q15331,A71
Q15332,A67
Q15333,A19
Q15334,A1
Q15335,A48
Q15336,A13
Q15337,A31
Q15338,A21
Q15339,A80
Q15340,A25
Q15341,A30
Q15342,A49
Q15343,A31
Q15344,A94
Q15345,A68
Q15346,A53
Q15347,A94
Q15348,A5
Q15349,A90
Q15350,A52
Q15351,A28
Q15352,A48
Q15353,A57
Q15354,A5
Q15355,A15
Q15356,A28
Q15357,A24
Q15358,A82
Q15359,A34
Q15360,A16
Q15361,A8
Q15362,A35
Q15363,A91
Q15364,A61
Q15365,A53
Q15366,A34
Q15367,A94
Q15368,A36
Q15369,A52
Q15370,A33
Q15371,A72
Q15372,A64
Q15373,A17
Q15374,A38
Q15375,A76
Q15376,A91
Q15377,A25
Q15378,A20
Q15379,A32
Q15380,A70
Q15381,A59
Q15382,A7
Q15383,A11
Q15384,A68
Q15385,A8
Q15386,A23
Q15387,A80
Q15388,A77
Q15389,A41
Q15390,A43
Q15391,A25
Q15392,A5
Q15393,A75
Q15394,A3
Q15395,A40
Q15396,A16
Q15397,A40
Q15398,A90
Q15399,A32
Q15400,A99
Q15401,A49
Q15402,A80
Q15403,A82
Q15404,A75
Q15405,A69
Q15406,A11
Q15407,A25
Q15408,A50
Q15409,A53
Q15410,A15
Q15411,A19
Q15412,A77
Q15413,A14
Q15414,A97
Q15415,A90
Q15416,A1
Q15417,A38
Q15418,A59
Q15419,A44
Q15420,A85
Q15421,A70
Q15422,A70
Q15423,A4
Q15424,A69
Q15425,A44
Q15426,A53
Q15427,A84
Q15428,A66
Q15429,A43
Q15430,A49
Q15431,A58
Q15432,A56
Q15433,A45
Q15434,A14
Q15435,A94
Q15436,A30
Q15437,A88
Q15438,A78
Q15439,A16
Q15440,A46
Q15441,A27
Q15442,A4
Q15443,A14
Q15444,A8
Q15445,A96
Q15446,A32
Q15447,A48
Q15448,A53
Q15449,A79
Q15450,A35
Q15451,A55
Q15452,A14
Q15453,A66
Q15454,A35
Q15455,A73
Q15456,A56
Q15457,A35
Q15458,A36
Q15459,A74
Q15460,A83
Q15461,A31
Q15462,A73
Q15463,A17
Q15464,A9
Q15465,A67
Q15466,A1
Q15467,A61
Q15468,A62
Q15469,A27
Q15470,A73
Q15471,A58
Q15472,A6
Q15473,A11
Q15474,A62
Q15475,A96
Q15476,A73
Q15477,A17
Q15478,A62
Q15479,A86
Q15480,A70
Q15481,A27
Q15482,A0
Q15483,A53
Q15484,A55
Q15485,A45
Q15486,A98
Q15487,A89
Q15488,A95
Q15489,A32
Q15490,A11
Q15491,A49
Q15492,A58
Q15493,A19
Q15494,A27
Q15495,A19
Q15496,A7
Q15497,A92
Q15498,A96
Q15499,A65
Q15500,A87
Q15501,A86
Q15502,A27
Q15503,A66
Q15504,A32
Q15505,A42
Q15506,A46
Q15507,A41
Q15508,A23
Q15509,A75
Q15510,A46
Q15511,A56
Q15512,A41
Q15513,A38
Q15514,A60
Q15515,A36
Q15516,A83
Q15517,A1
Q15518,A75
Q15519,A91
Q15520,A52
Q15521,A81
Q15522,A42
Q15523,A96
Q15524,A51
Q15525,A9
Q15526,A89
Q15527,A94
Q15528,A30
Q15529,A31
Q15530,A47
Q15531,A38
Q15532,A78
Q15533,A75
Q15534,A95
Q15535,A48
Q15536,A56
Q15537,A38
Q15538,A94
Q15539,A11
Q15540,A96
Q15541,A57
Q15542,A97
Q15543,A33
Q15544,A49
Q15545,A51
Q15546,A6
Q15547,A33
Q15548,A86
Q15549,A58
Q15550,A90
Q15551,A90
Q15552,A36
Q15553,A1
Q15554,A33
Q15555,A40
Q15556,A23
Q15557,A36
Q15558,A3
Q15559,A4
Q15560,A37
Q15561,A19
Q15562,A54
Q15563,A49
Q15564,A48
Q15565,A61
Q15566,A54
Q15567,A89
Q15568,A46
Q15569,A48
Q15570,A45
Q15571,A89
Q15572,A55
Q15573,A68
Q15574,A44
Q15575,A44
Q15576,A71
Q15577,A16
Q15578,A42
Q15579,A83
Q15580,A39
Q15581,A11
Q15582,A41
Q15583,A57
Q15584,A21
Q15585,A4
Q15586,A54
Q15587,A69
Q15588,A96
Q15589,A31
Q15590,A90
Q15591,A7
Q15592,A68
Q15593,A11
Q15594,A24
Q15595,A44
Q15596,A67
Q15597,A1
Q15598,A84
Q15599,A96
Q15600,A8
Q15601,A55
Q15602,A41
Q15603,A83
Q15604,A87
Q15605,A65
Q15606,A43
Q15607,A5
Q15608,A83
Q15609,A54
Q15610,A30
Q15611,A62
Q15612,A96
Q15613,A92
Q15614,A34
Q15615,A73
Q15616,A75
Q15617,A83
Q15618,A43
Q15619,A76
Q15620,A2
Q15621,A33
Q15622,A64
Q15623,A49
Q15624,A81
Q15625,A3
Q15626,A36
Q15627,A32
Q15628,A67
Q15629,A23
Q15630,A91
Q15631,A7
Q15632,A25
Q15633,A67
Q15634,A47
Q15635,A1
Q15636,A56
Q15637,A34
Q15638,A90
Q15639,A83
Q15640,A58
Q15641,A8
Q15642,A35
Q15643,A97
Q15644,A94
Q15645,A29
Q15646,A83
Q15647,A93
Q15648,A78
Q15649,A56
Q15650,A72
Q15651,A79
Q15652,A72
Q15653,A70
Q15654,A20
Q15655,A97
Q15656,A88
Q15657,A65
Q15658,A9
Q15659,A46
Q15660,A45
Q15661,A69
Q15662,A84
Q15663,A12
Q15664,A66
Q15665,A40
Q15666,A97
Q15667,A22
Q15668,A40
Q15669,A80
Q15670,A2
Q15671,A34
Q15672,A86
Q15673,A54
Q15674,A67
Q15675,A95
Q15676,A62
Q15677,A85
Q15678,A57
Q15679,A37
Q15680,A22
Q15681,A4
Q15682,A63
Q15683,A91
Q15684,A91
Q15685,A12
Q15686,A87
Q15687,A54
Q15688,A86
Q15689,A85
Q15690,A38
Q15691,A33
Q15692,A22
Q15693,A10
Q15694,A92
Q15695,A42
Q15696,A95
Q15697,A50
Q15698,A52
Q15699,A7
Q15700,A91
Q15701,A0
Q15702,A35
Q15703,A4
Q15704,A43
Q15705,A14
Q15706,A81
Q15707,A45
Q15708,A22
Q15709,A37
Q15710,A92
Q15711,A30
Q15712,A43
Q15713,A1
Q15714,A14
Q15715,A92
Q15716,A20
Q15717,A79
Q15718,A78
Q15719,A47
Q15720,A44
Q15721,A86
Q15722,A13
Q15723,A1
Q15724,A70
Q15725,A13
Q15726,A91
Q15727,A73
Q15728,A28
Q15729,A84
Q15730,A39
Q15731,A96
Q15732,A19
Q15733,A8
Q15734,A72
Q15735,A19
Q15736,A99
Q15737,A46
Q15738,A84
Q15739,A55
Q15740,A29
Q15741,A10
Q15742,A78
Q15743,A43
Q15744,A61
Q15745,A89
Q15746,A50
Q15747,A33
Q15748,A7
Q15749,A97
Q15750,A95
Q15751,A54
Q15752,A26
Q15753,A0
Q15754,A25
Q15755,A9
Q15756,A8
Q15757,A35
Q15758,A0
Q15759,A10
Q15760,A53
Q15761,A22
Q15762,A52
Q15763,A36
Q15764,A7
Q15765,A29
Q15766,A4
Q15767,A97
Q15768,A50
Q15769,A11
Q15770,A20
Q15771,A31
Q15772,A68
Q15773,A53
Q15774,A56
Q15775,A24
Q15776,A30
Q15777,A0
Q15778,A1
Q15779,A13
Q15780,A54
Q15781,A84
Q15782,A41
Q15783,A74
Q15784,A98
Q15785,A13
Q15786,A9
Q15787,A95
Q15788,A38
Q15789,A65
Q15790,A45
Q15791,A43
Q15792,A55
Q15793,A97
Q15794,A31
Q15795,A13
Q15796,A63
Q15797,A94
Q15798,A59
Q15799,A72
Q15800,A16
Q15801,A54
Q15802,A28
Q15803,A31
Q15804,A22
Q15805,A37
Q15806,A11
Q15807,A50
Q15808,A82
Q15809,A58
Q15810,A59
Q15811,A29
Q15812,A4
Q15813,A53
Q15814,A44
Q15815,A24
Q15816,A72
Q15817,A45
Q15818,A66
Q15819,A31
Q15820,A34
Q15821,A24
Q15822,A39
Q15823,A23
Q15824,A63
Q15825,A41
Q15826,A71
Q15827,A14
Q15828,A63
Q15829,A74
Q15830,A48
Q15831,A11
Q15832,A91
Q15833,A18
Q15834,A86
Q15835,A98
Q15836,A91
Q15837,A21
Q15838,A53
Q15839,A29
Q15840,A93
Q15841,A14
Q15842,A65
Q15843,A0
Q15844,A93
Q15845,A47
Q15846,A14
Q15847,A19
Q15848,A53
Q15849,A96
Q15850,A95
Q15851,A48
Q15852,A7
Q15853,A28
Q15854,A10
Q15855,A19
Q15856,A45
Q15857,A92
Q15858,A86
Q15859,A1
Q15860,A63
Q15861,A76
Q15862,A72
Q15863,A66
Q15864,A68
Q15865,A11
Q15866,A86
Q15867,A8
Q15868,A70
Q15869,A54
Q15870,A51
Q15871,A74
Q15872,A52
Q15873,A76
Q15874,A21
Q15875,A47
Q15876,A15
Q15877,A21
Q15878,A17
Q15879,A26
Q15880,A41
Q15881,A33
Q15882,A87
Q15883,A35
Q15884,A42
Q15885,A98
Q15886,A73
Q15887,A92
Q15888,A48
Q15889,A93
Q15890,A15
Q15891,A19
Q15892,A64
Q15893,A15
Q15894,A53
Q15895,A13
Q15896,A91
Q15897,A39
Q15898,A38
Q15899,A82
Q15900,A44
Q15901,A89
Q15902,A3
Q15903,A39
Q15904,A20
Q15905,A17
Q15906,A14
Q15907,A36
Q15908,A60
Q15909,A88
Q15910,A96
Q15911,A24
Q15912,A45
Q15913,A90
Q15914,A54
Q15915,A77
Q15916,A32
Q15917,A17
Q15918,A19
Q15919,A38
Q15920,A57
Q15921,A58
Q15922,A70
Q15923,A1
Q15924,A55
Q15925,A73
Q15926,A99
Q15927,A94
Q15928,A13
Q15929,A70
Q15930,A94
Q15931,A96
Q15932,A70
Q15933,A81
Q15934,A12
Q15935,A54
Q15936,A39
Q15937,A3
Q15938,A35
Q15939,A82
Q15940,A1
Q15941,A19
Q15942,A85
Q15943,A91
Q15944,A78
Q15945,A96
Q15946,A2
Q15947,A31
Q15948,A25
Q15949,A3
Q15950,A59
Q15951,A94
Q15952,A58
Q15953,A67
Q15954,A3
Q15955,A77
Q15956,A84
Q15957,A16
Q15958,A49
Q15959,A89
Q15960,A97
Q15961,A40
Q15962,A41
Q15963,A44
Q15964,A17
Q15965,A60
Q15966,A63
Q15967,A17
Q15968,A29
Q15969,A18
Q15970,A5
Q15971,A73
Q15972,A34
Q15973,A32
Q15974,A80
Q15975,A28
Q15976,A54
Q15977,A72
Q15978,A63
Q15979,A16
Q15980,A39
Q15981,A11
Q15982,A37
Q15983,A87
Q15984,A75
Q15985,A9
Q15986,A88
Q15987,A2
Q15988,A43
Q15989,A59
Q15990,A0
Q15991,A7
Q15992,A11
Q15993,A9
Q15994,A88
Q15995,A73
Q15996,A52
Q15997,A72
Q15998,A96
Q15999,A60
Q16000,A93
Q16001,A59
Q16002,A89
Q16003,A65
Q16004,A63
Q16005,A79
Q16006,A20
Q16007,A32
Q16008,A24
Q16009,A78
Q16010,A19
Q16011,A3
Q16012,A37
Q16013,A87
Q16014,A21
Q16015,A8
Q16016,A4
Q16017,A18
Q16018,A28
Q16019,A36
Q16020,A5
Q16021,A50
Q16022,A57
Q16023,A71
Q16024,A26
Q16025,A51
Q16026,A63
Q16027,A47
Q16028,A38
Q16029,A7
Q16030,A69
Q16031,A89
Q16032,A25
Q16033,A28
Q16034,A15
Q16035,A7
Q16036,A35
Q16037,A43
Q16038,A34
Q16039,A65
Q16040,A95
Q16041,A65
Q16042,A11
Q16043,A12
Q16044,A29
Q16045,A47
Q16046,A94
Q16047,A67
Q16048,A9
Q16049,A62
Q16050,A94
Q16051,A80
Q16052,A66
Q16053,A13
Q16054,A97
Q16055,A11
Q16056,A84
Q16057,A65
Q16058,A5
Q16059,A89
Q16060,A42
Q16061,A3
Q16062,A95
Q16063,A73
Q16064,A87
Q16065,A72
Q16066,A47
Q16067,A74
Q16068,A56
Q16069,A79
Q16070,A84
Q16071,A10
Q16072,A22
Q16073,A56
Q16074,A28
Q16075,A49
Q16076,A66
Q16077,A93
Q16078,A81
Q16079,A72
Q16080,A59
Q16081,A51
Q16082,A51
Q16083,A84
Q16084,A69
Q16085,A41
Q16086,A59
Q16087,A33
Q16088,A30
Q16089,A57
Q16090,A36
Q16091,A16
Q16092,A43
Q16093,A48
Q16094,A85
Q16095,A52
Q16096,A16
Q16097,A92
Q16098,A17
Q16099,A65
Q16100,A15
Q16101,A65
Q16102,A44
Q16103,A5
Q16104,A31
Q16105,A21
Q16106,A51
Q16107,A66
Q16108,A51
Q16109,A79
Q16110,A46
Q16111,A67
Q16112,A75
Q16113,A3
Q16114,A98
Q16115,A31
Q16116,A74
Q16117,A78
Q16118,A89
Q16119,A61
Q16120,A61
Q16121,A65
Q16122,A95
Q16123,A44
Q16124,A48
Q16125,A27
Q16126,A38
Q16127,A84
Q16128,A17
Q16129,A29
Q16130,A33
Q16131,A76
Q16132,A23
Q16133,A45
Q16134,A86
Q16135,A22
Q16136,A72
Q16137,A62
Q16138,A84
Q16139,A93
Q16140,A32
Q16141,A53
Q16142,A87
Q16143,A51
Q16144,A46
Q16145,A16
Q16146,A68
Q16147,A3
Q16148,A4
Q16149,A74
Q16150,A48
Q16151,A23
Q16152,A45
Q16153,A10
Q16154,A26
Q16155,A25
Q16156,A85
Q16157,A62
Q16158,A88
Q16159,A45
Q16160,A44
Q16161,A43
Q16162,A19
Q16163,A31
Q16164,A98
Q16165,A96
Q16166,A99
Q16167,A59
Q16168,A68
Q16169,A36
Q16170,A15
Q16171,A76
Q16172,A63
Q16173,A91
Q16174,A56
Q16175,A99
Q16176,A83
Q16177,A55
Q16178,A0
Q16179,A78
Q16180,A95
Q16181,A76
Q16182,A94
Q16183,A34
Q16184,A96
Q16185,A8
Q16186,A19
Q16187,A2
Q16188,A63
Q16189,A59
Q16190,A42
Q16191,A27
Q16192,A36
Q16193,A34
Q16194,A79
Q16195,A74
Q16196,A31
Q16197,A19
Q16198,A66
Q16199,A68
Q16200,A95
Q16201,A4
Q16202,A10
Q16203,A75
Q16204,A32
Q16205,A87
Q16206,A64
Q16207,A92
Q16208,A38
Q16209,A36
Q16210,A4
Q16211,A39
Q16212,A39
Q16213,A99
Q16214,A24
Q16215,A50
Q16216,A54
Q16217,A47
Q16218,A11
Q16219,A57
Q16220,A62
Q16221,A38
Q16222,A15
Q16223,A30
Q16224,A91
Q16225,A50
Q16226,A58
Q16227,A71
Q16228,A82
Q16229,A50
Q16230,A78
Q16231,A44
Q16232,A70
Q16233,A56
Q16234,A74
Q16235,A73
Q16236,A31
Q16237,A65
Q16238,A56
Q16239,A99
Q16240,A15
Q16241,A23
Q16242,A0
Q16243,A87
Q16244,A59
Q16245,A36
Q16246,A37
Q16247,A85
Q16248,A98
Q16249,A9
Q16250,A59
Q16251,A49
Q16252,A72
Q16253,A47
Q16254,A45
Q16255,A87
Q16256,A5
Q16257,A90
Q16258,A26
Q16259,A27
Q16260,A7
Q16261,A46
Q16262,A28
Q16263,A16
Q16264,A78
Q16265,A60
Q16266,A96
Q16267,A28
Q16268,A65
Q16269,A42
Q16270,A9
Q16271,A8
Q16272,A22
Q16273,A61
Q16274,A36
Q16275,A27
Q16276,A80
Q16277,A83
Q16278,A60
Q16279,A95
Q16280,A32
Q16281,A25
Q16282,A1
Q16283,A22
Q16284,A51
Q16285,A8
Q16286,A47
Q16287,A44
Q16288,A59
Q16289,A83
Q16290,A14
Q16291,A70
Q16292,A36
Q16293,A28
Q16294,A24
Q16295,A59
Q16296,A83
Q16297,A69
Q16298,A31
Q16299,A34
Q16300,A51
Q16301,A20
Q16302,A20
Q16303,A39
Q16304,A61
Q16305,A60
Q16306,A74
Q16307,A5
Q16308,A64
Q16309,A90
Q16310,A77
Q16311,A33
Q16312,A64
Q16313,A29
Q16314,A91
Q16315,A80
Q16316,A39
Q16317,A63
Q16318,A81
Q16319,A73
Q16320,A41
Q16321,A10
Q16322,A42
Q16323,A57
Q16324,A21
Q16325,A81
Q16326,A49
Q16327,A66
Q16328,A82
Q16329,A47
Q16330,A61
Q16331,A55
Q16332,A2
Q16333,A89
Q16334,A69
Q16335,A57
Q16336,A81
Q16337,A95
Q16338,A55
Q16339,A2
Q16340,A88
Q16341,A79
Q16342,A15
Q16343,A30
Q16344,A86
Q16345,A76
Q16346,A67
Q16347,A92
Q16348,A99
Q16349,A41
Q16350,A11
Q16351,A87
Q16352,A0
Q16353,A0
Q16354,A36
Q16355,A28
Q16356,A0
Q16357,A38
Q16358,A33
Q16359,A93
Q16360,A94
Q16361,A24
Q16362,A40
Q16363,A49
Q16364,A95
Q16365,A17
Q16366,A40
Q16367,A78
Q16368,A29
Q16369,A9
Q16370,A12
Q16371,A85
Q16372,A54
Q16373,A85
Q16374,A14
Q16375,A41
Q16376,A72
Q16377,A85
Q16378,A7
Q16379,A70
Q16380,A48
Q16381,A70
Q16382,A91
Q16383,A78
Q16384,A43
Q16385,A71
Q16386,A58
Q16387,A63
Q16388,A50
Q16389,A90
Q16390,A96
Q16391,A11
Q16392,A70
Q16393,A82
Q16394,A46
Q16395,A36
Q16396,A33
Q16397,A64
Q16398,A1
Q16399,A66
Q16400,A38
Q16401,A28
Q16402,A8
Q16403,A74
Q16404,A64
Q16405,A33
Q16406,A13
Q16407,A43
Q16408,A93
Q16409,A96
Q16410,A70
Q16411,A69
Q16412,A92
Q16413,A91
Q16414,A78
Q16415,A91
Q16416,A8
Q16417,A48
Q16418,A33
Q16419,A93
Q16420,A56
Q16421,A49
Q16422,A57
Q16423,A92
Q16424,A93
Q16425,A85
Q16426,A96
Q16427,A68
Q16428,A6
Q16429,A44
Q16430,A42
Q16431,A99
Q16432,A62
Q16433,A10
Q16434,A69
Q16435,A24
Q16436,A62
Q16437,A82
Q16438,A20
Q16439,A89
Q16440,A43
Q16441,A96
Q16442,A63
Q16443,A80
Q16444,A84
Q16445,A43
Q16446,A59
Q16447,A11
Q16448,A8
Q16449,A39
Q16450,A29
Q16451,A27
Q16452,A11
Q16453,A36
Q16454,A99
Q16455,A89
Q16456,A6
Q16457,A57
Q16458,A22
Q16459,A74
Q16460,A6
Q16461,A37
Q16462,A20
Q16463,A7
Q16464,A54
Q16465,A87
Q16466,A59
Q16467,A82
Q16468,A14
Q16469,A1
Q16470,A9
Q16471,A59
Q16472,A22
Q16473,A11
Q16474,A99
Q16475,A39
Q16476,A98
Q16477,A17
Q16478,A24
Q16479,A8
Q16480,A5
Q16481,A54
Q16482,A77
Q16483,A41
Q16484,A54
Q16485,A25
Q16486,A43
Q16487,A86
Q16488,A93
Q16489,A63
Q16490,A3
Q16491,A32
Q16492,A6
Q16493,A27
Q16494,A84
Q16495,A87
Q16496,A64
Q16497,A48
Q16498,A97
Q16499,A81
Q16500,A38
Q16501,A9
Q16502,A44
Q16503,A81
Q16504,A1
Q16505,A65
Q16506,A76
Q16507,A28
Q16508,A99
Q16509,A99
Q16510,A61
Q16511,A46
Q16512,A57
Q16513,A91
Q16514,A79
Q16515,A87
Q16516,A88
Q16517,A79
Q16518,A60
Q16519,A80
Q16520,A0
Q16521,A84
Q16522,A86
Q16523,A53
Q16524,A35
Q16525,A31
Q16526,A54
Q16527,A18
Q16528,A5
Q16529,A58
Q16530,A96
Q16531,A76
Q16532,A97
Q16533,A9
Q16534,A16
Q16535,A83
Q16536,A18
Q16537,A7
Q16538,A63
Q16539,A73
Q16540,A0
Q16541,A0
Q16542,A66
Q16543,A92
Q16544,A24
Q16545,A50
Q16546,A32
Q16547,A84
Q16548,A96
Q16549,A85
Q16550,A50
Q16551,A32
Q16552,A22
Q16553,A40
Q16554,A61
Q16555,A95
Q16556,A70
Q16557,A57
Q16558,A7
Q16559,A97
Q16560,A10
Q16561,A86
Q16562,A73
Q16563,A25
Q16564,A99
Q16565,A8
Q16566,A27
Q16567,A84
Q16568,A8
Q16569,A19
Q16570,A52
Q16571,A83
Q16572,A11
Q16573,A34
Q16574,A48
Q16575,A73
Q16576,A33
Q16577,A73
Q16578,A61
Q16579,A71
Q16580,A89
Q16581,A11
Q16582,A80
Q16583,A88
Q16584,A18
Q16585,A6
Q16586,A75
Q16587,A2
Q16588,A1
Q16589,A28
Q16590,A16
Q16591,A80
Q16592,A67
Q16593,A73
Q16594,A69
Q16595,A35
Q16596,A93
Q16597,A57
Q16598,A88
Q16599,A35
Q16600,A89
Q16601,A6
Q16602,A13
Q16603,A46
Q16604,A55
Q16605,A47
Q16606,A8
Q16607,A13
Q16608,A59
Q16609,A48
Q16610,A39
Q16611,A34
Q16612,A22
Q16613,A32
Q16614,A28
Q16615,A42
Q16616,A67
Q16617,A42
Q16618,A89
Q16619,A9
Q16620,A62
Q16621,A33
Q16622,A17
Q16623,A95
Q16624,A26
Q16625,A80
Q16626,A76
Q16627,A2
Q16628,A96
Q16629,A1
Q16630,A40
Q16631,A31
Q16632,A27
Q16633,A83
Q16634,A30
Q16635,A84
Q16636,A61
Q16637,A0
Q16638,A38
Q16639,A96
Q16640,A85
Q16641,A93
Q16642,A19
Q16643,A82
Q16644,A91
Q16645,A51
Q16646,A50
Q16647,A65
Q16648,A85
Q16649,A20
Q16650,A59
Q16651,A80
Q16652,A27
Q16653,A53
Q16654,A47
Q16655,A29
Q16656,A86
Q16657,A58
Q16658,A52
Q16659,A19
Q16660,A8
Q16661,A63
Q16662,A34
Q16663,A70
Q16664,A74
Q16665,A1
Q16666,A93
Q16667,A42
Q16668,A49
Q16669,A93
Q16670,A51
Q16671,A32
Q16672,A66
Q16673,A90
Q16674,A62
Q16675,A14
Q16676,A49
Q16677,A12
Q16678,A70
Q16679,A65
Q16680,A23
Q16681,A80
Q16682,A39
Q16683,A92
Q16684,A60
Q16685,A46
Q16686,A69
Q16687,A72
Q16688,A28
Q16689,A98
Q16690,A25
Q16691,A33
Q16692,A75
Q16693,A97
Q16694,A23
Q16695,A43
Q16696,A28
Q16697,A32
Q16698,A96
Q16699,A70
Q16700,A90
Q16701,A48
Q16702,A38
Q16703,A23
Q16704,A16
Q16705,A71
Q16706,A37
Q16707,A84
Q16708,A5
Q16709,A59
Q16710,A71
Q16711,A30
Q16712,A93
Q16713,A97
Q16714,A87
Q16715,A37
Q16716,A15
Q16717,A2
Q16718,A85
Q16719,A99
Q16720,A62
Q16721,A5
Q16722,A15
Q16723,A35
Q16724,A20
Q16725,A70
Q16726,A76
Q16727,A29
Q16728,A58
Q16729,A57
Q16730,A5
Q16731,A83
Q16732,A16
Q16733,A89
Q16734,A3
Q16735,A34
Q16736,A88
Q16737,A6
Q16738,A59
Q16739,A29
Q16740,A10
Q16741,A25
Q16742,A68
Q16743,A27
Q16744,A50
Q16745,A32
Q16746,A61
Q16747,A27
Q16748,A29
Q16749,A85
Q16750,A61
Q16751,A44
Q16752,A1
Q16753,A22
Q16754,A88
Q16755,A26
Q16756,A69
Q16757,A53
Q16758,A68
Q16759,A85
Q16760,A69
Q16761,A73
Q16762,A68
Q16763,A6
Q16764,A45
Q16765,A40
Q16766,A55
Q16767,A84
Q16768,A5
Q16769,A95
Q16770,A50
Q16771,A6
Q16772,A66
Q16773,A3
Q16774,A20
Q16775,A20
Q16776,A61
Q16777,A59
Q16778,A81
Q16779,A65
Q16780,A14
Q16781,A10
Q16782,A44
Q16783,A21
Q16784,A82
Q16785,A0
Q16786,A51
Q16787,A96
Q16788,A50
Q16789,A96
Q16790,A69
Q16791,A82
Q16792,A78
Q16793,A95
Q16794,A60
Q16795,A58
Q16796,A51
Q16797,A93
Q16798,A43
Q16799,A96
Q16800,A8
Q16801,A78
Q16802,A97
Q16803,A43
Q16804,A84
Q16805,A23
Q16806,A77
Q16807,A19
Q16808,A50
Q16809,A62
Q16810,A24
Q16811,A92
Q16812,A68
Q16813,A94
Q16814,A37
Q16815,A86
Q16816,A39
Q16817,A15
Q16818,A93
Q16819,A18
Q16820,A67
Q16821,A66
Q16822,A71
Q16823,A54
Q16824,A28
Q16825,A74
Q16826,A21
Q16827,A99
Q16828,A69
Q16829,A12
Q16830,A52
Q16831,A91
Q16832,A66
Q16833,A37
Q16834,A68
Q16835,A60
Q16836,A3
Q16837,A84
Q16838,A82
Q16839,A8
Q16840,A62
Q16841,A82
Q16842,A73
Q16843,A29
Q16844,A0
Q16845,A78
Q16846,A92
Q16847,A75
Q16848,A58
Q16849,A84
Q16850,A17
Q16851,A93
Q16852,A69
Q16853,A14
Q16854,A0
Q16855,A27
Q16856,A77
Q16857,A81
Q16858,A54
Q16859,A51
Q16860,A30
Q16861,A15
Q16862,A63
Q16863,A67
Q16864,A66
Q16865,A15
Q16866,A38
Q16867,A47
Q16868,A79
Q16869,A12
Q16870,A71
Q16871,A77
Q16872,A90
Q16873,A47
Q16874,A6
Q16875,A65
Q16876,A69
Q16877,A81
Q16878,A67
Q16879,A50
Q16880,A26
Q16881,A3
Q16882,A29
Q16883,A37
Q16884,A29
Q16885,A83
Q16886,A84
Q16887,A97
Q16888,A49
Q16889,A94
Q16890,A99
Q16891,A17
Q16892,A69
Q16893,A37
Q16894,A98
Q16895,A28
Q16896,A93
Q16897,A82
Q16898,A12
Q16899,A85
Q16900,A61
Q16901,A98
Q16902,A29
Q16903,A55
Q16904,A74
Q16905,A82
Q16906,A53
Q16907,A62
Q16908,A19
Q16909,A37
Q16910,A31
Q16911,A50
Q16912,A92
Q16913,A35
Q16914,A17
Q16915,A56
Q16916,A93
Q16917,A89
Q16918,A11
Q16919,A5
Q16920,A87
Q16921,A41
Q16922,A25
Q16923,A4
Q16924,A56
Q16925,A77
Q16926,A27
Q16927,A60
Q16928,A78
Q16929,A18
Q16930,A14
Q16931,A51
Q16932,A38
Q16933,A53
Q16934,A84
Q16935,A62
Q16936,A70
Q16937,A47
Q16938,A15
Q16939,A84
Q16940,A50
Q16941,A89
Q16942,A0
Q16943,A12
Q16944,A34
Q16945,A17
Q16946,A95
Q16947,A43
Q16948,A80
Q16949,A14
Q16950,A5
Q16951,A7
Q16952,A33
Q16953,A80
Q16954,A97
Q16955,A78
Q16956,A35
Q16957,A88
Q16958,A69
Q16959,A45
Q16960,A27
Q16961,A73
Q16962,A89
Q16963,A56
Q16964,A2
Q16965,A16
Q16966,A1
Q16967,A5
Q16968,A7
Q16969,A32
Q16970,A38
Q16971,A50
Q16972,A90
Q16973,A58
Q16974,A4
Q16975,A80
Q16976,A99
Q16977,A40
Q16978,A94
Q16979,A23
Q16980,A63
Q16981,A6
Q16982,A45
Q16983,A52
Q16984,A87
Q16985,A63
Q16986,A65
Q16987,A71
Q16988,A14
Q16989,A61
Q16990,A75
Q16991,A52
Q16992,A40
Q16993,A61
Q16994,A17
Q16995,A86
Q16996,A0
Q16997,A77
Q16998,A3
Q16999,A66
Q17000,A47
Q17001,A3
Q17002,A17
Q17003,A68
Q17004,A83
Q17005,A35
Q17006,A74
Q17007,A65
Q17008,A89
Q17009,A1
Q17010,A69
Q17011,A23
Q17012,A52
Q17013,A14
Q17014,A77
Q17015,A1
Q17016,A66
Q17017,A28
Q17018,A39
Q17019,A57
Q17020,A94
Q17021,A97
Q17022,A41
Q17023,A60
Q17024,A74
Q17025,A57
Q17026,A31
Q17027,A56
Q17028,A31
Q17029,A24
Q17030,A77
Q17031,A76
Q17032,A77
Q17033,A77
Q17034,A90
Q17035,A40
Q17036,A0
Q17037,A76
Q17038,A21
Q17039,A66
Q17040,A70
Q17041,A88
Q17042,A16
Q17043,A96
Q17044,A65
Q17045,A6
Q17046,A81
Q17047,A34
Q17048,A53
Q17049,A8
Q17050,A92
Q17051,A76
Q17052,A99
Q17053,A61
Q17054,A60
Q17055,A18
Q17056,A50
Q17057,A63
Q17058,A17
Q17059,A40
Q17060,A68
Q17061,A18
Q17062,A46
Q17063,A91
Q17064,A47
Q17065,A49
Q17066,A89
Q17067,A87
Q17068,A97
Q17069,A60
Q17070,A67
Q17071,A91
Q17072,A80
Q17073,A48
Q17074,A12
Q17075,A40
Q17076,A76
Q17077,A68
Q17078,A52
Q17079,A87
Q17080,A9
Q17081,A14
Q17082,A20
Q17083,A22
Q17084,A1
Q17085,A95
Q17086,A54
Q17087,A47
Q17088,A79
Q17089,A85
Q17090,A59
Q17091,A80
Q17092,A63
Q17093,A44
Q17094,A51
Q17095,A76
Q17096,A69
Q17097,A17
Q17098,A91
Q17099,A49
Q17100,A41
Q17101,A76
Q17102,A36
Q17103,A86
Q17104,A79
Q17105,A34
Q17106,A50
Q17107,A55
Q17108,A16
Q17109,A46
Q17110,A34
Q17111,A54
Q17112,A25
Q17113,A92
Q17114,A0
Q17115,A44
Q17116,A73
Q17117,A14
Q17118,A38
Q17119,A59
Q17120,A1
Q17121,A73
Q17122,A72
Q17123,A29
Q17124,A43
Q17125,A8
Q17126,A99
Q17127,A43
Q17128,A63
Q17129,A58
Q17130,A90
Q17131,A47
Q17132,A68
Q17133,A46
Q17134,A18
Q17135,A50
Q17136,A83
Q17137,A24
Q17138,A91
Q17139,A77
Q17140,A33
Q17141,A38
Q17142,A31
Q17143,A51
Q17144,A63
Q17145,A64
Q17146,A18
Q17147,A4
Q17148,A75
Q17149,A24
Q17150,A95
Q17151,A0
Q17152,A23
Q17153,A9
Q17154,A23
Q17155,A91
Q17156,A80
Q17157,A84
Q17158,A95
Q17159,A24
Q17160,A48
Q17161,A17
Q17162,A89
Q17163,A67
Q17164,A15
Q17165,A48
Q17166,A40
Q17167,A88
Q17168,A9
Q17169,A20
Q17170,A80
Q17171,A33
Q17172,A43
Q17173,A23
Q17174,A87
Q17175,A12
Q17176,A12
Q17177,A6
Q17178,A99
Q17179,A46
Q17180,A99
Q17181,A70
Q17182,A44
Q17183,A87
Q17184,A41
Q17185,A74
Q17186,A45
Q17187,A5
Q17188,A77
Q17189,A45
Q17190,A40
Q17191,A15
Q17192,A71
Q17193,A83
Q17194,A36
Q17195,A84
Q17196,A3
Q17197,A4
Q17198,A92
Q17199,A30
Q17200,A27
Q17201,A60
Q17202,A40
Q17203,A9
Q17204,A93
Q17205,A5
Q17206,A88
Q17207,A10
Q17208,A73
Q17209,A43
Q17210,A33
Q17211,A14
Q17212,A46
Q17213,A15
Q17214,A73
Q17215,A57
Q17216,A31
Q17217,A28
Q17218,A9
Q17219,A35
Q17220,A48
Q17221,A61
Q17222,A23
Q17223,A13
Q17224,A33
Q17225,A63
Q17226,A6
Q17227,A83
Q17228,A18
Q17229,A49
Q17230,A76
Q17231,A95
Q17232,A18
Q17233,A39
Q17234,A6
Q17235,A66
Q17236,A78
Q17237,A15
Q17238,A40
Q17239,A88
Q17240,A86
Q17241,A49
Q17242,A11
Q17243,A22
Q17244,A82
Q17245,A53
Q17246,A71
Q17247,A34
Q17248,A94
Q17249,A64
Q17250,A8
Q17251,A22
Q17252,A28
Q17253,A22
Q17254,A93
Q17255,A28
Q17256,A10
Q17257,A8
Q17258,A50
Q17259,A27
Q17260,A57
Q17261,A75
Q17262,A43
Q17263,A21
Q17264,A52
Q17265,A85
Q17266,A64
Q17267,A18
Q17268,A65
Q17269,A99
Q17270,A87
Q17271,A24
Q17272,A49
Q17273,A93
Q17274,A73
Q17275,A43
Q17276,A87
Q17277,A73
Q17278,A91
Q17279,A99
Q17280,A74
Q17281,A28
Q17282,A52
Q17283,A93
Q17284,A31
Q17285,A20
Q17286,A7
Q17287,A13
Q17288,A3
Q17289,A98
Q17290,A52
Q17291,A47
Q17292,A78
Q17293,A27
Q17294,A16
Q17295,A88
Q17296,A14
Q17297,A15
Q17298,A11
Q17299,A20
Q17300,A26
Q17301,A6
Q17302,A94
Q17303,A45
Q17304,A4
Q17305,A67
Q17306,A86
Q17307,A39
Q17308,A58
Q17309,A91
Q17310,A8
Q17311,A69
Q17312,A90
Q17313,A22
Q17314,A66
Q17315,A70
Q17316,A45
Q17317,A64
Q17318,A20
Q17319,A51
Q17320,A97
Q17321,A1
Q17322,A86
Q17323,A10
Q17324,A31
Q17325,A25
Q17326,A22
Q17327,A60
Q17328,A25
Q17329,A28
Q17330,A52
Q17331,A42
Q17332,A84
Q17333,A54
Q17334,A12
Q17335,A50
Q17336,A1
Q17337,A79
Q17338,A25
Q17339,A90
Q17340,A73
Q17341,A55
Q17342,A71
Q17343,A32
Q17344,A10
Q17345,A51
Q17346,A11
Q17347,A83
Q17348,A31
Q17349,A51
Q17350,A1
Q17351,A79
Q17352,A32
Q17353,A61
Q17354,A73
Q17355,A93
Q17356,A7
Q17357,A58
Q17358,A41
Q17359,A12
Q17360,A97
Q17361,A91
Q17362,A20
Q17363,A90
Q17364,A51
Q17365,A71
Q17366,A55
Q17367,A54
Q17368,A37
Q17369,A17
Q17370,A30
Q17371,A19
Q17372,A90
Q17373,A8
Q17374,A58
Q17375,A87
Q17376,A83
Q17377,A71
Q17378,A75
Q17379,A8
Q17380,A93
Q17381,A44
Q17382,A77
Q17383,A66
Q17384,A0
Q17385,A88
Q17386,A21
Q17387,A26
Q17388,A65
Q17389,A91
Q17390,A0
Q17391,A36
Q17392,A80
Q17393,A63
Q17394,A80
Q17395,A45
Q17396,A67
Q17397,A58
Q17398,A96
Q17399,A54
Q17400,A51
Q17401,A9
Q17402,A88
Q17403,A21
Q17404,A59
Q17405,A53
Q17406,A65
Q17407,A85
Q17408,A10
Q17409,A37
Q17410,A87
Q17411,A67
Q17412,A40
Q17413,A17
Q17414,A66
Q17415,A20
Q17416,A47
Q17417,A87
Q17418,A14
Q17419,A17
Q17420,A90
Q17421,A31
Q17422,A67
Q17423,A71
Q17424,A30
Q17425,A90
Q17426,A11
Q17427,A59
Q17428,A88
Q17429,A5
Q17430,A18
Q17431,A3
Q17432,A61
Q17433,A30
Q17434,A72
Q17435,A71
Q17436,A10
Q17437,A39
Q17438,A23
Q17439,A61
Q17440,A25
Q17441,A80
Q17442,A37
Q17443,A41
Q17444,A19
Q17445,A88
Q17446,A20
Q17447,A69
Q17448,A71
Q17449,A77
Q17450,A0
Q17451,A36
Q17452,A44
Q17453,A64
Q17454,A27
Q17455,A82
Q17456,A2
Q17457,A6
Q17458,A6
Q17459,A87
Q17460,A97
Q17461,A54
Q17462,A38
Q17463,A30
Q17464,A22
Q17465,A75
Q17466,A54
Q17467,A39
Q17468,A62
Q17469,A81
Q17470,A20
Q17471,A8
Q17472,A39
Q17473,A99
Q17474,A81
Q17475,A23
Q17476,A67
Q17477,A87
Q17478,A53
Q17479,A94
Q17480,A65
Q17481,A8
Q17482,A95
Q17483,A20
Q17484,A24
Q17485,A62
Q17486,A11
Q17487,A85
Q17488,A97
Q17489,A6
Q17490,A89
Q17491,A61
Q17492,A79
Q17493,A7
Q17494,A36
Q17495,A83
Q17496,A17
Q17497,A21
Q17498,A93
Q17499,A32
Q17500,A89
Q17501,A54
Q17502,A5
Q17503,A82
Q17504,A30
Q17505,A88
Q17506,A30
Q17507,A59
Q17508,A80
Q17509,A4
Q17510,A59
Q17511,A71
Q17512,A92
Q17513,A72
Q17514,A67
Q17515,A92
Q17516,A36
Q17517,A8
Q17518,A70
Q17519,A28
Q17520,A79
Q17521,A97
Q17522,A39
Q17523,A76
Q17524,A49
Q17525,A26
Q17526,A92
Q17527,A66
Q17528,A46
Q17529,A57
Q17530,A27
Q17531,A68
Q17532,A61
Q17533,A86
Q17534,A47
Q17535,A60
Q17536,A61
Q17537,A42
Q17538,A40
Q17539,A17
Q17540,A8
Q17541,A62
Q17542,A22
Q17543,A60
Q17544,A86
Q17545,A51
Q17546,A3
Q17547,A93
Q17548,A12
Q17549,A34
Q17550,A34
Q17551,A50
Q17552,A96
Q17553,A88
Q17554,A83
Q17555,A30
Q17556,A83
Q17557,A72
Q17558,A42
Q17559,A27
Q17560,A40
Q17561,A18
Q17562,A42
Q17563,A27
Q17564,A21
Q17565,A60
Q17566,A27
Q17567,A59
Q17568,A60
Q17569,A79
Q17570,A44
Q17571,A7
Q17572,A17
Q17573,A92
Q17574,A43
Q17575,A93
Q17576,A49
Q17577,A42
Q17578,A89
Q17579,A17
Q17580,A92
Q17581,A34
Q17582,A61
Q17583,A92
Q17584,A24
Q17585,A41
Q17586,A44
Q17587,A96
Q17588,A98
Q17589,A5
Q17590,A31
Q17591,A52
Q17592,A75
Q17593,A46
Q17594,A94
Q17595,A28
Q17596,A22
Q17597,A58
Q17598,A21
Q17599,A22
Q17600,A91
Q17601,A14
Q17602,A66
Q17603,A65
Q17604,A60
Q17605,A78
Q17606,A2
Q17607,A7
Q17608,A34
Q17609,A46
Q17610,A33
Q17611,A22
Q17612,A67
Q17613,A34
Q17614,A68
Q17615,A61
Q17616,A87
Q17617,A28
Q17618,A23
Q17619,A53
Q17620,A47
Q17621,A62
Q17622,A43
Q17623,A22
Q17624,A24
Q17625,A26
Q17626,A62
Q17627,A46
Q17628,A3
Q17629,A25
Q17630,A73
Q17631,A78
Q17632,A34
Q17633,A69
Q17634,A34
Q17635,A11
Q17636,A41
Q17637,A6
Q17638,A24
Q17639,A70
Q17640,A96
Q17641,A25
Q17642,A78
Q17643,A54
Q17644,A77
Q17645,A96
Q17646,A22
Q17647,A43
Q17648,A48
Q17649,A92
Q17650,A61
Q17651,A13
Q17652,A10
Q17653,A12
Q17654,A85
Q17655,A27
Q17656,A95
Q17657,A21
Q17658,A51
Q17659,A85
Q17660,A32
Q17661,A65
Q17662,A58
Q17663,A73
Q17664,A29
Q17665,A86
Q17666,A57
Q17667,A41
Q17668,A86
Q17669,A51
Q17670,A85
Q17671,A20
Q17672,A94
Q17673,A14
Q17674,A77
Q17675,A45
Q17676,A61
Q17677,A50
Q17678,A23
Q17679,A62
Q17680,A32
Q17681,A65
Q17682,A79
Q17683,A25
Q17684,A14
Q17685,A65
Q17686,A26
Q17687,A3
Q17688,A72
Q17689,A32
Q17690,A50
Q17691,A37
Q17692,A56
Q17693,A4
Q17694,A50
Q17695,A27
Q17696,A31
Q17697,A55
Q17698,A27
Q17699,A70
Q17700,A88
Q17701,A87
Q17702,A89
Q17703,A27
Q17704,A4
Q17705,A17
Q17706,A33
Q17707,A54
Q17708,A33
Q17709,A17
Q17710,A42
Q17711,A10
Q17712,A78
Q17713,A99
Q17714,A23
Q17715,A81
Q17716,A17
Q17717,A19
Q17718,A14
Q17719,A93
Q17720,A58
Q17721,A24
Q17722,A11
Q17723,A28
Q17724,A41
Q17725,A96
Q17726,A26
Q17727,A0
Q17728,A27
Q17729,A50
Q17730,A8
Q17731,A90
Q17732,A45
Q17733,A98
Q17734,A57
Q17735,A6
Q17736,A57
Q17737,A49
Q17738,A17
Q17739,A70
Q17740,A24
Q17741,A19
Q17742,A1
Q17743,A16
Q17744,A11
Q17745,A29
Q17746,A70
Q17747,A33
Q17748,A18
Q17749,A53
Q17750,A5
Q17751,A56
Q17752,A12
Q17753,A68
Q17754,A56
Q17755,A42
Q17756,A9
Q17757,A75
Q17758,A85
Q17759,A5
Q17760,A84
Q17761,A28
Q17762,A73
Q17763,A71
Q17764,A89
Q17765,A91
Q17766,A63
Q17767,A2
Q17768,A53
Q17769,A94
Q17770,A26
Q17771,A16
Q17772,A62
Q17773,A19
Q17774,A29
Q17775,A35
Q17776,A49
Q17777,A86
Q17778,A37
Q17779,A46
Q17780,A75
Q17781,A52
Q17782,A13
Q17783,A69
Q17784,A6
Q17785,A83
Q17786,A66
Q17787,A21
Q17788,A52
Q17789,A41
Q17790,A49
Q17791,A7
Q17792,A95
Q17793,A60
Q17794,A68
Q17795,A3
Q17796,A77
Q17797,A60
Q17798,A37
Q17799,A56
Q17800,A62
Q17801,A87
Q17802,A4
Q17803,A73
Q17804,A77
Q17805,A72
Q17806,A57
Q17807,A21
Q17808,A70
Q17809,A6
Q17810,A71
Q17811,A95
Q17812,A16
Q17813,A70
Q17814,A45
Q17815,A79
Q17816,A36
Q17817,A1
Q17818,A71
Q17819,A93
Q17820,A3
Q17821,A25
Q17822,A56
Q17823,A62
Q17824,A5
Q17825,A89
Q17826,A92
Q17827,A26
Q17828,A54
Q17829,A10
Q17830,A80
Q17831,A59
Q17832,A7
Q17833,A18
Q17834,A24
Q17835,A10
Q17836,A6
Q17837,A29
Q17838,A36
Q17839,A34
Q17840,A28
Q17841,A34
Q17842,A52
Q17843,A53
Q17844,A72
Q17845,A9
Q17846,A94
Q17847,A19
Q17848,A13
Q17849,A1
Q17850,A54
Q17851,A35
Q17852,A44
Q17853,A52
Q17854,A74
Q17855,A52
Q17856,A71
Q17857,A50
Q17858,A30
Q17859,A68
Q17860,A85
Q17861,A57
Q17862,A3
Q17863,A87
Q17864,A41
Q17865,A63
Q17866,A24
Q17867,A9
Q17868,A68
Q17869,A60
Q17870,A35
Q17871,A64
Q17872,A66
Q17873,A25
Q17874,A54
Q17875,A10
Q17876,A11
Q17877,A17
Q17878,A76
Q17879,A37
Q17880,A47
Q17881,A67
Q17882,A0
Q17883,A47
Q17884,A32
Q17885,A87
Q17886,A15
Q17887,A83
Q17888,A94
Q17889,A11
Q17890,A12
Q17891,A94
Q17892,A23
Q17893,A45
Q17894,A59
Q17895,A3
Q17896,A49
Q17897,A14
Q17898,A79
Q17899,A16
Q17900,A97
Q17901,A75
Q17902,A60
Q17903,A4
Q17904,A15
Q17905,A65
Q17906,A29
Q17907,A18
Q17908,A28
Q17909,A69
Q17910,A2
Q17911,A69
Q17912,A58
Q17913,A81
Q17914,A6
Q17915,A83
Q17916,A72
Q17917,A70
Q17918,A30
Q17919,A56
Q17920,A26
Q17921,A90
Q17922,A44
Q17923,A42
Q17924,A5
Q17925,A50
Q17926,A47
Q17927,A41
Q17928,A15
Q17929,A36
Q17930,A38
Q17931,A39
Q17932,A32
Q17933,A33
Q17934,A45
Q17935,A15
Q17936,A20
Q17937,A25
Q17938,A90
Q17939,A57
Q17940,A20
Q17941,A62
Q17942,A78
Q17943,A59
Q17944,A84
Q17945,A23
Q17946,A32
Q17947,A39
Q17948,A96
Q17949,A80
Q17950,A68
Q17951,A72
Q17952,A81
Q17953,A47
Q17954,A34
Q17955,A92
Q17956,A78
Q17957,A45
Q17958,A93
Q17959,A65
Q17960,A90
Q17961,A41
Q17962,A94
Q17963,A27
Q17964,A78
Q17965,A12
Q17966,A47
Q17967,A46
Q17968,A25
Q17969,A75
Q17970,A9
Q17971,A8
Q17972,A19
Q17973,A57
Q17974,A86
Q17975,A84
Q17976,A52
Q17977,A99
Q17978,A65
Q17979,A93
Q17980,A10
Q17981,A9
Q17982,A62
Q17983,A72
Q17984,A93
Q17985,A21
Q17986,A55
Q17987,A72
Q17988,A48
Q17989,A55
Q17990,A80
Q17991,A75
Q17992,A65
Q17993,A23
Q17994,A57
Q17995,A79
Q17996,A62
Q17997,A13
Q17998,A78
Q17999,A72
Q18000,A77
Q18001,A49
Q18002,A77
Q18003,A72
Q18004,A87
Q18005,A88
Q18006,A3
Q18007,A51
Q18008,A42
Q18009,A7
Q18010,A12
Q18011,A11
Q18012,A20
Q18013,A16
Q18014,A53
Q18015,A67
Q18016,A26
Q18017,A70
Q18018,A63
Q18019,A19
Q18020,A48
Q18021,A80
Q18022,A35
Q18023,A1
Q18024,A64
Q18025,A70
Q18026,A2
Q18027,A28
Q18028,A75
Q18029,A2
Q18030,A29
Q18031,A18
Q18032,A97
Q18033,A2
Q18034,A39
Q18035,A11
Q18036,A43
Q18037,A81
Q18038,A27
Q18039,A57
Q18040,A24
Q18041,A79
Q18042,A16
Q18043,A45
Q18044,A87
Q18045,A9
Q18046,A42
Q18047,A60
Q18048,A70
Q18049,A69
Q18050,A1
Q18051,A63
Q18052,A95
Q18053,A95
Q18054,A53
Q18055,A23
Q18056,A54
Q18057,A45
Q18058,A75
Q18059,A44
Q18060,A14
Q18061,A96
Q18062,A96
Q18063,A41
Q18064,A0
Q18065,A52
Q18066,A14
Q18067,A44
Q18068,A47
Q18069,A33
Q18070,A93
Q18071,A40
Q18072,A61
Q18073,A38
Q18074,A40
Q18075,A78
Q18076,A94
Q18077,A25
Q18078,A80
Q18079,A94
Q18080,A64
Q18081,A62
Q18082,A12
Q18083,A44
Q18084,A19
Q18085,A40
Q18086,A40
Q18087,A30
Q18088,A87
Q18089,A40
Q18090,A42
Q18091,A78
Q18092,A3
Q18093,A86
Q18094,A76
Q18095,A28
Q18096,A38
Q18097,A62
Q18098,A55
Q18099,A96
Q18100,A57
Q18101,A63
Q18102,A86
Q18103,A30
Q18104,A70
Q18105,A86
Q18106,A53
Q18107,A86
Q18108,A62
Q18109,A98
Q18110,A87
Q18111,A7
Q18112,A49
Q18113,A46
Q18114,A17
Q18115,A20
Q18116,A30
Q18117,A97
Q18118,A42
Q18119,A50
Q18120,A19
Q18121,A90
Q18122,A45
Q18123,A33
Q18124,A2
Q18125,A88
Q18126,A1
Q18127,A17
Q18128,A15
Q18129,A21
Q18130,A74
Q18131,A20
Q18132,A52
Q18133,A73
Q18134,A19
Q18135,A17
Q18136,A49
Q18137,A21
Q18138,A49
Q18139,A9
Q18140,A75
Q18141,A47
Q18142,A40
Q18143,A39
Q18144,A55
Q18145,A35
Q18146,A70
Q18147,A39
Q18148,A15
Q18149,A1
Q18150,A94
Q18151,A84
Q18152,A69
Q18153,A50
Q18154,A92
Q18155,A61
Q18156,A3
Q18157,A93
Q18158,A45
Q18159,A41
Q18160,A70
Q18161,A25
Q18162,A21
Q18163,A22
Q18164,A8
Q18165,A52
Q18166,A25
Q18167,A20
Q18168,A14
Q18169,A87
Q18170,A62
Q18171,A87
Q18172,A39
Q18173,A83
Q18174,A22
Q18175,A85
Q18176,A18
Q18177,A62
Q18178,A19
Q18179,A59
Q18180,A19
Q18181,A24
Q18182,A50
Q18183,A56
Q18184,A9
Q18185,A21
Q18186,A61
Q18187,A27
Q18188,A38
Q18189,A49
Q18190,A63
Q18191,A46
Q18192,A56
Q18193,A59
Q18194,A36
Q18195,A91
Q18196,A11
Q18197,A90
Q18198,A2
Q18199,A64
Q18200,A91
Q18201,A91
Q18202,A82
Q18203,A54
Q18204,A74
Q18205,A41
Q18206,A39
Q18207,A7
Q18208,A98
Q18209,A75
Q18210,A79
Q18211,A71
Q18212,A96
Q18213,A96
Q18214,A64
Q18215,A75
Q18216,A3
Q18217,A40
Q18218,A76
Q18219,A92
Q18220,A19
Q18221,A36
Q18222,A51
Q18223,A0
Q18224,A43
Q18225,A16
Q18226,A23
Q18227,A2
Q18228,A78
Q18229,A28
Q18230,A95
Q18231,A52
Q18232,A8
Q18233,A99
Q18234,A94
Q18235,A23
Q18236,A11
Q18237,A43
Q18238,A69
Q18239,A98
Q18240,A43
Q18241,A63
Q18242,A60
Q18243,A73
Q18244,A17
Q18245,A41
Q18246,A60
Q18247,A10
Q18248,A1
Q18249,A89
Q18250,A59
Q18251,A21
Q18252,A65
Q18253,A39
Q18254,A69
Q18255,A17
Q18256,A54
Q18257,A34
Q18258,A88
Q18259,A42
Q18260,A74
Q18261,A55
Q18262,A6
Q18263,A66
Q18264,A17
Q18265,A81
Q18266,A87
Q18267,A43
Q18268,A93
Q18269,A6
Q18270,A55
Q18271,A74
Q18272,A46
Q18273,A46
Q18274,A36
Q18275,A34
Q18276,A43
Q18277,A2
Q18278,A79
Q18279,A33
Q18280,A30
Q18281,A88
Q18282,A50
Q18283,A88
Q18284,A58
Q18285,A13
Q18286,A3
Q18287,A52
Q18288,A77
Q18289,A72
Q18290,A13
Q18291,A54
Q18292,A58
Q18293,A28
Q18294,A26
Q18295,A67
Q18296,A66
Q18297,A2
Q18298,A76
Q18299,A63
Q18300,A2
Q18301,A55
Q18302,A51
Q18303,A46
Q18304,A94
Q18305,A87
Q18306,A91
Q18307,A43
Q18308,A34
Q18309,A95
Q18310,A86
Q18311,A54
Q18312,A61
Q18313,A47
Q18314,A67
Q18315,A65
Q18316,A55
Q18317,A93
Q18318,A43
Q18319,A31
Q18320,A20
Q18321,A78
Q18322,A8
Q18323,A61
Q18324,A67
Q18325,A81
Q18326,A29
Q18327,A8
Q18328,A33
Q18329,A17
Q18330,A81
Q18331,A68
Q18332,A18
Q18333,A37
Q18334,A13
Q18335,A47
Q18336,A44
Q18337,A24
Q18338,A41
Q18339,A90
Q18340,A61
Q18341,A66
Q18342,A69
Q18343,A55
Q18344,A66
Q18345,A94
Q18346,A10
Q18347,A10
Q18348,A16
Q18349,A20
Q18350,A75
Q18351,A26
Q18352,A93
Q18353,A78
Q18354,A64
Q18355,A1
Q18356,A59
Q18357,A39
Q18358,A32
Q18359,A77
Q18360,A35
Q18361,A10
Q18362,A27
Q18363,A81
Q18364,A58
Q18365,A13
Q18366,A22
Q18367,A31
Q18368,A56
Q18369,A73
Q18370,A40
Q18371,A35
Q18372,A35
Q18373,A55
Q18374,A25
Q18375,A80
Q18376,A17
Q18377,A16
Q18378,A79
Q18379,A60
Q18380,A60
Q18381,A68
Q18382,A20
Q18383,A10
Q18384,A85
Q18385,A98
Q18386,A41
Q18387,A25
Q18388,A60
Q18389,A81
Q18390,A41
Q18391,A62
Q18392,A12
Q18393,A4
Q18394,A45
Q18395,A45
Q18396,A68
Q18397,A34
Q18398,A94
Q18399,A21
Q18400,A4
Q18401,A62
Q18402,A50
Q18403,A51
Q18404,A86
Q18405,A95
Q18406,A97
Q18407,A47
Q18408,A9
Q18409,A94
Q18410,A95
Q18411,A5
Q18412,A97
Q18413,A15
Q18414,A85
Q18415,A45
Q18416,A72
Q18417,A64
Q18418,A73
Q18419,A19
Q18420,A71
Q18421,A41
Q18422,A33
Q18423,A67
Q18424,A88
Q18425,A61
Q18426,A32
Q18427,A28
Q18428,A88
Q18429,A90
Q18430,A26
Q18431,A41
Q18432,A7
Q18433,A79
Q18434,A12
Q18435,A64
Q18436,A62
Q18437,A76
Q18438,A53
Q18439,A66
Q18440,A19
Q18441,A7
Q18442,A66
Q18443,A19
Q18444,A19
Q18445,A46
Q18446,A30
Q18447,A30
Q18448,A19
Q18449,A4
Q18450,A40
Q18451,A45
Q18452,A74
Q18453,A20
Q18454,A96
Q18455,A17
Q18456,A49
Q18457,A19
Q18458,A43
Q18459,A42
Q18460,A4
Q18461,A78
Q18462,A48
Q18463,A41
Q18464,A43
Q18465,A9
Q18466,A41
Q18467,A59
Q18468,A26
Q18469,A88
Q18470,A33
Q18471,A23
Q18472,A30
Q18473,A14
Q18474,A71
Q18475,A43
Q18476,A63
Q18477,A43
Q18478,A69
Q18479,A21
Q18480,A47
Q18481,A13
Q18482,A38
Q18483,A35
Q18484,A77
Q18485,A60
Q18486,A30
Q18487,A97
Q18488,A67
Q18489,A25
Q18490,A77
Q18491,A51
Q18492,A92
Q18493,A19
Q18494,A90
Q18495,A57
Q18496,A76
Q18497,A31
Q18498,A65
Q18499,A14
Q18500,A18
Q18501,A23
Q18502,A75
Q18503,A18
Q18504,A13
Q18505,A64
Q18506,A26
Q18507,A87
Q18508,A6
Q18509,A3
Q18510,A64
Q18511,A60
Q18512,A59
Q18513,A7
Q18514,A70
Q18515,A95
Q18516,A86
Q18517,A74
Q18518,A48
Q18519,A41
Q18520,A17
Q18521,A44
Q18522,A39
Q18523,A42
Q18524,A58
Q18525,A50
Q18526,A38
Q18527,A2
Q18528,A74
Q18529,A96
Q18530,A28
Q18531,A26
Q18532,A98
Q18533,A21
Q18534,A26
Q18535,A36
Q18536,A76
Q18537,A71
Q18538,A44
Q18539,A98
Q18540,A67
Q18541,A18
Q18542,A23
Q18543,A70
Q18544,A26
Q18545,A20
Q18546,A55
Q18547,A46
Q18548,A2
Q18549,A12
Q18550,A65
Q18551,A41
Q18552,A84
Q18553,A44
Q18554,A73
Q18555,A86
Q18556,A8
Q18557,A73
Q18558,A85
Q18559,A87
Q18560,A95
Q18561,A17
Q18562,A3
Q18563,A43
Q18564,A0
Q18565,A74
Q18566,A30
Q18567,A86
Q18568,A12
Q18569,A71
Q18570,A65
Q18571,A9
Q18572,A16
Q18573,A93
Q18574,A71
Q18575,A5
Q18576,A83
Q18577,A67
Q18578,A96
Q18579,A76
Q18580,A65
Q18581,A83
Q18582,A29
Q18583,A25
Q18584,A30
Q18585,A6
Q18586,A23
Q18587,A46
Q18588,A25
Q18589,A7
Q18590,A43
Q18591,A74
Q18592,A1
Q18593,A98
Q18594,A42
Q18595,A57
Q18596,A45
Q18597,A6
Q18598,A63
Q18599,A7
Q18600,A75
Q18601,A90
Q18602,A71
Q18603,A6
Q18604,A41
Q18605,A10
Q18606,A52
Q18607,A16
Q18608,A16
Q18609,A91
Q18610,A86
Q18611,A36
Q18612,A24
Q18613,A21
Q18614,A22
Q18615,A45
Q18616,A92
Q18617,A46
Q18618,A38
Q18619,A17
Q18620,A17
Q18621,A86
Q18622,A97
Q18623,A34
Q18624,A39
Q18625,A35
Q18626,A82
Q18627,A28
Q18628,A19
Q18629,A93
Q18630,A49
Q18631,A88
Q18632,A34
Q18633,A19
Q18634,A35
Q18635,A56
Q18636,A22
Q18637,A39
Q18638,A12
Q18639,A89
Q18640,A14
Q18641,A46
Q18642,A32
Q18643,A57
Q18644,A82
Q18645,A53
Q18646,A82
Q18647,A79
Q18648,A36
Q18649,A15
Q18650,A70
Q18651,A79
Q18652,A47
Q18653,A58
Q18654,A37
Q18655,A25
Q18656,A81
Q18657,A73
Q18658,A65
Q18659,A7
Q18660,A19
Q18661,A88
Q18662,A68
Q18663,A33
Q18664,A8
Q18665,A61
Q18666,A81
Q18667,A46
Q18668,A83
Q18669,A95
Q18670,A37
Q18671,A8
Q18672,A51
Q18673,A38
Q18674,A52
Q18675,A94
Q18676,A32
Q18677,A7
Q18678,A29
Q18679,A25
Q18680,A52
Q18681,A15
Q18682,A94
Q18683,A18
Q18684,A29
Q18685,A41
Q18686,A19
Q18687,A51
Q18688,A12
Q18689,A76
Q18690,A68
Q18691,A65
Q18692,A18
Q18693,A62
Q18694,A31
Q18695,A51
Q18696,A62
Q18697,A17
Q18698,A30
Q18699,A92
Q18700,A14
Q18701,A67
Q18702,A82
Q18703,A52
Q18704,A46
Q18705,A77
Q18706,A54
Q18707,A32
Q18708,A81
Q18709,A65
Q18710,A92
Q18711,A68
Q18712,A43
Q18713,A67
Q18714,A11
Q18715,A21
Q18716,A99
Q18717,A61
Q18718,A22
Q18719,A60
Q18720,A65
Q18721,A54
Q18722,A34
Q18723,A20
Q18724,A64
Q18725,A2
Q18726,A62
Q18727,A34
Q18728,A70
Q18729,A52
Q18730,A81
Q18731,A49
Q18732,A45
Q18733,A9
Q18734,A15
Q18735,A81
Q18736,A29
Q18737,A70
Q18738,A16
Q18739,A2
Q18740,A68
Q18741,A78
Q18742,A6
Q18743,A85
Q18744,A0
Q18745,A34
Q18746,A0
Q18747,A57
Q18748,A98
Q18749,A39
Q18750,A25
Q18751,A71
Q18752,A53
Q18753,A64
Q18754,A5
Q18755,A87
Q18756,A36
Q18757,A59
Q18758,A38
Q18759,A74
Q18760,A99
Q18761,A21
Q18762,A11
Q18763,A2
Q18764,A21
Q18765,A64
Q18766,A95
Q18767,A36
Q18768,A20
Q18769,A61
Q18770,A46
Q18771,A81
Q18772,A29
Q18773,A77
Q18774,A81
Q18775,A60
Q18776,A90
Q18777,A17
Q18778,A84
Q18779,A45
Q18780,A15
Q18781,A41
Q18782,A32
Q18783,A76
Q18784,A95
Q18785,A39
Q18786,A85
Q18787,A48
Q18788,A43
Q18789,A15
Q18790,A31
Q18791,A35
Q18792,A42
Q18793,A19
Q18794,A8
Q18795,A26
Q18796,A8
Q18797,A49
Q18798,A16
Q18799,A0
Q18800,A33
Q18801,A56
Q18802,A71
Q18803,A47
Q18804,A53
Q18805,A65
Q18806,A27
Q18807,A80
Q18808,A11
Q18809,A60
Q18810,A66
Q18811,A99
Q18812,A67
Q18813,A78
Q18814,A12
Q18815,A23
Q18816,A24
Q18817,A91
Q18818,A45
Q18819,A72
Q18820,A28
Q18821,A22
Q18822,A58
Q18823,A63
Q18824,A1
Q18825,A11
Q18826,A74
Q18827,A1
Q18828,A59
Q18829,A11
Q18830,A67
Q18831,A8
Q18832,A73
Q18833,A50
Q18834,A70
Q18835,A38
Q18836,A18
Q18837,A28
Q18838,A25
Q18839,A85
Q18840,A99
Q18841,A70
Q18842,A66
Q18843,A73
Q18844,A5
Q18845,A55
Q18846,A17
Q18847,A18
Q18848,A70
Q18849,A43
Q18850,A33
Q18851,A77
Q18852,A99
Q18853,A43
Q18854,A26
Q18855,A31
Q18856,A14
Q18857,A55
Q18858,A50
Q18859,A51
Q18860,A11
Q18861,A24
Q18862,A1
Q18863,A26
Q18864,A50
Q18865,A59
Q18866,A28
Q18867,A56
Q18868,A62
Q18869,A75
Q18870,A29
Q18871,A28
Q18872,A32
Q18873,A12
Q18874,A83
Q18875,A39
Q18876,A98
Q18877,A42
Q18878,A7
Q18879,A71
Q18880,A90
Q18881,A76
Q18882,A94
Q18883,A24
Q18884,A29
Q18885,A53
Q18886,A43
Q18887,A6
Q18888,A66
Q18889,A18
Q18890,A91
Q18891,A77
Q18892,A48
Q18893,A34
Q18894,A22
Q18895,A49
Q18896,A7
Q18897,A28
Q18898,A97
Q18899,A42
Q18900,A77
Q18901,A67
Q18902,A22
Q18903,A49
Q18904,A69
Q18905,A22
Q18906,A83
Q18907,A85
Q18908,A75
Q18909,A52
Q18910,A72
Q18911,A20
Q18912,A21
Q18913,A76
Q18914,A94
Q18915,A89
Q18916,A5
Q18917,A82
Q18918,A41
Q18919,A43
Q18920,A7
Q18921,A33
Q18922,A82
Q18923,A25
Q18924,A94
Q18925,A40
Q18926,A92
Q18927,A93
Q18928,A20
Q18929,A25
Q18930,A28
Q18931,A2
Q18932,A18
Q18933,A99
Q18934,A42
Q18935,A94
Q18936,A77
Q18937,A82
Q18938,A59
Q18939,A19
Q18940,A15
Q18941,A61
Q18942,A76
Q18943,A17
Q18944,A60
Q18945,A16
Q18946,A74
Q18947,A68
Q18948,A10
Q18949,A14
Q18950,A62
Q18951,A8
Q18952,A57
Q18953,A28
Q18954,A99
Q18955,A26
Q18956,A12
Q18957,A66
Q18958,A90
Q18959,A17
Q18960,A70
Q18961,A88
Q18962,A57
Q18963,A44
Q18964,A58
Q18965,A12
Q18966,A47
Q18967,A96
Q18968,A9
Q18969,A70
Q18970,A33
Q18971,A97
Q18972,A37
Q18973,A89
Q18974,A2
Q18975,A61
Q18976,A13
Q18977,A65
Q18978,A21
Q18979,A6
Q18980,A12
Q18981,A67
Q18982,A97
Q18983,A92
Q18984,A56
Q18985,A59
Q18986,A90
Q18987,A95
Q18988,A65
Q18989,A7
Q18990,A98
Q18991,A29
Q18992,A25
Q18993,A46
Q18994,A46
Q18995,A48
Q18996,A49
Q18997,A55
Q18998,A98
Q18999,A64
Q19000,A75
Q19001,A91
Q19002,A0
Q19003,A79
Q19004,A22
Q19005,A91
Q19006,A73
Q19007,A87
Q19008,A19
Q19009,A34
Q19010,A25
Q19011,A43
Q19012,A64
Q19013,A75
Q19014,A98
Q19015,A48
Q19016,A33
Q19017,A86
Q19018,A79
Q19019,A36
Q19020,A22
Q19021,A8
Q19022,A41
Q19023,A98
Q19024,A14
Q19025,A16
Q19026,A65
Q19027,A53
Q19028,A87
Q19029,A21
Q19030,A96
Q19031,A9
Q19032,A55
Q19033,A93
Q19034,A78
Q19035,A79
Q19036,A33
Q19037,A0
Q19038,A15
Q19039,A30
Q19040,A28
Q19041,A21
Q19042,A10
Q19043,A89
Q19044,A84
Q19045,A43
Q19046,A83
Q19047,A66
Q19048,A49
Q19049,A50
Q19050,A3
Q19051,A0
Q19052,A16
Q19053,A86
Q19054,A89
Q19055,A9
Q19056,A92
Q19057,A97
Q19058,A37
Q19059,A35
Q19060,A82
Q19061,A46
Q19062,A63
Q19063,A85
Q19064,A13
Q19065,A64
Q19066,A29
Q19067,A59
Q19068,A6
Q19069,A38
Q19070,A23
Q19071,A19
Q19072,A2
Q19073,A89
Q19074,A2
Q19075,A49
Q19076,A2
Q19077,A18
Q19078,A31
Q19079,A9
Q19080,A39
Q19081,A33
Q19082,A31
Q19083,A21
Q19084,A56
Q19085,A79
Q19086,A87
Q19087,A14
Q19088,A80
Q19089,A1
Q19090,A52
Q19091,A72
Q19092,A59
Q19093,A12
Q19094,A4
Q19095,A81
Q19096,A63
Q19097,A16
Q19098,A86
Q19099,A55
Q19100,A52
Q19101,A98
Q19102,A98
Q19103,A44
Q19104,A36
Q19105,A71
Q19106,A26
Q19107,A64
Q19108,A12
Q19109,A81
Q19110,A97
Q19111,A95
Q19112,A60
Q19113,A97
Q19114,A1
Q19115,A42
Q19116,A93
Q19117,A92
Q19118,A4
Q19119,A77
Q19120,A21
Q19121,A61
Q19122,A14
Q19123,A88
Q19124,A35
Q19125,A86
Q19126,A45
Q19127,A49
Q19128,A85
Q19129,A56
Q19130,A36
Q19131,A22
Q19132,A20
Q19133,A97
Q19134,A57
Q19135,A76
Q19136,A59
Q19137,A33
Q19138,A86
Q19139,A73
Q19140,A25
Q19141,A16
Q19142,A83
Q19143,A35
Q19144,A56
Q19145,A54
Q19146,A81
Q19147,A21
Q19148,A9
Q19149,A68
Q19150,A85
Q19151,A33
Q19152,A8
Q19153,A10
Q19154,A8
Q19155,A72
Q19156,A25
Q19157,A47
Q19158,A41
Q19159,A26
Q19160,A12
Q19161,A65
Q19162,A69
Q19163,A32
Q19164,A1
Q19165,A44
Q19166,A72
Q19167,A76
Q19168,A92
Q19169,A85
Q19170,A26
Q19171,A89
Q19172,A27
Q19173,A83
Q19174,A26
Q19175,A73
Q19176,A74
Q19177,A12
Q19178,A53
Q19179,A60
Q19180,A69
Q19181,A4
Q19182,A69
Q19183,A59
Q19184,A83
Q19185,A98
Q19186,A2
Q19187,A62
Q19188,A16
Q19189,A26
Q19190,A52
Q19191,A4
Q19192,A62
Q19193,A40
Q19194,A67
Q19195,A6
Q19196,A89
Q19197,A18
Q19198,A57
Q19199,A65
Q19200,A24
Q19201,A90
Q19202,A47
Q19203,A69
Q19204,A50
Q19205,A54
Q19206,A34
Q19207,A83
Q19208,A96
Q19209,A96
Q19210,A33
Q19211,A81
Q19212,A30
Q19213,A13
Q19214,A95
Q19215,A3
Q19216,A2
Q19217,A79
Q19218,A0
Q19219,A86
Q19220,A65
Q19221,A89
Q19222,A20
Q19223,A92
Q19224,A26
Q19225,A30
Q19226,A41
Q19227,A15
Q19228,A30
Q19229,A14
Q19230,A31
Q19231,A91
Q19232,A45
Q19233,A7
Q19234,A16
Q19235,A14
Q19236,A32
Q19237,A94
Q19238,A42
Q19239,A68
Q19240,A56
Q19241,A64
Q19242,A75
Q19243,A53
Q19244,A67
Q19245,A0
Q19246,A56
Q19247,A75
Q19248,A51
Q19249,A32
Q19250,A69
Q19251,A52
Q19252,A23
Q19253,A41
Q19254,A77
Q19255,A53
Q19256,A85
Q19257,A49
Q19258,A37
Q19259,A61
Q19260,A1
Q19261,A59
Q19262,A32
Q19263,A97
Q19264,A6
Q19265,A0
Q19266,A25
Q19267,A70
Q19268,A39
Q19269,A55
Q19270,A38
Q19271,A98
Q19272,A7
Q19273,A36
Q19274,A55
Q19275,A12
Q19276,A29
Q19277,A20
Q19278,A21
Q19279,A7
Q19280,A99
Q19281,A11
Q19282,A21
Q19283,A15
Q19284,A62
Q19285,A93
Q19286,A32
Q19287,A78
Q19288,A89
Q19289,A94
Q19290,A53
Q19291,A93
Q19292,A53
Q19293,A37
Q19294,A65
Q19295,A37
Q19296,A38
Q19297,A76
Q19298,A52
Q19299,A70
Q19300,A45
Q19301,A23
Q19302,A41
Q19303,A39
Q19304,A37
Q19305,A20
Q19306,A15
Q19307,A44
Q19308,A90
Q19309,A55
Q19310,A83
Q19311,A34
Q19312,A49
Q19313,A6
Q19314,A72
Q19315,A20
Q19316,A49
Q19317,A5
Q19318,A64
Q19319,A89
Q19320,A66
Q19321,A66
Q19322,A1
Q19323,A3
Q19324,A92
Q19325,A1
Q19326,A66
Q19327,A63
Q19328,A9
Q19329,A43
Q19330,A33
Q19331,A33
Q19332,A52
Q19333,A29
Q19334,A51
Q19335,A59
Q19336,A48
Q19337,A53
Q19338,A89
Q19339,A21
Q19340,A58
Q19341,A80
Q19342,A75
Q19343,A48
Q19344,A22
Q19345,A45
Q19346,A80
Q19347,A5
Q19348,A7
Q19349,A87
Q19350,A74
Q19351,A48
Q19352,A93
Q19353,A95
Q19354,A20
Q19355,A5
Q19356,A20
Q19357,A39
Q19358,A6
Q19359,A90
Q19360,A58
Q19361,A94
Q19362,A9
Q19363,A26
Q19364,A41
Q19365,A98
Q19366,A41
Q19367,A91
Q19368,A80
Q19369,A72
Q19370,A89
Q19371,A76
Q19372,A89
Q19373,A96
Q19374,A53
Q19375,A35
Q19376,A66
Q19377,A14
Q19378,A77
Q19379,A63
Q19380,A68
Q19381,A78
Q19382,A88
Q19383,A81
Q19384,A59
Q19385,A21
Q19386,A45
Q19387,A44
Q19388,A16
Q19389,A77
Q19390,A32
Q19391,A76
Q19392,A63
Q19393,A74
Q19394,A49
Q19395,A83
Q19396,A11
Q19397,A86
Q19398,A52
Q19399,A55
Q19400,A81
Q19401,A22
Q19402,A55
Q19403,A43
Q19404,A20
Q19405,A61
Q19406,A71
Q19407,A7
Q19408,A90
Q19409,A23
Q19410,A35
Q19411,A94
Q19412,A83
Q19413,A36
Q19414,A78
Q19415,A96
Q19416,A34
Q19417,A23
Q19418,A98
Q19419,A7
Q19420,A41
Q19421,A89
Q19422,A62
Q19423,A45
Q19424,A62
Q19425,A97
Q19426,A94
Q19427,A23
Q19428,A70
Q19429,A80
Q19430,A81
Q19431,A59
Q19432,A7
Q19433,A3
Q19434,A22
Q19435,A84
Q19436,A78
Q19437,A34
Q19438,A51
Q19439,A64
Q19440,A34
Q19441,A90
Q19442,A66
Q19443,A86
Q19444,A20
Q19445,A13
Q19446,A10
Q19447,A45
Q19448,A84
Q19449,A23
Q19450,A40
Q19451,A55
Q19452,A46
Q19453,A38
Q19454,A98
Q19455,A42
Q19456,A9
Q19457,A96
Q19458,A64
Q19459,A23
Q19460,A96
Q19461,A91
Q19462,A22
Q19463,A72
Q19464,A66
Q19465,A5
Q19466,A60
Q19467,A80
Q19468,A57
Q19469,A3
Q19470,A10
Q19471,A55
Q19472,A77
Q19473,A5
Q19474,A59
Q19475,A50
Q19476,A75
Q19477,A10
Q19478,A27
Q19479,A14
Q19480,A3
Q19481,A64
Q19482,A40
Q19483,A47
Q19484,A53
Q19485,A36
Q19486,A49
Q19487,A45
Q19488,A28
Q19489,A78
Q19490,A31
Q19491,A66
Q19492,A18
Q19493,A44
Q19494,A60
Q19495,A54
Q19496,A14
Q19497,A6
Q19498,A19
Q19499,A74
Q19500,A71
Q19501,A26
Q19502,A58
Q19503,A10
Q19504,A24
Q19505,A88
Q19506,A97
Q19507,A51
Q19508,A98
Q19509,A30
Q19510,A69
Q19511,A8
Q19512,A87
Q19513,A43
Q19514,A50
Q19515,A35
Q19516,A41
Q19517,A43
Q19518,A8
Q19519,A19
Q19520,A5
Q19521,A17
Q19522,A39
Q19523,A85
Q19524,A87
Q19525,A71
Q19526,A31
Q19527,A27
Q19528,A33
Q19529,A97
Q19530,A14
Q19531,A5
Q19532,A48
Q19533,A55
Q19534,A55
Q19535,A15
Q19536,A9
Q19537,A13
Q19538,A9
Q19539,A20
Q19540,A28
Q19541,A37
Q19542,A6
Q19543,A68
Q19544,A95
Q19545,A36
Q19546,A17
Q19547,A60
Q19548,A62
Q19549,A7
Q19550,A58
Q19551,A99
Q19552,A32
Q19553,A71
Q19554,A4
Q19555,A57
Q19556,A15
Q19557,A91
Q19558,A88
Q19559,A70
Q19560,A6
Q19561,A38
Q19562,A68
Q19563,A80
Q19564,A65
Q19565,A94
Q19566,A3
Q19567,A91
Q19568,A23
Q19569,A21
Q19570,A17
Q19571,A31
Q19572,A88
Q19573,A31
Q19574,A26
Q19575,A5
Q19576,A21
Q19577,A18
Q19578,A44
Q19579,A55
Q19580,A75
Q19581,A91
Q19582,A77
Q19583,A87
Q19584,A79
Q19585,A15
Q19586,A46
Q19587,A73
Q19588,A15
Q19589,A54
Q19590,A88
Q19591,A72
Q19592,A55
Q19593,A19
Q19594,A17
Q19595,A82
Q19596,A18
Q19597,A4
Q19598,A41
Q19599,A81
Q19600,A9
Q19601,A88
Q19602,A46
Q19603,A9
Q19604,A15
Q19605,A19
Q19606,A92
Q19607,A97
Q19608,A15
Q19609,A5
Q19610,A62
Q19611,A50
Q19612,A91
Q19613,A47
Q19614,A72
Q19615,A77
Q19616,A45
Q19617,A22
Q19618,A71
Q19619,A75
Q19620,A4
Q19621,A67
Q19622,A20
Q19623,A25
Q19624,A86
Q19625,A30
Q19626,A9
Q19627,A18
Q19628,A8
Q19629,A50
Q19630,A79
Q19631,A66
Q19632,A69
Q19633,A24
Q19634,A20
Q19635,A3
Q19636,A84
Q19637,A39
Q19638,A73
Q19639,A38
Q19640,A5
Q19641,A76
Q19642,A27
Q19643,A78
Q19644,A68
Q19645,A25
Q19646,A47
Q19647,A21
Q19648,A65
Q19649,A50
Q19650,A43
Q19651,A72
Q19652,A46
Q19653,A72
Q19654,A25
Q19655,A33
Q19656,A24
Q19657,A82
Q19658,A76
Q19659,A6
Q19660,A62
Q19661,A96
Q19662,A92
Q19663,A12
Q19664,A47
Q19665,A73
Q19666,A80
Q19667,A65
Q19668,A43
Q19669,A31
Q19670,A5
Q19671,A20
Q19672,A30
Q19673,A67
Q19674,A62
Q19675,A8
Q19676,A49
Q19677,A59
Q19678,A1
Q19679,A44
Q19680,A97
Q19681,A56
Q19682,A27
Q19683,A19
Q19684,A55
Q19685,A69
Q19686,A61
Q19687,A52
Q19688,A46
Q19689,A32
Q19690,A74
Q19691,A60
Q19692,A68
Q19693,A74
Q19694,A64
Q19695,A54
Q19696,A42
Q19697,A77
Q19698,A77
Q19699,A45
Q19700,A76
Q19701,A48
Q19702,A78
Q19703,A61
Q19704,A99
Q19705,A97
Q19706,A69
Q19707,A97
Q19708,A73
Q19709,A59
Q19710,A92
Q19711,A27
Q19712,A85
Q19713,A85
Q19714,A70
Q19715,A83
Q19716,A55
Q19717,A25
Q19718,A56
Q19719,A50
Q19720,A32
Q19721,A1
Q19722,A67
Q19723,A89
Q19724,A16
Q19725,A39
Q19726,A87
Q19727,A93
Q19728,A78
Q19729,A75
Q19730,A54
Q19731,A69
Q19732,A23
Q19733,A14
Q19734,A65
Q19735,A21
Q19736,A66
Q19737,A52
Q19738,A30
Q19739,A12
Q19740,A99
Q19741,A5
Q19742,A45
Q19743,A48
Q19744,A77
Q19745,A0
Q19746,A40
Q19747,A60
Q19748,A74
Q19749,A31
Q19750,A80
Q19751,A5
Q19752,A89
Q19753,A88
Q19754,A53
Q19755,A17
Q19756,A95
Q19757,A83
Q19758,A95
Q19759,A44
Q19760,A16
Q19761,A1
Q19762,A13
Q19763,A20
Q19764,A36
Q19765,A22
Q19766,A35
Q19767,A23
Q19768,A11
Q19769,A92
Q19770,A51
Q19771,A27
Q19772,A13
Q19773,A88
Q19774,A26
Q19775,A88
Q19776,A1
Q19777,A57
Q19778,A99
Q19779,A3
Q19780,A85
Q19781,A63
Q19782,A44
Q19783,A91
Q19784,A17
Q19785,A38
Q19786,A45
Q19787,A24
Q19788,A74
Q19789,A42
Q19790,A61
Q19791,A63
Q19792,A83
Q19793,A96
Q19794,A29
Q19795,A93
Q19796,A18
Q19797,A74
Q19798,A92
Q19799,A42
Q19800,A99
Q19801,A4
Q19802,A41
Q19803,A23
Q19804,A9
Q19805,A98
Q19806,A28
Q19807,A99
Q19808,A46
Q19809,A83
Q19810,A67
Q19811,A64
Q19812,A49
Q19813,A22
Q19814,A34
Q19815,A63
Q19816,A95
Q19817,A82
Q19818,A46
Q19819,A2
Q19820,A95
Q19821,A52
Q19822,A57
Q19823,A24
Q19824,A47
Q19825,A42
Q19826,A34
Q19827,A28
Q19828,A96
Q19829,A97
Q19830,A82
Q19831,A45
Q19832,A77
Q19833,A41
Q19834,A71
Q19835,A49
Q19836,A89
Q19837,A92
Q19838,A9
Q19839,A82
Q19840,A3
Q19841,A13
Q19842,A73
Q19843,A89
Q19844,A33
Q19845,A32
Q19846,A46
Q19847,A29
Q19848,A23
Q19849,A48
Q19850,A38
Q19851,A57
Q19852,A2
Q19853,A20
Q19854,A73
Q19855,A20
Q19856,A9
Q19857,A28
Q19858,A27
Q19859,A21
Q19860,A25
Q19861,A23
Q19862,A24
Q19863,A61
Q19864,A10
Q19865,A78
Q19866,A44
Q19867,A64
Q19868,A28
Q19869,A3
Q19870,A25
Q19871,A69
Q19872,A40
Q19873,A94
Q19874,A29
Q19875,A79
Q19876,A51
Q19877,A53
Q19878,A25
Q19879,A1
Q19880,A91
Q19881,A87
Q19882,A47
Q19883,A64
Q19884,A22
Q19885,A73
Q19886,A56
Q19887,A55
Q19888,A78
Q19889,A33
Q19890,A43
Q19891,A36
Q19892,A68
Q19893,A61
Q19894,A37
Q19895,A65
Q19896,A75
Q19897,A6
Q19898,A80
Q19899,A39
Q19900,A67
Q19901,A80
Q19902,A60
Q19903,A63
Q19904,A63
Q19905,A68
Q19906,A47
Q19907,A78
Q19908,A88
Q19909,A6
Q19910,A23
Q19911,A49
Q19912,A65
Q19913,A88
Q19914,A11
Q19915,A43
Q19916,A81
Q19917,A35
Q19918,A77
Q19919,A21
Q19920,A34
Q19921,A18
Q19922,A5
Q19923,A80
Q19924,A87
Q19925,A8
Q19926,A75
Q19927,A47
Q19928,A16
Q19929,A42
Q19930,A85
Q19931,A31
Q19932,A19
Q19933,A8
Q19934,A61
Q19935,A6
Q19936,A3
Q19937,A47
Q19938,A51
Q19939,A16
Q19940,A10
Q19941,A8
Q19942,A13
Q19943,A30
Q19944,A44
Q19945,A15
Q19946,A56
Q19947,A14
Q19948,A77
Q19949,A59
Q19950,A68
Q19951,A60
Q19952,A66
Q19953,A23
Q19954,A50
Q19955,A57
Q19956,A65
Q19957,A49
Q19958,A8
Q19959,A86
Q19960,A7
Q19961,A69
Q19962,A30
Q19963,A16
Q19964,A6
Q19965,A40
Q19966,A19
Q19967,A4
Q19968,A58
Q19969,A89
Q19970,A53
Q19971,A62
Q19972,A48
Q19973,A80
Q19974,A63
Q19975,A33
Q19976,A54
Q19977,A21
Q19978,A60
Q19979,A57
Q19980,A7
Q19981,A66
Q19982,A60
Q19983,A76
Q19984,A72
Q19985,A78
Q19986,A56
Q19987,A1
Q19988,A26
Q19989,A70
Q19990,A32
Q19991,A5
Q19992,A32
Q19993,A81
Q19994,A40
Q19995,A25
Q19996,A92
Q19997,A0
Q19998,A78
Q19999,A30
Q20000,A31
Q20001,A38
Q20002,A19
Q20003,A69
Q20004,A54
Q20005,A19
Q20006,A21
Q20007,A41
Q20008,A11
Q20009,A65
Q20010,A13
Q20011,A96
Q20012,A79
Q20013,A55
Q20014,A68
Q20015,A35
Q20016,A65
Q20017,A42
Q20018,A23
Q20019,A16
Q20020,A43
Q20021,A94
Q20022,A28
Q20023,A3
Q20024,A22
Q20025,A26
Q20026,A57
Q20027,A74
Q20028,A17
Q20029,A61
Q20030,A89
Q20031,A21
Q20032,A60
Q20033,A98
Q20034,A87
Q20035,A80
Q20036,A79
Q20037,A80
Q20038,A56
Q20039,A4
Q20040,A76
Q20041,A42
Q20042,A47
Q20043,A73
Q20044,A24
Q20045,A30
Q20046,A98
Q20047,A60
Q20048,A3
Q20049,A91
Q20050,A97
Q20051,A16
Q20052,A10
Q20053,A17
Q20054,A73
Q20055,A69
Q20056,A64
Q20057,A67
Q20058,A2
Q20059,A97
Q20060,A15
Q20061,A25
Q20062,A60
Q20063,A87
Q20064,A57
Q20065,A75
Q20066,A94
Q20067,A66
Q20068,A18
Q20069,A35
Q20070,A36
Q20071,A30
Q20072,A77
Q20073,A97
Q20074,A14
Q20075,A33
Q20076,A96
Q20077,A92
Q20078,A4
Q20079,A40
Q20080,A50
Q20081,A81
Q20082,A98
Q20083,A5
Q20084,A36
Q20085,A11
Q20086,A57
Q20087,A16
Q20088,A27
Q20089,A20
Q20090,A1
Q20091,A16
Q20092,A63
Q20093,A44
Q20094,A70
Q20095,A93
Q20096,A83
Q20097,A29
Q20098,A20
Q20099,A25
Q20100,A71
Q20101,A57
Q20102,A71
Q20103,A34
Q20104,A95
Q20105,A80
Q20106,A53
Q20107,A77
Q20108,A66
Q20109,A67
Q20110,A37
Q20111,A41
Q20112,A18
Q20113,A72
Q20114,A88
Q20115,A21
Q20116,A29
Q20117,A71
Q20118,A89
Q20119,A12
Q20120,A39
Q20121,A19
Q20122,A85
Q20123,A97
Q20124,A32
Q20125,A30
Q20126,A12
Q20127,A1
Q20128,A73
Q20129,A50
Q20130,A72
Q20131,A21
Q20132,A49
Q20133,A6
Q20134,A16
Q20135,A63
Q20136,A17
Q20137,A22
Q20138,A88
Q20139,A35
Q20140,A83
Q20141,A70
Q20142,A69
Q20143,A18
Q20144,A24
Q20145,A67
Q20146,A53
Q20147,A73
Q20148,A81
Q20149,A89
Q20150,A53
Q20151,A97
Q20152,A47
Q20153,A54
Q20154,A84
Q20155,A0
Q20156,A46
Q20157,A51
Q20158,A83
Q20159,A0
Q20160,A77
Q20161,A28
Q20162,A37
Q20163,A30
Q20164,A95
Q20165,A28
Q20166,A29
Q20167,A26
Q20168,A91
Q20169,A0
Q20170,A25
Q20171,A36
Q20172,A45
Q20173,A88
Q20174,A18
Q20175,A77
Q20176,A37
Q20177,A48
Q20178,A15
Q20179,A25
Q20180,A22
Q20181,A7
Q20182,A71
Q20183,A49
Q20184,A22
Q20185,A81
Q20186,A10
Q20187,A24
Q20188,A33
Q20189,A3
Q20190,A26
Q20191,A26
Q20192,A12
Q20193,A12
Q20194,A42
Q20195,A84
Q20196,A86
Q20197,A19
Q20198,A73
Q20199,A20
Q20200,A25
Q20201,A87
Q20202,A79
Q20203,A91
Q20204,A74
Q20205,A51
Q20206,A89
Q20207,A59
Q20208,A31
Q20209,A57
Q20210,A20
Q20211,A49
Q20212,A61
Q20213,A53
Q20214,A15
Q20215,A65
Q20216,A59
Q20217,A38
Q20218,A93
Q20219,A64
Q20220,A72
Q20221,A48
Q20222,A88
Q20223,A76
Q20224,A53
Q20225,A98
Q20226,A81
Q20227,A77
Q20228,A85
Q20229,A24
Q20230,A85
Q20231,A60
Q20232,A27
Q20233,A10
Q20234,A96
Q20235,A80
Q20236,A77
Q20237,A48
Q20238,A49
Q20239,A89
Q20240,A16
Q20241,A85
Q20242,A31
Q20243,A17
Q20244,A46
Q20245,A43
Q20246,A60
Q20247,A60
Q20248,A74
Q20249,A69
Q20250,A41
Q20251,A55
Q20252,A13
Q20253,A67
Q20254,A88
Q20255,A64
Q20256,A68
Q20257,A2
Q20258,A76
Q20259,A53
Q20260,A37
Q20261,A18
Q20262,A91
Q20263,A82
Q20264,A53
Q20265,A68
Q20266,A3
Q20267,A48
Q20268,A19
Q20269,A89
Q20270,A98
Q20271,A30
Q20272,A71
Q20273,A11
Q20274,A2
Q20275,A94
Q20276,A33
Q20277,A47
Q20278,A81
Q20279,A30
Q20280,A10
Q20281,A86
Q20282,A42
Q20283,A17
Q20284,A7
Q20285,A58
Q20286,A19
Q20287,A47
Q20288,A68
Q20289,A27
Q20290,A38
Q20291,A69
Q20292,A32
Q20293,A29
Q20294,A98
Q20295,A91
Q20296,A57
Q20297,A73
Q20298,A1
Q20299,A51
Q20300,A99
Q20301,A69
Q20302,A69
Q20303,A19
Q20304,A78
Q20305,A56
Q20306,A61
Q20307,A5
Q20308,A58
Q20309,A85
Q20310,A69
Q20311,A85
Q20312,A96
Q20313,A13
Q20314,A27
Q20315,A88
Q20316,A24
Q20317,A12
Q20318,A30
Q20319,A28
Q20320,A64
Q20321,A65
Q20322,A61
Q20323,A30
Q20324,A52
Q20325,A68
Q20326,A41
Q20327,A68
Q20328,A81
Q20329,A77
Q20330,A73
Q20331,A71
Q20332,A4
Q20333,A33
Q20334,A67
Q20335,A85
Q20336,A33
Q20337,A72
Q20338,A34
Q20339,A0
Q20340,A89
Q20341,A97
Q20342,A94
Q20343,A20
Q20344,A61
Q20345,A79
Q20346,A42
Q20347,A9
Q20348,A65
Q20349,A66
Q20350,A23
Q20351,A35
Q20352,A98
Q20353,A76
Q20354,A34
Q20355,A7
Q20356,A32
Q20357,A37
Q20358,A85
Q20359,A83
Q20360,A51
Q20361,A7
Q20362,A90
Q20363,A68
Q20364,A33
Q20365,A21
Q20366,A24
Q20367,A70
Q20368,A15
Q20369,A88
Q20370,A6
Q20371,A75
Q20372,A22
Q20373,A97
Q20374,A10
Q20375,A35
Q20376,A33
Q20377,A75
Q20378,A13
Q20379,A97
Q20380,A3
Q20381,A30
Q20382,A83
Q20383,A71
Q20384,A36
Q20385,A53
Q20386,A18
Q20387,A98
Q20388,A37
Q20389,A2
Q20390,A41
Q20391,A28
Q20392,A81
Q20393,A56
Q20394,A30
Q20395,A53
Q20396,A65
Q20397,A8
Q20398,A94
Q20399,A57
Q20400,A81
Q20401,A93
Q20402,A0
Q20403,A73
Q20404,A78
Q20405,A57
Q20406,A85
Q20407,A29
Q20408,A45
Q20409,A94
Q20410,A95
Q20411,A61
Q20412,A76
Q20413,A4
Q20414,A67
Q20415,A2
Q20416,A99
Q20417,A63
Q20418,A14
Q20419,A28
Q20420,A43
Q20421,A10
Q20422,A67
Q20423,A37
Q20424,A14
Q20425,A31
Q20426,A47
Q20427,A53
Q20428,A53
Q20429,A90
Q20430,A39
Q20431,A46
Q20432,A27
Q20433,A6
Q20434,A26
Q20435,A63
Q20436,A92
Q20437,A34
Q20438,A57
Q20439,A84
Q20440,A19
Q20441,A94
Q20442,A80
Q20443,A29
Q20444,A44
Q20445,A51
Q20446,A4
Q20447,A87
Q20448,A86
Q20449,A98
Q20450,A77
Q20451,A38
Q20452,A67
Q20453,A39
Q20454,A76
Q20455,A71
Q20456,A91
Q20457,A54
Q20458,A2
Q20459,A16
Q20460,A42
Q20461,A34
Q20462,A25
Q20463,A74
Q20464,A53
Q20465,A16
Q20466,A38
Q20467,A15
Q20468,A2
Q20469,A5
Q20470,A81
Q20471,A29
Q20472,A54
Q20473,A37
Q20474,A78
Q20475,A7
Q20476,A27
Q20477,A35
Q20478,A95
Q20479,A1
Q20480,A90
Q20481,A59
Q20482,A56
Q20483,A50
Q20484,A65
Q20485,A49
Q20486,A79
Q20487,A81
Q20488,A66
Q20489,A19
Q20490,A72
Q20491,A59
Q20492,A43
Q20493,A70
Q20494,A43
Q20495,A80
Q20496,A69
Q20497,A82
Q20498,A48
Q20499,A40
Q20500,A38
Q20501,A68
Q20502,A70
Q20503,A31
Q20504,A81
Q20505,A9
Q20506,A89
Q20507,A97
Q20508,A36
Q20509,A2
Q20510,A27
Q20511,A2
Q20512,A35
Q20513,A17
Q20514,A44
Q20515,A93
Q20516,A74
Q20517,A70
Q20518,A90
Q20519,A32
Q20520,A1
Q20521,A44
Q20522,A78
Q20523,A41
Q20524,A13
Q20525,A22
Q20526,A99
Q20527,A14
Q20528,A78
Q20529,A76
Q20530,A23
Q20531,A96
Q20532,A49
Q20533,A35
Q20534,A46
Q20535,A33
Q20536,A13
Q20537,A43
Q20538,A74
Q20539,A70
Q20540,A44
Q20541,A99
Q20542,A37
Q20543,A18
Q20544,A1
Q20545,A30
Q20546,A90
Q20547,A23
Q20548,A8
Q20549,A16
Q20550,A99
Q20551,A78
Q20552,A55
Q20553,A16
Q20554,A93
Q20555,A16
Q20556,A32
Q20557,A18
Q20558,A71
Q20559,A43
Q20560,A28
Q20561,A7
Q20562,A26
Q20563,A44
Q20564,A97
Q20565,A62
Q20566,A1
Q20567,A12
Q20568,A74
Q20569,A7
Q20570,A45
Q20571,A90
Q20572,A3
Q20573,A14
Q20574,A92
Q20575,A20
Q20576,A44
Q20577,A40
Q20578,A81
Q20579,A65
Q20580,A8
Q20581,A15
Q20582,A9
Q20583,A4
Q20584,A18
Q20585,A27
Q20586,A40
Q20587,A71
Q20588,A79
Q20589,A5
Q20590,A34
Q20591,A40
Q20592,A97
Q20593,A88
Q20594,A98
Q20595,A87
Q20596,A7
Q20597,A19
Q20598,A24
Q20599,A37
Q20600,A46
Q20601,A48
Q20602,A23
Q20603,A83
Q20604,A27
Q20605,A12
Q20606,A34
Q20607,A19
Q20608,A80
Q20609,A34
Q20610,A79
Q20611,A74
Q20612,A74
Q20613,A25
Q20614,A67
Q20615,A45
Q20616,A25
Q20617,A24
Q20618,A57
Q20619,A51
Q20620,A4
Q20621,A5
Q20622,A97
Q20623,A15
Q20624,A89
Q20625,A62
Q20626,A76
Q20627,A30
Q20628,A99
Q20629,A40
Q20630,A93
Q20631,A20
Q20632,A76
Q20633,A53
Q20634,A70
Q20635,A1
Q20636,A16
Q20637,A41
Q20638,A43
Q20639,A41
Q20640,A76
Q20641,A85
Q20642,A85
Q20643,A9
Q20644,A39
Q20645,A53
Q20646,A67
Q20647,A48
Q20648,A73
Q20649,A13
Q20650,A58
Q20651,A29
Q20652,A46
Q20653,A94
Q20654,A3
Q20655,A3
Q20656,A41
Q20657,A81
Q20658,A32
Q20659,A68
Q20660,A99
Q20661,A41
Q20662,A97
Q20663,A36
Q20664,A19
Q20665,A73
Q20666,A38
Q20667,A17
Q20668,A45
Q20669,A33
Q20670,A59
Q20671,A13
Q20672,A6
Q20673,A0
Q20674,A98
Q20675,A52
Q20676,A30
Q20677,A58
Q20678,A52
Q20679,A43
Q20680,A9
Q20681,A89
Q20682,A24
Q20683,A15
Q20684,A48
Q20685,A98
Q20686,A82
Q20687,A39
Q20688,A76
Q20689,A17
Q20690,A82
Q20691,A74
Q20692,A37
Q20693,A94
Q20694,A21
Q20695,A15
Q20696,A69
Q20697,A47
Q20698,A37
Q20699,A4
Q20700,A96
Q20701,A80
Q20702,A9
Q20703,A16
Q20704,A32
Q20705,A93
Q20706,A92
Q20707,A67
Q20708,A10
Q20709,A2
Q20710,A71
Q20711,A79
Q20712,A48
Q20713,A59
Q20714,A0
Q20715,A81
Q20716,A50
Q20717,A9
Q20718,A24
Q20719,A69
Q20720,A18
Q20721,A64
Q20722,A7
Q20723,A97
Q20724,A34
Q20725,A30
Q20726,A9
Q20727,A91
Q20728,A76
Q20729,A60
Q20730,A31
Q20731,A84
Q20732,A45
Q20733,A8
Q20734,A68
Q20735,A4
Q20736,A6
Q20737,A38
Q20738,A0
Q20739,A68
Q20740,A28
Q20741,A3
Q20742,A51
Q20743,A91
Q20744,A32
Q20745,A99
Q20746,A55
Q20747,A66
Q20748,A57
Q20749,A41
Q20750,A24
Q20751,A83
Q20752,A60
Q20753,A49
Q20754,A69
Q20755,A28
Q20756,A91
Q20757,A31
Q20758,A96
Q20759,A5
Q20760,A63
Q20761,A16
Q20762,A87
Q20763,A39
Q20764,A38
Q20765,A35
Q20766,A34
Q20767,A34
Q20768,A27
Q20769,A11
Q20770,A22
Q20771,A41
Q20772,A63
Q20773,A77
Q20774,A58
Q20775,A90
Q20776,A51
Q20777,A31
Q20778,A86
Q20779,A17
Q20780,A63
Q20781,A1
Q20782,A36
Q20783,A81
Q20784,A51
Q20785,A23
Q20786,A66
Q20787,A83
Q20788,A62
Q20789,A99
Q20790,A95
Q20791,A23
Q20792,A26
Q20793,A10
Q20794,A51
Q20795,A66
Q20796,A64
Q20797,A16
Q20798,A60
Q20799,A32
Q20800,A37
Q20801,A69
Q20802,A63
Q20803,A17
Q20804,A4
Q20805,A3
Q20806,A48
Q20807,A84
Q20808,A5
Q20809,A94
Q20810,A40
Q20811,A63
Q20812,A59
Q20813,A72
Q20814,A64
Q20815,A76
Q20816,A68
Q20817,A73
Q20818,A80
Q20819,A36
Q20820,A79
Q20821,A40
Q20822,A61
Q20823,A30
Q20824,A82
Q20825,A42
Q20826,A61
Q20827,A85
Q20828,A86
Q20829,A28
Q20830,A94
Q20831,A9
Q20832,A54
Q20833,A49
Q20834,A3
Q20835,A90
Q20836,A41
Q20837,A41
Q20838,A36
Q20839,A83
Q20840,A50
Q20841,A17
Q20842,A48
Q20843,A60
Q20844,A24
Q20845,A56
Q20846,A17
Q20847,A46
Q20848,A51
Q20849,A71
Q20850,A60
Q20851,A77
Q20852,A86
Q20853,A30
Q20854,A32
Q20855,A16
Q20856,A38
Q20857,A41
Q20858,A83
Q20859,A26
Q20860,A42
Q20861,A34
Q20862,A52
Q20863,A74
Q20864,A59
Q20865,A55
Q20866,A84
Q20867,A64
Q20868,A17
Q20869,A52
Q20870,A48
Q20871,A18
Q20872,A14
Q20873,A47
Q20874,A34
Q20875,A80
Q20876,A89
Q20877,A94
Q20878,A6
Q20879,A91
Q20880,A28
Q20881,A98
Q20882,A80
Q20883,A26
Q20884,A61
Q20885,A30
Q20886,A91
Q20887,A77
Q20888,A35
Q20889,A0
Q20890,A73
Q20891,A2
Q20892,A34
Q20893,A77
Q20894,A49
Q20895,A11
Q20896,A90
Q20897,A39
Q20898,A60
Q20899,A67
Q20900,A17
Q20901,A40
Q20902,A97
Q20903,A76
Q20904,A34
Q20905,A28
Q20906,A47
Q20907,A42
Q20908,A41
Q20909,A84
Q20910,A26
Q20911,A74
Q20912,A64
Q20913,A61
Q20914,A96
Q20915,A22
Q20916,A6
Q20917,A38
Q20918,A86
Q20919,A39
Q20920,A61
Q20921,A11
Q20922,A92
Q20923,A82
Q20924,A73
Q20925,A84
Q20926,A17
Q20927,A85
Q20928,A60
Q20929,A93
Q20930,A54
Q20931,A74
Q20932,A63
Q20933,A14
Q20934,A65
Q20935,A91
Q20936,A74
Q20937,A72
Q20938,A36
Q20939,A18
Q20940,A93
Q20941,A0
Q20942,A83
Q20943,A86
Q20944,A70
Q20945,A83
Q20946,A61
Q20947,A1
Q20948,A18
Q20949,A53
Q20950,A26
Q20951,A51
Q20952,A27
Q20953,A5
Q20954,A99
Q20955,A72
Q20956,A38
Q20957,A54
Q20958,A12
Q20959,A50
Q20960,A11
Q20961,A36
Q20962,A45
Q20963,A32
Q20964,A13
Q20965,A25
Q20966,A5
Q20967,A81
Q20968,A77
Q20969,A75
Q20970,A4
Q20971,A77
Q20972,A1
Q20973,A63
Q20974,A32
Q20975,A46
Q20976,A17
Q20977,A73
Q20978,A54
Q20979,A51
Q20980,A17
Q20981,A13
Q20982,A8
Q20983,A14
Q20984,A67
Q20985,A48
Q20986,A79
Q20987,A27
Q20988,A15
Q20989,A36
Q20990,A94
Q20991,A53
Q20992,A85
Q20993,A76
Q20994,A45
Q20995,A67
Q20996,A57
Q20997,A39
Q20998,A13
Q20999,A97
Q21000,A26
Q21001,A49
Q21002,A73
Q21003,A81
Q21004,A24
Q21005,A25
Q21006,A64
Q21007,A50
Q21008,A93
Q21009,A34
Q21010,A97
Q21011,A17
Q21012,A96
Q21013,A76
Q21014,A2
Q21015,A69
Q21016,A6
Q21017,A21
Q21018,A55
Q21019,A55
Q21020,A56
Q21021,A81
Q21022,A44
Q21023,A14
Q21024,A98
Q21025,A81
Q21026,A42
Q21027,A47
Q21028,A40
Q21029,A37
Q21030,A44
Q21031,A67
Q21032,A79
Q21033,A23
Q21034,A32
Q21035,A64
Q21036,A26
Q21037,A36
Q21038,A89
Q21039,A45
Q21040,A9
Q21041,A53
Q21042,A83
Q21043,A21
Q21044,A61
Q21045,A3
Q21046,A24
Q21047,A62
Q21048,A94
Q21049,A13
Q21050,A15
Q21051,A9
Q21052,A87
Q21053,A85
Q21054,A83
Q21055,A15
Q21056,A2
Q21057,A53
Q21058,A44
Q21059,A65
Q21060,A51
Q21061,A31
Q21062,A63
Q21063,A70
Q21064,A82
Q21065,A61
Q21066,A91
Q21067,A48
Q21068,A62
Q21069,A4
Q21070,A49
Q21071,A77
Q21072,A34
Q21073,A32
Q21074,A62
Q21075,A95
Q21076,A99
Q21077,A48
Q21078,A18
Q21079,A45
Q21080,A63
Q21081,A26
Q21082,A16
Q21083,A68
Q21084,A52
Q21085,A36
Q21086,A3
Q21087,A68
Q21088,A26
Q21089,A13
Q21090,A51
Q21091,A28
Q21092,A85
Q21093,A88
Q21094,A0
Q21095,A51
Q21096,A47
Q21097,A70
Q21098,A52
Q21099,A0
Q21100,A43
Q21101,A31
Q21102,A34
Q21103,A4
Q21104,A11
Q21105,A80
Q21106,A18
Q21107,A64
Q21108,A96
Q21109,A4
Q21110,A51
Q21111,A61
Q21112,A34
Q21113,A84
Q21114,A90
Q21115,A70
Q21116,A19
Q21117,A61
Q21118,A81
Q21119,A51
Q21120,A62
Q21121,A46
Q21122,A99
Q21123,A25
Q21124,A60
Q21125,A94
Q21126,A23
Q21127,A56
Q21128,A88
Q21129,A78
Q21130,A26
Q21131,A47
Q21132,A89
Q21133,A11
Q21134,A73
Q21135,A65
Q21136,A33
Q21137,A11
Q21138,A87
Q21139,A73
Q21140,A35
Q21141,A41
Q21142,A34
Q21143,A67
Q21144,A59
Q21145,A16
Q21146,A46
Q21147,A50
Q21148,A43
Q21149,A25
Q21150,A12
Q21151,A81
Q21152,A96
Q21153,A29
Q21154,A16
Q21155,A1
Q21156,A84
Q21157,A81
Q21158,A74
Q21159,A83
Q21160,A43
Q21161,A61
Q21162,A25
Q21163,A75
Q21164,A10
Q21165,A68
Q21166,A24
Q21167,A10
Q21168,A1
Q21169,A89
Q21170,A64
Q21171,A22
Q21172,A76
Q21173,A23
Q21174,A2
Q21175,A24
Q21176,A3
Q21177,A31
Q21178,A24
Q21179,A28
Q21180,A28
Q21181,A69
Q21182,A83
Q21183,A91
Q21184,A19
Q21185,A60
Q21186,A51
Q21187,A26
Q21188,A43
Q21189,A51
Q21190,A18
Q21191,A35
Q21192,A25
Q21193,A13
Q21194,A78
Q21195,A62
Q21196,A14
Q21197,A34
Q21198,A68
Q21199,A2
Q21200,A22
Q21201,A45
Q21202,A39
Q21203,A15
Q21204,A63
Q21205,A34
Q21206,A62
Q21207,A28
Q21208,A33
Q21209,A79
Q21210,A0
Q21211,A27
Q21212,A7
Q21213,A73
Q21214,A71
Q21215,A28
Q21216,A63
Q21217,A29
Q21218,A28
Q21219,A22
Q21220,A15
Q21221,A75
Q21222,A73
Q21223,A66
Q21224,A43
Q21225,A61
Q21226,A41
Q21227,A33
Q21228,A57
Q21229,A28
Q21230,A40
Q21231,A50
Q21232,A3
Q21233,A85
Q21234,A71
Q21235,A28
Q21236,A91
Q21237,A21
Q21238,A85
Q21239,A94
Q21240,A56
Q21241,A42
Q21242,A63
Q21243,A33
Q21244,A62
Q21245,A78
Q21246,A61
Q21247,A85
Q21248,A33
Q21249,A32
Q21250,A74
Q21251,A58
Q21252,A27
Q21253,A13
Q21254,A58
Q21255,A24
Q21256,A83
Q21257,A37
Q21258,A26
Q21259,A50
Q21260,A14
Q21261,A61
Q21262,A42
Q21263,A90
Q21264,A5
Q21265,A39
Q21266,A97
Q21267,A84
Q21268,A35
Q21269,A59
Q21270,A41
Q21271,A1
Q21272,A11
Q21273,A37
Q21274,A16
Q21275,A87
Q21276,A89
Q21277,A35
Q21278,A66
Q21279,A65
Q21280,A98
Q21281,A47
Q21282,A17
Q21283,A78
Q21284,A57
Q21285,A93
Q21286,A67
Q21287,A95
Q21288,A29
Q21289,A26
Q21290,A0
Q21291,A78
Q21292,A75
Q21293,A46
Q21294,A14
Q21295,A58
Q21296,A84
Q21297,A99
Q21298,A1
Q21299,A9
Q21300,A32
Q21301,A29
Q21302,A23
Q21303,A16
Q21304,A31
Q21305,A27
Q21306,A38
Q21307,A75
Q21308,A92
Q21309,A48
Q21310,A98
Q21311,A97
Q21312,A35
Q21313,A94
Q21314,A19
Q21315,A45
Q21316,A88
Q21317,A47
Q21318,A24
Q21319,A14
Q21320,A23
Q21321,A76
Q21322,A38
Q21323,A9
Q21324,A16
Q21325,A9
Q21326,A97
Q21327,A52
Q21328,A0
Q21329,A53
Q21330,A6
Q21331,A62
Q21332,A49
Q21333,A22
Q21334,A3
Q21335,A18
Q21336,A44
Q21337,A34
Q21338,A57
Q21339,A65
Q21340,A91
Q21341,A25
Q21342,A4
Q21343,A39
Q21344,A54
Q21345,A30
Q21346,A52
Q21347,A65
Q21348,A18
Q21349,A34
Q21350,A72
Q21351,A58
Q21352,A58
Q21353,A65
Q21354,A65
Q21355,A12
Q21356,A37
Q21357,A55
Q21358,A3
Q21359,A40
Q21360,A60
Q21361,A30
Q21362,A91
Q21363,A67
Q21364,A12
Q21365,A32
Q21366,A65
Q21367,A60
Q21368,A70
Q21369,A35
Q21370,A27
Q21371,A18
Q21372,A24
Q21373,A13
Q21374,A42
Q21375,A36
Q21376,A15
Q21377,A31
Q21378,A79
Q21379,A96
Q21380,A43
Q21381,A99
Q21382,A59
Q21383,A77
Q21384,A77
Q21385,A84
Q21386,A37
Q21387,A33
Q21388,A37
Q21389,A93
Q21390,A55
Q21391,A26
Q21392,A68
Q21393,A46
Q21394,A71
Q21395,A75
Q21396,A20
Q21397,A39
Q21398,A57
Q21399,A0
Q21400,A62
Q21401,A92
Q21402,A93
Q21403,A95
Q21404,A86
Q21405,A25
Q21406,A33
Q21407,A11
Q21408,A27
Q21409,A39
Q21410,A14
Q21411,A79
Q21412,A98
Q21413,A95
Q21414,A45
Q21415,A6
Q21416,A77
Q21417,A64
Q21418,A38
Q21419,A60
Q21420,A41
Q21421,A96
Q21422,A87
Q21423,A99
Q21424,A40
Q21425,A19
Q21426,A20
Q21427,A24
Q21428,A6
Q21429,A92
Q21430,A42
Q21431,A21
Q21432,A12
Q21433,A45
Q21434,A77
Q21435,A37
Q21436,A32
Q21437,A51
Q21438,A89
Q21439,A99
Q21440,A69
Q21441,A57
Q21442,A18
Q21443,A98
Q21444,A14
Q21445,A65
Q21446,A63
Q21447,A9
Q21448,A19
Q21449,A26
Q21450,A65
Q21451,A93
Q21452,A85
Q21453,A72
Q21454,A87
Q21455,A70
Q21456,A6
Q21457,A43
Q21458,A72
Q21459,A40
Q21460,A60
Q21461,A16
Q21462,A57
Q21463,A81
Q21464,A12
Q21465,A76
Q21466,A30
Q21467,A1
Q21468,A50
Q21469,A98
Q21470,A88
Q21471,A93
Q21472,A87
Q21473,A88
Q21474,A70
Q21475,A94
Q21476,A7
Q21477,A63
Q21478,A26
Q21479,A76
Q21480,A27
Q21481,A22
Q21482,A72
Q21483,A31
Q21484,A30
Q21485,A83
Q21486,A11
Q21487,A57
Q21488,A28
Q21489,A70
Q21490,A42
Q21491,A66
Q21492,A78
Q21493,A28
Q21494,A85
Q21495,A58
Q21496,A83
Q21497,A91
Q21498,A17
Q21499,A51
Q21500,A83
Q21501,A15
Q21502,A34
Q21503,A73
Q21504,A50
Q21505,A3
Q21506,A39
Q21507,A24
Q21508,A6
Q21509,A89
Q21510,A22
Q21511,A91
Q21512,A82
Q21513,A36
Q21514,A90
Q21515,A65
Q21516,A68
Q21517,A64
Q21518,A37
Q21519,A86
Q21520,A29
Q21521,A66
Q21522,A56
Q21523,A24
Q21524,A63
Q21525,A71
Q21526,A27
Q21527,A27
Q21528,A69
Q21529,A58
Q21530,A5
Q21531,A51
Q21532,A84
Q21533,A58
Q21534,A84
Q21535,A68
Q21536,A26
Q21537,A59
Q21538,A33
Q21539,A64
Q21540,A5
Q21541,A3
Q21542,A61
Q21543,A91
Q21544,A92
Q21545,A3
Q21546,A83
Q21547,A62
Q21548,A87
Q21549,A46
Q21550,A69
Q21551,A28
Q21552,A18
Q21553,A37
Q21554,A45
Q21555,A41
Q21556,A10
Q21557,A22
Q21558,A29
Q21559,A28
Q21560,A9
Q21561,A26
Q21562,A21
Q21563,A55
Q21564,A5
Q21565,A79
Q21566,A16
Q21567,A17
Q21568,A88
Q21569,A40
Q21570,A56
Q21571,A62
Q21572,A20
Q21573,A50
Q21574,A32
Q21575,A39
Q21576,A80
Q21577,A6
Q21578,A22
Q21579,A4
Q21580,A12
Q21581,A84
Q21582,A67
Q21583,A27
Q21584,A48
Q21585,A5
Q21586,A46
Q21587,A94
Q21588,A16
Q21589,A27
Q21590,A82
Q21591,A35
Q21592,A15
Q21593,A6
Q21594,A56
Q21595,A16
Q21596,A90
Q21597,A66
Q21598,A86
Q21599,A83
Q21600,A86
Q21601,A47
Q21602,A85
Q21603,A5
Q21604,A6
Q21605,A45
Q21606,A36
Q21607,A63
Q21608,A60
Q21609,A16
Q21610,A90
Q21611,A21
Q21612,A80
Q21613,A56
Q21614,A28
Q21615,A20
Q21616,A67
Q21617,A2
Q21618,A28
Q21619,A1
Q21620,A55
Q21621,A30
Q21622,A87
Q21623,A83
Q21624,A59
Q21625,A91
Q21626,A66
Q21627,A85
Q21628,A68
Q21629,A99
Q21630,A61
Q21631,A69
Q21632,A98
Q21633,A76
Q21634,A90
Q21635,A77
Q21636,A30
Q21637,A44
Q21638,A85
Q21639,A65
Q21640,A92
Q21641,A5
Q21642,A56
Q21643,A68
Q21644,A41
Q21645,A4
Q21646,A83
Q21647,A42
Q21648,A42
Q21649,A59
Q21650,A18
Q21651,A96
Q21652,A14
Q21653,A87
Q21654,A47
Q21655,A51
Q21656,A89
Q21657,A46
Q21658,A12
Q21659,A90
Q21660,A7
Q21661,A40
Q21662,A34
Q21663,A67
Q21664,A90
Q21665,A53
Q21666,A46
Q21667,A0
Q21668,A62
Q21669,A25
Q21670,A60
Q21671,A59
Q21672,A57
Q21673,A60
Q21674,A83
Q21675,A65
Q21676,A71
Q21677,A25
Q21678,A45
Q21679,A86
Q21680,A93
Q21681,A88
Q21682,A36
Q21683,A57
Q21684,A65
Q21685,A51
Q21686,A21
Q21687,A48
Q21688,A89
Q21689,A71
Q21690,A43
Q21691,A86
Q21692,A43
Q21693,A94
Q21694,A7
Q21695,A82
Q21696,A26
Q21697,A27
Q21698,A89
Q21699,A10
Q21700,A96
Q21701,A77
Q21702,A41
Q21703,A64
Q21704,A99
Q21705,A28
Q21706,A83
Q21707,A83
Q21708,A84
Q21709,A54
Q21710,A90
Q21711,A28
Q21712,A22
Q21713,A38
Q21714,A13
Q21715,A97
Q21716,A6
Q21717,A94
Q21718,A16
Q21719,A91
Q21720,A10
Q21721,A78
Q21722,A54
Q21723,A71
Q21724,A50
Q21725,A0
Q21726,A65
Q21727,A49
Q21728,A28
Q21729,A68
Q21730,A48
Q21731,A68
Q21732,A18
Q21733,A89
Q21734,A87
Q21735,A96
Q21736,A58
Q21737,A77
Q21738,A87
Q21739,A53
Q21740,A80
Q21741,A43
Q21742,A94
Q21743,A32
Q21744,A79
Q21745,A94
Q21746,A69
Q21747,A91
Q21748,A12
Q21749,A22
Q21750,A52
Q21751,A97
Q21752,A0
Q21753,A83
Q21754,A91
Q21755,A1
Q21756,A37
Q21757,A27
Q21758,A21
Q21759,A74
Q21760,A55
Q21761,A36
Q21762,A86
Q21763,A74
Q21764,A33
Q21765,A35
Q21766,A40
Q21767,A24
Q21768,A85
Q21769,A14
Q21770,A18
Q21771,A65
Q21772,A70
Q21773,A54
Q21774,A39
Q21775,A44
Q21776,A86
Q21777,A13
Q21778,A19
Q21779,A83
Q21780,A66
Q21781,A0
Q21782,A98
Q21783,A73
Q21784,A31
Q21785,A28
Q21786,A64
Q21787,A63
Q21788,A32
Q21789,A5
Q21790,A22
Q21791,A3
Q21792,A89
Q21793,A11
Q21794,A95
Q21795,A78
Q21796,A79
Q21797,A23
Q21798,A66
Q21799,A56
Q21800,A60
Q21801,A79
Q21802,A66
Q21803,A34
Q21804,A24
Q21805,A28
Q21806,A57
Q21807,A41
Q21808,A90
Q21809,A17
Q21810,A55
Q21811,A10
Q21812,A54
Q21813,A67
Q21814,A86
Q21815,A19
Q21816,A86
Q21817,A2
Q21818,A74
Q21819,A55
Q21820,A87
Q21821,A26
Q21822,A57
Q21823,A0
Q21824,A37
Q21825,A79
Q21826,A98
Q21827,A12
Q21828,A24
Q21829,A81
Q21830,A91
Q21831,A60
Q21832,A37
Q21833,A71
Q21834,A46
Q21835,A65
Q21836,A36
Q21837,A84
Q21838,A74
Q21839,A72
Q21840,A9
Q21841,A26
Q21842,A77
Q21843,A41
Q21844,A24
Q21845,A83
Q21846,A47
Q21847,A98
Q21848,A1
Q21849,A24
Q21850,A74
Q21851,A53
Q21852,A42
Q21853,A31
Q21854,A32
Q21855,A51
Q21856,A15
Q21857,A43
Q21858,A34
Q21859,A32
Q21860,A3
Q21861,A33
Q21862,A11
Q21863,A98
Q21864,A76
Q21865,A47
Q21866,A41
Q21867,A29
Q21868,A31
Q21869,A31
Q21870,A0
Q21871,A96
Q21872,A52
Q21873,A65
Q21874,A35
Q21875,A65
Q21876,A77
Q21877,A18
Q21878,A15
Q21879,A15
Q21880,A30
Q21881,A99
Q21882,A14
Q21883,A5
Q21884,A32
Q21885,A38
Q21886,A7
Q21887,A63
Q21888,A76
Q21889,A91
Q21890,A23
Q21891,A51
Q21892,A24
Q21893,A7
Q21894,A25
Q21895,A33
Q21896,A38
Q21897,A84
Q21898,A36
Q21899,A72
Q21900,A16
Q21901,A94
Q21902,A65
Q21903,A67
Q21904,A3
Q21905,A81
Q21906,A61
Q21907,A14
Q21908,A3
Q21909,A43
Q21910,A73
Q21911,A29
Q21912,A46
Q21913,A22
Q21914,A46
Q21915,A15
Q21916,A61
Q21917,A67
Q21918,A64
Q21919,A81
Q21920,A57
Q21921,A90
Q21922,A5
Q21923,A49
Q21924,A97
Q21925,A72
Q21926,A23
Q21927,A69
Q21928,A78
Q21929,A99
Q21930,A26
Q21931,A37
Q21932,A90
Q21933,A45
Q21934,A30
Q21935,A96
Q21936,A9
Q21937,A93
Q21938,A78
Q21939,A20
Q21940,A99
Q21941,A77
Q21942,A18
Q21943,A73
Q21944,A58
Q21945,A8
Q21946,A6
Q21947,A84
Q21948,A2
Q21949,A49
Q21950,A94
Q21951,A4
Q21952,A75
Q21953,A16
Q21954,A93
Q21955,A57
Q21956,A8
Q21957,A88
Q21958,A68
Q21959,A8
Q21960,A18
Q21961,A94
Q21962,A49
Q21963,A76
Q21964,A35
Q21965,A81
Q21966,A84
Q21967,A4
Q21968,A52
Q21969,A58
Q21970,A63
Q21971,A16
Q21972,A25
Q21973,A82
Q21974,A85
Q21975,A65
Q21976,A49
Q21977,A9
Q21978,A24
Q21979,A95
Q21980,A32
Q21981,A76
Q21982,A17
Q21983,A40
Q21984,A27
Q21985,A43
Q21986,A71
Q21987,A58
Q21988,A62
Q21989,A14
Q21990,A76
Q21991,A82
Q21992,A51
Q21993,A29
Q21994,A10
Q21995,A66
Q21996,A93
Q21997,A39
Q21998,A47
Q21999,A25
Q22000,A34
Q22001,A97
Q22002,A4
Q22003,A48
Q22004,A48
Q22005,A8
Q22006,A7
Q22007,A7
Q22008,A51
Q22009,A94
Q22010,A83
Q22011,A89
Q22012,A16
Q22013,A19
Q22014,A86
Q22015,A92
Q22016,A29
Q22017,A18
Q22018,A62
Q22019,A61
Q22020,A66
Q22021,A54
Q22022,A96
Q22023,A50
Q22024,A87
Q22025,A81
Q22026,A48
Q22027,A86
Q22028,A8
Q22029,A12
Q22030,A83
Q22031,A30
Q22032,A70
Q22033,A86
Q22034,A19
Q22035,A6
Q22036,A22
Q22037,A53
Q22038,A3
Q22039,A12
Q22040,A36
Q22041,A51
Q22042,A31
Q22043,A1
Q22044,A31
Q22045,A51
Q22046,A50
Q22047,A35
Q22048,A93
Q22049,A38
Q22050,A61
Q22051,A61
Q22052,A78
Q22053,A42
Q22054,A37
Q22055,A6
Q22056,A63
Q22057,A40
Q22058,A51
Q22059,A82
Q22060,A94
Q22061,A93
Q22062,A11
Q22063,A42
Q22064,A63
Q22065,A87
Q22066,A6
Q22067,A47
Q22068,A41
Q22069,A10
Q22070,A70
Q22071,A53
Q22072,A45
Q22073,A44
Q22074,A49
Q22075,A70
Q22076,A81
Q22077,A33
Q22078,A7
Q22079,A3
Q22080,A28
Q22081,A23
Q22082,A64
Q22083,A78
Q22084,A16
Q22085,A67
Q22086,A90
Q22087,A36
Q22088,A3
Q22089,A34
Q22090,A37
Q22091,A97
Q22092,A42
Q22093,A53
Q22094,A97
Q22095,A31
Q22096,A83
Q22097,A95
Q22098,A32
Q22099,A96
Q22100,A68
Q22101,A49
Q22102,A94
Q22103,A76
Q22104,A95
Q22105,A16
Q22106,A44
Q22107,A10
Q22108,A95
Q22109,A52
Q22110,A82
Q22111,A37
Q22112,A27
Q22113,A93
Q22114,A93
Q22115,A18
Q22116,A8
Q22117,A60
Q22118,A65
Q22119,A5
Q22120,A40
Q22121,A2
Q22122,A90
Q22123,A65
Q22124,A73
Q22125,A2
Q22126,A86
Q22127,A58
Q22128,A51
Q22129,A98
Q22130,A59
Q22131,A77
Q22132,A34
Q22133,A89
Q22134,A71
Q22135,A53
Q22136,A10
Q22137,A83
Q22138,A4
Q22139,A30
Q22140,A87
Q22141,A73
Q22142,A87
Q22143,A1
Q22144,A81
Q22145,A26
Q22146,A34
Q22147,A3
Q22148,A54
Q22149,A14
Q22150,A7
Q22151,A61
Q22152,A95
Q22153,A19
Q22154,A85
Q22155,A37
Q22156,A22
Q22157,A45
Q22158,A94
Q22159,A50
Q22160,A25
Q22161,A17
Q22162,A16
Q22163,A35
Q22164,A49
Q22165,A0
Q22166,A85
Q22167,A62
Q22168,A15
Q22169,A95
Q22170,A86
Q22171,A2
Q22172,A32
Q22173,A8
Q22174,A69
Q22175,A39
Q22176,A34
Q22177,A61
Q22178,A43
Q22179,A28
Q22180,A47
Q22181,A25
Q22182,A19
Q22183,A84
Q22184,A75
Q22185,A34
Q22186,A60
Q22187,A13
Q22188,A68
Q22189,A17
Q22190,A82
Q22191,A81
Q22192,A82
Q22193,A31
Q22194,A45
Q22195,A65
Q22196,A9
Q22197,A69
Q22198,A62
Q22199,A98
Q22200,A39
Q22201,A90
Q22202,A25
Q22203,A83
Q22204,A82
Q22205,A1
Q22206,A73
Q22207,A96
Q22208,A66
Q22209,A44
Q22210,A89
Q22211,A93
Q22212,A89
Q22213,A91
Q22214,A42
Q22215,A33
Q22216,A73
Q22217,A54
Q22218,A67
Q22219,A57
Q22220,A65
Q22221,A77
Q22222,A22
Q22223,A15
Q22224,A63
Q22225,A43
Q22226,A94
Q22227,A39
Q22228,A36
Q22229,A86
Q22230,A20
Q22231,A98
Q22232,A86
Q22233,A76
Q22234,A47
Q22235,A24
Q22236,A96
Q22237,A8
Q22238,A54
Q22239,A67
Q22240,A86
Q22241,A69
Q22242,A32
Q22243,A20
Q22244,A30
Q22245,A84
Q22246,A6
Q22247,A49
Q22248,A16
Q22249,A75
Q22250,A68
Q22251,A20
Q22252,A86
Q22253,A52
Q22254,A82
Q22255,A19
Q22256,A26
Q22257,A35
Q22258,A26
Q22259,A55
Q22260,A81
Q22261,A73
Q22262,A46
Q22263,A54
Q22264,A46
Q22265,A80
Q22266,A14
Q22267,A14
Q22268,A61
Q22269,A61
Q22270,A88
Q22271,A45
Q22272,A25
Q22273,A14
Q22274,A4
Q22275,A48
Q22276,A46
Q22277,A73
Q22278,A49
Q22279,A76
Q22280,A77
Q22281,A30
Q22282,A34
Q22283,A3
Q22284,A40
Q22285,A34
Q22286,A47
Q22287,A86
Q22288,A86
Q22289,A47
Q22290,A12
Q22291,A45
Q22292,A49
Q22293,A40
Q22294,A78
Q22295,A19
Q22296,A27
Q22297,A16
Q22298,A49
Q22299,A76
Q22300,A64
Q22301,A74
Q22302,A25
Q22303,A8
Q22304,A8
Q22305,A46
Q22306,A36
Q22307,A89
Q22308,A81
Q22309,A75
Q22310,A94
Q22311,A45
Q22312,A96
Q22313,A41
Q22314,A78
Q22315,A43
Q22316,A33
Q22317,A86
Q22318,A51
Q22319,A90
Q22320,A20
Q22321,A67
Q22322,A18
Q22323,A65
Q22324,A0
Q22325,A10
Q22326,A38
Q22327,A86
Q22328,A46
Q22329,A55
Q22330,A54
Q22331,A58
Q22332,A7
Q22333,A72
Q22334,A61
Q22335,A67
Q22336,A80
Q22337,A38
Q22338,A16
Q22339,A25
Q22340,A30
Q22341,A65
Q22342,A12
Q22343,A42
Q22344,A81
Q22345,A68
Q22346,A42
Q22347,A33
Q22348,A53
Q22349,A54
Q22350,A64
Q22351,A40
Q22352,A45
Q22353,A37
Q22354,A29
Q22355,A48
Q22356,A17
Q22357,A98
Q22358,A77
Q22359,A40
Q22360,A57
Q22361,A52
Q22362,A79
Q22363,A15
Q22364,A61
Q22365,A86
Q22366,A44
Q22367,A22
Q22368,A1
Q22369,A97
Q22370,A10
Q22371,A70
Q22372,A16
Q22373,A77
Q22374,A64
Q22375,A43
Q22376,A31
Q22377,A29
Q22378,A85
Q22379,A30
Q22380,A16
Q22381,A44
Q22382,A70
Q22383,A6
Q22384,A93
Q22385,A90
Q22386,A93
Q22387,A10
Q22388,A2
Q22389,A43
Q22390,A18
Q22391,A39
Q22392,A80
Q22393,A81
Q22394,A31
Q22395,A81
Q22396,A15
Q22397,A18
Q22398,A89
Q22399,A15
Q22400,A10
Q22401,A56
Q22402,A58
Q22403,A8
Q22404,A53
Q22405,A6
Q22406,A63
Q22407,A94
Q22408,A40
Q22409,A19
Q22410,A33
Q22411,A29
Q22412,A54
Q22413,A30
Q22414,A29
Q22415,A30
Q22416,A18
Q22417,A2
Q22418,A69
Q22419,A40
Q22420,A72
Q22421,A79
Q22422,A45
Q22423,A9
Q22424,A97
Q22425,A15
Q22426,A78
Q22427,A17
Q22428,A1
Q22429,A57
Q22430,A5
Q22431,A49
Q22432,A53
Q22433,A97
Q22434,A67
Q22435,A37
Q22436,A59
Q22437,A10
Q22438,A18
Q22439,A46
Q22440,A5
Q22441,A16
Q22442,A76
Q22443,A98
Q22444,A71
Q22445,A66
Q22446,A7
Q22447,A65
Q22448,A33
Q22449,A80
Q22450,A4
Q22451,A16
Q22452,A97
Q22453,A68
Q22454,A68
Q22455,A90
Q22456,A78
Q22457,A82
Q22458,A17
Q22459,A77
Q22460,A56
Q22461,A90
Q22462,A9
Q22463,A99
Q22464,A16
Q22465,A77
Q22466,A73
Q22467,A18
Q22468,A36
Q22469,A62
Q22470,A59
Q22471,A14
Q22472,A57
Q22473,A5
Q22474,A10
Q22475,A7
Q22476,A46
Q22477,A34
Q22478,A13
Q22479,A50
Q22480,A48
Q22481,A61
Q22482,A19
Q22483,A93
Q22484,A87
Q22485,A54
Q22486,A80
Q22487,A7
Q22488,A76
Q22489,A58
Q22490,A34
Q22491,A0
Q22492,A80
Q22493,A12
Q22494,A91
Q22495,A47
Q22496,A54
Q22497,A40
Q22498,A65
Q22499,A79
Q22500,A96
Q22501,A74
Q22502,A3
Q22503,A15
Q22504,A81
Q22505,A88
Q22506,A36
Q22507,A98
Q22508,A40
Q22509,A33
Q22510,A57
Q22511,A6
Q22512,A81
Q22513,A9
Q22514,A80
Q22515,A19
Q22516,A8
Q22517,A31
Q22518,A63
Q22519,A16
Q22520,A20
Q22521,A3
Q22522,A85
Q22523,A84
Q22524,A1
Q22525,A38
Q22526,A33
Q22527,A68
Q22528,A47
Q22529,A91
Q22530,A52
Q22531,A40
Q22532,A27
Q22533,A28
Q22534,A91
Q22535,A8
Q22536,A42
Q22537,A6
Q22538,A17
Q22539,A6
Q22540,A91
Q22541,A90
Q22542,A83
Q22543,A97
Q22544,A84
Q22545,A0
Q22546,A44
Q22547,A86
Q22548,A34
Q22549,A16
Q22550,A15
Q22551,A95
Q22552,A63
Q22553,A12
Q22554,A83
Q22555,A49
Q22556,A39
Q22557,A93
Q22558,A35
Q22559,A5
Q22560,A91
Q22561,A42
Q22562,A14
Q22563,A5
Q22564,A48
Q22565,A48
Q22566,A22
Q22567,A64
Q22568,A88
Q22569,A75
Q22570,A41
Q22571,A96
Q22572,A2
Q22573,A54
Q22574,A58
Q22575,A41
Q22576,A54
Q22577,A17
Q22578,A16
Q22579,A40
Q22580,A89
Q22581,A48
Q22582,A81
Q22583,A83
Q22584,A67
Q22585,A40
Q22586,A10
Q22587,A19
Q22588,A54
Q22589,A50
Q22590,A35
Q22591,A68
Q22592,A51
Q22593,A14
Q22594,A86
Q22595,A34
Q22596,A85
Q22597,A23
Q22598,A99
Q22599,A39
Q22600,A32
Q22601,A87
Q22602,A97
Q22603,A53
Q22604,A40
Q22605,A22
Q22606,A3
Q22607,A73
Q22608,A89
Q22609,A78
Q22610,A95
Q22611,A10
Q22612,A31
Q22613,A73
Q22614,A13
Q22615,A94
Q22616,A1
Q22617,A66
Q22618,A76
Q22619,A69
Q22620,A72
Q22621,A29
Q22622,A84
Q22623,A56
Q22624,A32
Q22625,A37
Q22626,A5
Q22627,A56
Q22628,A62
Q22629,A21
Q22630,A92
Q22631,A45
Q22632,A43
Q22633,A80
Q22634,A38
Q22635,A45
Q22636,A58
Q22637,A46
Q22638,A90
Q22639,A72
Q22640,A33
Q22641,A24
Q22642,A59
Q22643,A99
Q22644,A43
Q22645,A92
Q22646,A3
Q22647,A4
Q22648,A39
Q22649,A91
Q22650,A75
Q22651,A61
Q22652,A75
Q22653,A19
Q22654,A39
Q22655,A45
Q22656,A54
Q22657,A1
Q22658,A12
Q22659,A46
Q22660,A4
Q22661,A8
Q22662,A2
Q22663,A39
Q22664,A43
Q22665,A2
Q22666,A25
Q22667,A77
Q22668,A46
Q22669,A78
Q22670,A69
Q22671,A73
Q22672,A46
Q22673,A48
Q22674,A50
Q22675,A50
Q22676,A99
Q22677,A44
Q22678,A71
Q22679,A73
Q22680,A45
Q22681,A82
Q22682,A14
Q22683,A27
Q22684,A44
Q22685,A39
Q22686,A62
Q22687,A29
Q22688,A75
Q22689,A86
Q22690,A74
Q22691,A29
Q22692,A81
Q22693,A50
Q22694,A44
Q22695,A7
Q22696,A68
Q22697,A10
Q22698,A99
Q22699,A48
Q22700,A84
Q22701,A66
Q22702,A3
Q22703,A23
Q22704,A52
Q22705,A2
Q22706,A90
Q22707,A72
Q22708,A64
Q22709,A89
Q22710,A96
Q22711,A71
Q22712,A35
Q22713,A20
Q22714,A67
Q22715,A42
Q22716,A46
Q22717,A82
Q22718,A86
Q22719,A83
Q22720,A65
Q22721,A86
Q22722,A77
Q22723,A37
Q22724,A6
Q22725,A49
Q22726,A21
Q22727,A14
Q22728,A52
Q22729,A65
Q22730,A93
Q22731,A33
Q22732,A4
Q22733,A79
Q22734,A73
Q22735,A26
Q22736,A4
Q22737,A39
Q22738,A99
Q22739,A33
Q22740,A90
Q22741,A93
Q22742,A30
Q22743,A97
Q22744,A29
Q22745,A66
Q22746,A65
Q22747,A69
Q22748,A8
Q22749,A64
Q22750,A76
Q22751,A59
Q22752,A96
Q22753,A39
Q22754,A2
Q22755,A51
Q22756,A77
Q22757,A95
Q22758,A52
Q22759,A7
Q22760,A48
Q22761,A32
Q22762,A62
Q22763,A87
Q22764,A11
Q22765,A10
Q22766,A2
Q22767,A76
Q22768,A0
Q22769,A79
Q22770,A57
Q22771,A45
Q22772,A6
Q22773,A50
Q22774,A22
Q22775,A1
Q22776,A39
Q22777,A53
Q22778,A31
Q22779,A28
Q22780,A40
Q22781,A90
Q22782,A4
Q22783,A89
Q22784,A7
Q22785,A75
Q22786,A58
Q22787,A37
Q22788,A59
Q22789,A95
Q22790,A46
Q22791,A84
Q22792,A24
Q22793,A8
Q22794,A26
Q22795,A21
Q22796,A61
Q22797,A59
Q22798,A64
Q22799,A78
Q22800,A2
Q22801,A65
Q22802,A51
Q22803,A71
Q22804,A85
Q22805,A75
Q22806,A33
Q22807,A48
Q22808,A14
Q22809,A6
Q22810,A20
Q22811,A8
Q22812,A97
Q22813,A62
Q22814,A29
Q22815,A71
Q22816,A48
Q22817,A67
Q22818,A88
Q22819,A37
Q22820,A65
Q22821,A89
Q22822,A61
Q22823,A55
Q22824,A68
Q22825,A16
Q22826,A72
Q22827,A70
Q22828,A24
Q22829,A56
Q22830,A38
Q22831,A58
Q22832,A10
Q22833,A50
Q22834,A17
Q22835,A82
Q22836,A61
Q22837,A47
Q22838,A2
Q22839,A96
Q22840,A71
Q22841,A11
Q22842,A13
Q22843,A4
Q22844,A17
Q22845,A93
Q22846,A25
Q22847,A50
Q22848,A62
Q22849,A58
Q22850,A99
Q22851,A97
Q22852,A8
Q22853,A51
Q22854,A25
Q22855,A64
Q22856,A69
Q22857,A77
Q22858,A15
Q22859,A1
Q22860,A71
Q22861,A89
Q22862,A8
Q22863,A95
Q22864,A35
Q22865,A20
Q22866,A59
Q22867,A40
Q22868,A14
Q22869,A92
Q22870,A28
Q22871,A9
Q22872,A21
Q22873,A17
Q22874,A64
Q22875,A58
Q22876,A55
Q22877,A6
Q22878,A62
Q22879,A60
Q22880,A72
Q22881,A91
Q22882,A30
Q22883,A5
Q22884,A21
Q22885,A98
Q22886,A61
Q22887,A75
Q22888,A40
Q22889,A81
Q22890,A83
Q22891,A33
Q22892,A67
Q22893,A26
Q22894,A47
Q22895,A21
Q22896,A77
Q22897,A2
Q22898,A11
Q22899,A89
Q22900,A13
Q22901,A44
Q22902,A94
Q22903,A53
Q22904,A5
Q22905,A68
Q22906,A83
Q22907,A25
Q22908,A73
Q22909,A57
Q22910,A66
Q22911,A9
Q22912,A14
Q22913,A83
Q22914,A58
Q22915,A47
Q22916,A31
Q22917,A29
Q22918,A83
Q22919,A21
Q22920,A34
Q22921,A37
Q22922,A54
Q22923,A72
Q22924,A86
Q22925,A67
Q22926,A87
Q22927,A17
Q22928,A89
Q22929,A26
Q22930,A9
Q22931,A64
Q22932,A15
Q22933,A27
Q22934,A10
Q22935,A73
Q22936,A76
Q22937,A62
Q22938,A97
Q22939,A80
Q22940,A27
Q22941,A51
Q22942,A23
Q22943,A12
Q22944,A94
Q22945,A33
Q22946,A75
Q22947,A48
Q22948,A8
Q22949,A86
Q22950,A27
Q22951,A68
Q22952,A95
Q22953,A27
Q22954,A47
Q22955,A29
Q22956,A97
Q22957,A76
Q22958,A44
Q22959,A40
Q22960,A71
Q22961,A3
Q22962,A13
Q22963,A98
Q22964,A19
Q22965,A66
Q22966,A81
Q22967,A8
Q22968,A80
Q22969,A11
Q22970,A82
Q22971,A56
Q22972,A25
Q22973,A41
Q22974,A57
Q22975,A40
Q22976,A18
Q22977,A93
Q22978,A19
Q22979,A95
Q22980,A45
Q22981,A18
Q22982,A86
Q22983,A48
Q22984,A2
Q22985,A93
Q22986,A54
Q22987,A40
Q22988,A59
Q22989,A69
Q22990,A21
Q22991,A30
Q22992,A17
Q22993,A86
Q22994,A90
Q22995,A88
Q22996,A91
Q22997,A52
Q22998,A38
Q22999,A75
Q23000,A20
Q23001,A66
Q23002,A17
Q23003,A60
Q23004,A29
Q23005,A33
Q23006,A23
Q23007,A68
Q23008,A97
Q23009,A71
Q23010,A11
Q23011,A39
Q23012,A37
Q23013,A72
Q23014,A12
Q23015,A61
Q23016,A71
Q23017,A43
Q23018,A5
Q23019,A16
Q23020,A25
Q23021,A2
Q23022,A24
Q23023,A66
Q23024,A55
Q23025,A97
Q23026,A41
Q23027,A37
Q23028,A21
Q23029,A41
Q23030,A95
Q23031,A25
Q23032,A27
Q23033,A20
Q23034,A86
Q23035,A20
Q23036,A1
Q23037,A68
Q23038,A75
Q23039,A41
Q23040,A80
Q23041,A38
Q23042,A80
Q23043,A78
Q23044,A59
Q23045,A20
Q23046,A78
Q23047,A57
Q23048,A15
Q23049,A85
Q23050,A30
Q23051,A88
Q23052,A63
Q23053,A0
Q23054,A84
Q23055,A9
Q23056,A16
Q23057,A62
Q23058,A94
Q23059,A58
Q23060,A71
Q23061,A24
Q23062,A21
Q23063,A38
Q23064,A13
Q23065,A16
Q23066,A7
Q23067,A16
Q23068,A41
Q23069,A46
Q23070,A67
Q23071,A82
Q23072,A12
Q23073,A19
Q23074,A47
Q23075,A46
Q23076,A99
Q23077,A49
Q23078,A37
Q23079,A11
Q23080,A56
Q23081,A14
Q23082,A57
Q23083,A3
Q23084,A79
Q23085,A62
Q23086,A74
Q23087,A5
Q23088,A32
Q23089,A35
Q23090,A27
Q23091,A38
Q23092,A15
Q23093,A66
Q23094,A26
Q23095,A71
Q23096,A92
Q23097,A17
Q23098,A58
Q23099,A70
Q23100,A55
Q23101,A95
Q23102,A25
Q23103,A37
Q23104,A97
Q23105,A67
Q23106,A52
Q23107,A51
Q23108,A86
Q23109,A76
Q23110,A83
Q23111,A32
Q23112,A10
Q23113,A19
Q23114,A75
Q23115,A42
Q23116,A41
Q23117,A32
Q23118,A96
Q23119,A14
Q23120,A3
Q23121,A77
Q23122,A16
Q23123,A37
Q23124,A44
Q23125,A27
Q23126,A71
Q23127,A71
Q23128,A41
Q23129,A45
Q23130,A82
Q23131,A73
Q23132,A27
Q23133,A10
Q23134,A61
Q23135,A85
Q23136,A91
Q23137,A0
Q23138,A75
Q23139,A44
Q23140,A66
Q23141,A73
Q23142,A44
Q23143,A31
Q23144,A21
Q23145,A17
Q23146,A74
Q23147,A28
Q23148,A18
Q23149,A37
Q23150,A73
Q23151,A27
Q23152,A78
Q23153,A24
Q23154,A12
Q23155,A26
Q23156,A64
Q23157,A83
Q23158,A13
Q23159,A81
Q23160,A93
Q23161,A49
Q23162,A33
Q23163,A44
Q23164,A37
Q23165,A13
Q23166,A3
Q23167,A60
Q23168,A37
Q23169,A49
Q23170,A24
Q23171,A81
Q23172,A78
Q23173,A11
Q23174,A21
Q23175,A78
Q23176,A21
Q23177,A86
Q23178,A3
Q23179,A98
Q23180,A52
Q23181,A27
Q23182,A32
Q23183,A19
Q23184,A79
Q23185,A2
Q23186,A35
Q23187,A50
Q23188,A49
Q23189,A19
Q23190,A38
Q23191,A65
Q23192,A64
Q23193,A32
Q23194,A9
Q23195,A60
Q23196,A53
Q23197,A19
Q23198,A7
Q23199,A24
Q23200,A63
Q23201,A45
Q23202,A24
Q23203,A16
Q23204,A40
Q23205,A97
Q23206,A88
Q23207,A72
Q23208,A0
Q23209,A2
Q23210,A59
Q23211,A58
Q23212,A15
Q23213,A60
Q23214,A77
Q23215,A39
Q23216,A26
Q23217,A43
Q23218,A35
Q23219,A49
Q23220,A88
Q23221,A23
Q23222,A75
Q23223,A67
Q23224,A93
Q23225,A95
Q23226,A75
Q23227,A13
Q23228,A48
Q23229,A47
Q23230,A19
Q23231,A52
Q23232,A72
Q23233,A38
Q23234,A31
Q23235,A37
Q23236,A17
Q23237,A37
Q23238,A70
Q23239,A41
Q23240,A57
Q23241,A93
Q23242,A84
Q23243,A25
Q23244,A45
Q23245,A47
Q23246,A94
Q23247,A59
Q23248,A55
Q23249,A24
Q23250,A69
Q23251,A66
Q23252,A5
Q23253,A66
Q23254,A6
Q23255,A36
Q23256,A36
Q23257,A96
Q23258,A11
Q23259,A67
Q23260,A70
Q23261,A52
Q23262,A45
Q23263,A46
Q23264,A57
Q23265,A58
Q23266,A5
Q23267,A60
Q23268,A44
Q23269,A92
Q23270,A4
Q23271,A12
Q23272,A79
Q23273,A24
Q23274,A48
Q23275,A22
Q23276,A54
Q23277,A75
Q23278,A0
Q23279,A9
Q23280,A86
Q23281,A97
Q23282,A65
Q23283,A96
Q23284,A40
Q23285,A1
Q23286,A81
Q23287,A81
Q23288,A77
Q23289,A59
Q23290,A80
Q23291,A90
Q23292,A11
Q23293,A38
Q23294,A50
Q23295,A10
Q23296,A50
Q23297,A12
Q23298,A43
Q23299,A21
Q23300,A37
Q23301,A16
Q23302,A24
Q23303,A9
Q23304,A72
Q23305,A66
Q23306,A61
Q23307,A5
Q23308,A74
Q23309,A56
Q23310,A61
Q23311,A15
Q23312,A16
Q23313,A46
Q23314,A30
Q23315,A5
Q23316,A41
Q23317,A10
Q23318,A58
Q23319,A19
Q23320,A25
Q23321,A20
Q23322,A12
Q23323,A72
Q23324,A10
Q23325,A70
Q23326,A47
Q23327,A40
Q23328,A21
Q23329,A91
Q23330,A65
Q23331,A81
Q23332,A97
Q23333,A36
Q23334,A43
Q23335,A8
Q23336,A69
Q23337,A30
Q23338,A64
Q23339,A70
Q23340,A29
Q23341,A19
Q23342,A49
Q23343,A57
Q23344,A38
Q23345,A30
Q23346,A19
Q23347,A55
Q23348,A53
Q23349,A98
Q23350,A83
Q23351,A8
Q23352,A88
Q23353,A46
Q23354,A7
Q23355,A33
Q23356,A27
Q23357,A9
Q23358,A33
Q23359,A92
Q23360,A81
Q23361,A4
Q23362,A25
Q23363,A98
Q23364,A26
Q23365,A64
Q23366,A46
Q23367,A5
Q23368,A17
Q23369,A97
Q23370,A39
Q23371,A76
Q23372,A40
Q23373,A50
Q23374,A39
Q23375,A40
Q23376,A78
Q23377,A38
Q23378,A73
Q23379,A63
Q23380,A16
Q23381,A79
Q23382,A56
Q23383,A72
Q23384,A36
Q23385,A30
Q23386,A71
Q23387,A6
Q23388,A85
Q23389,A15
Q23390,A61
Q23391,A73
Q23392,A40
Q23393,A7
Q23394,A86
Q23395,A45
Q23396,A69
Q23397,A55
Q23398,A60
Q23399,A0
Q23400,A27
Q23401,A51
Q23402,A82
Q23403,A9
Q23404,A33
Q23405,A34
Q23406,A83
Q23407,A47
Q23408,A27
Q23409,A63
Q23410,A40
Q23411,A34
Q23412,A31
Q23413,A85
Q23414,A22
Q23415,A11
Q23416,A21
Q23417,A90
Q23418,A86
Q23419,A69
Q23420,A1
Q23421,A3
Q23422,A21
Q23423,A29
Q23424,A16
Q23425,A84
Q23426,A83
Q23427,A29
Q23428,A45
Q23429,A32
Q23430,A86
Q23431,A82
Q23432,A30
Q23433,A72
Q23434,A85
Q23435,A16
Q23436,A80
Q23437,A33
Q23438,A49
Q23439,A17
Q23440,A60
Q23441,A99
Q23442,A78
Q23443,A22
Q23444,A12
Q23445,A74
Q23446,A31
Q23447,A56
Q23448,A19
Q23449,A19
Q23450,A55
Q23451,A2
Q23452,A11
Q23453,A84
Q23454,A22
Q23455,A72
Q23456,A3
Q23457,A67
Q23458,A76
Q23459,A1
Q23460,A93
Q23461,A56
Q23462,A53
Q23463,A47
Q23464,A65
Q23465,A30
Q23466,A17
Q23467,A75
Q23468,A17
Q23469,A28
Q23470,A6
Q23471,A68
Q23472,A55
Q23473,A64
Q23474,A98
Q23475,A55
Q23476,A19
Q23477,A42
Q23478,A54
Q23479,A70
Q23480,A6
Q23481,A28
Q23482,A87
Q23483,A82
Q23484,A60
Q23485,A55
Q23486,A56
Q23487,A16
Q23488,A88
Q23489,A91
Q23490,A30
Q23491,A83
Q23492,A39
Q23493,A72
Q23494,A29
Q23495,A9
Q23496,A86
Q23497,A93
Q23498,A10
Q23499,A74
Q23500,A90
Q23501,A13
Q23502,A47
Q23503,A19
Q23504,A14
Q23505,A4
Q23506,A24
Q23507,A81
Q23508,A27
Q23509,A78
Q23510,A69
Q23511,A46
Q23512,A10
Q23513,A53
Q23514,A1
Q23515,A5
Q23516,A49
Q23517,A67
Q23518,A1
Q23519,A85
Q23520,A93
Q23521,A43
Q23522,A21
Q23523,A93
Q23524,A23
Q23525,A57
Q23526,A94
Q23527,A43
Q23528,A49
Q23529,A15
Q23530,A20
Q23531,A15
Q23532,A88
Q23533,A23
Q23534,A51
Q23535,A79
Q23536,A84
Q23537,A48
Q23538,A43
Q23539,A70
Q23540,A14
Q23541,A31
Q23542,A96
Q23543,A15
Q23544,A29
Q23545,A59
Q23546,A87
Q23547,A89
Q23548,A83
Q23549,A19
Q23550,A72
Q23551,A84
Q23552,A1
Q23553,A92
Q23554,A43
Q23555,A18
Q23556,A69
Q23557,A91
Q23558,A58
Q23559,A21
Q23560,A65
Q23561,A97
Q23562,A26
Q23563,A29
Q23564,A80
Q23565,A65
Q23566,A96
Q23567,A21
Q23568,A36
Q23569,A29
Q23570,A30
Q23571,A15
Q23572,A67
Q23573,A18
Q23574,A99
Q23575,A23
Q23576,A45
Q23577,A47
Q23578,A35
Q23579,A43
Q23580,A21
Q23581,A30
Q23582,A0
Q23583,A36
Q23584,A98
Q23585,A32
Q23586,A86
Q23587,A48
Q23588,A35
Q23589,A47
Q23590,A15
Q23591,A89
Q23592,A11
Q23593,A38
Q23594,A14
Q23595,A91
Q23596,A51
Q23597,A87
Q23598,A86
Q23599,A17
Q23600,A86
Q23601,A76
Q23602,A20
Q23603,A8
Q23604,A11
Q23605,A73
Q23606,A88
Q23607,A14
Q23608,A67
Q23609,A76
Q23610,A39
Q23611,A55
Q23612,A6
Q23613,A93
Q23614,A38
Q23615,A46
Q23616,A8
Q23617,A74
Q23618,A26
Q23619,A3
Q23620,A14
Q23621,A38
Q23622,A14
Q23623,A23
Q23624,A26
Q23625,A49
Q23626,A12
Q23627,A83
Q23628,A31
Q23629,A47
Q23630,A74
Q23631,A53
Q23632,A78
Q23633,A67
Q23634,A82
Q23635,A23
Q23636,A34
Q23637,A90
Q23638,A55
Q23639,A34
Q23640,A88
Q23641,A75
Q23642,A30
Q23643,A43
Q23644,A14
Q23645,A75
Q23646,A94
Q23647,A11
Q23648,A98
Q23649,A65
Q23650,A72
Q23651,A10
Q23652,A38
Q23653,A87
Q23654,A20
Q23655,A12
Q23656,A40
Q23657,A6
Q23658,A6
Q23659,A19
Q23660,A32
Q23661,A32
Q23662,A45
Q23663,A79
Q23664,A22
Q23665,A96
Q23666,A71
Q23667,A76
Q23668,A39
Q23669,A8
Q23670,A65
Q23671,A96
Q23672,A79
Q23673,A72
Q23674,A63
Q23675,A10
Q23676,A75
Q23677,A89
Q23678,A2
Q23679,A52
Q23680,A31
Q23681,A82
Q23682,A65
Q23683,A35
Q23684,A27
Q23685,A37
Q23686,A25
Q23687,A34
Q23688,A79
Q23689,A68
Q23690,A31
Q23691,A14
Q23692,A16
Q23693,A73
Q23694,A23
Q23695,A59
Q23696,A24
Q23697,A80
Q23698,A60
Q23699,A33
Q23700,A26
Q23701,A62
Q23702,A95
Q23703,A88
Q23704,A88
Q23705,A18
Q23706,A55
Q23707,A79
Q23708,A45
Q23709,A46
Q23710,A87
Q23711,A98
Q23712,A57
Q23713,A19
Q23714,A35
Q23715,A8
Q23716,A83
Q23717,A85
Q23718,A42
Q23719,A82
Q23720,A51
Q23721,A33
Q23722,A76
Q23723,A99
Q23724,A68
Q23725,A18
Q23726,A50
Q23727,A28
Q23728,A67
Q23729,A99
Q23730,A69
Q23731,A76
Q23732,A30
Q23733,A30
Q23734,A90
Q23735,A99
Q23736,A74
Q23737,A24
Q23738,A32
Q23739,A57
Q23740,A95
Q23741,A27
Q23742,A49
Q23743,A5
Q23744,A48
Q23745,A22
Q23746,A43
Q23747,A40
Q23748,A12
Q23749,A71
Q23750,A99
Q23751,A57
Q23752,A7
Q23753,A83
Q23754,A53
Q23755,A50
Q23756,A76
Q23757,A40
Q23758,A28
Q23759,A44
Q23760,A91
Q23761,A61
Q23762,A69
Q23763,A8
Q23764,A42
Q23765,A24
Q23766,A65
Q23767,A29
Q23768,A71
Q23769,A9
Q23770,A15
Q23771,A19
Q23772,A20
Q23773,A5
Q23774,A2
Q23775,A97
Q23776,A22
Q23777,A87
Q23778,A76
Q23779,A36
Q23780,A0
Q23781,A16
Q23782,A34
Q23783,A38
Q23784,A79
Q23785,A13
Q23786,A88
Q23787,A32
Q23788,A74
Q23789,A84
Q23790,A15
Q23791,A74
Q23792,A90
Q23793,A30
Q23794,A6
Q23795,A35
Q23796,A3
Q23797,A75
Q23798,A55
Q23799,A27
Q23800,A95
Q23801,A15
Q23802,A24
Q23803,A81
Q23804,A45
Q23805,A17
Q23806,A37
Q23807,A73
Q23808,A86
Q23809,A82
Q23810,A47
Q23811,A64
Q23812,A40
Q23813,A60
Q23814,A5
Q23815,A54
Q23816,A54
Q23817,A91
Q23818,A44
Q23819,A65
Q23820,A31
Q23821,A49
Q23822,A96
Q23823,A61
Q23824,A41
Q23825,A65
Q23826,A54
Q23827,A71
Q23828,A39
Q23829,A86
Q23830,A14
Q23831,A92
Q23832,A45
Q23833,A95
Q23834,A13
Q23835,A54
Q23836,A67
Q23837,A5
Q23838,A20
Q23839,A56
Q23840,A33
Q23841,A87
Q23842,A3
Q23843,A51
Q23844,A10
Q23845,A88
Q23846,A32
Q23847,A63
Q23848,A53
Q23849,A97
Q23850,A44
Q23851,A15
Q23852,A90
Q23853,A4
Q23854,A53
Q23855,A85
Q23856,A0
Q23857,A16
Q23858,A72
Q23859,A46
Q23860,A43
Q23861,A38
Q23862,A7
Q23863,A56
Q23864,A33
Q23865,A92
Q23866,A55
Q23867,A16
Q23868,A92
Q23869,A35
Q23870,A49
Q23871,A15
Q23872,A74
Q23873,A95
Q23874,A40
Q23875,A18
Q23876,A36
Q23877,A68
Q23878,A42
Q23879,A37
Q23880,A27
Q23881,A30
Q23882,A33
Q23883,A67
Q23884,A34
Q23885,A94
Q23886,A0
Q23887,A28
Q23888,A8
Q23889,A56
Q23890,A85
Q23891,A38
Q23892,A79
Q23893,A6
Q23894,A58
Q23895,A66
Q23896,A52
Q23897,A20
Q23898,A20
Q23899,A16
Q23900,A86
Q23901,A62
Q23902,A69
Q23903,A28
Q23904,A89
Q23905,A5
Q23906,A38
Q23907,A71
Q23908,A48
Q23909,A4
Q23910,A51
Q23911,A91
Q23912,A36
Q23913,A49
Q23914,A26
Q23915,A57
Q23916,A97
Q23917,A89
Q23918,A12
Q23919,A47
Q23920,A12
Q23921,A99
Q23922,A10
Q23923,A45
Q23924,A14
Q23925,A41
Q23926,A40
Q23927,A28
Q23928,A32
Q23929,A50
Q23930,A56
Q23931,A24
Q23932,A52
Q23933,A33
Q23934,A78
Q23935,A93
Q23936,A43
Q23937,A94
Q23938,A26
Q23939,A54
Q23940,A38
Q23941,A99
Q23942,A65
Q23943,A39
Q23944,A5
Q23945,A78
Q23946,A19
Q23947,A72
Q23948,A71
Q23949,A56
Q23950,A17
Q23951,A38
Q23952,A3
Q23953,A16
Q23954,A52
Q23955,A82
Q23956,A74
Q23957,A32
Q23958,A18
Q23959,A42
Q23960,A33
Q23961,A11
Q23962,A90
Q23963,A99
Q23964,A51
Q23965,A16
Q23966,A49
Q23967,A31
Q23968,A73
Q23969,A76
Q23970,A2
Q23971,A41
Q23972,A92
Q23973,A69
Q23974,A68
Q23975,A42
Q23976,A20
Q23977,A17
Q23978,A13
Q23979,A61
Q23980,A93
Q23981,A42
Q23982,A93
Q23983,A66
Q23984,A1
Q23985,A67
Q23986,A8
Q23987,A62
Q23988,A15
Q23989,A30
Q23990,A98
Q23991,A55
Q23992,A34
Q23993,A31
Q23994,A88
Q23995,A88
Q23996,A88
Q23997,A24
Q23998,A98
Q23999,A46
Q24000,A35
Q24001,A81
Q24002,A93
Q24003,A82
Q24004,A86
Q24005,A35
Q24006,A33
Q24007,A90
Q24008,A51
Q24009,A42
Q24010,A32
Q24011,A31
Q24012,A57
Q24013,A97
Q24014,A2
Q24015,A78
Q24016,A29
Q24017,A92
Q24018,A55
Q24019,A25
Q24020,A68
Q24021,A59
Q24022,A13
Q24023,A91
Q24024,A82
Q24025,A14
Q24026,A64
Q24027,A89
Q24028,A77
Q24029,A92
Q24030,A51
Q24031,A82
Q24032,A98
Q24033,A95
Q24034,A88
Q24035,A44
Q24036,A30
Q24037,A56
Q24038,A84
Q24039,A77
Q24040,A14
Q24041,A31
Q24042,A22
Q24043,A61
Q24044,A50
Q24045,A11
Q24046,A4
Q24047,A74
Q24048,A28
Q24049,A77
Q24050,A65
Q24051,A75
Q24052,A20
Q24053,A0
Q24054,A29
Q24055,A5
Q24056,A76
Q24057,A80
Q24058,A75
Q24059,A77
Q24060,A63
Q24061,A83
Q24062,A62
Q24063,A75
Q24064,A22
Q24065,A32
Q24066,A69
Q24067,A39
Q24068,A89
Q24069,A45
Q24070,A45
Q24071,A46
Q24072,A15
Q24073,A73
Q24074,A2
Q24075,A96
Q24076,A92
Q24077,A38
Q24078,A25
Q24079,A44
Q24080,A47
Q24081,A40
Q24082,A62
Q24083,A55
Q24084,A20
Q24085,A40
Q24086,A42
Q24087,A26
Q24088,A80
Q24089,A89
Q24090,A33
Q24091,A45
Q24092,A67
Q24093,A27
Q24094,A14
Q24095,A74
Q24096,A55
Q24097,A13
Q24098,A79
Q24099,A21
Q24100,A84
Q24101,A35
Q24102,A6
Q24103,A48
Q24104,A30
Q24105,A97
Q24106,A6
Q24107,A24
Q24108,A56
Q24109,A60
Q24110,A90
Q24111,A80
Q24112,A63
Q24113,A12
Q24114,A86
Q24115,A15
Q24116,A73
Q24117,A44
Q24118,A92
Q24119,A9
Q24120,A38
Q24121,A71
Q24122,A29
Q24123,A61
Q24124,A48
Q24125,A57
Q24126,A80
Q24127,A24
Q24128,A31
Q24129,A24
Q24130,A48
Q24131,A41
Q24132,A16
Q24133,A41
Q24134,A0
Q24135,A81
Q24136,A38
Q24137,A45
Q24138,A56
Q24139,A61
Q24140,A26
Q24141,A25
Q24142,A35
Q24143,A26
Q24144,A12
Q24145,A83
Q24146,A5
Q24147,A22
Q24148,A67
Q24149,A2
Q24150,A68
Q24151,A16
Q24152,A36
Q24153,A68
Q24154,A4
Q24155,A70
Q24156,A61
Q24157,A31
Q24158,A25
Q24159,A45
Q24160,A83
Q24161,A24
Q24162,A32
Q24163,A29
Q24164,A46
Q24165,A22
Q24166,A68
Q24167,A97
Q24168,A29
Q24169,A60
Q24170,A48
Q24171,A60
Q24172,A63
Q24173,A33
Q24174,A28
Q24175,A83
Q24176,A22
Q24177,A24
Q24178,A82
Q24179,A47
Q24180,A57
Q24181,A19
Q24182,A48
Q24183,A52
Q24184,A57
Q24185,A9
Q24186,A55
Q24187,A69
Q24188,A55
Q24189,A30
Q24190,A47
Q24191,A1
Q24192,A87
Q24193,A99
Q24194,A84
Q24195,A80
Q24196,A65
Q24197,A32
Q24198,A91
Q24199,A16
Q24200,A76
Q24201,A61
Q24202,A13
Q24203,A74
Q24204,A22
Q24205,A39
Q24206,A53
Q24207,A3
Q24208,A11
Q24209,A94
Q24210,A69
Q24211,A46
Q24212,A28
Q24213,A55
Q24214,A29
Q24215,A76
Q24216,A23
Q24217,A64
Q24218,A32
Q24219,A37
Q24220,A35
Q24221,A28
Q24222,A68
Q24223,A72
Q24224,A34
Q24225,A54
Q24226,A54
Q24227,A11
Q24228,A4
Q24229,A36
Q24230,A55
Q24231,A11
Q24232,A24
Q24233,A78
Q24234,A66
Q24235,A32
Q24236,A59
Q24237,A75
Q24238,A47
Q24239,A75
Q24240,A79
Q24241,A67
Q24242,A62
Q24243,A9
Q24244,A25
Q24245,A6
Q24246,A48
Q24247,A14
Q24248,A44
Q24249,A96
Q24250,A12
Q24251,A64
Q24252,A18
Q24253,A6
Q24254,A57
Q24255,A59
Q24256,A62
Q24257,A30
Q24258,A35
Q24259,A28
Q24260,A79
Q24261,A59
Q24262,A22
Q24263,A69
Q24264,A3
Q24265,A40
Q24266,A88
Q24267,A98
Q24268,A58
Q24269,A92
Q24270,A54
Q24271,A18
Q24272,A75
Q24273,A3
Q24274,A15
Q24275,A81
Q24276,A94
Q24277,A15
Q24278,A32
Q24279,A76
Q24280,A47
Q24281,A45
Q24282,A10
Q24283,A19
Q24284,A48
Q24285,A33
Q24286,A75
Q24287,A57
Q24288,A79
Q24289,A15
Q24290,A9
Q24291,A83
Q24292,A12
Q24293,A4
Q24294,A89
Q24295,A21
Q24296,A10
Q24297,A91
Q24298,A30
Q24299,A88
Q24300,A55
Q24301,A83
Q24302,A10
Q24303,A31
Q24304,A64
Q24305,A62
Q24306,A1
Q24307,A46
Q24308,A59
Q24309,A25
Q24310,A60
Q24311,A22
Q24312,A12
Q24313,A13
Q24314,A75
Q24315,A47
Q24316,A63
Q24317,A51
Q24318,A62
Q24319,A72
Q24320,A68
Q24321,A38
Q24322,A44
Q24323,A24
Q24324,A76
Q24325,A29
Q24326,A20
Q24327,A91
Q24328,A18
Q24329,A78
Q24330,A77
Q24331,A93
Q24332,A38
Q24333,A35
Q24334,A13
Q24335,A35
Q24336,A67
Q24337,A71
Q24338,A68
Q24339,A93
Q24340,A88
Q24341,A89
Q24342,A62
Q24343,A48
Q24344,A85
Q24345,A76
Q24346,A35
Q24347,A15
Q24348,A21
Q24349,A31
Q24350,A19
Q24351,A79
Q24352,A22
Q24353,A13
Q24354,A96
Q24355,A12
Q24356,A67
Q24357,A38
Q24358,A4
Q24359,A32
Q24360,A46
Q24361,A11
Q24362,A38
Q24363,A40
Q24364,A68
Q24365,A68
Q24366,A24
Q24367,A86
Q24368,A52
Q24369,A39
Q24370,A57
Q24371,A73
Q24372,A74
Q24373,A79
Q24374,A99
Q24375,A88
Q24376,A34
Q24377,A83
Q24378,A40
Q24379,A30
Q24380,A75
Q24381,A53
Q24382,A0
Q24383,A63
Q24384,A90
Q24385,A51
Q24386,A72
Q24387,A82
Q24388,A12
Q24389,A70
Q24390,A43
Q24391,A73
Q24392,A5
Q24393,A82
Q24394,A73
Q24395,A70
Q24396,A61
Q24397,A98
Q24398,A32
Q24399,A36
Q24400,A66
Q24401,A55
Q24402,A94
Q24403,A15
Q24404,A64
Q24405,A83
Q24406,A55
Q24407,A45
Q24408,A93
Q24409,A71
Q24410,A1
Q24411,A8
Q24412,A58
Q24413,A52
Q24414,A3
Q24415,A22
Q24416,A82
Q24417,A38
Q24418,A80
Q24419,A9
Q24420,A32
Q24421,A36
Q24422,A47
Q24423,A26
Q24424,A47
Q24425,A40
Q24426,A90
Q24427,A39
Q24428,A3
Q24429,A46
Q24430,A35
Q24431,A36
Q24432,A5
Q24433,A72
Q24434,A28
Q24435,A43
Q24436,A12
Q24437,A72
Q24438,A58
Q24439,A19
Q24440,A29
Q24441,A14
Q24442,A39
Q24443,A44
Q24444,A81
Q24445,A42
Q24446,A55
Q24447,A12
Q24448,A22
Q24449,A40
Q24450,A93
Q24451,A12
Q24452,A98
Q24453,A61
Q24454,A32
Q24455,A94
Q24456,A43
Q24457,A6
Q24458,A0
Q24459,A34
Q24460,A14
Q24461,A48
Q24462,A52
Q24463,A95
Q24464,A9
Q24465,A37
Q24466,A89
Q24467,A8
Q24468,A72
Q24469,A44
Q24470,A24
Q24471,A38
Q24472,A18
Q24473,A52
Q24474,A31
Q24475,A93
Q24476,A92
Q24477,A19
Q24478,A3
Q24479,A75
Q24480,A76
Q24481,A81
Q24482,A26
Q24483,A42
Q24484,A49
Q24485,A29
Q24486,A3
Q24487,A54
Q24488,A44
Q24489,A71
Q24490,A95
Q24491,A51
Q24492,A61
Q24493,A79
Q24494,A92
Q24495,A50
Q24496,A64
Q24497,A26
Q24498,A67
Q24499,A34
Q24500,A62
Q24501,A8
Q24502,A64
Q24503,A59
Q24504,A9
Q24505,A48
Q24506,A25
Q24507,A14
Q24508,A13
Q24509,A55
Q24510,A32
Q24511,A2
Q24512,A1
Q24513,A87
Q24514,A63
Q24515,A43
Q24516,A88
Q24517,A66
Q24518,A98
Q24519,A24
Q24520,A73
Q24521,A6
Q24522,A45
Q24523,A60
Q24524,A68
Q24525,A13
Q24526,A16
Q24527,A41
Q24528,A69
Q24529,A78
Q24530,A10
Q24531,A76
Q24532,A81
Q24533,A20
Q24534,A13
Q24535,A56
Q24536,A72
Q24537,A17
Q24538,A86
Q24539,A93
Q24540,A20
Q24541,A31
Q24542,A37
Q24543,A63
Q24544,A6
Q24545,A4
Q24546,A30
Q24547,A79
Q24548,A74
Q24549,A78
Q24550,A64
Q24551,A6
Q24552,A95
Q24553,A75
Q24554,A71
Q24555,A41
Q24556,A43
Q24557,A35
Q24558,A36
Q24559,A34
Q24560,A25
Q24561,A99
Q24562,A56
Q24563,A10
Q24564,A87
Q24565,A89
Q24566,A31
Q24567,A25
Q24568,A3
Q24569,A13
Q24570,A8
Q24571,A34
Q24572,A71
Q24573,A95
Q24574,A74
Q24575,A1
Q24576,A93
Q24577,A43
Q24578,A2
Q24579,A45
Q24580,A90
Q24581,A77
Q24582,A7
Q24583,A60
Q24584,A62
Q24585,A13
Q24586,A95
Q24587,A98
Q24588,A49
Q24589,A32
Q24590,A22
Q24591,A52
Q24592,A76
Q24593,A96
Q24594,A27
Q24595,A32
Q24596,A83
Q24597,A65
Q24598,A42
Q24599,A56
Q24600,A34
Q24601,A18
Q24602,A18
Q24603,A54
Q24604,A55
Q24605,A49
Q24606,A90
Q24607,A37
Q24608,A95
Q24609,A90
Q24610,A24
Q24611,A58
Q24612,A66
Q24613,A11
Q24614,A10
Q24615,A41
Q24616,A74
Q24617,A87
Q24618,A69
Q24619,A4
Q24620,A6
Q24621,A13
Q24622,A63
Q24623,A57
Q24624,A71
Q24625,A23
Q24626,A29
Q24627,A59
Q24628,A23
Q24629,A56
Q24630,A49
Q24631,A7
Q24632,A27
Q24633,A82
Q24634,A24
Q24635,A4
Q24636,A57
Q24637,A61
Q24638,A72
Q24639,A10
Q24640,A81
Q24641,A39
Q24642,A23
Q24643,A45
Q24644,A71
Q24645,A40
Q24646,A47
Q24647,A24
Q24648,A2
Q24649,A13
Q24650,A18
Q24651,A43
Q24652,A46
Q24653,A37
Q24654,A33
Q24655,A8
Q24656,A3
Q24657,A21
Q24658,A59
Q24659,A45
Q24660,A78
Q24661,A13
Q24662,A73
Q24663,A47
Q24664,A78
Q24665,A73
Q24666,A29
Q24667,A83
Q24668,A24
Q24669,A81
Q24670,A55
Q24671,A78
Q24672,A14
Q24673,A40
Q24674,A15
Q24675,A32
Q24676,A69
Q24677,A25
Q24678,A30
Q24679,A2
Q24680,A28
Q24681,A96
Q24682,A50
Q24683,A77
Q24684,A80
Q24685,A62
Q24686,A72
Q24687,A31
Q24688,A43
Q24689,A94
Q24690,A31
Q24691,A75
Q24692,A99
Q24693,A53
Q24694,A76
Q24695,A46
Q24696,A23
Q24697,A97
Q24698,A80
Q24699,A45
Q24700,A35
Q24701,A31
Q24702,A11
Q24703,A71
Q24704,A75
Q24705,A37
Q24706,A35
Q24707,A42
Q24708,A40
Q24709,A44
Q24710,A35
Q24711,A87
Q24712,A51
Q24713,A83
Q24714,A82
Q24715,A82
Q24716,A53
Q24717,A0
Q24718,A31
Q24719,A17
Q24720,A67
Q24721,A16
Q24722,A68
Q24723,A8
Q24724,A43
Q24725,A16
Q24726,A13
Q24727,A68
Q24728,A42
Q24729,A71
Q24730,A54
Q24731,A90
Q24732,A25
Q24733,A2
Q24734,A73
Q24735,A87
Q24736,A91
Q24737,A62
Q24738,A73
Q24739,A58
Q24740,A24
Q24741,A55
Q24742,A92
Q24743,A81
Q24744,A16
Q24745,A26
Q24746,A44
Q24747,A20
Q24748,A98
Q24749,A77
Q24750,A22
Q24751,A36
Q24752,A40
Q24753,A30
Q24754,A73
Q24755,A7
Q24756,A81
Q24757,A41
Q24758,A76
Q24759,A2
Q24760,A86
Q24761,A16
Q24762,A93
Q24763,A63
Q24764,A87
Q24765,A50
Q24766,A72
Q24767,A36
Q24768,A39
Q24769,A94
Q24770,A38
Q24771,A52
Q24772,A79
Q24773,A29
Q24774,A87
Q24775,A65
Q24776,A88
Q24777,A51
Q24778,A49
Q24779,A42
Q24780,A55
Q24781,A78
Q24782,A43
Q24783,A93
Q24784,A72
Q24785,A49
Q24786,A5
Q24787,A33
Q24788,A92
Q24789,A61
Q24790,A23
Q24791,A85
Q24792,A49
Q24793,A10
Q24794,A55
Q24795,A18
Q24796,A92
Q24797,A96
Q24798,A60
Q24799,A89
Q24800,A80
Q24801,A81
Q24802,A70
Q24803,A40
Q24804,A48
Q24805,A11
Q24806,A54
Q24807,A11
Q24808,A50
Q24809,A4
Q24810,A87
Q24811,A30
Q24812,A41
Q24813,A48
Q24814,A72
Q24815,A11
Q24816,A19
Q24817,A24
Q24818,A94
Q24819,A87
Q24820,A16
Q24821,A17
Q24822,A41
Q24823,A84
Q24824,A35
Q24825,A18
Q24826,A21
Q24827,A95
Q24828,A31
Q24829,A20
Q24830,A98
Q24831,A86
Q24832,A6
Q24833,A6
Q24834,A97
Q24835,A26
Q24836,A45
Q24837,A32
Q24838,A90
Q24839,A18
Q24840,A11
Q24841,A27
Q24842,A35
Q24843,A78
Q24844,A64
Q24845,A57
Q24846,A17
Q24847,A65
Q24848,A95
Q24849,A87
Q24850,A89
Q24851,A92
Q24852,A82
Q24853,A11
Q24854,A34
Q24855,A67
Q24856,A3
Q24857,A36
Q24858,A1
Q24859,A85
Q24860,A12
Q24861,A42
Q24862,A60
Q24863,A99
Q24864,A20
Q24865,A66
Q24866,A97
Q24867,A84
Q24868,A46
Q24869,A7
Q24870,A84
Q24871,A41
Q24872,A31
Q24873,A69
Q24874,A92
Q24875,A86
Q24876,A28
Q24877,A7
Q24878,A95
Q24879,A50
Q24880,A73
Q24881,A26
Q24882,A69
Q24883,A11
Q24884,A34
Q24885,A62
Q24886,A36
Q24887,A26
Q24888,A50
Q24889,A0
Q24890,A96
Q24891,A53
Q24892,A66
Q24893,A40
Q24894,A92
Q24895,A5
Q24896,A12
Q24897,A23
Q24898,A23
Q24899,A50
Q24900,A23
Q24901,A82
Q24902,A21
Q24903,A60
Q24904,A88
Q24905,A91
Q24906,A86
Q24907,A13
Q24908,A75
Q24909,A71
Q24910,A66
Q24911,A5
Q24912,A56
Q24913,A35
Q24914,A24
Q24915,A68
Q24916,A1
Q24917,A80
Q24918,A2
Q24919,A82
Q24920,A10
Q24921,A82
Q24922,A1
Q24923,A4
Q24924,A74
Q24925,A36
Q24926,A43
Q24927,A32
Q24928,A85
Q24929,A34
Q24930,A74
Q24931,A87
Q24932,A23
Q24933,A89
Q24934,A7
Q24935,A86
Q24936,A98
Q24937,A23
Q24938,A32
Q24939,A45
Q24940,A28
Q24941,A36
Q24942,A91
Q24943,A28
Q24944,A45
Q24945,A61
Q24946,A72
Q24947,A32
Q24948,A1
Q24949,A24
Q24950,A85
Q24951,A81
Q24952,A98
Q24953,A47
Q24954,A44
Q24955,A65
Q24956,A75
Q24957,A84
Q24958,A87
Q24959,A60
Q24960,A36
Q24961,A29
Q24962,A57
Q24963,A71
Q24964,A32
Q24965,A81
Q24966,A21
Q24967,A24
Q24968,A80
Q24969,A57
Q24970,A22
Q24971,A10
Q24972,A75
Q24973,A96
Q24974,A95
Q24975,A93
Q24976,A3
Q24977,A61
Q24978,A7
Q24979,A78
Q24980,A0
Q24981,A58
Q24982,A25
Q24983,A64
Q24984,A26
Q24985,A75
Q24986,A28
Q24987,A96
Q24988,A17
Q24989,A9
Q24990,A96
Q24991,A62
Q24992,A30
Q24993,A47
Q24994,A70
Q24995,A55
Q24996,A25
Q24997,A65
Q24998,A29
Q24999,A71
Q25000,A3
Q25001,A32
Q25002,A72
Q25003,A46
Q25004,A79
Q25005,A51
Q25006,A92
Q25007,A71
Q25008,A95
Q25009,A75
Q25010,A17
Q25011,A67
Q25012,A59
Q25013,A38
Q25014,A2
Q25015,A20
Q25016,A54
Q25017,A61
Q25018,A98
Q25019,A64
Q25020,A5
Q25021,A72
Q25022,A77
Q25023,A24
Q25024,A47
Q25025,A35
Q25026,A61
Q25027,A6
Q25028,A31
Q25029,A72
Q25030,A62
Q25031,A97
Q25032,A38
Q25033,A48
Q25034,A3
Q25035,A8
Q25036,A40
Q25037,A25
Q25038,A96
Q25039,A73
Q25040,A75
Q25041,A37
Q25042,A5
Q25043,A15
Q25044,A44
Q25045,A55
Q25046,A65
Q25047,A26
Q25048,A50
Q25049,A27
Q25050,A44
Q25051,A40
Q25052,A76
Q25053,A0
Q25054,A76
Q25055,A5
Q25056,A51
Q25057,A13
Q25058,A96
Q25059,A56
Q25060,A51
Q25061,A2
Q25062,A34
Q25063,A13
Q25064,A33
Q25065,A35
Q25066,A5
Q25067,A32
Q25068,A49
Q25069,A19
Q25070,A46
Q25071,A76
Q25072,A54
Q25073,A23
Q25074,A58
Q25075,A99
Q25076,A99
Q25077,A65
Q25078,A44
Q25079,A99
Q25080,A99
Q25081,A71
Q25082,A85
Q25083,A90
Q25084,A0
Q25085,A94
Q25086,A60
Q25087,A17
Q25088,A6
Q25089,A45
Q25090,A4
Q25091,A73
Q25092,A88
Q25093,A93
Q25094,A23
Q25095,A46
Q25096,A41
Q25097,A88
Q25098,A66
Q25099,A4
Q25100,A30
Q25101,A33
Q25102,A92
Q25103,A51
Q25104,A56
Q25105,A80
Q25106,A65
Q25107,A63
Q25108,A69
Q25109,A93
Q25110,A34
Q25111,A10
Q25112,A59
Q25113,A52
Q25114,A44
Q25115,A86
Q25116,A34
Q25117,A69
Q25118,A16
Q25119,A24
Q25120,A43
Q25121,A92
Q25122,A40
Q25123,A58
Q25124,A21
Q25125,A28
Q25126,A39
Q25127,A49
Q25128,A88
Q25129,A2
Q25130,A66
Q25131,A11
Q25132,A83
Q25133,A18
Q25134,A4
Q25135,A16
Q25136,A20
Q25137,A16
Q25138,A67
Q25139,A82
Q25140,A71
Q25141,A31
Q25142,A59
Q25143,A89
Q25144,A55
Q25145,A67
Q25146,A77
Q25147,A24
Q25148,A12
Q25149,A17
Q25150,A73
Q25151,A88
Q25152,A36
Q25153,A25
Q25154,A61
Q25155,A85
Q25156,A58
Q25157,A26
Q25158,A63
Q25159,A42
Q25160,A32
Q25161,A87
Q25162,A85
Q25163,A91
Q25164,A76
Q25165,A36
Q25166,A38
Q25167,A53
Q25168,A81
Q25169,A74
Q25170,A17
Q25171,A92
Q25172,A79
Q25173,A19
Q25174,A6
Q25175,A76
Q25176,A84
Q25177,A39
Q25178,A22
Q25179,A3
Q25180,A5
Q25181,A13
Q25182,A18
Q25183,A96
Q25184,A9
Q25185,A20
Q25186,A22
Q25187,A61
Q25188,A69
Q25189,A68
Q25190,A77
Q25191,A71
Q25192,A9
Q25193,A74
Q25194,A27
Q25195,A88
Q25196,A23
Q25197,A57
Q25198,A20
Q25199,A25
Q25200,A95
Q25201,A99
Q25202,A69
Q25203,A41
Q25204,A84
Q25205,A21
Q25206,A77
Q25207,A2
Q25208,A0
Q25209,A36
Q25210,A6
Q25211,A25
Q25212,A62
Q25213,A60
Q25214,A65
Q25215,A76
Q25216,A92
Q25217,A11
Q25218,A1
Q25219,A97
Q25220,A2
Q25221,A34
Q25222,A2
Q25223,A73
Q25224,A3
Q25225,A86
Q25226,A92
Q25227,A30
Q25228,A46
Q25229,A26
Q25230,A48
Q25231,A7
Q25232,A95
Q25233,A43
Q25234,A51
Q25235,A29
Q25236,A66
Q25237,A60
Q25238,A69
Q25239,A61
Q25240,A96
Q25241,A41
Q25242,A42
Q25243,A41
Q25244,A75
Q25245,A33
Q25246,A6
Q25247,A37
Q25248,A53
Q25249,A73
Q25250,A5
Q25251,A34
Q25252,A39
Q25253,A3
Q25254,A13
Q25255,A65
Q25256,A24
Q25257,A6
Q25258,A86
Q25259,A3
Q25260,A46
Q25261,A65
Q25262,A47
Q25263,A80
Q25264,A52
Q25265,A82
Q25266,A77
Q25267,A5
Q25268,A88
Q25269,A46
Q25270,A27
Q25271,A68
Q25272,A78
Q25273,A94
Q25274,A61
Q25275,A59
Q25276,A21
Q25277,A16
Q25278,A67
Q25279,A21
Q25280,A64
Q25281,A27
Q25282,A45
Q25283,A81
Q25284,A39
Q25285,A99
Q25286,A70
Q25287,A86
Q25288,A87
Q25289,A42
Q25290,A71
Q25291,A62
Q25292,A93
Q25293,A98
Q25294,A54
Q25295,A77
Q25296,A66
Q25297,A96
Q25298,A69
Q25299,A90
Q25300,A22
Q25301,A89
Q25302,A60
Q25303,A15
Q25304,A22
Q25305,A29
Q25306,A24
Q25307,A27
Q25308,A81
Q25309,A21
Q25310,A86
Q25311,A99
Q25312,A75
Q25313,A47
Q25314,A62
Q25315,A32
Q25316,A45
Q25317,A78
Q25318,A49
Q25319,A48
Q25320,A48
Q25321,A67
Q25322,A44
Q25323,A17
Q25324,A76
Q25325,A75
Q25326,A8
Q25327,A17
Q25328,A3
Q25329,A27
Q25330,A52
Q25331,A66
Q25332,A97
Q25333,A29
Q25334,A73
Q25335,A17
Q25336,A74
Q25337,A96
Q25338,A6
Q25339,A29
Q25340,A9
Q25341,A45
Q25342,A0
Q25343,A54
Q25344,A15
Q25345,A32
Q25346,A48
Q25347,A43
Q25348,A73
Q25349,A48
Q25350,A48
Q25351,A37
Q25352,A44
Q25353,A33
Q25354,A51
Q25355,A43
Q25356,A67
Q25357,A27
Q25358,A77
Q25359,A72
Q25360,A69
Q25361,A47
Q25362,A64
Q25363,A34
Q25364,A70
Q25365,A65
Q25366,A66
Q25367,A1
Q25368,A15
Q25369,A32
Q25370,A83
Q25371,A48
Q25372,A75
Q25373,A11
Q25374,A58
Q25375,A1
Q25376,A60
Q25377,A50
Q25378,A41
Q25379,A22
Q25380,A47
Q25381,A96
Q25382,A13
Q25383,A43
Q25384,A81
Q25385,A3
Q25386,A39
Q25387,A65
Q25388,A42
Q25389,A92
Q25390,A35
Q25391,A76
Q25392,A12
Q25393,A23
Q25394,A76
Q25395,A18
Q25396,A72
Q25397,A21
Q25398,A51
Q25399,A4
Q25400,A35
Q25401,A43
Q25402,A2
Q25403,A88
Q25404,A9
Q25405,A35
Q25406,A66
Q25407,A74
Q25408,A75
Q25409,A14
Q25410,A99
Q25411,A75
Q25412,A5
Q25413,A4
Q25414,A6
Q25415,A94
Q25416,A83
Q25417,A62
Q25418,A50
Q25419,A53
Q25420,A9
Q25421,A47
Q25422,A80
Q25423,A42
Q25424,A60
Q25425,A79
Q25426,A10
Q25427,A0
Q25428,A37
Q25429,A57
Q25430,A89
Q25431,A33
Q25432,A84
Q25433,A74
Q25434,A60
Q25435,A74
Q25436,A86
Q25437,A77
Q25438,A40
Q25439,A52
Q25440,A64
Q25441,A25
Q25442,A95
Q25443,A26
Q25444,A29
Q25445,A55
Q25446,A85
Q25447,A40
Q25448,A94
Q25449,A98
Q25450,A62
Q25451,A71
Q25452,A93
Q25453,A88
Q25454,A92
Q25455,A38
Q25456,A53
Q25457,A22
Q25458,A78
Q25459,A12
Q25460,A92
Q25461,A54
Q25462,A89
Q25463,A67
Q25464,A55
Q25465,A43
Q25466,A15
Q25467,A39
Q25468,A23
Q25469,A60
Q25470,A93
Q25471,A9
Q25472,A95
Q25473,A6
Q25474,A64
Q25475,A38
Q25476,A48
Q25477,A36
Q25478,A83
Q25479,A37
Q25480,A92
Q25481,A41
Q25482,A62
Q25483,A47
Q25484,A68
Q25485,A75
Q25486,A11
Q25487,A44
Q25488,A5
Q25489,A78
Q25490,A90
Q25491,A37
Q25492,A40
Q25493,A14
Q25494,A75
Q25495,A84
Q25496,A2
Q25497,A23
Q25498,A12
Q25499,A6
Q25500,A81
Q25501,A10
Q25502,A84
Q25503,A75
Q25504,A20
Q25505,A90
Q25506,A55
Q25507,A20
Q25508,A38
Q25509,A8
Q25510,A34
Q25511,A20
Q25512,A85
Q25513,A20
Q25514,A4
Q25515,A53
Q25516,A10
Q25517,A74
Q25518,A53
Q25519,A56
Q25520,A74
Q25521,A43
Q25522,A78
Q25523,A93
Q25524,A60
Q25525,A70
Q25526,A55
Q25527,A12
Q25528,A60
Q25529,A92
Q25530,A37
Q25531,A18
Q25532,A58
Q25533,A64
Q25534,A54
Q25535,A97
Q25536,A52
Q25537,A39
Q25538,A25
Q25539,A7
Q25540,A68
Q25541,A16
Q25542,A23
Q25543,A6
Q25544,A69
Q25545,A60
Q25546,A25
Q25547,A26
Q25548,A14
Q25549,A26
Q25550,A81
Q25551,A47
Q25552,A3
Q25553,A59
Q25554,A54
Q25555,A10
Q25556,A93
Q25557,A82
Q25558,A98
Q25559,A37
Q25560,A55
Q25561,A21
Q25562,A42
Q25563,A33
Q25564,A25
Q25565,A35
Q25566,A59
Q25567,A11
Q25568,A8
Q25569,A25
Q25570,A9
Q25571,A60
Q25572,A94
Q25573,A33
Q25574,A44
Q25575,A37
Q25576,A47
Q25577,A51
Q25578,A52
Q25579,A29
Q25580,A74
Q25581,A89
Q25582,A50
Q25583,A7
Q25584,A48
Q25585,A30
Q25586,A32
Q25587,A95
Q25588,A19
Q25589,A70
Q25590,A27
Q25591,A18
Q25592,A31
Q25593,A14
Q25594,A58
Q25595,A80
Q25596,A20
Q25597,A47
Q25598,A52
Q25599,A45
Q25600,A71
Q25601,A36
Q25602,A97
Q25603,A24
Q25604,A33
Q25605,A35
Q25606,A63
Q25607,A46
Q25608,A75
Q25609,A62
Q25610,A40
Q25611,A47
Q25612,A17
Q25613,A14
Q25614,A5
Q25615,A82
Q25616,A88
Q25617,A95
Q25618,A80
Q25619,A72
Q25620,A27
Q25621,A49
Q25622,A50
Q25623,A85
Q25624,A53
Q25625,A14
Q25626,A53
Q25627,A19
Q25628,A87
Q25629,A59
Q25630,A98
Q25631,A85
Q25632,A16
Q25633,A49
Q25634,A6
Q25635,A99
Q25636,A87
Q25637,A87
Q25638,A38
Q25639,A10
Q25640,A8
Q25641,A69
Q25642,A93
Q25643,A14
Q25644,A92
Q25645,A48
Q25646,A78
Q25647,A73
Q25648,A60
Q25649,A50
Q25650,A88
Q25651,A53
Q25652,A45
Q25653,A25
Q25654,A59
Q25655,A65
Q25656,A49
Q25657,A42
Q25658,A32
Q25659,A88
Q25660,A62
Q25661,A86
Q25662,A27
Q25663,A83
Q25664,A69
Q25665,A92
Q25666,A80
Q25667,A94
Q25668,A99
Q25669,A96
Q25670,A21
Q25671,A69
Q25672,A94
Q25673,A11
Q25674,A51
Q25675,A96
Q25676,A74
Q25677,A68
Q25678,A95
Q25679,A62
Q25680,A95
Q25681,A7
Q25682,A31
Q25683,A14
Q25684,A32
Q25685,A98
Q25686,A23
Q25687,A17
Q25688,A89
Q25689,A73
Q25690,A7
Q25691,A1
Q25692,A50
Q25693,A22
Q25694,A77
Q25695,A92
Q25696,A71
Q25697,A69
Q25698,A77
Q25699,A27
Q25700,A41
Q25701,A51
Q25702,A11
Q25703,A95
Q25704,A39
Q25705,A0
Q25706,A17
Q25707,A31
Q25708,A85
Q25709,A64
Q25710,A57
Q25711,A88
Q25712,A71
Q25713,A46
Q25714,A18
Q25715,A69
Q25716,A26
Q25717,A38
Q25718,A79
Q25719,A94
Q25720,A55
Q25721,A99
Q25722,A32
Q25723,A57
Q25724,A82
Q25725,A9
Q25726,A17
Q25727,A71
Q25728,A77
Q25729,A77
Q25730,A21
Q25731,A32
Q25732,A81
Q25733,A46
Q25734,A48
Q25735,A58
Q25736,A60
Q25737,A49
Q25738,A90
Q25739,A24
Q25740,A91
Q25741,A60
Q25742,A54
Q25743,A12
Q25744,A61
Q25745,A35
Q25746,A43
Q25747,A27
Q25748,A88
Q25749,A80
Q25750,A97
Q25751,A58
Q25752,A5
Q25753,A64
Q25754,A5
Q25755,A63
Q25756,A11
Q25757,A91
Q25758,A80
Q25759,A44
Q25760,A90
Q25761,A44
Q25762,A52
Q25763,A3
Q25764,A42
Q25765,A77
Q25766,A60
Q25767,A16
Q25768,A0
Q25769,A38
Q25770,A32
Q25771,A82
Q25772,A36
Q25773,A84
Q25774,A59
Q25775,A36
Q25776,A76
Q25777,A28
Q25778,A29
Q25779,A66
Q25780,A56
Q25781,A93
Q25782,A63
Q25783,A5
Q25784,A21
Q25785,A7
Q25786,A96
Q25787,A92
Q25788,A72
Q25789,A89
Q25790,A24
Q25791,A17
Q25792,A76
Q25793,A61
Q25794,A33
Q25795,A26
Q25796,A88
Q25797,A73
Q25798,A50
Q25799,A15
Q25800,A62
Q25801,A37
Q25802,A60
Q25803,A14
Q25804,A57
Q25805,A44
Q25806,A7
Q25807,A41
Q25808,A96
Q25809,A90
Q25810,A94
Q25811,A32
Q25812,A90
Q25813,A7
Q25814,A31
Q25815,A50
Q25816,A32
Q25817,A82
Q25818,A44
Q25819,A13
Q25820,A71
Q25821,A97
Q25822,A49
Q25823,A27
Q25824,A92
Q25825,A90
Q25826,A56
Q25827,A19
Q25828,A91
Q25829,A51
Q25830,A11
Q25831,A92
Q25832,A79
Q25833,A67
Q25834,A27
Q25835,A85
Q25836,A71
Q25837,A90
Q25838,A19
Q25839,A20
Q25840,A88
Q25841,A58
Q25842,A75
Q25843,A65
Q25844,A67
Q25845,A10
Q25846,A13
Q25847,A36
Q25848,A98
Q25849,A28
Q25850,A80
Q25851,A95
Q25852,A38
Q25853,A2
Q25854,A35
Q25855,A64
Q25856,A51
Q25857,A81
Q25858,A74
Q25859,A91
Q25860,A43
Q25861,A2
Q25862,A98
Q25863,A48
Q25864,A78
Q25865,A33
Q25866,A48
Q25867,A84
Q25868,A70
Q25869,A32
Q25870,A16
Q25871,A48
Q25872,A55
Q25873,A52
Q25874,A6
Q25875,A79
Q25876,A74
Q25877,A45
Q25878,A80
Q25879,A90
Q25880,A74
Q25881,A69
Q25882,A66
Q25883,A94
Q25884,A91
Q25885,A93
Q25886,A96
Q25887,A39
Q25888,A51
Q25889,A41
Q25890,A20
Q25891,A59
Q25892,A66
Q25893,A57
Q25894,A81
Q25895,A84
Q25896,A54
Q25897,A52
Q25898,A0
Q25899,A68
Q25900,A74
Q25901,A72
Q25902,A0
Q25903,A78
Q25904,A68
Q25905,A38
Q25906,A49
Q25907,A52
Q25908,A75
Q25909,A81
Q25910,A95
Q25911,A41
Q25912,A41
Q25913,A85
Q25914,A54
Q25915,A37
Q25916,A63
Q25917,A44
Q25918,A89
Q25919,A47
Q25920,A37
Q25921,A12
Q25922,A82
Q25923,A52
Q25924,A70
Q25925,A19
Q25926,A56
Q25927,A29
Q25928,A85
Q25929,A30
Q25930,A59
Q25931,A40
Q25932,A97
Q25933,A66
Q25934,A79
Q25935,A94
Q25936,A66
Q25937,A76
Q25938,A67
Q25939,A36
Q25940,A43
Q25941,A90
Q25942,A38
Q25943,A55
Q25944,A68
Q25945,A38
Q25946,A50
Q25947,A2
Q25948,A23
Q25949,A1
Q25950,A60
Q25951,A38
Q25952,A29
Q25953,A19
Q25954,A84
Q25955,A52
Q25956,A71
Q25957,A11
Q25958,A64
Q25959,A16
Q25960,A87
Q25961,A98
Q25962,A30
Q25963,A81
Q25964,A15
Q25965,A75
Q25966,A67
Q25967,A58
Q25968,A7
Q25969,A16
Q25970,A66
Q25971,A54
Q25972,A52
Q25973,A4
Q25974,A1
Q25975,A83
Q25976,A79
Q25977,A29
Q25978,A52
Q25979,A0
Q25980,A6
Q25981,A81
Q25982,A18
Q25983,A72
Q25984,A70
Q25985,A53
Q25986,A80
Q25987,A68
Q25988,A74
Q25989,A7
Q25990,A22
Q25991,A32
Q25992,A34
Q25993,A54
Q25994,A86
Q25995,A6
Q25996,A95
Q25997,A82
Q25998,A44
Q25999,A80
Q26000,A91
Q26001,A96
Q26002,A7
Q26003,A36
Q26004,A21
Q26005,A3
Q26006,A0
Q26007,A55
Q26008,A80
Q26009,A35
Q26010,A46
Q26011,A19
Q26012,A71
Q26013,A62
Q26014,A3
Q26015,A27
Q26016,A52
Q26017,A86
Q26018,A69
Q26019,A20
Q26020,A77
Q26021,A79
Q26022,A34
Q26023,A42
Q26024,A57
Q26025,A81
Q26026,A48
Q26027,A74
Q26028,A6
Q26029,A26
Q26030,A1
Q26031,A7
Q26032,A27
Q26033,A3
Q26034,A84
Q26035,A73
Q26036,A83
Q26037,A19
Q26038,A72
Q26039,A10
Q26040,A46
Q26041,A62
Q26042,A0
Q26043,A89
Q26044,A68
Q26045,A81
Q26046,A88
Q26047,A76
Q26048,A16
Q26049,A41
Q26050,A48
Q26051,A2
Q26052,A84
Q26053,A87
Q26054,A53
Q26055,A26
Q26056,A31
Q26057,A92
Q26058,A20
Q26059,A13
Q26060,A8
Q26061,A31
Q26062,A5
Q26063,A49
Q26064,A7
Q26065,A82
Q26066,A62
Q26067,A52
Q26068,A88
Q26069,A99
Q26070,A22
Q26071,A45
Q26072,A83
Q26073,A80
Q26074,A81
Q26075,A63
Q26076,A28
Q26077,A43
Q26078,A14
Q26079,A85
Q26080,A12
Q26081,A41
Q26082,A14
Q26083,A64
Q26084,A64
Q26085,A97
Q26086,A1
Q26087,A72
Q26088,A54
Q26089,A83
Q26090,A70
Q26091,A26
Q26092,A62
Q26093,A11
Q26094,A20
Q26095,A43
Q26096,A96
Q26097,A86
Q26098,A42
Q26099,A1
Q26100,A32
Q26101,A18
Q26102,A60
Q26103,A36
Q26104,A55
Q26105,A15
Q26106,A10
Q26107,A99
Q26108,A8
Q26109,A42
Q26110,A23
Q26111,A20
Q26112,A7
Q26113,A59
Q26114,A8
Q26115,A0
Q26116,A23
Q26117,A24
Q26118,A31
Q26119,A53
Q26120,A20
Q26121,A28
Q26122,A11
Q26123,A91
Q26124,A1
Q26125,A2
Q26126,A10
Q26127,A98
Q26128,A58
Q26129,A95
Q26130,A25
Q26131,A44
Q26132,A37
Q26133,A92
Q26134,A80
Q26135,A91
Q26136,A54
Q26137,A31
Q26138,A12
Q26139,A39
Q26140,A57
Q26141,A60
Q26142,A3
Q26143,A40
Q26144,A37
Q26145,A16
Q26146,A80
Q26147,A97
Q26148,A64
Q26149,A98
Q26150,A56
Q26151,A24
Q26152,A61
Q26153,A56
Q26154,A21
Q26155,A90
Q26156,A29
Q26157,A30
Q26158,A57
Q26159,A26
Q26160,A87
Q26161,A35
Q26162,A45
Q26163,A73
Q26164,A7
Q26165,A46
Q26166,A26
Q26167,A99
Q26168,A23
Q26169,A41
Q26170,A17
Q26171,A34
Q26172,A34
Q26173,A8
Q26174,A41
Q26175,A24
Q26176,A26
Q26177,A88
Q26178,A74
Q26179,A28
Q26180,A6
Q26181,A77
Q26182,A65
Q26183,A99
Q26184,A62
Q26185,A8
Q26186,A9
Q26187,A5
Q26188,A79
Q26189,A36
Q26190,A35
Q26191,A97
Q26192,A12
Q26193,A65
Q26194,A59
Q26195,A14
Q26196,A90
Q26197,A66
Q26198,A94
Q26199,A83
Q26200,A59
Q26201,A28
Q26202,A30
Q26203,A47
Q26204,A49
Q26205,A65
Q26206,A16
Q26207,A5
Q26208,A96
Q26209,A62
Q26210,A43
Q26211,A91
Q26212,A45
Q26213,A59
Q26214,A1
Q26215,A46
Q26216,A8
Q26217,A66
Q26218,A93
Q26219,A40
Q26220,A30
Q26221,A79
Q26222,A63
Q26223,A15
Q26224,A66
Q26225,A89
Q26226,A93
Q26227,A58
Q26228,A8
Q26229,A88
Q26230,A70
Q26231,A10
Q26232,A31
Q26233,A58
Q26234,A57
Q26235,A58
Q26236,A79
Q26237,A78
Q26238,A34
Q26239,A97
Q26240,A58
Q26241,A65
Q26242,A85
Q26243,A30
Q26244,A45
Q26245,A15
Q26246,A40
Q26247,A0
Q26248,A33
Q26249,A54
Q26250,A75
Q26251,A87
Q26252,A10
Q26253,A33
Q26254,A1
Q26255,A62
Q26256,A27
Q26257,A40
Q26258,A45
Q26259,A92
Q26260,A32
Q26261,A75
Q26262,A75
Q26263,A11
Q26264,A72
Q26265,A81
Q26266,A67
Q26267,A36
Q26268,A6
Q26269,A79
Q26270,A73
Q26271,A37
Q26272,A80
Q26273,A13
Q26274,A71
Q26275,A73
Q26276,A82
Q26277,A19
Q26278,A31
Q26279,A91
Q26280,A58
Q26281,A91
Q26282,A90
Q26283,A72
Q26284,A41
Q26285,A26
Q26286,A31
Q26287,A35
Q26288,A36
Q26289,A56
Q26290,A97
Q26291,A20
Q26292,A42
Q26293,A14
Q26294,A67
Q26295,A60
Q26296,A98
Q26297,A92
Q26298,A10
Q26299,A4
Q26300,A10
Q26301,A47
Q26302,A9
Q26303,A56
Q26304,A86
Q26305,A47
Q26306,A94
Q26307,A78
Q26308,A81
Q26309,A80
Q26310,A2
Q26311,A72
Q26312,A47
Q26313,A54
Q26314,A34
Q26315,A27
Q26316,A5
Q26317,A61
Q26318,A76
Q26319,A4
Q26320,A0
Q26321,A25
Q26322,A99
Q26323,A49
Q26324,A87
Q26325,A0
Q26326,A48
Q26327,A68
Q26328,A32
Q26329,A84
Q26330,A74
Q26331,A89
Q26332,A55
Q26333,A98
Q26334,A1
Q26335,A89
Q26336,A36
Q26337,A99
Q26338,A51
Q26339,A19
Q26340,A0
Q26341,A25
Q26342,A47
Q26343,A90
Q26344,A62
Q26345,A77
Q26346,A16
Q26347,A34
Q26348,A80
Q26349,A56
Q26350,A79
Q26351,A67
Q26352,A22
Q26353,A75
Q26354,A9
Q26355,A98
Q26356,A55
Q26357,A75
Q26358,A14
Q26359,A52
Q26360,A66
Q26361,A0
Q26362,A5
Q26363,A72
Q26364,A17
Q26365,A39
Q26366,A6
Q26367,A41
Q26368,A53
Q26369,A43
Q26370,A61
Q26371,A8
Q26372,A57
Q26373,A17
Q26374,A74
Q26375,A86
Q26376,A65
Q26377,A41
Q26378,A70
Q26379,A59
Q26380,A35
Q26381,A11
Q26382,A90
Q26383,A45
Q26384,A62
Q26385,A19
Q26386,A32
Q26387,A16
Q26388,A50
Q26389,A89
Q26390,A64
Q26391,A45
Q26392,A50
Q26393,A56
Q26394,A7
Q26395,A43
Q26396,A88
Q26397,A90
Q26398,A24
Q26399,A82
Q26400,A16
Q26401,A86
Q26402,A51
Q26403,A83
Q26404,A23
Q26405,A20
Q26406,A43
Q26407,A20
Q26408,A88
Q26409,A83
Q26410,A56
Q26411,A67
Q26412,A69
Q26413,A80
Q26414,A11
Q26415,A26
Q26416,A41
Q26417,A40
Q26418,A0
Q26419,A46
Q26420,A6
Q26421,A79
Q26422,A28
Q26423,A97
Q26424,A10
Q26425,A17
Q26426,A87
Q26427,A34
Q26428,A37
Q26429,A22
Q26430,A59
Q26431,A89
Q26432,A34
Q26433,A88
Q26434,A64
Q26435,A23
Q26436,A51
Q26437,A47
Q26438,A95
Q26439,A18
Q26440,A82
Q26441,A22
Q26442,A27
Q26443,A7
Q26444,A91
Q26445,A74
Q26446,A79
Q26447,A44
Q26448,A63
Q26449,A72
Q26450,A54
Q26451,A97
Q26452,A60
Q26453,A67
Q26454,A32
Q26455,A28
Q26456,A79
Q26457,A72
Q26458,A29
Q26459,A86
Q26460,A61
Q26461,A22
Q26462,A11
Q26463,A85
Q26464,A51
Q26465,A62
Q26466,A26
Q26467,A80
Q26468,A8
Q26469,A47
Q26470,A9
Q26471,A82
Q26472,A44
Q26473,A83
Q26474,A22
Q26475,A16
Q26476,A4
Q26477,A12
Q26478,A99
Q26479,A97
Q26480,A35
Q26481,A57
Q26482,A27
Q26483,A2
Q26484,A16
Q26485,A26
Q26486,A48
Q26487,A8
Q26488,A0
Q26489,A17
Q26490,A44
Q26491,A48
Q26492,A56
Q26493,A71
Q26494,A47
Q26495,A17
Q26496,A88
Q26497,A21
Q26498,A21
Q26499,A73
Q26500,A52
Q26501,A82
Q26502,A40
Q26503,A46
Q26504,A39
Q26505,A89
Q26506,A28
Q26507,A74
Q26508,A63
Q26509,A23
Q26510,A89
Q26511,A69
Q26512,A72
Q26513,A72
Q26514,A3
Q26515,A13
Q26516,A55
Q26517,A56
Q26518,A24
Q26519,A86
Q26520,A60
Q26521,A81
Q26522,A13
Q26523,A26
Q26524,A92
Q26525,A72
Q26526,A3
Q26527,A12
Q26528,A47
Q26529,A8
Q26530,A83
Q26531,A3
Q26532,A22
Q26533,A85
Q26534,A32
Q26535,A37
Q26536,A90
Q26537,A91
Q26538,A20
Q26539,A15
Q26540,A15
Q26541,A47
Q26542,A87
Q26543,A92
Q26544,A56
Q26545,A58
Q26546,A24
Q26547,A92
Q26548,A66
Q26549,A8
Q26550,A10
Q26551,A95
Q26552,A17
Q26553,A82
Q26554,A9
Q26555,A22
Q26556,A64
Q26557,A69
Q26558,A95
Q26559,A71
Q26560,A59
Q26561,A44
Q26562,A82
Q26563,A7
Q26564,A88
Q26565,A51
Q26566,A14
Q26567,A9
Q26568,A23
Q26569,A62
Q26570,A23
Q26571,A46
Q26572,A20
Q26573,A7
Q26574,A26
Q26575,A51
Q26576,A69
Q26577,A83
Q26578,A12
Q26579,A31
Q26580,A4
Q26581,A30
Q26582,A64
Q26583,A36
Q26584,A75
Q26585,A89
Q26586,A65
Q26587,A72
Q26588,A3
Q26589,A91
Q26590,A27
Q26591,A68
Q26592,A89
Q26593,A7
Q26594,A41
Q26595,A34
Q26596,A24
Q26597,A64
Q26598,A54
Q26599,A54
Q26600,A70
Q26601,A61
Q26602,A3
Q26603,A57
Q26604,A0
Q26605,A60
Q26606,A81
Q26607,A54
Q26608,A41
Q26609,A55
Q26610,A53
Q26611,A64
Q26612,A93
Q26613,A20
Q26614,A51
Q26615,A20
Q26616,A42
Q26617,A9
Q26618,A47
Q26619,A13
Q26620,A31
Q26621,A24
Q26622,A68
Q26623,A21
Q26624,A50
Q26625,A64
Q26626,A87
Q26627,A65
Q26628,A34
Q26629,A73
Q26630,A24
Q26631,A15
Q26632,A47
Q26633,A61
Q26634,A78
Q26635,A8
Q26636,A59
Q26637,A97
Q26638,A79
Q26639,A93
Q26640,A7
Q26641,A61
Q26642,A47
Q26643,A64
Q26644,A13
Q26645,A37
Q26646,A4
Q26647,A50
Q26648,A8
Q26649,A66
Q26650,A99
Q26651,A10
Q26652,A99
Q26653,A17
Q26654,A98
Q26655,A50
Q26656,A90
Q26657,A35
Q26658,A68
Q26659,A63
Q26660,A61
Q26661,A61
Q26662,A33
Q26663,A60
Q26664,A25
Q26665,A86
Q26666,A23
Q26667,A13
Q26668,A78
Q26669,A76
Q26670,A13
Q26671,A67
Q26672,A35
Q26673,A41
Q26674,A43
Q26675,A6
Q26676,A38
Q26677,A37
Q26678,A9
Q26679,A92
Q26680,A60
Q26681,A83
Q26682,A29
Q26683,A76
Q26684,A21
Q26685,A9
Q26686,A78
Q26687,A96
Q26688,A59
Q26689,A32
Q26690,A27
Q26691,A60
Q26692,A27
Q26693,A26
Q26694,A93
Q26695,A85
Q26696,A22
Q26697,A28
Q26698,A85
Q26699,A52
Q26700,A90
Q26701,A20
Q26702,A0
Q26703,A15
Q26704,A12
Q26705,A26
Q26706,A92
Q26707,A21
Q26708,A3
Q26709,A87
Q26710,A16
Q26711,A18
Q26712,A82
Q26713,A95
Q26714,A4
Q26715,A87
Q26716,A89
Q26717,A5
Q26718,A2
Q26719,A86
Q26720,A12
Q26721,A83
Q26722,A87
Q26723,A50
Q26724,A88
Q26725,A93
Q26726,A33
Q26727,A59
Q26728,A36
Q26729,A60
Q26730,A80
Q26731,A89
Q26732,A68
Q26733,A79
Q26734,A51
Q26735,A64
Q26736,A71
Q26737,A74
Q26738,A89
Q26739,A96
Q26740,A89
Q26741,A24
Q26742,A10
Q26743,A58
Q26744,A10
Q26745,A81
Q26746,A97
Q26747,A9
Q26748,A86
Q26749,A89
Q26750,A94
Q26751,A37
Q26752,A78
Q26753,A14
Q26754,A69
Q26755,A57
Q26756,A18
Q26757,A65
Q26758,A45
Q26759,A14
Q26760,A16
Q26761,A98
Q26762,A52
Q26763,A28
Q26764,A25
Q26765,A56
Q26766,A69
Q26767,A22
Q26768,A20
Q26769,A53
Q26770,A99
Q26771,A97
Q26772,A32
Q26773,A21
Q26774,A88
Q26775,A24
Q26776,A62
Q26777,A49
Q26778,A22
Q26779,A36
Q26780,A29
Q26781,A60
Q26782,A98
Q26783,A33
Q26784,A44
Q26785,A43
Q26786,A76
Q26787,A32
Q26788,A24
Q26789,A16
Q26790,A21
Q26791,A51
Q26792,A18
Q26793,A68
Q26794,A57
Q26795,A40
Q26796,A95
Q26797,A51
Q26798,A36
Q26799,A60
Q26800,A91
Q26801,A17
Q26802,A75
Q26803,A64
Q26804,A46
Q26805,A37
Q26806,A64
Q26807,A43
Q26808,A90
Q26809,A4
Q26810,A93
Q26811,A79
Q26812,A97
Q26813,A61
Q26814,A38
Q26815,A27
Q26816,A89
Q26817,A40
Q26818,A3
Q26819,A0
Q26820,A46
Q26821,A61
Q26822,A76
Q26823,A19
Q26824,A19
Q26825,A56
Q26826,A37
Q26827,A80
Q26828,A88
Q26829,A91
Q26830,A20
Q26831,A77
Q26832,A90
Q26833,A85
Q26834,A54
Q26835,A22
Q26836,A74
Q26837,A12
Q26838,A34
Q26839,A14
Q26840,A63
Q26841,A51
Q26842,A71
Q26843,A42
Q26844,A68
Q26845,A14
Q26846,A30
Q26847,A88
Q26848,A85
Q26849,A59
Q26850,A26
Q26851,A89
Q26852,A82
Q26853,A20
Q26854,A29
Q26855,A64
Q26856,A67
Q26857,A58
Q26858,A39
Q26859,A61
Q26860,A24
Q26861,A19
Q26862,A98
Q26863,A15
Q26864,A77
Q26865,A24
Q26866,A77
Q26867,A40
Q26868,A28
Q26869,A33
Q26870,A17
Q26871,A19
Q26872,A6
Q26873,A97
Q26874,A6
Q26875,A90
Q26876,A21
Q26877,A17
Q26878,A73
Q26879,A40
Q26880,A11
Q26881,A9
Q26882,A28
Q26883,A42
Q26884,A59
Q26885,A3
Q26886,A7
Q26887,A66
Q26888,A49
Q26889,A60
Q26890,A48
Q26891,A53
Q26892,A52
Q26893,A41
Q26894,A53
Q26895,A82
Q26896,A60
Q26897,A63
Q26898,A14
Q26899,A54
Q26900,A78
Q26901,A98
Q26902,A41
Q26903,A70
Q26904,A93
Q26905,A93
Q26906,A73
Q26907,A86
Q26908,A93
Q26909,A43
Q26910,A67
Q26911,A79
Q26912,A77
Q26913,A28
Q26914,A45
Q26915,A30
Q26916,A62
Q26917,A11
Q26918,A93
Q26919,A53
Q26920,A62
Q26921,A82
Q26922,A12
Q26923,A28
Q26924,A72
Q26925,A27
Q26926,A86
Q26927,A42
Q26928,A81
Q26929,A52
Q26930,A3
Q26931,A21
Q26932,A94
Q26933,A65
Q26934,A64
Q26935,A19
Q26936,A79
Q26937,A26
Q26938,A24
Q26939,A68
Q26940,A11
Q26941,A31
Q26942,A85
Q26943,A14
Q26944,A48
Q26945,A43
Q26946,A62
Q26947,A18
Q26948,A8
Q26949,A17
Q26950,A14
Q26951,A84
Q26952,A92
Q26953,A27
Q26954,A99
Q26955,A38
Q26956,A52
Q26957,A66
Q26958,A40
Q26959,A1
Q26960,A2
Q26961,A80
Q26962,A17
Q26963,A87
Q26964,A74
Q26965,A82
Q26966,A87
Q26967,A7
Q26968,A94
Q26969,A91
Q26970,A46
Q26971,A8
Q26972,A62
Q26973,A20
Q26974,A12
Q26975,A67
Q26976,A82
Q26977,A59
Q26978,A90
Q26979,A75
Q26980,A14
Q26981,A43
Q26982,A22
Q26983,A73
Q26984,A52
Q26985,A87
Q26986,A3
Q26987,A2
Q26988,A42
Q26989,A86
Q26990,A3
Q26991,A96
Q26992,A83
Q26993,A11
Q26994,A71
Q26995,A45
Q26996,A58
Q26997,A83
Q26998,A24
Q26999,A60
Q27000,A35
Q27001,A56
Q27002,A13
Q27003,A6
Q27004,A20
Q27005,A68
Q27006,A31
Q27007,A21
Q27008,A8
Q27009,A95
Q27010,A13
Q27011,A9
Q27012,A22
Q27013,A37
Q27014,A24
Q27015,A38
Q27016,A90
Q27017,A23
Q27018,A7
Q27019,A4
Q27020,A41
Q27021,A92
Q27022,A71
Q27023,A19
Q27024,A60
Q27025,A94
Q27026,A9
Q27027,A76
Q27028,A34
Q27029,A12
Q27030,A95
Q27031,A61
Q27032,A39
Q27033,A76
Q27034,A58
Q27035,A82
Q27036,A67
Q27037,A76
Q27038,A56
Q27039,A27
Q27040,A54
Q27041,A23
Q27042,A2
Q27043,A67
Q27044,A41
Q27045,A19
Q27046,A31
Q27047,A25
Q27048,A71
Q27049,A64
Q27050,A93
Q27051,A7
Q27052,A50
Q27053,A82
Q27054,A70
Q27055,A25
Q27056,A4
Q27057,A92
Q27058,A25
Q27059,A42
Q27060,A50
Q27061,A43
Q27062,A46
Q27063,A82
Q27064,A90
Q27065,A41
Q27066,A78
Q27067,A99
Q27068,A17
Q27069,A56
Q27070,A86
Q27071,A67
Q27072,A70
Q27073,A52
Q27074,A78
Q27075,A56
Q27076,A31
Q27077,A96
Q27078,A95
Q27079,A11
Q27080,A9
Q27081,A53
Q27082,A29
Q27083,A47
Q27084,A32
Q27085,A93
Q27086,A71
Q27087,A88
Q27088,A32
Q27089,A5
Q27090,A28
Q27091,A46
Q27092,A69
Q27093,A22
Q27094,A29
Q27095,A19
Q27096,A84
Q27097,A16
Q27098,A49
Q27099,A81
Q27100,A79
Q27101,A68
Q27102,A98
Q27103,A7
Q27104,A26
Q27105,A84
Q27106,A53
Q27107,A33
Q27108,A57
Q27109,A86
Q27110,A55
Q27111,A63
Q27112,A92
Q27113,A7
Q27114,A81
Q27115,A38
Q27116,A90
Q27117,A93
Q27118,A21
Q27119,A33
Q27120,A18
Q27121,A40
Q27122,A49
Q27123,A41
Q27124,A87
Q27125,A48
Q27126,A31
Q27127,A55
Q27128,A13
Q27129,A81
Q27130,A83
Q27131,A17
Q27132,A58
Q27133,A47
Q27134,A8
Q27135,A96
Q27136,A92
Q27137,A73
Q27138,A44
Q27139,A81
Q27140,A61
Q27141,A53
Q27142,A91
Q27143,A49
Q27144,A74
Q27145,A12
Q27146,A14
Q27147,A37
Q27148,A94
Q27149,A43
Q27150,A89
Q27151,A45
Q27152,A1
Q27153,A3
Q27154,A48
Q27155,A13
Q27156,A2
Q27157,A67
Q27158,A74
Q27159,A7
Q27160,A23
Q27161,A32
Q27162,A80
Q27163,A56
Q27164,A19
Q27165,A40
Q27166,A54
Q27167,A59
Q27168,A35
Q27169,A18
Q27170,A49
Q27171,A21
Q27172,A91
Q27173,A11
Q27174,A56
Q27175,A70
Q27176,A17
Q27177,A37
Q27178,A41
Q27179,A46
Q27180,A75
Q27181,A0
Q27182,A30
Q27183,A67
Q27184,A84
Q27185,A21
Q27186,A90
Q27187,A99
Q27188,A44
Q27189,A3
Q27190,A83
Q27191,A96
Q27192,A74
Q27193,A84
Q27194,A90
Q27195,A66
Q27196,A27
Q27197,A9
Q27198,A8
Q27199,A99
Q27200,A56
Q27201,A33
Q27202,A23
Q27203,A72
Q27204,A91
Q27205,A60
Q27206,A14
Q27207,A45
Q27208,A1
Q27209,A44
Q27210,A77
Q27211,A21
Q27212,A37
Q27213,A69
Q27214,A62
Q27215,A15
Q27216,A71
Q27217,A52
Q27218,A13
Q27219,A8
Q27220,A16
Q27221,A18
Q27222,A97
Q27223,A67
Q27224,A92
Q27225,A33
Q27226,A43
Q27227,A1
Q27228,A35
Q27229,A42
Q27230,A9
Q27231,A58
Q27232,A25
Q27233,A8
Q27234,A34
Q27235,A13
Q27236,A13
Q27237,A75
Q27238,A34
Q27239,A27
Q27240,A62
Q27241,A34
Q27242,A4
Q27243,A54
Q27244,A96
Q27245,A30
Q27246,A64
Q27247,A31
Q27248,A83
Q27249,A89
Q27250,A39
Q27251,A7
Q27252,A92
Q27253,A78
Q27254,A1
Q27255,A61
Q27256,A99
Q27257,A69
Q27258,A88
Q27259,A59
Q27260,A40
Q27261,A92
Q27262,A68
Q27263,A99
Q27264,A24
Q27265,A87
Q27266,A28
Q27267,A40
Q27268,A63
Q27269,A30
Q27270,A3
Q27271,A50
Q27272,A0
Q27273,A39
Q27274,A8
Q27275,A10
Q27276,A49
Q27277,A50
Q27278,A44
Q27279,A31
Q27280,A1
Q27281,A3
Q27282,A60
Q27283,A31
Q27284,A95
Q27285,A64
Q27286,A27
Q27287,A15
Q27288,A99
Q27289,A49
Q27290,A55
Q27291,A61
Q27292,A29
Q27293,A72
Q27294,A31
Q27295,A52
Q27296,A44
Q27297,A82
Q27298,A42
Q27299,A13
Q27300,A88
Q27301,A8
Q27302,A57
Q27303,A49
Q27304,A89
Q27305,A33
Q27306,A8
Q27307,A51
Q27308,A21
Q27309,A70
Q27310,A60
Q27311,A6
Q27312,A83
Q27313,A24
Q27314,A82
Q27315,A93
Q27316,A58
Q27317,A24
Q27318,A45
Q27319,A90
Q27320,A55
Q27321,A29
Q27322,A75
Q27323,A75
Q27324,A93
Q27325,A20
Q27326,A8
Q27327,A24
Q27328,A99
Q27329,A92
Q27330,A99
Q27331,A2
Q27332,A37
Q27333,A9
Q27334,A2
Q27335,A42
Q27336,A77
Q27337,A3
Q27338,A29
Q27339,A66
Q27340,A11
Q27341,A59
Q27342,A4
Q27343,A18
Q27344,A36
Q27345,A8
Q27346,A45
Q27347,A58
Q27348,A70
Q27349,A38
Q27350,A0
Q27351,A53
Q27352,A36
Q27353,A30
Q27354,A3
Q27355,A0
Q27356,A51
Q27357,A27
Q27358,A65
Q27359,A41
Q27360,A67
Q27361,A88
Q27362,A31
Q27363,A3
Q27364,A11
Q27365,A1
Q27366,A46
Q27367,A81
Q27368,A11
Q27369,A6
Q27370,A96
Q27371,A18
Q27372,A61
Q27373,A14
Q27374,A32
Q27375,A8
Q27376,A65
Q27377,A29
Q27378,A65
Q27379,A99
Q27380,A67
Q27381,A73
Q27382,A35
Q27383,A3
Q27384,A73
Q27385,A97
Q27386,A63
Q27387,A87
Q27388,A55
Q27389,A61
Q27390,A89
Q27391,A31
Q27392,A23
Q27393,A84
Q27394,A2
Q27395,A58
Q27396,A91
Q27397,A66
Q27398,A98
Q27399,A46
Q27400,A65
Q27401,A97
Q27402,A43
Q27403,A70
Q27404,A86
Q27405,A44
Q27406,A21
Q27407,A82
Q27408,A9
Q27409,A83
Q27410,A68
Q27411,A46
Q27412,A40
Q27413,A11
Q27414,A61
Q27415,A77
Q27416,A76
Q27417,A4
Q27418,A34
Q27419,A88
Q27420,A40
Q27421,A37
Q27422,A26
Q27423,A73
Q27424,A20
Q27425,A8
Q27426,A87
Q27427,A97
Q27428,A57
Q27429,A87
Q27430,A12
Q27431,A23
Q27432,A2
Q27433,A57
Q27434,A6
Q27435,A92
Q27436,A80
Q27437,A88
Q27438,A35
Q27439,A14
Q27440,A0
Q27441,A53
Q27442,A3
Q27443,A78
Q27444,A46
Q27445,A75
Q27446,A45
Q27447,A32
Q27448,A74
Q27449,A25
Q27450,A36
Q27451,A87
Q27452,A71
Q27453,A92
Q27454,A49
Q27455,A72
Q27456,A35
Q27457,A56
Q27458,A71
Q27459,A83
Q27460,A77
Q27461,A71
Q27462,A84
Q27463,A14
Q27464,A72
Q27465,A58
Q27466,A55
Q27467,A65
Q27468,A45
Q27469,A45
Q27470,A16
Q27471,A60
Q27472,A29
Q27473,A77
Q27474,A17
Q27475,A95
Q27476,A26
Q27477,A32
Q27478,A2
Q27479,A81
Q27480,A1
Q27481,A83
Q27482,A45
Q27483,A18
Q27484,A76
Q27485,A1
Q27486,A55
Q27487,A82
Q27488,A90
Q27489,A59
Q27490,A35
Q27491,A57
Q27492,A49
Q27493,A65
Q27494,A85
Q27495,A9
Q27496,A71
Q27497,A22
Q27498,A98
Q27499,A27
Q27500,A95
Q27501,A60
Q27502,A37
Q27503,A61
Q27504,A93
Q27505,A83
Q27506,A63
Q27507,A17
Q27508,A70
Q27509,A96
Q27510,A58
Q27511,A28
Q27512,A95
Q27513,A27
Q27514,A4
Q27515,A52
Q27516,A90
Q27517,A40
Q27518,A54
Q27519,A35
Q27520,A7
Q27521,A13
Q27522,A57
Q27523,A41
Q27524,A21
Q27525,A13
Q27526,A8
Q27527,A81
Q27528,A12
Q27529,A76
Q27530,A94
Q27531,A83
Q27532,A70
Q27533,A25
Q27534,A21
Q27535,A36
Q27536,A59
Q27537,A36
Q27538,A15
Q27539,A14
Q27540,A88
Q27541,A59
Q27542,A3
Q27543,A47
Q27544,A95
Q27545,A60
Q27546,A44
Q27547,A74
Q27548,A20
Q27549,A62
Q27550,A87
Q27551,A4
Q27552,A61
Q27553,A37
Q27554,A93
Q27555,A13
Q27556,A58
Q27557,A62
Q27558,A87
Q27559,A31
Q27560,A4
Q27561,A95
Q27562,A65
Q27563,A7
Q27564,A93
Q27565,A35
Q27566,A93
Q27567,A13
Q27568,A91
Q27569,A89
Q27570,A16
Q27571,A15
Q27572,A0
Q27573,A62
Q27574,A91
Q27575,A83
Q27576,A0
Q27577,A46
Q27578,A10
Q27579,A34
Q27580,A85
Q27581,A10
Q27582,A14
Q27583,A69
Q27584,A17
Q27585,A62
Q27586,A80
Q27587,A59
Q27588,A56
Q27589,A19
Q27590,A11
Q27591,A70
Q27592,A35
Q27593,A77
Q27594,A66
Q27595,A2
Q27596,A12
Q27597,A12
Q27598,A47
Q27599,A68
Q27600,A43
Q27601,A59
Q27602,A79
Q27603,A54
Q27604,A91
Q27605,A3
Q27606,A98
Q27607,A4
Q27608,A31
Q27609,A61
Q27610,A68
Q27611,A69
Q27612,A67
Q27613,A18
Q27614,A48
Q27615,A65
Q27616,A25
Q27617,A58
Q27618,A24
Q27619,A51
Q27620,A73
Q27621,A24
Q27622,A24
Q27623,A93
Q27624,A78
Q27625,A30
Q27626,A24
Q27627,A2
Q27628,A5
Q27629,A35
Q27630,A34
Q27631,A63
Q27632,A46
Q27633,A37
Q27634,A28
Q27635,A60
Q27636,A0
Q27637,A26
Q27638,A98
Q27639,A79
Q27640,A39
Q27641,A93
Q27642,A67
Q27643,A53
Q27644,A62
Q27645,A74
Q27646,A51
Q27647,A26
Q27648,A72
Q27649,A20
Q27650,A9
Q27651,A77
Q27652,A31
Q27653,A73
Q27654,A72
Q27655,A1
Q27656,A48
Q27657,A58
Q27658,A33
Q27659,A84
Q27660,A75
Q27661,A2
Q27662,A76
Q27663,A13
Q27664,A34
Q27665,A58
Q27666,A88
Q27667,A98
Q27668,A95
Q27669,A20
Q27670,A31
Q27671,A90
Q27672,A39
Q27673,A76
Q27674,A47
Q27675,A93
Q27676,A56
Q27677,A64
Q27678,A4
Q27679,A74
Q27680,A61
Q27681,A19
Q27682,A6
Q27683,A45
Q27684,A87
Q27685,A58
Q27686,A46
Q27687,A2
Q27688,A87
Q27689,A32
Q27690,A51
Q27691,A8
Q27692,A53
Q27693,A75
Q27694,A74
Q27695,A28
Q27696,A66
Q27697,A75
Q27698,A18
Q27699,A84
Q27700,A61
Q27701,A94
Q27702,A68
Q27703,A86
Q27704,A78
Q27705,A3
Q27706,A50
Q27707,A82
Q27708,A44
Q27709,A82
Q27710,A24
Q27711,A89
Q27712,A7
Q27713,A97
Q27714,A46
Q27715,A71
Q27716,A88
Q27717,A28
Q27718,A56
Q27719,A50
Q27720,A58
Q27721,A40
Q27722,A93
Q27723,A36
Q27724,A75
Q27725,A74
Q27726,A7
Q27727,A23
Q27728,A22
Q27729,A96
Q27730,A28
Q27731,A34
Q27732,A36
Q27733,A64
Q27734,A90
Q27735,A53
Q27736,A92
Q27737,A78
Q27738,A97
Q27739,A43
Q27740,A43
Q27741,A47
Q27742,A99
Q27743,A24
Q27744,A73
Q27745,A87
Q27746,A37
Q27747,A8
Q27748,A18
Q27749,A7
Q27750,A71
Q27751,A28
Q27752,A19
Q27753,A99
Q27754,A23
Q27755,A69
Q27756,A64
Q27757,A89
Q27758,A70
Q27759,A0
Q27760,A37
Q27761,A4
Q27762,A94
Q27763,A88
Q27764,A75
Q27765,A9
Q27766,A6
Q27767,A62
Q27768,A56
Q27769,A45
Q27770,A70
Q27771,A2
Q27772,A73
Q27773,A33
Q27774,A33
Q27775,A27
Q27776,A81
Q27777,A48
Q27778,A7
Q27779,A66
Q27780,A54
Q27781,A12
Q27782,A85
Q27783,A44
Q27784,A75
Q27785,A36
Q27786,A14
Q27787,A3
Q27788,A48
Q27789,A37
Q27790,A94
Q27791,A6
Q27792,A77
Q27793,A55
Q27794,A72
Q27795,A98
Q27796,A94
Q27797,A50
Q27798,A60
Q27799,A18
Q27800,A33
Q27801,A61
Q27802,A96
Q27803,A36
Q27804,A38
Q27805,A39
Q27806,A19
Q27807,A5
Q27808,A8
Q27809,A56
Q27810,A2
Q27811,A12
Q27812,A62
Q27813,A38
Q27814,A56
Q27815,A64
Q27816,A24
Q27817,A84
Q27818,A6
Q27819,A89
Q27820,A22
Q27821,A59
Q27822,A77
Q27823,A77
Q27824,A59
Q27825,A70
Q27826,A42
Q27827,A92
Q27828,A36
Q27829,A92
Q27830,A18
Q27831,A40
Q27832,A93
Q27833,A84
Q27834,A71
Q27835,A33
Q27836,A60
Q27837,A86
Q27838,A69
Q27839,A44
Q27840,A26
Q27841,A79
Q27842,A95
Q27843,A51
Q27844,A41
Q27845,A81
Q27846,A30
Q27847,A22
Q27848,A32
Q27849,A72
Q27850,A90
Q27851,A77
Q27852,A55
Q27853,A30
Q27854,A37
Q27855,A99
Q27856,A64
Q27857,A71
Q27858,A59
Q27859,A24
Q27860,A85
Q27861,A63
Q27862,A76
Q27863,A2
Q27864,A11
Q27865,A58
Q27866,A24
Q27867,A40
Q27868,A39
Q27869,A73
Q27870,A61
Q27871,A24
Q27872,A53
Q27873,A55
Q27874,A7
Q27875,A78
Q27876,A56
Q27877,A69
Q27878,A14
Q27879,A64
Q27880,A20
Q27881,A98
Q27882,A92
Q27883,A32
Q27884,A4
Q27885,A42
Q27886,A81
Q27887,A29
Q27888,A49
Q27889,A34
Q27890,A92
Q27891,A84
Q27892,A32
Q27893,A45
Q27894,A72
Q27895,A39
Q27896,A81
Q27897,A18
Q27898,A89
Q27899,A46
Q27900,A76
Q27901,A85
Q27902,A4
Q27903,A10
Q27904,A52
Q27905,A40
Q27906,A86
Q27907,A6
Q27908,A86
Q27909,A9
Q27910,A40
Q27911,A22
Q27912,A46
Q27913,A68
Q27914,A72
Q27915,A31
Q27916,A54
Q27917,A23
Q27918,A50
Q27919,A85
Q27920,A48
Q27921,A4
Q27922,A47
Q27923,A54
Q27924,A37
Q27925,A78
Q27926,A31
Q27927,A83
Q27928,A60
Q27929,A50
Q27930,A91
Q27931,A3
Q27932,A34
Q27933,A17
Q27934,A88
Q27935,A21
Q27936,A1
Q27937,A77
Q27938,A92
Q27939,A58
Q27940,A7
Q27941,A99
Q27942,A12
Q27943,A18
Q27944,A54
Q27945,A58
Q27946,A72
Q27947,A21
Q27948,A67
Q27949,A97
Q27950,A59
Q27951,A32
Q27952,A94
Q27953,A96
Q27954,A1
Q27955,A99
Q27956,A59
Q27957,A10
Q27958,A57
Q27959,A2
Q27960,A21
Q27961,A48
Q27962,A52
Q27963,A48
Q27964,A56
Q27965,A75
Q27966,A14
Q27967,A16
Q27968,A84
Q27969,A10
Q27970,A23
Q27971,A64
Q27972,A84
Q27973,A50
Q27974,A52
Q27975,A94
Q27976,A16
Q27977,A63
Q27978,A97
Q27979,A52
Q27980,A88
Q27981,A18
Q27982,A77
Q27983,A1
Q27984,A38
Q27985,A57
Q27986,A39
Q27987,A96
Q27988,A54
Q27989,A18
Q27990,A0
Q27991,A13
Q27992,A32
Q27993,A40
Q27994,A55
Q27995,A19
Q27996,A44
Q27997,A56
Q27998,A97
Q27999,A15
Q28000,A81
Q28001,A39
Q28002,A50
Q28003,A95
Q28004,A39
Q28005,A52
Q28006,A38
Q28007,A37
Q28008,A74
Q28009,A64
Q28010,A39
Q28011,A41
Q28012,A84
Q28013,A94
Q28014,A8
Q28015,A74
Q28016,A6
Q28017,A6
Q28018,A93
Q28019,A85
Q28020,A78
Q28021,A17
Q28022,A71
Q28023,A87
Q28024,A27
Q28025,A63
Q28026,A54
Q28027,A47
Q28028,A46
Q28029,A51
Q28030,A80
Q28031,A72
Q28032,A26
Q28033,A92
Q28034,A3
Q28035,A60
Q28036,A83
Q28037,A95
Q28038,A0
Q28039,A30
Q28040,A43
Q28041,A64
Q28042,A25
Q28043,A64
Q28044,A17
Q28045,A52
Q28046,A47
Q28047,A18
Q28048,A18
Q28049,A83
Q28050,A74
Q28051,A48
Q28052,A54
Q28053,A42
Q28054,A49
Q28055,A51
Q28056,A85
Q28057,A21
Q28058,A83
Q28059,A32
Q28060,A67
Q28061,A6
Q28062,A48
Q28063,A79
Q28064,A37
Q28065,A47
Q28066,A33
Q28067,A8
Q28068,A1
Q28069,A1
Q28070,A87
Q28071,A81
Q28072,A74
Q28073,A48
Q28074,A68
Q28075,A27
Q28076,A38
Q28077,A85
Q28078,A88
Q28079,A7
Q28080,A53
Q28081,A50
Q28082,A64
Q28083,A51
Q28084,A10
Q28085,A77
Q28086,A54
Q28087,A92
Q28088,A69
Q28089,A12
Q28090,A28
Q28091,A10
Q28092,A0
Q28093,A27
Q28094,A85
Q28095,A76
Q28096,A82
Q28097,A2
Q28098,A10
Q28099,A76
Q28100,A23
Q28101,A82
Q28102,A85
Q28103,A71
Q28104,A6
Q28105,A43
Q28106,A7
Q28107,A86
Q28108,A52
Q28109,A22
Q28110,A99
Q28111,A7
Q28112,A1
Q28113,A24
Q28114,A77
Q28115,A99
Q28116,A4
Q28117,A44
Q28118,A23
Q28119,A89
Q28120,A16
Q28121,A98
Q28122,A85
Q28123,A17
Q28124,A21
Q28125,A1
Q28126,A1
Q28127,A43
Q28128,A80
Q28129,A63
Q28130,A36
Q28131,A56
Q28132,A39
Q28133,A40
Q28134,A12
Q28135,A65
Q28136,A28
Q28137,A9
Q28138,A19
Q28139,A4
Q28140,A54
Q28141,A62
Q28142,A71
Q28143,A74
Q28144,A85
Q28145,A83
Q28146,A70
Q28147,A48
Q28148,A66
Q28149,A45
Q28150,A66
Q28151,A81
Q28152,A26
Q28153,A87
Q28154,A38
Q28155,A73
Q28156,A37
Q28157,A79
Q28158,A19
Q28159,A38
Q28160,A86
Q28161,A97
Q28162,A84
Q28163,A39
Q28164,A82
Q28165,A41
Q28166,A10
Q28167,A14
Q28168,A89
Q28169,A60
Q28170,A95
Q28171,A46
Q28172,A91
Q28173,A40
Q28174,A45
Q28175,A86
Q28176,A85
Q28177,A51
Q28178,A75
Q28179,A94
Q28180,A83
Q28181,A52
Q28182,A89
Q28183,A17
Q28184,A42
Q28185,A53
Q28186,A23
Q28187,A10
Q28188,A79
Q28189,A1
Q28190,A74
Q28191,A71
Q28192,A62
Q28193,A78
Q28194,A72
Q28195,A96
Q28196,A46
Q28197,A44
Q28198,A87
Q28199,A64
Q28200,A14
Q28201,A49
Q28202,A54
Q28203,A66
Q28204,A79
Q28205,A4
Q28206,A96
Q28207,A77
Q28208,A59
Q28209,A67
Q28210,A98
Q28211,A85
Q28212,A59
Q28213,A13
Q28214,A53
Q28215,A2
Q28216,A79
Q28217,A68
Q28218,A59
Q28219,A83
Q28220,A3
Q28221,A14
Q28222,A30
Q28223,A19
Q28224,A98
Q28225,A10
Q28226,A85
Q28227,A31
Q28228,A57
Q28229,A21
Q28230,A76
Q28231,A46
Q28232,A77
Q28233,A10
Q28234,A69
Q28235,A7
Q28236,A46
Q28237,A78
Q28238,A88
Q28239,A85
Q28240,A20
Q28241,A71
Q28242,A79
Q28243,A7
Q28244,A22
Q28245,A61
Q28246,A80
Q28247,A21
Q28248,A3
Q28249,A20
Q28250,A29
Q28251,A62
Q28252,A83
Q28253,A92
Q28254,A82
Q28255,A6
Q28256,A97
Q28257,A22
Q28258,A59
Q28259,A48
Q28260,A24
Q28261,A65
Q28262,A34
Q28263,A44
Q28264,A74
Q28265,A82
Q28266,A52
Q28267,A26
Q28268,A44
Q28269,A44
Q28270,A55
Q28271,A69
Q28272,A85
Q28273,A54
Q28274,A63
Q28275,A69
Q28276,A12
Q28277,A94
Q28278,A43
Q28279,A59
Q28280,A82
Q28281,A11
Q28282,A41
Q28283,A43
Q28284,A46
Q28285,A0
Q28286,A38
Q28287,A75
Q28288,A58
Q28289,A16
Q28290,A84
Q28291,A46
Q28292,A34
Q28293,A1
Q28294,A31
Q28295,A48
Q28296,A69
Q28297,A93
Q28298,A76
Q28299,A80
Q28300,A28
Q28301,A1
Q28302,A86
Q28303,A92
Q28304,A61
Q28305,A84
Q28306,A83
Q28307,A74
Q28308,A91
Q28309,A30
Q28310,A34
Q28311,A8
Q28312,A90
Q28313,A29
Q28314,A94
Q28315,A15
Q28316,A0
Q28317,A88
Q28318,A12
Q28319,A84
Q28320,A1
Q28321,A32
Q28322,A17
Q28323,A75
Q28324,A23
Q28325,A59
Q28326,A55
Q28327,A69
Q28328,A31
Q28329,A88
Q28330,A95
Q28331,A13
Q28332,A12
Q28333,A42
Q28334,A13
Q28335,A13
Q28336,A50
Q28337,A27
Q28338,A27
Q28339,A34
Q28340,A20
Q28341,A55
Q28342,A96
Q28343,A78
Q28344,A63
Q28345,A26
Q28346,A47
Q28347,A82
Q28348,A70
Q28349,A85
Q28350,A19
Q28351,A7
Q28352,A32
Q28353,A13
Q28354,A35
Q28355,A49
Q28356,A89
Q28357,A27
Q28358,A31
Q28359,A38
Q28360,A89
Q28361,A0
Q28362,A65
Q28363,A7
Q28364,A20
Q28365,A70
Q28366,A37
Q28367,A54
Q28368,A48
Q28369,A66
Q28370,A57
Q28371,A97
Q28372,A34
Q28373,A95
Q28374,A16
Q28375,A65
Q28376,A72
Q28377,A5
Q28378,A18
Q28379,A27
Q28380,A28
Q28381,A24
Q28382,A85
Q28383,A92
Q28384,A49
Q28385,A15
Q28386,A70
Q28387,A99
Q28388,A34
Q28389,A18
Q28390,A88
Q28391,A20
Q28392,A2
Q28393,A10
Q28394,A90
Q28395,A12
Q28396,A48
Q28397,A15
Q28398,A2
Q28399,A6
Q28400,A47
Q28401,A17
Q28402,A52
Q28403,A67
Q28404,A82
Q28405,A85
Q28406,A80
Q28407,A6
Q28408,A87
Q28409,A85
Q28410,A3
Q28411,A42
Q28412,A0
Q28413,A68
Q28414,A24
Q28415,A45
Q28416,A15
Q28417,A44
Q28418,A11
Q28419,A37
Q28420,A30
Q28421,A48
Q28422,A15
Q28423,A30
Q28424,A48
Q28425,A98
Q28426,A37
Q28427,A36
Q28428,A46
Q28429,A35
Q28430,A30
Q28431,A76
Q28432,A30
Q28433,A31
Q28434,A51
Q28435,A79
Q28436,A31
Q28437,A66
Q28438,A93
Q28439,A34
Q28440,A85
Q28441,A63
Q28442,A94
Q28443,A68
Q28444,A0
Q28445,A78
Q28446,A70
Q28447,A17
Q28448,A5
Q28449,A94
Q28450,A68
Q28451,A38
Q28452,A11
Q28453,A25
Q28454,A17
Q28455,A77
Q28456,A18
Q28457,A99
Q28458,A9
Q28459,A33
Q28460,A28
Q28461,A86
Q28462,A31
Q28463,A97
Q28464,A42
Q28465,A31
Q28466,A85
Q28467,A97
Q28468,A38
Q28469,A35
Q28470,A43
Q28471,A41
Q28472,A39
Q28473,A3
Q28474,A86
Q28475,A41
Q28476,A23
Q28477,A71
Q28478,A55
Q28479,A32
Q28480,A31
Q28481,A47
Q28482,A6
Q28483,A66
Q28484,A57
Q28485,A37
Q28486,A23
Q28487,A88
Q28488,A82
Q28489,A64
Q28490,A88
Q28491,A5
Q28492,A76
Q28493,A77
Q28494,A67
Q28495,A72
Q28496,A15
Q28497,A86
Q28498,A91
Q28499,A17
Q28500,A8
Q28501,A9
Q28502,A29
Q28503,A35
Q28504,A54
Q28505,A53
Q28506,A73
Q28507,A6
Q28508,A80
Q28509,A71
Q28510,A6
Q28511,A74
Q28512,A89
Q28513,A84
Q28514,A72
Q28515,A83
Q28516,A96
Q28517,A76
Q28518,A97
Q28519,A18
Q28520,A96
Q28521,A91
Q28522,A9
Q28523,A21
Q28524,A39
Q28525,A90
Q28526,A59
Q28527,A4
Q28528,A18
Q28529,A4
Q28530,A8
Q28531,A72
Q28532,A65
Q28533,A14
Q28534,A23
Q28535,A96
Q28536,A12
Q28537,A71
Q28538,A72
Q28539,A80
Q28540,A14
Q28541,A13
Q28542,A46
Q28543,A65
Q28544,A65
Q28545,A14
Q28546,A73
Q28547,A9
Q28548,A32
Q28549,A79
Q28550,A16
Q28551,A99
Q28552,A5
Q28553,A94
Q28554,A72
Q28555,A20
Q28556,A91
Q28557,A5
Q28558,A35
Q28559,A8
Q28560,A53
Q28561,A62
Q28562,A16
Q28563,A69
Q28564,A21
Q28565,A17
Q28566,A36
Q28567,A89
Q28568,A89
Q28569,A45
Q28570,A54
Q28571,A58
Q28572,A28
Q28573,A42
Q28574,A50
Q28575,A2
Q28576,A4
Q28577,A75
Q28578,A6
Q28579,A77
Q28580,A35
Q28581,A0
Q28582,A64
Q28583,A97
Q28584,A4
Q28585,A26
Q28586,A52
Q28587,A28
Q28588,A75
Q28589,A23
Q28590,A59
Q28591,A72
Q28592,A29
Q28593,A28
Q28594,A5
Q28595,A78
Q28596,A45
Q28597,A93
Q28598,A92
Q28599,A96
Q28600,A31
Q28601,A47
Q28602,A63
Q28603,A1
Q28604,A93
Q28605,A93
Q28606,A11
Q28607,A81
Q28608,A21
Q28609,A47
Q28610,A97
Q28611,A77
Q28612,A60
Q28613,A23
Q28614,A65
Q28615,A40
Q28616,A57
Q28617,A43
Q28618,A17
Q28619,A15
Q28620,A54
Q28621,A50
Q28622,A90
Q28623,A39
Q28624,A58
Q28625,A67
Q28626,A53
Q28627,A62
Q28628,A4
Q28629,A27
Q28630,A24
Q28631,A73
Q28632,A11
Q28633,A52
Q28634,A47
Q28635,A57
Q28636,A68
Q28637,A14
Q28638,A45
Q28639,A3
Q28640,A98
Q28641,A2
Q28642,A2
Q28643,A17
Q28644,A25
Q28645,A12
Q28646,A5
Q28647,A95
Q28648,A0
Q28649,A39
Q28650,A42
Q28651,A60
Q28652,A83
Q28653,A12
Q28654,A77
Q28655,A68
Q28656,A71
Q28657,A67
Q28658,A60
Q28659,A42
Q28660,A59
Q28661,A84
Q28662,A89
Q28663,A19
Q28664,A71
Q28665,A22
Q28666,A17
Q28667,A42
Q28668,A26
Q28669,A46
Q28670,A81
Q28671,A35
Q28672,A34
Q28673,A84
Q28674,A64
Q28675,A25
Q28676,A12
Q28677,A76
Q28678,A55
Q28679,A24
Q28680,A99
Q28681,A91
Q28682,A4
Q28683,A79
Q28684,A52
Q28685,A83
Q28686,A1
Q28687,A32
Q28688,A36
Q28689,A98
Q28690,A91
Q28691,A49
Q28692,A85
Q28693,A78
Q28694,A97
Q28695,A44
Q28696,A71
Q28697,A35
Q28698,A8
Q28699,A38
Q28700,A71
Q28701,A17
Q28702,A58
Q28703,A46
Q28704,A77
Q28705,A46
Q28706,A94
Q28707,A63
Q28708,A45
Q28709,A80
Q28710,A46
Q28711,A11
Q28712,A62
Q28713,A17
Q28714,A52
Q28715,A16
Q28716,A13
Q28717,A96
Q28718,A55
Q28719,A80
Q28720,A38
Q28721,A24
Q28722,A0
Q28723,A93
Q28724,A59
Q28725,A33
Q28726,A85
Q28727,A27
Q28728,A3
Q28729,A5
Q28730,A60
Q28731,A29
Q28732,A63
Q28733,A39
Q28734,A80
Q28735,A54
Q28736,A33
Q28737,A35
Q28738,A15
Q28739,A50
Q28740,A89
Q28741,A17
Q28742,A74
Q28743,A3
Q28744,A83
Q28745,A26
Q28746,A38
Q28747,A61
Q28748,A10
Q28749,A78
Q28750,A65
Q28751,A89
Q28752,A71
Q28753,A50
Q28754,A34
Q28755,A33
Q28756,A58
Q28757,A24
Q28758,A60
Q28759,A9
Q28760,A79
Q28761,A92
Q28762,A97
Q28763,A27
Q28764,A94
Q28765,A13
Q28766,A70
Q28767,A80
Q28768,A84
Q28769,A2
Q28770,A42
Q28771,A55
Q28772,A34
Q28773,A52
Q28774,A81
Q28775,A84
Q28776,A44
Q28777,A13
Q28778,A7
Q28779,A6
Q28780,A12
Q28781,A27
Q28782,A93
Q28783,A82
Q28784,A88
Q28785,A11
Q28786,A74
Q28787,A86
Q28788,A29
Q28789,A11
Q28790,A70
Q28791,A56
Q28792,A73
Q28793,A60
Q28794,A43
Q28795,A46
Q28796,A46
Q28797,A68
Q28798,A87
Q28799,A76
Q28800,A74
Q28801,A13
Q28802,A52
Q28803,A72
Q28804,A51
Q28805,A46
Q28806,A59
Q28807,A96
Q28808,A70
Q28809,A37
Q28810,A36
Q28811,A96
Q28812,A6
Q28813,A0
Q28814,A67
Q28815,A27
Q28816,A2
Q28817,A74
Q28818,A60
Q28819,A13
Q28820,A81
Q28821,A63
Q28822,A86
Q28823,A56
Q28824,A19
Q28825,A20
Q28826,A9
Q28827,A49
Q28828,A56
Q28829,A18
Q28830,A43
Q28831,A53
Q28832,A53
Q28833,A62
Q28834,A5
Q28835,A73
Q28836,A47
Q28837,A62
Q28838,A81
Q28839,A23
Q28840,A53
Q28841,A21
Q28842,A74
Q28843,A98
Q28844,A49
Q28845,A52
Q28846,A66
Q28847,A77
Q28848,A71
Q28849,A64
Q28850,A45
Q28851,A20
Q28852,A84
Q28853,A82
Q28854,A56
Q28855,A65
Q28856,A16
Q28857,A6
Q28858,A17
Q28859,A53
Q28860,A59
Q28861,A75
Q28862,A34
Q28863,A14
Q28864,A62
Q28865,A37
Q28866,A70
Q28867,A5
Q28868,A34
Q28869,A33
Q28870,A38
Q28871,A27
Q28872,A78
Q28873,A50
Q28874,A9
Q28875,A6
Q28876,A51
Q28877,A68
Q28878,A59
Q28879,A48
Q28880,A19
Q28881,A54
Q28882,A17
Q28883,A69
Q28884,A19
Q28885,A51
Q28886,A93
Q28887,A64
Q28888,A82
Q28889,A55
Q28890,A40
Q28891,A94
Q28892,A16
Q28893,A82
Q28894,A80
Q28895,A14
Q28896,A54
Q28897,A30
Q28898,A48
Q28899,A3
Q28900,A15
Q28901,A37
Q28902,A47
Q28903,A75
Q28904,A52
Q28905,A1
Q28906,A81
Q28907,A69
Q28908,A81
Q28909,A21
Q28910,A13
Q28911,A23
Q28912,A76
Q28913,A81
Q28914,A79
Q28915,A98
Q28916,A60
Q28917,A92
Q28918,A26
Q28919,A88
Q28920,A84
Q28921,A93
Q28922,A66
Q28923,A35
Q28924,A94
Q28925,A61
Q28926,A33
Q28927,A19
Q28928,A80
Q28929,A90
Q28930,A98
Q28931,A80
Q28932,A15
Q28933,A14
Q28934,A50
Q28935,A34
Q28936,A99
Q28937,A98
Q28938,A34
Q28939,A34
Q28940,A97
Q28941,A63
Q28942,A71
Q28943,A47
Q28944,A10
Q28945,A99
Q28946,A63
Q28947,A28
Q28948,A31
Q28949,A46
Q28950,A2
Q28951,A85
Q28952,A13
Q28953,A4
Q28954,A3
Q28955,A68
Q28956,A44
Q28957,A15
Q28958,A46
Q28959,A27
Q28960,A50
Q28961,A12
Q28962,A65
Q28963,A53
Q28964,A47
Q28965,A62
Q28966,A66
Q28967,A21
Q28968,A22
Q28969,A90
Q28970,A17
Q28971,A13
Q28972,A72
Q28973,A49
Q28974,A97
Q28975,A96
Q28976,A72
Q28977,A97
Q28978,A3
Q28979,A23
Q28980,A20
Q28981,A3
Q28982,A15
Q28983,A19
Q28984,A43
Q28985,A24
Q28986,A39
Q28987,A80
Q28988,A63
Q28989,A42
Q28990,A74
Q28991,A44
Q28992,A66
Q28993,A95
Q28994,A76
Q28995,A36
Q28996,A89
Q28997,A74
Q28998,A12
Q28999,A78
Q29000,A65
Q29001,A32
Q29002,A29
Q29003,A57
Q29004,A33
Q29005,A63
Q29006,A67
Q29007,A31
Q29008,A98
Q29009,A77
Q29010,A53
Q29011,A51
Q29012,A95
Q29013,A88
Q29014,A42
Q29015,A36
Q29016,A40
Q29017,A97
Q29018,A7
Q29019,A62
Q29020,A78
Q29021,A22
Q29022,A67
Q29023,A47
Q29024,A16
Q29025,A53
Q29026,A87
Q29027,A15
Q29028,A98
Q29029,A47
Q29030,A66
Q29031,A79
Q29032,A54
Q29033,A32
Q29034,A18
Q29035,A47
Q29036,A4
Q29037,A87
Q29038,A9
Q29039,A97
Q29040,A76
Q29041,A69
Q29042,A88
Q29043,A78
Q29044,A8
Q29045,A10
Q29046,A52
Q29047,A41
Q29048,A67
Q29049,A30
Q29050,A39
Q29051,A49
Q29052,A64
Q29053,A74
Q29054,A57
Q29055,A51
Q29056,A70
Q29057,A23
Q29058,A79
Q29059,A79
Q29060,A71
Q29061,A53
Q29062,A88
Q29063,A78
Q29064,A46
Q29065,A85
Q29066,A42
Q29067,A65
Q29068,A93
Q29069,A93
Q29070,A89
Q29071,A33
Q29072,A35
Q29073,A98
Q29074,A88
Q29075,A12
Q29076,A50
Q29077,A97
Q29078,A15
Q29079,A95
Q29080,A46
Q29081,A31
Q29082,A74
Q29083,A74
Q29084,A69
Q29085,A6
Q29086,A52
Q29087,A75
Q29088,A98
Q29089,A1
Q29090,A38
Q29091,A65
Q29092,A77
Q29093,A85
Q29094,A83
Q29095,A89
Q29096,A29
Q29097,A20
Q29098,A1
Q29099,A10
Q29100,A35
Q29101,A36
Q29102,A32
Q29103,A82
Q29104,A40
Q29105,A62
Q29106,A52
Q29107,A10
Q29108,A96
Q29109,A93
Q29110,A56
Q29111,A23
Q29112,A24
Q29113,A21
Q29114,A3
Q29115,A42
Q29116,A84
Q29117,A68
Q29118,A46
Q29119,A48
Q29120,A57
Q29121,A98
Q29122,A46
Q29123,A12
Q29124,A72
Q29125,A43
Q29126,A17
Q29127,A6
Q29128,A23
Q29129,A34
Q29130,A24
Q29131,A22
Q29132,A60
Q29133,A5
Q29134,A44
Q29135,A32
Q29136,A80
Q29137,A20
Q29138,A32
Q29139,A90
Q29140,A32
Q29141,A10
Q29142,A86
Q29143,A62
Q29144,A84
Q29145,A46
Q29146,A60
Q29147,A46
Q29148,A98
Q29149,A84
Q29150,A74
Q29151,A13
Q29152,A31
Q29153,A22
Q29154,A1
Q29155,A78
Q29156,A32
Q29157,A63
Q29158,A27
Q29159,A25
Q29160,A39
Q29161,A95
Q29162,A70
Q29163,A73
Q29164,A59
Q29165,A70
Q29166,A90
Q29167,A66
Q29168,A28
Q29169,A86
Q29170,A4
Q29171,A29
Q29172,A22
Q29173,A42
Q29174,A97
Q29175,A41
Q29176,A95
Q29177,A35
Q29178,A1
Q29179,A53
Q29180,A48
Q29181,A27
Q29182,A97
Q29183,A91
Q29184,A50
Q29185,A8
Q29186,A17
Q29187,A0
Q29188,A17
Q29189,A85
Q29190,A17
Q29191,A10
Q29192,A43
Q29193,A6
Q29194,A95
Q29195,A32
Q29196,A44
Q29197,A83
Q29198,A50
Q29199,A64
Q29200,A27
Q29201,A96
Q29202,A11
Q29203,A92
Q29204,A73
Q29205,A72
Q29206,A42
Q29207,A52
Q29208,A94
Q29209,A73
Q29210,A18
Q29211,A0
Q29212,A31
Q29213,A86
Q29214,A64
Q29215,A90
Q29216,A44
Q29217,A31
Q29218,A1
Q29219,A13
Q29220,A38
Q29221,A9
Q29222,A7
Q29223,A38
Q29224,A89
Q29225,A4
Q29226,A36
Q29227,A76
Q29228,A35
Q29229,A82
Q29230,A19
Q29231,A81
Q29232,A44
Q29233,A68
Q29234,A44
Q29235,A74
Q29236,A48
Q29237,A48
Q29238,A30
Q29239,A2
Q29240,A80
Q29241,A87
Q29242,A5
Q29243,A79
Q29244,A16
Q29245,A48
Q29246,A58
Q29247,A22
Q29248,A84
Q29249,A76
Q29250,A13
Q29251,A92
Q29252,A81
Q29253,A77
Q29254,A12
Q29255,A17
Q29256,A29
Q29257,A14
Q29258,A77
Q29259,A20
Q29260,A31
Q29261,A42
Q29262,A43
Q29263,A11
Q29264,A41
Q29265,A92
Q29266,A91
Q29267,A60
Q29268,A5
Q29269,A30
Q29270,A30
Q29271,A16
Q29272,A90
Q29273,A60
Q29274,A26
Q29275,A0
Q29276,A54
Q29277,A40
Q29278,A43
Q29279,A11
Q29280,A38
Q29281,A54
Q29282,A68
Q29283,A62
Q29284,A34
Q29285,A66
Q29286,A56
Q29287,A14
Q29288,A74
Q29289,A37
Q29290,A27
Q29291,A6
Q29292,A36
Q29293,A7
Q29294,A29
Q29295,A33
Q29296,A17
Q29297,A56
Q29298,A88
Q29299,A23
Q29300,A17
Q29301,A89
Q29302,A1
Q29303,A20
Q29304,A60
Q29305,A59
Q29306,A83
Q29307,A2
Q29308,A47
Q29309,A29
Q29310,A12
Q29311,A89
Q29312,A58
Q29313,A89
Q29314,A38
Q29315,A57
Q29316,A12
Q29317,A31
Q29318,A69
Q29319,A66
Q29320,A59
Q29321,A16
Q29322,A1
Q29323,A3
Q29324,A62
Q29325,A35
Q29326,A86
Q29327,A96
Q29328,A10
Q29329,A10
Q29330,A21
Q29331,A52
Q29332,A34
Q29333,A31
Q29334,A21
Q29335,A36
Q29336,A62
Q29337,A12
Q29338,A24
Q29339,A33
Q29340,A74
Q29341,A3
Q29342,A46
Q29343,A99
Q29344,A9
Q29345,A18
Q29346,A10
Q29347,A28
Q29348,A82
Q29349,A85
Q29350,A49
Q29351,A8
Q29352,A59
Q29353,A31
Q29354,A15
Q29355,A90
Q29356,A79
Q29357,A19
Q29358,A95
Q29359,A75
Q29360,A30
Q29361,A72
Q29362,A33
Q29363,A1
Q29364,A65
Q29365,A80
Q29366,A22
Q29367,A59
Q29368,A80
Q29369,A26
Q29370,A86
Q29371,A87
Q29372,A64
Q29373,A16
Q29374,A61
Q29375,A56
Q29376,A96
Q29377,A39
Q29378,A12
Q29379,A36
Q29380,A22
Q29381,A14
Q29382,A7
Q29383,A91
Q29384,A46
Q29385,A3
Q29386,A31
Q29387,A6
Q29388,A11
Q29389,A75
Q29390,A72
Q29391,A4
Q29392,A19
Q29393,A28
Q29394,A15
Q29395,A17
Q29396,A77
Q29397,A95
Q29398,A41
Q29399,A0
Q29400,A80
Q29401,A77
Q29402,A58
Q29403,A6
Q29404,A90
Q29405,A0
Q29406,A10
Q29407,A99
Q29408,A81
Q29409,A63
Q29410,A60
Q29411,A1
Q29412,A38
Q29413,A17
Q29414,A94
Q29415,A81
Q29416,A13
Q29417,A40
Q29418,A13
Q29419,A37
Q29420,A69
Q29421,A83
Q29422,A76
Q29423,A98
Q29424,A15
Q29425,A61
Q29426,A30
Q29427,A70
Q29428,A23
Q29429,A20
Q29430,A8
Q29431,A27
Q29432,A44
Q29433,A19
Q29434,A67
Q29435,A96
Q29436,A6
Q29437,A75
Q29438,A15
Q29439,A44
Q29440,A88
Q29441,A25
Q29442,A45
Q29443,A35
Q29444,A6
Q29445,A73
Q29446,A5
Q29447,A25
Q29448,A91
Q29449,A7
Q29450,A39
Q29451,A13
Q29452,A50
Q29453,A67
Q29454,A56
Q29455,A23
Q29456,A56
Q29457,A39
Q29458,A83
Q29459,A45
Q29460,A94
Q29461,A23
Q29462,A49
Q29463,A21
Q29464,A96
Q29465,A52
Q29466,A87
Q29467,A25
Q29468,A34
Q29469,A94
Q29470,A94
Q29471,A81
Q29472,A72
Q29473,A68
Q29474,A21
Q29475,A61
Q29476,A84
Q29477,A14
Q29478,A82
Q29479,A60
Q29480,A67
Q29481,A80
Q29482,A35
Q29483,A81
Q29484,A74
Q29485,A66
Q29486,A9
Q29487,A68
Q29488,A89
Q29489,A27
Q29490,A55
Q29491,A49
Q29492,A62
Q29493,A43
Q29494,A50
Q29495,A4
Q29496,A4
Q29497,A93
Q29498,A74
Q29499,A81
Q29500,A11
Q29501,A94
Q29502,A21
Q29503,A39
Q29504,A79
Q29505,A3
Q29506,A37
Q29507,A86
Q29508,A69
Q29509,A3
Q29510,A69
Q29511,A89
Q29512,A84
Q29513,A1
Q29514,A33
Q29515,A90
Q29516,A81
Q29517,A87
Q29518,A78
Q29519,A20
Q29520,A86
Q29521,A54
Q29522,A58
Q29523,A64
Q29524,A56
Q29525,A79
Q29526,A49
Q29527,A75
Q29528,A53
Q29529,A60
Q29530,A37
Q29531,A92
Q29532,A27
Q29533,A23
Q29534,A13
Q29535,A47
Q29536,A36
Q29537,A87
Q29538,A78
Q29539,A31
Q29540,A26
Q29541,A35
Q29542,A57
Q29543,A45
Q29544,A71
Q29545,A72
Q29546,A51
Q29547,A63
Q29548,A68
Q29549,A11
Q29550,A8
Q29551,A64
Q29552,A84
Q29553,A48
Q29554,A96
Q29555,A19
Q29556,A85
Q29557,A9
Q29558,A6
Q29559,A33
Q29560,A31
Q29561,A63
Q29562,A81
Q29563,A35
Q29564,A54
Q29565,A98
Q29566,A72
Q29567,A49
Q29568,A92
Q29569,A12
Q29570,A69
Q29571,A62
Q29572,A26
Q29573,A11
Q29574,A74
Q29575,A85
Q29576,A5
Q29577,A88
Q29578,A21
Q29579,A30
Q29580,A25
Q29581,A93
Q29582,A0
Q29583,A3
Q29584,A97
Q29585,A79
Q29586,A48
Q29587,A25
Q29588,A33
Q29589,A21
Q29590,A7
Q29591,A20
Q29592,A19
Q29593,A54
Q29594,A30
Q29595,A72
Q29596,A55
Q29597,A29
Q29598,A50
Q29599,A69
Q29600,A23
Q29601,A9
Q29602,A37
Q29603,A94
Q29604,A91
Q29605,A79
Q29606,A69
Q29607,A35
Q29608,A24
Q29609,A74
Q29610,A42
Q29611,A41
Q29612,A78
Q29613,A93
Q29614,A15
Q29615,A91
Q29616,A55
Q29617,A44
Q29618,A17
Q29619,A24
Q29620,A39
Q29621,A13
Q29622,A38
Q29623,A97
Q29624,A77
Q29625,A2
Q29626,A98
Q29627,A75
Q29628,A59
Q29629,A2
Q29630,A55
Q29631,A73
Q29632,A16
Q29633,A86
Q29634,A32
Q29635,A86
Q29636,A94
Q29637,A27
Q29638,A65
Q29639,A56
Q29640,A15
Q29641,A22
Q29642,A79
Q29643,A14
Q29644,A94
Q29645,A57
Q29646,A11
Q29647,A91
Q29648,A95
Q29649,A58
Q29650,A82
Q29651,A10
Q29652,A46
Q29653,A58
Q29654,A14
Q29655,A67
Q29656,A92
Q29657,A47
Q29658,A70
Q29659,A34
Q29660,A23
Q29661,A19
Q29662,A26
Q29663,A4
Q29664,A69
Q29665,A69
Q29666,A43
Q29667,A24
Q29668,A60
Q29669,A84
Q29670,A90
Q29671,A99
Q29672,A24
Q29673,A74
Q29674,A67
Q29675,A65
Q29676,A5
Q29677,A40
Q29678,A45
Q29679,A93
Q29680,A54
Q29681,A95
Q29682,A70
Q29683,A42
Q29684,A25
Q29685,A84
Q29686,A39
Q29687,A69
Q29688,A74
Q29689,A40
Q29690,A78
Q29691,A7
Q29692,A98
Q29693,A2
Q29694,A67
Q29695,A46
Q29696,A38
Q29697,A7
Q29698,A31
Q29699,A66
Q29700,A58
Q29701,A97
Q29702,A32
Q29703,A14
Q29704,A90
Q29705,A92
Q29706,A49
Q29707,A74
Q29708,A98
Q29709,A27
Q29710,A87
Q29711,A62
Q29712,A75
Q29713,A47
Q29714,A38
Q29715,A99
Q29716,A46
Q29717,A75
Q29718,A35
Q29719,A33
Q29720,A30
Q29721,A89
Q29722,A30
Q29723,A25
Q29724,A58
Q29725,A23
Q29726,A5
Q29727,A61
Q29728,A11
Q29729,A52
Q29730,A73
Q29731,A37
Q29732,A7
Q29733,A37
Q29734,A39
Q29735,A63
Q29736,A78
Q29737,A65
Q29738,A58
Q29739,A61
Q29740,A63
Q29741,A40
Q29742,A84
Q29743,A91
Q29744,A77
Q29745,A27
Q29746,A86
Q29747,A28
Q29748,A27
Q29749,A82
Q29750,A53
Q29751,A81
Q29752,A28
Q29753,A42
Q29754,A15
Q29755,A16
Q29756,A94
Q29757,A96
Q29758,A45
Q29759,A58
Q29760,A64
Q29761,A35
Q29762,A88
Q29763,A32
Q29764,A14
Q29765,A99
Q29766,A13
Q29767,A97
Q29768,A6
Q29769,A33
Q29770,A74
Q29771,A11
Q29772,A93
Q29773,A69
Q29774,A60
Q29775,A79
Q29776,A95
Q29777,A49
Q29778,A5
Q29779,A63
Q29780,A19
Q29781,A17
Q29782,A87
Q29783,A28
Q29784,A19
Q29785,A52
Q29786,A13
Q29787,A60
Q29788,A97
Q29789,A7
Q29790,A60
Q29791,A91
Q29792,A60
Q29793,A54
Q29794,A53
Q29795,A6
Q29796,A29
Q29797,A81
Q29798,A2
Q29799,A16
Q29800,A71
Q29801,A25
Q29802,A63
Q29803,A14
Q29804,A59
Q29805,A57
Q29806,A90
Q29807,A81
Q29808,A19
Q29809,A23
Q29810,A40
Q29811,A18
Q29812,A14
Q29813,A55
Q29814,A31
Q29815,A95
Q29816,A98
Q29817,A2
Q29818,A55
Q29819,A10
Q29820,A12
Q29821,A62
Q29822,A24
Q29823,A69
Q29824,A19
Q29825,A48
Q29826,A26
Q29827,A73
Q29828,A24
Q29829,A36
Q29830,A38
Q29831,A98
Q29832,A3
Q29833,A69
Q29834,A26
Q29835,A62
Q29836,A62
Q29837,A87
Q29838,A99
Q29839,A32
Q29840,A4
Q29841,A31
Q29842,A37
Q29843,A60
Q29844,A91
Q29845,A84
Q29846,A72
Q29847,A16
Q29848,A37
Q29849,A17
Q29850,A53
Q29851,A78
Q29852,A87
Q29853,A34
Q29854,A12
Q29855,A96
Q29856,A61
Q29857,A48
Q29858,A66
Q29859,A65
Q29860,A64
Q29861,A42
Q29862,A29
Q29863,A51
Q29864,A17
Q29865,A85
Q29866,A69
Q29867,A7
Q29868,A10
Q29869,A73
Q29870,A59
Q29871,A36
Q29872,A59
Q29873,A59
Q29874,A72
Q29875,A58
Q29876,A94
Q29877,A92
Q29878,A52
Q29879,A46
Q29880,A29
Q29881,A32
Q29882,A57
Q29883,A58
Q29884,A94
Q29885,A44
Q29886,A25
Q29887,A95
Q29888,A96
Q29889,A5
Q29890,A27
Q29891,A47
Q29892,A43
Q29893,A49
Q29894,A35
Q29895,A0
Q29896,A24
Q29897,A15
Q29898,A99
Q29899,A15
Q29900,A69
Q29901,A16
Q29902,A30
Q29903,A15
Q29904,A43
Q29905,A2
Q29906,A51
Q29907,A3
Q29908,A12
Q29909,A98
Q29910,A17
Q29911,A94
Q29912,A43
Q29913,A36
Q29914,A57
Q29915,A87
Q29916,A13
Q29917,A72
Q29918,A61
Q29919,A53
Q29920,A37
Q29921,A26
Q29922,A60
Q29923,A8
Q29924,A65
Q29925,A71
Q29926,A18
Q29927,A23
Q29928,A1
Q29929,A95
Q29930,A22
Q29931,A42
Q29932,A66
Q29933,A90
Q29934,A66
Q29935,A66
Q29936,A34
Q29937,A98
Q29938,A2
Q29939,A87
Q29940,A32
Q29941,A36
Q29942,A25
Q29943,A29
Q29944,A15
Q29945,A26
Q29946,A33
Q29947,A87
Q29948,A5
Q29949,A30
Q29950,A22
Q29951,A81
Q29952,A65
Q29953,A50
Q29954,A10
Q29955,A84
Q29956,A90
Q29957,A61
Q29958,A75
Q29959,A40
Q29960,A94
Q29961,A14
Q29962,A38
Q29963,A96
Q29964,A79
Q29965,A72
Q29966,A8
Q29967,A63
Q29968,A59
Q29969,A22
Q29970,A96
Q29971,A83
Q29972,A98
Q29973,A14
Q29974,A64
Q29975,A56
Q29976,A11
Q29977,A12
Q29978,A52
Q29979,A27
Q29980,A70
Q29981,A36
Q29982,A12
Q29983,A74
Q29984,A46
Q29985,A86
Q29986,A29
Q29987,A76
Q29988,A8
Q29989,A57
Q29990,A30
Q29991,A92
Q29992,A38
Q29993,A24
Q29994,A71
Q29995,A94
Q29996,A70
Q29997,A73
Q29998,A14
Q29999,A22
Q30000,A39
Q30001,A9
Q30002,A94
Q30003,A73
Q30004,A6
Q30005,A19
Q30006,A91
Q30007,A54
Q30008,A48
Q30009,A11
Q30010,A21
Q30011,A63
Q30012,A96
Q30013,A31
Q30014,A76
Q30015,A67
Q30016,A72
Q30017,A16
Q30018,A60
Q30019,A45
Q30020,A65
Q30021,A79
Q30022,A94
Q30023,A67
Q30024,A2
Q30025,A20
Q30026,A0
Q30027,A90
Q30028,A44
Q30029,A28
Q30030,A54
Q30031,A57
Q30032,A87
Q30033,A40
Q30034,A53
Q30035,A54
Q30036,A98
Q30037,A46
Q30038,A26
Q30039,A63
Q30040,A35
Q30041,A28
Q30042,A10
Q30043,A18
Q30044,A23
Q30045,A15
Q30046,A19
Q30047,A13
Q30048,A78
Q30049,A82
Q30050,A54
Q30051,A12
Q30052,A49
Q30053,A53
Q30054,A41
Q30055,A59
Q30056,A93
Q30057,A97
Q30058,A71
Q30059,A81
Q30060,A74
Q30061,A7
Q30062,A78
Q30063,A44
Q30064,A0
Q30065,A99
Q30066,A91
Q30067,A37
Q30068,A32
Q30069,A20
Q30070,A12
Q30071,A76
Q30072,A19
Q30073,A55
Q30074,A88
Q30075,A5
Q30076,A56
Q30077,A78
Q30078,A16
Q30079,A56
Q30080,A70
Q30081,A38
Q30082,A58
Q30083,A10
Q30084,A89
Q30085,A17
Q30086,A75
Q30087,A45
Q30088,A68
Q30089,A66
Q30090,A24
Q30091,A90
Q30092,A18
Q30093,A2
Q30094,A58
Q30095,A60
Q30096,A24
Q30097,A51
Q30098,A51
Q30099,A38
Q30100,A5
Q30101,A10
Q30102,A82
Q30103,A46
Q30104,A62
Q30105,A71
Q30106,A62
Q30107,A57
Q30108,A62
Q30109,A59
Q30110,A66
Q30111,A17
Q30112,A80
Q30113,A88
Q30114,A16
Q30115,A67
Q30116,A14
Q30117,A36
Q30118,A1
Q30119,A43
Q30120,A58
Q30121,A7
Q30122,A2
Q30123,A91
Q30124,A79
Q30125,A30
Q30126,A53
Q30127,A10
Q30128,A76
Q30129,A53
Q30130,A41
Q30131,A43
Q30132,A21
Q30133,A46
Q30134,A2
Q30135,A80
Q30136,A20
Q30137,A77
Q30138,A6
Q30139,A9
Q30140,A2
Q30141,A73
Q30142,A58
Q30143,A15
Q30144,A77
Q30145,A56
Q30146,A96
Q30147,A26
Q30148,A80
Q30149,A89
Q30150,A38
Q30151,A81
Q30152,A36
Q30153,A32
Q30154,A14
Q30155,A6
Q30156,A95
Q30157,A71
Q30158,A39
Q30159,A23
Q30160,A53
Q30161,A1
Q30162,A70
Q30163,A53
Q30164,A37
Q30165,A7
Q30166,A35
Q30167,A35
Q30168,A13
Q30169,A68
Q30170,A94
Q30171,A7
Q30172,A0
Q30173,A69
Q30174,A66
Q30175,A16
Q30176,A11
Q30177,A80
Q30178,A38
Q30179,A31
Q30180,A6
Q30181,A77
Q30182,A71
Q30183,A83
Q30184,A67
Q30185,A4
Q30186,A74
Q30187,A57
Q30188,A38
Q30189,A70
Q30190,A58
Q30191,A58
Q30192,A78
Q30193,A95
Q30194,A1
Q30195,A1
Q30196,A17
Q30197,A64
Q30198,A90
Q30199,A15
Q30200,A2
Q30201,A13
Q30202,A39
Q30203,A82
Q30204,A96
Q30205,A34
Q30206,A90
Q30207,A29
Q30208,A38
Q30209,A64
Q30210,A45
Q30211,A29
Q30212,A38
Q30213,A44
Q30214,A1
Q30215,A16
Q30216,A18
Q30217,A17
Q30218,A40
Q30219,A91
Q30220,A49
Q30221,A25
Q30222,A12
Q30223,A65
Q30224,A9
Q30225,A10
Q30226,A96
Q30227,A42
Q30228,A85
Q30229,A39
Q30230,A83
Q30231,A31
Q30232,A92
Q30233,A47
Q30234,A24
Q30235,A21
Q30236,A15
Q30237,A80
Q30238,A76
Q30239,A95
Q30240,A53
Q30241,A0
Q30242,A57
Q30243,A62
Q30244,A61
Q30245,A85
Q30246,A33
Q30247,A48
Q30248,A24
Q30249,A0
Q30250,A38
Q30251,A16
Q30252,A6
Q30253,A37
Q30254,A22
Q30255,A96
Q30256,A36
Q30257,A23
Q30258,A60
Q30259,A33
Q30260,A46
Q30261,A51
Q30262,A56
Q30263,A85
Q30264,A72
Q30265,A7
Q30266,A71
Q30267,A29
Q30268,A39
Q30269,A36
Q30270,A96
Q30271,A27
Q30272,A42
Q30273,A45
Q30274,A75
Q30275,A95
Q30276,A44
Q30277,A32
Q30278,A24
Q30279,A3
Q30280,A88
Q30281,A80
Q30282,A98
Q30283,A23
Q30284,A44
Q30285,A71
Q30286,A93
Q30287,A24
Q30288,A4
Q30289,A2
Q30290,A99
Q30291,A63
Q30292,A45
Q30293,A48
Q30294,A32
Q30295,A75
Q30296,A19
Q30297,A68
Q30298,A72
Q30299,A31
Q30300,A88
Q30301,A48
Q30302,A59
Q30303,A65
Q30304,A29
Q30305,A62
Q30306,A18
Q30307,A39
Q30308,A64
Q30309,A85
Q30310,A77
Q30311,A58
Q30312,A50
Q30313,A38
Q30314,A43
Q30315,A84
Q30316,A68
Q30317,A92
Q30318,A28
Q30319,A60
Q30320,A58
Q30321,A99
Q30322,A71
Q30323,A66
Q30324,A91
Q30325,A38
Q30326,A39
Q30327,A55
Q30328,A59
Q30329,A42
Q30330,A17
Q30331,A16
Q30332,A36
Q30333,A89
Q30334,A61
Q30335,A4
Q30336,A68
Q30337,A40
Q30338,A14
Q30339,A79
Q30340,A37
Q30341,A68
Q30342,A61
Q30343,A86
Q30344,A37
Q30345,A13
Q30346,A87
Q30347,A11
Q30348,A45
Q30349,A57
Q30350,A70
Q30351,A65
Q30352,A33
Q30353,A42
Q30354,A50
Q30355,A11
Q30356,A92
Q30357,A77
Q30358,A66
Q30359,A2
Q30360,A30
Q30361,A46
Q30362,A81
Q30363,A68
Q30364,A51
Q30365,A81
Q30366,A88
Q30367,A9
Q30368,A44
Q30369,A9
Q30370,A78
Q30371,A22
Q30372,A21
Q30373,A87
Q30374,A12
Q30375,A27
Q30376,A2
Q30377,A43
Q30378,A4
Q30379,A61
Q30380,A97
Q30381,A79
Q30382,A28
Q30383,A20
Q30384,A57
Q30385,A63
Q30386,A15
Q30387,A77
Q30388,A23
Q30389,A33
Q30390,A53
Q30391,A67
Q30392,A12
Q30393,A34
Q30394,A95
Q30395,A48
Q30396,A88
Q30397,A46
Q30398,A6
Q30399,A92
Q30400,A60
Q30401,A63
Q30402,A17
Q30403,A68
Q30404,A83
Q30405,A90
Q30406,A77
Q30407,A44
Q30408,A58
Q30409,A81
Q30410,A33
Q30411,A22
Q30412,A67
Q30413,A95
Q30414,A61
Q30415,A71
Q30416,A12
Q30417,A42
Q30418,A79
Q30419,A6
Q30420,A34
Q30421,A54
Q30422,A52
Q30423,A16
Q30424,A12
Q30425,A20
Q30426,A50
Q30427,A93
Q30428,A33
Q30429,A95
Q30430,A88
Q30431,A95
Q30432,A55
Q30433,A1
Q30434,A1
Q30435,A71
Q30436,A20
Q30437,A81
Q30438,A35
Q30439,A15
Q30440,A30
Q30441,A3
Q30442,A0
Q30443,A7
Q30444,A28
Q30445,A95
Q30446,A17
Q30447,A87
Q30448,A24
Q30449,A23
Q30450,A82
Q30451,A66
Q30452,A19
Q30453,A56
Q30454,A30
Q30455,A72
Q30456,A68
Q30457,A36
Q30458,A58
Q30459,A35
Q30460,A20
Q30461,A3
Q30462,A63
Q30463,A95
Q30464,A32
Q30465,A72
Q30466,A37
Q30467,A84
Q30468,A82
Q30469,A22
Q30470,A59
Q30471,A59
Q30472,A22
Q30473,A24
Q30474,A59
Q30475,A46
Q30476,A83
Q30477,A75
Q30478,A68
Q30479,A99
Q30480,A58
Q30481,A57
Q30482,A78
Q30483,A95
Q30484,A51
Q30485,A60
Q30486,A83
Q30487,A90
Q30488,A44
Q30489,A18
Q30490,A30
Q30491,A63
Q30492,A42
Q30493,A47
Q30494,A16
Q30495,A13
Q30496,A33
Q30497,A48
Q30498,A10
Q30499,A93
Q30500,A26
Q30501,A79
Q30502,A43
Q30503,A13
Q30504,A92
Q30505,A22
Q30506,A69
Q30507,A31
Q30508,A11
Q30509,A38
Q30510,A98
Q30511,A2
Q30512,A43
Q30513,A64
Q30514,A70
Q30515,A64
Q30516,A11
Q30517,A67
Q30518,A53
Q30519,A53
Q30520,A17
Q30521,A51
Q30522,A49
Q30523,A1
Q30524,A80
Q30525,A93
Q30526,A8
Q30527,A94
Q30528,A82
Q30529,A89
Q30530,A25
Q30531,A64
Q30532,A80
Q30533,A40
Q30534,A5
Q30535,A83
Q30536,A30
Q30537,A44
Q30538,A24
Q30539,A66
Q30540,A53
Q30541,A54
Q30542,A9
Q30543,A15
Q30544,A40
Q30545,A50
Q30546,A20
Q30547,A84
Q30548,A64
Q30549,A49
Q30550,A84
Q30551,A67
Q30552,A70
Q30553,A59
Q30554,A7
Q30555,A18
Q30556,A63
Q30557,A94
Q30558,A92
Q30559,A32
Q30560,A77
Q30561,A37
Q30562,A88
Q30563,A38
Q30564,A75
Q30565,A31
Q30566,A6
Q30567,A42
Q30568,A55
Q30569,A16
Q30570,A86
Q30571,A60
Q30572,A66
Q30573,A88
Q30574,A52
Q30575,A67
Q30576,A63
Q30577,A6
Q30578,A84
Q30579,A91
Q30580,A18
Q30581,A97
Q30582,A42
Q30583,A99
Q30584,A8
Q30585,A94
Q30586,A86
Q30587,A54
Q30588,A14
Q30589,A78
Q30590,A64
Q30591,A58
Q30592,A0
Q30593,A40
Q30594,A94
Q30595,A5
Q30596,A49
Q30597,A77
Q30598,A71
Q30599,A98
Q30600,A57
Q30601,A69
Q30602,A55
Q30603,A11
Q30604,A27
Q30605,A80
Q30606,A64
Q30607,A57
Q30608,A29
Q30609,A5
Q30610,A6
Q30611,A48
Q30612,A52
Q30613,A61
Q30614,A31
Q30615,A59
Q30616,A74
Q30617,A58
Q30618,A34
Q30619,A74
Q30620,A35
Q30621,A0
Q30622,A91
Q30623,A27
Q30624,A76
Q30625,A15
Q30626,A61
Q30627,A99
Q30628,A77
Q30629,A71
Q30630,A40
Q30631,A0
Q30632,A91
Q30633,A84
Q30634,A91
Q30635,A56
Q30636,A87
Q30637,A10
Q30638,A53
Q30639,A82
Q30640,A14
Q30641,A80
Q30642,A62
Q30643,A41
Q30644,A37
Q30645,A54
Q30646,A44
Q30647,A39
Q30648,A58
Q30649,A12
Q30650,A30
Q30651,A6
Q30652,A88
Q30653,A40
Q30654,A18
Q30655,A55
Q30656,A70
Q30657,A40
Q30658,A67
Q30659,A75
Q30660,A83
Q30661,A65
Q30662,A55
Q30663,A58
Q30664,A1
Q30665,A4
Q30666,A43
Q30667,A42
Q30668,A17
Q30669,A38
Q30670,A6
Q30671,A50
Q30672,A78
Q30673,A43
Q30674,A86
Q30675,A44
Q30676,A61
Q30677,A81
Q30678,A56
Q30679,A77
Q30680,A47
Q30681,A6
Q30682,A5
Q30683,A4
Q30684,A57
Q30685,A6
Q30686,A39
Q30687,A25
Q30688,A45
Q30689,A36
Q30690,A3
Q30691,A56
Q30692,A50
Q30693,A43
Q30694,A31
Q30695,A68
Q30696,A79
Q30697,A35
Q30698,A5
Q30699,A58
Q30700,A52
Q30701,A77
Q30702,A95
Q30703,A50
Q30704,A20
Q30705,A24
Q30706,A69
Q30707,A21
Q30708,A28
Q30709,A97
Q30710,A87
Q30711,A44
Q30712,A65
Q30713,A62
Q30714,A64
Q30715,A56
Q30716,A80
Q30717,A10
Q30718,A9
Q30719,A55
Q30720,A72
Q30721,A50
Q30722,A53
Q30723,A61
Q30724,A60
Q30725,A39
Q30726,A30
Q30727,A87
Q30728,A33
Q30729,A19
Q30730,A75
Q30731,A0
Q30732,A44
Q30733,A32
Q30734,A5
Q30735,A63
Q30736,A92
Q30737,A33
Q30738,A18
Q30739,A71
Q30740,A41
Q30741,A3
Q30742,A2
Q30743,A35
Q30744,A11
Q30745,A11
Q30746,A83
Q30747,A93
Q30748,A11
Q30749,A28
Q30750,A45
Q30751,A27
Q30752,A26
Q30753,A92
Q30754,A97
Q30755,A89
Q30756,A27
Q30757,A86
Q30758,A56
Q30759,A55
Q30760,A39
Q30761,A44
Q30762,A32
Q30763,A53
Q30764,A22
Q30765,A74
Q30766,A29
Q30767,A32
Q30768,A76
Q30769,A82
Q30770,A75
Q30771,A4
Q30772,A7
Q30773,A84
Q30774,A76
Q30775,A87
Q30776,A50
Q30777,A64
Q30778,A12
Q30779,A29
Q30780,A86
Q30781,A12
Q30782,A23
Q30783,A1
Q30784,A7
Q30785,A70
Q30786,A29
Q30787,A59
Q30788,A39
Q30789,A34
Q30790,A40
Q30791,A10
Q30792,A37
Q30793,A35
Q30794,A92
Q30795,A63
Q30796,A7
Q30797,A21
Q30798,A1
Q30799,A87
Q30800,A27
Q30801,A77
Q30802,A96
Q30803,A68
Q30804,A21
Q30805,A67
Q30806,A86
Q30807,A97
Q30808,A79
Q30809,A63
Q30810,A83
Q30811,A6
Q30812,A2
Q30813,A94
Q30814,A7
Q30815,A85
Q30816,A38
Q30817,A59
Q30818,A40
Q30819,A71
Q30820,A57
Q30821,A49
Q30822,A97
Q30823,A76
Q30824,A20
Q30825,A74
Q30826,A49
Q30827,A20
Q30828,A59
Q30829,A35
Q30830,A67
Q30831,A33
Q30832,A74
Q30833,A9
Q30834,A68
Q30835,A83
Q30836,A25
Q30837,A72
Q30838,A73
Q30839,A30
Q30840,A46
Q30841,A64
Q30842,A68
Q30843,A88
Q30844,A63
Q30845,A78
Q30846,A34
Q30847,A96
Q30848,A27
Q30849,A65
Q30850,A73
Q30851,A13
Q30852,A47
Q30853,A4
Q30854,A53
Q30855,A97
Q30856,A91
Q30857,A69
Q30858,A27
Q30859,A31
Q30860,A38
Q30861,A26
Q30862,A31
Q30863,A98
Q30864,A21
Q30865,A86
Q30866,A91
Q30867,A90
Q30868,A78
Q30869,A64
Q30870,A90
Q30871,A78
Q30872,A24
Q30873,A77
Q30874,A93
Q30875,A27
Q30876,A3
Q30877,A95
Q30878,A11
Q30879,A42
Q30880,A45
Q30881,A38
Q30882,A50
Q30883,A59
Q30884,A3
Q30885,A18
Q30886,A6
Q30887,A71
Q30888,A20
Q30889,A33
Q30890,A67
Q30891,A7
Q30892,A76
Q30893,A3
Q30894,A34
Q30895,A75
Q30896,A58
Q30897,A93
Q30898,A96
Q30899,A14
Q30900,A15
Q30901,A29
Q30902,A36
Q30903,A83
Q30904,A21
Q30905,A75
Q30906,A74
Q30907,A28
Q30908,A99
Q30909,A19
Q30910,A20
Q30911,A82
Q30912,A92
Q30913,A49
Q30914,A44
Q30915,A59
Q30916,A47
Q30917,A84
Q30918,A7
Q30919,A2
Q30920,A81
Q30921,A28
Q30922,A42
Q30923,A42
Q30924,A91
Q30925,A25
Q30926,A74
Q30927,A21
Q30928,A1
Q30929,A67
Q30930,A39
Q30931,A1
Q30932,A89
Q30933,A80
Q30934,A94
Q30935,A87
Q30936,A80
Q30937,A87
Q30938,A63
Q30939,A33
Q30940,A39
Q30941,A26
Q30942,A2
Q30943,A67
Q30944,A54
Q30945,A55
Q30946,A54
Q30947,A19
Q30948,A44
Q30949,A67
Q30950,A65
Q30951,A94
Q30952,A43
Q30953,A1
Q30954,A12
Q30955,A96
Q30956,A50
Q30957,A33
Q30958,A33
Q30959,A48
Q30960,A23
Q30961,A88
Q30962,A85
Q30963,A7
Q30964,A51
Q30965,A84
Q30966,A56
Q30967,A13
Q30968,A77
Q30969,A10
Q30970,A53
Q30971,A8
Q30972,A71
Q30973,A76
Q30974,A35
Q30975,A95
Q30976,A66
Q30977,A29
Q30978,A83
Q30979,A57
Q30980,A29
Q30981,A55
Q30982,A70
Q30983,A2
Q30984,A43
Q30985,A85
Q30986,A12
Q30987,A12
Q30988,A96
Q30989,A65
Q30990,A93
Q30991,A67
Q30992,A76
Q30993,A76
Q30994,A58
Q30995,A74
Q30996,A46
Q30997,A54
Q30998,A45
Q30999,A54
Q31000,A50
Q31001,A98
Q31002,A84
Q31003,A49
Q31004,A55
Q31005,A57
Q31006,A14
Q31007,A0
Q31008,A43
Q31009,A20
Q31010,A80
Q31011,A5
Q31012,A27
Q31013,A70
Q31014,A31
Q31015,A54
Q31016,A29
Q31017,A26
Q31018,A71
Q31019,A91
Q31020,A0
Q31021,A46
Q31022,A74
Q31023,A29
Q31024,A11
Q31025,A47
Q31026,A8
Q31027,A54
Q31028,A95
Q31029,A33
Q31030,A79
Q31031,A33
Q31032,A43
Q31033,A16
Q31034,A75
Q31035,A84
Q31036,A38
Q31037,A13
Q31038,A65
Q31039,A67
Q31040,A25
Q31041,A69
Q31042,A69
Q31043,A4
Q31044,A68
Q31045,A35
Q31046,A96
Q31047,A10
Q31048,A71
Q31049,A16
Q31050,A71
Q31051,A96
Q31052,A26
Q31053,A22
Q31054,A92
Q31055,A85
Q31056,A45
Q31057,A17
Q31058,A91
Q31059,A51
Q31060,A85
Q31061,A40
Q31062,A76
Q31063,A45
Q31064,A35
Q31065,A82
Q31066,A0
Q31067,A98
Q31068,A34
Q31069,A16
Q31070,A30
Q31071,A78
Q31072,A14
Q31073,A11
Q31074,A82
Q31075,A10
Q31076,A54
Q31077,A40
Q31078,A64
Q31079,A9
Q31080,A49
Q31081,A50
Q31082,A70
Q31083,A73
Q31084,A1
Q31085,A9
Q31086,A43
Q31087,A53
Q31088,A61
Q31089,A35
Q31090,A87
Q31091,A15
Q31092,A66
Q31093,A78
Q31094,A24
Q31095,A23
Q31096,A6
Q31097,A59
Q31098,A63
Q31099,A63
Q31100,A93
Q31101,A7
Q31102,A45
Q31103,A1
Q31104,A12
Q31105,A8
Q31106,A2
Q31107,A3
Q31108,A74
Q31109,A13
Q31110,A17
Q31111,A6
Q31112,A74
Q31113,A31
Q31114,A93
Q31115,A83
Q31116,A95
Q31117,A36
Q31118,A97
Q31119,A60
Q31120,A36
Q31121,A15
Q31122,A58
Q31123,A17
Q31124,A44
Q31125,A85
Q31126,A29
Q31127,A30
Q31128,A72
Q31129,A23
Q31130,A67
Q31131,A88
Q31132,A46
Q31133,A52
Q31134,A7
Q31135,A75
Q31136,A31
Q31137,A47
Q31138,A62
Q31139,A0
Q31140,A38
Q31141,A42
Q31142,A32
Q31143,A26
Q31144,A77
Q31145,A26
Q31146,A49
Q31147,A54
Q31148,A0
Q31149,A9
Q31150,A59
Q31151,A2
Q31152,A58
Q31153,A46
Q31154,A89
Q31155,A29
Q31156,A6
Q31157,A92
Q31158,A42
Q31159,A85
Q31160,A77
Q31161,A22
Q31162,A76
Q31163,A54
Q31164,A48
Q31165,A12
Q31166,A50
Q31167,A23
Q31168,A69
Q31169,A82
Q31170,A93
Q31171,A80
Q31172,A63
Q31173,A79
Q31174,A63
Q31175,A32
Q31176,A92
Q31177,A1
Q31178,A21
Q31179,A12
Q31180,A81
Q31181,A8
Q31182,A6
Q31183,A19
Q31184,A6
Q31185,A56
Q31186,A58
Q31187,A15
Q31188,A9
Q31189,A60
Q31190,A23
Q31191,A9
Q31192,A37
Q31193,A12
Q31194,A82
Q31195,A80
Q31196,A51
Q31197,A20
Q31198,A3
Q31199,A72
Q31200,A30
Q31201,A89
Q31202,A86
Q31203,A45
Q31204,A33
Q31205,A50
Q31206,A21
Q31207,A96
Q31208,A5
Q31209,A8
Q31210,A82
Q31211,A88
Q31212,A26
Q31213,A41
Q31214,A99
Q31215,A89
Q31216,A88
Q31217,A15
Q31218,A53
Q31219,A11
Q31220,A25
Q31221,A85
Q31222,A88
Q31223,A22
Q31224,A76
Q31225,A66
Q31226,A16
Q31227,A95
Q31228,A84
Q31229,A19
Q31230,A8
Q31231,A14
Q31232,A52
Q31233,A55
Q31234,A31
Q31235,A43
Q31236,A85
Q31237,A52
Q31238,A33
Q31239,A71
Q31240,A3
Q31241,A11
Q31242,A9
Q31243,A48
Q31244,A80
Q31245,A53
Q31246,A63
Q31247,A44
Q31248,A34
Q31249,A82
Q31250,A57
Q31251,A20
Q31252,A0
Q31253,A75
Q31254,A65
Q31255,A25
Q31256,A18
Q31257,A6
Q31258,A79
Q31259,A31
Q31260,A48
Q31261,A64
Q31262,A43
Q31263,A88
Q31264,A24
Q31265,A18
Q31266,A80
Q31267,A70
Q31268,A2
Q31269,A53
Q31270,A72
Q31271,A25
Q31272,A88
Q31273,A69
Q31274,A18
Q31275,A83
Q31276,A38
Q31277,A87
Q31278,A42
Q31279,A45
Q31280,A94
Q31281,A97
Q31282,A28
Q31283,A28
Q31284,A60
Q31285,A29
Q31286,A85
Q31287,A66
Q31288,A55
Q31289,A18
Q31290,A74
Q31291,A57
Q31292,A22
Q31293,A71
Q31294,A37
Q31295,A64
Q31296,A54
Q31297,A74
Q31298,A78
Q31299,A49
Q31300,A2
Q31301,A0
Q31302,A9
Q31303,A42
Q31304,A3
Q31305,A17
Q31306,A58
Q31307,A7
Q31308,A83
Q31309,A98
Q31310,A94
Q31311,A4
Q31312,A98
Q31313,A94
Q31314,A89
Q31315,A96
Q31316,A89
Q31317,A73
Q31318,A34
Q31319,A48
Q31320,A91
Q31321,A4
Q31322,A75
Q31323,A34
Q31324,A22
Q31325,A22
Q31326,A20
Q31327,A24
Q31328,A1
Q31329,A23
Q31330,A20
Q31331,A33
Q31332,A19
Q31333,A88
Q31334,A99
Q31335,A40
Q31336,A13
Q31337,A76
Q31338,A62
Q31339,A70
Q31340,A18
Q31341,A76
Q31342,A24
Q31343,A48
Q31344,A13
Q31345,A70
Q31346,A78
Q31347,A13
Q31348,A98
Q31349,A9
Q31350,A49
Q31351,A6
Q31352,A43
Q31353,A88
Q31354,A89
Q31355,A33
Q31356,A6
Q31357,A86
Q31358,A49
Q31359,A7
Q31360,A1
Q31361,A50
Q31362,A99
Q31363,A90
Q31364,A81
Q31365,A32
Q31366,A83
Q31367,A64
Q31368,A70
Q31369,A5
Q31370,A48
Q31371,A60
Q31372,A18
Q31373,A96
Q31374,A35
Q31375,A95
Q31376,A43
Q31377,A15
Q31378,A48
Q31379,A88
Q31380,A31
Q31381,A8
Q31382,A85
Q31383,A2
Q31384,A19
Q31385,A40
Q31386,A65
Q31387,A21
Q31388,A59
Q31389,A71
Q31390,A41
Q31391,A41
Q31392,A75
Q31393,A81
Q31394,A52
Q31395,A17
Q31396,A37
Q31397,A44
Q31398,A0
Q31399,A7
Q31400,A3
Q31401,A49
Q31402,A44
Q31403,A39
Q31404,A44
Q31405,A62
Q31406,A61
Q31407,A32
Q31408,A88
Q31409,A11
Q31410,A10
Q31411,A32
Q31412,A91
Q31413,A71
Q31414,A57
Q31415,A19
Q31416,A3
Q31417,A41
Q31418,A15
Q31419,A69
Q31420,A29
Q31421,A29
Q31422,A53
Q31423,A37
Q31424,A95
Q31425,A52
Q31426,A23
Q31427,A56
Q31428,A45
Q31429,A94
Q31430,A58
Q31431,A3
Q31432,A84
Q31433,A73
Q31434,A68
Q31435,A27
Q31436,A58
Q31437,A69
Q31438,A98
Q31439,A49
Q31440,A86
Q31441,A93
Q31442,A85
Q31443,A82
Q31444,A26
Q31445,A23
Q31446,A69
Q31447,A84
Q31448,A50
Q31449,A42
Q31450,A68
Q31451,A61
Q31452,A68
Q31453,A42
Q31454,A62
Q31455,A37
Q31456,A82
Q31457,A46
Q31458,A51
Q31459,A44
Q31460,A10
Q31461,A14
Q31462,A60
Q31463,A9
Q31464,A52
Q31465,A56
Q31466,A81
Q31467,A73
Q31468,A92
Q31469,A56
Q31470,A90
Q31471,A61
Q31472,A77
Q31473,A78
Q31474,A9
Q31475,A85
Q31476,A8
Q31477,A22
Q31478,A20
Q31479,A57
Q31480,A25
Q31481,A69
Q31482,A56
Q31483,A28
Q31484,A46
Q31485,A51
Q31486,A75
Q31487,A74
Q31488,A45
Q31489,A79
Q31490,A17
Q31491,A58
Q31492,A0
Q31493,A61
Q31494,A93
Q31495,A11
Q31496,A74
Q31497,A62
Q31498,A53
Q31499,A74
Q31500,A64
Q31501,A59
Q31502,A39
Q31503,A38
Q31504,A10
Q31505,A2
Q31506,A32
Q31507,A54
Q31508,A26
Q31509,A96
Q31510,A3
Q31511,A34
Q31512,A18
Q31513,A1
Q31514,A98
Q31515,A46
Q31516,A96
Q31517,A53
Q31518,A48
Q31519,A61
Q31520,A9
Q31521,A75
Q31522,A68
Q31523,A29
Q31524,A98
Q31525,A61
Q31526,A3
Q31527,A34
Q31528,A8
Q31529,A88
Q31530,A18
Q31531,A9
Q31532,A31
Q31533,A80
Q31534,A7
Q31535,A73
Q31536,A75
Q31537,A12
Q31538,A86
Q31539,A18
Q31540,A12
Q31541,A98
Q31542,A2
Q31543,A90
Q31544,A91
Q31545,A50
Q31546,A6
Q31547,A69
Q31548,A28
Q31549,A7
Q31550,A26
Q31551,A66
Q31552,A72
Q31553,A47
Q31554,A55
Q31555,A82
Q31556,A69
Q31557,A58
Q31558,A99
Q31559,A59
Q31560,A34
Q31561,A13
Q31562,A94
Q31563,A85
Q31564,A43
Q31565,A9
Q31566,A29
Q31567,A85
Q31568,A80
Q31569,A11
Q31570,A63
Q31571,A22
Q31572,A40
Q31573,A9
Q31574,A56
Q31575,A2
Q31576,A37
Q31577,A29
Q31578,A49
Q31579,A76
Q31580,A67
Q31581,A16
Q31582,A43
Q31583,A95
Q31584,A6
Q31585,A95
Q31586,A56
Q31587,A63
Q31588,A84
Q31589,A59
Q31590,A95
Q31591,A53
Q31592,A40
Q31593,A39
Q31594,A27
Q31595,A90
Q31596,A87
Q31597,A86
Q31598,A50
Q31599,A36
Q31600,A0
Q31601,A48
Q31602,A82
Q31603,A54
Q31604,A87
Q31605,A83
Q31606,A81
Q31607,A59
Q31608,A88
Q31609,A96
Q31610,A95
Q31611,A81
Q31612,A86
Q31613,A52
Q31614,A51
Q31615,A96
Q31616,A54
Q31617,A1
Q31618,A64
Q31619,A14
Q31620,A16
Q31621,A5
Q31622,A30
Q31623,A57
Q31624,A40
Q31625,A31
Q31626,A76
Q31627,A5
Q31628,A17
Q31629,A26
Q31630,A54
Q31631,A72
Q31632,A36
Q31633,A93
Q31634,A77
Q31635,A92
Q31636,A98
Q31637,A50
Q31638,A2
Q31639,A69
Q31640,A35
Q31641,A54
Q31642,A73
Q31643,A77
Q31644,A56
Q31645,A46
Q31646,A38
Q31647,A2
Q31648,A31
Q31649,A99
Q31650,A7
Q31651,A38
Q31652,A17
Q31653,A73
Q31654,A8
Q31655,A81
Q31656,A66
Q31657,A65
Q31658,A7
Q31659,A70
Q31660,A3
Q31661,A31
Q31662,A14
Q31663,A88
Q31664,A55
Q31665,A98
Q31666,A88
Q31667,A88
Q31668,A91
Q31669,A5
Q31670,A46
Q31671,A56
Q31672,A80
Q31673,A23
Q31674,A59
Q31675,A70
Q31676,A88
Q31677,A15
Q31678,A59
Q31679,A23
Q31680,A29
Q31681,A10
Q31682,A97
Q31683,A86
Q31684,A7
Q31685,A59
Q31686,A29
Q31687,A71
Q31688,A30
Q31689,A24
Q31690,A19
Q31691,A2
Q31692,A58
Q31693,A65
Q31694,A60
Q31695,A1
Q31696,A92
Q31697,A0
Q31698,A52
Q31699,A9
Q31700,A63
Q31701,A49
Q31702,A96
Q31703,A9
Q31704,A66
Q31705,A63
Q31706,A48
Q31707,A41
Q31708,A64
Q31709,A40
Q31710,A42
Q31711,A29
Q31712,A19
Q31713,A88
Q31714,A97
Q31715,A55
Q31716,A1
Q31717,A24
Q31718,A65
Q31719,A27
Q31720,A57
Q31721,A49
Q31722,A18
Q31723,A54
Q31724,A45
Q31725,A54
Q31726,A34
Q31727,A81
Q31728,A83
Q31729,A82
Q31730,A13
Q31731,A67
Q31732,A67
Q31733,A69
Q31734,A55
Q31735,A25
Q31736,A18
Q31737,A40
Q31738,A96
Q31739,A77
Q31740,A36
Q31741,A97
Q31742,A22
Q31743,A42
Q31744,A5
Q31745,A87
Q31746,A32
Q31747,A49
Q31748,A62
Q31749,A68
Q31750,A34
Q31751,A98
Q31752,A54
Q31753,A18
Q31754,A46
Q31755,A34
Q31756,A65
Q31757,A30
Q31758,A41
Q31759,A82
Q31760,A14
Q31761,A42
Q31762,A31
Q31763,A97
Q31764,A7
Q31765,A68
Q31766,A42
Q31767,A22
Q31768,A62
Q31769,A7
Q31770,A20
Q31771,A28
Q31772,A56
Q31773,A1
Q31774,A16
Q31775,A82
Q31776,A73
Q31777,A9
Q31778,A71
Q31779,A8
Q31780,A94
Q31781,A54
Q31782,A81
Q31783,A34
Q31784,A36
Q31785,A20
Q31786,A40
Q31787,A70
Q31788,A79
Q31789,A14
Q31790,A19
Q31791,A77
Q31792,A26
Q31793,A42
Q31794,A34
Q31795,A95
Q31796,A52
Q31797,A64
Q31798,A31
Q31799,A1
Q31800,A18
Q31801,A4
Q31802,A6
Q31803,A10
Q31804,A80
Q31805,A29
Q31806,A89
Q31807,A26
Q31808,A80
Q31809,A89
Q31810,A57
Q31811,A14
Q31812,A29
Q31813,A79
Q31814,A41
Q31815,A82
Q31816,A28
Q31817,A6
Q31818,A38
Q31819,A98
Q31820,A51
Q31821,A38
Q31822,A4
Q31823,A84
Q31824,A63
Q31825,A94
Q31826,A1
Q31827,A80
Q31828,A74
Q31829,A7
Q31830,A23
Q31831,A91
Q31832,A64
Q31833,A34
Q31834,A66
Q31835,A0
Q31836,A64
Q31837,A6
Q31838,A41
Q31839,A5
Q31840,A7
Q31841,A83
Q31842,A2
Q31843,A39
Q31844,A52
Q31845,A31
Q31846,A83
Q31847,A85
Q31848,A62
Q31849,A54
Q31850,A77
Q31851,A41
Q31852,A73
Q31853,A22
Q31854,A19
Q31855,A36
Q31856,A33
Q31857,A22
Q31858,A29
Q31859,A14
Q31860,A97
Q31861,A15
Q31862,A62
Q31863,A84
Q31864,A34
Q31865,A93
Q31866,A21
Q31867,A36
Q31868,A96
Q31869,A17
Q31870,A26
Q31871,A96
Q31872,A88
Q31873,A2
Q31874,A13
Q31875,A89
Q31876,A66
Q31877,A6
Q31878,A23
Q31879,A32
Q31880,A83
Q31881,A57
Q31882,A8
Q31883,A65
Q31884,A74
Q31885,A19
Q31886,A60
Q31887,A5
Q31888,A24
Q31889,A8
Q31890,A75
Q31891,A56
Q31892,A47
Q31893,A6
Q31894,A65
Q31895,A73
Q31896,A86
Q31897,A94
Q31898,A54
Q31899,A97
Q31900,A48
Q31901,A12
Q31902,A31
Q31903,A51
Q31904,A14
Q31905,A84
Q31906,A31
Q31907,A99
Q31908,A66
Q31909,A53
Q31910,A94
Q31911,A41
Q31912,A40
Q31913,A73
Q31914,A6
Q31915,A68
Q31916,A23
Q31917,A75
Q31918,A67
Q31919,A68
Q31920,A33
Q31921,A85
Q31922,A38
Q31923,A23
Q31924,A55
Q31925,A86
Q31926,A13
Q31927,A66
Q31928,A50
Q31929,A80
Q31930,A43
Q31931,A22
Q31932,A91
Q31933,A17
Q31934,A36
Q31935,A61
Q31936,A70
Q31937,A6
Q31938,A79
Q31939,A98
Q31940,A76
Q31941,A58
Q31942,A7
Q31943,A25
Q31944,A72
Q31945,A54
Q31946,A57
Q31947,A32
Q31948,A51
Q31949,A77
Q31950,A79
Q31951,A15
Q31952,A1
Q31953,A68
Q31954,A48
Q31955,A29
Q31956,A90
Q31957,A47
Q31958,A77
Q31959,A18
Q31960,A24
Q31961,A18
Q31962,A18
Q31963,A29
Q31964,A39
Q31965,A25
Q31966,A0
Q31967,A20
Q31968,A20
Q31969,A31
Q31970,A39
Q31971,A84
Q31972,A78
Q31973,A28
Q31974,A59
Q31975,A49
Q31976,A22
Q31977,A58
Q31978,A6
Q31979,A5
Q31980,A66
Q31981,A9
Q31982,A51
Q31983,A25
Q31984,A95
Q31985,A26
Q31986,A63
Q31987,A84
Q31988,A89
Q31989,A69
Q31990,A26
Q31991,A44
Q31992,A49
Q31993,A42
Q31994,A44
Q31995,A56
Q31996,A62
Q31997,A62
Q31998,A11
Q31999,A1
Q32000,A42
Q32001,A95
Q32002,A15
Q32003,A11
Q32004,A99
Q32005,A73
Q32006,A6
Q32007,A91
Q32008,A13
Q32009,A52
Q32010,A79
Q32011,A94
Q32012,A29
Q32013,A74
Q32014,A38
Q32015,A19
Q32016,A54
Q32017,A98
Q32018,A13
Q32019,A63
Q32020,A67
Q32021,A21
Q32022,A59
Q32023,A8
Q32024,A9
Q32025,A31
Q32026,A66
Q32027,A46
Q32028,A82
Q32029,A75
Q32030,A12
Q32031,A91
Q32032,A7
Q32033,A13
Q32034,A75
Q32035,A61
Q32036,A29
Q32037,A39
Q32038,A99
Q32039,A39
Q32040,A23
Q32041,A91
Q32042,A76
Q32043,A57
Q32044,A54
Q32045,A65
Q32046,A57
Q32047,A22
Q32048,A0
Q32049,A0
Q32050,A74
Q32051,A89
Q32052,A15
Q32053,A38
Q32054,A17
Q32055,A33
Q32056,A35
Q32057,A77
Q32058,A45
Q32059,A64
Q32060,A12
Q32061,A36
Q32062,A51
Q32063,A80
Q32064,A72
Q32065,A1
Q32066,A4
Q32067,A33
Q32068,A15
Q32069,A94
Q32070,A83
Q32071,A27
Q32072,A44
Q32073,A30
Q32074,A33
Q32075,A75
Q32076,A57
Q32077,A59
Q32078,A48
Q32079,A29
Q32080,A88
Q32081,A42
Q32082,A67
Q32083,A69
Q32084,A87
Q32085,A33
Q32086,A36
Q32087,A11
Q32088,A61
Q32089,A87
Q32090,A32
Q32091,A45
Q32092,A14
Q32093,A84
Q32094,A34
Q32095,A60
Q32096,A64
Q32097,A71
Q32098,A27
Q32099,A42
Q32100,A90
Q32101,A18
Q32102,A19
Q32103,A89
Q32104,A97
Q32105,A88
Q32106,A82
Q32107,A42
Q32108,A69
Q32109,A81
Q32110,A14
Q32111,A56
Q32112,A59
Q32113,A92
Q32114,A75
Q32115,A82
Q32116,A25
Q32117,A4
Q32118,A74
Q32119,A12
Q32120,A52
Q32121,A86
Q32122,A18
Q32123,A80
Q32124,A0
Q32125,A52
Q32126,A50
Q32127,A79
Q32128,A0
Q32129,A86
Q32130,A92
Q32131,A12
Q32132,A12
Q32133,A57
Q32134,A71
Q32135,A49
Q32136,A59
Q32137,A2
Q32138,A15
Q32139,A0
Q32140,A81
Q32141,A81
Q32142,A96
Q32143,A8
Q32144,A19
Q32145,A9
Q32146,A32
Q32147,A56
Q32148,A6
Q32149,A70
Q32150,A83
Q32151,A75
Q32152,A80
Q32153,A69
Q32154,A91
Q32155,A41
Q32156,A23
Q32157,A70
Q32158,A3
Q32159,A0
Q32160,A45
Q32161,A14
Q32162,A10
Q32163,A32
Q32164,A99
Q32165,A77
Q32166,A53
Q32167,A17
Q32168,A74
Q32169,A22
Q32170,A86
Q32171,A77
Q32172,A66
Q32173,A76
Q32174,A87
Q32175,A82
Q32176,A1
Q32177,A69
Q32178,A36
Q32179,A45
Q32180,A22
Q32181,A68
Q32182,A19
Q32183,A8
Q32184,A12
Q32185,A4
Q32186,A95
Q32187,A52
Q32188,A17
Q32189,A50
Q32190,A87
Q32191,A18
Q32192,A59
Q32193,A60
Q32194,A32
Q32195,A63
Q32196,A25
Q32197,A0
Q32198,A43
Q32199,A22
Q32200,A17
Q32201,A57
Q32202,A25
Q32203,A18
Q32204,A55
Q32205,A52
Q32206,A31
Q32207,A61
Q32208,A75
Q32209,A18
Q32210,A20
Q32211,A75
Q32212,A65
Q32213,A52
Q32214,A36
Q32215,A91
Q32216,A25
Q32217,A22
Q32218,A75
Q32219,A86
Q32220,A92
Q32221,A57
Q32222,A84
Q32223,A45
Q32224,A67
Q32225,A70
Q32226,A61
Q32227,A78
Q32228,A44
Q32229,A68
Q32230,A75
Q32231,A85
Q32232,A69
Q32233,A0
Q32234,A44
Q32235,A98
Q32236,A90
Q32237,A42
Q32238,A88
Q32239,A49
Q32240,A21
Q32241,A42
Q32242,A3
Q32243,A38
Q32244,A10
Q32245,A61
Q32246,A73
Q32247,A42
Q32248,A6
Q32249,A71
Q32250,A84
Q32251,A85
Q32252,A30
Q32253,A26
Q32254,A12
Q32255,A14
Q32256,A51
Q32257,A13
Q32258,A18
Q32259,A26
Q32260,A49
Q32261,A94
Q32262,A20
Q32263,A98
Q32264,A59
Q32265,A44
Q32266,A56
Q32267,A79
Q32268,A47
Q32269,A50
Q32270,A2
Q32271,A46
Q32272,A98
Q32273,A50
Q32274,A72
Q32275,A72
Q32276,A14
Q32277,A82
Q32278,A23
Q32279,A64
Q32280,A53
Q32281,A79
Q32282,A50
Q32283,A69
Q32284,A99
Q32285,A20
Q32286,A61
Q32287,A79
Q32288,A58
Q32289,A27
Q32290,A6
Q32291,A62
Q32292,A9
Q32293,A47
Q32294,A96
Q32295,A29
Q32296,A85
Q32297,A20
Q32298,A30
Q32299,A82
Q32300,A15
Q32301,A57
Q32302,A99
Q32303,A32
Q32304,A57
Q32305,A39
Q32306,A87
Q32307,A39
Q32308,A26
Q32309,A31
Q32310,A9
Q32311,A25
Q32312,A34
Q32313,A42
Q32314,A5
Q32315,A37
Q32316,A49
Q32317,A1
Q32318,A31
Q32319,A80
Q32320,A8
Q32321,A8
Q32322,A84
Q32323,A15
Q32324,A72
Q32325,A13
Q32326,A92
Q32327,A99
Q32328,A67
Q32329,A85
Q32330,A30
Q32331,A4
Q32332,A5
Q32333,A32
Q32334,A83
Q32335,A74
Q32336,A83
Q32337,A75
Q32338,A66
Q32339,A7
Q32340,A53
Q32341,A61
Q32342,A74
Q32343,A78
Q32344,A21
Q32345,A80
Q32346,A45
Q32347,A60
Q32348,A26
Q32349,A82
Q32350,A42
Q32351,A83
Q32352,A49
Q32353,A74
Q32354,A93
Q32355,A33
Q32356,A70
Q32357,A17
Q32358,A98
Q32359,A58
Q32360,A61
Q32361,A13
Q32362,A96
Q32363,A38
Q32364,A58
Q32365,A41
Q32366,A97
Q32367,A88
Q32368,A82
Q32369,A53
Q32370,A70
Q32371,A19
Q32372,A59
Q32373,A28
Q32374,A31
Q32375,A61
Q32376,A82
Q32377,A41
Q32378,A75
Q32379,A93
Q32380,A36
Q32381,A24
Q32382,A32
Q32383,A58
Q32384,A62
Q32385,A71
Q32386,A49
Q32387,A80
Q32388,A57
Q32389,A41
Q32390,A94
Q32391,A6
Q32392,A8
Q32393,A26
Q32394,A83
Q32395,A20
Q32396,A88
Q32397,A21
Q32398,A87
Q32399,A55
Q32400,A67
Q32401,A98
Q32402,A36
Q32403,A86
Q32404,A0
Q32405,A97
Q32406,A12
Q32407,A90
Q32408,A28
Q32409,A6
Q32410,A76
Q32411,A74
Q32412,A94
Q32413,A62
Q32414,A63
Q32415,A19
Q32416,A87
Q32417,A82
Q32418,A76
Q32419,A28
Q32420,A52
Q32421,A87
Q32422,A11
Q32423,A73
Q32424,A36
Q32425,A83
Q32426,A47
Q32427,A19
Q32428,A3
Q32429,A33
Q32430,A51
Q32431,A18
Q32432,A91
Q32433,A33
Q32434,A51
Q32435,A79
Q32436,A78
Q32437,A69
Q32438,A22
Q32439,A39
Q32440,A29
Q32441,A40
Q32442,A63
Q32443,A62
Q32444,A54
Q32445,A14
Q32446,A50
Q32447,A0
Q32448,A88
Q32449,A82
Q32450,A60
Q32451,A74
Q32452,A45
Q32453,A75
Q32454,A75
Q32455,A78
Q32456,A57
Q32457,A64
Q32458,A40
Q32459,A35
Q32460,A9
Q32461,A58
Q32462,A98
Q32463,A74
Q32464,A57
Q32465,A97
Q32466,A11
Q32467,A64
Q32468,A19
Q32469,A63
Q32470,A74
Q32471,A62
Q32472,A66
Q32473,A94
Q32474,A27
Q32475,A35
Q32476,A17
Q32477,A97
Q32478,A95
Q32479,A53
Q32480,A3
Q32481,A83
Q32482,A74
Q32483,A86
Q32484,A52
Q32485,A65
Q32486,A79
Q32487,A16
Q32488,A15
Q32489,A70
Q32490,A26
Q32491,A50
Q32492,A36
Q32493,A53
Q32494,A52
Q32495,A86
Q32496,A2
Q32497,A69
Q32498,A60
Q32499,A88
Q32500,A18
Q32501,A67
Q32502,A37
Q32503,A28
Q32504,A73
Q32505,A22
Q32506,A29
Q32507,A0
Q32508,A44
Q32509,A56
Q32510,A99
Q32511,A84
Q32512,A99
Q32513,A90
Q32514,A31
Q32515,A10
Q32516,A9
Q32517,A38
Q32518,A14
Q32519,A97
Q32520,A30
Q32521,A15
Q32522,A20
Q32523,A93
Q32524,A46
Q32525,A75
Q32526,A17
Q32527,A26
Q32528,A12
Q32529,A76
Q32530,A54
Q32531,A99
Q32532,A35
Q32533,A51
Q32534,A37
Q32535,A29
Q32536,A34
Q32537,A94
Q32538,A5
Q32539,A46
Q32540,A77
Q32541,A67
Q32542,A42
Q32543,A40
Q32544,A70
Q32545,A6
Q32546,A6
Q32547,A79
Q32548,A70
Q32549,A44
Q32550,A57
Q32551,A8
Q32552,A66
Q32553,A33
Q32554,A97
Q32555,A99
Q32556,A12
Q32557,A51
Q32558,A90
Q32559,A71
Q32560,A72
Q32561,A40
Q32562,A88
Q32563,A11
Q32564,A41
Q32565,A18
Q32566,A6
Q32567,A91
Q32568,A40
Q32569,A93
Q32570,A21
Q32571,A98
Q32572,A45
Q32573,A8
Q32574,A30
Q32575,A3
Q32576,A86
Q32577,A52
Q32578,A6
Q32579,A60
Q32580,A96
Q32581,A9
Q32582,A84
Q32583,A65
Q32584,A41
Q32585,A65
Q32586,A50
Q32587,A80
Q32588,A5
Q32589,A61
Q32590,A77
Q32591,A52
Q32592,A49
Q32593,A34
Q32594,A15
Q32595,A92
Q32596,A2
Q32597,A78
Q32598,A12
Q32599,A77
Q32600,A14
Q32601,A86
Q32602,A82
Q32603,A40
Q32604,A67
Q32605,A86
Q32606,A76
Q32607,A66
Q32608,A86
Q32609,A59
Q32610,A73
Q32611,A26
Q32612,A28
Q32613,A16
Q32614,A59
Q32615,A17
Q32616,A14
Q32617,A58
Q32618,A24
Q32619,A3
Q32620,A39
Q32621,A28
Q32622,A70
Q32623,A84
Q32624,A61
Q32625,A81
Q32626,A99
Q32627,A45
Q32628,A68
Q32629,A61
Q32630,A66
Q32631,A75
Q32632,A79
Q32633,A62
Q32634,A39
Q32635,A31
Q32636,A5
Q32637,A19
Q32638,A26
Q32639,A76
Q32640,A50
Q32641,A21
Q32642,A93
Q32643,A78
Q32644,A82
Q32645,A47
Q32646,A16
Q32647,A21
Q32648,A59
Q32649,A13
Q32650,A72
Q32651,A28
Q32652,A48
Q32653,A79
Q32654,A83
Q32655,A67
Q32656,A42
Q32657,A96
Q32658,A10
Q32659,A9
Q32660,A81
Q32661,A14
Q32662,A98
Q32663,A98
Q32664,A27
Q32665,A86
Q32666,A1
Q32667,A57
Q32668,A27
Q32669,A41
Q32670,A40
Q32671,A88
Q32672,A20
Q32673,A89
Q32674,A48
Q32675,A5
Q32676,A83
Q32677,A48
Q32678,A95
Q32679,A35
Q32680,A30
Q32681,A0
Q32682,A53
Q32683,A14
Q32684,A30
Q32685,A39
Q32686,A69
Q32687,A67
Q32688,A2
Q32689,A95
Q32690,A77
Q32691,A27
Q32692,A37
Q32693,A68
Q32694,A90
Q32695,A93
Q32696,A94
Q32697,A42
Q32698,A80
Q32699,A29
Q32700,A25
Q32701,A58
Q32702,A88
Q32703,A55
Q32704,A60
Q32705,A20
Q32706,A61
Q32707,A5
Q32708,A84
Q32709,A23
Q32710,A94
Q32711,A15
Q32712,A26
Q32713,A8
Q32714,A0
Q32715,A70
Q32716,A91
Q32717,A58
Q32718,A19
Q32719,A90
Q32720,A18
Q32721,A77
Q32722,A71
Q32723,A99
Q32724,A54
Q32725,A82
Q32726,A79
Q32727,A80
Q32728,A70
Q32729,A70
Q32730,A7
Q32731,A69
Q32732,A53
Q32733,A34
Q32734,A92
Q32735,A49
Q32736,A77
Q32737,A38
Q32738,A88
Q32739,A36
Q32740,A68
Q32741,A82
Q32742,A36
Q32743,A12
Q32744,A40
Q32745,A30
Q32746,A48
Q32747,A72
Q32748,A73
Q32749,A66
Q32750,A42
Q32751,A42
Q32752,A1
Q32753,A93
Q32754,A23
Q32755,A75
Q32756,A73
Q32757,A14
Q32758,A39
Q32759,A26
Q32760,A76
Q32761,A99
Q32762,A21
Q32763,A10
Q32764,A53
Q32765,A74
Q32766,A40
Q32767,A65
Q32768,A84
Q32769,A98
Q32770,A43
Q32771,A4
Q32772,A58
Q32773,A72
Q32774,A76
Q32775,A18
Q32776,A92
Q32777,A76
Q32778,A59
Q32779,A18
Q32780,A62
Q32781,A73
Q32782,A97
Q32783,A12
Q32784,A91
Q32785,A15
Q32786,A51
Q32787,A54
Q32788,A48
Q32789,A86
Q32790,A93
Q32791,A7
Q32792,A18
Q32793,A78
Q32794,A86
Q32795,A73
Q32796,A29
Q32797,A17
Q32798,A38
Q32799,A44
Q32800,A37
Q32801,A61
Q32802,A39
Q32803,A17
Q32804,A93
Q32805,A95
Q32806,A27
Q32807,A47
Q32808,A27
Q32809,A73
Q32810,A98
Q32811,A97
Q32812,A54
Q32813,A6
Q32814,A90
Q32815,A52
Q32816,A72
Q32817,A84
Q32818,A42
Q32819,A38
Q32820,A76
Q32821,A81
Q32822,A26
Q32823,A71
Q32824,A79
Q32825,A21
Q32826,A0
Q32827,A18
Q32828,A47
Q32829,A79
Q32830,A30
Q32831,A85
Q32832,A57
Q32833,A33
Q32834,A65
Q32835,A39
Q32836,A20
Q32837,A4
Q32838,A66
Q32839,A39
Q32840,A19
Q32841,A50
Q32842,A8
Q32843,A68
Q32844,A77
Q32845,A71
Q32846,A60
Q32847,A82
Q32848,A39
Q32849,A8
Q32850,A93
Q32851,A93
Q32852,A39
Q32853,A47
Q32854,A36
Q32855,A38
Q32856,A86
Q32857,A69
Q32858,A82
Q32859,A63
Q32860,A58
Q32861,A94
Q32862,A93
Q32863,A45
Q32864,A66
Q32865,A23
Q32866,A4
Q32867,A58
Q32868,A48
Q32869,A77
Q32870,A63
Q32871,A50
Q32872,A89
Q32873,A47
Q32874,A62
Q32875,A28
Q32876,A4
Q32877,A89
Q32878,A24
Q32879,A5
Q32880,A99
Q32881,A74
Q32882,A9
Q32883,A54
Q32884,A1
Q32885,A6
Q32886,A90
Q32887,A6
Q32888,A84
Q32889,A40
Q32890,A9
Q32891,A69
Q32892,A60
Q32893,A50
Q32894,A91
Q32895,A17
Q32896,A23
Q32897,A95
Q32898,A64
Q32899,A43
Q32900,A92
Q32901,A34
Q32902,A41
Q32903,A5
Q32904,A51
Q32905,A29
Q32906,A2
Q32907,A10
Q32908,A31
Q32909,A7
Q32910,A29
Q32911,A11
Q32912,A19
Q32913,A5
Q32914,A79
Q32915,A80
Q32916,A34
Q32917,A50
Q32918,A68
Q32919,A77
Q32920,A29
Q32921,A20
Q32922,A46
Q32923,A21
Q32924,A45
Q32925,A64
Q32926,A64
Q32927,A54
Q32928,A65
Q32929,A86
Q32930,A25
Q32931,A76
Q32932,A10
Q32933,A96
Q32934,A73
Q32935,A28
Q32936,A13
Q32937,A73
Q32938,A43
Q32939,A39
Q32940,A70
Q32941,A2
Q32942,A31
Q32943,A67
Q32944,A82
Q32945,A68
Q32946,A50
Q32947,A50
Q32948,A31
Q32949,A44
Q32950,A63
Q32951,A67
Q32952,A18
Q32953,A64
Q32954,A14
Q32955,A20
Q32956,A24
Q32957,A28
Q32958,A9
Q32959,A77
Q32960,A32
Q32961,A61
Q32962,A72
Q32963,A18
Q32964,A89
Q32965,A55
Q32966,A60
Q32967,A3
Q32968,A72
Q32969,A70
Q32970,A51
Q32971,A41
Q32972,A78
Q32973,A35
Q32974,A48
Q32975,A55
Q32976,A46
Q32977,A14
Q32978,A67
Q32979,A68
Q32980,A99
Q32981,A37
Q32982,A75
Q32983,A36
Q32984,A51
Q32985,A74
Q32986,A5
Q32987,A65
Q32988,A58
Q32989,A52
Q32990,A25
Q32991,A97
Q32992,A78
Q32993,A86
Q32994,A19
Q32995,A16
Q32996,A72
Q32997,A55
Q32998,A38
Q32999,A8
Q33000,A54
Q33001,A47
Q33002,A98
Q33003,A4
Q33004,A4
Q33005,A78
Q33006,A45
Q33007,A58
Q33008,A21
Q33009,A37
Q33010,A92
Q33011,A38
Q33012,A16
Q33013,A27
Q33014,A47
Q33015,A69
Q33016,A81
Q33017,A53
Q33018,A9
Q33019,A69
Q33020,A59
Q33021,A91
Q33022,A3
Q33023,A16
Q33024,A11
Q33025,A8
Q33026,A13
Q33027,A87
Q33028,A58
Q33029,A50
Q33030,A92
Q33031,A49
Q33032,A77
Q33033,A43
Q33034,A6
Q33035,A3
Q33036,A67
Q33037,A55
Q33038,A3
Q33039,A37
Q33040,A32
Q33041,A43
Q33042,A2
Q33043,A65
Q33044,A74
Q33045,A5
Q33046,A33
Q33047,A71
Q33048,A13
Q33049,A40
Q33050,A65
Q33051,A43
Q33052,A21
Q33053,A30
Q33054,A84
Q33055,A93
Q33056,A65
Q33057,A21
Q33058,A97
Q33059,A19
Q33060,A13
Q33061,A30
Q33062,A59
Q33063,A58
Q33064,A6
Q33065,A40
Q33066,A66
Q33067,A98
Q33068,A68
Q33069,A13
Q33070,A87
Q33071,A1
Q33072,A12
Q33073,A2
Q33074,A55
Q33075,A8
Q33076,A42
Q33077,A6
Q33078,A8
Q33079,A75
Q33080,A11
Q33081,A53
Q33082,A78
Q33083,A86
Q33084,A70
Q33085,A96
Q33086,A23
Q33087,A99
Q33088,A26
Q33089,A31
Q33090,A82
Q33091,A76
Q33092,A3
Q33093,A95
Q33094,A51
Q33095,A86
Q33096,A37
Q33097,A36
Q33098,A33
Q33099,A70
Q33100,A75
Q33101,A86
Q33102,A46
Q33103,A83
Q33104,A75
Q33105,A55
Q33106,A49
Q33107,A62
Q33108,A11
Q33109,A6
Q33110,A98
Q33111,A6
Q33112,A40
Q33113,A11
Q33114,A42
Q33115,A11
Q33116,A42
Q33117,A23
Q33118,A16
Q33119,A54
Q33120,A88
Q33121,A95
Q33122,A26
Q33123,A17
Q33124,A98
Q33125,A43
Q33126,A66
Q33127,A72
Q33128,A48
Q33129,A73
Q33130,A37
Q33131,A18
Q33132,A38
Q33133,A31
Q33134,A85
Q33135,A31
Q33136,A49
Q33137,A57
Q33138,A7
Q33139,A70
Q33140,A32
Q33141,A27
Q33142,A12
Q33143,A64
Q33144,A25
Q33145,A0
Q33146,A63
Q33147,A31
Q33148,A57
Q33149,A33
Q33150,A52
Q33151,A70
Q33152,A14
Q33153,A20
Q33154,A90
Q33155,A55
Q33156,A98
Q33157,A78
Q33158,A15
Q33159,A63
Q33160,A42
Q33161,A97
Q33162,A84
Q33163,A55
Q33164,A88
Q33165,A42
Q33166,A33
Q33167,A99
Q33168,A47
Q33169,A67
Q33170,A90
Q33171,A92
Q33172,A64
Q33173,A59
Q33174,A4
Q33175,A61
Q33176,A35
Q33177,A4
Q33178,A32
Q33179,A63
Q33180,A31
Q33181,A19
Q33182,A17
Q33183,A36
Q33184,A94
Q33185,A18
Q33186,A91
Q33187,A32
Q33188,A55
Q33189,A68
Q33190,A88
Q33191,A50
Q33192,A72
Q33193,A89
Q33194,A2
Q33195,A28
Q33196,A26
Q33197,A85
Q33198,A23
Q33199,A18
Q33200,A52
Q33201,A81
Q33202,A55
Q33203,A26
Q33204,A7
Q33205,A86
Q33206,A73
Q33207,A7
Q33208,A0
Q33209,A40
Q33210,A31
Q33211,A64
Q33212,A72
Q33213,A5
Q33214,A14
Q33215,A36
Q33216,A51
Q33217,A92
Q33218,A2
Q33219,A64
Q33220,A11
Q33221,A28
Q33222,A7
Q33223,A36
Q33224,A17
Q33225,A60
Q33226,A8
Q33227,A38
Q33228,A67
Q33229,A65
Q33230,A77
Q33231,A25
Q33232,A27
Q33233,A24
Q33234,A66
Q33235,A70
Q33236,A61
Q33237,A85
Q33238,A39
Q33239,A7
Q33240,A23
Q33241,A39
Q33242,A20
Q33243,A70
Q33244,A6
Q33245,A60
Q33246,A63
Q33247,A38
Q33248,A94
Q33249,A54
Q33250,A99
Q33251,A2
Q33252,A79
Q33253,A57
Q33254,A25
Q33255,A89
Q33256,A34
Q33257,A11
Q33258,A30
Q33259,A6
Q33260,A32
Q33261,A97
Q33262,A61
Q33263,A32
Q33264,A67
Q33265,A73
Q33266,A26
Q33267,A4
Q33268,A33
Q33269,A7
Q33270,A68
Q33271,A49
Q33272,A4
Q33273,A47
Q33274,A48
Q33275,A54
Q33276,A26
Q33277,A96
Q33278,A6
Q33279,A37
Q33280,A42
Q33281,A32
Q33282,A77
Q33283,A36
Q33284,A13
Q33285,A26
Q33286,A84
Q33287,A13
Q33288,A18
Q33289,A17
Q33290,A85
Q33291,A88
Q33292,A83
Q33293,A42
Q33294,A61
Q33295,A30
Q33296,A55
Q33297,A60
Q33298,A82
Q33299,A16
Q33300,A66
Q33301,A41
Q33302,A88
Q33303,A25
Q33304,A2
Q33305,A97
Q33306,A61
Q33307,A98
Q33308,A60
Q33309,A86
Q33310,A35
Q33311,A9
Q33312,A4
Q33313,A31
Q33314,A73
Q33315,A10
Q33316,A23
Q33317,A14
Q33318,A75
Q33319,A41
Q33320,A42
Q33321,A78
Q33322,A78
Q33323,A81
Q33324,A85
Q33325,A24
Q33326,A99
Q33327,A37
Q33328,A42
Q33329,A4
Q33330,A80
Q33331,A60
Q33332,A49
Q33333,A68
Q33334,A72
Q33335,A22
Q33336,A37
Q33337,A38
Q33338,A40
Q33339,A43
Q33340,A51
Q33341,A32
Q33342,A44
Q33343,A27
Q33344,A60
Q33345,A50
Q33346,A37
Q33347,A3
Q33348,A80
Q33349,A29
Q33350,A99
Q33351,A78
Q33352,A45
Q33353,A78
Q33354,A31
Q33355,A27
Q33356,A10
Q33357,A13
Q33358,A38
Q33359,A47
Q33360,A17
Q33361,A2
Q33362,A99
Q33363,A9
Q33364,A65
Q33365,A77
Q33366,A65
Q33367,A65
Q33368,A39
Q33369,A74
Q33370,A33
Q33371,A29
Q33372,A35
Q33373,A87
Q33374,A58
Q33375,A85
Q33376,A0
Q33377,A60
Q33378,A25
Q33379,A29
Q33380,A95
Q33381,A3
Q33382,A82
Q33383,A10
Q33384,A51
Q33385,A8
Q33386,A34
Q33387,A80
Q33388,A8
Q33389,A37
Q33390,A91
Q33391,A66
Q33392,A80
Q33393,A68
Q33394,A33
Q33395,A96
Q33396,A74
Q33397,A62
Q33398,A68
Q33399,A10
Q33400,A15
Q33401,A92
Q33402,A24
Q33403,A3
Q33404,A43
Q33405,A85
Q33406,A54
Q33407,A99
Q33408,A38
Q33409,A49
Q33410,A12
Q33411,A34
Q33412,A72
Q33413,A48
Q33414,A81
Q33415,A44
Q33416,A28
Q33417,A35
Q33418,A59
Q33419,A70
Q33420,A15
Q33421,A39
Q33422,A88
Q33423,A56
Q33424,A53
Q33425,A42
Q33426,A57
Q33427,A42
Q33428,A81
Q33429,A30
Q33430,A31
Q33431,A45
Q33432,A18
Q33433,A49
Q33434,A26
Q33435,A84
Q33436,A25
Q33437,A92
Q33438,A64
Q33439,A61
Q33440,A11
Q33441,A17
Q33442,A85
Q33443,A25
Q33444,A53
Q33445,A94
Q33446,A62
Q33447,A27
Q33448,A76
Q33449,A14
Q33450,A55
Q33451,A87
Q33452,A12
Q33453,A95
Q33454,A60
Q33455,A89
Q33456,A99
Q33457,A48
Q33458,A42
Q33459,A72
Q33460,A87
Q33461,A1
Q33462,A63
Q33463,A25
Q33464,A63
Q33465,A18
Q33466,A25
Q33467,A32
Q33468,A63
Q33469,A9
Q33470,A33
Q33471,A98
Q33472,A65
Q33473,A74
Q33474,A47
Q33475,A71
Q33476,A95
Q33477,A82
Q33478,A27
Q33479,A16
Q33480,A76
Q33481,A21
Q33482,A28
Q33483,A35
Q33484,A53
Q33485,A13
Q33486,A11
Q33487,A72
Q33488,A25
Q33489,A16
Q33490,A78
Q33491,A96
Q33492,A0
Q33493,A98
Q33494,A51
Q33495,A96
Q33496,A5
Q33497,A6
Q33498,A74
Q33499,A95
Q33500,A17
Q33501,A48
Q33502,A33
Q33503,A2
Q33504,A30
Q33505,A6
Q33506,A39
Q33507,A32
Q33508,A30
Q33509,A91
Q33510,A43
Q33511,A15
Q33512,A75
Q33513,A77
Q33514,A69
Q33515,A27
Q33516,A84
Q33517,A12
Q33518,A39
Q33519,A79
Q33520,A71
Q33521,A46
Q33522,A82
Q33523,A84
Q33524,A12
Q33525,A78
Q33526,A80
Q33527,A22
Q33528,A75
Q33529,A68
Q33530,A71
Q33531,A32
Q33532,A75
Q33533,A51
Q33534,A32
Q33535,A53
Q33536,A56
Q33537,A70
Q33538,A72
Q33539,A72
Q33540,A30
Q33541,A71
Q33542,A14
Q33543,A83
Q33544,A8
Q33545,A93
Q33546,A11
Q33547,A9
Q33548,A8
Q33549,A5
Q33550,A93
Q33551,A60
Q33552,A98
Q33553,A63
Q33554,A74
Q33555,A34
Q33556,A93
Q33557,A51
Q33558,A52
Q33559,A19
Q33560,A72
Q33561,A5
Q33562,A49
Q33563,A0
Q33564,A19
Q33565,A49
Q33566,A46
Q33567,A26
Q33568,A66
Q33569,A48
Q33570,A48
Q33571,A30
Q33572,A15
Q33573,A81
Q33574,A22
Q33575,A11
Q33576,A88
Q33577,A43
Q33578,A21
Q33579,A64
Q33580,A63
Q33581,A34
Q33582,A90
Q33583,A13
Q33584,A31
Q33585,A89
Q33586,A56
Q33587,A18
Q33588,A61
Q33589,A17
Q33590,A54
Q33591,A62
Q33592,A13
Q33593,A69
Q33594,A11
Q33595,A87
Q33596,A65
Q33597,A65
Q33598,A88
Q33599,A72
Q33600,A30
Q33601,A1
Q33602,A19
Q33603,A99
Q33604,A25
Q33605,A26
Q33606,A18
Q33607,A97
Q33608,A84
Q33609,A8
Q33610,A73
Q33611,A15
Q33612,A45
Q33613,A93
Q33614,A33
Q33615,A79
Q33616,A24
Q33617,A58
Q33618,A72
Q33619,A20
Q33620,A22
Q33621,A92
Q33622,A73
Q33623,A10
Q33624,A5
Q33625,A2
Q33626,A28
Q33627,A78
Q33628,A10
Q33629,A90
Q33630,A37
Q33631,A33
Q33632,A0
Q33633,A34
Q33634,A4
Q33635,A99
Q33636,A89
Q33637,A2
Q33638,A55
Q33639,A62
Q33640,A99
Q33641,A58
Q33642,A85
Q33643,A91
Q33644,A74
Q33645,A14
Q33646,A45
Q33647,A85
Q33648,A98
Q33649,A73
Q33650,A46
Q33651,A58
Q33652,A12
Q33653,A54
Q33654,A66
Q33655,A1
Q33656,A59
Q33657,A57
Q33658,A46
Q33659,A43
Q33660,A56
Q33661,A35
Q33662,A75
Q33663,A10
Q33664,A69
Q33665,A83
Q33666,A5
Q33667,A69
Q33668,A48
Q33669,A17
Q33670,A83
Q33671,A78
Q33672,A83
Q33673,A66
Q33674,A66
Q33675,A37
Q33676,A49
Q33677,A20
Q33678,A51
Q33679,A62
Q33680,A22
Q33681,A42
Q33682,A38
Q33683,A99
Q33684,A30
Q33685,A59
Q33686,A0
Q33687,A82
Q33688,A14
Q33689,A4
Q33690,A0
Q33691,A86
Q33692,A35
Q33693,A28
Q33694,A39
Q33695,A45
Q33696,A99
Q33697,A34
Q33698,A30
Q33699,A3
Q33700,A72
Q33701,A5
Q33702,A71
Q33703,A25
Q33704,A98
Q33705,A32
Q33706,A17
Q33707,A89
Q33708,A66
Q33709,A82
Q33710,A9
Q33711,A97
Q33712,A32
Q33713,A70
Q33714,A7
Q33715,A3
Q33716,A42
Q33717,A32
Q33718,A81
Q33719,A17
Q33720,A35
Q33721,A68
Q33722,A75
Q33723,A10
Q33724,A29
Q33725,A43
Q33726,A58
Q33727,A58
Q33728,A99
Q33729,A82
Q33730,A74
Q33731,A95
Q33732,A84
Q33733,A47
Q33734,A75
Q33735,A34
Q33736,A54
Q33737,A27
Q33738,A56
Q33739,A58
Q33740,A5
Q33741,A89
Q33742,A67
Q33743,A11
Q33744,A49
Q33745,A35
Q33746,A51
Q33747,A11
Q33748,A0
Q33749,A10
Q33750,A63
Q33751,A43
Q33752,A93
Q33753,A57
Q33754,A46
Q33755,A85
Q33756,A55
Q33757,A14
Q33758,A84
Q33759,A76
Q33760,A96
Q33761,A67
Q33762,A17
Q33763,A32
Q33764,A76
Q33765,A62
Q33766,A87
Q33767,A13
Q33768,A47
Q33769,A70
Q33770,A97
Q33771,A32
Q33772,A13
Q33773,A0
Q33774,A63
Q33775,A61
Q33776,A42
Q33777,A34
Q33778,A44
Q33779,A36
Q33780,A29
Q33781,A65
Q33782,A11
Q33783,A62
Q33784,A85
Q33785,A21
Q33786,A41
Q33787,A41
Q33788,A54
Q33789,A78
Q33790,A62
Q33791,A4
Q33792,A75
Q33793,A4
Q33794,A42
Q33795,A3
Q33796,A55
Q33797,A63
Q33798,A62
Q33799,A56
Q33800,A3
Q33801,A0
Q33802,A31
Q33803,A23
Q33804,A25
Q33805,A10
Q33806,A15
Q33807,A60
Q33808,A31
Q33809,A50
Q33810,A54
Q33811,A2
Q33812,A86
Q33813,A33
Q33814,A20
Q33815,A5
Q33816,A12
Q33817,A94
Q33818,A19
Q33819,A6
Q33820,A45
Q33821,A79
Q33822,A6
Q33823,A87
Q33824,A55
Q33825,A93
Q33826,A69
Q33827,A54
Q33828,A90
Q33829,A20
Q33830,A27
Q33831,A35
Q33832,A39
Q33833,A99
Q33834,A98
Q33835,A65
Q33836,A97
Q33837,A20
Q33838,A97
Q33839,A17
Q33840,A33
Q33841,A69
Q33842,A51
Q33843,A13
Q33844,A11
Q33845,A13
Q33846,A51
Q33847,A95
Q33848,A18
Q33849,A93
Q33850,A4
Q33851,A51
Q33852,A77
Q33853,A22
Q33854,A99
Q33855,A29
Q33856,A48
Q33857,A32
Q33858,A8
Q33859,A39
Q33860,A14
Q33861,A84
Q33862,A73
Q33863,A54
Q33864,A68
Q33865,A38
Q33866,A25
Q33867,A58
Q33868,A64
Q33869,A14
Q33870,A48
Q33871,A36
Q33872,A99
Q33873,A80
Q33874,A57
Q33875,A94
Q33876,A34
Q33877,A22
Q33878,A2
Q33879,A9
Q33880,A4
Q33881,A17
Q33882,A97
Q33883,A95
Q33884,A9
Q33885,A87
Q33886,A22
Q33887,A45
Q33888,A23
Q33889,A2
Q33890,A88
Q33891,A51
Q33892,A31
Q33893,A97
Q33894,A80
Q33895,A43
Q33896,A29
Q33897,A90
Q33898,A66
Q33899,A58
Q33900,A33
Q33901,A92
Q33902,A96
Q33903,A60
Q33904,A35
Q33905,A72
Q33906,A92
Q33907,A23
Q33908,A25
Q33909,A90
Q33910,A89
Q33911,A51
Q33912,A17
Q33913,A31
Q33914,A16
Q33915,A20
Q33916,A13
Q33917,A42
Q33918,A98
Q33919,A85
Q33920,A16
Q33921,A52
Q33922,A80
Q33923,A50
Q33924,A52
Q33925,A61
Q33926,A47
Q33927,A99
Q33928,A41
Q33929,A79
Q33930,A77
Q33931,A82
Q33932,A14
Q33933,A71
Q33934,A58
Q33935,A29
Q33936,A59
Q33937,A11
Q33938,A29
Q33939,A15
Q33940,A77
Q33941,A77
Q33942,A39
Q33943,A51
Q33944,A72
Q33945,A14
Q33946,A3
Q33947,A12
Q33948,A8
Q33949,A93
Q33950,A0
Q33951,A5
Q33952,A2
Q33953,A91
Q33954,A69
Q33955,A17
Q33956,A3
Q33957,A44
Q33958,A41
Q33959,A51
Q33960,A19
Q33961,A77
Q33962,A35
Q33963,A25
Q33964,A75
Q33965,A78
Q33966,A9
Q33967,A21
Q33968,A60
Q33969,A51
Q33970,A15
Q33971,A40
Q33972,A17
Q33973,A98
Q33974,A96
Q33975,A77
Q33976,A89
Q33977,A2
Q33978,A66
Q33979,A37
Q33980,A18
Q33981,A76
Q33982,A21
Q33983,A0
Q33984,A61
Q33985,A60
Q33986,A2
Q33987,A38
Q33988,A49
Q33989,A72
Q33990,A68
Q33991,A67
Q33992,A75
Q33993,A62
Q33994,A17
Q33995,A12
Q33996,A4
Q33997,A54
Q33998,A80
Q33999,A66
Q34000,A50
Q34001,A24
Q34002,A62
Q34003,A23
Q34004,A23
Q34005,A33
Q34006,A67
Q34007,A89
Q34008,A60
Q34009,A79
Q34010,A95
Q34011,A39
Q34012,A38
Q34013,A70
Q34014,A43
Q34015,A52
Q34016,A14
Q34017,A19
Q34018,A56
Q34019,A31
Q34020,A26
Q34021,A98
Q34022,A96
Q34023,A18
Q34024,A17
Q34025,A76
Q34026,A81
Q34027,A12
Q34028,A97
Q34029,A60
Q34030,A62
Q34031,A28
Q34032,A12
Q34033,A58
Q34034,A6
Q34035,A32
Q34036,A67
Q34037,A15
Q34038,A9
Q34039,A48
Q34040,A12
Q34041,A0
Q34042,A0
Q34043,A1
Q34044,A47
Q34045,A88
Q34046,A66
Q34047,A25
Q34048,A45
Q34049,A80
Q34050,A94
Q34051,A66
Q34052,A86
Q34053,A29
Q34054,A12
Q34055,A87
Q34056,A89
Q34057,A95
Q34058,A17
Q34059,A9
Q34060,A80
Q34061,A6
Q34062,A61
Q34063,A47
Q34064,A10
Q34065,A36
Q34066,A24
Q34067,A76
Q34068,A41
Q34069,A21
Q34070,A39
Q34071,A23
Q34072,A89
Q34073,A99
Q34074,A72
Q34075,A87
Q34076,A48
Q34077,A91
Q34078,A7
Q34079,A88
Q34080,A50
Q34081,A10
Q34082,A22
Q34083,A15
Q34084,A27
Q34085,A72
Q34086,A15
Q34087,A17
Q34088,A82
Q34089,A78
Q34090,A52
Q34091,A74
Q34092,A49
Q34093,A83
Q34094,A92
Q34095,A32
Q34096,A91
Q34097,A89
Q34098,A41
Q34099,A66
Q34100,A60
Q34101,A83
Q34102,A29
Q34103,A39
Q34104,A91
Q34105,A65
Q34106,A61
Q34107,A58
Q34108,A47
Q34109,A4
Q34110,A0
Q34111,A49
Q34112,A63
Q34113,A3
Q34114,A90
Q34115,A1
Q34116,A79
Q34117,A51
Q34118,A49
Q34119,A88
Q34120,A53
Q34121,A93
Q34122,A20
Q34123,A89
Q34124,A36
Q34125,A26
Q34126,A47
Q34127,A33
Q34128,A33
Q34129,A59
Q34130,A75
Q34131,A49
Q34132,A10
Q34133,A88
Q34134,A38
Q34135,A70
Q34136,A3
Q34137,A7
Q34138,A51
Q34139,A26
Q34140,A36
Q34141,A75
Q34142,A95
Q34143,A0
Q34144,A63
Q34145,A48
Q34146,A56
Q34147,A25
Q34148,A50
Q34149,A9
Q34150,A48
Q34151,A54
Q34152,A90
Q34153,A86
Q34154,A22
Q34155,A75
Q34156,A81
Q34157,A78
Q34158,A75
Q34159,A20
Q34160,A39
Q34161,A69
Q34162,A92
Q34163,A59
Q34164,A92
Q34165,A85
Q34166,A61
Q34167,A74
Q34168,A77
Q34169,A6
Q34170,A96
Q34171,A90
Q34172,A8
Q34173,A33
Q34174,A74
Q34175,A18
Q34176,A46
Q34177,A99
Q34178,A72
Q34179,A9
Q34180,A9
Q34181,A7
Q34182,A33
Q34183,A56
Q34184,A68
Q34185,A6
Q34186,A91
Q34187,A73
Q34188,A74
Q34189,A20
Q34190,A44
Q34191,A13
Q34192,A77
Q34193,A87
Q34194,A32
Q34195,A86
Q34196,A38
Q34197,A28
Q34198,A47
Q34199,A11
Q34200,A71
Q34201,A87
Q34202,A45
Q34203,A97
Q34204,A84
Q34205,A0
Q34206,A65
Q34207,A24
Q34208,A73
Q34209,A7
Q34210,A96
Q34211,A35
Q34212,A56
Q34213,A91
Q34214,A34
Q34215,A38
Q34216,A99
Q34217,A68
Q34218,A83
Q34219,A61
Q34220,A17
Q34221,A48
Q34222,A30
Q34223,A37
Q34224,A49
Q34225,A4
Q34226,A14
Q34227,A55
Q34228,A49
Q34229,A58
Q34230,A92
Q34231,A38
Q34232,A93
Q34233,A71
Q34234,A86
Q34235,A51
Q34236,A98
Q34237,A61
Q34238,A19
Q34239,A16
Q34240,A45
Q34241,A13
Q34242,A56
Q34243,A36
Q34244,A7
Q34245,A26
Q34246,A66
Q34247,A20
Q34248,A82
Q34249,A44
Q34250,A53
Q34251,A71
Q34252,A13
Q34253,A96
Q34254,A0
Q34255,A87
Q34256,A6
Q34257,A36
Q34258,A71
Q34259,A17
Q34260,A65
Q34261,A81
Q34262,A80
Q34263,A24
Q34264,A41
Q34265,A83
Q34266,A2
Q34267,A82
Q34268,A90
Q34269,A42
Q34270,A49
Q34271,A35
Q34272,A2
Q34273,A79
Q34274,A79
Q34275,A14
Q34276,A27
Q34277,A43
Q34278,A25
Q34279,A24
Q34280,A74
Q34281,A72
Q34282,A69
Q34283,A3
Q34284,A28
Q34285,A7
Q34286,A30
Q34287,A94
Q34288,A34
Q34289,A77
Q34290,A19
Q34291,A83
Q34292,A41
Q34293,A9
Q34294,A57
Q34295,A76
Q34296,A23
Q34297,A57
Q34298,A51
Q34299,A96
Q34300,A20
Q34301,A97
Q34302,A65
Q34303,A49
Q34304,A56
Q34305,A82
Q34306,A35
Q34307,A77
Q34308,A10
Q34309,A70
Q34310,A83
Q34311,A16
Q34312,A5
Q34313,A27
Q34314,A36
Q34315,A84
Q34316,A74
Q34317,A90
Q34318,A66
Q34319,A21
Q34320,A53
Q34321,A51
Q34322,A75
Q34323,A6
Q34324,A78
Q34325,A73
Q34326,A33
Q34327,A96
Q34328,A98
Q34329,A17
Q34330,A20
Q34331,A1
Q34332,A67
Q34333,A98
Q34334,A25
Q34335,A89
Q34336,A20
Q34337,A67
Q34338,A52
Q34339,A68
Q34340,A82
Q34341,A46
Q34342,A43
Q34343,A69
Q34344,A94
Q34345,A86
Q34346,A8
Q34347,A44
Q34348,A79
Q34349,A78
Q34350,A79
Q34351,A67
Q34352,A39
Q34353,A93
Q34354,A8
Q34355,A88
Q34356,A62
Q34357,A70
Q34358,A25
Q34359,A11
Q34360,A30
Q34361,A79
Q34362,A83
Q34363,A53
Q34364,A32
Q34365,A93
Q34366,A96
Q34367,A80
Q34368,A68
Q34369,A83
Q34370,A12
Q34371,A65
Q34372,A83
Q34373,A51
Q34374,A10
Q34375,A37
Q34376,A15
Q34377,A51
Q34378,A56
Q34379,A1
Q34380,A62
Q34381,A72
Q34382,A5
Q34383,A51
Q34384,A77
Q34385,A77
Q34386,A55
Q34387,A92
Q34388,A28
Q34389,A91
Q34390,A27
Q34391,A8
Q34392,A52
Q34393,A72
Q34394,A76
Q34395,A39
Q34396,A45
Q34397,A48
Q34398,A81
Q34399,A54
Q34400,A78
Q34401,A21
Q34402,A60
Q34403,A21
Q34404,A61
Q34405,A36
Q34406,A7
Q34407,A81
Q34408,A1
Q34409,A64
Q34410,A12
Q34411,A18
Q34412,A82
Q34413,A8
Q34414,A24
Q34415,A54
Q34416,A63
Q34417,A33
Q34418,A30
Q34419,A60
Q34420,A20
Q34421,A91
Q34422,A96
Q34423,A13
Q34424,A7
Q34425,A25
Q34426,A4
Q34427,A70
Q34428,A73
Q34429,A57
Q34430,A88
Q34431,A16
Q34432,A74
Q34433,A4
Q34434,A48
Q34435,A60
Q34436,A31
Q34437,A60
Q34438,A47
Q34439,A17
Q34440,A12
Q34441,A33
Q34442,A63
Q34443,A72
Q34444,A50
Q34445,A89
Q34446,A49
Q34447,A20
Q34448,A72
Q34449,A62
Q34450,A85
Q34451,A94
Q34452,A61
Q34453,A79
Q34454,A70
Q34455,A59
Q34456,A47
Q34457,A12
Q34458,A86
Q34459,A27
Q34460,A81
Q34461,A52
Q34462,A94
Q34463,A90
Q34464,A15
Q34465,A32
Q34466,A28
Q34467,A94
Q34468,A48
Q34469,A58
Q34470,A68
Q34471,A82
Q34472,A53
Q34473,A57
Q34474,A92
Q34475,A61
Q34476,A64
Q34477,A71
Q34478,A33
Q34479,A63
Q34480,A5
Q34481,A4
Q34482,A85
Q34483,A3
Q34484,A46
Q34485,A38
Q34486,A91
Q34487,A33
Q34488,A51
Q34489,A87
Q34490,A85
Q34491,A9
Q34492,A29
Q34493,A20
Q34494,A11
Q34495,A64
Q34496,A36
Q34497,A75
Q34498,A40
Q34499,A89
Q34500,A8
Q34501,A39
Q34502,A73
Q34503,A96
Q34504,A59
Q34505,A73
Q34506,A33
Q34507,A39
Q34508,A5
Q34509,A6
Q34510,A12
Q34511,A70
Q34512,A40
Q34513,A93
Q34514,A81
Q34515,A81
Q34516,A89
Q34517,A82
Q34518,A43
Q34519,A97
Q34520,A83
Q34521,A45
Q34522,A23
Q34523,A79
Q34524,A10
Q34525,A3
Q34526,A17
Q34527,A24
Q34528,A98
Q34529,A40
Q34530,A78
Q34531,A5
Q34532,A47
Q34533,A42
Q34534,A55
Q34535,A15
Q34536,A59
Q34537,A71
Q34538,A88
Q34539,A36
Q34540,A26
Q34541,A94
Q34542,A5
Q34543,A86
Q34544,A26
Q34545,A29
Q34546,A16
Q34547,A55
Q34548,A96
Q34549,A64
Q34550,A86
Q34551,A2
Q34552,A69
Q34553,A80
Q34554,A92
Q34555,A33
Q34556,A3
Q34557,A5
Q34558,A95
Q34559,A65
Q34560,A59
Q34561,A18
Q34562,A59
Q34563,A8
Q34564,A38
Q34565,A62
Q34566,A83
Q34567,A0
Q34568,A57
Q34569,A33
Q34570,A45
Q34571,A87
Q34572,A45
Q34573,A30
Q34574,A52
Q34575,A41
Q34576,A72
Q34577,A27
Q34578,A99
Q34579,A15
Q34580,A95
Q34581,A53
Q34582,A71
Q34583,A14
Q34584,A61
Q34585,A30
Q34586,A86
Q34587,A60
Q34588,A43
Q34589,A68
Q34590,A50
Q34591,A86
Q34592,A36
Q34593,A74
Q34594,A36
Q34595,A44
Q34596,A20
Q34597,A41
Q34598,A25
Q34599,A35
Q34600,A36
Q34601,A10
Q34602,A35
Q34603,A85
Q34604,A9
Q34605,A26
Q34606,A1
Q34607,A63
Q34608,A82
Q34609,A97
Q34610,A35
Q34611,A58
Q34612,A82
Q34613,A99
Q34614,A48
Q34615,A85
Q34616,A48
Q34617,A22
Q34618,A25
Q34619,A54
Q34620,A94
Q34621,A47
Q34622,A61
Q34623,A14
Q34624,A55
Q34625,A13
Q34626,A53
Q34627,A48
Q34628,A36
Q34629,A6
Q34630,A4
Q34631,A0
Q34632,A63
Q34633,A72
Q34634,A22
Q34635,A37
Q34636,A79
Q34637,A21
Q34638,A3
Q34639,A93
Q34640,A26
Q34641,A72
Q34642,A35
Q34643,A37
Q34644,A8
Q34645,A27
Q34646,A84
Q34647,A10
Q34648,A54
Q34649,A70
Q34650,A14
Q34651,A92
Q34652,A64
Q34653,A33
Q34654,A65
Q34655,A70
Q34656,A93
Q34657,A9
Q34658,A9
Q34659,A57
Q34660,A0
Q34661,A93
Q34662,A35
Q34663,A20
Q34664,A28
Q34665,A0
Q34666,A81
Q34667,A15
Q34668,A74
Q34669,A35
Q34670,A16
Q34671,A3
Q34672,A45
Q34673,A82
Q34674,A29
Q34675,A64
Q34676,A53
Q34677,A42
Q34678,A1
Q34679,A67
Q34680,A78
Q34681,A98
Q34682,A26
Q34683,A57
Q34684,A60
Q34685,A48
Q34686,A66
Q34687,A60
Q34688,A15
Q34689,A37
Q34690,A91
Q34691,A70
Q34692,A35
Q34693,A30
Q34694,A74
Q34695,A65
Q34696,A40
Q34697,A60
Q34698,A25
Q34699,A43
Q34700,A14
Q34701,A14
Q34702,A21
Q34703,A29
Q34704,A41
Q34705,A97
Q34706,A41
Q34707,A34
Q34708,A40
Q34709,A96
Q34710,A5
Q34711,A45
Q34712,A9
Q34713,A87
Q34714,A99
Q34715,A13
Q34716,A96
Q34717,A8
Q34718,A70
Q34719,A8
Q34720,A83
Q34721,A17
Q34722,A36
Q34723,A22
Q34724,A72
Q34725,A89
Q34726,A17
Q34727,A84
Q34728,A63
Q34729,A55
Q34730,A76
Q34731,A50
Q34732,A62
Q34733,A45
Q34734,A93
Q34735,A64
Q34736,A19
Q34737,A37
Q34738,A81
Q34739,A44
Q34740,A98
Q34741,A97
Q34742,A73
Q34743,A4
Q34744,A71
Q34745,A26
Q34746,A69
Q34747,A51
Q34748,A72
Q34749,A3
Q34750,A62
Q34751,A84
Q34752,A92
Q34753,A69
Q34754,A96
Q34755,A87
Q34756,A65
Q34757,A34
Q34758,A76
Q34759,A17
Q34760,A42
Q34761,A75
Q34762,A85
Q34763,A35
Q34764,A76
Q34765,A96
Q34766,A30
Q34767,A24
Q34768,A6
Q34769,A73
Q34770,A45
Q34771,A30
Q34772,A52
Q34773,A73
Q34774,A75
Q34775,A13
Q34776,A56
Q34777,A81
Q34778,A92
Q34779,A59
Q34780,A71
Q34781,A90
Q34782,A35
Q34783,A70
Q34784,A4
Q34785,A64
Q34786,A60
Q34787,A66
Q34788,A5
Q34789,A95
Q34790,A71
Q34791,A36
Q34792,A10
Q34793,A69
Q34794,A8
Q34795,A11
Q34796,A6
Q34797,A20
Q34798,A21
Q34799,A59
Q34800,A66
Q34801,A49
Q34802,A30
Q34803,A78
Q34804,A95
Q34805,A96
Q34806,A18
Q34807,A27
Q34808,A58
Q34809,A47
Q34810,A52
Q34811,A76
Q34812,A16
Q34813,A15
Q34814,A2
Q34815,A26
Q34816,A41
Q34817,A22
Q34818,A61
Q34819,A20
Q34820,A14
Q34821,A29
Q34822,A94
Q34823,A27
Q34824,A85
Q34825,A22
Q34826,A48
Q34827,A38
Q34828,A77
Q34829,A51
Q34830,A60
Q34831,A42
Q34832,A26
Q34833,A34
Q34834,A45
Q34835,A84
Q34836,A26
Q34837,A11
Q34838,A42
Q34839,A72
Q34840,A70
Q34841,A70
Q34842,A92
Q34843,A93
Q34844,A56
Q34845,A43
Q34846,A99
Q34847,A54
Q34848,A96
Q34849,A32
Q34850,A20
Q34851,A84
Q34852,A59
Q34853,A51
Q34854,A92
Q34855,A20
Q34856,A24
Q34857,A51
Q34858,A53
Q34859,A34
Q34860,A19
Q34861,A48
Q34862,A59
Q34863,A86
Q34864,A84
Q34865,A33
Q34866,A50
Q34867,A84
Q34868,A17
Q34869,A74
Q34870,A21
Q34871,A0
Q34872,A6
Q34873,A22
Q34874,A53
Q34875,A82
Q34876,A14
Q34877,A34
Q34878,A13
Q34879,A15
Q34880,A19
Q34881,A14
Q34882,A8
Q34883,A82
Q34884,A87
Q34885,A70
Q34886,A16
Q34887,A27
Q34888,A4
Q34889,A18
Q34890,A9
Q34891,A60
Q34892,A56
Q34893,A87
Q34894,A95
Q34895,A16
Q34896,A39
Q34897,A96
Q34898,A76
Q34899,A54
Q34900,A11
Q34901,A70
Q34902,A63
Q34903,A48
Q34904,A9
Q34905,A68
Q34906,A70
Q34907,A69
Q34908,A11
Q34909,A99
Q34910,A54
Q34911,A82
Q34912,A22
Q34913,A13
Q34914,A90
Q34915,A13
Q34916,A48
Q34917,A23
Q34918,A28
Q34919,A1
Q34920,A66
Q34921,A0
Q34922,A15
Q34923,A78
Q34924,A36
Q34925,A37
Q34926,A13
Q34927,A5
Q34928,A40
Q34929,A69
Q34930,A71
Q34931,A14
Q34932,A52
Q34933,A21
Q34934,A99
Q34935,A59
Q34936,A44
Q34937,A61
Q34938,A71
Q34939,A38
Q34940,A49
Q34941,A52
Q34942,A62
Q34943,A79
Q34944,A30
Q34945,A8
Q34946,A36
Q34947,A21
Q34948,A21
Q34949,A59
Q34950,A6
Q34951,A49
Q34952,A0
Q34953,A77
Q34954,A60
Q34955,A96
Q34956,A26
Q34957,A46
Q34958,A76
Q34959,A51
Q34960,A28
Q34961,A84
Q34962,A65
Q34963,A49
Q34964,A34
Q34965,A37
Q34966,A17
Q34967,A35
Q34968,A87
Q34969,A57
Q34970,A79
Q34971,A88
Q34972,A58
Q34973,A12
Q34974,A4
Q34975,A49
Q34976,A90
Q34977,A83
Q34978,A25
Q34979,A75
Q34980,A88
Q34981,A63
Q34982,A49
Q34983,A36
Q34984,A44
Q34985,A37
Q34986,A46
Q34987,A29
Q34988,A95
Q34989,A93
Q34990,A60
Q34991,A6
Q34992,A6
Q34993,A91
Q34994,A18
Q34995,A64
Q34996,A13
Q34997,A22
Q34998,A73
Q34999,A19
Q35000,A76
Q35001,A6
Q35002,A31
Q35003,A72
Q35004,A18
Q35005,A16
Q35006,A4
Q35007,A65
Q35008,A32
Q35009,A39
Q35010,A97
Q35011,A50
Q35012,A50
Q35013,A62
Q35014,A89
Q35015,A15
Q35016,A33
Q35017,A50
Q35018,A20
Q35019,A70
Q35020,A74
Q35021,A60
Q35022,A46
Q35023,A13
Q35024,A34
Q35025,A6
Q35026,A81
Q35027,A25
Q35028,A4
Q35029,A92
Q35030,A71
Q35031,A43
Q35032,A13
Q35033,A83
Q35034,A41
Q35035,A79
Q35036,A60
Q35037,A74
Q35038,A71
Q35039,A31
Q35040,A21
Q35041,A69
Q35042,A92
Q35043,A9
Q35044,A0
Q35045,A77
Q35046,A40
Q35047,A41
Q35048,A2
Q35049,A45
Q35050,A11
Q35051,A54
Q35052,A87
Q35053,A74
Q35054,A66
Q35055,A66
Q35056,A54
Q35057,A9
Q35058,A68
Q35059,A93
Q35060,A79
Q35061,A18
Q35062,A26
Q35063,A95
Q35064,A15
Q35065,A90
Q35066,A42
Q35067,A97
Q35068,A72
Q35069,A22
Q35070,A38
Q35071,A80
Q35072,A42
Q35073,A55
Q35074,A32
Q35075,A98
Q35076,A26
Q35077,A63
Q35078,A37
Q35079,A7
Q35080,A78
Q35081,A10
Q35082,A91
Q35083,A9
Q35084,A92
Q35085,A50
Q35086,A44
Q35087,A5
Q35088,A15
Q35089,A12
Q35090,A86
Q35091,A58
Q35092,A29
Q35093,A67
Q35094,A8
Q35095,A48
Q35096,A15
Q35097,A81
Q35098,A92
Q35099,A72
Q35100,A14
Q35101,A93
Q35102,A81
Q35103,A55
Q35104,A34
Q35105,A68
Q35106,A59
Q35107,A1
Q35108,A27
Q35109,A98
Q35110,A93
Q35111,A16
Q35112,A87
Q35113,A38
Q35114,A26
Q35115,A69
Q35116,A75
Q35117,A11
Q35118,A53
Q35119,A81
Q35120,A94
Q35121,A46
Q35122,A11
Q35123,A62
Q35124,A35
Q35125,A37
Q35126,A93
Q35127,A19
Q35128,A75
Q35129,A70
Q35130,A11
Q35131,A64
Q35132,A91
Q35133,A83
Q35134,A43
Q35135,A7
Q35136,A59
Q35137,A0
Q35138,A80
Q35139,A24
Q35140,A91
Q35141,A6
Q35142,A83
Q35143,A93
Q35144,A46
Q35145,A98
Q35146,A85
Q35147,A98
Q35148,A84
Q35149,A99
Q35150,A84
Q35151,A47
Q35152,A44
Q35153,A23
Q35154,A24
Q35155,A63
Q35156,A32
Q35157,A99
Q35158,A67
Q35159,A7
Q35160,A40
Q35161,A43
Q35162,A53
Q35163,A25
Q35164,A68
Q35165,A79
Q35166,A28
Q35167,A92
Q35168,A12
Q35169,A28
Q35170,A23
Q35171,A2
Q35172,A52
Q35173,A69
Q35174,A67
Q35175,A64
Q35176,A21
Q35177,A99
Q35178,A95
Q35179,A13
Q35180,A91
Q35181,A12
Q35182,A9
Q35183,A13
Q35184,A19
Q35185,A6
Q35186,A56
Q35187,A41
Q35188,A25
Q35189,A53
Q35190,A59
Q35191,A91
Q35192,A27
Q35193,A0
Q35194,A22
Q35195,A74
Q35196,A42
Q35197,A33
Q35198,A46
Q35199,A67
Q35200,A51
Q35201,A13
Q35202,A89
Q35203,A93
Q35204,A0
Q35205,A24
Q35206,A48
Q35207,A14
Q35208,A73
Q35209,A76
Q35210,A8
Q35211,A8
Q35212,A8
Q35213,A84
Q35214,A85
Q35215,A20
Q35216,A6
Q35217,A6
Q35218,A71
Q35219,A34
Q35220,A5
Q35221,A81
Q35222,A72
Q35223,A0
Q35224,A35
Q35225,A25
Q35226,A22
Q35227,A58
Q35228,A36
Q35229,A28
Q35230,A0
Q35231,A86
Q35232,A52
Q35233,A27
Q35234,A60
Q35235,A69
Q35236,A22
Q35237,A60
Q35238,A8
Q35239,A24
Q35240,A26
Q35241,A10
Q35242,A25
Q35243,A45
Q35244,A39
Q35245,A16
Q35246,A92
Q35247,A18
Q35248,A94
Q35249,A96
Q35250,A22
Q35251,A87
Q35252,A8
Q35253,A27
Q35254,A66
Q35255,A74
Q35256,A42
Q35257,A91
Q35258,A79
Q35259,A27
Q35260,A90
Q35261,A66
Q35262,A76
Q35263,A52
Q35264,A68
Q35265,A73
Q35266,A53
Q35267,A18
Q35268,A39
Q35269,A17
Q35270,A61
Q35271,A87
Q35272,A58
Q35273,A23
Q35274,A83
Q35275,A29
Q35276,A12
Q35277,A93
Q35278,A34
Q35279,A59
Q35280,A39
Q35281,A76
Q35282,A37
Q35283,A45
Q35284,A65
Q35285,A82
Q35286,A35
Q35287,A15
Q35288,A63
Q35289,A60
Q35290,A7
Q35291,A73
Q35292,A92
Q35293,A78
Q35294,A55
Q35295,A68
Q35296,A69
Q35297,A53
Q35298,A67
Q35299,A16
Q35300,A35
Q35301,A61
Q35302,A63
Q35303,A91
Q35304,A51
Q35305,A56
Q35306,A5
Q35307,A79
Q35308,A99
Q35309,A86
Q35310,A99
Q35311,A43
Q35312,A14
Q35313,A74
Q35314,A25
Q35315,A3
Q35316,A96
Q35317,A75
Q35318,A24
Q35319,A27
Q35320,A16
Q35321,A77
Q35322,A63
Q35323,A46
Q35324,A50
Q35325,A34
Q35326,A2
Q35327,A72
Q35328,A68
Q35329,A75
Q35330,A99
Q35331,A51
Q35332,A14
Q35333,A82
Q35334,A34
Q35335,A3
Q35336,A82
Q35337,A22
Q35338,A54
Q35339,A76
Q35340,A42
Q35341,A9
Q35342,A88
Q35343,A69
Q35344,A35
Q35345,A35
Q35346,A10
Q35347,A57
Q35348,A61
Q35349,A92
Q35350,A85
Q35351,A25
Q35352,A42
Q35353,A26
Q35354,A9
Q35355,A15
Q35356,A87
Q35357,A41
Q35358,A85
Q35359,A75
Q35360,A35
Q35361,A4
Q35362,A27
Q35363,A5
Q35364,A44
Q35365,A13
Q35366,A77
Q35367,A75
Q35368,A8
Q35369,A82
Q35370,A44
Q35371,A58
Q35372,A54
Q35373,A15
Q35374,A83
Q35375,A42
Q35376,A80
Q35377,A36
Q35378,A23
Q35379,A93
Q35380,A64
Q35381,A51
Q35382,A3
Q35383,A45
Q35384,A20
Q35385,A24
Q35386,A76
Q35387,A37
Q35388,A33
Q35389,A0
Q35390,A4
Q35391,A20
Q35392,A28
Q35393,A32
Q35394,A68
Q35395,A18
Q35396,A31
Q35397,A34
Q35398,A27
Q35399,A7
Q35400,A49
Q35401,A92
Q35402,A88
Q35403,A21
Q35404,A13
Q35405,A7
Q35406,A38
Q35407,A65
Q35408,A54
Q35409,A24
Q35410,A9
Q35411,A26
Q35412,A98
Q35413,A42
Q35414,A58
Q35415,A67
Q35416,A17
Q35417,A31
Q35418,A76
Q35419,A80
Q35420,A12
Q35421,A30
Q35422,A37
Q35423,A45
Q35424,A86
Q35425,A65
Q35426,A66
Q35427,A50
Q35428,A25
Q35429,A67
Q35430,A38
Q35431,A23
Q35432,A93
Q35433,A67
Q35434,A10
Q35435,A3
Q35436,A32
Q35437,A69
Q35438,A35
Q35439,A47
Q35440,A95
Q35441,A3
Q35442,A18
Q35443,A14
Q35444,A94
Q35445,A4
Q35446,A40
Q35447,A46
Q35448,A49
Q35449,A35
Q35450,A83
Q35451,A84
Q35452,A92
Q35453,A73
Q35454,A52
Q35455,A71
Q35456,A78
Q35457,A86
Q35458,A14
Q35459,A83
Q35460,A81
Q35461,A60
Q35462,A34
Q35463,A61
Q35464,A11
Q35465,A9
Q35466,A43
Q35467,A53
Q35468,A83
Q35469,A91
Q35470,A51
Q35471,A91
Q35472,A27
Q35473,A44
Q35474,A31
Q35475,A78
Q35476,A12
Q35477,A19
Q35478,A27
Q35479,A53
Q35480,A29
Q35481,A48
Q35482,A88
Q35483,A52
Q35484,A36
Q35485,A23
Q35486,A13
Q35487,A94
Q35488,A14
Q35489,A30
Q35490,A24
Q35491,A43
Q35492,A49
Q35493,A66
Q35494,A60
Q35495,A35
Q35496,A40
Q35497,A94
Q35498,A7
Q35499,A53
Q35500,A61
Q35501,A59
Q35502,A0
Q35503,A65
Q35504,A61
Q35505,A45
Q35506,A29
Q35507,A89
Q35508,A20
Q35509,A2
Q35510,A84
Q35511,A61
Q35512,A46
Q35513,A80
Q35514,A72
Q35515,A78
Q35516,A12
Q35517,A85
Q35518,A49
Q35519,A85
Q35520,A5
Q35521,A44
Q35522,A52
Q35523,A60
Q35524,A34
Q35525,A18
Q35526,A72
Q35527,A92
Q35528,A37
Q35529,A28
Q35530,A50
Q35531,A62
Q35532,A13
Q35533,A53
Q35534,A13
Q35535,A64
Q35536,A83
Q35537,A9
Q35538,A37
Q35539,A14
Q35540,A99
Q35541,A99
Q35542,A87
Q35543,A71
Q35544,A6
Q35545,A5
Q35546,A16
Q35547,A81
Q35548,A99
Q35549,A25
Q35550,A49
Q35551,A58
Q35552,A8
Q35553,A93
Q35554,A47
Q35555,A1
Q35556,A43
Q35557,A84
Q35558,A19
Q35559,A93
Q35560,A99
Q35561,A42
Q35562,A87
Q35563,A35
Q35564,A71
Q35565,A56
Q35566,A83
Q35567,A30
Q35568,A64
Q35569,A27
Q35570,A84
Q35571,A24
Q35572,A90
Q35573,A36
Q35574,A7
Q35575,A41
Q35576,A4
Q35577,A84
Q35578,A60
Q35579,A56
Q35580,A17
Q35581,A42
Q35582,A74
Q35583,A32
Q35584,A32
Q35585,A56
Q35586,A21
Q35587,A2
Q35588,A77
Q35589,A48
Q35590,A2
Q35591,A63
Q35592,A30
Q35593,A60
Q35594,A78
Q35595,A13
Q35596,A61
Q35597,A5
Q35598,A79
Q35599,A86
Q35600,A50
Q35601,A61
Q35602,A63
Q35603,A77
Q35604,A9
Q35605,A78
Q35606,A42
Q35607,A32
Q35608,A86
Q35609,A62
Q35610,A29
Q35611,A43
Q35612,A35
Q35613,A6
Q35614,A29
Q35615,A49
Q35616,A22
Q35617,A8
Q35618,A23
Q35619,A21
Q35620,A31
Q35621,A29
Q35622,A84
Q35623,A66
Q35624,A19
Q35625,A68
Q35626,A7
Q35627,A93
Q35628,A68
Q35629,A44
Q35630,A16
Q35631,A65
Q35632,A27
Q35633,A54
Q35634,A39
Q35635,A32
Q35636,A61
Q35637,A18
Q35638,A22
Q35639,A37
Q35640,A98
Q35641,A4
Q35642,A14
Q35643,A45
Q35644,A44
Q35645,A44
Q35646,A75
Q35647,A28
Q35648,A81
Q35649,A4
Q35650,A45
Q35651,A18
Q35652,A77
Q35653,A0
Q35654,A86
Q35655,A88
Q35656,A40
Q35657,A17
Q35658,A77
Q35659,A26
Q35660,A97
Q35661,A43
Q35662,A44
Q35663,A94
Q35664,A53
Q35665,A0
Q35666,A69
Q35667,A5
Q35668,A32
Q35669,A61
Q35670,A99
Q35671,A49
Q35672,A9
Q35673,A24
Q35674,A22
Q35675,A34
Q35676,A59
Q35677,A10
Q35678,A30
Q35679,A37
Q35680,A95
Q35681,A99
Q35682,A75
Q35683,A75
Q35684,A9
Q35685,A22
Q35686,A94
Q35687,A31
Q35688,A14
Q35689,A53
Q35690,A4
Q35691,A28
Q35692,A68
Q35693,A72
Q35694,A46
Q35695,A8
Q35696,A60
Q35697,A60
Q35698,A28
Q35699,A92
Q35700,A25
Q35701,A71
Q35702,A16
Q35703,A22
Q35704,A25
Q35705,A20
Q35706,A92
Q35707,A91
Q35708,A34
Q35709,A51
Q35710,A1
Q35711,A98
Q35712,A52
Q35713,A50
Q35714,A26
Q35715,A55
Q35716,A48
Q35717,A27
Q35718,A72
Q35719,A89
Q35720,A45
Q35721,A35
Q35722,A91
Q35723,A85
Q35724,A44
Q35725,A73
Q35726,A29
Q35727,A92
Q35728,A86
Q35729,A77
Q35730,A54
Q35731,A49
Q35732,A22
Q35733,A65
Q35734,A93
Q35735,A69
Q35736,A30
Q35737,A27
Q35738,A99
Q35739,A0
Q35740,A45
Q35741,A87
Q35742,A87
Q35743,A9
Q35744,A96
Q35745,A16
Q35746,A96
Q35747,A48
Q35748,A86
Q35749,A67
Q35750,A84
Q35751,A47
Q35752,A90
Q35753,A23
Q35754,A36
Q35755,A33
Q35756,A69
Q35757,A67
Q35758,A19
Q35759,A38
Q35760,A48
Q35761,A57
Q35762,A34
Q35763,A21
Q35764,A42
Q35765,A19
Q35766,A51
Q35767,A49
Q35768,A20
Q35769,A11
Q35770,A25
Q35771,A66
Q35772,A39
Q35773,A17
Q35774,A82
Q35775,A4
Q35776,A92
Q35777,A39
Q35778,A98
Q35779,A17
Q35780,A66
Q35781,A7
Q35782,A43
Q35783,A43
Q35784,A6
Q35785,A67
Q35786,A93
Q35787,A10
Q35788,A76
Q35789,A41
Q35790,A96
Q35791,A26
Q35792,A56
Q35793,A18
Q35794,A83
Q35795,A73
Q35796,A70
Q35797,A98
Q35798,A16
Q35799,A3
Q35800,A6
Q35801,A2
Q35802,A70
Q35803,A31
Q35804,A38
Q35805,A43
Q35806,A29
Q35807,A43
Q35808,A24
Q35809,A63
Q35810,A51
Q35811,A59
Q35812,A19
Q35813,A8
Q35814,A91
Q35815,A52
Q35816,A58
Q35817,A8
Q35818,A78
Q35819,A21
Q35820,A15
Q35821,A13
Q35822,A3
Q35823,A47
Q35824,A22
Q35825,A52
Q35826,A1
Q35827,A12
Q35828,A46
Q35829,A82
Q35830,A76
Q35831,A28
Q35832,A72
Q35833,A51
Q35834,A47
Q35835,A3
Q35836,A34
Q35837,A92
Q35838,A11
Q35839,A68
Q35840,A22
Q35841,A7
Q35842,A12
Q35843,A71
Q35844,A50
Q35845,A57
Q35846,A40
Q35847,A25
Q35848,A96
Q35849,A0
Q35850,A16
Q35851,A95
Q35852,A35
Q35853,A96
Q35854,A3
Q35855,A30
Q35856,A97
Q35857,A76
Q35858,A58
Q35859,A76
Q35860,A92
Q35861,A64
Q35862,A65
Q35863,A30
Q35864,A77
Q35865,A99
Q35866,A25
Q35867,A49
Q35868,A4
Q35869,A69
Q35870,A52
Q35871,A80
Q35872,A16
Q35873,A11
Q35874,A19
Q35875,A90
Q35876,A48
Q35877,A57
Q35878,A92
Q35879,A98
Q35880,A13
Q35881,A53
Q35882,A4
Q35883,A2
Q35884,A63
Q35885,A43
Q35886,A2
Q35887,A58
Q35888,A53
Q35889,A17
Q35890,A45
Q35891,A50
Q35892,A22
Q35893,A13
Q35894,A29
Q35895,A28
Q35896,A55
Q35897,A66
Q35898,A61
Q35899,A93
Q35900,A15
Q35901,A52
Q35902,A18
Q35903,A61
Q35904,A55
Q35905,A30
Q35906,A98
Q35907,A52
Q35908,A0
Q35909,A46
Q35910,A29
Q35911,A49
Q35912,A19
Q35913,A36
Q35914,A80
Q35915,A49
Q35916,A14
Q35917,A18
Q35918,A34
Q35919,A3
Q35920,A59
Q35921,A2
Q35922,A9
Q35923,A55
Q35924,A42
Q35925,A51
Q35926,A22
Q35927,A15
Q35928,A58
Q35929,A17
Q35930,A52
Q35931,A31
Q35932,A36
Q35933,A85
Q35934,A21
Q35935,A22
Q35936,A29
Q35937,A38
Q35938,A99
Q35939,A30
Q35940,A97
Q35941,A58
Q35942,A18
Q35943,A15
Q35944,A78
Q35945,A63
Q35946,A32
Q35947,A55
Q35948,A32
Q35949,A49
Q35950,A55
Q35951,A41
Q35952,A45
Q35953,A45
Q35954,A89
Q35955,A17
Q35956,A38
Q35957,A84
Q35958,A85
Q35959,A0
Q35960,A7
Q35961,A78
Q35962,A98
Q35963,A0
Q35964,A25
Q35965,A31
Q35966,A92
Q35967,A82
Q35968,A18
Q35969,A65
Q35970,A97
Q35971,A0
Q35972,A12
Q35973,A42
Q35974,A52
Q35975,A31
Q35976,A46
Q35977,A17
Q35978,A91
Q35979,A58
Q35980,A74
Q35981,A76
Q35982,A19
Q35983,A50
Q35984,A45
Q35985,A69
Q35986,A50
Q35987,A79
Q35988,A48
Q35989,A93
Q35990,A73
Q35991,A68
Q35992,A45
Q35993,A15
Q35994,A89
Q35995,A41
Q35996,A45
Q35997,A61
Q35998,A85
Q35999,A96
Q36000,A90
Q36001,A41
Q36002,A75
Q36003,A67
Q36004,A68
Q36005,A13
Q36006,A63
Q36007,A73
Q36008,A91
Q36009,A49
Q36010,A68
Q36011,A19
Q36012,A45
Q36013,A47
Q36014,A76
Q36015,A53
Q36016,A93
Q36017,A32
Q36018,A13
Q36019,A10
Q36020,A65
Q36021,A3
Q36022,A13
Q36023,A10
Q36024,A76
Q36025,A53
Q36026,A31
Q36027,A77
Q36028,A30
Q36029,A74
Q36030,A4
Q36031,A11
Q36032,A16
Q36033,A36
Q36034,A36
Q36035,A64
Q36036,A79
Q36037,A18
Q36038,A15
Q36039,A20
Q36040,A69
Q36041,A23
Q36042,A37
Q36043,A37
Q36044,A5
Q36045,A76
Q36046,A81
Q36047,A74
Q36048,A36
Q36049,A84
Q36050,A35
Q36051,A10
Q36052,A60
Q36053,A24
Q36054,A13
Q36055,A44
Q36056,A11
Q36057,A57
Q36058,A11
Q36059,A86
Q36060,A43
Q36061,A29
Q36062,A31
Q36063,A4
Q36064,A20
Q36065,A86
Q36066,A39
Q36067,A69
Q36068,A90
Q36069,A22
Q36070,A39
Q36071,A94
Q36072,A87
Q36073,A49
Q36074,A78
Q36075,A83
Q36076,A65
Q36077,A46
Q36078,A16
Q36079,A74
Q36080,A87
Q36081,A28
Q36082,A26
Q36083,A24
Q36084,A71
Q36085,A55
Q36086,A85
Q36087,A36
Q36088,A84
Q36089,A11
Q36090,A26
Q36091,A48
Q36092,A72
Q36093,A22
Q36094,A32
Q36095,A69
Q36096,A50
Q36097,A63
Q36098,A75
Q36099,A68
Q36100,A41
Q36101,A9
Q36102,A3
Q36103,A70
Q36104,A64
Q36105,A15
Q36106,A72
Q36107,A90
Q36108,A33
Q36109,A83
Q36110,A50
Q36111,A47
Q36112,A63
Q36113,A85
Q36114,A34
Q36115,A75
Q36116,A29
Q36117,A95
Q36118,A75
Q36119,A2
Q36120,A9
Q36121,A98
Q36122,A22
Q36123,A54
Q36124,A4
Q36125,A9
Q36126,A43
Q36127,A32
Q36128,A83
Q36129,A69
Q36130,A79
Q36131,A47
Q36132,A94
Q36133,A87
Q36134,A19
Q36135,A86
Q36136,A92
Q36137,A56
Q36138,A51
Q36139,A13
Q36140,A15
Q36141,A55
Q36142,A84
Q36143,A50
Q36144,A41
Q36145,A79
Q36146,A29
Q36147,A55
Q36148,A25
Q36149,A95
Q36150,A48
Q36151,A23
Q36152,A18
Q36153,A45
Q36154,A74
Q36155,A5
Q36156,A66
Q36157,A78
Q36158,A17
Q36159,A42
Q36160,A95
Q36161,A39
Q36162,A36
Q36163,A89
Q36164,A25
Q36165,A56
Q36166,A5
Q36167,A11
Q36168,A1
Q36169,A68
Q36170,A30
Q36171,A1
Q36172,A0
Q36173,A13
Q36174,A25
Q36175,A12
Q36176,A76
Q36177,A34
Q36178,A47
Q36179,A16
Q36180,A11
Q36181,A47
Q36182,A51
Q36183,A54
Q36184,A83
Q36185,A39
Q36186,A32
Q36187,A25
Q36188,A8
Q36189,A31
Q36190,A92
Q36191,A98
Q36192,A82
Q36193,A28
Q36194,A82
Q36195,A66
Q36196,A66
Q36197,A37
Q36198,A88
Q36199,A78
Q36200,A48
Q36201,A70
Q36202,A42
Q36203,A80
Q36204,A22
Q36205,A69
Q36206,A54
Q36207,A88
Q36208,A29
Q36209,A70
Q36210,A78
Q36211,A44
Q36212,A99
Q36213,A46
Q36214,A42
Q36215,A70
Q36216,A80
Q36217,A84
Q36218,A32
Q36219,A92
Q36220,A76
Q36221,A17
Q36222,A7
Q36223,A59
Q36224,A22
Q36225,A41
Q36226,A29
Q36227,A61
Q36228,A24
Q36229,A96
Q36230,A47
Q36231,A91
Q36232,A4
Q36233,A64
Q36234,A57
Q36235,A49
Q36236,A32
Q36237,A43
Q36238,A39
Q36239,A71
Q36240,A84
Q36241,A4
Q36242,A84
Q36243,A49
Q36244,A47
Q36245,A98
Q36246,A98
Q36247,A42
Q36248,A65
Q36249,A2
Q36250,A62
Q36251,A87
Q36252,A54
Q36253,A48
Q36254,A6
Q36255,A50
Q36256,A57
Q36257,A17
Q36258,A9
Q36259,A18
Q36260,A96
Q36261,A82
Q36262,A92
Q36263,A94
Q36264,A12
Q36265,A89
Q36266,A1
Q36267,A6
Q36268,A40
Q36269,A8
Q36270,A97
Q36271,A84
Q36272,A82
Q36273,A15
Q36274,A87
Q36275,A43
Q36276,A92
Q36277,A45
Q36278,A87
Q36279,A23
Q36280,A18
Q36281,A23
Q36282,A1
Q36283,A55
Q36284,A97
Q36285,A12
Q36286,A8
Q36287,A86
Q36288,A86
Q36289,A78
Q36290,A38
Q36291,A14
Q36292,A52
Q36293,A30
Q36294,A42
Q36295,A82
Q36296,A81
Q36297,A70
Q36298,A74
Q36299,A12
Q36300,A58
Q36301,A82
Q36302,A48
Q36303,A37
Q36304,A91
Q36305,A85
Q36306,A32
Q36307,A58
Q36308,A60
Q36309,A16
Q36310,A22
Q36311,A73
Q36312,A59
Q36313,A10
Q36314,A22
Q36315,A95
Q36316,A25
Q36317,A70
Q36318,A94
Q36319,A55
Q36320,A1
Q36321,A57
Q36322,A14
Q36323,A0
Q36324,A73
Q36325,A46
Q36326,A91
Q36327,A82
Q36328,A36
Q36329,A82
Q36330,A34
Q36331,A15
Q36332,A63
Q36333,A48
Q36334,A96
Q36335,A34
Q36336,A39
Q36337,A67
Q36338,A87
Q36339,A4
Q36340,A4
Q36341,A33
Q36342,A53
Q36343,A97
Q36344,A73
Q36345,A2
Q36346,A44
Q36347,A18
Q36348,A38
Q36349,A28
Q36350,A38
Q36351,A40
Q36352,A17
Q36353,A70
Q36354,A6
Q36355,A91
Q36356,A72
Q36357,A93
Q36358,A30
Q36359,A81
Q36360,A12
Q36361,A90
Q36362,A42
Q36363,A89
Q36364,A91
Q36365,A36
Q36366,A37
Q36367,A22
Q36368,A87
Q36369,A39
Q36370,A92
Q36371,A4
Q36372,A90
Q36373,A49
Q36374,A56
Q36375,A22
Q36376,A76
Q36377,A23
Q36378,A43
Q36379,A73
Q36380,A85
Q36381,A28
Q36382,A7
Q36383,A89
Q36384,A54
Q36385,A18
Q36386,A12
Q36387,A59
Q36388,A85
Q36389,A32
Q36390,A45
Q36391,A0
Q36392,A12
Q36393,A34
Q36394,A61
Q36395,A4
Q36396,A16
Q36397,A22
Q36398,A25
Q36399,A1
Q36400,A43
Q36401,A88
Q36402,A63
Q36403,A3
Q36404,A28
Q36405,A57
Q36406,A38
Q36407,A66
Q36408,A9
Q36409,A54
Q36410,A12
Q36411,A88
Q36412,A34
Q36413,A31
Q36414,A55
Q36415,A57
Q36416,A32
Q36417,A94
Q36418,A39
Q36419,A17
Q36420,A7
Q36421,A16
Q36422,A77
Q36423,A47
Q36424,A55
Q36425,A9
Q36426,A60
Q36427,A79
Q36428,A50
Q36429,A4
Q36430,A93
Q36431,A9
Q36432,A42
Q36433,A81
Q36434,A87
Q36435,A78
Q36436,A80
Q36437,A82
Q36438,A79
Q36439,A97
Q36440,A85
Q36441,A77
Q36442,A56
Q36443,A77
Q36444,A83
Q36445,A38
Q36446,A41
Q36447,A41
Q36448,A40
Q36449,A69
Q36450,A75
Q36451,A15
Q36452,A19
Q36453,A26
Q36454,A25
Q36455,A64
Q36456,A36
Q36457,A27
Q36458,A76
Q36459,A44
Q36460,A45
Q36461,A68
Q36462,A28
Q36463,A3
Q36464,A32
Q36465,A5
Q36466,A52
Q36467,A54
Q36468,A42
Q36469,A12
Q36470,A75
Q36471,A24
Q36472,A4
Q36473,A45
Q36474,A6
Q36475,A52
Q36476,A48
Q36477,A50
Q36478,A57
Q36479,A71
Q36480,A35
Q36481,A0
Q36482,A33
Q36483,A53
Q36484,A85
Q36485,A97
Q36486,A14
Q36487,A7
Q36488,A11
Q36489,A22
Q36490,A76
Q36491,A56
Q36492,A82
Q36493,A8
Q36494,A58
Q36495,A9
Q36496,A76
Q36497,A81
Q36498,A97
Q36499,A19
Q36500,A96
Q36501,A38
Q36502,A79
Q36503,A78
Q36504,A62
Q36505,A74
Q36506,A75
Q36507,A92
Q36508,A67
Q36509,A95
Q36510,A75
Q36511,A67
Q36512,A8
Q36513,A74
Q36514,A20
Q36515,A55
Q36516,A78
Q36517,A85
Q36518,A95
Q36519,A37
Q36520,A82
Q36521,A99
Q36522,A99
Q36523,A49
Q36524,A5
Q36525,A18
Q36526,A52
Q36527,A35
Q36528,A10
Q36529,A53
Q36530,A48
Q36531,A35
Q36532,A75
Q36533,A2
Q36534,A84
Q36535,A0
Q36536,A61
Q36537,A35
Q36538,A33
Q36539,A95
Q36540,A71
Q36541,A56
Q36542,A89
Q36543,A71
Q36544,A92
Q36545,A6
Q36546,A53
Q36547,A65
Q36548,A66
Q36549,A21
Q36550,A77
Q36551,A0
Q36552,A60
Q36553,A46
Q36554,A66
Q36555,A76
Q36556,A3
Q36557,A20
Q36558,A58
Q36559,A31
Q36560,A90
Q36561,A88
Q36562,A0
Q36563,A49
Q36564,A30
Q36565,A90
Q36566,A25
Q36567,A68
Q36568,A80
Q36569,A1
Q36570,A20
Q36571,A73
Q36572,A93
Q36573,A29
Q36574,A60
Q36575,A71
Q36576,A13
Q36577,A66
Q36578,A56
Q36579,A38
Q36580,A19
Q36581,A39
Q36582,A90
Q36583,A98
Q36584,A59
Q36585,A49
Q36586,A17
Q36587,A30
Q36588,A20
Q36589,A3
Q36590,A12
Q36591,A54
Q36592,A21
Q36593,A81
Q36594,A9
Q36595,A65
Q36596,A6
Q36597,A31
Q36598,A45
Q36599,A52
Q36600,A41
Q36601,A73
Q36602,A33
Q36603,A26
Q36604,A5
Q36605,A51
Q36606,A54
Q36607,A87
Q36608,A42
Q36609,A64
Q36610,A45
Q36611,A11
Q36612,A55
Q36613,A44
Q36614,A48
Q36615,A12
Q36616,A75
Q36617,A71
Q36618,A3
Q36619,A47
Q36620,A62
Q36621,A95
Q36622,A87
Q36623,A56
Q36624,A78
Q36625,A69
Q36626,A35
Q36627,A2
Q36628,A70
Q36629,A73
Q36630,A74
Q36631,A82
Q36632,A98
Q36633,A63
Q36634,A84
Q36635,A26
Q36636,A84
Q36637,A59
Q36638,A36
Q36639,A87
Q36640,A32
Q36641,A23
Q36642,A30
Q36643,A49
Q36644,A87
Q36645,A71
Q36646,A28
Q36647,A64
Q36648,A78
Q36649,A11
Q36650,A48
Q36651,A57
Q36652,A80
Q36653,A96
Q36654,A31
Q36655,A13
Q36656,A39
Q36657,A47
Q36658,A9
Q36659,A62
Q36660,A19
Q36661,A21
Q36662,A29
Q36663,A7
Q36664,A69
Q36665,A54
Q36666,A1
Q36667,A35
Q36668,A52
Q36669,A56
Q36670,A7
Q36671,A41
Q36672,A79
Q36673,A45
Q36674,A93
Q36675,A22
Q36676,A75
Q36677,A10
Q36678,A9
Q36679,A54
Q36680,A50
Q36681,A19
Q36682,A84
Q36683,A14
Q36684,A22
Q36685,A11
Q36686,A13
Q36687,A18
Q36688,A82
Q36689,A18
Q36690,A82
Q36691,A27
Q36692,A92
Q36693,A0
Q36694,A55
Q36695,A97
Q36696,A73
Q36697,A42
Q36698,A46
Q36699,A89
Q36700,A98
Q36701,A59
Q36702,A27
Q36703,A68
Q36704,A52
Q36705,A82
Q36706,A76
Q36707,A18
Q36708,A67
Q36709,A29
Q36710,A4
Q36711,A42
Q36712,A29
Q36713,A91
Q36714,A16
Q36715,A4
Q36716,A30
Q36717,A12
Q36718,A66
Q36719,A16
Q36720,A89
Q36721,A83
Q36722,A54
Q36723,A73
Q36724,A81
Q36725,A92
Q36726,A64
Q36727,A82
Q36728,A83
Q36729,A84
Q36730,A47
Q36731,A47
Q36732,A66
Q36733,A43
Q36734,A61
Q36735,A89
Q36736,A26
Q36737,A6
Q36738,A33
Q36739,A69
Q36740,A75
Q36741,A35
Q36742,A44
Q36743,A70
Q36744,A8
Q36745,A58
Q36746,A40
Q36747,A2
Q36748,A16
Q36749,A74
Q36750,A29
Q36751,A60
Q36752,A24
Q36753,A4
Q36754,A73
Q36755,A86
Q36756,A9
Q36757,A95
Q36758,A54
Q36759,A47
Q36760,A60
Q36761,A18
Q36762,A10
Q36763,A62
Q36764,A26
Q36765,A29
Q36766,A39
Q36767,A11
Q36768,A50
Q36769,A13
Q36770,A57
Q36771,A57
Q36772,A15
Q36773,A42
Q36774,A73
Q36775,A27
Q36776,A65
Q36777,A45
Q36778,A49
Q36779,A93
Q36780,A51
Q36781,A1
Q36782,A72
Q36783,A54
Q36784,A10
Q36785,A84
Q36786,A6
Q36787,A65
Q36788,A80
Q36789,A34
Q36790,A61
Q36791,A18
Q36792,A86
Q36793,A39
Q36794,A17
Q36795,A36
Q36796,A61
Q36797,A15
Q36798,A53
Q36799,A82
Q36800,A17
Q36801,A4
Q36802,A18
Q36803,A89
Q36804,A53
Q36805,A76
Q36806,A35
Q36807,A73
Q36808,A68
Q36809,A60
Q36810,A67
Q36811,A15
Q36812,A84
Q36813,A38
Q36814,A96
Q36815,A29
Q36816,A37
Q36817,A0
Q36818,A70
Q36819,A89
Q36820,A28
Q36821,A73
Q36822,A5
Q36823,A25
Q36824,A68
Q36825,A35
Q36826,A81
Q36827,A98
Q36828,A84
Q36829,A66
Q36830,A2
Q36831,A31
Q36832,A71
Q36833,A45
Q36834,A67
Q36835,A52
Q36836,A78
Q36837,A31
Q36838,A20
Q36839,A43
Q36840,A33
Q36841,A0
Q36842,A47
Q36843,A56
Q36844,A22
Q36845,A54
Q36846,A92
Q36847,A49
Q36848,A36
Q36849,A36
Q36850,A45
Q36851,A40
Q36852,A45
Q36853,A32
Q36854,A78
Q36855,A23
Q36856,A68
Q36857,A89
Q36858,A2
Q36859,A42
Q36860,A54
Q36861,A33
Q36862,A61
Q36863,A0
Q36864,A79
Q36865,A79
Q36866,A97
Q36867,A15
Q36868,A52
Q36869,A51
Q36870,A78
Q36871,A41
Q36872,A47
Q36873,A14
Q36874,A2
Q36875,A19
Q36876,A92
Q36877,A65
Q36878,A71
Q36879,A68
Q36880,A95
Q36881,A30
Q36882,A30
Q36883,A5
Q36884,A13
Q36885,A51
Q36886,A18
Q36887,A58
Q36888,A24
Q36889,A77
Q36890,A75
Q36891,A51
Q36892,A7
Q36893,A70
Q36894,A1
Q36895,A45
Q36896,A10
Q36897,A22
Q36898,A56
Q36899,A99
Q36900,A92
Q36901,A22
Q36902,A44
Q36903,A6
Q36904,A14
Q36905,A35
Q36906,A61
Q36907,A48
Q36908,A56
Q36909,A43
Q36910,A98
Q36911,A99
Q36912,A39
Q36913,A37
Q36914,A71
Q36915,A73
Q36916,A37
Q36917,A59
Q36918,A46
Q36919,A5
Q36920,A66
Q36921,A44
Q36922,A63
Q36923,A45
Q36924,A58
Q36925,A64
Q36926,A85
Q36927,A47
Q36928,A62
Q36929,A41
Q36930,A3
Q36931,A37
Q36932,A42
Q36933,A83
Q36934,A7
Q36935,A16
Q36936,A3
Q36937,A88
Q36938,A67
Q36939,A85
Q36940,A44
Q36941,A40
Q36942,A84
Q36943,A34
Q36944,A55
Q36945,A59
Q36946,A20
Q36947,A86
Q36948,A93
Q36949,A60
Q36950,A31
Q36951,A9
Q36952,A88
Q36953,A1
Q36954,A22
Q36955,A10
Q36956,A91
Q36957,A48
Q36958,A73
Q36959,A46
Q36960,A34
Q36961,A34
Q36962,A43
Q36963,A27
Q36964,A12
Q36965,A27
Q36966,A7
Q36967,A88
Q36968,A6
Q36969,A1
Q36970,A9
Q36971,A10
Q36972,A30
Q36973,A34
Q36974,A47
Q36975,A44
Q36976,A74
Q36977,A22
Q36978,A7
Q36979,A22
Q36980,A43
Q36981,A22
Q36982,A14
Q36983,A43
Q36984,A79
Q36985,A24
Q36986,A20
Q36987,A72
Q36988,A95
Q36989,A55
Q36990,A10
Q36991,A47
Q36992,A6
Q36993,A89
Q36994,A76
Q36995,A7
Q36996,A8
Q36997,A24
Q36998,A46
Q36999,A59
Q37000,A50
Q37001,A78
Q37002,A73
Q37003,A28
Q37004,A34
Q37005,A75
Q37006,A25
Q37007,A3
Q37008,A48
Q37009,A92
Q37010,A36
Q37011,A62
Q37012,A67
Q37013,A52
Q37014,A86
Q37015,A2
Q37016,A18
Q37017,A53
Q37018,A65
Q37019,A84
Q37020,A31
Q37021,A83
Q37022,A78
Q37023,A56
Q37024,A8
Q37025,A1
Q37026,A13
Q37027,A33
Q37028,A3
Q37029,A43
Q37030,A4
Q37031,A24
Q37032,A97
Q37033,A54
Q37034,A66
Q37035,A77
Q37036,A41
Q37037,A46
Q37038,A34
Q37039,A45
Q37040,A24
Q37041,A60
Q37042,A68
Q37043,A78
Q37044,A86
Q37045,A96
Q37046,A21
Q37047,A97
Q37048,A66
Q37049,A4
Q37050,A45
Q37051,A74
Q37052,A61
Q37053,A80
Q37054,A78
Q37055,A4
Q37056,A0
Q37057,A4
Q37058,A11
Q37059,A68
Q37060,A71
Q37061,A85
Q37062,A39
Q37063,A98
Q37064,A82
Q37065,A67
Q37066,A88
Q37067,A37
Q37068,A94
Q37069,A37
Q37070,A55
Q37071,A7
Q37072,A25
Q37073,A57
Q37074,A59
Q37075,A4
Q37076,A54
Q37077,A10
Q37078,A10
Q37079,A21
Q37080,A2
Q37081,A8
Q37082,A96
Q37083,A77
Q37084,A98
Q37085,A99
Q37086,A20
Q37087,A43
Q37088,A91
Q37089,A56
Q37090,A56
Q37091,A52
Q37092,A77
Q37093,A55
Q37094,A95
Q37095,A66
Q37096,A48
Q37097,A37
Q37098,A71
Q37099,A99
Q37100,A19
Q37101,A30
Q37102,A29
Q37103,A12
Q37104,A96
Q37105,A65
Q37106,A6
Q37107,A13
Q37108,A24
Q37109,A42
Q37110,A78
Q37111,A16
Q37112,A28
Q37113,A54
Q37114,A64
Q37115,A71
Q37116,A30
Q37117,A64
Q37118,A17
Q37119,A93
Q37120,A21
Q37121,A40
Q37122,A66
Q37123,A93
Q37124,A18
Q37125,A36
Q37126,A89
Q37127,A73
Q37128,A21
Q37129,A18
Q37130,A24
Q37131,A64
Q37132,A5
Q37133,A76
Q37134,A27
Q37135,A66
Q37136,A90
Q37137,A73
Q37138,A20
Q37139,A61
Q37140,A19
Q37141,A90
Q37142,A79
Q37143,A55
Q37144,A21
Q37145,A67
Q37146,A21
Q37147,A98
Q37148,A40
Q37149,A20
Q37150,A83
Q37151,A30
Q37152,A87
Q37153,A65
Q37154,A64
Q37155,A23
Q37156,A37
Q37157,A41
Q37158,A62
Q37159,A43
Q37160,A66
Q37161,A44
Q37162,A91
Q37163,A2
Q37164,A89
Q37165,A55
Q37166,A53
Q37167,A97
Q37168,A49
Q37169,A80
Q37170,A5
Q37171,A3
Q37172,A52
Q37173,A24
Q37174,A38
Q37175,A94
Q37176,A77
Q37177,A85
Q37178,A15
Q37179,A52
Q37180,A48
Q37181,A18
Q37182,A54
Q37183,A27
Q37184,A60
Q37185,A61
Q37186,A79
Q37187,A2
Q37188,A67
Q37189,A82
Q37190,A85
Q37191,A91
Q37192,A45
Q37193,A18
Q37194,A13
Q37195,A91
Q37196,A44
Q37197,A1
Q37198,A16
Q37199,A32
Q37200,A52
Q37201,A75
Q37202,A57
Q37203,A18
Q37204,A19
Q37205,A65
Q37206,A46
Q37207,A19
Q37208,A78
Q37209,A99
Q37210,A13
Q37211,A10
Q37212,A95
Q37213,A23
Q37214,A2
Q37215,A36
Q37216,A24
Q37217,A16
Q37218,A69
Q37219,A22
Q37220,A14
Q37221,A67
Q37222,A26
Q37223,A53
Q37224,A71
Q37225,A18
Q37226,A6
Q37227,A4
Q37228,A59
Q37229,A70
Q37230,A88
Q37231,A88
Q37232,A68
Q37233,A88
Q37234,A68
Q37235,A84
Q37236,A99
Q37237,A49
Q37238,A4
Q37239,A64
Q37240,A99
Q37241,A43
Q37242,A50
Q37243,A23
Q37244,A79
Q37245,A79
Q37246,A68
Q37247,A24
Q37248,A54
Q37249,A33
Q37250,A22
Q37251,A55
Q37252,A81
Q37253,A68
Q37254,A95
Q37255,A67
Q37256,A48
Q37257,A33
Q37258,A58
Q37259,A56
Q37260,A81
Q37261,A42
Q37262,A83
Q37263,A92
Q37264,A5
Q37265,A91
Q37266,A40
Q37267,A69
Q37268,A35
Q37269,A6
Q37270,A84
Q37271,A26
Q37272,A87
Q37273,A98
Q37274,A68
Q37275,A92
Q37276,A90
Q37277,A10
Q37278,A66
Q37279,A72
Q37280,A79
Q37281,A56
Q37282,A90
Q37283,A66
Q37284,A47
Q37285,A60
Q37286,A16
Q37287,A2
Q37288,A44
Q37289,A93
Q37290,A81
Q37291,A12
Q37292,A12
Q37293,A65
Q37294,A75
Q37295,A6
Q37296,A42
Q37297,A19
Q37298,A80
Q37299,A56
Q37300,A92
Q37301,A44
Q37302,A35
Q37303,A26
Q37304,A61
Q37305,A88
Q37306,A12
Q37307,A63
Q37308,A19
Q37309,A6
Q37310,A5
Q37311,A90
Q37312,A69
Q37313,A69
Q37314,A62
Q37315,A41
Q37316,A44
Q37317,A19
Q37318,A42
Q37319,A93
Q37320,A58
Q37321,A98
Q37322,A1
Q37323,A42
Q37324,A16
Q37325,A5
Q37326,A36
Q37327,A24
Q37328,A93
Q37329,A67
Q37330,A72
Q37331,A70
Q37332,A20
Q37333,A38
Q37334,A0
Q37335,A14
Q37336,A95
Q37337,A74
Q37338,A67
Q37339,A4
Q37340,A14
Q37341,A54
Q37342,A96
Q37343,A24
Q37344,A32
Q37345,A63
Q37346,A6
Q37347,A75
Q37348,A79
Q37349,A85
Q37350,A83
Q37351,A15
Q37352,A56
Q37353,A21
Q37354,A52
Q37355,A77
Q37356,A87
Q37357,A20
Q37358,A37
Q37359,A50
Q37360,A23
Q37361,A7
Q37362,A38
Q37363,A49
Q37364,A81
Q37365,A0
Q37366,A75
Q37367,A90
Q37368,A40
Q37369,A87
Q37370,A79
Q37371,A77
Q37372,A81
Q37373,A63
Q37374,A80
Q37375,A24
Q37376,A24
Q37377,A68
Q37378,A21
Q37379,A35
Q37380,A60
Q37381,A4
Q37382,A22
Q37383,A53
Q37384,A93
Q37385,A79
Q37386,A5
Q37387,A70
Q37388,A16
Q37389,A7
Q37390,A1
Q37391,A86
Q37392,A5
Q37393,A80
Q37394,A76
Q37395,A75
Q37396,A42
Q37397,A58
Q37398,A12
Q37399,A15
Q37400,A21
Q37401,A23
Q37402,A0
Q37403,A61
Q37404,A54
Q37405,A93
Q37406,A75
Q37407,A57
Q37408,A99
Q37409,A97
Q37410,A83
Q37411,A31
Q37412,A90
Q37413,A29
Q37414,A70
Q37415,A91
Q37416,A60
Q37417,A53
Q37418,A28
Q37419,A75
Q37420,A64
Q37421,A61
Q37422,A84
Q37423,A31
Q37424,A97
Q37425,A42
Q37426,A56
Q37427,A58
Q37428,A66
Q37429,A13
Q37430,A93
Q37431,A2
Q37432,A83
Q37433,A70
Q37434,A4
Q37435,A48
Q37436,A43
Q37437,A89
Q37438,A62
Q37439,A8
Q37440,A56
Q37441,A61
Q37442,A23
Q37443,A53
Q37444,A70
Q37445,A7
Q37446,A28
Q37447,A72
Q37448,A54
Q37449,A9
Q37450,A71
Q37451,A38
Q37452,A58
Q37453,A96
Q37454,A71
Q37455,A83
Q37456,A27
Q37457,A38
Q37458,A70
Q37459,A14
Q37460,A7
Q37461,A49
Q37462,A29
Q37463,A11
Q37464,A97
Q37465,A81
Q37466,A89
Q37467,A25
Q37468,A21
Q37469,A8
Q37470,A27
Q37471,A42
Q37472,A75
Q37473,A20
Q37474,A3
Q37475,A16
Q37476,A75
Q37477,A7
Q37478,A22
Q37479,A92
Q37480,A5
Q37481,A19
Q37482,A63
Q37483,A61
Q37484,A27
Q37485,A57
Q37486,A10
Q37487,A2
Q37488,A74
Q37489,A83
Q37490,A59
Q37491,A91
Q37492,A66
Q37493,A92
Q37494,A25
Q37495,A72
Q37496,A15
Q37497,A31
Q37498,A89
Q37499,A24
Q37500,A32
Q37501,A25
Q37502,A60
Q37503,A92
Q37504,A57
Q37505,A89
Q37506,A80
Q37507,A37
Q37508,A36
Q37509,A21
Q37510,A82
Q37511,A92
Q37512,A57
Q37513,A27
Q37514,A26
Q37515,A9
Q37516,A63
Q37517,A8
Q37518,A9
Q37519,A72
Q37520,A16
Q37521,A82
Q37522,A21
Q37523,A76
Q37524,A15
Q37525,A29
Q37526,A43
Q37527,A54
Q37528,A24
Q37529,A54
Q37530,A2
Q37531,A41
Q37532,A3
Q37533,A59
Q37534,A57
Q37535,A96
Q37536,A92
Q37537,A20
Q37538,A20
Q37539,A8
Q37540,A36
Q37541,A97
Q37542,A32
Q37543,A71
Q37544,A56
Q37545,A41
Q37546,A49
Q37547,A4
Q37548,A68
Q37549,A84
Q37550,A57
Q37551,A10
Q37552,A93
Q37553,A78
Q37554,A22
Q37555,A36
Q37556,A76
Q37557,A2
Q37558,A74
Q37559,A2
Q37560,A8
Q37561,A67
Q37562,A62
Q37563,A50
Q37564,A1
Q37565,A7
Q37566,A25
Q37567,A40
Q37568,A48
Q37569,A58
Q37570,A10
Q37571,A88
Q37572,A77
Q37573,A35
Q37574,A75
Q37575,A78
Q37576,A24
Q37577,A73
Q37578,A28
Q37579,A95
Q37580,A61
Q37581,A6
Q37582,A79
Q37583,A67
Q37584,A31
Q37585,A33
Q37586,A16
Q37587,A77
Q37588,A15
Q37589,A99
Q37590,A25
Q37591,A50
Q37592,A45
Q37593,A31
Q37594,A8
Q37595,A58
Q37596,A91
Q37597,A64
Q37598,A36
Q37599,A81
Q37600,A29
Q37601,A29
Q37602,A74
Q37603,A76
Q37604,A88
Q37605,A16
Q37606,A41
Q37607,A9
Q37608,A35
Q37609,A4
Q37610,A23
Q37611,A85
Q37612,A40
Q37613,A14
Q37614,A80
Q37615,A52
Q37616,A74
Q37617,A43
Q37618,A55
Q37619,A46
Q37620,A95
Q37621,A6
Q37622,A56
Q37623,A7
Q37624,A45
Q37625,A87
Q37626,A36
Q37627,A89
Q37628,A39
Q37629,A44
Q37630,A3
Q37631,A76
Q37632,A34
Q37633,A25
Q37634,A99
Q37635,A65
Q37636,A21
Q37637,A92
Q37638,A18
Q37639,A14
Q37640,A23
Q37641,A3
Q37642,A50
Q37643,A70
Q37644,A88
Q37645,A4
Q37646,A35
Q37647,A10
Q37648,A30
Q37649,A95
Q37650,A85
Q37651,A69
Q37652,A29
Q37653,A58
Q37654,A55
Q37655,A42
Q37656,A40
Q37657,A20
Q37658,A13
Q37659,A89
Q37660,A3
Q37661,A66
Q37662,A65
Q37663,A7
Q37664,A21
Q37665,A41
Q37666,A9
Q37667,A21
Q37668,A79
Q37669,A45
Q37670,A6
Q37671,A65
Q37672,A69
Q37673,A68
Q37674,A14
Q37675,A17
Q37676,A59
Q37677,A58
Q37678,A86
Q37679,A6
Q37680,A78
Q37681,A38
Q37682,A43
Q37683,A53
Q37684,A66
Q37685,A46
Q37686,A29
Q37687,A37
Q37688,A11
Q37689,A77
Q37690,A64
Q37691,A57
Q37692,A30
Q37693,A83
Q37694,A20
Q37695,A29
Q37696,A62
Q37697,A46
Q37698,A33
Q37699,A54
Q37700,A67
Q37701,A44
Q37702,A75
Q37703,A74
Q37704,A27
Q37705,A15
Q37706,A58
Q37707,A23
Q37708,A23
Q37709,A58
Q37710,A38
Q37711,A50
Q37712,A70
Q37713,A50
Q37714,A51
Q37715,A51
Q37716,A89
Q37717,A99
Q37718,A3
Q37719,A59
Q37720,A13
Q37721,A80
Q37722,A43
Q37723,A44
Q37724,A86
Q37725,A49
Q37726,A10
Q37727,A39
Q37728,A88
Q37729,A95
Q37730,A56
Q37731,A87
Q37732,A20
Q37733,A8
Q37734,A73
Q37735,A44
Q37736,A35
Q37737,A88
Q37738,A36
Q37739,A53
Q37740,A28
Q37741,A81
Q37742,A1
Q37743,A45
Q37744,A88
Q37745,A52
Q37746,A61
Q37747,A70
Q37748,A43
Q37749,A33
Q37750,A92
Q37751,A62
Q37752,A38
Q37753,A75
Q37754,A22
Q37755,A71
Q37756,A25
Q37757,A16
Q37758,A2
Q37759,A38
Q37760,A27
Q37761,A27
Q37762,A92
Q37763,A0
Q37764,A78
Q37765,A14
Q37766,A9
Q37767,A36
Q37768,A40
Q37769,A87
Q37770,A87
Q37771,A4
Q37772,A0
Q37773,A20
Q37774,A86
Q37775,A54
Q37776,A51
Q37777,A26
Q37778,A38
Q37779,A54
Q37780,A39
Q37781,A82
Q37782,A51
Q37783,A78
Q37784,A52
Q37785,A68
Q37786,A62
Q37787,A45
Q37788,A2
Q37789,A72
Q37790,A48
Q37791,A71
Q37792,A23
Q37793,A5
Q37794,A39
Q37795,A17
Q37796,A93
Q37797,A2
Q37798,A38
Q37799,A73
Q37800,A25
Q37801,A46
Q37802,A84
Q37803,A51
Q37804,A96
Q37805,A33
Q37806,A15
Q37807,A22
Q37808,A20
Q37809,A56
Q37810,A79
Q37811,A54
Q37812,A53
Q37813,A84
Q37814,A8
Q37815,A7
Q37816,A43
Q37817,A17
Q37818,A63
Q37819,A53
Q37820,A79
Q37821,A30
Q37822,A36
Q37823,A10
Q37824,A58
Q37825,A3
Q37826,A78
Q37827,A46
Q37828,A62
Q37829,A81
Q37830,A79
Q37831,A20
Q37832,A29
Q37833,A16
Q37834,A24
Q37835,A19
Q37836,A86
Q37837,A91
Q37838,A6
Q37839,A24
Q37840,A45
Q37841,A15
Q37842,A6
Q37843,A18
Q37844,A71
Q37845,A74
Q37846,A91
Q37847,A19
Q37848,A47
Q37849,A81
Q37850,A41
Q37851,A55
Q37852,A3
Q37853,A48
Q37854,A42
Q37855,A51
Q37856,A64
Q37857,A39
Q37858,A22
Q37859,A92
Q37860,A53
Q37861,A22
Q37862,A90
Q37863,A96
Q37864,A81
Q37865,A9
Q37866,A91
Q37867,A64
Q37868,A86
Q37869,A23
Q37870,A36
Q37871,A47
Q37872,A48
Q37873,A73
Q37874,A61
Q37875,A14
Q37876,A71
Q37877,A1
Q37878,A11
Q37879,A62
Q37880,A75
Q37881,A39
Q37882,A54
Q37883,A21
Q37884,A95
Q37885,A19
Q37886,A69
Q37887,A3
Q37888,A94
Q37889,A28
Q37890,A66
Q37891,A79
Q37892,A74
Q37893,A55
Q37894,A81
Q37895,A69
Q37896,A85
Q37897,A77
Q37898,A20
Q37899,A11
Q37900,A21
Q37901,A43
Q37902,A57
Q37903,A92
Q37904,A12
Q37905,A6
Q37906,A12
Q37907,A80
Q37908,A38
Q37909,A39
Q37910,A56
Q37911,A47
Q37912,A8
Q37913,A2
Q37914,A72
Q37915,A22
Q37916,A64
Q37917,A81
Q37918,A8
Q37919,A39
Q37920,A71
Q37921,A55
Q37922,A55
Q37923,A1
Q37924,A18
Q37925,A63
Q37926,A2
Q37927,A9
Q37928,A52
Q37929,A39
Q37930,A68
Q37931,A9
Q37932,A68
Q37933,A54
Q37934,A2
Q37935,A64
Q37936,A40
Q37937,A92
Q37938,A46
Q37939,A53
Q37940,A66
Q37941,A42
Q37942,A17
Q37943,A77
Q37944,A76
Q37945,A88
Q37946,A95
Q37947,A63
Q37948,A70
Q37949,A50
Q37950,A51
Q37951,A63
Q37952,A88
Q37953,A95
Q37954,A71
Q37955,A35
Q37956,A3
Q37957,A49
Q37958,A8
Q37959,A10
Q37960,A2
Q37961,A18
Q37962,A70
Q37963,A90
Q37964,A41
Q37965,A3
Q37966,A18
Q37967,A40
Q37968,A15
Q37969,A81
Q37970,A67
Q37971,A20
Q37972,A47
Q37973,A90
Q37974,A68
Q37975,A35
Q37976,A59
Q37977,A73
Q37978,A84
Q37979,A90
Q37980,A38
Q37981,A63
Q37982,A44
Q37983,A58
Q37984,A61
Q37985,A17
Q37986,A42
Q37987,A59
Q37988,A88
Q37989,A71
Q37990,A33
Q37991,A17
Q37992,A65
Q37993,A54
Q37994,A21
Q37995,A72
Q37996,A93
Q37997,A35
Q37998,A78
Q37999,A55
Q38000,A9
Q38001,A6
Q38002,A45
Q38003,A98
Q38004,A92
Q38005,A17
Q38006,A26
Q38007,A31
Q38008,A87
Q38009,A62
Q38010,A93
Q38011,A2
Q38012,A44
Q38013,A20
Q38014,A87
Q38015,A12
Q38016,A22
Q38017,A8
Q38018,A88
Q38019,A17
Q38020,A76
Q38021,A48
Q38022,A22
Q38023,A95
Q38024,A11
Q38025,A60
Q38026,A70
Q38027,A29
Q38028,A40
Q38029,A35
Q38030,A72
Q38031,A87
Q38032,A10
Q38033,A21
Q38034,A72
Q38035,A66
Q38036,A5
Q38037,A19
Q38038,A64
Q38039,A4
Q38040,A21
Q38041,A39
Q38042,A78
Q38043,A51
Q38044,A12
Q38045,A85
Q38046,A29
Q38047,A27
Q38048,A76
Q38049,A91
Q38050,A71
Q38051,A51
Q38052,A67
Q38053,A81
Q38054,A22
Q38055,A35
Q38056,A79
Q38057,A45
Q38058,A24
Q38059,A4
Q38060,A40
Q38061,A59
Q38062,A73
Q38063,A94
Q38064,A59
Q38065,A32
Q38066,A75
Q38067,A63
Q38068,A63
Q38069,A44
Q38070,A83
Q38071,A91
Q38072,A95
Q38073,A60
Q38074,A25
Q38075,A68
Q38076,A50
Q38077,A75
Q38078,A17
Q38079,A81
Q38080,A23
Q38081,A37
Q38082,A13
Q38083,A31
Q38084,A36
Q38085,A31
Q38086,A47
Q38087,A12
Q38088,A64
Q38089,A86
Q38090,A81
Q38091,A96
Q38092,A18
Q38093,A87
Q38094,A39
Q38095,A99
Q38096,A74
Q38097,A41
Q38098,A72
Q38099,A19
Q38100,A0
Q38101,A54
Q38102,A92
Q38103,A43
Q38104,A68
Q38105,A49
Q38106,A98
Q38107,A72
Q38108,A91
Q38109,A33
Q38110,A83
Q38111,A6
Q38112,A74
Q38113,A99
Q38114,A66
Q38115,A65
Q38116,A19
Q38117,A21
Q38118,A18
Q38119,A72
Q38120,A45
Q38121,A85
Q38122,A61
Q38123,A44
Q38124,A17
Q38125,A23
Q38126,A8
Q38127,A93
Q38128,A72
Q38129,A92
Q38130,A23
Q38131,A29
Q38132,A7
Q38133,A53
Q38134,A69
Q38135,A86
Q38136,A5
Q38137,A47
Q38138,A50
Q38139,A57
Q38140,A14
Q38141,A21
Q38142,A37
Q38143,A42
Q38144,A6
Q38145,A69
Q38146,A27
Q38147,A51
Q38148,A16
Q38149,A70
Q38150,A76
Q38151,A84
Q38152,A52
Q38153,A96
Q38154,A1
Q38155,A2
Q38156,A79
Q38157,A86
Q38158,A96
Q38159,A88
Q38160,A54
Q38161,A89
Q38162,A69
Q38163,A0
Q38164,A25
Q38165,A71
Q38166,A67
Q38167,A37
Q38168,A34
Q38169,A31
Q38170,A18
Q38171,A82
Q38172,A67
Q38173,A50
Q38174,A34
Q38175,A79
Q38176,A56
Q38177,A75
Q38178,A45
Q38179,A77
Q38180,A1
Q38181,A1
Q38182,A1
Q38183,A11
Q38184,A41
Q38185,A44
Q38186,A92
Q38187,A97
Q38188,A24
Q38189,A11
Q38190,A44
Q38191,A16
Q38192,A16
Q38193,A43
Q38194,A47
Q38195,A59
Q38196,A61
Q38197,A67
Q38198,A2
Q38199,A41
Q38200,A34
Q38201,A21
Q38202,A23
Q38203,A11
Q38204,A4
Q38205,A75
Q38206,A28
Q38207,A12
Q38208,A31
Q38209,A49
Q38210,A51
Q38211,A66
Q38212,A61
Q38213,A68
Q38214,A91
Q38215,A89
Q38216,A59
Q38217,A89
Q38218,A79
Q38219,A11
Q38220,A33
Q38221,A12
Q38222,A97
Q38223,A38
Q38224,A43
Q38225,A75
Q38226,A50
Q38227,A26
Q38228,A37
Q38229,A8
Q38230,A48
Q38231,A47
Q38232,A64
Q38233,A3
Q38234,A20
Q38235,A22
Q38236,A49
Q38237,A20
Q38238,A68
Q38239,A17
Q38240,A73
Q38241,A70
Q38242,A52
Q38243,A19
Q38244,A58
Q38245,A70
Q38246,A44
Q38247,A1
Q38248,A84
Q38249,A99
Q38250,A14
Q38251,A49
Q38252,A40
Q38253,A10
Q38254,A7
Q38255,A13
Q38256,A50
Q38257,A66
Q38258,A42
Q38259,A50
Q38260,A45
Q38261,A72
Q38262,A65
Q38263,A93
Q38264,A35
Q38265,A34
Q38266,A83
Q38267,A85
Q38268,A90
Q38269,A9
Q38270,A75
Q38271,A33
Q38272,A4
Q38273,A79
Q38274,A45
Q38275,A42
Q38276,A60
Q38277,A60
Q38278,A0
Q38279,A59
Q38280,A85
Q38281,A42
Q38282,A97
Q38283,A1
Q38284,A76
Q38285,A89
Q38286,A75
Q38287,A19
Q38288,A68
Q38289,A43
Q38290,A40
Q38291,A96
Q38292,A3
Q38293,A10
Q38294,A29
Q38295,A37
Q38296,A58
Q38297,A95
Q38298,A86
Q38299,A37
Q38300,A33
Q38301,A23
Q38302,A64
Q38303,A91
Q38304,A6
Q38305,A61
Q38306,A27
Q38307,A32
Q38308,A65
Q38309,A54
Q38310,A93
Q38311,A61
Q38312,A80
Q38313,A50
Q38314,A37
Q38315,A23
Q38316,A75
Q38317,A64
Q38318,A43
Q38319,A50
Q38320,A64
Q38321,A87
Q38322,A48
Q38323,A47
Q38324,A93
Q38325,A34
Q38326,A67
Q38327,A33
Q38328,A93
Q38329,A36
Q38330,A67
Q38331,A76
Q38332,A19
Q38333,A57
Q38334,A88
Q38335,A91
Q38336,A58
Q38337,A71
Q38338,A18
Q38339,A78
Q38340,A6
Q38341,A98
Q38342,A55
Q38343,A41
Q38344,A24
Q38345,A2
Q38346,A56
Q38347,A95
Q38348,A27
Q38349,A36
Q38350,A44
Q38351,A77
Q38352,A45
Q38353,A9
Q38354,A74
Q38355,A82
Q38356,A84
Q38357,A14
Q38358,A72
Q38359,A1
Q38360,A46
Q38361,A98
Q38362,A27
Q38363,A14
Q38364,A4
Q38365,A98
Q38366,A67
Q38367,A48
Q38368,A80
Q38369,A14
Q38370,A52
Q38371,A32
Q38372,A57
Q38373,A67
Q38374,A91
Q38375,A83
Q38376,A42
Q38377,A97
Q38378,A64
Q38379,A18
Q38380,A44
Q38381,A49
Q38382,A48
Q38383,A77
Q38384,A64
Q38385,A23
Q38386,A39
Q38387,A94
Q38388,A75
Q38389,A32
Q38390,A57
Q38391,A8
Q38392,A84
Q38393,A22
Q38394,A58
Q38395,A39
Q38396,A12
Q38397,A26
Q38398,A92
Q38399,A46
Q38400,A13
Q38401,A5
Q38402,A49
Q38403,A13
Q38404,A49
Q38405,A26
Q38406,A5
Q38407,A69
Q38408,A7
Q38409,A6
Q38410,A93
Q38411,A79
Q38412,A86
Q38413,A41
Q38414,A97
Q38415,A56
Q38416,A70
Q38417,A99
Q38418,A40
Q38419,A5
Q38420,A0
Q38421,A63
Q38422,A67
Q38423,A55
Q38424,A12
Q38425,A20
Q38426,A37
Q38427,A13
Q38428,A19
Q38429,A7
Q38430,A93
Q38431,A21
Q38432,A64
Q38433,A5
Q38434,A99
Q38435,A84
Q38436,A64
Q38437,A2
Q38438,A7
Q38439,A78
Q38440,A77
Q38441,A38
Q38442,A62
Q38443,A51
Q38444,A21
Q38445,A51
Q38446,A70
Q38447,A95
Q38448,A18
Q38449,A39
Q38450,A43
Q38451,A22
Q38452,A89
Q38453,A55
Q38454,A32
Q38455,A78
Q38456,A57
Q38457,A53
Q38458,A50
Q38459,A56
Q38460,A5
Q38461,A28
Q38462,A72
Q38463,A85
Q38464,A52
Q38465,A96
Q38466,A41
Q38467,A62
Q38468,A73
Q38469,A22
Q38470,A43
Q38471,A64
Q38472,A13
Q38473,A63
Q38474,A87
Q38475,A84
Q38476,A72
Q38477,A54
Q38478,A66
Q38479,A79
Q38480,A19
Q38481,A51
Q38482,A0
Q38483,A26
Q38484,A34
Q38485,A88
Q38486,A82
Q38487,A99
Q38488,A96
Q38489,A65
Q38490,A91
Q38491,A62
Q38492,A98
Q38493,A17
Q38494,A60
Q38495,A42
Q38496,A78
Q38497,A84
Q38498,A18
Q38499,A35
Q38500,A47
Q38501,A96
Q38502,A85
Q38503,A90
Q38504,A52
Q38505,A55
Q38506,A24
Q38507,A44
Q38508,A31
Q38509,A22
Q38510,A92
Q38511,A69
Q38512,A34
Q38513,A17
Q38514,A79
Q38515,A79
Q38516,A50
Q38517,A70
Q38518,A2
Q38519,A16
Q38520,A6
Q38521,A29
Q38522,A92
Q38523,A13
Q38524,A69
Q38525,A0
Q38526,A15
Q38527,A75
Q38528,A81
Q38529,A88
Q38530,A41
Q38531,A7
Q38532,A74
Q38533,A43
Q38534,A57
Q38535,A18
Q38536,A47
Q38537,A99
Q38538,A82
Q38539,A29
Q38540,A90
Q38541,A83
Q38542,A33
Q38543,A24
Q38544,A84
Q38545,A30
Q38546,A87
Q38547,A30
Q38548,A32
Q38549,A64
Q38550,A92
Q38551,A98
Q38552,A50
Q38553,A94
Q38554,A16
Q38555,A76
Q38556,A53
Q38557,A54
Q38558,A89
Q38559,A99
Q38560,A65
Q38561,A93
Q38562,A49
Q38563,A40
Q38564,A24
Q38565,A4
Q38566,A93
Q38567,A40
Q38568,A5
Q38569,A66
Q38570,A33
Q38571,A40
Q38572,A66
Q38573,A48
Q38574,A93
Q38575,A2
Q38576,A28
Q38577,A11
Q38578,A44
Q38579,A92
Q38580,A61
Q38581,A49
Q38582,A46
Q38583,A46
Q38584,A37
Q38585,A78
Q38586,A80
Q38587,A74
Q38588,A58
Q38589,A66
Q38590,A91
Q38591,A24
Q38592,A39
Q38593,A39
Q38594,A81
Q38595,A42
Q38596,A89
Q38597,A32
Q38598,A70
Q38599,A61
Q38600,A23
Q38601,A55
Q38602,A85
Q38603,A71
Q38604,A87
Q38605,A36
Q38606,A93
Q38607,A33
Q38608,A14
Q38609,A64
Q38610,A83
Q38611,A21
Q38612,A4
Q38613,A84
Q38614,A32
Q38615,A43
Q38616,A37
Q38617,A93
Q38618,A77
Q38619,A12
Q38620,A0
Q38621,A9
Q38622,A83
Q38623,A57
Q38624,A52
Q38625,A60
Q38626,A57
Q38627,A79
Q38628,A72
Q38629,A85
Q38630,A93
Q38631,A34
Q38632,A37
Q38633,A16
Q38634,A63
Q38635,A12
Q38636,A42
Q38637,A62
Q38638,A16
Q38639,A55
Q38640,A19
Q38641,A58
Q38642,A66
Q38643,A68
Q38644,A35
Q38645,A43
Q38646,A23
Q38647,A85
Q38648,A57
Q38649,A69
Q38650,A16
Q38651,A92
Q38652,A15
Q38653,A35
Q38654,A95
Q38655,A92
Q38656,A28
Q38657,A3
Q38658,A43
Q38659,A98
Q38660,A23
Q38661,A17
Q38662,A60
Q38663,A58
Q38664,A90
Q38665,A55
Q38666,A13
Q38667,A44
Q38668,A81
Q38669,A95
Q38670,A6
Q38671,A67
Q38672,A37
Q38673,A54
Q38674,A14
Q38675,A12
Q38676,A18
Q38677,A74
Q38678,A23
Q38679,A74
Q38680,A65
Q38681,A16
Q38682,A24
Q38683,A3
Q38684,A2
Q38685,A13
Q38686,A1
Q38687,A32
Q38688,A15
Q38689,A44
Q38690,A7
Q38691,A43
Q38692,A89
Q38693,A57
Q38694,A94
Q38695,A29
Q38696,A64
Q38697,A99
Q38698,A51
Q38699,A83
Q38700,A24
Q38701,A52
Q38702,A24
Q38703,A89
Q38704,A72
Q38705,A85
Q38706,A25
Q38707,A83
Q38708,A98
Q38709,A83
Q38710,A61
Q38711,A79
Q38712,A71
Q38713,A11
Q38714,A60
Q38715,A46
Q38716,A18
Q38717,A66
Q38718,A58
Q38719,A18
Q38720,A93
Q38721,A89
Q38722,A20
Q38723,A3
Q38724,A0
Q38725,A79
Q38726,A95
Q38727,A71
Q38728,A64
Q38729,A54
Q38730,A94
Q38731,A49
Q38732,A21
Q38733,A97
Q38734,A86
Q38735,A71
Q38736,A76
Q38737,A17
Q38738,A82
Q38739,A6
Q38740,A28
Q38741,A92
Q38742,A92
Q38743,A16
Q38744,A42
Q38745,A26
Q38746,A83
Q38747,A99
Q38748,A0
Q38749,A42
Q38750,A36
Q38751,A51
Q38752,A48
Q38753,A86
Q38754,A32
Q38755,A92
Q38756,A28
Q38757,A96
Q38758,A57
Q38759,A58
Q38760,A61
Q38761,A80
Q38762,A57
Q38763,A93
Q38764,A5
Q38765,A55
Q38766,A26
Q38767,A53
Q38768,A25
Q38769,A92
Q38770,A40
Q38771,A70
Q38772,A95
Q38773,A96
Q38774,A80
Q38775,A30
Q38776,A18
Q38777,A13
Q38778,A38
Q38779,A56
Q38780,A86
Q38781,A2
Q38782,A87
Q38783,A52
Q38784,A26
Q38785,A69
Q38786,A4
Q38787,A0
Q38788,A25
Q38789,A16
Q38790,A50
Q38791,A70
Q38792,A45
Q38793,A2
Q38794,A75
Q38795,A58
Q38796,A94
Q38797,A29
Q38798,A33
Q38799,A65
Q38800,A86
Q38801,A15
Q38802,A23
Q38803,A96
Q38804,A7
Q38805,A27
Q38806,A51
Q38807,A26
Q38808,A37
Q38809,A61
Q38810,A24
Q38811,A66
Q38812,A98
Q38813,A51
Q38814,A69
Q38815,A26
Q38816,A60
Q38817,A25
Q38818,A16
Q38819,A38
Q38820,A32
Q38821,A88
Q38822,A68
Q38823,A92
Q38824,A45
Q38825,A80
Q38826,A14
Q38827,A81
Q38828,A36
Q38829,A79
Q38830,A63
Q38831,A29
Q38832,A55
Q38833,A65
Q38834,A39
Q38835,A26
Q38836,A46
Q38837,A61
Q38838,A43
Q38839,A50
Q38840,A58
Q38841,A23
Q38842,A93
Q38843,A44
Q38844,A10
Q38845,A6
Q38846,A19
Q38847,A5
Q38848,A6
Q38849,A62
Q38850,A64
Q38851,A49
Q38852,A15
Q38853,A26
Q38854,A73
Q38855,A95
Q38856,A89
Q38857,A37
Q38858,A83
Q38859,A40
Q38860,A33
Q38861,A39
Q38862,A40
Q38863,A9
Q38864,A55
Q38865,A56
Q38866,A78
Q38867,A47
Q38868,A39
Q38869,A70
Q38870,A93
Q38871,A76
Q38872,A52
Q38873,A33
Q38874,A62
Q38875,A94
Q38876,A7
Q38877,A78
Q38878,A90
Q38879,A74
Q38880,A97
Q38881,A87
Q38882,A31
Q38883,A52
Q38884,A11
Q38885,A61
Q38886,A54
Q38887,A98
Q38888,A6
Q38889,A56
Q38890,A53
Q38891,A98
Q38892,A53
Q38893,A39
Q38894,A64
Q38895,A92
Q38896,A25
Q38897,A19
Q38898,A93
Q38899,A73
Q38900,A46
Q38901,A22
Q38902,A70
Q38903,A50
Q38904,A1
Q38905,A39
Q38906,A34
Q38907,A65
Q38908,A0
Q38909,A49
Q38910,A51
Q38911,A70
Q38912,A98
Q38913,A44
Q38914,A50
Q38915,A8
Q38916,A12
Q38917,A36
Q38918,A92
Q38919,A25
Q38920,A95
Q38921,A18
Q38922,A62
Q38923,A90
Q38924,A20
Q38925,A11
Q38926,A79
Q38927,A50
Q38928,A97
Q38929,A73
Q38930,A34
Q38931,A80
Q38932,A80
Q38933,A33
Q38934,A0
Q38935,A21
Q38936,A48
Q38937,A43
Q38938,A49
Q38939,A57
Q38940,A44
Q38941,A27
Q38942,A85
Q38943,A70
Q38944,A14
Q38945,A41
Q38946,A47
Q38947,A60
Q38948,A58
Q38949,A78
Q38950,A0
Q38951,A53
Q38952,A95
Q38953,A91
Q38954,A43
Q38955,A88
Q38956,A19
Q38957,A59
Q38958,A12
Q38959,A64
Q38960,A56
Q38961,A85
Q38962,A59
Q38963,A40
Q38964,A54
Q38965,A50
Q38966,A84
Q38967,A63
Q38968,A68
Q38969,A53
Q38970,A84
Q38971,A94
Q38972,A80
Q38973,A48
Q38974,A18
Q38975,A74
Q38976,A18
Q38977,A46
Q38978,A19
Q38979,A12
Q38980,A36
Q38981,A14
Q38982,A81
Q38983,A9
Q38984,A42
Q38985,A29
Q38986,A5
Q38987,A86
Q38988,A56
Q38989,A5
Q38990,A6
Q38991,A59
Q38992,A70
Q38993,A51
Q38994,A53
Q38995,A87
Q38996,A20
Q38997,A34
Q38998,A1
Q38999,A52
Q39000,A68
Q39001,A42
Q39002,A19
Q39003,A43
Q39004,A49
Q39005,A94
Q39006,A50
Q39007,A68
Q39008,A5
Q39009,A28
Q39010,A60
Q39011,A9
Q39012,A13
Q39013,A91
Q39014,A97
Q39015,A75
Q39016,A10
Q39017,A96
Q39018,A78
Q39019,A32
Q39020,A85
Q39021,A37
Q39022,A20
Q39023,A5
Q39024,A55
Q39025,A11
Q39026,A13
Q39027,A36
Q39028,A89
Q39029,A24
Q39030,A44
Q39031,A50
Q39032,A89
Q39033,A3
Q39034,A59
Q39035,A72
Q39036,A44
Q39037,A97
Q39038,A71
Q39039,A90
Q39040,A10
Q39041,A90
Q39042,A34
Q39043,A86
Q39044,A61
Q39045,A76
Q39046,A66
Q39047,A72
Q39048,A92
Q39049,A35
Q39050,A74
Q39051,A5
Q39052,A24
Q39053,A23
Q39054,A56
Q39055,A35
Q39056,A52
Q39057,A73
Q39058,A78
Q39059,A91
Q39060,A15
Q39061,A26
Q39062,A53
Q39063,A14
Q39064,A26
Q39065,A61
Q39066,A78
Q39067,A45
Q39068,A84
Q39069,A39
Q39070,A22
Q39071,A96
Q39072,A71
Q39073,A98
Q39074,A19
Q39075,A72
Q39076,A55
Q39077,A11
Q39078,A77
Q39079,A77
Q39080,A44
Q39081,A88
Q39082,A96
Q39083,A62
Q39084,A20
Q39085,A31
Q39086,A10
Q39087,A97
Q39088,A74
Q39089,A67
Q39090,A70
Q39091,A92
Q39092,A94
Q39093,A22
Q39094,A45
Q39095,A34
Q39096,A19
Q39097,A98
Q39098,A68
Q39099,A24
Q39100,A66
Q39101,A34
Q39102,A3
Q39103,A17
Q39104,A55
Q39105,A95
Q39106,A74
Q39107,A99
Q39108,A38
Q39109,A71
Q39110,A30
Q39111,A22
Q39112,A96
Q39113,A52
Q39114,A82
Q39115,A90
Q39116,A54
Q39117,A8
Q39118,A2
Q39119,A64
Q39120,A69
Q39121,A90
Q39122,A5
Q39123,A86
Q39124,A37
Q39125,A5
Q39126,A90
Q39127,A6
Q39128,A45
Q39129,A86
Q39130,A86
Q39131,A48
Q39132,A18
Q39133,A91
Q39134,A44
Q39135,A60
Q39136,A14
Q39137,A99
Q39138,A99
Q39139,A43
Q39140,A60
Q39141,A51
Q39142,A78
Q39143,A40
Q39144,A21
Q39145,A94
Q39146,A27
Q39147,A22
Q39148,A58
Q39149,A18
Q39150,A85
Q39151,A20
Q39152,A28
Q39153,A55
Q39154,A16
Q39155,A40
Q39156,A25
Q39157,A8
Q39158,A68
Q39159,A24
Q39160,A61
Q39161,A46
Q39162,A58
Q39163,A45
Q39164,A83
Q39165,A53
Q39166,A40
Q39167,A1
Q39168,A69
Q39169,A75
Q39170,A89
Q39171,A60
Q39172,A28
Q39173,A68
Q39174,A13
Q39175,A44
Q39176,A14
Q39177,A29
Q39178,A72
Q39179,A96
Q39180,A63
Q39181,A99
Q39182,A45
Q39183,A66
Q39184,A18
Q39185,A58
Q39186,A13
Q39187,A96
Q39188,A65
Q39189,A15
Q39190,A36
Q39191,A23
Q39192,A24
Q39193,A67
Q39194,A55
Q39195,A29
Q39196,A65
Q39197,A23
Q39198,A83
Q39199,A53
Q39200,A3
Q39201,A16
Q39202,A26
Q39203,A28
Q39204,A83
Q39205,A99
Q39206,A20
Q39207,A63
Q39208,A78
Q39209,A95
Q39210,A90
Q39211,A21
Q39212,A37
Q39213,A11
Q39214,A26
Q39215,A84
Q39216,A36
Q39217,A55
Q39218,A52
Q39219,A81
Q39220,A64
Q39221,A56
Q39222,A21
Q39223,A31
Q39224,A35
Q39225,A39
Q39226,A85
Q39227,A84
Q39228,A82
Q39229,A91
Q39230,A38
Q39231,A99
Q39232,A15
Q39233,A23
Q39234,A68
Q39235,A52
Q39236,A15
Q39237,A46
Q39238,A92
Q39239,A10
Q39240,A9
Q39241,A60
Q39242,A32
Q39243,A67
Q39244,A69
Q39245,A46
Q39246,A75
Q39247,A61
Q39248,A50
Q39249,A37
Q39250,A7
Q39251,A37
Q39252,A77
Q39253,A36
Q39254,A64
Q39255,A68
Q39256,A29
Q39257,A40
Q39258,A4
Q39259,A11
Q39260,A27
Q39261,A93
Q39262,A82
Q39263,A10
Q39264,A82
Q39265,A27
Q39266,A25
Q39267,A25
Q39268,A27
Q39269,A74
Q39270,A55
Q39271,A17
Q39272,A33
Q39273,A33
Q39274,A94
Q39275,A46
Q39276,A8
Q39277,A13
Q39278,A0
Q39279,A39
Q39280,A39
Q39281,A92
Q39282,A48
Q39283,A37
Q39284,A26
Q39285,A6
Q39286,A74
Q39287,A48
Q39288,A89
Q39289,A64
Q39290,A14
Q39291,A1
Q39292,A81
Q39293,A60
Q39294,A29
Q39295,A93
Q39296,A17
Q39297,A2
Q39298,A92
Q39299,A92
Q39300,A54
Q39301,A36
Q39302,A25
Q39303,A0
Q39304,A95
Q39305,A62
Q39306,A88
Q39307,A71
Q39308,A65
Q39309,A95
Q39310,A90
Q39311,A67
Q39312,A17
Q39313,A72
Q39314,A56
Q39315,A90
Q39316,A38
Q39317,A64
Q39318,A0
Q39319,A12
Q39320,A31
Q39321,A33
Q39322,A45
Q39323,A13
Q39324,A53
Q39325,A27
Q39326,A31
Q39327,A94
Q39328,A5
Q39329,A61
Q39330,A98
Q39331,A16
Q39332,A24
Q39333,A88
Q39334,A95
Q39335,A52
Q39336,A9
Q39337,A63
Q39338,A64
Q39339,A60
Q39340,A36
Q39341,A44
Q39342,A10
Q39343,A64
Q39344,A72
Q39345,A14
Q39346,A30
Q39347,A3
Q39348,A39
Q39349,A32
Q39350,A56
Q39351,A42
Q39352,A70
Q39353,A89
Q39354,A47
Q39355,A67
Q39356,A11
Q39357,A63
Q39358,A39
Q39359,A37
Q39360,A76
Q39361,A59
Q39362,A85
Q39363,A74
Q39364,A50
Q39365,A80
Q39366,A7
Q39367,A38
Q39368,A33
Q39369,A52
Q39370,A20
Q39371,A38
Q39372,A15
Q39373,A81
Q39374,A53
Q39375,A1
Q39376,A17
Q39377,A55
Q39378,A46
Q39379,A16
Q39380,A8
Q39381,A11
Q39382,A32
Q39383,A31
Q39384,A17
Q39385,A27
Q39386,A55
Q39387,A87
Q39388,A69
Q39389,A37
Q39390,A19
Q39391,A9
Q39392,A91
Q39393,A92
Q39394,A32
Q39395,A22
Q39396,A65
Q39397,A48
Q39398,A81
Q39399,A34
Q39400,A4
Q39401,A20
Q39402,A60
Q39403,A74
Q39404,A0
Q39405,A76
Q39406,A87
Q39407,A99
Q39408,A81
Q39409,A97
Q39410,A60
Q39411,A30
Q39412,A35
Q39413,A30
Q39414,A55
Q39415,A35
Q39416,A76
Q39417,A74
Q39418,A6
Q39419,A77
Q39420,A98
Q39421,A37
Q39422,A94
Q39423,A1
Q39424,A1
Q39425,A46
Q39426,A17
Q39427,A11
Q39428,A34
Q39429,A46
Q39430,A50
Q39431,A88
Q39432,A33
Q39433,A54
Q39434,A10
Q39435,A49
Q39436,A56
Q39437,A38
Q39438,A25
Q39439,A27
Q39440,A18
Q39441,A11
Q39442,A2
Q39443,A52
Q39444,A23
Q39445,A8
Q39446,A50
Q39447,A33
Q39448,A30
Q39449,A98
Q39450,A69
Q39451,A83
Q39452,A98
Q39453,A31
Q39454,A41
Q39455,A1
Q39456,A51
Q39457,A96
Q39458,A23
Q39459,A31
Q39460,A18
Q39461,A75
Q39462,A0
Q39463,A23
Q39464,A73
Q39465,A76
Q39466,A57
Q39467,A70
Q39468,A45
Q39469,A12
Q39470,A93
Q39471,A98
Q39472,A17
Q39473,A36
Q39474,A70
Q39475,A46
Q39476,A7
Q39477,A17
Q39478,A38
Q39479,A87
Q39480,A80
Q39481,A59
Q39482,A71
Q39483,A20
Q39484,A11
Q39485,A53
Q39486,A66
Q39487,A69
Q39488,A96
Q39489,A72
Q39490,A21
Q39491,A70
Q39492,A94
Q39493,A44
Q39494,A79
Q39495,A75
Q39496,A80
Q39497,A33
Q39498,A81
Q39499,A21
Q39500,A56
Q39501,A97
Q39502,A67
Q39503,A10
Q39504,A35
Q39505,A13
Q39506,A74
Q39507,A88
Q39508,A53
Q39509,A92
Q39510,A54
Q39511,A7
Q39512,A6
Q39513,A46
Q39514,A82
Q39515,A21
Q39516,A87
Q39517,A3
Q39518,A12
Q39519,A74
Q39520,A40
Q39521,A18
Q39522,A75
Q39523,A26
Q39524,A90
Q39525,A32
Q39526,A35
Q39527,A54
Q39528,A66
Q39529,A30
Q39530,A94
Q39531,A56
Q39532,A28
Q39533,A32
Q39534,A57
Q39535,A43
Q39536,A47
Q39537,A80
Q39538,A32
Q39539,A76
Q39540,A90
Q39541,A40
Q39542,A66
Q39543,A56
Q39544,A43
Q39545,A11
Q39546,A17
Q39547,A56
Q39548,A70
Q39549,A44
Q39550,A99
Q39551,A57
Q39552,A57
Q39553,A51
Q39554,A60
Q39555,A7
Q39556,A9
Q39557,A50
Q39558,A78
Q39559,A19
Q39560,A71
Q39561,A97
Q39562,A43
Q39563,A21
Q39564,A98
Q39565,A85
Q39566,A45
Q39567,A77
Q39568,A25
Q39569,A81
Q39570,A32
Q39571,A18
Q39572,A9
Q39573,A5
Q39574,A94
Q39575,A12
Q39576,A86
Q39577,A86
Q39578,A19
Q39579,A98
Q39580,A51
Q39581,A38
Q39582,A38
Q39583,A18
Q39584,A43
Q39585,A34
Q39586,A79
Q39587,A65
Q39588,A36
Q39589,A87
Q39590,A28
Q39591,A56
Q39592,A16
Q39593,A29
Q39594,A66
Q39595,A30
Q39596,A38
Q39597,A75
Q39598,A75
Q39599,A56
Q39600,A59
Q39601,A34
Q39602,A87
Q39603,A97
Q39604,A81
Q39605,A88
Q39606,A16
Q39607,A38
Q39608,A92
Q39609,A19
Q39610,A19
Q39611,A79
Q39612,A17
Q39613,A51
Q39614,A28
Q39615,A68
Q39616,A9
Q39617,A94
Q39618,A52
Q39619,A91
Q39620,A85
Q39621,A22
Q39622,A20
Q39623,A33
Q39624,A2
Q39625,A21
Q39626,A34
Q39627,A66
Q39628,A68
Q39629,A96
Q39630,A29
Q39631,A83
Q39632,A8
Q39633,A51
Q39634,A85
Q39635,A74
Q39636,A14
Q39637,A82
Q39638,A11
Q39639,A88
Q39640,A99
Q39641,A59
Q39642,A85
Q39643,A29
Q39644,A49
Q39645,A69
Q39646,A26
Q39647,A34
Q39648,A45
Q39649,A70
Q39650,A3
Q39651,A32
Q39652,A25
Q39653,A54
Q39654,A17
Q39655,A21
Q39656,A80
Q39657,A9
Q39658,A31
Q39659,A27
Q39660,A31
Q39661,A47
Q39662,A30
Q39663,A5
Q39664,A54
Q39665,A84
Q39666,A85
Q39667,A38
Q39668,A44
Q39669,A75
Q39670,A64
Q39671,A28
Q39672,A43
Q39673,A1
Q39674,A45
Q39675,A56
Q39676,A74
Q39677,A96
Q39678,A64
Q39679,A62
Q39680,A53
Q39681,A87
Q39682,A67
Q39683,A99
Q39684,A25
Q39685,A6
Q39686,A39
Q39687,A5
Q39688,A21
Q39689,A53
Q39690,A29
Q39691,A98
Q39692,A12
Q39693,A78
Q39694,A1
Q39695,A70
Q39696,A23
Q39697,A60
Q39698,A6
Q39699,A86
Q39700,A2
Q39701,A68
Q39702,A58
Q39703,A43
Q39704,A31
Q39705,A37
Q39706,A18
Q39707,A84
Q39708,A73
Q39709,A74
Q39710,A12
Q39711,A46
Q39712,A39
Q39713,A42
Q39714,A65
Q39715,A87
Q39716,A35
Q39717,A32
Q39718,A86
Q39719,A14
Q39720,A20
Q39721,A56
Q39722,A57
Q39723,A60
Q39724,A41
Q39725,A92
Q39726,A79
Q39727,A46
Q39728,A42
Q39729,A75
Q39730,A4
Q39731,A22
Q39732,A12
Q39733,A55
Q39734,A68
Q39735,A88
Q39736,A90
Q39737,A76
Q39738,A40
Q39739,A86
Q39740,A96
Q39741,A35
Q39742,A89
Q39743,A21
Q39744,A26
Q39745,A88
Q39746,A95
Q39747,A15
Q39748,A4
Q39749,A13
Q39750,A69
Q39751,A36
Q39752,A10
Q39753,A23
Q39754,A8
Q39755,A28
Q39756,A7
Q39757,A41
Q39758,A20
Q39759,A16
Q39760,A37
Q39761,A34
Q39762,A52
Q39763,A31
Q39764,A64
Q39765,A55
Q39766,A96
Q39767,A87
Q39768,A67
Q39769,A17
Q39770,A1
Q39771,A9
Q39772,A53
Q39773,A13
Q39774,A79
Q39775,A61
Q39776,A68
Q39777,A25
Q39778,A70
Q39779,A70
Q39780,A49
Q39781,A48
Q39782,A58
Q39783,A2
Q39784,A62
Q39785,A97
Q39786,A21
Q39787,A13
Q39788,A69
Q39789,A95
Q39790,A81
Q39791,A11
Q39792,A53
Q39793,A10
Q39794,A28
Q39795,A73
Q39796,A5
Q39797,A47
Q39798,A49
Q39799,A15
Q39800,A30
Q39801,A2
Q39802,A60
Q39803,A72
Q39804,A39
Q39805,A80
Q39806,A6
Q39807,A63
Q39808,A13
Q39809,A95
Q39810,A42
Q39811,A68
Q39812,A99
Q39813,A62
Q39814,A69
Q39815,A16
Q39816,A50
Q39817,A63
Q39818,A7
Q39819,A81
Q39820,A43
Q39821,A44
Q39822,A82
Q39823,A69
Q39824,A43
Q39825,A2
Q39826,A75
Q39827,A72
Q39828,A2
Q39829,A99
Q39830,A79
Q39831,A32
Q39832,A7
Q39833,A68
Q39834,A46
Q39835,A36
Q39836,A23
Q39837,A14
Q39838,A83
Q39839,A24
Q39840,A14
Q39841,A26
Q39842,A38
Q39843,A11
Q39844,A67
Q39845,A11
Q39846,A64
Q39847,A28
Q39848,A48
Q39849,A20
Q39850,A63
Q39851,A16
Q39852,A22
Q39853,A19
Q39854,A77
Q39855,A10
Q39856,A11
Q39857,A94
Q39858,A42
Q39859,A38
Q39860,A29
Q39861,A62
Q39862,A68
Q39863,A75
Q39864,A47
Q39865,A5
Q39866,A24
Q39867,A59
Q39868,A81
Q39869,A14
Q39870,A5
Q39871,A76
Q39872,A32
Q39873,A19
Q39874,A24
Q39875,A28
Q39876,A74
Q39877,A58
Q39878,A29
Q39879,A28
Q39880,A64
Q39881,A88
Q39882,A12
Q39883,A88
Q39884,A50
Q39885,A97
Q39886,A9
Q39887,A9
Q39888,A58
Q39889,A83
Q39890,A83
Q39891,A89
Q39892,A56
Q39893,A0
Q39894,A23
Q39895,A19
Q39896,A19
Q39897,A97
Q39898,A83
Q39899,A11
Q39900,A35
Q39901,A6
Q39902,A87
Q39903,A13
Q39904,A28
Q39905,A29
Q39906,A80
Q39907,A65
Q39908,A61
Q39909,A17
Q39910,A38
Q39911,A31
Q39912,A86
Q39913,A61
Q39914,A10
Q39915,A48
Q39916,A11
Q39917,A9
Q39918,A13
Q39919,A27
Q39920,A78
Q39921,A29
Q39922,A28
Q39923,A54
Q39924,A60
Q39925,A9
Q39926,A17
Q39927,A93
Q39928,A92
Q39929,A33
Q39930,A15
Q39931,A67
Q39932,A92
Q39933,A80
Q39934,A10
Q39935,A38
Q39936,A19
Q39937,A30
Q39938,A13
Q39939,A40
Q39940,A56
Q39941,A71
Q39942,A16
Q39943,A85
Q39944,A73
Q39945,A56
Q39946,A62
Q39947,A79
Q39948,A86
Q39949,A0
Q39950,A32
Q39951,A96
Q39952,A26
Q39953,A67
Q39954,A65
Q39955,A17
Q39956,A10
Q39957,A60
Q39958,A35
Q39959,A98
Q39960,A23
Q39961,A19
Q39962,A69
Q39963,A93
Q39964,A99
Q39965,A37
Q39966,A71
Q39967,A8
Q39968,A38
Q39969,A98
Q39970,A85
Q39971,A58
Q39972,A48
Q39973,A96
Q39974,A2
Q39975,A10
Q39976,A93
Q39977,A12
Q39978,A49
Q39979,A49
Q39980,A31
Q39981,A12
Q39982,A72
Q39983,A24
Q39984,A91
Q39985,A94
Q39986,A50
Q39987,A34
Q39988,A1
Q39989,A72
Q39990,A48
Q39991,A49
Q39992,A30
Q39993,A59
Q39994,A52
Q39995,A90
Q39996,A28
Q39997,A17
Q39998,A88
Q39999,A75
Q40000,A76
Q40001,A2
Q40002,A98
Q40003,A56
Q40004,A34
Q40005,A44
Q40006,A7
Q40007,A59
Q40008,A6
Q40009,A4
Q40010,A44
Q40011,A33
Q40012,A47
Q40013,A77
Q40014,A80
Q40015,A24
Q40016,A11
Q40017,A68
Q40018,A78
Q40019,A34
Q40020,A50
Q40021,A99
Q40022,A42
Q40023,A43
Q40024,A5
Q40025,A51
Q40026,A22
Q40027,A90
Q40028,A71
Q40029,A85
Q40030,A9
Q40031,A44
Q40032,A74
Q40033,A34
Q40034,A22
Q40035,A44
Q40036,A0
Q40037,A69
Q40038,A61
Q40039,A55
Q40040,A7
Q40041,A8
Q40042,A14
Q40043,A13
Q40044,A73
Q40045,A76
Q40046,A5
Q40047,A13
Q40048,A4
Q40049,A10
Q40050,A48
Q40051,A11
Q40052,A21
Q40053,A20
Q40054,A38
Q40055,A97
Q40056,A52
Q40057,A11
Q40058,A5
Q40059,A75
Q40060,A45
Q40061,A57
Q40062,A45
Q40063,A19
Q40064,A3
Q40065,A44
Q40066,A35
Q40067,A79
Q40068,A57
Q40069,A4
Q40070,A81
Q40071,A1
Q40072,A72
Q40073,A53
Q40074,A40
Q40075,A46
Q40076,A46
Q40077,A27
Q40078,A53
Q40079,A38
Q40080,A83
Q40081,A8
Q40082,A82
Q40083,A82
Q40084,A73
Q40085,A18
Q40086,A27
Q40087,A78
Q40088,A83
Q40089,A64
Q40090,A78
Q40091,A35
Q40092,A22
Q40093,A76
Q40094,A59
Q40095,A80
Q40096,A85
Q40097,A27
Q40098,A39
Q40099,A7
Q40100,A70
Q40101,A2
Q40102,A77
Q40103,A46
Q40104,A26
Q40105,A68
Q40106,A40
Q40107,A91
Q40108,A78
Q40109,A44
Q40110,A35
Q40111,A54
Q40112,A63
Q40113,A32
Q40114,A63
Q40115,A99
Q40116,A57
Q40117,A44
Q40118,A45
Q40119,A9
Q40120,A55
Q40121,A19
Q40122,A23
Q40123,A10
Q40124,A91
Q40125,A72
Q40126,A98
Q40127,A56
Q40128,A7
Q40129,A7
Q40130,A23
Q40131,A7
Q40132,A5
Q40133,A19
Q40134,A42
Q40135,A5
Q40136,A91
Q40137,A73
Q40138,A40
Q40139,A13
Q40140,A58
Q40141,A28
Q40142,A57
Q40143,A72
Q40144,A44
Q40145,A54
Q40146,A45
Q40147,A11
Q40148,A74
Q40149,A16
Q40150,A76
Q40151,A22
Q40152,A1
Q40153,A63
Q40154,A74
Q40155,A26
Q40156,A8
Q40157,A55
Q40158,A73
Q40159,A84
Q40160,A66
Q40161,A81
Q40162,A77
Q40163,A72
Q40164,A76
Q40165,A12
Q40166,A30
Q40167,A0
Q40168,A97
Q40169,A14
Q40170,A58
Q40171,A48
Q40172,A64
Q40173,A76
Q40174,A50
Q40175,A34
Q40176,A80
Q40177,A81
Q40178,A59
Q40179,A92
Q40180,A67
Q40181,A60
Q40182,A45
Q40183,A15
Q40184,A75
Q40185,A32
Q40186,A28
Q40187,A16
Q40188,A31
Q40189,A8
Q40190,A63
Q40191,A49
Q40192,A41
Q40193,A86
Q40194,A88
Q40195,A58
Q40196,A39
Q40197,A47
Q40198,A27
Q40199,A52
Q40200,A2
Q40201,A28
Q40202,A85
Q40203,A10
Q40204,A4
Q40205,A47
Q40206,A22
Q40207,A18
Q40208,A70
Q40209,A90
Q40210,A35
Q40211,A3
Q40212,A68
Q40213,A89
Q40214,A45
Q40215,A40
Q40216,A27
Q40217,A30
Q40218,A81
Q40219,A94
Q40220,A13
Q40221,A12
Q40222,A59
Q40223,A69
Q40224,A51
Q40225,A73
Q40226,A93
Q40227,A98
Q40228,A3
Q40229,A51
Q40230,A4
Q40231,A37
Q40232,A17
Q40233,A58
Q40234,A72
Q40235,A40
Q40236,A45
Q40237,A3
Q40238,A75
Q40239,A53
Q40240,A93
Q40241,A85
Q40242,A54
Q40243,A69
Q40244,A17
Q40245,A87
Q40246,A52
Q40247,A25
Q40248,A8
Q40249,A21
Q40250,A30
Q40251,A80
Q40252,A31
Q40253,A30
Q40254,A16
Q40255,A81
Q40256,A43
Q40257,A53
Q40258,A79
Q40259,A81
Q40260,A42
Q40261,A35
Q40262,A27
Q40263,A98
Q40264,A0
Q40265,A25
Q40266,A23
Q40267,A98
Q40268,A10
Q40269,A91
Q40270,A21
Q40271,A56
Q40272,A38
Q40273,A25
Q40274,A0
Q40275,A79
Q40276,A15
Q40277,A53
Q40278,A23
Q40279,A55
Q40280,A5
Q40281,A41
Q40282,A90
Q40283,A13
Q40284,A46
Q40285,A67
Q40286,A10
Q40287,A96
Q40288,A15
Q40289,A49
Q40290,A32
Q40291,A89
Q40292,A22
Q40293,A74
Q40294,A23
Q40295,A26
Q40296,A4
Q40297,A99
Q40298,A44
Q40299,A50
Q40300,A17
Q40301,A93
Q40302,A3
Q40303,A97
Q40304,A40
Q40305,A76
Q40306,A26
Q40307,A80
Q40308,A29
Q40309,A71
Q40310,A64
Q40311,A16
Q40312,A68
Q40313,A16
Q40314,A3
Q40315,A26
Q40316,A25
Q40317,A45
Q40318,A49
Q40319,A94
Q40320,A59
Q40321,A15
Q40322,A80
Q40323,A73
Q40324,A69
Q40325,A64
Q40326,A52
Q40327,A97
Q40328,A61
Q40329,A28
Q40330,A27
Q40331,A76
Q40332,A89
Q40333,A93
Q40334,A86
Q40335,A84
Q40336,A77
Q40337,A33
Q40338,A2
Q40339,A93
Q40340,A76
Q40341,A87
Q40342,A52
Q40343,A7
Q40344,A35
Q40345,A35
Q40346,A37
Q40347,A63
Q40348,A73
Q40349,A22
Q40350,A14
Q40351,A55
Q40352,A53
Q40353,A39
Q40354,A10
Q40355,A87
Q40356,A90
Q40357,A7
Q40358,A29
Q40359,A97
Q40360,A23
Q40361,A36
Q40362,A11
Q40363,A18
Q40364,A52
Q40365,A38
Q40366,A79
Q40367,A82
Q40368,A25
Q40369,A81
Q40370,A63
Q40371,A95
Q40372,A1
Q40373,A19
Q40374,A44
Q40375,A62
Q40376,A85
Q40377,A26
Q40378,A85
Q40379,A54
Q40380,A55
Q40381,A26
Q40382,A78
Q40383,A96
Q40384,A83
Q40385,A58
Q40386,A4
Q40387,A42
Q40388,A50
Q40389,A14
Q40390,A85
Q40391,A71
Q40392,A13
Q40393,A80
Q40394,A42
Q40395,A64
Q40396,A59
Q40397,A54
Q40398,A40
Q40399,A37
Q40400,A45
Q40401,A6
Q40402,A87
Q40403,A83
Q40404,A63
Q40405,A41
Q40406,A84
Q40407,A74
Q40408,A82
Q40409,A82
Q40410,A1
Q40411,A32
Q40412,A84
Q40413,A27
Q40414,A73
Q40415,A26
Q40416,A53
Q40417,A25
Q40418,A89
Q40419,A0
Q40420,A70
Q40421,A85
Q40422,A85
Q40423,A80
Q40424,A14
Q40425,A6
Q40426,A65
Q40427,A36
Q40428,A34
Q40429,A73
Q40430,A17
Q40431,A22
Q40432,A60
Q40433,A66
Q40434,A11
Q40435,A68
Q40436,A14
Q40437,A36
Q40438,A34
Q40439,A56
Q40440,A73
Q40441,A79
Q40442,A1
Q40443,A18
Q40444,A70
Q40445,A84
Q40446,A0
Q40447,A91
Q40448,A10
Q40449,A39
Q40450,A70
Q40451,A21
Q40452,A64
Q40453,A74
Q40454,A39
Q40455,A8
Q40456,A44
Q40457,A87
Q40458,A94
Q40459,A53
Q40460,A66
Q40461,A73
Q40462,A82
Q40463,A24
Q40464,A71
Q40465,A67
Q40466,A21
Q40467,A89
Q40468,A56
Q40469,A69
Q40470,A5
Q40471,A72
Q40472,A25
Q40473,A91
Q40474,A32
Q40475,A0
Q40476,A7
Q40477,A32
Q40478,A45
Q40479,A84
Q40480,A19
Q40481,A17
Q40482,A69
Q40483,A77
Q40484,A89
Q40485,A53
Q40486,A0
Q40487,A14
Q40488,A39
Q40489,A25
Q40490,A93
Q40491,A77
Q40492,A86
Q40493,A37
Q40494,A20
Q40495,A92
Q40496,A48
Q40497,A20
Q40498,A18
Q40499,A26
Q40500,A88
Q40501,A98
Q40502,A65
Q40503,A97
Q40504,A7
Q40505,A90
Q40506,A76
Q40507,A5
Q40508,A40
Q40509,A96
Q40510,A31
Q40511,A2
Q40512,A65
Q40513,A27
Q40514,A29
Q40515,A36
Q40516,A83
Q40517,A85
Q40518,A26
Q40519,A36
Q40520,A93
Q40521,A67
Q40522,A23
Q40523,A23
Q40524,A66
Q40525,A39
Q40526,A86
Q40527,A16
Q40528,A93
Q40529,A79
Q40530,A29
Q40531,A93
Q40532,A1
Q40533,A11
Q40534,A96
Q40535,A95
Q40536,A70
Q40537,A8
Q40538,A69
Q40539,A78
Q40540,A25
Q40541,A73
Q40542,A17
Q40543,A26
Q40544,A10
Q40545,A91
Q40546,A50
Q40547,A16
Q40548,A60
Q40549,A58
Q40550,A80
Q40551,A36
Q40552,A77
Q40553,A57
Q40554,A25
Q40555,A9
Q40556,A97
Q40557,A21
Q40558,A4
Q40559,A61
Q40560,A53
Q40561,A8
Q40562,A70
Q40563,A81
Q40564,A36
Q40565,A79
Q40566,A36
Q40567,A90
Q40568,A94
Q40569,A88
Q40570,A67
Q40571,A70
Q40572,A30
Q40573,A86
Q40574,A40
Q40575,A43
Q40576,A41
Q40577,A37
Q40578,A83
Q40579,A47
Q40580,A76
Q40581,A67
Q40582,A79
Q40583,A66
Q40584,A34
Q40585,A10
Q40586,A40
Q40587,A44
Q40588,A4
Q40589,A35
Q40590,A79
Q40591,A88
Q40592,A33
Q40593,A99
Q40594,A72
Q40595,A13
Q40596,A99
Q40597,A34
Q40598,A0
Q40599,A90
Q40600,A68
Q40601,A69
Q40602,A84
Q40603,A73
Q40604,A86
Q40605,A67
Q40606,A30
Q40607,A0
Q40608,A11
Q40609,A62
Q40610,A9
Q40611,A49
Q40612,A33
Q40613,A5
Q40614,A25
Q40615,A18
Q40616,A83
Q40617,A54
Q40618,A16
Q40619,A41
Q40620,A25
Q40621,A43
Q40622,A32
Q40623,A76
Q40624,A10
Q40625,A16
Q40626,A80
Q40627,A91
Q40628,A90
Q40629,A35
Q40630,A71
Q40631,A81
Q40632,A69
Q40633,A98
Q40634,A76
Q40635,A73
Q40636,A82
Q40637,A47
Q40638,A27
Q40639,A69
Q40640,A39
Q40641,A0
Q40642,A50
Q40643,A2
Q40644,A58
Q40645,A13
Q40646,A52
Q40647,A47
Q40648,A96
Q40649,A74
Q40650,A35
Q40651,A10
Q40652,A17
Q40653,A16
Q40654,A43
Q40655,A82
Q40656,A82
Q40657,A90
Q40658,A19
Q40659,A4
Q40660,A28
Q40661,A13
Q40662,A10
Q40663,A73
Q40664,A77
Q40665,A6
Q40666,A30
Q40667,A37
Q40668,A64
Q40669,A19
Q40670,A1
Q40671,A97
Q40672,A50
Q40673,A30
Q40674,A68
Q40675,A11
Q40676,A88
Q40677,A38
Q40678,A93
Q40679,A90
Q40680,A23
Q40681,A26
Q40682,A60
Q40683,A5
Q40684,A36
Q40685,A51
Q40686,A8
Q40687,A63
Q40688,A92
Q40689,A52
Q40690,A52
Q40691,A31
Q40692,A62
Q40693,A32
Q40694,A6
Q40695,A70
Q40696,A41
Q40697,A92
Q40698,A46
Q40699,A71
Q40700,A84
Q40701,A96
Q40702,A14
Q40703,A9
Q40704,A95
Q40705,A52
Q40706,A10
Q40707,A23
Q40708,A3
Q40709,A45
Q40710,A56
Q40711,A64
Q40712,A44
Q40713,A37
Q40714,A70
Q40715,A0
Q40716,A41
Q40717,A9
Q40718,A98
Q40719,A80
Q40720,A99
Q40721,A66
Q40722,A60
Q40723,A59
Q40724,A50
Q40725,A54
Q40726,A98
Q40727,A49
Q40728,A45
Q40729,A1
Q40730,A11
Q40731,A9
Q40732,A38
Q40733,A56
Q40734,A7
Q40735,A32
Q40736,A4
Q40737,A77
Q40738,A69
Q40739,A99
Q40740,A6
Q40741,A77
Q40742,A26
Q40743,A88
Q40744,A59
Q40745,A76
Q40746,A13
Q40747,A49
Q40748,A74
Q40749,A78
Q40750,A5
Q40751,A19
Q40752,A18
Q40753,A4
Q40754,A91
Q40755,A80
Q40756,A70
Q40757,A51
Q40758,A4
Q40759,A75
Q40760,A83
Q40761,A20
Q40762,A77
Q40763,A47
Q40764,A37
Q40765,A52
Q40766,A93
Q40767,A27
Q40768,A27
Q40769,A59
Q40770,A20
Q40771,A42
Q40772,A50
Q40773,A16
Q40774,A5
Q40775,A72
Q40776,A73
Q40777,A35
Q40778,A7
Q40779,A34
Q40780,A6
Q40781,A79
Q40782,A67
Q40783,A61
Q40784,A80
Q40785,A89
Q40786,A62
Q40787,A30
Q40788,A10
Q40789,A34
Q40790,A81
Q40791,A74
Q40792,A21
Q40793,A68
Q40794,A33
Q40795,A56
Q40796,A0
Q40797,A48
Q40798,A30
Q40799,A55
Q40800,A2
Q40801,A93
Q40802,A87
Q40803,A89
Q40804,A99
Q40805,A7
Q40806,A4
Q40807,A32
Q40808,A62
Q40809,A6
Q40810,A72
Q40811,A90
Q40812,A28
Q40813,A56
Q40814,A12
Q40815,A16
Q40816,A66
Q40817,A44
Q40818,A23
Q40819,A6
Q40820,A7
Q40821,A9
Q40822,A22
Q40823,A80
Q40824,A17
Q40825,A19
Q40826,A54
Q40827,A26
Q40828,A88
Q40829,A97
Q40830,A10
Q40831,A30
Q40832,A52
Q40833,A26
Q40834,A94
Q40835,A43
Q40836,A1
Q40837,A30
Q40838,A61
Q40839,A70
Q40840,A3
Q40841,A62
Q40842,A6
Q40843,A75
Q40844,A80
Q40845,A14
Q40846,A69
Q40847,A62
Q40848,A57
Q40849,A31
Q40850,A3
Q40851,A49
Q40852,A94
Q40853,A42
Q40854,A99
Q40855,A17
Q40856,A39
Q40857,A73
Q40858,A70
Q40859,A54
Q40860,A97
Q40861,A15
Q40862,A99
Q40863,A15
Q40864,A93
Q40865,A37
Q40866,A80
Q40867,A79
Q40868,A92
Q40869,A57
Q40870,A32
Q40871,A25
Q40872,A52
Q40873,A44
Q40874,A91
Q40875,A67
Q40876,A89
Q40877,A12
Q40878,A32
Q40879,A26
Q40880,A72
Q40881,A81
Q40882,A46
Q40883,A10
Q40884,A47
Q40885,A55
Q40886,A86
Q40887,A68
Q40888,A59
Q40889,A73
Q40890,A49
Q40891,A62
Q40892,A48
Q40893,A11
Q40894,A97
Q40895,A51
Q40896,A80
Q40897,A93
Q40898,A89
Q40899,A55
Q40900,A5
Q40901,A16
Q40902,A9
Q40903,A35
Q40904,A81
Q40905,A82
Q40906,A67
Q40907,A18
Q40908,A94
Q40909,A22
Q40910,A35
Q40911,A45
Q40912,A37
Q40913,A29
Q40914,A42
Q40915,A76
Q40916,A74
Q40917,A4
Q40918,A89
Q40919,A7
Q40920,A81
Q40921,A1
Q40922,A59
Q40923,A79
Q40924,A69
Q40925,A51
Q40926,A68
Q40927,A94
Q40928,A0
Q40929,A69
Q40930,A81
Q40931,A38
Q40932,A20
Q40933,A5
Q40934,A91
Q40935,A21
Q40936,A98
Q40937,A43
Q40938,A9
Q40939,A26
Q40940,A70
Q40941,A52
Q40942,A45
Q40943,A90
Q40944,A73
Q40945,A24
Q40946,A18
Q40947,A71
Q40948,A14
Q40949,A69
Q40950,A57
Q40951,A8
Q40952,A82
Q40953,A27
Q40954,A70
Q40955,A27
Q40956,A40
Q40957,A81
Q40958,A81
Q40959,A1
Q40960,A40
Q40961,A85
Q40962,A58
Q40963,A86
Q40964,A97
Q40965,A81
Q40966,A22
Q40967,A7
Q40968,A30
Q40969,A17
Q40970,A53
Q40971,A11
Q40972,A22
Q40973,A65
Q40974,A49
Q40975,A10
Q40976,A98
Q40977,A21
Q40978,A28
Q40979,A94
Q40980,A14
Q40981,A16
Q40982,A9
Q40983,A3
Q40984,A65
Q40985,A59
Q40986,A23
Q40987,A57
Q40988,A95
Q40989,A20
Q40990,A36
Q40991,A58
Q40992,A12
Q40993,A15
Q40994,A56
Q40995,A21
Q40996,A57
Q40997,A10
Q40998,A78
Q40999,A84
Q41000,A25
Q41001,A1
Q41002,A84
Q41003,A52
Q41004,A36
Q41005,A18
Q41006,A62
Q41007,A57
Q41008,A29
Q41009,A98
Q41010,A30
Q41011,A56
Q41012,A30
Q41013,A45
Q41014,A22
Q41015,A6
Q41016,A46
Q41017,A7
Q41018,A79
Q41019,A30
Q41020,A41
Q41021,A28
Q41022,A51
Q41023,A80
Q41024,A30
Q41025,A45
Q41026,A9
Q41027,A98
Q41028,A45
Q41029,A36
Q41030,A2
Q41031,A62
Q41032,A1
Q41033,A73
Q41034,A89
Q41035,A52
Q41036,A42
Q41037,A49
Q41038,A99
Q41039,A32
Q41040,A63
Q41041,A10
Q41042,A89
Q41043,A48
Q41044,A48
Q41045,A87
Q41046,A71
Q41047,A15
Q41048,A58
Q41049,A3
Q41050,A24
Q41051,A76
Q41052,A92
Q41053,A98
Q41054,A21
Q41055,A47
Q41056,A92
Q41057,A28
Q41058,A81
Q41059,A9
Q41060,A94
Q41061,A54
Q41062,A13
Q41063,A96
Q41064,A76
Q41065,A28
Q41066,A52
Q41067,A10
Q41068,A54
Q41069,A92
Q41070,A32
Q41071,A7
Q41072,A15
Q41073,A47
Q41074,A40
Q41075,A19
Q41076,A14
Q41077,A5
Q41078,A79
Q41079,A84
Q41080,A14
Q41081,A24
Q41082,A35
Q41083,A3
Q41084,A69
Q41085,A16
Q41086,A48
Q41087,A25
Q41088,A27
Q41089,A52
Q41090,A17
Q41091,A77
Q41092,A21
Q41093,A34
Q41094,A18
Q41095,A2
Q41096,A41
Q41097,A97
Q41098,A80
Q41099,A74
Q41100,A7
Q41101,A30
Q41102,A47
Q41103,A93
Q41104,A62
Q41105,A90
Q41106,A98
Q41107,A54
Q41108,A88
Q41109,A59
Q41110,A76
Q41111,A60
Q41112,A81
Q41113,A11
Q41114,A1
Q41115,A53
Q41116,A66
Q41117,A47
Q41118,A79
Q41119,A2
Q41120,A50
Q41121,A73
Q41122,A61
Q41123,A73
Q41124,A83
Q41125,A12
Q41126,A3
Q41127,A69
Q41128,A3
Q41129,A86
Q41130,A93
Q41131,A51
Q41132,A85
Q41133,A94
Q41134,A90
Q41135,A85
Q41136,A6
Q41137,A11
Q41138,A12
Q41139,A3
Q41140,A89
Q41141,A1
Q41142,A89
Q41143,A69
Q41144,A48
Q41145,A31
Q41146,A93
Q41147,A46
Q41148,A12
Q41149,A50
Q41150,A75
Q41151,A28
Q41152,A70
Q41153,A42
Q41154,A64
Q41155,A90
Q41156,A11
Q41157,A38
Q41158,A38
Q41159,A52
Q41160,A14
Q41161,A22
Q41162,A99
Q41163,A52
Q41164,A78
Q41165,A18
Q41166,A69
Q41167,A70
Q41168,A9
Q41169,A36
Q41170,A34
Q41171,A47
Q41172,A0
Q41173,A29
Q41174,A89
Q41175,A73
Q41176,A95
Q41177,A24
Q41178,A40
Q41179,A14
Q41180,A48
Q41181,A82
Q41182,A54
Q41183,A61
Q41184,A33
Q41185,A22
Q41186,A33
Q41187,A86
Q41188,A72
Q41189,A46
Q41190,A78
Q41191,A96
Q41192,A81
Q41193,A31
Q41194,A11
Q41195,A26
Q41196,A39
Q41197,A76
Q41198,A75
Q41199,A37
Q41200,A73
Q41201,A9
Q41202,A45
Q41203,A15
Q41204,A47
Q41205,A72
Q41206,A83
Q41207,A72
Q41208,A72
Q41209,A20
Q41210,A40
Q41211,A23
Q41212,A65
Q41213,A7
Q41214,A96
Q41215,A58
Q41216,A72
Q41217,A50
Q41218,A52
Q41219,A18
Q41220,A74
Q41221,A82
Q41222,A41
Q41223,A36
Q41224,A75
Q41225,A62
Q41226,A91
Q41227,A97
Q41228,A49
Q41229,A50
Q41230,A57
Q41231,A83
Q41232,A9
Q41233,A66
Q41234,A94
Q41235,A20
Q41236,A65
Q41237,A30
Q41238,A72
Q41239,A70
Q41240,A99
Q41241,A23
Q41242,A0
Q41243,A19
Q41244,A62
Q41245,A6
Q41246,A71
Q41247,A30
Q41248,A0
Q41249,A25
Q41250,A62
Q41251,A71
Q41252,A50
Q41253,A60
Q41254,A53
Q41255,A29
Q41256,A21
Q41257,A95
Q41258,A9
Q41259,A0
Q41260,A12
Q41261,A69
Q41262,A27
Q41263,A89
Q41264,A56
Q41265,A62
Q41266,A2
Q41267,A44
Q41268,A56
Q41269,A63
Q41270,A5
Q41271,A9
Q41272,A20
Q41273,A24
Q41274,A95
Q41275,A30
Q41276,A62
Q41277,A81
Q41278,A99
Q41279,A67
Q41280,A88
Q41281,A16
Q41282,A77
Q41283,A46
Q41284,A51
Q41285,A7
Q41286,A53
Q41287,A29
Q41288,A62
Q41289,A72
Q41290,A34
Q41291,A31
Q41292,A64
Q41293,A96
Q41294,A48
Q41295,A25
Q41296,A10
Q41297,A30
Q41298,A91
Q41299,A43
Q41300,A47
Q41301,A40
Q41302,A18
Q41303,A83
Q41304,A4
Q41305,A40
Q41306,A48
Q41307,A59
Q41308,A1
Q41309,A2
Q41310,A70
Q41311,A46
Q41312,A17
Q41313,A57
Q41314,A91
Q41315,A76
Q41316,A59
Q41317,A73
Q41318,A10
Q41319,A37
Q41320,A49
Q41321,A65
Q41322,A36
Q41323,A96
Q41324,A5
Q41325,A10
Q41326,A80
Q41327,A29
Q41328,A71
Q41329,A92
Q41330,A90
Q41331,A75
Q41332,A75
Q41333,A81
Q41334,A63
Q41335,A2
Q41336,A90
Q41337,A78
Q41338,A99
Q41339,A38
Q41340,A29
Q41341,A39
Q41342,A76
Q41343,A8
Q41344,A18
Q41345,A52
Q41346,A47
Q41347,A41
Q41348,A88
Q41349,A26
Q41350,A77
Q41351,A24
Q41352,A1
Q41353,A32
Q41354,A80
Q41355,A35
Q41356,A1
Q41357,A42
Q41358,A13
Q41359,A41
Q41360,A86
Q41361,A12
Q41362,A32
Q41363,A53
Q41364,A61
Q41365,A53
Q41366,A14
Q41367,A19
Q41368,A97
Q41369,A77
Q41370,A7
Q41371,A37
Q41372,A62
Q41373,A77
Q41374,A21
Q41375,A63
Q41376,A9
Q41377,A40
Q41378,A51
Q41379,A84
Q41380,A45
Q41381,A30
Q41382,A16
Q41383,A39
Q41384,A45
Q41385,A2
Q41386,A35
Q41387,A90
Q41388,A68
Q41389,A10
Q41390,A41
Q41391,A2
Q41392,A67
Q41393,A35
Q41394,A26
Q41395,A38
Q41396,A57
Q41397,A90
Q41398,A92
Q41399,A25
Q41400,A69
Q41401,A58
Q41402,A98
Q41403,A4
Q41404,A84
Q41405,A18
Q41406,A78
Q41407,A98
Q41408,A95
Q41409,A7
Q41410,A54
Q41411,A45
Q41412,A57
Q41413,A22
Q41414,A63
Q41415,A79
Q41416,A88
Q41417,A65
Q41418,A63
Q41419,A29
Q41420,A14
Q41421,A62
Q41422,A61
Q41423,A83
Q41424,A54
Q41425,A59
Q41426,A31
Q41427,A5
Q41428,A21
Q41429,A45
Q41430,A10
Q41431,A21
Q41432,A12
Q41433,A62
Q41434,A59
Q41435,A98
Q41436,A59
Q41437,A78
Q41438,A45
Q41439,A48
Q41440,A91
Q41441,A68
Q41442,A76
Q41443,A84
Q41444,A81
Q41445,A74
Q41446,A3
Q41447,A94
Q41448,A80
Q41449,A20
Q41450,A19
Q41451,A10
Q41452,A70
Q41453,A26
Q41454,A23
Q41455,A39
Q41456,A47
Q41457,A58
Q41458,A31
Q41459,A10
Q41460,A45
Q41461,A10
Q41462,A51
Q41463,A24
Q41464,A37
Q41465,A36
Q41466,A20
Q41467,A90
Q41468,A17
Q41469,A80
Q41470,A3
Q41471,A88
Q41472,A30
Q41473,A2
Q41474,A41
Q41475,A75
Q41476,A14
Q41477,A16
Q41478,A9
Q41479,A66
Q41480,A64
Q41481,A4
Q41482,A63
Q41483,A70
Q41484,A16
Q41485,A94
Q41486,A79
Q41487,A42
Q41488,A70
Q41489,A75
Q41490,A5
Q41491,A78
Q41492,A44
Q41493,A68
Q41494,A99
Q41495,A31
Q41496,A29
Q41497,A79
Q41498,A3
Q41499,A20
Q41500,A98
Q41501,A88
Q41502,A31
Q41503,A83
Q41504,A80
Q41505,A27
Q41506,A36
Q41507,A86
Q41508,A87
Q41509,A9
Q41510,A91
Q41511,A66
Q41512,A30
Q41513,A52
Q41514,A51
Q41515,A13
Q41516,A91
Q41517,A97
Q41518,A43
Q41519,A62
Q41520,A20
Q41521,A47
Q41522,A30
Q41523,A31
Q41524,A55
Q41525,A37
Q41526,A29
Q41527,A63
Q41528,A34
Q41529,A6
Q41530,A69
Q41531,A83
Q41532,A18
Q41533,A37
Q41534,A98
Q41535,A16
Q41536,A35
Q41537,A98
Q41538,A70
Q41539,A9
Q41540,A14
Q41541,A56
Q41542,A4
Q41543,A10
Q41544,A51
Q41545,A97
Q41546,A84
Q41547,A82
Q41548,A8
Q41549,A81
Q41550,A2
Q41551,A28
Q41552,A93
Q41553,A56
Q41554,A30
Q41555,A62
Q41556,A43
Q41557,A4
Q41558,A0
Q41559,A43
Q41560,A99
Q41561,A12
Q41562,A5
Q41563,A84
Q41564,A79
Q41565,A39
Q41566,A70
Q41567,A84
Q41568,A26
Q41569,A6
Q41570,A22
Q41571,A28
Q41572,A77
Q41573,A57
Q41574,A58
Q41575,A72
Q41576,A18
Q41577,A1
Q41578,A75
Q41579,A77
Q41580,A75
Q41581,A45
Q41582,A0
Q41583,A67
Q41584,A69
Q41585,A29
Q41586,A90
Q41587,A84
Q41588,A7
Q41589,A21
Q41590,A79
Q41591,A55
Q41592,A84
Q41593,A80
Q41594,A32
Q41595,A93
Q41596,A10
Q41597,A55
Q41598,A44
Q41599,A62
Q41600,A10
Q41601,A90
Q41602,A96
Q41603,A62
Q41604,A91
Q41605,A7
Q41606,A69
Q41607,A66
Q41608,A57
Q41609,A67
Q41610,A9
Q41611,A28
Q41612,A48
Q41613,A17
Q41614,A75
Q41615,A5
Q41616,A7
Q41617,A98
Q41618,A37
Q41619,A53
Q41620,A80
Q41621,A64
Q41622,A30
Q41623,A25
Q41624,A40
Q41625,A11
Q41626,A4
Q41627,A82
Q41628,A37
Q41629,A91
Q41630,A90
Q41631,A35
Q41632,A2
Q41633,A81
Q41634,A28
Q41635,A30
Q41636,A43
Q41637,A76
Q41638,A97
Q41639,A74
Q41640,A68
Q41641,A41
Q41642,A52
Q41643,A67
Q41644,A99
Q41645,A33
Q41646,A84
Q41647,A6
Q41648,A67
Q41649,A44
Q41650,A7
Q41651,A70
Q41652,A66
Q41653,A11
Q41654,A17
Q41655,A91
Q41656,A42
Q41657,A56
Q41658,A25
Q41659,A25
Q41660,A35
Q41661,A95
Q41662,A52
Q41663,A56
Q41664,A0
Q41665,A4
Q41666,A11
Q41667,A43
Q41668,A40
Q41669,A2
Q41670,A71
Q41671,A53
Q41672,A82
Q41673,A63
Q41674,A55
Q41675,A30
Q41676,A49
Q41677,A30
Q41678,A59
Q41679,A77
Q41680,A37
Q41681,A42
Q41682,A91
Q41683,A94
Q41684,A34
Q41685,A30
Q41686,A24
Q41687,A50
Q41688,A39
Q41689,A46
Q41690,A21
Q41691,A57
Q41692,A66
Q41693,A92
Q41694,A48
Q41695,A65
Q41696,A45
Q41697,A53
Q41698,A49
Q41699,A19
Q41700,A45
Q41701,A87
Q41702,A67
Q41703,A60
Q41704,A38
Q41705,A4
Q41706,A67
Q41707,A81
Q41708,A51
Q41709,A68
Q41710,A87
Q41711,A27
Q41712,A55
Q41713,A83
Q41714,A3
Q41715,A33
Q41716,A12
Q41717,A24
Q41718,A91
Q41719,A82
Q41720,A33
Q41721,A67
Q41722,A41
Q41723,A27
Q41724,A9
Q41725,A2
Q41726,A17
Q41727,A65
Q41728,A69
Q41729,A91
Q41730,A37
Q41731,A95
Q41732,A20
Q41733,A35
Q41734,A39
Q41735,A8
Q41736,A39
Q41737,A80
Q41738,A27
Q41739,A62
Q41740,A77
Q41741,A31
Q41742,A55
Q41743,A21
Q41744,A13
Q41745,A88
Q41746,A2
Q41747,A4
Q41748,A94
Q41749,A41
Q41750,A94
Q41751,A99
Q41752,A25
Q41753,A60
Q41754,A0
Q41755,A24
Q41756,A86
Q41757,A52
Q41758,A72
Q41759,A78
Q41760,A67
Q41761,A17
Q41762,A1
Q41763,A52
Q41764,A66
Q41765,A22
Q41766,A28
Q41767,A20
Q41768,A95
Q41769,A64
Q41770,A24
Q41771,A16
Q41772,A21
Q41773,A97
Q41774,A0
Q41775,A88
Q41776,A24
Q41777,A29
Q41778,A82
Q41779,A89
Q41780,A33
Q41781,A88
Q41782,A90
Q41783,A64
Q41784,A90
Q41785,A24
Q41786,A64
Q41787,A37
Q41788,A27
Q41789,A55
Q41790,A63
Q41791,A22
Q41792,A73
Q41793,A5
Q41794,A26
Q41795,A10
Q41796,A4
Q41797,A87
Q41798,A0
Q41799,A57
Q41800,A48
Q41801,A66
Q41802,A71
Q41803,A91
Q41804,A36
Q41805,A29
Q41806,A80
Q41807,A45
Q41808,A31
Q41809,A85
Q41810,A57
Q41811,A57
Q41812,A2
Q41813,A63
Q41814,A73
Q41815,A46
Q41816,A38
Q41817,A49
Q41818,A73
Q41819,A0
Q41820,A56
Q41821,A27
Q41822,A44
Q41823,A16
Q41824,A73
Q41825,A53
Q41826,A91
Q41827,A12
Q41828,A1
Q41829,A98
Q41830,A74
Q41831,A75
Q41832,A12
Q41833,A89
Q41834,A93
Q41835,A90
Q41836,A49
Q41837,A64
Q41838,A75
Q41839,A23
Q41840,A31
Q41841,A3
Q41842,A1
Q41843,A96
Q41844,A90
Q41845,A36
Q41846,A79
Q41847,A33
Q41848,A48
Q41849,A32
Q41850,A13
Q41851,A89
Q41852,A39
Q41853,A34
Q41854,A36
Q41855,A67
Q41856,A13
Q41857,A52
Q41858,A37
Q41859,A29
Q41860,A1
Q41861,A59
Q41862,A7
Q41863,A40
Q41864,A29
Q41865,A16
Q41866,A23
Q41867,A2
Q41868,A15
Q41869,A88
Q41870,A93
Q41871,A91
Q41872,A95
Q41873,A98
Q41874,A55
Q41875,A13
Q41876,A39
Q41877,A42
Q41878,A46
Q41879,A96
Q41880,A44
Q41881,A40
Q41882,A78
Q41883,A40
Q41884,A76
Q41885,A72
Q41886,A6
Q41887,A26
Q41888,A99
Q41889,A1
Q41890,A16
Q41891,A75
Q41892,A68
Q41893,A16
Q41894,A36
Q41895,A82
Q41896,A54
Q41897,A19
Q41898,A41
Q41899,A56
Q41900,A82
Q41901,A39
Q41902,A63
Q41903,A94
Q41904,A4
Q41905,A3
Q41906,A57
Q41907,A67
Q41908,A96
Q41909,A1
Q41910,A12
Q41911,A19
Q41912,A57
Q41913,A13
Q41914,A56
Q41915,A17
Q41916,A62
Q41917,A92
Q41918,A40
Q41919,A16
Q41920,A63
Q41921,A53
Q41922,A26
Q41923,A58
Q41924,A20
Q41925,A43
Q41926,A59
Q41927,A67
Q41928,A68
Q41929,A30
Q41930,A50
Q41931,A59
Q41932,A27
Q41933,A53
Q41934,A50
Q41935,A88
Q41936,A13
Q41937,A51
Q41938,A19
Q41939,A1
Q41940,A23
Q41941,A86
Q41942,A5
Q41943,A85
Q41944,A13
Q41945,A43
Q41946,A56
Q41947,A0
Q41948,A9
Q41949,A18
Q41950,A45
Q41951,A39
Q41952,A57
Q41953,A95
Q41954,A41
Q41955,A86
Q41956,A0
Q41957,A73
Q41958,A88
Q41959,A98
Q41960,A30
Q41961,A10
Q41962,A40
Q41963,A69
Q41964,A91
Q41965,A24
Q41966,A75
Q41967,A15
Q41968,A82
Q41969,A85
Q41970,A98
Q41971,A59
Q41972,A34
Q41973,A60
Q41974,A70
Q41975,A32
Q41976,A28
Q41977,A82
Q41978,A26
Q41979,A74
Q41980,A12
Q41981,A22
Q41982,A48
Q41983,A25
Q41984,A92
Q41985,A36
Q41986,A71
Q41987,A80
Q41988,A22
Q41989,A3
Q41990,A13
Q41991,A43
Q41992,A34
Q41993,A86
Q41994,A89
Q41995,A4
Q41996,A61
Q41997,A50
Q41998,A55
Q41999,A91
Q42000,A19
Q42001,A66
Q42002,A47
Q42003,A76
Q42004,A28
Q42005,A3
Q42006,A26
Q42007,A68
Q42008,A70
Q42009,A14
Q42010,A90
Q42011,A70
Q42012,A17
Q42013,A35
Q42014,A22
Q42015,A23
Q42016,A9
Q42017,A15
Q42018,A17
Q42019,A56
Q42020,A34
Q42021,A29
Q42022,A3
Q42023,A30
Q42024,A2
Q42025,A64
Q42026,A69
Q42027,A42
Q42028,A41
Q42029,A57
Q42030,A25
Q42031,A24
Q42032,A39
Q42033,A87
Q42034,A84
Q42035,A93
Q42036,A34
Q42037,A78
Q42038,A1
Q42039,A20
Q42040,A21
Q42041,A28
Q42042,A4
Q42043,A92
Q42044,A78
Q42045,A55
Q42046,A41
Q42047,A30
Q42048,A94
Q42049,A34
Q42050,A4
Q42051,A50
Q42052,A7
Q42053,A21
Q42054,A60
Q42055,A6
Q42056,A8
Q42057,A50
Q42058,A14
Q42059,A2
Q42060,A59
Q42061,A83
Q42062,A22
Q42063,A96
Q42064,A31
Q42065,A60
Q42066,A28
Q42067,A97
Q42068,A93
Q42069,A96
Q42070,A99
Q42071,A70
Q42072,A62
Q42073,A62
Q42074,A61
Q42075,A99
Q42076,A32
Q42077,A0
Q42078,A47
Q42079,A60
Q42080,A2
Q42081,A41
Q42082,A61
Q42083,A43
Q42084,A2
Q42085,A6
Q42086,A55
Q42087,A31
Q42088,A37
Q42089,A12
Q42090,A31
Q42091,A65
Q42092,A36
Q42093,A34
Q42094,A20
Q42095,A99
Q42096,A75
Q42097,A98
Q42098,A93
Q42099,A7
Q42100,A21
Q42101,A21
Q42102,A78
Q42103,A24
Q42104,A79
Q42105,A51
Q42106,A24
Q42107,A8
Q42108,A60
Q42109,A89
Q42110,A68
Q42111,A70
Q42112,A34
Q42113,A17
Q42114,A59
Q42115,A77
Q42116,A7
Q42117,A0
Q42118,A44
Q42119,A70
Q42120,A45
Q42121,A23
Q42122,A49
Q42123,A20
Q42124,A14
Q42125,A19
Q42126,A21
Q42127,A69
Q42128,A67
Q42129,A39
Q42130,A6
Q42131,A63
Q42132,A38
Q42133,A88
Q42134,A78
Q42135,A37
Q42136,A41
Q42137,A17
Q42138,A25
Q42139,A37
Q42140,A93
Q42141,A27
Q42142,A85
Q42143,A12
Q42144,A30
Q42145,A1
Q42146,A52
Q42147,A62
Q42148,A64
Q42149,A46
Q42150,A88
Q42151,A37
Q42152,A12
Q42153,A18
Q42154,A8
Q42155,A13
Q42156,A30
Q42157,A79
Q42158,A34
Q42159,A39
Q42160,A32
Q42161,A91
Q42162,A0
Q42163,A24
Q42164,A85
Q42165,A89
Q42166,A10
Q42167,A24
Q42168,A36
Q42169,A91
Q42170,A59
Q42171,A84
Q42172,A7
Q42173,A85
Q42174,A73
Q42175,A29
Q42176,A95
Q42177,A46
Q42178,A41
Q42179,A74
Q42180,A67
Q42181,A39
Q42182,A19
Q42183,A58
Q42184,A79
Q42185,A16
Q42186,A60
Q42187,A60
Q42188,A91
Q42189,A34
Q42190,A99
Q42191,A39
Q42192,A59
Q42193,A48
Q42194,A57
Q42195,A83
Q42196,A23
Q42197,A44
Q42198,A29
Q42199,A74
Q42200,A27
Q42201,A92
Q42202,A90
Q42203,A9
Q42204,A36
Q42205,A89
Q42206,A80
Q42207,A84
Q42208,A30
Q42209,A20
Q42210,A80
Q42211,A9
Q42212,A87
Q42213,A76
Q42214,A77
Q42215,A79
Q42216,A74
Q42217,A90
Q42218,A86
Q42219,A41
Q42220,A27
Q42221,A20
Q42222,A4
Q42223,A35
Q42224,A39
Q42225,A84
Q42226,A87
Q42227,A32
Q42228,A69
Q42229,A26
Q42230,A49
Q42231,A12
Q42232,A89
Q42233,A53
Q42234,A84
Q42235,A84
Q42236,A21
Q42237,A32
Q42238,A41
Q42239,A36
Q42240,A31
Q42241,A66
Q42242,A65
Q42243,A41
Q42244,A14
Q42245,A62
Q42246,A14
Q42247,A88
Q42248,A46
Q42249,A19
Q42250,A82
Q42251,A74
Q42252,A5
Q42253,A70
Q42254,A94
Q42255,A79
Q42256,A77
Q42257,A64
Q42258,A27
Q42259,A29
Q42260,A43
Q42261,A30
Q42262,A73
Q42263,A97
Q42264,A86
Q42265,A30
Q42266,A71
Q42267,A30
Q42268,A50
Q42269,A72
Q42270,A95
Q42271,A92
Q42272,A17
Q42273,A61
Q42274,A21
Q42275,A79
Q42276,A52
Q42277,A58
Q42278,A1
Q42279,A23
Q42280,A25
Q42281,A78
Q42282,A97
Q42283,A98
Q42284,A5
Q42285,A0
Q42286,A97
Q42287,A56
Q42288,A7
Q42289,A95
Q42290,A86
Q42291,A31
Q42292,A76
Q42293,A77
Q42294,A94
Q42295,A67
Q42296,A35
Q42297,A13
Q42298,A58
Q42299,A36
Q42300,A89
Q42301,A94
Q42302,A2
Q42303,A33
Q42304,A46
Q42305,A89
Q42306,A5
Q42307,A55
Q42308,A25
Q42309,A42
Q42310,A18
Q42311,A78
Q42312,A30
Q42313,A57
Q42314,A96
Q42315,A8
Q42316,A63
Q42317,A58
Q42318,A9
Q42319,A97
Q42320,A75
Q42321,A28
Q42322,A91
Q42323,A52
Q42324,A84
Q42325,A49
Q42326,A91
Q42327,A62
Q42328,A12
Q42329,A54
Q42330,A59
Q42331,A19
Q42332,A65
Q42333,A4
Q42334,A74
Q42335,A16
Q42336,A59
Q42337,A83
Q42338,A81
Q42339,A49
Q42340,A71
Q42341,A25
Q42342,A88
Q42343,A43
Q42344,A83
Q42345,A56
Q42346,A77
Q42347,A75
Q42348,A28
Q42349,A4
Q42350,A99
Q42351,A74
Q42352,A68
Q42353,A65
Q42354,A98
Q42355,A70
Q42356,A69
Q42357,A34
Q42358,A81
Q42359,A58
Q42360,A5
Q42361,A42
Q42362,A40
Q42363,A37
Q42364,A92
Q42365,A55
Q42366,A96
Q42367,A85
Q42368,A19
Q42369,A30
Q42370,A49
Q42371,A10
Q42372,A53
Q42373,A23
Q42374,A23
Q42375,A20
Q42376,A12
Q42377,A85
Q42378,A71
Q42379,A87
Q42380,A10
Q42381,A90
Q42382,A68
Q42383,A54
Q42384,A38
Q42385,A91
Q42386,A84
Q42387,A68
Q42388,A68
Q42389,A69
Q42390,A88
Q42391,A53
Q42392,A32
Q42393,A51
Q42394,A64
Q42395,A19
Q42396,A22
Q42397,A75
Q42398,A21
Q42399,A67
Q42400,A44
Q42401,A13
Q42402,A41
Q42403,A83
Q42404,A50
Q42405,A28
Q42406,A18
Q42407,A34
Q42408,A47
Q42409,A40
Q42410,A24
Q42411,A29
Q42412,A47
Q42413,A17
Q42414,A62
Q42415,A45
Q42416,A45
Q42417,A66
Q42418,A81
Q42419,A1
Q42420,A18
Q42421,A41
Q42422,A50
Q42423,A17
Q42424,A28
Q42425,A90
Q42426,A95
Q42427,A87
Q42428,A31
Q42429,A41
Q42430,A37
Q42431,A68
Q42432,A32
Q42433,A99
Q42434,A27
Q42435,A55
Q42436,A51
Q42437,A43
Q42438,A42
Q42439,A78
Q42440,A12
Q42441,A0
Q42442,A27
Q42443,A92
Q42444,A73
Q42445,A84
Q42446,A60
Q42447,A9
Q42448,A80
Q42449,A75
Q42450,A66
Q42451,A3
Q42452,A64
Q42453,A72
Q42454,A32
Q42455,A23
Q42456,A36
Q42457,A25
Q42458,A17
Q42459,A6
Q42460,A66
Q42461,A7
Q42462,A12
Q42463,A34
Q42464,A45
Q42465,A45
Q42466,A86
Q42467,A4
Q42468,A93
Q42469,A27
Q42470,A54
Q42471,A94
Q42472,A42
Q42473,A56
Q42474,A98
Q42475,A24
Q42476,A85
Q42477,A70
Q42478,A11
Q42479,A21
Q42480,A69
Q42481,A89
Q42482,A56
Q42483,A23
Q42484,A53
Q42485,A82
Q42486,A95
Q42487,A15
Q42488,A83
Q42489,A5
Q42490,A2
Q42491,A74
Q42492,A35
Q42493,A10
Q42494,A50
Q42495,A25
Q42496,A10
Q42497,A54
Q42498,A66
Q42499,A8
Q42500,A80
Q42501,A28
Q42502,A92
Q42503,A93
Q42504,A63
Q42505,A36
Q42506,A13
Q42507,A64
Q42508,A17
Q42509,A4
Q42510,A9
Q42511,A84
Q42512,A70
Q42513,A52
Q42514,A64
Q42515,A30
Q42516,A79
Q42517,A42
Q42518,A2
Q42519,A82
Q42520,A5
Q42521,A96
Q42522,A96
Q42523,A53
Q42524,A81
Q42525,A47
Q42526,A52
Q42527,A74
Q42528,A50
Q42529,A80
Q42530,A31
Q42531,A49
Q42532,A13
Q42533,A23
Q42534,A51
Q42535,A79
Q42536,A89
Q42537,A29
Q42538,A98
Q42539,A8
Q42540,A93
Q42541,A82
Q42542,A92
Q42543,A48
Q42544,A10
Q42545,A96
Q42546,A24
Q42547,A96
Q42548,A63
Q42549,A70
Q42550,A24
Q42551,A11
Q42552,A39
Q42553,A98
Q42554,A34
Q42555,A81
Q42556,A83
Q42557,A47
Q42558,A66
Q42559,A49
Q42560,A7
Q42561,A20
Q42562,A5
Q42563,A42
Q42564,A83
Q42565,A64
Q42566,A5
Q42567,A95
Q42568,A89
Q42569,A40
Q42570,A8
Q42571,A52
Q42572,A67
Q42573,A18
Q42574,A55
Q42575,A42
Q42576,A63
Q42577,A64
Q42578,A3
Q42579,A34
Q42580,A15
Q42581,A74
Q42582,A74
Q42583,A75
Q42584,A47
Q42585,A24
Q42586,A52
Q42587,A87
Q42588,A24
Q42589,A41
Q42590,A9
Q42591,A47
Q42592,A15
Q42593,A14
Q42594,A60
Q42595,A24
Q42596,A17
Q42597,A38
Q42598,A46
Q42599,A94
Q42600,A44
Q42601,A45
Q42602,A44
Q42603,A32
Q42604,A13
Q42605,A6
Q42606,A52
Q42607,A85
Q42608,A3
Q42609,A17
Q42610,A88
Q42611,A62
Q42612,A93
Q42613,A8
Q42614,A23
Q42615,A54
Q42616,A79
Q42617,A69
Q42618,A26
Q42619,A89
Q42620,A90
Q42621,A57
Q42622,A49
Q42623,A38
Q42624,A89
Q42625,A94
Q42626,A82
Q42627,A50
Q42628,A39
Q42629,A73
Q42630,A6
Q42631,A0
Q42632,A6
Q42633,A43
Q42634,A36
Q42635,A12
Q42636,A78
Q42637,A39
Q42638,A24
Q42639,A85
Q42640,A51
Q42641,A46
Q42642,A49
Q42643,A65
Q42644,A39
Q42645,A75
Q42646,A74
Q42647,A28
Q42648,A84
Q42649,A25
Q42650,A42
Q42651,A68
Q42652,A80
Q42653,A21
Q42654,A93
Q42655,A24
Q42656,A82
Q42657,A55
Q42658,A9
Q42659,A95
Q42660,A0
Q42661,A4
Q42662,A93
Q42663,A78
Q42664,A74
Q42665,A13
Q42666,A86
Q42667,A17
Q42668,A22
Q42669,A7
Q42670,A52
Q42671,A49
Q42672,A1
Q42673,A27
Q42674,A44
Q42675,A10
Q42676,A23
Q42677,A91
Q42678,A45
Q42679,A21
Q42680,A75
Q42681,A70
Q42682,A62
Q42683,A98
Q42684,A6
Q42685,A54
Q42686,A26
Q42687,A77
Q42688,A89
Q42689,A84
Q42690,A98
Q42691,A12
Q42692,A29
Q42693,A82
Q42694,A29
Q42695,A89
Q42696,A69
Q42697,A56
Q42698,A89
Q42699,A50
Q42700,A72
Q42701,A65
Q42702,A42
Q42703,A40
Q42704,A85
Q42705,A92
Q42706,A46
Q42707,A86
Q42708,A54
Q42709,A43
Q42710,A36
Q42711,A62
Q42712,A38
Q42713,A47
Q42714,A89
Q42715,A79
Q42716,A91
Q42717,A0
Q42718,A29
Q42719,A20
Q42720,A80
Q42721,A46
Q42722,A32
Q42723,A79
Q42724,A18
Q42725,A70
Q42726,A61
Q42727,A4
Q42728,A95
Q42729,A77
Q42730,A36
Q42731,A30
Q42732,A48
Q42733,A26
Q42734,A38
Q42735,A6
Q42736,A18
Q42737,A26
Q42738,A57
Q42739,A90
Q42740,A49
Q42741,A95
Q42742,A46
Q42743,A36
Q42744,A64
Q42745,A71
Q42746,A32
Q42747,A25
Q42748,A6
Q42749,A73
Q42750,A1
Q42751,A53
Q42752,A50
Q42753,A36
Q42754,A11
Q42755,A11
Q42756,A33
Q42757,A38
Q42758,A56
Q42759,A72
Q42760,A24
Q42761,A95
Q42762,A72
Q42763,A98
Q42764,A27
Q42765,A47
Q42766,A66
Q42767,A1
Q42768,A8
Q42769,A74
Q42770,A13
Q42771,A19
Q42772,A37
Q42773,A23
Q42774,A91
Q42775,A66
Q42776,A95
Q42777,A14
Q42778,A34
Q42779,A35
Q42780,A0
Q42781,A90
Q42782,A78
Q42783,A82
Q42784,A50
Q42785,A65
Q42786,A56
Q42787,A27
Q42788,A50
Q42789,A25
Q42790,A58
Q42791,A35
Q42792,A72
Q42793,A11
Q42794,A35
Q42795,A50
Q42796,A42
Q42797,A12
Q42798,A12
Q42799,A50
Q42800,A95
Q42801,A84
Q42802,A70
Q42803,A49
Q42804,A36
Q42805,A44
Q42806,A92
Q42807,A24
Q42808,A2
Q42809,A95
Q42810,A10
Q42811,A33
Q42812,A40
Q42813,A10
Q42814,A43
Q42815,A39
Q42816,A42
Q42817,A91
Q42818,A46
Q42819,A32
Q42820,A86
Q42821,A87
Q42822,A75
Q42823,A79
Q42824,A50
Q42825,A52
Q42826,A62
Q42827,A58
Q42828,A80
Q42829,A25
Q42830,A29
Q42831,A6
Q42832,A9
Q42833,A82
Q42834,A0
Q42835,A1
Q42836,A63
Q42837,A70
Q42838,A63
Q42839,A2
Q42840,A64
Q42841,A98
Q42842,A4
Q42843,A93
Q42844,A4
Q42845,A50
Q42846,A15
Q42847,A0
Q42848,A96
Q42849,A72
Q42850,A43
Q42851,A87
Q42852,A2
Q42853,A41
Q42854,A43
Q42855,A91
Q42856,A8
Q42857,A17
Q42858,A98
Q42859,A73
Q42860,A10
Q42861,A48
Q42862,A52
Q42863,A1
Q42864,A74
Q42865,A60
Q42866,A10
Q42867,A19
Q42868,A43
Q42869,A4
Q42870,A7
Q42871,A77
Q42872,A67
Q42873,A31
Q42874,A5
Q42875,A78
Q42876,A13
Q42877,A28
Q42878,A84
Q42879,A66
Q42880,A35
Q42881,A62
Q42882,A38
Q42883,A37
Q42884,A55
Q42885,A84
Q42886,A55
Q42887,A53
Q42888,A78
Q42889,A38
Q42890,A29
Q42891,A50
Q42892,A8
Q42893,A27
Q42894,A97
Q42895,A37
Q42896,A83
Q42897,A1
Q42898,A7
Q42899,A85
Q42900,A19
Q42901,A82
Q42902,A47
Q42903,A97
Q42904,A49
Q42905,A38
Q42906,A80
Q42907,A56
Q42908,A88
Q42909,A39
Q42910,A27
Q42911,A15
Q42912,A59
Q42913,A86
Q42914,A80
Q42915,A64
Q42916,A23
Q42917,A96
Q42918,A63
Q42919,A6
Q42920,A69
Q42921,A15
Q42922,A64
Q42923,A76
Q42924,A3
Q42925,A14
Q42926,A81
Q42927,A41
Q42928,A32
Q42929,A51
Q42930,A87
Q42931,A46
Q42932,A1
Q42933,A62
Q42934,A1
Q42935,A63
Q42936,A86
Q42937,A4
Q42938,A15
Q42939,A68
Q42940,A64
Q42941,A35
Q42942,A12
Q42943,A93
Q42944,A28
Q42945,A67
Q42946,A57
Q42947,A23
Q42948,A1
Q42949,A22
Q42950,A84
Q42951,A84
Q42952,A28
Q42953,A18
Q42954,A3
Q42955,A37
Q42956,A68
Q42957,A0
Q42958,A97
Q42959,A23
Q42960,A92
Q42961,A14
Q42962,A80
Q42963,A20
Q42964,A32
Q42965,A42
Q42966,A14
Q42967,A9
Q42968,A31
Q42969,A18
Q42970,A39
Q42971,A82
Q42972,A54
Q42973,A82
Q42974,A51
Q42975,A3
Q42976,A35
Q42977,A55
Q42978,A44
Q42979,A65
Q42980,A78
Q42981,A73
Q42982,A90
Q42983,A11
Q42984,A96
Q42985,A47
Q42986,A97
Q42987,A26
Q42988,A95
Q42989,A44
Q42990,A80
Q42991,A20
Q42992,A28
Q42993,A30
Q42994,A40
Q42995,A48
Q42996,A36
Q42997,A95
Q42998,A35
Q42999,A28
Q43000,A92
Q43001,A56
Q43002,A51
Q43003,A2
Q43004,A36
Q43005,A24
Q43006,A91
Q43007,A60
Q43008,A52
Q43009,A80
Q43010,A69
Q43011,A56
Q43012,A12
Q43013,A20
Q43014,A22
Q43015,A29
Q43016,A1
Q43017,A49
Q43018,A75
Q43019,A13
Q43020,A53
Q43021,A60
Q43022,A34
Q43023,A13
Q43024,A69
Q43025,A80
Q43026,A62
Q43027,A56
Q43028,A64
Q43029,A53
Q43030,A5
Q43031,A61
Q43032,A97
Q43033,A8
Q43034,A62
Q43035,A16
Q43036,A97
Q43037,A23
Q43038,A13
Q43039,A85
Q43040,A36
Q43041,A63
Q43042,A67
Q43043,A12
Q43044,A56
Q43045,A73
Q43046,A51
Q43047,A96
Q43048,A12
Q43049,A49
Q43050,A60
Q43051,A88
Q43052,A8
Q43053,A38
Q43054,A71
Q43055,A71
Q43056,A87
Q43057,A55
Q43058,A85
Q43059,A18
Q43060,A99
Q43061,A47
Q43062,A42
Q43063,A16
Q43064,A78
Q43065,A89
Q43066,A53
Q43067,A57
Q43068,A28
Q43069,A84
Q43070,A12
Q43071,A87
Q43072,A2
Q43073,A53
Q43074,A87
Q43075,A17
Q43076,A96
Q43077,A39
Q43078,A42
Q43079,A45
Q43080,A64
Q43081,A82
Q43082,A92
Q43083,A40
Q43084,A86
Q43085,A11
Q43086,A26
Q43087,A58
Q43088,A45
Q43089,A9
Q43090,A47
Q43091,A71
Q43092,A90
Q43093,A16
Q43094,A50
Q43095,A35
Q43096,A69
Q43097,A5
Q43098,A4
Q43099,A41
Q43100,A35
Q43101,A31
Q43102,A30
Q43103,A71
Q43104,A76
Q43105,A29
Q43106,A92
Q43107,A54
Q43108,A15
Q43109,A61
Q43110,A58
Q43111,A42
Q43112,A50
Q43113,A63
Q43114,A24
Q43115,A17
Q43116,A84
Q43117,A94
Q43118,A25
Q43119,A51
Q43120,A69
Q43121,A20
Q43122,A50
Q43123,A96
Q43124,A29
Q43125,A3
Q43126,A73
Q43127,A73
Q43128,A29
Q43129,A73
Q43130,A84
Q43131,A94
Q43132,A33
Q43133,A27
Q43134,A79
Q43135,A65
Q43136,A40
Q43137,A80
Q43138,A24
Q43139,A6
Q43140,A41
Q43141,A33
Q43142,A14
Q43143,A41
Q43144,A52
Q43145,A25
Q43146,A25
Q43147,A75
Q43148,A96
Q43149,A34
Q43150,A74
Q43151,A4
Q43152,A94
Q43153,A89
Q43154,A79
Q43155,A12
Q43156,A18
Q43157,A41
Q43158,A40
Q43159,A23
Q43160,A23
Q43161,A76
Q43162,A3
Q43163,A91
Q43164,A67
Q43165,A75
Q43166,A46
Q43167,A80
Q43168,A29
Q43169,A32
Q43170,A53
Q43171,A88
Q43172,A38
Q43173,A52
Q43174,A24
Q43175,A22
Q43176,A65
Q43177,A83
Q43178,A95
Q43179,A0
Q43180,A9
Q43181,A83
Q43182,A59
Q43183,A18
Q43184,A85
Q43185,A90
Q43186,A44
Q43187,A62
Q43188,A6
Q43189,A54
Q43190,A29
Q43191,A32
Q43192,A92
Q43193,A97
Q43194,A28
Q43195,A13
Q43196,A34
Q43197,A61
Q43198,A11
Q43199,A55
Q43200,A72
Q43201,A7
Q43202,A0
Q43203,A33
Q43204,A80
Q43205,A38
Q43206,A72
Q43207,A47
Q43208,A78
Q43209,A92
Q43210,A0
Q43211,A97
Q43212,A56
Q43213,A1
Q43214,A5
Q43215,A50
Q43216,A0
Q43217,A87
Q43218,A90
Q43219,A0
Q43220,A58
Q43221,A19
Q43222,A13
Q43223,A15
Q43224,A47
Q43225,A69
Q43226,A73
Q43227,A69
Q43228,A2
Q43229,A44
Q43230,A85
Q43231,A76
Q43232,A4
Q43233,A86
Q43234,A83
Q43235,A76
Q43236,A37
Q43237,A47
Q43238,A41
Q43239,A98
Q43240,A15
Q43241,A83
Q43242,A50
Q43243,A92
Q43244,A19
Q43245,A65
Q43246,A43
Q43247,A4
Q43248,A10
Q43249,A82
Q43250,A67
Q43251,A16
Q43252,A26
Q43253,A73
Q43254,A85
Q43255,A57
Q43256,A10
Q43257,A61
Q43258,A26
Q43259,A12
Q43260,A4
Q43261,A50
Q43262,A63
Q43263,A68
Q43264,A28
Q43265,A63
Q43266,A80
Q43267,A5
Q43268,A99
Q43269,A47
Q43270,A14
Q43271,A51
Q43272,A50
Q43273,A7
Q43274,A64
Q43275,A25
Q43276,A77
Q43277,A80
Q43278,A51
Q43279,A12
Q43280,A26
Q43281,A50
Q43282,A90
Q43283,A85
Q43284,A61
Q43285,A69
Q43286,A4
Q43287,A18
Q43288,A57
Q43289,A96
Q43290,A80
Q43291,A94
Q43292,A99
Q43293,A82
Q43294,A28
Q43295,A10
Q43296,A65
Q43297,A34
Q43298,A89
Q43299,A6
Q43300,A73
Q43301,A28
Q43302,A21
Q43303,A74
Q43304,A55
Q43305,A49
Q43306,A88
Q43307,A42
Q43308,A56
Q43309,A73
Q43310,A44
Q43311,A56
Q43312,A51
Q43313,A10
Q43314,A57
Q43315,A7
Q43316,A8
Q43317,A44
Q43318,A29
Q43319,A3
Q43320,A82
Q43321,A10
Q43322,A99
Q43323,A84
Q43324,A89
Q43325,A54
Q43326,A93
Q43327,A64
Q43328,A23
Q43329,A19
Q43330,A80
Q43331,A96
Q43332,A9
Q43333,A68
Q43334,A14
Q43335,A24
Q43336,A38
Q43337,A49
Q43338,A48
Q43339,A3
Q43340,A10
Q43341,A97
Q43342,A15
Q43343,A8
Q43344,A46
Q43345,A44
Q43346,A22
Q43347,A73
Q43348,A64
Q43349,A89
Q43350,A73
Q43351,A23
Q43352,A78
Q43353,A46
Q43354,A70
Q43355,A6
Q43356,A65
Q43357,A55
Q43358,A77
Q43359,A99
Q43360,A61
Q43361,A83
Q43362,A51
Q43363,A0
Q43364,A95
Q43365,A65
Q43366,A93
Q43367,A57
Q43368,A29
Q43369,A1
Q43370,A93
Q43371,A81
Q43372,A26
Q43373,A89
Q43374,A56
Q43375,A95
Q43376,A38
Q43377,A10
Q43378,A36
Q43379,A19
Q43380,A93
Q43381,A47
Q43382,A84
Q43383,A71
Q43384,A31
Q43385,A28
Q43386,A72
Q43387,A93
Q43388,A31
Q43389,A12
Q43390,A83
Q43391,A94
Q43392,A21
Q43393,A20
Q43394,A87
Q43395,A90
Q43396,A65
Q43397,A40
Q43398,A99
Q43399,A98
Q43400,A97
Q43401,A16
Q43402,A24
Q43403,A87
Q43404,A16
Q43405,A76
Q43406,A79
Q43407,A21
Q43408,A20
Q43409,A24
Q43410,A37
Q43411,A89
Q43412,A8
Q43413,A63
Q43414,A74
Q43415,A89
Q43416,A55
Q43417,A68
Q43418,A62
Q43419,A32
Q43420,A4
Q43421,A58
Q43422,A8
Q43423,A54
Q43424,A12
Q43425,A84
Q43426,A40
Q43427,A64
Q43428,A78
Q43429,A82
Q43430,A91
Q43431,A79
Q43432,A91
Q43433,A70
Q43434,A8
Q43435,A87
Q43436,A36
Q43437,A31
Q43438,A46
Q43439,A24
Q43440,A31
Q43441,A37
Q43442,A82
Q43443,A54
Q43444,A26
Q43445,A68
Q43446,A47
Q43447,A81
Q43448,A1
Q43449,A64
Q43450,A81
Q43451,A35
Q43452,A46
Q43453,A82
Q43454,A75
Q43455,A89
Q43456,A17
Q43457,A40
Q43458,A28
Q43459,A94
Q43460,A91
Q43461,A69
Q43462,A38
Q43463,A59
Q43464,A8
Q43465,A95
Q43466,A12
Q43467,A12
Q43468,A8
Q43469,A43
Q43470,A70
Q43471,A22
Q43472,A50
Q43473,A2
Q43474,A37
Q43475,A17
Q43476,A85
Q43477,A1
Q43478,A23
Q43479,A32
Q43480,A87
Q43481,A48
Q43482,A38
Q43483,A42
Q43484,A71
Q43485,A96
Q43486,A35
Q43487,A34
Q43488,A91
Q43489,A47
Q43490,A4
Q43491,A21
Q43492,A10
Q43493,A95
Q43494,A93
Q43495,A61
Q43496,A13
Q43497,A87
Q43498,A23
Q43499,A19
Q43500,A45
Q43501,A72
Q43502,A96
Q43503,A53
Q43504,A89
Q43505,A2
Q43506,A38
Q43507,A93
Q43508,A95
Q43509,A58
Q43510,A77
Q43511,A59
Q43512,A49
Q43513,A81
Q43514,A52
Q43515,A11
Q43516,A17
Q43517,A12
Q43518,A30
Q43519,A53
Q43520,A13
Q43521,A29
Q43522,A1
Q43523,A38
Q43524,A49
Q43525,A15
Q43526,A97
Q43527,A76
Q43528,A96
Q43529,A86
Q43530,A0
Q43531,A21
Q43532,A81
Q43533,A66
Q43534,A59
Q43535,A38
Q43536,A13
Q43537,A81
Q43538,A23
Q43539,A91
Q43540,A99
Q43541,A33
Q43542,A6
Q43543,A31
Q43544,A83
Q43545,A13
Q43546,A54
Q43547,A93
Q43548,A94
Q43549,A30
Q43550,A8
Q43551,A31
Q43552,A34
Q43553,A51
Q43554,A87
Q43555,A44
Q43556,A98
Q43557,A78
Q43558,A50
Q43559,A8
Q43560,A51
Q43561,A15
Q43562,A22
Q43563,A25
Q43564,A22
Q43565,A20
Q43566,A22
Q43567,A13
Q43568,A6
Q43569,A72
Q43570,A47
Q43571,A50
Q43572,A35
Q43573,A8
Q43574,A65
Q43575,A0
Q43576,A85
Q43577,A25
Q43578,A70
Q43579,A27
Q43580,A51
Q43581,A45
Q43582,A9
Q43583,A99
Q43584,A0
Q43585,A25
Q43586,A18
Q43587,A3
Q43588,A75
Q43589,A10
Q43590,A98
Q43591,A15
Q43592,A90
Q43593,A48
Q43594,A48
Q43595,A5
Q43596,A97
Q43597,A87
Q43598,A58
Q43599,A10
Q43600,A77
Q43601,A91
Q43602,A85
Q43603,A50
Q43604,A43
Q43605,A30
Q43606,A82
Q43607,A77
Q43608,A15
Q43609,A80
Q43610,A40
Q43611,A80
Q43612,A94
Q43613,A32
Q43614,A45
Q43615,A83
Q43616,A83
Q43617,A87
Q43618,A65
Q43619,A5
Q43620,A79
Q43621,A19
Q43622,A57
Q43623,A77
Q43624,A40
Q43625,A49
Q43626,A25
Q43627,A35
Q43628,A5
Q43629,A31
Q43630,A78
Q43631,A85
Q43632,A85
Q43633,A56
Q43634,A35
Q43635,A67
Q43636,A88
Q43637,A11
Q43638,A44
Q43639,A28
Q43640,A66
Q43641,A90
Q43642,A40
Q43643,A7
Q43644,A2
Q43645,A55
Q43646,A99
Q43647,A83
Q43648,A96
Q43649,A18
Q43650,A56
Q43651,A60
Q43652,A87
Q43653,A97
Q43654,A66
Q43655,A81
Q43656,A38
Q43657,A20
Q43658,A36
Q43659,A31
Q43660,A4
Q43661,A36
Q43662,A78
Q43663,A62
Q43664,A92
Q43665,A41
Q43666,A6
Q43667,A38
Q43668,A7
Q43669,A88
Q43670,A1
Q43671,A56
Q43672,A35
Q43673,A50
Q43674,A54
Q43675,A7
Q43676,A86
Q43677,A96
Q43678,A71
Q43679,A33
Q43680,A97
Q43681,A92
Q43682,A59
Q43683,A34
Q43684,A5
Q43685,A13
Q43686,A76
Q43687,A79
Q43688,A8
Q43689,A85
Q43690,A14
Q43691,A0
Q43692,A85
Q43693,A32
Q43694,A77
Q43695,A95
Q43696,A92
Q43697,A99
Q43698,A64
Q43699,A82
Q43700,A61
Q43701,A3
Q43702,A30
Q43703,A40
Q43704,A6
Q43705,A96
Q43706,A97
Q43707,A57
Q43708,A85
Q43709,A15
Q43710,A20
Q43711,A86
Q43712,A23
Q43713,A49
Q43714,A21
Q43715,A73
Q43716,A80
Q43717,A99
Q43718,A77
Q43719,A44
Q43720,A80
Q43721,A37
Q43722,A47
Q43723,A86
Q43724,A1
Q43725,A99
Q43726,A75
Q43727,A54
Q43728,A91
Q43729,A71
Q43730,A52
Q43731,A85
Q43732,A71
Q43733,A45
Q43734,A6
Q43735,A66
Q43736,A20
Q43737,A91
Q43738,A49
Q43739,A12
Q43740,A37
Q43741,A88
Q43742,A68
Q43743,A77
Q43744,A2
Q43745,A46
Q43746,A54
Q43747,A95
Q43748,A3
Q43749,A18
Q43750,A61
Q43751,A45
Q43752,A57
Q43753,A88
Q43754,A10
Q43755,A40
Q43756,A47
Q43757,A66
Q43758,A59
Q43759,A55
Q43760,A9
Q43761,A15
Q43762,A48
Q43763,A40
Q43764,A50
Q43765,A82
Q43766,A45
Q43767,A97
Q43768,A43
Q43769,A41
Q43770,A36
Q43771,A72
Q43772,A93
Q43773,A83
Q43774,A29
Q43775,A34
Q43776,A28
Q43777,A39
Q43778,A68
Q43779,A63
Q43780,A76
Q43781,A67
Q43782,A95
Q43783,A6
Q43784,A99
Q43785,A65
Q43786,A4
Q43787,A12
Q43788,A54
Q43789,A78
Q43790,A85
Q43791,A27
Q43792,A33
Q43793,A91
Q43794,A79
Q43795,A29
Q43796,A30
Q43797,A92
Q43798,A25
Q43799,A50
Q43800,A54
Q43801,A38
Q43802,A30
Q43803,A41
Q43804,A46
Q43805,A34
Q43806,A76
Q43807,A96
Q43808,A89
Q43809,A22
Q43810,A42
Q43811,A79
Q43812,A15
Q43813,A56
Q43814,A78
Q43815,A56
Q43816,A14
Q43817,A19
Q43818,A30
Q43819,A53
Q43820,A35
Q43821,A86
Q43822,A6
Q43823,A68
Q43824,A22
Q43825,A90
Q43826,A61
Q43827,A81
Q43828,A62
Q43829,A62
Q43830,A82
Q43831,A11
Q43832,A18
Q43833,A40
Q43834,A77
Q43835,A79
Q43836,A51
Q43837,A27
Q43838,A30
Q43839,A34
Q43840,A85
Q43841,A25
Q43842,A91
Q43843,A74
Q43844,A67
Q43845,A76
Q43846,A78
Q43847,A8
Q43848,A17
Q43849,A22
Q43850,A44
Q43851,A96
Q43852,A98
Q43853,A28
Q43854,A97
Q43855,A36
Q43856,A60
Q43857,A79
Q43858,A49
Q43859,A39
Q43860,A13
Q43861,A33
Q43862,A26
Q43863,A29
Q43864,A54
Q43865,A26
Q43866,A82
Q43867,A83
Q43868,A96
Q43869,A56
Q43870,A18
Q43871,A77
Q43872,A96
Q43873,A17
Q43874,A86
Q43875,A76
Q43876,A98
Q43877,A57
Q43878,A98
Q43879,A65
Q43880,A67
Q43881,A59
Q43882,A1
Q43883,A49
Q43884,A59
Q43885,A61
Q43886,A1
Q43887,A46
Q43888,A72
Q43889,A23
Q43890,A69
Q43891,A86
Q43892,A81
Q43893,A72
Q43894,A55
Q43895,A48
Q43896,A37
Q43897,A4
Q43898,A87
Q43899,A43
Q43900,A80
Q43901,A89
Q43902,A27
Q43903,A88
Q43904,A26
Q43905,A79
Q43906,A50
Q43907,A97
Q43908,A40
Q43909,A32
Q43910,A92
Q43911,A42
Q43912,A72
Q43913,A40
Q43914,A37
Q43915,A88
Q43916,A12
Q43917,A64
Q43918,A60
Q43919,A53
Q43920,A15
Q43921,A6
Q43922,A33
Q43923,A79
Q43924,A9
Q43925,A90
Q43926,A24
Q43927,A75
Q43928,A35
Q43929,A12
Q43930,A38
Q43931,A17
Q43932,A43
Q43933,A28
Q43934,A76
Q43935,A71
Q43936,A78
Q43937,A53
Q43938,A86
Q43939,A80
Q43940,A41
Q43941,A45
Q43942,A20
Q43943,A4
Q43944,A84
Q43945,A44
Q43946,A0
Q43947,A22
Q43948,A86
Q43949,A73
Q43950,A66
Q43951,A13
Q43952,A76
Q43953,A15
Q43954,A25
Q43955,A68
Q43956,A77
Q43957,A58
Q43958,A9
Q43959,A35
Q43960,A62
Q43961,A58
Q43962,A66
Q43963,A71
Q43964,A62
Q43965,A93
Q43966,A5
Q43967,A33
Q43968,A40
Q43969,A4
Q43970,A87
Q43971,A11
Q43972,A16
Q43973,A78
Q43974,A4
Q43975,A94
Q43976,A55
Q43977,A99
Q43978,A36
Q43979,A47
Q43980,A9
Q43981,A48
Q43982,A60
Q43983,A36
Q43984,A50
Q43985,A78
Q43986,A21
Q43987,A24
Q43988,A32
Q43989,A72
Q43990,A3
Q43991,A46
Q43992,A28
Q43993,A2
Q43994,A0
Q43995,A61
Q43996,A55
Q43997,A31
Q43998,A36
Q43999,A98
Q44000,A48
Q44001,A52
Q44002,A65
Q44003,A25
Q44004,A26
Q44005,A79
Q44006,A19
Q44007,A30
Q44008,A62
Q44009,A67
Q44010,A15
Q44011,A50
Q44012,A97
Q44013,A74
Q44014,A85
Q44015,A48
Q44016,A94
Q44017,A75
Q44018,A15
Q44019,A37
Q44020,A34
Q44021,A17
Q44022,A61
Q44023,A50
Q44024,A75
Q44025,A66
Q44026,A40
Q44027,A58
Q44028,A15
Q44029,A46
Q44030,A82
Q44031,A79
Q44032,A7
Q44033,A92
Q44034,A32
Q44035,A6
Q44036,A12
Q44037,A1
Q44038,A42
Q44039,A9
Q44040,A19
Q44041,A53
Q44042,A72
Q44043,A89
Q44044,A72
Q44045,A95
Q44046,A39
Q44047,A58
Q44048,A42
Q44049,A73
Q44050,A88
Q44051,A2
Q44052,A63
Q44053,A87
Q44054,A92
Q44055,A53
Q44056,A10
Q44057,A53
Q44058,A11
Q44059,A21
Q44060,A13
Q44061,A18
Q44062,A47
Q44063,A50
Q44064,A85
Q44065,A5
Q44066,A63
Q44067,A94
Q44068,A56
Q44069,A14
Q44070,A2
Q44071,A60
Q44072,A60
Q44073,A11
Q44074,A68
Q44075,A0
Q44076,A90
Q44077,A0
Q44078,A64
Q44079,A54
Q44080,A7
Q44081,A62
Q44082,A29
Q44083,A77
Q44084,A45
Q44085,A39
Q44086,A77
Q44087,A79
Q44088,A91
Q44089,A13
Q44090,A49
Q44091,A86
Q44092,A47
Q44093,A71
Q44094,A67
Q44095,A59
Q44096,A7
Q44097,A38
Q44098,A5
Q44099,A88
Q44100,A26
Q44101,A94
Q44102,A2
Q44103,A53
Q44104,A4
Q44105,A64
Q44106,A60
Q44107,A68
Q44108,A13
Q44109,A79
Q44110,A91
Q44111,A20
Q44112,A82
Q44113,A86
Q44114,A35
Q44115,A70
Q44116,A29
Q44117,A24
Q44118,A18
Q44119,A99
Q44120,A37
Q44121,A68
Q44122,A66
Q44123,A63
Q44124,A62
Q44125,A66
Q44126,A70
Q44127,A27
Q44128,A95
Q44129,A97
Q44130,A16
Q44131,A85
Q44132,A77
Q44133,A66
Q44134,A51
Q44135,A10
Q44136,A72
Q44137,A38
Q44138,A51
Q44139,A14
Q44140,A15
Q44141,A52
Q44142,A48
Q44143,A85
Q44144,A61
Q44145,A94
Q44146,A90
Q44147,A56
Q44148,A1
Q44149,A97
Q44150,A0
Q44151,A83
Q44152,A35
Q44153,A43
Q44154,A51
Q44155,A61
Q44156,A33
Q44157,A87
Q44158,A36
Q44159,A62
Q44160,A30
Q44161,A93
Q44162,A4
Q44163,A32
Q44164,A52
Q44165,A10
Q44166,A35
Q44167,A94
Q44168,A76
Q44169,A92
Q44170,A52
Q44171,A10
Q44172,A36
Q44173,A52
Q44174,A53
Q44175,A58
Q44176,A4
Q44177,A20
Q44178,A11
Q44179,A74
Q44180,A0
Q44181,A14
Q44182,A61
Q44183,A26
Q44184,A77
Q44185,A5
Q44186,A46
Q44187,A31
Q44188,A55
Q44189,A72
Q44190,A54
Q44191,A37
Q44192,A96
Q44193,A51
Q44194,A78
Q44195,A66
Q44196,A62
Q44197,A89
Q44198,A83
Q44199,A78
Q44200,A4
Q44201,A21
Q44202,A2
Q44203,A32
Q44204,A17
Q44205,A95
Q44206,A72
Q44207,A79
Q44208,A92
Q44209,A20
Q44210,A7
Q44211,A73
Q44212,A12
Q44213,A82
Q44214,A47
Q44215,A46
Q44216,A40
Q44217,A54
Q44218,A11
Q44219,A30
Q44220,A33
Q44221,A28
Q44222,A57
Q44223,A58
Q44224,A69
Q44225,A44
Q44226,A45
Q44227,A50
Q44228,A52
Q44229,A37
Q44230,A71
Q44231,A19
Q44232,A31
Q44233,A21
Q44234,A42
Q44235,A75
Q44236,A30
Q44237,A4
Q44238,A91
Q44239,A11
Q44240,A96
Q44241,A77
Q44242,A14
Q44243,A99
Q44244,A59
Q44245,A11
Q44246,A47
Q44247,A81
Q44248,A31
Q44249,A81
Q44250,A54
Q44251,A47
Q44252,A90
Q44253,A25
Q44254,A95
Q44255,A33
Q44256,A47
Q44257,A31
Q44258,A4
Q44259,A50
Q44260,A82
Q44261,A50
Q44262,A72
Q44263,A98
Q44264,A4
Q44265,A75
Q44266,A39
Q44267,A62
Q44268,A75
Q44269,A11
Q44270,A51
Q44271,A38
Q44272,A86
Q44273,A97
Q44274,A18
Q44275,A17
Q44276,A41
Q44277,A23
Q44278,A98
Q44279,A96
Q44280,A37
Q44281,A28
Q44282,A33
Q44283,A65
Q44284,A38
Q44285,A39
Q44286,A88
Q44287,A68
Q44288,A89
Q44289,A13
Q44290,A3
Q44291,A48
Q44292,A23
Q44293,A72
Q44294,A33
Q44295,A15
Q44296,A13
Q44297,A44
Q44298,A22
Q44299,A13
Q44300,A48
Q44301,A69
Q44302,A76
Q44303,A15
Q44304,A99
Q44305,A60
Q44306,A95
Q44307,A18
Q44308,A77
Q44309,A82
Q44310,A94
Q44311,A91
Q44312,A88
Q44313,A41
Q44314,A66
Q44315,A39
Q44316,A21
Q44317,A87
Q44318,A46
Q44319,A3
Q44320,A90
Q44321,A29
Q44322,A15
Q44323,A46
Q44324,A19
Q44325,A11
Q44326,A70
Q44327,A0
Q44328,A30
Q44329,A74
Q44330,A55
Q44331,A63
Q44332,A26
Q44333,A30
Q44334,A15
Q44335,A59
Q44336,A51
Q44337,A94
Q44338,A45
Q44339,A87
Q44340,A83
Q44341,A47
Q44342,A75
Q44343,A69
Q44344,A71
Q44345,A88
Q44346,A2
Q44347,A78
Q44348,A45
Q44349,A85
Q44350,A79
Q44351,A48
Q44352,A1
Q44353,A28
Q44354,A69
Q44355,A1
Q44356,A86
Q44357,A34
Q44358,A53
Q44359,A5
Q44360,A54
Q44361,A55
Q44362,A19
Q44363,A65
Q44364,A0
Q44365,A84
Q44366,A64
Q44367,A59
Q44368,A18
Q44369,A73
Q44370,A50
Q44371,A76
Q44372,A14
Q44373,A26
Q44374,A41
Q44375,A28
Q44376,A16
Q44377,A45
Q44378,A91
Q44379,A20
Q44380,A16
Q44381,A5
Q44382,A88
Q44383,A71
Q44384,A80
Q44385,A51
Q44386,A1
Q44387,A88
Q44388,A43
Q44389,A88
Q44390,A84
Q44391,A28
Q44392,A61
Q44393,A21
Q44394,A64
Q44395,A63
Q44396,A5
Q44397,A3
Q44398,A98
Q44399,A40
Q44400,A95
Q44401,A30
Q44402,A68
Q44403,A90
Q44404,A44
Q44405,A28
Q44406,A1
Q44407,A29
Q44408,A20
Q44409,A46
Q44410,A14
Q44411,A89
Q44412,A60
Q44413,A4
Q44414,A76
Q44415,A97
Q44416,A56
Q44417,A82
Q44418,A51
Q44419,A91
Q44420,A93
Q44421,A6
Q44422,A45
Q44423,A8
Q44424,A96
Q44425,A16
Q44426,A6
Q44427,A76
Q44428,A53
Q44429,A0
Q44430,A11
Q44431,A41
Q44432,A90
Q44433,A22
Q44434,A1
Q44435,A38
Q44436,A25
Q44437,A7
Q44438,A68
Q44439,A70
Q44440,A77
Q44441,A73
Q44442,A52
Q44443,A1
Q44444,A96
Q44445,A7
Q44446,A90
Q44447,A84
Q44448,A84
Q44449,A35
Q44450,A0
Q44451,A36
Q44452,A93
Q44453,A39
Q44454,A80
Q44455,A20
Q44456,A25
Q44457,A83
Q44458,A68
Q44459,A65
Q44460,A86
Q44461,A1
Q44462,A13
Q44463,A55
Q44464,A48
Q44465,A89
Q44466,A37
Q44467,A30
Q44468,A48
Q44469,A67
Q44470,A55
Q44471,A40
Q44472,A22
Q44473,A97
Q44474,A25
Q44475,A19
Q44476,A50
Q44477,A6
Q44478,A55
Q44479,A74
Q44480,A85
Q44481,A17
Q44482,A94
Q44483,A14
Q44484,A51
Q44485,A44
Q44486,A88
Q44487,A27
Q44488,A31
Q44489,A18
Q44490,A13
Q44491,A75
Q44492,A11
Q44493,A62
Q44494,A50
Q44495,A57
Q44496,A61
Q44497,A7
Q44498,A38
Q44499,A60
Q44500,A35
Q44501,A5
Q44502,A45
Q44503,A16
Q44504,A15
Q44505,A21
Q44506,A48
Q44507,A78
Q44508,A41
Q44509,A39
Q44510,A43
Q44511,A76
Q44512,A20
Q44513,A82
Q44514,A92
Q44515,A6
Q44516,A88
Q44517,A60
Q44518,A80
Q44519,A24
Q44520,A22
Q44521,A55
Q44522,A92
Q44523,A82
Q44524,A66
Q44525,A49
Q44526,A43
Q44527,A87
Q44528,A44
Q44529,A22
Q44530,A18
Q44531,A19
Q44532,A26
Q44533,A46
Q44534,A50
Q44535,A83
Q44536,A62
Q44537,A34
Q44538,A90
Q44539,A33
Q44540,A99
Q44541,A97
Q44542,A28
Q44543,A8
Q44544,A70
Q44545,A53
Q44546,A36
Q44547,A31
Q44548,A5
Q44549,A98
Q44550,A21
Q44551,A48
Q44552,A42
Q44553,A48
Q44554,A72
Q44555,A61
Q44556,A34
Q44557,A22
Q44558,A31
Q44559,A26
Q44560,A62
Q44561,A29
Q44562,A10
Q44563,A79
Q44564,A93
Q44565,A35
Q44566,A13
Q44567,A92
Q44568,A4
Q44569,A93
Q44570,A73
Q44571,A27
Q44572,A87
Q44573,A95
Q44574,A30
Q44575,A90
Q44576,A79
Q44577,A89
Q44578,A24
Q44579,A52
Q44580,A80
Q44581,A59
Q44582,A39
Q44583,A30
Q44584,A32
Q44585,A25
Q44586,A77
Q44587,A99
Q44588,A87
Q44589,A62
Q44590,A90
Q44591,A18
Q44592,A6
Q44593,A94
Q44594,A78
Q44595,A24
Q44596,A39
Q44597,A70
Q44598,A99
Q44599,A90
Q44600,A5
Q44601,A97
Q44602,A12
Q44603,A64
Q44604,A90
Q44605,A10
Q44606,A70
Q44607,A2
Q44608,A90
Q44609,A25
Q44610,A76
Q44611,A1
Q44612,A62
Q44613,A19
Q44614,A52
Q44615,A74
Q44616,A42
Q44617,A52
Q44618,A98
Q44619,A27
Q44620,A45
Q44621,A35
Q44622,A77
Q44623,A85
Q44624,A19
Q44625,A1
Q44626,A43
Q44627,A25
Q44628,A15
Q44629,A4
Q44630,A53
Q44631,A60
Q44632,A57
Q44633,A64
Q44634,A11
Q44635,A48
Q44636,A97
Q44637,A52
Q44638,A23
Q44639,A68
Q44640,A19
Q44641,A23
Q44642,A70
Q44643,A47
Q44644,A39
Q44645,A33
Q44646,A50
Q44647,A57
Q44648,A56
Q44649,A43
Q44650,A93
Q44651,A84
Q44652,A68
Q44653,A29
Q44654,A1
Q44655,A18
Q44656,A53
Q44657,A63
Q44658,A58
Q44659,A54
Q44660,A45
Q44661,A50
Q44662,A5
Q44663,A17
Q44664,A50
Q44665,A63
Q44666,A8
Q44667,A11
Q44668,A13
Q44669,A76
Q44670,A49
Q44671,A44
Q44672,A32
Q44673,A43
Q44674,A56
Q44675,A31
Q44676,A85
Q44677,A97
Q44678,A48
Q44679,A31
Q44680,A35
Q44681,A37
Q44682,A77
Q44683,A27
Q44684,A76
Q44685,A50
Q44686,A67
Q44687,A72
Q44688,A77
Q44689,A25
Q44690,A9
Q44691,A76
Q44692,A76
Q44693,A1
Q44694,A42
Q44695,A29
Q44696,A17
Q44697,A82
Q44698,A13
Q44699,A61
Q44700,A24
Q44701,A50
Q44702,A48
Q44703,A74
Q44704,A22
Q44705,A58
Q44706,A21
Q44707,A76
Q44708,A65
Q44709,A8
Q44710,A58
Q44711,A10
Q44712,A87
Q44713,A13
Q44714,A22
Q44715,A31
Q44716,A3
Q44717,A53
Q44718,A82
Q44719,A95
Q44720,A94
Q44721,A22
Q44722,A14
Q44723,A84
Q44724,A79
Q44725,A0
Q44726,A11
Q44727,A83
Q44728,A79
Q44729,A34
Q44730,A84
Q44731,A29
Q44732,A52
Q44733,A91
Q44734,A10
Q44735,A11
Q44736,A5
Q44737,A99
Q44738,A46
Q44739,A25
Q44740,A2
Q44741,A65
Q44742,A19
Q44743,A46
Q44744,A50
Q44745,A17
Q44746,A11
Q44747,A24
Q44748,A90
Q44749,A66
Q44750,A52
Q44751,A28
Q44752,A10
Q44753,A28
Q44754,A21
Q44755,A30
Q44756,A30
Q44757,A25
Q44758,A16
Q44759,A47
Q44760,A87
Q44761,A81
Q44762,A13
Q44763,A46
Q44764,A28
Q44765,A15
Q44766,A36
Q44767,A28
Q44768,A26
Q44769,A28
Q44770,A57
Q44771,A49
Q44772,A30
Q44773,A46
Q44774,A62
Q44775,A1
Q44776,A1
Q44777,A36
Q44778,A86
Q44779,A47
Q44780,A46
Q44781,A54
Q44782,A24
Q44783,A17
Q44784,A24
Q44785,A3
Q44786,A10
Q44787,A44
Q44788,A32
Q44789,A99
Q44790,A39
Q44791,A84
Q44792,A46
Q44793,A28
Q44794,A86
Q44795,A84
Q44796,A31
Q44797,A91
Q44798,A1
Q44799,A97
Q44800,A95
Q44801,A7
Q44802,A79
Q44803,A45
Q44804,A68
Q44805,A87
Q44806,A38
Q44807,A87
Q44808,A56
Q44809,A75
Q44810,A9
Q44811,A5
Q44812,A27
Q44813,A84
Q44814,A99
Q44815,A75
Q44816,A73
Q44817,A85
Q44818,A41
Q44819,A69
Q44820,A76
Q44821,A68
Q44822,A54
Q44823,A7
Q44824,A6
Q44825,A88
Q44826,A3
Q44827,A51
Q44828,A72
Q44829,A96
Q44830,A73
Q44831,A24
Q44832,A9
Q44833,A26
Q44834,A80
Q44835,A24
Q44836,A65
Q44837,A84
Q44838,A55
Q44839,A20
Q44840,A44
Q44841,A45
Q44842,A30
Q44843,A47
Q44844,A5
Q44845,A60
Q44846,A3
Q44847,A34
Q44848,A58
Q44849,A15
Q44850,A14
Q44851,A12
Q44852,A33
Q44853,A26
Q44854,A34
Q44855,A69
Q44856,A7
Q44857,A1
Q44858,A14
Q44859,A26
Q44860,A7
Q44861,A20
Q44862,A48
Q44863,A48
Q44864,A52
Q44865,A59
Q44866,A51
Q44867,A3
Q44868,A53
Q44869,A80
Q44870,A80
Q44871,A26
Q44872,A4
Q44873,A10
Q44874,A37
Q44875,A10
Q44876,A12
Q44877,A77
Q44878,A36
Q44879,A52
Q44880,A23
Q44881,A77
Q44882,A26
Q44883,A30
Q44884,A72
Q44885,A62
Q44886,A33
Q44887,A21
Q44888,A6
Q44889,A29
Q44890,A7
Q44891,A81
Q44892,A90
Q44893,A62
Q44894,A62
Q44895,A96
Q44896,A75
Q44897,A20
Q44898,A24
Q44899,A2
Q44900,A67
Q44901,A55
Q44902,A67
Q44903,A71
Q44904,A28
Q44905,A5
Q44906,A9
Q44907,A44
Q44908,A41
Q44909,A82
Q44910,A70
Q44911,A2
Q44912,A92
Q44913,A88
Q44914,A20
Q44915,A62
Q44916,A33
Q44917,A52
Q44918,A22
Q44919,A35
Q44920,A24
Q44921,A66
Q44922,A63
Q44923,A65
Q44924,A74
Q44925,A42
Q44926,A87
Q44927,A48
Q44928,A82
Q44929,A83
Q44930,A57
Q44931,A37
Q44932,A85
Q44933,A11
Q44934,A6
Q44935,A75
Q44936,A88
Q44937,A60
Q44938,A18
Q44939,A68
Q44940,A23
Q44941,A73
Q44942,A55
Q44943,A58
Q44944,A13
Q44945,A11
Q44946,A70
Q44947,A40
Q44948,A29
Q44949,A86
Q44950,A52
Q44951,A93
Q44952,A98
Q44953,A38
Q44954,A27
Q44955,A21
Q44956,A90
Q44957,A55
Q44958,A17
Q44959,A22
Q44960,A33
Q44961,A3
Q44962,A78
Q44963,A44
Q44964,A85
Q44965,A64
Q44966,A5
Q44967,A48
Q44968,A99
Q44969,A74
Q44970,A38
Q44971,A51
Q44972,A0
Q44973,A74
Q44974,A80
Q44975,A95
Q44976,A72
Q44977,A96
Q44978,A74
Q44979,A77
Q44980,A55
Q44981,A45
Q44982,A41
Q44983,A64
Q44984,A14
Q44985,A65
Q44986,A20
Q44987,A76
Q44988,A68
Q44989,A6
Q44990,A60
Q44991,A18
Q44992,A84
Q44993,A59
Q44994,A6
Q44995,A41
Q44996,A83
Q44997,A94
Q44998,A83
Q44999,A87
